HiggsM,DNN_score,DPhi_jj,OO1
133568.98,-0.27051207,1.5628741,0.6759938
120745.484,-3.8561535,2.159568,0.54006386
125156.72,-2.0570736,2.8850663,0.37609246
124986.39,0.9965784,3.14358,-0.4519103
117646.28,-2.5589395,2.9362907,0.60768104
132284.64,-3.3085608,2.6646328,-0.6735646
127033.78,-2.8190846,0.14599107,-0.34891996
130464.41,-2.5680132,0.4552381,1.0258152
115015.0,-3.3749769,2.5485308,0.8991812
117436.17,-0.95730835,2.827252,0.48530656
134638.2,-2.8406162,2.7520902,0.32052517
116958.64,-2.9557638,2.0953488,0.5716179
124439.31,-1.5692234,0.23019312,0.5816259
121428.4,0.019877324,3.0217984,-0.45044377
123217.625,-2.4256942,2.6262271,0.8253536
128099.52,2.20295,2.38134,-0.58044857
122749.07,-2.8476627,3.0000067,-0.6933161
118294.36,-1.7858107,2.5987597,-0.5603176
127140.375,-3.5770106,1.6034882,-0.7030219
117531.1,-2.0778134,2.4463031,-0.5120639
118415.69,-1.3070966,0.5955297,0.33649808
134163.42,-1.4280605,0.47852194,0.6615601
117799.76,-0.5208479,2.4882114,0.7020891
131530.17,-2.2474365,0.54547465,0.65083843
130539.3,-2.65372,3.0215862,0.75461537
129957.81,-0.96993905,2.5817566,0.60713774
131456.42,0.09710701,1.7805927,0.8179202
129826.38,-0.62515914,1.6766148,0.60017025
134427.52,0.8375867,0.62882495,-0.5384866
120383.08,-2.3829012,0.65461487,0.51068795
126277.12,-3.1044044,0.69982404,0.72526264
123919.4,-1.2973382,0.2830101,0.6109659
134906.83,0.072128356,0.9976422,0.5714268
125257.33,-2.7972202,2.684899,0.49974114
124867.484,-1.9249758,3.0315979,-0.3447586
124449.14,-3.2884166,3.201694,-0.61077976
122250.57,-3.926338,2.9523067,0.6490243
117005.05,-3.888127,1.0170465,-0.6162743
121079.01,-0.91466624,3.106279,-0.52856755
118558.67,-0.91814816,2.4069676,-0.49010217
122950.45,0.060171314,2.0586715,0.63514787
115660.055,-3.241667,2.5353243,-0.32951957
117159.78,-2.9248445,2.0508344,-0.6485964
122615.555,-1.7025185,0.91250086,-0.6676777
117310.5,1.4460853,2.5310533,0.71879876
119362.586,-3.5660262,0.19895957,-0.3541127
120124.41,-1.7495565,2.2860882,0.8714483
127104.195,-3.6596847,1.807733,-0.62262577
117156.805,-2.1797755,-0.12410266,0.3220503
130859.22,0.7309479,0.33310708,-0.47929785
115854.66,1.9371266,2.7795174,0.40682438
122114.97,-1.9301397,1.7756292,0.810934
134401.64,-0.24237697,2.5110595,0.43783417
131495.92,1.2444211,1.7599673,-0.7978186
131819.78,-0.90805537,1.8836612,0.856844
124608.79,-0.27891487,2.974495,-0.7380397
115321.69,-1.096627,2.6291318,-0.37075925
116242.31,-3.4045918,1.4577615,0.6671272
115417.375,-0.6168542,2.3229113,0.77561295
123902.05,-1.9410363,0.5578368,0.5762698
129667.17,-1.1553191,2.4742181,-0.733262
116149.63,-2.4604027,2.707892,-0.42736188
121736.734,-2.171072,3.099876,0.60115725
126107.38,-2.8842258,0.4210045,0.7384417
129252.9,-0.75359875,3.058835,0.4037534
134827.53,0.43041754,2.67017,0.5827241
127934.89,-0.3675633,1.649129,-0.67058045
124511.945,-1.0924724,1.4689983,-0.63551825
127682.8,-2.02854,1.7533181,-0.6797287
115902.805,-2.2017515,1.1287551,-0.64279234
115570.07,-0.81366813,2.9772305,0.50338054
129949.08,-2.0321198,1.3210827,0.5985378
131624.88,-3.209694,1.8609524,-0.4371257
127808.91,-0.9895295,1.1490245,0.5834624
124398.164,-0.70145273,3.0902987,0.5976141
121487.445,-2.91496,2.8964322,-0.5040878
124145.8,-1.1793778,0.19702399,0.5087391
128844.38,-2.9448252,1.8678442,-0.70843256
131023.164,-2.353113,2.133801,0.8160963
116816.625,-2.787109,2.8831816,-0.66491985
133311.77,1.6949522,1.8282826,-0.8239004
115821.016,1.363411,2.2264123,0.46370026
115198.5,-0.7591895,1.5922264,0.4382488
117437.62,-0.87414354,2.5272746,-0.42674118
115705.625,-1.6057961,2.991364,0.26101503
132794.53,-0.72142065,2.602545,0.6303239
126194.06,-3.072047,1.6437343,-0.66393864
124979.4,0.59189725,0.23070313,-0.43117705
124141.31,-3.448786,0.16818096,0.28877988
134598.22,-2.3845606,2.066174,-0.6101059
121056.74,-3.1332598,1.9977919,-0.6053808
122207.305,-0.9434288,1.8392721,-0.60736
129690.016,1.6738952,1.2329036,-0.6370299
116981.94,-1.0675975,2.003995,0.9078262
123079.74,-1.0701195,2.917227,-0.75178707
116941.08,-2.3454967,2.2562568,0.73458695
115421.86,-1.8550398,2.8846207,-0.55394864
122955.0,-1.8483573,1.9302089,0.5665902
124072.805,-2.2490294,2.9521008,0.37969714
121405.6,-0.6544205,0.24637601,-0.48349416
130246.72,-1.7738109,1.7165163,-0.8404455
128725.266,-1.9018974,2.806397,0.6097322
122053.47,-2.8557446,2.9790506,0.5306251
121137.086,-3.3050513,2.8090618,-0.6413416
120604.63,-2.5916984,0.26293653,-0.49956563
121450.78,-3.3583298,2.43792,0.41304085
115814.805,-3.060583,2.6038282,0.67172295
119824.09,-1.55834,2.3798864,-0.56401896
118063.36,-0.9792163,2.6439517,0.36334705
116562.2,-1.5274943,2.3233094,0.68018687
124127.96,0.0425705,2.8742495,0.44611824
133758.0,-3.1497076,2.4215016,0.3903429
121294.31,-3.485879,0.1601174,-0.46637106
118192.625,-0.38364047,2.8106167,0.93901765
128334.81,0.6975462,0.15195073,-0.5333637
122515.9,-2.2196488,2.4103878,-0.5913289
116389.43,-2.061076,1.2772678,-0.72460306
115115.18,-2.54366,0.36406288,0.73779625
122619.57,-3.6909611,2.8040292,-0.7922199
123013.41,-2.6673827,2.8625257,-0.7725263
119851.5,0.13390356,2.4682467,0.5743591
116081.05,-3.14327,2.5615144,0.35241893
126506.7,1.0553284,1.7023659,0.8576479
122607.92,-2.6842563,0.31809387,-0.47981986
124858.25,0.5653223,2.7822802,-0.8607311
116128.44,-2.9206197,3.0181694,0.4956033
115221.016,-1.4932463,2.6205754,-0.68126905
124229.26,-1.3747587,3.0690255,-0.7763275
121628.89,-2.5530016,2.9575505,-0.4706628
121675.234,-1.5336808,2.2765515,0.6227217
123165.58,-0.54465455,3.0070784,0.40837127
118770.54,-4.1400514,3.0080643,0.2888975
123878.016,-1.9883007,2.4449048,-0.7283088
115703.29,-2.502852,3.0156996,0.7350989
115439.04,-1.4548587,0.28390947,-0.25215602
123142.11,-2.150872,2.2547512,-0.9616859
122701.984,-2.3720074,2.244348,-0.48122185
119738.39,-0.9868211,2.3569758,-0.60733926
125114.51,-3.7665153,0.72364455,0.38781792
134860.8,-2.181997,3.055013,-0.55942917
130461.33,-1.5074221,1.8481262,0.50787026
126413.93,-1.8802431,3.1009338,0.38737637
124904.13,2.372415,2.693269,-0.4320242
123411.664,-1.9310372,1.0215997,0.5874489
131569.52,-0.988987,1.9469913,-0.787419
123941.51,-3.8778,0.1804519,0.4529215
124629.69,-3.046227,2.3298252,0.8078662
116829.87,-2.5640392,2.326355,0.7115031
126507.77,-1.5021946,2.6109347,-0.6502008
118565.04,-1.3773514,1.7503369,-0.8120806
133592.16,-3.840379,0.604966,0.39114326
120111.02,-1.6109787,2.167042,0.7468809
133776.23,0.70917124,1.7856877,0.5768746
123037.914,3.4652784,0.603563,-0.37122637
123585.516,-1.7311633,2.9532409,0.42030635
127199.08,-2.3253322,2.635083,-0.7867588
115494.44,-3.6861765,2.7471952,0.47005612
120954.086,1.7043641,2.7108028,0.21885554
115766.14,-0.12935673,2.0266933,-0.5909095
128030.08,-0.03551847,0.3087934,0.3467556
132874.23,-0.10942464,0.7675553,-0.82547206
134802.38,-1.1835775,3.0004647,-0.36846492
119704.44,-2.0532928,2.7840602,1.181582
126018.414,0.37670347,1.2262206,-0.6169061
122180.8,-2.8222058,1.7720311,0.67876405
116540.375,-1.5116303,3.0614188,0.441554
125993.0,-3.282032,0.9212032,0.69163996
123264.4,0.22985682,1.5191656,-1.2082075
118792.76,-0.51345557,2.6196647,-0.38120517
132041.16,-2.3106072,1.8409702,-0.75282544
122063.54,-3.1154506,2.6182477,-0.679116
127865.23,-0.34771076,1.859973,-0.56379765
126289.97,0.58723813,2.2767673,-0.53624135
116596.7,-0.9692241,2.9285984,-0.43986514
118739.15,0.021394083,1.1978492,0.6584702
128456.055,-2.0063665,1.6074606,-1.0156285
118941.8,-1.3879201,2.2761285,0.6022496
127285.27,-2.2622137,1.9603562,0.7106318
126563.64,-3.1086013,3.2047648,-0.44572082
128063.61,-0.829302,0.63748693,-0.46588022
116900.9,-3.345089,3.1468902,-0.7288579
131287.45,-3.4398005,1.387296,0.5862503
134048.2,-3.8694496,1.2962654,0.71296126
118169.68,-3.1297464,2.440444,0.4888649
115750.49,1.4787948,0.7459565,0.42519677
122126.39,-2.3351653,1.1195949,0.5370838
130580.75,-1.0794439,1.93711,0.49414963
128482.01,-1.7081863,3.056902,-0.4375636
134154.69,-0.08004278,2.5005617,-0.26596954
115520.125,0.65686095,0.82367015,0.59386146
115011.14,-2.0279973,0.3067787,0.33910862
118042.57,1.7499268,3.1355188,0.4791514
117713.53,-4.3021507,2.236009,-0.5978601
131665.56,-1.6131216,2.214815,0.5995861
122506.02,-1.2404879,1.0433217,-0.56844646
129092.305,-2.1870334,3.0255783,-0.75424343
120837.445,-0.3778324,1.3074459,0.71336055
124892.0,-2.0772355,0.5419378,-0.65837497
115635.08,2.2032738,0.44188598,0.4890581
126671.57,-3.085812,3.0080545,0.3754723
129485.86,-1.174447,2.6770816,-0.7588474
130685.26,0.5849768,0.6058858,0.6013389
125968.2,-1.8668519,1.966823,0.6752501
120426.41,-3.0381408,2.7690823,0.50789434
123399.02,1.1000046,1.4219327,0.8914633
121914.95,-4.346997,1.5075289,-0.45335612
116273.3,0.7731995,2.4266293,0.77986914
131367.66,-0.106756195,3.1950104,-0.6975388
118084.484,-0.8526255,0.556953,-0.70061177
128036.586,-3.5993638,2.3945215,-0.6223843
130927.06,-2.4491613,2.9231615,0.63418704
131063.83,0.50413257,2.708737,-0.5585064
123489.96,-0.584518,2.3783996,0.8157626
119535.26,0.7954928,0.6246402,0.7148288
126013.94,-1.2839967,0.2385778,0.6358222
116366.664,-0.99917763,1.1945866,0.9707059
130496.875,-4.0788813,2.9872563,0.57112896
130899.29,0.19383965,1.7814361,0.90693474
123362.555,-1.6098684,0.80112624,0.5986683
128144.51,-0.07544463,0.1737981,-0.4940301
120214.26,-3.459437,0.89186066,-0.60127485
119796.74,1.6606908,3.007718,-0.5306788
120829.1,2.6424947,1.0325199,-1.1623852
132986.55,-3.3713443,2.8244915,-0.98702186
131405.34,-2.262716,2.4942255,0.50082815
123532.945,-3.1237717,2.034418,-0.98747104
118676.85,-1.0168742,2.3204627,0.31440532
127779.42,-2.959691,2.998348,-0.7335407
116897.07,-2.8428075,2.8784783,0.80208045
130221.09,0.5015943,2.9045057,-0.6941619
128073.09,-1.9296324,2.7131603,-0.99266577
126799.19,-2.547848,2.2388692,-0.8031724
122002.45,-0.8314132,2.1170092,0.6744802
117573.77,-2.9444444,2.6463628,-0.47213298
123643.516,1.4182566,2.8975992,-0.50400704
119144.41,-0.47784105,0.90299183,0.86422217
122848.664,0.21656899,3.064444,0.44762376
130053.35,-2.2669334,2.0063453,0.3599627
125369.195,-4.0619874,2.8910203,0.17345557
129871.53,-3.1048427,0.3770085,0.9436006
116954.875,-2.2525742,2.626006,-0.9300624
132369.7,-1.7896835,2.6008766,0.41646886
116851.73,-2.7156615,3.0215845,0.9406485
134534.05,-1.6227046,0.18083838,0.67323065
116941.0,2.9824636,2.6057994,-0.30592126
118703.625,-0.196775,1.9610646,0.6891276
124081.484,-2.6918035,0.48392856,0.6563852
129127.55,-3.2107773,2.3213236,-0.86681557
127565.12,0.20819443,1.1822319,-1.0673716
118497.99,-0.55012196,1.1087689,-1.0030963
121174.17,-2.657132,2.2847567,-0.6347047
121805.52,-2.5243974,2.7338681,0.45952266
122194.3,-1.47422,1.5689638,0.5840316
123011.45,1.4163398,2.5110292,-0.53454083
129625.01,-2.945121,2.6255465,-0.5687272
129917.625,1.5799575,3.0100563,-0.39149237
128428.02,-2.630851,0.1326033,-0.1792943
122101.516,-3.6731932,2.933125,0.36804032
134306.17,2.0862877,2.612815,0.59423065
115309.26,-1.040853,2.1057146,0.9372278
116132.63,-4.448482,2.5106294,-0.4079202
116830.79,-2.9611514,3.064088,0.46054602
117195.72,0.02976622,2.700828,0.5960438
118122.91,-0.5379683,2.4980266,-0.8254753
122514.47,2.2484245,2.3622398,0.6631523
116103.63,-2.8912954,2.8838847,0.86549896
118239.92,1.0453709,0.3755922,0.5281024
118920.69,0.1175464,2.34721,0.6335707
131570.5,-2.696425,2.0844934,-0.6859931
132322.4,-2.261709,2.956883,-0.6986986
128708.9,-1.1747477,1.4298587,-1.0473235
127433.99,-1.8527781,2.7555711,-0.35007754
125173.83,-1.0919242,0.69822043,0.3478023
131131.4,-2.5380483,2.3417993,-0.44048733
119276.414,-0.883105,2.5931532,0.796277
125506.61,-1.2449402,2.855236,-0.57156694
128148.19,-3.5396352,2.2829554,-0.5499716
129648.805,1.2392819,2.109457,0.69567245
127548.875,-0.34779412,0.3218696,0.7369246
128326.52,-3.6216354,1.6429071,0.73207945
121149.484,-4.659727,2.3866782,-0.5936376
134308.97,-2.425802,2.9386241,-0.5638896
130248.65,-1.0409257,2.1482387,0.5144349
118579.27,-0.40082008,2.6741729,-0.42554635
127298.39,-4.089911,1.1279055,0.6798172
127922.21,0.47523424,1.6127759,-0.5511566
119268.37,-0.25156912,2.3028219,-0.90993184
131365.34,-2.1581595,3.0756326,0.40061074
134819.34,-0.33684444,2.6254191,-0.3792408
125754.89,-2.3748188,2.89684,0.26911476
128750.18,0.115940094,2.934384,0.6340076
115695.72,-2.5370922,0.21861936,0.25331584
127971.75,-1.5458907,2.903129,0.5647549
119016.4,-3.2517567,0.7381097,-0.4056519
117113.086,-2.5727603,2.9401987,0.62037283
119166.49,0.8010936,0.20764215,-0.4201098
132745.86,-2.8018973,2.964039,-0.7559128
122622.82,-2.3590524,2.2431433,-0.65617037
117728.28,-2.5296237,2.999537,0.27482232
118811.0,0.065575026,1.8574758,0.7124933
121362.2,-2.8037786,1.7614135,-0.6595509
122115.59,-1.6373852,0.39457843,0.71004695
118405.46,-3.0501587,2.4566236,0.5022987
125019.41,-1.4654064,2.8742673,0.8237511
133919.56,-2.3445435,2.432349,-0.47373396
134971.86,-3.7279942,2.6656954,-0.5887245
118387.266,2.3458319,1.9609113,-0.87102234
115965.12,-3.3724344,2.627931,0.7035948
127580.65,-3.3322978,2.891902,0.47337094
115443.32,-2.739752,2.7478554,-0.47891995
126941.78,-2.2710624,3.0474868,0.64490056
125870.445,0.5448171,3.1478312,0.42779005
122164.52,1.8115808,2.0896962,-0.7716045
132622.69,-3.1062632,2.4494977,-0.4766504
117559.66,-3.4869652,1.8376929,-0.47131264
116618.12,2.5692508,0.3297745,-0.654693
122598.08,2.855175,0.51273614,0.5406343
127178.49,-2.5970201,1.5638735,-0.562641
125265.44,-3.1553564,3.008408,0.36445776
134500.52,1.8072853,2.2869709,0.7068583
117769.77,-2.3367224,0.10338647,-0.37406403
126241.79,-1.5038692,2.8989444,0.5610149
125281.23,-1.6215341,2.317631,0.37072718
125738.92,-2.9387815,2.7317495,-0.5127248
128076.36,-0.20934027,2.974436,-0.46940175
119365.805,-3.2732706,2.4495823,-0.38420835
121341.8,1.2327802,0.4561597,0.52739173
129094.78,0.5119388,2.9308946,-0.5900114
115843.36,-0.4616485,1.8479408,-0.88008046
131534.77,0.043478698,2.860063,-0.56332254
118092.97,1.1661819,1.350378,0.35104832
122597.266,-1.9693385,2.673276,-0.6648603
124498.0,-2.6130478,2.4359426,0.8874245
121899.73,0.30978766,2.616725,0.67667294
133612.48,-1.3926361,1.5664244,-0.5106104
128893.9,1.6373953,0.87759656,-0.662722
132268.5,-1.5993772,2.2993097,1.2253407
124524.75,1.152122,2.2359755,0.5005144
123601.34,-2.7454748,1.4410751,-0.58395296
125320.83,-1.2887223,3.1350577,0.7589785
128681.195,-3.2723541,2.2834117,0.6894107
133785.28,-4.102474,2.2821324,0.6254337
121827.65,-1.97006,2.091014,0.78633606
123740.836,-1.0937003,2.6653574,0.66125065
121462.67,-1.4634278,2.4088926,-0.7751883
127780.234,-0.43803817,2.683938,0.76153755
132565.77,-1.0963504,2.2369173,0.905095
117320.36,-3.4785707,2.6528718,-0.546548
128171.555,-0.033691745,0.87874484,-0.5745555
130468.04,0.8355602,1.5009006,-1.0438393
134833.31,-1.5239087,2.903072,-0.66070664
122707.55,-1.3144885,1.6898959,-1.1965504
120293.96,-1.8511595,3.1179717,-0.7989142
125024.41,-1.1880056,0.91344076,-1.1196756
125237.74,1.5322086,2.7216868,-0.7964742
131461.28,-3.4889793,1.460921,-0.69512993
125820.836,-2.5305688,1.3753325,0.8103729
121947.56,-1.6446433,1.8610141,1.1221421
115784.016,-2.9446316,0.97334486,-0.6072699
126031.43,-1.0072812,2.6767313,-0.72587526
131968.14,-1.1757468,0.47598544,0.58254313
131383.98,-3.4370859,1.9462122,-0.5930357
127709.56,-0.118897155,3.090524,-0.47630057
131779.88,-3.1319735,2.7795477,-0.7180406
134639.48,-1.6125906,3.005845,0.56327575
132116.06,-3.2025092,2.751134,0.32946002
118978.54,-2.7124305,2.7795677,0.5579573
119190.23,-0.6354348,2.615854,0.42800376
119259.89,-1.7425431,2.5462463,0.6497756
134174.66,-4.0763683,3.117626,-0.3711984
132710.83,-1.8431703,2.4676173,0.46575198
127812.14,-2.1691442,2.6967244,-0.651205
126307.41,-0.9511721,3.0798848,0.4705046
117011.97,1.1682457,3.1629074,-0.53091156
126461.62,-1.6297715,1.036467,1.0930012
133231.94,1.7081932,2.559813,0.702411
122533.52,-1.6823976,2.2954164,0.95021635
122671.375,-3.4482658,3.0363727,-0.4796876
119364.09,0.70382535,2.4518056,0.8022872
115795.516,-2.5602787,0.52329946,0.4567057
118329.92,-2.461923,1.0000558,-0.65637153
127900.41,-4.137322,2.256979,-0.4937901
116567.15,-1.0132166,2.394144,0.76735955
115011.87,-0.6916827,0.11897146,0.38584125
123922.99,-2.161477,1.253398,-0.41543624
133635.48,-4.0647316,2.2257233,-0.45016098
117299.14,-3.1036172,2.2186704,-0.9518168
128169.72,-1.0901308,2.3573167,0.9538961
127636.35,-3.53198,2.9354103,0.61649096
121807.73,-4.387136,2.3202417,-0.8065287
131698.44,-2.863576,0.9644821,0.4318332
123640.17,-2.5223432,0.3683989,0.4533151
129286.266,-2.4223876,2.5091062,-0.6176107
127089.51,-2.4102604,0.36194855,0.5015497
121815.45,-3.3860726,2.3282502,0.5318324
130999.91,2.503426,3.125586,0.5014816
118302.33,-1.2244122,0.68941087,0.45340067
124078.38,-3.6797721,0.8070857,-0.75584614
116224.76,-3.1724749,2.5195518,0.68921316
124801.43,-0.19461834,2.6764276,0.5003556
116938.51,-2.2664328,1.8936591,-0.8389207
132562.14,-2.323959,1.044062,0.61996907
115273.336,0.77754384,2.5958612,0.001402779
134810.56,-0.77012396,2.474036,-0.3679963
131816.3,-4.0549383,2.6675055,0.8602713
131431.56,-1.4678664,2.0746763,-0.7333307
122350.58,-2.4066029,2.8461518,-0.5015022
115137.734,-0.7180214,3.0935185,0.42960984
126700.83,-3.1648726,1.8632878,0.6362527
120552.52,-3.2351933,0.27853373,-0.46359864
122918.11,-1.8159571,2.2288685,-0.8177901
131105.8,0.8304864,2.7960708,-0.51427287
124325.08,0.27163622,2.203616,0.67382854
130340.086,-1.3469335,1.625884,0.466309
131085.56,-1.6560141,1.6588212,-0.49742684
122644.87,-2.1864233,2.5282543,0.46411985
132527.0,-3.5393362,2.3536499,0.6986527
132370.95,-0.77464914,2.0534763,-0.69443786
116283.25,-3.5136309,1.0673134,-0.65060496
130834.66,-2.232327,0.55772483,0.6125526
121498.14,-2.6440043,2.247308,0.580123
121497.25,-0.72838247,2.9196994,-0.5151465
133869.33,-1.8648664,2.562778,0.4885843
124872.95,-0.98202217,1.0684451,0.808388
121785.29,-3.3280306,3.0689254,0.9940468
124792.71,-0.015394552,2.66859,-0.81960016
115934.945,1.2264727,2.9826386,0.5620668
115784.06,-1.1741498,0.7509237,-0.6529373
122811.99,-3.010879,0.37211236,0.7683095
128362.22,-2.8295674,1.0490166,-0.4932907
133553.83,-3.8664122,3.012556,-0.34744313
127211.32,2.6284044,1.0367302,-0.7727186
130463.87,-0.7174855,0.118827164,0.52933556
122504.766,-2.688144,2.6361315,0.7081519
115814.89,-3.50587,0.92409515,-0.6365405
117434.81,0.7470103,0.7398062,-0.30475947
123377.65,-2.6740398,2.6446443,-0.44316936
125480.09,-0.34453052,2.9913805,0.45954636
127313.88,-3.6898892,1.3867093,-0.7505105
119996.125,-1.5646632,2.4019349,0.74664325
119870.984,-1.2958825,2.7551541,-1.1376479
133906.27,0.12563854,1.700782,0.88484645
133244.39,-3.5834496,2.4053507,-0.5410945
125923.23,-0.7081635,1.2271397,-0.55868804
128664.34,-1.0933968,2.8108127,0.65515596
128905.805,-0.4509165,1.1321864,-0.55615896
125409.74,-3.0208306,1.6970818,-0.8135575
128051.1,-5.463707,1.749176,0.6486963
131770.28,-3.191687,2.6618338,-0.49268392
124055.38,0.007322391,3.1529572,-0.33859116
117952.15,-3.5993342,2.132788,-0.6716669
130715.26,-3.8705072,0.45388004,-0.7120206
128598.78,-2.2366717,2.9083493,-0.5073883
115367.92,-0.009121218,0.4639665,-0.64357024
116371.53,-3.1784296,1.4822674,-0.7516364
116042.6,-2.5321417,0.8561709,-0.7306883
128634.11,-0.90332705,3.0536203,1.1765573
115793.76,-2.9241176,2.940706,-0.6040778
121663.54,3.3783953,0.12893298,0.2047044
120455.6,-3.3914466,1.5236511,0.41544676
130986.164,-1.3962368,2.2351687,1.1891726
122465.375,-0.30971843,0.12915479,-0.49145246
133495.28,-2.7515428,2.5731773,0.6863734
128180.63,-1.7075188,1.0803727,0.67228925
121389.04,-0.61493343,2.4501445,0.32507762
119690.07,0.074051514,2.9553218,-0.44318467
129103.41,-4.1104913,1.5799981,0.73254454
129633.266,-2.9848707,2.106518,-0.70934594
130995.47,-2.0283275,0.76393247,-0.56923777
116727.32,-2.406906,2.932412,0.41423622
116609.03,-1.8690251,0.12470667,0.464263
117780.445,-3.34848,2.9658983,0.6235951
115934.67,-2.540037,2.8619583,0.4470578
119751.04,-2.9431493,2.2721875,0.49601257
131174.45,-3.383028,2.75394,0.38994148
117622.016,-2.5304422,0.24598947,-0.4300062
119339.99,-2.251313,3.065726,0.64437026
124177.195,-1.4888487,1.6044756,0.62596023
126498.766,-1.0787799,2.731685,0.691053
131033.555,-3.7892487,2.1874301,0.665081
122087.74,-2.270733,2.643563,-0.7169561
120490.59,-3.780868,2.895505,0.45835757
131404.25,-2.5674136,2.9067295,-0.6838762
123338.414,-1.9662981,2.862051,0.7176627
122484.664,-0.3836136,2.9336462,-0.6024399
133331.36,0.96869475,3.0077677,-0.67732793
119703.39,-3.8736193,1.1172186,0.40861833
132169.05,-1.2678306,0.1668062,0.5001187
118105.766,-1.9072051,3.0305326,-0.5741132
118872.8,0.7687402,2.747993,0.7761003
119059.38,-1.2457908,1.6515663,-0.9333505
132741.47,-0.67702484,1.183489,0.45057532
125352.11,-1.2565835,2.9032745,0.8583766
115020.52,-0.4061463,2.7205627,-0.57155657
130457.8,-2.7844453,1.3129954,0.5330497
122516.555,-3.0828779,2.074031,-0.59591365
116443.98,-2.3668027,0.15975149,0.66938245
122182.96,-3.144627,0.82132304,-0.46171823
133834.94,-2.6087327,2.819964,0.6440674
115471.79,1.1821307,2.8250434,-0.61859256
118253.87,-3.7327077,2.8832557,-0.57994366
118516.555,-0.07675991,0.95752484,-0.608451
131039.06,1.2338355,2.7094297,0.6602333
130865.18,0.85103154,2.223962,-0.8120489
115398.87,-0.031328786,0.99324083,-0.6640302
127550.27,-2.4384096,1.5130936,-0.8039953
129778.3,-2.1257741,1.0050187,0.345488
116843.14,-2.2185404,1.3496383,0.7496256
117963.5,-0.85726565,2.7531993,0.23948537
126934.93,2.0770426,1.2452706,-1.0898088
120665.125,-1.8925799,2.6748695,0.7804839
126354.96,-3.449443,2.962428,-0.50397104
131308.17,-3.099421,1.9943547,-0.7793785
123934.58,-0.37424958,1.3127401,-0.86654276
116379.484,2.939174,1.9520442,-0.8939103
119147.45,-3.1635277,1.5358684,-1.0488561
122459.34,-3.584053,2.6607344,-0.9095566
131135.53,2.3311257,2.937831,0.31135875
124186.43,0.98687583,2.870682,0.6928674
129633.555,-0.9572219,2.5855212,0.7978608
128314.13,-2.5701852,1.7599963,0.70348305
119607.49,-3.2438822,2.7308104,-0.14913692
132795.77,-2.593904,2.8643167,-0.4671246
121283.375,-3.695415,2.8037012,0.56776685
125837.4,-3.0964866,2.8552895,-0.63366896
115661.97,-2.7079024,2.596172,-0.48920384
130886.99,0.19531852,2.0302885,-0.75246584
124662.63,-2.9036684,2.5057123,-0.41317794
120300.4,0.13872834,1.376205,-0.5748923
122506.94,-0.5028159,2.826443,-0.8634744
115542.14,-1.728927,1.990382,-0.951953
116858.9,-1.701457,1.1390712,-0.4073004
121323.49,-1.5239897,0.32052583,0.44698757
121153.664,-2.514487,0.9895957,0.60272986
126700.96,-2.144752,2.3416743,0.42547217
125661.695,-0.5721091,2.9774706,-0.72797006
128885.04,-1.8249209,0.9156455,-0.7230493
121849.02,-0.6214906,3.0304048,0.20386857
119162.84,-1.547279,1.3230433,-0.6113311
130510.484,-2.536128,2.2970288,-0.8862544
125322.23,-2.9239585,2.4011028,-0.55857575
131355.31,-0.6398026,1.3014685,-0.6537332
124800.516,-3.5498211,2.1020098,-0.4327892
116959.9,1.6801442,1.504481,-0.6657632
129933.46,-1.397622,3.1574774,-0.38062504
123754.79,-0.6811983,1.6590987,0.6751747
134635.0,0.626253,0.76064414,0.3632556
131231.77,-1.171483,2.920733,-0.62502235
127380.984,2.92045,0.40537274,0.8065575
133106.58,-1.5092223,3.0841477,1.0980281
124465.62,-2.513271,0.9281943,0.6878178
134392.1,-2.1475143,2.8378632,-0.6709079
132611.03,0.70143867,1.1028547,-0.81019485
130764.484,-1.4449211,0.9426063,0.49080557
130214.234,0.18595244,3.0271,0.7729038
133544.39,-1.7487631,2.5227098,-0.78892386
132213.4,-2.2268445,1.9992077,0.6428082
124456.76,-3.1205854,2.7581506,0.46668586
120523.266,-1.9400761,2.2640278,0.62934494
132945.69,-3.216508,0.14101845,-0.49761364
132222.06,-1.256766,3.0327003,-0.40463406
131871.16,-4.270006,1.9374822,-0.6378068
123593.72,0.04851011,2.5910733,-0.5342689
124232.51,-2.853701,1.7626631,-0.5296578
122808.734,-2.4003716,2.4340498,-0.9050464
130985.234,-2.7179124,2.2921312,1.0599556
131696.28,-3.0783975,0.8576388,0.5046132
125486.74,-0.02578559,2.4863951,0.7307033
129591.92,0.36942136,1.3719939,-0.72637886
123708.09,-2.492569,1.3515795,0.65983796
115646.77,-1.4347792,2.085106,0.66791916
116828.875,-3.8389366,2.6655078,0.35177723
128350.26,1.2440284,2.7356095,-0.8155484
133846.1,0.3341543,2.593902,0.7988597
120886.56,1.6246544,2.679661,0.47636315
115763.3,-2.8416328,2.67795,0.43063855
115434.305,-2.2920797,2.73162,0.6154414
126226.98,-3.6372542,1.5652946,0.4598004
134009.44,-1.8932133,0.83766747,0.44234884
123415.766,-1.1022164,3.0027072,0.7011126
127504.79,0.23850758,2.248995,-0.5512924
128865.52,-0.95629233,3.0109186,-0.6418952
115491.6,-3.469136,0.1723864,0.49493572
115764.4,-2.5057094,2.5534794,-0.7477826
131690.42,0.15535069,2.5560691,-0.4532791
117506.89,0.6331866,2.896887,0.5482729
126862.02,-1.6965781,1.0274048,-0.57302177
134150.27,-1.4957147,1.9691455,0.7846988
125726.164,-1.7246379,2.768148,0.576593
131044.28,-0.4914068,1.8893005,1.0695318
131332.16,0.14573696,2.110567,-1.0170199
123436.41,0.12266839,2.0135303,-0.62945
115196.06,-1.9872702,2.6737094,-0.53934246
125705.62,-1.4206499,2.6888125,-0.42167276
117478.07,-0.9323321,1.7166862,0.5093945
123183.73,0.92727524,2.6556575,-0.54563683
125095.05,-2.247941,0.2960126,-0.5028707
128324.01,-2.925338,0.9623755,0.6246834
125769.66,-2.8954327,1.5239867,-0.68729126
122862.81,-3.0344918,1.0803784,0.7457554
130833.21,0.65001833,2.1134317,0.75921863
119007.53,-2.1768975,0.2631445,0.4864367
124432.18,-2.3994768,2.929097,0.5202738
125860.23,1.1108168,1.908974,0.5083163
121347.32,-1.9243393,2.1310313,0.58999705
122975.74,-3.2224762,0.05882234,0.24904217
134267.77,-0.08134016,1.4578096,0.5792237
133957.66,-4.469112,2.360362,0.31904796
131606.08,-1.7183683,0.19252984,-0.8506161
126454.67,0.47218695,2.6396952,-0.7146607
131772.11,-3.957574,2.6659842,0.9557323
126792.11,-2.9838002,1.598298,0.54312825
115432.02,1.1226844,2.0427961,0.47451177
126571.914,-3.0754511,2.9837983,-0.21888772
121057.234,-0.28390393,1.2600359,0.69880116
118067.48,-2.5218225,2.428939,-0.7078801
116442.26,-2.5070932,2.2359896,-0.45344836
129534.85,-2.513234,0.5142429,0.48377302
126663.03,0.9302302,1.8533055,0.6303897
116829.445,-1.7680917,2.2812645,0.38517475
120236.17,2.4297915,1.1119988,0.47661644
122724.25,-2.4551418,2.0022964,-0.51232517
115339.1,-3.5792665,1.5185888,-0.65227836
131695.12,-0.25066265,1.5722113,0.8509306
126326.17,-1.3240943,0.38990006,-0.45535025
117675.4,-1.6107098,2.3412006,0.7135917
121593.08,0.64616233,1.6321833,0.6158034
133353.03,-1.234963,2.56881,-0.50800496
118961.04,0.49163547,1.9366637,0.37695113
117121.03,2.4474459,0.6740344,-0.56422144
121173.7,-2.5795696,2.9964583,-0.6962326
132728.44,-3.3370786,3.1006212,-0.64924616
118570.016,-1.5864282,0.25557855,-0.51836085
125266.77,-0.755463,3.0793467,-0.679439
115534.77,0.6863585,0.36224627,0.59148335
118271.4,-1.360304,2.9994965,0.62688285
118910.97,-3.4842052,1.5238963,-0.52898663
130886.65,-1.6438515,2.9821563,0.3647212
116072.19,-1.454902,2.415824,-1.0388823
119534.41,-1.4153409,3.0655825,-0.35446852
120077.01,-2.5588021,-0.050285228,-0.37388638
115664.62,-3.4343977,2.808508,-0.738551
128287.734,-3.5261192,2.6758206,-0.5278792
118464.695,-2.9084558,1.2926663,0.7838556
122233.734,-3.1686022,2.808019,-0.32483146
130807.055,-3.5800614,1.8886237,-0.5374219
120832.85,-3.3245447,2.7335827,-0.6981602
127386.26,-1.55607,3.1255913,-0.24531779
116818.76,-0.7786153,0.3413232,-0.7178216
131203.52,1.2930462,1.7460581,0.6718374
124236.26,-3.2295244,1.3249313,-0.7077185
122279.484,-0.5770985,2.9215019,-0.67145336
128898.24,-3.383688,1.2165967,-0.38587475
131112.25,0.26255015,2.827303,-0.5267494
123172.07,2.0422885,2.2483203,-0.82087326
119390.484,3.3706567,1.4629484,0.5665308
134236.55,2.8372908,2.2171943,-0.776864
122670.52,-0.6470606,1.597971,0.77819514
116078.15,-2.502127,2.4899373,0.9331242
119354.95,-3.412362,2.082591,-0.51951915
129592.91,-1.6756356,0.9957719,-0.7211703
118322.3,-0.9801376,1.8130484,-0.7979844
126192.33,0.9502415,2.995191,-0.6881491
127976.305,-0.2708045,0.96360916,-0.57111233
118351.63,-1.6299175,2.3745573,-0.6110039
115128.9,-2.1338797,1.8843961,0.6504402
130943.4,-3.36572,0.6874185,0.698399
134301.89,0.7664754,2.7227058,0.6568444
132187.28,-1.9379474,2.7130435,0.41500753
133319.83,-1.8064888,3.0379264,-0.81030095
131308.48,-1.1103168,1.9301478,-0.41645184
126558.14,0.04999346,3.0600073,-0.45242864
118394.0,-1.8957368,2.0969288,-0.8580491
126567.61,-0.46260422,0.3337337,-0.5961654
134317.6,-0.7888197,2.70281,-0.048319004
133500.92,-0.9875557,1.8701875,1.0830778
125408.59,-2.9241347,0.4230901,-0.7989939
133817.25,-2.647085,2.5011988,-0.73316634
122360.37,-1.0841292,2.6579132,-0.6709051
117616.03,-2.9802625,2.1577082,-0.855861
120052.016,-1.2224857,3.0051048,0.4434469
117253.95,0.40377024,1.4335567,-0.59708005
121954.98,-2.667195,2.6267316,0.44559434
126533.336,-3.4935062,2.5931492,0.4741606
126640.3,0.6520537,2.5434062,0.5032239
116969.93,-1.0939709,0.83264476,-0.54031265
117079.12,-3.2029552,3.1413324,0.37408423
123876.516,-2.870837,2.8382564,-0.43920478
115049.984,-0.507839,2.671948,0.50874835
131265.19,-1.5017565,1.3571498,0.60290664
119867.44,-1.5093886,0.1369191,0.1851541
120845.234,-0.5533129,1.6050377,-0.60760504
123054.65,-1.9831337,2.0846534,0.530347
126044.61,-2.0341806,0.72700995,-0.7204969
129382.18,-1.3910125,2.4145443,-0.29790708
127633.82,-3.221961,0.5086834,-0.29627693
116265.17,1.0751495,1.0085367,0.8628298
121969.266,-1.7726347,3.0440302,0.6689759
124910.15,-2.2294338,2.2376277,1.0818791
126662.016,0.10768954,2.5744867,-0.6021143
123411.664,-3.7217572,3.125069,0.86902577
129902.03,-1.7057937,2.1545177,0.8099882
120090.33,0.22525798,1.5136523,0.57872313
128188.56,-0.40642732,0.03473431,0.48337588
126421.36,-3.3823678,2.6004126,0.74493897
126038.73,-1.9676172,2.6778636,-0.531376
119255.695,-3.9198627,-0.09551089,-0.1954756
115350.45,-2.0694067,0.10861674,0.34635684
132848.1,2.3163762,2.9470756,0.7072371
116632.71,0.37195688,1.8086191,-0.49954826
119620.01,-2.9453123,3.0249617,0.39875582
120484.57,-0.58270407,1.2650266,0.9086476
134601.5,-2.9145632,-0.06330261,-0.4467629
115680.92,-1.8973624,2.7507668,0.66870296
117585.68,-2.4446564,3.0716503,0.35066295
132429.11,2.1228395,1.88334,0.60582757
134072.75,-0.43202692,1.2986878,-0.51497465
120981.42,-1.9345788,3.0325983,-0.39298776
124995.88,-1.5940182,1.8822305,-0.91521096
115506.53,-1.7910991,1.7681376,-0.7825003
130921.94,-3.273639,3.0594249,-0.8113407
115200.945,-2.4573731,3.063328,0.6848668
129988.91,1.6136733,2.8086517,0.5096844
127230.445,-3.31575,2.137821,0.8639566
127379.34,0.44988948,2.2883697,0.69772613
118507.81,-2.5957239,0.7385735,0.70164096
117254.28,-0.93149865,1.5787609,0.72671646
116470.47,1.0402855,1.8203971,0.5868874
129514.23,-1.5721127,2.9471385,0.41980368
132447.33,-1.1797191,2.4443705,-0.77223706
131165.92,-2.2113838,2.509949,0.6166291
130712.73,-2.8558373,2.9011598,-0.43449974
125506.28,0.42777044,2.9766219,-0.37731272
116348.86,-2.324516,1.0463645,0.46113765
117938.81,0.68573654,2.8628204,-0.82768714
124386.74,-3.1342337,2.4332645,-0.6276173
131553.75,-2.5929346,2.3447337,0.7590452
122283.33,-1.8543651,2.565194,0.6063019
115129.09,-1.4669414,1.8412398,-0.59240735
115657.945,-1.9945021,2.7899256,-0.4371232
125198.03,-3.0462277,2.4077492,0.40648285
122823.79,-2.3714983,0.76008683,0.8354653
124398.08,3.5390425,0.8646147,-0.44266784
126175.02,0.51808095,2.6131449,-0.6043982
122146.95,-3.368599,1.3951249,-0.6514974
115961.95,-3.0890467,2.822495,0.40148652
125905.77,-2.0519176,3.1408663,-0.6617044
129952.42,-1.9507004,0.14140968,0.39078462
134280.4,1.0649903,1.4625603,-0.56372464
115675.766,-1.6400944,2.8810663,0.6692541
132406.17,-3.420445,2.5589526,-0.31406316
130871.164,-1.5476575,0.11169959,-0.41371536
121667.195,-4.083772,0.2024548,0.39953446
127444.36,-2.2613053,1.5282993,-0.557705
120979.29,-2.6392317,2.272786,0.68678087
115157.52,-2.3956406,2.6701596,0.7673574
119668.8,-0.71709013,1.882375,0.83833057
127468.63,-1.9310534,2.61849,-0.682421
122096.42,-2.0753021,1.717534,0.33373457
126109.04,-2.7155626,3.0765598,0.3190517
117847.57,-1.5870378,2.3025005,-0.98805875
129230.97,-0.93317693,2.929188,0.49331307
125793.97,-2.4651377,2.6710382,0.7602869
131339.42,-3.1235995,3.0052502,-0.3507126
116071.83,-3.3143675,2.7535174,0.67448896
121518.27,-2.0400524,0.6388232,-0.5014009
123288.26,-2.9669821,2.8754027,0.5609752
128160.84,-1.6841596,1.0967392,0.49554822
128070.82,-1.1407903,2.1005342,-0.9431891
125845.53,-1.0222659,-0.06851087,-0.74141663
120653.8,-0.038743477,2.6442106,0.5201667
130234.66,-2.0033743,2.879048,0.49353838
117520.516,-2.9392369,3.051818,-0.46436647
129137.13,0.47835523,1.5045696,-0.6808168
128827.54,-3.2999604,1.4031748,0.7796829
126704.55,-1.5343021,2.8904407,0.4040019
130471.87,0.35846928,1.8463438,-0.824943
121773.17,-3.682804,1.4919449,-0.62067354
116341.48,-0.9408713,0.6550825,-0.6626022
115682.48,-0.14820808,2.5785632,0.95680666
120178.945,-1.6310469,1.6645566,0.79105395
132638.45,-0.62568784,2.9096982,0.27984306
116729.03,-1.8099352,2.9728148,0.3750379
129190.7,-0.5540768,3.1346502,0.3264468
129389.89,-3.678318,1.151337,0.60138273
117396.0,-2.9258661,1.5143015,0.6665213
118441.26,-1.4175,2.6728365,-0.6115271
133367.22,-1.3809514,1.3542966,-0.72369915
119976.484,-2.856615,2.703274,0.42571157
133696.69,-2.2452826,3.082983,0.6614335
130027.445,-0.24707155,2.9086955,-0.5798551
117995.85,-2.1501656,2.2325838,0.7770443
129662.32,-3.5833395,2.7878149,0.36862645
134447.55,-0.80754185,2.6061525,0.8706274
122676.03,-2.3391519,0.86882305,-0.59345853
133538.7,-2.4225757,1.8831059,0.40213716
122931.46,-1.5378426,0.87768275,-0.62744206
120555.59,-0.2569019,3.0247893,-0.50181216
118287.43,-0.97928894,0.4294837,-0.6331498
121092.805,-0.5203699,0.87702775,-0.5536959
131601.06,-2.4439018,2.9041297,0.68897647
127367.516,0.0049752723,2.8740737,-0.61341286
129505.805,-1.7965171,2.8472908,-0.42923862
125439.75,-2.9095058,2.3130264,-0.6333628
116401.875,-4.0889587,1.2763406,-0.3576607
124077.21,-0.79360723,1.4230602,0.7253455
124319.66,-0.9383447,0.2441542,0.33304456
129342.3,-2.8437123,2.3872082,0.67708415
124341.836,-0.15831912,1.8031558,-0.89454293
132127.92,0.005308656,1.6814172,0.66846377
119207.78,-2.510955,0.26719028,0.4789152
126567.95,-3.4455836,2.850883,0.6756374
122672.805,-2.5354254,0.334321,0.56719184
116727.52,-2.793398,0.65780014,0.4283699
115557.14,-2.5161955,2.8043199,-0.5232605
120500.016,-3.3608663,2.7726314,0.8030831
131497.38,-2.9666893,0.9096428,0.6851153
134084.67,-0.60433334,3.0702858,-0.54276764
122407.84,-0.6508156,3.0676496,0.7144816
115091.484,-1.6289016,2.9300902,0.31115714
128206.54,-1.0617201,0.7948264,0.7205515
116655.11,0.1486682,0.27289692,-0.6019703
117664.77,-1.211952,1.1739281,-0.5808349
133609.78,-3.7615855,0.06332344,0.31368354
123520.97,-1.3063192,2.733841,-0.49634582
122412.0,-2.1968017,1.1777287,0.6809106
126564.99,-3.2087975,2.8281786,-0.5209792
131615.58,-1.5869359,0.39420924,0.499406
119397.9,-0.9351156,2.5287828,-0.66489124
126053.24,-1.8823074,2.0617256,0.6122934
134844.17,-0.91137165,3.0142434,-0.46345097
122843.516,-0.878792,2.3963325,-0.7247231
118973.36,-3.3801365,2.1188104,0.52101266
125594.625,0.2953354,2.574096,0.5461055
120671.734,-1.5366685,2.3448784,-0.9388203
117902.77,-2.4133735,2.8083751,-0.5304092
132351.8,-2.3444774,3.1418874,1.0684453
123559.31,-0.29183248,2.8949037,-0.7702966
116556.88,-3.6028347,3.0531123,0.50944996
115645.27,-3.0659015,2.9292982,-0.6954389
128210.83,-1.3048128,2.6111796,0.6770963
120831.01,-2.9384806,3.1451836,0.8693477
117662.53,-1.9312428,2.008801,-0.559374
131304.75,-2.9925354,3.0955157,-0.5234152
131826.19,-2.9422786,1.7638611,0.42604634
119232.0,-3.4230103,2.075305,0.58518773
124915.46,-2.0217876,2.6468267,-0.4587001
131835.11,-1.1322078,0.5918926,-0.633517
120799.16,-2.8159983,2.3417494,-0.04163488
119689.05,-2.1255813,0.94571084,0.63493735
122872.3,-3.5765522,1.7718496,-0.78182447
126541.67,-3.1767268,3.1965706,0.24100803
116356.98,1.8477006,2.2844815,-0.5818397
128749.46,-1.306279,2.2890277,-1.2466713
131018.31,-1.842643,3.1250525,-0.51862156
123739.766,-3.1797514,2.597818,0.5761773
134549.6,-1.965487,0.21064441,0.6239823
116868.0,-2.861226,2.3938332,-0.667535
124935.266,-2.3824449,2.823811,-0.57066154
134406.66,-3.572293,3.0694795,-0.50380784
124247.21,-1.4601053,2.2616823,0.5249352
120520.03,3.4500337,2.0342486,0.57505286
116555.016,-1.8838611,2.6131294,-0.6625408
115881.9,-0.897716,2.719152,-0.5640835
119445.375,-2.2326071,2.5708833,-0.7447949
119068.8,-3.574699,2.8446999,-0.55734587
131304.14,-1.4015113,2.1688259,0.9545175
128152.125,1.9889967,0.6807687,-0.7512641
115973.41,-1.8381771,2.910972,0.48547128
133976.3,-4.0141163,3.0559165,-0.6270876
133338.47,1.6312256,1.6480639,-0.7397593
117843.836,-1.2616686,2.8036406,-0.81387585
134047.6,-0.925235,0.7131494,0.89234245
119702.31,-2.5224571,2.8727567,-0.62338406
131149.58,1.0091016,0.4029754,-0.5014911
124195.3,0.67780006,2.6285062,0.50815815
126575.48,0.8357579,3.0392992,-0.40230107
125065.58,-2.743476,2.5405703,-0.9122334
120342.94,-0.25238433,3.2163944,0.34431955
128734.79,0.5082661,2.9123735,-0.42513385
119664.5,0.044325937,0.87783736,0.5257978
120355.195,-2.308475,2.7424314,-0.60881954
117576.66,-2.8915186,0.41365403,0.25238857
118174.34,-3.2439167,1.2054434,-0.66849416
120746.98,-2.0378902,2.5696645,0.7029162
115334.67,1.2524546,2.562085,0.73234826
125597.99,-2.7227123,2.4619803,-0.6035679
123365.78,-1.3757241,2.952504,-0.8430014
121090.195,-1.652186,1.658028,-0.7322873
126140.02,-4.14135,3.015374,-0.5143485
132919.72,1.2600185,1.4055055,0.6665805
118828.73,-1.5342106,2.845026,-0.5310396
119907.445,-0.7925902,2.7339876,-0.47215116
130765.0,1.0539114,0.44510183,0.46887642
121652.05,-2.8311284,2.7610633,0.49725875
127814.25,2.107609,2.835683,0.5703348
121695.875,0.61952883,1.5447279,-0.6796736
122127.2,-4.1612287,1.0353928,-0.6384927
116580.62,-2.2940826,2.338038,-0.54550457
127506.23,-1.8890609,2.7760403,-0.4074504
117508.99,-3.7727406,0.8962148,-0.79694366
123879.76,-0.6893187,2.6145804,-0.37332666
127541.086,-2.446612,1.8068405,0.66254693
126509.94,-2.8867826,2.929676,-0.6167879
128849.04,-0.107823506,2.0152967,-0.62950027
134211.42,-3.7484283,2.1831496,-0.72687304
117395.76,-2.8443954,3.1277637,-0.2306072
116703.51,-2.7920253,2.111955,0.42218998
128837.2,-0.61284775,1.9981474,1.0242594
134422.31,-0.8611443,2.9817705,0.5755595
125833.36,-1.5665091,2.6606393,0.85430795
131747.12,0.4515571,2.4902318,0.89186865
128258.64,-3.6513934,1.6639254,0.45795527
123666.44,-3.3983943,2.601252,0.5784331
128987.016,-1.9678111,1.5868163,0.7064964
120901.29,-1.9462407,3.009754,-0.70211565
128118.86,-2.478975,2.295858,-0.4438814
119702.93,-2.01228,2.821946,-0.45538464
119781.42,-1.8512907,1.4782408,0.5311137
116299.234,0.49420473,1.9199362,-0.7543978
134215.33,1.7074065,2.9087586,-0.6616247
116125.945,-1.6919587,2.940528,0.4195313
127664.42,-3.8389993,2.0726795,0.68237495
116222.02,-0.8209216,3.0711098,-0.52469337
121147.36,-4.1136403,2.59257,0.5060981
115901.69,-0.64608765,3.0313976,0.19660129
129692.984,-0.7904697,1.1190904,0.6355691
131239.77,-1.8914537,0.5939251,0.50564975
127427.47,-1.7010757,0.4273406,0.7861585
126121.69,-2.705751,2.4040258,-0.42281297
131256.2,0.75689125,2.9805517,0.3773545
115004.26,-2.0537536,1.9264345,0.34854153
125414.98,-0.8586567,0.24081236,-0.3449497
121259.31,0.4358922,3.0199227,0.69106543
133656.78,-3.1893942,1.6623187,0.53521246
126721.44,-1.7041805,3.0029755,-0.46906164
117781.234,0.029024027,1.8759873,-0.7390509
115182.39,-2.688765,0.6946877,-0.5568415
125964.73,-4.064713,2.2005527,0.6770813
122751.56,1.2925447,2.8365874,0.5123407
124975.12,-2.258297,2.975577,-0.5975666
126709.68,-4.1374955,2.567467,-0.7699855
115225.2,1.2814881,0.73881495,-0.67471826
128414.58,-0.06919472,1.5947914,0.6926018
133227.56,-1.3970317,1.9027879,0.75970364
116691.445,1.6972749,2.922086,0.78053546
128540.18,1.0382231,2.2329986,0.7005855
125682.6,-1.5986758,2.3559346,0.5846751
126225.05,-1.035417,1.8744516,0.7741359
125671.805,-2.6594696,2.935642,-0.4042478
127705.27,-0.71841985,2.395871,-0.56500125
120339.61,-1.7701651,1.8728087,0.35707015
121826.26,-2.8769124,2.1185884,0.8567987
115864.984,-0.3755435,0.1178461,0.47435582
126932.01,-2.6810634,3.0545404,0.15552719
115281.445,2.3348646,2.481426,-0.7902253
122211.625,-2.2229707,2.8735547,-0.7789457
122319.01,-2.012497,1.3152443,-0.6175816
115087.695,-2.1399002,2.577355,-0.80604404
126164.22,-3.1149619,1.6138355,-0.6794288
129246.08,-2.6533287,0.17436594,-0.5491205
116664.37,-3.824338,1.7804683,-0.60059214
128774.61,1.9668653,3.0547955,0.33043882
126650.87,-3.708226,2.1701334,-0.6919229
131894.86,-1.722973,2.7788572,-0.71067005
130328.07,-1.6971413,2.5024984,0.44518757
128688.16,-1.8125086,0.17350806,-0.33666867
128519.1,-1.0452263,1.2486428,-0.6946508
123642.5,-2.3403828,1.6556581,0.6065488
122053.68,1.7787045,2.597758,-0.6048353
133950.31,-2.91094,2.2996414,-0.961008
132808.02,-3.720707,1.4379582,-0.44051397
129241.19,-2.5223093,2.6669183,0.5887912
116893.55,-2.3186166,2.3637586,-0.50631
125908.695,-2.3933868,2.5775414,-0.8404323
133939.66,-0.5870873,3.0492709,-0.54304886
123851.5,0.9552739,2.6395895,-0.8695075
123041.2,1.406303,0.9150535,-0.5994281
129147.28,0.18766654,0.6061723,-0.50000453
129775.15,-1.4774609,2.7850769,-0.55411947
128768.54,-3.2199006,2.5177042,0.35547048
117358.88,-2.0771165,2.9758244,0.27251196
134450.55,-1.0660176,0.7368852,0.6218878
130963.42,-2.5392265,2.752471,-0.83844423
116373.04,-2.424296,3.0534701,-0.53571403
121905.85,0.15450689,0.4568356,0.3557655
130460.48,-3.1434994,2.5029025,-0.512305
130523.484,-3.0632267,2.9515386,0.5029405
116509.414,0.49447957,1.790225,0.54626054
125594.26,-2.6766803,2.6933525,-0.5836134
117256.67,0.65790933,2.7674837,-0.43324277
124437.48,1.1294471,2.975653,-0.60702026
128940.98,-2.384562,2.1212153,0.5759634
129677.26,-2.862518,2.9855819,-0.48011926
134702.3,-0.10001344,2.327502,-0.55630183
123560.766,-4.014079,1.3076963,-0.6226882
119083.234,-1.0437722,0.7418376,0.4276346
120433.5,-3.8326197,2.0828025,-0.43199784
133172.36,-0.09496171,0.9726227,0.5892001
122239.36,-1.8792161,0.6694651,0.63159096
116256.91,-1.6448812,3.0800433,0.5648082
124321.0,-1.5791564,0.9560076,0.6962858
127179.75,3.4171479,0.8831685,0.68514806
119602.836,-2.2014852,2.1783442,-0.9038003
127191.34,-3.2140157,3.0933585,-0.6731094
126366.21,-1.7744205,2.5422964,0.6518274
116079.305,-0.53237,1.1109135,0.83108115
115745.09,-3.1198256,1.2732178,-0.9887862
119531.336,-2.5887039,1.2516074,0.74052197
120778.38,0.52031475,1.8381132,-0.6833845
126848.18,-3.871299,0.73147815,-0.66780365
124506.1,-1.6535696,2.8488297,0.46819246
128700.66,-1.9272299,1.4584979,-0.77272296
116997.266,0.53569174,2.5757444,0.34130135
128879.91,-3.3553991,1.5904782,-0.47888964
116259.78,-2.4529066,2.3845634,0.94684255
122681.04,-1.3074682,1.5889987,-0.50174373
127282.53,-3.0517526,2.704508,0.50265527
130217.42,1.1930635,2.513544,-0.5753328
132612.72,-2.6245906,3.1075459,0.45332724
122173.164,0.63433343,3.0189152,-0.5111928
123335.11,-1.3442423,2.205751,-0.99567187
125582.89,-3.7807925,1.5180061,-0.65055007
118590.09,-1.4682797,0.16537437,0.43309206
131096.05,-0.7771223,2.8511074,-0.27797022
122177.945,-3.4762528,2.978942,-0.5810263
129759.47,-0.20129463,0.19352697,0.5541056
115818.64,0.5091402,2.6339135,0.5551523
120102.43,-0.7769732,1.9058359,-0.7843697
116762.97,-3.0454752,1.3554332,0.5559165
119357.2,-4.4855995,2.657122,0.69850117
126082.64,-2.151737,2.5185854,0.80331665
117805.25,-3.5526633,0.88191706,0.5246311
132390.34,-0.4996019,1.3869237,-0.60508555
133326.27,-1.5893753,2.9746652,-0.37770087
134010.02,-2.115272,1.2443252,0.40124997
128466.35,-0.72452205,2.8942883,0.3679947
126255.37,-2.1845515,1.6157986,-0.452011
124790.164,-2.778147,1.3867669,-0.7617827
121106.31,-2.84127,2.4463904,-0.7552579
132492.17,-4.0772705,2.948538,-0.8827374
129004.0,0.6577991,0.062195837,-0.5086481
129269.22,-2.3811605,1.5731627,0.3214357
120210.5,-1.8474519,2.576781,0.85916454
123539.484,-1.3198068,2.6266806,-0.47206905
127099.77,-1.8289378,2.973825,0.79800516
115278.48,-1.1098325,2.823376,-0.5522425
116180.71,-3.7803478,2.2530286,-0.59148663
121509.81,0.787161,2.6866946,0.49936965
131895.61,-0.73404175,2.403268,-0.9098843
116945.875,-4.3215227,2.7384126,-0.37695548
129778.61,-1.2377155,0.8378326,-0.83608216
124408.41,-1.8322147,2.7330673,-0.4212543
126071.39,0.472583,2.7598894,-0.54189163
130299.79,-3.362009,2.9748116,-0.778405
119635.26,-0.9142082,1.266429,-0.9035993
123131.53,-2.1716788,2.6668894,0.8622927
123279.31,-0.2804261,0.642872,-0.86045706
131361.06,-1.8306384,1.9794575,0.50166076
125969.85,-2.6940143,3.0304253,0.2750414
119389.75,-2.4197621,2.248517,-0.6104361
130583.54,0.48551196,3.050056,-0.46973187
124512.89,0.5539204,3.0680122,-0.6851952
128662.625,-0.8913555,0.54129714,-0.6004491
133147.36,-0.13640945,1.9112947,-0.92305285
127162.445,-2.1781924,1.823465,0.4400506
119091.18,-1.5446566,0.32760984,0.5141939
120914.1,-0.96592504,2.6597867,-0.52893496
124500.41,0.6793892,3.0253499,0.50564957
116722.875,-3.2711701,2.7908273,0.87344986
124100.94,-3.3396268,2.463867,0.9047059
128025.71,-1.5261043,0.78369164,0.5375569
125413.336,-1.6405149,0.28019047,0.5175018
130623.37,-1.4094623,0.07461925,0.3120117
121203.64,-3.0384207,2.4919608,-0.6312851
126269.04,-1.2387147,2.0835752,-0.8334969
130599.52,1.1103649,0.29298547,0.39451265
126799.055,-4.0832705,2.6182086,-0.4027229
132746.9,-2.182058,0.34395254,-0.46310416
116952.695,-1.2147603,1.4646255,0.5918944
115650.945,0.08359394,1.2338811,0.9752081
124760.27,-1.0009941,2.2831519,0.40661368
125161.4,-0.39529648,3.0758858,-0.44637278
121227.32,0.7848631,0.76630175,-0.40654024
117171.37,-1.6446123,2.851191,-0.659313
118745.06,-3.0426157,2.4776733,-0.5919183
124233.22,-0.58743477,3.1978383,-0.63877714
115743.51,-1.418411,1.9664506,-0.67250085
124425.27,0.6625987,0.5401838,0.6992238
127142.11,-1.6070408,1.9671333,-0.65657324
132164.14,-2.472915,2.847019,-0.3843947
133141.27,-3.2363591,1.7222015,-0.723218
133712.84,-1.2153069,2.3392384,0.44668615
118563.766,0.5826431,1.1235327,-0.5391783
123460.44,-0.1759678,3.0885694,-0.47010183
123294.445,-3.314247,2.118788,-0.45372447
130134.22,-2.9637947,2.465324,0.71125406
119205.54,-0.119465426,2.7809417,-0.5261838
118241.14,-3.6888835,2.809034,-0.722847
130205.94,-3.5159729,3.060037,-0.57772917
123624.23,-0.072165556,1.85228,-0.6499793
130398.32,-0.8925995,0.8458272,-0.96399933
133193.86,-1.0841168,2.7041256,0.47545707
129950.164,-1.5212227,2.283414,-0.3275116
117359.45,-3.2753816,3.0768123,-0.66721153
126122.23,-1.1453565,2.856106,0.43949392
122223.46,-1.91586,3.0586812,0.9626055
119263.695,0.79250616,2.5998032,0.79195124
126058.42,-0.51178694,1.1697415,-0.87536025
127695.266,-3.933121,2.6535323,0.4446938
120185.75,-0.11832407,2.6189632,0.69100374
131826.03,-1.0660214,2.2344732,0.46228063
115755.28,-0.43552953,2.1388955,0.6479997
128064.94,0.07934054,1.2121147,-0.89803314
134426.2,0.3564404,1.0802034,-0.8822346
125295.86,2.3018556,1.0325215,0.9783677
120910.41,-1.1787714,0.9967289,-0.61255616
118995.87,-0.57090026,2.8273451,0.5762035
134132.31,-3.8911726,1.5831904,0.66033655
128490.76,-2.097325,2.3531008,0.41375476
131784.22,0.34279096,0.13610329,-0.37542403
120228.0,-3.6394567,0.17591958,0.5657995
124159.99,-2.6121337,1.7087505,-0.6255686
122126.586,-0.7287255,1.9890097,0.4900034
116730.81,-3.7581565,0.5434822,-0.44468284
119676.35,-1.0999264,3.0430045,-0.450067
132763.88,1.7944376,0.16730632,0.5961533
115279.03,-3.0413847,1.3330399,-0.6791832
116133.766,-0.43878552,0.92176336,0.73647684
124770.586,-0.060746122,2.701804,0.34246126
120573.266,-2.615748,2.8757765,0.8298934
119259.73,-2.272931,2.9445803,-0.5217027
133535.05,1.7154602,3.0113764,-0.36259106
123010.445,-2.6299782,2.6963565,-0.60079587
126831.27,2.3985286,3.0659595,-0.47224608
118312.67,-1.6861784,0.77902305,0.6330817
119715.84,-0.43026668,2.11622,-0.7407479
125989.43,-1.5202721,2.7452297,0.93269795
122794.414,-1.296471,2.4674761,0.5236095
122283.93,-1.3687575,2.6652644,0.33972058
119276.99,-0.16059321,1.5630151,0.5129174
123248.195,-2.7271013,1.0687163,-0.47774285
127322.46,-3.3094184,0.7976321,0.46684217
128965.37,-0.5060096,2.916138,-0.39020297
130986.67,-3.8366463,1.3829637,0.34867808
128262.78,1.3957567,2.5275538,0.655501
118907.01,-1.3870044,3.019081,0.5624452
122572.06,0.27097565,3.0396326,0.561121
115745.195,-1.6978542,2.4574466,0.4021532
120795.43,1.4734972,2.2391617,0.93425184
127602.65,2.0598602,0.77671486,-0.79646444
131526.61,-0.52617276,2.9862761,-0.250324
129980.75,1.021731,1.6190702,-1.1144732
116810.516,-1.8220421,2.7657628,-1.0843909
121288.266,-3.4050968,2.8883045,0.59843
120464.14,-1.9159323,0.25642517,0.40981406
122695.516,-1.7867599,3.0430365,-0.67036885
130854.31,-0.32427436,0.22314727,-0.6028118
117278.664,1.7395726,1.2708805,-0.71923625
121580.92,-3.0928366,2.9749496,0.47033846
134127.89,-3.0366807,0.3252111,-0.42871073
134825.88,0.10584663,3.1846497,-0.29916164
116976.34,0.8812352,0.928469,-0.80230814
121433.086,-1.7968471,0.7859982,1.0246824
120092.18,1.0313289,2.2910607,0.617296
130729.16,0.175549,2.8841472,-0.46057045
127666.945,1.0304044,1.4997672,0.51446605
131216.77,-2.9179473,1.2112299,0.60039896
117121.61,4.0285077,0.9368771,-1.1163783
125396.0,2.7768698,0.38960275,-0.63314927
128813.766,-0.7447751,2.224563,0.6052019
119056.58,0.5248616,2.3159795,-0.71577126
130918.11,-2.5358956,1.2432919,0.66390467
134128.08,-1.3604552,0.92787325,-0.6752221
128354.945,-0.6089436,0.46335238,0.4310211
120421.89,-2.3862278,2.364861,0.8917863
121014.93,-2.0413663,2.4030643,0.6257807
126359.98,-1.4296262,0.829462,-0.9536035
134400.08,-3.0948348,2.659189,0.45448393
126036.586,-0.012787751,2.480141,-0.65546244
126730.11,-0.50899243,2.8947766,-0.41716674
120309.15,-2.5868163,1.8371884,-0.9967704
120720.36,-4.2265615,2.9790673,0.6938414
132796.23,2.2693458,2.5858474,-0.48169646
127026.59,-1.3703324,1.6140001,0.99728984
125885.8,-2.7515256,3.1316342,-0.89804935
121698.484,-1.0910852,1.621478,0.62702817
120318.336,-0.066926815,1.4107064,-0.6927502
115312.82,-2.9328716,2.7438848,0.61411375
133508.52,-1.1885834,0.97685295,0.8021163
129392.39,1.025142,2.7423415,0.58664924
119362.83,-2.7368803,1.6579883,-0.5594465
128371.84,-1.5977387,1.6471746,0.91377795
129216.61,-2.266309,2.912132,-0.5876646
133120.36,-3.6693463,2.837083,0.41389486
130059.516,-0.82030445,2.7339132,0.9650832
120647.58,0.39193925,0.39335018,0.42460924
116023.945,-2.0192692,2.3739812,0.6849511
123754.945,-2.4180367,0.68580586,-0.71488196
130972.39,-3.2032719,2.5018766,0.864448
125186.01,-2.661823,1.0439135,0.50152886
118613.98,-2.9773626,1.574284,-0.51592654
125059.95,-1.3148504,2.2019377,0.7779543
129432.805,-0.1321247,1.9625818,0.5087863
126251.08,-1.1396283,3.1288083,-0.6187624
118724.3,-0.8444603,3.141156,-0.56690365
125117.97,1.2698919,2.595403,0.76765954
126696.27,0.8372547,3.090931,0.45509
116042.43,-2.9781353,2.334554,0.7620067
127587.664,-1.693512,2.886684,-0.8357867
129945.54,-0.7082186,1.583276,-0.54411215
116553.22,-1.6693095,2.5667062,-0.41330752
133794.44,-1.3333513,1.3709049,0.99136674
127567.03,0.83542246,1.9229562,-0.38489854
121691.484,2.0378726,1.2923282,-0.79547226
119029.836,-2.4641867,1.9723107,-0.5567059
131486.27,-2.6560266,2.8098328,0.6360359
131460.14,-3.3716364,2.2113109,0.86043817
127633.26,2.6624544,0.8300431,0.7504513
118176.37,-2.0438743,2.3015149,0.63761616
130942.336,-0.3479839,2.8507073,-0.7437944
133262.25,-3.6098027,1.7032894,0.5940176
117508.14,1.2320887,3.0074236,-0.3622802
120578.07,2.1551101,0.98484033,-0.7998985
119828.42,-3.0402977,2.9064457,0.51661813
131834.56,-2.9949389,2.9520028,-0.6571183
123329.234,-3.2436929,1.7543257,0.8157469
121111.1,-1.9882036,2.1410925,-1.3525976
133097.2,-0.9292108,0.70380944,-0.6390863
120469.44,-3.2674637,-0.033910494,-0.55196846
122854.125,-2.2654583,2.3845887,0.53427577
118663.81,-1.041246,2.3071442,0.6438476
115819.984,0.1936237,0.14233065,0.43260774
119327.664,1.3670423,1.5952069,-0.81639665
132494.56,-1.4687109,2.6129017,-0.3751437
131696.42,-1.3482543,1.7935555,0.7222433
116466.26,2.9812925,1.2366492,0.7058747
117807.52,-3.7069228,1.5993094,0.5045943
121976.56,-2.2749512,2.6594012,-0.40498763
115964.42,-1.3866558,0.101943634,0.5960652
119405.71,-3.21845,3.1269498,-0.36120299
124692.48,1.086847,3.1030037,0.65511423
126678.414,-0.062277347,2.1260533,-0.5671519
118585.26,-2.2196953,2.4155185,-0.62048984
129556.17,-3.143365,2.9704795,0.18056206
123022.836,-2.0786479,3.11765,0.5327217
128105.74,-1.7584292,1.9262751,0.694022
130448.016,-0.20449622,0.50036836,-0.40547782
128875.5,-1.4580889,1.3531991,-0.79246366
125948.27,-0.41640714,0.5411959,0.5121024
130459.83,-3.7353232,2.780037,0.4123881
116306.695,1.8306787,0.69350314,-0.63040394
125507.016,-2.818234,2.5187423,0.6439485
116041.89,-0.95325714,2.988752,-0.59539694
117756.484,-3.2272263,3.0374439,-0.61006016
118375.29,1.5846621,0.6616786,-0.75818825
122503.11,-1.9000928,2.981736,-0.5697913
122407.23,0.5507505,2.886985,0.3347863
123170.19,0.46118182,1.1338012,0.5654045
131686.98,0.56176114,1.8174578,-0.7422851
121745.52,-2.7527342,2.9756,-0.6188997
121352.37,-2.1190877,2.8870711,-0.445029
120514.734,-0.16098894,2.1647801,-0.565775
117766.92,-1.2310544,1.3351038,0.667714
123172.74,-2.9032252,2.7391493,-0.70939416
116390.73,-2.2652404,2.964723,-0.98973453
126558.5,-3.358399,2.9780908,-0.5566206
126648.914,-0.41076648,2.5164144,-0.8076364
128538.19,-2.9742346,2.9060671,0.5513998
125123.97,-2.320032,2.1711326,0.71477175
132348.55,-3.409406,0.5840855,-0.5064497
121401.19,-0.50821203,3.1020896,-0.68741554
115263.67,0.7591512,3.0548174,-0.36137742
134255.16,-0.53553295,2.863257,-0.55551076
116041.96,2.624197,2.9513316,-0.3820693
116695.25,-0.45063064,2.526051,0.7484126
130011.8,-1.9615167,2.8077164,0.7432826
120008.45,-2.2863529,2.6537359,0.8520758
115550.77,-2.1333961,2.5978942,0.35309273
118774.945,-0.82316095,2.9323275,-0.5054101
117409.17,-0.132911,2.3424387,0.78469056
127084.44,-4.375493,0.68506444,0.6096046
124689.76,-2.0226703,1.0486909,-0.55945045
133894.17,2.0363593,2.4649882,-0.99270225
124327.445,-3.3127053,1.0809071,0.87938166
120289.9,-2.8889167,0.5720885,0.6328398
123307.82,-0.15419245,1.52423,-0.6111202
132167.2,0.65854716,2.7061698,-0.86772907
123080.99,-3.0929325,2.9423723,0.42327893
118207.16,-0.4930751,0.44156635,0.54925257
123912.66,-2.3392487,2.3502612,-0.4780496
122878.305,-1.7812831,3.0739338,0.51897967
121566.305,-3.1480398,0.3360299,-0.6560627
132767.06,-0.9650702,1.7910602,1.1098207
121842.055,-1.0682139,1.9983056,-1.1864583
134597.69,0.060594585,0.9227379,-0.76816446
132230.22,-3.0643559,0.9929697,0.5979312
120177.23,2.3854473,0.25450018,0.42799735
134622.92,-2.2988799,2.8767235,0.8987272
125564.92,-2.925905,0.068917975,0.2780211
130508.375,-3.5498667,0.92845476,-0.58114904
121667.02,-1.2131629,0.8701835,-0.7290032
129939.52,-2.4275298,2.1309636,0.6947836
116316.516,-3.0929916,2.7824163,-0.47020808
115618.67,0.36029086,2.8513236,0.48459852
129134.39,-3.5893376,0.5702386,0.6041502
130654.0,2.0220933,2.730122,0.44028553
115075.21,-2.1293612,2.9803028,0.43176547
115778.59,-0.2085199,1.0490757,-0.68658376
116368.35,-3.1541188,2.9898427,-0.6758159
119068.0,0.11905283,1.900366,-0.6503867
131662.83,-1.2264029,2.859125,-0.32651597
118331.84,-2.7729638,2.7913795,0.3116124
129297.52,-2.1083355,1.5684973,0.53461194
133173.14,-3.2493951,2.7209299,-0.72693527
125032.734,-2.157645,2.6265442,0.34559444
127091.336,-1.1855617,2.3679342,-0.88850975
119544.87,-1.1903481,0.317394,-0.47211602
115257.46,1.7625092,0.00838073,-0.40133652
132457.12,-3.0796525,2.9262676,0.42467466
116680.81,0.66386545,2.939344,0.4756075
121300.42,-4.257928,2.8160706,-0.44713545
133762.62,-2.1251686,1.9564121,0.6104342
130427.9,0.53063864,2.2528594,0.8317234
126184.33,-2.861722,2.0199447,-0.7547696
122170.805,-0.11237275,1.3572966,-0.6648032
122413.27,-2.387707,2.520775,-0.7083059
132916.67,-3.050716,2.4895737,-0.70802736
130415.21,-2.7721932,1.1190084,-0.840234
126118.91,0.34243172,2.01721,0.5812214
115498.23,-3.4153512,1.8174167,-0.69012177
115366.484,-3.2069523,0.30834496,-0.6205983
127544.375,-2.1007485,2.864393,0.6390012
127281.0,-2.4827504,1.8936211,0.965327
134245.12,-4.212867,1.4631997,-0.38227916
117456.67,1.3938473,2.203048,-0.47625896
122554.62,2.0668364,1.8772329,0.60729903
119149.39,-1.409278,2.52101,0.7405601
130578.94,-1.9656124,3.02986,0.67599237
116528.71,-2.6911263,2.7406154,-0.3187369
118357.58,-2.0038462,2.6055918,0.67438483
131934.2,-3.9105122,1.4704648,-0.8102249
129932.75,-2.6127932,0.9987498,0.6870488
117173.81,-2.518635,1.4171692,0.8632901
126073.734,-3.4337354,2.6226008,-0.5814073
130914.6,0.612036,2.5353835,0.6454253
119677.86,-1.8709055,2.8519666,0.70571643
129425.34,-0.8548524,2.5990455,-0.42877436
120303.68,-2.5064282,1.5646931,-0.64880264
122906.336,-0.9519332,2.1325834,0.74170434
124487.44,-1.3860731,0.959765,-0.45120135
119111.49,-1.4013554,0.686584,-0.66166276
131572.95,-1.279808,2.9414778,0.5555977
130305.836,-0.980585,2.8937101,0.38427794
117624.055,0.6157948,1.5882972,-0.6594
118981.73,0.21186373,2.1631546,-0.86561745
115656.945,-2.8531005,1.0678401,-0.78591955
128756.65,0.042904574,2.2990196,-0.44218075
117541.5,0.9342102,2.7154915,-0.2271905
133942.5,-0.86893064,3.0909662,-0.44303235
116026.97,-3.6947172,2.9336028,0.3745142
131000.28,-1.125298,2.7378082,-0.6146657
132315.05,-2.8435922,2.9936192,0.5135069
116690.29,0.310016,0.5753914,-0.6183793
128504.83,-0.31635168,3.10855,0.4392064
126909.27,-1.8367213,2.8127618,0.60393053
134377.4,0.3433668,0.8683749,0.85346925
125200.52,0.94117403,1.6879097,-0.5973685
116494.01,-0.36444128,3.063744,0.613762
119469.4,-2.405692,2.205309,-0.6590616
125625.07,1.3834132,2.1115885,0.6064545
121746.3,-3.7114372,1.9427899,-0.4112082
133296.84,0.17033127,1.4154521,-0.6957546
124155.664,-1.3464448,3.130466,-0.26404625
132601.84,-3.294706,0.20343037,-0.3514183
125750.59,-2.0826652,1.959543,-0.9475758
129870.27,-1.7000645,0.05212304,-0.42672032
123409.95,-2.0787838,0.6290485,-0.7410661
133028.44,-0.9700696,1.6806419,0.71155494
122496.19,-2.3117273,2.7576818,-0.7480166
130347.98,-0.8218811,2.9285672,0.6745351
130034.04,1.417273,1.6519456,-0.9069322
127095.13,1.2096789,2.146224,0.5978139
122593.195,-3.0387754,2.2093232,-1.040137
131092.17,2.0677023,2.4112558,-0.7321964
125495.96,0.7428809,2.679565,0.78754336
131959.31,-1.4501747,2.5138683,-0.44061238
126759.445,-3.102985,0.8746905,0.56177855
118219.02,-1.2980349,1.2858398,0.5945128
122354.32,0.2580026,0.98838925,0.55433
131911.28,0.6752639,1.614915,0.6499742
128141.734,0.79421306,1.9206142,0.5962358
126224.55,-3.0316243,2.7343628,0.3667724
129565.55,1.6341751,2.612753,-0.5647402
129993.414,-2.6626885,0.24484558,0.36618415
131200.06,-1.629495,2.1060212,-0.58494174
123124.43,-4.273724,1.4247088,0.3019098
125697.42,-2.4649916,2.7902436,0.4840003
132166.17,-0.90417117,3.0210705,0.712991
121623.05,-2.9838333,-0.0072656535,0.37765846
123828.055,-1.980398,3.069492,0.42068264
126113.086,-2.1727474,2.1411388,-0.5952835
133092.33,-4.2138715,2.6169071,0.5989506
133515.56,-3.4104667,1.0103346,0.74211824
123699.95,-1.8193007,2.909581,-0.5497607
119814.66,-0.49026474,3.0172672,-0.5742845
132813.19,-0.73565906,2.477788,-0.6042891
116019.945,-2.6738532,2.550141,0.54497194
123936.54,-3.302455,3.1035042,0.57229096
121964.14,-2.6652331,0.43365747,0.54294825
115578.88,-1.9535968,1.3117154,0.8259554
116658.51,-3.626675,1.3699667,-0.6767192
117954.93,-3.596992,2.3451662,0.69684607
122824.42,0.85332596,3.0817144,-0.69737864
124178.5,1.8969133,1.0174326,0.79368067
121288.03,-0.70103604,1.415986,0.70110905
124970.836,-1.7089016,2.6905215,-0.3972173
131559.39,-0.32963675,1.9895979,0.93761086
134073.38,-3.0451772,2.1491299,-0.8470989
115381.875,-2.1164048,2.3326771,0.97177917
122638.36,-1.0790576,2.043722,-0.645711
121805.62,-3.4344106,2.9963531,0.68707395
133417.06,-0.6360317,2.3091946,-0.60275567
127944.19,-1.8331401,0.8544584,0.56239176
122923.07,-3.224587,1.828088,-0.6070332
125623.25,0.34145465,0.6108769,0.698747
131341.23,-0.57605356,1.7267753,-0.8980387
120513.41,-1.4496595,2.3007667,-1.1469223
123321.82,-1.3081983,2.6383348,-0.9300032
122554.03,-1.9394125,0.73248047,-0.4899216
115799.055,-3.3723528,1.330204,-0.8351014
124638.36,-1.1501968,1.6943887,-0.6801611
115174.03,-3.794536,2.5330286,0.4931334
115045.055,-1.9376498,1.4444091,-0.8392851
123098.31,-3.1075888,2.9904947,-0.6233048
117544.125,-0.40486267,2.6003308,0.6464697
124549.586,-1.2328336,2.923427,0.38119075
130615.945,-0.15972118,2.0057151,-0.8569373
128499.984,0.25754732,3.0449438,-0.6408548
130470.44,-2.7583518,1.7872756,0.9970641
130312.43,-0.8410318,1.4962564,0.8030733
124667.625,-3.6050038,2.9751873,0.45774493
126155.95,-0.70618623,0.9054063,-0.5418757
130458.61,-2.403074,2.1470122,-0.3098665
129367.42,-2.9640272,0.8537805,-0.5598031
115959.83,-3.5298932,2.4021661,-0.8055228
123862.68,-2.9505837,2.8075235,0.7823982
122300.98,-1.9465227,2.9422233,0.44668117
118294.91,-2.1926882,0.618286,-0.5208717
117861.125,-3.5225787,2.8238525,-0.740566
133263.34,4.138706,1.0468707,-0.7996063
115379.125,-1.4623746,2.4602077,-0.7594317
123683.49,-1.5713495,2.3286273,-0.9283338
128365.17,-1.9588637,0.62841696,-0.62780446
121260.414,-1.0210432,2.5285978,0.51490384
117525.37,-2.8766496,0.24929461,0.50910026
120189.336,-1.4588544,3.063079,-0.4695179
119554.59,-2.0972998,3.001959,-0.42670107
122364.65,4.950252,0.54487795,-0.50521463
120328.4,-0.2015092,2.8430746,0.6401645
127024.64,-1.5393332,1.161808,0.79415005
131683.39,-1.1533304,0.2764671,0.392195
115520.99,-2.2490807,2.2691715,0.6449328
131560.98,-3.0544214,2.338845,0.75264865
124367.72,0.19486184,1.310186,0.84810126
124298.47,-2.5981643,1.2085387,-0.7554262
126609.52,-2.6570177,2.9153023,-0.96648115
119830.27,-2.631791,1.567341,-0.6187106
129780.59,-0.92562175,2.3831873,-0.8069631
116645.06,-2.267777,2.6420627,-0.6058893
118771.234,-1.4933666,0.8234699,-0.8718973
123404.5,-1.199115,1.4747633,0.8091889
119062.23,-0.58440095,2.0754755,0.8757315
120211.664,0.77009434,1.5615411,0.5379806
125528.77,-1.1858698,3.0163274,0.47432283
116100.89,-0.22175366,2.8103402,0.37239707
115270.48,-0.6550232,1.846834,0.86299735
119039.555,-0.63038206,2.199151,0.53323543
116709.38,-1.0289325,0.31775975,-0.49325702
130222.39,-0.5359352,2.0983224,0.54147136
130860.445,-1.8650748,0.22925061,0.44211426
115248.69,-1.1691945,1.0709119,0.58483
118144.57,0.30279934,2.6493661,0.4929924
120597.805,-2.3171432,0.9217727,-0.7751882
123799.836,-3.957368,0.5071287,-0.686726
117774.22,-1.288268,2.7548373,-0.124664806
120374.67,0.14430287,1.8115507,-0.7016545
121201.56,-0.3109273,2.0707989,0.8833721
117001.92,-0.9158317,2.370938,-0.6018689
128644.48,-0.48215058,2.652889,-0.6590131
122711.59,0.8224398,2.952031,-0.64738864
128743.39,-1.5368184,2.1831682,0.522204
119014.02,2.5201082,2.7734034,-0.41407964
120242.61,-2.2351122,1.3790241,0.51301956
121939.266,-1.7528456,1.2718227,1.32118
126171.51,-2.9018404,2.9769485,0.7567182
115079.86,-1.2401415,3.0329716,0.44750738
117292.8,2.2140813,1.5015831,0.76938325
118098.516,-3.1964812,2.5413814,-0.35433224
124372.05,-1.6126897,3.0639634,0.5202243
128712.08,-2.8290405,0.10182765,0.344362
120734.2,-0.65812284,2.7994423,-0.35431868
128644.75,-0.94176674,0.6946101,-0.73908746
115948.34,-3.0607913,2.616765,-0.43865585
129145.305,-3.7564971,2.0278385,0.56950647
124365.48,1.8974843,1.6835042,0.6642963
120236.516,-3.7323263,2.904515,-0.6135387
122677.07,2.425235,0.34045988,0.7598801
127052.92,-1.7584914,2.4848216,0.51370543
116937.42,-1.6857301,2.6126065,0.8208878
118195.72,-0.39146775,1.8650111,0.8136813
123900.42,-2.2845836,1.8306186,-0.92138094
115679.36,-2.5483134,1.4628408,0.6817201
123180.05,-2.2455218,0.4787415,-0.45549178
131367.86,-2.2264564,2.0047462,0.30632162
126124.484,-1.0148122,1.2630861,0.6679313
125193.875,-3.995614,0.06977129,0.36480018
127376.23,-1.5368239,1.4686072,-0.7617465
119159.805,-2.6547887,2.9412131,0.38342857
127506.22,-1.7411118,1.3248289,-0.5202045
123309.25,-1.9647838,1.5404056,-0.5816382
115843.72,-3.371203,2.7082615,0.5722954
127663.805,-1.7803415,2.9817004,0.36659986
132553.05,-0.769305,2.6118245,0.6162592
120699.164,2.111826,1.5024729,0.7723348
124583.02,1.5668728,0.18009949,0.43935433
131440.62,-4.233567,1.7879369,0.44983056
122733.0,-0.7689906,0.93195647,-0.7522461
134433.52,-2.3271146,2.6998749,0.43972707
120921.06,-2.4501042,2.151944,-0.4577174
119381.47,-1.7567712,0.6647555,0.7293461
123785.23,-2.3181167,2.9030201,0.6498687
126348.92,-1.6875465,2.7270787,0.23497017
117296.52,-0.60625374,0.8603696,0.5456183
121466.24,1.4486201,1.4588158,-1.0041115
116374.47,-0.96016896,2.4508362,-0.8860391
116203.38,-2.304338,3.0099432,0.4795974
117548.57,1.1319288,2.1628957,-0.7108998
115329.53,0.23122445,2.1567545,1.0147265
133045.31,-1.6953793,2.8665304,-0.42366272
118865.234,-1.3528156,0.04276615,-0.50859874
117767.734,-3.4520915,2.7381299,0.5995298
120376.734,-0.18682723,2.832477,0.377149
117393.32,-1.724278,2.6805596,0.28470656
121544.305,-1.387479,3.0406883,0.41744873
131022.75,-0.21933594,2.7953713,0.8630312
126627.87,-2.0491812,2.9485147,-0.7893924
121129.375,3.2334802,2.6401858,-0.6488863
121002.62,-0.71688867,1.6518492,-0.506236
120785.945,-2.7378032,3.0007195,-0.7804317
115840.516,-2.2997594,1.4678558,0.5297679
130201.84,-3.1195009,2.3476655,0.719664
128466.195,-1.1361167,2.033088,0.58445835
133326.5,2.006735,0.42122427,0.42269567
127793.05,1.3746915,2.8868375,-0.8469379
130208.81,0.5439602,0.4392277,-0.65357554
130137.08,-0.56434625,2.8059747,0.49234745
117565.02,0.71836615,2.7167783,0.7873389
120402.41,-3.3202665,0.96163994,-0.77812535
115673.414,-2.7981286,1.6651627,0.6933562
118195.664,-4.07295,1.8094623,0.6116797
119373.22,-1.4280102,2.1391792,0.8189614
124796.5,-2.4112215,2.0632713,0.8372172
129416.94,-2.222593,2.964817,0.28565258
125660.67,-3.6650012,0.8870811,-0.50541115
117209.336,1.118849,3.020527,-0.038323347
124643.055,-3.1159656,1.7472227,-0.44486785
115044.98,-1.1360945,2.3723078,0.3955125
132245.75,-3.7784038,2.9660947,0.44560236
120779.3,-3.9952145,1.3694564,0.52125317
129395.07,-1.3258046,1.5829712,-0.72484094
134992.47,-1.7210963,1.4480003,0.4153569
126544.4,0.49189585,1.5794741,0.79131365
129443.45,-4.038646,2.7955103,-0.4034836
130556.77,-0.4148263,1.7355797,-0.63813967
116324.73,-1.25656,2.191466,-0.72047156
129012.9,-3.4302804,3.0810022,-0.40431732
126787.26,0.2969689,2.04443,-1.0096134
122567.21,3.143116,1.3473742,0.6824179
115401.24,-0.3579179,2.9270155,-0.58238494
120574.61,0.89868206,0.7111801,0.8312387
123945.4,-2.4601002,1.493139,0.64504063
117911.95,-1.8598374,2.4565334,0.5333273
117097.55,-0.85956836,0.43720967,0.5103757
123366.15,-0.7743991,2.7789078,-0.5684713
123304.555,-1.625785,3.1988425,-0.42973176
121551.12,0.29528856,1.0689518,-0.493243
125368.74,-1.30372,1.0032574,0.8293651
124118.76,-2.9335728,2.8492467,-0.56249326
119499.16,-0.049610827,2.392535,-0.6757871
130675.44,-2.7172296,2.2903688,-0.86929554
122348.78,-2.1226256,2.6169894,1.2989391
121478.516,-0.6936289,0.5418793,-0.4606895
125254.89,-0.62942874,0.9945704,1.0915707
118507.57,-0.4270472,2.715737,0.56573796
121785.34,-2.643277,2.0557275,-0.6742592
122587.56,-4.4591513,2.9579015,-0.7359649
115540.914,-4.051901,2.8695471,0.34059814
122864.06,-1.4872237,2.6305237,-0.5961812
130514.03,-2.977568,2.748873,0.45202187
128119.016,-1.6709403,2.745171,-0.4939761
121717.195,-3.4280825,2.9203832,0.49242857
119635.266,3.2146862,2.644734,-0.55928457
120957.36,-1.452161,0.5946246,-0.64627475
117891.76,1.1093565,2.6625583,-0.63718843
117991.18,-2.4086404,2.3705354,0.5803358
132475.98,-0.54700303,2.111126,0.5836055
116195.48,-0.39967698,2.8979983,0.6059703
124652.52,0.8371961,1.2662903,0.6602635
124829.52,-1.0938159,1.9069368,-0.5785815
126167.95,-0.8631002,2.975198,-0.32556906
124118.23,-3.4293492,2.8720107,-0.3724131
115452.91,5.097635,1.3156846,-0.9873866
127540.44,0.5580457,0.86341256,-0.8119248
117643.88,-2.3832715,1.9732716,0.6401408
117079.83,-4.016832,0.011313124,-0.4716334
127608.5,-0.41795868,2.8258483,-0.41835284
126350.42,-1.6599834,1.0963163,0.5637158
134242.33,-2.9999816,2.794481,-0.46671972
116924.47,-3.010631,2.3657093,-0.30311
125116.02,-0.08191979,1.111074,-0.7423926
123393.44,-0.22062057,3.007107,-0.6710111
129403.09,0.10240533,0.79368263,-0.512273
124010.6,-0.876107,3.0374799,0.5997733
126674.164,0.44585857,2.8073235,0.745606
116438.17,-1.6016016,2.4089074,-0.60442907
129889.94,-1.4469949,1.9771854,0.58839333
128084.59,-1.9359874,1.3024206,-0.52278906
129642.38,-0.104960814,2.8615115,-0.48352444
122210.77,-0.7220726,2.367912,0.9936718
128927.6,-2.6112578,2.747116,1.0190569
125055.5,-1.2780192,1.9545913,0.5217679
120381.4,-1.7378598,2.6350758,0.3732347
127991.055,-1.2113479,1.8723629,-0.58556664
115292.83,-3.651586,2.167354,-0.68839747
121455.72,0.88498163,2.5203636,0.7525374
128239.97,-2.0826876,2.4301355,-1.1458743
115744.336,-3.9318757,2.819735,-0.62240607
117784.04,0.39834723,2.993254,0.5267377
127337.98,-3.4109359,2.0547345,-0.85193795
125340.85,-1.412752,2.3855417,0.6357327
118648.75,1.3138586,1.7741802,0.7457149
134686.1,-1.6885005,2.5092206,-0.8208776
118724.86,-3.559495,3.0685647,0.7192764
121169.49,-1.2959496,2.8422177,0.50908065
121103.06,-0.8803597,0.656184,-0.46969202
115153.12,-1.760456,1.9545094,-0.4652214
115318.08,-3.2755344,0.21034773,-0.6957251
122265.016,-0.19580586,2.8440602,-0.97399604
124927.66,-0.6745537,2.371856,1.038636
134520.69,0.06666162,2.6509397,0.6296647
128001.93,-1.877071,2.6665509,0.53822196
123554.36,-2.5816479,2.7110837,0.82649195
116751.51,-0.5152882,2.5222318,-0.65140873
128116.53,-1.5931251,0.3005496,0.7376474
123156.26,-4.0334587,1.6864669,0.6372554
120490.75,-1.7949064,3.013569,-0.5363948
131987.05,-0.13327228,2.434094,0.5975084
120704.664,-0.7414316,3.0322037,-0.24044599
125464.914,0.20453066,2.2528353,0.7501137
128997.56,0.6042834,2.782206,0.663935
118941.17,0.5246233,3.1072128,0.28445524
122103.45,2.187348,2.616744,0.49545053
131909.16,-3.6807213,2.809964,-0.73333347
122925.445,-0.1631425,0.30603635,-0.34401074
128993.68,-1.437158,1.884568,-0.4928258
119103.7,0.39759573,2.9945974,-0.41863742
119600.266,0.5813495,2.5047064,0.638845
129585.61,-2.5514345,2.938966,0.71968484
121515.14,-0.72785103,2.8135865,0.45983282
122516.734,0.6335124,1.4590787,-0.67880154
127444.7,-1.7215282,0.5648412,0.52002084
124024.945,-0.3406119,2.12678,-0.588691
128159.15,-1.7611765,1.3365331,0.6133913
120037.8,-4.526271,0.053460408,0.3366004
122927.086,-1.0469751,1.2093459,-0.63000476
115259.49,-3.3136868,1.978677,0.5838369
119670.03,-0.3969703,2.3286865,0.54889625
122078.41,-2.2505658,0.70677996,0.49200344
117824.664,-1.9828681,0.25352862,-0.55415595
131130.67,-2.350744,3.092769,0.28793174
115704.086,-1.5080764,1.6498846,0.64368665
120415.82,-0.66020924,2.8728933,-0.6116196
117953.16,2.3942125,0.16260304,-0.6997869
117652.555,0.2954346,0.40075278,0.4900993
132337.52,-3.7473085,3.0644076,0.60115904
119038.445,-3.4619215,2.7229872,-0.6485424
133532.17,-3.1465306,2.2013578,1.026364
122777.2,-0.89033574,2.6563594,0.5780094
118161.7,-2.5252657,2.9918737,-0.43563575
133952.12,-0.9475703,2.984703,0.4222217
132134.64,-1.50739,2.9912088,0.3967428
125582.9,2.47238,2.6287653,0.5708503
134689.39,-2.885445,0.27619892,-0.7445433
124497.46,-3.1082888,2.272892,-0.8130127
124804.89,-1.9635397,3.1189668,0.16469592
115960.87,-3.1980512,1.2560451,-0.52219397
132119.77,-3.5963492,2.2655365,-0.5885383
124898.414,1.4326142,1.2323546,-1.0294464
130826.21,-1.0252284,0.13130434,-0.28957507
119471.71,-2.5099983,1.3771408,-0.9932082
117056.52,-1.8495659,2.0036833,0.51397055
123762.92,-3.7985797,1.9658935,0.6303043
127622.87,-3.5324936,1.6298022,-0.45000517
120499.086,-3.1096694,3.031502,0.8109069
118080.99,-2.6092594,2.2568657,0.545768
126916.3,-0.29724032,2.1661289,0.5261115
123096.49,-4.0011377,1.4695108,-0.5491315
124344.2,-2.4006996,2.5535967,0.30575228
134778.94,-2.638307,2.2807312,-0.7050811
116040.42,-1.0686641,2.9624894,-0.5974205
123734.22,-1.892999,2.6623104,0.39520034
118316.055,1.0938135,1.7838552,-0.8510654
128831.43,-1.4442761,2.8030796,0.6974951
120257.414,-3.060655,2.7535229,1.0833682
116007.836,-3.1645217,2.4582381,-0.7749009
118804.95,-2.958981,1.6030257,-1.0420166
121315.51,-2.1520677,1.6781486,0.69512075
134181.39,-0.6680982,2.8968334,-0.5822813
121653.914,-1.9299407,3.1797063,0.73705846
119472.086,-2.6859977,1.6560025,-0.53949803
121389.9,-3.3223438,2.5307808,-0.9855854
129957.97,-0.78394806,0.3427507,-0.5348117
127150.71,-0.14389165,2.2163389,-0.81508136
133869.52,-1.5505798,2.6135724,0.90270334
132691.27,-0.56633896,1.1867328,0.5091224
132416.53,-1.0152503,2.9660153,0.36195898
119034.68,-1.4484193,1.1821253,0.7478354
126534.41,-3.4760969,2.9727042,-0.3946137
116640.086,-1.3230184,2.5282757,-0.41841418
117798.98,-2.9394133,2.55909,-0.5305625
123826.7,-0.6008927,2.7693884,0.6637938
124126.78,-1.442366,2.4837852,0.6995479
134744.98,-1.3510437,2.9899054,-0.681888
117897.46,3.264086,2.8251126,-0.5167855
128006.09,-0.58164257,1.9433901,-0.9987367
126047.33,-1.3544302,2.7027054,0.50750023
115361.06,-3.5786161,2.448969,-0.48911178
126610.03,-0.58503085,1.3655187,0.45541763
116246.125,-0.75617975,2.3959599,0.72514623
132760.39,4.061526,0.11290825,0.44352853
122014.49,0.0036706666,2.7598138,0.6810186
132470.08,-3.7083037,0.21748786,-0.4947196
117088.14,-1.053512,2.467361,-0.6885015
120305.96,-2.9965954,0.3816721,0.79368067
118810.55,-2.495138,1.1027074,-0.8276892
122793.75,1.8889376,1.8717507,0.60353196
133506.19,-2.9346418,2.94941,-0.41672048
116342.7,-2.4987369,1.1631074,0.5543935
128078.18,-2.1833653,1.6505092,-0.5227537
118474.42,-0.9079789,2.3865337,0.5103379
126177.76,-3.2132213,1.4081917,-0.6592027
121320.67,0.21406965,2.4058506,-0.3970872
127777.945,-2.0777586,2.716826,0.8171945
115419.14,-1.3428255,1.4989489,0.46912026
130673.25,-3.8490477,2.5003278,-0.5074033
123469.414,-0.6255015,2.6791527,-0.88967615
130002.83,-0.80947673,2.8861873,-0.33253628
125020.26,-1.8230987,0.08333916,0.29753757
122727.5,0.36157754,3.0458002,0.7166249
127924.445,-1.7268386,-0.069865905,0.37389404
133194.8,-2.9286413,2.3521268,0.64991236
119251.91,-0.761072,3.0090537,-0.50633806
121691.086,-2.75088,1.6359435,-0.77710235
126162.12,-3.4192593,1.4222051,0.5259796
117353.72,-2.3875325,2.9751573,-0.43085006
115347.82,0.25572884,3.115535,0.41035116
115980.39,-3.341675,0.8170498,0.5678093
122915.73,-1.1924442,2.9291317,0.43783203
127752.88,-0.9141527,2.5987844,-0.9218245
133923.53,-2.7694683,2.5815532,-0.88377
129755.65,-1.6660615,2.897727,0.72387046
117000.55,-2.6548193,1.3103006,-0.6890745
132230.45,-0.7138751,2.0664668,0.735246
123129.74,-1.6053177,1.6281605,0.6509664
123860.93,-0.40539962,2.2260487,-0.8194148
126785.25,-2.1518192,3.009604,-0.57757777
133597.33,-1.8936076,2.567019,0.3879707
116585.414,-0.90977013,0.69282705,-0.36399695
125518.42,-0.46427974,1.6414051,-0.79235315
117877.84,-2.6749547,2.5130165,0.61164975
132406.89,-2.201487,1.9792233,0.4969247
125147.0,-2.4255698,0.87845874,0.5143465
116103.38,-0.66804826,2.3105853,1.0256573
133023.5,-2.7395728,2.9835792,0.16145898
127910.375,2.9827728,0.7220343,0.5924955
121147.54,1.7980298,0.7246604,0.43737143
116668.11,-3.4829226,3.0617852,-0.85557693
134148.52,-1.7834388,2.5736122,0.58681613
132978.47,-3.2417407,1.2998524,0.7262459
130674.18,-3.9844983,3.0139732,-0.36298233
121255.13,-2.6440501,2.3170512,-0.84327674
119921.016,-1.6021833,2.357389,-0.58830106
115756.04,1.3639785,0.063153096,0.4172352
115081.39,-1.9477987,2.840944,-0.55922455
116858.195,-2.764676,1.2010443,0.7289965
133284.67,-0.81561506,2.3517346,0.27602625
132410.47,-0.6942106,1.161155,0.6202669
125469.89,0.7644186,2.5464928,-0.46287724
130266.51,-2.5706322,2.989738,-0.4178031
117682.25,-1.21104,0.21705224,-0.47674257
121951.89,-1.4778098,1.747417,-0.62002105
124953.7,1.2079238,2.5481029,0.9522105
132553.12,-0.6770896,2.6210792,0.7466087
119179.15,-1.0700434,2.7577145,0.94818586
133578.5,-1.5929282,2.843617,0.6502359
118185.01,-3.263783,1.4610978,0.7654269
117437.27,-1.9934483,2.8747518,-0.7833655
126318.09,1.0733098,1.6760489,0.64075667
131264.7,-3.1274707,1.5632046,0.77615964
130452.0,-1.0779245,2.9664621,-0.8189365
124117.125,0.2266077,2.8404338,0.40687713
130172.38,-2.1311288,1.7750015,-0.7790407
117313.58,-0.9079469,1.9948554,-0.74829435
120403.76,-0.5810554,2.0526419,-0.752071
128661.39,-2.8312342,2.694801,-0.42059165
129773.734,-0.7355626,2.953305,-0.42211127
117161.5,3.8912356,1.0728914,0.7671608
122706.664,-1.2192881,2.5652196,-0.51292294
130108.12,-3.100484,2.928266,-0.33647144
122858.766,-0.59480023,0.68417794,-0.2986948
117134.78,-2.8114617,0.4391711,-0.32992038
119225.85,-1.5428486,2.6576786,-0.60461336
117101.44,-2.3519847,2.91449,0.7781133
130998.13,-2.6491916,2.156778,-0.7798024
125779.1,-1.1620581,2.7994454,-0.5061077
117713.25,-2.5812955,2.6909113,-0.6008491
120314.82,-2.768126,2.6729846,-0.7640603
118360.234,3.9346879,3.0589495,0.5217617
120073.96,0.41160268,2.1204064,-0.7329028
131105.52,-0.9205614,2.530648,-0.87659776
123444.85,-0.87427753,1.6657268,-0.7919462
123102.26,-1.9871831,2.6922052,-0.38408765
128631.02,-2.7042673,2.3274534,-0.70662737
115047.03,-4.5467806,2.1897085,-0.6527727
131646.56,-3.3807504,0.45586792,0.38051
129903.695,-0.42316332,2.7551043,-0.6511044
116179.945,-2.7524948,2.2624516,-0.76196253
116059.3,-3.7028244,3.0836036,0.5042125
116869.77,-2.6283057,1.7939868,0.68902904
117926.06,-3.2688344,1.3193986,-0.66501284
124432.62,-1.3705621,0.94933885,0.6600799
130905.55,0.85694015,1.371604,-0.77043027
116886.62,-0.9456079,2.7672634,0.5310226
126559.2,-2.255119,1.1272236,0.76214164
123459.055,-2.3593738,2.4343712,0.50077766
126964.71,-0.43109083,2.1069345,1.0966243
123725.125,-2.5066938,2.7837837,0.72507435
120960.82,-2.1538312,0.29773253,0.39950913
118236.03,-2.2969909,2.565653,0.15240665
119361.875,2.2632422,0.28621238,0.4109269
128711.19,-1.5986043,3.1101487,0.2824536
116277.445,-3.1199675,2.4103537,-0.4250556
123236.21,-3.7410803,2.9086697,-0.64076406
133867.55,-0.39765567,1.3332084,-0.5481735
120390.305,-1.4646838,2.6614263,0.51119065
131265.62,-1.5289705,2.2247627,-0.35609847
121196.164,-3.5210032,2.5487828,-0.50454235
123092.164,1.3046148,2.6855307,-0.5048402
121006.31,-4.1274343,0.80554026,0.6365714
134156.9,-1.2111527,0.19741023,-0.29442164
125026.125,-1.7087033,1.5218797,0.70559645
124979.98,-4.01803,2.8194816,0.38530362
115174.49,-3.7076216,3.1267028,0.32722238
115747.95,0.2414116,2.6391723,-0.5804299
115819.04,1.5584722,2.7626705,0.6710269
126144.64,-1.8310606,2.7511086,0.08018015
121061.06,-1.7316024,0.2854052,0.43277332
119112.336,-3.4610758,1.6202112,0.52434444
133664.17,-2.5229566,0.8622134,-0.64617854
127270.695,-0.7467227,2.965162,0.55658436
115061.77,-2.7921317,1.122201,-0.41507357
116039.18,0.36151555,2.7962303,0.337956
128138.516,-3.0986605,1.2716659,-0.0091046505
117963.945,-1.9802076,2.8634017,0.6611797
115948.38,-3.2197418,2.6368,-0.58264333
115038.836,-3.3844593,3.1577895,0.49454
121377.01,0.3972975,3.0933003,-0.7409966
128418.945,-2.486065,3.078137,0.50662106
118345.71,-2.9440882,0.50633025,0.08570482
130559.2,-1.8382314,3.0016887,0.50998133
131379.4,-1.8507609,1.0551125,-0.9838653
128784.87,-3.0828028,0.7630696,0.69251823
124349.9,-2.9830458,3.0227969,0.5399049
130291.77,-2.7795062,3.0929408,-0.62195855
118827.914,-1.4710735,2.8079891,-0.6779241
132860.72,-4.20093,1.6658056,-0.56099814
128820.52,-2.7728055,2.7960994,-0.7456075
125329.55,-1.9249023,2.14407,-0.7981558
117174.836,-2.78431,2.8536916,0.49356833
120135.336,-2.1282356,3.036,0.49168292
119649.336,0.73421085,1.2010348,-0.9569209
131039.336,-1.2882459,2.5806355,-0.78229225
130760.305,-2.0790074,1.1642517,-0.43985665
115611.695,-2.4968565,3.0199983,0.4847896
131679.5,-0.5564349,0.09437756,0.26014623
120135.22,-0.82519704,0.72973937,0.7876551
120715.48,-4.382874,1.892901,0.72255206
132753.28,-0.73322207,2.4389806,-0.81760406
115584.21,-2.7855892,1.2959146,-0.69910574
127187.625,-1.5876085,2.7876692,0.671336
130246.76,-0.069539815,1.7926644,0.4530759
115873.29,0.54128075,1.6061803,0.49205494
128855.586,-3.1799731,3.2584603,0.59953445
128347.3,-2.0918372,2.7596478,0.5442953
124537.3,0.020978043,2.0988536,-0.6042761
117994.92,-2.460311,2.9621074,-0.39078793
121246.05,-1.6299713,0.33202973,0.8361548
116757.62,-0.5066019,2.4208522,-0.6248331
127299.19,1.111994,0.31990185,-0.70035416
126221.8,-2.330061,2.3424902,-0.6891552
123896.33,-1.7665168,2.5071023,0.44994733
133766.56,-2.0699778,2.6727173,0.6638737
117957.16,-2.3675942,1.2942477,0.9678121
127958.0,-2.7522018,1.4966251,-0.7293265
129440.07,1.1177214,1.6155224,-0.6503838
134088.73,-2.1044185,2.59453,0.5251482
116910.484,-3.4224818,3.01139,0.6414248
127405.57,-2.8166451,2.119259,0.49555856
124419.32,-4.165057,3.1018934,-0.61211365
128111.52,-1.2413238,2.676658,0.6656876
128028.64,-2.4697366,2.1358497,0.9157265
116635.55,-2.6559289,1.7080286,-0.50810903
119508.53,-1.4020582,2.7770364,-0.87271327
122979.39,-1.99053,2.4396064,-0.7107792
122053.586,-1.9985895,2.2351341,0.7351863
130251.07,-1.7536288,2.4270902,0.6017496
131818.86,-4.354243,0.88373303,-0.40796155
129463.625,-0.7373769,0.608285,-0.42696774
128150.484,-2.891039,1.9663646,-0.7071868
120444.984,-0.8954195,2.4468994,0.6556786
121543.48,-0.55575264,3.0414371,0.4426592
132310.92,-0.13609158,1.4114596,-0.62016004
116981.914,1.9415495,0.8107526,0.86289465
123205.76,-0.050076805,1.5782813,0.665922
116203.68,-3.0366168,2.7441232,0.38418722
117137.13,-0.43073678,2.5708587,0.84082794
123400.0,-0.8433462,2.6954875,-0.5688731
124305.55,-0.7704915,0.89147997,0.8300166
129347.36,-2.1536467,2.942294,-0.45245412
124686.914,-1.0230515,2.8260117,0.46771634
133171.75,-1.7585483,2.580151,-0.7752073
130515.336,-1.4251286,2.9550433,0.31399426
119515.86,-1.9197721,2.5286825,-0.8086339
125579.18,-1.9602693,0.2830329,0.3975544
131242.86,-3.0577714,0.79526323,0.44011655
122802.125,-2.1553967,1.8665966,0.9519376
118274.055,-1.4628919,1.017966,0.9988333
132980.2,1.6073838,0.33131236,-0.624233
128929.44,-3.2774842,2.9970698,-0.8726687
117552.4,-4.0747895,3.0960352,0.54647017
130953.18,-1.5999068,2.5990875,-1.0251052
133890.5,-0.08226867,0.8807391,0.83422124
134376.25,-2.4326978,2.842,-0.614386
130925.69,-1.3694866,0.31838778,-0.3608373
118560.72,-2.6188014,2.5054882,0.64873856
121548.31,-0.24951337,2.735599,0.4981313
116150.02,-2.722215,2.4469726,0.4078292
126368.36,-3.5356283,0.12892,0.74115497
122162.66,0.91991186,1.1139946,0.63744164
127042.266,0.8496505,2.1753306,-0.46307725
133265.92,1.7010447,1.670466,-0.6762648
134759.77,-2.2026832,2.0625658,-0.7899387
120578.445,-1.6293957,2.4077468,0.67022526
116943.3,-1.1835276,2.620145,0.55973685
131001.055,-2.5788805,2.7766714,0.47218984
125002.06,0.4429215,2.7548225,-0.40769008
116713.71,-1.6315135,2.5734525,0.65020454
116142.734,0.031348415,1.4228532,0.6808316
117906.11,-0.49616373,0.2712734,0.7562972
127826.24,-2.7011402,0.76667726,-0.6182607
130917.53,-2.0153008,1.306476,-0.6120401
130395.89,-2.4443395,3.049075,-0.60029185
127615.266,-4.0638504,1.7968667,-0.59612256
118488.41,-2.2945685,1.8638079,0.72176296
129394.95,-4.166319,1.9742249,-0.44560513
128807.266,-2.883968,2.912094,-0.3231096
123502.05,-1.6082152,2.6457045,0.94839066
134665.47,-3.3406758,2.8473926,-0.43996942
120584.56,-2.1446116,0.80082065,0.9379843
119647.15,1.8914,2.193747,0.5598067
117717.734,-2.0902793,2.5215852,-0.4193714
118196.32,-1.8702897,1.6834662,0.53059244
126187.305,2.446708,2.3942251,0.929507
124299.18,-3.1835387,2.521804,0.6028245
131306.61,0.27585897,1.4508208,-0.46993545
124768.45,-1.6584549,1.551775,-0.7431004
131650.86,-2.7987304,3.1244566,-0.5242817
126677.76,-0.6021667,0.29824004,-0.52537024
122628.055,-2.6319957,0.17455034,-0.31387374
119701.25,-3.1180017,2.56286,-0.72509414
117488.836,-1.9263765,0.14858231,0.3459317
116071.53,1.236692,3.1148815,-0.16673605
116954.26,-1.438475,2.2228696,0.6616437
132726.1,-4.149227,2.6180818,0.5321483
116929.25,-1.5078139,0.8365708,-0.7154422
125895.3,-0.8892033,2.5540977,-0.64714825
123073.19,-3.380503,3.0801404,0.7073533
115245.17,-1.0467575,1.759189,0.47690806
122853.305,-3.1974754,2.3217835,-0.8991321
118071.12,-1.6762958,2.7734613,0.7703699
119037.16,-0.7297573,2.702489,0.64522463
117009.2,2.289875,1.1151118,-0.24396163
125812.875,-1.5539674,1.0682194,0.8988696
125291.06,1.6179274,1.441863,0.8023911
133142.5,0.17141648,1.6073035,-0.8268605
118575.484,-0.55608946,2.8620718,-0.51115006
124628.695,-1.399415,2.9062984,0.726194
123223.34,-3.365473,1.6312277,-0.6871505
128990.38,-1.402257,0.98402745,-0.69334525
132942.36,-0.13867323,2.7423048,0.3329499
119984.76,-4.121134,2.9708955,-0.4012325
129212.33,-2.37325,3.0029118,-0.48977587
130007.16,-1.0281252,2.2547448,0.5563819
124217.14,-4.0040665,0.91717076,1.0885621
125344.2,-0.50252455,2.21858,-0.7005777
116723.234,-1.9117447,0.58246005,-0.3109517
118330.81,-0.4026485,1.8021753,-0.6069838
129625.266,-1.4961737,2.0792608,-0.84704465
134266.16,-2.643656,2.901706,0.750308
116260.44,-3.2972271,2.5195365,0.48980376
121541.375,-1.4724636,2.9457374,-0.37159607
121075.33,-2.864176,1.4583893,0.84278643
117343.23,-3.715804,1.8097914,0.5284131
123272.875,-0.12448203,2.3273158,-0.8032217
122911.78,1.5834119,0.9070176,-0.7151456
129538.984,-0.39259362,1.9015028,0.82403183
116028.49,-3.6997979,1.3423858,0.2100747
128935.08,-1.5075016,0.22723147,-0.42419294
129128.14,-2.5851572,2.1827984,-1.126608
127110.17,-2.4716995,3.0867572,-0.7086808
121487.445,-1.4340603,0.12539698,-0.73058414
116257.27,-1.1226664,2.0588818,-0.6993485
115379.305,-3.4566693,2.8184662,-0.47277808
134736.77,1.1587449,2.9993265,0.48528695
127826.16,-2.5719888,2.5171735,-0.8157404
117581.6,-1.818638,2.0891137,0.9076136
116553.984,-0.45843107,2.0441017,-0.94420284
124354.66,-1.7515926,1.7250667,-0.579003
119325.234,-2.61786,2.8958857,-0.45870277
117493.32,-2.3059306,1.109172,-0.7022546
127831.13,-0.6469366,2.7417717,0.45018744
116435.24,0.17117299,2.3814528,0.6090595
122243.734,2.3599317,0.7946851,-0.57805216
122629.125,-2.9840505,1.2887473,-0.80669147
128436.59,-1.4872626,3.1702852,-0.29835397
131614.97,-2.2856457,2.7599888,0.42367554
115408.89,-3.4576178,1.7830405,-0.54942477
131884.44,-2.26452,2.534897,-0.34195188
132625.78,-1.946011,3.031487,-0.29276085
123466.41,-3.1621618,1.7426492,-0.5682266
128693.68,-3.1708853,2.5000513,-0.53870183
118469.16,-1.9298542,2.3943431,0.6346036
129651.68,-1.0633554,3.1122804,-0.44858208
132346.53,-2.7997818,2.5543022,-0.8666529
128554.414,-1.9581254,0.13318734,-0.507984
122552.82,-2.2615888,2.756917,-0.69165343
134252.2,-3.219805,3.0021832,-0.49961528
122447.96,-1.5387866,0.45408067,0.59592545
119539.38,-2.722525,0.13427745,0.3542751
123008.516,-0.40204132,2.8314567,0.543742
129696.08,-1.204354,2.6991594,0.4892813
130619.72,1.4533694,3.0054924,0.31192952
118391.27,-3.0659802,0.921794,-0.72146934
128833.63,-2.826502,1.0543529,0.47668347
129019.54,-1.3536577,1.1201074,0.6113412
117542.02,-2.5821228,1.9601665,-0.02072867
130143.6,-0.03647626,2.620917,0.8658063
119686.25,-3.1737854,0.22266617,0.30997282
123340.95,-0.9924239,3.0729892,0.50927067
125363.45,-3.0642169,2.4059815,-0.80049324
122218.9,-1.9091032,2.9309287,-0.610898
128349.34,-2.176582,0.8918303,-0.43125272
115159.19,-0.69091225,3.0303814,-0.5273513
119167.516,-1.9577999,1.875645,-1.0323737
129153.555,0.029594362,2.1068733,-0.78893703
117033.67,-0.63062626,2.0913863,0.79780763
130094.055,0.22028822,1.2333483,-0.6509776
127951.31,-1.2076617,2.253907,-0.753824
120713.63,-0.59174913,3.166872,-0.88018906
120139.164,-2.70386,0.70294935,-0.5571036
117801.48,-3.2739832,2.940617,-0.6813131
120057.76,-1.2554548,2.781131,0.4859153
125549.016,-3.688449,0.8261173,-0.5231439
127948.44,-2.1491299,0.45508608,-0.6454947
129245.03,1.9692651,1.8610754,-0.7883158
132356.48,-1.4752519,2.7544851,-0.6715137
132304.69,-4.0985327,1.0335627,-0.38427714
115006.11,-2.5458221,1.1499649,-0.69069993
124191.59,-0.8476209,0.45934096,0.6155063
122372.07,0.6981234,0.32785368,-0.73439074
132094.28,-3.374449,0.121996105,-0.43335748
132809.56,-2.5424895,2.996157,0.74225193
116855.95,-0.13013716,1.3206891,0.8718044
125757.58,-1.3667331,3.0822146,0.46778888
123070.016,-1.5116899,2.8475413,-0.7379043
123924.41,-2.520787,0.5985432,0.66013867
125842.92,0.8836522,2.807702,0.48328462
128338.56,0.9622475,2.3126493,0.70499694
124663.125,-2.4515245,0.96955866,0.7073653
133344.66,-1.0211768,3.0507107,-0.28473216
127859.73,0.8492186,2.4754455,0.7505483
122785.54,-2.573275,3.232213,-0.5250797
117433.66,-0.5758159,2.8352952,0.3021531
125298.39,-2.8545156,0.7729877,-0.62378025
118728.305,-0.27406943,2.3744035,0.49120218
127046.195,-0.5546664,0.47393763,-0.4626964
124018.19,-3.6287367,2.958783,-0.3599626
132254.95,-3.1949813,1.6620661,-0.6602224
133947.5,-1.9866799,3.0256693,0.45849788
118645.42,-3.594967,2.1502411,-0.9223384
119098.07,1.9901409,2.5230803,0.45647058
119566.5,0.98645294,2.8751874,-0.5732218
120304.86,1.2961789,2.7038996,-0.5227654
133731.86,-1.3636223,2.090391,-0.623635
115180.89,-2.851046,2.1126795,0.43804985
121935.59,-3.5215101,2.4715521,0.64484656
118633.76,-3.1887214,2.417207,0.5182331
116233.38,-3.9425406,2.5112214,0.52715015
118193.65,-1.2449216,0.12103515,-0.5873933
123513.55,-2.71082,1.2423335,-0.50343704
133592.42,-1.6452339,2.0535605,0.89449275
122217.445,-2.103161,3.0120087,0.40881264
120243.74,2.8013678,1.6234363,-0.51853305
118085.35,1.1912429,3.0214858,-0.3961771
128092.92,-0.67454064,2.6075664,-0.67907625
116258.53,-2.9853458,2.6124995,-0.53232217
124557.984,1.417198,2.7553306,0.77637446
119087.14,-0.19471891,1.3648056,0.98692036
134329.38,-0.18564625,0.6718233,-0.7556256
125349.2,-3.535888,1.6764854,-0.71076435
120608.21,-2.933993,0.2815505,0.45359373
127082.61,-0.37481612,2.8842447,-0.33499092
125759.45,-3.8602898,1.7112312,-1.0117544
134808.58,-3.8509054,2.3627744,-0.6577402
115539.01,-0.5489858,2.9456804,-0.75291204
122686.64,-2.6859882,0.34042946,-0.39316645
131501.06,-2.561886,1.4474478,0.82830584
131794.84,-3.4367394,1.1207564,0.7039007
130645.75,-2.8737519,2.315105,0.8332594
126664.266,-2.5217397,1.2441472,0.3485658
132016.55,-3.9517665,2.74961,-0.61178344
118865.7,-2.1752267,2.79479,-0.45461172
132513.34,-2.018523,0.19988056,0.3307392
122696.9,-0.5057385,1.7950827,-0.7100228
129110.28,-2.7827885,2.3580017,0.56600124
116705.42,1.5581305,1.9761356,0.75764745
120412.055,-1.4647607,1.434489,-0.50393414
128513.01,-0.6490044,2.801571,-0.5118658
122085.54,-0.6748158,2.5513873,0.7811925
132229.83,0.27075696,2.9288993,-0.482928
121377.586,3.2154865,0.6703542,-0.60476106
116088.58,-1.279248,1.1377143,1.0200772
117460.555,-2.8650813,2.7049103,0.68615234
123271.95,-1.4875107,1.7720484,-0.46161494
115989.49,-3.267253,2.865547,0.36389446
122904.37,-1.493266,2.9303782,-0.6677438
129261.75,-1.0981658,2.0258265,0.46536446
132764.45,-1.057371,2.9245315,0.61358577
115109.766,0.68490446,0.9428745,1.1893843
116251.23,-1.8737369,3.0307,0.7071469
115936.19,0.29171467,0.6048162,0.7504488
121044.58,0.15934268,1.5047137,-0.79646796
121304.2,-1.8999261,2.645916,-0.084255695
119738.56,-3.7331142,1.8592522,-0.8311536
115342.984,-1.6387887,2.1789877,-0.6451714
119960.7,-0.4748895,3.047913,0.59121937
123995.375,-2.0024693,1.7513378,-0.7769175
118016.766,-1.5073421,2.5333757,0.54513985
116085.9,-0.3345056,2.1439874,-0.46316344
117119.74,-2.6158087,2.0392315,1.0777752
115453.93,-1.937376,2.9031231,-0.5087226
122955.29,-1.6334866,1.7452638,0.6696572
125030.49,-1.5411183,2.9650838,0.55939674
134403.75,-3.0524414,1.3317571,-0.61278725
123489.93,-0.6745933,2.409732,0.85961586
118679.67,-3.9368503,2.8276274,0.46122822
129873.3,-2.8817687,1.5997539,-0.5753411
129891.36,1.4138559,1.4565588,0.74155605
125750.58,0.40819514,1.9516772,0.5198246
118241.39,-1.284949,2.3929007,-0.8896156
118601.28,-1.5509845,1.7865934,-0.487922
124546.734,-1.6563827,2.2916956,0.7071075
118433.09,-3.0255313,2.3882718,-0.61308575
116321.09,-3.521215,1.7412862,0.6198627
133909.12,-2.2814496,1.0451596,0.7319402
116114.77,-1.6258863,2.9624083,0.0871756
118780.375,0.12780726,3.1925545,0.35099968
123033.81,3.0665948,0.3987615,-0.692165
126769.016,-3.5302866,1.225223,-0.5946581
115695.46,1.2445065,0.17818245,-0.5604469
126084.24,-1.4889758,1.0623183,-0.53468305
118022.3,-2.394922,1.899838,0.7136231
115819.414,0.5623872,2.54375,-0.6180338
129443.27,-3.429413,2.4534957,1.0032698
115924.57,-3.8938742,2.2881436,-0.62335265
131682.11,-2.665055,2.32434,-1.027958
117892.22,-2.7631607,2.9780316,-0.4586461
132991.06,0.078816354,3.0599136,0.5168378
132135.48,-0.19433352,1.8053794,0.5748445
117593.02,-2.7471955,1.9793593,0.7723177
133004.33,1.6658087,2.2978134,-0.88232595
124793.72,-3.4353437,0.5629583,0.28502405
117776.83,-1.572569,1.7425153,0.5308771
131479.55,-0.15403713,2.3803246,-0.770114
128988.68,-3.066852,2.4433732,0.5468212
121884.805,-0.25452688,2.8193586,0.63467515
118023.836,-2.9571755,1.863379,0.7512957
126842.695,-3.0974853,1.5332153,-0.5193289
134085.5,-2.7394996,3.0957103,0.58492035
122803.23,-0.9517125,2.2258499,-0.5825748
122898.01,-0.4085702,2.9880922,0.40942565
116932.42,-0.96644646,0.79671156,0.555292
115001.95,-2.8595753,2.111464,0.44232693
120574.37,-1.442344,3.008368,-0.26910836
117811.33,-1.5326968,3.0374835,-0.7973867
123063.91,-0.29204428,3.0476444,-0.38910395
126445.32,-3.5468814,2.1356032,0.45012096
134845.86,-2.5026145,2.6885448,-0.72806877
129313.34,-3.3738544,2.1492913,-0.4733091
134253.19,-3.1389675,0.6883196,0.7634288
126794.84,-2.1842716,2.4706373,-0.6753824
119770.15,-1.0774292,2.3505752,-0.33276257
116357.984,-2.4482458,3.0377407,-0.39786002
120147.805,-2.4300835,1.3716655,-0.5082585
133375.17,-1.8442879,0.81020474,-0.63730365
115652.13,-3.8427281,0.8667945,0.46827677
121714.445,-2.5856934,2.759577,-0.43788686
127602.016,-0.8514631,2.9926763,0.37841067
120278.88,-1.4215109,2.3457196,0.61168826
129943.07,1.4649711,2.827961,-0.6997485
118008.51,-1.5498606,0.3831494,-0.7451654
121197.2,-3.776392,2.0153627,-0.74723166
122891.7,-4.32887,1.8670291,-0.6426911
117807.17,-0.17871924,2.759579,0.31547287
123738.2,-3.8928082,2.3816307,-0.17805472
129881.24,-2.17843,1.4552059,0.71205246
133206.86,-3.1256282,1.1761943,0.9833141
127029.414,2.844417,2.4126723,0.68199295
129200.85,-0.48143834,2.9141257,0.36610556
131559.11,-3.2637923,2.268701,0.6327414
132848.45,0.12256507,3.0332005,0.4607086
131794.27,-3.1989782,2.06469,0.21380879
121238.59,-1.5264167,2.8792915,-0.6286466
123034.3,-1.8072844,2.976489,0.70640004
131577.12,0.30978665,2.9592001,0.38650167
117524.53,-2.1968923,2.8146725,0.48166803
126116.336,-1.6988277,2.2628224,0.6699356
116282.63,-3.552084,3.0648134,0.6367805
130706.88,-3.4794793,0.5297126,-0.42860296
115379.07,-1.8743926,0.17078216,0.36994034
115040.15,-3.0326395,0.41751972,-0.44555432
124892.28,0.9049647,1.6395633,0.59548753
115604.35,-3.0306253,3.0761092,0.5369856
130911.78,-1.0106115,1.1767085,0.5074421
132848.66,0.5441138,1.1315998,-0.59206873
123967.86,0.1690759,1.8478854,0.5986121
131279.23,-1.0752168,0.30096373,0.50947726
116556.805,-2.7495878,2.8536372,0.36708665
123017.734,-2.2456143,3.050658,0.6565499
131948.89,-0.18574062,1.8266209,0.4073554
133662.1,-1.7557824,0.64099693,0.6886788
119863.195,-0.4658227,2.1112201,0.6705536
127193.31,-0.28573063,2.528659,0.47980544
115602.11,2.6208103,1.0316662,-0.6655419
132632.95,-4.71968,2.1371076,-0.6952784
132166.33,0.60882884,2.7105706,-0.6770814
118259.98,-0.33026943,2.5081565,-0.45836544
117055.664,-1.2628237,0.3515898,-0.53161716
116660.77,-3.4056947,2.2685983,0.574386
122852.05,-3.6272428,3.000007,0.64034665
117733.72,-3.523249,2.6630158,0.43346658
117609.73,-0.044129625,2.6394072,0.38993025
125777.734,-0.059350252,1.930506,-0.39797348
121096.86,-3.5480042,2.9156795,0.2184796
116287.46,-1.8228321,2.3505538,0.66752934
121905.6,2.603546,0.87069935,-0.71634114
118856.875,-0.7435507,1.5297003,0.9843073
121555.87,-0.15032995,2.582545,-0.6048427
118434.77,0.022467937,2.4577997,0.55139023
126698.72,-0.6062169,1.6089517,0.8084427
119346.44,-0.06759151,3.1024528,0.5688571
130195.87,-2.2760837,2.4775686,-0.69372743
116201.15,1.0219721,0.9110339,0.9126808
115209.805,-2.508269,0.9976993,-0.7264153
127565.07,-3.7845578,0.18120529,-0.555171
133935.16,-1.1564856,0.9057413,0.52700007
118695.37,-1.2788653,1.5104629,0.63027436
125417.086,1.2328188,2.70588,0.88252234
129323.06,-0.26333812,3.0629668,0.46572274
132625.97,-1.5202229,0.5980258,0.46779424
130609.63,-1.7022043,2.9460218,-0.53534436
130143.35,-3.5001194,0.42449978,-0.4144397
132858.58,-1.5652597,2.620499,1.1289129
120893.21,-2.952093,1.0233377,0.7027007
130372.67,-3.7587917,0.8911918,0.43505678
131125.17,-3.6034143,2.6032083,-0.5019111
129181.734,-3.1370065,1.2008077,0.5629654
116613.79,2.5924718,0.904215,-0.6265532
115428.48,0.028358294,1.7087511,-0.8998018
128933.03,-0.8371841,0.904574,0.5788474
134104.22,-2.0091982,0.513183,0.63136333
117670.07,-3.716967,2.3760655,-0.65030897
131164.44,-0.45186394,2.8169432,0.62137675
131859.14,-2.6459737,2.648169,0.46861795
128845.24,-1.3928379,2.840878,0.23814757
119746.69,-3.01325,1.5221417,-0.5832001
130389.02,-3.61968,2.8718452,-0.58394516
125913.08,-2.6380236,0.12295579,0.55633575
133873.25,-2.2366662,0.25113842,0.41696015
122755.39,-3.3561924,3.075912,-0.36814398
131619.62,-0.9424586,2.5581744,-0.8121448
116478.59,-0.27225995,2.8885443,0.47611216
124041.96,-2.692458,2.8966312,0.46245247
115353.84,-1.3999443,2.996016,0.9977153
123118.45,-3.5098414,2.739234,-0.7444614
121025.945,-0.529645,2.7347574,-0.51343477
125602.1,-2.2043266,2.63048,-0.75412524
118710.83,-3.3298616,2.4511137,0.53189427
123272.9,2.281947,0.7944829,0.83139825
131228.42,-2.3294907,2.2061968,-0.538511
128604.12,-1.1718127,2.9608736,-0.5015768
119742.6,-3.54949,3.1555839,0.8795865
121058.19,-2.201123,2.814429,-0.6284908
128456.88,-1.6471388,0.6300567,-0.5462166
120615.05,-3.8518698,2.2064805,0.52766854
126455.76,1.2582159,0.5335878,-0.792561
115194.57,-3.7099962,2.1112545,-0.7757311
132600.05,-2.2623937,2.751476,0.5279222
134304.25,-1.0644372,2.5370495,0.78770506
116032.7,-2.721301,1.7069436,0.623759
123529.35,-3.1405065,1.5722218,-0.77608144
132744.16,-3.7478313,0.18803924,-0.74889576
132650.27,1.2978885,0.077695735,-0.34447724
123189.305,-3.4943666,3.0597537,0.45503938
119117.266,-0.5064349,2.2738724,0.559262
132698.08,-2.0594282,2.7438126,0.5104348
132841.62,-4.025912,2.9916434,-0.15326023
115833.11,-1.4106911,2.984463,0.97959316
125504.17,-3.4165,1.769634,0.3110983
117665.99,-1.6813874,2.8969996,-0.747286
127429.96,-0.5908337,3.020266,-0.753624
134059.1,-1.9031738,2.8716154,-0.7327932
120165.28,-1.0815159,3.1328564,0.24752308
115543.61,-2.8255494,1.978635,0.6655295
115893.53,-2.1170738,2.5224938,0.7311094
134603.92,-3.2850952,1.2956139,0.638859
127018.73,-0.72663426,2.1006079,0.699809
131821.77,-3.0200438,2.6010723,-0.42454535
123812.12,-1.894032,1.4129188,0.46239614
126840.8,-3.1497512,2.7642684,0.44779223
115646.87,-3.023922,0.15291946,0.45816454
132555.39,1.9307015,0.24847674,-0.3569608
129723.81,-3.6916685,1.4133351,0.5900953
127159.94,-0.80606675,1.0247574,0.77550435
115922.62,-2.2825844,2.9579692,0.38001817
119447.42,0.09793737,2.4382062,0.56768453
125176.17,-3.6596692,0.8391607,0.7194504
124990.94,-1.4957577,1.5232271,-0.691912
124603.28,2.3993468,2.7802207,-0.99216664
128051.74,-0.8021185,2.8509202,0.60801953
132438.16,-2.5485168,0.3426996,0.5987305
116895.016,-3.9179451,1.9899218,-0.7040573
127920.53,0.3278338,2.8316455,-1.1296935
125824.87,0.1604,1.7297523,-0.5265649
131052.41,-2.3957,3.0067475,0.44866836
134945.62,0.18397245,2.671223,0.6696226
123709.734,-3.7758555,2.4048622,0.5281589
123641.53,-2.5210843,3.0490768,-0.7200261
130665.27,-3.0232985,1.6930839,0.5264316
123868.14,-0.64312816,0.11635548,0.4942687
128655.64,-3.4445655,3.1228945,-0.6952608
133793.6,-2.5536878,1.8840923,0.28518572
123081.81,-2.4222004,0.2643924,0.87377733
129998.63,-0.4704866,1.6102456,0.62090296
117005.664,-3.0899274,2.37322,0.71847576
134086.92,-3.951314,2.962312,0.7611459
132796.03,-1.2199419,3.0465775,0.5439049
117919.49,-0.5164602,0.8014868,0.57688016
116235.24,-2.8024945,2.6172287,-0.6111542
128048.73,0.7550163,0.70949656,0.906459
126951.484,1.3531442,0.7918982,0.6513509
134896.53,1.9867603,0.32902312,0.5170255
122212.9,-2.6080725,2.466417,0.69509953
123906.36,-1.5722724,2.11075,-0.41589808
128238.055,-2.35859,0.9343537,0.4595266
116866.586,-1.8576391,2.5034897,0.6542333
126009.37,-2.9926128,3.0255928,0.6705967
122873.61,0.025935406,2.897241,0.2751906
121295.08,-0.72512853,2.9323823,-0.8252692
129563.51,-1.8875262,1.4417332,-0.65990275
123116.75,-2.4193974,1.7703098,0.5282864
119861.07,-3.1383686,2.756584,-0.5293558
128531.445,-2.6123748,0.35749882,0.6722287
116698.5,0.5480414,2.452685,-0.9754859
126321.65,-3.2334492,2.9671881,0.53928596
118465.93,-2.0239098,2.9754393,-0.6605489
118118.43,1.6357105,0.4602049,0.6444275
125150.36,3.8036582,2.1620502,0.79285985
128475.59,0.8618156,2.774166,-0.6519505
121069.18,-0.3365958,1.4117755,0.86640257
128180.445,-1.5703317,2.3114002,0.6833354
129815.39,-2.5744762,2.7594938,-0.4488531
118780.86,-1.4561433,3.1497338,-0.37314877
129022.66,-1.7979,2.1956923,1.0272356
117861.81,0.37701273,2.86909,0.5129942
132657.25,-0.50416875,1.3470987,0.4542315
126614.5,0.718714,1.3326472,0.8153599
126601.39,-1.5043372,2.8031116,-0.68535334
120773.016,-2.8809826,0.80036205,-0.48793414
126602.4,-1.3431982,0.91167074,0.7950224
118638.04,1.0708431,2.6737428,-0.29845825
128544.98,0.47283372,0.9876482,0.65365165
133129.4,1.3826334,2.5516818,0.5179864
115027.7,-2.0201912,2.638833,-0.6832127
124416.56,3.45195,1.7220674,0.6057564
121074.11,-1.7819371,2.0924873,-0.7169153
118935.01,-0.10911193,2.8837373,0.5835963
126933.055,-2.8283474,1.7708104,-0.63203204
128508.484,-3.0725312,3.0640094,-0.7767646
127270.49,-1.0822977,2.8212087,0.50236326
130934.79,-0.83388263,1.103816,0.97506404
125058.055,-2.8785496,1.7869678,-0.8721278
131409.39,-1.2435353,2.5009503,0.62545913
128451.05,0.44432804,1.9106386,-0.58953255
119418.05,-2.6227605,1.7974037,0.8386899
132356.88,-2.8024566,2.2613997,-0.8075711
126576.086,-1.4673864,2.9489055,-0.52603287
116599.77,0.11164399,2.9532814,-0.37928334
116032.28,-1.8093535,2.974755,0.517193
124086.33,3.0539558,2.9503536,-0.65444505
119914.05,-3.1410072,2.034157,0.74764806
127723.586,-1.5881016,2.1214643,0.5781338
122471.8,2.5896857,1.8009385,0.77533305
116832.24,-2.3203893,1.7950885,0.5259076
127301.85,-1.4274595,2.7546756,0.67178625
130124.76,-2.3788152,2.5779448,-0.4715736
122315.46,0.5017438,2.7009735,-0.658827
132943.98,-2.2784717,2.3017068,0.54904366
124071.45,-2.1465235,0.6368969,0.8380919
129275.71,-1.4159846,2.6977646,0.6599963
132381.2,-2.743124,0.6148621,0.7180155
117785.43,-0.04957225,1.8590062,0.85771173
121963.85,-2.7381098,2.6363218,-0.10106587
121013.91,-3.7805989,2.9221501,-0.7967706
123205.55,-2.3403263,2.3976693,-0.6144294
116704.6,-2.0168502,2.3345773,0.873859
130330.12,-1.7544516,2.7168732,-0.37282506
116946.12,-2.9319232,2.76319,-0.6598232
134236.6,-1.1944039,2.4743245,0.6512252
122907.75,-0.620602,1.155357,-0.6771395
127546.51,0.25774673,1.1226317,-0.43803516
127092.12,-1.6535021,2.158235,0.8756032
120438.76,-3.0543458,3.1296346,0.56464064
131721.78,1.1362057,1.8391199,0.6173161
116892.16,-3.072899,0.48249167,-0.6382717
129777.43,-2.1280072,2.8511355,0.6988846
125035.5,-3.4447427,1.3366845,-0.8586395
121545.55,0.9377968,2.0040553,-0.7324485
130729.96,-0.8826317,2.9679866,-0.41610727
124737.35,-1.4359254,2.387808,0.6574
130104.7,-2.1628458,1.1215436,-0.47161916
118757.45,-0.7973712,2.8548627,-0.23615949
115382.875,-2.1628382,0.9632465,0.8587882
116980.12,-0.7402965,2.7988894,0.3221316
130789.55,2.474757,1.674998,-0.7318766
128150.97,0.5234902,3.0470626,0.40723953
116604.49,-1.0512906,0.75150007,-0.65099466
133886.98,-0.004781028,2.514177,-0.5508746
117179.23,-2.983327,1.6584854,0.69098824
133142.38,-0.61705464,2.9813402,0.3880352
116068.77,2.4356775,0.09952227,0.6832416
133386.7,0.9311684,1.4348297,0.8013136
134553.27,-3.944868,2.7718596,0.78697455
134593.16,-1.5878671,0.7512846,-0.48665264
118132.01,-0.72851574,2.5568314,-0.4710128
125881.89,-2.5413306,2.464812,-0.898969
127611.11,-1.5387219,2.5367434,0.48357606
119651.805,3.0135136,1.3728871,0.34334397
118067.734,-1.0088307,3.0068507,-0.50909007
125595.78,-0.05818203,2.1957376,0.56756866
128200.3,-1.661183,2.5932322,-0.50169784
119959.4,-1.4739294,2.890512,0.6464781
115149.84,2.0616875,1.7672588,-0.6818178
126902.516,1.06189,2.5611212,-0.5569923
123649.3,-1.9576373,0.6741982,0.68476355
131713.86,-1.8699881,3.0696955,-0.8596025
125009.85,2.7784195,1.6232665,-0.67657346
115906.98,-3.0702436,2.7402656,-0.3824471
133803.83,-2.1790946,3.1136086,0.5069196
120570.5,0.3041136,2.639983,-0.9286476
124584.94,0.0900133,2.9637275,0.70628345
132018.16,-2.5778167,2.962149,-0.62971723
124342.29,-1.5458856,2.3529336,-0.65796906
133487.77,-2.3832157,0.041334473,-0.5567064
120912.984,-1.6998363,0.588694,0.5716801
132372.48,-3.6499367,0.5184547,-0.5113627
124050.12,-0.27005884,2.8515797,0.8967516
115091.77,0.081966974,2.0350628,0.6184045
132306.67,-3.7306452,1.9693599,-0.52476734
127742.305,-0.7584907,1.9849379,0.65617824
119149.336,0.09461731,0.14182222,-0.3225839
120392.68,-2.628216,2.761534,-0.49504402
118470.49,-2.8893082,2.6612859,0.5021898
121784.44,-1.1453075,1.9697948,0.41229412
127539.14,1.13244,2.24958,-0.56819075
129510.57,-3.2181208,2.574931,-0.97011465
129418.66,-1.7053019,1.7081547,0.8228094
119917.42,-0.72733927,0.7175508,-0.7393811
116375.15,-0.23456587,1.91401,0.5945358
118648.37,3.377456,0.17480268,-0.4524765
129491.89,-3.913253,2.0809329,0.3942522
120834.65,0.038880207,2.203215,-0.69967043
118731.28,2.5004807,0.7112298,-0.29889658
130624.02,-2.7613199,2.651653,-0.67250186
133355.27,-1.5767008,2.5176964,-0.9213718
115560.9,-0.47743258,3.141031,0.30948368
120935.09,-2.352233,0.7247773,0.74876076
123628.95,-0.3797659,3.014549,-0.5653536
118794.516,-2.4051254,0.81310356,0.60096407
122985.2,-2.3489764,2.82975,-0.42305067
117795.22,-3.5738833,2.929209,-0.662548
131653.84,-2.6250656,2.441108,0.5405705
119773.57,-3.9462442,2.3689342,0.52325046
130265.83,1.4674783,1.5080312,-0.7011306
119195.04,2.4354467,3.1169293,0.3559341
119209.98,-0.991184,1.18786,0.7052603
116199.81,-3.775538,2.4413083,-0.90450084
120754.05,-1.7993637,0.93616915,0.62265986
131016.47,-1.8426389,1.1141357,-0.62980527
125733.86,0.86163783,0.19756737,-0.43125325
115093.64,-0.276586,2.5515695,-0.7096357
115657.68,1.3987427,0.90114987,-0.6168924
120834.18,0.98880523,2.8643272,-0.6463523
130418.555,-0.8652572,2.3823895,-0.7008298
120840.09,-3.7978337,2.9962966,0.5155449
115505.47,-0.696245,1.8890529,-0.6662874
123874.14,-3.0012236,1.2085676,-0.801886
117057.3,-2.7310374,2.9699514,0.70253366
121769.95,-1.6622351,1.4014376,0.5247448
134969.03,-0.30246803,0.87662244,-0.4931521
130229.0,-2.167434,2.58735,0.4612455
128281.586,-2.5728228,2.822932,-0.050965827
121118.61,-3.1165106,0.47212255,-0.60043615
129858.52,-2.0357606,2.9234643,0.70850825
125883.2,-0.25805807,2.8422973,-0.51827765
126753.945,-0.3369364,2.0966914,0.6382477
122552.22,-1.6183197,2.835347,0.42649126
120314.0,-0.10916875,1.7960844,-0.9292281
133229.8,-1.2639145,0.5560575,0.52835214
130539.43,0.25656024,2.1140695,-0.79413444
121853.15,-3.034343,0.8301525,0.3558229
126075.74,-1.271036,3.0815182,-0.9346848
121319.67,-1.592272,2.681581,0.5190344
120211.24,-1.303741,0.291277,-1.0314885
119416.38,-2.002589,2.7022576,0.69700897
120554.01,-2.9057677,0.7369133,0.7866758
127238.81,-2.116254,2.989226,-0.5255506
125029.664,-2.156216,2.1148784,-0.4944729
129963.3,-3.5383277,2.5698981,-0.23769426
126272.74,-3.7356799,3.027997,-0.52008057
117339.02,-2.2412007,2.072236,-0.63038915
121427.78,-3.5071054,1.4777141,0.81656617
119830.86,0.60427445,2.903226,-0.34243807
117574.805,-2.2254975,0.5335634,0.60488796
125611.42,-3.3701348,1.8995235,-0.6813315
126775.28,-1.408674,2.0581217,0.82962334
121174.15,2.904143,0.2697087,-0.52902794
119083.54,-2.5579832,0.05784186,-0.11415782
116139.1,-3.078154,1.6481779,0.5692651
126846.8,-1.6134509,0.22330424,0.5409327
124013.81,-1.0933638,2.9698431,0.49786624
123237.73,-3.0353122,2.0223339,0.43194124
127651.72,-2.6064794,1.6417563,-0.63425916
127392.56,-1.3177108,1.917702,0.6978334
133844.08,-2.1616025,3.0292997,0.7772944
134931.02,-3.1529188,2.564016,-0.40981746
129242.17,-2.3312502,1.039507,-0.614669
116635.2,2.0114272,2.0963807,-0.60681903
124694.49,-1.0980253,0.9993365,0.6727096
119012.9,-1.454962,2.2728844,-1.0560449
129021.36,-3.7301888,1.0832124,0.8076108
116612.61,-2.7669802,2.9525821,0.4978805
132439.19,-1.3042008,2.2478447,0.78216505
122659.46,-2.2270648,2.2811182,0.46895093
124646.055,-2.4649708,3.0327075,-0.71466947
121255.84,-1.5005584,1.0091276,-0.92679906
115539.57,-1.5128908,2.6129825,-0.74226433
121815.67,-2.2374887,0.56997806,0.4704702
123786.0,-2.179525,2.7129443,-0.7861551
118614.06,0.9977673,1.2210656,0.63260114
119083.16,-1.2366272,2.793542,0.51514524
123387.164,0.1854279,2.9527552,-0.76065654
118650.27,-2.2518528,0.4850438,-0.6882097
134259.61,-2.6189756,2.5862064,0.7916388
116305.84,-0.4870945,0.04350416,0.2919833
126170.55,0.3375257,2.953087,-0.8647019
131873.9,-0.71037835,1.1018199,-0.5640825
115521.336,-0.19448885,3.0988557,0.56116235
115089.04,0.41140914,2.30804,-0.9847461
123177.29,-3.0686111,2.1155956,0.6416175
120043.42,-1.8151188,2.7480986,-0.8024139
119912.53,2.3399508,2.9571118,-0.49333927
120143.32,-4.039911,2.048305,-0.42821375
119447.516,-1.8551811,2.3412204,-0.63381547
118156.75,-1.9417971,2.8067985,-0.46677363
117813.9,3.0220232,2.725544,-0.4718835
117020.805,0.8721877,1.8144612,0.94203943
131850.78,-1.3968905,2.8053107,-0.7348984
129523.82,-3.3677406,1.542231,0.4476824
123451.17,-2.8965907,0.2749878,-0.46442395
133295.06,1.7329036,1.1540983,0.68481046
127652.38,-3.5156653,2.4454262,0.81047803
125489.09,-1.8335779,2.9746664,-0.4392949
126108.68,-2.0892708,2.8860605,-0.33915916
134393.86,-3.04784,2.7404397,0.6697144
121124.516,-0.9746257,2.601071,0.46943685
133146.88,-3.8312624,1.2608162,0.8250748
122422.47,-2.7375143,3.073631,-0.4463627
129899.19,-1.3055174,1.0649995,0.5265646
122276.65,-2.2998893,1.8426462,0.49955788
121708.09,-0.70118725,2.5147495,-0.9608219
133276.44,-1.7602338,0.9027625,0.8149697
118153.06,-2.7792664,0.93778944,-0.36967698
123176.766,0.63969785,2.3751757,0.80923736
117105.23,-0.2750813,2.8878844,0.56430835
115948.016,2.8097425,0.2955181,0.67646295
118577.086,0.7761979,2.4418783,0.6019988
118857.625,1.3392054,2.8247242,-0.41829598
129352.375,-2.011287,2.814655,-0.63589424
133089.1,-2.791735,2.7819424,1.0273
125897.13,-2.2164338,2.8161762,0.4557572
128793.68,-0.82877403,2.8720622,-0.6262652
132706.81,-0.72168446,0.27557287,0.033566073
126800.77,-1.7088269,2.2916572,-0.7710053
122608.58,0.44190687,0.3631766,1.0321041
129055.39,-2.4075782,2.2721364,-0.632425
119588.35,1.6782961,2.7050014,0.55953735
119095.09,-2.286621,1.3650883,0.5256211
115164.07,0.14832518,1.164281,-0.64213866
132792.45,-2.9880893,1.3712497,0.6702381
125202.27,-3.363078,1.9869039,-0.4841912
116906.016,-3.918811,1.8348867,0.6312218
131585.97,-3.6255038,1.996356,-0.7487783
132990.38,2.3084295,1.1320711,0.60477316
115158.695,1.6706827,0.27083147,0.47257575
118593.516,-0.6596069,0.31557173,0.45755312
127945.33,0.7716676,2.4135478,0.6694171
118810.43,-3.1504135,0.37258235,-0.68507624
119098.516,-2.470051,1.2172984,-0.5891171
132962.16,-3.0852392,2.8814995,-0.23733446
124126.18,-0.9331728,2.9129763,-0.39369723
119107.77,-1.1033409,0.9807903,1.0693814
128730.34,-2.2471979,3.0240583,-0.64274347
129056.945,-2.5387328,2.4856133,0.899289
116382.3,-1.2952642,2.745143,-0.76007444
119258.266,-1.4780251,2.7848988,0.40791103
127638.19,-2.4097672,1.8638709,0.52900153
131144.05,-1.6086141,3.117879,0.5885395
128078.07,-2.9621708,1.6626208,0.36246932
134549.39,-0.97783417,0.63675743,-0.53098685
133788.45,-3.0111873,0.24022675,-0.5465874
129458.56,-2.7673721,3.1017256,0.700024
131565.19,-3.1561766,1.4382627,0.6046828
122413.89,0.9041877,0.415404,-0.52336395
127622.46,0.045846827,3.0892465,0.5803916
116827.04,-1.5956142,1.1680919,0.7291063
127548.805,-1.0164468,2.6666253,1.0024055
132388.56,0.08932174,2.2317414,0.7929315
134507.48,-2.715639,1.9834979,-0.91113186
116967.46,-0.6395798,2.5904963,-1.0145042
127670.01,2.6327355,2.3448544,-0.60075545
116789.1,-2.5048454,0.6716526,-0.67384017
131983.94,-2.9242384,1.959478,0.45193043
133741.0,-2.556711,2.2711964,0.7940684
131158.89,-1.2019136,1.7057507,0.4210486
131273.3,-2.1971262,2.9532473,0.3509387
123687.84,-1.5941648,0.5848959,-1.0814911
130884.04,0.6750545,1.2590714,-0.9147109
125304.83,-2.5297642,2.9253964,-0.6506583
126903.9,-1.5196856,2.6640618,0.65114766
115126.19,0.25211018,2.8916626,-0.48136464
133924.95,-2.8386846,0.5939189,0.6334794
131247.02,2.6860688,0.683368,-0.4829395
128984.27,-0.37484437,2.6058831,0.79645663
122443.16,-3.7614765,0.24174032,0.5402767
122230.766,-2.0408714,1.9627371,-0.7667188
131734.8,-3.0715308,0.23006701,-0.61634535
118304.15,-3.3567147,2.3386903,0.66660136
118819.664,-2.6859136,2.0246437,0.4617129
120403.2,-3.5706549,2.4275527,-0.6797293
128523.055,1.0004634,1.0013425,0.59700215
115929.09,-2.7371886,2.7307346,-0.56553745
134980.38,-0.20089789,2.8733535,0.396313
122503.44,1.2804341,2.1303542,0.37006512
119246.8,2.055673,1.6650721,-0.69261134
126932.18,-1.6268812,2.4189875,-0.610912
125007.75,-1.2907628,1.2723771,-1.0441303
122591.65,1.7319695,0.61951333,0.40562043
116197.94,-2.3477137,2.6043274,-0.8600272
120916.65,-2.881774,1.6739377,0.6215083
116617.58,2.2964263,2.5423548,-0.8238191
117537.63,-0.23607229,2.532515,0.8011678
123265.414,-2.147754,2.629152,0.30627134
126861.97,-3.0157707,2.2970872,0.7036866
123657.016,-1.1881082,0.6681097,-0.68506646
126619.04,-0.29709634,0.050359163,-0.3811945
117907.06,-1.4981152,3.0249994,-0.65253115
127031.35,-3.3718212,0.992784,0.77498245
123414.86,-2.332049,1.247538,0.85641545
126578.484,-3.0629408,2.9987886,-0.99359214
117439.98,-3.1248832,3.0753744,0.5520093
127670.1,-0.7648281,2.3983805,-0.5289575
119441.06,-3.0180683,0.66858053,0.35093853
115203.6,-1.4341341,2.7844586,-0.3456028
124193.87,-2.9918075,1.325785,0.40964365
131939.86,-3.5017672,0.24381855,0.48438624
119527.92,-1.7944646,2.1655056,-0.539984
119355.37,-1.1888638,2.8000038,0.61964196
121160.29,-0.3097794,2.9704685,-0.60340273
119864.375,-2.7411718,1.9911693,0.8176246
131736.0,-3.3409445,2.4652286,0.52021354
123366.37,-2.2768414,0.277626,-0.51446164
123474.09,1.1205338,3.1197884,0.5237979
132672.86,-2.4427085,2.951325,0.6497448
128280.37,-0.32613242,2.0765824,0.53694314
133319.44,-3.0227509,1.2345804,0.7900771
121698.62,-3.4868085,2.7761862,-0.6295788
115436.55,-1.4719205,1.8774087,-0.5412811
121814.93,-4.1391864,2.6021812,0.45490086
116283.84,-0.40516162,2.602216,0.70750713
118951.96,-1.5500622,2.4615717,0.8297266
119215.766,-2.569723,2.5667017,-0.69219404
118908.01,-3.7499273,2.1663907,0.38151944
126379.164,-2.4617915,2.4281301,-0.4971846
121541.12,-2.119221,2.2300608,-0.58162916
123148.914,-1.6009166,2.9323406,-0.49650177
121079.91,-0.31297892,1.2407848,-0.6411185
120132.4,0.91771525,1.3223407,-0.50076056
115043.27,-0.38992584,0.7375381,-0.5001478
122437.64,-1.4260957,0.35768795,0.5218006
123647.35,0.5825955,2.3144689,0.80962133
129666.43,-1.6626763,2.3733077,0.9182349
119717.16,-0.3010918,1.3833251,0.61888814
117426.1,1.9948833,2.7584646,-0.3899387
133299.34,-2.4897046,0.8460034,0.6331161
117401.78,-2.8617396,2.8290305,0.5431903
126252.63,-2.7165716,2.6552863,-0.42690268
118830.336,-2.515957,2.1081593,-0.5829731
119240.11,-2.0660264,3.0465987,0.7144329
134593.27,-1.3011718,1.8359034,0.7219025
132810.12,-4.1678157,1.6271247,-0.51528585
129691.11,-1.0378888,2.1438723,0.56054914
133154.72,-2.6909554,2.4531083,0.5056346
124632.836,-3.4581535,0.2743707,0.18262126
116606.945,-0.6741525,2.889,-0.5471326
124179.56,-3.1956208,2.8361943,-0.498929
123021.74,0.8402104,2.3492377,0.5419591
118057.33,-2.4254675,2.5103052,-0.73032284
131009.86,3.5982413,0.36833116,-0.57806116
125426.57,-2.189205,3.0935388,-0.5816387
133879.62,-0.45415184,2.8603716,0.5963932
122410.49,-1.2701977,1.1195316,0.5668189
122636.914,-2.2653363,2.6663804,0.421552
134289.23,-1.6617699,3.0495598,0.85982674
122173.19,-4.0702987,2.4313724,-0.65118915
118015.49,3.1301856,2.7840953,0.43273002
122319.65,1.4155427,2.7381756,-0.5939243
125608.31,0.86778545,1.6040947,0.8616494
130264.91,-3.0906441,3.046205,0.4659789
127860.62,-2.6268437,1.171281,1.0939198
116475.766,-3.1041603,1.9576124,-0.6324664
122231.28,-2.5485287,2.979894,0.4226832
127362.13,-1.8249083,2.610241,-0.5277702
118142.72,-1.8984427,2.6489913,-0.43384573
124630.99,-1.5984589,0.82880795,0.8455745
124177.33,-4.1119266,2.1621168,0.5021804
127516.66,-2.1978884,2.8332317,-0.45991063
121117.64,-3.5721862,2.7844217,-0.5141355
129010.805,0.37264362,2.975981,-0.48880294
130878.14,-3.369023,2.3733153,0.4882772
119126.875,-4.9527297,2.6466198,-0.85699415
116465.99,-3.5081482,2.811412,-0.40885925
119831.336,-0.61934733,0.29440105,0.5537551
123987.78,-0.40272704,2.035049,-1.0547968
120627.92,-0.9284231,2.4917958,-0.502858
116455.836,-1.8939396,2.848963,0.43939802
121633.664,-2.4755747,2.9862852,0.6691317
123035.516,-2.350372,2.6145608,0.40716377
129341.08,-2.7679958,1.884584,0.6707447
131111.48,0.6554165,2.750876,-0.5438141
122436.75,-3.7859685,2.4631677,0.53118944
119518.375,0.19740252,2.9873173,0.6540488
121498.35,-0.49462423,2.72683,0.43095958
127302.555,-1.2778318,0.7363623,0.36396542
121728.41,-3.8929627,0.29624513,-0.2504018
122215.22,-1.3557307,2.9726906,-0.63630766
124361.46,-3.0392568,3.0001116,-0.67733437
133076.67,-2.050623,2.7347925,-0.306643
125937.26,-2.0411456,0.99075407,0.6612419
115876.13,-2.057408,1.8643886,-0.6806309
126295.086,-2.5574687,2.4332938,0.80980265
122084.28,1.7885938,0.4234158,-0.9394912
127143.01,-4.0694323,0.80069494,0.5940212
125640.08,-1.191912,2.9061728,-1.0188311
117864.266,-0.1919654,3.027779,0.6040368
131338.52,-1.2086774,2.650613,0.31339586
128600.16,1.025908,3.0620246,-0.490487
119363.21,-1.8932054,3.0832727,0.4573041
125159.984,-0.027655018,2.7336245,-0.4148366
131150.66,1.129715,0.98677385,0.6068552
129495.4,-0.3356001,2.6984413,0.77360845
131346.98,3.6367617,0.9563029,-1.0784477
118088.875,-2.5503995,2.5227637,0.019714754
118970.7,1.4813675,2.3944106,0.5358237
128974.766,-2.3104894,1.0157442,-0.51025915
115457.12,-1.1699095,2.8153272,-0.4404343
131563.08,0.23339213,2.3542445,-0.6547897
126762.55,-2.1467063,1.929873,-0.5970596
133907.78,-2.8175416,0.7398443,0.3654756
133172.83,0.443507,1.8526529,-0.7183198
123116.4,0.22490151,3.0611525,0.49068844
115507.19,-1.3707223,3.0248442,-0.43951556
122787.85,-3.0729861,2.9676394,-0.33099097
134898.72,-3.001749,1.8733336,-0.94344366
129853.1,-2.886491,2.149153,-0.69134456
134712.52,-3.3518918,3.0253844,0.42438555
118089.4,-2.7193499,0.62365854,-0.48931295
122827.98,-3.7614973,3.0071516,-0.6499473
132506.36,0.41841432,2.4639366,-0.62888306
119847.94,-1.227909,2.7489395,0.5301607
131617.36,1.8326273,1.916505,1.0639949
121737.37,-1.7237066,1.0576233,0.5792397
131202.89,-1.6793909,2.6922014,-0.3862931
121465.01,-2.7238474,3.0675902,0.4677158
130002.805,1.2519168,2.4663634,-0.47089535
115275.11,-0.9840741,3.0734463,-0.35686347
130453.945,-2.8981197,1.9620907,-0.7577037
124752.16,-0.10860875,2.7023478,-1.4264519
132917.11,-3.491923,1.9065057,0.5931481
120500.01,-0.6547773,2.4867566,0.74088204
122557.3,1.0125829,2.877076,0.35253105
115905.18,-2.1723852,1.4678435,0.47048303
132025.77,-1.417571,0.6047548,-0.58829814
129377.484,-2.0497327,1.2190809,-0.444033
120371.34,-1.0205604,2.8418145,0.7468741
128872.33,-3.1705477,3.0358741,0.5684207
129784.42,-3.7782195,1.6634737,0.81046253
120531.125,-2.7996943,2.6069322,-0.88930184
129361.17,-1.9272491,2.5138383,-0.4051542
128761.83,-2.0285275,2.6936357,0.8996632
127995.94,-1.9467435,2.6841085,0.20086052
116938.18,-0.3405475,0.71599054,-0.4487165
122348.1,-0.93509185,1.9133829,0.7142582
129648.98,-3.0449493,0.34423319,-0.5077856
128214.164,-1.5393039,2.7716417,-0.46442494
130469.125,0.8636016,2.5652595,0.81795335
116690.57,-2.5056398,2.9703615,-0.50905275
129982.805,-0.6073858,2.7071738,-0.52769333
122870.12,-3.6895752,1.9911077,-0.74230874
122386.14,-2.6989348,1.0700517,0.566759
133925.11,-1.5534797,2.265821,0.5759411
130434.33,-4.1147118,0.4625651,-0.48429915
117020.516,-1.6587284,2.9413404,-0.37992078
125443.695,-3.1722977,2.306588,0.6380637
127387.9,-3.3733683,1.240311,-0.5727582
133880.73,-0.47751385,0.36893606,-0.686799
125967.52,-2.5645044,2.7497585,-0.47924694
124428.625,-1.4928399,0.43843636,-0.5962671
130807.836,-1.9902893,2.9493837,-0.3323859
115337.32,-3.8316078,2.3441985,0.5432538
130367.164,-2.8629618,2.1172252,0.4365839
132591.55,-0.043549303,2.579157,-0.12828436
116880.586,-3.0813866,2.933001,-0.60608995
124735.984,0.29724684,2.7384934,-0.74587923
115397.6,-2.5385535,2.4862223,-0.5692817
128882.39,-3.5582535,2.9621396,0.62401634
115212.32,1.3872492,0.21908934,0.38903254
128073.38,-2.5812278,2.099725,-0.9939763
115764.195,2.037427,2.4731727,-0.4215462
131629.3,-2.4197574,2.3716357,-0.6518015
120182.28,-0.5755848,2.573846,0.52874434
129046.25,-1.3111392,2.281425,-0.9653631
117061.625,-2.80034,2.582694,0.7686007
133423.77,-0.6323724,0.12976752,-0.46753782
127213.586,0.81465757,1.0199093,-0.57673746
115792.18,-1.8722583,2.7326176,-0.59564704
123873.945,-1.4887663,2.6560419,0.53284544
124073.09,-0.2679862,2.6999881,-0.36111698
117114.15,-2.5013406,1.576658,-0.55687296
115414.28,-2.9409451,2.482586,0.62159634
120954.42,-3.684087,3.0627613,-0.5924989
124992.98,-3.9421544,0.4706131,0.57276446
121144.29,-1.2608058,1.2760345,-0.5581962
124043.08,-1.2372513,3.0939198,0.55281323
122808.85,-2.120025,2.9884553,-1.1040113
127932.98,-3.8729439,0.70886105,-0.5420016
118571.56,-3.707271,1.5145888,-0.58754313
122838.96,0.18409884,1.3041306,-1.04902
118154.8,-2.7268174,3.0600588,-0.8068829
130154.95,-4.7584496,2.2506444,-0.6568968
117432.625,-2.895074,2.8232584,0.51331955
121426.1,-3.3102133,0.3058034,0.5299646
121925.01,0.002281682,1.5606679,-0.68749344
119482.04,-3.8983006,2.4101748,0.37048975
124924.66,-2.9748945,2.872025,0.4041741
119052.43,-0.2766363,0.8553458,0.53308356
125478.625,-2.889402,2.50733,0.7175187
120616.87,-1.5124441,2.7304628,-0.6263612
115121.87,-1.641412,0.18673868,0.53986317
116873.98,-2.8957896,0.17032827,-0.43890327
131960.23,-2.884375,2.7619243,-0.41309744
117217.62,-1.7785107,1.9729258,-0.6177527
129083.36,-0.4286304,3.1114757,0.5519963
128490.336,-2.3565505,2.0839617,0.26920623
120376.14,-3.5824883,1.8394847,-0.82065016
118153.336,-2.3174353,2.794514,0.9202308
125756.36,-4.186026,3.020014,-0.59986556
130166.14,-0.72762924,2.3407066,-0.54602456
120776.45,-1.3372492,2.7266293,-0.523864
126361.81,-2.4927316,3.0583777,-0.8206431
134916.16,3.3510325,2.108383,0.74082464
118816.3,3.6773174,0.58065903,0.38829955
122659.586,0.5356814,2.9911802,-0.5593054
122269.71,-0.09399875,0.12930821,-0.3384499
121470.62,-1.4590214,2.7247913,-0.5825204
126865.58,-3.4517581,0.8242063,0.44817725
134685.78,-2.267872,2.9935944,-0.4089664
120884.64,-4.249953,2.442284,-0.48613724
132157.9,-1.0679119,0.8815654,-0.6815021
117182.19,-1.7610135,1.8980104,0.49396816
116783.555,-1.1561435,3.096571,-0.7409087
129529.945,-1.1476262,0.50531894,-0.60524154
119091.41,-1.4868704,1.4417185,0.5848332
117136.11,-2.2393398,1.924584,0.57307315
115409.586,-2.6402204,1.8274873,0.4917232
122760.836,-3.0087159,2.3515217,0.59916025
130057.984,-3.5947666,2.277502,0.9742339
125769.4,0.66610616,0.41291118,0.5890313
126756.99,-1.474387,2.5238476,1.06579
125143.64,-2.961512,2.762643,-0.8911045
121165.36,-3.362903,2.8487267,0.68863475
128578.64,-3.8645604,2.6110709,-0.8302393
116377.05,-1.6088469,3.1682506,0.38812578
121691.28,-3.517191,2.202618,-1.0172673
115931.195,-2.539677,0.7543995,0.56261134
127236.84,-1.9767188,3.1140978,0.34762833
130094.65,-1.1760436,2.1253266,-0.44685033
134546.33,-0.9546475,0.74039036,0.6084069
116071.79,1.1459144,1.6931314,-0.9130334
122652.29,-2.7640145,1.3971289,0.86997855
117326.47,-2.7208133,2.7392805,0.75493103
129691.484,-2.692694,0.1437583,0.5842453
125277.04,-1.0001003,0.7015691,0.90960824
115207.92,-0.4681736,2.5463886,-0.58422375
118766.26,0.66335297,2.8286242,0.7601573
118392.73,-2.8070776,2.9063144,-0.57511127
124196.25,-3.2322383,2.841146,-0.67095786
115690.22,-2.8876505,3.0869048,0.525376
125354.67,-2.6872509,1.8690722,-0.6859092
125230.24,-4.227601,2.8075488,0.118646555
121373.57,-1.4268664,0.23046136,-0.6509221
130286.164,1.7398992,1.8471881,-0.7040128
134147.36,1.3691721,1.8357928,0.6166182
117765.68,-0.7053528,2.2648365,0.55275244
117818.58,-0.6619888,3.030194,0.29033604
117962.875,0.5280322,0.11935921,0.40929106
121499.05,-2.2203796,2.9440238,-0.41595408
116477.74,-2.8087344,3.0647843,0.6343999
117167.15,-3.2834508,2.93836,0.58695656
126678.04,-4.173842,2.364998,0.37973404
115718.23,-3.3946261,1.3109577,0.6749993
127044.26,-0.46056154,2.6709485,0.60787266
128288.62,-3.275854,2.7891717,0.551482
124499.84,-2.5711322,0.72612995,-0.38058558
116465.26,-1.7895031,2.3242898,0.49755892
132024.34,-1.7890497,1.2109174,0.59330565
115747.2,-3.158122,2.3168535,-0.9522749
117392.08,-2.6606371,2.72797,-0.72322214
118773.03,-1.7690375,2.2472212,0.92494977
126084.19,-1.2479482,1.9989649,-0.7467731
125973.11,-0.31000087,1.8353177,-0.63468474
126153.38,-3.1958253,1.538226,-0.75899696
125871.51,-2.0715585,1.6399753,0.727937
127536.47,1.7830296,2.1972835,-0.70054275
130505.11,-2.2620182,2.9313345,-0.7318298
122171.43,-2.1797185,2.086647,0.73762995
131604.64,-2.476977,2.6463616,-0.53657794
117150.375,-1.7067515,2.5087175,-0.4329261
129994.13,-3.1552112,1.3991708,0.3338369
119942.55,-2.8795772,0.7044955,0.5456208
122595.99,-2.457338,3.0521488,-0.54141974
134851.27,-0.9699997,1.8530515,0.530639
119075.195,-2.3636913,0.31267333,-0.45743084
118068.1,-1.337395,2.6515322,0.6181833
127935.35,0.21950676,3.0129426,0.46801314
127337.26,-1.536661,2.4958906,0.7889361
115548.86,1.089906,2.251794,0.6188261
132559.53,-2.9730973,2.3701222,0.56954676
122916.73,1.4843432,0.5929924,-0.63142586
132034.06,-3.0411477,0.48893112,-0.4579796
132129.17,-2.800421,2.1156228,0.59281975
120891.01,-0.06774822,0.97172576,0.9609659
127018.98,-1.9171405,2.8493643,-0.40861344
125640.26,0.6622096,1.97386,-1.0107294
134494.84,-1.6307586,0.57512534,-0.58118945
120489.29,0.2194823,1.4320911,0.6254003
123586.02,1.4657342,2.949334,0.5272978
115052.13,-3.0015736,2.7515793,0.53904516
122104.5,0.15568028,2.6910121,-0.53485006
127528.35,1.0144895,2.2853296,-0.66768825
133108.38,-2.1865485,2.8770003,0.24699615
119043.5,-2.6419466,3.0611167,0.25943658
134241.4,0.43479007,0.1647822,-0.4821438
119189.95,-3.5270243,2.2910323,-0.70098656
133067.03,-0.037027653,2.4524188,-1.074011
118026.42,-1.640744,2.2247906,0.6648439
117305.26,-3.1574812,0.86672413,0.5076592
126861.734,0.52510405,2.9696255,0.50343776
133005.42,0.38305634,1.8853943,0.59997755
133247.39,-1.5123708,2.6404812,0.6088231
131824.08,-2.4831069,0.82932466,-0.78705287
134604.4,0.07219345,1.8083096,-0.93413603
116096.945,-2.924866,2.8583765,-0.75691867
128030.13,-3.8561232,2.9841907,0.5730033
130488.13,-0.24909596,3.2566009,-0.5170985
117364.0,0.33027148,3.0633879,-0.30591127
120322.2,-0.35010818,2.8113892,-0.6862066
117396.51,-3.3116515,2.6289468,-0.66863763
120411.72,1.1671952,2.0196514,0.7341342
131646.61,-0.68679696,2.535365,0.6988119
120292.836,-2.0179932,0.7224748,0.56347805
121027.664,0.59118706,2.8183503,0.41816407
115485.445,-3.2386715,2.881569,-0.7153019
131947.61,-0.9178458,2.600126,0.40788856
118684.31,0.10212981,2.1755676,-0.6293961
133596.05,-1.0144086,2.1149955,0.53277075
117897.86,-3.570644,2.2970037,0.84984857
115872.87,-2.9999251,1.6185396,-0.42618975
129946.945,-4.1987023,0.6462108,-0.4975854
117797.67,-3.1789248,2.3487284,0.6024307
126822.2,-1.0156147,2.405387,0.9617056
120692.14,1.1656536,2.9358945,-0.615468
116207.67,-2.672996,3.0339262,-0.6765331
132889.69,-0.5012051,2.6608016,0.79588073
124416.8,-0.98637885,3.0699213,-0.91410786
115304.43,-1.5713439,0.6095252,-0.43728623
116008.45,-2.441128,1.8986802,-0.6661147
121878.984,-1.5128399,3.0577228,0.36008748
115019.08,-2.2925093,2.1944754,-1.044524
128982.22,-0.3818437,2.6422684,-0.7537453
120739.42,-1.6915151,1.1648582,-0.9311859
126620.484,2.8264055,2.5829515,0.97714394
116202.4,-2.3552341,2.7494264,0.51809484
118397.11,2.6856403,2.325363,-0.5478514
117003.31,1.1732471,1.1372242,0.4794842
115752.59,-3.2311516,1.3095893,0.11455862
125020.625,-3.1256251,0.9051826,-0.61013794
126446.77,-3.7987502,1.972006,-0.3025262
126886.07,-3.1695507,0.222299,0.44804248
115316.35,-2.3362062,2.376911,0.64425814
134484.05,-1.8307589,2.0042078,-0.56168944
131521.58,-1.0793958,0.05244742,-0.5721702
115616.03,-2.3771973,2.0220976,-0.63368374
126485.195,-0.32547048,0.8858944,0.8923617
134359.94,-2.5219536,0.21903205,-0.45411912
125505.66,-1.1466322,3.018708,0.678174
120195.18,-2.9708188,2.9397585,0.45555222
130151.8,-1.4799919,0.8591349,-0.62655586
117493.94,-2.9761362,2.8120146,0.52656996
129405.57,2.2220109,2.660992,-0.54924244
129213.01,-2.318223,2.060383,0.659984
125134.23,-0.19269279,2.6377056,-0.672946
115046.12,-1.6714793,3.0304563,-0.52051616
121742.71,-2.2502651,0.33559063,-0.50351334
124887.07,0.8725259,2.6322298,-0.55405146
128613.625,-2.9539819,1.4896576,0.63191843
133814.67,3.2022538,0.9072643,-1.0683339
132418.62,0.28650522,0.19448276,0.41688243
125573.516,-2.6905065,1.2376163,-0.46180415
128897.16,0.051195778,2.8238971,0.6464626
122849.7,-1.155811,2.021652,0.9468436
116395.72,-2.4290855,2.7511892,0.36959258
128764.03,-3.8650346,0.48616952,-0.57045066
117677.12,-1.4469969,2.5044785,-0.61004007
123613.93,-2.1029255,2.8138747,-0.7610785
120689.42,-1.212753,2.906547,0.6290606
121887.2,-3.42425,2.9853697,-0.7523461
130660.19,-0.6068723,1.3685821,-0.708769
117541.62,-0.46715656,2.3459334,-0.6413571
133547.5,-3.5759041,3.0760443,-0.64521873
134683.61,1.8707405,2.7641397,-0.57193935
119881.586,-0.15522498,2.076614,-0.81359476
118089.805,-4.0813046,2.575643,-0.30243388
130211.06,-1.5521255,2.4311445,-0.61161995
126824.39,2.610064,2.4271855,0.5958658
115789.12,-2.644136,3.0117943,-0.82264835
116638.68,-2.187878,1.4846478,0.8417896
132522.38,-1.1660194,1.7647696,-0.806135
116497.18,-1.0458544,1.2827177,0.58303213
121408.67,-2.9736362,2.5392568,0.7124512
122410.93,-1.6827482,1.4127488,-1.066191
122947.63,-1.42787,2.4175954,-0.6735286
116708.086,-1.5281518,1.4461576,0.37193307
127766.984,-1.1977701,0.59188867,-0.50000364
120576.04,-2.16884,2.5792727,-0.7759112
124201.945,-1.3846669,2.2390685,0.8712903
117984.0,-2.6621652,0.59134626,0.28953907
131566.06,-3.319767,0.2723376,-0.58944076
120402.305,-0.5337924,1.8883888,-0.8553809
122575.99,-3.2498329,1.3935337,-0.5053595
124820.13,-1.4896122,2.916008,-0.33115676
123178.41,-2.1585348,0.8849675,-0.5357758
123341.28,-1.9073256,1.1701843,0.44297078
132650.08,-2.4303725,1.2437038,0.43278348
134475.52,-3.4144742,1.4177991,0.60309666
131132.73,-2.1358275,2.9726143,-0.57248753
117286.67,-1.4140064,2.5504744,0.7170345
116258.45,0.44894996,1.6343925,0.90318817
124515.9,0.4349733,3.0806463,-0.70254415
115856.34,-2.6761074,2.9519224,0.79933673
125406.03,-2.4848516,2.9271646,-0.53155273
121177.42,-3.672275,2.8549964,0.5528016
119754.016,-1.9160504,1.0091372,-0.8008056
128429.164,-1.8857335,3.0301888,-0.2968313
124203.305,0.35729107,3.0185401,1.1178476
127242.97,-1.8154508,3.0642357,-0.3888477
124252.93,0.7510398,2.5342433,-0.47527963
126991.11,-0.9028793,2.3419733,-1.1325283
123958.59,-0.8631288,2.6828904,0.38231874
116086.4,-2.484162,2.784096,0.6052277
131724.47,2.2758164,1.2281098,0.6376083
123399.98,0.95556396,2.895505,-0.45116186
121329.414,0.3076637,3.147419,-0.5823079
131397.94,-2.6193213,2.3418608,0.51256424
125059.26,-1.699796,1.7839217,-0.68165505
130087.85,-1.1290331,2.9875865,0.3036002
125650.4,1.550951,2.0973024,-0.8670469
117006.48,-0.9597881,2.204724,-0.55439734
134477.27,-2.920216,0.6224494,0.8252946
117766.7,-0.6945626,1.3666556,0.9840729
133932.67,-3.160922,2.96643,-0.15773836
126200.85,1.3516061,1.773937,0.0495372
132526.9,1.6487131,0.40926316,-1.1752441
116745.12,-2.8880544,1.9829168,0.52909636
117218.96,-0.95259964,2.702549,-0.34743464
132316.7,-3.0591042,2.50177,0.8386684
117117.32,-3.150447,2.7597976,0.4647858
128165.0,-2.8792913,1.440991,0.82595754
118941.06,-2.3243146,3.069245,0.39779434
117784.12,-1.9671832,2.153948,0.7364738
134306.6,-0.40506554,2.508379,-0.6257791
117454.65,-2.2871275,2.9837952,-0.9684532
134230.38,-0.1867914,2.9051428,0.80224496
123964.86,-2.3795788,2.3514104,-0.8750947
125177.445,-0.7562052,0.5603777,0.47568953
126366.39,-3.548456,0.24956185,-0.49069405
119492.03,-4.1882606,1.724175,0.6153239
118410.63,-3.0434132,0.56927454,0.43775058
116761.09,0.7827871,2.8664708,0.48829857
120019.805,-1.6859915,3.1616952,-0.7658076
122503.28,-3.6660469,2.834448,0.5636722
129176.08,-3.398252,3.0923204,-0.3434617
119623.9,-3.6770065,2.074748,0.32151324
133464.7,-1.1112914,3.1558595,-0.28294453
125118.22,-4.006284,2.6502037,0.6436512
133009.73,3.0322528,2.4263823,-0.7061346
129570.64,-1.3137081,2.188362,-0.4669493
132732.75,-2.421885,3.0751352,0.53382105
129855.07,0.3833298,2.5056698,0.65047085
119745.22,-1.8884898,2.32347,-0.7733056
120402.14,-1.4097761,2.6058118,0.6380655
120350.875,-2.716965,2.2954977,0.5376881
115423.734,-2.1916094,2.7148783,-0.60411173
124506.64,1.3156778,0.34806263,-0.5615657
125081.72,1.1147906,2.071367,-0.5551388
125204.21,-0.10154053,2.8674798,1.1594747
115889.24,2.0434597,2.3047414,0.63952297
130400.734,-1.8341988,3.0939925,-0.6334467
124809.64,0.46898052,2.2908118,-0.662082
121593.69,-2.245268,2.6835954,0.6366894
125548.14,-1.98499,0.8146291,0.523848
132379.64,1.3323091,2.2137392,0.67690843
121077.09,-2.3338404,1.2929692,0.42440408
128188.6,-1.1466515,2.76244,-0.54904133
120382.97,-2.4206033,1.9169137,0.7058786
125158.15,-3.3132026,2.4910655,-0.63600117
129605.55,-0.9799891,2.8251522,0.71034926
121122.05,-2.014527,2.4840724,0.6710588
131085.0,-0.78756225,3.0064645,-0.9063712
134997.33,2.0956686,2.550077,-0.5216219
131701.52,-2.038316,2.3884926,-0.6297806
134418.6,-0.831883,2.4639235,-0.5546539
120748.8,-1.1795428,2.0510042,0.79944086
127856.79,1.3112515,2.5219822,-0.80527484
115942.43,-2.4330573,2.9269395,0.7869803
122195.9,-1.8693819,2.8921945,-0.7390522
117522.22,-3.0237813,2.2125869,-0.7731446
115779.2,-1.7574741,1.7984166,0.57336426
124480.19,-3.6158502,0.78922284,-0.40910345
124830.11,1.7429856,2.6062872,0.76584363
123088.555,-3.612757,0.4330378,-0.6256538
127792.6,-2.6528778,2.1121924,0.7050515
118756.87,-3.343702,2.900922,-0.023677634
121083.93,-3.6662323,2.2924812,0.61206895
132843.69,1.3771981,0.9814361,-0.65170205
119743.65,-0.98000497,0.74014413,-0.43050647
130532.96,-3.2713187,2.8076375,0.6875834
121094.54,-3.8277442,3.0905945,0.30870596
133736.73,-2.7469082,3.0022244,-0.7255288
120709.195,-1.9303353,2.6845012,0.5014745
120333.42,-2.4239304,2.991619,-0.5577842
129526.695,-1.8494712,1.6766315,0.474192
134997.62,-2.5882518,2.3158944,-0.48427883
122147.63,-2.5807412,1.954905,0.8624426
120733.77,-0.70400894,1.2106383,-0.67865485
128068.83,-3.100791,1.9485554,0.29283732
131673.17,-2.4936333,2.85239,0.86639273
127021.01,1.016472,0.256481,-0.49143276
132759.83,-1.9206558,2.4300816,0.97156227
115551.555,-0.48157474,1.6927269,0.5136474
125893.68,0.21997446,1.7107378,0.8676591
126278.625,1.7468946,2.787493,-0.7581046
121973.03,-2.0104883,1.7046592,0.7500798
117361.54,-1.2873006,2.9382262,-0.76829654
116070.43,-2.4204733,3.0126538,0.636932
115568.234,-3.7960887,0.3894842,-0.62955207
121598.18,-1.6669056,0.21920986,-0.20379975
124188.74,-2.9942398,1.2826489,0.48105037
119487.984,-2.8361838,2.8018813,-0.9149239
123044.56,-2.5925336,0.16336781,0.5894808
128319.305,-1.1269339,2.9425433,-0.5190322
125158.85,1.0926542,0.32924098,-0.70063686
127593.484,-2.1235268,2.4610724,0.6593963
115775.5,-4.439638,2.3709333,0.8161558
130232.23,-3.4314616,0.13192625,0.4585401
118491.55,-3.9022923,1.2949358,0.33756387
118643.55,-1.5624552,2.3627386,0.6172539
125848.43,-2.197744,2.452673,-0.48190758
131093.47,-1.2362622,1.4064288,-0.70370317
117453.695,-3.161521,0.24788834,-0.38475987
126602.2,-1.8167306,3.0523634,-0.67928207
127297.16,-2.897557,0.9639434,0.5668514
123336.81,-2.7862966,1.9584763,-0.4538725
125060.43,-3.376215,0.957724,0.638952
118567.65,-3.780294,3.0613313,0.5701373
119008.14,-4.1008887,1.862601,0.47008285
118664.27,-3.0600748,2.83882,-0.38395888
124978.336,-4.2106113,0.15479715,-0.27170837
124780.945,-3.6015933,2.8704998,-0.11728477
121215.7,2.1122985,0.82040054,-0.8698019
123091.68,-3.0596373,2.6500096,-0.85011524
134307.73,-2.3502455,2.8245616,-0.5445296
129835.45,-0.7098449,0.34970522,0.5967522
126005.62,-2.3439076,1.7276752,0.7146322
121943.32,-3.6683502,1.9739116,0.6866648
124735.48,-2.3036866,2.9859648,-0.89648384
115464.16,1.5293127,1.5958239,0.7205066
118620.73,-2.205956,2.7026758,0.5402188
122628.1,-3.7120352,2.5319276,-0.7212047
122603.18,-0.64080757,0.28407606,0.4171293
120289.87,-2.6347046,3.100841,0.6839457
120554.336,-0.8270424,2.0323915,-0.57137537
117559.29,-1.667393,2.8709426,-0.6114634
119502.43,-2.974039,3.063587,-0.37747484
118744.48,-4.007548,0.6631119,0.5861826
117694.66,1.101571,3.013254,0.4991151
115475.44,-2.1395314,2.590346,0.63193876
119336.32,2.3540914,1.5149844,-0.66369754
121421.95,0.81772625,2.4656048,-0.61243826
122554.09,-1.7068166,2.4512975,0.39121687
122604.88,-2.110945,3.0324645,0.36823782
116619.82,-3.4420033,3.0551627,-0.33591402
128461.54,-2.8157325,0.28258562,0.5181816
121844.664,-0.2751519,2.815297,-0.61841506
132110.95,-1.8533839,2.8652318,0.4129248
132828.64,0.2895532,2.5604408,0.95289373
131079.33,-0.63828653,3.0307407,-0.29142624
128599.6,1.2749981,1.5601065,0.6135335
119431.8,-1.0897079,3.1933432,0.39358342
130413.69,-0.2712126,2.866829,-0.45215547
121887.14,-1.9941132,1.663151,-0.6988903
117097.586,-0.8743963,2.9963176,-0.35576212
131532.53,-0.35201687,0.6024349,-0.8018232
131659.38,-2.1117895,1.0985208,0.55099607
134500.45,-3.03508,2.7036984,-0.70634395
132229.86,-1.6364427,3.0202212,-0.60743254
118149.7,-1.8584739,2.7479727,-0.5519292
132092.27,2.7174509,1.0229073,-0.8153415
118385.07,-3.3120162,2.6947284,-0.30490762
115064.5,-1.9803733,2.0039566,0.72894377
122749.03,-1.8152766,3.0862072,0.7401159
131715.88,-0.00628711,2.8068395,1.0519259
118624.54,-2.6669774,2.9070141,0.907738
129858.375,-1.1507881,2.9050663,-0.84134
126406.516,-2.6573024,0.37371457,-0.41232124
125562.35,-2.1101081,2.9754114,0.5661533
119566.21,-3.3171895,0.45329905,-0.82105166
124255.54,-1.7824306,2.2964795,0.59580284
129712.914,-1.3492649,1.8524057,0.79210544
132348.33,-3.107446,1.4858456,0.61774427
116961.5,-2.6754022,2.9929261,-0.4193704
123796.125,-2.3040357,2.7925622,0.71072984
130625.04,0.8728682,2.0752451,0.47152513
119361.76,0.15475176,3.0972753,0.3720213
128847.98,-1.5185542,0.06420012,-0.32989523
117142.0,-3.0074193,2.5297837,-0.5465639
123735.54,1.2562052,3.0380812,-0.45776016
118333.88,-2.8682857,3.118596,0.06517018
129426.13,-3.9846168,0.39106584,-0.4657959
131099.61,-1.5796138,2.266513,0.74743456
119556.445,0.17728549,2.1037402,0.7729853
123840.56,2.4672897,0.47860906,-0.6663027
118104.49,-1.9821494,2.623572,0.6760647
128025.34,1.9201124,2.3576312,0.65318173
118885.01,0.055965096,2.919303,-0.53822803
129104.21,-2.9932535,1.9549367,-0.58713806
132634.53,-2.1105678,0.28861377,-0.46166378
122911.92,0.8906526,2.2213361,-0.5682001
126293.6,-2.5618074,2.9992516,0.6744381
134765.8,-2.4684904,1.0665412,0.64309
120581.84,-3.7028801,1.3547903,0.50966173
127016.336,-3.5117369,2.2159708,0.6482576
124775.89,-0.80738926,2.0967946,0.7593851
124902.47,-1.7679471,2.6858444,0.36045343
131192.61,0.5954515,2.8892653,0.5902486
117867.62,0.41926432,2.1319788,0.65430224
131104.05,-2.951289,1.327467,0.6728789
132151.06,-1.8865663,2.117495,-0.35815963
115047.98,-4.479983,0.6047384,-0.5381451
119863.56,-1.3536845,2.2966404,0.50379807
124041.69,-1.2172916,2.9897358,-0.7116664
120206.83,-0.10593376,1.4240358,1.0124586
115128.74,-1.0034661,0.7201354,-0.86612093
118172.29,1.1119326,0.8869958,0.5659048
133062.16,-2.896897,2.795567,0.28931537
125956.06,-0.15263781,3.1436012,0.71952105
129754.195,-0.11801858,1.886921,0.48604295
118746.125,0.570033,3.1590688,-0.6979756
118795.37,-0.9362687,2.8430557,-0.7432704
122324.11,0.44032744,2.9419353,0.6308453
117084.97,-1.2147069,2.9006674,-0.9752088
125109.08,-2.7890165,0.7038674,-0.68560886
119897.37,-3.0017037,2.950814,0.3733819
124179.78,-1.0133293,1.9093004,0.71576715
133362.52,-3.647637,0.42916465,0.58828086
125906.03,-1.8335992,1.7903055,0.45029992
116814.91,-4.8584127,2.04027,0.5143386
126056.06,-1.017602,1.8842039,-0.6382462
130453.14,0.98824936,3.0918128,-0.54161495
121343.81,-0.573952,1.3938837,0.18909496
125954.31,-1.5017773,0.7322835,0.5258049
115263.19,-2.762188,2.620142,0.6416103
132642.48,0.7262785,2.290425,0.61895126
126577.445,-2.7708533,1.227134,0.79966366
131552.23,-0.584641,3.1446304,-0.45500237
119104.39,6.302556,0.14704955,-0.54109836
126937.53,0.078899704,0.74867445,0.3294577
131037.11,-2.7766685,2.0259087,0.9389216
129880.25,-2.073888,2.8074582,-0.5134183
125229.766,0.82642245,0.5394261,0.52880436
121757.586,-2.9678762,2.7571676,0.62726575
125865.56,2.5631065,1.2573473,0.70923036
120692.67,-4.172873,0.57105684,-0.73601633
121837.49,-1.684296,2.6160831,-0.85391784
128193.24,-4.7318387,1.1057017,-0.60072374
127703.48,0.008609432,2.9353354,-0.5100064
131051.266,-3.280184,2.92973,0.3488613
121173.516,-3.603503,0.18515432,0.5161283
132420.75,-2.297097,2.7506232,-0.79386044
121788.51,-2.2879105,0.4378509,0.7040709
120572.16,-2.37979,1.3689002,-0.6475161
124285.97,0.16792904,2.2585952,-1.0512031
120599.64,-0.8646449,2.374303,0.7687455
124607.49,0.07247173,2.3556721,-0.8627695
119793.79,-2.873519,2.9507544,-0.40350848
125466.016,0.07825084,2.6329176,-0.5339602
118317.84,-2.9418316,2.706927,0.51341116
133673.27,-3.8808012,2.8222337,0.4075857
118019.72,-0.094080724,2.035154,0.8537609
128569.51,-1.8409196,1.9877926,-0.60579175
118699.375,-1.8961631,2.2546787,0.3458431
127967.35,-1.6814291,2.510872,-0.7201095
121039.88,-2.4777417,2.7293804,0.67476827
122171.8,-0.3359397,2.8497126,0.4381235
129714.805,3.79303,2.5801623,0.6286877
133113.03,-1.8729392,3.0893497,0.4366199
125797.1,-0.4450406,2.5363464,-0.6454627
128817.625,0.28409746,1.7870286,-0.5482992
124596.62,-2.825281,1.4211345,0.85687983
124734.34,-2.608371,3.1298032,-0.59441537
133711.12,-0.99034816,2.425475,-0.62903297
116901.18,-2.3471675,2.8341885,0.59785545
130843.98,-1.5533508,2.0776885,0.55146134
126701.04,-3.044649,1.7587591,-0.67502517
133880.55,-2.77704,2.845314,0.45104325
122726.8,-2.0617042,1.5247034,0.7556441
121724.27,0.21454424,3.0779388,0.43934205
127041.25,-2.3679914,2.3358252,0.2661397
120914.52,0.24126007,0.4652405,0.28362384
115995.96,-0.5718036,2.5287123,-0.7826377
117289.95,0.68830305,0.1989268,-0.4245826
123414.51,-2.653471,2.6065927,-0.7511655
116468.07,-1.1374673,2.3311744,0.74451864
132924.88,3.2451534,2.1992025,-0.8569081
131177.48,-0.14589195,2.0906446,0.55535084
122371.91,-2.9950361,2.3966494,0.8573014
121562.03,1.311525,0.97457784,-0.9106069
117123.414,-1.6561061,1.9338492,0.80754447
134704.72,0.32375017,0.042539272,0.28578538
119960.87,-0.51474124,2.1290643,0.6697299
122353.555,0.7828222,1.6894023,-0.5702726
116864.37,-2.2840147,2.7974296,-0.6293644
133326.73,-2.018173,2.6553018,-0.5614523
125777.09,-1.9251596,3.1661484,-0.47181827
120605.97,-2.8769896,3.0734277,-0.483998
124560.24,-1.6903386,2.7975972,0.078133605
117201.875,-1.9158572,1.658343,-0.36684683
127289.695,0.3460294,2.7398462,-0.017785944
125306.22,-1.8608757,2.105082,0.7199941
123636.1,-3.0148675,2.5660334,-0.6267596
132383.14,-2.1175985,2.672766,-0.9675743
131533.73,-3.357432,2.0763562,0.50932074
115874.875,-2.5315568,2.4077497,0.6233894
121364.734,1.0640577,0.82581246,-0.6745425
129164.21,-4.0452304,1.3364294,-0.6585821
130116.06,-2.2683735,2.9898722,-0.66467255
123350.125,-0.78639436,1.7077932,-0.7864549
121664.82,-3.5193245,3.1546586,0.5797629
133309.88,0.56049305,2.6694853,0.73655224
133356.45,-1.2849345,0.48592776,0.71876717
116138.984,-0.9192017,2.71367,0.72622913
117365.086,-0.0056733806,2.171435,-0.54287994
117593.914,-2.771073,1.5493896,0.7441755
121351.69,-4.8723645,2.2905955,0.5706473
115366.97,-2.643219,1.0554514,0.52533734
125832.7,-1.9022161,3.0584126,0.49280077
132940.58,-1.1585134,0.25617722,0.20458889
118473.68,-0.047031924,0.1677137,0.2903792
121016.54,-2.9313033,0.6210081,-0.47174722
117191.15,-3.466947,2.7063413,-0.5469381
129834.68,-2.4072306,1.2177444,-1.0536838
123936.05,0.12650816,2.4066794,0.7365624
121161.57,0.20682405,2.1323445,0.48351902
118253.78,-2.9803798,2.0964262,-0.7820623
118069.74,-3.2224624,2.6581848,-0.6442591
128911.91,0.97902685,1.6486726,-0.6387716
120229.39,-0.77717876,1.6593386,0.5137361
131678.53,-1.5077499,2.746952,0.64169323
115956.016,-1.3832263,1.4846464,0.7566626
131155.95,-0.6762158,2.8343465,0.48042879
120904.086,0.06154204,0.86557966,0.49870405
116443.586,0.6035457,2.5844932,0.63671416
118407.0,-2.975699,0.18848146,0.6238591
120092.78,-0.09353278,1.716622,0.6855577
116174.805,0.6449122,3.0706398,0.61468256
116495.92,-0.35761586,2.642217,-0.531954
126583.75,-0.30317682,0.6743145,0.3251589
122140.18,0.98743445,1.6281158,-0.5877081
116584.58,-0.31102717,3.02921,-0.5704564
117529.305,-1.5477808,2.9315333,0.5697769
116315.914,0.8118872,3.1380832,-0.3526824
116871.734,1.2270424,2.2978294,0.87978077
134642.23,1.8843989,2.5030637,-0.8269897
134872.77,-2.27715,2.6856143,0.66407526
119201.33,-2.156932,2.3219767,0.837673
126914.92,0.55765235,1.7059574,0.7621076
115353.64,-2.4648743,1.9629823,-0.63653475
116353.31,-0.27005506,2.3097527,0.7404528
126521.55,-1.4244735,2.9846027,-0.483233
117368.5,-1.7714263,3.01399,0.6244381
119297.25,-3.6083763,1.8478019,0.7691307
118412.67,-0.80170214,2.2836912,0.50010014
122473.305,-0.810046,3.1268876,-0.27061284
116060.555,-2.3922615,2.8408852,-0.48301393
126482.49,0.84464216,2.402191,-0.50392556
128632.1,-2.7131674,2.3833563,-0.69516367
117876.945,-1.5893308,1.0235533,-0.5570036
125673.03,-0.07745148,0.36470595,0.42602602
125117.98,-3.265847,2.2389562,-0.74027205
130847.63,-1.4709424,2.366991,-0.6784862
134425.11,-1.3184681,1.5660132,0.8681395
126787.664,-2.5411558,2.9765136,-0.65440696
127061.445,-2.7390792,3.128286,0.5654506
120071.33,-1.2859081,2.6344204,0.7742969
115120.61,-3.2251394,2.4397612,0.6544791
116335.73,-3.0854685,1.68173,-0.718241
127176.305,-0.94951445,2.8619378,-0.43392843
131390.67,-2.4606354,1.8218869,0.37011737
124480.53,1.5073556,2.1166096,-0.39211753
121119.625,-2.4170754,2.9052875,0.5582423
117910.68,-1.4809349,1.1834409,0.9935302
132261.47,-2.0767453,1.6468734,1.120517
134750.61,-3.9567287,2.316746,0.48790836
116491.85,-2.9460292,1.2136378,0.6904052
118986.11,-3.1216586,0.63557684,-0.51822764
115965.51,-4.4873414,0.8317679,-0.8186828
120188.24,-3.4487288,2.9667928,0.6736032
119943.29,1.915321,0.79507816,-0.57935613
121905.07,-3.369546,1.6868937,-0.553984
117821.84,-0.94962573,0.5972472,-0.63700855
122044.02,-0.378421,3.0596693,0.83063227
115656.58,-0.9218467,2.8089745,-0.75062823
116506.92,-2.9173672,2.7010636,0.6503498
125486.734,-2.9336503,1.7183363,0.95930576
117391.33,-2.0643632,2.882547,0.5872783
129836.9,-1.0189757,2.7502642,0.9897211
132305.92,-2.2109663,0.53198147,0.57605165
115631.27,-1.679328,1.8676242,1.1963276
116114.16,-3.4809713,2.2361321,0.8192065
127426.67,-2.3354015,0.9725325,0.47532105
128353.734,-2.716811,1.7599353,1.1674782
122211.3,-2.9136415,1.830744,-0.7731449
117794.17,0.19084126,0.48012757,-0.60739154
123083.28,-2.4629467,2.3895392,-0.5741002
117070.69,-2.4379258,0.38837758,-0.4624776
132798.23,-0.71525997,1.8288151,-0.6446182
121654.83,-2.2847013,2.9420063,0.49746713
124754.42,-1.2328129,2.030603,-0.78940284
124900.305,-0.34849015,2.2794027,0.66095227
123133.53,-2.5968497,2.508534,-0.5719616
116841.93,-2.7149277,1.5484489,0.8514461
131618.14,1.1800106,2.1872702,0.74279934
125292.055,0.12103453,0.6272313,-0.71530974
131149.27,-1.5015771,1.048851,0.87357414
125315.69,1.6176478,2.9753098,0.50538594
117108.164,-3.5935268,2.9117713,-0.4681642
133112.6,-0.4145012,2.717109,0.50421745
122646.25,-0.52062404,2.9631457,-1.0122117
117948.4,-3.36172,2.040195,-0.8848239
133892.23,-3.0391831,3.1270313,0.50499964
121187.62,-1.9553164,0.97872555,0.63362
128338.19,-3.1958475,0.086726524,0.36962858
118390.65,-3.0728805,0.21587673,-0.38009706
122031.86,-0.5833419,2.0770135,0.6292613
129545.67,-3.3027916,2.0776558,0.5104707
121462.98,0.07400571,2.6719556,-0.19935407
133381.03,-3.4255805,2.177952,0.9045096
128882.72,-3.1277332,2.8449085,-0.29085824
125100.58,-0.59983265,2.7365084,0.4936867
124621.77,-0.1556307,1.4486831,-0.7187011
115531.05,-1.0704877,1.5988324,-0.95466
117696.914,0.16633445,2.900249,-0.8557274
121362.016,-1.1386117,2.67824,-0.7723103
121173.45,-1.7235695,2.3560674,-0.956011
132255.89,-2.2509968,2.9172854,0.58323014
115455.43,2.7801924,2.3446681,-0.64785
122098.42,-3.3169675,1.8467824,-0.47548792
129257.58,-2.537882,2.5093818,0.62600446
123437.84,-2.0229352,2.4892316,0.612005
119586.34,-4.186864,2.2538943,-0.51377803
116204.375,0.5097684,0.8413255,-0.44450504
119346.28,-3.035725,0.5329117,0.80952847
132797.55,0.91919273,0.52493376,0.530788
130463.125,-4.034396,2.6355174,0.6804733
117017.65,-0.9211465,2.8222873,-0.5936346
117469.875,0.044335578,3.065915,-0.5533828
119192.45,-2.948711,0.44387907,-0.7956045
121141.06,-1.270333,1.2618213,1.1310489
119556.8,-1.4222786,1.8917812,-0.5208899
126268.78,-3.2840843,1.136478,-0.4944754
122355.35,-2.8903098,0.72925055,1.0974209
117648.61,-1.8222691,1.8446097,-0.703953
121294.35,-1.4671597,2.473104,0.71774113
115810.29,-3.472465,3.0520415,0.26939818
120712.61,-3.4564152,0.59543824,-0.4472769
126273.64,0.3363227,1.4464959,0.87878776
123854.73,0.006377,2.973685,-0.4083178
124025.875,-2.4407084,2.6455173,0.8419941
126253.21,1.2369944,2.8149467,0.4888417
129725.58,1.0363028,3.1111526,-0.14933826
127456.625,-0.6884697,1.7987052,0.55854005
132805.47,-1.5147451,2.0725513,-0.6901616
122007.4,0.26142013,2.506768,-0.7068678
134214.75,-2.2025077,3.0045216,0.5252261
117947.914,-1.0561898,2.513466,-0.83154523
120884.65,-0.28085077,0.3154371,0.64329714
115268.38,-2.767514,1.8234816,-1.0013088
124066.08,1.8620305,2.121666,0.877151
116394.766,-2.619298,2.5415022,0.9042975
132178.44,-3.299447,2.7029164,-0.5395094
131069.89,-1.050753,1.7154646,0.7370064
125450.04,-2.9199102,0.060521312,0.23320241
132072.3,-2.579539,2.1861517,0.3784597
119463.59,-1.2933524,2.1599958,0.38545212
131975.89,1.428657,2.987456,0.56549984
121191.195,0.54154044,2.8871057,0.5078485
127868.24,1.4887915,1.8193525,0.5009604
115537.65,-1.3757946,2.7767124,-0.47219065
134940.78,-2.082514,3.0180612,0.42523047
121885.29,0.16188818,2.36259,0.6406759
124509.484,-1.680129,2.0600317,-0.8685148
116966.73,-0.21871153,2.1513762,0.6605048
132998.23,-1.1928045,1.2085118,1.0595385
117392.234,-2.7023609,1.4099832,0.8572383
115586.414,-4.370498,1.236264,-0.6861292
125212.38,-4.2188063,0.8437401,-0.34688812
119309.16,-1.1033901,2.5906603,0.9510549
121021.51,-3.7363825,1.6662474,-0.57956743
131756.08,-1.9300811,2.5933053,0.40668213
115534.43,-1.7763547,3.04208,-0.26222903
130426.43,-4.3235846,1.5295279,0.84305525
119496.4,-2.885649,2.9416673,0.5215043
123189.92,-1.319089,2.3372107,-0.80700314
118293.96,-2.2878933,2.853469,-0.16055068
118311.81,-1.9625882,1.1935788,-0.697746
117211.39,-2.8804631,0.33924267,-0.67945266
132657.52,-2.8561845,2.583347,0.9014092
120824.11,-2.6964836,2.5907462,0.7413637
126362.195,-2.7092006,0.7425284,0.8732035
129578.22,-0.68428624,2.8367584,-0.6004324
124368.9,-1.0462626,0.45115298,0.5693762
115996.66,-1.4507912,2.368591,-0.5181933
127466.35,0.008839839,0.84840155,-0.67865443
116733.88,-1.5441962,3.0917106,-0.49540177
123131.81,-1.7329421,2.0360198,0.7389781
121363.92,0.17049795,2.3096428,-0.878727
124153.555,0.1476002,1.4898202,-0.41031933
122778.555,-3.1271875,2.6141381,-0.9491541
126867.53,2.3105917,2.3193989,-0.6721727
115131.74,-4.1089354,0.9099725,-0.37287498
121337.35,-2.238235,2.09542,0.47322157
115695.19,0.24747863,2.8384387,0.43771207
127976.4,-0.80194455,2.7679536,0.32288757
117334.8,1.1444873,0.085458584,-0.9504868
122792.586,-0.94439524,0.20046097,0.5447673
133148.53,-0.08475734,3.0235162,-0.78196603
115212.16,4.7523103,1.8418697,0.52878743
134071.28,-2.5650978,1.492411,-0.81326693
134221.16,-1.7507923,1.805962,0.79625577
118866.84,4.16406,0.6466785,0.4027755
132749.75,2.6844141,1.0023448,-0.48356205
132487.64,-0.99201125,2.821509,0.45064592
132490.02,-2.8966203,2.053621,-0.82265437
120163.16,0.3675423,2.621477,-0.5186113
120739.98,0.30303836,1.3103666,-0.57533896
126503.0,0.3642601,2.1790943,-0.39353296
119009.945,-2.5919545,2.8844163,0.26040825
120843.24,-2.2418377,0.1620104,0.39842355
126012.984,-2.4529042,2.7414906,0.6357245
132655.47,-2.3859112,2.5434372,-0.5404435
132603.52,-1.9372813,2.2143824,-0.74259
132059.94,0.82763684,2.870501,-0.42635044
115438.8,-2.0870728,2.5061216,0.45479214
127497.6,-2.1608703,1.0172665,0.60730547
129193.82,3.9088883,0.6157722,0.87796295
124128.75,-2.9601889,3.0191195,-0.7913599
115824.51,-1.3554676,1.0192462,0.60177976
125985.34,-3.7985284,3.1582773,0.57624274
134481.75,-3.34518,2.0694184,-0.37927273
115615.8,0.9287004,2.0886261,-0.57603985
115142.51,-3.487186,2.6503057,0.33793837
119191.27,-0.21597144,2.367921,0.7832852
120641.72,-1.7731138,2.0574026,0.9388148
131947.98,-2.0904171,1.3556235,0.6217465
126379.84,-1.7230071,2.3036823,-0.8552455
130550.484,1.031984,3.0524662,0.48679304
119636.36,-1.6662847,2.8993757,0.77709013
116251.14,-2.1393294,1.4328573,-0.70225596
119518.56,1.2887061,1.9560434,0.68794274
127271.164,-3.6980865,2.8884978,0.76167464
130149.6,-3.4359534,2.371312,-0.46759057
127370.89,1.800557,0.53472155,-0.6110719
116750.164,-2.7184603,0.54988134,-0.444075
124762.52,-1.8515775,2.0343542,-0.98011696
131893.9,-3.0457783,2.9367244,-0.4602011
122302.375,-3.5329144,1.1439378,-0.5982758
115442.8,-0.610087,2.2933292,-0.6915388
123358.945,-3.8280444,1.3030704,0.94451576
131541.27,-2.5812693,0.9114822,-0.5521822
119519.086,-1.4245335,2.7832863,-0.44825837
124720.055,0.01905282,2.972008,0.47493514
121185.86,-2.312957,0.3329888,0.41921577
118435.99,-0.7119447,1.2801743,-0.7924002
121647.016,1.8030533,2.3236778,-0.6392409
115887.52,-0.8757757,0.10469118,0.43854114
126613.7,-3.65312,2.063305,-0.7633471
127135.7,-3.123446,2.022047,-0.4231921
124285.71,0.39363715,3.2221034,-0.42643672
115073.17,0.8698505,2.7843866,0.6614578
122277.19,0.6995451,2.3487217,0.99870694
123512.19,0.7679873,0.2871685,0.46615145
115526.305,-3.3897488,2.3473902,-0.5774821
124110.27,-0.48117968,3.1612475,-0.40090033
129554.9,-2.6650133,0.20820108,-0.4199869
127143.125,-1.7955446,3.0754917,-0.335138
115391.41,2.7245545,1.2777693,-0.62307936
120748.35,2.4076724,2.442828,-0.53353935
117844.98,-1.6584591,0.90059733,0.5002779
122428.35,-0.8531872,3.0812187,0.5345114
124087.98,-1.9098966,0.6183412,-1.0006099
120264.45,3.5087671,1.7731664,0.70294756
133327.3,-1.9932313,0.09149184,-0.55728805
128423.8,0.48506218,1.3035655,-0.56535167
125489.76,-3.1256907,3.0316522,0.6139036
130577.64,-3.2112606,1.0977415,-0.9189829
120823.375,-0.08343551,2.3191822,1.0454642
122578.35,-2.462158,2.9745684,-0.3109459
126585.22,-1.9671154,3.0388658,0.52394944
128430.77,-1.4185846,3.0759797,0.41252497
128840.95,-1.3521839,1.3636514,-0.72970563
115231.37,-2.3843598,0.30302072,0.45946988
132444.48,-1.0660036,2.822766,-0.6323095
117875.03,-4.001028,1.2537154,-0.5652436
117845.75,-0.53498334,3.114839,-0.3870097
134802.92,-2.9738564,3.103977,0.4992643
130566.14,-1.3011628,2.7981582,-0.52277315
126137.95,-0.07982753,1.0761166,-0.511748
116514.67,-2.6899123,1.4835557,-0.47205624
123750.305,-0.93494755,0.39074174,-0.806256
131067.21,-2.633793,2.650849,-0.4013242
121304.13,-1.7105627,3.0382996,-0.84505
129643.086,-1.7603192,3.00534,-0.5560022
134655.88,-0.37150398,0.3116972,-0.42609027
129024.06,-0.2213507,2.552513,0.9394556
125019.09,-2.203315,2.3906398,-0.6657074
117527.22,-4.5970993,2.9018946,-0.7518525
117685.875,-2.8594613,2.4211748,0.789812
119168.56,-0.89871305,3.1363246,-0.56968683
124320.64,1.2068313,1.6113435,-1.2232507
115732.836,-2.0420954,1.6570556,0.7568254
132930.42,-0.38655928,2.5159118,0.7475354
130944.23,-1.8166542,0.8693293,0.63726765
131349.89,-2.3377748,2.13908,-0.5653908
132802.11,-3.7622366,0.64679027,0.4897118
133995.92,-3.2965105,1.7398434,-0.62864983
121918.16,1.8965392,0.62107855,-0.5683221
124814.07,0.9132648,0.9848673,0.66421
128685.56,-0.3798162,1.5330437,0.5623629
121461.98,-2.1681435,2.613416,-0.5142461
128131.46,-2.7986205,1.9508935,0.8690238
118588.86,-2.2013254,2.3858685,-0.5178847
132085.22,-1.7948985,2.6712978,-0.6332391
117494.07,-3.21138,2.6731453,-0.36619005
130753.38,-0.9926171,1.7778026,-0.6242877
128584.43,-1.6333933,2.1635916,0.521718
122191.02,-1.1282967,1.9832193,0.5388496
134664.27,-0.9543668,2.9926689,0.76182866
121725.25,-4.6602774,2.4050872,-0.4201535
127868.19,-1.8088096,3.1476033,-1.2839589
121493.91,-1.981486,1.3345646,-0.6214584
124134.664,-3.041592,0.5903548,-0.34449255
126844.32,-3.4678016,2.9716704,0.47955924
123652.57,-1.2868142,0.19083227,-0.55324525
118585.34,-1.4105103,2.7818894,0.49528012
129698.63,-3.9736774,2.76257,-0.47699335
115446.55,-3.2168195,1.1157898,0.7334399
125891.305,-3.1769137,0.655569,-0.3632548
129141.766,-2.0326116,2.9131618,-0.5155483
124978.39,-3.107294,2.3551128,-0.44936782
129541.234,-2.3257744,1.6713074,-0.43780977
125798.24,-0.6421476,2.045416,-0.6549944
121210.41,-0.43772373,2.160155,-0.66941965
124343.83,-2.737076,2.7536218,0.57410634
119682.77,-0.107557625,2.3798566,-0.66612315
118871.234,-0.08598859,2.108331,-0.61349535
123263.35,1.0511563,1.0703579,-0.70759887
123169.42,-0.44659698,2.2812574,0.91065955
117715.6,-0.62717843,2.084193,0.6508815
129176.17,-1.5039452,2.8298295,0.555035
134191.55,-1.1573293,1.8267945,-1.0627584
118539.65,0.14310779,2.8145916,0.60423166
118598.38,-1.1376135,3.0514262,-0.5801357
127359.24,-3.0310333,2.8791044,-0.6585283
133957.8,-2.931211,0.66711426,0.67991465
127536.43,-3.2321885,1.1566315,-0.662915
117390.125,-1.2991908,1.9120955,-0.63685316
115517.83,-2.7777102,2.9890127,0.92884535
132087.42,-2.3054614,2.2300801,0.4829306
132238.16,-2.573209,3.010664,-0.64609575
118336.84,-0.32984167,0.06694804,0.24710988
116981.22,3.1310363,1.3842896,-1.0465451
134108.0,-3.766506,1.2538037,0.5392421
131002.37,-2.7788086,1.4798268,-0.56051356
117887.67,-1.6060561,2.856117,-0.3876828
123087.69,-3.0621827,3.0842607,0.7358032
118580.05,-3.6970122,2.6212382,0.52261394
123786.29,-2.853593,0.72608227,-0.5411492
122714.02,-1.637479,0.5502998,-0.6302576
120741.66,-0.73158437,1.9799026,-0.8699086
119591.16,-1.9874122,3.1350436,-0.5122981
131967.61,-0.63014406,2.832833,-0.72085917
118560.5,0.8098311,2.1571453,0.71769303
128571.414,-2.6243021,1.195567,-0.7227851
130236.92,-1.2338055,2.8924806,-0.8959553
126895.96,-3.1467714,0.9319843,-0.35538617
120334.586,-2.460902,3.114287,0.23999643
122101.984,-1.153055,1.9646959,-0.69339854
115063.78,-3.6385207,1.0998368,-0.36199972
131416.2,-3.2162251,2.862515,0.71544737
127946.02,1.0019104,2.8994906,-0.6756062
119801.87,-0.5219982,2.628214,0.44530895
125609.3,0.49360067,1.523553,0.75777066
124813.89,0.114596575,1.6536366,0.6073942
119136.92,-3.4823337,0.9598873,0.5859289
124999.24,-1.1223943,2.354147,-0.6058763
125261.98,-0.32344124,1.166747,-0.752288
121543.94,-1.6523045,0.58751327,0.56606257
130411.58,0.7104552,1.6491692,0.91921866
122238.74,1.453893,1.4694896,0.8559486
126772.87,-1.4704219,0.6603197,-0.7984664
128013.28,-1.3320776,0.60700846,0.40597266
128631.85,-1.7090969,3.144134,0.6624867
116558.01,-0.0813157,1.4146242,-0.6663375
126484.58,-2.5692103,0.48427507,0.60690975
130837.81,-2.1431022,3.1302927,-0.82374066
133363.53,-1.9564072,1.0699011,-0.68055624
123683.586,-2.961618,0.41867232,-0.72147083
122401.62,-2.546234,1.9876835,-0.6466156
115999.63,-2.5245297,1.2922354,0.6355393
121156.04,0.46550825,0.8419066,-0.7487243
122440.055,-0.66225296,1.9930407,-0.53774524
126199.45,-1.147735,3.1645455,0.3065052
115503.1,-3.7126687,3.1620216,-0.28179318
125068.01,-2.1564825,0.2146646,-0.58035135
116679.32,-0.31289077,1.0546919,0.63627034
120445.77,-0.12352079,3.0233316,-0.030210063
131956.53,-1.4245583,1.1834284,-0.5876837
120443.0,-2.1776948,2.900594,-0.68309814
121119.28,-0.87294155,2.5967188,0.8669471
116040.59,-1.9301449,2.328855,0.44020122
119451.516,-2.0383055,2.5005739,0.9140874
121853.39,-2.3186266,2.9987297,0.68521243
115116.586,-1.7877297,2.3091671,-0.8039285
115197.875,-3.188827,2.88907,-0.55256855
134643.3,-1.6563355,0.12539078,-0.20048198
132089.39,-3.0398073,1.3338788,-0.38332534
118140.94,-0.59800047,1.7716879,-0.608564
117801.5,-0.8986438,1.5957465,0.5986612
134114.7,-2.9167025,2.5705895,-0.74002904
127507.88,-3.708791,1.9716542,0.34369656
116705.875,-2.4961598,2.3187943,-0.4586155
115008.7,-2.3541636,1.7534541,-0.4544128
118613.63,-0.9608213,1.3522593,-0.6343301
115328.07,-0.7299078,0.8908042,0.7238674
128753.71,-0.67618585,2.327046,0.46427655
132062.34,-0.46461177,1.63705,-0.69661516
121649.36,-2.7658293,2.4761746,-0.48064876
133737.7,-4.4032593,2.0811908,0.34629142
130711.99,-2.95623,0.90134037,0.7859437
129616.06,-3.6278503,3.0952277,-0.5756459
133983.23,-1.0671242,1.7759333,0.71700513
118094.484,-0.66159034,1.9169374,0.577059
134183.39,-1.0021458,2.9351208,-0.783263
126533.875,-2.4282613,1.90742,0.9071841
117038.22,-2.2846336,2.2072687,-0.5563232
126399.75,-3.421815,2.8435428,-0.42926955
123555.41,-1.7095767,0.92788905,0.66251516
119301.09,-3.7541587,1.6613605,-0.37937352
127211.85,0.4949755,2.1160438,0.57008827
125225.99,-0.66114396,2.5660982,-0.5663667
119865.69,-2.3639631,1.4256147,0.58476883
121543.44,-1.188871,0.1808387,0.5243362
132431.61,-1.1344936,2.6010475,-0.71629024
130488.06,-3.3516197,2.227811,0.5957816
134226.67,-2.0378454,1.5923966,0.4835823
126930.766,-2.211142,2.9490721,0.18461968
116243.82,-2.9149415,3.0933397,0.73484063
133944.61,-3.7852156,0.23478273,0.57995224
118965.49,-2.3060842,2.9194915,0.77176636
125359.85,-3.1605053,3.001595,0.44821307
134635.72,-1.6380025,3.0225043,0.47094935
119412.03,-3.8138957,2.7291865,-0.5753805
125761.36,-2.0255048,2.1887488,-0.74756044
122517.85,-2.3072479,1.3726741,-0.40866095
123582.29,-2.4827404,1.2783529,0.718716
132732.98,-2.4395795,0.44808298,-0.3751502
115847.76,-2.157861,1.7534475,-0.7667487
128999.11,-1.0651664,0.6556406,0.42600358
133852.73,2.6572344,1.8756049,1.2162654
124001.06,-3.3379378,2.8855648,-0.2920375
134104.88,-2.2476015,3.0425951,-0.27371225
125376.59,-1.9850444,1.62617,-0.58024776
133640.2,-1.2026259,2.5258434,-0.5192888
126891.4,-1.2510481,0.73135585,-0.30979794
116583.84,-2.1169088,2.06591,0.553238
130604.0,0.1620194,2.7514534,-0.5420205
120280.64,-1.3293723,2.1228836,0.35838833
132943.5,-2.296146,1.4379629,0.7387936
123674.914,-1.0484262,1.097758,0.48319173
126763.93,-0.5696101,2.464779,-0.685618
125313.125,0.87514335,1.3892851,-0.67899853
123030.82,-2.2127683,2.4029684,0.6218324
117214.484,0.27426195,2.3994422,0.27430913
131119.78,-1.9031787,3.088253,0.5769843
124167.336,3.7972798,0.32837844,0.6272027
133803.62,-1.7974823,2.744097,-0.5176619
121371.47,-0.6090937,3.0591729,0.45709056
133366.45,0.13324817,3.0320709,0.23820746
129948.25,-2.7043705,0.19437172,0.37789747
125548.22,-2.177587,3.0563736,0.6182589
117796.234,-1.5089526,3.010959,0.42090672
123412.44,-3.10011,0.046888597,-0.552856
117496.375,-1.6198627,2.5109136,-0.8627207
120474.96,-2.6441977,2.8408873,-0.63726944
130332.84,-1.6192747,1.8271823,-1.1566418
115048.83,-1.5305747,0.5312568,-0.48163986
126731.266,-1.6184279,2.7044704,-0.49319702
119252.04,-0.604198,2.2076523,-0.5177057
125145.67,-1.731247,1.9156442,-0.90610784
130611.54,-1.4639468,2.5467856,-0.6475031
127673.71,1.8216966,1.8704416,0.6166669
123064.164,-2.263526,1.8989959,-0.713764
116333.54,-2.8843448,0.019816382,-0.4235636
132958.95,0.4866919,2.958536,-0.5671951
118461.56,-1.0478101,2.0237648,-0.48188254
122313.64,-1.6742673,1.7259561,0.5706387
117339.875,-2.1851206,3.100726,0.42456913
131287.44,-1.2361702,2.3463569,1.2349331
132484.48,-3.6885586,2.725057,0.57861245
117736.9,-3.023297,2.50786,-0.50753444
116315.06,0.05510994,1.0683794,0.70347357
117873.195,0.8055164,2.58663,0.46568495
126469.0,-0.054404598,2.511183,-0.53084236
122778.56,-0.1894881,0.20676622,-0.33787483
118041.97,-3.1806798,0.8930793,-0.5031953
115088.93,-1.5169628,2.903149,-0.7502277
120859.055,-3.3918135,2.979553,0.4865269
115072.445,0.6584569,2.920585,0.57170683
131727.42,-1.6715926,1.4237303,0.7560095
123363.89,-0.5267258,3.0985165,-0.5600215
117605.57,-2.770838,2.9088275,-0.6047417
117569.31,0.30024937,1.1774789,-0.781531
116243.14,-2.4713068,0.78292155,0.7408239
127554.8,0.11095518,1.3679143,0.6275451
121434.96,-1.7219367,2.1447842,0.7657754
128647.69,-2.1371188,2.5374255,-0.55157834
120435.99,-4.4181333,0.16770306,0.2916373
125744.9,-3.7884407,3.033316,-0.5711405
119273.01,-2.9778013,2.2610986,-0.39436308
115785.56,-2.110051,3.0503042,0.58991474
122471.56,-3.0148683,2.3024664,0.86218506
117804.586,-1.1798084,2.9635692,-0.3000448
116698.0,-3.8437195,3.0961733,-0.29500803
123939.12,2.7007728,2.0487905,0.57638353
121050.99,-1.1500635,1.7147089,0.6445483
119950.23,4.454888,0.7310853,-0.41596797
133911.36,-2.3497474,1.2019173,0.685613
118918.7,1.0568355,0.7124251,-0.80675983
117396.31,-2.3096662,2.891642,0.64507633
127851.26,-0.39184177,0.86957777,-0.5093914
126336.195,-2.382977,0.8751998,-0.49551612
120460.77,-2.4811475,3.1260047,-0.7353099
126613.164,-0.19168815,1.6389235,-0.7693994
131536.22,1.5362539,2.2118754,0.67596203
125383.05,-1.2303715,0.26853755,-0.7734376
123093.695,-3.3471258,0.6590683,-0.4951555
133392.5,-1.6188797,2.1279628,-0.14903559
131847.05,-2.9300482,0.67903954,-0.6290385
130274.63,-3.9314086,0.24418995,-0.46615517
117073.68,-2.914568,2.9352236,-0.6329476
118954.15,-0.04784162,0.3340614,-0.42967224
125961.87,-1.6700641,2.9848175,-0.46964827
121456.29,2.8571332,0.64701027,0.5906445
118763.15,-0.4564938,2.200527,0.42382422
131633.75,-2.3679419,2.8721018,0.37423185
131465.86,-1.6679835,1.3774717,-0.73165256
132063.25,-1.4116255,1.436496,0.4604494
121534.07,-1.3624861,3.0382395,-0.60316694
117201.266,1.0823759,1.3852991,-0.61667824
129445.44,-0.6733917,0.401612,0.7032549
118554.48,-2.7792988,2.987842,-0.66333956
131012.18,-2.9901996,2.7551153,0.5888092
131020.19,-2.1555004,2.4830112,-0.5524569
122796.086,-0.86083955,2.7223432,0.6024676
131391.8,-1.346221,1.4278691,0.80039626
128359.92,-0.47932404,2.5231593,0.4748241
131891.89,1.1952277,2.8008032,-0.73341554
123422.336,-0.4734468,1.9556453,0.82960784
131472.03,-0.65517336,2.996178,-0.9110861
116451.39,-0.85345757,2.18461,0.7582518
121259.305,-1.0212007,2.5172508,0.53856474
128289.125,-2.2340453,2.0753355,0.44179538
130710.96,-0.38528293,2.071191,-0.83313704
133940.39,-2.6784313,1.7343855,-0.5197385
117429.555,-2.5313275,0.7643999,0.7027392
119053.86,-0.6741921,0.7885708,0.697963
132891.22,-3.0947216,0.20090187,-0.6832894
118892.125,-3.8221593,2.3378973,-0.43586507
134012.17,-2.2628334,2.52154,-0.68067074
126104.34,-2.9580283,2.5658562,0.6166223
127216.04,0.6865431,2.4463727,0.6728715
131487.88,-4.15544,2.2492776,0.4360215
120456.68,-0.7673526,0.7093017,-0.5769487
131778.2,0.1816949,2.944041,0.89647543
129616.14,-1.6412705,1.9165394,0.48719785
127372.49,-3.8555315,1.4090302,0.43257084
123658.77,-0.8212519,1.8665297,0.7366487
126371.19,1.1322395,2.0602381,0.41501626
119024.24,-3.0096815,1.9786744,0.48558053
129136.74,1.6895244,0.71998453,-0.63833714
116817.71,-0.86082333,2.5254924,0.5943278
128704.27,-1.0788361,0.20715405,0.39786437
123709.12,-1.8578949,3.1007283,0.530111
126888.69,-4.2472353,2.191302,0.69899493
124730.17,-1.0849507,3.1459591,0.5209077
116701.016,0.5582372,2.1899958,0.79128456
125802.586,1.4568754,1.7986501,-0.72507244
115021.336,-1.3894176,2.7702146,0.9897676
115510.03,-2.2584095,2.8449004,0.38922167
127566.336,-3.2820036,2.6933446,0.5372364
115972.08,2.2093966,1.685756,1.0795611
126814.9,2.3775585,0.90386784,0.53706473
121321.484,-3.3622952,1.899111,-0.57153964
127820.94,-2.0975487,0.5468039,0.56833977
128948.57,-0.799261,0.9318982,-0.6450107
132348.05,-4.2979255,3.0029852,-0.52641606
118710.016,0.24661383,3.1567771,-1.0469855
117175.94,-2.5786865,2.6772168,0.62244844
134391.6,-1.2362263,2.4793713,0.7486372
123890.41,-1.334257,1.2592709,0.7819991
117974.805,-1.5386568,2.0842936,0.35382715
131746.16,-2.5533001,1.4498106,-0.7651773
134630.97,-1.6177446,2.4343178,-0.7556925
124519.54,-2.4808059,1.7502717,0.6088591
122616.77,-1.887418,1.7962074,0.60991603
122149.8,-0.90833193,2.9814115,-0.3861761
115210.59,-1.1813447,2.7541428,0.44921505
122652.56,-0.39667687,3.0502422,0.52523965
130150.29,-3.0989914,2.3696241,0.63538796
121062.25,-1.0085596,3.100491,-0.4989945
132902.95,-0.8227773,1.4965613,0.602922
123842.13,-2.559238,0.3450443,0.2432626
119975.68,0.4047821,0.45370916,-0.7019082
123069.75,0.9278924,1.3032733,0.689203
129565.1,-3.2325127,2.40926,0.5710527
131444.56,-2.5991473,2.7150822,0.32821456
121979.484,-2.68482,2.961774,0.42417735
117490.54,-0.82395136,2.369924,-0.4792137
130242.78,-3.085016,2.3753116,-0.6917847
123669.48,2.7785952,1.2891129,-0.36702812
116418.63,-3.630496,0.58493125,0.50298464
132512.92,-0.42509097,1.7077895,-0.7166634
124403.03,-1.6578432,2.2483375,0.4251861
118064.62,-1.1680721,2.0582304,-0.9637275
120812.91,-1.6511463,0.9428815,-0.5995625
116764.484,-1.3757716,2.6740572,-0.5819754
115553.8,-2.3556495,3.0610251,0.24370842
115998.375,-3.37502,2.9488819,0.5206216
126414.49,-0.499522,3.0039954,-0.6212357
128337.125,-3.7505703,1.9223322,-0.45178798
117784.58,-2.6054268,1.7560337,-0.40356854
122287.57,0.970715,3.0295718,-0.5426206
115565.055,2.3246317,1.4125623,-0.90129805
117457.414,-1.2960849,2.796951,-0.6437786
117790.71,-3.0774775,2.5789993,-0.6161421
123076.06,0.24923924,3.0084255,-0.44893298
123880.7,0.43169388,2.138926,-0.6431105
117431.1,-2.1363223,0.70126706,0.47290376
119786.88,-1.2102524,1.4088236,-0.87081355
119221.03,-2.0514836,1.5555129,0.56518984
130437.32,-0.08716679,1.2833368,-0.7599456
120032.91,0.18400276,0.37733462,0.4041844
115608.77,-3.261905,0.538698,0.4654999
132652.75,-2.7712238,0.16556804,-0.52528703
126583.664,-3.275166,2.803129,-0.65379614
117737.92,-1.6959878,1.3194053,0.5213501
127527.09,-3.3218756,2.7159193,0.65105605
123019.4,-1.6263585,1.515501,0.6346944
122251.72,-3.1137786,0.61895216,0.4007054
117507.21,-3.020009,2.5073118,-0.445111
120375.22,2.2354934,1.7731224,-0.67369324
118981.06,-0.4977659,0.5666775,-0.5218068
119243.21,-2.0493705,2.5195804,0.42717293
129662.68,2.1837943,2.473985,-1.0202914
131448.03,-1.7480656,1.9164892,0.48661014
117901.57,-1.8802571,2.164294,0.71642685
121211.45,-3.4814239,2.5191243,-0.817847
125190.35,-0.8874458,1.5849189,-0.61741906
129208.49,-2.589412,0.7331666,-0.4778872
124067.27,-2.6844845,0.85184836,0.52244157
126065.24,-0.9133471,2.047706,-0.6473008
122175.76,-3.714236,2.194193,-0.8250373
115496.695,-0.8191565,1.9552101,0.5158251
126344.26,-3.3850477,2.851331,-0.7228412
132134.95,-2.8195138,2.799735,-0.45991403
117463.945,-2.3243093,2.5190032,0.852702
120960.66,-1.064692,3.1091583,-0.26046225
128136.76,-2.3658648,1.4905275,-0.56456345
124534.69,-2.7650774,0.5225655,0.47687724
130284.29,-3.4048448,0.9455608,-0.5489774
116246.52,-3.3144195,1.2131752,0.53942466
133036.9,-1.3435078,2.4770288,-0.42167768
132916.03,-3.1317677,1.99733,0.68503916
122306.57,-2.3551712,3.0257335,0.10853075
126871.47,-2.7911386,3.009349,0.53935975
116798.57,-0.065368384,1.2966797,0.4967222
120086.27,-3.357459,3.251684,-0.28096554
120884.39,-2.7375703,2.4237869,0.8773783
119987.87,-1.8104298,2.3271146,0.47346953
128958.95,-2.8760037,2.8090732,-0.63420135
118782.69,-3.2380855,1.0861225,0.931658
119863.58,-0.9190949,2.6097271,0.9765457
118876.1,-1.182432,0.21730587,0.5332515
125215.58,-3.6052008,2.5127552,-0.5596082
128513.14,-2.806006,2.632205,0.52912474
116377.336,-1.6473131,2.8309464,-0.71351945
122960.336,-2.1771545,2.4042933,0.55234814
126579.375,0.23269057,2.8558366,0.67290944
119973.51,-2.670733,2.2491791,0.72529095
127682.39,-3.0451572,0.4938103,0.42290494
129992.055,-2.9569492,1.9928969,-0.6775414
116646.695,-2.769484,2.0132673,-0.8186181
116124.03,-1.7115501,3.0269377,0.34687093
122780.99,0.6287134,0.6454969,-0.93569624
124744.086,2.4641805,2.375227,0.59588766
118239.164,-1.573687,1.1489141,0.52364516
116898.09,-3.323212,2.7620099,0.51786256
127701.125,-2.8812537,0.78159213,-0.403158
131703.69,-2.787155,2.8893104,-0.30523273
122513.42,-1.656157,2.6264265,0.7350768
134182.84,-2.1523097,1.6018636,0.70080495
133796.34,-0.43384987,2.3354783,-0.62341374
116770.414,-2.934303,2.5631042,0.6968707
132247.4,-2.61154,2.7527132,0.63457996
123602.12,-2.252217,1.9438317,-0.776126
119540.52,4.1697397,0.465052,0.4022131
129262.86,-2.918512,1.9791297,0.42212117
128392.43,-2.0398355,0.2502619,-0.41508543
118335.664,-2.9855266,0.2594773,0.38892186
132380.73,-2.7696776,2.4589305,0.59749556
119904.14,-0.090087004,1.5557113,0.69075364
124883.55,-0.44109958,1.794104,-0.77924514
117594.48,-3.3666716,1.0942245,0.5538706
119715.49,-1.6658907,2.2072887,0.82865024
131035.69,-3.9471405,0.16911621,0.6870276
119800.76,-0.8812269,1.8785301,0.5118432
130496.33,-1.4154742,1.1859535,-0.68270206
122620.03,-3.5351293,1.0100006,0.88536394
117898.0,-3.1396978,2.2645175,-0.60562664
125951.58,-3.3553386,3.0066242,-0.30090266
131238.95,-2.163335,0.54466975,0.5807118
121035.414,-0.23671909,1.1868125,0.5092439
123247.67,-2.242899,1.32053,0.7388483
124003.4,-2.549003,1.9438404,-0.61759496
131251.98,-1.2746605,2.9815278,0.96256375
115387.34,1.1244828,1.3034548,-0.6598082
122777.734,-2.1815617,2.408912,-0.83154833
126997.734,-2.10194,2.5106885,-1.0013239
117363.94,0.41377932,2.6739259,0.5997141
121584.02,0.3676773,3.0470653,-0.40809694
121265.4,-4.0345416,0.4914309,-0.40518755
127410.01,-2.8114178,0.89235204,0.43063
116634.87,-2.4975739,1.6526737,0.4040584
120669.8,-0.20420898,0.045507353,-0.5472433
118695.93,-3.566956,0.3525443,-0.48765454
120933.14,-2.868682,2.9404447,0.8171077
119187.37,-0.6310199,2.7883112,0.8395725
129064.445,-2.2298126,1.80934,0.6869795
131950.88,-0.46092078,2.1657617,0.47140676
126749.37,-2.5934498,2.9837704,-0.4278739
115791.63,-2.250596,0.99713314,0.5155301
118645.66,-3.0578175,1.648605,0.47765407
132269.4,-2.7154515,2.9471548,-0.42034665
125027.234,-2.5115464,0.47153926,0.5166319
123775.64,-1.9351722,1.4254243,-1.3198779
127548.44,-2.290383,2.4017177,-0.7176704
115515.21,-1.9126047,2.9062936,0.6241643
132319.75,-2.2906938,2.8323572,0.6436478
129657.12,-1.4335486,3.0250652,0.48209298
126658.875,0.5531758,1.0502741,0.5005673
129454.58,-3.118844,3.106192,0.41804412
123685.96,-2.9674191,0.6581032,-0.62015337
124187.15,-1.9325761,3.0589366,-0.55719876
122306.06,-2.5983984,0.14307484,0.5854243
123134.14,-1.4770672,2.598186,0.70453846
132031.73,-1.6036278,1.667393,-0.44758588
126779.88,-2.967292,2.447188,0.65699196
115825.17,-2.8341532,2.0679367,0.5858846
119520.83,-0.7656746,2.7863355,0.5596001
116165.5,-2.845734,2.6098113,0.92216027
129027.17,-0.030213946,2.5895016,-0.44240785
126766.22,-1.9618949,2.0152736,0.5693102
115015.27,-3.0850816,0.102125935,-0.40946773
118623.89,-3.5726821,2.2878401,0.6135925
116631.89,-1.0148739,2.1523728,0.7308555
118272.81,1.3313096,0.14276242,-0.5174636
118395.99,-1.3994863,2.8902166,-0.45878735
131057.75,0.44814542,3.0548022,-0.49942428
123645.59,-3.5564964,1.7652367,0.5715888
126821.53,-2.6224,2.660235,-0.24663554
133665.78,3.9092562,2.467827,-0.51252854
121244.56,-2.0759854,2.3982258,0.79402184
127267.51,-0.36424392,3.0098386,0.44705942
118739.375,-0.6727766,2.5801296,-0.7711186
132006.45,-1.5431912,2.3742006,-1.1144516
125538.36,-1.5296551,2.8017175,-0.52060395
132805.8,1.6161634,0.07602975,0.38860473
119832.28,-2.1242552,3.0456524,0.4364921
115092.25,-0.17707472,3.0186977,-0.21788326
118249.02,-3.3967001,1.3428445,0.56621623
125449.03,-0.45387286,0.3336374,-0.48886773
126945.984,-1.7654202,2.682357,0.30273136
115110.734,-0.5679742,2.4187748,0.4513625
118000.12,-1.3288075,2.8228786,0.5315443
125940.82,-2.6614845,2.2481437,-0.65508676
126713.73,-3.3394408,2.4490361,0.7628866
115239.78,1.7937282,2.166829,-0.6405292
129126.93,-1.8658649,2.0613124,0.6022368
121794.64,-1.170281,2.838268,0.5503848
118375.83,-0.8844113,2.9647574,-0.74323183
134692.02,-0.28816593,0.60298055,-1.1176071
130077.414,-2.417368,2.5250123,0.37308353
120903.195,-2.262827,2.6918883,0.8104848
119977.625,-2.2068293,1.8842163,0.719752
128549.85,-0.9833732,0.9761914,0.53470516
134260.5,-1.1411145,1.63535,0.69589776
117217.13,-2.4057937,0.31073195,-0.51821387
116650.94,0.45489782,1.9602908,-0.6927673
124678.72,-2.2692218,2.8431604,0.8849523
116342.375,-1.088219,3.1049104,-0.2612573
128772.59,-0.8780708,2.7017314,0.47108838
122301.52,-3.1807487,2.314544,-0.584846
117537.93,-1.72002,2.1576054,0.6508874
120326.77,-1.8055493,2.8775933,0.59428984
124028.39,0.779777,0.71206427,0.4396415
121941.94,-1.957347,0.5940042,0.6196628
120049.45,-3.8626933,2.6829176,0.90492636
116237.91,-2.9842117,3.1088874,-0.79234475
122510.98,-0.018838255,0.100638874,-0.4659681
132550.12,-2.8291986,3.0392513,0.6383509
123517.18,0.40224934,2.1228333,0.61526936
126350.09,-3.0250635,2.7590437,-0.7451765
119602.09,-2.735155,0.5381668,0.23249313
119446.234,-2.6112278,1.9469794,-0.9409985
130383.38,-0.7865927,2.4691377,0.7638975
131894.88,-3.7450202,0.082108915,0.4284084
132378.42,-2.4322047,2.2590637,-0.70687616
124539.88,-2.4392824,0.24898951,-0.46963364
129035.33,-0.37087646,2.7545612,0.43794844
122544.33,4.2061157,0.36940145,0.60636324
115943.97,-1.3656753,2.6329956,-0.5030159
116287.766,0.13150994,3.1502717,0.4563622
115223.54,-3.8571754,2.6299336,0.44920614
120684.61,-1.3981334,2.0056372,-0.82283574
116808.836,-2.6461968,2.711864,0.80721116
130173.734,-0.65506417,2.6779063,0.59255433
131552.02,-1.6269726,2.622841,0.46434286
121778.44,1.2946057,1.4685417,0.46390614
115617.305,-2.7214336,1.2227451,0.9059078
116979.56,-3.268866,2.4098644,0.4390736
120170.61,0.39317015,3.012247,0.53354347
120826.9,-3.421657,0.6094408,-0.7505616
116217.336,-1.4243506,2.8682022,-0.4779292
131733.92,0.24285053,2.5353482,-0.6773584
115545.445,-3.6277215,3.1116412,-0.2544105
122516.25,-2.2624373,1.9490619,0.48181793
126593.336,-2.4137826,1.1592337,-0.6244297
118436.23,-0.6914819,2.9178083,0.57523185
121229.76,1.6762276,2.5125542,0.46122697
117787.12,-2.3935733,2.8484523,-0.2715294
132079.83,0.65989375,2.4347076,0.67210585
125539.41,1.1375729,0.12300913,-0.36126885
116027.86,3.0577195,1.9354067,-0.5378295
117569.125,-3.2793856,2.511334,-0.5552039
128448.09,-2.5938463,2.6838682,0.26297763
119513.945,-0.15462261,2.1320186,0.8474968
119436.87,-2.7076817,1.1773162,0.43868643
116786.44,-3.5268605,2.7106047,-0.59046346
116046.37,-3.7622006,2.9098344,-0.6486984
124630.05,-1.1864395,1.4413272,0.82796293
122308.94,-2.955016,0.13080548,-0.20939527
121720.77,0.49890587,0.2904382,0.49419186
132795.86,-2.7283869,3.1598523,-0.74763036
128254.625,2.3854053,2.4508004,0.8708297
123715.44,-1.934741,0.5183682,0.6395178
121455.17,-3.2556348,1.5777181,0.5992289
130106.75,-2.8805673,-0.056220867,0.44966677
123286.27,-3.1587257,1.431144,0.60197634
117149.43,-0.4804017,2.6250322,-0.5815785
127260.766,-2.2672684,0.4472944,-0.6263532
127303.07,-3.9630122,1.5349302,0.79159904
125426.86,-2.810108,1.6646104,0.6202564
117705.49,-1.8783726,2.2995436,0.7758691
126719.63,-0.6077044,2.5654054,0.48524168
129776.23,-1.7584797,0.30573156,0.728014
123533.4,0.3442285,0.7636126,-0.8813572
131875.97,-0.79982924,2.922493,-0.6007696
120063.83,-3.323526,2.368388,-0.8650529
130491.38,-1.5414176,2.8355746,0.44885802
122764.97,-2.7099104,3.1598346,0.24441573
119632.15,-2.5290592,1.8441516,0.5646652
127435.5,-1.0606939,0.24186854,-0.27925652
133438.97,-1.5908483,2.2352571,0.75899935
130722.75,-1.515268,1.783917,-0.22455142
127537.414,-0.06305846,2.5585637,0.5908937
132500.22,-2.2498393,2.4788103,0.63506925
126633.44,-1.9864523,2.331864,0.7159226
118702.77,-2.880735,2.452405,-0.7701903
122056.95,1.221813,2.7921152,0.8136979
120791.05,-3.6571503,2.9741774,-0.5802747
119723.51,-2.877329,2.7483175,0.45012432
130492.945,-2.781238,2.9309564,0.5947524
120887.56,-1.2902906,3.1291428,0.39731997
123222.53,-3.9460728,1.9386724,0.56867385
120521.76,0.82923007,1.375106,-0.94509286
122808.85,-1.986629,0.67583954,0.79995686
116201.02,-3.8093338,2.6566284,0.7362201
118531.43,2.746927,3.0388632,0.41858938
134565.89,-2.2187765,1.8545246,0.85800016
118212.98,-1.8248211,2.9238822,-0.5139638
115193.78,-0.736705,3.0618918,0.47775424
118010.555,-3.5726829,2.9456642,0.5877901
116652.21,-3.0354123,1.9261016,-0.49058703
117011.664,-2.028375,2.9726434,-0.8522717
118817.805,-2.244634,2.711143,0.7324677
116030.1,-1.9202412,1.7779348,0.48307142
130607.35,-3.6576045,2.4751012,0.42753175
116786.17,-3.440484,2.9201198,-0.720182
129851.11,-3.657162,3.0096912,-0.35451958
128033.98,-2.5053625,2.5930312,-0.4592576
129161.63,-1.3634323,2.7984743,-0.8665706
119400.06,5.311654,0.6773404,-0.69096917
118323.06,-3.548343,0.9549383,-0.3764318
130606.19,-1.1877666,0.4800251,-0.3945132
128218.28,-0.5074502,2.8665051,-0.6883694
120461.02,0.5849492,2.829131,-0.45966223
115760.25,-2.4049196,1.7910485,-0.508367
122504.36,-0.9846059,2.1671777,-0.68087584
125178.22,-0.38609573,0.4405963,-0.65997446
118784.64,-1.8877845,2.4655547,-0.57337344
121563.46,-3.4521713,2.8449852,0.45194504
118032.5,-2.716645,2.733738,-0.8339495
117315.086,0.9799423,1.9544457,0.28085643
115193.72,-2.9205296,1.7421663,-0.58487195
133545.48,-1.3549113,2.2215087,0.6748542
117312.43,2.278385,1.0758656,0.6332261
118463.69,1.4627793,1.7642676,-0.90038306
125000.5,-0.9628805,2.2633758,0.75508183
115210.03,-4.12917,0.8506197,0.47414815
132311.14,-0.3973877,0.9718083,0.6452209
121544.305,-2.891841,2.972499,0.56043595
133945.19,-4.3984356,2.5685256,0.5091728
128907.88,-2.5156183,2.6787295,0.27397203
129403.445,-0.91770524,1.919238,-0.6974942
125933.63,-1.67008,2.8056254,0.7062353
121743.58,-1.2928541,2.7822776,0.8258634
131673.27,-2.292117,1.8390431,0.8504781
131251.58,-2.2363539,2.0785396,-0.3376718
119015.65,-3.6380432,1.3262618,-0.6871144
129260.016,-2.2525933,1.153127,0.37165695
120059.34,-3.2063491,1.2974323,0.3607235
129252.7,-3.4624033,0.5293946,0.5582801
118897.28,-2.668551,2.3857162,0.5969745
120275.06,-0.7893638,2.6205144,0.28211135
119006.02,-1.8213422,2.7994165,-0.31679714
122710.45,-2.8167484,3.072824,0.40716287
124644.94,-2.287423,2.8684425,0.7381458
116406.4,-2.185011,2.7353427,0.62559444
126084.016,-1.3620108,2.138692,0.36864284
127867.67,-2.630047,1.6213087,-1.0605118
128562.04,-2.1702788,2.3726099,0.6462847
128372.41,0.4873745,0.9884468,0.66874075
128507.12,1.9838817,1.9674209,1.2147429
118859.5,-1.3204079,3.0274227,-0.35515445
119295.56,0.12051207,1.941529,-0.74207544
116794.91,-2.9863784,0.29050058,0.6251886
127873.46,-2.8721583,1.1834501,0.7130072
129243.02,-1.5030657,3.1668832,0.4624211
121324.79,-2.131963,2.2183254,-0.6769968
116427.57,-1.2015688,3.0990653,0.6084369
134198.14,-1.7395234,2.2694027,0.938349
133023.81,0.31100273,1.1508416,0.6388308
130617.305,-3.344857,2.0152645,0.48225787
125575.82,-1.3322536,0.94883806,-0.98684484
131241.42,-0.9561081,2.4050202,-0.42990342
129504.414,-2.6603687,0.23567118,-0.5317858
120915.8,-0.5260546,2.1126742,0.5687881
120389.266,-2.1617715,2.0489616,0.5494335
115026.04,-2.2170496,1.8930387,1.0250055
119998.46,-2.6264064,2.5854194,-0.89357257
123886.77,-2.188807,2.3785963,0.5075724
128842.52,-1.8494488,2.9437094,0.4566679
124035.63,2.2755954,3.085193,-0.48708108
120432.09,-3.4397054,2.701131,-0.6983054
115943.86,-1.5770435,2.61326,-0.61537546
119841.08,-4.333328,1.0465833,-0.48677182
118076.08,-1.9444994,2.8621974,-0.4905879
116624.03,-1.029643,3.0743554,-0.036187492
132411.61,0.5306944,2.2077956,0.8913422
122486.02,-1.6257547,0.230524,-0.6321844
126302.02,0.8525325,2.7679017,0.48788342
116359.83,-2.1247425,1.6369066,0.62060636
131287.75,0.48502153,3.166611,0.003013671
117123.77,1.5835489,0.600486,0.49212715
131148.31,-0.57030064,1.9044259,0.7849772
119339.44,-2.9283042,3.0247934,-0.51297224
131809.9,-2.57611,2.7177637,-0.8444197
116698.32,-2.087832,2.5864763,-0.6270953
122252.55,-0.87142926,2.1568246,-0.6498537
133889.64,0.02997562,1.8577143,0.6800425
118150.44,-3.472508,2.135301,0.769177
126603.33,-2.0788152,2.7690272,0.54914796
121969.01,-2.1876373,0.44349155,0.3410188
117230.39,-1.0754833,1.8372487,-0.63548476
122036.8,-1.6772016,1.2430632,0.8682705
133380.36,-3.1062644,2.9620793,0.46772027
125527.75,-1.8876392,2.5805445,0.97384906
119848.09,-3.017567,2.9234958,-0.7099252
115346.17,-0.5630513,2.2537928,0.6342568
117631.22,-2.4029043,1.6369393,-0.72660476
124265.05,-1.953542,1.9705888,0.88010895
123044.336,-4.2570252,1.8656887,-0.70089614
130840.79,1.6336874,1.2791232,0.9720111
133490.52,-3.417062,2.8044915,0.21224959
134389.06,-3.5900977,2.8800485,-0.67305356
116131.2,1.5537792,0.8490182,0.634225
117056.28,-3.993985,1.339397,-0.71645707
119346.1,0.05560485,3.1959944,-0.50609094
118625.555,-3.0322917,2.237317,-0.69584274
128458.336,-2.0974553,2.9122953,0.82561636
132827.14,-2.7409313,2.941384,0.661333
124289.56,1.9073584,2.0106459,0.562175
132336.08,-0.67687225,1.4733508,-0.69136757
122970.81,-2.9158428,2.314333,-0.7832848
129564.17,-2.3040504,0.7960159,-0.99777526
118257.05,-2.7362165,1.6064122,0.7205968
128257.72,-2.4846292,2.5417604,0.3357389
126228.484,-2.9559143,2.1275775,0.66425675
127963.516,-1.8083248,2.1584733,0.6790377
125869.69,-1.3508508,2.7205658,0.89553714
117123.33,-2.5992117,2.495441,-0.6247242
132520.72,-3.0142958,2.9359884,0.7074817
126663.02,-0.0032467043,1.3518025,-0.624473
127053.4,-1.130315,2.9406073,-0.5674371
123235.016,-0.22615929,2.7626169,-0.6858201
131987.92,-1.3865583,2.6884687,0.46458066
127711.85,-1.7550181,1.2457049,0.27580506
123342.15,-0.54727477,0.90201485,0.7533706
129706.03,-3.8001387,0.35494673,0.29826626
125152.7,0.8014717,0.82790226,0.55263263
122623.71,-2.7803845,0.031849343,-0.41735515
125228.82,-0.24921305,2.8329885,-0.62278193
133395.61,-1.4715271,2.086439,0.7075118
115605.65,-1.6461428,3.0346014,-0.5976338
121297.0,0.7981124,2.91463,-0.63904035
134807.61,0.6349878,0.14103122,-0.52251744
126547.45,1.6969401,0.89496964,-0.5508454
118668.13,-3.8314037,1.4844072,0.6037794
131173.05,0.06982084,2.4549253,-0.92656624
127760.82,-0.570592,2.9448967,-0.6490459
128071.75,0.056426942,1.7792069,0.7536164
128552.92,-3.5533404,1.651504,-0.9121739
118648.52,-2.862192,0.118602395,-0.53045803
115294.17,0.5775376,1.8994532,-0.5166497
115039.65,-2.7958214,3.0793822,0.4237465
118892.234,-2.1213474,0.6295406,-0.5670607
130397.59,-3.5973208,2.6469018,-0.56110936
133118.28,2.6784787,1.6564901,1.2480594
122849.836,-2.3443906,1.6917615,0.7199501
133834.5,-2.453407,0.22459945,0.74348277
121434.48,-3.5956106,2.5385327,0.4055919
115999.11,2.2408173,2.3815634,0.53319925
123461.516,-3.6557837,0.49336424,-0.6632264
130351.84,-2.6483374,3.0232058,0.59427786
121497.4,-2.8494258,2.569071,0.7228594
125366.62,0.004049856,1.2903908,-0.6274255
119600.1,-2.6127157,2.9332573,0.6752683
132870.67,-0.27008432,1.9151708,0.8888244
119434.086,-2.896614,1.1011673,-0.8076564
119153.12,-4.1120815,2.8261414,0.5956918
130251.555,-2.6682003,1.4561144,-0.84726983
116726.79,-0.29909045,0.7189872,-0.46438307
125839.51,-3.574523,2.2767508,0.61474353
127324.45,-2.0841262,2.851529,0.6042536
115245.19,-1.5129797,3.054809,0.46644557
115317.805,-0.6788911,2.6539779,0.7252107
117480.46,0.52599466,2.8285985,0.5611518
119345.66,-4.384365,0.83783937,-0.53508717
118090.65,-2.4133718,3.051037,-0.42795697
126566.25,0.48738483,3.08914,-0.4122149
117288.81,-0.7664957,2.609734,-0.56754565
121460.14,-1.0635318,2.8015463,-0.6406597
125048.61,-3.2068925,2.4922647,0.54177034
128009.1,-3.0396936,2.4419758,-0.95462996
123424.52,0.48562494,0.72740746,0.91413254
127430.03,-2.0139916,1.0773611,0.57768196
128449.0,-2.436912,2.5308814,-0.5708051
116808.39,-1.049696,2.7400727,0.24986428
116520.19,-2.7073164,2.9900856,0.59375006
124816.19,-1.1751627,2.9566483,0.37160453
124827.85,-3.2221122,2.7754927,0.6810373
116453.945,-2.811869,1.3076694,-0.76250005
116609.54,-0.30395964,2.3079047,-0.5945848
128630.04,-2.1028862,2.9000306,-0.62287605
119343.42,-3.8839993,1.8045595,0.7702291
115462.05,-2.8108544,0.33437017,0.42146716
116499.75,-1.1116345,0.18805818,0.5649752
122898.37,-1.3301307,1.928006,-0.4344992
127357.16,-1.648492,3.0764093,0.62987006
126132.94,2.0164294,2.7474527,0.6555164
127583.83,-2.5890958,2.0584843,0.6946295
126754.6,-0.066341326,2.7443962,0.59459853
127729.11,-1.4430063,2.7083964,0.67122936
115938.95,1.6722821,2.5002506,-0.562862
130702.21,-2.2902694,2.6237175,-0.35207134
132245.56,0.46888685,2.4109304,-0.64214367
122776.19,2.579187,1.0126145,-0.44517267
126388.695,-2.7834916,1.6847135,-0.5693255
130693.07,-3.551455,1.8429294,-0.6218219
116141.234,-2.8653283,2.6508684,-0.38730907
118469.69,-0.04792221,1.995387,-0.72489214
130943.06,-3.139102,2.0083187,-0.65321857
120748.64,-0.42205194,0.87413245,0.9109266
119934.89,-1.3605596,3.1595907,0.80264515
119050.836,-3.293589,2.8593266,-0.54863477
123092.78,0.87279725,2.0715747,-0.8244093
120665.31,6.3676043,1.0933125,-0.7723818
132357.84,1.5643959,1.2281376,-0.67305374
120818.94,1.9195689,1.7935975,0.63112605
115394.055,-2.842903,2.6782587,0.4249415
117072.5,0.285452,1.8862349,0.6168455
119990.16,-2.6384497,0.22837229,-0.5699236
115518.64,-1.6113858,2.8648582,0.42248392
134602.25,-2.044285,2.5941882,-0.43527532
133756.39,-2.4182224,2.9772263,0.69633806
128695.92,-2.674522,1.8965594,0.5204118
115589.45,-1.152246,1.9321699,0.72279483
122755.875,-3.3052173,2.9742455,-0.54556215
122417.72,-0.9684595,2.9016798,-0.49817488
123182.305,-2.903228,2.3251557,0.6053741
123839.234,0.81235766,2.7375486,0.45725295
133262.3,-2.1107068,0.25174496,-0.42611668
130491.016,-3.7172303,3.0258908,0.36293313
132962.84,-0.7753221,2.9098046,0.48456788
117626.7,-2.941158,1.4124674,0.6118857
134734.08,-2.8795736,1.8367835,-0.48959395
133667.02,-0.6883995,1.6319282,-0.3837922
115401.44,0.58701634,2.2063048,-0.73215127
132487.11,-1.6429378,1.137781,-0.64182174
115988.54,-1.8400934,3.0910454,-0.55624384
126998.06,-2.0462055,3.0614603,-0.33825317
130070.375,-3.1209505,2.597824,-0.48036256
130738.74,-0.3270248,0.17214055,0.45553884
121635.86,-2.0114272,3.0850656,-0.34026122
133122.19,-2.3835518,3.0356832,-0.67766804
115792.836,-0.07108791,1.4025204,-0.7378462
116700.05,1.2798969,2.4910014,-0.617808
130147.69,-0.27722523,2.2928653,-0.79757047
128012.45,0.42753416,1.4987375,0.6434278
129670.56,-3.5654244,0.7217686,-0.4181613
116987.19,-1.2965881,2.4853303,0.7035732
128597.24,-2.5108738,2.4962733,-0.54084367
127865.31,-3.777102,2.0830045,0.5030401
116018.03,-3.2790446,2.4319127,-0.60271853
119059.79,-2.8302228,1.6951025,-0.5966165
115046.99,-4.4705243,2.4946325,0.6396383
116252.805,-3.440444,1.2538147,-0.5405486
132146.6,-1.8726951,3.0135996,0.9919874
121161.336,-0.69931126,2.0943756,-0.4952352
125926.05,-2.906127,2.40011,0.5791834
132507.97,-2.7724042,1.9676172,-0.7354269
126650.836,-1.5950452,0.4085963,-0.54551286
119904.555,0.5738015,0.8379412,0.5680879
120971.89,-2.3367226,1.9526788,-0.7992584
128203.58,-3.8118734,2.6915092,0.5095712
133961.05,-3.1496649,0.39848503,0.62450475
123182.5,-0.47842792,3.1000235,0.48840213
126708.51,-1.3447428,0.88346106,0.34720087
117815.39,-0.99895275,0.6195618,-0.9654817
127254.41,-2.6181571,2.2370613,-0.49990416
124239.89,2.07091,2.1477265,0.41262728
117718.695,-3.9210145,1.3673291,0.64796084
121321.1,-3.500503,1.7091856,-0.4483081
134879.89,-2.8425102,1.3580321,0.55022585
133544.16,-2.962219,1.0266479,0.6630478
134422.36,-2.0477664,2.2423103,-0.9456516
116334.26,-2.9953828,2.7382448,-0.4726721
124662.234,-2.2864435,2.679495,-0.6489701
134899.42,-2.409747,0.52744764,-0.43273002
119907.64,-2.1604187,0.69250435,-0.4688168
121435.57,-2.7836053,3.1416893,0.3845088
122561.305,2.2858415,1.004436,-0.861463
126430.53,-3.048954,0.7875358,-0.6333634
125673.766,-1.1509613,0.84188616,0.5084908
120327.51,-3.9387934,2.164051,0.8145201
122302.3,-3.9136918,1.7317675,-0.7524452
116711.37,-1.0524505,2.6165833,0.74756145
130725.766,-1.8604718,2.2968843,0.617084
116808.12,1.3286467,2.0257032,-0.6748698
124286.35,-1.2041168,2.5749948,-0.56248015
116348.73,-2.9122796,2.2092822,-0.3825217
117919.26,-2.4004142,0.9675624,0.4629612
119114.47,2.438474,2.7869248,0.4205078
126984.29,-3.1537123,0.9105083,0.66132534
124837.57,-2.2608354,2.7637596,-0.3550081
124434.83,-1.3830788,2.8200128,0.43851352
130628.07,-0.75919914,2.869982,0.7645845
134394.7,0.31460863,1.861252,-1.1796681
134155.34,-1.9695334,1.9486843,-0.5942617
130253.43,-2.4138436,2.8279533,-0.4313063
116221.29,4.762311,1.71438,-0.7053102
131309.03,-3.7039287,2.9817746,0.5866985
127895.98,-3.5758085,0.587819,0.63154906
117081.47,-0.79545945,2.8471668,0.8446749
128668.11,-1.659132,1.8049078,1.0598081
118516.98,-2.1835136,2.0708656,-0.6687398
126008.72,-0.09719104,2.6751318,-0.7353301
125152.84,-1.2199969,2.7582786,0.32137385
130492.64,-0.55871075,3.0623603,-0.64122397
120905.33,-2.046758,0.13379458,0.53467256
117186.91,-2.4289777,0.19627525,-0.49961546
115191.09,-2.4603148,2.7690513,-0.636405
120361.836,-1.2219391,2.7218745,0.82837665
122039.24,-4.5736737,0.72859937,-0.5685013
123178.234,-1.4630634,1.0915922,0.7384747
130087.96,-2.4184637,1.1297008,-0.6479851
119969.64,-2.1389017,2.7961555,0.46437013
119134.484,-3.2567472,1.1673461,-0.4792686
115769.81,-1.3601284,2.1667721,-0.7576067
123942.13,-1.8296889,2.684927,0.63423127
125072.664,-3.416471,0.00060461473,0.24050748
119858.18,-2.8922331,2.6592708,0.71314377
124272.24,-2.2759604,1.8514959,1.2872819
118147.53,-1.888225,2.7472408,-0.68964565
119912.24,-2.291814,1.9507607,0.8386928
130349.66,-0.49400017,0.8147867,0.6671956
125462.47,-3.275662,1.254353,-0.54207236
121008.3,-2.2043118,0.27054352,0.72584856
123845.1,-0.32101974,2.7279,0.9103644
119310.68,-3.208474,0.25813836,0.4962976
130163.9,-1.5353739,2.9909437,0.6152245
116841.92,-0.14542907,2.5817204,-0.36347923
131615.34,-1.6018058,1.1877788,0.9078747
118218.93,-0.88240063,2.4374597,0.6528438
122580.8,-3.502048,2.522541,-0.54259634
116521.984,0.92748046,1.7944363,0.8322253
123567.875,-2.667587,1.700716,0.3840307
117431.76,-2.2874546,0.7549057,0.9581325
123700.266,-1.3606133,2.6442847,0.8023558
129229.305,-2.4486635,2.5438023,0.9513055
117446.3,-1.9246079,0.7965795,0.57117134
131791.22,-3.5336325,2.7493105,0.5044
127711.35,-2.4283595,0.55950433,-0.53201795
131540.12,-1.655511,2.459934,0.64195883
130548.63,-2.4245012,0.21895015,-0.3660306
115185.664,-1.96117,1.5154243,-0.70103276
119865.61,0.14896129,3.1262257,0.53971344
117722.484,-0.73595595,1.2604183,-0.8710458
120871.984,-2.8819406,2.0290644,0.45932835
118007.43,-2.79039,2.971628,0.64832
119385.086,0.98925847,2.4240973,0.94666535
125698.69,-3.3017128,2.4482727,-0.77899486
126271.15,-0.40434194,2.639491,0.8879335
124329.27,-1.662022,2.6310072,-0.49984202
118066.875,-3.1679294,2.9648829,-0.47769436
127577.38,-0.4541477,2.2363448,0.5415655
121350.336,-1.6016302,1.7726674,0.3578295
128090.59,-0.2945419,3.0092309,0.44335476
126986.234,-3.9308772,1.5355532,-0.47672242
125263.76,-0.70624757,1.4566631,-0.47370544
129506.13,-3.7626073,2.780543,-0.5809774
118147.516,-2.5679796,2.981028,0.43802294
120983.7,-1.2546265,3.0399256,-0.4053667
133400.16,-0.18755186,2.399037,-0.64079505
126026.5,-0.6784844,2.6134617,0.35683486
119060.46,-2.4105463,2.893558,0.6731472
130900.125,-2.02661,2.1112013,-0.938232
123730.15,-3.0546515,0.336083,0.63797337
131588.75,-2.560254,2.8058262,-0.941284
128934.64,0.80762416,3.012875,0.26046833
134939.81,0.6848514,1.9335574,0.64917135
122001.63,0.68157476,0.12956215,0.58259004
131816.95,-2.1649926,3.106448,-0.43172938
131136.94,-0.12139306,1.3941064,-1.025854
128897.49,-1.5958173,3.0153863,0.7093868
126790.76,-0.13670771,1.9219779,0.5553614
123964.98,-2.2195673,2.1516054,-0.56400913
128313.586,-3.892471,0.8187923,-0.51727813
127242.42,-0.90698737,2.4299755,1.0792334
131962.34,0.905515,1.0883045,-0.9368933
117152.91,-0.99625295,2.9277854,-0.41904414
121296.88,-3.180728,3.1881368,-0.45976785
117223.65,-2.8037193,1.1575507,-0.5963884
116911.7,-3.5932045,2.3803236,0.7895742
120596.67,-1.5051717,3.0562582,-0.3930799
131336.36,-3.8075235,0.6574276,-0.6307955
117258.35,-2.4943671,2.5677598,-0.7454608
120914.78,-1.1253762,0.92389315,-1.065004
117924.164,-2.7632613,1.7888614,-0.6764892
124468.78,-2.2177095,0.9726794,-0.71130604
116968.29,-2.211233,2.2404306,-0.5654276
129162.52,-0.021599693,2.5147443,-0.62604785
127763.3,-2.427746,1.1143105,-0.6365993
117122.67,-1.6879015,1.1104168,0.5230141
119935.67,-0.75308007,2.0451577,0.92031246
130257.51,-2.6432388,2.8826742,0.39478555
117476.51,-0.69867134,0.33143046,0.32880154
118388.24,-1.9063703,1.7469202,-0.7063296
126931.67,1.1895002,2.110391,-0.6088422
132838.73,-3.5575821,2.35491,0.72945213
130746.3,-2.3298168,2.1760168,0.6122954
123600.445,0.9056294,0.25398052,0.5288666
133628.73,-3.1837912,0.48809606,-0.62260467
116915.85,-2.8223326,2.8490243,0.7995057
133652.4,-1.9167786,0.9042651,0.6424251
123640.66,-2.6641684,3.0530665,-0.5128453
117237.445,-2.5601642,2.6111581,-0.72039133
119320.73,-3.4997869,0.45577738,0.5997902
130478.875,0.40668184,2.0795858,-0.8141211
115101.53,-4.620116,3.1798325,-0.40854052
128842.91,-3.368359,3.1927028,-0.40833026
122804.25,-2.2888494,0.21946734,0.4486728
128390.11,-3.9225106,2.2894733,-0.7576159
123347.97,1.6079018,1.8099883,-0.9724097
122340.66,-3.3409352,1.974629,-0.7486314
126186.56,-1.8127252,2.831272,0.49483323
121857.48,-4.2466545,0.9413496,-0.5884407
129443.28,-1.1292765,2.6490417,-0.5653884
128849.33,-2.8701973,1.9106541,0.48756346
121118.586,-4.1275086,2.5940409,-0.9214316
126739.055,-1.7937248,2.161728,0.9619243
128076.5,-3.6379972,0.44899273,0.6519937
126134.37,-2.8457901,1.5308013,-0.41816524
122186.305,0.6636278,0.6612917,0.5905356
130135.47,-2.5813503,2.881959,-0.7538313
122419.84,-3.807029,2.665385,0.6521789
125919.37,-3.861106,0.76168525,-0.59228873
130242.914,0.5318041,2.1988459,-0.57749504
115973.51,-2.823043,3.0623462,0.64275044
121739.305,-1.6072013,1.043046,0.701065
121460.586,-1.3494056,3.0227075,0.45940307
115709.63,1.1579679,2.3291638,0.58299434
133564.64,3.2328742,2.3079627,0.2695777
132611.05,-2.927948,2.1732948,0.794477
133610.75,0.3503093,2.4035923,0.47257164
115301.55,0.10778253,2.1486142,-0.8947616
129998.57,1.0530429,3.1609015,0.47671592
129240.96,-0.6515413,2.8817468,0.69023085
117283.516,1.4557416,2.0344782,-0.6351808
123959.5,-0.83249813,3.0667048,-0.5750025
122788.15,-2.7493353,1.9385501,-0.375798
133623.92,-0.7988997,3.0778642,0.47523817
130355.36,-0.14084952,1.7591141,-0.577696
124705.54,-3.027837,2.1076386,-0.7475036
122831.36,-0.46028396,3.111135,0.54791456
131707.02,-1.5264081,2.8496876,0.6037552
125437.02,-3.0906744,0.43346277,-0.71272105
128887.91,0.17656223,2.471759,0.717432
124467.97,-2.407636,0.69831824,-0.6638954
121521.76,-0.9486724,1.6582782,0.7716733
115433.32,-1.8006628,1.7182041,0.5571101
134499.55,-2.1344452,2.5892308,0.43859515
115083.66,-3.5966396,1.8667427,-0.62279814
132604.98,-1.2412064,2.8262577,0.6220092
123159.83,3.8358738,0.3472671,0.45393133
130060.38,0.1319508,2.3770077,0.6304223
121152.484,2.255051,1.4237958,-1.278631
122947.805,-3.7979505,2.8064167,0.53335917
126203.66,-1.8814051,2.2850802,0.46568832
132229.14,-2.3139968,2.1676662,0.54108405
119927.914,-1.2572013,1.2589172,-0.69706124
121240.34,-1.26445,2.5912042,-0.97509426
124269.67,-3.0130353,2.8443143,0.5084919
118289.34,-2.757073,0.10824341,0.4022605
128029.2,-2.177219,1.7323416,-0.6782349
134539.03,-1.7667152,2.8248086,0.86610806
130228.164,-0.985813,2.2398996,-0.31633234
117331.64,-2.852745,1.1621574,-0.23190391
130981.8,1.8092333,2.8915975,-0.5255528
121927.86,0.7824337,2.442251,-0.91876304
121296.42,-3.3858488,1.3098023,-0.57377505
126197.836,-2.8945148,2.937001,-0.5004202
127461.62,-3.684387,2.9614754,-0.32928428
120850.586,-1.4626553,2.3852649,-0.94977957
134057.44,-2.892511,2.8369725,-0.5622356
120019.31,-1.0337521,1.2291356,-0.6805602
129971.9,0.76732534,1.421094,0.701775
117021.58,-4.1305003,2.8537147,0.68948466
121101.59,-2.6645339,2.1940181,0.80916625
132451.7,-1.636205,3.1258254,-0.5128689
125578.66,-0.9421091,0.4997328,-0.57860506
128910.945,2.539023,1.5772296,1.1156132
125177.89,-2.0959527,2.9341347,0.6180421
122540.25,-0.08053253,2.9103575,0.4793172
116505.3,2.6770687,2.719033,-1.355551
121268.26,-3.647178,2.3170412,0.5334189
122380.414,-0.63956565,1.1228284,-0.6600583
119075.15,-0.38104054,2.571485,0.61557204
124561.13,-0.70398897,0.4909372,0.34991944
131041.79,-1.3326125,2.6786144,0.68251365
116283.33,-0.3664922,3.128795,-0.44021684
115561.46,2.6454296,0.929199,-0.61814517
130959.63,-3.0801075,0.17309816,0.4793115
119533.68,-3.0349073,2.8445487,0.33458826
121824.97,-1.3479774,1.3606279,-0.78165853
132564.81,-2.0227408,1.0963652,0.74974096
122314.16,-2.6118762,2.7881916,-0.541623
117270.55,-0.963882,3.1538806,-0.50365704
133088.64,0.6476006,2.5358193,0.5594384
129162.99,-1.7646425,1.7772291,-0.7320825
134376.39,-0.5779013,1.2918713,-0.6800252
133993.66,0.9772408,1.7037158,-0.6253023
133379.02,-1.988017,2.696387,0.41866603
125253.53,-1.9827124,0.3331759,0.5022053
129815.68,-1.0593035,1.875652,0.61345387
131500.25,-1.9820236,1.5495287,0.8295772
134096.36,-4.8624687,2.2334538,1.2555687
134610.75,-2.7734067,1.5154011,0.48734385
117637.055,-0.52770466,2.8787928,-0.44944698
118854.57,-4.302223,0.6123089,0.355873
120443.54,-2.4239495,0.92371887,0.41146526
134022.62,-1.7848033,2.9535918,0.45385218
116012.2,1.7792418,0.21788533,-0.5095183
122856.625,-3.6305432,2.1851022,0.562985
118458.74,-1.1557727,2.9971232,0.39789808
131100.64,-1.7347465,0.053510226,-0.5008696
123408.98,-0.9724845,0.38617435,0.4102198
130444.945,-2.3369517,3.1947215,0.49314302
130381.69,-1.3922042,2.875877,0.51884884
133925.61,1.4755498,0.73729026,-0.46467024
116110.73,-0.8344099,0.6020815,0.8516015
130589.02,-3.4776835,2.8826127,0.28693956
120505.984,-3.1146564,1.2083591,0.6886144
115965.26,-2.783895,2.8917763,-0.5083635
119679.305,-2.9394717,2.878297,-0.46201584
117334.16,-2.1315758,2.0127614,0.55430895
123178.984,-2.7558093,3.024252,-0.23058678
126111.16,-0.7005218,3.0844865,-0.5867259
121366.57,-1.5019478,3.0651593,-0.4337245
126086.49,0.7910721,2.2362847,0.49905252
115380.195,-1.2026706,2.133784,0.59183824
122809.195,-0.5383164,2.4190307,0.7451621
121843.77,0.4444162,3.0844982,0.25351584
115911.016,-1.2191659,2.8569024,0.49469456
127711.89,-2.2122455,3.1911883,0.43036848
123857.766,-2.9887912,2.8816156,-0.64322406
116300.16,-2.6794598,1.4967732,-0.6243528
119047.9,-2.4120936,0.32425022,0.29095316
121699.65,-2.2146404,2.3712256,0.6722649
117233.93,1.982128,2.579447,-0.58282095
120283.18,0.16142358,2.3961768,-0.6985838
133088.62,-3.3966775,2.990623,-0.657744
124909.47,-3.1066396,1.1261959,0.9634349
115062.31,-0.60401136,2.6399934,0.6169562
121668.04,-3.220779,3.058806,0.31947935
129959.266,-1.8320993,1.3333783,0.7945791
131639.16,-2.9329576,3.0366426,0.45764333
125208.67,-1.902182,2.785129,0.71815825
131354.38,-1.3707546,2.6171658,-0.45499194
116139.53,-1.9248297,2.0357745,0.3413092
125826.38,0.4529409,1.2080046,0.6236151
118765.26,1.8181906,0.39487764,-0.7930593
129971.13,-2.8524466,1.0287935,0.7444486
126043.664,-0.70227385,0.5007562,0.5992401
131469.77,0.21123485,1.3230727,-0.7909309
132019.06,-1.6568604,2.0665977,0.50297594
124921.586,-3.9940732,0.3442836,0.46328154
118986.164,1.0103408,0.48659664,0.70632565
119868.02,-0.04884177,2.328435,-0.5424158
119423.94,-2.2441733,2.0678997,0.80587727
126415.96,-0.64803624,2.528838,0.6742383
123374.6,-2.9757442,2.6446955,0.563008
130098.65,-2.0772495,2.57884,-0.4777178
134136.52,0.64949757,1.4666648,1.0009961
120537.54,-2.636029,2.7231398,-0.64512855
118074.2,-1.3707289,2.7492864,-0.6934703
126572.11,-1.965102,1.6641078,-0.08259079
124941.44,-0.7438139,1.6251584,0.98276556
116934.64,-1.159984,1.8204088,-0.7399024
128908.81,-2.1240895,0.3310143,0.6817696
125961.484,-3.978154,2.9132683,-0.3941491
115065.836,1.5702914,2.0423322,-1.18387
128710.13,0.75334597,1.9964907,0.54221094
116646.26,-0.45843485,2.7709022,-0.6107639
117446.26,-4.058781,1.430925,-0.6178874
116069.87,-1.2668084,1.1105882,-0.6835572
120850.28,-2.2034109,3.026835,0.533951
119192.805,-2.1547816,2.6406841,0.6187093
117457.18,-2.681457,2.4578085,-0.4869336
119115.2,-0.7674442,3.0298815,-0.47696376
122480.96,-1.2896625,2.6892884,-0.7090888
117822.09,-1.1053259,2.9713292,0.30093902
129977.56,-3.687814,1.8323175,-0.34047905
131278.28,-0.018531391,2.7884734,-0.7286483
123022.98,2.5128105,1.858342,0.88354945
120845.89,-4.9961076,-0.011594058,-0.7385212
116570.28,2.045491,0.7219262,0.67094666
134033.14,0.60300773,2.082143,0.8754619
118809.11,2.54048,1.5639371,-0.85687315
132598.42,-0.9037789,2.436487,0.60214233
127401.68,-2.777013,2.9605837,0.5756308
127113.43,-2.4465,2.9602807,-0.45290476
125826.34,-1.772984,3.0804765,0.81958634
134261.16,-0.41412097,0.7506779,0.5025711
122982.58,-1.4059225,0.8371877,0.5088004
123854.445,-2.183335,0.07646864,-0.513093
119854.336,-2.2516057,2.9999633,-0.79255134
118780.56,0.58706385,2.4483714,-0.7407305
121169.67,-3.6609392,2.4517097,0.5762955
127970.125,-2.1414769,3.0279884,0.44326508
133611.81,-2.0480704,2.0842302,0.53516114
116659.86,1.5401112,0.15903193,0.4132323
130121.28,-3.697056,2.3277795,-0.5298525
123077.695,-2.3897896,2.2917352,-0.79392
127955.195,-2.9441922,2.7381725,0.6009245
126149.79,-2.9693592,2.5371935,-0.67454654
123981.11,-1.8386458,1.1746386,0.7462461
133310.69,-1.6571851,3.076103,0.6525983
125313.875,-1.0835369,2.7456784,-0.50399303
120628.41,0.0722861,0.6325177,-0.51245767
128036.73,-0.8179126,2.6571202,-0.5833913
125320.62,-3.085704,2.6066244,0.8385272
123719.94,-2.5510888,2.4037037,-0.24039492
120283.734,-3.6588702,2.9261134,0.69600576
117290.805,-3.596525,2.1347935,-0.40729132
117752.0,0.55420625,2.7811506,0.468311
133835.11,0.37445244,3.0118916,-0.9949692
117804.414,1.790457,0.9474335,0.44542322
119466.63,-1.3378453,1.9749883,0.7754363
127776.46,-1.2930304,3.1391363,0.725922
124050.4,-2.9576154,0.9414658,-0.69357836
115010.44,-1.1510612,2.2255976,0.79332024
128896.16,-1.0580423,1.8699133,0.7801702
132045.22,-0.3097515,0.78281873,0.5109926
129953.06,-1.6479961,2.5672371,0.474287
128355.3,-3.334343,1.1517904,0.75960594
134781.89,0.26099548,3.028955,-0.79631305
119238.08,-2.625998,2.3665574,0.5871104
123793.79,0.7675382,2.3343058,-0.59892577
118159.83,-3.0005844,1.9942298,0.45989487
127321.51,-3.2972703,2.7453225,-0.32082435
118047.516,-3.5036895,2.5146363,0.45133078
123691.73,0.22676681,1.969426,0.5620796
118997.32,2.0334332,0.6313206,-0.839125
126982.164,-2.398956,2.2559016,0.74267495
129361.87,-1.9758567,2.6398194,0.1932779
120737.01,-1.2046444,2.068391,0.4963343
131084.77,-3.1161976,2.9496298,-0.5790578
133763.06,-2.3612585,2.0693457,0.6045869
118213.164,-1.3723564,2.7244499,0.7761732
120276.64,-0.4975937,2.2177622,-0.5582541
129696.46,-1.8225645,1.5556238,0.6257533
117993.055,-0.5052694,3.01552,-0.60131794
129772.6,-0.7991394,0.90780896,0.52407026
127977.0,-1.3373893,2.7967362,0.7759853
134735.5,-0.5984506,1.7160479,-0.47892138
126759.14,-2.0233119,2.9282613,-0.45412484
116051.836,-2.3171306,1.3346337,0.6673251
134351.1,0.16508873,2.2301738,0.65567124
120846.875,-1.7760943,2.3493116,-0.6881002
117597.45,0.055216014,3.0988517,0.43303573
133675.22,0.087957546,0.9358495,-0.78223485
125417.14,-1.6855245,2.4911296,1.1663324
116443.88,2.1165726,0.76490647,-0.7920978
120449.72,-3.2666183,3.1693516,-0.26876932
124284.945,-3.1338317,1.1393026,-0.6349934
119266.78,0.6074299,2.7514212,-0.5060001
118394.42,-1.8709637,2.682997,0.6189751
119958.19,-2.432357,2.9325635,0.35310042
115933.52,-3.013472,1.5446014,0.76201296
131735.08,1.9134034,1.9147078,0.9446707
122087.234,-1.5634481,2.6751778,0.81675905
133565.16,-2.0333424,1.8155937,-0.6028139
116078.34,-1.6833651,2.4023185,-0.7934419
119512.67,1.7738327,1.1794049,0.49970976
122863.37,-0.07254233,1.8233076,0.54170436
132645.11,-0.5403536,2.6613405,0.5357767
120178.984,-3.0607815,2.259995,-0.93622005
129861.234,-0.5515216,3.065241,-0.71452355
123999.55,-3.3652382,3.0337334,-0.25448787
128977.33,1.8173503,0.713366,-0.68748385
121202.99,-2.498216,3.0770662,0.4203607
122975.62,-1.9538107,1.4819427,-0.5670089
116518.39,-1.9621074,3.0504491,1.0533637
128477.8,-1.3944145,1.6968036,0.6402485
125195.26,-0.85811836,0.9579515,0.48037887
123696.67,-0.8555715,2.7852829,0.99029326
130612.99,-0.31962663,3.0886252,0.49402645
118613.61,1.7804128,1.0891085,0.6121454
123133.32,-1.5450907,1.1317525,-0.36627382
125739.58,-2.3535373,2.6698282,-0.71263325
127433.805,-4.492755,2.378394,0.50699896
115650.86,-0.7553208,2.2380767,-0.61762244
115820.49,-3.4511127,0.6293954,0.5918231
117718.5,-2.0174077,0.1886881,0.6051375
129461.836,-0.029859899,2.5567896,0.6433633
120014.17,-1.715092,3.0513828,0.8558365
116190.055,-1.4039412,2.9448376,-0.6206239
124008.07,-3.0304313,1.2917444,0.77011305
123583.12,1.3356574,3.0333512,-0.5472143
122683.93,-0.50363284,0.9263814,0.7902167
122130.76,-0.9661062,1.3772275,-0.7533696
131475.16,0.22305998,1.8412914,0.64361143
117222.875,-0.4605409,2.7123544,0.51610243
125175.47,-1.5188639,2.788274,0.34731352
121134.68,-3.304822,2.131252,0.50424796
129808.85,-2.6290832,3.0496461,-0.516926
116412.45,-1.1790248,2.6346636,-0.57733303
122322.914,-3.0736086,0.6216096,-0.44078395
118606.59,-2.6834934,2.5142808,0.5020187
124579.14,-2.047403,2.8553872,-0.31010437
123431.11,-2.5443144,0.22125323,0.31611815
133627.83,-2.4373946,0.64454126,0.79551584
129897.6,-1.035335,2.2815974,0.4754478
119378.516,-1.555451,1.2485918,-0.64499146
116250.336,-0.28758973,0.83660454,0.64370036
130076.91,1.448058,0.34847662,-0.6579556
125837.4,-3.1764114,1.4219072,0.573955
123583.16,0.60259515,2.2658844,0.4409394
118759.21,-1.1852213,0.8125153,-0.63854575
134067.19,0.6902655,2.6869977,0.47012866
124939.305,-3.381449,1.7687933,-1.144447
134976.89,-2.9436445,2.8958354,0.78102154
132193.81,-3.378362,1.2521209,0.4907578
119292.45,0.89968497,1.9052218,-0.6388633
126255.625,-1.8731879,2.9580286,0.46878695
120722.57,-3.7890556,1.709015,-0.88105273
116191.6,-2.6727903,3.1024404,-0.4942826
117477.31,-1.5417134,2.317672,0.95718205
117475.98,-2.3133166,3.1366315,-1.0662808
120755.21,-2.2030342,1.977265,-0.72214687
119956.836,-1.6762534,1.5453871,-0.74400383
128165.21,1.2280005,2.140391,0.5909108
131978.36,-2.5739915,1.5591819,0.84827614
122860.01,-1.3951626,3.0926232,-0.39807695
130390.92,-1.7435205,2.684907,0.61659503
129143.31,-2.4552896,1.1781249,0.009217486
118336.77,-1.8280168,1.8659377,-0.72801423
132589.89,-3.3620884,2.790693,-0.6989658
130539.56,-1.2334046,2.2634616,0.9271485
128733.33,0.023017952,0.23621169,0.5185854
125800.37,-3.1075552,1.7360619,0.6675616
133128.92,-2.7551637,2.573322,-0.662062
125687.03,-3.664689,2.6910672,0.847387
130670.516,0.7416734,0.008355823,0.32492092
131685.66,-3.057016,2.6956975,-0.8444228
126218.42,-0.10918494,2.3870778,0.63486266
116932.28,-1.8525729,3.0393987,0.38081107
120348.93,-1.8546827,2.8854432,-0.45741665
134118.52,-0.08283866,2.3885994,0.75047874
123553.49,-0.34161755,0.9345262,0.48505363
127112.79,-0.86164063,2.4634247,-0.7943282
127686.516,-2.7840366,0.59389293,0.4662864
123212.33,-1.659544,2.8679183,0.5222004
123477.03,-0.4481957,2.373242,0.58146757
115336.22,-1.3788271,3.1920455,0.61591375
116733.77,-1.5143807,0.19581878,-0.4075144
123522.84,-1.6021981,2.6508474,0.55032444
127527.93,-1.0040851,1.7365245,-0.44502035
122942.2,-3.8517652,2.7606535,0.57582986
124312.66,2.6518106,2.0222945,0.57773936
122145.36,-2.6175592,0.2913571,-0.5900788
115128.36,-2.1443522,3.042179,0.5992405
124668.88,-1.1720651,2.8533218,-0.5596681
126232.01,-0.22255543,-0.00047693244,0.34342256
118071.32,-1.3785137,2.2262495,-0.59603584
127677.91,-3.2667363,3.000058,0.32696125
115143.03,-3.4678805,2.7962048,-0.5382964
121767.43,-1.7860328,2.7707694,-0.38645667
119148.516,0.9552223,2.921754,-0.38670167
118114.87,0.12763402,1.4692013,0.64451
119618.58,-1.7254692,2.953968,-0.38193753
132440.83,-1.5922582,2.8371067,-0.6719006
134321.75,-1.5484172,3.0463622,0.62966025
116439.375,-1.4688697,2.4378874,-0.22112492
116230.79,-0.78544825,2.1540449,0.5100696
131886.6,1.0566006,3.0907667,-0.3465022
115516.95,-3.2108326,3.0869598,-0.5042549
129995.03,1.3386985,1.3722522,0.65104234
130062.98,0.083317384,3.0978386,-0.68298113
120364.29,-1.3168759,0.31151626,-1.0315347
125014.11,0.231677,2.4608917,0.7782185
118670.74,-1.5354749,2.610861,0.70261973
127013.39,-1.7265817,2.8034651,-0.5807888
127616.78,-2.385035,1.1437695,-0.88712853
129896.14,-3.4315822,2.7792838,0.60918856
126230.984,-2.673213,3.093059,0.51877594
120961.22,-1.7641453,3.0060234,0.7192904
129916.24,-1.9712179,3.137856,-0.36558548
117978.01,-2.9638631,2.9670954,0.4570745
131944.02,-0.8570859,2.2060456,-0.64570904
122493.34,-0.8940439,2.8678303,0.77576715
115364.305,-1.1490716,1.9018834,-0.6374589
126143.91,-3.8378966,2.9627693,-0.5239171
129313.1,-2.2508094,0.5108864,0.7368064
124126.125,-1.4194542,1.9650921,0.8936742
122049.51,1.6428052,0.47827134,0.4732105
115618.88,-3.1133707,0.13170382,-0.2128216
122456.43,-1.4727023,1.2562398,0.82027996
133832.78,0.19551517,2.0742214,0.8713335
121749.82,3.0323057,1.6340756,-0.7489045
122315.48,-0.8462564,0.9065639,0.64966977
116249.16,-1.8575898,1.516269,0.99115354
122838.05,2.295132,1.4153817,-0.6936753
130106.04,-2.9922016,0.327461,0.5578603
119070.36,0.69813925,2.5052054,-0.7288845
115610.38,-0.60740304,3.1126435,0.47863
115773.0,-1.6120478,3.0569477,0.41045722
120184.375,-3.1347487,2.2327566,-0.6823434
126572.49,-0.6746739,0.53724325,0.64647704
119606.35,-2.2178957,2.4233298,0.7914762
131968.33,-2.4750288,1.9200453,0.64815265
134087.2,-2.4847283,0.8621374,0.4572353
115803.89,-3.101933,2.726398,0.5540929
124728.664,-1.9706231,2.3431568,-0.5475188
133278.48,-2.3723311,0.44684497,0.52251804
119392.625,0.6500176,2.0871644,-0.73549634
119400.4,-2.981027,3.1524928,0.3962517
129656.94,-1.8917245,0.26301625,0.51367015
127559.1,-2.4995763,0.5846641,-0.4311612
134307.5,-3.1819818,2.5444117,0.23417532
130055.664,2.1711698,1.0378226,-0.6585828
126984.73,-2.8161187,2.2979522,-0.9000582
119146.31,-2.7037947,1.8387774,-0.46073827
125295.15,-2.2498715,1.090916,-0.68139154
118755.84,-3.8868515,1.73235,0.4436346
118297.59,-3.2679787,0.5330061,-0.5835101
117334.0,-4.074984,2.6320863,-0.8482185
126803.4,1.3218757,0.5847288,0.3926153
133376.31,-3.336739,0.8705729,-0.47954795
118059.28,-4.139469,1.9253323,-0.7322337
123941.914,0.022014357,2.4804463,0.74920017
119992.06,0.57351637,0.350496,-0.671148
127567.7,-0.9662822,2.2130475,0.5070464
126428.12,-1.98354,2.5647726,0.7241004
125264.75,-3.8398058,2.623013,-0.78831404
121885.34,-2.4713006,3.0826926,0.57282215
133191.64,-1.0731844,3.0150378,-0.46088633
121670.055,-1.6343818,2.6046813,-0.6137674
119420.9,-2.7944863,2.855513,0.40058544
116251.92,-1.1075436,2.4873276,0.29054424
131127.56,2.2202475,2.4903536,-0.6533732
118948.234,-0.87424207,2.591339,0.43663844
121588.73,1.0575105,0.74578327,0.5982073
131779.48,-1.4903072,2.8957975,0.5444199
122531.57,-2.840709,3.0112274,-0.56822085
119303.086,1.4545094,3.031395,-0.4195845
130050.18,-0.24281436,0.64126235,0.7362754
116222.33,-3.24104,0.39328706,0.60024744
128450.58,-1.4494656,2.8320293,-0.43875763
116408.61,-0.46512422,0.4804556,0.63970155
129008.875,-0.091007255,0.68637997,-0.49112892
133372.27,-2.4022236,2.8345747,-0.6116261
117147.766,-0.34557718,1.8798009,-0.7146271
125086.57,-3.3643534,2.6819506,-0.5622144
129242.93,-3.7784634,1.3890835,0.5387589
125709.35,-0.09153109,2.8161812,0.44651878
119470.74,-1.8816489,3.0714784,0.3211266
115440.78,0.6350973,2.2257075,0.6399766
117390.91,-3.3347816,0.9646609,-1.1386007
117601.28,-2.3599615,0.7239417,0.4812992
116210.11,-2.950577,2.8020508,0.82283145
131448.05,-2.861901,2.4789937,0.7999583
133878.94,-1.1508356,2.4167376,-0.46015975
120303.65,2.2417066,2.9087832,0.6480603
124931.77,-0.6449876,0.6309128,0.54506874
128142.31,-1.2480567,2.4589,0.7970948
115391.41,-3.1017447,0.33756047,0.37913582
118873.875,-1.8175004,1.2113817,-0.89884365
130621.25,-0.5406856,2.524852,-0.6940382
122540.39,-0.2787671,2.7850964,-0.4114869
126628.53,-3.8283298,2.6162062,0.54072624
115237.445,-3.8862393,1.6508311,0.6702522
119711.086,1.2450576,2.952995,-0.49377662
118927.96,-1.9157184,0.8549421,0.6438271
124372.63,1.6939142,0.68668985,-0.9159951
116066.02,1.1868745,2.2982574,-0.62282705
131952.16,-2.4724271,2.2628,0.5570421
124579.28,-2.754494,2.971698,0.40770942
119804.555,-0.021228425,2.2360353,0.59143275
118550.39,-2.4018135,0.24708687,0.68606323
116084.52,-0.6704301,0.3973934,-0.49024004
133037.17,-1.3214493,3.0143514,1.2159561
117780.83,-4.5678325,0.64216876,0.014928781
119541.02,-0.9149431,2.6644866,-0.05336514
127356.83,-2.778863,0.2801489,0.47021264
134952.81,-1.7028188,0.6573484,-1.0399529
125959.2,-1.0061363,2.99233,0.28052044
133198.69,1.5579659,2.5638034,-0.9648208
126872.59,-0.41752163,0.61567885,0.5978004
117448.555,-1.0685828,2.019336,-0.7599355
120549.81,1.6411755,2.9549966,0.33217537
123202.94,-3.3084679,0.31013724,0.42656204
120198.75,-2.0833414,2.8394303,0.5420375
116821.32,-3.0800185,2.099075,-0.73854333
124648.7,-2.4694002,0.6965538,0.70907634
126291.95,-1.7086809,2.9505782,0.22891182
127400.305,-1.3209492,0.7048862,-0.55769473
122605.195,-1.7064598,2.1889634,0.7245145
122992.32,0.91177493,2.9910712,-0.652798
122575.26,-3.0751364,1.3470438,0.77822757
126920.445,-0.8398477,1.087502,-0.7681353
127885.87,-3.0270698,0.16203451,-0.4031452
128455.14,-2.7963276,0.80903554,0.8311569
125616.16,-1.6477181,1.891549,0.44257024
128345.4,-2.2962565,3.2506127,-0.42159754
129788.91,-1.3237216,0.5479828,-0.5662544
116303.6,-2.337659,1.0301774,0.52813417
132832.7,3.5516284,2.570625,0.5888671
125768.305,-1.3417541,2.9457445,-0.5874501
133656.38,-1.4465619,2.9935696,-0.6447638
117233.42,-0.815262,2.786963,-0.6735259
118953.68,1.3382535,2.6865592,0.5775062
126566.35,-2.3054104,3.1039455,0.1670168
118601.62,-0.26724163,2.7961192,0.70871913
120233.27,-0.12555484,2.0532413,0.64504886
117516.19,1.7259679,1.8976679,-0.5907888
124036.87,-3.6670015,1.4435904,0.551069
130376.29,-2.1744928,2.7479303,0.5559284
123537.44,-0.21873254,2.3204777,0.4708718
115209.4,-3.1674292,3.011818,0.5200032
120676.16,-0.8887752,0.2187037,-0.34524426
116234.3,-3.23711,1.156673,0.78341055
126277.27,0.07707539,0.9971215,-0.49053586
130645.19,0.48947674,0.7646151,-1.0184697
115350.086,-2.8564546,2.3790078,0.49109986
123370.555,-2.7363117,1.8909161,-0.42088515
118574.44,1.6050845,2.0253477,0.3287855
129636.375,-2.5794277,2.8989055,-1.154703
120915.836,-0.49664208,1.9888769,0.8469428
115018.04,-2.4818146,1.7705895,0.44726333
130870.63,-1.5836054,2.0467129,-0.7964188
117702.41,-3.4476688,1.5215168,-0.8749912
122692.36,-2.964856,2.971594,-0.4885215
133449.53,-3.173737,2.5970607,0.69331217
115859.42,-3.628745,1.0799891,-0.70817375
127536.234,-2.4489126,2.685214,-0.63795304
133050.94,-3.1524966,0.4872262,0.676579
119413.04,-0.5299853,1.8632522,-0.55948734
117198.445,-2.2801504,2.745581,-0.84452075
122879.04,-1.3340229,2.2941391,0.8182109
123198.37,-0.8316767,0.7384668,-0.77251977
130060.555,-3.1466358,2.4824464,-0.82146764
134918.27,-1.7770708,2.865267,-0.5810828
129164.04,-2.469511,1.9462034,0.7124092
115478.88,-2.338747,1.0599351,0.95124185
124963.984,-2.6488106,2.646454,-0.5564058
116969.45,-0.015845722,2.3374696,0.6265376
116089.06,-0.39563504,0.7216325,-0.57948655
119382.42,-0.8381095,1.9096296,-0.7498815
125116.17,-3.844997,2.634743,-0.504693
131018.37,0.46550065,0.23435505,0.42314273
125253.055,-2.2022486,1.8353654,0.681517
120595.61,1.4908448,1.3638192,-0.88704467
116729.62,-1.2905875,2.914307,0.3982765
132592.9,-0.80655515,1.8275684,0.39159727
121327.19,-1.8042979,2.9163215,-0.63137937
117376.31,1.2500756,2.0471816,0.80483073
117461.29,-0.668912,3.004539,-0.50820684
128791.44,2.6152406,2.5971835,0.88384855
130429.61,-2.4321597,2.9722,0.43799746
124537.73,-2.3122745,0.5647005,-0.7042006
119927.23,0.7834139,2.840121,0.9734275
132355.3,-1.4998152,2.7811677,0.5407049
132988.88,-1.3655593,3.0858984,0.39183435
130054.56,-1.6137884,1.9117694,-1.1011019
125507.32,-3.397378,0.08786951,-0.43278313
119883.66,2.660423,0.75389016,0.421242
121788.95,-0.69787955,2.2923102,-0.50813407
117063.91,-2.8102596,2.4940407,0.7965066
125409.31,-0.8199153,0.5012227,0.38077578
127481.33,0.6744545,1.0845215,0.52782756
134722.6,-3.1712577,2.6908438,0.47314313
124323.54,-0.97392344,2.3800578,0.5814453
125786.375,-3.860801,2.655168,-0.6746259
123042.07,0.4979994,1.2638183,-0.51828045
121415.06,-3.9212193,1.2409283,0.7112067
130795.43,-2.2936904,2.7524498,-0.66382164
116828.71,-1.0890728,2.408474,0.4496983
123526.71,-0.09020961,0.5437467,0.66690207
134379.03,-2.347052,2.6794229,0.6221147
116297.11,-2.1375937,0.48278326,0.4455783
128196.42,-2.762646,2.7375994,0.7415617
115806.03,-3.9686258,0.95612663,-0.45152265
115365.02,-2.5285544,3.0315814,-0.44236836
124186.62,2.1813068,2.5343366,0.55350304
123782.58,-1.3131691,1.393609,-0.76019824
132556.3,0.11222948,2.729661,0.6534789
128964.0,-1.8000222,2.3260472,-0.9852356
127713.95,-3.5351293,1.5272964,0.5038517
122104.945,-3.1419694,0.41549084,0.62410086
115701.555,-2.8974144,0.31791723,-0.8166666
123779.85,-1.5529493,2.978611,-0.84606856
119355.65,-1.7815435,3.0310826,-0.58437365
132420.17,1.9341462,2.0140226,-0.5775003
115911.64,-1.376715,2.1624932,0.56782335
117589.086,-0.90650725,2.8469708,0.50780827
121931.57,-2.7361894,2.4794195,-0.60105604
122602.26,0.88286763,1.9309732,-0.8199009
126647.81,0.09484358,0.4626781,-0.5788597
118071.25,-2.5616722,2.7865083,-1.0019295
117661.06,-1.9368993,1.8148335,-0.65323156
117594.53,-1.8101693,1.1918672,1.0456759
132266.19,-1.5544974,0.69039506,-0.8138696
124964.07,-0.6694055,2.552259,-0.86945474
132739.36,-2.384758,3.0090072,-0.67248195
116658.1,-1.9726723,2.555493,0.5942534
117371.62,-2.501385,2.6074696,0.5719897
124685.66,-2.4888244,0.7757482,-0.66975385
121375.85,0.60247046,1.149014,-0.78961986
118554.76,-4.329689,0.6959785,0.45079583
126105.37,-1.5411888,2.0569172,0.6426346
115234.19,-1.1556422,2.241174,0.77905715
118611.06,-3.3818696,3.0457883,0.5172542
131383.9,-1.1953269,2.1274118,-0.67539585
118409.48,-2.293293,1.0783911,0.52137864
117280.72,-2.1498938,1.3913605,0.49699795
129235.445,0.44039148,2.9953341,0.7323898
118516.414,0.053970303,2.5634036,-0.84380543
127613.48,-3.7347307,3.0809786,-0.3318278
134017.62,-0.54868233,1.4762467,0.7435769
128136.914,-2.979066,1.0677319,0.77140325
119687.35,-1.2547591,2.2980633,0.66332376
115396.77,-2.9051974,2.029553,-1.0754336
122681.695,-1.9339681,2.8897188,0.32412466
118350.914,-3.5834358,0.3419058,0.5583238
120383.41,-2.927368,3.1130712,-0.5315585
116842.22,-0.23143764,2.8211212,0.48426947
131492.27,-3.9917016,3.0500684,-0.7458369
115343.27,-2.5819535,2.998982,-0.3528496
121647.5,-1.8365215,1.3441807,0.58470947
124375.76,-1.1798941,1.6484258,0.40021467
122803.99,4.735445,3.0158124,0.5573593
126024.39,-2.529088,2.698702,0.6021778
126835.39,-0.82057655,0.8951392,-0.84094477
133527.06,0.11905868,0.2658961,0.44098663
126808.47,-0.76513183,2.0745108,0.9416742
119825.27,-2.5517695,2.847469,-0.47373244
130028.2,-2.8468664,0.9264123,0.836663
131687.31,-2.4008033,2.1703818,-0.5031721
134423.73,-3.5336542,0.23734684,-0.5538658
123289.695,-1.2469383,0.27281624,0.28489658
124410.18,2.5246704,1.9374628,-0.4635333
125768.09,-0.2042114,2.9677036,0.4440913
115185.24,2.7527585,2.5410576,0.6846502
130995.23,-2.7229674,2.6985896,-0.5631785
123483.24,-1.3495014,1.2406117,0.5342704
115500.25,-2.816788,2.1269128,-0.8641144
123849.44,-2.0374734,1.1307222,-0.60584223
124771.734,0.7681113,2.389175,0.2117847
130818.84,1.2082627,1.3482237,-0.6412204
130096.85,0.24842747,2.6470304,-0.63654536
129576.68,1.622754,0.36301458,0.5018923
132145.28,-3.3300588,1.8534182,0.6003284
124297.266,-1.6228462,3.037748,-0.6315717
124598.18,-2.486351,2.3246155,0.8803646
126535.54,-0.22503309,2.944691,0.5362255
132470.92,-1.7596097,2.3216205,-0.5808412
119671.516,-0.3682421,1.7488807,0.47811788
118463.67,-0.5324078,3.1166859,-0.43246585
117571.19,1.5946815,0.5146463,0.67310745
118352.11,-1.8781043,2.5340052,-0.4964321
130414.23,-3.6364956,0.9347728,0.79450315
120851.96,-1.3509841,2.6998413,0.6795371
128354.74,-3.0126846,1.8976955,-0.66922855
121212.65,2.995808,0.113001384,0.3860803
125086.95,-2.5715725,2.7282214,-0.64195544
122221.5,-2.4798102,1.7554218,0.92911845
118145.66,4.0201635,3.173504,-0.59914476
122763.234,-4.1728163,3.0480475,-0.5282686
124254.37,0.3313326,2.6374977,-0.41552618
118914.43,0.482371,0.5176833,0.7559835
116082.875,-2.0398626,2.9763024,0.5857819
130204.695,-2.4502165,0.38494474,0.51160026
126781.42,-2.657427,2.1510844,0.91392684
119259.21,-0.55966437,2.305588,-0.65877765
129906.2,-3.537958,2.413287,0.4876772
119258.14,-1.1752843,0.9271821,0.72458756
122740.75,-2.0702221,2.3191073,0.61998546
124507.58,-1.0566064,1.333326,-0.800608
125875.766,-0.38227144,2.3740287,0.79302794
128339.484,-1.9514946,2.1718152,0.5275828
132814.8,2.0621629,1.6061252,-0.7538137
125192.766,-1.6602662,2.3991628,-0.44349217
129322.62,-0.8599661,1.8963292,0.9134553
121627.74,-2.7232342,0.75589156,-0.69647664
122033.195,4.7003794,2.5005302,0.7173454
129406.61,-1.5652391,3.1392887,-0.3991216
130563.71,-2.849521,2.8657207,-0.8996101
133967.61,-2.7192605,2.0447083,-0.959346
118189.88,-1.6688373,2.297232,-0.6516748
119366.266,-1.4365673,2.9225287,-0.8678207
117595.1,2.234114,2.7888577,0.47473103
122411.61,-1.8826228,0.86805457,0.68231916
130507.81,-2.6911676,3.1263688,-0.34981757
119830.336,-0.9732267,2.7844913,0.6208956
120815.98,-0.92092127,1.2508173,0.87074274
128234.35,-0.6344402,2.4844882,0.5585566
118028.016,-1.7569237,2.9284317,-0.6215175
124495.65,3.0505958,0.39448527,0.5547644
119855.62,-1.6746134,0.18846384,0.37719747
117581.53,1.5982798,1.0430459,-1.068521
134965.2,-0.9314887,1.1328309,0.664253
119926.125,0.12472346,2.3357131,0.8491439
127904.83,-3.7602181,1.0631973,0.66376066
118521.32,-1.4654746,2.9439538,-0.5980037
117326.625,-3.0448177,1.2212206,0.46506622
125465.07,-3.0803347,2.90609,-0.46281362
116953.95,-0.93930495,2.8562038,0.8593852
119741.97,-2.7362792,2.033848,-0.43313527
120999.086,-1.9847999,2.4438121,-0.53487337
124200.21,-2.084732,2.656212,0.60013694
129993.11,-2.6444378,0.1415677,0.8540375
123377.4,-1.2759235,3.0694711,0.3030205
119137.586,-1.7524579,2.5651355,0.63358456
127762.27,0.10551737,2.9073977,-0.55903184
127972.984,-2.3287287,0.044988878,0.32569134
129975.25,-1.2216305,2.0981028,-0.9170553
116287.42,0.7689406,1.4231619,-0.61831504
127509.805,-2.1547885,2.7811763,-0.46121135
126442.31,-1.6116765,2.2110188,-0.5652125
120351.09,1.245984,3.1900225,0.4510461
115124.07,-0.40687677,2.7360656,0.37179118
123636.02,-2.7714472,1.6930139,0.6139034
133459.0,-2.9504755,2.179694,-0.4406768
134870.92,-1.9977491,1.2933449,-0.5976496
122253.03,-1.8569589,1.2208215,-0.5873328
133032.48,-3.4210975,1.5761737,0.43713257
128445.88,-1.3676609,2.5765505,-0.6590662
118563.13,-2.0503929,2.7515345,-0.37306544
120341.52,-0.4108443,2.6462455,0.59570694
116550.04,-1.4491436,2.4727914,-0.9973318
121130.836,-1.3158971,0.22775725,0.4047634
117389.11,2.2653768,2.4745924,0.5793763
122183.445,-2.1347854,2.3133407,0.36112902
123903.92,-2.9451172,2.1462684,-0.6538929
117975.66,-3.1134527,2.292372,-0.75296694
133824.75,-0.6353112,2.4365664,0.4061233
118220.99,0.24800901,2.7832942,-0.4975076
120380.36,-2.2846143,2.6465359,-0.60812795
127500.17,-3.769395,2.1619015,-0.51321805
124107.125,-0.48606405,2.7647903,-0.69856375
123150.65,-0.84801114,2.9530597,-0.3662992
119603.81,-3.0286114,1.8963683,-0.8595769
117094.61,0.7683482,2.613906,-0.9564188
126177.96,-1.809558,2.057907,-0.77880085
130555.336,-2.6481194,2.6113465,-0.4884803
118066.78,0.88326716,2.76668,0.39867347
115424.92,-3.3771393,1.8521085,-0.8009715
129928.4,1.1639489,1.3889552,-0.5650624
116433.805,-0.15531142,2.5896404,0.5934386
123651.87,-3.5193315,2.6521318,0.32879925
130281.234,-2.3805237,1.8786521,-0.3486925
119501.17,1.5102631,2.778331,-0.53185
116561.46,-2.6238108,1.5711733,-0.53129923
119021.44,-2.2464118,0.9586686,-0.55694723
117364.63,1.3886447,1.181962,0.5626966
131625.08,-1.8338265,0.62409925,-0.49777558
126931.64,-0.5514882,2.9378188,0.0316181
118089.86,-1.9383004,0.13615263,0.63080895
134128.78,0.47786686,2.0161793,-0.6409178
132788.66,-1.8236284,2.48095,-0.60361683
126412.99,-3.4112349,0.3033372,0.48561814
130372.75,-0.19268486,2.531058,0.46040094
126039.62,-3.2614937,2.9283118,0.46210897
118346.65,-2.2186532,1.583333,0.6926687
120993.17,1.4277285,1.275804,-0.64779896
120954.38,-3.2435188,3.1714473,0.18436138
116675.805,0.4073796,2.36154,0.55208683
123671.586,-2.8088164,3.1069684,0.41211072
129608.86,-2.183073,1.89518,0.052040793
134313.62,-1.1517769,2.9627702,0.6003993
119763.38,2.5168033,1.3160783,-0.7513345
122986.625,-1.305492,2.0711265,0.51770943
127770.82,-4.0282702,1.6727501,-0.5420554
133735.75,-0.47421068,0.88266164,-0.82759917
131897.25,-1.6430415,2.7753816,-0.69355804
118884.0,-1.7604456,2.4963498,0.6100921
125640.52,-2.5345767,3.1045103,0.48783708
130993.96,-3.852883,2.5206847,0.43815967
130449.17,-3.485368,2.8396168,-0.80295575
120369.11,-2.9581141,0.5560676,0.25745153
115581.98,-2.1518996,1.1582133,0.7202622
123315.01,0.97933066,2.2137742,0.75017184
127842.52,-4.121345,1.731556,0.6380835
119817.08,-2.2550802,3.097003,-0.45470354
121881.69,-3.3396494,2.6512368,-0.33367282
128333.54,-1.1935122,2.6519685,0.45723513
132161.38,-2.841863,2.7668989,-0.45409167
115626.055,-2.5417821,2.9170208,0.3944073
119244.64,-3.0817182,2.51448,0.15199097
130303.81,0.6123239,0.6663981,-0.56085616
126703.0,-3.3147001,2.0570583,0.67930967
133325.67,-1.3113403,0.55161244,-0.68263876
123311.95,-3.9049232,2.1563451,0.539802
120219.266,-4.0236835,2.7016108,0.6315093
134232.9,-2.5326924,2.5123332,0.43910408
118186.164,-1.4898512,1.6175685,0.7236501
125200.516,-1.8718933,2.8391206,-0.8579778
126293.22,-2.5479324,0.30189016,0.67594796
116085.2,-2.1752405,1.6255227,-0.71398515
119035.836,-1.277227,3.049386,-0.50989854
133239.67,-1.3214762,1.9499112,-0.70624924
117182.63,2.2496762,1.9820963,-0.71674645
130105.875,-3.451689,2.3800492,0.4603387
121642.7,1.7579927,0.3713319,-0.5830358
134862.44,2.0101123,0.91474915,0.6956995
120420.48,-0.8764662,2.6847832,0.055974707
127746.85,-3.2431939,2.9765882,-0.57228124
123102.836,-2.693482,2.740445,-0.58339447
121399.81,-2.5507905,3.1709802,0.5071364
121995.61,-0.88529676,1.584952,-0.7175907
125313.125,-1.4629552,2.8051336,0.5058804
117681.11,-1.138,2.3705885,-0.72991776
123841.99,-1.7713026,3.1281233,-0.4081374
126229.03,0.04215412,2.7979774,-0.48138726
121942.375,0.11216473,2.8034344,0.49192375
124594.85,-0.16941273,0.8308513,0.7215964
121699.49,-1.3369352,2.828683,0.6666163
130159.57,-2.6768417,2.864768,-0.45615846
131811.52,-1.137866,1.9125072,0.53488237
128400.85,-0.53752744,2.6530645,1.2907716
118660.984,1.5664775,2.7898846,-0.51190704
125207.375,-2.4711223,2.7893906,-0.7125194
134454.23,-3.7705076,2.1361613,0.50978047
123593.56,-2.623785,2.9588687,0.41745356
116778.99,1.9360156,1.0433841,-0.89936304
133113.1,-1.5529964,3.0101016,-0.40032545
115230.76,-2.5820408,3.0227518,-0.21965323
132444.02,-3.078309,0.22735207,-0.48753706
134488.45,-4.16633,0.63177145,-0.4597657
122162.09,-1.1363324,1.7664393,-0.33002618
122438.44,-3.015303,2.7615306,-0.7652021
122619.375,-0.9058088,2.4186478,0.59262115
124448.22,-1.5505884,3.115162,0.5418122
131044.05,-1.492251,0.4512624,0.4417658
121031.15,-2.5490708,2.8048687,-0.45653206
115476.72,-2.7748535,3.0530193,0.61769736
129599.81,0.3248244,1.5184366,-0.9027539
127292.695,-2.2636492,2.3790705,-0.9543928
124530.164,-1.3797839,3.0274246,-0.6673514
115408.81,-0.8298183,3.104665,-0.73980975
118356.56,1.1772994,2.3222497,0.52666193
124589.234,-0.87527424,2.8170426,-0.53999275
118503.33,-2.026292,0.26986957,0.9283931
126099.05,-1.1076417,2.398211,0.48189637
123100.03,-0.16245472,1.9661431,0.67541087
115176.555,-1.5434247,0.47116628,0.6343691
132092.12,-2.381226,0.47887552,-0.72274876
127087.24,-1.5733987,3.1224146,-0.4195452
129651.88,-3.7474852,2.973887,0.23603845
124676.125,-0.9809528,1.9773316,0.7624682
127599.96,-2.676107,0.87035096,0.6289719
123055.54,-1.2652407,2.1873987,0.5438584
120537.625,-3.7521508,0.32512248,0.6737116
121471.71,-2.2677042,1.8311701,-0.6185474
121460.125,-2.8213344,1.3722485,-0.56559306
129581.164,1.6600558,2.7026832,0.576498
132868.22,-3.1875951,2.3576994,0.5283942
117692.81,-1.5462223,2.3944626,-0.79842645
116149.484,-2.5218883,1.7307615,-0.7654113
123598.7,-0.90487856,2.8828106,0.49097472
131369.64,-2.0711877,2.3561163,-0.7028619
119615.84,-3.3334951,2.4554732,-0.48275983
126559.43,1.0211848,2.5201974,1.1602665
122516.29,0.8206227,0.09792575,-0.26248893
120485.24,-2.3612027,0.1502563,0.70269513
120086.5,0.88627934,2.656637,-0.89534324
118535.71,-1.701053,2.855107,0.50212777
134791.94,-3.7790203,2.5429394,0.47699168
134986.56,-4.062578,0.559248,-0.8927024
118979.52,-2.9747815,2.6897662,-0.701365
122523.5,-1.2784724,1.0956647,-0.68598765
115492.21,-2.3103864,2.324694,-0.8241797
118245.695,0.8209478,0.672766,0.70383435
118100.06,-0.6306393,2.93201,-0.42978597
128655.72,-2.6584804,1.132826,-0.7405069
125743.625,-1.6416807,1.9036723,0.56176054
121611.92,-2.8724926,0.5100894,-0.4484197
134162.28,-2.805607,2.3307757,-0.93181074
132077.62,0.19768976,3.0013473,0.60684663
121764.33,-0.33127335,2.6929073,0.6120583
126827.305,-3.7452407,0.90744895,-0.9046822
115997.336,-1.2793038,1.9405683,-0.4928104
117952.97,-3.5013745,1.3546898,-0.43800825
133983.47,-1.4212571,3.0397801,0.51221436
120450.38,-1.6637092,1.8165578,0.89080906
123113.836,-0.4233021,2.588157,0.62378496
131560.39,0.34355035,3.1479096,0.8947218
131174.05,0.87536514,2.850312,0.63239807
125718.03,-1.372155,2.2823098,-0.6673782
115535.16,2.095061,1.0770589,-0.82511735
119118.91,-0.703823,0.074799635,-0.42502645
133867.06,-1.7717245,2.8594472,-0.5689326
127654.56,0.6263136,2.4391217,0.5578302
120118.82,-3.4468992,0.82908946,-0.60063773
119674.945,3.042102,2.9719331,0.5285575
116458.85,-2.568164,0.3729014,-0.6008999
132476.53,-3.6636608,2.3202643,-0.7331604
122028.71,-2.1626477,2.6459742,0.33169767
126812.14,-3.6678326,2.7843716,-0.7051934
125537.06,-3.0160985,2.4675283,-0.6087569
116499.734,-3.0130413,2.8152175,-0.47899383
127140.48,-3.109366,1.9687936,0.685832
125176.086,-3.507055,0.2783807,-0.34478363
121047.29,1.2690687,2.4113758,-0.8813515
124651.55,-1.5437465,2.9905026,-0.71365017
123311.625,-2.6560175,0.60404617,0.527163
115012.6,-3.0473917,1.6947076,-0.52648526
132412.64,-3.249264,3.021645,-0.131904
117867.516,-1.5688215,2.9119058,-0.86191016
125453.516,-3.0281465,1.0000772,0.6263905
126116.26,1.2909274,1.4616065,0.7736926
118464.35,-3.2431629,1.3779601,0.61897135
124217.14,-2.4981875,2.1426516,0.5724771
128877.16,-2.666753,1.1981462,0.59214896
128286.69,-2.8511925,1.1873225,-0.7061343
116836.45,-0.048850037,1.1117518,-0.8886605
134480.27,-2.0662344,1.6353639,-0.5359976
130615.12,-2.5498166,1.3803426,-0.920955
118802.46,-2.7447631,3.0250428,0.7567819
131130.06,-2.7002873,2.8941355,-0.6715758
119070.28,-1.0791987,2.2402165,0.44289342
127422.41,1.8072171,2.1731782,0.5936784
122540.58,-3.0348754,1.9469728,-0.4997659
130898.516,-0.3149496,2.3153138,0.6577977
121967.09,1.4694124,1.2253941,-0.6716925
128850.22,-0.64026374,1.2205353,0.5211822
115489.49,-2.3256474,0.19582266,0.49423787
115590.73,-3.2679493,2.8089828,0.54078954
115089.68,-1.7781942,1.9475567,-0.97189
130492.445,-1.2056652,1.8626302,0.66431826
129536.47,1.8917996,3.0407746,0.3547013
122226.43,-1.9676468,3.0651293,-0.411105
127233.164,-2.52933,2.609555,0.28485632
119553.9,-1.7776039,1.194961,-0.84406173
130778.336,-2.6652203,2.997879,0.2629639
116509.375,-2.0672035,1.8321619,-0.5358811
117181.484,0.09935046,1.8162122,0.6861012
125523.58,-1.6083461,1.7550813,-0.73067284
122327.66,-0.8616716,3.0313694,-0.5231979
116891.984,-0.9551124,1.8603302,-0.49579483
127653.48,-0.80238163,1.5982535,-0.56050134
125401.625,-3.1621206,0.48580515,0.71235925
122170.87,-4.291812,1.0711462,0.31370994
126733.94,-2.6154408,2.5619733,-0.28865108
116033.48,-0.9768041,2.2588816,0.681397
129504.16,-4.398454,2.0232403,0.7434409
124290.35,-3.8716247,1.8578228,-0.63159853
124521.02,-3.0708878,2.9351366,-0.39707953
123726.51,1.2529141,1.1332748,0.7875712
119554.086,-1.0917168,1.0765095,-0.7038125
123176.76,-0.7085382,2.8147063,-0.6142831
126428.98,-2.8522546,3.1009066,0.51285857
127182.89,-1.9533178,0.6673797,-0.74646
124989.76,-2.7512107,2.4251482,0.54625094
132360.08,-2.4835494,3.149466,0.16141032
134976.47,-3.3557508,2.4101295,0.3448691
122873.34,0.28046125,1.9605925,-0.8323608
116245.85,-0.10924693,3.130005,-0.25424802
120349.125,0.38969302,2.778346,-0.28910208
117345.234,-0.082842104,2.0486336,0.68576914
115401.14,-1.5523862,2.3687024,0.3500298
119286.57,-2.9547892,1.0447272,0.80538476
118815.64,0.1404173,2.8553007,0.46896717
130888.05,1.8239738,2.8777716,-0.67422915
129362.484,-3.6609414,1.4918811,0.50630003
118173.73,1.071056,1.381295,-0.7017906
133539.33,-2.8156414,0.19104582,0.43406427
121119.23,-2.776958,0.64948404,0.6106135
123999.98,-3.6580553,1.1019287,0.6808956
130100.7,-0.3448739,2.3945053,-0.46308208
122843.56,-1.7719553,2.578105,0.8224915
125644.26,-2.915676,1.8093977,0.47099286
125249.42,-3.961033,2.6077406,-0.47616038
119073.98,-2.1195455,2.0586078,1.0034732
119470.57,0.61007077,1.113239,-0.92196316
134761.62,-0.50120616,1.2304219,0.6245648
122226.97,-2.7813675,2.3060129,-0.4308785
116580.95,-3.4502876,0.58923477,0.3936572
134307.8,-1.269643,1.0579576,-0.5115054
130188.875,-0.97941536,2.9891467,0.61307824
119776.586,-2.6779397,2.9314654,0.67798275
125905.35,-1.491919,2.8062243,0.5891545
122801.52,-0.4958734,2.991576,0.4935965
124414.53,-2.5132377,2.9763522,-0.48458132
122115.26,-4.1167455,1.2276368,0.8985042
118703.445,-3.9139714,1.0927932,0.66909283
132482.75,-1.8430611,2.3920522,-0.5664545
125137.63,-2.6231606,1.2988495,0.56743175
119960.0,-3.96679,1.0689998,0.47804016
128497.08,-1.7709972,1.9412594,0.74354696
132673.08,-1.5980625,0.22998272,0.6336393
118597.23,-3.3183181,1.1237843,0.54215604
118532.03,-2.4146733,0.09393868,-0.49780786
116467.83,-1.6207874,1.9851931,-0.60100716
117232.164,-0.64383864,1.9405946,0.7364713
131813.08,-0.74131626,2.9244947,-0.18612023
123799.51,-2.758151,2.3419998,-0.7492513
115267.96,-3.0827491,2.806481,-0.54669905
125307.66,-2.458168,1.0662458,-0.27211052
128906.945,-3.1000254,0.38149896,0.561573
124666.42,-2.8198786,0.031569187,0.47408202
123165.53,2.7711189,0.54545605,-0.4682225
118035.45,-0.11602276,2.536054,-0.6283756
129472.81,-3.4550943,3.146956,-0.345129
118985.164,-2.013029,0.6214133,-0.92782485
132162.03,0.57455164,2.8044646,-0.6052838
133914.33,-2.6415176,0.29408014,-0.5163741
117760.17,-1.6400086,2.875988,0.9938753
133933.12,-2.6969492,2.2747123,0.530418
134054.53,-2.6094432,2.4682498,0.6777056
118611.49,-1.919046,0.12701707,-0.37951
121956.51,-2.1619937,3.0164964,0.36056483
119226.53,-2.456599,1.8764777,-0.91412485
121019.63,-0.43814528,2.2079265,-0.53821075
131210.8,-2.004587,2.3230257,-0.6492708
117505.266,-0.5957122,2.9379094,-0.7124927
129313.625,-3.0389538,2.1346238,0.6156049
125859.49,-2.46385,3.1015997,-0.7535138
126636.336,1.1420337,0.61195624,0.33225936
122226.555,-0.7390962,2.205881,-0.95002073
123248.16,-1.7465106,2.8129094,0.8836935
129962.86,-2.2470021,2.8472831,0.84428483
116370.74,-1.6123278,2.1329753,-0.7947405
119534.375,-2.4593635,2.9390132,0.5722315
131890.22,2.0019767,1.5449774,-0.98193294
128910.87,0.22318432,1.4650794,0.9544799
120140.46,-3.1653576,1.586284,0.7102863
124016.41,-1.3678454,2.0545948,0.5683815
129343.836,-2.4176352,2.6642513,0.7184055
120920.695,-1.5356171,2.036814,0.87304544
131247.19,-2.0773122,2.9283009,0.57973546
126114.38,-0.9634701,2.9195328,0.37635148
120250.22,-3.1788187,1.9232645,-0.7595798
133177.19,-3.1313238,1.7210641,-0.52127534
120790.96,-0.85007966,2.9210246,0.53389144
126506.14,-2.7297394,2.5821674,0.3243416
124792.57,-0.2593334,2.3547032,-0.74600035
116129.945,-2.5136673,1.5161842,0.66999066
128476.56,-2.6481822,2.7180228,-0.44125223
131472.08,-1.0925341,1.2073504,0.6142802
124758.984,0.8181753,2.380706,-0.671173
123029.04,-0.8803225,3.1175942,0.44622198
129336.336,-0.2054368,2.1604216,-0.96030337
118972.58,-1.158655,2.8265603,0.54054284
121169.47,-1.4707209,2.3759809,0.876679
116048.49,-1.7291344,1.620374,-0.997314
130188.12,-2.859806,0.5144816,-0.40017322
122946.71,0.3945278,1.1270947,0.67006344
131242.36,-1.0650382,2.4144173,-0.3940769
115494.71,-0.58704525,1.2370336,-0.8718723
127997.82,0.6843424,2.9704256,0.69408846
119769.8,-1.3500928,0.4429182,-0.6231402
115341.805,-2.085891,2.9131896,0.36826262
115006.67,-1.5553577,2.955794,-0.91651875
118076.42,-1.7913722,2.0663295,-0.59170157
126609.49,-0.81788224,2.8388655,-0.785124
134629.88,-2.575546,1.9095715,-0.3760062
118809.09,0.18024117,0.975938,0.50422746
117948.69,1.963931,2.6844804,0.47837368
119045.195,-3.316124,1.5274283,-0.2200167
123984.69,-2.2834036,1.5752809,0.43359992
121193.84,-0.43488446,1.3187227,0.5889311
123981.19,-2.725782,2.0608919,0.23475395
116698.305,-2.211856,2.8831072,-0.8341203
118671.195,-3.0018573,2.3472595,0.59726936
115562.484,-2.71854,0.6858875,0.48988754
131876.42,-2.8247228,2.5452874,-0.33527657
133603.9,-3.9374144,2.2594023,0.9604167
128966.51,0.6146741,1.7251668,-0.8398569
134754.62,-3.6169605,3.103525,-0.56819665
126557.13,-3.3622928,0.42663625,-0.4785196
115641.79,0.004198984,2.6996884,0.42802605
116290.34,0.47039053,2.4165204,0.5817285
127051.04,0.5440298,2.8009171,0.47596046
118573.07,-3.5039954,2.7727144,1.0189795
123817.375,-1.212721,2.8140295,-0.31375226
134485.56,-0.4953375,0.57305115,0.49250558
124690.6,-2.854521,2.8128572,0.2951393
120060.914,-2.237609,2.2340324,-0.5707274
125703.45,-3.4215004,3.0077012,-0.6233496
124634.49,-1.0174266,1.9756309,-0.7490024
119806.33,-1.4415153,3.1208444,0.49581987
127207.48,-2.9139838,1.6269122,-0.44973716
119583.09,0.48010275,2.1135724,1.4024202
123720.85,-1.7953941,2.5792658,0.5685123
115913.42,-1.1375395,3.0237074,-0.48517144
118354.68,-1.4696463,2.3822346,0.77444357
123125.375,0.061036456,3.0959837,-0.16576225
125215.41,-1.6835393,1.7439442,-0.39775708
121927.32,-2.8979576,1.3228016,-0.875165
134527.42,-1.304879,2.4262404,0.6948516
115692.18,-0.080030724,2.74403,-0.5309609
121652.33,-3.0289247,3.0673783,-0.5077991
125310.39,-1.3705642,0.35482916,-0.5410316
124791.73,-0.5493298,2.880972,0.78682214
126469.695,-0.8724887,2.388215,-0.93569034
132221.69,-2.7081964,0.6454362,-0.610215
115426.66,-2.9698663,0.44242465,-0.5738721
115045.65,0.862545,2.0226934,-0.7944332
116787.33,-1.5114529,2.9624197,0.05814122
132193.81,-1.0992035,1.9997109,0.36672303
122550.67,-0.9756913,3.102783,-0.4471505
134350.39,-3.4536881,0.5401428,-0.4450807
134898.8,-2.3425553,0.085682005,0.34818983
127201.26,-1.2913159,2.7140749,-0.6394037
122858.32,-3.609096,3.1290648,0.58737886
122926.8,0.5776272,0.45784673,0.58180803
116327.6,-2.249902,1.701412,-0.6540377
117655.71,1.4068493,2.6470807,-0.43087822
117350.72,-3.3752232,2.8188398,0.7411817
124503.49,-1.4883344,2.112992,-0.5827301
117541.016,-1.5512465,1.2810142,-1.0853355
123138.586,-3.3467336,1.6640025,-0.6370861
120646.78,1.2904763,2.6005783,-0.58942807
122593.79,-2.7219641,3.0759969,0.37024054
127212.664,-3.4640574,1.4513662,-0.73319143
133378.0,-3.5781581,2.4304998,-0.4572721
122144.14,0.55471253,0.8971704,0.56397754
121278.96,-2.5839071,3.0518143,1.1104387
128442.35,-0.96947306,2.9937599,-0.79065436
134086.7,-2.1017718,3.068491,-0.80687463
123906.65,-0.92651135,0.47829947,0.4813024
125377.4,-1.7589171,2.5659223,-0.36330444
126480.32,-2.888723,2.7233877,-0.9599264
132323.31,0.5749222,0.44386458,-0.6984546
121487.445,-0.8997724,2.3816006,-0.5719442
125824.5,-1.8644944,0.079044946,0.42411637
123990.31,-1.6579883,2.6297224,0.608129
134434.66,-1.8529241,1.8310925,-0.64547986
131642.36,2.065653,0.36998475,0.48926044
134998.48,-1.968306,2.8531663,0.8001346
122633.99,-4.0228724,2.4844532,-0.83431673
122563.22,-0.83823764,2.5675275,0.5677369
126251.02,-0.08032588,2.8730433,-0.55808705
133665.67,2.6940436,2.995756,-0.41059083
126035.195,0.48404548,1.112824,0.44367862
134669.97,1.0770631,0.74792546,0.76101345
115507.484,-0.23678452,0.67370695,-0.5937629
130700.53,-2.1808846,1.4218001,-0.8209533
120246.99,-2.7548306,1.0128982,-0.546444
125282.0,0.2557633,3.051715,0.46565554
118285.72,-1.3952986,1.4904339,0.8393764
126232.24,-0.903938,0.1915751,-0.44660515
119296.664,-2.968056,2.6397836,0.41970205
125936.49,-2.1135218,0.7243112,-0.54334235
119256.43,1.3971219,0.64360034,-0.46892285
131492.4,2.6069748,3.0585518,0.37207192
116549.34,-3.3108618,2.0773106,0.36069763
133825.38,-2.165361,3.0482008,0.56344986
132763.05,-2.894696,3.1000738,0.29827195
117587.195,-2.0434527,3.0075808,0.35321787
117383.91,0.77773875,2.0815961,0.58467025
115968.12,-2.0829804,2.0625837,-0.6241182
127983.7,-1.9008642,1.329303,0.5933816
128680.33,-2.5367556,1.7721833,0.47259304
130742.77,-0.12593645,1.0645868,-0.6032818
133235.62,-0.6486841,1.9937341,0.6034894
133116.14,-2.4970794,3.015918,-0.46992803
115205.15,-0.40462816,3.06827,-0.53843623
127691.75,-2.6217213,2.0577545,-0.70607597
115119.62,-3.7240598,1.7822523,-0.69438946
115891.64,-0.3600873,2.7098455,0.5523341
126440.65,0.6648511,0.99507964,0.6664341
115075.65,-1.4863751,2.5967395,0.7506201
116842.37,-0.7098838,3.0801086,0.3451363
123392.91,-0.46904182,2.8586683,-0.85956174
126230.41,-2.9069762,2.5880473,-0.35308775
122407.36,-0.88331574,1.0527215,0.8927043
125026.305,0.58804405,2.6000476,0.77113444
123494.54,-2.1867478,2.9400508,-0.5290173
126879.94,0.16555367,2.4006217,-0.6316728
125358.62,-1.8635614,1.0730208,0.58911276
119388.164,1.7254975,1.0093722,0.52172446
121177.45,-2.035332,2.840357,0.34143308
126392.27,-2.4344976,2.7217927,0.6369021
117312.1,2.6950605,1.02278,-0.7730923
134404.4,-1.070103,2.637701,0.63934326
134490.78,-2.3526258,2.9124806,-0.578701
119710.195,-2.6644359,3.0689876,0.1710443
133149.06,-2.2385142,1.2005842,-0.5530673
132823.47,-1.8970683,2.483068,0.729986
120494.39,-3.4835987,2.7410007,-0.6507147
125084.74,-2.2551796,0.33425286,-0.5375952
119708.71,-2.1227942,3.098455,0.5319868
126545.78,-2.982512,2.3357806,0.7072385
131001.14,-2.4998796,2.8832405,0.24966018
131829.5,-3.3677757,2.9428492,-0.4859368
132003.11,-0.17738812,2.1002753,-0.7994452
125066.5,0.6195192,2.604794,-0.4773356
117318.06,-3.4863806,0.30204666,0.40480155
134125.1,-2.7864363,0.8790276,-0.48973095
130902.33,-1.7429367,2.4935908,-0.6909566
119996.516,0.8396414,2.058556,-0.9064293
130257.89,-2.8707466,2.6592736,-0.4985151
123197.83,-1.3077695,2.307014,-0.123624414
118555.695,-2.0614681,2.4667003,0.38275155
121808.07,-1.0458231,2.9121435,-0.5592584
129246.8,-2.2438169,2.8823853,0.6267117
119969.586,-1.1392164,3.0055108,0.44465992
115156.266,-1.1563306,3.173425,-0.7446734
128263.07,-3.6301868,0.45071882,0.51050705
134484.06,-1.1573731,2.2947803,-0.9105463
132436.77,5.1483746,0.9985722,0.6046742
127227.35,-1.2333988,2.3974638,-0.44978583
133288.64,-1.9509194,0.24271621,0.5716286
120187.7,-2.0133493,2.5059385,-0.7518582
129233.83,-1.7806966,2.977592,-0.6350484
121548.97,-1.0188242,0.91917664,-0.69785297
133775.56,-2.7393348,2.4160943,0.3609299
130071.78,-0.95515895,2.142282,-0.93015796
124237.47,-1.4519436,3.04595,0.5444707
128246.02,-2.3192952,3.054118,-0.44616982
129191.69,-1.6138886,3.032738,0.4499441
123987.805,-2.729837,1.9192094,-0.49186733
123097.08,-3.8184874,1.5683666,-0.7430305
118445.75,-2.8554547,3.0049832,-0.3420788
131420.52,-3.0702744,2.6299424,0.6268071
125844.16,-1.7324834,2.7816248,-0.51846445
130900.125,1.9980353,2.2769723,0.8637471
127848.875,0.3711365,1.7279139,-0.8599067
123538.414,-0.8795669,2.365865,0.5587559
126994.59,-2.7516854,2.3043542,0.54887396
115819.99,1.3288609,0.7258397,0.8125932
134440.12,-2.494529,1.110847,-0.6327419
122135.766,1.7432702,2.3087244,-0.5691658
123713.99,0.091599286,0.0009836059,0.2396146
124430.17,-3.5337665,0.1348467,-0.59149647
117375.24,-0.4732732,2.2905946,0.88581383
115728.23,-1.7494446,2.1686656,-0.5796338
125730.34,-2.1175141,1.0441225,-0.9464314
118123.27,-2.9730327,2.771244,0.60529083
122965.414,1.4855003,0.32043192,-0.35903978
130223.14,-2.6535926,0.9101948,0.77072906
121420.15,-2.2972496,3.0954902,-0.37386882
118785.59,-3.4041793,0.21030922,0.48009813
125471.805,-0.12482402,0.8826257,0.6366907
116195.46,-3.0628114,2.9776688,0.4344311
132648.31,-2.7276497,0.3003942,-0.5136659
125436.94,-4.44281,1.0071476,0.80585766
116719.445,-3.693312,2.84148,0.4732886
115227.336,0.1761858,0.9952778,0.48953176
130729.13,-1.8884581,1.6402024,0.7797779
126063.16,1.8642596,0.28619623,0.53900486
123832.875,0.5797198,1.5421609,-0.6653429
119276.14,-2.9180236,2.6853213,0.61949545
121472.05,0.5769294,1.9500763,0.76797646
116981.195,-3.9038794,2.24982,0.6611658
131272.8,-0.8327547,3.0156083,-0.46537346
119246.11,-2.9209394,3.0857933,-0.32826278
117373.1,-1.4653189,0.45575875,0.5370715
129638.67,-3.4820912,2.3402195,0.451478
123295.72,-1.7257754,2.105597,0.39094487
129760.12,1.4267759,2.0390072,0.9017992
130841.59,-4.378619,0.4399938,-0.6332193
115352.86,-2.2527483,2.8830454,-0.55706453
118473.65,-2.2075367,0.293528,-0.58816105
122561.836,-2.7725692,2.7305725,0.63663965
122701.83,-0.96368194,0.95050734,-0.7298493
124823.4,-1.1767762,2.2010581,-0.7957669
124146.53,0.43201557,2.145822,-0.7903341
116304.05,-1.9471045,1.8442677,-0.564146
133103.45,-1.7005453,2.933989,-0.6237347
126102.32,-0.13427897,2.8120477,-0.37728313
126578.93,-2.1753745,3.048112,-0.55329585
124046.25,0.08408988,0.65562356,-0.55055964
120482.92,-3.4723175,2.9878829,-0.5479686
117400.57,-1.4518541,2.9604106,0.45921606
126162.38,-2.1779535,2.7715902,0.88565516
118490.85,-2.3600247,2.6536634,-0.57569003
123963.78,-3.5358398,0.6737236,0.505016
125923.85,1.7223626,0.60057604,0.89570594
127808.25,-1.2557107,2.7899358,-0.7073217
130790.53,-2.2921422,2.194769,0.6260834
116710.56,-1.7463557,1.5336052,-0.9776458
134677.7,-1.7684289,1.9775213,-1.0567266
134253.97,1.6890883,0.44817722,0.68534523
117493.44,-0.39770526,0.8839896,-0.7775298
126437.03,-4.1277933,2.937844,0.60002786
130331.195,-0.808946,3.117098,0.5445687
116398.46,-2.1817458,2.3821125,-0.6193133
128002.46,-0.71582407,2.8132596,-0.10685613
115573.56,-3.1943645,2.732691,-0.5118813
116539.06,-1.1260909,2.5155365,0.42728594
126656.1,-1.8243313,2.6432264,0.5706268
116245.34,-3.6892834,0.51628685,0.5032768
121187.16,-1.9475935,2.5999987,0.64217556
115875.86,-1.5434265,2.4207454,-0.80430996
118208.53,2.2837205,2.0762143,-0.76864314
117763.734,-0.9012868,2.188669,-0.6765182
130099.19,-1.7792866,0.6283534,0.65994847
117043.63,-1.5375826,2.389292,-0.9033851
118301.21,-1.4807806,3.084677,-0.35475463
115866.68,-1.4404659,0.70296985,-0.71943325
115192.5,-0.46173632,2.6914952,0.42041153
130269.3,1.086114,1.5439321,0.8951523
128516.875,0.54902434,2.389331,-0.59755766
116925.94,-2.50438,3.1255205,0.8454913
131058.51,-1.0404835,2.6832595,0.79624027
127982.07,-0.37873578,2.436236,0.6744989
125431.88,-2.003802,2.7407236,-0.5033024
125018.914,0.42601258,2.8077214,0.6310983
125117.65,-0.7086009,1.9365516,0.65397763
130942.586,2.160274,2.4593077,0.58747584
123664.836,0.1469503,1.835244,-0.790914
121486.055,-2.9042928,1.3379695,-0.64697176
128361.09,-2.544491,2.6502485,0.7401353
117470.266,-1.5586565,2.9845679,0.6057495
128728.55,-2.2345626,2.0084226,0.515229
123785.03,-0.26519516,1.5947258,-0.7135693
129571.36,0.51408863,1.8010981,-1.0101874
120451.91,-0.9647268,2.9591348,0.41324905
133000.25,-1.8293496,2.437163,0.58602536
117329.89,-0.29386342,2.7057576,0.18345389
132977.66,-1.951641,3.1450558,-0.52346885
124612.43,-1.2081972,1.156518,-0.636806
134659.34,-3.7702653,1.1995236,-0.46527362
121036.08,-2.8497825,2.667687,0.6152191
116830.83,-3.1482294,2.9612343,0.64193153
119099.33,-2.333893,1.8907726,0.8257353
123372.555,-0.10865938,2.5726018,-0.99661875
125685.66,-1.7204148,2.6993358,0.40440172
127804.72,-0.5358426,3.095374,-0.6368246
124230.71,-1.750255,0.36983296,0.4776047
116848.23,-0.31225464,2.4365892,-0.78881246
126302.19,-1.8448282,0.893064,-0.5477805
124477.41,0.42102423,1.6893916,0.7152217
125264.914,-2.9229472,1.0702702,0.4695019
132810.56,-1.5692692,0.9800504,0.80182785
122752.66,-1.6311898,1.7910697,1.2093575
119953.95,1.4009255,3.0297186,-0.28146118
127190.82,-3.5183687,2.7990344,0.37432703
126343.055,0.3924944,2.899628,0.37804115
129300.39,-2.8255317,2.04983,-0.46189114
131041.52,-2.317532,2.4354372,0.7156265
126263.12,0.0034337163,2.7602787,-0.45173854
118868.836,-1.7091817,0.9145629,0.9776224
128977.54,-2.3230124,2.4147243,0.55251694
117858.805,-1.7009273,2.2221806,0.65888005
123422.72,1.4294988,0.4048503,0.77203304
118846.56,-1.8404822,1.0430982,-0.7865397
116036.664,-3.6883993,0.63278806,-0.6163191
115161.83,-1.6067928,2.0986886,-0.73316896
118397.82,-3.1297333,2.6526237,-0.37619123
115625.38,-2.8489892,-0.018917726,0.46615198
129914.19,-3.0743103,2.7325,0.27732235
134478.94,-3.1329434,3.129995,-0.5876065
115962.61,0.21650837,1.6480298,-0.67907035
134903.23,3.7607598,1.3563612,0.63247013
128682.86,-1.1929629,0.38071364,0.40097833
125402.1,-1.8324792,3.1310441,0.35141945
131392.84,1.0640922,0.44370085,-0.5529212
131898.75,-3.0756953,0.39987764,0.5992113
116724.125,-1.0769216,2.4871898,0.5713635
131151.69,-0.5288763,2.5909605,-0.8075132
126397.91,-0.3718966,1.2187915,0.73342085
130609.26,-1.1843703,2.1140687,0.67985624
125643.21,-0.47656983,2.6091397,0.76808697
121192.99,-1.0636107,2.2783678,0.659618
123447.31,0.50244635,2.3979049,-0.7824195
123906.65,-0.30971843,0.579662,-0.4349837
129335.55,-2.6414347,2.9437213,-0.59808004
118806.92,-2.863694,2.8704002,-0.67673147
133256.11,-1.0451047,3.0628088,-0.57953805
115516.57,-2.7544022,0.23695716,0.7897842
131717.56,-1.3593827,1.1144512,0.63944006
134441.6,-0.63870806,3.039926,0.5543503
127034.96,0.82878304,2.118839,0.7140903
134426.02,-2.8646786,1.7158048,-0.44394067
128924.875,-0.26229045,2.2774272,-0.7807588
121403.8,-1.9558355,1.6180067,0.5072788
124137.2,-2.275463,2.5706372,0.3223917
126834.79,-0.6210084,0.0259927,-0.0910244
132919.16,-1.4173006,3.0440996,-0.73963237
127465.89,-1.9219636,0.62144727,-0.67677134
127424.86,1.807769,2.3285444,0.578241
132089.97,0.08264235,2.4630792,0.40247852
127950.51,2.3133414,2.0360773,-0.8042409
123092.09,-0.7039621,1.9992117,-0.64440864
132752.48,-2.5666795,2.8567348,-0.35501078
118265.16,-2.4827259,2.8309126,-0.58371776
116375.125,-3.6578708,1.3335106,0.66238683
134845.94,-0.9682518,2.8024015,-0.64154273
130061.31,-1.1898876,2.8065646,-0.917589
121255.54,-1.6244191,2.1585152,0.72612
132330.8,1.8045487,0.43104243,0.7484338
130576.445,-1.4954036,2.9261324,-0.35892355
123068.98,0.17608076,1.2558215,0.53614366
127065.16,0.38726085,1.9470668,0.65779036
128582.516,-2.3958292,2.453319,-0.75374323
133997.2,-1.230946,2.7438715,0.7789326
130199.305,-3.4946337,2.9058642,0.21124333
116130.34,3.1159217,1.9958407,-0.66143936
131005.28,2.3631692,1.1765704,0.63398725
120786.984,-2.387789,1.575687,-0.74126834
123047.19,0.7729674,1.5914754,-0.80834144
123787.875,0.019478504,3.0047014,-0.59936625
116830.08,-1.3751609,1.1619966,-0.52872425
134288.3,-3.7238104,0.913618,-0.49188256
123722.59,-2.7450974,2.2341483,0.69204265
118613.65,-3.372548,0.88684124,0.44414318
118481.02,-1.6326435,2.8020246,0.6152002
119695.02,-1.2680869,0.70873225,0.36135292
127010.46,-2.5640666,2.745889,-0.57781166
120455.29,-1.0580812,2.870295,0.56362957
128157.23,-0.7843376,1.3299307,1.0290942
116206.65,0.008642839,2.1983683,-0.8214394
120071.6,-1.4249067,1.3777152,-0.5724335
116838.51,0.5559118,1.1732026,0.665632
118889.22,-3.9891224,3.1380205,-0.7494167
129795.89,-0.14035289,2.3009686,-0.550298
122725.41,-4.674229,2.8069475,0.41070607
123963.87,-4.2152777,2.9259362,-0.4475498
128476.66,1.3008504,1.0315343,-0.45494303
118703.82,-2.1466026,1.8397232,0.6643377
116092.55,-1.3972745,3.0122452,-0.48623946
130858.336,-2.6949472,1.4813311,-0.5124022
126209.78,-2.4520774,0.18019982,0.5299941
123214.49,-2.7213144,2.76064,0.5421717
134958.75,-3.6022742,0.61063725,0.8362596
133812.66,-2.782402,2.5524237,-0.6807209
131478.75,-3.1741483,1.5091579,0.8773061
122996.7,-0.79686874,1.7707263,0.8301228
122742.7,-2.4602156,2.7924469,-0.34656397
126546.945,-1.4644265,2.9845927,-0.6370639
134497.61,-2.8417015,2.35951,0.39904514
128115.555,-1.0342728,2.3790917,0.74999213
128063.516,-2.856747,2.7916455,-0.5615177
117721.11,-0.38340145,3.0859113,0.60669243
132839.14,-1.6907505,1.9225973,-0.49485657
119971.96,-0.6842918,1.4991773,-0.6594861
125589.95,-0.6097829,2.8968527,-0.40139785
129600.51,-3.2833593,2.1232157,-0.5661492
132787.06,0.17556655,2.7985704,0.48237142
126925.9,-3.6732593,1.5925609,0.56525826
133487.7,-3.4752707,2.2528594,0.68675965
128143.72,-1.9233725,2.7278645,0.62376535
122596.83,-3.0834413,2.9467072,-0.4971673
129137.69,-2.865837,3.0364425,-0.5227897
131064.04,-2.5470335,2.4025784,0.2012156
115462.81,-0.09999002,0.16784212,0.2736494
121778.85,-0.7659395,1.2874016,0.70738864
132580.92,-3.1770298,1.0187083,-0.6972725
127810.24,-3.1548636,1.5131594,-0.5484306
133788.8,-0.15882677,2.8261256,-0.51822746
116997.836,-2.0966542,1.8987736,-0.5710565
120281.766,-2.0125825,2.1957495,0.41754535
131479.17,-3.472588,2.2269473,-0.60823184
128137.87,-0.6560058,1.0395626,-0.68324083
130642.45,-2.3002412,0.8422511,-0.7209517
117394.42,0.07216004,3.01833,0.53371334
131404.89,-2.4144163,0.072388,0.39887866
117864.06,-3.0058637,0.085808314,0.7682139
117096.734,-2.204948,2.4939208,0.6300606
128199.58,-3.2385519,3.077718,0.8113925
125867.766,-0.5665053,0.44744128,-0.54151285
118335.4,-2.512231,0.33363315,-0.4599357
128044.94,-1.411237,0.37083447,0.43364018
118842.81,-4.2587285,2.5691912,0.69070035
116166.836,-3.4988606,0.5324644,-0.5521789
132168.67,-4.155279,3.1284308,0.4416984
116022.266,-3.817815,2.8685994,0.55023247
132914.19,-2.9490209,1.5899855,0.5232742
129545.805,-4.245171,1.3978628,0.4732499
116743.8,-2.3962018,1.1592095,-0.8078396
117007.945,-1.58886,2.2117949,-1.082652
125973.42,1.663643,2.5455334,-0.62189984
116807.33,-1.0304407,2.346106,-0.8526127
130517.59,-2.6142359,1.7556324,0.80494
130810.695,-1.7271568,2.9572542,0.8405422
117349.836,-3.2461464,1.7080508,-0.7675345
120178.805,1.7388487,1.8230213,0.516744
118077.914,3.325056,0.24120729,-0.40303546
117245.43,-0.39307854,1.3600655,-0.52338696
125976.266,-3.4713397,0.7340677,0.57687265
121638.28,-1.4181341,0.036955386,-0.5545999
126992.16,-1.8316475,3.022669,-0.6154426
129835.664,-2.3490906,3.093905,0.636294
122649.26,1.1385807,2.9295616,0.4147471
125634.45,-0.22616927,1.9736222,0.8428242
116855.01,2.1128805,2.1869314,-0.6663098
131589.19,-2.960313,2.5299215,0.6626726
127509.586,0.44515666,3.1927316,0.47972414
118225.88,-0.9831129,1.2346419,0.5570204
133035.39,-2.5661685,2.5334072,-0.7299293
130697.84,-1.5768454,0.2099121,0.73110014
117119.52,-2.5197694,2.1202185,-0.5093256
122999.086,-0.038882617,1.1080097,0.37090042
123734.586,-3.2818022,0.15229799,-0.388087
117204.414,-1.3940326,2.1648977,-0.8074408
127732.53,1.538412,2.6525927,-0.64060694
117996.73,-1.7706459,0.7561396,-0.60413903
131966.69,-1.187876,2.6114686,0.33860916
123305.25,-0.7043778,2.9378493,-0.251811
125763.2,-1.5889299,3.071959,0.3431019
119745.945,0.19456324,2.2241728,0.45960182
128049.2,-2.6162581,2.995599,-0.4061398
118300.68,-1.12171,0.5708017,-0.6149379
131808.14,-3.7533472,0.5168975,0.6177749
126097.3,-0.12087955,1.7375768,0.47941077
131501.78,-3.0891123,2.0453188,0.55640864
131993.94,-3.541762,2.5148618,-0.7831097
120136.23,-2.3437161,2.9644144,-0.7047464
123223.09,-0.99324733,2.0645664,0.97404605
123321.77,-2.674508,-0.03366232,-0.59682983
131918.55,-1.6669607,1.6957735,0.7647538
127949.305,0.6205414,3.0188496,0.4695761
121914.18,-2.3604078,2.1388278,0.8105579
124357.32,-2.5519438,3.2694194,-0.41137326
116251.73,-1.614905,1.5375262,-0.63388705
115055.766,2.7177842,2.2551112,-0.587993
127471.96,0.9306952,2.9860559,-0.5634394
115439.69,-2.2346551,2.7494988,0.58310914
117421.94,0.26436687,1.3311459,0.20643312
125346.766,-0.4209309,2.7337518,-0.8741179
128746.8,0.43697843,0.71191293,-0.61295277
126405.89,-2.3762639,2.9369223,-0.60836816
116712.4,-4.0664406,2.0411785,0.5175137
115571.555,2.9810114,2.7706773,-0.4841128
116084.25,-2.3221476,2.7974846,0.48053735
121646.45,-3.3063834,2.7862248,0.52353585
115966.9,-2.7030675,2.6310282,0.37155357
129252.44,-2.576509,2.836737,-0.4634357
123692.016,0.12627466,1.5236857,0.5065259
132273.02,-2.5678132,2.619621,-0.75029176
122027.61,-0.9654236,2.4088335,0.6821903
119032.63,0.9324468,0.8336224,-0.8990118
117416.51,-2.4524736,2.6672835,0.540597
130010.12,-3.4363716,0.8335551,0.56531566
118126.0,-2.9398994,1.336221,0.6579167
131937.6,-0.91338503,2.880042,-0.44258878
119890.12,-2.736897,2.3636494,0.34826273
132869.95,-1.9600865,2.7479508,0.6299629
131571.75,-0.41004184,2.8789396,-0.42978346
130473.62,-1.2493533,3.0249119,-0.70803285
117412.28,-2.096021,2.0928023,-1.0946345
125779.7,-1.8011078,2.7711325,-0.49888006
119480.31,-2.9282293,1.7885087,0.34082416
123707.01,-0.3124606,1.9761916,0.5647791
116251.516,0.28039548,0.12638056,0.5038645
122144.336,-3.4575617,2.3784401,0.85838836
115679.53,-2.3351436,2.2421248,0.79398125
115197.586,-3.287143,2.831457,-0.6516664
130353.17,0.056543007,1.4496078,-0.5957704
118328.13,-3.3516,2.3294,0.5475946
131237.17,-2.1550093,1.2929385,0.61062336
130219.82,-3.877508,1.9553711,-0.6297973
117574.46,-3.9795048,2.7393663,0.648196
120140.695,-2.9252172,2.593558,0.62709284
116887.23,-3.892685,2.656857,0.62974817
117483.31,-1.0075922,2.7253177,0.6253071
119384.99,1.8300085,2.7639172,0.5486107
127611.016,1.4344299,2.1966896,0.45302117
125438.84,-0.12045628,0.9199361,-0.625421
134920.8,-3.957744,2.6108372,-0.43964043
122885.81,-2.8388085,3.0713694,0.6838292
117602.97,-2.364216,1.2388206,0.52049875
123164.18,-3.654897,2.7515628,0.63011
130349.41,-0.14039594,0.36045563,-0.5089101
125749.74,-2.8678818,1.0676141,-0.62766963
121261.805,-0.50689226,1.7693908,-0.50354224
129977.164,-2.36989,2.693685,0.7463206
123655.875,-2.1441453,2.9211507,0.5064956
120777.2,-0.4429921,1.3544471,-0.67177707
126012.8,-1.0865976,1.9559857,0.8669478
126879.63,-1.4242985,1.6698059,1.0885535
126609.12,2.2118611,2.6127143,0.6616949
125660.02,-3.1271508,0.03359182,0.35221198
127756.586,-1.3573184,2.9117517,0.3891789
125318.51,-3.5162163,1.233212,0.5482561
125812.83,-2.631363,1.6915886,0.99370295
127826.24,0.986475,1.5066553,0.81085646
130005.11,-1.0808133,0.18065712,-0.711271
115235.76,-2.952095,2.8527184,-0.4153636
128479.57,-2.959842,3.017091,0.5576327
119499.89,-2.3503027,3.0288842,0.42743888
118528.78,-1.7494966,0.6190989,-0.54874116
124959.89,-3.5162666,2.8198268,-0.6435483
120913.75,-3.0941033,1.4898708,-0.6585472
121250.32,1.4241315,2.797217,0.4553148
129322.09,2.7959628,2.1900454,-0.5591697
122110.57,-2.4567502,2.0554106,0.5157992
133871.45,-3.1096132,1.8082517,-0.5539334
121481.91,-4.0281425,0.69779915,-0.49471584
122242.94,-3.5717523,2.759707,-0.45072195
122768.61,-2.8065858,1.9904988,0.89145046
116735.086,-0.46083605,3.0506928,-0.5566404
133541.0,-3.7440789,0.23435801,-0.7034416
130987.75,0.09713008,3.0390985,0.6409627
120288.26,-2.756341,1.852379,-0.5334343
123115.53,-1.3396708,1.1088662,0.72359806
127806.34,1.0868545,3.0117118,0.54473025
119670.92,-2.6263044,0.22762583,-0.42529508
130704.414,-2.0838122,1.5821861,0.6947368
119406.79,-1.4334233,2.352428,-0.6631552
122166.66,-1.9061282,2.7344184,-0.6249898
125993.72,-1.8966994,0.73248065,-0.6495418
121844.76,-1.3552413,2.3198974,0.8610563
133305.03,-0.12131419,2.0189102,-1.0484776
115685.94,0.42557383,2.7564204,-0.673117
127311.555,-1.1163486,1.0786812,-0.42466015
122152.17,-1.4250766,3.0294726,-0.5543571
128273.22,-1.853012,3.0164285,0.4914847
119192.94,-1.3893094,1.1798893,0.65657824
129109.18,-1.8162344,2.5978775,0.44752324
130119.1,-0.98382753,3.1047654,-0.6807235
129933.73,-2.6864088,2.9250357,0.3312893
117318.09,-2.5142727,2.7831507,-0.75690657
117875.38,-3.4229882,3.0438688,-0.5564769
125733.23,-1.1690736,0.09616116,-0.52870715
117298.96,-2.0454054,2.693104,0.62999773
115248.09,-2.1761003,2.1695251,-0.76159567
125227.68,-0.21645293,3.036536,0.54169685
123940.0,-4.3097935,0.4087287,0.6934052
130661.42,-2.0364234,1.4067644,-0.48878378
127502.99,0.03345342,1.0457801,-0.6876222
118971.52,-2.6583145,3.038911,0.6634159
131823.77,-2.694794,1.8035862,0.47453994
134446.4,-2.500242,2.5143576,-0.669209
122023.016,-3.6806579,2.634277,-0.71942335
129004.984,-2.284099,2.7635982,-0.50082713
125268.516,-1.2593335,2.063823,-0.72881365
119108.14,-3.6714516,2.7305977,0.066985354
128464.11,-0.958644,3.0970356,0.28606844
117061.17,-1.0048072,2.133737,-0.7491039
124406.64,-2.6603234,0.7748358,-0.51300615
124756.805,-3.8426723,1.2265241,-0.40696377
116450.6,-2.1468775,2.8815463,-0.5350131
133888.47,-2.1132522,2.6254978,0.5569145
122536.6,-1.5612897,3.1095054,-0.46681732
123603.266,-3.9854279,2.5214798,0.7584015
134181.22,-3.4803455,2.7249336,0.4654689
134858.25,-2.453593,2.0977204,-0.6034965
133617.25,-3.0924122,3.0099,-0.47308174
127942.43,-2.6556466,2.820488,0.44025168
119251.94,-0.33097234,2.685849,-0.5871977
120447.266,1.0889009,1.1339538,0.72680223
121225.3,-2.2525942,2.5918205,-0.30842227
123530.67,-1.1271943,2.7706215,0.9387456
124867.72,-2.2885752,2.4991543,0.7846551
117498.59,0.38187435,2.8909702,0.40742403
119124.36,-3.663918,0.2058853,-0.3986003
128404.91,0.554145,2.7747653,0.5107176
118235.664,-0.6861874,2.767486,0.42791748
124963.39,-2.874987,2.902296,-0.27182192
120218.086,-2.6721432,2.178387,-0.53483146
121096.59,-2.1981382,2.9991739,-0.57821006
120720.94,-1.3858954,2.603494,0.43369475
120657.44,1.4455638,1.0726776,0.92832553
115950.414,-2.5846806,3.0679245,0.54550654
118002.0,-2.9216797,2.2204323,0.43597338
130884.836,-1.4741739,2.7894783,0.23243271
124425.16,-0.23032108,3.1273699,0.38030213
122081.62,0.86225986,2.2761433,-0.8045779
132993.58,-2.7346709,2.921055,0.29803452
125905.08,-2.8927429,1.3935946,0.32346976
126297.78,-2.3608308,2.6782277,0.2771352
130731.445,-2.335449,1.4664581,-0.86670727
127619.06,-0.10013433,0.15368046,-0.5713689
132916.34,-2.1824827,2.7050304,0.69422805
133126.69,-0.24578278,2.3662739,-0.5087128
132129.08,-2.2320776,1.5000445,-1.033304
123449.26,-0.14406282,2.665754,-0.81456375
132948.28,-2.3385878,0.71627116,-0.50135565
120542.22,-3.5240374,3.0216281,0.63914275
131000.64,-3.1556506,2.6451538,-0.60557437
115883.42,-1.9381306,2.9963493,0.4999759
117587.984,-2.5972946,1.6485025,-0.67608094
127136.35,-0.10855227,3.0760949,0.39131528
134792.69,0.30741024,2.7252069,-0.8825603
120413.59,-2.814541,1.0246378,0.6274093
120454.01,-2.5059433,1.2445347,-0.66309214
115123.09,-2.1172993,2.3293827,0.12240078
116814.984,-1.632254,3.0688767,-0.594118
124887.78,-0.86841506,0.8612536,0.826565
128360.016,0.7644372,3.0598454,-0.78553927
132662.39,-3.0747128,1.1476792,0.44713786
116608.31,-3.1561995,1.6062125,-0.92985123
121154.73,-4.499326,0.56844866,0.60024565
121183.41,-2.5220904,0.23661068,0.48207533
129984.35,-3.6421416,1.8574078,-0.13210233
116908.45,-2.7585135,1.4387147,-0.54277104
116094.36,-2.9443004,2.9260952,-0.48628724
130603.914,-3.40816,2.587408,-0.5089876
118849.58,-1.759856,0.92353785,-0.55725205
124640.664,-1.8100413,2.6671057,-0.5544862
118358.805,3.4557025,2.3372416,0.9060125
115851.516,0.053302158,2.5396838,-0.60208213
121452.445,-2.2752895,1.9321145,-0.6343516
126027.89,-2.5340688,3.0035589,0.5760522
129908.86,0.4011383,1.9993594,0.50095576
129062.74,-2.4880118,2.866339,0.32362983
127450.76,-1.8542594,2.239398,0.7864651
133354.4,-1.6816481,2.8813508,0.3237079
126756.74,-3.2098331,2.0727577,-0.69470155
118528.09,-2.6707604,2.3966556,0.6546452
118257.39,-3.1288614,2.4761348,-0.5524039
131033.32,-0.47489774,2.7840846,-0.75119233
117857.74,-1.9230636,2.6918013,0.5564277
128450.95,-2.3557968,1.5242406,-1.0768311
116536.59,-0.91039836,1.9889067,-0.55903065
118851.83,-3.2864125,1.476116,-0.4956121
119673.57,0.9095776,2.6380146,0.47007483
122111.26,-1.6718923,2.150785,0.4234422
118668.945,-0.13356054,0.1003504,0.3113233
121377.57,-1.9254786,0.37056348,-0.5445435
123206.68,-0.088980086,3.130985,-0.32518938
121532.81,0.42642105,1.6995479,0.5999649
119154.164,-2.4742599,1.0703278,-0.56010103
117820.99,-3.1172094,0.99909306,0.7194752
120534.76,0.9148346,0.71379644,0.49543574
122924.63,0.59228575,0.17752507,0.334651
126812.734,-1.6863489,1.3355395,-0.7439889
117718.016,-1.6177701,2.4154835,-0.4710129
131632.34,-2.9212823,2.80678,0.57934153
130361.99,-1.2360376,1.5232916,-0.5184008
126600.12,0.40637532,2.6065195,-0.49242252
127020.414,-3.8029401,1.8537627,0.81270534
117802.266,-1.357442,2.509953,0.76981694
120306.8,0.3483531,2.163201,0.62718165
118457.05,-2.9424577,0.8993286,-0.57190526
134886.5,-3.289445,1.2123057,0.56218624
134275.12,-3.3990784,2.865831,-0.53261894
116854.94,-2.6917899,2.8479698,-0.6269202
119365.02,1.7292136,1.9174789,-0.63069636
115874.99,-2.113879,0.23850366,-0.49747872
125400.734,-2.3816068,2.1859481,0.6113257
120212.625,-0.8777849,0.9552927,-0.8092469
121022.53,-1.917363,0.5576311,-0.35953122
132023.23,-2.4762938,2.4371357,-0.7384274
132299.0,-1.9826725,1.8730168,-0.99111855
125586.89,-1.1298538,1.4443533,-0.84675896
134840.72,-2.609275,2.4820044,-0.711755
122616.21,-1.0706578,2.9851475,-0.5691478
125113.445,-1.7161369,1.7521476,-0.94580626
132900.36,-1.0258129,2.8843877,0.46821153
130897.18,2.1211236,1.3751895,0.6771895
128038.84,-2.0391777,3.023547,-0.32783425
115024.05,-2.2756438,0.301357,-0.46090654
129277.91,-2.5599227,0.4191808,0.58109945
125051.42,-1.1387739,0.6323455,-0.8070557
134754.14,0.5781093,2.8143723,-0.19597052
117145.97,-2.543599,2.971504,-0.5381419
128958.74,-1.7950675,2.8716784,-0.35365844
127747.53,-0.18882202,3.0205107,0.56648254
115793.98,-2.612219,1.794753,0.459402
128177.95,-3.429945,2.9694476,-0.10593972
116564.016,-0.0999084,2.9433331,-0.43932375
121994.81,-1.3334831,3.03257,0.5233492
134509.3,1.2550405,1.3520855,0.6400326
127933.945,-2.9584105,3.147741,-0.7775259
124824.1,-4.049189,2.9850311,0.31557536
131261.56,-2.1695244,2.505685,0.75252587
117525.195,-0.22980618,2.681331,0.9831207
126503.13,-3.9358404,2.8224232,0.35702023
129836.516,-0.6122326,1.1834302,0.64283425
124249.14,-3.188788,1.970405,-0.94083303
117446.94,-2.934532,0.82194275,0.6714919
118704.27,1.3671256,0.9261078,0.48231828
119570.65,-3.5779622,3.1550858,0.56522065
133368.77,-4.3200474,2.3688784,-0.42244712
123661.17,-1.4865977,2.0422394,0.62921035
127471.67,-1.4207498,2.113709,0.6460715
127065.12,-0.8856098,2.9534104,0.23794685
123920.516,-0.6100412,1.9821261,0.7875387
129964.46,-0.2738521,2.1603792,-0.7002275
117923.664,-1.1176718,2.3865192,-0.9018469
128580.97,1.0309907,0.70414555,0.7365373
119847.984,-2.417802,2.2196045,-0.52338195
120578.055,-2.9712863,3.0622065,0.49812114
120294.46,-3.2592778,2.6509466,-0.28839985
131831.39,-2.7407084,0.59339666,0.67898434
117044.28,-3.2975054,2.367529,-0.7351826
132915.94,-1.2016891,3.2168667,0.3713163
134374.23,-3.3586795,1.5546898,0.29216298
119627.86,-1.9868102,0.7324247,-0.6079346
117130.47,-0.24018346,2.7006392,-0.9485243
131902.19,2.8363836,0.51514167,-0.8165786
124632.54,-0.15889564,0.38077202,0.5205774
133697.3,-0.5017624,1.1484872,-0.8177065
132203.28,-0.89293253,2.1102052,-0.7347996
129774.68,-0.8848407,2.9673662,-0.47370785
128025.36,-1.2114023,3.020901,-0.7248882
134850.77,-3.320646,2.6986637,-0.65456885
115525.73,-3.4489698,2.5625792,-0.83097094
121156.445,-3.171414,2.4597616,0.31231597
116354.16,-1.9619882,0.81973034,0.21380451
124175.93,2.308207,2.8667948,0.421119
120718.53,-2.6538992,0.08433212,0.7790206
124083.93,-2.7402394,2.9721437,0.66337186
127116.47,0.78235173,0.9972653,-0.6198996
133236.3,-1.2522236,1.5469264,0.60762453
124296.62,-1.9514459,2.9191864,0.399284
115335.56,0.60646284,1.7620903,-0.8847784
117602.88,-1.3855503,2.877597,0.37312862
120006.58,3.200312,2.7913933,-0.63030547
115406.71,-2.3091292,1.0953205,0.42505434
119846.1,-3.4996607,0.39699295,0.62719876
115491.266,-3.3842237,2.3816943,-0.28340575
133809.53,-2.0410187,2.0931253,-0.5851291
119037.17,-3.4085402,1.3951455,0.3814567
126719.11,-3.258731,2.7369316,-0.4293185
123667.875,0.61932355,2.2552567,0.765667
126643.46,-2.5005584,1.6155404,-0.66155857
119339.055,-1.5381223,0.34715834,0.6444665
129341.17,-2.614173,2.1425176,-0.8483431
130596.1,-1.1780463,2.8731315,-0.5917634
129002.82,-2.4660933,0.01640842,0.26597178
129094.01,-3.3815088,0.09495189,-0.32748166
116995.234,-3.0969226,2.4695177,-0.5380062
121135.53,0.2857947,2.7942708,0.84827614
115580.46,-4.027402,2.677957,-0.26999322
118175.93,0.024262631,1.9359889,-0.61078125
123694.47,-0.5160376,2.9458764,-0.7796202
129283.91,-0.63328093,2.2156456,-0.68319446
128587.805,0.2673081,0.90998083,-0.57070434
126922.09,-4.272904,1.3011317,-0.5978393
123464.234,-2.466376,2.5729673,0.47146255
115658.125,1.2879539,0.6150863,-0.5294098
121394.38,-3.291674,0.34699535,-0.34186143
119562.99,-2.2092147,2.9033577,-0.33027616
128416.1,-0.7794339,3.052625,0.5147552
117796.99,-2.5035365,1.3495355,0.5316326
122820.71,-0.70651484,1.2257988,0.88421524
124294.52,-2.7485201,2.5720286,0.73570144
115363.164,-3.1003816,2.8447115,0.6352094
118493.125,-2.7734299,0.18949609,-0.39659137
130850.99,2.9492574,2.222508,-0.8041059
126402.266,-1.3187381,2.1197534,0.68873864
125769.6,-0.6533277,0.14482029,0.33739486
123447.09,-3.6999424,1.8900661,0.22959988
122836.25,-2.1452801,2.9826612,-0.67088777
118488.3,-3.1239014,2.5588055,0.75279397
126189.79,-1.7755891,0.8660126,-0.56192267
116271.83,1.1262475,2.6308148,0.9511663
124924.76,-0.8641396,0.44599366,0.49692363
117671.16,-1.4827585,1.5470601,0.5571922
134515.02,-1.8210388,2.9528918,-0.833864
127224.195,0.15759276,1.6785444,-0.6013159
120200.7,-2.2026305,2.4465637,0.7558762
123446.11,-3.9373484,1.2447332,0.67954963
125224.22,-1.885913,2.908785,0.3035282
121873.87,-2.1550248,2.9945223,0.62820107
120600.7,2.1850755,2.5919485,-0.73625124
127203.445,-0.13624999,2.9881034,0.5240243
130837.945,-2.955862,2.4544094,0.5431741
121027.61,1.8144579,2.6082957,0.60999286
121242.95,-2.8429677,0.75826913,0.44472376
129074.836,-1.0299733,3.0498161,-0.08278544
127102.43,-3.5259905,3.0767488,0.48122343
121421.14,-3.521363,2.1991968,-0.75814426
134009.25,2.7682486,1.200935,-0.5821982
117376.68,-1.6878234,1.1316758,0.6826837
125889.27,-0.41089392,1.442113,0.84390444
131025.44,-3.2231545,2.9024198,0.71713257
129443.43,-3.5070791,2.1451902,0.7294053
117320.44,0.41477603,1.5012828,-0.42268088
117903.05,-2.745315,1.0140568,0.39659947
133486.38,-1.3359432,2.1924188,-1.1099368
124477.92,0.41607994,2.832943,-0.5043788
125450.84,-2.2321541,2.228779,-0.6907367
125358.27,-1.7683187,2.9414363,-0.70436543
134634.62,-0.74101454,2.995512,0.33868152
128756.15,-1.9484951,1.2324649,0.7119389
130391.945,-3.457431,1.167351,-0.46421736
120403.72,-2.7389503,3.093139,-0.6595335
115072.79,-2.3997433,3.046804,-0.6682563
123605.42,-2.5322552,2.906135,-0.78119546
120944.35,-0.9168294,1.157635,-0.76481503
123438.91,-2.8114843,2.9448664,0.4246832
118117.41,0.80505973,0.36454344,0.7995166
116511.91,2.0386634,0.71956706,-0.6195674
119820.87,-3.4579787,2.9549968,0.3326845
120817.79,-2.044892,2.8355567,0.7973048
118172.945,-4.099922,2.893045,-0.58275783
125704.81,-2.3117313,2.2428453,-0.39442056
131814.8,-1.685251,2.934738,0.65476483
117345.54,-2.1387918,1.88998,0.8253092
132358.75,-1.3061863,2.73395,-0.7920626
118797.86,-3.669909,2.5420008,0.69302034
122150.125,-0.022111135,2.719196,0.6085094
117502.63,-2.582559,2.3973265,-0.56921744
132147.45,-3.0755372,0.87044364,-0.5437345
121687.16,0.2578707,1.8549353,-1.0444582
123758.766,0.038212404,2.409602,-0.36840424
119111.37,-1.0393531,2.6200418,-0.6992648
122386.67,-2.881143,2.8503227,-0.37845686
132014.58,-2.3382473,1.6093886,-0.52990353
131811.12,-0.2101796,1.6665503,0.5866254
115272.0,-1.3591396,2.3120618,1.0920079
123706.04,-0.40590623,0.28886837,-1.1532673
129887.73,-0.89056474,2.6261296,-0.5929936
127974.72,-3.6510417,3.2895768,-0.38358328
117430.81,-1.1060864,2.0510821,0.80641687
119161.06,-0.6261573,3.0101752,0.19975354
133153.6,0.21159165,0.4584206,-0.1339856
120404.45,-3.4455423,2.4993174,-0.980113
123958.445,-2.943106,1.5452492,-0.530196
134873.39,-2.902801,2.0728142,0.9462511
120625.83,-1.8118218,2.084666,0.2822201
132555.02,-2.8363643,2.9387772,0.25780556
123937.05,-0.09227707,2.9207034,1.0295563
126525.02,-2.6309695,0.6424879,-0.80295306
125066.0,-2.026616,3.0653017,0.40126565
121790.18,-2.6174788,3.018581,0.49471575
115306.17,-2.9349787,2.6923554,-0.6544273
119792.98,-1.9854019,2.3480015,-0.5013842
116803.055,-1.9921298,2.1384885,-0.7774392
125719.52,0.09814677,2.8356657,-0.6654704
121222.195,-1.2949102,2.266868,-1.1140059
128125.86,-2.1157484,2.9674752,-0.23302567
117214.66,-2.4820719,2.498204,-0.7976523
118260.055,-2.987291,2.4736927,-0.68667394
121356.414,-2.197384,0.0045256997,0.33247164
115766.44,-2.5516934,2.8583908,-0.64526945
122904.28,-0.21731222,0.6098884,-0.8368226
116717.69,-3.1899512,2.307875,-0.7394068
120222.93,-0.7473292,2.7557309,-0.7857999
116933.59,-3.7790709,2.3440852,0.13145792
130618.41,-1.8931817,2.32111,0.647848
115016.77,-3.3637695,2.5311842,0.5844057
121668.414,-3.3231843,2.3336942,0.49802417
127820.94,-1.1722535,1.7905473,0.552895
134827.02,-2.8959076,2.6669512,-0.73702806
129919.01,-3.3069043,0.9421216,0.3544006
121987.08,-4.1053753,2.8390944,-0.5351789
128108.04,2.7036912,1.9743354,-1.0224704
125364.98,-1.4917792,3.1062527,-0.5587156
128071.28,0.12074282,2.1169088,-0.5157422
128095.32,-1.6772057,-0.012342501,-0.3210193
119732.305,-1.2127875,2.9274464,-0.6607702
125104.35,-0.9937188,3.0460558,0.7417211
134001.44,-2.272206,2.867795,0.8041045
123112.734,-3.9748602,3.1127303,-0.6563231
131733.95,-2.9528036,1.8677588,-0.75911415
118357.05,-3.1933746,0.25159237,0.4828568
128045.65,1.9926047,2.8677711,0.7877787
133910.4,-1.4206992,2.4724712,0.42937365
123026.3,-1.8499819,2.8109322,0.6436932
123152.82,-2.215459,2.1939979,0.37956148
125953.945,-1.8190037,2.8307447,0.4965222
124780.17,-0.53125477,1.1589297,-0.8536934
121605.59,2.6081595,0.34460947,-0.6640849
120000.625,-2.471766,3.1134949,-0.5989356
118310.5,-2.4563966,2.990337,0.42105895
132711.56,-2.4893663,2.6522136,-0.44998565
122802.66,-2.1720338,0.97318625,0.7470333
127725.516,-2.7563603,2.6204193,-0.64475375
129286.555,-2.5850174,3.0751183,0.32675892
118830.195,-1.056778,0.99644095,0.5651326
121506.39,-0.45895767,2.6443424,-0.849438
121598.914,-1.6232417,2.3104792,0.36567274
129851.625,0.21473676,0.8799894,0.5262225
120989.67,-0.9951178,0.35635018,0.82459956
132225.34,-0.71046376,1.6581752,0.7208863
122327.63,-3.3910947,0.52491635,-0.6409771
125849.78,-2.3648286,3.042788,0.24400985
131725.23,0.6558635,0.89345056,-0.6220863
118566.67,-1.7458642,3.064511,0.503464
124420.35,-3.246069,1.1985527,0.7191722
126370.95,-1.6363544,2.147391,-0.9111317
116328.26,-4.514027,0.24291115,-0.97177124
125239.77,-4.278692,2.3800051,0.2253608
123096.98,1.5312428,1.0647495,-0.73077214
123799.555,-0.70656645,0.7434121,-0.57799107
126671.99,-1.1611615,2.467159,0.49834752
128684.71,1.1638662,2.1616776,0.3685366
128570.195,0.24564502,2.2920601,0.74904114
117010.08,-2.2766407,1.4439826,0.53290033
128151.22,-0.09728231,1.423872,-0.699549
118942.6,-1.0318062,2.7051065,0.61720204
121083.06,1.1898344,2.579259,-0.56382954
130224.84,-1.5781562,2.5692742,-0.33665994
124932.58,-0.6524825,2.974505,-0.3812082
131984.67,-2.030072,2.901604,0.8092222
121058.125,-0.7539146,2.7327635,0.27516457
117237.11,-1.6488333,2.557718,0.6559438
132930.06,-2.4221845,1.9186352,-0.720486
116511.26,-2.3993578,0.6315085,0.6318469
122464.45,1.9367512,2.789444,0.59639305
126536.56,-3.798671,2.8992882,-0.729837
117082.664,-2.4175472,2.047097,-0.7111635
129520.766,-2.601895,2.8340647,-0.34153056
128931.51,-1.5158362,1.3867302,0.561437
124429.164,-2.76823,1.6336836,-0.87978375
121728.805,-3.1813388,3.0195606,-0.2738552
119132.19,-2.1599796,2.661249,-0.54128635
128907.33,-1.8085806,2.4923203,0.6055454
126812.35,0.45110798,1.7469152,0.66175425
116709.3,0.08152923,3.1110277,-0.34164298
131158.83,-3.4538655,0.9546037,-0.39652872
118800.69,0.004870573,2.8928087,0.4952416
132097.61,-3.973502,1.1312622,-0.6336837
133334.67,-2.6492295,2.3852706,0.15586588
119771.08,0.7221904,2.031461,-0.8683755
119233.484,-1.7669373,1.0368521,-0.4234864
134720.9,-2.149257,2.7204165,-0.54801524
124139.76,-4.0147586,0.6754316,0.53622264
115080.43,-0.9238594,2.5421655,0.42706776
116033.92,-0.6922237,2.2957907,0.59369373
115303.56,-0.033089384,3.046377,-0.49263072
129777.164,-4.1471004,2.1446345,0.6311694
124010.84,-2.3944304,2.9340205,-0.6193206
125141.34,-1.8093336,1.2753272,-0.7381732
132779.08,-3.6762578,2.1431272,0.7063909
124193.46,-1.2910728,2.978192,0.5733149
126773.16,-3.736158,3.1603105,-0.3532923
117362.9,-1.3781707,1.7689565,-0.6017739
122578.72,-3.2700016,2.851791,-0.4724714
130308.51,-1.0965554,2.4676645,0.56379944
115790.125,-2.1332245,2.2663455,-0.49670258
127572.04,-2.0667229,2.317074,0.80904466
129989.93,-1.82957,3.0503402,0.680345
126852.28,-1.7491347,1.8942065,0.84882337
126922.58,-0.5716242,1.669502,-0.6085958
118476.93,-0.89119434,0.2344312,-0.39824915
130261.016,1.5972259,2.3874526,-0.6296896
129840.3,-2.3546126,0.11044891,0.27651826
134827.23,-2.6682773,1.710377,0.4204329
131440.69,-4.2750416,0.3198368,-0.6126155
125400.81,-0.59929574,1.3165483,0.7535023
120235.74,-2.4027197,1.8684193,-0.762332
120304.586,-0.30560073,0.40320715,0.6391324
123632.26,-2.1183367,1.1655273,0.48376626
124200.29,-1.3484417,2.7425032,0.54464203
115949.06,-3.0416965,2.797561,-0.31356037
122588.26,-3.456378,-0.0043265927,-0.29970175
132077.67,-3.5456505,2.2002778,0.6415839
117165.45,-2.9039416,1.6534317,-0.46488038
127717.15,-3.1789868,2.2136314,-0.44812557
118693.914,-4.094814,1.4583684,0.62318087
127079.95,0.71857345,2.2493544,0.53474885
130947.63,-2.1179829,2.607851,0.22579877
133371.39,-0.48393872,3.014801,-0.2809175
122246.3,-2.1195564,1.4192488,0.66070324
126777.97,-1.588951,2.7521434,-0.53758186
117944.33,-1.2008129,2.5302587,0.32940102
127960.58,-3.2588596,2.3525665,-0.6478587
122424.54,-3.6025472,2.4950323,-0.65772235
123065.32,0.23044713,2.8759456,-0.4500166
124638.164,-0.3873163,1.1016239,-0.62744546
126039.55,-1.6939406,2.8505652,0.2722396
126015.555,-2.781862,2.980045,0.7789964
126307.41,-0.54989946,0.67719394,0.7260621
122987.164,-4.640293,0.6775945,0.68664646
117063.79,-2.962397,2.4005313,0.99136925
123176.414,-0.22620234,0.60630083,-0.5524699
132177.84,-1.3107276,3.0280004,-0.5552023
125502.766,-2.1073973,2.5602658,0.8179735
121565.836,-2.1598997,2.875855,0.5397414
118730.18,-1.5329916,3.0047667,-0.49383536
127363.44,-1.1247714,0.42909053,0.28903675
127838.266,-0.07624503,1.5977371,0.7479743
133180.92,-3.6460934,1.7472136,0.55784124
118093.53,-1.7054958,3.002714,0.6481863
131969.06,1.5666552,1.4522927,0.7734926
130682.9,-4.1102552,1.7426319,-1.296291
121204.164,-0.7736231,2.451859,0.65566057
119624.61,-0.8123143,2.9677038,-0.43537426
123649.19,-1.9932647,2.6566908,-0.5009856
134070.1,-1.5490513,2.5989914,-0.58576095
119478.2,-1.0405352,2.2510545,0.72212017
121921.79,-1.8491606,2.1905644,-0.8204274
119811.53,0.2269063,0.116627924,-0.44476277
120029.87,0.49983644,0.93208563,0.72851473
122620.195,-2.5315313,2.460242,0.6378584
116663.24,-1.2135704,3.0903904,0.55194616
130211.35,-1.3581749,2.3490708,0.63780457
115491.03,-3.7082193,2.3137813,-0.5952625
128403.555,-2.0820274,0.37487736,-0.8347196
128842.484,-3.7567773,0.7059228,-0.6209924
132575.08,-2.1042976,1.2858288,0.6496557
126809.336,-0.74467176,2.3225882,-0.6135108
122785.94,-2.427212,2.957115,0.4662534
134675.17,-3.6709828,0.84169686,0.5602969
121515.555,-3.5387328,0.8674296,0.84800607
117907.26,-3.7619808,0.2121474,-0.5349451
116950.086,-2.8017187,1.6291301,-0.48776355
120925.18,3.54647,1.9265498,-0.93628526
126686.89,-2.371271,1.5286673,-0.80643404
125646.11,0.49244964,2.4326882,-0.56916714
129594.805,-4.7989154,0.34224904,-0.45779216
129649.89,-2.359249,3.1568646,0.82001203
128048.57,-1.2709478,1.5505956,-0.90576476
122331.07,-1.0905616,1.5722392,0.8721087
133444.77,-4.1483026,-0.07769914,0.28733495
122102.625,-3.9326403,2.1151912,-0.47865835
125515.805,-1.3607286,0.67756665,-0.69233185
119722.49,-2.519022,0.6101227,0.6123467
119952.945,-1.1760361,2.9377654,0.9281311
130569.64,-1.7413243,2.9109497,-0.4203733
124069.984,-3.2138116,2.253314,0.7731582
132297.89,2.3521068,3.1174586,-0.30841717
119699.12,-2.2739058,2.9409776,-0.8363602
121152.26,0.22047006,2.9822583,-0.39639091
132533.62,-1.8382739,2.3125222,-0.7662013
134616.75,-3.9140284,2.1345084,-0.6476803
126387.99,-3.4335556,1.3001338,0.51273805
122843.97,0.107765995,1.65879,0.86634016
118670.53,0.23974502,0.39331692,0.49680597
131074.3,-1.810428,3.0159848,0.67439896
115107.984,-0.10041915,2.4632685,0.7371813
133085.08,-1.4453158,2.81957,-1.0578303
132490.05,0.36938003,2.496957,0.53043115
126786.164,-2.1068845,1.0438186,1.00603
118151.01,-2.1057675,2.9783578,-0.9842655
131604.95,-1.7255164,2.5573034,-0.6616101
130696.31,-1.9234077,0.30741715,-0.8116755
126572.65,-3.057202,1.9844239,0.7393396
119335.79,-1.8878682,3.1280377,0.7658157
121076.65,-1.5827668,2.7495794,-0.38861865
118224.09,-1.1517866,2.6071913,0.61834854
118880.81,-0.58677936,3.0341022,-0.49332651
124892.49,-1.3703475,1.89472,0.55452806
128386.92,0.5714279,2.9455922,0.4221962
119426.57,-2.2870405,1.119974,0.7576598
123294.74,-2.5395527,0.8088213,0.53673494
131970.78,1.4479209,3.0750701,-0.6396146
126411.17,-1.812937,2.493796,-0.8786509
127641.15,1.6966267,2.0153923,-0.7566484
130194.83,-2.3353753,0.5515258,-0.4615784
130009.266,-2.7519057,0.9612783,-0.5857673
119982.34,-0.24764946,1.242132,0.553548
125851.45,-2.901818,2.6288896,0.73904335
124339.87,3.9715962,1.1769903,0.61712873
117605.664,-2.0745804,0.1031091,0.35796034
121247.38,1.2410259,2.7659802,0.6454152
118510.71,-1.702641,2.0923328,0.6780544
128668.37,-2.9584298,1.6415412,-0.73358
124887.68,-3.4301212,2.352378,-0.86660606
122452.81,0.8325894,2.5317097,-0.6001448
125891.22,-2.5363643,2.9755118,-0.93620384
133390.39,-3.7473044,1.151331,0.666576
120639.66,0.37941116,2.7145286,0.70309037
128447.445,-3.766598,1.9078075,0.7229236
120130.76,-3.2186103,2.2809722,-0.47386864
133107.8,-0.041627523,2.959021,-0.4986995
132645.69,-4.5108314,1.0774419,0.4778637
117513.73,-3.395386,2.3685489,-0.37437472
131488.4,-0.686103,3.1036673,0.5984125
132013.61,1.2851524,1.3932039,-0.6687192
125357.57,-0.11227597,0.3605614,-0.5922815
133099.03,-2.8258684,1.8254491,-0.95501095
123225.82,0.2040795,2.883988,-0.6458456
119397.125,-1.4666673,3.0160708,-0.39611152
119585.22,0.61586297,0.54973507,-1.2880936
118161.234,-1.5890088,3.1445405,0.37972584
116517.01,-3.6429594,2.558926,-0.54351366
124314.27,-3.279512,2.531234,0.52191806
126593.74,-2.1250408,1.415951,-0.96034944
121605.63,1.109207,1.8923609,0.91085297
120966.04,-1.3882473,2.843892,0.8262688
125528.37,-3.092475,2.4839187,0.4057807
122956.89,-2.273528,0.16230202,-0.58761024
130927.2,-2.2221558,2.5265431,-0.32580766
115707.91,-0.077414975,2.1125147,0.63205034
123274.484,-1.5494212,0.9037156,0.463309
127687.766,-1.2295941,0.4352382,-0.4193254
115905.39,-2.1400793,1.5269102,-0.751272
133884.16,-3.688086,1.4618452,0.9726594
134629.58,-3.4675636,2.5526056,0.6129494
134986.77,-2.1957548,2.9317858,-0.5437212
117645.1,-1.8204602,3.068842,0.5661984
117570.625,0.6434326,3.081495,0.47161764
118748.11,-1.6975273,2.118279,0.59737396
131983.97,0.48350063,2.1752222,0.7997749
133735.4,-1.5279093,2.793353,-0.49685234
123580.75,-1.723214,3.0944505,-0.65807986
127925.32,-1.1543785,2.3443615,-0.6595926
134628.19,-3.177871,0.3764837,0.5510262
130796.39,-1.420993,2.7705145,-0.70111805
121414.78,-1.3060313,2.9865534,-0.36550936
122841.766,-2.3767476,2.4254894,-0.98321754
130354.02,3.2467377,1.9894139,0.6795799
125694.82,-3.4505877,2.0614307,0.58130234
119646.8,-0.5125412,3.0969825,-0.61867076
133238.38,-0.8235067,0.56925774,-0.61119276
115096.58,-2.8521888,2.7862103,0.31462902
118214.305,-2.2818983,2.8115165,-0.31337383
126152.1,-1.7331849,3.1417031,0.42826366
125675.48,-1.4458208,2.0768113,0.5890698
126264.375,-2.193237,1.0159731,0.59478605
128102.83,-3.3693848,1.1542281,0.79782265
127230.88,-2.546456,2.798178,-0.41794884
123712.31,-1.3308164,2.622539,-0.23328014
124887.22,-2.4030097,2.773935,-0.5220766
118071.62,-2.8029466,2.6352813,0.44176668
115808.26,-0.2246811,2.7697608,-0.7529117
117313.42,-1.52458,1.3741034,-0.6427348
120805.234,-4.505804,1.8330877,-0.6097308
131600.11,0.84531033,3.1067884,0.27758333
134186.38,-2.044079,2.2538426,1.2139435
121935.65,-1.9020662,2.8116841,-0.85110354
134911.45,-2.8015769,2.677342,0.8046334
116817.36,-3.724816,0.9042925,0.5209043
123822.55,-3.779868,2.8884454,-0.52161705
116003.1,-2.276815,2.53529,1.1970017
134934.66,-1.4095887,2.9326468,0.3259281
130797.805,-2.1286438,2.1978104,0.5579186
125774.695,-1.4961121,1.836465,0.79381615
119793.17,-2.5038855,1.4169441,0.5661346
127920.195,-1.837529,1.492103,-0.6927305
118205.414,-1.2208031,1.1319455,0.6501081
127355.086,-0.89127046,0.17058757,0.33466703
126136.734,-2.541947,3.1154084,0.3497164
129375.38,0.4872209,0.1048478,-0.60600454
124661.73,1.5930029,2.4328203,-0.62953514
116095.77,-3.0714264,2.1112695,0.2558385
120522.04,-1.7850481,2.740091,0.51576734
122117.055,-3.5743566,2.703684,0.67668414
121692.07,-2.8901772,0.39985588,-0.4034852
120409.48,1.3673763,0.8490904,0.5126434
121049.95,-2.8534997,2.4515002,0.6664136
127646.91,-0.8502184,0.11742008,-0.0039012926
130743.07,-3.5859334,1.2299682,-0.4915602
132009.81,-2.3222516,2.4920948,0.5921333
121935.21,-3.5358415,2.5935671,0.61956245
118306.48,-0.5113616,0.7562748,-0.6156626
119278.41,0.68040514,2.8247187,-0.32746464
122745.15,-1.0619075,0.5742648,-0.5414935
115871.086,-0.35258168,3.2031295,-0.3820321
115574.86,-2.910596,2.5693836,0.64057857
120634.164,-1.07842,2.0679748,-0.6467056
118698.23,-3.3536458,0.75825834,-0.26903537
126419.15,-3.748163,0.7534692,0.48859912
128501.26,-1.236052,1.920918,0.74015385
133892.56,1.7202832,1.0949577,0.5325613
115323.87,-2.452125,2.899566,0.57976395
121116.53,-2.5502443,2.049398,-0.68444264
117115.375,-3.8406014,2.3435602,-0.51534337
123833.65,-2.7229593,2.3304305,0.78684086
125843.35,-3.5129762,0.6120796,-0.81134504
117608.4,0.3294332,2.511927,-0.6876177
131560.95,-2.5123436,0.94761574,-0.55883795
134964.27,-2.2083688,2.6759849,0.59012383
131066.94,-2.5802007,2.6080127,-0.49259424
122544.484,-3.5504773,2.5350583,-0.6520006
121941.6,-2.01571,1.6365144,-0.5540565
122358.84,-2.689706,1.4194225,-0.6920668
118059.67,3.2765493,0.39535686,0.44994554
117006.63,-0.65312624,2.1446369,0.4021493
122387.125,-3.08488,2.5248458,-0.67124915
130415.51,-3.6019125,1.1733558,0.4330851
123740.695,-3.1371644,1.5097009,0.56512207
115450.95,-2.0783212,3.0466683,-0.52206874
128442.8,1.2668095,0.94137037,0.6513994
117884.62,-1.9453703,0.83574736,-0.6219575
134987.55,1.1783092,0.83240205,-0.8537287
127140.914,-1.2708231,2.9660163,-0.5905989
115098.61,-2.2478342,1.2713375,-0.97697014
126430.36,-2.7336874,2.6792758,0.5831533
125105.5,0.9471343,3.0722358,0.69615656
123756.61,1.3475187,3.0897696,0.4713023
116962.2,-2.713623,2.5886846,-0.9406076
131476.02,-1.4442703,0.2890653,-0.5615269
134728.8,-1.4686886,2.6586943,0.7254068
119289.78,-2.3094685,2.414345,-0.5558825
119173.01,-3.2356138,2.443433,0.23564914
131885.02,0.69796085,0.23095627,-0.64080113
124901.02,0.33335736,2.3482084,-0.5704159
124741.805,1.3696942,2.7995398,0.5258149
125339.055,-0.60408366,2.8802497,-0.50658184
120925.85,0.65322745,2.490078,0.33142707
126288.96,-1.793886,0.08745872,0.102934964
123526.375,-2.4059308,2.3805888,-0.32126546
134498.73,-3.471587,0.12402455,-0.5307519
117467.0,-0.0912845,0.32684666,0.5835713
116849.63,-2.0181713,2.8337057,-0.6254965
115441.695,-1.5457767,1.5970707,0.75054705
128677.6,-1.3852602,2.1270382,0.6301678
119674.49,-1.0964018,1.9375384,0.59378177
124868.71,-3.341823,3.0831022,-0.70978755
127111.32,1.1271334,2.6681,-0.5136885
117627.484,-0.06983118,2.53897,0.8952152
128427.195,-1.5839247,2.4131656,0.9560644
127094.06,-0.07792435,1.1272358,-0.6524286
120319.96,-1.4238983,1.3187828,-0.6204133
132749.39,-1.4495386,3.0118115,-0.49756926
128272.766,-3.1923707,2.720346,-0.5414434
126313.875,-1.1171356,3.0592666,-0.82188773
128361.16,-3.291997,1.1500463,-0.46423796
115232.63,-3.613926,0.3125027,-0.20984198
122850.75,1.6894865,2.0185385,-0.81288975
126789.336,-2.2349741,2.7395458,0.6862513
119095.26,1.129093,2.636007,-0.69112307
132027.0,1.055816,2.9233122,-0.6332178
116574.7,-0.626481,3.1390524,-0.49228606
122598.66,-2.7958546,2.8204393,-0.7562561
116241.555,-0.48033693,2.9399202,-0.52216107
127538.38,-1.4362742,1.4970212,0.99904275
116071.555,-1.3643652,0.46648875,-0.5538089
118079.4,-0.28476942,1.5848081,0.6154892
122850.54,-0.68095136,1.060621,-0.46345496
121568.27,-2.1649122,1.528383,0.883853
121571.12,-1.651023,2.1142423,-0.60777193
116018.766,-1.3140814,2.8190682,-0.5661131
117976.25,0.49286982,1.1672233,-0.5358205
132534.89,-1.4838324,2.3679445,-0.015030297
118430.836,-4.090441,1.3041316,-0.65957683
134618.78,-1.9411345,2.111368,-1.0862952
126595.2,-2.8265584,2.3751698,0.90320337
122256.57,-2.3548896,1.9634755,0.59943104
123191.35,-2.2356844,2.6002884,-0.8063672
122316.29,-1.6399084,2.5651343,-0.580058
134918.16,4.035877,1.6876807,-0.9671496
128431.195,-1.3082246,2.9293656,-0.41096532
134216.61,-2.1232295,2.304665,-0.8081019
119779.31,-2.2261405,3.0198536,0.3903354
131861.77,-2.9987562,0.11241517,-0.4545441
118224.71,-0.68085116,2.2177577,-0.66509026
123365.46,-2.9914534,1.6080222,-0.12225987
132145.12,0.252665,1.2700324,0.59399426
131927.34,-2.6167216,0.42300677,-0.29268822
118779.41,-2.1566582,2.9821584,0.5943297
130378.8,-2.7197857,2.5614126,0.3827027
115778.3,-0.45062065,0.8892451,0.8836423
115523.87,-2.56998,3.0125527,-0.44714355
122996.9,-2.7050126,1.0711567,-0.5715466
120846.4,-1.3612611,2.811175,-0.6646417
122134.49,-2.2671232,2.9917805,-0.97164416
116819.0,-0.6392918,0.91275907,0.47730112
129920.97,-1.9439259,1.076027,-0.60985565
128932.336,-3.1253629,2.3629038,0.7177342
116231.14,0.50680447,0.59178555,-0.48046213
115242.97,-3.2190373,1.9238327,-0.73401403
131273.22,-2.5822856,1.6981963,0.5384999
128086.32,3.2955577,0.5989203,-0.62747735
115964.73,0.819172,2.9013484,0.075879574
134597.84,-3.8525667,0.54360497,-0.55917907
128357.09,-0.31655556,3.1578321,1.0924766
132414.1,2.048107,1.4740807,-0.6573088
117470.28,-2.021539,3.0455084,-0.460529
125742.5,-0.6354892,3.0693958,-0.67075586
118299.625,-1.7017305,2.173532,0.61443764
120801.734,-2.8679707,2.3518076,0.62262595
126017.16,-1.7966967,1.9373573,-0.62357134
133050.48,-0.320862,2.2907352,0.5038431
127349.81,-1.0214045,1.3262441,0.43668836
118915.28,-3.3544343,1.4969983,-0.62164086
121228.305,-2.6705027,1.716496,-1.0448565
125795.45,-1.6354504,2.2671115,-0.92254823
134334.4,-2.5809658,2.3723612,0.39324418
128602.75,-3.3220146,2.461471,-0.48985964
130509.46,2.9530032,2.5028799,-0.7540235
118918.02,1.4265025,2.6324568,0.959289
116451.69,-1.1047711,0.3956075,0.69660705
128982.43,-3.3852382,2.9850187,-0.55044186
134033.06,-3.096404,3.0624413,-0.34174484
123003.84,-2.061781,3.0335822,-0.3669216
121928.25,-2.555189,3.0822487,0.60141647
116302.23,-2.4283316,2.3770516,-0.40347576
124610.95,-0.03858264,2.2983594,1.0859876
132766.88,-2.235202,2.8717625,0.26425803
118133.34,-1.4827582,3.0997076,-0.715487
125597.46,-2.2858348,2.885744,-0.43188035
129561.914,-1.8920093,1.286469,0.54734343
118840.09,-2.454742,1.542324,-0.59933263
117068.88,-2.567842,2.150283,-0.70354223
115226.11,-0.7165904,1.2262776,-0.5976256
121440.54,-0.675072,2.3822367,-0.68743974
132561.12,-1.4516364,0.8922504,0.8354696
115718.555,0.1721084,2.2467556,-0.5049771
131197.77,-3.2174268,0.17958154,-0.40456614
129375.75,-2.6585777,2.493109,-0.79381484
119264.16,-2.2790303,2.962671,-0.6854375
117359.98,-2.2032218,2.8537147,-0.45999557
115996.62,-1.915247,2.0732298,0.55713516
123941.01,-1.9964145,2.4607956,-0.27671665
130729.33,0.6729219,1.0032147,0.8128114
124213.18,-2.1508994,1.1436158,0.62211883
124953.36,-1.6982567,2.4718869,-0.66752636
133691.58,-3.0672903,2.5374331,0.5872275
122562.16,-3.6408522,2.5773618,0.5534139
130637.555,-1.9744722,0.24979164,-0.54934645
124894.3,0.3142787,2.620692,-0.685554
127716.086,-1.5567515,2.3924785,-0.8381617
120807.89,0.8292893,1.3786372,-0.8131876
126072.62,-2.150501,2.037701,-0.566389
129301.72,-2.953681,2.6652951,-0.7095761
125892.09,-3.5888162,2.7263415,-0.5615903
131914.22,1.3435422,3.143685,0.35393
118141.29,-2.7266622,0.39047998,-0.73304397
120313.97,0.9433699,0.29621276,-0.40945506
120889.33,0.62096983,0.994034,0.47291407
115128.65,4.549605,0.7196701,-0.41893494
116130.16,-1.171065,1.5285356,0.66745824
119143.375,2.3108149,0.54403126,-0.5871282
116155.75,-2.1912782,2.9665356,-0.619166
120668.57,-2.2910628,2.9814103,-0.39155424
118819.4,-1.6618663,2.4695592,1.0597394
120957.39,0.8202597,3.0908837,0.37747073
130258.93,2.7248142,2.4044945,-0.77500194
127312.99,-2.344405,2.9213674,0.40654576
120805.79,2.6670969,0.6437599,0.32345372
128143.234,0.40945843,2.1910377,0.9354868
131890.42,-3.8063002,0.97224283,0.34399194
123760.16,-3.190096,2.5492225,-0.6051933
131546.48,-2.977854,0.21129976,-0.551742
120363.15,-3.7656894,1.784903,0.65389603
129901.74,0.96833724,0.87422943,0.630633
119096.516,-0.32524937,0.32055798,0.50456667
124662.17,-2.1432526,3.0959241,0.33750826
128865.305,-1.6804463,2.89121,-0.603131
120130.26,0.09247821,0.5075524,-0.6864744
117967.21,-0.18015678,2.487503,-0.47218797
129483.766,-1.150142,0.39728346,0.52234834
116335.01,-3.0693617,0.8665739,-0.66822463
120140.12,-1.2655214,2.5761275,-0.71340144
118604.57,-3.727328,0.37211514,-0.66528696
131050.02,-1.1381233,2.0019422,-0.53597087
121483.1,0.31768075,1.4056622,0.59571654
120906.06,2.478078,0.81370175,0.74492365
117819.52,-1.8800288,2.7448547,-0.32874414
118453.02,-1.656974,2.8944952,-0.7115367
128787.766,-2.0970883,2.3357646,0.52508295
115004.45,-0.5886309,2.5356903,-0.61427134
121876.55,-1.000858,2.4945073,-0.4813516
115726.516,-1.1053721,0.20089093,-0.4011824
128571.28,-3.808726,1.9921975,0.5171848
119012.82,-1.9863869,3.0474613,-0.44606635
129333.0,-0.26451772,2.6784806,-0.8843667
124108.27,0.04295417,2.7602022,-0.46093935
116449.31,0.0042992053,2.897679,0.6677543
124673.0,-2.5651562,3.0133944,0.49294105
117884.0,-3.2779312,3.0310571,0.3832986
118863.48,1.541639,0.17409848,0.44482267
122594.76,-2.6818726,0.93943334,-0.48703438
126335.836,0.2920963,2.51745,0.6278353
130331.9,-3.2044659,2.0122905,-0.63198453
130675.37,-0.54825324,1.7907345,0.7055722
125155.77,-1.1285784,1.0812309,-0.79217345
116960.68,-0.5436585,2.6639218,0.6021193
116682.95,-3.849394,2.4283965,-0.593302
132997.83,-0.914142,1.5069761,0.4646359
119132.984,-3.6468062,2.8685324,-0.48871383
131806.9,-3.2226095,2.8696527,0.56554276
119927.75,-2.5034616,0.28838497,0.55712056
133140.19,-3.6698217,2.4639196,-0.5223151
134570.38,-2.8391335,2.2703798,0.59978455
122882.55,-2.0716133,1.2950634,0.703831
129451.1,-4.2080603,0.9675472,0.6592248
117887.04,-2.131835,2.1023233,0.8499168
123043.34,-2.497174,2.8794277,0.663487
127715.89,-1.4574296,0.9129979,0.774455
116319.414,-2.3877416,0.88761795,-0.58079535
134005.47,-1.2473613,2.0834959,0.6591052
117732.375,1.3426983,2.0919318,0.46973258
119023.836,-2.5360239,2.7993746,-0.21020964
124106.93,-1.4036053,2.5439293,-0.57354134
132890.27,-3.3500526,2.7827315,-0.7472217
126406.15,-3.8628254,3.1106634,-0.5942919
122142.83,-3.704814,0.7375253,-0.45395228
119349.1,-3.149146,1.6317415,0.5156707
118431.44,-1.4702394,2.9220188,0.8131674
118324.42,-2.5606182,3.1394477,-0.5146028
133405.92,-2.0480967,2.0585904,0.81665206
132346.27,0.17293118,2.7027736,-0.6855313
128460.58,2.7240999,1.5349853,0.5995763
123678.52,-2.648699,1.7665751,-0.88392824
126597.664,-1.3562207,2.1160321,-0.70033365
116191.92,-2.89129,2.6048608,0.57606643
134824.89,-3.7902117,1.5404938,-0.680794
130971.09,0.15907818,1.7782041,-0.47148234
118045.21,-0.83156925,2.4916108,0.42175537
125912.586,0.14642647,0.42999423,-0.63162786
132717.23,-0.32832354,1.634483,0.6265173
133710.53,-3.231088,2.8336203,1.1353437
116478.74,1.8273724,0.32813963,0.37624648
130026.37,-2.9164793,1.256337,-0.54213625
115412.94,-3.8400707,1.8573962,-0.7766833
131250.47,-1.002352,2.045188,0.4526693
124307.13,-1.5164506,2.8048465,0.037314955
127221.664,-3.434885,3.0371702,0.54480654
115146.336,0.13077568,1.7476528,-0.6514652
128567.01,2.1267333,0.124873884,0.58001745
121562.984,-0.6437398,1.0971986,-0.6064534
116946.086,4.188636,0.69884974,-0.6545339
124952.98,3.0748785,1.1754184,0.13157825
120194.8,0.2828218,2.3190985,-0.76890814
118428.9,-1.5015361,2.3931987,-0.4817542
115695.64,0.05906233,2.8109956,-0.22051448
122086.17,-2.7185056,0.25410223,-0.5566981
117118.96,-1.0180835,2.5618222,-1.0377227
130079.77,-1.3781631,2.7083554,-0.6484746
116204.9,-3.4444654,2.6772442,0.5945663
121300.3,0.99586827,2.829181,0.48960805
117793.43,-1.8163791,1.5033157,-0.66385293
127752.05,-2.0341072,0.8423689,-0.42850706
123628.62,4.6259227,0.2093504,0.44851825
123126.8,-3.0117188,0.79261154,0.42442724
129282.69,-3.7752469,1.258805,-0.50321436
131021.44,-3.7021894,2.950448,0.6159578
126138.04,-0.9878257,2.6383512,0.47952932
115404.8,0.5519139,2.5584273,0.67180604
117972.93,-2.4183984,2.6580763,-0.41635692
115701.94,-2.1063962,2.832956,0.28797522
125023.38,-2.189144,-0.23266606,-0.46567675
124207.36,-1.5051882,0.30335876,0.54672116
126067.68,-2.0635061,2.36751,-1.1433805
121497.61,-2.6569037,1.3410112,0.84388876
117673.16,-1.4286067,0.5050109,0.64120764
120136.44,-3.136935,2.8558602,-0.6931668
117263.44,3.1403,0.11057524,0.4281091
125446.41,-1.5488808,1.5960329,0.54596895
119739.34,-2.2804148,0.40050676,0.50822645
117967.54,0.33880308,1.5789827,0.7244084
121239.82,-1.6468964,1.1624584,-0.31342685
122344.25,-1.5076866,0.33929768,-0.40073875
133263.81,-2.9669635,0.99418455,-0.76131535
121559.31,-0.21166845,0.49944174,0.16048928
121650.266,-2.744131,2.744314,0.59928524
127413.84,-3.2782993,2.9446433,-0.68534166
128189.93,-2.3304796,2.7215612,-0.8541461
134930.77,-3.5085928,1.900002,0.6343571
118632.69,-3.4462929,2.9543781,-0.869724
117801.086,-3.4302294,1.5116448,0.22621855
119025.12,-2.8980799,1.7234274,0.571786
125959.24,-2.8487954,2.8002436,-0.76471895
127576.12,-2.2582095,2.6915097,0.6024726
132042.94,1.505834,2.8025079,0.4547417
120900.516,2.320308,1.1995922,-1.0261433
119401.4,-1.6194711,2.8720481,-0.5046617
122495.18,-1.5670547,2.6753278,-0.88889277
125947.41,-2.5755365,0.58969635,-0.60686606
117135.69,-0.28725842,0.9237939,-0.8076087
122573.45,-1.0324485,1.5500857,-0.56427467
125359.39,-3.9197085,1.3225669,0.88648015
120263.04,-3.034663,3.0237389,-0.4010352
124209.58,-2.5854561,1.274683,-0.8022946
129550.58,-1.9974763,1.1087984,-0.6089602
127272.86,-2.6113641,2.7539577,-0.87874806
124583.61,-2.0930598,0.9156603,0.4166407
133813.56,-2.1687691,2.9027047,-0.4035042
127542.93,-1.8094269,0.19755024,-0.46929738
122678.37,1.2392199,2.8439496,0.82003856
123818.45,-3.1422105,2.00752,0.7118124
116034.41,-2.9955492,2.566674,0.5713917
120688.11,-1.8757733,2.8507535,0.599618
127238.19,0.65737206,1.9982262,0.7293557
121196.71,-0.26414025,3.0018284,-0.6872024
129030.04,-2.8690286,1.4706546,-0.8149276
117597.78,-1.3395182,0.74976736,-0.6409538
120562.98,-0.23929936,2.5415092,0.5624499
128214.516,-2.616579,0.39441022,-0.8078341
119356.29,0.79165274,0.11102295,0.06733758
127356.516,-1.7381946,2.8569818,0.53119886
128658.95,-4.1465874,2.2387664,0.6979113
130143.61,-2.429427,2.8228014,0.886939
120175.66,-1.3570708,1.9247063,0.7282318
115087.945,-0.1053896,2.208624,0.42535508
122174.77,-1.5288547,2.381883,0.62550354
126733.67,-2.8031337,1.4848912,0.38924876
119136.04,-1.0073844,1.3927023,-0.616516
131962.89,-1.4830854,0.24602948,0.8140533
116238.62,1.0511811,2.2728596,0.857031
122325.87,0.56589675,1.443403,0.811944
119483.97,-2.2030175,1.2686453,-0.57436
133898.72,-0.8564525,1.5496,0.5473939
134248.02,-3.4019847,1.6426965,-0.6220041
115322.37,-0.078364156,2.7806313,-0.44554192
134680.72,-0.1701849,1.663367,-0.83797276
117512.555,-3.0639145,1.2288821,-0.52793866
129753.055,1.2356409,2.4625714,-0.74472415
129466.16,-0.09275407,2.3312669,-0.5474013
127441.94,-2.3013027,2.949647,0.83314854
115920.07,2.9360335,0.4904762,0.539033
116150.29,-1.8844079,2.1654098,-0.9043982
124536.664,2.3805273,1.3263131,-0.7868736
133953.55,-2.7471335,2.152114,-0.55703616
121492.48,-2.5827682,2.4276593,-0.7384739
118607.25,3.8436947,1.56583,-0.9561632
127073.79,0.72391933,2.4382753,-0.50971097
119381.836,0.30664292,0.9817594,0.85148174
130641.93,-3.7397969,2.3142753,0.52215046
128240.414,-2.251894,0.4378771,-0.99042153
127772.984,-1.7449943,3.1099522,0.7530515
118252.44,-0.6719755,0.85168105,-0.5626513
124323.555,-3.9522324,3.1034877,0.5954107
122185.28,-2.86386,2.758629,0.61002296
123790.31,-2.311706,1.0237525,0.7634825
120671.83,-2.565849,2.9827433,0.61143404
119493.15,-0.16200872,2.7896821,-0.6530339
116323.984,-3.6927292,2.822143,0.34857506
131850.27,-1.7576101,2.7583387,0.62136394
131267.77,-0.6822653,0.12644024,0.5562726
132990.23,-1.2495352,2.7588415,0.51265126
119252.305,-2.3972962,1.8826147,0.76521194
126826.125,-2.6877768,1.4440407,0.4390278
119902.43,-2.973559,0.28938168,0.38174903
127546.97,-1.6524509,2.7273002,-0.50413966
116077.664,0.33614153,1.3461804,-0.51527214
115325.49,-1.000235,3.0307362,-0.4634473
130859.23,-1.4738888,2.0449529,-0.66852224
123241.4,-0.5704625,1.6360571,-0.49312422
129945.96,-2.1258214,0.16445222,-0.4398375
127354.95,0.2210862,1.4368732,-0.96509075
131662.08,-2.4585419,1.9573815,0.55594605
123278.56,0.76017,2.2224255,-0.5770422
124832.01,-1.1738405,1.8621522,0.39626846
117919.69,0.19062567,0.86433524,0.6441351
121425.42,-2.57782,1.5954964,-0.36698765
121855.89,-1.4892613,1.7986898,-0.4762223
116844.49,-1.1588554,0.7348761,0.5807905
124401.43,-3.9360113,2.8788917,0.35760793
118196.49,-1.6780846,1.9790871,-0.4643474
134638.03,-0.5458572,0.77676016,-0.5781865
126789.06,-1.5301118,2.8608944,0.8180086
126765.766,-3.642197,2.2343147,-0.62775314
118651.016,-3.6302536,2.7789845,-0.24596825
121834.266,-3.7847743,1.4605727,0.46622792
125413.484,-0.37827703,0.9187641,-0.5526993
121188.516,-0.34100074,3.0139465,-0.5249964
129549.6,-2.5327988,2.6480763,0.6656817
125776.71,-2.18687,0.6691717,-0.808558
128595.0,-2.10715,1.2030696,-0.6011833
118095.664,-0.08385431,0.49173886,-0.66512626
132713.5,-3.6009955,1.6184698,-0.6845015
115255.18,1.8777747,1.702165,1.1021413
116874.28,-0.14884867,2.706816,-0.49411833
128046.5,-1.7786866,1.4330225,0.81762946
129770.35,1.0670278,1.9229732,-0.83615327
127190.55,-0.9629518,2.0243196,-0.47436598
116806.97,-1.7330785,2.1750991,-0.7967925
117010.04,0.61562055,3.1193616,0.31433418
119911.586,-1.1326001,2.18934,-0.6522115
123870.97,-3.1523373,0.2031639,0.8610856
130740.375,-2.621089,1.0567653,0.42016962
129151.69,-1.5131375,0.19252935,0.44336402
134230.7,-0.8143015,2.9318883,0.52541345
134389.11,-0.10365001,2.7643764,0.2815192
125738.945,-2.1114929,1.8985403,-0.72151685
128141.945,1.6663983,0.7910696,0.66957784
125145.15,0.96531475,1.6574886,0.7976674
130418.66,-3.081202,2.9100018,0.5178595
129045.15,0.101289116,2.4360332,-0.546046
133394.75,-2.8874424,2.9125633,0.4814953
134550.19,-3.6277483,2.90379,0.3156572
120482.07,1.6925579,-0.0137666,-0.20236552
126879.086,-2.7234986,2.7704375,0.54843026
131417.16,-2.8942294,2.1969318,-0.4341146
120498.76,0.08984007,2.9041138,0.525694
122775.29,-3.6344333,0.2997035,0.64340127
128985.97,-1.5149325,3.1336944,-0.4790202
124229.2,-0.36320657,2.4879568,0.53106964
130264.16,-0.7321017,2.8331335,-0.46444145
126704.41,-1.9628967,1.2533052,0.6993876
131486.39,0.1662332,1.2484703,0.7608885
128903.805,-2.6811073,1.7249074,0.5992426
121141.81,-4.649331,2.394256,0.5333786
134804.34,-2.6654217,2.3317413,-0.705315
121400.92,-3.0269806,0.5254343,-0.19876762
124488.125,-3.371558,1.516748,-1.0706239
133222.34,-0.628192,2.4053304,-0.63679874
129127.85,0.441776,2.0525312,0.5973797
132407.19,1.2037021,2.650365,-0.451156
115596.43,-1.9792736,2.3469613,-0.65877163
129290.19,-3.6477554,2.9154809,-0.3920711
125299.7,-3.0187724,1.5296239,-0.84749144
122965.99,-2.7393243,2.1755483,0.53712034
124123.0,-2.541154,3.0743668,0.426331
116513.87,-0.16521306,2.6391783,-0.80746704
120488.11,-3.7973125,0.6922411,-0.49997777
125479.07,-2.7656248,1.9096863,-0.7050381
119680.77,-2.1572692,2.6977146,0.22485206
117735.9,-2.538925,0.80393094,-0.2691504
121798.836,-3.0679626,1.7986387,-0.51909846
115261.016,-0.056045342,2.3715374,-0.6182888
115439.86,-2.987721,2.4718006,0.5770313
128641.36,-3.379042,1.5857764,-0.38011125
128689.33,-2.3991556,1.0582881,0.8123358
128999.805,-2.4961174,3.095761,0.5887288
122200.46,-3.813244,2.8594906,-0.84181803
116245.27,-1.8892913,2.3689034,0.48679766
122781.5,0.09806239,2.9829502,-0.73369634
132005.61,-1.7785926,3.1024263,0.37649247
132748.25,-3.0414858,2.4392557,0.45906347
118820.11,-2.8046563,0.28931063,0.6976981
124064.44,-1.593079,2.591068,0.5939099
121229.74,-2.9491196,2.1823266,-0.6832435
133624.98,-3.6224358,0.78939605,0.8060466
126312.195,-1.4591075,2.9684281,0.7826469
119084.2,-1.9550654,2.9919252,-0.6237906
115822.484,-1.8114647,3.0177734,0.2486418
120400.7,0.5034837,3.1719162,0.64262635
128629.09,-1.1596279,1.7241274,0.7516096
121287.625,-2.2247071,2.296254,-0.76955914
115073.6,-2.4532225,2.1910424,-0.5453904
118412.766,-0.5481775,3.0800471,0.53861946
133455.22,-2.7617884,2.4467943,0.6506436
127844.67,-1.5883603,3.0829103,-0.62163264
119855.85,0.34504578,2.6499298,-0.716057
120573.19,-3.816062,3.0672867,0.4749159
127011.37,-1.9050677,0.84036607,-0.6237453
119832.21,-2.59151,2.7088466,0.55974644
129237.92,-2.9498346,0.8313736,0.37830603
126424.02,-2.3798687,1.6015183,0.36704478
126445.086,-2.7382388,1.727784,-0.85643846
122468.35,1.0883265,2.67269,-0.60113394
125287.84,-0.77534276,1.0252519,-0.7889139
127334.42,-2.6844323,2.802711,-0.7297486
125734.73,-3.3146026,0.17756736,-0.23787858
120049.97,0.10419899,2.6119704,0.5326055
130798.53,-2.593555,2.2806432,-0.85361856
128720.99,-0.6498716,2.5940871,-0.7334571
116677.3,-0.31070793,2.9301763,0.5218562
133505.23,-2.4714127,1.5647298,-0.5672165
129304.7,-2.8663812,2.4347591,-1.0444994
131870.12,-2.1827626,2.6893222,-0.5691002
126356.53,-0.038269233,1.3721592,1.22416
130988.81,-2.843581,0.81300515,0.5281752
129344.75,-1.7898054,1.9205592,-0.62767065
115771.414,-0.47455162,2.2259054,-0.6659608
121500.3,-3.739565,1.5969132,-0.62549746
126032.74,-1.8775091,2.7683115,0.42798486
130063.42,-2.2472668,3.0748608,0.39680892
115563.516,0.5037544,3.0601103,0.54294467
121586.27,-2.9752138,1.2740126,-0.27058983
128918.61,-2.9808114,2.8144126,-0.72014517
134872.67,-1.6521878,0.8261775,0.53551286
123468.47,-0.1966011,1.2028306,0.51422685
134003.78,-0.4377716,2.72844,0.54135674
124226.19,-0.18302603,0.67397004,-0.65947694
127825.05,-2.462096,2.7178662,-0.71121246
126296.84,-2.8014898,1.9477546,-0.7303642
132744.52,-1.6173172,2.8704567,0.9761653
119990.195,-0.38421425,2.247101,-0.8472571
132634.69,1.7020056,2.8571062,0.7362435
127094.19,-3.127461,2.7334619,-0.73374104
118828.086,-0.7362583,3.027159,-0.118274085
119938.93,-2.7435808,2.7699363,-0.3560272
120785.67,0.59325767,2.098873,0.7682517
115374.28,-2.8176363,2.8934114,-0.53722924
131232.66,-1.4931462,2.8477712,0.34107673
117346.85,1.9130927,0.33804983,0.5466754
124013.984,-1.0827338,0.57945657,-0.4047142
134583.69,1.7970841,2.3298035,-0.68101174
126038.29,-1.7366221,1.902074,0.49254978
132334.55,0.46350244,0.36918017,0.44572982
116873.695,-1.915942,2.9605732,0.36496007
117261.74,-1.939137,1.7741369,-0.8224548
129055.805,-1.0761645,1.9743987,0.71116835
130375.58,-0.07211424,2.8751652,-0.55358917
119880.234,-1.1296437,0.46959445,0.7524973
119823.3,-3.2752142,2.946493,-0.652357
117307.914,-1.0335399,2.8774865,1.0085245
122317.89,0.18691814,1.1088324,0.58653873
127421.65,-1.243185,1.0018392,-0.7676967
125126.664,-3.8163393,2.9526098,-0.5881459
128494.836,-2.2731369,0.7553148,-0.6191089
127236.48,-2.9406917,2.0660686,0.964037
118080.21,-3.8254387,3.1207805,0.17485094
119763.77,-0.49269247,2.940655,-0.46942428
118380.99,-3.1397314,2.798934,-0.8351025
134426.14,-2.9655397,0.6129948,0.62530017
117151.516,-1.5822254,2.7250588,-0.62346494
118086.17,2.6875105,2.6160004,0.6254773
127460.91,-2.6141207,0.23589937,0.5626372
122448.26,-3.8747592,1.4859823,0.6599137
133403.0,0.2155654,2.4654353,-0.7581333
134286.42,-0.99915147,2.653961,-0.75243413
121731.21,-3.825392,2.5826383,0.39544955
133170.81,-1.082256,1.6870263,-0.6156589
132144.84,-1.7525846,1.2222812,0.6394668
118551.91,-0.012874197,2.8168755,-0.39163497
118466.625,0.41821665,2.6092856,-0.86669695
125771.9,-2.094926,2.5715473,0.6054753
119485.95,-2.6868427,0.46167132,-0.54778284
123846.33,-1.0916713,3.0855913,-0.65872496
118816.74,1.8703486,2.8593388,0.6509445
122609.21,1.5202087,2.1682093,0.6265105
129845.08,1.2036815,2.496796,-0.23459317
126269.805,-1.4577806,1.7294486,0.8485799
117172.72,-1.2535598,2.465053,0.5443261
127168.36,-1.4145863,2.1738653,-0.60506535
121194.97,-1.4771595,2.8852217,0.54686344
122206.0,-2.3649526,2.6744475,0.5617386
131878.05,-0.29414067,2.6466284,-0.6347435
117497.95,-3.2676344,1.131769,0.5117974
118959.77,0.84034675,1.3617373,-0.7930713
118210.46,-0.63473636,1.8488203,0.57660955
132290.94,-2.9695528,2.8744333,0.9243501
116215.74,-1.3630338,2.0327659,-0.57363915
116040.96,-1.5066668,2.664461,0.8550869
121954.34,-0.92540026,2.2273455,0.38786104
133942.67,-2.0914857,2.112641,0.65516716
124597.93,0.7523995,2.5350924,-0.83832765
119593.266,0.3462319,3.0457492,-0.4887009
132706.28,-1.2756214,0.2750332,0.44596314
127259.195,-3.3733437,2.7371576,-0.39400026
122890.72,-0.6640487,3.0214105,0.28656685
117013.305,-0.655381,2.4605267,-0.5588764
117685.94,-1.9002537,2.2174277,-0.71552914
115910.84,-0.6173171,2.4206579,-0.71799356
129652.73,-2.3111007,0.7778004,-0.5547226
115994.336,-1.6498097,2.8172166,0.5127368
119415.4,-3.4850645,0.065063514,0.5894021
128401.02,-1.8364034,0.30323306,0.31095055
129185.05,-1.9428538,2.7463963,-0.5647629
125313.57,-1.836049,1.6101604,-0.80991656
133574.25,-2.7064674,2.5946412,-0.70318854
124302.57,-4.312878,0.2931909,-0.42385435
116233.85,-3.0584319,2.9703982,-0.49761224
118876.0,-1.2942599,1.7004529,0.81976885
115440.63,-2.3586245,0.5001863,-0.7425334
120417.15,-1.646727,0.7542259,-0.83913445
127260.49,-3.2554178,2.6766512,0.49961582
128578.93,-0.0432817,3.0831673,-0.58797467
132522.34,0.9222669,2.2558925,0.41938958
128781.04,-3.3244848,2.723807,0.28453615
119514.16,-3.5689921,2.410077,-0.51509124
124772.15,-2.8164222,1.4832215,-0.6873512
126599.016,-0.57599604,1.6662823,0.8237219
119907.78,-2.532003,0.9454189,-0.8003887
128247.01,2.6654105,0.5768755,-0.614065
116737.88,-0.49852324,2.4592085,-0.6706643
120350.016,-2.83656,1.1173681,-0.38532823
115849.42,-0.3924927,2.600426,-0.858616
115612.93,-1.8365815,1.9752159,-0.54248095
127483.17,-3.7731133,1.0450472,-0.5501314
123589.93,-1.4382586,2.0947492,0.46679547
118566.75,-1.4876068,2.93615,0.79303557
133006.34,-1.2742218,0.48017502,-0.8655039
117880.18,-1.213147,3.0422544,-0.25995523
132942.0,-3.900909,0.556452,0.5676061
127392.89,-1.7681527,2.594437,0.5478283
120775.25,1.039877,1.6023978,-0.68119484
128918.88,-2.5874538,2.1682146,0.34150758
125974.04,-2.1838925,3.0485334,0.563301
120478.81,-0.7185779,1.5824405,0.6388736
120390.12,-3.3432403,2.942508,-0.6215871
133509.84,-3.8595734,2.0638835,0.915732
120493.67,-3.7085006,0.7323814,0.83631736
122083.01,-3.1103468,2.4144294,-0.6983209
120911.516,-1.4349883,2.144435,0.21680954
125641.055,2.9905267,1.4495091,-0.72202945
115438.445,-1.05733,2.546767,0.45088318
121997.07,-1.364108,1.954094,0.28238586
130828.26,-3.4686239,2.263018,-0.62063724
121293.445,-2.6379256,2.6403334,0.65095675
124458.34,-3.6506202,1.9155983,-0.39383867
125029.8,-3.4628267,2.977433,0.5686811
119946.625,-3.077131,3.143428,-0.4605731
119740.93,-0.2641034,3.1323225,-0.45058993
128158.87,-1.7406385,0.22897153,0.5511831
122377.17,-1.7358954,1.7577257,0.38751668
116740.61,-2.410431,2.1247644,0.44268915
119392.53,-1.5221977,2.165305,0.7919892
117216.4,-0.4755852,2.7969394,-0.81502247
130333.984,-2.7690415,2.9038334,0.35770136
118135.35,-1.0572687,2.7275524,-0.5087258
117139.76,-2.1124427,2.1606119,-0.6264119
117866.1,-1.6692293,0.53280425,0.45937952
127477.52,-2.5846424,2.7986429,-0.5716854
124846.484,-4.1193867,2.7411437,0.7480313
130290.59,-4.3895903,0.1918977,-0.29062954
131348.67,-1.2840762,2.0310955,0.663828
121438.26,-2.6761975,2.8079205,-0.69448364
119905.89,-3.3826253,2.7721407,-0.8470484
117766.47,1.0640074,1.2505026,0.404937
122431.57,-0.7682387,2.1793275,0.6130784
128940.67,-2.5433514,2.8476899,0.28039512
127385.77,-3.306866,2.1752808,-0.8055768
131385.97,-1.8674067,3.0452046,-0.8840403
115876.055,-2.4013028,2.3771067,-0.6256909
117451.95,2.3895464,2.165108,0.6217288
120839.2,-3.3507028,0.42276147,0.3285577
131378.38,-2.664244,1.9944116,-1.2221175
121552.35,-2.1012535,2.4812582,0.576593
126230.984,0.28269473,2.6103976,0.59978455
123395.72,-3.5898468,2.9544332,-0.5023048
122482.06,-2.1128702,0.49564084,-0.63680625
121333.82,0.54416275,3.208961,0.5291618
118047.38,-1.4604418,2.9264114,-0.68611324
133018.4,1.3156523,1.1105725,-0.60518193
124322.18,0.60739547,2.2844615,-1.0337038
120248.62,-0.6199166,3.0100062,0.5088018
115899.67,-0.6583457,2.8788886,-0.3231169
116199.305,-2.5896916,2.1957943,-0.70502424
124744.49,-3.288953,2.84048,0.64781255
117527.98,-0.7031848,2.765513,-0.8777454
121758.13,-2.6756046,2.6740303,0.49021125
127611.0,-0.7462412,3.031459,0.7684196
124381.0,-2.876989,2.8265219,-0.58337444
117908.98,-4.2747245,2.1471303,0.73326147
115930.08,-2.4841535,2.9056027,0.25736454
119594.38,-1.7698905,2.5293803,0.61882395
131296.12,-3.1537309,0.20643179,-0.5074389
116080.8,-0.66167676,2.9455397,-0.25405675
129592.09,2.7560937,2.9164426,-0.47331783
127919.17,-1.5529245,2.669602,0.7447119
121509.06,-2.3122146,0.34199622,0.6432433
116042.14,1.6779999,2.4641478,1.1994308
120655.6,-4.036244,1.2765309,0.17363684
129860.81,0.9885056,2.851148,-0.5102185
115627.33,-0.5488959,2.53098,0.5392409
115648.03,1.2743678,1.8862647,-0.90881884
126181.484,-2.9534209,2.249691,0.8330956
121545.81,-3.1888046,2.956645,-0.67214286
122748.21,1.6767194,1.2428416,-0.8471814
126780.73,-2.8243372,2.5683455,0.6001118
124016.72,-2.9334557,1.7254857,-0.95244634
132659.19,0.7182759,1.848203,-0.44324127
125077.84,-2.9198558,1.9431641,-0.69427437
117764.66,-1.2665577,2.3608747,0.57922745
116995.71,2.2015111,2.9659715,0.15314926
118027.28,-0.9155069,1.4586797,0.7289598
131820.69,-2.0296533,0.6380808,0.3995038
122892.01,0.14680393,0.7909952,-0.7699258
118208.73,-3.346249,2.983339,0.78687364
120475.914,-3.0324378,2.6208158,0.77811474
128429.266,-2.5176814,1.2626123,1.0424685
117353.95,-0.54608035,2.741657,-0.7567627
124857.375,-0.33178446,0.17447355,-0.44347677
131497.8,-2.2702842,2.6085682,-0.6755714
117833.71,-1.5113823,2.558308,0.3712124
115849.42,-3.5294871,2.5126796,-0.6357354
119466.48,-2.810576,2.2830176,1.0350851
118082.44,-1.1967858,3.1091619,0.77165335
118176.14,-2.0922556,0.8585453,0.6538675
117430.0,-0.37176847,1.1782899,0.68650854
130274.43,0.007974005,3.1336067,-0.5586484
123865.19,-0.26369667,2.3701413,-0.7266973
127637.7,-1.8592595,1.7947562,0.4351468
126265.945,-2.4385526,2.553918,-0.52115697
119629.76,-2.5045297,3.0363436,0.51972514
119349.68,-2.6921577,2.3244503,-0.6456569
123431.94,-0.5715123,1.8160313,1.3497163
120761.69,3.5576823,0.9584032,-0.56179994
117143.914,-0.63618666,2.5610647,0.5491595
119997.34,-1.8868855,2.2920659,-1.1128896
132413.89,-2.799058,1.8451129,-0.0011569652
125759.81,1.7003993,0.5192807,0.029720217
118195.52,-2.3258505,1.132152,-0.95516926
130260.4,-0.21892747,-0.060163397,0.569628
129997.84,-1.474985,1.5619614,-0.69496655
128515.14,-1.7275292,0.17248693,0.24415316
133318.02,0.54154044,0.61613864,0.8432595
122769.34,-0.107207716,0.39262712,-0.6526636
115351.875,1.8353605,2.2241814,0.80024475
122884.586,-2.3359725,2.7000694,0.5432969
119984.766,-0.38856062,2.8325992,0.38439524
120805.41,-1.0793533,2.9908514,-0.6632415
134657.36,-2.0099952,2.320712,0.7116304
129170.86,-1.6021376,2.5013971,0.49030146
119713.484,-1.628378,2.2892048,0.53932285
115933.57,-3.2198162,2.7974975,0.69146883
120424.58,-2.7080157,0.50562567,-0.35161564
124574.39,-1.2286701,1.1842843,0.41569543
116774.02,-2.1853526,2.8008597,0.78115577
124196.66,-1.1334866,2.3444147,1.1263536
121307.44,-1.4341458,0.568189,0.60520506
123220.11,0.1731733,2.6362634,0.6150539
122272.586,-0.6547501,2.5585766,-0.7862402
128988.55,-3.937754,2.1392176,-0.42934078
133747.22,-3.4110777,0.4580856,-0.70042694
121071.8,-3.9230466,1.4489604,0.8005617
119087.445,-3.1265724,1.3788104,0.8658218
116468.72,-0.16026156,2.9379716,-0.43898267
115946.91,3.292465,2.1091568,-0.9137153
126337.586,0.31292865,2.7059145,0.60363895
116218.6,-1.2650024,2.5520568,-0.5564963
119507.1,1.2912505,2.8311696,-0.46177277
117426.29,-2.2091699,3.07457,-0.33049265
119803.08,0.05061201,2.444835,-0.5440207
134370.5,-1.0408155,1.1589457,-0.41019705
134314.22,-0.46359646,3.117656,0.73228407
127387.82,-1.906899,2.2603836,-0.55111927
125664.625,-3.8140981,3.0486014,-0.570466
118400.95,-3.1867235,1.784388,0.50484544
116928.82,-2.599675,2.8900344,-0.7182748
116495.266,-0.72841895,1.8499186,-0.734461
125593.22,-2.2571769,0.13585982,-0.39850673
129567.91,0.31934008,0.42165855,-0.6324657
130542.7,-0.9180149,2.5753837,-0.8139038
121994.984,-3.652826,1.6513629,-0.6846093
124125.18,-2.924223,2.4065092,0.55822
131233.8,-3.9898827,0.86266357,0.6627427
127396.96,-2.2725267,3.008035,0.46330416
118707.56,-2.0752058,1.0153592,0.57970566
117191.97,-2.6085458,2.7470043,-0.6071996
133195.64,-2.7753208,2.8592205,0.5225011
115338.18,-1.1233507,2.1218164,0.6910806
115726.234,-0.73700255,2.11177,-0.78207994
123359.17,0.36366293,2.3124127,-0.5080183
121716.15,-2.8894362,3.0266278,0.26282558
128663.61,3.3904228,2.118406,-0.68003464
130260.48,-1.0391726,2.671534,-0.46550846
126736.02,-1.0936059,0.57876575,0.55401576
131149.11,0.48082256,1.1225983,0.77809834
128155.26,-3.3903658,2.9866822,0.34770054
120107.08,-2.674742,0.6922638,-0.5240203
115168.305,-1.2922745,3.0068712,0.41991705
133484.06,-4.2975717,1.3463176,-0.6371717
125158.8,1.1347957,1.0634996,-0.6767555
116480.35,-1.2736852,1.2192439,-0.6022905
128773.58,-2.1985884,2.7723906,-0.96720445
116030.09,-3.4916825,1.5312102,-0.46318483
121371.75,-2.9251728,2.9176981,-0.6723481
118901.9,-1.8290782,1.4641165,-0.72773314
119184.77,-3.9755244,2.7740984,0.5347975
131930.05,-2.8480997,2.9622548,0.12916735
122795.47,0.113466926,1.5154669,-0.50091815
123562.83,-1.2742727,3.0179546,-0.65670204
118334.93,-1.6910732,2.3232706,-0.71270883
117193.18,-0.69652605,1.6908554,-1.0693977
123040.06,-0.3213793,2.2233162,-0.86272526
117457.78,-0.79133207,0.6716808,0.56158656
123350.4,-1.5300294,0.9789732,0.4317596
133385.56,-4.099756,1.584329,-0.47237736
120320.555,-1.8515139,2.480796,0.7081883
115031.85,-1.8883675,2.9112153,-0.47898108
130291.59,1.3902476,2.8683538,0.52761865
117957.82,-0.9494408,1.5281,0.5058599
119660.625,-0.2784179,2.6564,0.41355565
127694.57,0.6453296,3.0430372,0.6064261
118392.6,-3.5038152,1.1827209,0.7766595
118902.68,-2.0634217,2.9701087,0.46721402
134473.94,-1.5190461,0.8223907,0.65183324
129839.35,2.4132001,2.5558429,-0.58525485
129610.54,-3.302797,2.3597653,-0.6399218
130588.77,-1.9379766,2.9668448,-0.47735834
120751.07,-1.4182081,2.727074,0.35949817
117940.54,-2.186042,3.0137162,0.89382786
119616.21,-1.2394317,1.0288504,1.157581
125046.85,-3.866556,3.0223901,0.26090345
119467.59,-2.231567,3.0262034,0.50298125
133841.11,-2.9164615,2.960233,0.94414324
126270.22,-0.5250159,2.4586253,0.49596176
134361.88,-3.0107374,2.486052,0.8449137
129715.21,-3.112735,1.6244024,0.90567803
133638.6,1.3666738,0.51749015,0.3997776
119447.13,-1.8291888,2.385266,0.5382938
116119.836,-2.14448,2.761623,0.642146
118031.36,-2.8654194,1.7856483,-1.0928243
134678.39,-2.022595,2.6858714,-0.6135131
119420.016,-1.9344428,2.5280282,-0.5432313
134223.8,-3.3652925,2.8610306,-0.61337006
133710.78,-3.63795,2.1453018,0.9423694
115573.625,-1.2468523,1.8844204,-0.43344045
131859.14,-3.353848,2.22589,0.9215235
119003.85,0.22154908,1.126218,0.7558548
124835.43,-2.9498577,2.2533736,0.68452114
115554.484,0.67153466,2.9523895,0.62453187
127208.39,-1.2344021,2.8767984,-0.58143616
128821.84,-4.1715565,-0.019671135,0.4587337
124265.13,-0.75916743,2.2429185,0.80729616
120902.0,-2.360064,3.01781,0.579815
118468.43,-2.1863725,1.2299072,0.7057014
118579.16,-2.3062277,3.1247396,0.53640926
121854.28,-1.8589474,2.3971589,0.5114484
119965.88,-2.4026423,2.1273541,-0.5706601
116619.08,-1.1865418,1.3994298,-0.6363606
118337.195,-2.9925115,1.2146707,0.657541
128809.59,-2.1096976,3.0580812,0.4818593
116298.45,-1.6656922,2.9396968,0.34658608
129754.484,0.15097192,2.8590407,-0.76370573
119698.15,-1.5472194,2.57113,0.5110696
129736.94,-3.5342069,3.0305681,-0.51329947
124602.125,-1.7550708,2.6001952,0.48468783
129542.64,-1.2522928,1.7746525,-0.48892736
129169.875,0.2257391,2.2552152,-0.92516375
120280.875,-3.2374957,2.8787298,-0.6362562
126655.08,2.066649,0.117551796,0.29967037
125911.29,-2.209268,2.963274,-0.16514085
118155.53,-3.4304976,3.0102649,-0.4461339
119135.4,-2.8720922,0.7457298,-0.39865234
124405.195,-2.6144743,2.5504827,-0.44606093
119536.77,0.4195164,2.695488,-0.8153237
115482.8,-2.729346,3.0814693,-0.6775299
129703.38,-0.3520761,2.4080129,0.53469557
115386.336,-2.190426,2.4128542,-0.5706606
120190.66,1.4962767,1.9531633,0.6001441
117466.06,-2.9436266,2.49886,-0.60568273
120321.91,-1.6128606,0.17542057,0.36484528
126175.625,2.0536022,1.832835,-0.97803694
128213.98,-3.742386,2.0213842,-0.43904695
131012.68,-3.1082108,2.5573256,-0.2467064
118455.54,-2.162646,2.3911252,0.7816009
125772.82,-2.416357,2.7891805,0.4895706
118740.0,-1.3276607,2.5482001,-0.6275608
121836.76,-0.39884007,0.040351745,-0.8344319
125016.14,-4.053224,0.63595855,0.41225386
127645.41,3.147726,0.9948343,-0.5555934
123304.08,-2.214389,0.35215372,-0.6049921
127446.35,1.5265734,2.592815,-0.6223074
125256.23,-2.0171132,1.98309,0.87849736
122420.38,-2.762431,2.9330413,-0.6631764
123913.25,-1.4261256,1.4739133,1.1007966
115252.13,-3.4964108,0.9388274,-0.63602984
124701.56,-0.6556941,2.2951205,-0.70048237
115016.336,-4.0997562,1.1107317,-0.60858095
122742.625,-0.95604575,2.8259568,0.3719985
116921.25,-2.218472,3.072829,0.8137157
125345.87,0.38366732,2.8589823,-0.657804
123484.5,-2.4125025,2.4105155,0.3937294
127940.48,-0.07611485,2.9718125,-0.34810346
129912.64,1.3462155,2.5739756,-0.5228529
130400.08,-1.1143638,2.4046557,0.57637715
126978.695,-2.3153627,0.77502966,0.24654481
123511.5,2.079852,2.896809,0.38774216
129563.336,1.7162102,2.1188912,-0.75105923
126978.04,-1.2214051,2.7606208,0.3972264
128619.0,-0.5206554,3.0116115,0.4558955
118914.83,-2.6655784,1.50047,0.9461272
115419.21,-1.1999502,1.5934277,-0.8548517
120320.28,-2.9088054,2.939316,-0.52339494
121264.336,0.17180806,1.8777134,-0.8246521
132762.75,1.0506356,2.2937315,-0.59660804
123540.5,-3.5901883,2.273267,0.44487295
126673.63,-2.1169298,2.099275,0.6417219
131325.05,0.1622164,1.3043435,0.50237185
130916.35,-0.6137425,3.0131981,0.6456198
117775.65,-2.262075,3.001713,0.34284592
133775.1,-1.3777133,2.1072836,0.86172926
133101.44,-1.9384464,2.3975084,-0.8716437
130948.28,1.9031029,2.873914,0.43257904
116992.3,-1.0140835,0.83506304,0.5347406
131817.11,-1.1435553,2.7898273,-0.7308757
118266.414,-0.38260552,2.6432521,0.83879834
117707.56,-0.7808329,2.4087481,0.40378672
125907.03,-1.0724267,2.88834,0.29546
120784.68,-2.5237,3.0502264,-0.6398775
134992.86,-2.3488858,2.2403119,0.9370255
132396.69,-2.0497358,2.9354777,0.5654096
130757.83,1.3163128,2.0766222,0.6647705
128738.04,-0.55426824,2.7858908,0.5835535
124394.01,-2.9567182,1.4131869,-0.73154014
123487.65,0.75570995,-0.009299718,0.30884838
125877.02,0.14213724,2.7698255,-0.53810585
122196.664,-0.49466693,0.36808896,-0.36186734
126527.27,-2.5984828,3.0007298,0.76553404
122819.78,-3.3787043,3.0372813,-0.4560876
124278.25,-0.10862287,2.087731,-0.60514945
119945.41,0.8110551,0.70584625,-0.53977704
118169.05,-2.5063987,2.9272285,-0.095583275
121156.22,-0.32597572,2.9035647,0.26740655
120081.82,1.3072392,1.0334612,0.6549365
120875.62,-3.3332798,2.9040995,0.50188535
123493.58,-0.56251675,0.16353233,-0.49555168
128667.79,-3.413189,2.4699736,-0.6955508
118297.05,-1.8494291,2.2844706,0.41155705
125326.3,-1.1568079,1.7663856,-0.81311995
129764.56,-2.8528042,0.4854428,0.56536895
117966.75,-2.5050228,2.9003973,-0.52273935
124834.94,-3.9504983,1.4203459,0.75984037
132811.7,-3.1226063,1.1742998,0.68088883
132012.42,-1.3227756,3.126617,-0.6343162
121383.95,2.629487,1.0148218,0.67044187
131453.6,0.77326083,3.0686455,-0.480408
117226.89,-1.9713784,2.8383648,0.62746954
124984.71,-0.74155354,1.8829391,0.7356087
123301.12,-1.031748,2.844689,-0.3769834
127585.41,-3.080859,1.5446473,0.67444885
120344.81,0.028867668,2.4464493,0.55359614
122998.37,-1.7645278,2.4625247,-0.38926142
117057.33,-2.1755993,2.5686598,0.5513446
116312.86,-3.2133446,1.867086,-0.68068045
129381.94,-0.045425963,1.5026826,-0.70733345
122227.375,-0.1853573,2.6177776,-0.8331925
120754.266,-0.117399685,2.1127808,-0.61679745
128206.336,-2.8052368,2.4577138,0.566905
127518.33,-0.15374024,1.8801666,-0.75508606
122297.62,-3.7404957,3.0401378,-0.78838027
116275.73,-0.76896816,1.4646006,-0.545601
120097.41,0.66843295,0.49504414,0.50024027
125446.23,-2.131753,2.865454,-0.52622986
117074.2,3.741983,3.1028612,-0.62559766
131692.81,-0.3074278,2.280564,0.50832695
117961.94,0.521379,1.7000879,-0.9251274
134254.1,-3.1000814,0.48109162,-0.5202783
122324.29,-0.8320473,1.5630746,0.39928257
115230.27,3.0660458,1.6885484,-0.49608573
116545.67,-2.2974808,2.9370508,-0.6249679
117564.42,0.5023788,1.8296525,-0.57448566
132525.6,-0.5447079,2.5490298,0.79345375
124815.87,0.18626963,2.3489935,-0.7439256
133430.05,0.21098343,2.5784543,-0.59164596
130407.68,-0.49268764,2.977711,-0.5226903
127792.52,-1.941366,2.5412624,0.2937277
120761.31,2.2220762,2.1056957,-0.63751596
127941.37,-2.675483,0.22105382,-0.5030754
117278.75,-0.8194042,2.3875904,-0.3289233
130879.12,0.4512499,1.657629,-0.68546927
117467.695,-3.7284281,0.553166,-0.6454786
132459.56,-1.6585048,2.9787521,-0.44062778
119643.016,-2.1249616,2.3568628,0.5472237
116107.18,0.033821244,2.917796,-0.7808443
121573.805,-3.1267529,0.052190002,0.4177065
116357.79,-1.5692362,3.1221254,0.33048517
133708.52,-0.842181,2.7392845,0.62273204
118297.19,-1.3637202,1.3024652,0.56407344
115359.836,-2.5384655,0.37285683,-0.58763474
131836.48,-3.7041645,0.6450433,-0.8910591
122732.945,-2.2715878,3.0813713,0.4572239
117794.945,-3.713957,1.363066,-0.47583863
118968.58,-1.5063926,2.8605556,-0.411918
123634.82,-1.4137429,1.5246913,0.55108875
130576.54,-3.1607895,1.2189511,-0.45047033
133640.77,-0.4884122,2.6463683,0.5354357
124721.53,-2.864723,1.876197,0.8165854
116559.79,-0.95259,3.0217924,-0.8114889
122278.85,-0.8980752,2.3720953,0.66784394
124323.28,-2.63065,1.696012,-0.47565493
123473.25,-3.7013786,2.8137352,0.62273914
123818.96,-0.09740526,1.3081865,-0.7996912
117600.52,-1.2762345,0.53798294,0.5612711
123313.734,-1.7997367,2.5817783,-0.3519993
125989.67,-3.6651313,0.97723496,0.5782581
121956.74,-0.2225296,0.5926812,-0.5658329
130191.016,0.8561053,2.5718644,0.41240555
124667.98,-1.1630892,1.6653466,-0.46903008
131692.53,-1.3164654,2.94873,0.48011506
126013.664,-2.644993,0.99070126,0.6701215
131579.84,0.29954404,2.899159,0.5157896
126299.44,0.12798324,1.4856333,-0.51662076
128980.805,0.2843458,2.3361027,-0.9120253
118354.84,-1.2074379,3.0152516,-0.8352679
132477.52,-0.58167356,1.8103203,-0.7151181
121380.84,-2.8766418,2.5483236,-0.38816676
123182.79,-2.9901626,2.3264728,0.8598107
124709.734,-3.0758595,2.6820886,-0.511857
119642.06,-0.64250445,2.3933754,-0.86984664
123700.19,-1.867125,2.0603771,-0.86892533
130860.56,-1.023328,2.26635,0.55887175
115016.26,-1.1610917,2.997751,0.68763083
118095.85,-0.7117684,0.87712455,-0.6468832
122114.57,-4.195473,0.6196241,-0.5275859
121472.414,0.44709566,1.063828,0.3915816
123632.22,-1.947058,2.8125207,-0.6365176
130852.32,-1.6711607,1.8591056,0.49160895
120619.4,-0.97835565,2.0499318,0.7930841
122943.29,-3.2868798,0.35761288,-0.5966277
122096.34,-2.595184,3.0860615,-0.5157423
132369.69,-3.8780046,0.61314553,-0.59755373
128619.25,2.3254251,1.9761788,-0.57034534
126283.75,-3.3820667,0.20837972,-0.6768779
117065.04,-1.5536877,2.0702772,-0.8927375
123066.23,-2.1398365,2.9018316,-0.614833
128335.41,-1.1178168,0.23951954,0.33249715
120107.95,-2.556971,2.51383,-0.88695174
118319.26,-1.7142888,0.35025814,-0.59015876
115081.66,-3.1371605,2.7569594,-0.44653472
123596.61,-1.132765,0.29863247,-0.47234938
128265.58,0.762005,-0.157673,0.3802925
117948.84,-2.7736938,0.3002716,0.4379217
134796.08,-1.4893315,1.3499261,-0.6155545
132214.5,-2.8030388,1.9801594,0.7610033
131707.23,2.7151978,0.39956096,0.6195434
132582.44,0.19910215,2.6301239,0.54683095
117894.61,3.5466104,1.5464714,-0.5904292
124175.94,-2.2737284,1.8666114,0.87852
118859.98,0.023684375,2.55016,0.6149059
133634.48,-2.9725437,1.5560439,0.38656762
117003.95,-0.7886068,2.6639986,0.34948272
117423.2,-3.6687105,1.053169,-0.5819746
116934.46,-1.8575137,0.98529947,-0.7075316
117751.125,-0.6709998,3.0841029,-0.47057822
122669.71,0.00025933684,0.39689824,-0.45000893
115107.27,-2.8032124,2.8327465,0.505495
119380.81,-2.3552806,2.282602,0.61697507
125656.61,-0.4870883,2.345067,0.5303076
120330.03,-0.14918515,2.0498316,0.5857858
116421.21,-3.6971114,1.8596957,-0.51676714
134986.92,-3.0053008,3.1445715,0.45429105
134852.55,1.733376,0.29618192,0.54883546
116840.65,-3.410087,2.743213,0.5173166
119273.22,-3.0707831,3.062856,0.5697494
122609.38,2.2816017,2.9089603,0.881517
124308.27,-1.791337,2.5226588,0.4954195
127183.34,-0.13133362,1.6811944,0.7224086
125380.46,-2.1127534,3.0206406,0.7259279
130011.13,-1.2318159,1.4763849,0.61265063
132784.89,-2.6654696,0.5045898,-0.8775509
122452.55,-1.832649,2.6349254,-0.41156766
130539.05,-3.0382888,2.8976696,0.552866
131667.1,-2.2561529,1.150741,0.6271453
130145.39,-3.871525,2.6458077,0.79606575
129052.86,-2.8599215,1.3441362,0.39860842
116179.4,0.16291864,1.2735137,-0.6258888
125829.96,-3.49067,1.8245776,-0.8805244
129637.25,-3.2889345,2.234829,0.70379907
117650.72,-0.3505683,2.5108194,-0.518812
123637.48,0.27844098,2.858782,0.4228283
122478.46,-1.2916986,1.007383,-0.55950725
122045.57,-1.310284,1.7246629,0.58777046
125678.01,-0.9179405,1.3055768,-0.52039975
115035.56,-3.1238797,1.9161873,0.7957843
115644.44,-1.9266,3.130934,-0.5701151
133528.64,-2.0030131,2.1644258,-0.6044201
118203.62,-2.2608788,1.732223,-0.90246075
129574.36,-3.1473005,2.3732715,0.34120864
117977.02,0.20784453,2.7569513,0.22278143
119974.25,-1.9562256,0.08638264,-0.5817109
131104.86,-2.1078992,2.922192,-0.6074318
121114.99,-1.6201854,2.0404272,-0.68266773
116225.21,-0.027931232,3.0365918,-0.25331512
119641.74,-2.5038471,2.0018585,0.641626
126171.86,0.58808744,2.104508,0.7543651
118400.1,-0.12849641,1.8903328,0.7810681
117243.55,-3.487938,2.990221,0.8795209
126549.49,-2.0785954,2.7053845,0.56045
123949.55,-3.9689894,3.1351814,-0.80798894
121238.086,-2.7316692,0.44043308,-0.48330405
134286.55,-0.99571705,2.7759123,0.68700105
117695.12,-3.2284095,1.8317537,0.8236397
126601.16,-2.6941054,0.46592662,-0.07800499
122677.164,-0.5025748,2.8230612,0.3978911
115183.04,0.2487984,2.7275577,0.43297458
115597.94,-1.7574637,2.3763702,0.90669
129065.17,-0.32806832,1.560028,1.1769737
121430.31,-1.4758505,2.535296,0.72989744
119571.64,1.689514,1.7712748,-0.80466664
115023.87,-1.711236,2.713273,0.5879421
126458.55,4.186542,0.6447254,0.50505173
126881.43,-2.3001282,2.9666803,0.7589363
126367.6,0.050393313,1.2132612,0.74388456
121304.61,-1.7618715,0.9139335,-0.6187432
133948.8,-0.31509048,2.9365077,-0.67091066
118132.79,-3.4999156,0.90977126,0.55244064
117452.234,-4.055592,1.9522526,0.5917814
116620.836,-3.2774997,2.850243,-0.50838536
127508.09,-2.0065594,3.0490093,-0.30940366
122984.664,-1.0820432,1.0710142,0.5953891
116418.62,2.078267,2.0009034,0.46536997
115639.12,2.3621147,2.236946,-0.5674373
119556.945,2.4530313,1.9750706,-0.7025694
125344.31,-0.65004313,2.7466404,-0.44152603
121978.695,-1.3506193,2.4478467,-0.5805196
117163.164,-1.257318,2.5375226,0.6506314
123873.83,-1.499636,3.02925,-0.62616515
117470.4,-3.488151,2.7694955,-0.7214031
116777.49,1.3474332,2.3330927,-0.49085894
126716.35,-0.28696188,1.4080809,-0.94068784
116309.18,-3.3148594,-0.12410026,0.46480972
120024.805,-1.8193623,2.5269256,-0.6344749
118378.49,-1.5533967,1.4770411,0.5868334
129380.016,-3.5525846,3.0334923,0.31302598
116880.33,-2.016081,2.8534331,-0.07199521
134948.83,-1.2625333,1.3176926,-0.68465644
119640.91,-2.3781474,0.9593941,-0.66827255
125842.516,-1.9041107,1.3371657,0.821155
119443.92,0.31968346,1.4532804,0.5580773
126323.805,-1.9542767,2.8931165,0.33557615
133007.38,-3.0335598,1.8453453,0.5773748
118128.98,-0.07031472,2.2901118,0.5911017
116393.586,-3.2180202,2.8676462,0.64619184
132787.34,-2.786522,1.7758338,-0.34072334
116119.6,-0.5320142,2.7204015,0.6567278
116394.82,-2.6286376,2.579525,0.41534728
117059.96,-1.153791,2.975384,-0.5144692
127013.35,-0.53330296,3.0221527,0.39475363
123857.67,-2.9856102,1.4839119,0.82606304
128519.87,-3.3855422,2.9972415,0.2739603
131131.42,-2.1108775,2.7593243,-0.8721683
118517.21,0.2601999,2.372148,0.51507837
132380.05,-1.0429835,2.180406,0.9514622
126826.25,-3.6395574,2.095178,-0.59572333
122684.34,-2.6765318,2.3194425,0.67471445
123692.91,-2.7919831,0.38797623,-0.5407318
119864.37,0.5205283,2.4390318,-0.7559509
119738.14,-2.5793843,1.798213,-0.717888
126559.72,-1.5713698,0.022462666,0.10825748
128380.766,0.15216494,2.9262805,-0.93763715
117487.39,-1.7831391,2.676961,-0.39901903
124665.9,-2.7162552,1.0891446,0.48174912
128982.26,-1.4774472,2.976466,0.50526863
115840.95,-0.77956307,0.9992288,0.37232664
129881.9,-0.67265326,2.9143624,-0.47281185
129731.77,-0.52830356,1.2598664,-0.5067028
116855.19,-0.78322685,0.42479518,0.68821424
126341.625,-2.02125,2.593724,0.9715353
126932.484,-0.3347229,2.6963322,-0.5083792
129999.76,-3.1778808,3.0375159,-0.5747101
134329.55,-2.3954375,0.6938845,0.62282866
131014.016,3.0162585,2.4442089,-0.6712975
119512.2,-3.2348447,0.9169844,-0.5731064
118887.64,-1.3347257,1.0477972,-0.6311005
131332.22,-0.40950528,0.15859276,0.6893285
117045.21,0.82845515,2.646348,-0.7886089
131655.31,-2.0022433,2.0321417,0.9004748
124734.38,-1.3507671,2.070376,0.56014305
133132.86,-1.0318004,2.9063742,-0.6268777
129893.234,-1.2228403,1.6383088,-1.0369657
133553.66,-3.0910563,3.0032861,-0.41981223
124168.26,-0.79228437,2.9846628,-0.41662323
123038.055,-0.88256425,1.5887696,-0.8324798
120559.984,1.148067,1.5373713,-0.7062312
117731.88,-2.0908718,2.6162825,-0.5800336
127819.08,-2.9436562,2.0001373,0.41649616
126382.195,0.6496932,2.8925,0.6646464
121001.21,0.22952102,1.7578043,-0.5719256
125406.35,0.48875833,1.7636331,1.0606247
119978.81,-0.28420666,2.8915331,0.5429668
123090.52,-2.0294006,2.782974,-0.5769674
122504.5,-0.2950785,0.5325326,-0.4855924
134003.53,1.7267367,2.5582094,1.0409756
132250.92,-0.8018637,2.652959,0.65463525
120695.586,-1.6432043,2.258879,-0.5054099
134147.73,-3.037227,2.8793387,-0.6833861
128540.92,-1.8260906,1.2411658,0.7285149
128468.98,-2.2084389,0.20582946,-0.4082785
128782.664,-0.059016522,2.7915576,-0.77126324
122155.48,-2.2612274,1.8184776,0.5861792
121349.53,-1.536795,1.7450231,0.5733475
123249.664,1.6505013,1.087836,-1.1286496
120605.71,-2.4143038,0.9597914,0.42112774
127718.29,-0.71493244,3.0995476,-0.5217144
129508.08,-1.6578181,2.1717525,0.81448376
131282.9,-3.7697327,3.098626,-0.40378645
120709.195,4.379287,2.1863916,-0.75877005
130365.06,-1.9862078,0.40936005,0.5403163
119306.12,-3.966705,2.9833753,1.1225405
126191.9,-0.76911867,2.4207654,0.5811649
134111.1,0.276493,2.6552355,-0.69332623
125324.66,-1.4787097,1.5802137,-0.57299453
125516.836,-2.8444343,0.98612404,-0.53536737
125636.45,-1.3767872,2.5941389,-0.67095083
118584.18,0.7117983,2.980384,0.27243888
115446.18,0.22016905,2.407416,-0.7159169
134287.3,-2.0593808,1.9988537,0.49891865
122074.0,0.8882583,2.5682936,0.59515935
118410.37,0.28510037,0.12343655,-0.55578196
131745.19,-2.9251728,0.5181031,0.14643136
118583.25,0.8627021,0.9288921,-0.5047729
131689.67,-3.4277806,2.3522162,-0.6690868
125208.68,-1.4942113,2.8116865,0.71509385
122976.67,-0.3887721,0.28477967,-0.5596633
130353.06,0.503616,0.9490628,0.6698238
131280.89,-0.64318186,2.2375495,0.5544551
123323.36,-1.9831157,3.0380943,-0.82497525
123899.36,0.72849643,2.8503509,-0.3170466
129931.45,0.06667919,2.313209,-0.6118679
116868.11,-2.4392462,0.4475821,-0.5880758
125355.664,-0.5386891,2.754005,-0.54961187
119280.9,-0.37652504,2.2888074,-0.5833158
129466.9,-3.4700103,3.06247,0.63321096
130143.805,-2.187547,1.9661305,-0.5549979
125435.47,-2.7574124,1.9082103,-1.0925997
117410.38,1.3715774,2.3728976,0.61773854
115090.836,-3.3027823,0.8935185,-0.547812
123721.82,-2.8724005,2.886361,0.6084531
121000.46,-2.2144387,1.6221875,0.8408294
123530.79,-1.997632,1.2254014,0.5119229
123829.68,-4.174701,1.5167146,0.363264
130638.734,-1.4355162,1.5712501,-0.5521881
130199.81,-3.7272985,1.0975541,-0.6168134
124383.43,-3.537842,2.9654632,0.82595253
125507.87,-3.6974263,3.162273,0.43094212
115816.93,-1.5776858,0.4875679,-0.61842
118857.52,-0.5923061,3.0824866,-0.6111361
119450.9,1.5147533,2.4256797,-0.7426885
122516.93,-2.4063065,0.52620834,-0.058296837
121139.21,-1.0475307,0.9772472,0.8454595
117859.984,-1.3568417,1.6299576,0.5031394
117750.36,-1.1096138,2.6368408,0.56792927
116610.37,-2.640755,2.5137107,0.6570454
130839.914,-1.5984279,1.9328766,-0.58155537
128866.39,-1.0672723,1.4963927,0.8954029
134904.69,-1.718994,1.8158082,-0.67736846
123547.6,-0.79114026,2.2525616,0.832866
122734.57,1.0438514,0.68628013,-0.6180986
116838.17,0.42666075,1.270611,-0.9809362
117063.86,-0.12606663,1.9403169,0.989755
133786.75,-1.6498334,1.1342459,0.417422
128261.31,-2.1260953,0.69269496,0.54400384
126126.21,-0.7748671,2.9640987,-0.56829506
120363.62,-1.7501465,2.6624322,-0.47958484
126061.28,-2.4762223,2.2927885,0.62869626
123768.27,-0.63766414,2.6610963,-0.5493688
117867.29,-0.3328163,2.7263963,0.6696903
125506.86,-0.85848105,2.2369971,0.8967883
121976.39,-2.4609985,2.9238513,0.51858
123047.055,2.6109176,2.806418,-0.5897604
124939.81,-2.1320353,1.457697,0.56622285
126394.7,-2.4883235,1.7451357,-0.75625324
119023.45,-1.1668773,2.9187145,0.9732302
129153.87,-2.177058,3.0605333,-0.48026925
123000.5,-1.937933,0.59533966,-0.04956046
129590.49,-1.6460752,2.9753606,0.70182115
117272.89,-2.8251245,1.1907065,-0.67939955
132051.61,-0.19365402,2.308346,0.7338064
122522.875,-3.2343063,0.96645176,0.4209167
132260.95,-3.2084954,2.8632834,0.5009037
129056.59,-2.437478,2.151165,-0.6662878
130808.6,-0.39955023,2.060537,-0.70808923
129185.12,-1.9546355,0.30730608,0.39932215
129077.5,1.3282506,2.922426,0.42105842
118294.29,-1.8863786,2.5878577,0.85519904
130453.305,-1.8455969,0.17923382,0.31090152
131398.66,-1.6560252,3.1023252,0.55490756
121554.87,-2.7030509,2.677628,-0.60085773
127356.125,-2.7432745,2.9765038,-0.6175817
120437.51,-2.598979,2.3909225,-0.5753794
119792.69,-0.7050642,1.3488991,0.6983202
117380.8,-3.4123962,1.1700304,0.5951709
126604.055,-1.5461228,0.25886375,0.76442045
125601.72,-1.5098697,2.2439826,0.9370073
118588.56,3.026298,2.1794722,0.6051037
123946.164,-1.6057104,2.7155013,-0.37584916
130397.88,-2.866381,2.3120623,-0.92631894
115458.3,-2.6074686,3.1036825,-0.3293529
129110.13,-2.503782,2.1686172,-0.5816983
118882.62,-0.93062216,1.6551523,-0.76660794
117234.33,-2.9151905,2.0098577,0.6623255
123330.19,-2.0851061,2.8204963,0.5465853
119618.336,-1.7250749,1.96392,0.5830858
125400.91,-2.038557,0.36208394,-0.59956694
119494.266,-2.6469305,1.5631486,-0.53101975
126430.945,-0.9499326,2.9867098,0.5609796
132623.94,-3.4588213,2.6413555,-0.81889784
122885.69,-2.0162337,2.5840669,0.36021385
126624.86,-3.2430964,0.42081356,0.50851786
134765.66,-3.191021,3.1479669,0.56684387
123242.414,-3.8371513,1.2062283,-0.4384382
118903.734,-2.428321,0.064167246,-0.5016163
134578.11,0.22695728,2.4343696,-0.6694582
116565.0,-3.3204534,2.382411,-0.5421871
124322.664,-1.499995,2.0440242,0.48841587
127015.13,-1.7714679,2.7176223,-0.53845674
120447.86,-3.0892742,2.7406895,-0.55505246
131594.67,-0.25655094,2.2569938,-1.0769496
119137.51,-0.60617214,1.2707019,0.46849334
116484.33,-0.19166714,3.1325448,-0.70995283
123202.98,0.5916017,2.572808,0.70577484
130088.484,-1.6505443,3.0540717,0.5088521
120937.86,-1.8005588,2.999788,0.47354975
126005.2,-1.5342891,2.7517545,0.44376972
127589.55,-1.0939844,2.8234231,-0.5050671
134515.55,-2.2431626,2.6135824,-0.7711479
118443.71,-1.7414166,-0.16992877,-0.47408968
121761.625,-1.5475621,2.1610782,-0.52940196
130057.04,0.4839084,2.1288607,0.52728814
131273.31,-3.3906524,2.071419,0.63444394
125398.375,-2.0228646,1.9189223,0.90139693
127130.766,0.19598977,0.028005134,-0.85636204
118155.375,-2.3520725,1.7631029,-0.8364385
127122.305,-1.1778026,2.9676616,-0.4805032
133935.23,-2.853946,2.799384,-0.7314378
117571.63,-0.31758982,1.9251575,0.61911094
132078.12,-3.8294868,2.5365007,0.4784471
130239.68,-0.31276575,0.828913,0.5776725
126844.03,0.0836091,2.953592,-0.3129454
132803.72,-2.9348764,0.044800896,-0.5362158
130149.516,-1.9187372,2.6270354,-0.7219886
122192.28,1.5929843,1.0628034,0.5232783
123184.36,-3.1610253,2.0844748,-0.71298635
127062.46,-2.4481573,1.2282687,0.7454058
121412.555,-0.7280226,2.2521958,0.7871737
118382.32,-2.4711857,2.9957452,0.60089004
133229.78,-1.0767783,0.5603656,-0.44201294
134125.88,-2.1092227,2.6386678,0.5458374
124703.414,0.34131208,2.3458068,0.59559304
115174.68,-2.002815,1.4866773,-0.5873097
120688.766,-2.942294,2.6334631,-0.78531235
117129.77,-1.802495,1.2326245,-0.79398674
119641.55,-2.0977519,2.6432729,-0.823401
115372.48,-2.1379838,1.6533854,0.8430101
132870.81,-1.1036053,2.5832949,0.5714712
134472.56,-4.2169685,0.4474985,0.6757669
125678.21,-2.8845325,1.9394052,0.72956854
121251.6,-1.7792773,2.8152552,-0.41385618
126597.39,-1.4532382,1.5832783,0.73752195
119922.6,0.5406691,2.666504,-0.60315347
117816.49,-0.25864044,2.9473803,0.3927144
124913.664,-1.5347881,0.20800233,0.36065075
129032.24,-0.41382754,0.30940077,0.432786
122800.69,-0.932101,2.0067942,0.71069115
127784.42,-3.6569304,1.2657461,-0.6782186
119199.54,-1.9325799,3.0301445,0.045450877
132443.73,-2.5819085,2.8225749,-0.81050503
115233.29,-1.794968,2.0369995,-0.55943316
126542.67,-2.7722902,1.2373277,0.5593277
134093.44,-0.8852988,3.0008662,0.62899965
118833.8,-1.7985481,1.364664,-0.5523375
121804.945,-0.5751767,2.3769948,0.6979935
121620.89,-0.7792831,1.6276628,0.85736537
123939.54,-3.313059,0.69152004,-0.63177204
127224.45,-3.5284781,2.4184275,-0.63034326
134077.47,-0.7520841,2.161788,-0.57297844
117811.29,-0.57547086,3.0020518,-0.21978462
125761.23,1.0279572,2.403278,-0.75750345
133520.86,-0.014187757,2.0312505,-0.66330576
133693.27,-0.9120756,2.6109688,0.5839458
118054.93,-2.6653771,2.04996,0.2951386
128248.38,-0.9938952,1.8612931,0.86813325
117618.55,-2.6727397,2.5947049,-0.15765172
117037.08,-1.0345736,1.6249536,0.93182486
118331.875,-2.4987597,0.38245553,0.39605668
123178.67,-1.6602778,0.12550852,-0.37860757
124551.984,-3.9542313,1.3016777,0.6842488
118632.86,-0.9960153,2.8504262,0.5257222
130022.055,-2.0311558,2.2168589,0.70265275
128873.18,-2.7413175,1.7482955,0.26891086
132948.06,-3.7332916,1.8241645,0.80281216
130188.945,1.6984363,2.0705266,-0.64986557
119094.16,-3.7218893,1.6768516,0.78982484
133124.97,1.0130038,0.18344745,0.53110284
122248.1,-2.069313,2.6986313,-0.45626292
116800.01,0.50417185,2.7372031,0.84878063
127208.58,-3.4157705,2.5918849,-0.6723597
122689.56,-0.7558043,2.6483488,0.4284706
116042.22,-2.3655856,2.745956,0.6793746
120415.805,1.1820445,3.043342,-0.48077637
123939.71,-2.501924,1.3600831,-0.16135871
127865.76,-2.5907981,0.6341036,-0.4471081
115975.4,-0.37089783,1.6735893,-0.5229397
116844.34,-3.0745392,2.6140585,-0.382824
127733.555,-1.1248554,2.067354,0.66354585
126267.586,-4.042,3.1053982,-0.90873504
128425.63,-1.3302206,2.9941177,0.49447423
118643.016,-3.7644186,2.892621,0.595785
130813.58,0.25881094,0.80928075,-0.6354457
130843.06,-1.2489194,1.6214145,0.5081523
123701.55,0.20306556,1.5135734,-0.7060744
129159.57,-1.3720889,2.9528546,-0.4477391
124318.72,-0.108636305,2.653033,-0.36294857
115221.336,-0.58889884,3.1097739,0.5888671
116509.086,-0.20046084,2.0888734,-0.48236027
123620.8,-3.1578953,2.1861424,-0.8223619
117368.56,-0.43146175,2.3036478,0.5253865
132045.31,-2.761084,2.918028,-0.759521
126056.65,-0.74781966,1.7770264,0.7970563
117699.51,-1.7515892,1.62424,0.43006083
123796.28,-1.4108833,2.1852152,-1.031418
128773.55,-0.73656553,3.0445187,-0.4371645
116390.83,-3.8266883,2.4725647,0.7662736
116058.65,-2.3908632,2.0083597,0.7293776
121409.19,-1.3853185,2.3602328,-0.5852493
118563.516,0.08131398,3.0196848,0.39745653
121820.77,-2.9808075,3.0174415,0.56432617
124380.44,-2.2011015,2.9692163,-0.3936178
119388.98,1.1666842,2.6079667,0.84979916
130024.82,-2.4232082,2.1077704,-0.7662434
126829.14,1.8230019,2.1783333,-0.68925107
126489.42,0.8786012,2.9634511,-0.55693525
118112.805,-2.598406,1.8947741,0.61582696
116539.53,-4.1076717,2.83315,-1.1308409
121208.11,-2.517869,0.7410418,-0.7920025
128589.625,-1.2828915,2.5425441,0.5751529
121486.27,-2.3522956,2.048681,0.88441545
128868.805,-1.808437,1.8300754,0.6532853
128639.77,-2.2833385,0.90673447,0.71436304
124906.3,-1.0361781,3.0998917,-0.47464868
123081.28,-1.5800095,2.2469878,-0.572463
115393.164,1.3509042,2.7766,-0.7090391
115333.17,-2.9865973,2.1523159,0.6561333
132238.14,-2.5076349,2.8553429,-0.44715798
116528.336,-3.7366533,2.3274603,-0.606836
118264.35,-0.5329121,2.1335294,0.8438292
127386.56,2.013178,0.65336907,-0.7246846
129684.18,-1.033833,0.47415552,-0.42510757
120860.445,-2.4329948,0.12145982,0.6610806
122196.26,1.2802165,1.4906303,0.65230334
122261.07,-1.9880617,1.5372576,-0.44332924
126232.97,-1.2714063,2.9483821,0.35371163
129391.195,4.915061,1.166601,-0.73457164
122549.51,-2.9025338,0.26166326,-0.44584203
121746.78,-0.5066133,2.0248241,0.98535866
128657.27,-1.8609577,2.0903254,-0.7915214
115339.32,-1.1591302,3.0779395,0.31131455
122179.125,-1.4479905,2.6723185,-0.36069122
116379.91,-3.3943686,2.3061664,-0.22216716
127506.9,-3.2330408,1.2941685,-0.3988488
122620.71,-1.0738595,1.4398177,0.64141476
115371.664,-1.2667578,2.1319976,-0.7187439
122440.55,-2.5497189,2.5852144,0.7725088
134233.77,2.105912,2.2421794,0.62219226
123487.72,-3.851482,2.3393369,0.6434556
115819.52,-2.7242255,2.8823473,-0.49945566
116807.09,-2.7010236,2.9902236,0.64859843
129152.82,0.76792943,2.7573032,0.5652424
119143.79,-2.7360535,2.4856467,-0.828178
120535.48,-3.856974,0.5067631,0.64778024
117950.72,-3.1034217,1.3292415,-0.62835723
116036.555,-1.4902204,1.5774467,-0.6497036
129499.93,-3.2098,2.8340123,0.7319884
118802.48,-2.5088465,1.2453254,0.90390676
121695.02,-1.0916985,0.6554037,-0.8774319
131934.17,6.6574583,1.9648238,-0.5487806
120296.03,-2.9869637,2.1140578,0.94376034
133491.62,-3.8037605,1.8835143,-0.5962419
115658.734,-3.2645516,0.5653516,-0.46645707
116060.58,-3.5333388,2.7159107,0.47995925
120462.58,-1.4125134,2.508411,-0.570106
119105.61,-3.3428192,1.979571,-0.6428574
128818.96,-3.164179,2.2851562,-0.5810438
131150.69,-3.201548,2.5229683,-0.7113625
125206.27,-3.8478892,2.6405084,-0.862732
128848.17,-3.005144,1.6411904,0.87333137
121008.65,-3.824082,2.524688,-0.8260385
116585.805,-4.4535193,2.577095,-0.3614216
118349.7,-1.6709816,3.0829718,0.6217586
116383.48,-4.1054916,1.4124299,-0.6807405
119452.81,-0.8117133,0.14731601,0.46834773
130256.53,-3.8090274,2.212724,0.76313186
125064.164,0.4172344,1.3816297,0.61629647
129676.39,-0.9571968,2.6192744,-0.56859845
127708.93,-0.9494363,3.0270157,-0.6452026
119553.234,1.5993619,1.1468066,-0.4912568
119765.73,-3.2710254,1.5160041,-0.70530456
134160.16,-0.93246645,2.2221677,0.54932046
131918.58,-2.5838013,1.9392455,-0.6830121
131646.77,-3.099567,2.6637943,0.49367172
129986.49,0.5359528,2.900068,-0.3154966
126380.09,-4.000068,1.7027425,-0.5268514
123152.836,-1.1710615,3.0830564,-0.58349717
130603.234,-1.3298029,1.5129708,0.8979896
126109.484,0.10214014,3.040605,-0.41694215
131050.26,-3.598691,0.64690197,0.59004307
133888.6,0.98362607,0.17476854,-0.29862884
126457.24,-1.0774148,1.4502261,-0.6664377
120422.66,-3.7067814,1.7321968,-0.6210916
122941.8,-0.9400468,3.0445693,0.48808503
123376.74,-2.4740984,1.8484919,0.563926
129462.94,-4.1642,0.57344437,0.5435356
126425.68,-2.028267,1.3046604,0.6404663
132241.0,-1.7750243,0.8367721,0.6601239
128842.62,-0.7422351,2.454763,-1.3460798
128988.54,-0.9134563,2.736141,0.77411735
118770.57,-2.804763,2.920355,0.45398375
126116.39,-0.25614938,2.9684935,0.648333
123956.43,-2.0421305,2.8986776,-0.37816593
117658.01,-1.6249068,2.4389775,-0.69534695
127576.17,-1.6006975,0.46761143,-0.7913764
118953.25,1.364314,1.0499679,-1.0103765
115387.83,-3.2551265,2.890501,0.49087542
125013.29,-3.9449458,2.847415,-0.15173213
119926.7,-1.5367522,0.70490575,0.6843716
129991.0,-0.003476078,2.432802,-0.3982821
121849.16,-1.289315,1.9160919,0.65595627
115059.55,0.1773027,2.4228516,0.49300396
122094.586,1.0604634,2.5821793,-0.5691667
127147.33,2.1413283,2.4555523,-0.45609465
124346.83,2.3813229,1.2707225,0.72642964
129403.02,-3.3208556,3.0271587,0.62935525
127094.51,-1.1215203,2.583756,0.83069754
128997.7,-1.2896525,0.3662491,0.34920946
118483.13,-1.080651,2.3357098,-0.5710448
121883.47,-1.6746668,2.908088,-0.15777935
120855.44,-3.0284667,2.1336544,0.65641207
134112.7,-3.1413054,2.8585122,-0.59808725
122203.64,-0.11411578,0.73362213,0.97603357
120233.91,-1.1734748,0.7569493,0.6027842
118960.42,-2.5097907,2.2994485,0.80439633
125149.34,-2.3549342,2.6287649,0.6616573
116782.664,-2.8178406,0.25554672,-0.65940845
118599.99,-1.4341378,2.5748641,-0.6286165
126700.87,-1.1020583,1.3906851,0.9603482
133015.45,-2.4387288,2.52518,-0.8113938
121325.945,-3.4134781,1.4613509,0.33975908
128642.06,0.42580456,2.1589723,-0.7813641
129378.336,-0.12694831,3.1461453,-0.39356425
126461.38,-2.1772106,2.628624,-0.41229343
130712.7,-4.172479,2.059224,0.5898331
124601.06,-4.1629715,0.9565318,-0.5970561
127371.875,-0.09963425,2.550155,0.40275088
122161.74,-2.2185571,2.8923635,-0.75573456
123772.14,-1.7195796,3.2291012,0.37420458
127519.92,-1.3327041,1.2560742,0.62062806
129633.03,-3.1426134,1.2075126,-0.87622327
116438.26,-1.2361605,0.78858465,-0.5853815
119872.195,-1.1472291,2.6331348,0.3991282
127786.64,-1.1463192,2.9749706,0.5477932
122904.71,0.8842728,2.528417,0.8792483
126346.56,-1.692479,2.9986737,0.50552464
119284.484,-0.6712271,0.4461508,-0.74572414
116715.5,-4.5395956,0.9074276,0.7267289
131960.02,-1.7286164,2.6128979,0.7182563
133194.55,-2.013264,2.8176582,-0.4371806
123759.77,-2.5947914,0.60511243,0.76835084
117372.0,-1.6560596,3.1791115,0.3301941
118116.95,-2.7213123,1.4615088,0.5472996
123101.91,-2.0375376,2.0731106,-0.8974129
118751.53,0.25702244,3.0385776,-0.7199692
124774.79,-0.83692783,0.16635549,0.5094544
119044.766,-1.9537243,2.9173684,-0.38178584
126602.43,-2.9755607,3.1162047,-0.5872977
125943.99,-0.5467413,1.5525835,0.6437036
124761.53,-2.771569,2.071636,-0.4817608
132165.73,-1.5511942,2.259689,0.9471816
123086.58,-1.4566189,0.9521695,0.63273555
121574.19,-4.453644,2.709836,-0.48539978
131191.38,-2.490726,1.9183332,-0.6025651
124942.07,-2.4816053,2.804463,0.28246537
127124.89,-1.4480615,0.38296375,-0.6880512
116851.48,-2.151331,3.0229065,-0.700583
122528.516,-1.3322505,2.465685,-0.83980626
126551.125,-2.9814398,2.9384832,-0.4702538
119459.84,0.28052118,2.4081025,-0.74962395
120545.85,-1.8521513,2.8432157,-0.34613597
118149.17,-2.9610794,3.0017583,-0.44339183
126671.31,-2.8134532,2.667479,0.574834
121062.055,-4.1674256,0.21579011,-0.71142906
121669.99,-1.944935,1.6926364,0.57353896
132796.62,-2.8812313,2.632903,-0.5693813
117046.01,-2.8424776,1.0836827,0.89530236
121930.92,-3.490048,1.0705149,-0.7570675
133363.58,-0.2420584,0.49264142,0.5352729
122475.414,-3.8232615,0.8364708,-0.7182093
124505.74,0.042098325,1.1755133,-0.7060084
120503.836,-2.232605,2.676861,0.7419345
115870.32,0.29885316,2.5537765,0.43165657
116024.23,1.0077007,2.4339845,-1.0629418
116410.73,-1.6397837,3.0028644,-0.4097581
125427.04,0.12196477,3.0273025,-0.60742724
121539.44,-0.25520432,0.22774781,-0.67299694
120096.47,-3.8057952,3.0826027,0.6036655
126759.65,-3.201608,0.89344335,0.6670641
117057.99,2.0083709,0.2881436,-0.5041751
115747.18,-0.09228982,1.6500841,0.58220303
115501.22,-1.9951682,2.4759805,0.6257269
127560.53,-0.64774936,0.6604866,-0.51755774
120436.31,-2.239453,2.4901567,0.816897
126285.04,-1.1035506,2.898035,0.5835979
132931.77,-2.0611696,2.97318,0.62485933
133644.66,-2.573374,3.0184126,-0.7605954
116599.17,-3.0567133,1.465868,0.063391015
127555.49,-2.5730119,0.18719585,-0.6079275
125155.77,0.91894406,1.7263718,-0.7259166
116828.266,-0.74726516,2.715599,0.46023872
129856.32,-1.7346779,0.45514104,-0.60237545
117251.67,2.9930878,2.4488006,0.5352936
119116.586,-2.9826918,2.4613743,-0.48782068
134435.9,-2.3556874,2.957555,-0.47972468
127966.984,-2.975588,2.4326336,-0.81418145
117776.42,-0.2768791,2.6526227,-0.7035169
118630.62,-2.1959167,2.9724915,0.46994755
123671.81,-0.58564425,2.0527036,-0.6737622
121763.836,-0.66124487,2.2834213,0.5941891
117309.34,-3.0770187,3.1045759,-0.5713586
123735.17,-3.158338,2.935301,0.5907675
125441.15,-1.1589752,2.3611684,0.62740874
134348.95,-0.2993064,1.5213362,-0.65558666
124903.05,0.12133382,1.8675097,0.4198755
131018.96,-2.6528788,2.8752525,0.5342007
118295.836,-2.0927656,3.021738,-0.6282826
115632.22,-3.0272827,2.218971,0.66976553
118001.4,-0.9345876,2.5845602,0.4282116
129028.39,-0.12068669,2.1692142,-0.9572069
133942.08,-1.6827434,1.7130733,1.0302346
118366.22,2.6720102,0.9491591,0.8488052
131823.56,-1.4746592,2.320598,-0.57663834
116034.02,-3.066374,2.533682,0.58349717
129461.34,-1.2142106,1.7914376,0.6904426
120567.42,0.20146959,0.6064038,-0.49051222
124620.1,-0.4197217,2.5979729,-0.46043533
121254.21,-1.9877455,1.4245017,0.8568718
126847.18,0.47102216,0.9476126,-0.6232564
123751.75,-1.7445751,0.89990056,-0.5776438
134323.44,-2.1885219,3.2691119,-0.6638787
123089.766,-2.3600316,1.6149931,0.60942566
115344.46,-3.867929,2.7649345,-0.42411986
132618.2,-0.7779781,2.250519,-0.55691886
130759.3,-3.2231815,2.6984076,-0.87036043
134662.7,-3.8788435,1.244701,-0.5579022
126750.59,-1.3832765,2.6496449,-0.861378
129614.77,-2.8385468,2.9917247,0.29187635
128303.516,-1.2841058,1.9380118,-0.65981275
131265.94,-1.1503476,1.6126891,-0.57078475
123535.48,-2.6001241,2.7283542,0.23832814
134702.23,-0.8352499,2.2842379,-0.69330174
133209.44,-2.8332815,2.4913533,-0.4657836
127197.62,-2.4077816,2.1699536,0.66850775
119515.65,0.59251165,0.9643337,0.95318806
116685.89,-0.12762885,2.2773094,-0.59446573
123400.61,-3.751834,2.6642706,-0.77232385
116821.38,-2.3350108,2.2265985,0.6787525
122323.11,-1.8810303,2.8946528,-0.71509326
126222.086,-0.17381044,2.7749693,0.57366353
115200.33,-0.97388005,3.0944607,-0.5822951
121573.7,2.1720955,0.20019302,0.5091113
120911.69,-1.0346779,3.0662994,0.20736736
130969.375,2.6291578,1.0081338,-0.72211766
127177.234,-2.950344,2.955534,0.60106295
115299.93,-3.5110734,1.2269303,0.43385518
132952.11,-0.41911864,2.700216,0.37139437
123845.14,-2.926757,2.7440324,-0.58951825
128802.24,-0.1930551,3.0690906,0.6445524
121446.9,-0.7358977,1.1223978,0.5256789
121272.78,-0.37709436,3.0283952,-0.6122746
134575.48,-1.5017407,2.8802226,-0.4981083
123581.12,-1.9308878,2.5000546,0.76937133
128631.8,-0.37455127,0.5284162,0.615335
134058.0,0.72172475,1.0146369,-0.6219633
115617.34,-4.069338,1.3880463,-0.8622288
126227.6,-1.9415629,2.8362174,-0.6336733
119933.95,-2.3212245,3.0465975,0.0759088
122659.21,-2.1746058,0.055496685,0.38219896
121224.44,-2.8189428,1.9758983,1.14845
118809.84,-0.9315741,1.5866841,-0.7358244
130820.086,-2.8954847,2.3968654,-0.67019373
115530.06,1.18219,2.648952,0.8562094
117271.28,-1.6563641,2.2012334,-0.69770277
115604.375,-3.1716123,2.2495472,0.64629716
116083.555,-1.609378,1.7056149,-0.5710349
117586.19,-2.4834743,3.0828137,0.42832142
124219.91,-1.1445495,2.5306804,0.71870637
127840.1,4.264384,2.9150062,0.8518222
115517.75,-3.8312564,2.9161103,0.46479297
115382.57,-1.1083688,3.0681057,0.9633607
129678.63,-2.6269305,2.599045,0.66133815
122871.08,-3.2950256,1.3192835,0.68898714
126699.4,-3.0600843,2.3230374,-0.58645684
121148.54,-1.0109639,2.6775846,0.53700966
132662.58,-1.6146722,0.9779745,-0.5856126
128106.34,0.737577,0.4391722,-0.5444405
122862.25,-3.8803165,2.5656767,-0.40931335
130266.39,-2.67306,2.1122904,-1.0163764
119775.38,-1.1466659,1.1914576,-0.7676042
130456.11,-3.094837,1.9572403,-0.45529366
121795.98,-3.1536674,2.9579408,-0.38226196
131905.6,-4.410999,2.2888584,-0.59834796
121713.1,-1.8190467,1.9366059,0.34674668
123531.4,-1.6364784,0.9985207,-0.9567356
117884.695,-3.3548915,3.1138785,0.5044551
120154.18,-0.60253245,2.3715143,0.48540264
123483.625,-4.054176,3.0770707,-0.18814816
115547.02,-1.1193298,3.2605238,0.67772853
117797.875,-2.979628,2.8551574,0.4652691
120639.42,-1.888369,2.0613835,0.6446207
116655.99,-2.21497,1.2251747,0.7283746
116242.945,-3.2582612,2.86344,-0.37058625
130196.54,-2.061134,0.6434697,0.49399614
127763.1,-4.1102643,2.2335722,0.6230983
125208.11,-0.3881966,3.0996315,-0.39406425
116827.37,-1.4088073,3.00293,0.44204724
127694.78,2.546722,0.96093094,-0.6142166
130506.055,-2.204173,1.0843167,0.5488998
128934.93,-4.33464,3.0448723,0.65678483
132739.94,-1.0584005,1.8973424,-0.8307334
121579.51,0.4648091,1.3453048,-0.45343
117400.086,-1.6366647,2.2952197,-0.68725467
124798.76,-3.0423098,1.4820983,-0.80082273
130364.805,-2.0236175,1.140385,-0.7821097
122022.53,-2.0555093,2.345501,0.58280784
130686.22,-0.7684109,0.11112908,-0.2626866
122298.87,-1.9304545,1.7344685,0.85663617
127537.46,-1.3245903,1.911884,0.6114096
115206.5,-1.7275246,1.0491297,1.2024269
123165.48,-2.6533144,1.9079765,0.6577467
130182.34,-2.639257,0.19098166,0.30855587
123980.95,-1.2306656,3.0839984,-0.38562688
124412.09,-3.1687937,2.0096166,0.88650423
122949.43,-1.4805064,0.9999029,-0.9653759
130315.33,-2.2087271,3.0585337,-0.61291105
133134.33,-1.3184888,0.5525492,0.4607936
115263.914,-2.715641,1.8947092,-0.6732498
118683.76,-1.8875589,0.86565596,-0.5851347
127392.266,-1.3686558,0.8076129,0.5542521
115872.31,-0.8671249,2.8068123,-0.704515
125889.016,0.603877,2.8078463,-0.73921543
122342.625,-2.88327,1.84329,-0.6999512
127155.164,-1.1561306,3.0107002,-0.70028204
132461.67,-2.5084727,0.11345414,0.31742835
133437.72,-3.7412002,0.7737565,0.3498649
130946.93,0.48888093,2.0921295,-1.0782149
121053.52,-1.9467291,3.1503904,-0.36155495
129065.09,-3.1340618,3.0223408,-0.5929669
125901.08,-2.4537504,0.30434957,0.32708764
122920.27,1.5376962,3.1703174,-0.39671257
123877.84,-4.2675457,-0.06378352,-0.47500545
118313.11,-0.3943287,3.0379279,-0.4674751
133223.75,-2.6990983,2.9840415,0.5912411
121781.66,0.39255986,2.0091803,-1.0054762
130522.09,-2.444193,2.24891,-0.5086064
123133.28,-1.9726073,2.6447968,0.5763686
121361.36,-3.0306509,0.39770404,0.5292673
123748.125,-0.20984276,1.1479369,-0.62173605
117775.91,-1.1945723,1.0610057,-0.5318055
117117.94,-3.2469034,0.7943156,0.5621517
117183.96,-1.536773,2.869215,1.0087329
129219.81,-3.2546546,-0.03730505,-0.32533056
125145.75,-0.4814273,3.1177425,0.5058223
118231.45,-0.42612177,2.818926,-0.37110552
115068.59,-2.8740513,2.656992,0.7944994
120210.33,-2.9468737,0.46360117,-0.6231819
121242.26,-2.7623844,3.1349425,0.32266566
132791.47,1.5218351,2.4366841,0.62780803
134923.45,-0.38769928,1.6536672,-0.8298188
119422.3,-1.026395,2.610361,-0.42182472
133295.3,-0.10582734,2.4907215,0.4997046
118024.34,-2.5940037,2.1651866,0.55061907
118394.73,-3.3785872,0.17834297,0.6545825
127248.47,-3.1186235,2.163789,0.8200664
121540.83,-0.9752126,3.019969,-0.55558026
129472.96,-1.6749647,0.10923425,-0.46155664
134289.03,-2.3410015,3.0461533,0.3434953
131704.34,-2.0715435,2.463695,0.8622767
126496.92,-1.3990499,2.5978222,0.5147737
127689.21,-2.9865685,2.7885404,1.0994896
131641.78,-2.628371,2.813201,0.7368062
128844.42,-3.4305904,1.6545745,-0.66743314
133844.58,-0.57206196,2.9100974,0.35279077
132434.2,-1.9798927,2.524634,0.35265744
127932.98,-2.4723928,3.1280327,-0.43645734
123304.734,-0.29093185,1.2174922,0.5705435
126826.57,-1.6068817,2.339223,0.55855036
131973.0,-0.8174142,2.0567234,0.6811479
116488.21,1.994946,0.14950983,-0.6001326
133579.52,-3.025228,2.842022,-0.5626039
124213.25,0.11780436,2.9736495,-0.3065014
131466.97,-1.4361157,2.6924057,0.570066
131492.6,-0.26616603,0.41560093,0.40298495
120451.73,-1.7925107,1.4269043,-0.60826343
121004.164,-2.3258433,1.8725837,-0.86764973
116019.086,-3.716831,0.3354242,0.43613878
128618.13,2.9835835,2.7360477,0.38917854
130283.62,-0.6755411,0.8893282,0.56200546
126487.22,-2.8642836,2.9797828,-0.9503931
118076.09,-0.11622285,2.6875348,-0.6128015
128523.3,0.532942,2.8826175,0.47096825
124695.875,1.5554937,0.5785206,-0.151948
126777.43,-0.5062196,2.356335,-0.60744363
119747.38,-2.3931782,2.9932473,-0.087748244
133348.06,-3.4193666,2.9689503,0.14394149
127427.99,-2.4600554,2.5753272,0.7980957
115093.98,0.9389891,2.6630414,0.4491204
126339.08,-0.8801755,2.8432086,-0.20480895
121997.445,-0.9347553,0.94074804,0.39278448
119360.99,-2.0537632,1.9245782,-1.1175467
118330.445,-1.768618,2.403031,0.6598797
121158.086,-2.1470122,1.4166915,0.63000053
123900.33,0.41552478,2.498098,0.7755734
128766.734,-0.5034775,2.9841847,0.35564107
118379.13,1.0975599,2.2090487,0.55845946
115130.56,-0.7360713,0.123497315,-0.47009516
127251.57,-2.2274964,1.8234369,0.6564433
117205.5,-3.598983,1.0491129,-0.5064568
127432.2,1.3056219,1.4458746,0.9200811
129624.44,2.6152825,2.035361,-0.7862726
121788.07,0.5254457,2.9528053,-0.38037586
118795.12,-0.7235932,2.058582,-0.5168304
117130.945,-3.4681745,1.9972689,0.6720256
118637.734,-1.0758529,3.0121214,0.8472977
119201.71,-3.315095,2.9309232,-0.7138624
118422.1,-3.2559261,2.8274333,-0.56778824
118352.234,-2.8608758,2.0522435,0.85452986
125987.15,-1.6506941,1.2577062,-0.79978585
124487.02,-0.344058,2.0752401,-0.73012006
127468.695,-1.9342306,1.624986,-0.69096
115911.39,1.2201599,1.9034299,0.6950304
125518.22,-1.9809611,0.8903429,0.4666928
122358.23,-2.1988254,2.8063014,-0.61787206
120938.125,-2.0727966,2.0169497,0.55986536
124431.305,-0.8695568,2.7491972,-0.60118765
123256.24,-0.6407559,2.2117536,-0.6905468
121511.36,-0.3798534,2.6965413,-0.6194737
129136.67,-1.898531,2.9296045,0.5719564
121893.945,0.16971168,0.6251801,0.753456
117829.766,-1.0808591,0.41807577,-0.5820755
120537.95,-2.7912965,2.6851258,-0.98147494
122664.89,-1.5618517,2.7073958,-0.48038352
118483.87,-3.5112271,1.9785523,0.5595044
121193.555,-3.826082,0.6130949,0.5652715
119789.71,1.4849796,1.668827,-0.61770916
117848.65,0.40828264,1.5049783,0.80767924
133437.16,-0.7507488,2.6528091,0.70805794
126066.625,-1.3253965,0.08536621,-0.57946086
127999.24,-2.701088,0.29001543,0.3703145
128691.84,-2.262903,1.6685944,-1.104851
119444.15,-2.9948893,1.0960845,-0.47146183
116889.586,-2.0627086,0.51121294,0.4124861
123982.33,-2.3168085,2.9695752,0.42191938
128796.3,-3.4762325,2.9834886,-0.48452517
119035.07,-3.0510275,0.066690244,-0.57967573
129016.836,-0.3560619,2.110088,-0.7959434
126452.4,0.5095053,2.6471956,0.62195396
121969.516,-2.1663191,2.5331607,-0.635727
126170.414,-2.10357,3.0509648,0.6073158
129633.53,-3.264645,2.0327635,0.64183974
123399.55,-0.25887844,1.4118873,0.7876521
117418.76,-1.706238,1.6002448,-0.4294824
131282.55,-2.548032,2.8151681,-0.6174966
115853.1,-4.458399,0.8431306,0.48624542
115273.836,-3.4805896,2.83227,0.35838336
129566.32,1.6139426,1.0495949,0.88733184
116163.03,-1.3942297,2.9609354,-0.63327307
117603.625,-3.3101933,2.614469,-0.7901793
122997.945,0.15871966,2.7261229,0.79232025
125179.94,0.019428909,1.581831,-0.81988823
123176.05,-2.0848963,2.9370089,0.2972062
129420.4,-1.0365136,2.276664,-0.6981476
118908.2,-1.2194387,2.8616748,-0.42973757
118109.9,-3.685359,2.6909406,0.701401
126124.3,-2.8991413,2.730015,0.4833324
123464.93,-1.8848757,2.6718726,-0.30144313
121006.89,-2.0287828,0.6957717,0.5569186
126236.65,2.2526228,2.1235328,-0.5312923
121875.234,-0.4842091,1.5288628,0.33511037
132722.14,-3.6393995,2.7743628,0.5020802
134755.56,-1.8001007,1.4635388,0.66299576
116805.51,-2.277063,0.016523603,0.43408048
131024.38,-2.530782,1.9888824,-0.8235575
123671.164,-0.8849582,2.890206,0.39214042
120120.05,-0.9918425,0.122847684,0.5078303
117455.53,0.56954193,0.620328,0.6906458
130342.76,-0.7801028,0.106571056,0.39219517
123444.05,-1.2025057,3.155839,0.36632997
126688.34,-1.4278538,1.5723045,0.7011616
123447.17,-2.5613594,2.711484,-0.67628115
133760.98,-3.2066693,2.722489,0.68307996
118580.43,-2.3490593,2.487834,-0.93223494
117467.45,-1.6424184,2.5412798,-0.93815607
132871.16,-1.555793,2.3969276,0.69807214
122314.61,-3.7248807,1.2247089,0.5302472
131303.66,-3.3044617,1.2799975,-0.5114534
133608.14,-4.0583215,2.189959,0.5450978
121591.414,-0.9015733,0.3076456,0.3643606
118471.766,-3.060484,2.7723897,-0.9884985
128527.13,-0.9446918,3.1633272,-0.5664284
116761.37,-0.52956516,1.4182385,0.40259188
120496.36,-1.6586775,0.16691302,0.35619956
125920.7,-2.8243742,0.6451262,0.6453674
128151.93,-0.55272704,2.4570808,-0.5615693
119461.195,-3.4939952,0.38185087,-0.5658239
118728.555,-3.009167,3.0172462,-0.4305063
129037.75,-2.3838837,2.5211222,0.6049935
118092.98,-0.061974272,3.0636618,-0.46061707
116281.28,-2.6404772,0.58870405,0.5841284
120925.17,-3.0947647,2.5854728,-0.5343875
117674.016,-0.5533253,1.309541,0.55974483
118857.2,1.4022046,3.2075264,0.4315849
132777.81,0.12412591,0.6773724,0.63865805
119140.08,-0.7044291,3.0358596,0.4203805
121090.33,-2.4457624,1.7306149,0.5747243
124578.336,-0.10634945,0.8658899,-0.6580479
125922.69,-2.6292303,2.5332456,0.6360206
131745.69,0.21526507,2.2463973,0.7034834
132436.06,-3.7328978,3.1644406,0.42258534
119659.48,-2.5358326,2.0164318,-0.49513277
117115.41,1.7067323,2.6673107,0.5788504
126976.695,-3.3145685,3.1418889,-0.42603832
124171.01,-1.801281,2.793549,1.0544565
131723.77,0.55481863,2.3809536,0.87380177
131128.42,-1.1624964,2.9383464,0.45973817
131736.44,3.842144,0.45623025,0.76519
126250.516,2.2070484,0.43033427,0.5768955
123927.63,-2.384586,2.5352232,0.6503354
131605.9,-2.7260518,2.6183593,0.80262536
125011.53,-3.182251,1.1685662,-0.71809
131553.75,-0.072013326,3.1170175,0.77200115
115382.43,-3.1493528,2.0967126,-0.43880147
122536.67,-2.3329556,2.4501343,-0.7325502
130158.625,-2.5469763,3.0850768,-0.48564684
132784.19,-3.1748111,2.883295,0.7221476
125988.23,1.5801504,2.2349236,-0.59701496
132392.5,-1.0777271,2.3887956,0.751429
133876.42,-2.6558025,2.9810505,0.28500995
115422.805,-3.7733254,1.3617054,-0.62214744
118315.1,-3.68104,2.0263107,-0.5256503
123672.48,-1.0997962,3.0273488,0.45569694
127388.41,-4.2987742,2.7389486,0.49880332
125473.07,-1.5977767,1.8848805,1.1954429
130205.164,-4.0802083,2.5660028,-0.27772173
119841.13,-3.6409252,1.0042006,0.54119635
117969.734,1.2951857,0.28703803,0.31551814
127301.414,1.4881384,1.6194829,-0.6108098
122503.07,-2.2220283,2.1704392,0.98267287
126898.18,1.7375612,1.9996717,0.62371796
132677.77,2.3826315,1.3539847,1.1592097
124933.95,-0.959516,2.6179497,-0.7223341
121298.945,-1.2306501,2.987716,-0.3934366
116675.88,0.28511658,2.716036,-0.7130569
132606.66,-0.99878365,3.097011,-0.40674183
123863.875,-0.8612029,3.1131425,0.402004
133311.44,-2.4570267,0.9968851,-0.6783552
122538.09,0.07922275,2.3654296,0.86644924
115294.46,-2.902217,2.5249078,-0.13160017
120349.93,-1.3263595,2.123133,-0.99930096
132316.31,-2.1680996,2.6224167,0.8898267
129260.44,-3.0880356,1.7285724,-0.40195587
118697.73,-2.0142872,0.50195444,0.35984308
116072.27,-2.2833896,2.452631,-0.48899725
134638.44,-3.322521,1.6070712,-0.67650133
129054.86,0.64802974,2.6904166,-0.62612295
132053.67,-0.073707454,0.79672587,0.6303949
118832.34,1.2105082,1.8138124,0.83757836
125019.73,-1.1837841,1.995302,0.59898436
125918.86,-0.6231988,2.4355676,-0.97149247
134901.8,-0.8382197,0.42180604,-0.41889635
123623.54,-1.6703804,2.139027,-0.7342483
119703.14,-0.19774933,2.9493103,-0.61987406
124751.75,0.3595979,2.2363887,0.15968677
125399.664,-1.6003945,1.8977296,0.7357207
117462.96,-2.0349858,3.0012984,-0.666101
126921.95,-2.1743581,2.8566175,0.35670972
132776.75,-2.8787708,2.2386954,0.31465772
116809.22,0.2660276,2.5921643,0.76841676
120595.72,-1.8126783,2.7333066,0.6569925
133618.17,-2.9635932,2.869436,0.71693754
126766.56,-1.345278,0.8017241,-0.6085737
129547.4,0.7324881,1.8097142,-0.72438157
124906.18,-1.8390912,0.87265617,0.52885056
117364.19,-1.9931717,2.1706462,-0.5288031
121036.055,-3.810048,1.3203603,-0.56367415
118933.18,-3.1218174,2.7968194,0.60158885
115712.45,-0.11119523,2.067076,-0.7646841
125191.57,-2.1959589,2.8675313,0.6840675
116691.93,-1.8972181,2.3301663,0.4669092
122819.67,-3.930851,2.223137,0.73638004
117322.13,-1.5119568,0.32679206,0.5533264
118033.04,-2.8173072,2.733311,-0.5858157
117415.66,1.7278636,2.375467,-0.45566657
122838.75,-0.013712822,2.5469823,-0.56548816
131654.38,-4.395379,0.11563593,-0.1257714
123267.81,2.0336096,0.5878936,0.5175884
117735.39,-2.517483,0.9307958,-0.5956333
128801.27,-1.5754296,2.2632675,0.34081772
130018.41,-2.7633245,1.7147769,-0.7965512
124962.02,1.8120174,2.9327412,-0.40762323
130991.234,-3.0239384,2.3050175,0.49759102
127796.35,-2.5204504,2.9977453,0.6144289
118070.82,-0.61186445,1.1285,-0.8687251
127762.66,-0.08432477,2.6895964,-0.17465246
130921.17,0.86262697,1.9790533,0.8294207
129720.375,-3.1127303,2.701379,0.06741673
116137.805,-2.9008436,1.2084566,-0.58461213
132085.36,0.2897557,2.7977693,-0.5225098
128680.19,0.2623249,3.1313658,-0.53504544
116302.34,-3.6353338,2.6953523,-0.5860631
134698.9,-1.6997962,2.3551614,0.9532374
129304.1,0.43123722,3.0139985,0.47391143
132717.84,-3.6142766,2.525545,0.577062
120931.09,-3.40254,2.4774957,0.91657215
129761.51,-1.5040156,1.7738448,0.5284217
128198.305,1.0911423,0.59130734,-0.613258
118434.62,-2.9807239,2.779248,0.576096
122198.35,-1.5068834,2.708891,0.47088856
124950.25,-0.3074433,2.235991,0.5412115
120155.484,-0.5013546,2.4980898,-0.44377524
122742.016,-2.5520065,1.6101435,0.6444802
131444.4,-0.8143831,3.0976915,0.60488135
116216.36,0.07262155,2.861912,0.5215865
118421.81,-4.077806,1.3908658,0.42320567
133479.98,-0.09973964,2.4368622,-0.94928634
128660.2,-0.998172,2.0079675,-0.57501996
131141.7,1.5056783,2.516822,-0.515718
116812.18,-1.4833713,1.2199033,0.5074291
117093.99,-3.149056,0.45753536,0.5525567
125526.13,-2.3226066,0.3640016,-0.5250147
126457.164,-1.3429546,2.4198549,-0.88841397
115114.29,0.5907958,2.7219558,-0.5038012
115101.22,-1.0599134,3.1341872,-0.303382
116988.484,-2.1557932,1.1278899,0.5932848
121053.484,-3.423568,0.11902477,0.16949563
118722.13,-0.23546545,2.8279285,0.49155673
134958.19,-1.402932,0.101915486,-0.40763107
130300.2,-1.5171777,1.0359725,0.75241446
132369.0,-2.8712335,2.6804402,-0.50034076
129096.016,1.5037448,1.6063043,0.7402653
125366.945,-0.02347601,3.0487843,-0.6465666
115858.86,-1.4353764,2.9425988,-0.763156
124763.734,-3.0437748,2.2180972,-0.71578944
119643.62,-3.316991,2.3934562,-0.7354498
126588.016,-2.2669766,2.8234892,0.92085683
127021.95,-2.8347907,2.8364506,-0.73484963
134722.1,-3.5998797,2.9887934,0.7106293
124868.555,-3.5588522,2.8622043,0.6064878
116457.35,-1.9956648,2.6349833,0.5230792
118050.28,-1.2236204,1.2654922,0.8969942
128860.79,0.26058117,2.967874,0.4521042
131895.47,1.707638,3.1073732,-0.42518127
122429.414,-1.087626,2.6031237,0.525645
131506.05,0.745694,2.4170172,0.7506093
123438.164,-1.7552857,0.20101188,-0.44998664
133906.75,-3.8359327,1.2829448,0.5829804
120082.92,-0.61165404,2.764134,0.36199445
124534.5,-2.1783564,2.8461075,0.93219906
125032.08,-2.441265,2.8561435,-0.86965793
116112.195,0.122172445,3.1194196,0.34229922
121718.85,-0.5609063,1.5599332,-0.6006582
127072.19,-2.3660746,1.9860572,-0.6820014
125012.92,-3.2431977,2.6718802,0.5317939
119053.77,-2.0977108,2.8319106,-0.6640117
129596.93,-2.2122843,2.4904902,0.67384315
115951.39,-0.6451904,2.4245389,0.7419195
130698.66,0.017238839,2.3857276,-0.68554693
134196.75,-2.0406473,2.7946522,0.2955896
120931.21,-0.64789987,2.7881837,0.3207421
122484.375,0.61437863,2.0235481,0.6279308
118101.4,4.665887,0.12365263,0.45915583
117197.875,-2.6977732,0.25631154,0.067359686
118944.83,-0.34588027,2.6915326,0.5985524
119334.0,-1.3343279,2.5075567,-0.5094535
124049.05,-3.2627811,2.3794916,0.67910916
134305.56,0.3637907,0.8185515,0.8407599
131791.33,-0.3837169,2.3757358,-0.82164437
115117.67,-2.3554587,2.3433986,-0.8033786
127024.7,2.1889348,2.5489826,0.58165383
124367.375,-2.5119107,1.9315565,-0.74543744
121453.6,-2.067648,1.0664506,0.57543147
124462.19,-2.9746163,1.1517485,0.85773116
127584.266,-0.10997328,0.73887324,-0.39408883
134951.67,-1.6719959,1.3794342,0.38156953
120635.62,-2.1299362,3.0087962,0.44834
132127.92,-0.8810499,1.8683383,-0.72670794
130067.54,-2.1187057,2.356035,0.6761745
124842.84,-3.245506,3.1358006,-0.35379177
115090.73,-3.0300717,3.0500202,0.45094305
124591.49,-1.3198892,0.10481417,0.39001134
119575.63,-1.1289693,0.5524694,-0.49575892
122902.85,-1.7923895,1.6225181,-0.6642976
119327.22,-2.298897,2.160654,0.69296026
116773.52,-2.5491595,3.097219,0.74571025
118454.516,-2.3128083,2.7852542,-0.7860021
118628.2,-3.8396509,2.3284132,0.79903424
123351.266,0.5714678,3.1385043,-0.28961483
119824.11,-3.0620883,1.6333535,-0.8543621
120871.63,-2.074116,1.8525555,-0.47048286
125941.305,-2.3589296,2.9908636,0.53529376
122521.914,-2.506391,2.5060391,-0.5588763
120731.75,2.0519683,0.10331764,-0.4348787
129896.22,2.294711,2.4803061,-0.83652174
116134.58,2.2721906,0.31726232,0.5490294
133788.84,1.2409047,2.370177,-0.8069145
128147.445,-1.6818076,2.8759139,-0.43932635
123413.25,-3.4638178,1.7502058,0.71555716
118358.45,0.17021348,2.263954,0.78033525
120322.49,-2.8678846,2.9674041,-0.45471272
131643.73,-1.9691473,2.7505417,-0.3779425
119279.14,-2.260021,1.8927934,-0.9359446
116931.82,-2.7378218,2.9420419,-0.2579986
131282.55,-2.2116,2.7933705,1.0218735
122643.09,-0.8195223,2.9923363,-0.51399153
129059.375,-4.004988,1.9748653,0.95022863
121894.47,-1.2399417,0.78595626,-0.44373843
124166.6,-1.8156765,2.0468128,-0.3522666
119166.03,-2.8392763,0.069585524,-0.65494734
124373.85,-3.650132,1.5983797,-0.71187425
115044.49,-0.9408506,2.9652843,-0.6321972
121060.625,-3.197668,1.1558383,-0.6129728
128298.79,-2.9273667,2.3707705,0.6083707
121590.18,-2.0844595,0.9676994,0.8733656
124740.66,0.14082128,2.994217,-0.43801278
117558.1,-1.1081336,1.5232687,0.810905
123011.7,0.86879665,2.6182232,0.37965205
128554.01,-1.5901333,2.9204166,0.6866472
130169.945,-2.2544389,2.6504927,-0.5884371
117792.664,-1.63206,2.8749454,0.73987293
124788.125,0.40331492,2.7356417,0.42263383
130132.53,-4.568341,2.192618,0.27755943
124423.4,-1.5125788,2.5197484,0.8348514
122379.25,-3.367224,0.982401,0.6291508
118640.61,-2.4982455,2.3417015,0.7089011
115759.164,-3.100264,2.9600468,0.5104607
127380.07,-1.0276223,1.7291262,0.7151689
120432.92,-0.27768087,1.3391718,0.9182748
127847.81,-3.1604517,0.9273341,0.68338764
118554.99,2.1670306,1.2650404,0.5962941
118043.78,-3.8095555,0.16081506,-0.60450464
128252.26,-2.98301,2.5209913,0.4360256
125791.78,-3.7235107,0.4945424,0.45867684
122536.54,-0.355578,0.68708795,-0.6259424
118727.76,-0.7731888,2.7131822,0.74673414
126050.88,-3.5893686,1.7381274,-0.6054227
132603.64,-0.46569043,2.5691977,-0.48937318
119736.71,-0.08803848,0.62002873,-0.8745561
120893.75,0.7219066,2.6752665,-0.842807
121125.26,-1.1152393,2.8272707,-0.518047
122003.97,-1.3509221,3.0944197,0.39572388
124881.23,-1.6235241,2.9937298,0.59188694
122422.93,-2.6116567,2.5264568,0.5591568
122900.58,0.93694746,0.6488594,0.6418871
121943.555,-2.5009997,1.3235831,-0.64456606
120012.414,-2.6670866,2.7776172,0.8435312
126706.664,-1.6185012,0.9740481,-0.7092925
129853.15,-3.346688,0.9049038,0.6938619
115946.51,-2.593687,1.9779228,0.6091616
117862.23,-0.110454075,1.6978135,0.546367
131031.16,-2.378416,3.0130105,0.6009364
115071.61,1.0329723,0.8526592,-0.8464589
115344.164,-1.5710691,0.85640246,-0.688766
117648.555,-3.4152327,3.0282526,0.4847014
128271.95,-0.40362766,1.280212,0.55892324
122205.305,2.1514664,0.5206652,-0.6040581
129370.12,-3.1255636,0.7540201,-0.49674726
115374.94,-2.8821733,2.9967813,-0.2764842
118651.42,-1.9942847,1.9540521,-0.43361622
117070.48,-1.6458672,1.3372735,-0.60541666
131490.23,-0.57843685,2.6655326,0.7671178
130369.12,-1.2963487,1.4465196,-0.69143087
118229.0,0.4155551,1.9445446,1.0657864
119964.586,0.9314315,2.75552,-0.65637004
129274.64,-0.7397075,3.1405756,-0.4567097
119987.06,-3.2470164,1.9873865,0.4079235
124984.86,-2.0584223,0.68435353,0.5393968
121305.4,-1.4871098,0.47079608,-0.32446763
132460.92,-2.601848,0.47801444,0.32681116
123517.734,-0.6556762,3.0820258,0.30699882
120728.32,-0.6216865,3.028497,0.4020653
130524.55,-0.8719621,3.0016239,-0.4055822
134503.16,-0.9326875,1.591337,-0.69764966
118192.27,0.98319346,0.7829361,0.5177677
134362.7,-3.0941768,2.4125774,0.8656931
120525.46,-2.480482,0.78484863,0.60212165
118253.82,-0.8085575,1.5610632,0.5912183
121417.8,0.9132497,2.7471128,-0.492207
115257.23,0.33016163,1.8173409,0.64528435
128633.48,-3.5133433,2.2757323,0.5606142
130063.01,-1.325515,1.2055224,0.65694064
118922.77,-2.3390918,0.5768361,0.9831875
133716.55,-0.86667925,2.8803012,0.5657455
134065.14,-2.736275,0.277205,-0.57781744
126545.82,-0.97600263,3.0735464,0.64509684
134396.94,1.8237431,2.1861153,0.5379457
125482.66,-0.28945643,2.7040308,-0.8498713
116891.97,-0.7564318,2.9134438,-0.4474195
120235.664,0.3793974,1.7820512,-0.6653459
134755.4,-1.0555612,2.9158278,-0.35847872
128025.22,-2.346819,2.6902661,-0.1945042
120831.055,1.7932715,2.4548705,-0.56421316
128483.7,-1.4106144,0.5823394,0.52272266
120431.664,1.2671194,2.924625,0.45144895
117378.96,-1.5748669,0.9601727,0.6536015
125427.35,-2.4489768,2.4208193,0.61404335
122679.29,-1.432563,2.1789322,0.55411196
125361.94,-0.6095349,0.40918058,0.54738516
133166.25,-2.258221,1.0488789,-0.79258907
120775.85,-0.66594326,2.0679066,-0.86547965
120425.06,-2.0820885,2.3784418,-0.6012152
121806.04,-3.3476431,2.6562145,-0.47884658
121145.94,-1.6062759,1.595233,0.93383473
125635.25,-1.1769367,0.7552438,0.6200949
115639.89,2.6128137,1.517025,-0.8713897
126536.3,-0.9332496,2.8448648,-0.6600001
115016.18,-1.7564309,2.4833217,-0.76525193
118087.945,-2.484708,2.38111,-0.46056357
115949.37,-2.7677383,1.2088464,-0.67880243
120012.46,-1.5162164,0.4480385,-0.78321934
116521.29,-3.1029463,1.277581,-0.66899574
122233.99,-4.1087794,2.19519,-0.6807218
134692.12,0.95867324,2.961501,0.7550132
115940.2,-2.9242306,1.9708036,-0.84977216
119921.89,0.56820494,2.3210428,-0.60077965
116469.984,-1.0796248,1.2949692,-0.97269434
129487.5,-2.6648788,0.32892105,-0.69487476
129501.98,-0.33310077,2.5125387,-0.46283767
128235.99,0.9000865,-0.05801703,0.45387053
120377.79,-3.0562036,2.7698488,0.59006035
128941.58,-2.8650315,1.3602201,0.42373902
116813.23,-2.897835,0.60018736,0.48879483
133331.9,-3.9014304,1.1766832,-0.7767412
123100.34,0.42567095,2.8477287,-0.16631956
115323.914,-2.81772,2.6375263,0.6570702
119827.164,-3.0654159,2.5404167,-0.64948124
124509.375,1.9636968,0.13790311,0.37403256
125243.77,-1.1012765,2.0332687,0.38920975
116786.07,2.130997,0.8599599,-0.7791008
126414.99,-3.2929764,2.6197913,-0.46992394
116516.11,-1.2438439,2.8370066,0.46466035
118288.56,-2.2817233,3.1044455,0.4588412
133127.4,-1.8521582,2.188341,-0.581021
130933.09,-2.377618,2.604995,-0.4876441
128468.38,0.9837824,2.3893046,0.69422126
115409.32,-0.8542428,1.2726489,-0.5850569
127207.85,-0.5351696,2.9833777,-0.73115754
119513.11,0.39575455,2.3154051,0.5024556
129307.09,-1.4141965,2.9740174,-0.38595837
132297.75,-1.8207867,2.5874448,0.63210917
119842.805,-4.0696306,3.155196,0.72874516
119980.94,-1.0199839,1.4102479,-0.92172444
119824.21,-3.4079664,2.0000813,-0.82487345
123063.31,0.25736684,2.8647835,-0.3593289
124321.35,-2.1339612,1.9449918,0.60227585
120811.24,-4.031379,2.7238867,-0.71382904
116854.04,-1.0755615,2.5599773,0.63533753
127528.69,-0.7812293,2.7588634,0.4639794
127865.41,-3.5705626,0.6161833,-0.645322
117723.484,-2.8933666,0.27190533,0.6211411
128394.96,-2.5560126,2.1280138,0.48309958
125453.516,-1.4248757,2.9374976,-0.8990059
121256.64,-0.45558593,3.0584102,-0.6797348
126090.03,-2.3075142,2.4140058,-0.7046599
129309.14,-2.7133303,3.0132415,-0.6689701
118380.77,-2.909738,1.8413665,-0.80779976
117562.76,-2.7509987,2.7420077,-0.66952854
125992.6,-0.25651684,2.7444801,-0.63237876
121357.03,-2.4998114,2.7844203,0.34769267
131054.93,-0.8599761,1.7271457,1.0171736
126969.68,-3.3613026,1.1537676,0.775958
128723.734,-1.9012396,2.19704,0.68979
122958.65,-1.4220937,3.1494663,-0.61624044
133459.2,-2.1830933,1.1273613,-0.58786076
124370.13,-1.4346778,2.6472273,1.1133958
120698.64,-4.832716,1.6322994,0.47191942
119367.71,-4.03876,1.0270442,-0.6067759
115973.1,-1.4506483,2.0707781,-0.7136316
129414.16,-2.5581613,1.7481492,-0.5034681
125343.234,-3.466669,1.8683649,-0.6517844
122752.41,-4.0787797,0.43119368,0.5218036
117054.9,-3.6287725,2.7781072,0.7147698
115689.08,-2.122133,2.8603742,0.58258504
133141.31,-1.6077038,1.7246953,-0.52078253
120109.29,-3.7902908,2.7714927,0.48937738
122242.625,2.9583786,2.863138,0.33688506
117180.02,-1.8086326,2.070983,0.82023823
119641.18,-2.8703356,0.5282222,-0.78657126
128251.805,-1.4014941,1.0193799,0.5878826
133509.06,2.1114135,3.0944617,0.9100678
119033.87,-0.9722731,1.4624448,-0.67756635
132405.03,1.0546168,1.6272497,0.72103477
118615.086,2.1716864,1.3283536,0.9943525
116911.06,2.3357353,0.60015893,-0.7946979
118675.93,-0.1754629,2.483642,0.7707738
125266.97,-1.1854146,1.5213635,0.7178955
115935.51,-1.8786732,2.307736,-0.76437813
120790.71,-1.1091523,2.4014,0.55652803
133207.17,-1.5065211,3.049871,-0.4010244
119483.93,-4.022819,2.7881658,-0.5903322
124265.44,0.48548165,1.5299864,-0.79791397
117096.27,-0.56274027,1.6572245,-0.68841547
127140.516,-2.37137,2.7179542,-0.6297945
124271.93,-3.1889153,0.758264,-0.66145325
126957.24,-1.378895,1.6041567,-0.9601911
122477.69,-4.0090284,2.9193318,0.502108
119283.8,-2.8949523,2.3415577,-0.60118437
123306.18,-0.5829775,1.4672453,0.587566
132527.17,-1.0996195,1.7007042,-0.7260077
116378.016,-2.735855,3.0090957,-0.43169543
118000.02,-4.3184676,2.9169083,-0.5059536
133942.9,-0.8603374,2.967156,-0.65748686
118194.984,1.1268585,1.235767,-0.65177226
115998.82,-2.9366174,2.647117,-0.6413331
131688.89,-3.3121178,0.7929824,0.37485448
125883.555,-1.6139052,0.26176304,-0.6863218
128310.45,-0.8582737,2.8577754,0.6071876
121080.35,-3.4545238,2.8633475,0.63136315
130843.73,-3.4480915,2.6148121,0.64351034
120083.72,-2.7133546,2.918929,0.7475593
116518.38,-1.6057572,3.1185763,-0.3982534
123188.65,0.09139023,3.080755,-0.66750205
131682.94,-1.913162,2.9031298,-0.5389795
128315.09,-2.14314,2.169355,0.78449523
132662.25,-1.5021726,3.0324454,0.60103786
127730.23,-1.612427,2.4507725,0.5241582
131539.45,-1.0677363,1.7594355,0.5617846
125229.27,-3.2862723,2.6818883,0.8766037
134897.0,0.6614133,0.82289636,-0.69105065
129545.555,-2.4919415,0.40336207,-0.6822128
119913.016,-0.413043,3.0529366,-0.54804593
119475.516,-3.7805367,2.2381241,0.38593537
124775.164,-0.27215454,2.4332871,-0.45818308
127796.58,1.4423904,2.1411128,0.9989524
121332.93,-2.0716505,1.9736984,-0.75481886
121319.44,-1.5536547,2.251422,0.630179
134012.03,-1.7784859,2.9584994,0.66183054
116636.625,-2.165584,0.09562081,0.5687601
122686.29,-0.98805404,3.031066,-0.42175627
124593.33,0.27880743,2.5253866,-0.37895605
115805.18,-2.217417,1.0089142,0.9374513
117613.555,-0.72237605,1.4415436,-0.5524084
119332.54,0.639527,2.8998659,-0.5002725
130776.586,-2.6074383,2.2856755,0.24350557
126036.05,-3.1907227,2.5765157,0.3753789
127137.83,-2.8855062,2.964826,-0.77954936
133334.17,-3.3111563,0.8972534,-0.39062035
125541.92,0.33250427,2.3612678,0.45313078
128923.58,-1.401529,0.59950334,0.580282
129565.27,-2.5908096,2.0634243,0.42670715
132872.78,-3.5043302,0.9606317,-0.49710912
124587.65,-2.986947,1.8109055,0.49991226
130246.336,-3.1759098,1.4422553,0.4412752
120379.04,-2.3556874,3.0265844,-0.5259146
130645.516,0.06094278,0.96299064,0.5584206
117072.91,-0.26371285,2.5820158,0.6294492
134087.73,-1.7872579,2.600713,0.65693206
131047.18,-2.3216212,1.5684779,0.84761214
130355.86,-0.50894976,0.048091922,-0.63535213
124548.26,-3.6756241,0.6331131,-0.24914582
118358.4,-1.7168308,1.966452,-0.848354
126214.664,-2.4863608,1.4586474,-0.7116483
116127.02,1.1105599,2.47509,0.60552824
128950.14,1.451821,1.8396311,-0.619735
123658.016,-0.82464635,0.59357476,0.95114434
120730.086,0.57294255,1.6801794,-0.3917851
119934.375,-1.9514859,1.4656049,-0.6664359
132736.38,3.5010889,1.8060296,0.70703566
130850.0,-0.8559297,0.18910731,0.18247207
123590.81,-0.48277944,1.1205238,-0.62154263
134118.73,-0.897311,0.36322492,0.46148187
133980.45,1.4518003,2.8760874,0.47974858
120530.02,-3.3326244,2.1681087,-0.9067461
128929.82,-0.001350067,0.5881455,0.4107089
128985.29,-2.6833353,2.1175466,-0.38661584
115538.76,0.9102237,2.1763067,-1.0048405
126917.68,-0.663706,3.0082803,0.3967148
117434.14,-3.942127,1.8213971,-0.74994224
120880.68,-4.122546,0.1540716,0.59389675
133593.11,-1.0208011,1.9914283,1.059007
117699.56,0.078559086,0.9039404,-0.3169924
118604.96,1.4078137,3.0611227,0.3334909
127504.055,-0.97839797,2.1047635,0.83029145
118192.99,-3.710756,1.7024236,0.4342188
131438.08,-1.5092177,2.9937625,0.49274355
121865.03,-2.3357298,2.8591022,0.9818212
118933.35,-0.22172955,2.9746413,0.49011
130811.85,1.045674,1.6977576,0.58138055
123277.15,-2.2367353,1.442147,0.3582887
115091.805,-0.8606122,2.908259,-0.29825315
115609.99,0.26416022,2.6912801,-0.6708619
123938.5,-1.7472738,0.41402912,-0.5399134
130243.43,-2.0455065,2.397497,-0.42317134
125931.62,0.99790233,2.342239,0.70764816
120002.695,2.5008843,0.26518965,-0.31024984
115037.17,-0.61657697,2.8143613,0.8634801
117338.47,-1.6602882,2.950522,0.55596066
120438.875,-3.4627788,2.5157585,0.72772235
132150.77,-2.696443,1.6561749,-0.5388955
122523.59,0.1032722,2.3244402,-0.5200688
124193.47,1.2409433,2.7057076,0.5334538
115621.75,-0.025942983,0.15972441,0.4098189
115066.55,-2.8073628,0.8551354,-0.8900063
132732.94,-2.9136138,2.8034816,-0.4596248
118287.56,-2.0577135,1.9913784,0.4984247
120661.24,-1.3660321,2.9761665,0.5963258
117488.64,-0.86141604,2.1286762,-0.72578955
120874.96,-2.1591094,0.74131256,0.5316859
116365.56,0.7634301,2.9070883,-0.5010949
115406.17,-2.7469747,1.2833693,-0.694568
130051.14,-2.4700403,2.6951761,-0.39102802
118860.91,2.598302,0.7256439,0.38224423
131516.83,-2.5629747,2.3989956,0.6191063
129241.945,0.9765933,2.2550623,0.58242995
120086.19,-1.5287193,3.0386071,0.5460028
132973.56,-2.5153403,0.6173081,-0.6990046
130662.1,-3.781894,1.425912,0.529783
119265.27,-3.0783308,0.29339287,0.47365242
123581.92,-2.2183597,1.9240696,0.79981804
118416.336,-2.3203495,1.5657649,0.48118833
124671.664,-3.3522503,2.8318799,-0.59908754
127065.41,-2.2227933,1.8709358,-0.6556428
122649.48,-1.5154636,0.42615342,-0.8204382
129123.77,-1.2158788,2.4594007,-0.5716311
129998.59,-3.4449108,2.9350815,-0.21065323
125201.836,-0.3211217,2.5088353,0.72638243
131456.4,1.9956968,2.9629278,0.35783434
132970.64,-3.5860746,1.2005575,-0.5123144
121317.02,-2.5566063,2.3615937,0.67194045
130455.92,-2.5016994,0.21534683,0.4531306
123827.44,-3.111425,3.0636032,-0.63314736
118053.58,0.16938174,0.21743618,-0.69868153
122713.42,-3.1073868,0.92454386,0.7223467
132168.31,-3.436237,2.0256302,0.4734941
127736.92,-2.3370042,-0.17681232,0.31880072
118039.7,-2.6061974,2.9800978,0.38350308
123348.99,0.19016036,2.7991443,0.48305893
120948.75,-1.463486,0.38170245,0.67117107
122094.14,1.4898117,1.3537318,-1.2496831
122424.48,-3.0041306,0.604872,0.6013125
121146.875,-1.5606182,3.1626358,0.97667265
122905.91,-2.9389098,2.006622,0.64674515
118478.84,-3.1582794,0.81562597,0.48980716
131792.88,-3.3607225,2.9275625,0.6449148
116194.82,-3.492247,2.667194,-0.6042526
127795.75,-1.3493482,3.068156,0.48600122
133715.86,0.025498357,2.6923523,-0.9858427
115016.36,-1.5273153,2.601037,0.4050429
125628.14,-3.086191,1.2616333,0.65700585
120994.14,1.5332521,1.946534,-0.88272923
120221.04,0.44857937,1.2601238,0.571814
121054.57,-2.9395745,2.4418721,0.57162946
118854.03,-3.4775903,1.3421967,-0.16161157
116837.31,-1.0433145,0.6502856,-0.5743568
128660.86,-1.7525002,3.076223,-0.65144956
124106.26,-2.3019028,3.0690036,0.54506963
121869.266,-1.6940737,3.0437257,0.5070164
127472.984,-1.7056732,1.5439271,0.94221
123148.78,0.7546809,2.9066763,-0.40028027
117631.195,1.3866465,3.022997,0.5827277
115875.984,0.09673471,2.309945,0.67578804
118441.79,1.3422548,1.8832619,0.98203367
121201.93,-3.1903508,0.98316574,-0.5851577
118726.97,-2.0520334,2.4673986,-0.9532206
122313.34,-1.8504865,2.8359945,-0.7045541
130041.96,0.44786507,2.8803494,0.69996303
116977.72,-3.3368027,2.7185175,0.6280073
126839.99,-2.8988905,1.1850779,0.63994366
133531.66,-1.4736662,3.02421,-0.5500472
117915.31,-1.8334612,0.3264051,-0.45191956
130560.07,-1.1136055,1.3175627,0.44353265
116687.984,-2.4021344,1.6847453,0.6430808
120313.67,0.2945164,1.0893177,0.58145046
133626.17,0.537774,2.9202647,0.6003191
124783.51,-2.1690817,2.3242817,0.5535052
121694.85,0.97283375,2.7598572,-0.38447002
118298.88,-3.296774,1.6711106,0.80442786
127166.7,2.0675328,2.9025855,-0.6966987
120749.734,-3.047369,2.9103582,-0.53600645
127750.06,-2.4766915,0.41965374,0.37701386
115046.79,-0.48430344,2.70939,0.571076
117176.97,0.35114172,2.7644603,0.57682383
119836.92,-1.9568862,1.971959,-0.87356997
115096.984,-1.1415081,2.9315503,0.61440504
126729.836,-1.1777647,2.7846687,-0.47657028
115599.52,-1.5104928,2.9168289,-0.5786778
133416.58,-2.680616,1.5648817,0.6393176
123806.16,-1.6737217,2.1445684,-0.7771844
126343.875,-3.0250816,0.78437227,0.28659573
127321.07,-1.6223214,1.6146507,-0.72621834
123375.484,0.18038581,2.8246775,-0.40303922
115733.445,-3.1704648,2.468401,0.27830455
120955.766,-2.615932,0.48738226,0.2223743
123019.25,-0.43763247,2.60761,-0.32883614
131353.58,-0.9592987,0.48918495,0.47495618
121619.99,-4.019875,2.0075915,0.74966663
129706.65,1.8681059,0.25524193,-0.52095795
126094.125,-3.9505272,3.006512,0.5884691
133475.31,-3.1407874,2.8717422,-0.43858883
115387.32,0.35657024,0.27359024,0.68225056
121559.5,-0.72545844,1.28737,-0.67347914
120976.445,-0.30723736,2.556207,0.49035206
118900.586,1.5032517,1.9319332,-0.4921037
131462.88,0.650497,2.5195887,-0.511687
124904.81,-1.9500928,3.1004493,-0.6155959
127983.62,2.9515662,0.36635438,-0.39625812
129867.74,-2.96866,2.1807678,-0.90725315
116522.56,-3.4531627,2.415566,-0.44392303
118566.59,-0.9172682,0.424776,1.021185
122404.03,-2.2046824,1.2947727,-0.7258419
117842.31,-0.23442087,2.8937411,-0.5477042
121086.13,-1.3642002,3.1262496,0.527942
122860.484,-1.7887888,2.8012946,-0.50810987
120867.93,-1.6278859,3.0504124,-0.48109663
119107.234,-4.0927343,0.28990394,0.55896443
118025.48,0.2744631,2.1050432,-0.71291494
121389.38,-2.0364292,3.221743,-0.45536736
126879.99,-1.3147609,2.5091648,-0.6711235
115413.84,-2.515858,2.9576812,-0.38718477
127902.01,-0.6158964,2.7117114,0.6541823
115975.33,-1.1586543,1.505625,-0.6228368
121218.85,-0.053007003,2.7534704,0.65307605
115200.445,0.35434917,1.8455721,-0.77038246
116678.086,0.79301107,2.404265,-0.66324985
117538.62,-0.4243536,3.0659595,-0.5980071
126138.15,-0.446421,0.7550426,-0.68759257
134102.3,-0.85249186,2.986608,0.4372552
127544.15,-2.228626,2.2954693,-0.51441324
120077.44,-1.9758477,2.2589824,1.0707357
121897.52,-3.6177428,1.078123,-0.6009911
127969.445,-2.3526838,0.66177875,-0.46666855
119300.69,-0.69168615,2.9177084,-0.65089846
115206.91,-2.5851433,2.4038894,-0.7218911
131083.53,-3.3527563,1.7675154,0.737931
117534.1,-2.6743357,2.6294982,-0.38768467
123844.445,-2.4843295,2.9378471,0.29064175
132587.89,-1.9013103,2.8180907,-0.32325605
126704.38,-2.81443,0.34578136,-0.48192835
117774.75,-3.4478161,1.135259,0.57357013
131388.94,-1.6107907,2.8275452,0.23796521
127352.71,-1.2752302,1.7691891,0.71679336
115337.33,-1.281324,2.6683013,-0.44726878
124314.96,-3.5460968,2.5046663,-0.659729
127125.625,1.0613568,2.2923667,-0.54763746
131452.05,-0.45275873,1.4359568,-0.9283314
115664.11,-2.8354986,2.4708004,0.55106914
124710.766,0.21871291,2.466325,-0.6326559
124199.01,-1.3449411,2.4722977,0.797572
129981.93,-2.232584,1.5656021,-1.2009751
126037.88,-2.6179664,2.754374,0.30958405
117729.63,-1.7576232,2.8444057,-0.3967665
126353.57,-0.4117594,0.3807935,0.74163073
129407.945,0.6097546,1.5494806,-0.8245036
119345.58,0.6041629,2.6843953,0.56962734
125628.51,-2.6695755,1.2685573,-0.40182948
120533.875,0.55404097,3.0459268,-0.6267074
133005.69,-3.8899796,1.6077218,-0.51791334
121959.39,-3.3599288,0.5112459,-0.6172941
118067.15,-3.5966141,0.32217947,-0.39794058
117367.59,-3.4412513,2.624728,-0.6841087
118078.375,-3.191537,2.7044792,0.7263163
119636.984,0.44790983,1.4997963,-0.62251925
132466.52,0.9609167,0.228457,0.43203002
128444.086,-2.5128229,2.9849916,0.6805487
115222.08,-4.187439,3.0081115,-0.29594654
116466.375,-0.20973393,2.9620204,-0.6050902
131848.1,0.04371186,2.8529024,0.37235108
132863.17,-1.5463281,2.6649058,-0.7020791
120878.484,-3.526003,2.9309747,-0.4816418
115290.055,0.06835472,3.1041727,-0.5112195
118346.44,-0.85998404,2.9865146,0.59533596
123889.44,1.8576849,2.825992,0.69121677
120755.484,-2.0945709,2.7152982,1.0157057
119834.56,-0.21242028,2.8215222,0.31159458
127341.73,-1.6144434,0.64166135,0.7523631
121858.07,1.0461376,2.739213,-0.9172918
131005.19,-2.976102,2.5238702,-0.4390612
129209.836,-1.4683121,2.7758846,0.7832369
119012.63,0.65466434,1.4321195,-0.71596545
121068.74,-2.577328,2.5082164,-0.5254288
132423.95,1.7266347,2.2884161,-0.65949243
115732.805,-2.388397,2.6687877,-0.60247976
126672.62,-3.976237,1.6284839,-0.5065987
134116.4,-0.14823769,3.1135051,-0.37979403
129296.625,1.8665236,2.6407578,-0.74316007
120613.34,-1.7135969,1.2138058,1.226078
122952.2,-1.5488611,2.4767501,-0.5129387
117313.055,3.5233347,1.9330364,-0.6854903
122057.95,-2.7406723,2.5085065,0.7811385
129553.66,-1.7041599,1.4252248,1.0036678
117891.23,-1.5055317,2.9950979,-0.99693537
127216.6,-2.6929135,3.0498073,0.7087015
116976.62,-2.8231215,2.7061436,-0.5049424
117358.39,-2.311871,2.7401865,0.84214634
131752.02,-2.5566223,1.9084741,0.67552924
117080.984,-2.9325204,1.4894748,-0.73957366
134077.02,-1.8133303,2.589516,-0.81421584
121285.69,0.5899348,2.5248904,0.6252531
118502.03,0.060897317,1.3197745,-0.64008516
119256.68,-1.9997894,2.959103,0.25640714
117263.88,-2.30217,0.22840124,0.564223
132542.31,-4.045214,1.1789194,0.68008316
119382.66,-2.2077882,0.70922214,-0.76464033
121251.15,-1.5293834,1.9134508,0.79638517
116319.39,-0.6057523,2.4282532,0.54808074
119661.08,-1.710591,1.1361374,-0.7424743
129113.06,-1.7871236,2.6588333,-0.6525486
115751.99,-1.7918074,0.5375226,0.7272035
125399.23,-2.1873682,1.8208094,1.0900196
118198.63,-2.210927,1.9635389,-0.8713249
126317.61,-0.14369775,0.4975702,0.5694041
120553.484,-0.8566054,1.4979059,0.6220092
124816.85,-2.765853,2.5508327,0.5781255
134398.03,-4.058773,2.891715,0.61542517
122070.69,-2.2553513,2.813328,-0.9431126
129998.9,0.06864298,2.407195,-1.0685221
124699.266,-1.1276172,0.32307607,0.48995242
122894.16,1.2483804,2.9103708,-0.41464487
132595.53,0.79030263,2.7908695,-0.7766885
124805.77,2.7290497,1.0250877,-0.82141036
123598.01,-3.389241,2.6378148,-0.5048096
116666.805,-2.195565,3.0809898,0.40836075
128482.03,0.69808483,3.0920691,0.46555856
126819.555,-0.5399823,2.6694539,0.61694354
132348.9,-2.6452398,2.5531325,0.45859805
130210.98,0.55021256,0.5623725,-0.6328982
132591.12,-3.7217047,1.5897331,-0.45196
118720.625,-2.4156528,2.2890892,-0.511943
123346.805,-1.3274347,2.8464642,0.4892187
117763.28,-2.4525456,1.9345933,0.8610515
127345.36,0.27843648,0.48607686,0.7468987
124106.45,-1.4914124,2.98508,-0.17998059
115513.79,-1.0540682,2.586447,-0.74343735
127225.02,0.60358495,1.2964418,0.75866836
130460.36,-3.053195,1.2628828,-0.7928491
125016.38,-1.5320536,1.5471188,0.6419107
129005.28,-1.0803429,2.4573677,-0.9425098
130075.055,0.07827047,1.7413042,-0.67412764
133134.88,-1.7399718,0.2826045,-0.43650964
119899.66,-2.1078968,2.314696,-0.7548637
117507.1,-1.0904294,3.0193017,-0.4936973
123211.59,-0.7428426,2.711557,-0.44414502
117242.26,-2.663835,2.7701683,-0.4164496
117271.07,-2.3557649,0.55909497,0.69130766
120126.35,-3.1677005,2.8594222,0.32556552
126850.29,-0.56583303,1.1112576,-0.6487238
126348.72,3.516375,0.5589273,-0.91350996
122788.22,-1.2867385,0.94770855,0.73589057
131846.8,-0.32843512,1.7270502,-0.69332314
131637.08,-1.3634044,3.028569,-0.48338112
116802.516,-2.7222457,2.1292048,-0.51128656
117683.234,-2.7406516,0.47002512,-0.4851301
123001.34,-3.1213865,0.19976072,-0.56670713
134716.67,-0.26939932,2.683337,-0.28541103
123874.42,-2.3340094,-0.025860226,0.40439886
133645.34,-3.4492161,0.32928696,0.5335918
132574.12,0.20219731,1.652867,0.7157404
122279.22,-1.6458229,0.74109143,0.45458856
119659.93,-2.9355474,1.9615455,0.6854766
132994.3,-2.091432,0.13078924,0.4643327
130297.836,-3.4796357,1.5083729,0.5663572
129574.51,-3.2918131,2.8617408,0.4773642
129208.37,1.3751861,0.7204856,-0.63215506
115858.31,-3.0614498,1.2555453,0.7025194
120045.01,0.29954162,2.2182953,0.5459377
127535.734,-0.34913522,0.60239744,-0.72907853
122396.46,-0.6926918,2.6187458,0.43356335
127327.1,-2.046073,1.7940217,0.28021455
120967.34,-2.9890096,0.9019806,0.6726898
119945.26,-2.4585497,2.2357874,0.68939036
119688.98,-2.592365,2.7876945,0.8387242
134460.12,-2.6358771,3.1042461,-0.6695735
126896.516,-0.19076928,1.6329885,0.7684916
120384.31,-3.5010846,1.8845854,0.5682111
133276.62,-0.7586853,0.25918975,-0.5485252
131664.6,-3.856031,2.5206983,0.538584
117401.96,-2.577243,2.5156102,0.84519446
120202.43,-0.1576923,2.607161,0.7314065
123648.914,-3.2686172,3.0140846,0.5559585
118765.27,-3.0407846,2.2873063,-0.7307583
132469.12,0.57382566,1.0886619,-0.9519007
134563.69,-2.0557587,2.5692854,0.4559795
128638.62,-1.318702,2.2955945,-0.6761578
119233.14,2.5647762,0.9693972,-0.76948285
132856.69,-2.0451458,2.768188,0.77416086
119982.36,-1.3789284,2.0992537,-0.47331426
118694.945,-1.9446192,1.4701271,0.6439344
116435.195,1.3865364,1.7988125,0.5180191
115417.92,-1.9344858,2.3961463,0.35391912
131504.64,-2.951143,0.8817114,0.6265941
128980.44,-1.0928506,1.4321492,-0.6417835
117908.4,-1.9301865,1.5687846,-0.75829643
134651.66,-2.1282845,0.5444894,0.66780937
123031.164,-2.0650115,2.4203568,-0.7350512
123505.586,0.07263808,2.568268,-0.5973049
122205.59,0.22616893,0.7368679,-0.20356019
129635.6,-1.847889,2.946892,-0.8394818
126278.445,-3.1153834,2.8390257,-0.7382864
123450.086,-1.727393,2.139551,-0.9277147
117626.02,-2.9150996,1.9325775,0.91576695
125467.24,-2.2018046,2.9469116,0.6882205
121529.3,-2.9558654,1.533892,-0.7349618
116545.21,-2.97414,2.841101,-0.4866612
115576.52,-2.5634842,0.7365159,0.5504029
127084.4,-1.2484792,2.8056362,0.5373922
121203.6,-2.5950968,2.7048361,-0.7360373
132908.44,-2.2696264,1.9228873,-0.60351104
118042.95,-2.3024826,2.263936,0.67923445
127126.17,-2.1300068,2.5431561,0.61025184
117692.41,-0.34758472,2.390693,-0.62140936
118183.16,-3.4898314,1.1368996,0.77331644
126268.07,-3.7776563,1.3578047,0.5627335
115351.914,0.1881859,0.66330016,-0.5441382
120638.61,-3.484506,2.8421614,0.3803697
128098.164,-4.062376,2.4401696,0.41618866
116523.78,-1.0472734,2.8454874,-0.5527855
125215.984,-3.1385405,2.5785286,0.58640754
123361.13,-4.3887753,0.6628124,-0.50531536
127003.54,-2.4616544,0.51217854,0.4771537
130922.75,-2.3635278,2.8232353,-0.6726597
119265.06,-1.227923,2.909211,0.9316875
133248.05,-2.3755116,2.8791378,-0.9003801
125531.52,0.08598687,2.2129495,-0.8716601
128905.61,-1.382856,0.3838677,0.54410654
131077.03,-0.98816115,2.5152233,-0.78209776
133818.36,-1.9330523,0.035977762,0.48519835
126000.15,-2.5510776,2.886958,-0.3655599
133399.86,-2.2196126,0.36314225,0.5424363
120536.92,2.1322947,1.9706203,0.82806593
133880.2,-3.9190094,1.5710588,0.62891835
129856.34,1.3882604,2.397479,-0.90287733
132278.36,-2.822026,1.973189,-0.45233256
120505.445,-2.6782763,0.20061438,-0.46239087
119000.55,-2.5422223,1.825644,0.9090102
117172.305,-3.683615,1.3269771,0.76437396
116539.625,1.4865109,2.7252405,-0.46935013
116093.086,-3.592947,2.7082102,1.105931
124624.18,-0.4065909,2.6324413,-0.4770717
133290.73,2.2404673,2.4812467,0.4431446
126435.38,-1.382994,0.29670578,0.8047632
128023.62,-3.259308,3.0944006,0.30820006
118045.39,1.2205497,1.4799865,-0.94375557
119706.75,-3.6931522,1.9716909,0.6064547
132240.06,-3.6135433,2.5016787,0.79257673
121014.68,-3.09995,3.1005135,0.64043474
123554.07,-2.9573395,2.7820525,-0.70181894
129961.945,-1.5554521,2.8777533,-0.4709055
119119.51,-1.4943798,3.017891,0.66920865
126808.17,1.2919393,0.36949447,0.5819615
124109.51,-1.3103081,1.1622394,-0.7014463
115231.06,-0.37982067,2.9820669,-0.40851235
122958.25,1.2629515,1.6657118,0.5177524
119943.75,-0.75548506,2.5047505,0.87745726
120965.44,-2.4790199,2.8106883,0.6128729
128354.414,-1.5106392,1.6961889,1.1447469
116997.59,-2.2750432,2.0439157,0.7640782
131585.17,-1.682463,3.0503495,-0.85744935
119625.19,1.4034349,0.26862505,0.57418656
133493.62,0.25908267,1.773657,-0.58733726
126018.01,-0.94857216,2.9841247,-0.41941035
130793.95,-1.0563557,2.8123786,-0.35731152
117041.11,-0.1316794,0.87899834,-0.8317862
121103.766,-1.8454427,2.1149642,0.9124596
129456.03,-0.32261708,2.5910954,0.5474645
125901.875,-1.6255822,2.979553,-0.31668305
117859.5,-3.6766863,0.6440025,-0.3961664
117881.6,-3.5246768,3.0954762,-0.4825691
127569.59,0.36303988,2.223973,-0.79382604
123303.06,-0.3607675,2.6267598,-0.008303125
132113.53,-3.8992674,1.5636525,0.57159114
116937.23,-1.835419,2.805946,-0.65389496
119679.62,-1.3427545,0.4040966,0.51501757
120091.93,1.8421605,2.531394,0.5755559
126494.93,3.702849,2.1874282,-0.57975525
116823.664,0.4379111,3.1000714,-0.35148185
123024.93,-3.4002283,1.1741866,-0.6303165
119974.28,-1.0982023,2.3248346,0.57473737
131629.6,-3.9192936,2.457846,0.23971051
115168.73,-1.9334567,0.9257626,0.6252071
115189.04,-2.5785668,2.9571207,-0.55675393
117767.04,-1.9547243,0.7272816,0.36620128
131398.2,-0.33486757,2.1224644,-0.4320539
128882.39,-1.0340328,0.28046367,0.5338996
115614.66,-2.646742,3.1027172,-0.6711001
132733.08,-2.4780517,1.4981043,-1.0397836
123587.836,-1.274427,0.37642986,-0.49227527
133331.52,0.3637046,2.2862468,-0.75517213
116471.28,0.36874494,0.795482,-0.5889733
124793.83,-4.0550485,0.24832334,-0.6835147
118971.15,0.25843173,2.7491877,0.80238277
127799.65,-1.471561,1.6234633,-0.81774557
126567.43,1.451637,2.737873,-0.7122777
128189.31,0.5857014,2.8421495,-0.4286526
129479.53,-2.1457682,0.32026872,0.34723848
131269.69,-1.9782324,2.7616956,0.6506359
127571.24,-1.7788485,0.16122875,0.47290677
124873.66,-3.7439547,2.141665,-0.41227674
130572.234,-1.7365849,2.8034377,-0.21478651
125013.625,-3.3608718,0.66981953,0.870803
119459.33,-3.401143,3.0225663,0.44218805
120651.92,-2.8850482,2.8204696,-0.32569277
132422.52,-2.091223,3.0218816,-0.47480598
119540.4,2.8973267,0.85535747,0.68955404
116680.51,-2.3512125,3.055665,-0.63144284
119814.875,-3.2532184,2.6969948,-0.86410564
133643.28,-2.7446961,2.418312,0.69108737
132481.84,-1.3687034,1.3962685,-0.523419
133478.2,-2.4172943,1.1791726,0.92707187
125327.516,-0.079427674,1.9934385,0.58306813
127157.37,-2.5672655,0.27418306,-0.29375586
119830.914,-3.855628,1.0711186,-0.6124253
122320.695,-3.182862,1.5826215,0.57595074
130364.055,1.0017239,2.267193,-0.598096
123177.086,-2.7886386,0.15295054,0.36367932
124404.766,-1.5247328,1.8311583,-0.764381
127053.54,-3.499556,1.6286613,0.4490252
117591.39,-3.0479097,2.4914987,0.60251397
130543.414,-1.6774575,1.7208757,-0.6544517
126030.71,-2.6267545,2.7044418,0.8459893
123278.72,2.8223133,3.0527263,-0.10978433
125164.1,-1.7245476,2.5098047,0.83241856
133532.69,1.9450403,1.8869756,0.639049
128694.38,-1.4644431,2.6318185,-0.75095326
119432.57,-2.0290565,0.9492214,0.6807974
126007.984,-2.697206,0.38981152,0.5995564
115524.92,-2.289886,1.1952044,0.5949364
127911.58,-0.46024162,2.0105345,-0.9264602
133344.42,-3.7663114,2.7706296,-0.6080132
117590.46,0.16553612,1.387057,-0.76994324
115410.17,-0.8488122,1.8219783,-0.6330404
119706.27,-2.246189,2.8629193,0.63507247
126199.66,1.9390719,2.7996547,-0.49356458
124433.51,-1.9993702,0.8990454,0.8241534
120903.52,-0.88680005,2.4689708,-0.73487246
127575.375,-3.6269417,2.2815456,0.54428816
126746.52,-2.3259013,1.2782011,0.5782889
117502.54,0.07948588,2.9750307,-0.4131076
120396.586,0.2708489,1.8272626,0.71761835
119186.88,-1.2895646,2.7968564,-0.3991077
123941.72,-2.4565082,3.1030464,-0.25989676
115458.86,-3.0103407,1.1535479,-0.9837552
121097.34,-2.6157885,2.2496488,-0.93136233
118225.23,-3.010765,2.5705652,-0.72686005
122926.11,-1.5913295,0.41837436,0.38642094
128023.0,-3.087816,0.41163197,0.27956104
120196.805,-0.44201124,2.5613759,-0.070339665
129542.21,-2.7339983,2.5889566,0.71516
115315.42,-2.4004967,3.0563107,0.47367114
115695.36,-3.791085,2.9671276,0.30457348
120439.05,-3.486887,2.3605845,0.73236984
118953.62,-0.61362195,3.0196311,-0.3115018
133411.47,-1.6336051,1.1259531,-0.48356047
126982.18,-1.3916552,2.4615927,-0.5728214
129126.77,-2.7834134,0.93090266,0.6246577
123238.59,-3.0293648,0.16057295,-0.48352507
127852.09,1.4793748,2.8465505,0.29055583
132866.81,0.48876867,1.8601127,0.7443169
117146.734,-3.5011606,2.589835,-0.35916206
125046.66,-2.492195,3.1454966,0.14742175
121412.84,0.6889326,1.2306622,-0.6272279
115348.67,-1.10743,2.7815757,0.78041726
130948.67,0.50418836,2.2903757,0.7017784
116245.75,0.47107658,1.8243463,0.784651
132885.36,-0.39652017,2.8044658,-0.65674907
116137.0,-3.07858,2.5744069,-0.6116368
130561.12,-4.6365266,3.1881092,0.8340321
129981.76,-3.2646892,0.882056,0.5227505
117548.21,0.18771476,2.8431177,0.27759525
131432.69,-3.3485548,1.396991,0.7516888
129490.75,-1.210854,2.7904737,0.72495854
122111.3,-0.83792937,3.1047053,-0.3266139
134192.47,-2.489148,1.3035825,0.53803086
122146.46,0.82987756,1.6390604,-0.7503423
134886.7,-3.321112,3.0394754,0.5705145
128280.29,-2.0729923,3.1095436,0.31560692
133949.17,-2.6253614,2.4778042,0.2603963
116470.266,-3.4011781,0.6007421,0.9337452
124202.53,-3.315086,1.0371906,0.7537929
133782.38,-3.300402,2.6321604,-0.5219458
127899.71,2.5062156,1.5823134,-1.0378797
118955.44,-0.95968336,3.0996308,-0.8620919
122525.78,-2.4346294,2.0090706,-0.703977
132595.27,-2.3314443,2.6833863,0.6110925
125527.21,-0.07396645,2.6856139,0.5376927
132450.55,-2.5660112,3.055577,-0.8229362
119997.87,-2.6791005,1.3327078,0.6259244
133763.95,-1.9391156,2.9990575,0.37334183
124851.43,-2.790483,0.21352069,0.47174045
129660.44,-2.746616,0.347472,0.52577156
129195.44,-3.1543548,2.8490758,0.6522213
122814.57,-0.9422403,2.2108252,0.69912183
124164.68,-0.38487998,1.7687495,0.8017811
126334.33,0.30587935,2.0363214,-0.82402205
124638.34,-0.63156027,1.5987593,-0.5359591
130189.06,-1.5004761,2.6451592,-0.68735397
125022.26,-1.2008873,2.9377856,0.5060972
116965.14,-0.47403398,0.6748173,0.7575357
116539.65,-3.9481978,1.1154172,0.49510613
131697.52,1.1126746,0.88003105,0.6212575
130718.43,-2.8478053,3.0526521,-0.7907832
127980.69,0.2215267,1.8453318,0.5952807
131561.72,-2.5146482,0.79657644,-0.64138734
128502.38,0.3798417,3.022504,0.42890537
117413.98,-1.658105,2.3912978,-0.7610193
120031.19,-1.9197408,2.8329103,0.42983568
116635.72,-2.206132,2.6649253,-0.7773417
125388.91,-1.7473558,2.0333586,-0.54827964
119393.625,1.578148,1.6775473,0.7401587
122821.3,-1.2845178,2.312518,-0.6360001
126440.89,1.2136664,1.3796599,-0.85016805
125905.664,-4.8910856,3.002798,-0.6456234
132462.34,2.0134516,2.03193,0.70830095
117953.37,-3.094,1.3556526,0.62221366
132765.58,-3.318034,2.67243,0.73080903
122129.76,-1.0775807,1.9828056,1.1406901
130345.64,-2.5930858,2.5048156,0.9042732
133472.47,-1.1416634,3.0551238,0.21113995
122675.18,-1.1816396,3.0986364,0.21986519
124414.32,-0.18148895,1.355095,-0.6318888
131912.61,0.54780513,2.6128297,0.4797325
124521.9,3.3431304,-0.051845297,0.5140852
134048.95,-1.6377752,2.7340498,0.8703641
126205.9,-2.7749567,2.9061,-0.55249435
116781.375,-2.8113089,1.1429642,0.47741628
132936.73,-1.0153723,1.7833585,0.51886237
118191.64,-2.8190615,3.0547614,-0.47285393
127429.78,-2.8269882,0.56487894,0.46531826
120895.99,-2.331476,2.6297252,1.0444076
115923.445,-0.53510386,2.4011295,-0.43318385
127292.93,-2.8025746,2.0586097,0.49258098
125441.84,-1.7737906,0.38924292,0.8328214
129036.95,-0.49928576,2.8539062,-0.42877892
127429.766,-1.8234837,3.0870771,0.49043033
128240.805,0.19354759,2.9235446,-0.47371605
134846.94,1.8580788,3.0353212,0.6501439
122389.4,2.3176994,1.3077945,0.8156013
125901.58,-3.888166,2.683765,-0.28427163
133761.4,-3.0648103,0.83579195,0.64040035
116066.11,-1.2834232,1.4135238,-0.8658688
125086.53,-1.649417,2.320175,-0.52939194
132182.97,-0.8434092,0.60798794,0.45950234
118416.3,-2.0991035,3.0586245,-0.15707088
119765.44,-1.6967803,0.67682153,-0.6998666
116824.016,-0.9440185,1.665948,0.82757485
120768.74,1.2418855,0.6706909,-0.62593323
118988.28,-0.9528814,2.9557204,-0.5912525
118589.98,-2.8169034,2.3798845,-0.710871
126832.32,1.6834497,0.9661273,-0.83285916
122661.2,-0.90510345,2.7492292,0.59070134
115917.61,2.1434906,2.2552333,0.8660979
118546.03,-2.4782348,3.0657325,0.74524325
132776.88,-4.1025443,2.894908,0.49376476
123728.62,0.99302965,1.6132253,0.5426368
130078.18,-2.0443544,3.0200226,0.37929732
122411.875,-1.6774248,3.113284,0.6460227
124013.234,0.81991804,0.6996321,-0.32752472
115820.44,-2.5819223,1.6972823,0.7052781
117061.375,-2.3076673,2.0461855,0.51155657
117613.414,-5.182664,3.1105127,-0.46776885
115609.74,0.28184095,2.9305186,-0.7227897
128331.85,-1.967208,2.3126957,0.70695275
124400.484,-2.258656,1.6174986,-0.6359585
120575.6,-3.74957,2.2921398,-0.79423356
131724.78,-2.443178,1.1755385,-0.4167221
120629.21,0.35378677,1.1381795,-0.5796336
118340.11,0.34677985,2.5802715,0.35868996
119700.63,-0.80788314,2.7802484,-0.53880477
122328.76,0.8593255,2.7912638,-0.46800262
117824.9,-1.5248258,2.7939973,-0.58938015
120716.305,-3.834943,2.4784157,-0.5930488
130946.234,-2.1487534,1.3016597,0.57967734
129939.3,-1.8091183,2.067616,-0.76384443
122335.17,-2.57223,0.9247716,-0.5788208
130672.89,-3.0682034,1.9695556,-0.68026084
133544.12,-1.1349337,0.07993188,0.55953825
128364.24,-1.219592,2.337496,-0.6437721
130714.12,-0.90208685,2.8842971,-0.49680528
120747.0,-2.088667,2.5933228,0.86345494
119557.2,-3.6345785,3.0822973,0.34282416
126317.03,-1.9363383,1.2661489,-0.7605461
116129.2,0.055408884,3.0136628,-0.42238936
120526.734,-1.0087397,0.81738484,-0.541246
130989.68,2.8238251,0.6964849,0.5496839
117731.03,-3.057011,2.930409,-0.39849836
124360.625,-3.5086029,0.664268,-0.6356019
126384.87,-0.31807852,3.0933344,-0.56344986
132173.77,-3.0075703,0.96093893,-0.54653364
132478.25,-0.44244656,2.7268932,-0.6878385
117270.766,-3.226264,1.7660216,0.8004036
133814.95,-0.008111078,2.8788922,0.6229889
120685.38,-3.6950178,2.207554,0.69876623
132617.36,-1.7201362,2.620745,-0.8952135
122524.02,-3.3890014,2.6591532,0.9007871
121950.74,-3.6235094,2.755528,-0.69014233
127761.56,-1.8953397,0.0983626,0.33836564
127159.02,0.29627803,2.7881036,0.46417922
121433.81,-1.0056732,3.1027846,-0.33373895
119450.23,-1.374467,0.777738,-0.5366955
131696.62,-1.3926044,1.5153977,0.96019775
130820.69,0.33798546,0.74318826,-0.61886567
117868.6,0.23066755,2.7591777,-0.55412215
132580.19,-1.8720769,0.48719284,0.4518627
116883.055,0.20492673,1.0241203,-1.0933969
119231.92,-0.65204513,1.6276069,0.58939475
127791.87,-4.1843944,2.359035,0.6228748
116923.56,-1.6729054,0.5726995,0.6621011
130958.52,-3.0190434,2.6287484,-0.61156976
123521.05,-2.1085486,2.4019265,-0.80330336
133868.12,-2.2784674,1.2284706,0.60762453
131452.25,-0.27602464,1.1558416,0.6764916
120715.125,-2.537654,2.8787935,-0.44948334
133675.86,-2.943801,2.5070045,0.5560983
118536.13,0.014058949,1.1515292,0.6812899
131345.47,0.4271457,0.38579175,-0.72398
122066.33,-2.0692573,0.88732195,0.42203507
120366.63,-3.8560798,2.6714656,-0.38807595
128268.13,-2.9871478,1.8816257,0.51577854
132311.2,-0.38231036,1.5116584,-0.42163667
120153.24,-1.9277847,2.9717848,-0.6068531
117654.2,-3.038606,2.429879,-0.64287984
119052.68,-2.1803923,2.9174087,-0.7443394
121624.34,-2.8438811,2.0644848,-0.66168517
130845.77,0.38866395,2.6471875,0.7260163
127623.27,-3.5480254,2.078917,-0.8717935
127593.234,-3.4632545,2.3009915,-0.672912
122775.3,-2.738351,1.5100148,-0.7593131
122709.41,-0.76269585,2.0942037,-0.8165885
131026.76,-0.66377383,2.1618443,-1.0754677
128024.45,-3.1492343,2.2236915,-0.7091401
119413.85,-1.5564302,3.0407975,-0.6340738
133730.81,-3.0026615,2.6440835,0.7231507
115994.086,2.4120789,2.0015652,-0.6474725
123620.555,-2.6292825,1.2989444,-0.5667418
126294.36,-3.30511,3.035309,-0.09918367
121614.82,-1.2512486,2.371527,-0.7743559
133856.7,-1.044385,2.5444324,-0.6633984
123358.984,-1.7938849,0.6693636,-0.42915314
116800.0,1.8405032,2.9183483,-0.68506813
126381.46,-3.109541,2.391756,0.86186844
122440.3,-1.7365652,2.6227388,0.5703931
122173.01,-4.1609907,2.7023616,-0.8000684
116383.81,-3.918526,1.0144334,0.538707
121082.81,-2.706066,0.618567,0.8115317
125266.1,-2.5034485,2.0851715,0.5654713
118973.45,-2.102459,2.600665,0.44435012
118223.22,0.005363072,0.11216876,0.5066676
122780.24,-2.5195446,1.904547,0.7616076
130755.45,-2.2853262,1.5476078,-0.7763601
131224.8,0.51024574,2.1575737,0.6026318
115282.805,-2.8443723,2.943973,-0.54178977
127562.04,-1.2253376,1.9063658,-0.7221467
124869.66,-2.8067575,2.6212428,0.6120763
119011.74,0.37453645,1.7899003,-0.79840124
117046.1,-0.06698364,2.6128824,-0.28420907
132097.84,-0.9286187,2.2326906,0.7348779
133653.03,-3.4919357,2.3087816,-0.45477012
119085.98,-0.8150964,1.1751525,0.6580857
123003.2,-2.3041599,2.437572,-0.5765608
122512.07,0.9925241,2.999585,-0.68182176
117993.99,-4.73281,0.24493189,-0.46528798
118509.125,-3.0851805,2.6400704,-0.5719371
132812.66,-1.0619113,2.8178818,0.4998413
125453.38,-0.76131207,1.7926854,-0.8816545
131538.88,1.9043607,1.7903622,-0.86536497
125495.19,-2.0185387,2.225945,-0.54787904
133923.27,-2.5301068,1.3029883,0.63725
119803.3,-1.073184,0.6593523,-0.59658134
134091.58,-3.108871,0.7026459,0.6268984
133942.02,-4.943695,2.573781,-0.3529922
126199.766,0.7465205,2.6942015,-0.67110145
125949.67,-2.4826934,1.204194,0.5147112
115085.414,-2.1557608,1.43271,-0.73777187
132967.33,-0.55868006,0.8762635,0.7491299
115124.74,-0.95532906,1.5123305,0.64826065
122177.336,-2.5330822,2.9691882,0.75321835
130818.63,-2.416162,2.816003,0.61803126
129722.195,0.6196418,2.577056,-0.59783494
118812.99,0.34162238,2.9396267,-0.69116074
124283.57,0.30513752,2.095877,-0.76076186
120141.82,-2.000885,2.5006845,-0.5611825
127629.266,-2.0465655,3.0304642,-0.50917476
119303.914,0.8564683,1.89317,0.7651053
122140.77,-0.4754922,1.6035019,0.9820747
122504.53,-2.6494155,0.062202558,0.3911946
129852.266,2.3986864,2.7335212,-0.90192705
115847.31,-0.14838062,1.1942936,0.680445
123980.18,-1.0421797,1.8651018,0.4575146
123384.914,-2.571909,1.9244709,-0.4084408
125288.445,-3.0806792,2.7546744,-0.66753733
130130.59,-0.37659222,1.2241478,-0.8099252
131860.95,-0.5380888,2.897715,0.39459428
126523.56,-2.3460379,1.941834,-0.849479
124901.76,-2.0628533,3.0530472,0.65758985
115577.16,-3.1868384,1.4495147,-0.8469804
115902.125,0.5028486,2.1817567,0.5965654
117929.83,-1.945059,1.6341268,-0.6806628
127710.555,0.23950703,2.97376,0.52470416
127494.59,-1.7379956,0.2625699,-0.42078006
118019.26,0.0052659498,2.002165,0.5771524
124814.72,-2.5398073,2.7312257,0.6813063
123622.19,-2.2603655,2.6734254,0.5450374
125136.76,-2.672641,1.943919,0.6974967
124951.76,-3.5825942,1.8016155,0.37877682
121013.75,0.06369182,2.7583156,0.72336775
127514.67,-2.1428537,1.9134707,-0.8318053
125758.08,-1.9376078,2.8288777,0.44309485
124899.79,-4.4238505,1.603432,0.5331766
130142.06,-2.0399873,2.8218093,-0.58665496
129107.75,1.4232292,2.3992388,0.5745445
134608.97,1.1078012,0.9584098,-0.74886626
117885.98,-2.9004784,2.8121781,0.6069812
133879.95,-2.603719,2.854389,-0.38664418
131221.34,2.2008126,0.7955145,-0.76110303
118833.21,0.08191875,2.6070561,0.46954843
122976.51,-2.1283789,2.8441622,0.34358284
134527.97,1.5248878,0.83822185,-0.67620456
115404.664,-1.3349795,2.8483076,-0.47983956
130781.89,-3.7992184,0.32573238,-0.5764218
117265.445,-3.4331892,2.8584177,0.9491413
131724.27,-2.8394227,2.5261202,0.6442947
134292.77,-0.5059496,0.013527722,0.3643599
119461.08,-2.3314455,2.377173,0.8662899
122149.836,-0.808906,3.201853,-0.5768209
115570.69,0.061693583,2.7783182,0.584971
116299.52,1.3133221,2.581111,0.6844247
118861.78,-2.5008779,0.97118694,0.5137383
116184.27,0.62708783,2.2859612,-0.60388476
122915.5,-1.5301951,1.4509983,1.079894
116400.98,-0.27513194,1.6187359,0.6544352
126136.57,-2.4675987,1.338981,0.6415385
120137.99,-1.2552437,2.5241413,-0.6310174
134056.53,-2.3499334,3.0505836,-0.79575986
120403.36,-1.6741577,1.2854875,0.8520402
120105.445,-3.7726612,2.8375304,0.8650079
125755.56,-0.008244018,1.357472,0.5297112
125685.67,-3.6373482,2.9407957,-0.48068288
129965.22,-2.1230962,-0.037645906,0.057038534
129660.03,-3.2022364,1.5094526,-0.5551838
128935.62,-1.8702767,3.017348,-0.48962283
122053.98,-2.744275,1.853269,-0.51497906
116780.54,-1.710023,2.604276,0.5704166
120573.836,-1.8273004,1.8954598,0.9014614
115718.97,-2.734694,2.9928923,-0.43877903
121090.25,-2.7624521,0.9542431,-0.8559478
127605.8,1.6347641,1.8200593,0.6415859
120558.42,0.047486883,2.2484736,0.32727924
127128.9,-2.7185955,2.0427935,-0.4586714
126405.0,-0.0049043247,2.784732,-0.96986157
127897.02,-0.27499932,0.3057518,-0.66119146
117911.086,0.5393714,2.062527,0.5890397
125805.74,1.5806353,1.2243992,-0.6086169
128671.07,-4.617207,2.1384811,0.39848632
122591.49,-0.85393906,3.0803034,0.47015753
120343.03,-3.4378436,2.3266175,0.78660506
122702.89,-0.59324527,2.6449063,0.6124061
134168.31,-1.4699883,1.6742268,0.6155877
117418.16,-1.6460096,2.8400254,0.6871747
128446.55,-1.6750004,1.8442206,0.40059578
115013.34,1.2682587,1.2803812,0.8532814
123497.46,-3.7804477,3.0350568,0.56454957
134494.62,-1.6572381,2.032315,0.5252532
133668.78,-1.9589936,0.4766098,-0.531046
120400.74,-1.2266268,2.0348878,0.5614458
118700.766,-1.0761749,2.527795,-0.8130302
120392.14,-1.7747009,3.1207933,-0.3619661
128640.18,-0.8648088,1.0861573,-0.63395953
119552.41,-2.5785463,2.7191381,0.7779174
131386.48,2.7830303,2.0216985,-0.6831551
116076.305,-1.9839633,2.875173,0.26676697
115336.836,-4.0165443,1.8885707,0.95190144
118116.01,-2.3179612,2.3775594,0.5948722
128483.88,-1.444636,2.8931015,0.5173208
118914.62,-1.4885501,3.039643,0.85976774
121015.95,-2.3437068,-0.20062618,-0.51872915
128184.945,-2.418204,1.9489635,0.26265123
127215.97,-1.7165536,1.3941674,0.68952245
130764.805,-3.5976646,1.2116059,-0.91963536
117387.15,-2.5536609,0.6969453,0.7273484
134803.69,-2.7150357,0.24005413,0.59845406
124502.53,-2.8940868,2.8794546,0.3425231
130256.15,3.6398482,0.6072751,0.65023696
126935.54,-1.4440823,3.1661432,0.49482593
132911.12,0.7108154,2.815058,0.6557818
126620.914,-1.3200914,1.8287889,-0.46357894
127955.78,0.5641809,0.6615703,-1.0871352
117924.5,-3.9896882,0.97931385,0.5448903
129485.37,-2.5348673,1.9268043,0.9671171
130159.92,1.3382074,1.5835243,-0.8101143
124037.15,-1.2337064,0.70385724,0.3817779
119108.44,-3.2143898,0.73155385,-0.4038222
121166.54,-1.7588241,0.67772686,-0.72142106
116997.55,-2.20231,1.9524373,-0.90571177
125568.805,-2.9338882,1.5481702,-0.5607449
123630.805,0.05269635,0.14061339,0.42272633
123117.93,-1.9982796,1.8493905,0.6921613
125028.91,-1.4932553,2.8202639,0.80666995
117680.95,-1.5797333,2.9188466,-0.5612491
126243.21,0.8486931,0.46757683,0.7065572
131393.52,-1.2286714,0.12460979,0.65265036
134883.44,-2.705195,3.0459561,-0.75184053
132727.16,-3.2426338,2.7039666,0.46721813
117565.86,-2.9811552,2.129636,0.6966411
116105.78,-3.220451,2.402145,-0.25028667
119992.18,-2.7071247,0.95880085,-0.63942146
123823.69,-3.1680243,0.29389313,-0.37667483
118143.28,-1.5085486,0.3670697,-0.48483357
123420.96,-1.408074,2.8358948,-0.42022362
132418.53,3.7782247,1.6246153,0.72048163
122549.086,-1.90772,1.5008756,0.27417988
123606.12,-1.9270875,2.901589,-0.581222
115914.195,-3.8434703,2.4601579,0.38521683
127065.695,1.6235522,1.4968165,-0.6367438
128583.58,-3.1451008,2.905207,-0.56661683
118938.98,-1.6231958,1.9074277,0.5654979
131957.27,0.51651806,3.109741,0.42028192
133409.6,-2.185598,3.115096,0.592024
126356.67,-2.6120186,0.6959883,0.8359304
118529.92,-2.8746502,2.1518972,0.029061386
123040.1,-0.42601466,2.5074873,0.55094904
124492.32,-2.3323662,2.7183642,0.8518832
118764.08,-0.5106391,2.0833085,-1.0776286
117274.55,-3.212545,0.8220479,0.78048426
130960.04,-1.4381953,1.2742792,0.76225126
117125.516,-1.4646311,2.4865735,-0.49039814
123687.24,-3.0242774,2.8366957,-0.6390797
122053.14,-2.9999785,2.575046,0.60139096
128872.29,-1.0359612,2.353767,0.3802583
119652.875,-0.90408367,3.1034067,-0.3946885
115823.99,-1.9254031,1.3661691,0.9337504
116301.95,-2.4456966,2.3988402,-0.33105406
125468.79,-0.88478357,1.3537217,-0.70609224
125042.2,2.0754266,2.952697,0.5481754
133293.52,2.360239,2.7249446,0.5350278
119993.24,-1.3284503,3.1411712,-0.8343095
119567.73,2.483319,1.2203034,-0.64135647
115545.89,2.4725268,1.7980413,-0.4567638
122156.81,-1.912628,3.0211241,-0.7068019
118228.57,-3.6900852,0.18582468,-0.37595013
130858.195,-1.6356877,0.7485546,0.9903092
116025.2,-4.068384,2.3428323,-0.97233766
118221.73,-3.0027072,0.59055233,0.55553055
116107.836,-2.8143668,1.6125357,0.61541766
115684.27,-2.7107246,1.5853125,0.5510711
115576.305,-0.35840076,3.1599534,-0.35904342
129202.94,0.18973021,2.8937438,-0.64287305
125671.836,-3.3972561,2.9152703,0.62740785
132792.11,0.024447232,3.0292819,-0.55510145
121465.266,-3.452573,2.6754236,0.6055901
124639.266,-1.892738,2.5997388,0.60737836
134862.33,-2.5141673,1.4992732,0.6768302
132786.53,-3.13867,1.4731385,0.47863626
116409.87,-3.3746083,3.0058763,0.5573206
122642.266,-3.8881352,1.3158267,0.85282326
132621.03,1.7550391,2.7722912,-0.23583756
133234.03,2.8366377,1.2439042,-0.64792967
118896.94,-1.5735309,1.5744575,-0.46575046
130555.664,-3.001599,-0.091846354,0.9772915
123585.59,-0.49988124,1.3108423,0.6129428
115312.336,-0.3915728,2.8495293,0.38271856
128879.09,-1.2616117,2.8395398,0.61941415
131147.8,-3.103505,2.9157693,0.688936
115445.64,-1.218229,2.2784078,1.0346407
132581.52,-2.7036545,1.3671223,0.6191842
126210.15,-2.5940504,2.6642685,0.4606036
117937.39,-2.6516867,2.217369,0.46599546
119315.24,-3.2477884,2.1669405,-0.90712667
121959.42,-0.55213743,3.0857937,-0.47427088
133256.77,0.0711227,2.7916925,-0.26101184
128883.79,-2.3737948,3.0546126,0.44600362
125570.87,-2.3824396,0.240278,-0.47467604
134002.81,-2.368846,1.7488124,0.5176952
131358.58,0.8400161,1.7448062,1.0464243
121911.19,-1.4234923,1.4439327,0.67491055
118296.85,-1.5865449,1.7197984,0.6396456
120226.08,-0.15854435,2.5126395,0.46194658
123718.43,-0.7665012,1.4345201,0.85196763
117252.805,-1.091504,2.4725978,-0.5403332
133746.98,-2.6451235,2.8952873,0.6410237
126556.48,-0.46558195,0.9951991,0.65200275
120952.14,-2.7838306,2.854559,-0.67680305
129059.805,2.3855934,1.150454,0.6526789
134674.34,-2.2428663,2.8620124,-0.41901132
125057.82,-1.5597279,1.6414366,1.194672
126670.27,-1.8697174,2.6606615,-0.52521354
131701.0,-0.9521092,2.4096901,-0.61113983
123511.2,-1.7477157,2.8342686,0.7685613
117541.72,-2.242071,2.697234,-0.5735131
133899.8,-2.2286305,2.2781296,0.8385776
115176.48,0.1542014,2.492541,-0.15598585
125666.67,-1.3959227,1.4692813,0.6594109
126360.88,-2.9634936,2.6448221,0.5787014
126615.56,-1.4758167,2.8626502,-0.5332261
130941.23,-2.4480898,0.39410537,0.6547704
130611.3,-2.6164877,2.620347,0.47563353
124401.734,-2.8090837,2.7079096,0.73918843
115481.875,-0.81079197,0.40491775,0.64118266
123940.586,-2.098676,2.0470736,-0.6455009
133776.72,-2.6363156,0.81362194,-0.733781
121184.1,-0.32034194,2.2928448,0.47174615
121782.27,0.15648825,3.07105,-0.51893413
118661.445,-0.5362232,1.5163213,-0.63042915
121545.375,3.2049992,2.6704466,0.5674888
134901.6,-3.7206807,2.5519102,1.2157387
124157.94,-1.438185,2.8967261,-0.53467894
125523.75,-2.130241,2.562319,-0.5301997
133228.94,-1.2240171,1.3114463,-0.7102222
134095.06,-3.0778654,2.320095,0.6200805
120639.53,-2.101806,1.2056929,0.48888344
128053.19,-2.8704557,0.20397465,-0.5300335
127469.79,-2.3223422,2.3054235,-0.8762096
123159.83,-2.3466291,2.548567,-0.46004862
127856.32,-2.296471,3.1005957,-0.33173323
116282.22,-2.0273445,2.5329928,0.84590876
127162.01,3.4535906,0.9808218,0.5448042
118920.766,-0.53106606,0.22193506,0.37213984
130316.125,-1.8434881,2.9755108,-0.63317424
123363.95,-1.6825664,1.8316151,0.57171345
130526.25,-2.5255544,0.022414595,-0.022766482
117048.94,-1.1126646,1.0692468,-0.67053384
127559.836,-3.6543212,1.3516936,-0.37890497
124942.11,0.8524829,1.0124145,0.4726909
125166.016,-2.6498013,0.104803465,0.38140056
124030.18,-2.936656,2.8652568,-0.31835964
121405.77,-1.5213577,0.63038474,0.65045446
115388.75,-0.15147269,3.0960765,-0.7010616
134623.28,-3.2977362,1.3685703,-0.6776164
123554.484,-0.41205043,2.7482853,0.79509354
115718.81,-0.19622879,1.2477565,-0.42640063
118263.41,-2.7513807,1.6652026,-0.52236146
127014.664,-0.93953913,2.4205709,0.8514386
115832.086,-0.9445144,2.7878547,0.5727311
117905.516,-2.1452816,2.9365385,-0.7683962
116556.734,0.8020241,2.6488664,0.41435298
127211.16,-0.5411337,2.7213097,1.0950764
115312.24,-3.7462168,2.265403,1.0873652
130876.13,-2.8694692,1.9028254,-0.35784796
128040.9,-3.204006,2.2335062,-0.6314312
123025.21,0.055449866,2.654575,-0.5960675
128855.07,-3.133425,2.6556559,-0.40393585
125293.484,-3.183238,3.1135097,0.4751168
130741.75,-0.8846365,3.1340008,0.25985405
130224.43,-0.052872684,3.093299,0.77904934
118176.06,-1.431186,3.1083982,0.32352164
133031.7,-3.2641006,2.655628,0.92219484
129828.02,-1.8390232,2.6893706,0.09916629
120012.125,-2.3467383,2.3289454,-0.73195326
130291.234,-0.6000245,2.114783,-0.53382635
120833.336,-2.8540676,2.660818,-0.8501454
119151.01,-0.48300952,0.21422713,0.2708335
129939.164,1.0689406,1.9594867,-0.49817577
130919.164,-0.86165303,2.0269763,-1.0034711
129433.9,-2.0871236,2.419256,-0.5301405
121532.75,-2.2539432,2.721106,0.46910816
128313.414,-3.3592296,1.9414693,0.75891703
117869.72,-1.2712564,2.4024937,0.49556783
125018.086,-1.7962878,2.0960164,-0.449245
116933.41,-2.515722,2.6443877,-0.7025473
116684.35,0.98060215,1.7875087,0.6571588
130346.95,-2.9404888,0.854711,-0.67180586
132348.84,-1.9982737,2.4591484,-0.4884917
118501.23,-2.116165,2.4772692,0.3132447
128007.77,-1.0023996,0.32164216,-0.5544117
121567.75,-1.66812,0.20289885,-0.55822486
127423.63,-2.1596558,1.699331,-0.7570081
121945.01,-0.8658716,0.6299308,0.44140375
121709.6,-0.8492662,2.6141143,-0.6269516
126349.016,-1.1104205,2.810762,0.73085535
129875.66,-3.3409832,2.3993187,-0.70213675
127614.414,-3.0621316,1.2722148,0.19850184
117438.27,-1.999716,0.8524297,-0.5490296
116849.39,-0.9844847,2.9546328,-0.51033944
116301.23,0.4713335,2.2928648,-0.8278626
119896.92,0.08345549,0.5208132,-0.7638491
116865.51,-3.4517877,2.99193,0.5460554
115644.82,-2.2250447,1.3629153,-0.5288254
124587.43,-3.2216985,2.2173994,0.49594858
117370.65,0.8787045,0.77353007,-0.5236605
123645.4,3.0326583,1.1272615,0.795846
132759.69,0.08552054,2.9106004,-0.39516845
119663.19,1.7269425,0.20353554,0.47038642
119763.19,-2.0984085,0.6485946,0.5386526
121375.46,-0.10388283,0.3240156,-0.5531354
117585.06,-1.9085737,2.0623398,0.8421028
130967.94,-2.521779,1.3568476,0.85795647
118727.4,-3.0209138,1.3208994,0.86134636
118029.11,-3.365442,0.15259887,-0.5013947
128750.664,-2.6778789,1.7710177,-0.8072446
130554.93,-2.4981415,2.8117738,0.03756291
118555.75,-2.540498,1.3531,-0.40840328
117079.0,-2.792195,1.6872342,0.50365704
115053.62,-1.8842492,0.55596447,0.7623219
122718.234,-2.4624803,0.1733972,0.77449596
129887.266,-2.1547887,2.245202,0.71419746
134603.4,-0.8333843,2.8473,0.6944195
120929.43,-2.2633162,1.7505915,0.6958409
117253.6,-1.7989721,2.8085449,0.33554476
116519.9,-2.449738,2.7969074,0.73232883
131433.62,-1.6482832,1.0198538,-0.49634618
119581.875,-0.86324966,2.3827524,0.605094
125961.984,-1.8756918,1.1991347,-0.48134136
118901.54,-3.1944382,2.611266,-0.6904239
120064.46,-1.1750321,1.7837207,0.56701106
117481.44,-2.933816,2.6205578,-0.97114396
127237.69,-2.1800857,2.540592,-0.6589528
120263.31,-0.7394751,2.8840122,0.6834265
117596.195,-2.5742717,0.45814037,-0.6394244
130352.2,-1.0222028,2.6268342,0.4367117
117109.53,-2.3561947,2.4218802,0.51339173
126816.31,-0.028050397,1.007984,0.6546245
115094.086,2.1204588,2.194878,-0.1698621
124136.95,1.664108,2.4855719,0.67459
130724.336,-1.6857924,0.33337557,0.46743077
127482.43,-0.6380654,2.8226964,-0.46197134
120003.484,-0.5292193,0.79413515,-0.9831687
115545.33,0.7862256,0.9101987,0.76418465
120036.6,-2.203201,1.3440555,-0.786134
123678.89,-0.5141575,2.1471791,0.6564278
125314.555,-1.0989159,1.812798,0.8458246
124512.11,1.016536,1.3130462,-0.6263199
131927.34,-2.001966,2.892309,-0.31803414
115538.67,-1.2983335,1.9267604,0.5500961
126412.54,-1.3998792,0.44027963,-0.38594392
127569.19,-2.2717988,1.4641225,-0.5135524
127292.83,1.0750731,2.7084515,-0.5642223
121387.53,-2.8154292,0.42874956,0.58215547
115845.56,-1.3474057,2.083603,-0.6260279
116535.125,-1.672114,2.7726035,-0.42652577
131362.34,-1.6530302,2.0530312,-0.69265306
117229.85,-2.9620433,2.002225,0.7858004
122281.53,-2.664024,0.30609065,-0.55777824
124673.34,-3.7384772,2.517946,0.39600873
116534.04,1.5430276,0.39350167,-0.5637615
126100.02,0.33945882,2.6083894,0.8007941
126590.06,-1.018484,2.956521,0.36611676
116371.32,-0.7915484,2.1061046,-0.7176989
115857.47,-2.7045221,0.55224997,0.6169052
122750.36,-3.0366776,2.833936,0.23143663
119812.82,-3.177417,2.984606,-0.81328005
120625.91,-2.5985918,2.6372936,-0.43323565
131053.586,-1.734971,1.5802789,0.86916214
134177.6,-3.3675601,2.183206,0.9383385
133980.34,-0.86951715,2.8132105,-0.5569266
115950.41,-3.3213692,2.5703573,-0.61868125
133001.23,2.7800493,1.9098414,-0.77154005
134097.75,-3.119757,0.75148886,-0.67035496
127404.734,-1.9369438,2.6875918,-0.25247198
119204.914,-0.53946817,1.8562062,-0.5563984
115853.62,-2.5057995,1.4491751,-0.77191496
131723.97,-2.9903445,2.4667563,0.56235915
119234.32,-0.8995465,3.057347,0.61544764
126479.23,-0.00076044584,2.4624367,0.84091276
116141.97,0.63262653,1.7450136,-0.61778617
133166.8,-2.5940738,0.7915223,-0.6835579
123358.195,-2.9317336,0.19664808,-0.583145
125239.59,-1.5999881,2.5885937,-0.5467776
118962.79,-0.8485095,2.7910523,-0.7179226
117771.92,-2.5380394,1.3799641,-0.56094056
130354.45,0.072134905,2.985265,0.39697346
118339.34,-2.6004395,1.3538164,0.9781577
119098.23,-1.4017913,0.35405415,0.4677577
119943.945,-3.3326685,0.29450187,-0.59989977
116669.66,-2.067133,2.787239,0.6348881
119430.04,-3.5604234,0.9820056,-0.64549714
115758.7,-1.7724096,0.9415004,-0.6243785
118412.11,-2.8838608,2.8724337,0.55588776
131851.34,-2.3266306,2.5236104,0.6849231
128967.305,-2.9005125,3.1373878,0.43836358
125502.73,2.290989,1.5548766,0.5894229
115322.5,0.3684591,2.122432,0.7730263
131623.56,-2.3039947,2.6037452,0.4845527
128856.21,-0.5790144,2.1481967,0.8615868
117781.18,1.1425703,0.78860885,-0.71207744
119247.46,-2.978298,2.4814773,0.6686814
123554.41,-2.9579072,1.4167044,0.5204827
115963.53,1.472707,0.9995018,-0.5266041
129253.11,2.670753,1.7046856,-0.5922232
116429.36,-3.690289,2.996476,0.55560935
121686.67,-3.7958689,2.9140818,0.30378628
124426.38,0.7696315,1.6591096,0.582431
129509.19,-1.1650361,2.0084696,0.57982796
134431.12,1.5757805,0.30393827,0.8656819
124646.37,-2.6101882,2.762789,0.42335665
118012.625,-1.7462176,2.5147564,-0.55798215
118326.22,-2.539355,3.0781837,-0.77129585
119460.08,-1.4351779,2.441375,0.74968785
134910.0,-2.2568083,1.5181392,-0.7970723
128036.65,-3.6575403,3.299965,1.0162818
127169.0,-3.2817972,1.7029393,0.38374603
125654.15,2.3581815,1.9979,0.63725734
122290.27,-0.29861656,2.2272525,-0.5695357
120266.805,-1.3047594,3.086606,-0.5991314
128821.92,-1.3992245,2.976666,-0.5135524
129599.695,-1.4231589,2.984446,-0.35721087
134196.3,-3.22591,2.3793874,-0.33329785
131857.69,-2.1202137,0.73694825,0.4954926
117976.17,-0.7514614,0.96409976,-0.5760259
122982.39,-2.1399841,1.3663864,0.6004713
133097.03,-2.487379,2.4555328,0.41626424
119160.305,1.4102713,3.06684,0.5066405
125096.445,1.4028205,2.008487,0.7540444
122040.09,-3.0842936,2.2434444,0.8060126
130384.81,-2.5101743,3.061863,0.449222
119265.12,-1.28832,2.8828468,0.43269384
117335.92,-0.44188827,1.7925907,0.56265235
125269.805,-1.875804,2.4339104,-1.0113559
126297.51,-2.2238884,1.0877349,0.42562264
117403.21,0.8287486,2.736242,0.63262767
129143.664,-2.01929,2.626188,-0.5401727
127986.99,0.003012509,3.0467713,0.6868183
117874.67,-2.2403452,1.6966482,0.6216748
124064.98,1.115697,1.0710617,-0.9017351
131153.75,-0.9073483,2.4026325,0.58612645
122080.73,-2.5204747,2.49687,-0.71931505
123975.234,0.083501294,1.5599235,0.9078704
134144.38,-1.4750556,2.8932667,0.6084051
128332.27,-2.6421645,3.0353963,-0.7069016
125170.984,-2.9806046,2.8234096,0.39266077
128203.234,-2.9039237,1.951773,-0.5794337
115304.27,-3.6269336,1.9726336,0.49069306
120293.36,1.7122861,1.8858773,0.87400407
118862.42,-3.3698537,2.7622879,0.57834935
130917.33,-0.74531996,1.0112191,-0.62860966
121147.12,3.7820249,1.7295827,-0.833778
116146.875,-2.543818,2.5627944,0.6687051
116372.85,0.735999,1.886532,-0.7092736
126698.805,-1.5812818,2.6741543,-0.53758436
115674.96,-3.3160503,2.0982249,0.3187255
133198.1,-2.3077562,0.68398947,-0.75842816
118112.67,-1.0509069,1.6702228,0.44512233
129856.54,-1.6417493,0.9519785,-0.5025108
128007.734,0.08299364,1.3872962,0.77445996
125363.27,-2.5548444,2.067284,-0.7969266
116469.76,2.0675995,3.0259008,-0.6137224
128414.055,-1.1249429,2.6827917,0.3588994
122800.59,-0.08546509,0.6580633,-0.5338033
133657.28,1.0035926,2.4078965,0.74452025
124890.234,-2.061354,2.3427875,0.7276466
116045.16,-2.4963398,2.5266418,-0.7402341
127794.47,-2.7062624,2.5366917,0.7821745
126819.29,-3.9893644,2.5896888,-0.6047265
133031.4,-2.3706553,1.4992533,-0.49120522
132179.44,-1.8936934,2.7121587,0.88896257
115194.74,-3.3315175,2.9563394,-0.732239
125579.02,-0.6752267,3.0194507,0.39475062
122256.734,-2.5993068,2.2174156,-0.7551754
120990.734,-0.097234786,0.9553177,-0.5532
118017.37,-1.736433,2.6482496,0.8728814
115936.914,-2.2004786,1.9405177,-0.434973
118564.06,-0.2863013,2.7923439,-0.568173
119681.26,-2.9979546,2.4253893,0.47539574
120023.88,-2.0070033,2.781997,0.26039934
132741.64,-1.4916658,2.923406,0.84917384
116627.65,-2.4445975,2.9150517,-0.5448573
122910.74,-2.677364,2.9430287,-0.7574898
133046.1,-3.0921168,2.9291022,-0.46492308
118018.83,-0.11371697,1.4498026,-0.4191198
129170.97,-2.7402952,2.8986766,-0.65632814
134848.39,-0.20788723,3.0049314,-0.54798955
115241.54,-0.20981073,3.011976,-0.61161727
129398.62,-3.8213727,2.6061213,-0.5715153
127322.33,-1.9151078,1.2091172,0.81050867
115661.625,-2.299997,3.1300786,0.42567897
133309.88,-3.1594098,0.8810768,-0.77016395
116370.19,2.695019,2.276666,1.1803001
121372.43,-1.2467682,2.335502,-0.67946637
129887.03,-2.3120933,2.6998124,0.70315665
130948.734,-2.5326273,1.2985457,-0.4475999
129470.03,-1.1301627,2.8307948,0.36540857
120467.56,-1.6615938,2.8553052,0.5512442
120185.414,-3.128767,2.1973631,0.5913076
130559.23,0.14218685,1.8989861,0.8618549
130092.66,2.4503381,0.1945426,0.19278859
131228.78,-2.8741145,2.395207,0.5889206
129999.66,-0.36979574,1.0700507,0.80201966
117862.65,-2.4113803,2.8745012,-0.5120546
129999.59,-4.0290856,2.642309,-0.4704834
130061.79,-1.0702635,0.64881974,0.5629349
126610.78,-2.4974353,2.5253565,-0.71370685
126682.35,-0.5138365,1.2502408,0.54718626
128131.09,-2.9623716,0.79658544,-0.8060506
132560.62,1.1526896,2.6727035,0.6707149
118670.23,0.073230796,2.7811425,-0.70118535
124088.984,-2.9796686,3.1204169,0.7168333
132553.0,0.5407318,2.0172415,0.84256893
123129.98,-4.0236373,2.723516,-0.6057675
130877.0,-2.3539653,0.17464529,-0.79794574
117414.97,-3.084577,2.5831087,0.29716572
120321.46,-0.23119277,1.5567043,0.6102959
134972.52,-2.8815725,2.3008244,0.70646775
134559.58,-2.3090794,1.6168365,-0.61796176
126582.27,-1.6030911,1.1089783,-0.86333543
128324.1,-1.1673427,1.2827275,-0.99903893
115391.28,-2.1985915,0.5323892,-0.49607006
131751.16,1.0034555,2.8410425,-0.43842277
127636.4,-0.64918625,0.40877232,-0.68092984
127533.45,-1.5556122,2.6274757,0.7903097
124286.41,-2.4036033,0.7367399,0.47078714
123762.36,-0.5032306,3.0733109,0.5442871
124505.945,-1.7833451,2.6871922,-0.6999313
123705.51,-2.4572275,2.9492245,-0.7933218
121903.805,-2.5847309,2.3475842,-0.71564186
131137.31,-0.3369767,1.6966482,-0.8193014
132120.55,-1.2753342,2.633627,0.62033147
128161.34,-3.7334638,2.9525878,0.32352716
123795.53,-3.3770292,0.5585325,0.5046152
118373.6,-4.376077,2.6178393,0.23367319
117856.0,-3.483911,2.1559408,0.45800677
131362.58,-2.5856638,0.9283927,-1.0168755
119667.88,0.51372904,2.4226406,0.47978902
119757.85,-3.829262,2.7956786,-0.63562834
117332.7,-4.433712,2.6209834,-0.7223649
116860.77,-1.7680621,3.075311,0.3844817
131537.73,-0.32433602,2.203873,0.6055894
134501.92,-2.9109662,1.6799679,0.6307421
117807.445,-3.0549548,1.5204607,-0.5552047
124134.664,-2.910215,2.1144032,0.62344897
115954.66,-2.3797474,1.9604684,0.4396146
116960.055,-2.826698,2.6037858,0.6208306
127325.4,-3.2645864,3.1510892,0.5143449
116788.29,-1.0446776,2.141994,0.58664197
129185.49,-4.2630982,0.22749329,0.48182595
133552.25,-3.0557616,2.8306026,-0.8503049
126855.625,1.4643428,2.360078,0.594703
128772.555,-3.0482948,1.8637,-0.7150281
121591.81,-1.8653775,2.7586124,0.46009505
122715.95,-2.2093587,1.8984882,-0.7614701
118478.125,-1.1294746,2.3403952,0.46425802
124956.24,1.1758804,1.0037222,0.40922067
123298.52,-0.15152882,2.8100066,0.48122308
117747.71,-1.2099771,2.111432,0.74201167
127518.82,-1.6528659,2.933653,0.71863097
129611.77,-1.9359881,2.761527,-0.6007002
126915.766,-2.4715385,2.9727225,0.37946808
129780.46,-2.7752848,3.0459158,0.84733033
122612.09,-0.43415293,2.4971755,0.5455645
132675.27,-1.9197745,2.715736,-0.5223198
129322.44,-0.38354367,0.5105064,-0.7196672
127901.164,-1.9532499,2.3724697,-0.65503436
127421.06,-0.29716936,1.6039714,-0.83695364
134934.7,-2.5606718,1.9918644,0.24017575
121076.27,-2.695931,1.7728473,0.7115691
132391.97,-3.3502614,1.7959838,0.88828033
125372.75,-3.579272,3.0470753,0.32034084
126395.84,-1.2129091,1.5539244,0.65561384
118765.32,-1.9566065,0.27618948,0.25958702
115156.82,-2.9315333,2.0666754,-0.74627924
128787.86,2.7440293,1.8742341,0.6645931
129379.984,-2.89433,2.7078612,0.9520508
134596.58,-1.2614017,3.0692043,-0.69066036
134451.61,-2.0378337,2.9204988,-0.25799352
115500.586,-1.5042422,0.17498404,0.4693529
115927.49,0.7617212,2.6581101,-0.7607017
123167.06,1.9268352,1.3213427,-0.638202
116291.09,-2.5185134,0.2634647,0.4444323
116320.69,-2.1383297,1.9643366,-0.50751287
131965.03,1.1206937,2.4777303,-0.6902994
125140.57,-1.2102293,0.5667419,0.45945224
116996.7,-4.222729,2.6771367,-0.51034933
122192.55,-2.317173,3.0330997,0.5412919
116388.14,-1.7838104,2.1150353,0.6163209
122072.86,-3.6296887,3.1131303,0.5063029
125848.65,-0.60906065,2.7197595,0.7599589
127021.84,-1.5823659,1.9844387,0.6325886
127838.234,-0.7375953,1.7036341,-0.6852981
125994.805,-0.87475556,2.9594748,0.4926159
128912.93,-2.4950507,2.8404374,-0.46896636
115764.195,-4.0365653,2.0126948,-0.80196047
123044.99,-2.6084893,1.3390913,-0.5304527
131728.45,-1.5123584,0.9341477,0.5725498
116915.17,-0.43699875,2.4882512,-0.54915714
116056.11,-1.4156392,2.793516,-0.64800805
134916.28,3.617479,0.23613994,0.4730098
122760.125,-2.1783907,2.640805,-0.58250856
115921.9,-2.5188057,3.0434315,-0.43032384
122354.2,-3.7410471,1.5767574,-0.7795419
118714.72,-1.0119007,2.1011097,1.0898566
118355.58,1.9611909,2.3879914,0.68201756
116904.086,-2.7287157,2.3014276,0.5628185
129393.93,-2.582939,2.9453366,-0.48339853
124319.21,-0.91865236,2.9573312,0.44540468
119493.62,0.097460024,2.4455726,0.8553261
132872.52,-1.402629,1.5238818,-0.8762835
118340.055,-3.0824735,2.7980833,0.48952478
118520.414,-1.1879305,1.3404275,0.79190886
119846.69,0.44973657,1.5388021,0.7172479
128335.664,-3.4757853,2.3359795,0.6161453
115353.6,-3.85705,2.9199564,0.6217602
131319.81,0.65958244,2.3423495,0.70356524
118173.7,1.0923437,2.9311748,0.53208214
127659.16,-0.9237606,2.680131,-0.79424345
118494.33,-0.23702458,2.9855695,0.31388354
131938.44,-2.4191594,1.4390006,0.49420702
115944.17,-1.2011459,2.715445,-0.4932581
123098.984,-2.8787794,0.71583074,-0.6030255
123531.445,-2.5699315,0.93552524,-0.6397202
134748.36,-4.4248114,2.06788,0.56664866
132290.55,-0.6103732,2.8900208,-0.44134492
119454.03,-0.98367184,0.20109646,-0.6169511
121285.03,-2.4507747,0.30634034,-0.4883557
123589.48,-2.934912,2.5091949,0.7107835
123378.37,-1.8698585,2.917696,0.47150427
122492.016,-2.3547258,1.7694561,0.7312586
123065.016,-2.792271,2.2483723,-0.8548273
120872.95,-2.0515056,2.8497572,-0.37330616
132458.44,-0.33035794,0.91749114,0.5354494
123550.46,-3.4722178,2.739019,0.46794325
133626.94,-1.7227912,1.684077,0.36078694
127970.01,-2.855976,1.372206,-0.7470218
126600.38,-1.1870822,3.1011212,-0.36661974
126066.8,-2.0765734,2.707886,0.49816784
132397.95,-1.4194942,2.9533918,0.44234955
125517.195,-2.8724747,0.5801055,0.63521147
122891.336,1.3172896,2.9671419,0.43998536
133190.25,1.1090404,1.6964504,-0.79093814
125602.24,0.28835502,2.7936308,0.77638066
126608.81,-2.9619849,1.6734408,0.5416063
115595.21,-3.0615385,0.32454306,0.58398896
119702.72,-3.7311242,3.0665283,0.67327076
126638.16,-3.1698794,1.2676116,-0.5881364
123957.03,-0.19645472,1.395618,0.954087
117723.125,-3.4034472,1.7040392,-0.5038755
119861.805,-3.672561,2.882298,-0.78175604
134509.66,-3.386165,2.1161444,0.44525477
127118.38,-0.8020303,1.9507724,-0.5882424
115623.484,2.8709438,1.7872856,-0.7689659
118488.55,-1.7716656,0.34743816,0.4508142
124620.79,-1.2754482,2.4499464,0.78983855
115359.516,0.2506499,3.041376,0.59105855
117109.91,-1.7373092,0.2818585,0.3246541
132380.69,-1.509099,2.4511037,0.9491244
119181.63,-1.188944,1.6968719,0.54948467
121251.15,1.1289297,2.4170396,-0.9485672
121230.53,-2.7191033,3.090798,0.6115629
117313.695,0.94184834,0.8306566,-0.5720478
118735.22,-2.0727205,0.892133,0.5410582
116190.26,-2.1059127,2.2241778,0.38105562
130661.95,-0.59308684,2.7284913,-0.3511693
129812.586,-1.8815731,2.9361527,0.58955413
128611.37,-2.0010104,2.7367918,-0.5523308
116417.87,-2.62244,1.9435092,-0.8018333
131313.08,-1.1786398,1.4634001,-0.8040679
122101.4,-2.3156857,1.1894579,0.5614832
117962.35,-3.1014736,2.6959317,0.4904558
122987.81,-0.8700596,3.09152,0.40581295
121504.5,-1.0678943,2.2714803,0.65085375
120253.0,-0.47167102,0.46454245,0.6462931
133635.69,-1.2470124,2.541548,1.0258166
127517.43,-2.4393554,2.17592,-0.45974255
118437.5,-2.5207617,0.5750098,0.5396728
125571.625,-1.0993705,2.461439,0.7590564
121413.6,-3.1912565,0.14023726,0.3217496
124147.09,-3.3170745,1.8476021,-0.94091606
133725.67,-2.9515266,2.929321,0.6881082
127693.37,2.5610077,0.7410584,-0.6448148
115356.07,1.167178,1.6983261,-1.1633884
126772.66,-0.83401006,3.068579,-0.74773157
133993.92,-3.0711923,2.5724688,-0.7594089
125862.195,3.2350554,1.8972874,1.070053
121235.63,-3.6072614,2.2024107,-0.7177564
131220.22,-3.223452,2.4402347,-0.6239999
117465.984,-0.7485818,3.1576264,0.3015189
122705.5,-0.6687863,1.6614125,-0.37283832
125514.44,-1.9700297,0.296534,0.4179762
128397.125,-1.4002914,2.2175937,0.6551042
115710.58,-0.49493763,1.9565765,0.6622065
127315.66,-3.789642,2.8120365,0.64323527
133080.52,-3.0335932,1.1569065,-0.78555715
120072.06,-1.5960178,2.207564,0.86233085
122459.55,2.1391296,1.3310192,-0.5617069
127530.41,-2.9467201,1.2493502,-0.7865956
118359.37,-0.3955741,2.663578,-0.7335004
119809.04,-2.7075546,2.7851195,0.36956495
116343.64,0.36287114,3.102444,-0.75447696
128355.73,0.05718188,0.31170574,0.4057431
128990.42,-0.49066287,2.7109907,-0.71421474
115469.664,-1.4591817,3.0278635,-0.88162386
127803.58,-0.31106955,2.267327,0.56537
130742.72,-3.1351066,2.4856384,-0.40144464
115662.26,-2.6038697,2.9901807,0.35326457
134723.02,-0.99208426,3.136225,-0.39644253
119031.26,-2.4538054,1.650859,0.79462653
115547.836,-1.8080496,2.9638631,0.7411993
124841.414,-2.6744864,2.2823195,-0.6606782
116097.35,-0.8829362,2.429067,0.7564931
126527.87,-1.5959207,1.7067611,-0.6676233
120399.89,0.72319746,2.8890111,0.5441714
117438.81,-1.9264883,1.6832024,-0.6078057
115915.26,-0.5344591,0.6817112,0.64132977
123884.375,1.1531262,2.0685418,-0.67496294
121832.29,-2.075605,3.0631075,0.37161434
132275.3,-3.5517113,2.0707076,0.02020157
117349.016,-1.2190956,2.9267364,0.4555007
130489.125,-1.932262,2.7830653,0.8404693
116530.55,-2.5373683,1.5878295,0.7500839
116123.734,-0.79311645,2.901055,-0.56634235
134203.81,-4.3081703,1.2278607,0.53457326
120129.5,-1.993606,2.0531056,-0.714246
120150.51,-1.4515327,1.9498717,0.7463527
123491.07,3.5375428,1.9811565,-0.5687381
118745.875,-0.16331367,2.9781036,-0.34726194
132131.42,-0.91601044,2.2100902,0.56296
131359.95,-3.653401,2.4079952,0.36710146
124347.35,-3.3944666,2.5358498,0.6492867
131784.7,1.256341,2.8788314,0.6558789
128523.984,2.11838,2.1803205,0.35748175
120451.41,-2.2871718,0.26826736,-0.4269992
119793.66,-3.2659187,2.6380603,0.6157401
125938.11,0.5586002,2.969428,-0.4290078
131774.67,-2.3632534,2.0429456,0.5324057
130148.23,-0.5249563,1.6133548,-0.7113147
131879.48,-3.2494948,2.9774275,-0.6119427
132122.66,1.9569334,0.84409213,0.51079226
121616.75,1.1399232,2.1628737,0.50330377
123856.195,1.0873387,1.6407404,0.27075186
121074.28,-2.9934916,1.8419484,-0.48895225
121209.12,-1.2459278,3.106854,0.6082219
125880.32,-2.786669,2.8272114,-0.6237168
118938.47,-2.7839417,0.3844133,0.519621
116713.42,-2.587161,3.1387124,0.67601466
120883.68,-3.0264897,1.7532878,-0.7317433
120583.06,0.5101121,2.4055774,0.73389745
120278.57,-0.055386152,2.1356862,-0.67158145
133099.83,-0.19256191,2.869486,0.6122157
119687.25,-3.4570084,2.8216748,-0.47990203
128228.18,-1.7915984,-0.014037415,0.3508895
115092.12,0.61920995,1.8085979,-0.7462504
126651.0,0.024611859,1.3284348,0.68925005
119311.08,-0.40174547,2.9733672,-0.76068735
119315.86,-1.9030547,0.8212266,-0.569006
134840.73,0.07241766,2.0527105,0.7800734
120940.266,-0.8600185,2.614094,-1.0186558
119204.7,1.8806009,3.108228,-0.61406386
119206.47,0.5891888,1.0693753,0.8055566
121695.06,-3.04526,1.4658588,-0.4627692
121947.23,-1.0867474,0.7436128,-0.67331594
132372.05,-2.4630504,2.8882153,-0.44631994
123307.875,-3.7759192,1.673176,0.5641501
119476.86,-2.6757205,2.9556792,0.22005004
126841.555,-2.072578,2.9925807,-0.3918037
129759.06,-2.4405673,1.3159564,0.661
129378.086,-2.8922484,1.7721337,0.89485973
117371.5,-1.3618349,2.1641972,-0.39886636
124070.76,-1.6376636,0.77413785,0.36595705
115542.41,-2.489966,1.7748079,0.59446895
132243.9,-3.2363799,2.4727736,0.6949842
131207.77,0.15817755,2.5220895,-0.6698109
122986.25,-2.625998,1.9891138,-0.7945361
119096.51,-2.6819766,2.9375827,0.54351616
130542.81,-2.631866,1.7894479,-0.605153
128541.61,-1.4729114,0.117860764,-0.33025548
123903.414,-3.498127,2.7105043,0.41908798
116254.7,-2.3458316,2.9084501,-0.6077467
128423.586,-3.210333,2.9933653,0.5064647
116028.59,-2.3122895,2.0621958,0.47160497
116339.78,-2.0253904,1.2047912,-1.0489211
130208.56,-2.1452408,1.9696748,-0.77318215
118125.96,-2.91352,2.9606998,-0.6507971
122807.86,-1.7833413,2.8075068,0.71088654
131270.08,-1.8947177,1.4013325,0.51971143
117817.79,-1.674829,2.0898802,0.5358021
116471.9,-2.9917772,1.6500802,-0.8325463
130745.484,1.2295992,3.115621,0.30741093
117782.7,-2.6283977,2.6587305,0.62056977
119664.734,-2.53806,2.0020585,0.3993774
117892.695,-3.577298,0.9331707,-0.60793334
116605.3,-3.6701508,2.4496155,0.8302704
134592.86,1.2728324,0.22586851,-0.43238974
129202.69,-2.165016,2.1933067,0.85579103
117320.516,-2.658246,2.924037,0.3897552
125398.28,-1.7423213,2.8074896,-0.63404506
127774.086,2.2539253,1.9740616,0.7529961
119023.914,-2.3937063,2.889478,0.24379434
129625.62,-2.1146035,2.843168,-0.21196438
118268.31,2.1269069,1.6045111,0.66307294
124882.01,-2.5477164,2.0161262,0.4599198
121425.016,-0.37993777,2.9493606,-0.27629036
126471.586,-4.3416066,0.92770386,0.67822784
123064.875,-2.4917583,2.1175275,0.7389854
120300.24,-1.6739601,2.9918406,0.57191664
117785.18,-2.1989577,0.14230911,0.5557366
121057.27,-2.2962697,2.6671665,-0.59680045
125481.055,-4.304397,2.3400948,-0.6392627
124861.414,-3.481359,0.9801132,0.96414185
123136.016,-0.6553872,1.8497585,-0.57329285
124155.66,0.43904072,0.5454346,0.37806666
128704.54,-0.82110626,2.735909,0.8199669
118362.375,-3.0306647,2.3303397,-0.3590346
120046.086,-0.8956706,0.14155431,-0.16591412
119622.375,-1.1560192,2.900641,0.4583765
129108.22,-2.8800602,1.8692064,0.6087987
124738.28,-0.50365865,0.9249314,-0.5988217
119065.97,-1.0109425,3.0347257,-0.5176564
115265.09,0.08535213,2.3472426,0.69241303
125620.46,1.8087835,2.9355476,-0.55748135
118785.49,-2.0992393,3.1522548,0.76065964
120475.13,-1.1432133,2.611125,-0.7962302
127834.72,-0.22280788,3.0280545,0.16760023
124366.88,-3.1374416,1.8296834,0.96530426
115899.016,-0.5298358,2.0809877,0.7215321
129767.86,-0.35143206,2.2083638,0.6471706
126255.2,-2.0248575,2.1974788,-0.8229558
123608.234,6.201228,2.3497508,0.5860198
127783.414,-0.20436363,2.5297146,0.6065702
121494.54,-3.0606987,2.8312485,-0.5903486
119597.87,-2.7332892,2.593183,0.3059717
133375.1,-1.5313675,2.8163803,-0.5634942
130383.11,-1.3030657,1.3998806,-0.8338811
117644.53,-0.6989858,2.7736306,0.37655628
129055.1,-3.45633,2.5146449,-0.3939203
116759.2,-0.5838141,2.2860641,0.81022084
128637.42,-2.76461,0.38096124,0.5452069
125353.61,-1.9760957,3.0914578,0.53432727
121064.31,-3.648257,1.8991084,0.59945333
120947.57,-2.170165,2.9226847,0.56580234
131637.38,-1.3918002,0.8302073,-0.55310464
119136.84,-0.5347002,1.9004574,1.1505662
125914.125,-0.29635897,2.6067445,-0.14844646
133976.81,-2.9209766,1.1682299,-0.57868063
120684.86,-2.493704,2.8692412,-0.61021566
131250.02,0.07748626,2.6413615,0.54528993
122346.2,-3.1601238,1.1257337,-0.58775043
128970.65,-2.6373148,2.4520648,0.49434286
129908.72,-0.26135194,1.8352023,-0.7025727
132076.47,-2.280289,0.9315847,-0.567432
115326.195,-2.623469,1.2392696,-0.5536343
120568.695,-0.3549488,0.44005105,0.45254254
124824.75,-3.0400918,1.8132974,-0.63771206
128423.914,0.66722065,2.1605923,0.51471615
121235.805,0.5904218,2.2527544,0.50472283
120123.1,-1.8103144,2.9136162,0.30806193
127513.69,-3.295085,0.76126474,0.55142266
123657.09,-3.419923,2.2572095,0.7587634
131617.81,0.5176787,0.7776551,0.491474
116298.53,1.4756972,2.2891734,-0.8785479
119102.76,-2.9904222,0.67071474,-0.46709397
122916.555,-1.9302406,0.96138704,-0.5044587
128702.45,-4.125088,2.1829023,0.54567766
134221.77,-0.63220054,2.677053,0.6541659
129097.35,0.30283964,1.7429743,0.8542028
133557.83,0.26414472,3.066382,0.6789683
129013.11,-2.3059442,2.9015636,0.5770864
124997.04,-2.6837268,2.4500144,0.80414623
131159.31,-0.1691782,1.8086934,-0.52940094
117439.02,-1.4996909,1.9704211,0.5440352
128477.26,-1.4354718,1.4713547,0.8337787
120786.16,-1.9259669,3.0619414,0.4596865
126762.6,-3.3033764,3.0535917,0.600128
125549.71,-1.9515287,1.2934297,0.6124273
118658.875,-3.136914,0.957057,0.4757904
117629.04,2.8650112,0.7132448,-0.7615597
133519.89,-2.219745,0.3331174,-0.2744576
117044.45,-3.6776378,2.6037276,0.85825735
116565.8,0.4195288,2.8564715,0.6763599
118554.11,0.013863672,2.9038944,0.444343
126529.07,-3.9072108,1.6936221,0.6840108
116165.09,-2.291894,2.4123998,0.32773006
116210.33,-1.5971006,2.977782,0.58359396
123928.586,-2.0758426,3.0931354,0.78819114
128236.86,-0.847976,2.44985,-0.73803586
125469.81,-1.9689531,0.9295083,0.7909962
124210.56,-2.217897,2.9478924,0.7809818
133344.47,-4.177822,3.0622528,-0.6835723
121023.78,-1.8369049,2.4420688,0.7378761
134256.5,-0.9181809,1.2272838,-0.6223884
121483.31,-2.426751,2.1730716,-0.8595072
119661.65,-4.147809,1.4466355,0.947842
120614.58,-3.489256,0.6136036,0.7638795
130024.92,-0.28283042,2.0676491,0.7304058
124401.17,1.8202088,2.6793716,0.8395648
133470.58,0.641028,0.9420952,-0.53265476
117633.516,-3.3266025,1.4526794,-0.7434212
121425.26,-0.09061325,1.5758067,-0.62105244
129988.42,-1.3842232,1.3545283,0.73012936
115953.41,-0.7405837,2.7804406,-0.4398998
117340.33,-1.8527474,1.5062298,0.72762895
134960.69,-1.4298348,2.9395885,-0.3749905
116622.016,-4.1569123,1.210377,0.56071025
126592.305,-0.41319245,2.8404012,-0.4797082
127350.59,-1.9339861,2.711557,0.38106632
115086.73,3.3109982,0.39570227,-0.6093226
129027.0,-1.1691294,2.666744,-0.6047526
121802.41,-3.1441627,2.9122317,0.9048042
121425.72,-2.343558,1.1064703,-0.4017654
125306.61,-1.3775536,3.02111,0.6168628
122818.26,-1.379236,3.0512533,0.42271492
133750.39,-0.92555183,1.4246686,0.6352794
118805.33,0.7018437,2.3439455,0.6503821
117814.47,-0.73315555,1.3383925,-0.6741406
122897.75,-1.7026403,3.0848627,-0.27056932
115360.305,0.98208314,2.5008025,-0.57562256
120526.12,0.18357259,2.317395,0.72433996
117316.74,-1.516565,2.6466699,-0.6122447
124545.7,-1.8183911,2.5020087,-0.96833986
125435.52,-3.4553745,2.6028602,0.5383061
120023.36,-2.7595205,2.8463228,-1.0356288
129898.86,0.068549305,2.757605,-0.74040353
123721.94,-0.9653092,2.2958248,0.5661488
126394.32,-1.8205501,0.2228174,-0.574527
121804.28,-3.402522,0.31795034,-0.45874646
134584.88,-2.6555626,3.0933337,0.8513423
118471.555,-2.7180583,1.9464341,0.7111912
123090.42,-1.9138842,2.1879761,0.4460462
127200.55,-1.9339571,1.0513347,0.77478707
125363.375,-0.98919785,2.1007707,-0.46023908
116225.77,1.2245586,2.139836,0.7135382
131109.1,-2.8558483,1.0645169,0.735536
134833.58,0.002440797,3.0470088,-0.43499762
115715.734,-1.4940388,3.0858393,0.7076325
130404.98,-2.8002203,1.6866004,1.1151427
128648.414,-1.7217978,1.9477812,-0.63613486
124543.67,-1.3187315,3.025976,-0.49564466
127354.25,-2.2042327,2.5269117,-0.4788925
119273.47,-0.80317825,2.4835782,-0.6230151
128506.96,-1.3786504,1.8727559,0.8221024
128761.76,1.635798,0.70354,-0.5359851
118510.83,-0.6756927,0.73671275,-0.4987684
133279.05,-0.25018117,2.1593177,0.9715027
124148.86,-1.8806319,1.7384453,-0.77833897
131605.33,-1.1553164,0.7973153,0.5019148
124303.414,-3.2761302,2.5578578,-0.64665806
118218.97,-2.7226274,1.5389634,0.9238365
134699.47,0.08362184,0.76066625,-0.5782344
130057.75,-1.8127937,2.503012,-0.50592256
122246.016,-2.4377306,0.55203754,-0.7413254
121311.805,0.81939864,2.3302693,-0.62385434
128484.76,-3.8639228,2.4130776,-0.53931487
116627.9,-1.8768978,2.0576868,-0.9148608
133103.33,-1.8575464,2.7881186,-0.63479847
122720.89,0.90468293,0.5180837,-0.45663485
121625.945,0.36176834,1.1553819,-0.71819264
123378.04,-3.350621,0.3035809,0.3683537
115565.5,-1.3511511,2.3720188,0.6019587
119831.96,-2.4017599,1.0243983,0.42595863
121309.15,-3.8076522,0.09194345,-0.075758
125459.02,-3.5797086,2.759543,0.26395482
128529.87,-3.375335,2.2525208,-0.6918765
120159.37,-4.112614,3.0310209,0.67009157
116682.82,-3.5595038,0.29182488,-0.523225
115703.016,-2.1648748,3.0493479,0.7876266
121900.016,-2.7134876,1.0556409,0.6978088
132862.86,-2.1217875,2.8553312,0.437088
120081.42,-1.448563,1.9584428,0.5977945
123424.64,-3.4304657,1.0026048,0.6275426
122460.86,0.6844319,0.19632012,-0.78902215
131707.0,-2.7028615,1.8078644,0.48540655
124897.51,2.9322479,2.6460996,-1.0679169
130527.664,1.0565978,1.8156633,-0.7035507
126394.11,-0.32665455,2.8941827,0.65154874
116002.94,-4.372621,3.0229828,-0.61809564
120321.71,-1.6115924,1.9613664,-0.7568415
117829.64,-2.3356361,1.6164682,-0.42113274
129804.586,-3.753958,2.3168657,-0.37239555
115254.74,0.08931554,2.5511312,-0.6590289
121384.44,-0.26450497,2.8327816,-0.5898426
126781.1,-2.0124729,2.5447285,-0.97889477
121772.14,-3.1421967,1.8186585,-0.50676644
115437.59,-3.5160437,0.9546578,0.7814782
119952.96,-2.324009,3.104039,-0.69609267
128359.914,1.0427445,2.030387,0.74709284
119965.47,-0.61874807,2.1745062,-0.710408
127349.98,-0.5256262,1.5088176,-0.59757656
117181.195,0.29545456,3.0607283,0.62578714
122130.766,-3.7342246,0.057833813,0.31532794
117219.56,-3.2922664,1.542827,-0.5951154
124882.336,-1.5600193,2.572221,0.61410165
118310.15,-2.5360444,2.5162742,-0.8850886
131199.08,0.24300413,2.744489,-0.9386525
119976.37,-2.407347,2.549064,-0.41193727
121419.78,-0.314516,3.1187952,-0.40602088
126263.65,-2.2641928,1.265374,0.7650809
131155.58,-1.7786053,2.8517892,0.45407054
126385.87,-0.54243004,3.0071552,0.14856918
121717.445,-3.8881993,0.55128676,0.5069683
125017.734,-0.15366173,2.1243525,-0.80657744
118843.5,-1.1854724,2.869484,-0.5425956
129654.875,-0.5324316,1.3654175,0.697048
119006.195,-0.9085923,2.4184196,0.6348211
130343.836,-1.8549454,2.0636182,-0.544619
126234.75,-3.579569,2.231247,0.7612509
133719.97,-0.29225573,1.5540481,-0.6334543
127825.98,-2.0643556,3.1454816,-0.46951512
125217.125,-4.6493196,0.09488384,-0.5869155
121164.95,-1.465477,2.6820333,0.5851945
134338.98,0.623878,1.6344354,0.7278074
117903.18,-1.1880599,1.0166929,0.51560354
119134.086,-1.4653603,2.5749135,0.5651774
133473.23,-2.647819,0.9544951,-0.7402916
131290.67,-1.1756341,2.7612376,-0.5345647
129249.07,-2.4289863,3.1273756,-0.5915222
125520.3,1.1625491,2.6971872,0.5174809
127500.016,-3.8557181,2.8622575,0.70809805
121775.09,-2.3514082,2.735475,-0.72551715
123948.86,-3.4349685,2.5983365,-0.5384928
122373.28,-1.0352414,1.9447391,0.6472405
123199.31,-3.7331052,2.1167717,0.67549556
124794.445,-2.237744,3.0169616,0.55744016
129422.81,-0.09045104,0.2721885,-0.39998516
116152.805,0.5359783,2.8861692,-0.6135014
116354.68,-2.4321291,2.9718854,0.43814114
116268.38,-2.689421,0.6100932,-0.49844387
117732.96,-2.3173382,2.9324887,0.03423738
127386.43,-1.8964276,1.8254281,-0.46270105
115637.96,-1.9738492,0.02341364,-0.63003415
119310.91,-1.8359047,2.6666179,0.52988285
117603.836,0.086344354,2.5431435,0.35235083
116937.67,-1.2778807,1.8957849,-0.5996428
123888.2,-2.0684056,3.028661,-0.36985308
128068.66,-1.870777,3.1935308,-0.27492535
127173.77,-3.8429842,2.09383,-0.54569167
120011.766,-0.40129223,2.1866734,0.5564202
134106.89,-1.5190984,2.5982022,-0.48678324
116552.945,-2.3806334,3.0358043,0.54410136
129090.84,-1.473288,2.6228814,-0.8000379
118380.984,-1.8432636,1.7641715,0.63757014
130271.03,0.9708583,1.6050848,0.679958
123796.34,-3.1748674,1.2691952,-0.7094543
133550.28,-4.136218,0.8304628,0.5099532
115985.95,-2.8816388,2.6278481,-0.37813392
115363.84,-2.8783584,3.0316906,0.5220191
115765.43,-2.1479042,1.8278534,0.6003808
115275.87,-1.66472,2.9400034,-0.07317678
131284.77,0.55294645,1.3732435,0.90604705
124856.805,0.08248909,1.853479,0.65879357
129046.04,-1.2399855,2.8401825,-0.37102175
132963.42,-3.1495204,2.8435338,0.60360736
117126.25,-3.018509,2.2021205,0.86576724
117482.516,-2.4085832,2.87385,0.60072356
116604.234,-2.886341,2.3258843,-0.35734814
129140.51,-1.0369871,0.9013355,-0.6866543
124437.44,-2.817156,2.7879388,0.29185995
134856.7,-2.6867566,2.9675376,0.53145146
130145.42,-1.124342,2.8438272,0.47040603
119845.77,-2.3220272,2.8909926,-0.63767284
131602.9,-1.6198682,0.7280662,0.8742335
131018.97,-0.52803564,2.3428454,-0.8259676
131382.6,-1.8810755,2.6647344,-0.42904922
126914.71,-1.1709044,2.744104,-0.7732226
128888.5,-2.2727065,2.0039186,-0.52161115
120004.42,-1.161084,1.8002104,0.8871693
122246.87,-3.3475487,2.6293364,-0.3897265
117497.3,-3.132154,1.514247,-0.51296365
120097.07,-1.3640662,1.3360516,-0.863096
128862.414,-1.5192441,2.3431447,0.6003514
130267.805,-2.7135363,2.5955372,0.65393883
121446.4,-1.6712785,1.4302012,-0.73054594
128806.69,-2.5237553,2.502719,0.67898864
119588.24,-2.9711936,1.408532,-0.82144797
118559.69,-2.7586868,1.6665095,0.61243546
120240.97,-2.5097592,0.8122888,0.42169067
123801.83,-4.1380534,2.762433,-0.6301233
124945.28,-0.8316646,0.85025144,0.047925238
125034.79,-0.1607971,0.38792622,-0.44601083
125605.37,-2.195869,1.3452258,0.48921123
119085.26,-1.060998,2.2350945,-0.67165685
123065.4,-2.5079803,1.0425458,0.624688
120330.914,-3.226558,2.741387,0.6391281
118774.414,-0.8657852,3.0201693,-0.5722353
120675.586,-1.6863706,0.658422,-0.6666935
122495.35,1.0227077,2.9892972,0.46884114
127043.14,-1.8974994,2.9365063,0.54686695
132124.34,-1.0905893,0.73647386,0.67221636
116691.72,-2.139865,0.26092938,-0.32353038
128437.82,-2.0731142,2.5005424,0.38374943
126098.78,-2.6582465,3.0089166,0.2731583
119442.11,-2.17465,0.79623634,-0.69483715
131808.58,-0.21975474,0.21530661,-0.31908432
132316.86,-1.7082276,0.8364241,0.44327292
115436.75,0.83843946,2.1360672,-0.67045057
127645.21,-3.7641284,3.023701,-0.74740475
125402.7,-3.6625712,3.000801,-0.5950242
131735.86,0.086799316,0.5147065,-0.8163189
123609.64,0.3781665,1.6614491,0.56777257
121226.625,-2.6442912,2.2387106,-0.57506305
134242.75,-1.9170041,1.0412393,0.5761217
116977.3,0.9446856,2.9555578,-0.3965715
131768.06,-2.461548,1.4862081,-0.7878701
133027.64,-3.6544585,2.8305337,0.513798
127421.59,-2.6782105,0.64380175,0.52880293
128210.375,-1.1408076,2.9669027,0.42524794
118696.69,-3.0485754,2.9460678,-0.40755764
131076.27,-1.2227559,2.6938927,-0.32394508
116057.914,-0.24558234,2.9107645,-0.8029553
119092.07,2.168843,2.12193,0.62670785
123280.53,1.8229427,1.653473,-0.51353496
131725.25,-1.6784687,2.8577812,-0.31107363
122986.89,0.4798658,2.833883,0.61007446
123842.25,0.08441707,2.9277062,-0.3449742
132888.5,-1.656017,2.115808,0.5429129
134007.25,-2.8290603,1.5505319,-0.6838168
133805.55,-1.6071771,0.90306836,0.6147061
134069.69,1.1881757,1.6361171,-0.7865652
129414.92,-2.498171,2.4882064,0.9155406
124294.414,-4.15158,1.623517,0.6958514
127282.2,-2.803604,2.8668697,-0.5020322
119158.78,0.8267076,0.20975855,-0.2685482
130414.04,-2.7647765,2.5299687,0.2902528
132010.78,-1.7226361,1.0450609,0.70783746
117270.305,0.67236465,3.1400986,-0.6113927
133396.12,1.6354411,3.0341837,-0.37528577
130979.96,-2.8010814,1.6399527,-0.40221176
126440.95,-2.167944,3.0385919,-0.64476
122948.14,-2.5221255,2.3822982,-0.5976921
128869.99,-2.2293446,1.9041198,0.97061586
122691.195,-2.4681742,0.20388162,-0.4729485
118274.5,-2.9629905,2.3434024,-0.6671241
117024.51,2.9781048,2.377857,-0.7551973
116759.71,-1.2945461,2.7698574,0.6664391
125293.89,-2.5268555,0.7192909,0.51651317
119012.26,-2.4247832,2.9813845,-1.0478944
123551.18,-3.3342192,1.9019885,0.39719433
123067.72,-1.2569485,2.341158,-1.0155896
120512.86,-0.5391444,2.832881,-0.44515225
132776.48,-2.556359,2.0279794,0.7935864
132736.86,-3.3978305,2.1252122,-0.5366892
126724.39,-3.129941,3.067647,0.4244228
125621.586,-2.663957,3.2127273,-0.23098598
125115.9,-0.38630477,2.3376362,-0.63538563
122274.555,-2.2540662,3.0931559,-0.6563847
118322.04,-3.7240977,1.8029494,0.44207826
123869.87,-0.62289643,1.6244996,0.6983432
121567.21,-2.820662,0.41268498,0.5774406
119992.84,1.4692941,0.50803345,0.6101752
127619.875,0.33836398,2.1428604,-0.7125499
117885.1,-3.868997,2.80213,0.5242557
130011.875,-2.7207925,2.073818,0.84154093
118356.11,-1.4313176,3.1856802,0.54740816
118708.99,-1.2896696,2.0952408,-0.6442254
126010.086,-3.2810874,2.082838,-0.2956821
125903.01,-3.5256343,1.4330711,0.36769897
116931.234,-1.7857646,2.7249608,0.884319
131257.44,-3.1037266,2.6303892,0.51212186
125232.49,-1.8740851,2.203437,-0.7336868
131125.66,-1.7128079,3.0085084,-0.39263153
132157.61,-2.904398,2.7312224,-0.7816137
134423.16,-3.7131207,3.133878,-0.5333349
133190.1,-2.9479482,1.9998008,-0.8421093
120328.75,-2.4894178,3.0015452,-0.4507478
117732.78,-2.8108542,2.3794188,0.48654738
119669.88,-1.0765513,2.494309,0.7307033
133140.75,-0.79288536,1.0437295,-0.7226145
127836.94,-3.3079689,2.4613633,0.7855066
132379.53,-4.706977,0.90029365,-0.8832727
132369.3,2.1396518,2.0740438,0.4929145
132323.02,-2.5608957,2.965289,0.63717175
123174.66,0.747168,0.7855168,-0.86576754
119099.14,1.912428,0.07260967,0.34990108
116331.81,-0.6957515,1.3213062,0.69796515
133428.88,-3.9412875,1.7734541,0.45346004
132206.64,-2.6777704,2.3108757,-0.5113532
130746.33,-0.03152441,0.7462336,0.77218795
134329.31,-1.1323111,3.1231294,0.9666848
117482.336,-1.428895,2.4856164,-0.54706246
133905.9,-2.9867654,0.3253644,-0.44670728
118036.82,-3.2583847,2.8372,-0.5664365
132874.94,-1.0354518,1.9725403,-0.8514647
119591.055,-1.4781655,1.537433,0.6411007
126077.27,-1.7972487,0.97870827,0.70210457
125153.57,-1.2619255,2.2556214,-0.7612792
128510.33,4.0742,2.0948644,-0.62307394
117010.66,-1.8897976,2.94952,-0.5899013
126215.03,-0.26904663,2.512996,0.52189344
116324.664,-1.3286552,1.8319438,-0.6472323
120382.4,-0.7659229,0.36383602,0.45158675
130953.875,-2.543674,0.5924595,-0.7430303
126050.93,-2.1342144,2.2834187,-0.5426447
131609.44,-3.452991,2.9923,-0.5344162
115036.69,-3.4059758,1.7727259,0.58856905
118133.08,-2.2067587,2.6573377,0.2895945
117055.61,-3.6914275,2.1493165,0.783118
131815.98,-0.12361998,0.34307286,-0.46449474
125356.82,-0.010948974,1.6384767,0.5387022
128295.0,-1.8987286,3.0004282,-0.5480212
125673.88,-1.0695323,3.1848419,-0.39585322
128803.66,-4.0570974,0.41634446,0.40847537
134256.14,-3.8274004,1.9666723,0.627795
116976.22,-2.6568968,2.791499,-0.5846882
119856.1,-3.8276513,2.5889235,0.6900765
126035.55,1.1885084,2.8963387,-0.6583761
127605.625,-3.7170153,0.9355013,-0.82749206
117658.55,-1.6868938,2.707199,-0.5034773
115772.39,-1.8617984,1.1122755,0.72307205
117249.52,-0.56221193,2.9424067,-0.56751233
129666.74,-2.6859446,0.16921926,-0.40562978
125892.63,-2.2008736,0.81141216,0.6226973
124081.04,-2.1491275,1.088525,0.5249833
133997.69,-4.1953487,2.2944725,0.72879887
124621.836,-0.9707639,1.6135203,-0.5600037
119222.62,-3.7488015,2.2371194,0.519316
124254.03,1.0702686,1.5326655,-0.6891741
120283.14,-2.6848536,0.32771322,-0.5268503
132403.16,-2.679775,2.8574848,-0.8014122
117840.695,1.0746715,2.501593,-0.66016203
133016.25,-3.2694945,0.03234597,0.31385362
122849.22,-1.275847,1.6431221,-0.6121484
126662.336,-1.2796996,1.9496597,0.74815094
124597.625,-2.254669,2.869343,-0.76782167
116145.38,-2.54164,2.982275,-0.5573766
117911.22,-0.5020975,2.1588106,0.48905882
117043.35,-0.9488191,1.0038774,0.45555827
119080.586,-3.630379,0.30147833,-0.10821987
127713.664,-1.0938404,1.0252767,0.63837445
130144.42,1.8221457,1.5352833,-0.82073635
124884.54,-3.0950935,1.4891934,0.5183283
115422.42,-1.2886324,2.2403495,0.80441755
131928.98,2.1899598,0.6260102,-0.40201914
133375.36,-1.5628382,0.9764558,-0.6297257
120043.516,-1.4756452,2.6943278,0.9124441
117526.87,-4.2599764,2.3706856,-0.4396655
128708.7,-0.8859429,2.3692877,0.90589035
123304.484,-0.97522223,0.53779685,0.6168339
118958.19,1.3212819,0.5835763,-0.83985335
131283.12,-1.1694783,3.0410757,-0.7964269
130872.5,-0.46514833,2.969285,0.44621146
117955.05,0.71947235,0.64415014,-0.6314445
131306.05,-4.07027,3.1023636,-0.51540893
127996.95,-1.5657698,0.08935573,-0.734538
120531.75,-1.7190244,2.6731021,0.7056818
125634.09,-3.3806171,2.8728368,-0.36781108
117053.95,-2.7551394,2.8755438,-0.7020028
124454.766,-1.8880221,2.5707567,0.8034473
117796.086,-1.6654291,2.2441242,0.9601548
119488.86,-0.40174204,2.7271583,0.567731
116348.38,-2.6981509,2.8311675,0.83558136
118525.63,-0.48106846,0.7742163,-0.52817094
116849.42,-2.302016,0.3030777,-0.39535338
131952.94,-1.3777182,2.7320917,-0.5792439
123211.055,-0.008350439,3.1050498,0.49077365
122472.414,-2.4635034,2.6514347,-0.7024217
116631.336,-3.0564864,2.6382334,-0.8510702
120108.46,-4.0239162,2.811874,-0.7665787
118074.086,-2.1102445,2.7189565,-0.9366985
117582.83,-2.4708328,2.3161948,-0.72206116
121451.766,-3.1779819,3.0519598,0.52231073
132180.12,-3.2310953,1.4957513,0.7737846
122597.805,-1.2505784,2.7486997,-0.9746681
116711.43,-1.9361024,3.193541,-0.57885736
129010.75,-2.6016634,2.7920573,0.40112022
121305.516,-2.7082002,2.6506643,0.8105547
127883.5,-2.5917046,1.0138296,-0.58041775
131304.39,-4.159021,2.7136376,0.5005588
119579.34,-0.74236256,1.8402295,0.656505
115523.13,-2.7289517,3.0410554,0.21099058
128872.96,-2.0479548,1.9095541,-0.65500987
115994.125,-4.1150675,1.0718932,0.36917847
127673.0,-0.7511266,2.6191113,-0.62096524
134361.47,-1.2396128,0.31039485,-0.6528683
120150.96,-2.1582441,1.1693617,-0.7437107
133786.39,-2.8320441,3.127576,-0.43870363
127011.36,-3.8108497,2.8143966,0.9553159
131536.16,-2.0207574,3.2430773,-0.5031154
118190.65,-0.4536769,1.3481437,0.67168677
132729.95,0.42685294,1.461604,0.7120548
118790.07,-2.1017199,2.3421025,-0.6199376
118464.055,-0.17043011,2.4157135,0.51700425
133134.11,-2.395761,2.8395782,-0.35019156
134615.92,-1.649809,1.1793329,0.58052456
115089.97,-1.919334,2.215856,0.5686343
134275.3,-2.927138,1.5601354,-0.565029
115165.09,0.59937495,1.2357614,-0.9061418
124335.04,-2.3613276,1.5161258,0.8748337
122781.44,-1.5914365,0.6422505,0.6334045
121273.4,-1.6894262,1.2427403,-0.6320452
124292.164,-2.5025423,2.7929301,0.6799079
119587.914,-2.469957,3.1057842,-0.34565789
128006.13,-1.2132511,2.7888544,-0.71042794
131738.83,-1.2796303,0.36347577,0.48629874
122420.62,-3.826441,2.6019607,0.59761035
123676.11,-1.4068758,0.6510732,-0.50427353
125065.34,-1.7923133,2.2175865,-0.85982823
123096.5,1.1422886,2.2403138,-0.6603571
125412.76,-2.3479662,1.7450008,-0.5596921
124226.86,-1.5988839,2.627552,-0.52686745
115836.24,-0.28857473,2.911368,0.7004942
122283.086,-0.2725224,0.7589757,0.66500366
129579.13,-2.4581413,0.9266134,0.7160691
115138.62,-0.16717583,1.4547487,0.61992717
115181.414,0.7228861,1.3521227,0.6991382
125958.055,1.5611268,1.7968099,0.95095575
133972.47,-1.8441628,2.1413226,-0.8953254
115436.3,-2.5923655,0.031974316,-0.22117946
125427.23,-1.4910222,2.8151255,0.7911555
122935.37,0.10256617,0.909246,-0.5866352
130068.38,1.2042842,2.2123103,-0.8449792
120027.2,-1.2524437,2.6960688,-0.5379177
128914.055,-4.10643,2.4792838,-0.7146797
119620.25,0.31458935,2.5310977,-0.52664536
126608.87,-3.2489798,2.8484137,-0.7073632
129464.88,-0.9974515,2.8809257,0.28546023
115718.68,0.07365545,2.9259605,-0.28660738
120337.05,-4.7622547,1.872439,0.47405314
132063.83,-0.48693228,2.332116,-0.6910615
118391.6,-2.7988338,3.0474315,-0.51527375
118118.34,-2.5844111,2.8696413,0.54784167
132698.25,-4.1356254,0.9215508,-0.55483747
120226.414,-2.4269977,2.6702569,0.6392078
123314.625,-3.481654,1.889313,0.655649
129038.37,-3.4274023,2.9897316,-0.75057995
119607.68,0.6366203,2.4862843,0.685647
116672.37,-1.9698045,1.8845325,0.6394561
117620.14,-0.8333188,2.6246095,0.67135006
131883.69,0.44186553,0.72918147,-0.7045918
133236.95,0.81636375,2.4826782,0.7556603
130733.81,-0.93232554,2.4602458,-0.49510792
128987.57,-2.212946,0.92363626,-0.67915684
118903.55,-2.6156447,1.0802052,-0.5968314
126953.77,1.8917114,1.4810382,-0.6112755
115809.48,-1.8499006,2.1325865,-0.713556
127466.695,-1.6431365,2.9311202,-0.8938044
116260.46,-2.5565205,0.5288723,-0.42983276
123491.94,-0.8006603,1.6138139,-0.7466562
125084.07,-2.7070866,2.705634,-0.4239252
126625.11,-1.0922431,2.9704633,-0.28353393
118074.91,-3.4884965,2.9712787,-0.83042645
125812.22,-1.4130716,0.12022609,-0.4636188
134284.6,-2.1508822,0.5085213,-0.3455905
126859.98,-1.8941102,2.3830824,0.55590487
133471.16,-2.8030396,2.6515038,-0.5030641
117556.37,-1.7090205,2.4506004,0.6450517
127201.0,-3.5801105,0.8192479,0.7492889
124722.336,-1.0739683,2.3468108,-0.334519
119273.64,-2.3911617,1.8514524,-0.69138676
127637.9,-0.13938546,1.3355672,0.699258
126399.164,-2.9731984,2.4311397,0.43988323
127165.19,-2.0697362,2.0760922,-0.5508438
117199.89,1.6962072,2.288954,-0.6375415
127191.57,-1.4798796,2.9623895,-0.73318046
121390.23,-3.0231752,1.9588965,0.71356535
126698.74,-0.018271364,1.8807677,-0.9517268
130554.89,-2.2833927,2.0582368,0.81244403
124034.26,-3.2837815,2.1516125,0.2855221
117369.1,-2.7375646,1.1160133,0.73052114
118188.7,-3.645461,1.4034258,-0.67245954
134291.62,2.096856,1.864315,0.69154835
127981.81,-1.3001368,3.12017,-0.47432765
126191.375,-2.1305182,1.3162605,0.68319976
123846.44,-2.657944,2.8392165,-0.6144741
129989.97,-2.0358725,1.9419369,-0.490541
128641.36,-1.1609718,2.023426,0.63563985
133281.56,-1.6273321,2.3995416,-0.49023762
115290.055,1.0413489,2.5508919,0.39374384
130319.81,0.8290269,2.0369077,-0.48947835
118302.23,-1.4259125,2.4803689,-0.7144746
126681.14,-0.67938364,3.0610464,0.449109
123113.46,-2.8327093,2.4183786,0.63714397
118206.89,0.7487578,2.9045892,-0.7006283
121078.266,-3.7289364,0.2331779,0.56254023
120081.125,-0.7562245,1.7567643,-0.5427596
131954.17,-1.3723223,2.3444097,-0.635238
126070.0,-0.63871944,1.0991797,-0.577983
134523.42,-2.1047058,3.0943866,-0.5119754
134749.17,1.2013692,1.1547655,0.66725
118411.51,-1.0354673,2.2017062,0.71555537
124455.336,-0.70586944,1.4992708,0.89821166
123913.08,0.21733874,1.516656,0.5572769
120907.4,-1.4459451,3.1118498,-0.6779565
128113.55,-3.7689247,2.266443,-0.8958971
127911.305,1.2716395,1.3149229,0.7260692
134316.95,-1.2729502,2.7070935,-0.37024677
115842.79,0.7334063,1.4851851,0.6456389
127548.92,-2.6338615,1.6431155,-0.9013067
127873.81,-1.1561067,3.146238,-1.1293129
115582.65,-2.2209954,2.5048945,0.6223349
128338.89,-1.1732877,2.3915577,-0.8132958
116350.33,-0.91575867,0.6529213,-0.52632916
121605.766,-0.08133706,2.4089692,-0.5268136
131638.25,-4.088401,2.8814192,-0.6738387
117685.48,-2.743438,1.2099923,0.5704252
119402.12,-3.354652,2.2880774,0.8654293
119428.09,1.5240812,1.0857983,0.8888693
116263.63,-3.0451062,2.7499423,0.7619424
131068.38,-3.161112,2.7539856,-0.655976
117438.7,-0.4539779,1.5427206,-0.72640806
123351.64,-0.9424411,2.69449,0.5519121
119340.516,1.3389891,0.917886,-0.622523
116263.84,-2.2852094,2.196617,0.755518
127203.58,0.34096387,1.953085,-0.5171571
123868.23,-3.088296,0.1627473,0.4941489
122148.85,-3.5402458,0.17045555,-0.5293665
120020.49,-3.5107677,1.0834687,-0.62859714
126484.07,-2.0106034,0.624346,0.78509057
130522.836,-3.0956163,3.0778294,-0.38868994
122562.91,-1.1770945,1.5891017,-0.7485317
124582.695,-0.796721,2.062535,-0.7360299
117818.58,-3.5247571,2.525417,0.59045553
133002.1,0.22254957,2.3687954,-0.5999468
117836.33,-3.2293708,1.2812468,0.50531536
123870.87,1.0344954,3.108898,0.3963886
124752.36,-2.9124246,2.6332128,0.28670213
117708.2,-2.6175497,2.9505398,0.7119753
120238.375,-1.4464349,1.7892809,0.89078486
122129.29,-2.9176161,2.676334,-0.40440875
121746.516,-2.799695,1.5651854,-0.6384367
129686.914,-1.1608337,2.785454,-0.56873375
129898.7,-1.572985,0.28118658,0.80574375
128723.8,-2.6301835,0.44318548,-0.68670386
122193.92,-1.6679374,0.3447448,0.5657891
128589.08,-0.1332213,2.5774407,-0.8244809
130036.75,-2.8177233,1.1433342,1.0929526
125837.1,-0.857361,0.36155507,0.48004553
117926.62,-1.2223734,0.3561621,0.27821416
124915.41,-2.5964243,2.6906264,0.5186403
118157.984,-4.473395,2.5785835,-0.3428889
117045.54,-3.3359087,2.9376273,-0.40928805
129975.19,-1.369854,1.6149698,-0.78379923
128673.586,-0.278566,0.56232953,-0.6577654
134186.73,-1.2176327,2.9128475,0.32375124
121165.65,2.7812774,1.7862107,-0.6372908
116231.31,-2.2794795,2.9943633,0.5596543
125554.64,-0.5325635,2.0181596,-0.45075786
133665.05,-3.1517284,2.1652558,-0.6382576
134268.62,-3.882468,2.5999253,-0.40217984
116690.4,3.4096675,2.4158533,0.51083094
132277.73,-2.4893143,2.776723,-1.0363891
117788.55,-3.2716165,2.7859402,-0.60860914
125539.13,-0.46674293,1.962657,0.75864553
123650.21,-3.0238042,2.8399415,-0.72137165
121286.84,-2.1337233,2.7861085,-0.42710918
121135.87,-1.110034,3.1182487,0.6471328
120533.21,-1.1742156,0.49799958,0.37998965
120852.06,-1.4382149,3.1125164,-0.50548846
132446.2,1.7626773,2.798777,0.74355054
130559.45,-2.0193822,0.59944254,0.7693793
127867.88,-2.960507,2.6318567,1.0894599
121401.04,-2.3617754,-0.0858633,-0.682069
122238.48,-1.0299058,1.9590653,0.72222763
124152.18,-2.6915767,2.1489117,0.8831081
126050.58,-2.1221905,2.334452,0.693963
125089.72,-3.3259175,1.3450052,-0.63371015
120827.92,-3.0313737,1.7805936,0.69541466
118259.38,-0.0890562,0.5889865,0.75100267
134115.83,1.0816306,2.939019,-0.54022217
115212.56,-3.7095747,2.8207674,-0.3778048
134437.8,-1.0427697,2.368802,0.47750255
119067.984,-1.3939903,0.761556,-0.6138387
115886.69,0.5785598,2.0624883,-0.65216064
121908.29,2.236818,2.1452522,0.86820704
122064.22,-1.1017834,0.117851175,0.761837
130541.305,0.8324351,2.5662901,0.9841219
117256.63,-2.166822,2.3006787,1.06118
132733.56,0.06944579,1.3403265,0.59711015
129701.05,-3.0735602,0.28324762,0.65945506
131898.12,-2.036181,2.7986958,0.64916444
127846.8,-0.9699363,2.8303056,0.5808089
129229.66,-2.0901167,2.2047334,-0.7285246
133811.78,-3.5137153,1.8884554,-0.7012451
124056.6,-2.0516922,2.6364484,-0.5371155
120515.92,2.806129,1.3138583,0.6951343
117468.43,-1.4399046,2.1203427,0.7257054
126598.48,-1.5015476,2.919443,-0.73802
115162.22,-0.15223244,2.814772,0.4677338
134620.16,-2.7871938,2.363132,-1.0679089
132928.33,-2.5956383,2.7306757,0.57458997
130426.75,-1.7377373,1.0570539,0.5407284
122040.22,-2.981753,1.3015164,-0.5497888
119583.58,-3.7797394,2.0330877,0.60515964
123173.79,-3.4217432,2.6528947,-0.5943092
129899.984,-0.053925186,0.3985683,0.48274004
129885.45,-2.278294,0.48608464,-0.5724953
115248.73,-2.656869,0.68583864,0.7247275
116985.64,-3.5607,2.2148144,-0.80360407
132437.78,-0.83022916,1.1288804,-0.6818716
118119.375,-3.4544892,3.1395462,0.4845791
117497.05,-0.62781245,0.25073996,-0.50339466
115202.7,-1.0996802,2.7484014,-0.7244087
132193.77,-3.6836169,1.669964,0.5355822
119720.03,1.2473161,3.0865083,-0.59459615
121469.73,-1.0882422,2.4405975,0.54774773
118974.54,1.3050047,1.7846044,-0.9441593
122872.24,-2.7871993,2.3980353,-0.61822665
132030.94,-3.2102222,2.3670607,-0.79928434
123337.97,-2.5495713,2.257598,-0.6046803
126855.06,-3.2225282,2.9830163,0.6381493
133234.73,-0.67436427,1.2925626,0.5796948
115982.836,-2.8042727,0.2090848,0.6307792
119443.19,0.15959823,1.2056195,-0.5621783
131284.81,-2.681375,2.22874,0.94842774
124904.07,-3.5333972,1.7726552,-0.70845425
119366.2,-0.5564759,0.36822128,0.4911553
118486.58,-0.31504637,2.362473,0.82836306
131702.78,-3.221233,2.4252245,0.41045204
121385.2,0.99384314,0.2656815,-0.68889827
134323.52,-0.20001069,2.740801,0.6837593
131025.19,-1.2515,1.8222827,0.7957741
118901.98,-3.611876,0.13355161,0.44771415
124945.38,-2.9904237,2.9181342,0.6170159
118692.484,-1.6387433,1.9030085,0.98824084
123282.83,1.1153444,2.9344592,0.3799098
129125.38,-2.1424897,0.06556129,-0.7089332
117945.02,-1.7162815,2.0444565,0.91865504
120938.55,7.645787e-05,0.57797384,-0.6688102
126072.016,-1.627951,2.8745317,-0.45729625
122480.32,-3.767143,2.811259,-0.62447864
115562.01,0.00412287,2.8676019,-0.44359165
118931.805,0.43972608,2.0930917,0.932378
117062.92,-3.2539861,3.001513,-0.48958254
120341.99,-2.41751,3.0057344,-0.7676247
122359.93,-1.9541706,2.385728,-0.6197229
127142.12,-0.9058398,2.5838895,-0.3839553
121464.99,-0.6261686,2.5560658,1.237703
122473.83,-2.3706565,2.9571426,-0.42847034
126982.914,-3.0928264,0.66313994,0.3662854
123623.03,0.24088362,1.8556782,0.47792804
117459.555,-3.3072708,2.8284678,-0.57337105
117482.9,1.8166772,0.40810078,-0.54585093
118226.22,-2.7594981,2.4684443,0.54319227
130667.45,-1.4976634,1.8669041,-0.719645
122156.66,-1.2705314,1.6707895,-0.67785007
134896.0,-0.09729712,1.1500612,-0.62200725
132529.02,-3.1215656,2.2034662,-1.0192368
117182.96,-2.9573224,3.0573905,0.16388379
121842.45,-1.952836,3.000493,-0.7192312
126824.234,-3.0192332,1.4985831,0.5828931
125002.31,0.5230521,2.3525853,0.7559011
134602.12,-0.28176484,2.224523,-0.7098213
123413.35,-0.99833214,0.10012834,0.66667694
129302.21,-1.9050243,0.59802765,-0.47850737
127926.484,-3.4851081,2.5428252,-0.6406779
125225.24,-3.00437,2.1445138,-0.68585634
124230.5,-0.9725555,1.4380168,-0.5929056
131583.4,-2.0900183,1.7606856,-0.5969455
127996.42,-2.00061,2.9339192,0.38248363
134462.78,-2.4244988,1.8752656,0.64371014
119642.51,-3.5514648,1.1135782,0.6502466
118749.414,0.39400774,2.6289725,-0.73010004
120542.03,3.348187,1.8452668,-0.9434167
125178.83,-1.3199033,0.20126478,-0.71044517
124264.836,-3.0638783,2.202796,-0.76834977
129388.54,-2.7547832,2.9233775,-0.42412484
117781.11,-2.2266939,2.1317754,0.84433156
125260.07,-2.6267462,2.4945624,-0.73005676
119294.67,-0.09221784,0.65049165,-1.054994
116031.27,0.53145075,2.81734,0.5491326
128537.61,-1.3956393,2.95842,-0.46120244
126837.92,-3.6256208,1.0104775,-0.6256176
132945.55,-2.217694,2.84457,0.6436349
123493.055,-3.9023817,2.4323237,0.7527984
118303.984,2.4776874,1.284031,0.5029693
130403.54,-3.6486423,2.6652937,-0.7918191
122029.74,0.10052144,3.0686731,-0.28533205
131004.89,1.8722931,0.31369328,0.41331178
119375.35,-2.9614503,0.89519256,-0.6850667
125384.086,-0.38791108,2.94914,0.71764094
133794.8,-1.2031174,3.0104795,0.3358403
118370.71,-2.3777149,3.012199,0.7421072
119809.16,2.424587,0.6612902,0.61455745
118376.22,-1.2696835,1.6769938,0.53743
130617.86,-3.7771416,2.0471966,-0.6620748
130167.45,-4.2449894,0.40509152,-0.4318858
134521.94,-2.2426581,2.3426673,-0.7774111
117726.914,0.25678653,3.0320318,0.26150736
125898.57,-3.6401,2.166443,-0.798737
122425.89,-0.47563547,1.7413967,0.545063
122205.35,-2.0891047,2.1698043,-0.9698329
132590.75,1.3691528,2.865897,0.29064745
131096.31,-0.7932952,2.1821554,0.483119
115969.16,-4.239103,0.40030846,0.6736467
120131.67,-2.8777282,2.8672645,0.44327846
134174.62,-3.8604908,2.6813319,-0.6897517
118099.54,-3.3764126,2.550119,-0.75494254
118992.56,-2.8001537,2.7557497,0.8209507
118106.16,-1.7388308,2.702337,-0.6212432
124978.87,-2.7532337,2.4197164,0.803353
120587.95,-1.3212423,2.988136,-0.56321967
124230.42,-2.0848818,0.1547308,-0.45910662
124352.125,-3.29232,1.9319234,-0.4819656
134988.61,-1.4632267,2.2528515,-0.9367378
133178.33,-1.9803082,1.6465148,0.9868446
129490.44,-1.7049624,1.9949299,0.69870275
122131.5,0.17097944,1.660867,0.6594554
120951.85,-4.090859,2.0348487,0.76882
117023.414,-1.3236979,3.010444,0.6872271
130178.2,-3.6895304,1.3377377,0.808508
128453.84,-1.5988322,1.8529798,-1.1914637
129757.47,-3.063021,3.1201787,-0.6754555
118468.29,-0.12838413,1.6536219,-0.73133665
133300.66,-1.7056246,1.9940655,0.8662259
123923.25,-3.1626985,2.6676269,-0.61035025
130449.46,-0.8186506,0.7155166,-0.66551614
124753.79,0.122910164,2.2254794,0.72864753
131221.81,-2.0553482,1.8444598,-0.7913536
123531.2,-1.5429932,2.9132175,-0.7162889
125145.055,-1.1676767,2.2440536,-0.5996849
116973.37,-2.0530357,2.4860318,-0.64403147
118717.54,-1.6759386,1.5190709,0.9054948
118287.8,-2.6119866,2.508453,-0.60983
131862.77,-2.6659865,2.6636603,-0.5715243
127547.04,-2.999864,0.21322408,0.31370887
119570.7,-3.1426659,1.5512582,0.5666686
118201.99,-1.8795525,2.3425899,0.50910825
124072.914,1.2601473,2.0574176,-0.5767403
115097.805,0.92078316,2.7864475,-0.6051892
125625.88,-3.08076,1.1579114,-0.55264986
118475.0,-1.5180149,0.20856674,0.4230987
121824.555,-0.70662606,3.1202958,-0.7686664
132579.84,-2.590268,2.9059308,-0.4060061
120227.42,1.6399562,0.06535572,-0.7675208
123929.64,-3.465792,0.8651423,0.38365334
130055.19,2.3710651,1.5067462,-0.69208115
116938.54,1.1902862,0.6945701,-0.6438607
122056.37,-0.74303067,2.922273,0.80934966
118599.81,-3.6650357,0.41519165,0.4418064
130610.28,-2.899875,1.3710294,-0.73006856
131773.5,-3.0236154,2.7346227,0.23916683
127598.7,-0.9779289,1.9506406,0.7245792
134781.78,-2.8035367,2.258221,-0.795514
132046.94,-3.5066879,1.1740733,-0.5348066
123415.86,-3.4187353,3.0506191,0.5480675
133379.88,-2.7796965,2.4821455,-0.6810506
133745.5,1.4039605,0.6127218,0.7666387
134410.45,-3.3908315,2.580153,0.55281055
125376.3,-3.4699123,1.9196838,-0.34963727
132956.81,-0.27281132,2.3477423,-0.76457715
119417.59,2.0570636,2.1136062,-0.71886003
130593.86,-3.607429,1.0667692,-0.6315638
133948.73,-2.9185162,2.9611964,0.6187637
131642.16,0.2232718,2.8712723,0.95614296
120852.22,-3.0573554,3.216311,-0.7345916
126080.41,-2.0950873,2.8096058,0.8264087
117820.79,-2.1075091,1.6529139,0.8748276
129664.66,-2.7312918,1.0796607,0.6459259
117963.62,-0.73043996,1.4848558,-0.6625747
123747.42,-2.649523,2.8112776,0.44791272
121686.34,-2.8669953,1.8848758,-0.6031785
133616.89,-3.699677,2.9520476,-0.5601301
118838.164,1.6431599,2.5710044,0.37907112
125812.21,0.19556098,1.3249184,0.5349308
115102.79,1.2769605,1.0320653,0.7911502
116302.86,-1.2585654,1.1238778,-0.6908349
127546.5,-2.1056132,2.9738052,0.45586577
129931.12,-1.284041,2.940467,0.46517602
116088.58,-1.2251203,2.1050942,-0.8159612
132661.39,-0.7587276,2.7666512,0.43686894
116338.95,0.3853363,1.8158476,0.69062084
116749.13,-0.70408714,2.2111733,0.76595914
133232.52,-1.4567064,2.953749,0.4398547
115269.836,-3.6182985,2.9997835,-0.5777687
122307.23,-1.3664744,2.543442,0.523371
132336.64,-2.257925,2.0120413,-0.88251173
115614.0,0.06776131,2.8130627,0.5800155
125990.27,-2.5234594,3.1416264,0.41838154
119081.88,-1.6636193,2.313694,-0.7491744
131473.39,0.54602665,1.0448223,1.0317029
122960.93,-2.7638848,2.2760527,-0.93331003
115021.79,-1.9198644,0.6158702,-0.54202485
133487.2,-1.9492418,2.5481844,0.49598655
117899.43,2.0201206,2.0508497,0.7619887
121647.17,-4.481668,0.9373288,0.8169207
129875.63,-2.480283,0.85299104,0.47450322
132035.16,-0.93363535,3.0361888,-0.47761244
128638.63,-0.43411678,1.9830678,0.5088808
134889.44,-3.6253905,2.8455768,0.3102935
122335.48,-0.9963611,0.92959636,0.8037995
119780.98,-0.7499694,2.6760073,-0.8301113
124782.91,-1.5141752,2.3551755,-0.55620337
115329.45,-1.8602256,2.561366,0.62983084
128876.31,-1.8294302,3.0411692,0.6506295
123760.94,-2.0515893,0.53227496,0.38951722
131262.86,-1.5874745,2.1816912,0.47597685
121752.02,-2.9154255,2.8783133,-0.5452188
115251.05,-0.1231943,2.7378922,-0.4592615
115274.07,-1.6377435,0.48120052,0.41429093
119222.45,0.44592193,1.4794104,0.7560072
118625.695,-0.6652393,3.0785396,0.35731882
122821.445,-1.964034,2.6264095,-0.5175133
116771.17,-1.889241,0.42225474,0.54856735
132902.62,-1.8100699,3.0808694,-0.55425346
119377.88,-1.2180252,2.2736676,0.62998235
129288.12,-3.469657,2.9303372,-0.68064225
119566.94,2.1093848,1.1315567,-0.53769
127389.45,-0.88108605,2.6174152,-0.5519951
119156.41,-0.5732873,0.32789627,-0.41138136
120446.875,-0.020384634,2.7398322,-0.59117514
123110.49,-1.2416837,0.9926532,0.7162942
121412.516,-1.7459806,3.0047271,-0.46886003
134510.34,-0.26610819,1.843628,0.7786896
130904.9,-2.1953735,2.171759,-0.7224153
121758.53,-4.2440534,2.6537645,-0.6968988
130894.88,-2.1973124,2.9503005,0.4075404
128731.01,0.36625558,2.8523064,-0.19560769
127771.24,-4.641754,1.6678581,0.39518127
119898.54,-2.3870234,2.9733493,0.3185435
126390.02,-1.2183486,0.21606694,-0.54043484
128853.13,-2.9179435,2.3813484,-0.582746
128596.055,-0.6833453,1.8310858,-0.45512545
122759.71,-1.1722428,1.0096622,-0.62033415
123160.08,-2.1464932,3.00532,-0.74170834
134418.34,-1.3557241,3.0327847,0.54607624
118270.59,-1.993004,1.5723598,0.2325033
131508.62,-1.7305027,2.7856042,0.33419734
121380.586,-0.6021264,2.1483102,-0.7379688
124011.69,-1.5216453,2.8143456,-0.049520534
125405.18,-4.2860966,2.8445864,0.7351132
118127.68,-3.9977303,0.6456603,0.62276375
129869.04,-3.8765945,2.4203968,-0.6941504
118833.91,-0.5721966,3.062627,-0.2551565
119136.42,-3.3358026,2.97417,-0.65647745
121075.586,-1.8933104,0.6510013,-0.6854455
132894.56,-1.2692723,3.0531359,-0.8462519
129326.27,-1.7517257,2.4767122,-0.3642081
128478.336,-2.701349,1.3151942,0.5835729
118345.39,-1.6608231,0.60258144,-0.514019
123584.42,-4.2375636,1.3954188,0.775502
124220.75,-3.5276244,2.5685081,0.20114875
115734.43,-0.34416237,2.8867133,0.43071002
119099.27,-2.3086648,0.4430687,-0.53239775
128892.81,2.3395636,1.8047044,0.79550016
121891.99,-2.1882865,2.1303306,-0.65470576
132833.44,-3.3503144,2.179496,0.39156893
120943.42,-0.38190535,1.3199832,0.8565565
118055.83,-2.638908,3.0344033,0.8957979
118144.79,-1.8155831,2.944253,0.5721781
122728.195,-0.07275311,1.0065465,-0.7963887
117229.85,-1.5467176,1.5662607,-0.8272548
122321.16,-1.2647055,0.28821683,0.47264883
115072.27,3.3044739,0.5908794,-0.6760403
130122.89,-0.47200304,2.81481,-0.69874066
120874.44,-0.89694315,1.7147701,0.52272874
132085.78,2.265283,0.7953073,0.62900573
119393.23,-4.6224833,1.5690477,0.44761628
116875.28,-3.9570737,1.8795677,-0.82014114
117274.15,-1.0247542,0.3428492,0.58831203
128560.59,-1.8090194,2.565909,0.71554077
121241.94,-0.9426553,0.48625296,0.7459707
125855.375,-2.463154,0.08717769,-0.28859735
131440.0,-1.0419765,2.953714,0.646161
117890.87,-0.120994925,2.2138293,0.9401473
116102.5,-1.263228,1.6726426,-0.68170875
121983.04,-0.08199039,1.4763056,0.79269475
118006.15,-1.8587415,2.1938875,-0.7040983
132262.73,-0.4178557,2.8743758,0.5991004
124584.66,-3.2470698,2.6174986,-0.7696951
127601.484,-1.3259335,2.2156818,0.80525213
116759.79,-2.9181376,3.0177052,-0.56638306
116920.516,-0.515895,2.7911155,0.3253965
118108.14,-1.1308812,2.2489626,-0.6594099
126656.75,-3.2580779,2.4320347,0.46836573
122736.55,-1.3217503,3.0439136,0.34470478
133091.72,-3.0556061,0.22805284,-0.6552375
120216.46,-3.5687766,0.65508604,1.1485968
132518.05,-2.6088555,0.69373864,-0.56134844
123380.42,0.9933775,2.0953534,-0.6210723
121624.89,-2.6918185,2.728598,0.77454215
115110.09,-1.0316126,2.9626744,0.5447591
121290.31,-3.4246173,1.5451044,-0.50984615
115797.02,-3.5195577,3.1870818,-0.47068152
121874.445,-0.93587327,3.0115886,-0.5096306
119113.67,-2.7912154,2.8213232,0.5811164
119212.38,1.7948055,2.1738808,-0.6468996
126965.56,1.9312463,3.0873268,-0.34193012
118048.63,-3.1942859,3.0702426,-0.7331755
125393.95,-0.9541794,1.3391598,-0.5683297
115996.125,-2.95889,1.9535439,0.45114323
127847.086,-0.14728403,2.6381438,-0.48672244
120968.81,1.0188138,1.6270776,-0.5646973
122458.0,-2.5713136,2.5903103,-0.86148924
132220.23,1.0795442,0.17112021,-0.4765448
124028.29,0.23834535,2.8157406,0.5711375
129301.47,-0.37623233,2.1518168,-1.1129106
128694.48,1.2164168,2.0044951,-0.88473296
117408.97,-3.2830596,0.2761851,-0.7216165
115625.805,-0.31114808,1.8825245,0.9255868
129251.65,-3.6526165,3.0660653,-0.5216659
132034.12,-2.9054012,1.254378,0.8288631
126162.85,1.798147,2.6517158,0.4861333
119752.875,-2.043836,1.1193095,-0.9851705
124531.41,0.20914087,0.65773475,-0.61944205
132077.73,0.043118797,1.3923304,0.5021941
117864.46,-1.6785254,2.3344586,0.47596046
116096.0,-3.7281275,2.2150598,-0.90596914
126519.34,-2.7491205,2.8345852,0.30909222
120188.3,-0.14439999,2.485709,-0.6794656
117708.1,-2.471918,3.0002475,0.66742164
131120.03,-3.9669385,2.6040773,-0.7024998
126954.75,-0.8928688,2.6436791,0.6930569
115230.8,-0.093085736,2.2842963,0.64092726
124561.695,-1.0079035,2.2437081,0.7206581
126392.16,-2.6218247,2.7098372,0.81172955
115623.99,-2.3347702,2.7132387,0.44435778
119477.32,-1.1216173,2.8067737,-0.77173954
124403.05,-1.7233446,2.3151457,-1.3001128
116526.58,-2.38814,2.2662404,-0.4875443
133898.39,-3.1802847,1.5780671,1.073275
131929.8,-2.9283965,3.1662488,-0.44851702
117334.336,-1.5380135,2.7335591,-0.5006556
130970.586,-3.7322552,1.1992458,0.88241327
125420.875,-2.4815755,2.609918,-0.69142807
126022.016,0.1593754,2.4069138,0.37725183
132222.97,0.20694356,2.9073374,-0.55341774
126555.82,2.5912857,0.22986534,0.6764371
132182.58,1.8034852,2.6539583,-0.58597887
118799.6,-1.9407033,0.3093952,-0.42277393
128568.88,1.0975944,1.6400124,-0.6353674
115485.49,-2.5682254,2.3429315,-0.41440913
115808.37,-3.704823,2.4369822,0.053058453
127702.375,-3.2511575,2.4663553,0.67145556
126090.9,-3.1071153,1.7614076,-1.2684245
132621.3,-3.8378704,1.8621811,-0.447012
130198.66,-1.9758594,0.938488,-0.8421052
115135.05,0.01546791,2.9820762,0.4430426
134866.67,-2.1324527,3.013054,-0.42170253
130726.16,-1.2899469,2.5312815,-0.7931528
132468.98,-2.5364184,2.5879438,-0.5634121
127013.72,-1.4718478,0.3701253,-0.48772344
125008.07,-0.07514397,0.62794733,-0.59324646
122641.07,0.7911382,0.4708247,-0.566436
124606.14,-2.0803688,1.7851416,-0.8332481
131211.25,3.3647013,2.3153489,0.6683739
123261.67,-3.2618864,2.730955,0.5132825
116960.87,-2.4362857,3.1207817,-0.65576965
124177.984,-3.7703114,0.16772418,-0.5293096
120988.51,-2.4898064,3.0298119,-0.2897289
125979.51,0.6095053,1.973474,0.46496123
122795.65,-2.334888,2.6886487,-0.6592328
123704.11,-0.6777918,1.3587763,-0.44645914
126559.36,-1.5317078,0.10489746,-0.33294368
122527.13,-0.6893211,1.5661452,0.5431953
128366.98,-3.3785925,2.4933946,-0.6029516
133119.97,-0.9881078,0.94539464,0.7726475
116833.48,-0.67222005,2.539002,0.6558791
124834.86,-1.4716043,1.8646547,-0.7047075
119756.18,-0.6050459,2.7033122,-0.6887942
115245.36,-0.16338015,3.0037048,-0.81719106
129573.3,-2.6417384,1.9344871,-0.6959229
132079.94,-2.100772,0.4440092,0.6736071
117960.35,-3.792143,1.2974851,-0.8077109
118616.016,-2.6932921,2.112979,0.6746479
121734.14,-2.457503,3.0020576,-0.6910066
134879.08,-1.402038,0.7732926,0.6039796
128748.46,-0.9288405,2.272778,0.57745683
121904.63,-0.9398136,2.974809,-0.33493647
115673.625,-0.9619661,2.7311044,0.46940655
124256.484,-2.6685905,2.4820163,0.4378889
124283.43,-3.0894697,1.0810175,0.61720186
128485.08,-2.6953006,1.4274392,0.8805491
118339.82,-2.0046809,1.9202448,-0.23203048
128496.35,-0.067442045,1.0622543,-0.503758
120040.37,-1.585968,1.0129522,-0.737773
125884.29,0.13264373,2.199641,0.48299924
119713.66,-2.2945077,2.785734,-0.54260284
128323.13,0.22730616,3.0692403,0.55762345
123874.33,-1.5998937,0.15614262,-0.5521939
133967.12,-2.6227827,2.534239,0.26366267
115377.93,-0.66218406,2.6470866,0.55211943
129786.586,-3.4000747,2.4578855,0.5470055
121383.62,-1.3425499,0.9998758,0.6961938
119429.21,-2.701006,3.0033138,0.49769494
127652.55,-3.2270794,2.826873,-0.6495526
115418.34,-0.58885926,1.6436539,-0.96630734
127336.61,-2.9193978,0.10938488,0.47418308
134737.17,-2.0846422,2.6211636,-0.7418584
129331.08,-2.930283,2.1315303,-0.63391584
116885.99,-1.3737961,2.020239,1.0163445
130677.43,3.115043,1.0801489,0.61323404
123078.89,-1.284316,2.9924314,0.5973005
123458.11,-2.3658018,1.6468673,0.62481546
130313.42,-0.8789662,3.0935473,0.4592314
125583.914,-2.0527089,0.40305382,-0.2902734
123754.766,-3.3929455,2.0341594,0.46999052
117104.61,-3.9270809,0.8456379,0.42444438
129165.71,-4.028717,2.861214,0.5856952
121418.125,-3.3313026,2.6931098,0.5611037
129682.76,-1.6241122,0.54457444,0.71922743
115156.79,-2.433272,3.0311625,-0.8194992
119890.93,0.3128515,2.951811,-0.36885914
130164.81,-2.3751535,1.7501185,-0.97074413
123387.14,-3.912297,2.9342108,0.6295927
116366.03,-1.0784221,2.851232,-0.79353756
121406.445,1.5682449,3.0589051,-0.24415486
116268.266,-3.4123776,0.65556383,-0.65368176
116751.38,-0.44569913,2.928813,0.6010797
134200.55,-4.3146567,0.18147334,-0.2663173
116504.2,-2.0216677,0.2025989,-0.29601803
124519.84,-2.457922,2.8995855,-0.30919713
119935.73,-0.107461885,3.095084,0.4615605
117022.18,-3.1854968,2.3535707,-0.6251463
126450.75,-0.7243567,2.4048193,-0.60983974
119546.43,-0.20430198,2.2246063,1.0315045
132686.84,-1.135955,3.0276601,1.0802182
119819.8,-0.8229591,1.3262091,-0.82054144
117358.24,-3.9772196,1.2715173,-0.7168252
134613.4,-0.9987203,2.7628562,-0.63862073
117079.12,-1.132941,2.5954728,-0.50396353
122060.29,-2.3933218,2.9927206,-0.7630892
123804.54,-2.7451522,2.1149352,0.5678906
119479.91,-1.9161379,2.1634934,-0.67747724
132831.42,-1.3456031,1.8724403,-0.17272356
130349.16,-3.7301493,2.704359,0.42037106
122938.516,0.79356,0.20206577,0.5095206
119427.67,-3.8237538,1.9006801,-0.7197511
124960.48,-2.3211584,3.0815816,-0.46092632
120482.12,-3.804027,1.4183592,-0.7759322
122899.32,-3.0028157,0.6612083,-0.48696274
124698.16,-2.516909,2.6065884,-0.55839944
131525.36,-1.5723592,3.0124776,-0.61163557
115163.555,-0.13380851,0.5638359,0.38509452
133877.66,-2.7229125,3.1483626,0.52151716
115660.79,-1.5360187,2.809847,-0.51311064
133776.62,-2.8699462,0.8682148,-0.5047665
134304.12,1.0175865,2.9900672,-0.5810195
117711.914,-1.5437344,2.982761,0.40148154
122614.86,-3.601747,0.33874306,-0.86362803
116668.79,-0.012231537,2.7864354,0.5137288
129929.73,-0.9102014,2.985978,-0.63306165
122988.625,-1.543071,1.6592358,0.7345686
124969.15,-2.6467307,2.504545,-0.60468084
133918.8,-1.8722264,2.9336247,0.39384025
120349.35,-3.2975047,3.0384867,-0.55386484
133555.8,-2.604212,1.1042603,-0.54144007
123247.48,-2.4387681,2.4242287,0.45041025
123290.586,-0.51199293,2.804679,0.61512446
115797.47,-3.605185,2.1159542,0.567069
117308.914,4.5561786,0.3176838,-0.597627
130073.93,-0.71507984,2.4865344,0.70606756
119786.42,2.468912,1.9292489,0.6658521
122878.13,2.332872,2.7257032,-0.51079786
118834.77,-1.4238199,0.22623621,0.3231268
131204.25,-2.7032146,1.6970631,0.76002824
120683.055,-1.0308664,2.0375698,-0.5930724
115368.44,2.9077697,2.036309,-0.5929355
134977.02,-2.7751107,3.1688492,0.8403445
116598.2,-3.1333785,0.8046084,0.37829766
129241.28,-3.575527,2.942128,0.48898414
116485.97,3.3080769,2.613913,-0.599261
119532.25,0.726107,2.4149592,-0.81165
119087.09,-2.7205994,1.8106587,-0.62925315
121384.19,-3.0366657,3.0538301,-0.13589185
120404.63,-1.8226906,3.1179948,-0.6622567
124417.97,-0.4532574,2.372626,-0.67757845
115359.67,-0.5185652,3.002769,-0.59608877
117704.49,-2.6888516,1.2562076,0.5212874
118565.08,-0.6926746,0.11049165,-0.28272116
122453.414,1.5689173,3.0152144,0.4835513
125306.02,-3.5172403,0.15534146,-0.50250125
116607.17,-0.9363265,2.7327144,0.68822455
129562.01,-0.38600653,3.0745466,0.5294507
134606.19,-2.4676137,2.60056,0.63237566
122827.4,-2.785387,2.734922,0.28741053
124296.65,-2.4005916,2.3106673,0.55319095
134361.2,0.7915267,2.72774,0.8954143
120403.89,0.30953625,2.6362388,-0.43301854
130559.516,-2.2148905,2.6440122,-0.5029956
121387.78,-0.004035047,2.186934,0.6960045
123629.32,-1.0577513,2.230784,0.42536932
116172.31,-0.43345,2.85816,-0.5306723
125354.33,-1.201886,2.564321,-0.815947
119878.07,0.22057477,0.9435583,0.37447622
115820.11,0.9206117,2.767741,-0.62652797
116936.79,-1.5974764,0.80396456,0.7075708
124614.55,-0.9510102,2.616506,-0.58977425
123261.45,-3.0413811,2.9098904,-0.72087044
127853.16,-3.017649,2.4357772,0.75886905
126287.44,-2.7601252,2.4445581,0.74546283
119301.13,-2.330897,-0.030672118,-0.2672816
116084.875,-0.8871304,0.7891972,0.90043503
134095.44,-2.2764864,2.5893183,0.7516335
121331.86,-1.716296,0.08321298,-0.7601141
130673.27,-2.0399132,2.9582932,0.56989115
117411.31,-1.7549379,2.516021,-0.46069103
129285.24,0.1874165,2.7145495,-0.3543381
115205.07,-0.9094784,0.6926548,0.62825775
128736.39,-2.423663,2.1740963,0.7741963
126799.305,-0.48051706,3.1058495,-0.5618873
131201.38,0.70143175,2.5041711,0.88806236
123943.93,-3.851592,1.8937628,-0.52962095
127720.93,-2.2074783,2.0682352,0.85885847
121318.0,-2.1939924,2.5238364,0.79129994
129648.13,-3.6676228,1.8612742,0.47587776
119047.05,-1.796347,2.2425315,-0.733662
124029.414,-1.6518431,3.05571,-0.2404606
133014.5,-2.5496202,1.6369212,-0.6441821
127672.516,-0.75799644,1.7831954,-0.7451043
126467.55,-0.45905718,1.7182521,-0.6873824
121730.55,-1.2206168,2.9829426,-0.2983243
131526.31,0.069195405,1.2886068,0.47553462
133216.45,-3.575637,0.2883681,-0.54306436
131012.03,-3.9913623,3.0147233,0.1628123
120390.75,-3.3777611,2.454126,-0.7561659
117082.5,-2.376122,2.585189,0.6478161
116587.484,-2.0970566,2.3510337,0.88811064
117103.85,0.6309307,1.2777852,-0.91203475
130126.38,-1.6569517,2.5629816,-0.6952063
121411.516,-3.4676394,2.5359323,0.6222982
119138.78,-3.6967907,1.4223657,0.4970559
119298.11,-0.8146497,2.4444394,-0.92614543
119967.75,0.5779303,1.0787723,0.74587727
117188.22,-1.0168563,-0.026356807,0.37504753
122428.21,-0.7550762,2.4584203,-0.6711482
127342.055,-0.7746508,2.805859,0.6247374
118027.9,-0.681095,0.4409939,0.38797086
134420.8,-3.1870246,2.3773835,0.4661536
115657.39,-0.6461868,0.47919586,0.52910477
123310.414,-0.9945723,2.7884877,0.3842179
134770.31,-1.3288007,2.5050955,-0.5462572
123249.88,-2.3701985,2.450224,0.61103636
124305.08,0.35678688,2.2922533,-0.5034919
130417.74,-4.4920106,1.8308378,0.3225462
133538.98,-0.9558164,2.5468729,0.5031408
122542.7,0.82773393,1.4832056,0.6294854
129321.23,-2.4935365,1.037455,-0.69811344
124994.64,-3.0619738,2.7467365,0.491671
118911.82,-2.2093208,2.1769588,-0.7650913
120099.086,1.9186879,0.98267365,-0.5525549
116302.305,-2.9007263,2.750139,-0.96962214
127997.9,2.239463,0.7498311,-0.5534161
127748.26,-3.6111028,2.8677578,0.59604114
127267.65,-2.2459025,2.946246,0.61760134
127805.61,-2.0686638,0.41707215,-0.56186473
115931.16,-1.9973989,2.5372345,-0.479578
122079.914,-2.7042706,2.1177154,-0.80975425
116690.016,-2.7755504,2.7314036,-0.6180561
132481.17,-2.302,2.3868906,-0.76937836
118022.06,-0.14625771,0.30666363,0.47194418
130751.555,-0.8058329,1.3207582,0.5875363
115070.07,0.016836574,0.15384044,-0.55093503
118740.56,-2.1562977,0.24792537,-0.8330126
119421.555,-0.77558315,2.328751,-0.8478176
118638.74,1.0154552,1.0689691,-0.6304127
124669.12,-3.1383407,2.8234036,-0.66296905
126654.37,-1.2890474,1.6834564,0.6264094
118747.34,-2.9434779,2.4279425,0.5602333
127040.44,2.6075528,0.14142367,-0.5436531
128248.34,-2.8439867,2.8419986,0.80437726
128543.08,-1.7108626,3.0277112,-0.5236968
120119.26,-0.25109935,2.6366248,0.6959026
117214.71,-1.2040731,1.5473963,0.8310827
119324.88,1.5045997,2.7431703,0.7927172
130689.32,-2.7020779,1.0790185,0.60756963
128456.61,-1.3928576,0.13083462,-0.56053907
116808.484,-2.8123975,3.1121058,-0.2598914
125086.53,-2.7892706,2.9414952,-0.47680148
116656.98,-0.644233,2.8595665,0.6811553
117178.86,0.94399196,1.9075079,0.4935562
127899.19,-0.95288104,2.864538,0.43239063
117946.06,1.1801909,0.64533657,-0.65511805
124667.586,-3.5333817,1.7717066,0.71981996
122999.57,-0.96015936,2.0484276,-0.9753661
124957.336,-3.192807,2.8310368,-0.7516352
116131.28,0.8710146,1.6418692,0.8915228
126871.516,-3.0636146,2.485343,-0.30631414
119938.03,0.2880664,3.0759594,-0.59320587
118775.92,-1.6374308,2.2797523,-0.35184842
115676.23,1.5486407,1.7219938,0.67500126
134512.31,-3.069185,2.2184706,-0.7530288
126646.25,-1.9288988,0.64312685,0.64198107
129643.72,-2.435388,1.0509852,-0.9784562
117109.625,-2.6901667,0.34793794,0.8217976
132900.33,-3.54557,0.18768983,-0.4880362
116470.625,4.6229215,0.7861335,-0.58175707
122906.74,-1.918513,1.3139644,-0.59061706
122074.48,3.0307987,3.0257633,0.46554253
123324.34,-1.4891435,2.488626,-0.5520663
126241.805,-3.048662,2.3217313,-0.91346765
123112.62,-3.5488515,2.4882498,0.74599063
120572.14,-3.5697484,1.3556356,1.0803653
127271.92,-1.717221,1.7204976,0.646451
126354.38,-1.5624669,1.4403347,0.56179476
119907.61,-1.0017852,1.3756313,0.6384429
117275.2,0.29221752,3.1457636,-1.0055779
131398.08,-4.3625865,2.6510212,-0.3552703
117675.63,-2.2848308,2.9228537,0.46407476
122385.695,-0.34568223,2.8257658,-0.7945501
126262.62,-3.463746,2.5429428,-0.66764927
117490.32,-2.3672452,2.2567112,0.6016268
122637.31,-2.5810335,2.973898,0.45603547
117885.836,-1.7424291,1.831798,-0.8335723
133277.38,-2.4309897,2.999695,-0.5919329
118742.64,-1.9466795,2.7449107,-0.46646374
134299.92,-2.114622,2.1460445,0.5649128
115480.72,2.841861,2.7600021,-0.47976613
119055.45,1.3050363,1.8777385,1.03513
116114.63,-2.3966777,2.2013404,-0.7751707
115047.805,1.7919401,0.9795511,-0.63708484
128059.84,-0.029470032,1.8254246,-0.7367628
134967.2,1.8674915,0.59191215,-0.6016704
132387.3,2.5922713,0.13649137,0.33449984
134550.0,-0.7088354,2.8562028,0.33372995
122293.12,-3.859299,2.9793417,0.5126937
117936.67,-3.584119,2.7124753,-0.5745751
132994.75,-2.833309,2.7174747,-0.50877464
133594.1,-0.74082065,0.8088205,0.4910838
125697.734,-2.4895682,3.1117616,-0.31644267
119422.91,-2.7160506,2.2706583,-0.41757423
121136.11,0.73641086,0.9730316,0.6026878
133501.78,-2.9837768,2.6161985,-0.40751752
125157.766,-0.9433176,2.7115269,0.6135043
131365.47,0.3238528,2.757189,0.47272637
121704.7,0.7176133,1.7122078,-0.78075004
119956.0,-2.3308225,2.70137,0.54804987
115474.18,-3.3449478,2.9524777,0.41318434
126888.695,-2.7986882,2.2105374,-0.7973872
126934.25,-1.9218369,0.074794434,-0.31110314
124836.25,-0.6673994,3.050328,0.35166475
132200.1,2.7949448,2.2871072,-0.676996
115420.2,-1.7921443,2.915905,1.0134727
134476.89,-3.947201,2.6837623,0.75137913
125121.82,2.147806,1.7826319,-0.66834253
128157.25,-2.857877,1.0422125,-0.60624886
120898.87,-2.907201,2.3212361,0.48196
130943.68,-4.419139,2.940335,-0.50389975
129503.09,-1.9919755,3.0413463,-0.4582994
118221.15,-1.6999878,2.9586554,0.42717898
121035.46,-2.222273,2.4107804,-0.7344898
124774.18,0.47904336,0.9839664,0.88768125
120191.945,-2.5088985,1.2805039,0.53333974
126822.24,-3.1502151,2.4256911,-0.43177137
129611.52,-3.526385,2.5837355,-0.21161063
133005.81,-2.1078165,2.8283472,-0.46036652
122815.625,-0.39758712,2.9761722,-0.5678055
127133.07,-2.3084726,1.6397719,0.69049287
133658.17,0.51553994,2.5792527,-0.5336305
117687.48,4.065652,0.635412,0.62306786
117068.46,-0.3444076,2.682062,-0.47567713
128222.52,-2.8060255,2.0600984,0.4389964
126248.36,-0.5777653,0.8132909,-0.68887156
116463.65,-3.0664659,2.207386,0.55944985
128633.9,-1.7065407,1.1142606,1.1928115
131082.72,-3.732373,2.9587808,0.47628757
116771.5,-2.196601,2.1732662,-1.0613749
123471.195,-0.09965905,1.12847,-0.7632549
123893.8,-1.7749226,2.5581803,0.502372
118829.96,-2.2555237,2.8190885,-0.41001737
121469.19,-0.48374584,2.5187802,0.47535992
125401.01,-0.38493714,2.808081,0.62759393
134879.67,-2.916556,1.6230109,-0.714735
115541.29,1.3647258,1.0518383,-0.6999822
130667.984,-2.6348753,2.8377872,0.2572148
122044.12,-2.2953851,2.5412526,-0.4466521
115732.03,0.21231766,1.2726504,-0.67046636
126238.984,-3.1278164,2.1844301,0.86043566
126753.58,0.3327674,2.687727,-1.0063248
120493.695,-2.6460526,2.2631276,0.43929997
127835.37,-0.5524123,2.8555658,0.049166966
126467.16,0.32996565,2.9929163,-0.6174126
127036.836,-1.6250614,3.1159127,0.41033405
133860.95,-2.1953685,0.39239416,0.5307221
120340.734,-1.7041836,2.7964394,-0.36395186
120573.43,-1.1378485,1.4758006,-0.6189979
122786.29,0.16856308,2.657974,-0.44291562
119091.25,-0.9353515,1.6183623,0.43597835
130722.93,-2.6043699,2.1386948,-0.6570816
117128.555,-1.2654443,0.34716058,-0.4518018
117791.13,2.0486119,2.7478354,0.5548612
126481.75,0.87572473,1.7461861,-0.7601885
116241.07,-2.8985379,0.3755503,-0.73490906
134679.78,2.7486126,0.10381962,0.25709733
124799.516,-2.516618,0.60313183,-0.610695
118485.8,-1.6055908,2.4197176,0.7522993
123370.79,-3.3679397,2.7844882,-0.50795245
134907.08,-2.6647365,2.0624363,0.4126223
123263.984,-0.57605565,3.0339818,-0.41370386
126026.375,-3.1566067,2.4627223,0.7813415
131614.89,-2.2088666,2.2168605,0.63064194
126191.7,-2.2970955,2.2907674,-1.2232567
132625.9,-2.58464,2.839495,0.32541558
127083.766,-3.1577046,3.0107298,-0.87585884
126100.44,-1.692582,3.0694485,-0.5613263
115513.586,-3.1228192,1.1557566,0.5546434
118934.86,1.9120368,1.2442433,-0.6415761
128631.54,0.6942247,1.9355264,-0.022966662
132648.48,0.022848161,2.1652086,0.52426654
123444.49,-0.012479509,2.8246603,0.49007595
116162.195,-1.391017,2.434295,0.6264349
116456.24,0.1884969,2.1727037,0.64814746
132158.69,-2.567267,0.5809367,-0.7541607
122860.484,-2.672352,3.0164275,-0.72097164
134765.14,-3.5532858,3.054442,0.42006552
125738.61,-2.3364851,1.3503139,-0.42795786
134874.25,-3.565918,1.8564101,0.74033517
119045.06,-1.4517294,2.2615635,-0.62795377
126673.63,-2.6206508,2.6562598,0.5028506
132255.83,2.708271,2.6127405,-0.55644536
119971.58,0.14733432,0.14570732,0.5568106
132828.98,-2.6909368,3.12098,-0.50485975
123670.484,-2.9350379,3.0237312,-0.75017494
119699.95,-1.9118911,2.418845,0.28387037
133367.7,0.22861214,3.082192,0.30242798
124227.555,-0.061104305,2.4651923,-0.6257087
119025.055,-1.2476368,2.695064,0.58196455
123134.42,-2.0329194,2.8370504,-0.52251244
133647.95,-0.5992892,2.553087,0.99986076
130519.05,-2.8004794,1.2968292,-0.76837844
115096.42,-0.12766536,2.465672,-0.6246646
129841.12,-2.2052348,0.20274025,0.35723057
116811.66,-4.314957,2.309669,0.49236315
126872.42,-0.6331091,2.161902,0.47828543
127135.13,-3.4546986,1.1169251,0.47543353
117605.05,-1.1427342,0.88076794,0.53369427
128306.336,-2.209465,2.5038555,0.6232197
129366.53,-1.8330117,2.5288649,0.6995258
132938.64,-0.615148,1.8279195,0.71986663
118665.95,-2.3653224,3.0173614,0.58749473
119957.234,-1.3208745,2.191738,-0.4769111
127485.33,-3.1060197,2.1759455,-0.6247165
119486.195,-1.6639864,1.6309788,-0.48389158
116939.03,1.3010688,0.12037428,-0.5953451
126161.445,2.1057363,1.6624601,-0.80718
131076.38,-0.81979024,2.9854097,-0.5336647
116521.83,-0.3876545,3.0900087,0.39107126
130621.29,-0.20138314,2.9905677,0.589283
130979.24,-1.5384164,3.0291212,-0.43821725
120075.02,-2.7427056,2.9798424,-0.5135051
118691.31,-3.0732455,1.5710248,-0.82349414
130018.08,-1.1614908,3.038069,0.41671166
127247.0,-1.2005929,2.7824125,-0.58243084
115848.33,-1.3806194,2.5259182,0.6627184
116109.14,-1.5533092,0.68577296,-0.7304897
115264.85,-1.6766092,1.3031405,-0.6395563
129245.08,0.030769471,1.765813,0.8163713
127062.14,-2.4466448,1.3512074,-0.44124216
115002.57,-1.816512,2.7990406,0.37658107
133325.98,-1.9973886,1.4398059,-0.7514776
125046.89,-3.3595114,3.056991,-0.6202278
116347.914,-3.0733697,1.2370825,-0.73297596
122967.78,4.5503535,1.6370049,-0.9352982
123295.586,-1.3912385,1.7994897,0.40668747
117111.29,-2.6649976,2.27147,0.63291895
118101.625,-1.3688439,3.0283024,-0.7354359
131321.77,-2.1728811,3.1540759,0.7544526
130557.29,-2.5720758,2.5764117,-0.7637095
116518.805,-2.3834572,0.10421489,0.27713767
129794.13,1.4191315,0.21837947,0.4173605
128720.26,-1.4003944,0.63362026,0.8199405
121963.04,-2.3562963,2.851932,0.84246236
115680.38,-1.1712581,1.1779381,-0.86388856
117838.29,-2.1237063,2.6936822,0.9387968
121508.9,-3.580174,2.0497553,-0.056411967
127304.1,-2.26895,2.5582032,-0.5091408
128636.99,-1.6834528,2.7469397,0.53005505
133281.17,0.7615669,2.1318655,0.7384947
125031.6,1.2575195,0.050412,0.44432765
123525.35,-1.9239986,0.18471234,0.48111844
128676.62,-2.648493,0.29938906,-0.63488173
124585.77,-0.93022645,2.9966924,0.58122724
134743.92,-1.8451865,2.7484503,-0.6441308
116928.44,1.6519767,2.0561693,-0.67532045
118519.05,-1.723149,1.6120427,-0.8154129
124049.11,-1.6346786,2.992639,-0.7568249
116899.8,-3.7321024,2.941752,-0.3704983
127132.2,-2.7513068,2.4759917,-0.54661334
125992.63,0.23482795,3.0038211,-0.33443522
116935.99,-0.10006545,2.4232013,-0.8676021
130210.88,0.39158726,1.5253593,0.60113466
123416.68,-3.7360065,2.5933332,-0.63055414
133473.0,-0.74201226,2.2779365,-0.7534797
126508.586,-2.2631533,2.8066628,-0.70400274
124428.91,-3.4584565,2.6361797,-0.69007146
117847.586,0.087823234,2.1057653,0.5120539
119994.75,0.10675,0.2904798,0.17489462
127106.305,-0.78850037,1.254122,0.48217604
117074.18,-2.3192565,1.8525411,-0.6615658
126605.52,-0.924997,2.4224486,-0.39665776
133701.47,1.2321272,2.5237107,-0.52304095
131798.88,-2.7085407,3.1380017,-0.3061536
133459.5,2.1034245,0.44506863,-0.7562684
121714.0,-3.2647593,3.029151,0.6813489
115585.55,-3.1715152,1.5421137,-0.8336484
128522.5,-1.6811157,3.0155725,0.65058655
115387.21,0.29851392,2.6085346,0.19671519
115239.85,-2.4884946,0.11084221,0.5081763
126253.11,0.52373815,1.6939614,-0.7806654
117171.23,-1.5847168,2.7130497,0.7646632
117919.68,-3.5057526,2.7016246,-0.7706781
122976.51,-3.112901,0.8262201,0.6359197
133192.62,-1.5398502,1.6864401,-0.7034091
126879.586,-1.8525195,3.1030555,0.31879216
119466.42,0.50141037,0.39816067,0.4745255
134512.88,-2.0514464,0.13302587,0.5999557
131535.16,-1.235417,1.2297497,-1.0354652
134076.83,-2.4849825,2.135041,-0.596139
125054.27,-1.7734132,2.587922,0.47480893
128254.586,-2.2826078,2.6498098,-0.7618192
127479.42,-2.9478285,2.0051026,-1.0414166
126900.63,-0.94863415,2.6850123,-0.57665664
123524.02,-0.714359,0.5579234,0.7060166
121373.375,-3.049071,1.3722243,-0.7628742
130790.42,-1.5180176,1.5371959,0.60542846
118439.336,3.1560483,2.528359,-0.43803176
134736.97,-2.6555912,2.961863,0.36450374
133648.08,-2.0386982,0.8386815,0.5985578
130082.18,-2.5555131,2.2312777,-0.89286053
121193.48,-1.2345036,2.5387344,0.59987044
130117.86,-2.6540852,2.60792,0.51435626
124726.34,-2.0968714,2.855859,0.7479048
130325.33,3.930196,2.5088303,-0.69544524
115879.4,-1.1204556,2.6223884,0.55321145
124193.88,-1.3657501,2.6802268,-0.6720718
123485.04,-1.1694335,2.6831062,-0.5215134
118807.82,-4.0505953,1.7611728,0.6259128
118108.48,-1.0479554,3.044301,0.46948212
115011.016,-3.6145198,2.522446,-0.43778223
127251.57,0.40840524,0.72362757,-0.5635481
115320.64,-0.7128567,1.7122853,0.66674393
118622.52,-3.5149095,1.080915,0.6474993
115509.01,-1.4682994,2.939737,-0.4392064
124820.46,-2.6366024,2.9381363,0.3685596
129972.12,0.039773937,2.0370448,0.73540765
115971.45,-2.9619758,1.532458,0.77881366
134747.56,-0.81405145,2.8816621,-0.6262443
115904.27,1.1603808,1.4147941,0.80281484
121647.766,2.5095358,2.681146,-0.44476804
133786.33,0.826087,0.9660925,-0.8229855
121706.445,-3.1517003,3.1143403,-0.61200935
134187.53,0.5935965,2.1817296,-0.76675427
133400.42,-0.84670377,0.47669503,0.5258129
134413.77,-2.9011624,0.62437,-1.048303
121916.96,0.23997991,2.5504224,0.7140876
123212.766,-3.3677733,2.5289693,-0.4473603
116763.91,-2.430362,2.1361244,0.7102694
120207.95,-3.494707,1.7628117,0.71616805
122536.5,-2.7300076,2.4521523,0.5250484
116188.54,-3.435508,2.4551632,0.6809719
133724.25,-2.529589,1.4974184,0.52921313
115102.66,-2.5595906,2.6850255,0.5202866
117886.46,-2.8472044,2.6176393,-0.9635742
115980.38,-1.165812,0.19092906,-0.6665197
116006.07,-2.225702,2.979116,-0.4207912
115724.586,-2.8931308,2.786744,-0.5314666
130218.84,0.6567893,2.0126195,0.98927635
131331.06,-0.61871743,2.6977284,-0.5056467
116819.64,2.2480617,1.7270403,0.71894205
117287.72,1.1824027,2.40224,-0.6785769
118736.164,0.5052085,2.5305643,-0.43403646
131850.47,-3.4644825,2.685078,-0.67915124
116837.734,-1.7489163,0.39478874,0.59403455
130662.03,1.3401319,1.5808707,-0.6011594
116152.54,-1.9368553,2.300307,0.76530623
127387.57,-2.0036974,2.853128,1.032248
121789.84,-2.076154,0.1208525,-0.8380919
121569.94,-2.5871463,2.4068015,-0.93802005
126185.63,-1.4795666,2.2892447,0.644389
132388.8,-2.517913,1.211578,0.6978825
122362.07,0.38983354,0.15897548,-0.5282888
133752.48,-2.3518143,1.3744314,0.58406293
125969.11,-2.343816,1.812925,-0.62454927
118945.734,-1.6579218,2.830411,0.4518969
118307.9,-1.0008883,2.8751428,-0.558923
133706.81,-2.5647128,0.19626495,-0.29156843
115506.33,-2.7019112,1.7525015,0.97151303
115047.76,-2.4877405,3.0143101,0.6211441
125631.266,0.43516755,2.7921972,-0.48376134
116577.85,0.5027873,2.289275,0.43401507
131402.39,0.08808739,2.8785477,0.64322156
128878.234,-2.5332294,3.073735,-0.42960083
115287.44,-3.4880397,3.0400262,-0.35786366
119607.08,-0.3354434,2.516828,-0.47511616
118202.56,-2.7199495,1.9905634,1.0076911
119032.766,-1.701253,2.8824444,-0.38481957
129358.94,2.9514327,1.7964208,0.66880816
128047.01,-1.1674982,0.83368504,0.58717173
124277.695,-2.0769918,1.7539707,-0.52668136
119339.664,-0.116482876,0.8040272,0.5951333
126010.914,-1.564655,3.1212656,-0.30623713
119928.12,-3.046512,0.46520606,0.5123889
126206.586,-3.9217136,0.39856908,0.6589442
128928.47,-3.0415716,3.0031526,0.51632935
120754.26,-0.33116934,3.0232985,0.4226465
122236.8,-0.14843366,2.9996617,-0.75771487
125620.42,-0.2795751,2.854378,0.33100462
115271.38,-3.260803,2.5882373,-0.8894448
133685.77,-0.42373675,1.9963737,0.62069994
118527.2,-0.7951295,3.0350344,-0.37287682
119211.98,-2.5778048,2.102849,-0.661307
119800.65,-1.52871,2.5091677,0.5753602
128855.39,-1.0946522,0.40154877,-0.4847777
128332.76,-4.0071793,1.0459263,-0.5839008
130488.79,-1.0447755,2.455484,0.61599326
116713.73,-0.3954184,3.0531394,0.5850772
121143.81,-2.5823298,0.47503725,0.82695556
134040.94,-3.474153,1.7843292,-1.003513
116053.21,-3.102651,3.0609913,0.27739507
118150.3,0.1139608,3.0284402,0.2929104
115141.71,-2.9577081,1.2740026,-0.5031559
119226.76,-2.6749299,0.23050654,0.45491743
132376.52,-2.7250872,2.0067174,-0.76032597
131969.61,-1.2784111,0.10051783,0.19079907
123513.68,-1.3247873,2.3180437,-0.5195231
131580.48,-1.509068,1.1541271,0.97003084
115354.52,-0.16788392,2.4596674,0.66205883
121422.68,-1.8502457,0.5456686,-0.69965976
118350.03,-1.0491297,2.8148055,0.45301118
124823.32,2.6886683,0.3140663,0.63252217
115571.086,-3.6384482,1.2042279,-0.4212061
126289.51,-2.417569,0.45947558,-0.5507392
115303.38,-2.4352198,1.3760444,-0.72390354
119105.63,-2.4063125,2.8681386,0.8275909
116552.25,-2.8214023,1.7158461,0.70444524
129604.445,0.12401329,2.7780597,-0.42707282
116990.78,0.16077541,2.084666,-0.500078
125808.305,-1.3903241,1.5589876,0.87208086
134073.47,-3.3569431,0.4821,0.5155474
115226.805,-3.440158,2.837322,-0.7014076
119929.52,-2.982569,2.604755,-0.55009186
125954.836,-0.4065551,2.8977196,0.80507225
117430.41,-2.4524322,0.75333035,-0.25533983
117139.74,-1.3205479,1.8653973,0.44767904
132752.19,-3.7526915,0.85766923,-0.52065384
128642.62,-0.8434715,1.8904716,0.63199985
131401.14,-1.6551036,0.9770941,-0.558839
117338.72,-1.4121349,2.983165,0.27525476
118498.195,-1.422766,2.311454,-0.6410055
115344.74,-1.0111588,3.0220666,0.5751423
134698.67,-3.0241017,2.6620214,-0.92018205
133628.92,-1.0421872,3.0741608,0.42792374
131675.81,-0.75664467,2.993307,-0.56915635
124876.375,-0.0927713,2.8371713,0.44141123
117769.55,-3.2818787,2.9350631,0.34020633
115248.34,-1.0157748,1.975316,0.8492762
122985.69,-0.869616,1.9799092,-0.85596174
132221.52,0.11025122,2.3030732,0.84528255
132370.33,-1.9982293,3.0296342,1.0125704
123058.41,-1.3862711,2.8275123,0.66203195
131814.77,-2.8822277,0.77932024,0.3600454
115981.664,2.3546019,2.6273842,0.6166002
123811.58,-1.1295321,0.7783432,0.7930308
129851.9,-2.1141083,2.8878908,-0.5361384
116244.29,-0.66977197,1.2544159,0.86167437
126335.43,-0.6674235,2.9788556,0.6212292
129935.65,-3.741289,2.7359962,-0.3200642
120565.07,-3.4404788,2.233926,-0.9538267
115442.14,-1.3047092,2.8731115,-0.35332438
129019.664,-2.5406158,2.761092,-0.5088239
115797.234,-1.4472122,1.5738444,-0.5903806
132140.05,-1.382681,1.7279531,-0.7685334
118332.28,-2.3203793,2.9275687,-0.46325257
127749.0,-3.0485668,0.92070276,-0.73390675
118110.72,-2.5252333,2.2732933,-0.78139186
117007.93,-2.744326,2.4574974,0.9330939
130475.94,-2.4761567,1.412136,0.4202803
117630.46,0.84781003,2.6191754,0.14105073
126460.53,-1.6524994,2.5395014,-0.68741786
130372.72,-2.514182,1.6455005,-0.43408254
118084.195,-0.33189708,2.68628,-0.4897684
124421.9,-0.26342353,1.3470317,0.70207125
130016.02,-1.6618505,2.9707987,0.42184666
126725.72,-1.4672675,3.0104647,-0.45574704
128246.305,-0.68816215,2.1631346,-0.6357291
132604.89,-2.835024,2.3736277,0.70019263
128681.21,-2.7211246,0.13250394,0.86437565
118115.2,-1.6391256,2.4245193,0.65006226
123038.49,-3.301701,2.3046072,1.1391435
117144.04,-3.4511175,0.41586477,0.7075248
116210.445,1.8585631,0.7629163,0.6035803
128602.38,-0.043482833,1.0850966,0.6800102
130777.28,-0.41367877,2.6872845,0.4726499
117390.83,-0.9571089,1.9404314,0.79898643
116795.34,-2.0539033,2.7502975,-0.8127705
117847.83,-2.9239357,0.812601,-0.7459996
121012.766,0.5959653,1.8959631,0.76453525
121096.65,-3.44253,1.0241362,0.75970346
133240.48,-3.2752342,2.9344828,0.52452517
124306.086,0.5682752,1.2234416,0.5498856
125798.73,-2.8097308,2.0657444,-0.56885946
132994.14,-3.1315408,1.3385544,0.5348073
124984.086,-2.2959528,2.917617,-0.37424013
122924.59,-2.5718703,1.7596043,0.38932773
132017.55,-2.129349,2.6668234,-0.46934766
126753.21,-0.26695266,2.4295855,-0.67701083
120013.37,-1.8872193,2.7412033,-0.5773198
118965.78,-2.6986217,1.5332699,0.7934306
115924.555,-2.6452498,3.0835059,0.64663994
126443.33,-2.4176161,2.0948741,-0.42235914
119716.4,-3.2878544,3.1195376,-0.4339441
132981.88,-1.0169568,1.313405,0.93820125
134927.95,-0.27287194,2.6153097,0.54161984
120257.586,-2.466591,2.9328513,-0.67291725
115838.43,-3.1918585,2.5864315,-0.50936806
124978.02,0.49207562,0.999515,0.5887671
116904.445,-2.8643007,3.0236664,-0.86496496
124102.85,-3.035263,0.40294826,0.7440682
123396.984,-2.6777632,1.7067755,-0.45555124
133688.9,-1.9933232,1.4812036,-0.9194572
134132.64,-0.7519091,0.42046073,1.3958826
132345.83,-1.0647895,1.0710785,-0.5704157
115813.18,0.90875864,0.13594347,0.417845
116597.76,0.41015756,2.1857138,0.6908583
134283.28,-0.8316708,2.9080167,-0.35536924
119541.72,0.19027403,1.2411343,0.42945635
122132.72,-0.832319,2.7923036,-0.7417812
118650.31,-1.5729947,2.469729,-0.7376412
125395.42,-3.7278547,0.55140275,0.5454871
116427.086,-0.998069,3.0096114,0.6340899
117835.086,-1.1218343,3.1220129,-0.65392953
121420.805,-1.1425744,1.8738606,1.0287082
116098.9,-0.26832923,1.4421195,0.67440015
122687.77,-3.4658146,1.2800994,-0.48982176
125613.336,-0.64225715,1.480392,0.716598
121625.08,-2.2145433,1.8968343,-0.3748586
118687.91,-1.2741584,3.0501485,-0.5084797
123349.305,-2.969206,2.1266181,-0.38829583
125806.48,-1.0133936,3.0685413,0.63802934
133422.56,-1.0062169,2.6193924,0.8219814
129112.27,-3.4662652,1.9417955,-0.23999429
126859.36,0.014075481,2.9316876,-0.389724
129605.76,0.6900251,1.9940313,0.5943716
118998.88,-1.2870281,0.33094025,0.39891395
122733.04,1.6768606,2.0647218,0.77049327
117045.266,-0.12615032,0.40423882,0.5178939
129551.19,-3.0586534,0.19379587,0.36012635
118872.14,-1.599767,2.772442,-0.64270955
127405.414,-3.2369819,2.2322552,0.637224
116540.125,-3.1678236,3.1370645,0.42660055
126214.26,-4.641391,0.51956236,0.75266933
127552.84,-3.4931004,1.9807307,0.6300057
115442.055,-2.1015122,2.5905688,0.34376517
124471.55,0.04769387,0.14213268,-0.5009797
128283.92,-1.8550701,-0.0070052114,0.43517157
119225.87,-2.3399584,0.93177956,-0.704564
122937.68,-1.3768427,0.876007,0.513827
131916.22,-3.759311,0.062075764,-0.5461822
127983.57,0.9942702,0.3975084,0.44947425
115298.57,-3.03554,2.4304993,-0.8992539
131530.14,-1.8811151,2.681325,-0.4046985
116802.65,-3.3191674,0.57311517,0.69855195
128163.22,-2.3558786,0.46386963,-0.62454396
134974.42,-1.8238457,2.5831833,-0.45835027
120543.4,-0.4278579,1.7017481,-0.600684
132060.6,-1.002286,3.0098696,-0.39726117
125369.484,-2.0121877,1.2344552,0.52526706
120579.0,2.9267733,1.6314393,-0.80053097
119393.3,-2.1226306,0.21353857,-0.4467652
117849.18,0.34933636,0.8133777,-0.59264195
124155.22,-2.7626579,0.19837096,0.43461862
130144.78,-4.013334,3.0702577,-0.55543643
120200.8,-2.3057768,2.5297809,0.69852364
130543.94,-3.8489037,0.46452796,0.5893044
120868.86,-1.4824958,1.7357411,-0.6831951
126202.516,-2.7371204,1.3410957,-0.8970278
124945.055,-3.4536843,2.031029,0.7966606
130133.65,0.041432936,1.0327291,0.6942473
131588.73,-0.78685343,2.2096407,0.6982764
126525.11,-2.4876382,2.4306462,-0.77943087
124563.58,-3.852905,1.8776469,-0.6728839
131563.78,1.8388845,2.4580653,0.5654292
125365.34,-2.5965974,2.814362,-0.55215716
118419.45,-0.723048,1.2088306,-0.6512131
120894.17,-0.65813935,2.626382,0.81017876
126826.63,-0.6327168,1.2508786,-0.4852948
125633.88,-3.3288932,0.19814394,0.5472212
133394.81,-0.78190196,3.0287905,0.6569636
134328.33,-1.6084418,3.0354967,0.6619471
125116.95,-2.77807,2.8994544,-0.6428213
127926.195,-0.7442971,2.7133467,1.0365142
121381.84,-3.236378,0.9557061,0.5754251
116003.72,-1.4711335,2.7886717,0.38199538
130070.625,-2.3844118,2.3089056,0.6869374
116565.7,3.903035,1.9107049,-0.7062043
116100.05,2.7360399,0.59678894,-0.65286136
123671.27,-1.8723899,0.6809902,0.5673929
126328.76,0.38038927,0.2302309,-0.29025665
126498.69,0.8969531,2.2095025,0.4959254
124279.52,0.32495078,2.5584896,0.64550644
122424.03,-2.780464,2.6490514,-0.16345616
119078.766,-2.1406834,1.2957762,0.42221653
125902.92,0.14057848,2.3067346,-0.49420667
123392.82,-2.3405318,1.5557137,-0.7737817
117519.375,-2.836825,2.938097,-0.7230643
115225.23,-3.5959775,1.9654412,-1.0424874
120029.83,-2.3885705,2.8124232,0.40436873
119730.64,-2.4616292,2.1221528,-0.64405614
117916.766,-1.5624214,0.4705068,0.3281627
125237.01,-2.7973146,3.0210824,-0.9622512
129263.71,1.6118363,1.503151,0.64178646
133534.14,-3.4388604,1.406791,-0.6127415
126206.44,-3.6225865,2.260456,0.4714064
125629.57,2.804761,1.7517213,-0.840253
126553.25,-1.7211422,3.0653405,-0.5062104
126085.72,0.70001143,2.2577815,-0.507816
121442.9,-2.7782052,2.4872298,0.8850502
131862.11,-1.5069351,3.0130417,-0.21382919
116653.75,-1.553823,1.1899192,0.7358786
116872.67,1.3574396,2.8580732,-0.6973834
118782.49,2.6615334,2.8043377,-0.6229561
131995.05,-2.4885874,0.44417816,0.5305226
117779.96,-0.5894206,2.2455454,-0.60433626
126191.83,-0.94246864,2.626451,0.5600759
131885.12,-2.8472326,0.88799727,0.5934121
123255.17,-0.98241615,1.3701557,0.70038944
134442.28,-1.7585665,3.0429401,0.6002409
133625.53,-1.831374,1.3946505,1.1524029
134975.66,-3.1460223,0.94494504,0.54430974
117090.516,-2.2457182,2.9186153,0.5010226
116532.18,-0.97633773,2.7956593,-0.79245865
116827.99,3.553951,0.57907087,-0.68844193
124606.03,-2.6011057,1.6066264,0.35151678
132342.86,1.1190584,2.7501774,0.6679566
115360.29,-3.0200377,1.9499421,-1.1135578
127055.9,-1.5476186,0.17669463,0.36176664
117159.164,-1.5884544,2.1856632,0.744042
122632.1,0.012813926,2.2390137,0.5803674
115118.25,-0.62510407,2.6948602,-0.7853722
134905.97,-3.0277276,0.66344523,0.7335659
131206.0,-3.624566,0.50861424,-0.34875214
116029.96,-3.109689,3.0392323,0.3927046
124486.74,-3.407425,1.7222183,-0.79747903
124362.0,-3.8688228,0.56867427,-0.537046
123499.7,-0.18876518,1.7508552,0.7159267
127906.09,-2.930417,0.096844226,0.3914479
127316.33,-1.7261529,2.3518174,-0.8294151
119265.12,0.2168972,1.7034032,0.6937385
128907.23,-3.3566198,0.79962486,-0.7463405
120786.84,-2.513012,0.36422667,0.6156578
125445.516,-1.0650991,0.5134409,0.80961686
115789.64,1.2341716,2.741778,-0.50775266
130631.31,-0.8560654,0.6939892,0.94180804
133966.03,-2.5596192,2.7616634,-0.518278
126959.4,-0.5204711,3.079897,0.6025589
132870.64,-0.70172864,2.735541,0.56843174
133305.77,-2.0869694,2.439623,-1.0053415
121554.375,-0.3913434,0.7093657,0.9513169
119086.37,0.38861918,2.9843752,0.41146562
121585.09,-2.765915,3.094143,-0.5462249
118725.92,0.21466477,1.1976883,-1.0614845
131791.05,-2.972713,2.8265514,0.123937525
115841.48,-2.12544,2.259235,1.0946728
127894.336,-3.367069,2.178161,-0.34721175
131946.34,1.5567418,1.752991,-1.0189708
120314.21,-3.8634837,2.6138966,-1.3187985
130122.72,1.8116862,2.841858,0.3724295
124471.18,-1.0215247,1.4179313,-0.59382993
132306.73,-1.7411537,2.7832875,0.18216921
126016.984,1.0221856,1.1336454,-0.6821295
128102.22,-0.9537751,1.4080456,-0.5620028
126735.55,-1.0040964,2.908368,-0.4432872
116042.25,-2.220718,1.5334005,0.5210394
123882.945,-1.7700648,0.97078407,0.56713974
128122.91,-2.3426297,2.409433,-0.79968977
117131.234,0.4185452,1.8259721,0.81247646
134833.73,-3.203474,1.4868585,-0.53413564
133414.94,-3.6455488,0.306501,0.49517137
130255.914,-1.0796957,1.750809,0.7936761
127008.46,-3.3315742,2.7874148,0.9037137
131695.92,-2.1669421,0.49661282,0.7096936
130244.92,-2.6115935,0.60656023,0.44765532
133153.58,-1.9415185,0.9471843,0.993091
123091.57,-3.1445441,1.7343649,0.5613429
126982.1,-2.4155173,2.8009548,0.24737103
123559.09,0.82340205,1.8015476,-0.96981686
128467.01,-2.868573,2.9036176,-0.3553399
124029.03,-3.505951,1.9666367,0.36582854
128823.06,-1.7145623,2.724849,0.72630686
132074.33,-1.790374,2.6370378,-0.693753
118436.4,-2.662115,2.5079184,0.8883165
120415.164,-3.4559171,0.6191333,0.38838333
120849.41,-3.3919392,0.8964463,0.67745996
129335.51,-1.4360249,1.8095676,0.6102875
126083.51,-1.5001675,1.5718482,-0.8314568
127447.914,-1.9703345,2.3485255,-0.58911103
118819.12,-1.8402704,3.129001,-0.4243769
133182.75,-3.4478223,0.2866895,0.44604516
119258.99,-0.30132014,2.7705708,0.6243028
122009.83,-3.710622,1.1759351,-0.8222936
126512.71,-0.639464,0.2949049,-0.6454722
117774.586,1.9907725,3.0428882,0.59336233
125787.875,-2.3262868,2.6901789,-0.44797966
132074.39,-1.7595984,2.037097,-0.5500295
118783.71,-2.9265215,0.7886389,-0.39604795
128912.82,-0.91868234,0.2462285,-0.4196617
119156.83,-3.363492,2.13652,-0.54808974
129022.445,-2.3630528,2.1311681,-0.54879534
122157.82,0.7485305,1.2298286,-0.5783578
129004.6,-2.0570824,2.1021345,0.8926524
115102.07,-1.766721,2.8298845,0.6205694
119561.95,1.2003965,0.68839705,0.48337856
132389.11,0.51052886,1.8514123,-0.6815756
115447.4,-1.3545376,2.148939,-0.285753
118180.0,0.38882032,2.8412435,-0.33492702
128684.6,-1.5430266,1.1709173,0.48394254
134078.58,-3.4254498,2.8630435,-0.84738195
120081.305,-2.5566988,2.4601,0.5225674
121848.87,-4.068224,2.837072,-0.5689211
130150.77,-1.9904853,3.015313,-0.5485196
130917.17,-2.701057,1.4764007,0.40476802
129676.555,-0.23136841,0.5800274,-0.5331611
134422.53,-3.7505517,2.3780775,0.7940383
124278.52,-2.0896635,3.062686,-0.7155975
130379.17,-3.9528165,1.3677738,-0.6654476
123027.69,0.23151788,2.0728583,-0.69593793
133237.61,-1.5013237,2.973593,-0.7170474
126805.95,-3.404156,2.945163,-0.7326378
128389.04,-4.023866,0.9869691,-0.6588677
133083.3,-0.97456956,2.8668718,-0.49340308
126570.37,-3.4258602,2.4619994,-0.65642816
134101.66,-1.4759575,1.5663686,-1.1439977
119803.77,-2.2975147,2.9548144,-0.6474167
118378.375,-3.6587634,2.8897777,-0.5719532
128698.46,-4.2206354,2.6275525,0.5947497
131415.31,-3.648394,0.20841704,0.7331128
121709.67,0.73828995,2.977401,-0.7493856
124702.57,0.3563884,3.0604963,-0.4063611
131249.44,1.0822016,2.7255888,-0.5964472
116767.9,-2.3065507,2.9595819,-0.39574572
132000.27,-3.2058902,2.7941883,-0.5642319
132332.88,-2.4030051,3.0596852,0.64506257
115198.86,-1.233926,2.756612,0.69989604
126779.74,-1.3485026,2.9287653,0.5211865
130481.836,-3.1422987,2.5037243,-0.5183218
129812.22,-2.5394652,1.8772473,-0.58159155
119391.5,-3.8868454,2.2297938,-0.87531817
118085.4,-2.3079078,1.4471443,0.774912
117935.9,-1.2453183,0.43667102,0.5607721
133958.28,-2.69888,1.1698931,0.7195961
115498.86,-4.0620484,2.9621363,-0.5029607
122973.63,-0.48184302,0.9532655,0.6236194
115305.03,-3.7694468,2.846733,-0.6408695
122042.59,-2.3861876,2.880324,-0.41575435
121608.28,-2.3050501,2.788483,0.46339917
120404.34,-1.2844454,2.7145236,-0.8480266
132718.56,-2.5038657,1.7428488,-0.40854588
116009.84,-1.1972487,3.1192315,0.34343576
124941.914,-2.2507417,2.4747846,-0.6767102
120409.36,-2.8233387,1.9377295,-0.98981637
126831.016,-1.1967014,2.8465745,0.9436072
115168.66,-2.5631955,2.24645,-0.38802218
117773.76,-2.0840273,2.7078323,0.75916034
130418.266,-2.407188,2.636157,0.76406646
124660.99,-3.5974987,0.7404094,0.62690246
130489.49,-3.3419268,0.4872619,-0.59700793
121629.39,-2.6440058,2.6627684,0.74882245
115694.03,0.8968291,1.6443875,-0.5749407
133079.55,-3.6972823,2.3616567,-0.89571726
131076.52,2.0187416,2.6926775,-0.42245948
132264.19,-1.933663,1.5408572,0.9221447
116669.7,6.8217244,0.32908332,-0.6429376
117308.766,-2.7924922,0.44205812,-0.6292415
117025.58,-0.11360538,2.065289,-0.6548331
123708.766,-0.23695122,2.258333,-0.61450166
128911.016,1.3566158,2.7976036,-0.33135328
123765.2,-3.693687,3.006016,-0.6237963
121234.88,-2.5319483,2.0744007,-0.7289398
118816.99,0.52545464,2.0465484,0.6578836
124376.305,0.418933,1.935487,0.55244976
118547.664,-2.924729,1.9171139,-0.8743089
122347.12,-3.3502824,0.7593842,0.867881
124037.1,-4.058801,1.0759774,0.7037964
128800.09,-1.5362191,1.9586198,-0.2696276
124424.72,1.5164279,1.8019793,-0.7975422
115386.9,-2.5384223,2.3735838,-0.81754345
115051.07,0.0062950314,1.2558395,-1.0055335
115384.46,-2.698216,1.303042,0.6755164
128035.62,-0.78651905,2.7116523,1.0043477
121003.45,-0.12302898,0.95857805,0.8510557
130586.375,-1.6739074,1.5144913,0.66980815
123264.94,-2.864824,0.97311246,0.82368493
126258.33,-0.6153533,2.4574678,-0.5895377
115643.18,-2.4995399,3.045438,-0.59959555
119887.64,0.26376933,2.4939632,-0.595081
130100.9,-3.9543853,0.78505623,-0.74925274
125370.39,-1.2181616,2.4170976,0.85407
119126.62,-0.616516,3.069743,0.43768463
121801.12,-2.921183,2.177889,0.63995934
117103.875,-1.7282854,1.5667967,0.6554021
132938.44,-3.5886383,1.1631582,0.6561367
123773.36,-3.9236996,2.2911422,-0.63514465
131757.48,-3.2241967,2.9657903,0.5158939
132039.05,-2.4953883,2.6773448,-0.7653081
117154.82,-3.4340453,1.4011688,0.9986242
125449.42,3.645478,0.848744,1.0782261
125329.336,-3.3031998,3.0089936,0.390729
116915.695,-4.289587,0.22109169,0.4901954
115693.2,-2.8950768,3.1254342,-0.5309232
120107.49,-2.6683645,1.4914751,-0.6564718
134590.27,-0.35736203,2.9198778,0.41696352
123574.19,-0.27951586,1.4307135,0.5786684
130636.164,-2.499802,3.0368018,0.4428524
134398.77,2.734393,1.2101265,0.8286365
123260.01,-2.7673311,0.99756783,0.5059526
119236.13,-2.7973344,1.7171681,-0.343516
124747.75,-2.2766447,2.286999,0.60436
119678.016,-2.304793,2.802554,0.6626389
130411.66,-3.2497606,2.5576656,-0.30414432
122698.414,0.063022986,0.9089252,0.9937744
121040.13,0.4940787,2.9764194,0.476712
115521.09,0.693226,2.7095113,-0.82869136
134462.39,-3.572223,0.40610507,0.46546498
120727.375,-2.2178686,2.8093603,-0.71567255
126114.414,-3.0957525,3.029892,0.49519062
123365.7,-2.7458136,2.5903425,-0.7220061
126338.56,-1.6908814,2.018833,0.6944879
126253.414,-0.8122512,2.9589124,0.35501772
125444.56,-1.0773506,1.4029577,-0.6713653
122600.24,-2.9394717,1.572643,0.17807646
126509.234,-4.389701,1.8294168,-0.73061746
130068.11,-1.852545,1.4731411,1.0489215
128557.34,-1.623959,1.6854786,0.6030749
130339.32,-1.3637184,1.1332384,0.71575433
121512.695,-1.0489331,0.542599,-0.68437713
129715.62,-3.1149518,2.9946258,-0.5274035
129009.305,-3.2052803,0.2266918,-0.43998027
119779.27,-2.631169,2.536965,0.54108864
125766.984,-1.2320983,2.5905743,0.22379999
117980.22,-2.4653063,0.5945601,-0.51721907
125231.37,-3.0249875,-0.023969585,0.42057428
126141.125,-2.74654,2.1697004,0.69024026
126723.055,-0.057233885,1.6141449,0.6586946
116233.73,0.15435605,2.428179,-0.73875135
134986.14,-3.0657837,3.087254,0.45174024
127979.07,-3.313177,1.9632041,0.37155
124603.17,0.8791364,2.5102646,-1.0029476
116368.89,-1.6676209,0.4986081,0.5439739
133441.1,-4.4092636,1.6385254,-0.8567332
126830.46,-3.3795075,2.424991,0.55255276
126293.586,0.14168952,2.837314,-0.64011806
121311.086,-0.57457817,0.86070627,0.7010889
123021.21,-2.191128,3.0115235,0.3714163
130240.94,0.28074986,2.730694,-0.4313555
121785.79,-2.7258577,2.8683424,0.36784905
134474.08,-1.6754978,2.4023917,0.45540017
122578.23,-1.6458424,1.8947834,-0.8016882
124930.38,-2.557926,1.328973,0.73447555
130064.36,-1.8567798,2.2337527,0.54355717
119116.086,1.0632001,3.0128736,0.57970834
129641.37,-1.6397358,0.071259245,-0.33778587
123439.93,-0.29515597,1.991339,-0.56458306
125847.984,1.6453007,2.2635584,-0.51968634
128062.08,-1.418423,1.6447847,0.9853455
118682.305,0.90010166,1.7337143,-0.7250255
130592.26,-0.6433093,2.8378174,0.24044688
130289.9,-3.4952912,2.8228047,-0.16719568
133289.16,-1.4500811,2.404663,-0.41415325
115547.73,-2.7196496,2.423107,-0.68178654
129433.73,1.4828843,3.0036914,-0.5520372
133063.64,-0.8301124,2.0033054,0.70975584
131102.53,-3.1574533,1.305593,-0.7176054
121753.55,-1.2040458,3.055153,-0.5664507
127135.484,-0.89605665,0.06032535,0.36069834
119447.13,-2.5445995,2.0812747,-0.83851177
126838.34,0.8382238,0.35548225,-0.43997574
122933.49,-1.5864588,1.6702803,-0.8858977
121474.75,-3.971669,0.7575044,-0.8201019
129841.41,-3.5672266,2.1890414,-0.866253
134512.39,0.4688104,1.2480397,-0.6584333
134047.16,-1.567673,1.9431881,0.65806097
117953.445,-2.1270633,2.1084564,0.5835738
120573.51,-0.51446366,1.6962938,-0.8299913
129926.92,-2.8701117,0.66128755,0.52919227
127227.55,-3.14622,1.6658778,0.7707398
127126.11,0.34192407,3.0682168,-0.4217251
118893.98,-2.0589259,2.0184426,0.81757563
115379.24,-3.137555,2.9551213,-0.961196
120197.5,-1.3414017,1.7115439,-0.7231036
120455.695,-0.5306504,1.1463437,-1.0624948
121160.77,-2.1498811,2.3406243,-0.69145495
126311.94,2.0387914,1.0922418,0.71589583
132785.83,-1.9578967,2.8614032,0.5016444
123109.68,0.16361296,2.7342865,0.47712412
120077.96,-3.017999,1.7237592,-0.52597994
117409.87,-2.21701,1.5511904,-0.68912387
130673.16,-4.2263584,2.3650198,0.6483036
130365.01,2.9115753,2.8871684,-0.3611561
125254.516,-0.90724707,0.23420733,-0.3533932
133265.67,0.35785556,2.5221505,-0.9876627
132812.06,-0.59640104,2.9481735,-0.7243916
129305.53,-0.13515031,2.5761042,0.5496178
126217.3,-0.79614586,2.5604043,0.68043536
127805.64,-3.0583107,2.5080292,-0.834627
122717.21,2.2012465,1.7611146,-0.89262116
130331.65,-0.7207739,1.7377372,-0.8357128
122348.91,-3.5387287,2.944222,-0.26502863
124559.81,2.1107528,1.8042111,-0.7127606
116291.03,0.88299096,2.7806118,-0.5330119
123889.35,1.5085486,2.9032242,-0.6480523
121599.375,-1.0790744,2.8986096,0.33086395
121179.734,-1.4058254,1.3991336,0.8082588
133880.5,2.5275838,0.5235601,0.49027434
129460.016,-1.3895557,0.29622585,0.5511387
126475.65,-1.3917179,3.034971,-0.33619994
130972.33,-1.1795045,1.3267516,-0.6352661
115103.75,-2.0012245,0.8112007,0.7517647
126745.58,4.20599,0.5616228,-0.5658277
131093.12,-1.8515135,1.9178946,-0.8248264
120754.42,-2.6382308,0.1538343,-0.5259163
123478.71,-0.46513802,1.5925901,-0.6812224
115653.016,-0.52438974,2.5847445,-0.47346783
117866.26,-2.166588,2.9238062,-0.4125789
128189.0,-1.939325,2.1113844,-0.49731857
118895.72,-2.3473525,2.169932,0.6960363
123058.71,-2.9741719,0.8107187,-0.07461182
123747.21,0.62040365,1.4482299,-0.6321208
123416.12,-1.9546931,2.0383992,0.6766332
128681.16,-2.044688,2.2638524,0.6689739
131647.92,-0.7050094,1.0191838,-0.57992274
122286.75,1.7945802,2.6284888,0.68544734
133921.92,-2.6328678,2.7195883,-1.0590576
116939.555,-2.7702403,2.0792058,-0.7315713
119704.1,0.4087042,0.9231674,-0.9886629
117063.62,-0.7731851,0.15901011,-0.5769036
119977.34,-2.8059285,1.9880252,0.62132686
125210.875,-0.45167488,2.242538,0.6761275
134192.12,-2.332176,2.7361534,-0.5754487
115753.8,-1.3399411,1.5300602,0.46014583
128786.1,-5.295519,2.4107592,-0.5855987
120499.55,-1.664977,2.887636,-0.533445
131858.77,-3.6760428,0.89414775,-0.41348362
134000.3,0.6725238,0.36336914,-0.49197152
119158.086,-1.3290228,2.3882666,0.72526973
126801.9,-2.5321188,1.2565701,0.7389674
126476.69,-2.5405014,0.36724544,-0.44308984
120889.42,-3.336771,1.2830583,0.5277151
125950.59,-2.473115,0.28787592,-0.5619971
116004.164,-1.7583557,2.043825,-0.5669904
117059.125,-3.3106668,0.21208926,-0.58343637
125314.18,-2.8142684,3.0556796,0.23793224
131949.42,0.43695295,2.8651285,-0.6105654
118833.41,-2.7159061,2.2766535,-0.5379996
133593.28,0.33631682,2.080343,-1.1290159
115088.836,2.0498009,0.48972806,-0.6315019
122349.95,0.67836624,2.1268084,-0.9178305
115783.0,-3.0523775,2.4720752,0.63541025
132762.11,-1.0027002,2.2268534,-0.57523584
124879.64,-1.7767425,2.9976816,-0.4361338
130288.43,-2.989085,1.4014434,0.47213992
117234.0,0.57493323,2.7981682,0.40015352
132582.38,-1.4297887,1.6389194,0.7442354
120983.7,-3.0638454,1.8876134,0.79628146
122765.82,-3.0779183,2.760758,-0.68493843
123236.22,-2.249642,2.2123547,-0.85257876
129390.18,0.5512685,1.73972,0.80761313
117113.7,-0.03415084,3.0244238,-0.7264499
129284.96,-0.12957165,2.7524962,-0.6861703
118422.17,1.5111262,2.214314,0.9499037
130238.664,-0.23801439,3.0805147,-0.30735916
129079.5,-0.7423973,0.98750156,0.5299392
119465.32,-2.9780648,1.689135,-0.59840393
118099.42,-1.8398285,2.723637,-0.5185388
119462.63,-1.7108626,2.5505416,0.45012915
123842.516,-1.7264559,2.8518384,0.84754425
115160.2,-0.24849153,0.62362045,-0.8048531
117014.92,-4.163596,1.8911645,0.77487457
119678.266,0.049649745,2.4080944,-0.975973
134555.22,-0.59158003,2.9938295,-0.3838079
128220.414,-2.8416889,0.33085358,-0.40296167
125885.29,-2.6901488,2.8562996,-0.8864843
117786.84,-2.273969,2.6924233,0.46144694
131637.25,-2.6801488,2.3134158,0.658477
116116.78,-0.80706793,1.2673136,-0.8384331
120643.45,2.1822822,2.506287,0.52479845
116045.04,-2.5975695,2.0050495,-0.66052336
117555.94,0.5704277,2.8009353,0.6631811
121272.164,-2.6966376,0.4554511,-0.6356125
128420.164,-1.3785437,2.724971,-0.48616308
117096.93,-1.2643301,0.23931064,-0.3861483
124969.54,0.46647188,2.8463612,-0.635827
122998.43,-3.3381948,0.9152406,-0.96706265
128143.08,-1.1080526,2.9449058,-0.7603957
122240.95,-3.2931714,2.9186041,-0.38872176
129943.16,2.8696868,1.8955914,-0.6558805
116846.77,-1.0810107,2.7342727,0.65238494
118222.95,2.666477,2.894019,-0.44594792
131689.39,-2.0459769,2.9858048,-0.55015963
119480.65,-2.0960808,0.7471009,0.66544926
118548.83,-1.5937871,2.5316565,-0.5551651
122777.25,-2.9261715,3.1343584,0.5668187
115596.89,-3.6235797,2.6164117,0.52666014
115903.484,-3.1539485,2.204284,0.4731531
118576.76,1.8157791,2.069373,-0.7510223
120065.48,2.5638463,2.14794,0.6371703
129232.15,0.15209089,2.8934288,0.7580136
122594.04,-2.9372573,2.0648944,0.5901156
119964.5,-3.035394,2.331655,0.64889187
120457.766,-2.9188488,2.4614503,-0.57008296
127686.94,-3.3327157,2.6895556,0.467865
121527.74,-2.455508,1.8048544,-0.60861653
116427.086,-1.281821,2.2691472,-0.66756123
129840.805,2.1126802,1.5901116,-0.79519594
133700.9,2.1719432,0.5343096,0.33835176
130951.14,-2.2959273,2.84717,-0.33874783
131050.2,-2.4564455,1.6769625,-0.684332
125647.1,-1.2650574,0.7926741,0.5311634
121866.766,-1.7766702,2.7491705,-0.7426649
127505.24,-1.9194973,2.567913,1.1780934
119296.98,-0.0104668075,2.840718,-0.37979645
122766.445,-1.7970748,3.0606668,-0.2968126
125679.31,0.088722125,1.8312988,0.66699904
115551.64,-2.725475,3.0774581,0.46313107
127089.21,-2.1965969,1.4756591,0.7956953
125972.75,-1.7255739,2.3895807,0.8633603
115888.93,-1.6205932,0.47861293,0.45767772
129288.56,-3.0115619,2.710429,0.6035539
132490.61,-2.8454194,2.0068238,0.80836606
120526.125,1.4550639,2.5021813,-0.6484818
123725.53,-2.231555,2.0016418,0.5969369
130910.12,0.45070916,2.8803291,1.0041897
124928.47,-3.4429867,2.3387513,-0.7917644
124240.62,-2.112892,2.801562,-0.46704298
125454.39,1.2395306,0.3107298,0.4447972
128990.3,-1.1269873,0.7271688,0.86149645
133676.36,0.46258286,1.5974363,0.6616982
118204.01,-0.57024795,2.7275279,0.56253827
134811.19,-3.4629865,2.052136,-0.57874674
124672.18,-2.6642323,2.297348,-0.72054154
132307.14,0.53901386,1.8942183,-1.0301409
125504.71,-3.0286727,0.8266929,0.16076824
128574.31,-2.6350684,0.746174,-0.77401495
126951.27,-1.721074,2.9713633,-0.6472745
122065.664,-0.6869151,2.7438176,-1.0003879
119333.984,1.7881343,0.43173662,0.35670277
123943.12,-2.3225563,1.3367372,0.48065606
134170.89,0.5184522,2.1858087,0.86111015
119222.5,-2.1306853,2.6168175,1.1410383
124137.61,1.3482674,1.7387981,0.6632705
127629.016,-1.206653,2.08233,0.6872522
128408.35,-2.5893996,1.8224094,0.78926784
132116.77,-1.577649,1.8151093,0.5528626
122552.484,-1.1958965,2.7078354,0.3932128
118632.13,1.8647355,1.8159913,0.6437651
123021.55,-4.155571,1.3424585,0.3874336
120462.69,-3.7366917,1.5295522,-0.67973983
123252.08,-2.672073,3.0573032,0.62304896
126281.75,0.15802293,2.537527,-0.45413756
120769.11,-2.759837,0.9676613,0.5512041
119542.51,0.028911063,1.1684629,-1.2485403
116556.28,-4.551285,0.2744838,-0.38691443
119696.64,-0.3403543,1.3483567,-0.5653379
117622.83,-3.0099232,3.0108595,-0.35934886
120322.7,-2.6876438,2.9389806,-0.628132
121395.22,0.416403,3.1724749,-0.5687973
118853.47,-2.5211163,3.0403612,-0.7134015
133750.7,-2.645719,2.7128654,-0.62103325
118683.91,-2.0255718,0.27447915,-0.59661436
121726.36,-0.42421755,1.9703696,0.45102897
133675.47,-3.5023563,3.0772977,0.53058857
121358.21,-1.161416,1.3895208,-0.73329985
120467.21,-2.600867,2.7710452,-0.5138844
120681.22,-1.9740089,2.3617022,-0.84071636
124612.16,-2.522493,1.8808669,-0.38916153
115366.85,-2.1524093,0.27205178,0.86608917
128137.2,-3.28402,1.118195,0.48995098
121285.414,-0.28641152,2.976621,-0.5039787
121438.44,-1.9552393,0.6089853,-0.6750665
127858.76,2.7816322,2.2274973,-0.93584186
132941.25,-2.072351,1.6679039,0.5438824
116969.41,1.2759831,1.6651741,0.6017582
129967.05,-0.62476313,2.6917124,-0.8395609
116458.35,-2.668566,1.1059113,0.63592666
124199.84,-1.2441511,1.4235247,0.6869019
120996.26,0.17140512,1.095713,0.65813726
128928.47,-2.2811902,1.6749616,0.4753223
126875.57,-1.8312242,2.908601,-0.12777153
125693.06,-3.111088,2.7460895,-0.59135365
123472.63,-1.4943956,2.761627,-0.57580894
125823.15,0.36795214,1.3844512,0.7676875
132018.97,-0.4827333,2.4156694,-0.5950431
134629.31,-2.3099153,2.7238781,-0.6965524
130884.586,2.0455909,2.0340388,-0.88346577
123323.164,-3.0002117,2.9897046,0.87370265
128382.8,0.6689461,2.4284022,0.71399224
120932.37,1.154862,2.6688201,-0.93626034
117507.47,1.3994439,1.803843,-0.8470217
117304.61,-1.3224701,2.7410614,0.7309267
121321.625,-1.7869442,2.3691947,-0.4745779
132190.34,-3.1445572,2.4703796,0.7755425
126325.43,-0.5804578,1.896954,-0.87625587
128498.13,-0.13908169,1.406202,-0.79139394
116420.68,-2.9620316,0.18321125,-0.56931067
132769.95,-3.2619126,2.0397625,0.5223273
119176.04,-1.4642878,2.2104995,-0.4059542
125952.914,-1.1460946,2.483359,0.611257
130807.99,-4.2005763,2.278261,-0.41836968
121594.58,0.52784485,1.7205776,-0.72889626
121714.94,-2.0213196,1.8852795,1.1855555
129979.57,-3.0165827,2.3359504,0.46334785
117153.62,-2.4471865,1.8681427,-0.3216578
125329.35,0.5879249,1.0712972,0.5060157
121750.2,-0.11716618,2.9973361,0.78359646
132032.83,0.7895615,1.2525964,0.7473338
128909.57,-1.0820783,0.13125834,-0.3729511
133702.33,-2.9980617,3.0870144,-0.639439
123852.3,-2.3614278,2.3571782,0.6266793
125994.52,-3.904565,2.525365,0.4416681
122518.27,-1.5360951,2.5864847,-0.6135448
121310.086,-3.7854836,3.0540047,0.4812721
118525.48,-1.7650855,2.666584,-0.70298964
133816.6,-2.051311,0.9257043,-0.43413112
126473.695,-3.07258,1.9691275,0.48011345
123595.84,-1.7262479,2.5901093,-0.7478255
134273.38,-3.756487,1.8832597,0.5382667
133007.45,-2.5865996,1.554619,0.87645864
116078.14,-3.303233,2.9549356,-0.7166444
131329.38,0.2290151,0.9555981,0.50206524
119372.31,-3.3634248,2.482636,0.77757925
117738.85,-1.1688242,2.9974813,-0.87870353
125506.586,-0.9668201,2.7705326,-0.26688373
134651.5,-3.5093317,0.22177964,-0.6708858
126734.41,1.5344554,2.9300563,0.50294685
127249.46,-2.1463122,3.0937068,0.3919627
120884.07,-2.9512072,1.5458728,0.8308428
129909.48,-0.44127247,2.4950337,-0.6993005
119112.46,-0.9857741,0.29997742,0.59842265
115786.05,-3.5273943,3.0558617,-0.6325499
130749.51,-2.2793248,2.6637175,0.0004769217
121981.516,-2.3290517,2.2300234,0.5747434
125958.83,-4.145277,0.31239033,-0.4102017
122323.055,1.0537187,0.060578726,-0.40330544
132421.5,-2.5313537,3.0551875,0.4715007
115445.08,-2.9814231,1.4509889,0.6419513
116485.07,-2.8447664,0.8991104,-0.68521065
129773.55,-1.2900909,2.686183,-0.47977975
117705.26,-2.6656113,2.350558,0.47621965
132236.52,-3.553633,2.409011,-0.796257
116887.11,0.0012557,2.6488814,-0.39877287
115137.03,-2.660536,2.164661,0.47975785
127622.91,-0.39442137,3.16059,-0.4971453
126144.4,-0.98066866,2.376105,-0.7401621
124827.23,-1.1621121,0.8585082,0.4640769
134309.22,2.2876205,1.3720579,0.6661298
120893.33,-2.126373,0.7611895,-0.657623
117049.54,-0.96710116,2.229487,-0.5941709
131448.55,-0.2702779,2.5306685,-0.64860845
115249.19,-2.845134,1.0586685,-0.66444117
132763.73,-3.1405766,2.92191,-0.4114304
118851.375,-2.4063828,2.4907856,-0.5567794
129377.945,-0.97859085,2.6941078,-0.6879449
127330.484,-2.0703003,2.7498796,-0.63764536
116734.99,-1.8507937,0.43534812,0.39777115
124417.62,-2.7438338,2.9546063,-0.78839964
131515.53,0.55871314,2.4781957,0.58706975
132404.58,-2.6533477,1.0607076,0.57492846
122556.61,0.06901769,2.7320898,-0.40432194
118443.57,-1.7978325,2.4358666,-0.58340335
130544.91,-1.7948482,1.6366304,-0.50212884
116930.875,-2.7067053,2.7169394,-0.9363741
129814.37,-0.38325095,2.1798108,0.5430224
128905.32,2.6047652,0.45186675,0.43680316
131410.05,-2.6896343,2.4404783,-0.66775465
117964.1,-1.8540442,2.5181954,1.4743013
122205.11,-3.0003767,1.0989184,-0.62321067
125734.59,-1.9195114,1.0301465,-0.7712912
133800.4,-2.262052,2.1933618,-0.70710325
129246.26,-0.15981555,0.66801614,-0.5794263
126881.33,-3.3647938,2.8649695,0.947609
116102.695,-1.235034,1.0565819,0.7991936
124374.27,-1.4663421,1.7068884,-0.9812716
133687.03,-3.1238065,2.9992988,0.4293036
123840.945,0.019476783,3.100656,0.50297755
121937.2,-2.9556723,2.4241674,0.56911856
132309.14,-0.56357616,1.8412495,-0.8078707
130777.32,-3.189122,2.997515,0.57881886
121304.42,-0.6116182,2.6979446,0.60055065
133217.67,-2.6793075,2.67,-0.7089955
128131.87,-1.3481799,1.0305918,-0.74909496
127733.15,-2.2203355,3.0434384,0.54049635
127004.02,-2.4483805,1.9929343,-0.51917225
120926.36,-2.983938,2.3248239,0.5980394
123276.7,1.7779173,2.1798832,-0.8679485
130941.48,-1.113767,2.5951133,-0.36733684
133366.94,-2.9938912,2.8384762,-0.3635682
130043.76,-3.0077996,1.8607845,0.5875926
133840.11,-2.1297448,3.0611227,-0.34918013
119138.27,-2.606604,2.7186759,0.9204342
127846.35,-1.6726892,2.887878,1.1201738
120624.2,-1.3118083,0.118209936,-0.36894926
129881.52,-1.3775553,0.46906275,0.54869694
118153.56,-2.2292929,2.9106393,-0.343802
134527.03,-2.6447344,2.8774977,0.391862
118378.414,-1.2408042,2.9881613,-0.6204569
115022.52,-2.7141035,3.0643897,-0.47462952
123508.69,0.34131655,0.81988204,-0.61771184
132612.58,-1.3459575,2.1789732,-0.77449614
123627.94,-1.9073391,1.3304409,-1.1068001
115726.64,2.3602204,0.35553363,-0.49578503
121152.27,-2.651603,1.7686422,0.54520744
131583.52,-0.90723914,2.976605,0.52333105
117029.44,-1.620964,2.682704,1.0764427
132220.22,1.8259453,2.5552297,0.5864345
126997.01,-3.6338725,0.116566256,-0.2448465
123145.05,-1.6440061,1.7889292,0.5316782
120388.48,-4.603514,0.4803346,0.5888117
129998.695,-2.3762226,0.36913988,0.8407577
120515.59,0.68998235,1.5844104,-0.8596972
130789.44,-1.356168,2.898529,0.45296857
115756.49,-1.774269,3.0625463,0.6300321
117242.62,-0.40755695,2.727306,0.4137421
125710.74,-3.4356635,0.72240573,-0.34901845
132883.58,-0.09967834,1.9221364,0.84248483
116680.22,-1.3832775,0.35187528,-0.6041201
120064.56,-0.12670757,0.4838113,0.53320676
119175.88,-3.2892458,2.9540331,-0.4914873
129473.0,-2.441411,1.8668844,-0.7619315
127850.91,-4.073228,2.0268927,-0.48188442
133091.97,-2.0334518,0.7803431,-0.5574558
126078.39,-2.6332278,2.6982136,-0.59530294
118114.64,-1.1435724,3.1138613,0.28973016
122518.57,-2.4136958,1.7442522,-0.57755244
124645.74,0.11542969,0.92371154,-0.7573752
133555.3,-4.0057273,1.36075,0.7146896
122539.44,-3.9024255,2.7396088,0.32180503
130578.44,-1.5253421,1.5389687,-1.1333948
119822.086,1.1273826,0.9968767,-0.6410671
129401.15,-0.7648143,1.1540471,-0.59245574
123979.01,-2.9800262,2.1333885,0.46961778
116869.62,-3.1161046,2.589629,0.83532375
132879.44,-3.086851,3.0488544,0.576988
120344.21,2.99179,3.0641222,0.37572795
120866.516,-2.3552554,0.70270264,-0.52862924
132393.64,0.78119177,2.2202637,-0.5992707
117218.14,1.5062431,2.7242699,0.46845537
128629.5,-2.5822275,2.8582304,-0.7873976
129377.6,-0.414568,1.2699187,-0.9313779
127728.234,-1.1062067,2.887341,0.50119656
126419.37,-1.7735016,2.4571276,-0.55450326
127725.836,2.9907877,2.9452658,-0.6072196
120104.15,1.1650984,1.8042861,0.76475453
119835.914,0.45392522,1.1487602,-0.68659604
120109.766,-0.32783896,1.2954404,0.74726784
117186.65,-1.3283316,2.9268603,0.06898199
131418.64,-1.6934003,3.0515308,0.53204274
128330.195,1.0038723,2.6630626,-0.74749655
116177.51,-3.4482307,2.5312128,0.34349334
116663.25,-1.9807038,2.6222,0.91755307
134155.0,-0.051109333,2.655552,-0.2867074
131105.95,-3.356987,2.8051412,-0.64214605
129512.05,-3.5771608,2.565398,-0.46337646
130729.67,-0.008682101,2.5179079,-0.39185247
124206.69,-0.21202423,2.04058,-0.76955146
123434.414,-1.6851046,2.0624835,-0.88818294
127780.83,-2.967268,2.7277548,-0.53463084
117714.83,-2.7554357,1.9996185,-1.0691724
116014.36,-2.5972433,2.4584956,-0.6204891
129789.12,-2.910733,2.9474416,-0.5285182
120467.41,0.024113504,2.6133013,0.59274256
130723.195,-1.6144086,2.9954805,-0.43119338
129751.43,-2.8864825,2.770957,-0.6548897
120995.12,-3.642329,2.622936,0.4032074
128793.14,-1.232731,0.34131485,-0.06428523
129666.18,-1.8057083,2.7006693,-0.7203639
119041.664,-0.50382674,0.6341447,0.6057211
133358.56,0.71063495,2.8359087,-0.8721762
131388.6,2.227772,3.0996742,-0.834747
133633.23,-1.0031921,2.666151,0.5658378
128013.2,-1.7206272,3.079761,0.71478534
128912.3,-2.8973546,2.573371,0.76267534
122703.03,-3.5305955,2.9720266,-0.39716953
120537.836,-3.1144452,3.059012,-0.62433356
130916.2,-2.540911,2.5122948,1.2050005
116357.47,2.7617483,2.886433,-0.647983
120834.82,-1.5390987,2.270121,0.61496973
122185.4,-0.07602254,2.8044207,-0.74188894
118353.04,-4.989028,0.5667669,-0.48822477
130450.66,-1.5968716,0.53363293,0.56012774
117460.46,-1.3779341,0.9404516,-0.8938203
118187.64,-0.58664405,2.8163142,-0.52280104
123695.11,-1.5105968,0.45063353,-0.8082092
133120.89,-1.9611237,1.5497204,0.93587303
121854.66,0.46069553,2.7094362,0.21766
124112.6,-0.9518485,2.3438323,-0.7015073
129159.555,-3.0519407,2.5639584,0.6872935
125783.125,-3.2701187,2.1573231,-0.48460263
115306.38,-2.6463013,2.838104,-0.57528985
123213.26,-1.0056136,2.1260035,0.8674363
126784.65,-1.9207598,3.1507883,0.21150894
127676.41,-2.674029,2.4355652,-0.8925327
122537.65,-0.40237918,0.8830959,-0.6695184
117156.266,1.5657253,2.1374242,-0.69846946
119580.375,-3.1668425,0.08077842,-0.29815415
128175.92,-2.2474322,1.752464,0.62290263
116766.586,0.67704856,3.037498,-0.37240002
124486.37,-2.9348903,1.9760846,0.8035735
133630.19,-2.4060118,2.542048,-0.6337074
126354.56,-1.727266,2.8164806,0.49057794
116066.805,2.870974,2.1294703,0.7157495
128225.01,-2.1778162,0.15679698,-0.46287555
132318.38,-1.0518444,0.6844578,0.67955923
115949.38,-2.0419183,0.75138056,0.7149547
130356.805,-1.9977967,2.190299,0.81298697
125378.54,-3.3833287,2.376456,-0.576061
125638.41,1.7038592,1.5897211,0.5793349
125613.12,0.755194,3.0251706,-0.41858172
118504.664,-3.758149,0.40314418,0.58803093
119976.414,-2.3313913,0.8178846,-0.4580788
129215.5,-3.3709464,2.888782,-0.47929206
123486.21,-1.5380634,2.8460763,-0.50574994
115786.01,-2.759158,1.9597999,0.7145552
121997.12,1.1738325,1.9783423,0.6142995
115822.62,-1.6558523,1.036417,0.55185455
132018.05,-3.8027391,1.9492579,0.42839378
126741.07,-1.3966308,3.15678,0.7307085
129686.63,-1.471087,0.010673053,0.40067065
122809.14,-3.3296814,1.4350585,0.5338442
117523.31,-1.2806721,3.028274,0.3778595
117192.1,-0.9884501,2.4690318,-0.6906665
115919.875,-2.8643847,2.9950438,0.41551912
134955.02,-3.703354,0.783877,0.56425613
122144.8,-2.7397912,2.421866,0.57199115
115997.72,-2.6807187,1.2467887,0.6226092
119887.1,-1.8822337,2.6185493,-0.6512043
120686.59,-2.4023156,2.9295337,-0.7848361
123224.39,-1.0818707,1.6464005,-0.6069559
119017.695,-1.3666087,2.924275,-0.41647252
133470.94,-2.979581,1.7612944,0.7290197
126511.016,0.9331363,0.49206987,-0.41398266
134286.23,2.3461888,1.6981766,-0.6465119
122944.01,0.28590837,2.236889,0.9280286
132502.25,-1.1895274,1.1899056,0.5427381
132726.78,-1.0003493,0.95862025,0.69629437
120299.33,-0.18515031,2.9383554,0.51360834
126672.086,0.9697645,2.9661045,0.8293811
117331.76,-3.4480798,2.3017793,-0.5312375
116162.16,-3.6100233,3.0076437,-0.6111447
119342.2,-0.73211133,0.52038795,-0.501343
117297.05,-1.3065269,2.0090244,0.4625455
121165.36,-3.384407,1.1722246,-0.5004692
124641.305,-2.5653622,0.8238174,-0.477089
115120.36,-2.6558533,2.6964633,-0.56830573
118711.375,-3.576837,3.0105293,0.8787872
129525.055,-1.9580214,2.276517,-0.6828835
134935.75,-2.0612528,1.117152,0.56627864
134444.1,-1.7836633,2.848851,0.7285391
118316.07,-2.3923824,3.2754257,-0.77032256
122650.57,-1.4410329,2.9019718,-0.82304263
120237.54,-2.5926397,3.1442554,0.5624477
134247.8,-3.0798573,2.8249931,0.30179054
120426.24,-3.2177267,1.1070455,-0.4834388
127300.59,-0.7172613,2.9069242,-0.64383245
118646.93,-2.3953862,2.0600982,-0.7265477
129685.64,1.3400837,2.409492,-0.6714003
129216.164,-1.0564044,2.880477,-0.5183016
123825.49,-2.368053,2.9418824,0.54234874
123158.57,-1.5150069,2.7033038,0.34069562
133480.8,-1.8988715,2.3888857,0.7185153
129440.664,-3.235551,3.0357952,0.52979016
123448.0,-1.2389426,1.7470481,0.56798667
132949.42,-0.29140332,1.9293516,-0.9135224
124797.8,-1.6313488,0.14476927,-0.38982347
122757.69,-1.5471764,3.0375109,0.4450751
128288.27,-1.4933197,0.9712335,0.64891344
130229.87,-2.043446,2.8995929,0.38937604
132981.36,-2.1628864,3.0557745,-0.72782975
115372.84,-2.726665,2.4902105,0.37876683
116001.1,-1.8047668,2.9669914,0.3440133
116528.34,-3.835223,1.9733297,0.66542447
122573.7,-1.1639932,2.2876554,-0.89755076
124839.06,-2.321473,2.2668455,-0.8080603
126601.01,-0.8024219,0.054531604,0.46212038
116315.5,-1.7605582,3.00944,-0.79978603
123627.12,-4.356104,0.16119994,-0.3133093
126052.76,-1.7553608,0.51484984,0.7836895
128565.23,0.8110524,1.6622363,-0.7401307
119510.72,-0.9047925,0.639531,-0.9016095
133265.1,1.242903,2.3248124,-0.57089764
126267.94,-3.3421934,2.9729176,0.4067832
133450.45,-0.5583691,2.9668477,0.8878274
133194.52,-0.8658551,1.138986,0.62164235
129237.98,4.955258,0.9619237,0.5582778
131539.34,-1.563032,1.2224321,-0.774201
121092.82,-2.522705,1.0805836,-0.5200359
123088.67,-2.3818977,2.6321106,-0.53593016
123733.45,-3.197607,2.149294,0.6463535
133571.36,-1.5431268,2.9858732,-0.37067932
117136.87,-3.4104517,2.9980733,0.37920392
115644.17,-2.6575937,2.2202313,-0.44311097
127375.65,-1.9045242,2.7710075,0.44381893
123490.945,-0.053487793,2.1638064,-0.07136526
134309.31,-2.8885484,2.9126968,-1.015031
117417.86,-2.7408967,1.8052182,-0.6691337
124566.0,-2.1781943,1.4746127,-0.865762
127555.664,-0.93813944,0.7247167,0.7399348
125021.32,-2.9487872,2.464123,0.673377
115606.016,-2.5109038,1.9315645,0.86759865
129168.984,-2.3012636,0.5512419,-0.4409801
119720.61,-1.3436142,3.002241,0.6328571
115268.92,-1.7522732,0.8995024,0.5382325
118031.125,-2.6027524,2.6608663,0.34138602
115996.08,0.41638234,0.09941893,-0.3344313
127992.64,-2.3727267,2.5567029,0.6463733
134594.56,-1.3122058,2.3814952,0.9031153
118351.49,0.83491546,1.6442335,0.22554119
127356.23,-1.1845976,2.7363977,0.49832258
130527.01,2.119257,0.750224,0.6807744
121003.64,-2.4882698,2.7827446,-0.65017796
131279.23,-1.5463257,2.776924,0.5543386
121388.28,0.57871205,2.5752118,-0.62713456
132076.25,-0.67103046,1.4790325,-0.9966248
131066.36,-3.7779791,2.9543834,-0.40698293
129554.734,0.85345274,2.6000602,-1.1141421
134609.25,-0.81612164,2.820727,0.5136876
129550.91,-1.3277633,3.0869453,0.56463385
129038.266,0.18546993,2.3000405,0.6173405
124891.305,-2.7081025,1.4126567,0.6242909
125883.266,0.7954033,1.8688095,0.634243
115690.414,-3.8263128,0.43291992,0.5175376
120660.74,-2.8598425,2.107147,0.24671826
119034.77,-1.5349138,0.42289788,0.48956615
121709.97,-1.985571,2.1394846,-0.45887417
132359.78,-1.9986721,2.7931414,0.84208965
123931.37,-1.403722,1.0435338,0.58036846
133546.52,-2.845135,2.9246418,-0.5949913
124764.336,-0.9608826,0.14107196,0.558337
128502.63,-3.2791033,1.389849,-0.8302393
129612.73,1.1767834,3.034725,-0.6320866
119866.88,-0.6073865,1.2143512,-0.9697912
115305.32,-1.2700258,3.0272937,0.51024854
125562.02,-2.2723482,3.0428314,0.4662976
126505.27,-0.79080206,1.1831696,-0.62029296
119113.36,2.7714055,2.7617493,0.47310802
116198.945,-4.0459437,0.03399837,0.676123
120022.1,0.9645398,1.4207562,-0.61479104
132257.31,-1.0111581,2.6613526,-0.5635293
126665.81,-1.2628416,3.031817,0.507886
130665.81,-1.8553795,1.9773647,0.7699929
119303.336,-1.2202256,1.2988043,0.6444911
126885.54,-0.8490633,1.5247262,-0.42541158
119192.484,-0.12696725,2.3661966,1.01689
134902.75,-3.9519503,2.6697905,0.5535332
124202.78,-3.6407297,0.4158158,0.48389816
124616.02,2.7702937,2.8453822,-0.7475489
122942.59,0.40858155,0.9380498,-0.7177985
125103.48,-2.700954,2.0672853,-0.16062154
120192.31,1.6121614,0.7162801,0.43252093
130624.36,-2.1171553,1.5082039,0.7638513
120967.17,-2.3827446,2.5465667,0.8455674
122634.625,-2.2647622,2.4442644,-0.9417497
121489.63,-2.5460007,2.1334577,0.65386444
118780.02,-2.9296253,2.6305614,-0.9176544
117965.2,-1.1245912,0.19177501,-0.5290471
117738.625,-0.42246488,1.4135493,0.46655288
129901.586,0.14971209,2.8625965,-0.76174283
130481.6,-0.98235106,2.833534,0.26985204
115073.484,-1.5326494,2.4306648,0.50582194
134780.66,-2.463753,3.090911,-0.8318546
124789.04,-2.6219788,2.0635278,-0.37969083
121008.49,0.5030167,2.8934891,0.666148
132227.95,-3.406151,2.5875525,-0.6316768
132420.27,4.303242,0.9722644,-0.81542844
120605.62,-3.7334392,1.8412759,-0.8133523
125052.4,-3.3000085,1.0590281,0.39069924
125021.06,1.6874614,2.906911,-0.72210026
119196.84,-1.999168,0.8427635,0.4619439
117319.01,-3.571854,2.797812,-0.71428007
129802.984,-0.5992775,2.043586,-0.784747
115925.32,0.96485394,2.3345356,0.5975116
130152.88,-3.7376025,2.6262982,0.60816485
115292.46,-0.6938404,0.69241905,-0.8516958
127561.85,1.6520236,1.6904062,0.9775616
115593.52,-3.478858,1.4703804,0.855004
120867.266,2.27796,1.4080155,0.66905576
131234.53,-1.7368501,2.8771985,0.47314706
117666.875,-1.2963353,0.88250744,0.9735332
116933.84,-2.172236,2.7071345,0.82838285
129128.05,-3.6522317,3.014121,-0.4051905
134428.33,-0.7924807,2.6201391,0.34960073
130643.1,-2.405572,1.8222307,-0.84313
116275.945,-1.4701258,2.5056736,0.38160482
122546.49,-2.3508916,2.1491752,-0.52770483
134774.22,-3.0569556,2.2734263,-0.5832996
133351.81,-0.3875994,1.7380552,0.6707108
117770.586,0.30351365,3.008676,-0.6151585
126121.39,-3.4271567,0.7599503,-0.7293944
132363.17,0.86019,0.009726734,0.16220017
122430.65,-2.0024047,3.088344,-0.6223515
133765.19,-3.1087155,3.0011835,0.4233249
119395.26,0.44394642,0.6971024,0.59341955
116405.05,-2.1963406,2.8534646,0.57110006
129029.086,-2.972039,1.22277,-0.6006192
124281.97,-2.5372663,0.359011,-0.47815952
128036.24,-1.843813,3.0392652,-0.5540053
121808.75,-3.369388,2.245478,1.4317368
129802.805,-2.448904,2.4594395,-0.5859283
125021.32,-3.4496655,3.048129,-0.8096467
132020.16,-0.9434564,2.1753201,-0.5375543
130543.234,-0.01359848,3.094599,0.44612092
130434.56,-2.7415216,0.08742304,0.32843614
122518.586,-0.87131876,2.2492073,-0.39041492
132600.28,-0.58727914,2.9213743,0.95833033
120273.95,1.691916,2.7444694,0.49508616
123228.63,-3.737109,2.8594813,0.15254284
131290.39,-1.7649081,1.5336448,0.76590407
122717.52,-4.155405,0.93943125,0.57662475
125067.89,-1.5903302,2.5152063,-0.5690561
122884.78,-0.6478665,2.9996736,0.58153725
127030.85,-2.6425726,0.5047379,-0.5482063
132739.55,-1.0989504,2.5860167,0.5422249
124619.98,-2.006323,2.7746475,-0.55839294
128189.52,-0.6446645,0.73594433,0.6379511
116240.69,-3.1829712,2.0202937,0.978681
129047.35,-2.5726614,1.0594268,-0.43367568
119187.62,0.049330138,1.8045192,-0.92489827
118238.05,-2.9634569,1.9417843,0.76364416
132969.17,1.4205359,1.9378897,-0.6534881
118301.32,-0.306366,3.0248697,0.29831725
123316.5,-3.4799738,1.5843192,0.5419865
120971.85,1.2322471,0.7097264,0.7561489
120661.02,-3.2681835,1.5809022,-0.59906393
131430.22,-2.3017068,2.3322706,-0.70461
116481.76,-0.2405554,3.1385176,-0.55333704
127301.86,-2.6578398,2.3046927,-0.57797396
124532.01,-2.4795084,0.5448528,-0.9385716
118857.01,-0.36362848,3.263006,-0.41015846
119491.47,-3.4116094,0.69881034,0.48994476
121297.48,-2.153793,2.5334444,0.6389206
120714.836,-0.48799857,2.9540317,-0.67784166
124468.4,-0.99199784,3.1025574,0.56354505
130211.445,-1.0184722,2.4331892,0.4005088
117022.875,-0.5037076,3.042828,0.3294258
128301.12,-2.8875916,2.6761954,0.34912533
133694.12,-3.3621407,1.9612457,0.45745543
115407.89,-4.019575,3.064675,-0.6189258
119078.46,-3.630748,2.6969104,-0.3344509
116784.33,-2.2768545,3.0558999,-0.4427394
125517.65,2.3125308,2.0613616,-0.8691287
126089.17,0.0029353623,1.6324905,0.6758405
120595.445,-3.2814527,1.6418325,-0.72453946
134987.47,-3.7743125,2.6295726,0.6325414
122325.14,-3.602954,2.9517803,0.6149539
129505.03,-1.8817306,2.9845037,-0.6133231
127028.39,-2.142871,2.5473852,-0.56356335
123724.54,-2.9620547,2.8883655,0.6529564
125711.11,-3.7366667,2.9544768,-0.5308605
124864.22,-3.0041661,1.3862907,-0.7021004
134956.06,1.353368,0.6018986,0.4148892
124560.78,-2.2166574,1.3944836,0.43013445
116728.82,-1.501024,2.6099513,-0.8668726
121483.125,-3.2590153,0.5354238,0.94397086
115528.766,-1.2495141,2.4186227,-0.64451694
120115.32,0.51228464,1.1776443,-0.58970296
116849.87,3.532682,1.212614,0.682963
133551.83,-3.0393705,0.13558425,0.08944087
130377.195,-3.407286,2.2539465,-0.33163804
124108.44,-3.6173136,2.4978569,0.68726593
116696.08,-3.635989,1.1617926,0.5562059
117417.5,-3.479708,1.5217222,-0.42334756
122714.72,0.057489086,2.09147,0.83718246
121432.46,-1.8116448,3.0113084,0.49598637
133852.73,-2.9971237,1.4403025,-0.6714628
125697.79,-3.1855173,2.7463508,-0.5573535
120858.375,-1.439076,2.8418794,0.77135605
120969.86,2.2506032,3.1097813,-0.66522884
120292.72,-2.1646745,3.1004937,0.7597837
127793.56,-1.9122678,2.468814,0.9569982
117018.72,-3.3456478,1.1109908,-0.5072741
129438.8,-1.7481039,2.3493047,0.40074676
116825.62,-2.4683638,3.0416386,0.28852835
121055.67,0.11842085,2.1632664,-0.5592214
130057.72,-3.0583363,1.9213808,0.5224122
121659.46,-0.7761762,2.678438,0.7448386
126331.914,-3.394416,1.4593544,0.59199566
115196.664,-0.5405007,1.7087915,0.67729735
132387.94,1.8963119,1.4639173,-0.61697215
120634.234,-3.2484043,2.1742272,-0.52318025
120705.484,-3.0431473,0.7334534,-0.7334655
127480.445,-0.88392806,0.49325237,-0.5794702
132137.8,-0.24477264,0.40338746,-0.54592025
122526.03,-2.2403584,2.3744583,-0.85137707
131214.19,-1.5754383,3.12628,-0.66526836
134788.88,-1.9412292,0.35424075,-0.53664565
124024.6,-0.4590999,0.6223565,-0.5966529
129934.54,-3.3976612,2.94905,0.7921518
127276.48,0.83717203,2.7583904,0.57337105
126697.53,-3.7695515,2.42702,0.669619
130580.586,-2.9229786,0.92196494,-0.6699285
122543.12,-3.5838616,2.6616619,0.024179334
125654.016,0.81142366,1.7945397,0.63663983
121427.58,-1.0609201,2.684078,0.7810228
116464.37,-1.1466174,2.5687506,-0.7500039
119879.62,-2.2617052,2.7043047,0.64810324
117862.57,0.20565239,0.67860115,-1.0291497
130539.26,2.1263971,2.8715768,0.470736
128602.48,-2.3214977,2.8368757,0.6954384
127760.58,-1.4019457,0.2509674,0.4978313
121277.375,-0.602497,2.5026352,-0.6824336
121341.52,-3.0585802,3.0712621,0.4533823
117770.94,-2.0037167,2.943368,-0.4611956
129253.97,-0.16224429,2.3217409,-0.9260467
127249.23,-2.844687,1.8490226,-1.2183558
116201.59,-1.5425817,2.0557196,-0.72474605
125515.055,-0.5249591,1.2090882,0.8129355
121672.64,-4.010402,2.0591989,-0.4783136
120251.32,-1.0386891,1.2503012,-0.82369345
122474.016,-3.4316125,2.6844862,0.11800965
120034.49,-3.5704167,2.406955,-0.5459487
125510.36,-3.0283666,2.6856794,0.72378737
115095.805,-2.4296954,1.3480666,0.58092976
122076.68,-1.5109969,0.42636093,0.7843244
132457.92,-1.3943639,0.89353806,1.1215792
134283.42,-0.53600377,1.9665415,0.43240273
134242.55,-3.4417655,2.692193,0.8289237
127739.336,-2.4099855,0.82134515,0.6866586
120222.0,-1.0573573,2.0331678,-0.6041737
124872.22,-4.0533347,1.7529217,0.5117464
132386.83,-2.0974393,2.9938593,-0.4464292
133571.08,-0.9969242,3.151298,0.29498672
134728.0,1.3477108,2.3313205,-0.70210755
120166.17,-1.1085855,2.66795,-0.6779735
120873.69,-1.819209,2.895214,0.27653036
124463.86,-0.19672714,1.9769397,-0.74143106
129800.336,-3.7687652,2.173744,0.76739967
124922.24,1.4658403,0.80520695,0.6419918
119179.89,1.9313896,0.90251434,0.8068956
126537.44,-1.1171163,1.7792047,0.7390745
132848.62,2.4419649,0.4742436,-0.505888
115422.41,0.7561742,2.76196,-0.5508615
118561.375,-2.588418,0.5407912,-1.1166407
120085.086,-0.41303265,1.8333638,0.82991195
134914.34,-2.0922496,2.8309128,0.8042537
118139.61,-3.331574,3.010057,-0.5799079
130617.46,-1.2370836,3.0216293,-0.48546636
130439.1,-3.0585938,2.9201262,0.5321734
118045.66,-2.3798046,2.6884234,-0.98632205
124628.74,-2.8531284,1.6258456,0.66945326
134267.11,-3.0273366,1.7352287,0.5623829
121854.29,-0.33056664,2.1156244,-0.56111974
115184.14,-1.599719,2.4662132,0.56032884
129866.68,-1.769294,1.0782312,-0.69661534
126469.08,-3.284296,2.634407,-0.66824037
120185.48,2.1707096,1.3394947,-0.98050934
118633.37,-2.756521,3.0268338,-0.7384591
118456.76,-2.012551,2.6331542,-0.5904428
124700.58,-1.6129466,0.28357837,-0.5338011
124189.516,-0.4264627,2.735983,-0.43400678
121571.484,-2.1970508,2.945697,-0.6736764
129917.21,-1.4799407,2.7608423,-0.39666927
124447.266,1.4203906,2.6490877,-0.9184637
132536.4,-0.6325153,0.5048513,-0.5307677
125703.125,-0.52541745,1.9194157,0.7159716
134928.0,-0.73216987,2.4940407,-0.6837508
130339.72,-2.5272813,1.800381,-0.8555458
126638.92,1.2277079,0.18782929,0.614879
123240.17,1.692792,0.31766745,-0.46359178
125853.84,-1.9008642,1.3072101,-0.8092201
132211.55,-3.2529912,2.9242153,0.75222605
130197.625,-3.1317923,0.86200094,0.63832617
132238.5,-0.74888074,0.60486335,0.6019232
128187.49,-1.5736735,2.9331322,0.640193
116902.73,2.1563797,1.9750704,-1.0428405
128339.72,-3.567675,2.593597,-0.5596648
118281.125,-2.2146895,3.1582286,-0.3769741
115993.01,-3.2842596,-0.04167262,-0.19489413
118858.06,-3.7575393,2.5117912,-0.7217501
115756.59,-2.0121686,1.9067646,0.86485314
129577.99,-2.4049108,2.924457,-0.8512117
125582.02,-0.8690932,2.3648155,0.4671427
126333.086,-0.6777663,1.6524967,0.595762
115950.336,-1.9650848,1.0755916,-0.64238393
121059.85,-2.863979,2.6099257,0.4799311
127287.57,-4.3668065,0.18061674,0.39818755
133742.14,-3.3534055,0.39761108,0.6895732
116870.55,-2.5311975,2.147856,-0.6772346
132135.2,1.5703204,1.4083588,-0.69901526
128176.28,-1.2539722,2.9480453,0.6770446
133748.94,-1.9241984,1.6512753,0.6972564
132977.23,-2.521094,0.65440744,-0.5651881
115907.75,-2.8437064,3.1497424,0.49339506
133396.62,-0.1320183,3.078693,0.24546495
132273.47,-4.348559,2.3493407,0.4990331
115043.05,-3.2370334,0.56677985,-0.6398306
124435.12,-3.3228688,2.2391577,0.661395
123839.63,-2.8195684,0.5680546,-0.5646891
130758.32,-1.2963638,1.9339542,-0.18848746
128177.06,-1.4078226,2.5984726,0.7308026
124270.16,-3.8041587,1.1195966,0.5360988
121547.61,-2.5185359,3.061186,-0.47331008
129457.91,-2.3587532,2.9473577,0.6042817
128579.98,-1.7815949,1.3719671,-0.7274597
127104.72,-0.4281214,0.56962484,-0.7405468
123000.07,0.3380602,2.9512002,0.45376217
118583.055,-1.6236945,0.62458676,-0.8220321
132001.78,-1.634889,2.7581282,0.36587685
130924.44,-2.9555976,2.2201116,-0.65824723
125281.93,0.14292663,2.7066133,0.67643017
122870.37,-2.1730766,0.15557157,-0.63142544
116968.945,-1.3493963,1.4797852,0.5964107
133137.33,-3.3239894,1.1733245,-0.5565537
116978.88,-2.1039093,1.8188604,-1.1540825
134097.9,-3.2129617,2.5474458,0.43127438
129016.336,-3.6842034,1.7082672,-0.34829357
115230.52,-2.2537441,1.3819115,0.5917221
115823.04,-0.9509813,2.7401645,-0.5906007
132927.84,-3.1923897,2.7181532,-0.71328634
129582.414,-2.1096346,2.7575626,-0.78982013
131353.61,-2.0947707,3.0771382,0.14259799
125512.58,-3.4368,1.2820389,0.5065581
131834.19,-0.006151759,2.8373797,0.51267713
130930.41,-4.3877387,0.44931868,0.38788477
122047.266,-2.3828616,2.938746,-0.3372578
115277.74,-1.3556683,2.38617,0.553745
123204.19,-2.1217053,2.3515513,-0.8218813
118668.79,2.3414764,2.5267053,-0.5390551
120794.305,-1.486536,0.17044836,0.23264697
123463.22,1.706259,0.598064,0.9446347
119943.61,-1.0268096,2.2007635,-0.63494694
117070.73,-0.7726323,0.4639295,-0.3570705
127523.31,-2.8814118,2.3130724,-0.34118208
115648.055,-2.019628,2.773169,-0.7080777
125223.04,-2.475679,2.9532068,-0.87952954
123146.49,-2.9441495,1.9039187,-0.8951721
116060.28,-0.32029513,2.4727209,0.53317857
126820.586,0.25289404,2.3432782,-0.58844227
134284.42,-2.1535187,2.8573031,-0.6749505
123494.89,-1.5819168,1.4473195,0.530411
119468.29,-0.52089614,2.8315384,0.54119027
125008.58,-1.8399487,0.048063353,-0.6626161
121610.86,-2.9942274,0.3565352,0.43314964
119734.12,1.4809597,2.2385972,0.48891196
117626.31,-0.52435464,-0.02698568,-0.3542966
120485.13,-1.5221392,2.0796816,0.7999699
130922.97,-2.8345835,2.0557766,-0.57329136
122000.2,-2.4143205,3.0689723,-0.6726633
122099.22,1.4556322,1.2461263,0.69485927
124856.78,-1.2872065,1.5988196,-1.0912926
117809.45,-0.75881785,0.08879238,0.27679846
127932.875,-1.6699691,2.8093703,-0.81823295
130872.81,2.8555875,2.0092914,-0.6498393
118644.29,2.2771266,2.5444558,0.7569662
121881.53,1.9973981,1.476716,-0.5121575
120286.46,-1.4382976,1.9464545,0.5764695
131320.16,-1.6542591,1.7308055,-0.5897099
117040.49,-2.8412552,1.7564359,-0.27947444
128793.89,2.3700242,1.4298795,0.72350806
126823.21,-2.8466742,0.25714108,-0.7351302
123137.56,-2.4288664,3.0486038,0.5015292
119108.47,0.12363376,2.7200449,1.1172528
121517.484,-1.2266353,2.8260472,0.49299097
119329.6,-2.2638612,2.1333034,0.8231126
118748.13,-3.0209105,2.7457106,-0.41022316
129006.65,-1.4615983,2.924075,-0.5588777
124316.92,-1.2543355,2.2694452,-0.6739666
123612.08,-1.6013398,1.0848434,0.7689804
120357.64,1.2959048,1.2133707,-0.64805555
115885.68,-2.1234894,2.0231018,-0.5158418
119019.32,-2.5773811,1.429379,-0.5948972
122149.05,-1.6751561,1.9208373,0.672477
125682.68,1.3015399,3.0407608,-0.39597246
121266.766,-1.4309828,1.9798533,0.59187603
115988.46,2.4143512,0.31574538,0.74053496
132206.88,-0.49016592,2.7625823,-0.62574506
125331.89,-1.1438563,3.0983393,-0.66113114
124541.836,-2.2335696,0.553798,0.8752048
125735.27,-3.095642,3.0356321,0.5594272
131067.75,-0.64262706,2.209052,0.80528134
129176.31,-0.7067883,2.77339,0.6275446
121799.35,1.2349864,2.7104611,0.5808827
128873.46,0.5156074,0.3424313,0.35362127
133337.19,-1.5229003,0.79288983,0.498821
122803.164,-1.0517122,1.6601384,0.44811755
115183.09,-3.0174782,1.2446333,0.26063874
124337.125,0.9044563,3.066071,0.46756893
132921.9,-0.5475176,2.7486937,-0.6771953
118872.0,-3.8312469,0.87985986,1.0813655
131901.77,-3.0785906,2.5906537,-0.24290992
126710.2,-3.1601677,2.0262175,0.52957714
122701.06,-2.832069,2.3203228,0.5807068
129127.734,-1.9423833,1.9273006,-0.08697845
134970.97,-0.17538506,0.0030516456,0.5503082
128366.33,-2.446204,1.0405351,0.77197707
127999.65,-2.6121423,2.5090344,1.1393175
130334.87,-1.7187971,2.6859946,-0.65939504
129774.64,-4.144016,2.831438,0.30823624
129470.49,-2.3768165,3.1391432,0.31865776
119187.17,-2.4975507,2.6778314,0.32812542
124066.96,-2.0448363,2.738179,-0.6086297
124127.37,-2.7151253,0.09217861,0.27283746
122767.33,0.55740786,2.823104,0.5695029
124698.27,-4.052268,3.1815844,-0.7468405
131731.22,-2.5881443,2.4915586,-0.68015665
126620.695,-3.539097,2.8570225,-0.40389636
120792.74,-4.2132115,1.3827453,0.49266958
121059.31,-0.19396949,2.5675578,0.26492685
122037.7,-0.3466445,0.6295098,-0.5070814
130967.375,0.2797084,1.3462363,-0.43398163
125746.56,-2.6216998,2.960901,-0.6023851
121336.15,1.4548869,0.20341857,-0.6509209
129957.016,2.3084936,2.1011338,0.8741331
126056.19,1.8272091,0.76662123,0.8519878
128567.2,-1.3896257,2.5000117,0.71930104
129424.48,-2.9880717,0.23314689,0.44888654
117838.31,-0.25705516,0.15107256,-0.4546179
118309.055,-1.4095181,2.738098,0.54118955
118594.46,-1.1353446,2.821515,-0.536209
116261.38,-2.6885557,3.0564992,-0.5283071
123700.63,2.4320467,2.6319642,-0.552652
115579.42,0.7090954,1.9722543,0.8229149
115433.984,-0.16297375,2.7553613,0.47650734
128299.67,-2.8432932,3.0624962,0.46669352
122968.39,-2.901148,2.9873078,-0.7871795
118431.22,-2.8803756,0.804904,0.74093074
120093.46,-1.2061967,2.6238914,0.7679795
119488.1,-4.131448,1.5037708,-0.74256825
117578.3,-3.0545511,2.2221763,-0.60228837
117308.07,-3.947943,2.366555,0.69727194
117926.625,-3.058385,0.27886394,-0.59979755
119608.42,-2.9140623,3.1577816,-0.37137905
126868.7,-0.40634465,1.212049,0.72254616
119175.31,1.1176766,2.7066736,0.3575871
127935.31,-1.3616338,3.1046455,0.33628756
115344.664,-2.6178846,1.1412135,-0.45278338
121781.05,-0.32411215,2.575155,-0.6580518
128408.81,-2.6349337,1.7820152,-0.93181187
127488.555,-1.8133934,2.569268,-0.69758296
125441.71,-1.8973585,1.6930244,-0.53717905
121569.01,1.6490699,2.677117,0.5676077
133096.83,-2.1872647,1.0356013,-0.4282674
133244.89,1.9453036,2.4551396,1.0135906
119260.02,-2.800111,2.3807714,-1.0753434
120559.07,-0.12724346,2.442428,-0.5573496
121017.09,-3.366653,1.8924496,-0.7703347
134276.73,1.4078797,2.705694,-0.54754794
134820.3,-3.695688,2.6886678,0.58778864
126843.625,-3.006217,2.843704,-0.6388139
123400.87,-2.0583107,2.9538302,-0.49061581
123541.8,-3.7205427,0.37859693,0.71288955
123306.04,-3.7169433,1.3687572,0.9285393
123676.664,-1.4557695,2.9673052,-0.48187846
126835.79,-0.7212178,1.939795,-0.6498499
127384.195,0.66317594,0.8846159,-0.63658524
127142.11,-3.4423215,1.9353652,0.81847614
130672.71,-2.3549993,0.9341597,-0.7775045
124687.28,-3.757866,0.5876788,-0.4511444
130481.6,-2.6964855,2.9442198,-0.7774662
120502.22,-3.75261,0.028047632,0.45707467
115366.836,1.6363187,1.7438112,-0.61035025
132184.67,-2.0786052,2.6947443,-0.65617955
134081.78,-2.476906,2.1061387,-0.7790508
118907.234,4.612248,0.7529773,-0.91958207
121656.414,2.198678,2.8226256,0.5763445
134611.52,-0.48558944,2.7528226,0.7039205
116577.06,1.0636513,2.5212126,0.44794962
122263.33,-3.392617,1.162568,-0.6718361
123859.055,-2.469311,2.6874032,-0.39364535
115592.54,0.09043726,2.758039,0.53420836
118778.2,-2.8667338,1.768651,0.7284853
129233.98,-2.756552,3.143319,-0.75058615
134348.97,-1.8201382,0.32869676,0.75229734
123423.54,-2.4366665,2.4252248,-0.85418814
130275.83,-2.8347483,2.5343122,0.75475174
119152.16,-0.16653317,2.8936837,-0.78139186
115846.664,0.2393345,0.26236132,-0.7166712
122217.13,-3.2321873,2.8786538,-0.4524808
128541.33,-1.0132301,0.3733071,-0.54501605
132871.88,-2.6560817,2.4642415,-0.9885087
120299.125,-1.9082197,2.4756534,-0.5563653
129972.234,-2.1825068,2.0408947,-0.5227781
118024.305,-2.9244716,2.7236507,0.7095063
119763.96,1.835747,2.8829792,0.6256691
123469.87,-0.6474284,3.1334927,-0.3488139
125331.85,-1.1484916,2.1020663,-0.63436264
122183.086,-2.0260658,3.0101259,-0.5297116
118178.03,-3.7421463,2.7520025,0.5465932
125026.57,0.0015453445,2.2035244,-0.56508994
122848.14,-2.1836934,3.0151486,-0.9141497
133472.53,-4.0378313,0.90504146,0.6614895
120801.73,-3.5615876,2.1496804,-0.7531272
124308.56,-1.8260047,2.7891476,0.5993524
116470.57,-1.3179423,2.7620394,0.6063678
130955.42,0.9407449,2.7387044,-0.41900134
125099.625,-0.17752829,2.1203616,0.30471233
117083.56,-3.2765965,3.0686233,0.058790606
115518.09,1.1009847,0.7836524,-0.70014155
129308.57,-2.1596084,3.0367012,-0.4543523
120482.15,-1.3300794,1.9872481,-0.5571934
116394.65,1.3866334,2.981403,0.69604284
125269.484,-2.7099116,2.9612951,-0.18246235
132114.23,-2.1021934,1.9276687,0.3074594
116786.09,-1.0393407,0.21445845,0.57790136
121470.15,-3.3020241,1.5733494,-0.8863223
122965.42,-1.2820095,2.470656,-0.6263809
134534.38,-2.6727412,2.5065334,-0.4822599
120595.57,-1.7974192,2.6640003,0.6672521
122345.56,-3.6296728,2.7736568,0.45974514
123849.06,-2.7844346,1.8145015,-0.8089003
123416.59,-3.3941054,2.9404998,0.6724677
131400.25,-2.9866953,2.881282,-0.6340846
123187.586,0.56707186,2.2817004,-1.0158762
120059.56,-1.1239752,2.6718144,0.7401462
127567.586,-2.4799314,1.8332306,0.70246536
127812.99,-2.196653,2.5194814,-0.80171704
125945.82,-2.5169795,2.693384,0.48337552
116333.81,-1.540424,2.1220849,0.48265716
131969.02,-2.5722704,1.8240552,0.63710225
126175.36,-2.4620795,2.2539437,-0.7800858
121811.32,-1.1456703,2.613868,-0.5311087
125533.586,0.33618146,3.0192134,0.5675339
127277.445,0.7152493,2.5093257,0.6580153
118815.06,-1.8719735,0.3172224,-0.4991135
133087.1,-0.52162385,1.9038426,-0.3780097
120361.28,-2.088231,2.0405948,0.88202786
130154.55,1.0339187,0.817006,0.33289874
127639.984,-0.47854018,2.7519667,0.46461433
134235.69,1.3522791,2.8493166,-0.59565604
131388.69,-2.6740584,1.903834,0.7398193
133157.6,-4.647174,0.06729059,-0.42646167
120884.88,-2.2862394,2.778544,0.66430044
118959.2,-2.8930733,3.008933,0.58910435
122111.88,-2.9230905,3.1169136,0.8431911
124760.07,-0.11248847,0.60315233,-0.72547823
121244.91,-2.8187504,2.4690657,-0.48862192
120540.234,-3.3289075,2.5849829,0.7878539
118349.836,-3.2584808,1.7870041,-0.6230978
123411.266,-3.3240037,0.2541775,0.52427155
131489.94,-1.0645264,1.3362085,0.53623676
116700.2,-1.3498038,2.1191645,-0.74523896
126564.13,-0.16320759,2.9688134,0.44736832
115675.98,-2.1751,2.1960824,-0.4291577
130745.43,-2.384556,2.1804626,-0.6241766
116851.805,-0.2441069,2.3199792,-0.6410104
131332.72,-2.5185733,2.5278172,0.7432785
115375.34,-2.6695116,2.8043451,0.66296494
130631.164,-4.129283,1.6353835,-0.50388795
124907.555,-0.95718503,2.4059107,-0.68303394
132415.44,-4.020513,1.9400566,-0.86878425
129454.49,-2.9583871,2.966732,-0.29494563
126561.85,-0.253898,2.9039493,0.41124368
129493.65,-4.586214,0.43661067,-0.52083504
133101.73,-1.5969863,2.6100504,-0.97295636
129587.48,-3.7462273,1.24128,0.76204
130144.79,-2.3329146,2.1246364,-0.76457775
117699.055,-1.249896,2.4680126,-0.76620114
124958.56,-3.3075318,3.103163,0.27679613
119710.41,1.233737,2.5558405,0.49282303
123834.28,-1.6821721,3.045031,0.7530936
125666.06,-2.9257088,3.0159452,0.37339333
122807.98,4.101092,0.8406137,-0.64068854
116507.945,-2.976626,2.7904713,0.5517676
128074.52,-2.2794409,0.089000285,0.72824216
124701.625,-2.179536,1.2891784,-0.81609833
131070.36,1.6432095,0.41954833,0.44740808
129183.09,-0.95536214,0.7757081,0.5004208
123834.305,-2.5975275,3.0837831,-0.34923252
129384.12,-0.5596117,3.0921233,-0.34665418
118425.734,-2.3820868,1.6911565,0.5901233
128055.39,1.0693498,2.3285074,0.7016246
127859.68,-1.292043,1.8232567,0.70910096
115240.086,-1.9616848,2.763005,-0.8337301
122478.83,-1.2649342,3.050702,0.8348692
122342.63,0.43852618,2.450136,-0.5419057
127625.05,-3.7567086,1.1817577,0.5383298
133995.95,-2.5205495,2.4375052,-1.1285691
118661.47,-3.636189,2.2567008,-0.7495382
125235.09,0.7951732,0.85360545,0.47696993
121143.41,-3.1194808,0.5943405,-0.84190774
124956.586,0.5965054,2.9005942,0.50047374
130949.63,-2.9866476,0.6416313,-0.47287664
121713.35,0.2773127,2.0159771,0.6584182
121944.016,-2.2886138,3.0228841,0.029095432
123836.43,-0.7019766,2.7716777,0.66618335
117995.1,-3.1039536,2.9719038,-0.87610304
122820.93,1.5171463,2.8277135,-0.4993021
116593.84,-2.5362718,3.0690808,0.5295563
117703.77,-2.5440962,2.8923676,-0.5572269
133475.62,0.0057770466,2.4541478,-0.7831551
118632.016,-0.9094953,0.5604843,0.5210389
125609.12,-3.2165186,1.2226434,-0.5886266
133063.95,-1.8236033,0.8684271,-0.8918224
115367.53,-1.8164035,2.595141,-0.8165345
129625.83,-0.66574794,2.829706,0.46439046
128926.71,-1.6366259,3.0273614,0.4535809
115923.97,-1.8559793,2.214257,0.80711687
117354.53,-2.6129973,3.0095856,-0.62757355
133006.56,-2.5114837,2.6929388,-0.45387197
117042.37,-1.9121711,2.5051963,0.6145102
122755.97,-1.8096594,3.106982,0.5000552
122685.81,-3.4141474,0.94780236,0.59210867
133564.08,1.1355596,1.9859811,0.3844717
118903.836,0.8058429,2.3507307,-0.63514054
116684.27,-0.60211605,3.0875335,0.24420415
120386.27,-2.2389965,1.339441,-0.93007684
130508.195,0.8348797,2.8660867,-0.38843924
122139.52,-2.0993438,1.2670817,0.73384917
131339.47,-0.4907955,2.7316058,-0.4764561
125944.97,1.7997718,2.6257403,0.46978465
127144.95,-1.5324686,2.851958,0.19021457
115370.6,-2.7708566,2.995901,-0.333568
133080.53,-0.75625443,2.7959485,-0.5676595
115088.016,-2.5059052,0.6846035,0.7362752
130107.195,-2.4469085,0.34589216,0.38739616
116803.195,-2.9309933,3.0904086,-0.45871267
120311.195,-2.3036175,2.532132,-0.55840987
120918.74,-2.6820703,2.1860192,-0.5608979
133936.83,1.6708714,1.906726,-0.64102936
130746.01,-3.5628314,2.5141203,0.57172
131769.33,-2.2905195,2.7785525,0.5845207
120952.195,0.18587391,2.3674114,-0.52606994
132275.77,-4.0085635,2.3402283,0.5359722
116618.75,-3.5901706,2.342491,0.48159653
123593.27,-2.6881552,2.6719556,-0.6613279
124677.555,-2.2902691,2.9852853,-0.89807934
122762.19,-3.2068326,2.875368,-0.60132277
116356.37,-2.7145562,0.3063981,-0.40704283
134115.05,-3.8421342,-0.081024475,0.20125088
118849.37,-0.90315104,1.8457568,-0.6816483
129904.85,-3.4177978,0.8267677,0.41444942
117848.32,-1.7605658,2.8247905,0.50062686
124441.36,-1.7904357,2.364977,0.5576664
124643.14,-1.1652282,2.876026,0.20706075
119108.05,0.90896803,2.6123533,-0.88472354
125541.63,-0.6657562,0.22693166,-0.41597652
117000.61,-0.000111242756,0.9165223,0.6670434
125646.0,0.3499921,1.285964,0.5820795
119512.99,0.86864716,1.3774086,-0.69667715
132798.78,-2.7292328,2.5962982,-0.64876443
115522.58,-1.2625592,2.3410892,0.4621792
124420.83,0.24092185,2.9809148,-0.3427142
124607.305,-2.671911,0.7510416,-0.43713096
133088.56,-4.120292,1.560627,-0.4858628
124416.54,-0.92714226,0.13698372,0.3434329
130078.516,-3.2073526,3.0320876,0.8042327
123175.336,-0.8528676,0.8959775,-0.6699879
121699.39,-0.46609992,1.7355219,0.5779893
116438.484,-3.9840293,2.0364125,0.3234341
129647.914,1.387002,3.104898,-0.5698833
127162.055,-2.1661007,2.9617283,-0.55864173
122823.83,-0.1262192,2.3979068,-0.68621594
118304.51,0.42752177,2.7655995,-0.5098296
116299.83,-1.1447635,2.1422086,-0.76096594
117523.93,-1.8748087,0.17665254,-0.4920527
119323.27,-1.0148677,2.4232333,-0.6252331
121411.43,-1.9296362,2.5306735,0.76622176
115391.41,4.0480714,2.1600616,0.64106524
115819.945,-0.30698454,2.2447705,0.8055482
125960.555,-0.37286472,1.8235806,0.71175677
126912.195,-1.2414306,0.18207087,0.33897048
116257.984,0.35546574,0.032926492,0.80750775
130790.15,-3.0567358,2.9377496,0.31331313
122936.195,-0.9460532,2.8391497,-0.4133429
123187.586,-3.392178,2.3307104,-0.7960916
120156.586,-2.3248074,2.3965774,0.51686215
121991.45,-1.8075781,1.2702267,-0.74619037
134247.75,1.171609,0.1837782,0.6475387
125600.77,-2.7671487,2.7142546,-0.6623062
119080.04,-2.0149353,2.9667685,-0.40623996
120056.75,-0.9375498,3.049521,0.83530116
122784.266,-3.5694675,3.0650334,0.65571797
128542.97,-3.1613247,1.498448,0.68958986
130638.0,-2.3597348,2.5706415,0.7320912
121935.67,-1.6420496,2.130697,-0.5496367
125826.01,-0.2260577,1.2078624,-0.4802418
119105.805,-2.0339313,2.8922274,-0.40393904
129895.92,0.3304337,2.9316087,0.46917838
124958.39,-2.3226948,2.5375636,-0.5761478
133124.66,-1.6556405,2.0962102,-0.63249093
126059.01,-1.7124466,2.0761964,0.87410355
120181.44,1.5626216,0.95545197,0.65104216
121102.35,-3.114084,2.8438444,0.54014766
125966.35,-1.3093252,2.221535,0.6260092
118395.0,-3.6656363,3.0545645,0.5939734
128592.18,-2.3750088,0.67451847,0.7330221
134894.88,0.34912902,1.9659494,0.75057447
132375.9,-0.18934414,2.031502,0.5232088
120764.125,-3.041608,0.52532,0.52054584
133059.64,-0.78630173,2.6837091,-0.6418283
125015.164,-2.723247,2.9706922,-0.30208254
121934.305,1.4187272,1.4821672,0.5301625
131919.22,-2.8204677,2.552836,-0.7459684
124276.78,-1.3217369,0.23627639,-0.3496837
120151.46,2.0849328,1.3043005,0.74401045
128639.195,-1.3259758,2.2466621,-0.67901397
129888.54,-1.8406062,1.7686278,-0.54781336
132801.19,-0.6584087,2.8774557,0.46242002
128002.38,-1.4405802,2.9927995,-0.7904851
128617.1,-3.6425426,2.8371582,0.6751576
118704.625,-1.121191,2.6333883,0.39412618
124114.39,-1.3869627,2.9357514,0.49745375
126905.37,-1.0228114,1.9285207,0.5752224
125794.766,-2.3034518,1.3559877,0.8113039
128305.39,-2.1587582,1.3808771,-0.5240761
127884.945,1.6739683,1.4414607,-0.7845224
125751.87,-2.1876864,2.4826803,-0.75501794
120353.56,-2.6298225,2.8518271,0.9022078
117816.8,-1.9982681,1.6446937,0.68351454
118137.72,2.9494426,1.621841,0.8219796
125626.01,-1.5760226,3.118432,0.48715115
120327.875,-3.203675,2.727469,0.629546
120760.97,0.13666707,1.0938848,-0.6491906
132531.19,-0.5499081,2.7069554,-0.9629244
123892.83,-3.1583273,0.53800243,0.5140185
124460.27,-0.0393975,2.0573754,-0.5969365
128233.48,-2.9964116,2.4556963,-0.6389706
133435.38,-1.6114485,2.495028,0.5918276
119090.305,-1.2614553,1.8161793,-0.7141755
131887.22,-1.8716047,2.51869,-0.64025664
131854.52,-1.5387774,2.7487216,0.7747723
117352.19,-3.2632985,-0.04760574,0.23533471
128204.25,-2.431651,1.7307644,-0.55488366
121003.65,-0.23534834,2.999421,0.35581183
130567.305,-2.1662407,1.104549,0.99009097
121371.95,-2.3158972,0.5051959,0.5038116
128504.37,0.48795587,3.0539634,-0.5703366
116055.766,-1.9547923,0.034038004,0.83859974
132446.3,-2.5012288,2.4931939,0.32961637
127102.44,-2.5445442,3.0781252,0.57643044
115209.23,-3.5716302,2.4679267,-0.67444026
121460.664,-1.3071548,0.7027286,-0.7586329
134858.31,-1.5284845,2.698188,-0.781441
130342.22,-0.6548045,2.8648891,0.5601814
122863.875,-1.6023004,2.364529,-0.75198746
130571.09,-1.6803936,3.0341702,-0.5094253
123624.734,-3.4154909,3.074638,0.41160947
119011.734,-4.3740506,2.4688241,0.5321898
134016.28,-1.003813,0.76852757,-0.9325973
119100.15,-3.9831781,0.47411105,-0.60031164
118613.945,-1.0926976,2.4378252,-0.81428087
124133.31,1.1581581,0.34535486,-0.10349531
116817.38,-0.7139495,0.67475945,-0.8254357
125244.39,-3.195166,2.3361096,0.6056887
124873.23,-3.0419574,1.6072662,-0.46976662
123960.1,-0.6584139,1.4408146,-0.77786046
120873.19,-0.70756525,2.9161124,-0.57599485
123935.83,-1.0916889,1.1121862,-0.71033007
127188.87,-0.20780423,2.8747945,-0.4786128
131933.1,-2.5151906,2.5929637,0.14981803
121671.1,0.8821451,0.5078702,0.73721945
122338.516,-0.1120869,2.356489,0.65293556
130456.94,-3.929921,2.287972,-0.6043868
120199.14,-0.27153668,1.5908055,0.4135503
129429.79,2.0538971,0.78877485,-0.88274026
116209.19,-3.129843,2.5602245,-0.59651685
120173.805,1.449426,3.1450624,-0.26468548
134491.67,-2.8110058,2.1964946,0.7372841
119210.75,0.08206375,2.8367045,0.5735017
120580.2,-3.2874336,3.0335565,-1.0406739
125819.73,-0.49711084,2.2997217,-0.5457261
127759.07,-1.9647617,0.8653999,0.6680935
134946.73,-0.82767785,3.0463824,0.3248869
126126.98,-3.986326,3.0415177,-0.51475155
124373.32,-0.5641799,2.3847566,0.7398139
120495.57,-1.2882518,3.0024004,-0.5231214
123093.97,-2.5092733,2.2753537,0.44862148
131198.39,-3.0610392,3.031961,-0.6189671
124349.914,0.20512304,2.5745804,0.6007084
125309.195,-3.1614094,2.3654735,-0.87217057
134660.3,-3.719517,0.9162371,-0.83758557
117829.516,0.25550842,1.9288074,-0.61706305
119162.46,-3.0951288,1.951748,-0.613053
116057.04,-2.6139133,0.5850704,0.74547285
129269.12,-2.984956,0.30258682,-0.49021748
124408.31,-2.8470016,1.4902776,0.808017
122697.52,-1.8350365,3.049776,0.49166366
117481.49,-3.6211522,2.1302934,0.6061475
123270.805,-2.5037012,1.0224544,0.6527261
134447.14,-3.0302372,2.784884,-0.711764
121201.73,1.2090163,2.8909214,0.61275226
127148.266,0.24592261,2.1601906,-0.5714452
127801.2,-3.6655815,2.5280786,0.7464001
133516.88,-0.60270053,2.9998674,-0.49261752
118029.484,-3.1792247,3.0571136,-0.5829931
133489.69,-3.2531123,0.9767665,0.40612382
118452.48,-0.9091685,3.0010395,-0.40734062
118553.77,-3.0442212,1.5955067,-0.49738005
122932.875,-1.211609,1.0313008,-0.54833716
115290.15,2.1920323,0.91988754,-0.69828016
115539.94,-3.476299,2.2431095,0.70863104
122860.41,-2.0339658,0.61591786,-0.669724
131311.5,-1.4791399,2.5062144,-0.5980115
121857.47,-2.0887012,2.5677245,-0.8289311
119249.26,-0.519442,2.4320428,0.4300243
122929.64,-1.9225614,2.9732816,0.41926125
117531.32,-2.058579,3.01735,-0.7544118
125431.88,0.31838676,2.2331371,-0.67683214
117507.37,-1.9499654,2.581296,0.8382361
128721.125,-3.2831872,2.0574658,-0.7587963
129149.71,-0.104381524,0.32474226,0.6434465
134298.88,-1.092959,1.9046516,-0.7715118
124287.48,-0.40717503,0.5458412,0.53355634
118593.63,2.235889,2.5110824,0.9926746
128717.48,0.7162494,0.17610148,-0.5818044
128255.93,-1.948087,2.9462063,-0.5704709
131655.25,-1.5424935,2.809101,0.47072083
122289.03,-4.2619243,2.7726104,0.41755748
131801.52,-1.1774884,2.5808601,0.6030783
127359.43,-0.722551,0.15304682,-0.97304654
126277.445,-2.7064989,0.30638775,-0.43119285
118826.914,-0.56451154,2.0880961,0.6051643
121086.12,-2.1920855,2.9590936,1.145635
125976.414,1.4317918,1.4611225,0.576562
130745.38,-3.056053,2.12416,-0.54799986
118173.03,-0.5339139,2.8940008,1.1582946
124086.8,-1.8672882,0.7684394,0.6523939
123916.055,-1.4292935,3.3468146,-0.53234917
134784.23,3.135141,2.4888167,0.54274464
124956.94,2.3766017,1.4808093,0.75295883
120482.695,-0.08840493,2.056763,0.94874555
130028.95,-3.2101278,1.9307795,-0.54890275
119232.5,-1.2381282,0.56586957,0.61773163
119148.15,-2.3648062,2.0890026,-0.45705223
120247.766,0.43855375,1.4483243,-0.737075
128610.49,-1.7917496,3.0479305,0.5513084
122133.26,-1.4395319,3.1602125,-0.4401619
124546.516,-3.0326843,0.27826667,-0.39388973
125483.14,2.6424367,2.2440255,0.75145686
121546.586,-1.600678,0.29280058,0.7765055
125525.05,-4.4694223,0.8880012,0.6776642
128840.75,-3.0121691,1.5037713,-0.76217675
116192.6,-1.5338175,2.5356143,0.30522838
126860.78,-2.838087,2.1661665,-0.46188757
126059.52,-1.8506907,3.080982,-0.46904486
132106.25,-3.873587,2.599064,-0.44418246
117206.81,-1.2317849,2.5209417,-0.5276877
115691.85,-4.2505465,-0.104744665,0.34622458
134659.06,-2.6856253,2.159916,0.56450766
129203.6,-2.6960843,3.0458884,0.74993277
131882.03,-0.44873402,2.207928,-1.038211
127974.1,-4.0583553,2.1660416,-0.6375397
117828.53,-2.485062,2.8062918,0.53576046
118228.61,-3.207523,2.311496,0.30354297
123225.93,1.8647816,0.034906425,0.24588545
129207.47,-2.064523,0.99452394,1.303438
127136.11,-2.0349734,1.1733615,0.59001917
117714.96,-3.1764567,2.0575545,-0.6560903
132170.94,-0.8200668,2.8520772,-0.6971338
129361.47,0.40925384,2.3192291,-0.7470616
130790.42,4.374198,0.6917876,-0.5722965
129791.46,-1.0790576,0.95337623,-1.2830604
127806.305,-0.18315896,2.7179437,0.560211
116210.93,-1.1250982,0.18257035,-0.3911644
134166.34,-1.7420791,2.120621,-0.7894575
131912.27,-0.7665856,2.8019364,-0.41939938
121390.83,-4.299452,1.3631829,-0.34699446
130101.98,0.15252829,1.3696129,0.71993136
131043.9,-0.064694725,2.7239554,1.0949389
126540.06,-3.4138227,1.2472268,0.49077114
119054.266,1.644366,2.7963092,0.4290546
128174.14,-3.0173523,2.6850936,0.71612185
133357.84,-2.9437604,3.0626438,0.51712656
122620.234,-2.5903716,0.9382669,-0.59409016
116432.14,-3.0979083,1.6159958,0.6262162
133281.9,1.5589371,1.2857099,-0.78528845
115824.23,-1.4850781,0.4588177,-0.6031443
128510.79,-3.1056864,2.7932231,0.5074521
120835.555,0.9127207,0.5123037,0.54851425
127611.88,1.6307372,2.8017445,0.5384496
118369.6,-1.4159392,2.4901216,-0.69362926
115260.94,-3.5140183,2.4416099,0.77753115
127530.6,-1.9357429,1.3311825,0.5446158
134274.52,0.47389793,0.99352026,-0.65785104
119100.82,-2.8478944,2.1331758,0.35835734
126519.52,-0.3849282,2.5489774,0.54132164
115620.06,-1.944823,2.3379736,0.8458772
120934.69,-1.7442895,2.6710098,0.35901687
128426.59,-3.3626933,2.7216995,0.60500705
129020.36,-3.3332691,1.9172457,0.64193815
129506.11,0.7915625,0.5067716,-0.58183706
123336.06,-2.6468854,2.1557736,-0.7748025
133719.28,-2.5896971,2.7987373,-0.33057618
122856.47,-0.8293327,2.427702,0.864282
126451.52,-2.7628193,3.0167522,-0.41778815
120724.12,-3.473557,1.0216353,0.6061169
129624.555,-2.2274795,2.5230076,-1.0212317
118092.99,-3.374082,2.8921473,-0.49065226
132660.34,-0.49918932,1.1190504,-0.5931726
120789.62,-2.1774502,2.5148396,0.7083617
133067.5,-3.0235333,2.828432,-0.66430223
119528.03,-3.238751,2.581182,0.18793416
134807.95,-0.43304637,3.057122,-0.49255985
127310.96,-1.7435026,1.8229717,0.8399716
128525.96,-1.7880169,2.8873405,-0.6186826
115044.73,-2.2880933,1.0561429,0.6115408
121568.68,-1.4743316,0.06939402,-0.72058165
129178.43,-2.8923655,0.2594496,-0.51074314
121039.94,-1.4537256,0.17464913,0.56052953
133074.95,-0.18437782,1.7552809,-1.2324709
124245.07,-0.47620547,2.2326996,0.65434843
125536.1,-0.4356697,0.11810956,0.49966145
120169.63,2.6018472,0.8254929,-0.6185218
123320.56,-3.0800827,0.5320575,-0.26211798
123144.99,-2.3094506,2.290398,0.70206606
130920.98,0.50253385,2.0773609,0.7525995
134879.4,-1.498226,2.7887325,-0.509008
120589.766,-0.5367808,2.8386235,-0.5763675
129211.734,-2.8277192,0.5045517,-0.5815946
119158.95,-1.2673367,2.3273907,-0.7091768
121068.16,-0.42769983,2.6546736,-0.65931267
131608.2,-3.0484009,0.3011553,0.39124897
117736.29,-1.4936273,2.9639943,0.07081035
126073.03,-3.1990716,1.2636367,-0.60894185
117766.92,0.7067142,2.7457857,0.7453012
131237.1,-0.48066273,1.1453454,0.9423977
127120.76,-3.401175,2.2539673,-0.6069344
134285.23,-1.56752,2.4793112,0.7962306
132109.34,-1.8304878,2.4824774,-1.0819476
119279.91,-2.8801103,0.25316682,0.37363416
134356.81,-1.4657512,2.6085782,-0.42224103
122594.35,0.3425757,2.4163387,-0.6366529
134454.33,-1.468631,2.5023613,-0.8517443
123071.21,-2.2248805,0.8129544,0.79446214
134814.64,-0.30570164,0.37743324,0.5055387
121091.89,-2.2476652,1.9683038,-0.57684183
120689.9,-2.811225,2.5865111,-0.40956435
126210.47,-2.422772,0.08266732,-0.6561932
115382.01,-0.7066371,1.8338599,0.60148096
123235.44,-2.3519492,0.47630766,0.5634023
122165.055,-2.9363701,1.6985765,-0.619055
128930.11,-2.8303006,0.8339801,-0.45018914
118497.26,-2.5380561,1.2761847,0.49773487
121683.484,-0.7540289,1.4859698,0.76282257
119351.734,-2.000098,2.9963145,0.47453353
122720.016,-0.5017534,0.8912784,0.5602609
124598.35,-2.1323202,2.349716,0.61855996
129654.06,-4.141145,2.7426345,0.83517617
118331.14,2.200783,1.0445328,-0.6626598
126229.086,-1.2646332,2.1856534,-0.6264999
123996.805,-0.29267076,1.7394907,-0.7335872
127740.516,-3.3850083,2.9210165,-0.2954204
117464.516,-0.19269657,2.8825486,0.46920887
130282.516,-0.9909319,1.7462717,-0.7868637
127985.375,-0.34535572,2.9988256,-0.9114451
127661.766,-3.9860451,2.55935,0.44371837
126995.61,-0.90584844,2.9285004,0.55623394
124628.47,-0.97269636,1.392939,-0.7543395
115640.516,-2.7283316,2.9096417,-0.604077
126416.95,1.2634894,2.8995125,-0.5919735
134701.25,-0.52426785,2.6233547,0.57063764
122817.1,-3.1302948,0.8382646,-0.56342196
126280.58,0.4002208,3.189051,0.35404748
130188.54,-2.0962214,0.63729674,-0.5522983
120919.06,0.8867002,0.7420966,-0.70334786
117816.8,0.52756244,1.9326953,0.62497646
131911.16,-0.37656674,0.39166078,-0.6021208
120494.35,-1.540319,0.51727444,0.57654965
127169.25,-1.3145144,2.8194294,0.387245
117811.125,-2.2736084,0.251735,-0.41342428
132715.3,-3.1198351,0.515049,-0.71264476
126573.67,3.5787282,0.94866127,0.5995635
128668.32,-2.351403,2.51942,-0.5452409
115196.664,-1.6712462,1.7279932,-0.9791933
134835.94,-2.3698792,2.0755746,0.62715256
134666.31,-3.1802356,1.3244205,0.7832724
125156.766,-3.1775117,2.1943269,-0.7138746
132707.55,-0.579861,2.2039723,-0.76487654
118032.01,-2.8052652,0.31190902,0.5171606
120839.016,-2.121129,2.8565178,-0.59903294
119656.1,-1.6601311,2.4339414,-0.7483077
134873.84,-1.924666,3.0479414,0.43976557
123872.43,-0.9446122,1.8894583,0.7224968
124964.36,-1.1657783,3.0853004,0.44169214
123491.07,2.2442517,2.9933834,-0.53032935
119788.125,-2.74802,1.4557873,0.19315954
122857.266,-0.018065412,1.7541254,0.612769
134617.56,-1.2508587,2.3935316,0.1460048
117450.125,-3.3815799,0.19302839,-0.43971202
118553.21,-2.9317536,3.051384,0.63769495
119899.97,-3.701797,2.37158,-0.41944885
118870.57,-3.5359871,2.7595828,0.5401931
130933.32,-1.6187041,1.9667977,-0.7802508
129660.38,-3.286094,1.7021612,0.6018655
127737.5,-0.6553404,2.8102112,-0.5174818
128192.76,-2.6617851,2.5156963,0.6958402
121197.36,2.8084,1.1639627,-0.957459
132699.66,-1.1561322,2.492603,0.67774814
115765.38,-3.5375855,2.4445257,-0.4593159
126120.35,-3.1456578,2.4479592,-0.26428905
121659.67,-3.364805,1.44505,-0.638816
128341.766,-3.246488,1.3262761,-0.4815221
118514.27,-1.8976187,0.43265837,-0.6451745
117226.35,-2.0320642,2.5777571,0.57424164
123751.234,-3.3170807,2.9548423,0.44484904
115916.805,-2.7681527,2.2958825,0.5141158
121964.57,-0.56048304,0.32210928,0.22601517
133321.75,-0.28791898,1.8976834,0.63994986
115818.766,1.400276,0.591516,-0.41509914
119494.34,-2.8786008,2.403161,-0.7716804
132305.2,-3.7250664,1.2081959,-0.57910365
129707.17,-2.8189533,0.23771437,-0.347553
119704.67,-3.1479518,2.7742677,0.7270876
133398.42,-2.7083597,2.2165275,-1.0841728
121507.1,3.005082,0.15933716,-0.4064447
118269.56,-1.3370998,2.3650172,-0.440291
123784.53,-0.4213583,2.4655666,-0.72114253
116231.77,-2.5574536,2.546777,0.5856808
131923.44,-2.8923435,1.2424728,0.5258361
122871.29,-1.226043,2.6452227,0.4156546
115756.04,-1.5940919,2.230738,-0.74369544
115223.18,-2.1849728,2.7083228,-0.44229797
125880.49,-1.0281379,0.82559943,-0.6901551
131138.16,-1.6303098,2.6127546,-0.66637254
127802.86,-1.0734795,1.0760756,-0.8575678
115186.82,-0.6206475,2.8963516,0.39806437
124890.234,-1.7518183,2.3908575,0.5589101
125432.945,-0.5307072,2.7215211,-0.81712115
117714.38,-0.7016973,3.1297405,0.40833598
116397.1,-4.478522,3.1498067,-0.94602156
130234.18,-3.3938713,0.4145531,-0.6848554
118597.61,-3.9629197,3.0170805,0.7598985
118286.36,-2.528816,3.0027673,0.47297558
132074.23,-3.2118633,1.3935724,0.5071387
123379.2,-1.9954193,1.9966147,0.5475269
130029.805,-1.51728,3.116073,-0.8170121
129669.01,-2.4664156,3.0159805,0.7156554
125128.08,-0.19379625,2.7660525,-0.5205603
130071.65,-3.097323,0.36995536,0.3866655
132770.03,-0.76999724,2.1996186,-0.90552235
122918.02,-3.8872113,0.42274597,0.5551444
126939.74,-3.0169163,1.0391504,-0.4155988
124367.78,-0.7002931,2.963505,0.7451659
130850.875,1.2153581,0.39107716,-0.52271837
133891.77,-1.2092326,2.8676603,-0.6942058
117085.625,-3.5881455,2.8823652,-0.67825425
134411.17,-0.27178603,0.89855355,-0.5797614
134007.05,-2.2114487,2.8137302,0.36645332
123989.27,-1.5951176,0.5639095,-0.6703467
133784.89,-2.2181864,2.8109806,0.61450803
123663.625,-3.4850512,0.3572312,0.48072255
134323.39,-2.1553488,2.7554038,0.3977428
129122.484,2.7811334,2.3651912,-0.6717612
132330.95,-0.16254151,0.67390525,0.74314356
128369.8,-1.8807782,0.31028593,-0.845919
125686.77,-2.835361,1.7631751,-0.73382217
132278.64,-2.4630597,2.9385061,0.22735457
120846.34,3.3451989,1.8036269,-0.5896129
125777.11,-2.2966747,2.8783529,0.16871344
131919.16,-2.640512,2.1489666,0.84459287
117896.06,-3.2980552,3.0564032,0.82985455
123741.27,-3.2390954,1.6974896,-0.64424616
134003.8,-0.84301555,1.4272546,0.6626592
122309.1,-3.764694,1.1957675,0.46479064
130017.945,0.26800275,3.0081222,-0.4889845
124918.875,-3.250459,2.7909245,-0.7621794
123114.26,-1.1922717,1.696352,-0.91810966
115110.03,-0.92811835,1.5625366,0.611918
130415.0,-2.7456539,2.6166778,-0.53296995
117984.41,-0.50873,3.0890195,-0.5315555
124266.15,-2.6169956,2.1851387,-0.7519499
118914.13,-2.6144843,1.7616388,-0.6508729
133797.69,-2.8428495,2.6610475,0.54793066
119491.29,-2.0091565,2.6737273,-0.36208722
134210.52,-3.3630853,1.6589407,-0.77734166
118480.12,-2.728406,2.097064,0.622211
121829.836,-3.2316544,2.9060793,-0.3953827
122844.01,-1.2711992,0.5269249,0.39073452
131134.53,0.23348719,1.7301756,1.4178427
134511.44,-2.9835384,2.7321422,0.77353394
132746.23,-1.6145371,1.9741544,-0.6625779
126435.0,-0.8404077,1.1392305,0.85429674
119064.42,0.009077823,1.8667918,0.7368531
120052.195,0.5411761,2.421095,0.79861355
115598.45,-4.0161114,0.7591512,0.49550417
131047.65,1.7911693,0.39628994,-0.5268359
124935.16,-4.6585236,0.7153376,-0.5658245
115797.06,-1.522457,1.9568993,0.5613076
124539.19,-4.4384856,1.1579825,0.3445354
119944.34,-3.2059126,3.0579739,-0.6571264
125244.76,-0.7635631,3.0077658,0.5414047
131258.67,-2.145949,1.4836862,0.83694714
127005.734,-0.7722431,2.8580573,0.60991496
117662.375,-0.40282828,2.8708916,-0.3379933
121328.77,-1.5839226,2.898659,0.41715533
118248.93,-2.2411318,2.9752018,-0.5889023
120331.664,-0.24034704,2.7257671,-0.76269436
132498.45,-0.70890844,1.4345663,-0.5270797
126241.26,-0.27077487,1.0201197,0.59634346
124179.69,-0.39439106,3.0047991,0.5607814
133696.61,1.6333678,2.1574535,0.7212453
116189.55,-2.8292978,-0.11054984,-0.4276231
134835.77,-2.631165,1.0862453,0.30486634
115973.58,-1.8782768,3.0832562,-0.3561287
118269.97,-0.5804392,1.0464888,0.40140703
123745.02,-3.1604874,2.5745873,0.43593863
128121.14,-1.3617681,2.8404,0.5293074
116879.695,0.4233531,2.3213036,0.83473694
119548.71,-2.344739,1.8332195,0.55902416
131805.89,0.33616668,2.7996624,-0.5205707
122389.33,-0.7511149,2.533467,0.72625333
132857.11,-2.1444137,2.545788,0.86341804
116978.51,-1.1682677,1.4711868,-0.7484364
121593.57,-2.3632226,0.484576,0.49082446
124427.6,-0.9157349,0.3983752,0.5475372
123481.37,-2.46367,2.3568282,-0.7240812
129623.26,-3.0840874,2.9544227,0.46767
129059.3,-1.3157787,0.80928636,-0.47724193
126508.43,-2.9293242,1.7411829,0.58737385
118525.36,-3.0840597,2.2624822,0.7803149
117639.03,-0.66441613,2.6882877,0.3170039
130587.33,-3.1581275,2.84598,0.5660055
118895.5,-2.5993621,2.803077,0.48442367
132167.14,-1.3588493,2.787707,-0.7056765
127815.11,-1.8308616,3.0291193,0.41922328
125147.0,-3.1865168,2.4351313,-0.54044425
132056.42,-2.3008533,1.2995598,0.5704093
132152.02,1.0469635,0.9901116,-0.594298
124902.56,-1.8071083,3.1063383,-0.42556646
134585.86,-1.5233015,2.2139688,0.012212172
123047.68,-3.838252,1.3987867,-0.45900083
128709.414,-1.6981779,2.5335932,-0.9281909
121548.18,-2.6717944,2.0295787,0.70746917
127144.68,-0.618291,0.04416744,0.6237003
125611.36,-1.9486973,2.1424513,-0.5881254
125151.18,1.2269336,0.533534,0.48890498
130508.76,0.43570346,2.8234208,-0.5042706
121267.23,-1.8578637,2.7360952,-0.5056064
119569.76,-3.1655147,2.6269863,-0.55940866
121885.87,-0.036435276,2.6982934,-0.43240908
118050.68,-1.2426667,1.2191204,-0.6259502
123428.5,1.2977481,2.2751508,-0.84024477
123153.22,-2.7128963,2.3815768,0.8652441
130880.836,-0.9313509,0.9619968,-0.8039457
122884.14,-2.1784308,0.24068946,-0.49430567
134529.17,1.4537414,0.75726736,0.58627385
124153.26,0.30627543,1.5398588,-0.66588014
133828.38,1.864794,1.3238168,-0.3325991
116689.14,-0.6835575,0.28742856,0.42610177
120824.77,-1.4216621,2.7062263,-0.46530554
122564.98,-2.1442955,0.7587813,0.471603
134477.86,-2.6705086,2.7591043,-0.54166615
128706.87,0.7095397,2.9770648,0.36319286
116963.53,-3.280091,0.8927927,0.46843007
123063.445,-1.2122437,2.673219,-0.55786824
128967.086,-0.9138782,0.24750827,0.66494644
123501.8,-3.2464926,0.5722039,-0.3793386
120259.97,-0.5330953,2.6099389,0.55934733
117453.95,-0.8841175,3.014727,0.3499469
122297.33,-1.9769722,2.690268,0.8251743
133201.94,-2.1713371,1.40718,-0.90599793
126973.734,-3.8458378,2.3270588,0.7354563
125829.51,-0.48420736,1.5001243,0.74895203
126457.164,-2.9132218,0.855913,-0.53350776
130691.97,0.90682584,2.4852295,0.8942396
118117.24,-0.7607121,2.814644,-0.68495315
133878.14,-1.3278638,2.8040295,0.67599165
118228.48,-3.0493553,1.4071375,-0.35357323
131960.27,-1.3081987,1.2495435,0.6690049
128835.49,-1.616324,2.8694942,-0.71858305
119804.51,-2.3477046,2.083795,0.60322344
128496.12,-2.1145217,2.8651793,0.4234647
121390.02,-1.9946368,1.1669563,0.31227854
130212.45,-4.063657,1.9735714,-0.40779737
121718.97,-1.3757644,1.4784298,-0.54733694
116193.73,-1.4273907,1.4976532,1.0951673
127211.32,-2.5235238,1.8026178,0.6012448
117013.83,-0.9872144,3.0576334,-0.3236283
128187.2,-1.76814,0.6699217,-0.6497489
129355.43,-3.0281515,2.390467,0.84256786
115140.53,-0.9483769,3.104847,0.07526548
124988.69,-2.8317685,2.8631613,-0.44302675
123524.97,-1.9181689,0.38415173,0.57302254
118641.17,0.2006723,2.7917233,-0.567975
132582.02,-3.07226,2.383613,0.6263515
115359.75,-0.31560603,3.12738,-0.30369717
126182.45,0.5889416,2.3664603,-0.52491546
126728.37,0.7272938,3.0224361,0.41594657
134291.11,-0.81580895,3.169343,0.41785195
130381.0,-0.71353793,2.5994408,1.0213537
115127.77,-1.7406875,2.6799014,-0.393662
117654.76,-1.4035698,1.8985715,0.6845584
122344.14,-2.9577656,1.1131649,0.34968272
125978.53,-3.3120847,3.1112087,0.5349695
121946.74,-1.1591854,2.5255919,-0.6509198
120649.77,-0.5907094,1.2116424,0.4075691
131674.94,-2.7755744,0.4428618,0.97457796
125809.33,-2.6562366,2.716053,-0.80842143
121830.39,-1.9885838,3.0702796,0.60798854
117114.81,-0.04278369,2.8898418,-0.48635718
118362.766,-0.16756018,2.59936,0.51977146
116591.59,-1.640342,3.0216436,0.4060274
116870.51,0.47187698,1.7456858,0.8631316
132373.22,-2.733838,1.9836454,0.62586343
132664.67,-0.48551095,0.3050292,-0.49389338
121404.09,1.1047319,0.5475725,0.86097026
117364.68,-0.41082537,1.0207031,0.34216446
132181.4,-0.6595053,2.4187899,-0.7576188
121414.234,0.6043006,2.6391306,-0.4913592
127765.56,0.5743905,2.4013574,0.6561435
130626.66,-3.4444842,2.6160722,0.36986333
129598.38,-2.6758325,2.8610482,-0.38085037
131739.9,-3.2707858,2.504294,0.32633877
131649.42,-0.9557248,1.8913584,0.87323457
120099.27,-4.1607842,0.95053184,-0.72307706
125006.516,-2.7515736,2.643667,0.7077437
121103.72,-2.2795537,0.46414575,-0.4945188
126967.57,-0.58365566,2.500053,-0.5189194
128503.84,-0.77888393,2.9352167,0.58276683
127662.734,-3.5574214,3.1351235,-0.7126481
120330.31,-1.5933036,1.6858332,0.7936568
123356.69,-4.355173,0.2968908,-0.48335662
119196.44,0.41597664,3.1141298,0.6631042
131250.67,1.1937137,0.36357117,-0.5122462
132781.14,-3.8437731,2.630828,0.67086947
134615.08,-2.9778244,2.839612,-0.41226935
134976.7,-0.17140754,1.7538692,-0.68480414
118420.99,-0.5118407,2.7121167,-0.74589753
131000.734,0.39013457,0.23630752,0.4934662
117878.79,-0.100371964,2.2909424,0.7645629
118385.516,-3.0881832,2.455883,-0.53913355
117137.484,-3.1206949,3.019018,-0.4595887
125022.414,-2.2184246,2.4609442,0.5976082
130785.78,-1.5589482,2.8090436,0.22563905
134980.69,-1.7303622,2.3750744,0.7104459
120943.53,1.683507,1.9492966,0.71633005
131274.48,-2.800997,2.9236534,0.43804184
134456.6,-2.3770955,2.6101172,-0.7722117
115335.12,-0.22508371,1.2200054,-0.9399049
132434.12,-2.7113502,2.303845,-0.80242544
122684.19,-3.2137027,2.7008042,0.61449844
121557.23,-1.2951186,2.092766,-1.0043099
116694.87,-2.1096973,1.6665769,-0.861009
131331.17,-2.0605755,2.1836102,0.4060996
118367.695,-2.8765078,2.2130773,0.6345625
133198.78,-2.6176827,2.971696,0.45169032
132880.06,-1.3015703,2.0141325,-1.0229518
118688.164,0.27980173,1.9852096,-0.7287361
131220.67,-0.71232736,0.07542548,0.65168494
123151.09,-2.5693228,2.7137969,0.31703904
121240.38,-2.3195093,2.8335173,-0.7848926
126326.21,-3.0944622,2.6181128,0.4011359
134478.39,-0.76997346,2.6048882,-0.6884736
117253.836,-0.8853405,0.838839,0.37641174
118353.3,-2.8558755,2.904379,0.5985302
130374.305,0.6484251,1.890471,-0.7410785
129225.42,-1.5074661,2.8460627,-0.4799211
121173.15,-2.2604191,1.375063,-0.70680857
131550.97,-2.63569,0.44489795,0.6212666
121559.13,-1.9852883,2.9083743,0.4377169
120345.9,-0.8386065,2.5127492,0.4492477
127323.47,-0.79574287,2.3694975,0.84204865
133915.86,-1.0229688,2.6703274,0.6477562
116814.27,-1.7702869,1.0460992,-0.52012426
129997.49,-2.5507743,0.2930145,-0.46902046
117548.07,0.058674872,2.4372323,-0.4115262
119548.48,-1.4491233,2.177447,-0.6294581
117907.58,-0.4174393,2.8824067,0.7060364
130291.68,-1.7993964,2.598833,-0.80330676
133852.52,-1.0852592,2.535747,-0.4144742
126103.05,-2.9050853,1.4596933,0.3726958
125376.7,-1.3293558,0.4960037,-0.6474251
130336.24,-3.7975626,1.8774786,0.54132146
120606.586,-1.5004176,2.8691018,0.59267235
130934.62,-4.0195346,0.8998172,-0.51536477
119814.234,-1.3482943,2.5223596,0.8360464
124204.945,-1.8857893,2.3331437,-0.6553932
129137.81,-3.1665924,2.5345414,0.34006444
133347.73,-4.74769,2.489453,-0.97704726
122024.67,-2.0686924,2.9532866,0.85556483
120208.88,-0.9150516,2.089609,-0.5902126
118984.82,3.4162538,1.7458143,-0.81736785
121093.445,-3.0127316,0.6962542,-0.5152569
122707.92,-1.0046207,2.4059184,-0.64965445
115845.12,-2.7777855,2.754769,-0.45147115
129483.54,-1.9600978,2.2976966,-0.45560828
119996.28,-0.57376915,0.7843962,0.80185723
122614.94,-2.9955478,0.9632764,0.4339352
134164.5,-3.5182323,2.9987829,-0.5191941
120768.82,0.16908762,3.0749512,0.42032686
120224.57,-1.4392974,2.332848,1.0315906
117725.03,-2.7551565,1.6692237,-0.9629355
132086.08,-1.7787225,1.3183627,-0.60202485
124844.914,-2.3862062,2.512921,0.41015348
120557.766,-1.4575013,0.81483424,0.43916968
129808.85,0.49857938,2.7074628,0.37085426
121550.664,-2.8109891,3.0244758,0.51559424
132959.48,0.5136464,1.3425326,-0.86407125
133200.72,-2.7504058,2.8240874,0.6151148
126471.55,-3.9133902,1.4007946,0.60086584
115201.7,-3.0068533,2.195833,-0.79975307
132600.66,-0.82796645,0.18106203,0.32036492
128901.14,-3.621111,0.8312312,-0.43834674
117310.4,-0.5401084,2.0236604,-0.9158221
122489.516,-3.4223418,0.15533352,0.6485199
117411.77,-2.229802,1.776511,-0.759664
118972.55,-2.3726304,2.4663582,-0.90630186
122440.29,-0.4354362,0.4087988,-0.60252786
123855.836,-2.2854116,3.1009572,-0.4195214
117480.58,1.2888948,2.33789,-0.76947826
116304.336,-2.01645,0.12580968,-0.90217525
130386.36,-0.9403292,1.566032,0.8002177
118106.07,-2.4500787,2.6307468,0.72516936
120031.48,-2.1211083,2.1976082,-0.7389815
118416.125,0.8927969,0.50623363,0.65601903
129427.33,-2.7314963,2.4567065,0.41546583
129924.73,-2.0728164,2.4135067,-0.3941745
133247.84,2.5155387,0.6154798,-0.73570496
121826.84,2.0091066,1.2964059,-0.82969475
123948.77,-2.7424726,1.6909387,-1.0295644
122548.04,-1.7182392,1.8210657,-0.6883314
122654.21,-2.087501,3.015234,-0.56289977
125356.36,-1.8781605,1.4115753,-0.7260791
133076.4,-0.7056989,2.1060526,1.0029881
129292.836,-1.7258836,1.0533725,-0.8418232
128222.84,-3.6437855,1.1353424,0.65951073
123801.04,0.83985424,2.116497,0.9041069
132763.19,-3.257544,2.3529313,-0.5283856
115301.586,-1.9202787,2.1766627,-0.94918257
125570.7,1.2800897,1.9771931,-0.5831662
133066.98,-2.3853006,3.042591,-0.4623474
119993.75,-2.4255295,1.0313054,-0.7422669
125943.1,-3.3682234,1.7655959,0.5165948
118471.67,-0.89310235,1.704589,-0.7121859
119604.78,0.06579338,3.138078,0.34360227
120985.36,-0.685439,3.0249646,-0.2817839
121850.86,-1.7998028,0.50766546,0.47241515
127386.03,-0.70038235,2.8412664,0.6014043
126241.336,-2.0750313,2.9772327,0.68366677
122303.19,-0.54099214,2.1207838,0.5948927
120520.305,-2.657232,2.5612867,0.902788
130668.055,-0.05718188,0.9495778,-0.40392622
133823.16,-1.0052743,2.781438,0.5897284
117300.586,-1.7555127,3.1242929,0.5328802
126989.85,-1.4293782,3.0946357,0.80082554
118402.87,-0.24799041,1.6579031,0.6816384
125943.62,-1.8654147,0.28675616,0.39730057
117060.59,-0.7001209,0.608062,0.5829426
121179.21,-2.9711914,1.7251937,0.7427149
131449.94,-2.9998982,2.9388676,0.5902247
128451.2,-1.309691,1.895107,-0.9389058
127839.33,-2.167765,3.0217924,0.43456587
125729.24,-1.829413,2.8354514,-0.8094284
115033.11,0.10090683,1.0107385,-0.7431081
133681.8,-3.3359203,1.1295289,-0.55318844
121935.15,-1.6234645,1.8099747,0.6481209
130899.18,-3.8285556,0.2578952,0.6109453
117529.63,-1.9822493,3.0331383,0.5920928
131980.25,-0.1593444,0.44859433,-0.5880744
117804.72,-4.1006794,2.0017607,0.45184004
117760.02,-1.6092608,0.7609016,0.2889986
133535.12,-0.79682016,2.8508978,0.6581082
119003.85,-1.6359377,1.19772,-0.69804823
123203.07,-0.9608416,1.889702,-0.6577521
122711.57,-2.8783834,1.7749131,0.54405963
127398.3,0.9171497,2.5613918,-0.8270213
115687.84,-0.10748117,1.9448067,0.63380593
132204.03,-1.7721095,2.731334,0.8864737
119608.19,-3.3995883,2.1968293,-0.40728435
123468.15,-4.697308,2.1667454,0.58075845
116750.9,-3.4387572,2.9929051,-0.50461847
115896.85,-2.2811723,0.06950166,0.020304957
120307.52,-3.3002012,1.8696972,-0.8046276
117225.08,-4.673646,2.6885388,-0.65139556
133964.2,-3.2025917,1.0048318,-0.99865586
117859.98,-1.9191911,1.6912441,-0.75858414
118633.97,-1.7897159,2.2231843,-0.73482245
120584.74,-1.4413844,2.4604032,-0.32201537
126355.914,-3.2832716,1.7269928,-0.6827705
115459.96,-2.9908752,0.13547443,0.6104167
125396.16,-1.2229258,2.5522103,-0.57000417
131123.8,-0.6041443,2.9214253,-0.34078646
130474.99,-1.198617,3.0614989,0.7251371
119484.85,-1.6992552,0.09908117,-0.6404731
124701.0,-2.1527934,2.759393,0.6585447
116102.305,-1.5563927,1.747067,0.621552
119877.625,-1.2465119,1.7899193,0.3825546
126643.13,0.40226036,2.933792,0.6240297
122610.375,-2.8772407,0.8648932,0.68405944
127084.81,-0.7922224,1.6217111,0.64012474
126130.766,-2.635068,2.5415475,0.40257993
120976.52,-3.028043,1.6701809,-0.5546355
117421.75,-2.1636696,2.7789319,-0.5553909
134381.42,0.8277395,2.612248,0.9725813
125678.82,-2.7249868,1.3752387,0.72670794
133152.88,2.0962067,0.59427345,0.6791619
130614.93,-4.3590665,0.15462004,0.47011012
118675.83,-0.29652566,2.745864,-0.56619054
117226.29,-4.355038,2.911939,-0.29249722
126908.99,-1.0631343,2.7611055,0.016618105
126312.695,0.35179266,1.1869465,0.73080045
119354.65,-2.6606138,1.2814051,0.58245564
119763.84,0.3929022,2.8905096,0.5503248
121459.195,-0.0020381878,1.3865299,-0.7345117
121357.45,-3.4188676,2.4079278,-0.43002596
115049.52,-2.2650294,1.7314993,-0.67678577
130260.24,-0.78308636,2.8501446,-0.5093876
126139.1,-1.72702,0.18509762,-0.68101996
120272.94,0.97825813,2.5375178,0.52476174
115758.72,-0.65768856,2.5030694,-0.89299494
133714.16,-0.78988385,1.0460238,0.6769585
127653.24,0.96233284,1.3194108,0.6604929
131961.7,-3.3330135,1.5856304,-0.7984762
125169.484,-3.046464,2.4470212,0.68155354
122408.73,3.294831,2.4424467,0.6565178
122508.34,-2.757106,2.8903675,-0.54835945
123984.84,-1.4867984,2.0230432,-0.9050008
128042.23,-2.7965488,2.3504684,-0.4789457
134785.12,-2.1949801,1.8789927,-0.6947686
125953.82,2.3040073,1.6764874,0.7285527
120400.22,1.8625396,0.5781697,0.7508399
118987.95,-3.3656445,2.958934,-0.53439957
118268.26,-1.6931417,2.6560862,0.40537712
123485.88,-2.0850863,2.4894361,0.6522201
129038.25,-3.1248717,2.3351068,-0.6072412
132107.8,-3.2691834,1.1205306,-0.7473337
120478.305,-4.2923656,1.8722222,0.42022792
122002.08,1.4272084,2.0005531,-0.6945122
122648.91,-2.652455,1.1404591,0.49331272
128941.07,-2.0516138,2.5860808,-0.80266964
121222.836,-0.331957,1.5674713,0.84374666
123606.1,0.18947294,3.1006582,0.7112664
128206.266,-3.9615438,2.3679569,0.6852741
117996.28,-3.4005833,0.907706,-0.8299359
122291.2,-0.21904732,1.933532,1.2573482
116445.75,-0.6482756,1.2943841,0.5877614
119434.28,-1.0864805,1.3290061,0.6157601
131944.47,-0.06958389,2.007789,0.64516973
121533.62,0.4058725,1.3143493,0.5887696
130969.02,0.62467426,2.3193705,-0.55445665
115929.77,-2.2467246,2.7222939,-0.8528276
119828.445,-2.4517295,2.6596458,-0.61074704
128743.74,-1.179579,2.9631524,0.52204156
121002.8,1.5078363,1.6203713,-1.037915
124021.45,-2.029308,1.9654553,0.22667739
131361.81,-0.5952645,2.8103766,-0.34641948
117411.58,0.41434416,2.895119,0.81537735
119945.945,-3.5957448,0.6047576,0.7036488
125693.26,0.30806497,2.355055,0.666663
129315.945,-3.1261568,0.16979964,0.22815494
116907.984,-3.958889,2.4155166,-0.9458772
121525.945,-0.10045256,2.6279924,0.65361065
119357.734,-3.0226257,2.9239473,0.45961785
119088.12,-2.3018613,2.9980202,0.2836654
127048.664,-3.8574636,0.26906535,0.5649367
128253.055,-0.37168065,3.1738605,-0.5509722
128193.33,-0.051451672,2.7639349,0.76786023
129135.18,-3.2025692,2.9010465,-0.798828
132033.53,-0.12441625,2.88414,-0.35861376
127399.87,-0.0144422725,3.0148492,-0.17922051
120492.63,-1.1552998,0.74604356,0.8126807
126139.77,-1.795413,2.9410777,0.505818
123923.65,-1.9842547,2.1537142,0.76787645
115868.41,-3.3013897,1.9536812,-0.59284556
131914.6,1.173958,1.1742327,0.58116525
126688.54,-2.3351092,2.317674,0.6697552
131283.25,-3.1914887,2.2180235,-0.8649495
115957.586,-3.1549456,2.6227324,-0.56819
122077.05,-2.5043545,2.6619797,-0.5268565
123802.414,0.15682337,0.9302728,-0.66841114
134419.84,2.1361113,2.4205456,-0.5819575
133087.38,-2.5297596,1.6922736,0.7712774
126919.88,-0.89664555,2.671211,0.71328884
117612.36,-2.5053103,1.7699236,-0.7689391
119774.055,-2.1267593,2.580094,0.6205099
115277.68,-2.8191416,2.6360586,0.68368495
116830.54,0.46643263,3.1856272,-0.761204
119353.53,-3.2079575,1.7695053,-0.7291613
124391.516,-2.7470026,1.675497,-0.9718306
120891.12,-3.4127886,2.2132282,-1.0424392
123698.52,-1.2772987,1.1581877,-0.6337777
129048.42,2.0250077,2.3088892,-0.53034186
127381.87,-1.2586278,0.957784,0.46841207
124922.88,-1.5066668,3.1432283,0.53502053
122534.74,-1.7990334,0.9088468,0.5357797
127451.414,-1.9179629,3.0235994,0.57427067
125772.94,1.6818897,0.8979107,-0.82966584
118760.836,1.5790441,1.1319184,-0.6247686
125485.39,-1.6600647,1.9942895,-0.8126256
129380.85,-3.4117634,1.1096026,0.9038215
130290.01,-0.45373958,2.912175,0.5287395
117829.484,-2.3553395,1.4112912,0.8676696
133240.48,-2.3982134,2.1289675,-0.85595137
126313.08,-0.6188342,2.6756406,-0.71983045
125824.82,-1.6653244,1.6018636,0.53803426
132476.8,-2.8396761,1.421866,-0.46413252
129574.05,-1.1500353,2.9477334,-0.987153
127258.43,3.1731508,1.7874871,0.83690256
116819.89,-1.9745651,2.4197888,-0.5648433
132109.62,-1.2870594,2.755012,0.75164187
129697.65,-2.0176275,3.0775526,-0.39621186
130771.82,2.520753,0.94816965,-0.67002136
124150.29,-0.9228321,1.1954961,0.7300764
124050.04,-3.3071804,1.6425834,-0.5874746
117815.586,0.17710467,0.8314021,0.6789425
127211.67,1.7427872,1.6071261,0.6063318
130867.42,-0.10299874,1.8932563,0.59732085
118432.69,-1.6081233,2.8822932,0.24509774
115423.6,-0.61336845,2.8837888,0.40808356
123943.06,-0.9328122,2.5716267,-0.53613603
124330.414,-0.7271533,2.8876443,-0.6683713
118026.16,-3.4073906,1.6673664,-0.37904072
121161.11,-2.8990521,2.3821774,-0.6708869
116068.195,-2.1200216,1.6272924,-0.86839503
131317.77,-2.9391959,1.4797056,0.87240386
118063.54,-3.2938251,3.0048862,-0.5964787
128167.88,-0.8099162,1.3386284,0.5009527
126023.75,0.21852314,2.610986,0.57926685
123567.08,-0.68027633,1.7346749,-0.44711173
129309.2,-2.8761532,2.8852482,0.23209617
127501.95,-2.9908123,0.18432042,-0.29250157
126067.05,-3.1294098,1.9189389,-0.46135485
118117.41,-0.44089845,2.6050894,0.59843546
116340.57,-1.7374403,2.5095997,0.509625
133347.8,-1.3585734,2.833426,-0.58385366
115959.7,-1.5501379,1.6663394,0.46594983
115578.8,-2.1896884,2.8616083,0.46988
121462.42,0.8275817,0.065388024,0.38262266
115779.37,-2.358857,1.4590138,0.7639401
116302.984,-1.5891658,2.605652,-0.50255597
130164.04,-2.65427,1.2641217,0.66727763
120451.4,0.78144115,2.516208,0.47706798
134517.69,-0.19551207,1.0681107,-1.0986654
124605.836,-2.6461778,2.657842,0.42671818
126530.81,0.8923298,1.5513332,0.72221696
127145.29,-0.30005306,2.8381937,0.52960014
132125.64,-3.4475846,2.2427373,-0.941143
124352.914,-2.8551118,2.871832,0.66226476
134898.42,-1.8402879,3.0205145,0.62531906
127514.94,-1.0847626,0.75008327,0.549308
126760.63,-0.3350656,2.6299405,-0.6308831
128171.59,-2.041664,0.3216936,-0.7746424
128686.414,-2.1882725,2.1892216,0.58831525
129344.42,-2.9213004,0.5412129,-0.48893386
118287.836,-1.642542,3.1284366,0.08905691
123268.625,-2.0119696,2.262419,-0.67761606
117606.89,-2.679274,1.9007989,0.7744988
126403.73,-3.545625,1.1354902,0.3664856
124648.77,-0.32620957,1.7365612,-0.83487624
117518.76,-0.3278813,2.3092024,-0.64479977
120240.08,-2.087313,1.3249644,0.618581
127924.26,0.9378595,2.0074573,-0.71175414
116850.33,-2.1336513,1.3509057,0.6387588
118214.23,-0.3046743,0.3315795,0.68258333
123190.06,-3.9163864,1.7802738,0.6364732
118839.266,-0.684808,3.018741,0.39598468
127743.195,-0.37635216,1.3487363,-0.90650403
118902.945,-2.6040497,2.9216986,0.6314252
132273.48,-1.5123377,1.5102993,0.592688
133284.16,-1.8465331,2.6610806,-0.5249499
118515.08,-3.0094318,1.7624481,-0.5414629
119877.305,-0.78412646,3.1578515,0.40338174
125468.45,-2.2096994,1.1375266,-0.5802078
132093.33,-2.8459387,2.436279,-0.5379662
116399.02,0.37677097,2.6949682,-0.62547874
116024.76,-1.3152043,1.75678,-0.4042239
124887.555,-2.9055128,2.7995083,0.40678462
133776.84,0.49219272,2.8635986,0.53762996
115215.14,0.3962319,2.4543462,0.35165796
121604.38,-3.0349326,2.829002,0.61782503
115807.83,-2.063903,2.6198475,0.6738084
130631.35,-4.3203254,2.6305106,-0.4956239
126687.63,-2.616069,1.9132739,-0.56798327
115701.92,-1.8053302,0.5118356,0.58658403
129432.47,-3.0893672,2.5662298,-0.5023908
130030.02,-1.2686614,2.2191093,-0.515984
119654.78,-0.08571547,2.0460267,0.63571185
133935.38,-3.0054383,1.9011667,0.7563396
120049.6,-4.814159,1.5441097,-0.42377457
128579.01,2.261906,0.5338101,-0.61845016
119728.29,1.8698328,1.1397134,-0.73122674
132015.6,-3.642073,0.23264968,0.38071516
116583.19,-2.6809995,2.6952214,-0.7975853
119820.34,-3.8876617,2.838472,0.44469416
123862.0,-0.1868317,0.42727122,-0.65418375
126805.95,1.6119995,2.4065852,-0.7964364
116106.77,-2.536378,0.4874765,0.4799589
130910.89,0.40338036,0.34583855,-0.47666743
119948.67,-0.9516116,1.7108164,0.65885043
121859.72,-1.6474402,2.8424058,0.6514472
126532.53,-0.4004419,2.4068363,-0.8473329
120151.58,-1.3805681,2.9966125,-0.60462177
122749.84,-3.1196635,1.67765,0.78264546
134369.19,1.8309963,0.49880096,0.9420405
128575.63,0.7804582,2.6332607,0.6236117
117001.79,-3.341568,1.7392132,0.70830536
122166.73,-2.1482275,3.0412004,0.2996807
116305.95,-1.8577,0.743386,-1.0548548
125020.31,-0.9817156,2.7462723,-0.87193394
125212.37,-1.0527822,2.4614418,-0.6256317
122267.72,-1.9305799,1.0184966,-0.63017356
125344.56,-2.4306905,1.9868419,-0.4679011
128303.305,-2.2905638,1.4047041,0.6695208
129956.94,-3.4245048,2.256366,-0.728601
123782.09,2.6380696,2.358916,0.5670535
126411.195,-3.1113334,0.2501241,0.5285898
130010.89,-3.1218493,0.37669632,0.43961263
129662.97,-0.69003576,1.0141557,0.5879163
116340.46,2.1463974,1.4543971,-0.5767049
122697.44,0.030534588,1.1624179,0.7120498
116896.18,0.75280595,3.0760148,-0.54222596
130644.74,-3.1519752,0.4919238,0.69847196
120485.87,-1.5429357,3.0967543,0.4740353
117878.13,-3.6071653,1.9043474,-0.6773855
128918.87,-0.9126859,1.605553,-0.3661035
129279.73,2.6833928,0.5122114,0.5940014
115370.766,-1.2338214,3.070429,-0.25214773
126463.28,-1.9429971,3.143571,-0.3803607
128509.57,-1.4943819,1.7642704,-0.8325224
124514.55,-0.7823169,2.602196,-0.49696168
117361.41,-0.23666157,0.7616407,0.65059084
128158.52,-1.4910352,2.855118,0.75350785
118469.9,-1.9793851,1.538854,-0.5773971
116117.2,-2.6404133,2.5224044,-1.0450372
126762.75,-1.369045,3.085228,0.76122236
123042.28,-0.93634444,2.4937692,0.7395271
117576.695,-1.9095998,1.530983,-0.2969896
133364.73,-1.5578419,2.2310104,0.75106597
120275.59,-0.8675592,3.052311,-0.5211975
123742.75,0.29690486,2.7888975,-0.63806623
123108.5,-2.0290146,2.9773185,-0.6825297
116771.9,-2.9527032,1.9226848,-0.5269098
124906.664,0.4050349,2.55669,-0.6168034
117475.96,1.4089723,2.2011108,-0.7984842
121013.89,0.1840992,1.7036971,-0.7723573
116885.45,-2.334994,2.5159473,-0.5561125
124042.17,-2.708555,1.3524189,-1.1878331
128102.82,-3.30909,0.8880923,0.5488203
117203.72,1.0592202,2.4309964,-0.64352876
118777.47,-1.72512,0.5746316,0.902181
125405.05,-0.20531832,2.1484036,-0.61982614
120441.8,0.9847261,2.2306373,0.7350087
126772.07,-2.881898,2.610528,-0.6451982
129724.84,-0.5579041,1.5024017,1.2416424
115019.664,-0.115176894,2.8651161,-0.6615987
117597.28,-1.051359,0.91343665,-0.98878765
120008.266,-0.12838241,2.8197885,-0.36167502
116535.586,-2.1401453,2.4338472,-0.5858092
134336.62,-0.32931197,1.7356735,0.5466053
116622.016,-1.6743557,1.5898105,0.8231306
130974.82,-2.302824,2.33137,-0.7974582
124636.0,-0.955182,2.9738457,-0.43958777
128217.8,-0.1098121,2.3027773,-0.9045393
126122.62,-1.7609023,2.4300663,0.46343678
128768.33,0.547936,2.4412887,0.53852713
133992.61,0.6284207,3.0994272,-0.43977833
116289.31,-2.4996836,0.14066246,0.44441822
120921.875,-2.9492598,3.0638828,-0.5068939
115665.97,-1.8991005,2.8896923,-0.6131756
122076.95,-1.4026566,1.7565982,-0.4938278
131588.61,-2.4945924,2.775786,0.5094391
134964.4,0.6903757,0.47100562,-0.54434425
124488.21,-2.6921952,0.7747866,-0.70302236
133984.61,0.9329558,2.132608,0.4244581
115222.234,-0.65633297,3.0127976,-0.54068637
124213.21,-2.0022502,0.45582643,-0.48987365
117528.42,0.43689233,2.542402,-0.700615
115947.43,1.6771348,2.1375995,0.46061966
125838.57,1.6799437,0.3587769,0.5248375
118532.5,-1.862138,2.8575723,-0.9052389
117090.984,-2.671317,2.0484118,-0.676312
116220.07,-1.5153471,2.058751,-0.6465965
116327.93,-1.9146315,2.746016,0.8678031
131373.6,-3.2546124,2.7951117,0.72112334
130967.53,-1.8811109,2.2074192,0.53954303
121868.2,1.6382322,1.0968999,0.71532774
134219.05,-3.83127,1.7757001,-0.47365046
129963.266,-1.9296716,0.4309593,-0.63402086
118076.83,-2.0987816,0.9621395,0.7002718
120920.34,-2.5474014,2.8650348,0.59105647
117215.45,-3.6379344,1.6913284,0.3912103
132276.42,-2.5842516,2.1637614,-0.73738307
116354.97,-2.5520704,2.390535,0.604478
132249.06,1.478066,0.47047907,-0.5331953
122101.63,-4.0508924,2.7666702,-0.8294327
132496.92,-0.6357076,1.9284242,0.59827113
125859.484,0.5119161,0.29820126,-0.6469377
129963.336,1.0419476,2.9246588,0.63941205
123869.88,1.1802343,2.792607,0.55227935
117537.64,-0.9360266,2.7726817,0.5038474
115876.93,-1.1060809,0.5023231,-0.9089187
134031.98,-1.0491084,0.7995615,-0.5450083
115162.375,0.12646133,1.6136622,0.7104587
126727.93,-1.4371797,2.8166826,0.38384193
127017.65,-0.08028938,2.3483114,-0.84870994
129633.23,-1.6700752,0.52639705,-0.9947761
116990.09,-3.5116858,2.3359463,0.7919217
115395.93,-1.0305306,2.1885166,-0.4974043
118477.06,-2.0042884,1.1173872,0.36072457
118564.02,-3.8973145,1.480195,0.6665404
119799.195,-3.0785892,2.9158978,-0.4819805
116560.56,-0.77806664,2.9788609,0.52792794
124214.59,-2.6410265,0.41234583,-0.70128673
128996.21,-2.482136,1.7414204,-1.0737387
118708.82,-3.12326,2.7404044,0.60988426
125038.17,-0.65275425,1.3980936,-0.57982665
131187.45,-3.3993433,0.6469287,-0.6322953
121970.23,-2.8882425,2.611733,0.8586727
131074.83,-2.5938833,2.6296062,0.5855409
124919.11,0.26585022,2.8934865,0.35008004
130777.57,-1.3338503,0.44893068,-0.5084284
116922.89,0.4683241,2.9096358,0.25824156
117532.09,-2.4588094,2.6131928,0.43381524
127716.89,-0.38656,3.077705,-0.7072147
125433.2,-3.0178769,2.3343055,0.9381132
126400.39,-3.3330982,1.3945299,-0.94500786
127891.59,0.56698644,1.7949121,-0.7248955
129460.805,-3.2588632,0.65204275,-0.7249349
117015.875,-1.8629309,2.774269,0.32458884
132989.89,1.3719046,2.0264757,0.57444984
132159.66,-3.565593,2.8932168,0.18147686
118644.93,-2.530795,2.612468,-0.44686618
126747.12,-3.7235363,2.8229387,0.57251596
133103.03,-1.9058319,2.047895,0.50856566
121184.836,-1.2909822,1.6599444,0.60171896
124818.7,1.0590804,0.28800616,0.49357492
127276.28,-1.4011818,2.9669776,-0.051017787
116801.44,-2.5145648,2.8610225,-0.40851754
129007.91,-3.4851496,2.611085,-0.5220802
124054.25,-1.327817,2.8637817,-0.49959585
120673.664,-1.8651543,1.8495078,-0.7981345
115418.34,-0.96859103,1.8103937,0.66125494
117006.28,0.6599048,2.62108,0.47457382
115107.06,-1.2579931,2.857915,0.53896385
125429.07,-3.6677482,2.7982154,0.44948137
117602.17,-2.4199526,2.0908196,0.5825838
127985.27,-1.7501113,2.7740676,0.6103048
125886.6,-1.7847334,2.961784,-0.4362345
117479.695,-2.1673667,1.7967999,0.7636773
129940.01,-1.7221158,2.4042401,-0.45007265
131250.98,-1.661236,0.72249115,-0.6367177
116318.59,-3.3716779,3.0562418,0.22749005
128933.164,-1.7576301,3.1633444,0.29063818
132353.55,-1.5512131,1.0848722,0.51764953
115652.016,-2.2991936,0.22547844,0.41665888
116125.516,-2.7527988,2.6029265,-0.8236453
119925.27,2.0366273,2.9996455,-0.4131838
134998.0,-1.6479237,1.5653782,0.8309884
118747.13,-0.1493298,2.8010502,-0.39454803
118824.15,-2.6560907,2.5528126,-0.68599075
126266.8,0.19392437,0.96041596,-0.43878284
127696.33,1.9721065,0.8319462,0.72317845
133618.8,-1.586516,0.24846743,0.57270455
119657.85,-2.7569537,1.0294673,-0.40094748
122170.62,-3.202079,2.8190482,-0.6211718
129453.38,-2.9119015,1.9449947,0.8182211
124961.9,-3.0050423,2.7513268,-0.8940507
118574.74,1.7077255,1.7591829,0.8564707
126099.17,-0.7861085,1.8493533,-0.59662783
128561.8,-0.6534627,2.7508774,-0.705593
120454.016,-1.8854576,0.46795237,0.66638225
126077.234,-2.2347748,1.919055,0.57719636
116620.92,-1.6849883,2.7786834,-0.65801996
121002.016,-0.21758842,2.9995446,-0.40684095
121553.516,-1.9947325,1.825254,0.6269975
121307.61,-0.8667688,2.9440598,0.32156545
132507.5,-1.5888252,2.9833543,-0.5890538
128848.336,-2.2495644,1.9447348,-0.909675
126813.32,2.3172112,0.78587687,-0.66596806
133133.72,-1.5992862,1.9241283,0.47628006
123347.266,3.017081,2.1849377,0.62853175
128378.68,-1.3278428,2.4456396,0.63013923
130895.41,-1.026399,1.6341631,0.67301726
117848.516,-1.9390677,1.155574,-0.57003856
120713.17,-2.7489645,1.428279,-0.561283
131484.5,1.1437254,2.6997726,-0.5099804
126103.945,-2.9753933,2.609221,0.5186203
122979.05,-2.427367,2.7307353,0.40107545
115155.48,0.22571672,2.6415606,-0.56527805
124699.61,-3.9199207,2.0110226,-0.600612
116445.39,-0.28124374,2.3807044,0.74862653
118820.59,2.089817,1.8665488,0.48955438
116376.59,-1.6533461,2.0595977,-0.7124334
115213.23,-1.594251,1.4547148,0.6538682
116769.56,-3.369245,2.476998,0.23426375
126763.14,-1.692363,0.937921,-0.90626335
127200.67,-1.3646328,1.3373497,-1.0867493
117979.23,-2.6263108,2.0795858,0.29972866
123212.42,-1.0815945,2.331458,-0.9321998
118669.49,-1.4416387,2.7985904,0.77808464
128343.695,-3.2511775,2.1734512,-0.73280746
129409.55,-2.03503,0.35878888,0.5913914
115985.125,-2.8741426,0.28626972,-0.7473763
127396.43,-0.79039943,3.0815704,-0.42281234
125463.55,-3.3395414,0.34154812,0.4351714
127652.98,-3.4147878,2.8199117,-0.74794513
126119.83,-2.991001,2.2354925,-0.68507105
126283.1,-1.8753715,2.3670652,-0.5281245
130620.78,-0.07892898,1.7366934,-0.5760837
118736.44,-0.7346248,0.4633735,0.9065572
115045.84,0.1803438,2.452408,0.49894592
118258.69,1.1184412,1.4971406,-0.706995
120419.74,-2.51667,0.24126585,0.6501491
120504.14,-1.7265996,2.7980084,0.62550175
123317.18,-2.109274,2.7827375,0.5589329
115761.81,-2.635965,2.729484,0.42871803
125620.484,-1.6763515,2.546427,0.571845
122689.805,-2.034191,2.6033878,-0.69858503
119260.984,-0.45970708,3.01733,-0.64379865
122240.62,-0.9897461,2.1627026,-0.64920604
118264.914,0.02322804,2.4449282,0.69343907
116914.15,-3.3562884,2.5543535,0.7932948
115078.664,-0.6554782,2.6989665,0.6193684
130513.01,-2.470194,2.751392,0.23002805
131267.39,2.3841434,2.0397508,-0.41782966
126409.45,-2.2950048,2.9354794,-0.6291402
123776.19,-3.755878,0.6256543,0.6189518
134185.48,-0.38435063,0.108622625,-0.41288248
125456.9,-4.005566,1.1600331,0.57153213
118510.12,-0.73963416,3.0535474,-0.8404893
115960.04,-3.767063,2.6870263,0.8100219
130314.984,-1.760002,0.6876994,-0.78278387
115495.766,-0.42094433,2.5068703,0.63994664
131861.2,-3.5431824,2.2793264,0.5207726
117668.41,3.6222925,0.48904595,-0.5008109
124118.516,-0.9490251,2.0828848,0.4781457
128529.4,-2.9606464,2.3455083,0.64576757
133620.22,1.6280916,3.138763,0.43080503
128955.76,4.7207127,3.0549254,-0.8326575
116681.57,-1.6610875,2.644302,-0.5544948
128887.9,-2.8791976,2.7147522,0.60912293
125773.48,-1.187066,2.7520921,0.510973
119317.69,-2.7059512,2.3989308,-0.24936463
129233.04,-2.1627755,2.7881753,0.56299496
131304.34,-3.6575136,2.8209758,0.66271555
115714.484,-1.8220414,1.2092942,0.5440006
116777.72,-2.9517863,2.4950104,0.0026560912
117710.85,-2.4738133,2.0233762,0.74102837
126492.484,-2.9058483,2.5804653,-0.5179047
132724.73,-2.335486,0.3816334,0.6463897
128681.26,-2.9508324,0.25673026,-0.58006877
133578.19,-2.8833716,1.0984325,1.0450506
121827.91,-1.336184,2.6257088,0.68481046
130653.06,-1.8600888,1.5378969,-0.7123452
121159.88,-1.1753986,2.7114477,-0.33331105
129422.97,-4.2232656,1.5890697,0.9248305
118587.38,-1.5375692,2.3667157,0.47116005
118018.08,-1.7855238,0.8402734,-0.5744878
126583.055,-2.7899742,2.7565327,0.42429072
124181.33,-2.3314946,2.7217786,0.52967924
125097.31,-1.7170706,1.5410019,-1.0608101
119007.74,1.4082111,2.9768736,0.4754526
123294.74,-0.10178299,2.5816972,-0.7161905
115893.98,-1.5918509,1.1844771,0.91170466
117357.47,-4.0120835,2.0796502,-0.65918595
118856.81,-2.494165,2.315913,-0.6015343
122333.04,-0.14592949,2.820282,-0.2066506
119673.19,-3.2602344,3.0703475,-0.5237247
127042.85,1.6471612,1.5115714,-0.45768628
129138.67,-0.042475794,2.2433617,-0.517603
115326.6,-3.2998412,2.5588346,0.54965866
118214.79,-1.5256965,3.0139828,-0.22950603
117325.055,5.0314155,0.7014481,-0.7176807
131061.64,-3.6579475,2.787305,0.581282
116509.83,1.1044639,2.9877388,0.5563457
130725.61,0.30865836,3.0286384,0.36308518
128252.92,-1.2932581,3.0461848,-0.40009472
118817.36,2.0898185,0.6392929,-0.48320287
121618.53,-2.437485,2.0421488,0.4771129
127789.16,-3.7598696,1.6988802,-0.7142112
127673.46,-0.36416507,1.0031595,0.6250987
122348.12,3.958294,2.6058652,0.51509476
132603.95,-1.5584714,3.0178807,0.92639774
131647.92,-2.9897804,2.5657332,0.6795703
118405.75,1.8990686,1.9590548,-0.6478259
131814.9,0.4101438,0.40147328,0.53810877
117024.45,-1.3430535,2.8187332,-0.42059636
116769.82,-2.539167,0.8180815,0.78944194
119918.22,0.52837247,2.2397778,-0.7210818
130545.46,-3.0516946,2.9025695,0.24007398
126817.43,-1.1125264,2.9485476,-0.56845874
131510.38,0.33611327,2.4450588,0.6616052
132818.44,-2.9693027,0.39800936,-0.68960875
118887.89,-2.311898,0.64141655,0.26572862
115170.53,1.349798,1.4429808,0.43739638
133832.39,-1.0429784,2.6144528,0.66172
118364.43,-3.371539,1.2936168,-0.44619596
121287.484,-2.0349462,2.3005848,0.6222536
123472.414,-2.6720796,2.116795,0.818586
134576.75,-2.7855198,3.1834273,-0.6266508
118368.42,-2.917264,2.9828384,-0.6273643
119533.97,-0.23034312,2.7845912,0.6180027
115390.82,1.8905115,1.2562003,-1.0495
118997.83,-1.362935,3.1067808,-0.7237296
124176.42,-1.5181345,1.6834596,0.89812005
127169.516,-2.4450667,0.28263,0.3647993
120460.78,-3.0584981,2.8436737,0.6207876
123034.266,-1.7578326,2.6684914,0.7180577
127713.3,-2.4270182,2.6464436,0.44617438
126128.66,-3.2597234,0.18494613,-0.6139241
118643.78,-2.551524,2.0803468,0.6792726
121754.79,-1.4303511,2.761221,0.7460313
132406.81,-1.941617,2.4612827,0.49823344
129260.11,-3.2382603,2.4458942,0.65078014
116027.82,-1.6049689,2.7066364,0.51154786
134522.28,-1.4238139,2.4316347,0.5770192
119741.14,2.9841793,1.1473924,0.6333031
123173.766,-0.9623752,2.3089762,0.740563
120561.11,0.3894547,2.9096115,0.36218214
123741.875,0.7872099,0.8482806,0.4756872
117557.914,-1.7246237,3.058371,0.61114204
126979.65,-2.125428,2.967941,0.26732028
119713.77,-1.4234617,1.5320038,-0.69368994
124992.23,-4.0338235,1.991188,0.3971756
119392.98,-2.5711265,0.7982675,0.7700389
119773.19,-3.630359,1.8473771,-0.8743763
117363.34,-1.0617026,3.0345194,-0.56207705
118216.664,-2.598037,2.5702968,-0.40703917
129321.78,0.39185107,2.7682526,-0.40001923
128386.82,-1.4409099,3.0062518,-0.4836971
130642.54,-2.176873,0.3637765,-0.3593643
128742.305,-3.3644426,2.9559662,-1.0230706
123517.41,0.26970032,1.9576945,-0.5304999
119673.23,-2.123844,2.853888,0.15856627
115511.63,-1.8875761,1.9509379,-0.6973512
120859.89,-1.3286428,2.697837,0.8371113
131203.11,-3.4421964,3.0812454,-0.4462512
126275.94,-1.6038203,0.4269889,-0.7290535
118950.88,-1.5825357,1.1415553,0.5953713
132521.0,-3.6099682,1.5260656,-1.0911185
118422.51,-2.9633238,2.5462337,-0.69385636
119625.31,-0.20521362,2.59732,-0.849384
131482.11,-2.8233075,1.7059735,0.675433
128586.266,-1.8489522,3.0195043,0.52099216
129233.41,-2.3202329,2.0476158,-0.72472805
130726.58,1.5071944,2.0984125,0.6611328
119668.68,-0.7085988,2.480561,-0.66747147
117281.24,1.2046107,2.9982824,0.35448936
116606.93,-3.4960659,0.42466944,0.6065206
121092.71,1.5201874,2.8588293,-0.55831194
120895.24,-0.38442227,0.48112878,0.50412405
120849.375,-0.7967055,2.8635821,-0.63282233
125401.3,-1.6348604,2.5398023,0.6809885
134752.02,-1.4327347,2.571755,0.6968279
115709.914,1.3080258,0.8918943,0.55181694
128888.18,2.6474452,2.6589942,-0.5643157
129937.445,-3.6377966,0.47074693,0.22185825
121874.11,-3.3272269,1.0530387,-0.5143246
120861.06,-3.4341557,2.6358263,0.37839302
127683.11,-3.0217938,1.2713218,-0.661738
115321.766,1.347788,1.9464637,0.4130906
127486.82,-1.9223665,0.075192325,0.4546137
118413.945,-0.4856766,3.1882772,-0.44003412
117311.734,-3.167011,2.812214,0.6187361
127022.266,-3.2892141,2.4540699,-0.5266952
115041.69,-2.5778048,1.8355744,-0.5884976
119805.445,-0.016422944,2.6508727,-0.558433
120657.7,-3.4356186,0.24101172,0.23985454
117900.484,-1.7520548,1.2296405,0.31013665
129869.21,3.6427214,2.7934172,0.66378814
120892.44,0.5918738,2.157972,0.60401756
117789.805,-1.758405,3.130738,-0.3286087
126210.266,-2.565066,2.5134208,0.81113136
120730.6,-3.4602,2.1369417,-0.42715046
116227.695,-2.0697517,2.982985,0.3804305
129258.61,-2.252702,0.12503992,0.3156349
126143.12,-2.0409148,2.6607683,-0.36349356
123481.29,-0.09836374,2.8881323,0.6701062
126738.0,-3.402331,2.7974694,-0.6157207
118942.27,-0.24019586,2.128649,0.74911815
119905.25,-1.307326,2.720848,0.5099138
116263.07,-3.0512247,2.8569188,-0.56174886
128782.94,-1.203159,1.487566,-0.7664277
128775.07,-2.9516258,2.517707,-0.85680646
126493.91,-1.7978666,1.366174,-0.5437543
128531.875,0.3869068,0.8040115,-0.69056755
116873.61,-1.7573907,0.5166679,-0.5713136
123546.67,-4.271902,1.2658873,0.7116675
128176.21,-1.6755419,0.46852836,-0.3914266
116608.01,-1.740722,2.750507,0.27954483
126898.7,-2.9908893,0.81998986,0.46451667
132142.83,-0.25460505,2.711475,-0.6217359
120997.734,-2.3469508,2.499245,-0.99782395
117824.516,-3.7873132,2.656562,-0.39526817
126887.34,-0.042328387,1.5735947,1.0292258
133960.58,-2.4029434,2.6807528,-0.74455804
127895.83,-2.0891209,1.7601445,-0.46038187
116877.81,-0.98402244,3.0313396,-0.73408234
121699.95,-1.2229495,1.7710541,-0.81673735
116688.234,-2.727382,2.1961565,0.67458093
129566.2,0.6135121,3.0881684,0.5499392
119778.67,-1.8679395,2.1706297,0.63826877
128152.164,-1.2301975,1.5801388,0.79989344
124899.55,-2.7681515,2.1687832,-0.8106448
132227.17,-1.933168,0.626258,-0.50208545
130969.625,-3.0703518,2.7848637,-0.9134918
129529.28,-2.437318,1.0216894,-0.37965375
125740.12,-1.4074813,1.735564,0.81400764
120959.766,-2.9554956,0.88079286,-0.5732511
123890.836,2.9646235,0.88111585,0.826403
124723.56,-3.1446333,3.1242256,-0.45556602
115829.09,-3.3719068,3.0347617,-0.51877123
125021.586,-2.3171358,3.0193403,0.73695207
116608.086,-0.38881686,2.824401,-0.3530652
115803.58,-1.7630651,2.327666,0.7160971
130413.07,-2.3993034,2.359823,-0.8953302
120504.87,-1.637978,0.43598184,-0.5299004
118966.92,-3.015159,1.0758209,0.6031234
120872.086,-1.4836732,2.6682076,0.9290999
119338.9,-0.8950861,2.680347,0.5808294
122455.38,-2.5496583,3.0825634,-0.4582073
127890.914,-0.7495799,1.6583266,-0.8266347
126663.12,-3.1581717,2.6982148,0.43671972
121881.305,-3.3309045,2.745505,-0.49964103
117734.25,0.44573596,3.0019424,0.4606159
128311.34,-2.2719529,0.43530923,0.46620974
130039.65,-0.7885672,3.0684779,-0.36263847
123248.86,-1.70716,2.5167863,-0.37734523
134686.39,-2.5861006,1.213385,-0.7754287
129404.86,-0.9447166,1.2532389,-0.73294604
119626.78,-2.0602214,2.9042418,0.8074147
127004.195,-2.0650582,1.0876415,0.6264517
125514.22,-3.3182516,2.614507,-0.77643585
134651.9,-2.7945638,2.29547,-0.7514297
126549.33,-2.9347644,2.7257428,0.6209427
125992.52,-1.863029,2.4000661,0.33782375
124591.305,-1.182835,2.9712434,0.5103183
125716.52,0.4394733,2.057208,0.38121018
126668.38,-1.193433,2.17021,-0.740498
118207.25,-2.0596426,2.8363383,-0.75998753
131572.1,-1.4076177,2.070082,-0.70404595
118699.27,-2.1358252,3.0092657,-0.65238327
119334.3,-4.201054,3.0447276,0.22870754
134705.22,-0.9430441,2.9147086,0.55223763
115099.08,-2.173471,2.8091588,0.44965926
129973.49,-2.2153652,2.747315,0.6860447
117352.04,-2.4660041,1.7876105,-0.87942475
121292.15,-2.8264375,2.8933914,0.6056732
129255.14,-2.7015216,1.4849155,-0.9819343
126103.17,-3.0244968,2.0535321,-0.762256
117496.14,-3.2450697,2.9281332,-0.7068039
122437.08,-2.1985626,3.0481086,0.39798132
117768.02,-3.0072486,2.0703216,0.7474789
133104.2,-2.6821723,2.7635987,-0.7372269
123554.32,-3.774744,3.0177493,0.5297677
118960.305,-1.6127001,2.9008484,0.40973207
118519.234,-2.200567,2.9028347,-0.86762923
129824.07,-2.6408472,0.25912035,0.6062481
134856.45,-3.1027906,2.53051,0.7803392
124217.01,-2.929967,1.145025,0.3155064
121553.47,-1.751498,2.5386682,0.72885907
120759.195,-1.5119572,2.2396114,0.82197887
126287.36,-0.020375334,2.731446,-0.708351
130417.73,-1.2414775,3.0480213,0.69703215
130171.25,-2.4171894,0.24382819,0.47612357
123794.43,-1.5912195,2.890184,0.40819854
125425.48,-3.7562718,2.9952915,-0.7088398
133692.55,2.0051508,0.40921438,0.58634263
128327.46,-0.244514,2.2017236,-0.89283645
117447.86,-3.416573,2.4467037,-0.67840415
117293.4,-2.3445544,2.4597626,0.3612832
117971.85,0.97447246,2.6399724,0.5262655
118748.29,-2.7248104,1.8949871,0.788081
121690.63,-2.3945014,2.345588,-0.9727759
117923.73,-1.8444552,2.565832,0.5822806
133064.98,-3.1872718,2.1910048,1.1980385
115052.23,-1.9232826,1.282544,-1.3386056
119356.54,0.4313915,3.1441882,-0.37752634
124713.06,-2.0113387,2.3829901,-0.42698932
120211.086,-0.6681664,1.9734696,0.65169704
117061.21,-1.1252218,0.9257158,-0.56262517
134016.81,0.18258484,1.1317014,-0.4238827
118677.18,-2.489504,0.39746913,-0.44401705
120941.56,-1.9903059,0.38319445,0.79550266
125717.1,-2.3432956,2.4316237,-0.6351303
122811.086,3.9032855,2.9320118,-0.94828
116416.88,-1.8722315,2.4057117,0.5357515
126522.24,-1.8694494,0.82957727,-0.7992568
119530.445,-3.4076326,1.5153304,-0.5865533
130537.25,-1.1957353,2.74082,-0.590227
123844.086,-3.0702672,2.3481731,-1.0451385
116376.91,-0.45929173,3.041777,-0.38938326
126297.68,-0.71140605,1.47068,-0.6942855
132082.92,-3.4510417,2.724611,0.5036292
117495.17,0.36749822,0.79752725,0.68594325
129828.086,-1.3925844,2.0117006,-0.97218686
119926.0,-0.50082594,2.254339,0.8810236
131344.1,-3.3171513,2.7635777,0.72583
122639.44,0.24190754,2.5930147,0.4477416
116817.125,0.7433258,2.571171,-0.57492286
118203.1,-3.6280866,0.5744863,-0.46659067
115118.79,-1.5434045,1.2941315,-1.017091
125162.27,4.8097625,1.4781319,0.60494465
120430.6,-1.1124451,3.1050367,0.2591323
118897.305,-2.725214,1.0605127,-0.50019264
128334.63,-2.2305944,2.686173,0.6282212
126994.03,-0.38886577,2.9945834,-0.73830414
122590.89,-2.8512619,1.6051439,0.78534156
121273.7,-2.5912497,0.40647644,-0.4667887
118254.516,-0.2703354,0.26833048,-0.56715125
120282.37,0.96429116,2.5116563,0.59466755
128343.484,-3.451005,1.877478,0.7519603
125187.2,2.4960654,0.4450929,0.72234887
123225.125,1.6869152,2.1525602,-0.75177765
119672.33,-1.5668728,2.889194,0.62913173
120617.97,-3.658625,1.979943,-0.4613865
121228.44,-3.0685306,0.0989515,-0.39806804
117530.52,-2.091663,0.38108546,-0.36962423
132613.03,0.18487686,2.9873548,-0.46002302
129232.59,-3.4481344,2.7763753,-0.43372977
115680.38,-1.1866348,0.6688748,-0.8775138
124339.34,-1.9266405,2.9061298,0.5061938
133974.06,-1.9540827,2.5601552,-0.31015018
125769.36,-0.47048867,1.9587284,1.0986605
118944.305,-1.6493458,2.8878496,-0.818636
127034.984,-2.9157536,2.041331,-0.46407717
134408.3,-3.4694812,2.3979523,0.6500773
132495.78,-1.0537807,2.227735,-0.7017428
126015.555,-2.8417835,0.9488801,0.81965476
119468.74,0.8239924,3.0398493,0.42408714
120265.22,0.6168025,2.2406664,-0.6552053
115412.24,-2.0888577,1.0059527,-0.7973378
124435.29,-2.6488626,1.4272448,-0.6366261
119910.22,-2.1503494,2.170187,0.669549
121189.0,-0.45820582,2.30089,0.7145632
132292.69,-3.5284386,2.5064392,-0.44294378
129422.64,1.1691046,3.0030584,0.05800539
129532.23,-3.8140137,0.62444043,-0.56832
121213.42,-2.2467687,2.0780728,0.57505
127701.97,-1.3608369,0.78552175,0.30691895
131227.9,-2.793455,0.08161046,0.37178102
116491.85,-0.7923491,2.6306572,0.5314659
129848.66,-2.3470001,2.9795017,0.95609254
131040.83,-2.247382,0.8781395,0.4349532
125313.57,-1.7220317,0.9429979,0.4109082
123875.26,1.4993846,2.0689423,0.86969405
133955.45,0.6323283,1.2426347,-0.89919937
125812.64,-0.54643476,3.035442,0.41151232
133623.52,-4.493912,2.3429615,-0.66718566
129074.49,1.8060007,0.48856187,-0.49106982
134912.77,-3.102585,2.8028483,-0.70138186
128003.734,0.40559214,2.0723557,-0.5463418
121397.25,-1.0641733,2.4334767,-0.56211776
127189.78,0.61958325,2.3775234,-0.57861483
129999.71,-2.4575627,2.9654868,0.43212253
126440.875,1.0747583,2.9410038,0.68456733
122505.984,-2.8975763,1.9153919,0.46760243
125808.87,-3.519708,2.2374587,0.78722394
119088.27,-1.6072736,1.4853755,-0.6473426
123429.37,-2.9954278,2.5237432,0.57307065
129655.875,0.46759808,2.528903,0.573804
133571.69,-2.2808104,2.547962,-0.46616277
130006.4,-0.48571137,1.9963156,0.55652964
127881.445,-2.5589557,1.3644253,0.6353446
121147.29,-2.7256494,2.790267,-0.41076595
131528.1,-0.7407869,2.591137,0.79219687
117054.26,-2.766488,2.4951577,0.75520307
121191.234,-0.17967668,1.2071364,0.5299646
116759.57,0.637347,2.9530094,-0.35165325
130438.734,-1.7212417,2.2948494,-0.94114166
120001.98,1.6515344,2.5160942,0.6253283
121773.54,0.07989848,1.8048784,-0.6428066
117507.04,-1.8041553,2.3841908,0.70390177
126105.41,-3.7614348,1.3596015,0.6451455
123613.0,-4.0370884,0.23694932,0.55605584
134631.08,-4.3410397,2.914865,0.46365425
132227.56,0.09694307,0.341585,0.46529135
121559.56,-0.94014114,3.0625718,0.5282436
130254.125,-0.08580054,1.9733444,0.52010894
131185.16,-0.3042796,0.9354202,0.7157985
116898.61,-3.2367158,0.9198392,0.7766739
121308.13,-3.6634824,0.29379138,-0.94660383
121718.16,-1.7217982,2.203663,1.0765766
127130.69,-1.5671208,2.855263,-0.7783195
116752.69,1.0109497,2.2572083,0.5870327
132516.94,-2.7526176,0.94705963,0.65662867
125612.47,-3.1088638,2.7564557,-0.76709765
118207.55,-1.5924343,2.453981,0.6182375
124311.375,-1.387016,2.1891682,-0.73506904
131095.25,-1.940165,3.066201,0.5834016
131889.23,-0.21655108,2.7760134,0.67060083
133616.08,-0.22468282,3.073141,-0.33641973
129446.41,-0.3102013,1.791665,0.55435175
117175.734,-2.8543777,1.8850712,0.6105536
125022.055,-0.9536546,2.723102,-0.25832936
126000.59,-0.25591862,3.0019472,-0.029769773
128067.24,0.3902999,0.13770345,-0.3800697
117696.98,-0.7653722,0.18350357,-0.55157435
127695.38,-2.6275969,2.3620667,-0.69873613
134679.62,-1.587292,0.15159619,-0.38395682
115164.85,-0.040943533,2.9753292,-0.9769059
116973.41,-0.5749074,2.3690352,0.33238146
118194.59,-2.8222682,2.523,-0.7899016
130037.516,-1.5459127,2.9151843,-0.65332186
116983.03,-2.6836064,2.2856247,0.4426189
116402.42,0.35993233,2.4810107,-0.77133644
122115.05,-2.1540573,3.0058749,-0.88332194
115889.43,-4.1292453,2.032736,-0.7136406
125474.16,-2.672129,1.219238,-0.71948117
121387.39,-2.0553205,3.0533772,0.7484657
128653.63,-0.688114,2.9254763,0.634471
124447.91,-1.9270625,2.5206976,-0.6416699
127429.09,-4.3943543,2.2320063,0.5142773
122102.836,0.32009673,2.9864259,0.3345403
128662.66,-2.6927986,2.653986,0.49660847
132512.3,-2.816358,1.7132187,-0.56829613
120098.5,1.5036216,0.71827614,-0.7377381
129154.64,-3.5527377,1.6874733,-0.5054502
121147.33,-1.5194669,2.6907134,0.60562027
129352.516,-3.1253102,1.4602942,0.53710824
115342.33,-1.1766963,0.5158114,-0.4521034
121748.914,-1.5086808,2.7245297,0.7774957
129297.02,-2.0393436,2.3821466,0.5219401
132789.33,-2.1003063,0.6523613,0.7290482
115933.2,-2.8348017,1.3082608,0.52375656
117443.805,0.6228296,0.5980091,-0.7993801
123353.99,-0.672769,2.9048207,-0.7589383
118891.8,-3.26761,2.1061313,0.5351572
118625.0,-1.339504,2.5366437,0.3450572
133350.78,-1.3208128,3.041648,0.6093055
116421.2,0.46230114,3.0766742,-0.41306633
115583.85,0.49197024,1.6562759,0.5443739
121496.19,-0.18828543,2.6790938,-0.5639588
131568.44,-0.5503234,2.6383731,0.6256201
122771.18,-2.873659,2.6930685,0.3686512
123225.45,-1.9925892,1.7595091,0.5766133
125877.195,-3.1349525,2.2297492,0.43495625
131996.56,0.25768334,2.7524955,0.51975167
131199.1,-3.0875638,2.7227688,-0.50716436
121333.125,-0.639496,2.83453,-0.3492762
117482.414,-3.7378938,1.8344283,0.50001955
129850.77,-2.828333,2.7569084,0.5183463
124831.75,-1.3579273,0.7730513,-0.6024538
128694.24,-0.13174208,2.6871533,0.6697372
117843.22,-2.2018485,2.3947546,0.80563843
115411.87,-2.0680125,2.1334674,-0.650825
116278.26,-1.4733787,1.3518012,-0.7681395
132659.53,-0.938613,0.5564825,-0.6366813
116399.62,-0.961,3.000515,-1.0974205
128666.16,-3.1666763,0.37709808,-0.56057686
133000.44,-2.0933955,3.0678294,-0.53352314
133122.52,-3.1690795,2.7193835,-0.6340848
126347.13,-1.3534982,2.494844,-0.6724028
116915.3,-2.22547,3.085078,-0.88352364
131172.08,-2.7307956,3.1349275,0.79379654
124397.1,-2.8954923,2.8589704,-0.6517519
133824.08,-1.3078219,2.0155578,0.50915104
116533.6,-0.41296342,2.9297082,-0.8136756
119685.42,-3.6087945,0.28292805,-0.4291126
127441.01,-1.5144672,3.1369615,0.45692033
132851.88,-3.5908756,1.1740799,-0.9537386
131537.92,-2.6350842,3.1659331,0.817682
117399.51,-0.35258377,1.0915856,0.63625693
123742.125,-1.4011067,1.8824898,-0.36989275
119196.69,-2.3457124,3.0823908,0.30008465
133997.1,-3.4226422,1.1944095,0.60106814
115031.664,2.1191936,0.23129144,-0.5025311
119378.37,-0.73321134,1.8938264,0.6116629
118958.32,-2.7628644,2.235538,-0.9545812
119566.58,-0.7683865,0.32471898,-0.43307218
116023.875,0.17459086,1.814068,0.52265245
121609.42,-2.0137577,1.1290702,0.5488041
120915.45,-3.0078058,2.988086,0.6785227
117218.195,-3.443992,2.7510245,-0.5136111
116535.72,-3.5309844,2.7906394,0.7042367
119124.984,-2.8379989,2.0852864,-0.922224
115647.99,-1.9398932,2.306509,0.59091884
122373.78,-2.3511171,0.43027323,-0.54020745
131787.86,-3.215991,2.152009,-0.64394057
121196.2,-2.8914278,1.2355962,-0.58099324
126507.2,-1.1731255,2.0261319,-0.6311445
127074.7,-0.7569092,1.8772913,-0.5629874
118880.27,-3.7864149,1.9476988,-0.50709826
122657.26,0.40733138,1.9675181,-0.7519238
125866.47,-1.899362,3.0771766,-0.53420347
116349.984,-3.4917753,2.3389363,-0.66007674
126060.94,-2.2493525,3.0591273,0.62809575
119104.516,-3.689888,2.114736,0.7421432
120634.766,-0.32396922,2.286301,0.5451003
125783.8,-0.54467005,2.7385054,0.42175165
124542.2,0.13813423,2.3115106,-0.42646104
127042.0,-1.5776131,1.2478852,0.7293441
127200.984,-2.641445,3.001155,-0.55814534
134028.67,-3.7851496,2.7112806,-0.18215601
126877.836,-2.1613758,2.689581,-0.5446201
122501.56,-2.5200567,3.117745,0.6513382
128377.58,-2.4553223,3.1007712,-0.4160016
122702.875,-2.9393222,1.4204966,0.6244075
116377.86,0.014364781,0.37054592,0.83655554
126234.12,-1.5872165,2.479978,-0.5946021
123602.125,-1.7555169,3.0074203,-0.6963785
132485.7,-0.01780194,2.581919,-0.7741603
118620.57,-1.3607352,2.2014863,-0.6130401
129046.8,-3.8928292,2.7680159,0.5815027
122444.68,0.10019529,1.6871588,-0.74870765
120513.41,-1.6386341,2.4867153,-0.7570527
125247.3,0.7730666,2.820439,0.68411493
123626.9,0.016060974,2.384327,-0.6226595
128217.086,-2.430645,2.654788,0.6890454
117968.02,-2.5268815,1.7651042,0.5187378
118275.4,-1.0322295,0.5858452,0.499511
130735.53,-2.2746706,1.5318586,0.83957
122630.516,-2.1753354,2.2816224,-0.8343477
121010.62,-3.365314,0.58366334,-0.5473423
129962.445,0.19083989,2.9653766,-0.36489046
115020.43,-1.0163772,3.0272813,0.9527627
131315.9,-2.8252442,2.9420707,-0.5901334
126447.375,-3.0919528,2.8304858,-0.23163573
129927.914,-2.2947676,3.1884577,-0.3715622
127233.4,0.03618799,2.4522564,-0.80093086
127204.914,-4.7386613,0.51872635,0.5409698
133491.4,-0.48465475,2.780618,0.6104529
116072.59,-3.731887,2.002911,0.29421043
119103.195,0.2638506,2.7605329,0.40118635
118438.37,-2.5092099,2.760095,0.82043093
115680.92,-3.7272172,2.8577936,-0.7971621
119960.39,-1.0351617,3.0558305,-0.62163025
133385.34,-3.3946247,2.8894622,0.32964754
120432.945,0.7574444,2.196936,0.48002735
118428.336,-1.4084042,2.9371305,0.58369005
120419.59,-1.426645,2.4791088,0.7318971
122074.305,-4.142267,0.74969494,0.5726753
132049.2,-0.86837304,2.338886,0.9271038
128324.94,-4.260127,1.7018365,0.64512604
124017.78,-1.1227098,1.2722678,1.0899506
117799.46,1.0382211,3.0592513,-0.3312238
125735.43,-2.9477031,2.3278863,-0.9371644
130051.03,-1.3325557,2.4052746,0.6359846
128949.44,-0.18893877,2.0791073,0.5999845
124344.164,-2.349938,2.6651917,0.39906707
123179.95,-2.4859889,1.8438278,0.6113442
123423.07,-1.110376,2.0516841,-1.0468794
134206.89,-1.8810854,2.9069715,-0.5721259
121850.57,-0.96450055,2.1684642,0.7130569
131781.62,2.4623978,2.1256483,0.6921535
134515.73,-3.559665,2.9002934,-0.5569925
122292.44,0.39421162,2.7273657,-0.6614718
131186.22,-2.7441013,2.4741879,0.45879608
134393.52,-3.720606,2.4106722,0.46004602
130709.125,-1.5873398,3.0700521,-0.4545612
129574.43,-3.8421795,2.949283,0.6321013
122471.734,-1.2698282,3.0890708,0.33003563
123071.68,-1.8696206,2.526436,-0.6269104
127002.14,-3.0303602,1.4946469,-0.54712534
130713.82,-2.6074944,1.6830151,0.73170406
120266.79,-1.3673185,3.0332444,-0.47988147
121061.15,-0.77470595,1.5682461,-0.6007855
124832.945,-2.0280957,1.1050856,-0.44494325
122827.71,-1.5332917,2.602067,0.7684423
124423.73,-1.906526,1.6157621,0.73559946
129437.11,1.018754,2.3231308,-1.0771085
126048.15,-2.6535156,0.84263635,-0.60847527
115298.414,-2.3019261,2.0864418,-0.73957
116803.51,-1.5848705,0.066683345,0.29574752
119587.8,-3.5777948,1.8353506,0.43105477
119848.76,-2.7715156,1.7927239,0.8413383
117729.96,-2.9475405,2.9070792,0.33939454
128993.77,-2.343801,3.09669,-0.5979991
118070.26,-1.2438095,2.6066759,0.62055266
120127.9,-2.2343273,2.3496463,-0.5443995
128484.04,-2.1964722,0.3390496,0.6763945
117223.125,-1.5988257,3.1320944,0.53412014
120824.67,-2.9655502,1.8148434,-0.99517715
130920.18,-3.5668375,1.5168605,-0.51037073
116386.164,-1.947319,2.6805632,-0.5788818
126144.78,-1.3836981,2.8609693,-0.6354673
119589.414,-1.231459,2.4653888,0.853624
120540.234,-0.2553624,2.5996978,0.60745376
118928.65,-2.6189156,1.9805974,-0.6181072
133715.08,-3.8741014,2.9590504,-0.53625685
121069.875,-0.99791676,2.9858434,0.5300258
119667.484,-2.4126298,1.762563,0.7538617
116761.04,-2.391567,2.9746013,0.44052708
126329.22,2.9307864,2.6915765,-0.5120206
128479.71,2.7869496,1.6020864,0.8464223
124253.71,2.22595,1.373299,0.83150786
116673.914,-3.6213882,1.9372635,0.48108172
128125.05,1.6529713,3.0552077,0.4769453
134675.39,-2.4850905,2.992597,-0.6415141
129129.49,-1.4628416,1.9817686,0.70319766
127747.77,-3.4538329,1.3074541,-0.83756196
131056.81,-3.504806,1.7408705,-0.9427373
118856.266,-2.430364,1.0576086,0.49964327
119231.22,-0.9201505,0.5751152,0.75127345
124318.15,-1.4295856,-0.06212588,-0.4215773
121276.195,-0.16635408,0.40835124,0.79429406
132314.3,-1.619602,1.3708041,-0.8523171
125932.45,-3.4994068,1.6150066,-0.62641066
126298.55,-1.224808,2.7547166,0.65174055
121118.89,-2.044199,2.425295,0.68988824
116571.37,-3.0292587,1.6055983,0.35583627
119330.14,-2.2520897,2.6176248,0.2907776
125296.34,0.16648047,3.113938,0.5254685
128426.54,-2.110102,2.6376781,-0.57864803
134628.23,-3.6616633,2.4028485,-0.6051244
131133.69,0.7819467,1.255993,0.6316118
120558.42,-4.0806074,1.8119837,0.59253436
119581.11,-1.0084972,1.4346496,-0.6174725
123667.375,-3.827771,3.0768545,0.45160884
120311.49,-2.9606712,2.1010664,0.49766284
130393.14,-3.9000206,0.028371291,0.13112904
124421.85,-0.2527835,2.9359972,0.42484882
129301.22,2.0455034,2.9493103,0.4328459
120496.14,-2.8127809,1.7470416,0.8090502
126897.625,0.68322307,2.6673021,0.4909599
125523.484,2.5793376,1.202851,-0.6799014
133210.72,-3.4617114,1.7395333,-0.7692447
128777.47,-0.7331311,2.9411955,-0.9014009
121165.48,-3.6353383,0.18069641,-0.5440621
125970.21,-0.5794115,2.4091945,-0.49939352
118815.97,-3.4234977,3.1186867,-0.8907787
133047.95,-2.3709176,2.7485807,0.2209964
123947.04,-2.9385915,1.816486,0.5895108
117634.336,0.43660855,2.0302966,-0.87056583
124412.68,-2.8079982,1.7717695,-0.58059347
128882.125,-2.2484825,2.472358,-0.7751952
129799.75,-0.14452776,2.3896472,-0.6158512
132090.0,-1.135415,3.0084734,0.86005026
130890.49,-4.683853,3.0828257,0.7145584
126095.53,-2.7301545,1.0529001,0.75034916
129050.484,-2.270486,1.2701039,0.5435628
115270.48,-0.71051717,2.2343528,0.5682966
123906.81,-0.37489465,1.6701336,-0.64730567
119497.09,-2.218479,2.4995582,-0.666863
128138.29,-2.9406717,2.077977,0.36606848
115169.91,-2.6451943,1.3914826,0.4534121
129577.734,-1.4395233,2.2908046,-0.5281158
126933.22,-2.9733422,2.4278789,0.44191194
127579.57,-1.2622465,2.191679,-0.78873545
124460.05,-4.1770697,2.7697515,0.58963877
122039.36,-1.9265548,2.4175882,0.54684114
119762.63,-3.489706,1.1851586,0.56124467
125730.17,0.43433753,3.0778823,-0.62707376
127346.96,0.59387,0.15492466,-0.47663918
119450.336,-1.3231114,3.044901,-0.60571855
132925.25,-3.8246336,2.9448352,0.6235174
129408.94,-2.960864,3.0087395,-0.48878324
123131.734,0.5622853,2.5611534,-0.049737472
117366.96,0.8728627,2.8910782,-0.377645
120296.63,-2.6901255,0.44742966,-0.80964994
127658.8,-1.4610269,2.546077,-0.7723342
115291.33,-2.7630122,1.9451585,-0.6196182
117506.516,-2.456892,0.5264616,-0.6721217
128926.46,-1.4670374,1.3635463,-0.57674855
132003.06,-3.8903763,1.9746101,-0.60872453
124653.07,0.34769872,1.6657696,-0.6914061
125045.38,-3.2515566,2.6583593,0.40136245
115939.27,0.22116025,0.8338353,0.84237003
119054.625,-2.329504,3.1619186,-0.6473105
128764.66,-0.025152918,2.1444259,-0.72562623
117517.4,-2.581269,3.0493798,0.51179904
126544.94,-1.5737293,2.663042,0.54516697
123186.41,-3.456948,2.9825292,-0.5571744
117089.125,-0.9198065,0.4493035,0.5331902
130002.67,-2.720382,0.09739497,0.25541317
116498.09,0.16508426,1.6347395,0.7112434
121414.04,-2.672375,1.9743378,0.54203784
126252.74,-3.5438638,0.45453182,-0.5324676
120334.97,-0.32250205,2.9547682,-0.40091014
130075.59,-3.5786924,2.1233203,0.7422753
130856.73,-3.9618905,2.2404351,0.6636872
131664.3,-2.912669,2.6020794,0.75039643
129177.78,-0.012239804,2.1342413,-0.5601308
130155.07,0.54288703,1.4076694,0.7151183
122112.85,-3.0318487,2.985012,-0.70706546
120843.055,1.180806,2.9518635,-0.44797003
118083.93,-3.606699,0.2167344,-0.4092212
122315.22,-1.4814922,1.8596953,-1.1468127
128771.99,2.7407844,2.0159225,0.7465493
120116.61,-3.3711495,3.007261,0.3859398
121541.445,1.0105875,0.65597993,0.7499959
119577.96,-3.2232854,1.0330799,0.49995306
133676.0,-3.3328826,1.578255,-0.67641413
115806.21,-2.6799607,1.3524909,0.5387619
117120.06,-0.6389116,2.5964952,0.8359147
119674.766,-0.99158216,1.1014946,-0.49519706
118600.32,-1.8082597,3.0650575,-0.6751193
127184.07,-1.9197288,0.8448195,-0.4418638
122142.34,-3.545474,2.7451398,0.6247638
123771.086,-1.2398943,2.8124359,0.682958
117091.11,1.7889086,2.978593,-0.52754223
115651.01,-0.76729745,2.9033413,-0.42702854
124278.945,-3.2173927,1.2187607,-0.621475
115278.55,-1.8540593,2.172335,0.5154909
128690.67,2.5774379,2.366925,0.055124074
132584.05,-1.2447582,1.4403938,-1.0792794
128795.81,0.17546669,2.696727,0.19045272
123566.17,-4.2552896,1.5099201,-0.6641812
126742.5,-1.3400389,1.0815,0.5692434
126872.98,-3.4525707,2.3018396,-0.83036804
122468.14,1.2694448,3.067953,0.5503241
125450.46,1.366503,0.6256795,-0.67950565
119821.06,-1.3311615,2.9010289,-0.76287276
126840.52,-0.5580044,0.28616726,-0.24715695
127852.625,-0.05963473,2.4517403,-0.44491225
115464.805,-3.7685885,1.9971118,-0.7813967
130651.95,0.9021812,2.4156413,-0.715514
134767.03,-1.0425506,2.814689,0.67117804
128068.516,-2.0546803,1.9747422,-0.25510105
116481.81,-1.7139406,2.9324236,-0.51751333
123573.69,0.5890642,3.0848575,0.4900936
121654.73,-3.3680685,1.6755682,-0.86327285
130613.03,-2.9391344,2.9202354,0.6691868
128511.1,0.6421259,1.5791795,-0.7323192
127537.09,1.4131154,2.7818217,0.48041773
123814.914,0.7449356,2.0316656,0.9018557
120077.086,-2.796571,3.0915604,0.84687006
117081.12,3.8022344,2.103713,-0.6128386
123369.125,-3.4060383,2.9500973,-0.6651712
120387.0,-2.8403273,1.659955,0.48924422
120893.04,-1.7118074,2.941426,0.457659
123036.99,-1.412864,1.0290475,-0.6459518
119272.984,-2.427976,3.0783868,-0.35324353
128031.13,-1.6040913,2.2778134,-0.6640915
132999.06,-1.2104036,1.3201234,0.83898103
115217.38,-3.6839256,2.8371506,0.42704225
126515.17,1.2561233,0.33872622,-0.64282084
115987.92,-3.1200435,1.6879406,-0.74216163
122692.625,-1.7317877,3.0317717,-0.22005583
129804.0,-3.2848675,2.8275993,0.39316985
127711.97,-0.29372257,0.1017885,-0.48651826
130686.96,0.32661563,2.0735838,0.90321225
132123.48,-0.27591372,1.1838789,-0.7871561
134422.66,-3.25696,2.7893288,-0.6931806
118834.52,-0.12613998,0.47301993,0.34997845
116268.41,-2.5479648,2.652067,0.63316387
119365.76,-0.6902269,1.4388078,0.68278426
116774.02,-1.8038354,2.2617452,0.4985199
132830.34,-3.770007,1.7514232,0.73589236
130112.05,2.1990693,0.40863642,0.59961075
126856.7,-2.4732366,3.0116444,-0.75499
115588.46,-0.43110806,2.031115,0.55329025
120992.836,-2.0378017,1.9566811,-0.91912985
122970.79,-3.870834,1.2239456,0.612282
116642.3,-2.3179529,0.4462186,-0.58659923
125166.8,-3.144066,3.051707,-0.8403407
116816.39,-1.686092,2.7665076,0.8712383
120509.52,-1.3279117,2.8309972,-0.83686846
117255.84,-1.1832155,2.0772915,0.7935998
129703.08,0.5292266,1.3753849,0.52385855
129873.54,-2.6711395,2.7726176,-0.5746129
115561.25,-3.8478823,2.15221,0.81875443
116092.01,-1.4410625,2.8879187,0.5190219
132044.56,-3.3203795,1.6736803,0.56900126
120788.57,-1.3883654,0.15946753,-0.3822938
121558.086,-0.30198827,0.6783625,-0.873909
134921.58,0.9052271,2.6086898,-0.610946
121426.9,-3.5418875,0.76947474,-0.8592653
121553.195,-0.89446825,2.5218887,-0.73744476
116821.28,-3.5765111,2.9586058,0.17015606
128882.55,1.0873263,1.1857882,-0.63952804
118076.12,3.020523,1.8094141,0.5658292
117384.93,-2.9647622,1.2877392,0.7067442
131991.44,-2.8794084,1.3914624,-0.7893925
124645.664,-2.8680618,3.098402,0.34182772
120358.95,-0.8736276,1.8640012,0.627069
117521.734,-1.7388418,0.274768,-0.6152036
119500.65,-2.3427384,1.5994029,-0.74550486
117773.445,0.35774466,2.564382,-0.6566591
131938.31,0.69008565,3.055151,-0.6777265
119600.39,-2.991475,2.7732506,0.9560765
123206.9,-2.9157176,2.847137,-0.8596249
118874.74,-0.6795899,2.3302736,-0.5986691
120079.58,-2.7002826,3.0281837,-0.8617028
121975.06,-1.3758581,3.0414033,-0.42933133
132127.5,-1.4571679,2.470885,0.55160195
124026.414,-0.8513815,2.8273335,0.6282948
120857.99,-0.5524257,1.5545462,-0.8052884
120403.49,-3.0494754,0.46318644,-0.5059103
115379.17,-0.004718002,2.289921,-0.51887614
130822.06,1.3753465,1.3609897,-0.27457857
126920.14,-4.1173625,3.1227875,0.32685214
130356.73,-3.4318984,1.4098384,0.8920013
120866.03,1.7063748,2.7310946,-0.44221425
133702.42,-3.802912,1.5477846,-0.52910376
118744.516,-0.79897857,2.90683,-0.69937295
121977.24,-3.4281018,0.7281151,0.612818
129804.51,-0.83811396,2.9727705,0.38473284
133626.5,-2.7714436,0.92044675,0.60684824
132464.1,-3.1950133,0.81090784,-0.59499514
117824.336,-0.27895275,1.417368,-0.6999744
120121.72,-2.3459573,0.6222706,-1.0836102
131054.05,-2.2756352,1.0359446,0.8682004
119496.15,-3.4110892,0.81400526,-0.66085076
115778.53,-2.08702,0.7253027,-0.7509195
122823.25,-3.4649985,2.832216,0.61342996
115511.06,-3.3771317,2.9399471,0.48748875
133534.83,-1.995307,2.5413234,0.54506695
118384.97,-4.102661,2.5801096,0.4687609
120044.77,-2.9919748,2.5469384,0.6792965
132213.34,1.704247,2.923928,-0.38663048
120467.91,-3.6611335,2.2008097,0.44165453
127097.7,-2.4328103,1.9506898,0.80880153
125419.25,-1.1737826,2.4462802,-0.88511074
130991.59,-1.3718085,2.8983243,-0.5123193
132493.44,-3.3725908,2.9786415,0.46274623
134862.89,-1.6920588,2.7360034,0.92712945
120685.17,-2.8002977,1.2638611,-0.72444105
126555.734,-1.1395519,1.4606724,-0.521479
117682.53,-2.80474,2.9644914,-0.6981798
117054.234,-2.4755414,2.6372151,-0.5286195
116019.58,-3.1417284,2.786015,0.6778476
125721.72,-3.726791,0.73291826,0.3868261
126047.0,-0.4022094,2.8357475,0.39563993
120914.586,-1.3105289,2.8742151,-0.56211567
125334.65,-1.4723117,1.5331517,-0.72252375
115316.97,-2.6081865,2.8745203,0.60148257
115658.6,1.2641404,0.81036824,1.0974271
132258.42,-1.5444163,1.4271339,-0.9259065
117169.47,-2.2623844,1.5655551,0.70922947
130307.445,-3.2009995,0.050264977,-0.6028629
124911.086,-1.8563744,2.377932,-0.62089324
116173.7,1.4952952,3.003986,-0.7139103
127943.22,-1.8132612,3.0580752,-0.45923015
118933.42,-2.7141182,1.6753746,0.7380323
125608.15,-2.4535184,2.8285444,-0.7498672
132089.83,1.1030264,1.2986932,0.7233307
119167.07,-0.6226171,3.0132167,0.2505395
133850.84,-1.8027513,1.2081379,-0.671336
133057.12,0.5275114,1.620365,-0.81264377
123305.305,-2.4184425,1.7886096,0.7776917
121227.016,1.0707426,3.102993,0.5584163
116574.19,-1.4360476,2.9269545,0.5529617
128908.9,-2.7380722,2.5876102,-0.6147315
131343.38,-1.3283901,2.820838,-0.7026692
127421.1,-0.49383864,1.3084759,-0.70319855
124522.23,-2.3208454,2.94699,-0.62223
119349.77,-0.09796768,2.8385832,0.700229
120550.4,-2.1592295,3.0697484,0.49656284
121593.16,-4.190365,0.6952753,0.5619133
130493.84,-2.290676,2.021414,0.6690949
117216.07,-0.7938531,3.0547113,0.57331276
133709.28,-1.2135755,2.6059237,0.6464851
134632.6,-1.0609363,2.5188088,0.46777034
122135.23,-0.17646477,1.3404797,-0.6364445
130611.91,-1.9875214,2.2827747,-0.7868461
124636.91,-2.3125532,0.79455805,0.596833
118853.25,-2.236421,2.559588,-1.0447212
121558.32,-2.356529,1.9829984,0.6794687
124385.72,-3.4611433,1.3033531,0.48084092
121551.08,1.154178,2.9140732,-0.4488557
132405.47,-2.922514,0.35372156,-0.47853643
119971.055,-3.5586448,2.0387585,-0.5109643
127859.02,-2.499144,2.7301757,-0.44597375
132986.62,-2.7482991,0.17171806,0.4235932
131234.27,-0.5025693,0.8186923,-0.52649295
117263.44,-2.1210585,0.6412704,-0.4898419
115437.57,-1.7036133,2.713376,-0.005996415
125005.66,1.1335062,1.355418,-0.8042104
125228.77,-1.8668488,2.4195585,1.295489
129733.29,-2.5993657,1.860831,-0.09987735
115478.51,-1.5371852,3.0477774,-0.83302546
118272.27,2.0685797,2.5574615,0.01991137
120468.164,0.05242978,1.4491789,-0.6755132
133723.17,-0.43388397,2.4224932,-0.48626342
134787.61,-3.2524855,2.725233,0.6980562
121363.47,-0.7951901,2.7110894,-0.6094129
129198.79,-3.686428,1.9909675,0.7132393
124083.9,-2.2575276,1.8272532,0.45260742
124753.01,0.4477652,0.3178464,-0.72071195
131509.25,2.207924,3.0209997,-0.6225613
126373.29,2.1380546,2.0786,-0.7948123
117140.91,-3.478108,3.1565688,0.19217557
120201.94,-1.480034,1.7444336,0.52601486
121352.22,-2.0170867,2.8389297,-0.54568756
117152.92,-1.4762452,2.9419348,0.33129087
125289.77,-0.23502427,2.2242424,0.8397891
134195.98,-3.3169768,2.8815084,0.37894937
118403.82,-2.8845544,1.4286683,0.5591427
118938.7,-0.27600604,2.684047,-0.44828734
130241.37,-0.21101373,2.1206381,-1.1420988
121097.62,-0.33347893,2.555443,-0.64205533
120557.36,-2.7146454,2.3466535,-0.6722845
116657.0,-0.6044594,2.3859951,-0.60381943
121889.63,-3.1139274,2.9753058,0.31778967
132562.9,0.17699653,2.7108324,0.60402167
125458.484,-2.452742,2.0985415,0.4164136
121656.51,-1.1389292,3.1020532,-0.45732406
120322.94,2.0741012,0.6832593,-0.6239856
121449.89,-3.010732,2.1347241,0.61629575
134375.34,-3.7347357,0.6629536,-0.49644536
117165.76,1.0634949,0.1909852,-0.4150121
117914.13,-2.505626,0.8749692,-0.931662
122262.66,-1.6557937,2.5781517,0.5646114
134927.2,-1.0699077,2.3641374,-0.9381005
118295.055,-2.3086138,1.1065617,-0.8882869
121294.22,-2.6963334,1.985996,0.8714901
116932.016,-1.1840259,1.7937965,0.84145147
124728.875,-1.5640291,1.4632568,-0.8868191
128049.945,0.8630093,0.21029197,0.3453734
131728.39,-0.59957194,2.3422308,-0.7097546
119715.69,-3.1147242,2.9251587,-0.36043417
116971.63,-2.169161,1.8628079,-0.4963378
116950.0,0.8673102,2.5265403,0.13065204
115385.05,-2.9106486,2.7674851,-0.4597724
116970.59,-1.6590914,0.42911062,-0.63329256
117270.82,-3.9931755,2.7104633,0.5717225
126934.734,-3.1667,2.8155243,-0.7808435
121463.47,0.6986641,0.7118655,0.6098317
117071.5,-3.8977623,2.15631,0.94353056
122720.15,-1.0179901,2.7545426,-0.55977345
122413.38,-2.2210486,2.472924,0.64057714
125112.19,-4.4384556,3.0841925,0.452547
125207.25,-0.32887354,0.6989673,0.5044654
117087.84,-2.7909546,3.1891487,0.6274734
131070.96,-1.873717,0.3730027,0.4456234
133687.55,-1.575371,2.507737,0.69200057
133466.62,-3.8969572,0.9936298,-0.56906116
118801.375,4.88555,0.10894804,-0.5871218
132233.36,1.1579562,1.9363288,0.72580093
125084.75,-0.79191244,2.283764,0.5652433
123906.57,-1.6188084,1.4033941,0.4946466
115829.65,-3.379633,2.9905262,0.6070859
116204.164,-2.0920496,1.5299371,-0.4480899
129409.15,-1.9666418,1.5224777,0.7470315
121629.086,-2.0730379,2.2704058,0.9437637
120916.164,-0.99222034,2.8652782,-0.98241657
115496.05,-1.0316106,1.5396596,0.52080196
130378.26,-2.067636,0.635808,0.76440084
115314.46,-2.0447164,3.0617795,-0.6171731
121567.14,0.26053193,1.9188964,-0.47695458
130349.67,0.38252804,3.0214074,0.56526953
130080.914,-0.31371388,2.8189104,0.34441242
118072.06,-0.7807234,2.2152681,0.9957971
131511.39,1.8603843,0.6146451,-0.6915902
125678.414,-1.9770273,2.8902082,0.7182451
133967.22,-1.2635125,1.4748981,0.77234924
123230.2,-3.4376857,2.8085034,0.54382986
119140.65,-2.412309,1.4080178,-0.66188693
127425.086,2.0582504,1.1045943,-0.7396984
121470.07,-3.7769403,1.0945935,0.5806012
130639.9,2.6869745,2.5542524,0.6262141
124751.83,-2.2042615,3.0279865,-0.4780227
124335.63,-0.67364794,2.7494745,0.29484
123489.04,-1.0345466,1.1739627,-0.30298948
118113.36,-4.003396,0.5284942,0.77668834
127999.19,-3.1371133,3.091976,-0.5870704
123550.9,-1.3032606,2.377154,0.79045033
133509.73,0.30413634,2.930158,-0.46945745
123948.875,-2.8270156,2.8061452,-0.9165248
119011.24,-1.2723244,3.0598557,-0.803215
122637.6,-2.8541296,2.912702,0.6371885
115906.73,0.6047738,2.6001534,-0.69779485
126923.5,-0.47967982,1.6552867,0.61271656
126356.67,-0.46910623,2.194399,-0.80566525
124255.445,0.039080992,1.4218168,-0.84643066
122568.2,-1.6419276,0.839136,0.8439708
128639.164,-4.193048,0.65719444,0.5788998
131659.81,-3.8410559,2.92312,0.36575386
133709.48,-1.8743868,3.0013926,-0.47634497
130088.39,1.5213385,0.7958077,0.55850506
125643.445,-2.4229577,3.006167,-0.49727622
118896.8,-2.4809988,2.7971478,-0.60132027
126851.16,3.235568,2.3376772,-0.61887634
120021.09,-1.6804848,2.9173417,0.34100097
134871.77,-2.2783244,1.9896164,0.8376088
130170.35,1.683706,2.9145257,0.88330436
116087.62,-2.3838441,2.9343092,-0.7469798
122767.586,-1.9824896,2.8229146,0.56979024
125869.64,-3.9867291,2.9262855,-0.57510334
120418.086,-3.5610964,0.21556538,0.42837274
121414.06,-2.9638271,3.0557044,0.2535062
120207.766,-4.2862353,2.0673058,0.5577437
115022.89,1.052514,0.29014283,0.36950827
119651.86,-1.1693859,2.9506545,-0.440255
131398.69,1.814283,2.9934468,-0.5753224
128464.04,-2.2124004,2.6281643,-0.34770873
116128.664,-2.0154831,0.38059348,0.5424234
126426.75,0.58548784,2.8885415,0.30625495
127164.664,1.5386736,2.9993396,-0.27956918
120854.79,-1.5313334,3.1203074,0.36790556
118565.2,-3.1509712,0.9397275,0.550159
124724.55,-1.1470444,2.9013717,-0.6688284
121434.86,-1.98672,2.5750139,-0.4805911
133219.47,-3.6069517,2.1597316,0.62308675
118910.56,-2.8174021,0.65732443,-0.64505297
119000.164,-2.6911376,2.8333435,-0.71277577
124595.92,-1.5217496,3.0155694,-0.4765629
126011.0,-1.3511965,0.99614733,-0.9146965
119339.19,-3.0742433,2.008416,-0.76181716
120572.6,-1.0884945,1.5204576,-0.4911464
116662.125,-0.90532076,2.903945,-0.41663918
120869.34,-3.2325213,2.66235,-0.56769574
134809.31,-2.7972543,0.15686634,-0.5237197
122825.52,0.36371216,2.9321842,-0.49669993
116486.05,-1.8891094,0.625717,-0.74059755
130796.0,-1.0576627,2.0649538,-0.37592393
125779.805,-0.17169717,1.1632932,0.80685925
121861.67,-3.9348843,2.4702535,-0.54775846
118867.91,-1.9359157,0.16238387,0.23554023
134629.55,-1.6495479,2.4037442,-0.4980443
117319.625,-2.9007204,2.8439467,0.70599914
115105.164,-2.784853,3.0449648,0.45176876
127417.27,-2.769771,1.468864,-0.6683189
125383.32,-0.13860229,1.8602986,0.62381387
131056.28,-0.8919837,2.7686932,-0.3394424
122582.87,-0.7050146,0.24232438,-0.27673554
115302.13,-3.9111674,1.0883875,0.758712
116262.56,0.56969553,2.564562,0.6959425
131931.67,-2.7675586,2.6406937,-0.6636318
123567.74,-2.21817,2.5407507,0.83948904
127162.41,-0.9572009,3.109878,0.38307774
126191.82,-0.6808522,2.7517116,0.5887236
118514.875,-1.6723337,0.9395469,-0.48842943
131219.17,-3.4339235,1.8556727,0.56669325
123721.04,-2.6185462,2.8787935,-0.8319964
117002.54,-2.65595,1.7555852,0.3772315
127708.83,-1.5505167,2.6719136,-0.712219
134309.34,-1.19044,2.962205,-0.5364842
131300.8,-1.8819612,0.58019596,-0.7254572
126142.516,-2.0923665,2.4364605,-0.52568865
133163.25,-2.6632369,2.9207268,0.47584298
125967.97,-1.346015,3.0533493,-0.53326666
132551.25,-2.5586498,0.52475625,-0.34634203
123862.46,-0.7455648,2.6552567,-0.50621855
119650.07,0.59601426,2.937574,0.5624024
118419.68,-3.5918868,2.8374455,0.56574863
123476.07,-2.7475016,2.205238,-0.35275683
120549.625,-4.0573673,0.6704562,0.519241
121780.336,-2.1035004,2.7673059,-0.9619718
120670.17,-0.27742568,1.6522005,0.8131565
134345.72,-4.0778832,2.4737654,0.7998002
125602.766,-2.76006,0.18839438,0.53930146
120196.625,1.4459585,1.8312131,-0.9161494
120805.32,1.066536,2.6252875,0.3935729
122658.69,-2.0885687,2.757811,-0.47937226
119782.62,-3.0403543,2.7030838,0.765275
126838.6,-2.2159245,2.6441739,-0.9460688
119634.69,-3.346466,0.16933767,0.44230017
127346.266,-3.2041907,0.83504987,0.42781016
115611.8,-0.82287335,2.9938598,0.3955729
123695.78,-0.89342505,1.5951247,0.938315
129639.625,1.8536794,2.4844222,-0.654266
120676.45,-2.4611228,0.4246099,0.61484885
123657.34,-2.7589638,2.2703383,0.80845004
119608.45,-1.7000343,1.3766953,0.6125221
128649.234,0.03068027,3.087119,-0.29274
120105.016,-2.0689497,2.1681142,0.046025038
115420.05,1.7025746,2.442664,0.59475917
119012.55,-1.8427763,2.669414,0.67104524
117632.4,-3.215416,2.6328332,-0.36831868
120515.555,0.3964358,1.9897393,-0.6458219
133358.23,-0.52058613,2.3854442,0.90954065
115162.93,1.1657205,1.7863297,0.56855834
117821.12,-2.0343807,2.272565,0.65463364
124876.74,-2.910143,1.1230052,-0.5056447
134206.66,-2.4895325,2.9375055,-0.363363
119296.76,-3.7586586,2.1269429,0.53746635
119284.04,-1.5137929,2.4736493,-0.54396063
134626.8,-2.5614667,2.1609182,0.8880962
131170.9,-3.7082877,1.4710473,-0.8108138
119612.23,-3.268802,0.40410358,0.47235757
116767.2,-2.9965625,1.1397521,-0.6159397
120823.125,-1.7947218,2.2782807,0.41351643
121070.91,-0.336032,1.5582523,-0.4397054
121671.06,1.0097787,0.99089086,0.5790968
129392.52,-2.431621,3.1996675,0.4572884
117361.22,-0.74782413,1.4063627,-0.6929086
115236.26,0.96660626,2.0173714,-0.5663354
127384.52,-2.6872642,1.4239148,-0.3659519
126837.375,-1.7362509,2.7530901,-0.41129598
117100.85,-2.658271,2.1119826,-0.437944
126664.414,0.130765,0.6342875,-0.61619174
126784.69,-1.796449,0.5957938,-0.6743443
134186.05,-3.346736,2.0263324,0.83008575
131271.4,-2.3288581,2.8883173,-0.6316459
129341.25,-2.1540854,2.1081266,-0.39105707
116864.71,-3.0608978,2.9320707,-0.72133577
122395.97,-2.7964535,1.8209765,-0.8183354
122861.98,2.4220307,2.0771,-0.70436877
125107.32,-0.43476528,0.68156165,0.70791733
122122.914,-0.062107902,2.2458441,-0.7834628
125130.7,-4.3518634,1.9509155,0.34125358
117622.67,0.31497097,0.69082856,0.44819632
121673.99,-2.0349169,2.6172106,0.42436397
126899.45,0.20417318,2.1724098,-0.60586286
115492.62,-3.0880997,2.716724,0.6242335
122309.18,1.9067639,0.54345083,0.44597796
116721.57,-3.584408,2.5006473,-0.55036193
115451.06,-2.927769,0.0761782,-0.62413055
126680.65,-3.0527177,2.8750026,-0.6484507
120805.12,-1.6492552,2.1402237,0.54950196
120988.63,-1.5344974,2.5362504,0.24966392
122335.48,-1.395857,1.6766495,0.79077476
119367.09,-2.2801576,3.1120048,0.35262412
132537.42,-4.067531,2.9743407,0.6213258
115796.62,-1.6073518,1.4629556,0.7538216
115021.24,-1.6220561,2.5777466,-0.41737315
122755.43,-1.3029603,2.5388706,0.64346135
128345.89,-2.7926843,0.8563794,-0.45526984
125083.24,-0.91715556,2.0004501,0.58616316
118911.086,-1.9179064,2.7907689,0.43056902
130368.77,-2.0170233,2.1902575,-0.5357601
122206.29,1.4219012,2.9415264,-0.5007186
122621.25,-3.2509725,2.5787954,0.73298997
116529.96,-3.1055996,3.0386066,-0.3516037
119571.35,-0.024649743,2.7708783,-0.6113264
115096.22,-3.1295648,1.887336,0.8798959
123313.13,0.3838423,1.0205472,0.6424606
129800.52,-1.6008987,1.6073945,0.8217509
131357.03,-0.05895281,2.9426317,0.886363
122236.97,-3.3673265,0.16765736,-0.44688517
115552.164,-2.4502754,1.2433437,-0.56552637
134859.08,0.6413834,2.9291646,0.57216513
124106.85,-3.38773,2.5044293,-0.24128611
116138.38,-1.8090914,2.763726,0.8903041
121484.27,-1.1013726,1.7109541,-0.65805274
117889.3,1.8228855,3.065348,-0.5542317
124268.07,-1.5261198,2.168348,0.5580657
124529.36,0.16694473,1.6857675,0.59359944
121443.53,-3.4378026,2.324164,0.84302473
119464.93,-3.6396701,2.4287794,1.024621
130107.06,-2.2460477,0.622966,0.5269942
129154.26,2.3674634,1.4934053,-0.74019647
117387.516,-1.051605,2.2671018,0.68398035
132334.31,0.8723227,0.61113954,0.9283309
132727.03,0.7456065,1.4482971,-0.670394
126619.805,-3.2469687,2.5202825,-0.7991674
121890.62,-1.5009183,1.168549,-0.58768696
132333.73,-0.7814635,2.5554996,-0.56442094
118957.52,-3.0741196,1.8806844,-0.9089633
120120.28,-0.06584401,2.022913,0.7079683
129436.43,-1.7684093,1.1953164,0.661879
118292.06,-3.6814506,1.1811405,-0.57848936
116573.72,-3.1466863,3.0226326,-0.30677813
134136.03,-2.9349592,2.4892883,-0.43949613
115707.46,-1.9684197,1.1775199,-0.69406015
117488.72,-3.1586964,1.8462529,0.66013193
125614.59,-0.7557334,2.723526,0.54178315
133810.94,-3.5923173,2.947065,-0.7854333
119131.766,-2.6610246,-0.17285147,-0.40530857
117821.52,-1.7754548,2.5219395,0.5407976
126212.1,-2.0845406,2.8941462,-0.49046206
126713.1,-0.23202898,2.9649625,0.35834342
133282.3,-2.7029254,2.5025983,-0.7878212
128147.45,-2.3162265,2.808103,-0.3721607
117119.3,-1.1223068,1.2928967,0.76873314
122213.34,-3.1196468,0.75130117,0.4451831
128118.25,-1.8140805,3.1458662,0.596864
122745.45,0.024493039,2.9209661,0.63719046
120215.3,-3.502044,0.74124706,-0.64126337
128855.19,-1.7143488,2.265344,0.4745813
122080.516,0.13530013,1.5210043,0.52796376
115627.06,-0.504354,0.7866041,0.5537867
131211.02,-3.5374792,2.6379278,-0.68063074
116650.195,-2.9603229,2.5115278,-0.63185567
131017.766,-1.8862984,2.2996647,-0.63782287
123799.32,5.0336466,0.5781026,0.5345954
115570.03,-1.6841083,2.3866036,0.7812281
123528.34,-1.6523131,2.7323322,0.4660149
130981.53,-2.6028605,2.97467,-0.6209557
128555.32,-1.8580334,3.09989,-0.43367022
125332.16,-1.6088086,2.530433,-0.7335904
125062.516,-3.080737,0.23837538,0.40730315
124083.61,-2.8784754,2.9213119,-0.6192223
134332.8,-0.3763508,2.6300888,-0.5840273
128163.35,-2.675571,3.113494,-0.3582287
121331.9,-1.4806772,2.6260986,0.6509493
116543.51,-2.2462764,2.8838925,0.63567924
128205.1,-1.8301837,2.4566467,0.6103215
126393.78,-1.0836229,1.0061435,-0.7904148
118623.27,-3.8271408,2.7417388,-0.50981975
128124.125,-0.7066133,2.4736178,0.6149052
123909.85,-1.2446446,2.7946568,-0.56136733
132971.3,-2.2346447,1.0014727,0.5323976
119135.71,1.238487,0.72759634,0.64214295
117488.53,-1.4032199,1.9347403,0.58700544
115023.46,-0.38168907,2.0785382,0.5780399
132056.1,-1.4696078,2.5647674,-0.72006685
116528.336,-2.4072094,2.2405624,0.4962475
123851.38,-2.2022495,2.2001595,0.72786194
122507.836,-0.04102068,2.8986933,-0.45205182
126162.29,-0.47333896,1.2934937,0.66150004
134857.58,1.0832521,2.6668541,-0.69783086
121990.945,-2.9948528,0.8735902,0.77320576
134803.98,-0.7127361,2.8643155,-0.7047946
127454.26,-3.3186116,2.7100108,0.7649333
128098.305,-1.7480353,2.7884066,-0.47609764
118014.016,0.10402094,1.2996181,0.6063457
116318.27,-2.7151062,2.841042,-0.7140586
127190.99,-1.3531483,2.1152565,0.4201222
117023.82,0.061709423,2.7988799,0.44668972
116611.664,1.4499378,0.22820859,-0.46645963
120600.375,-2.4437423,2.4062886,0.66505265
123661.664,-2.9158986,0.28926298,-0.5439191
122794.46,1.1925275,1.3738315,-0.63242984
119810.3,-4.029779,2.6802201,-0.4705946
128529.5,-2.088546,1.623194,-0.61226505
132090.95,0.9264996,1.5622004,0.63317615
133219.39,-2.2049296,3.0213943,0.30126488
117305.75,-0.3286538,0.9677485,0.8098299
131479.1,-0.12991673,2.484241,0.38184744
120172.78,-0.81654733,3.0769029,-0.5547708
115761.43,-3.0970318,2.3545508,-0.5622995
127698.805,-1.7439052,0.7601548,-0.62128854
120064.77,-0.5634487,0.65679103,-0.55668944
117026.89,3.7652495,0.08500453,-0.44870597
130251.125,-3.1613264,1.429292,0.7180226
124421.64,-2.2186882,1.817918,-0.97650445
129488.09,0.34137028,1.4781567,0.62340456
120263.19,-1.7003845,2.3054154,0.74039114
124133.234,-1.8302217,2.6807332,-0.58829695
120659.12,-3.0902495,2.3383482,0.9358082
117258.93,-1.7430487,2.7533355,-0.8567571
134778.08,-3.677393,1.9417807,1.0215721
129103.21,-0.6319467,2.9607663,0.64785355
120166.98,-0.97785276,0.9656758,0.68243825
132506.53,-3.437078,2.7638054,-0.5939052
117123.81,-3.607572,2.5273967,-0.66393894
119882.08,-1.7951227,2.6997476,0.3841077
118395.79,0.45884538,2.8547974,0.59247804
132375.14,1.8681679,1.071165,0.7882769
131859.4,-2.7929895,1.9172844,-0.65618926
132155.73,-2.7391098,2.865481,0.5077168
129850.734,-3.6472554,2.4169595,-0.62818354
133065.19,-3.8911986,2.6216402,-0.3848146
131661.98,-3.9533944,3.1412296,-0.3664857
124836.55,3.8995385,0.6979101,-0.7309656
118025.48,-0.95591766,2.9210942,0.7250779
116170.1,0.86878496,0.33187902,-0.48162898
116734.91,-2.92616,0.5852909,0.70686275
117487.11,-3.3898003,2.2634826,-0.46584234
123953.664,-1.4716738,2.5797544,0.78247416
133501.39,-1.1721246,3.0113628,-0.7053998
117292.25,0.02669723,2.3559446,0.666853
127451.16,-2.6303892,2.8812616,-0.6577818
131505.89,-2.596568,1.8150443,0.6787466
132996.1,-2.8271043,3.1133957,0.24985893
122255.71,-2.7135847,2.3567078,1.1228971
116157.31,0.12320084,0.7887047,-0.80662656
133875.39,0.3701157,2.000392,-0.47060755
126043.77,-3.9994862,1.1378622,-0.6345778
122253.805,-2.1731286,0.14641622,-0.5572802
117614.91,-3.027583,0.89847314,-0.7013729
118474.24,-1.004248,2.3638406,0.78857064
119952.27,-2.4687395,1.5324244,0.57265174
121711.375,-1.5272381,2.0873365,0.59698147
130357.66,-2.2087405,3.0108705,0.39460355
132085.25,-2.6162927,1.1488382,0.5793993
122550.88,-1.5590676,2.1351388,-0.6260774
124141.7,-1.6494994,3.016473,0.40284145
126639.51,-0.48629618,2.7086256,0.8578417
132327.6,-2.9760902,2.3610997,0.53959453
133862.97,-2.9949768,0.77509683,-0.9029316
125327.81,0.43543756,2.1892889,-0.6137773
131137.92,0.48274776,2.6374474,-0.3544661
120832.52,0.29503474,3.0900605,0.8894258
132095.06,0.3323813,2.7761033,-0.49002782
124706.02,-2.7824156,2.8698182,0.6126658
131896.84,-2.2215922,1.2232454,-0.66619414
131241.95,0.5168473,1.2419276,0.3057127
119927.516,-0.7399586,2.6768289,-0.71397996
130330.81,-2.6490812,1.4569803,-0.947801
128360.78,0.6235377,2.6223743,0.6231146
119187.984,-0.28941473,1.9046056,0.63394034
134399.52,-2.6000493,1.07599,0.71517766
132407.58,-2.5290308,2.2277174,-0.5573989
133903.42,-1.4993033,2.572622,0.61114097
120269.39,0.3827016,0.73007613,0.5786686
133226.88,-2.8028305,1.6294361,0.9109127
131805.39,-3.519429,2.588118,-0.57564867
123840.414,-2.2248156,2.5331225,0.6302995
117467.46,-1.5345539,1.7812037,0.62690353
124036.64,-4.0885515,1.8387003,0.63290846
123100.05,0.46551582,2.615102,-0.51084155
122868.26,-1.2624396,1.4672179,0.66900885
133737.94,-3.0936253,2.297739,0.74972063
121182.805,-0.031206522,2.776739,0.64398557
124334.74,-3.2842484,2.163855,-0.75847477
129642.7,-0.42268667,2.9794881,0.4760956
119920.33,-2.228254,3.1159143,0.098642044
118715.55,-2.3885891,1.8509035,-0.6770537
129975.79,-0.04912384,1.0848938,0.66638654
126488.15,-1.292438,1.1204509,0.69082177
125104.31,-2.297037,1.3974929,0.744009
129682.766,-2.3864717,1.5910763,0.510676
117002.13,-4.013658,0.55370563,-0.50526613
129246.375,1.6732134,1.7825524,-0.5687493
132007.69,-2.4374797,2.6759062,0.2638311
123156.125,-1.270049,0.21514392,-0.44724792
120013.67,-2.9446251,2.095151,0.69592553
133757.2,-1.3766781,2.6762562,-0.25394133
124593.64,-1.1973296,2.8087454,0.7233227
115181.56,-3.1656473,1.4900407,0.8048833
125204.41,-2.0829167,1.2765293,0.48173183
129996.664,-0.66562086,1.4849479,-0.7266752
124745.1,-1.33608,2.4581685,0.6433606
125589.234,-2.6772203,1.8759657,0.7498698
125739.0,-3.5315344,2.0931127,-0.67938215
134722.56,1.688775,1.105792,0.5384289
125574.875,-2.3427145,2.131913,0.4911093
117347.914,0.5070827,2.9104638,0.7784705
125242.36,2.1848598,1.7565999,0.6808915
120658.44,-1.9526472,0.1497671,0.60792065
126980.37,0.27419376,2.3951023,-0.71707493
127281.54,-3.7946024,3.0025775,-0.6630229
128511.52,-0.07447169,3.0340586,0.5695157
126903.445,-1.6838785,2.193802,-0.57959634
120183.76,2.9464588,2.6811888,-0.5359618
122404.33,-3.4722667,2.846529,-0.57777405
129777.1,-0.76251125,2.5343077,-0.42411405
126824.27,-0.81167746,3.0396612,-0.56610364
118968.72,-0.7824265,2.6827085,-0.6266933
126924.97,-2.6404903,2.6768677,0.5905012
130970.47,2.3201373,2.818585,0.5445946
127894.34,-1.3157336,2.8587983,0.75179285
121552.586,-3.1584415,1.0430293,0.71073145
129938.22,-1.8130637,1.5140195,-0.8046096
124057.13,-3.7179348,3.1294699,-0.6963243
123856.234,-0.68659824,0.70054084,-0.62518126
134540.94,-3.648268,2.33892,-0.89350545
115340.67,-0.19957434,2.8825786,0.40578818
116227.94,-4.788211,3.000324,-0.68346554
116601.92,-2.208933,2.1498976,0.8969796
128465.72,-1.8607993,2.8500774,0.2484714
132166.61,-3.046526,2.598349,0.5894819
134500.72,-0.24178837,3.050027,-0.45725322
119231.43,-2.3826928,2.4069092,-0.28685883
118899.26,-3.5065684,2.3726676,0.78525263
133120.88,-1.9525019,2.2669117,-0.52610505
133163.02,-1.6385322,3.074042,0.358437
122757.625,-2.7865865,1.8090023,0.8435458
119999.66,-2.301043,3.0656643,0.6235654
134872.16,-2.3634255,1.0946696,0.9048777
119655.42,-1.803093,0.8253388,0.6318949
133302.44,-1.479475,1.0940378,0.91923577
115749.16,1.773438,1.144627,0.62443954
120916.734,-3.2158284,2.814591,-0.7277329
127463.28,-3.219231,0.9401772,0.63877606
134110.3,-1.6445644,1.7266932,0.5753208
117462.07,1.0049647,1.952147,0.462089
127070.16,-3.016093,2.9115467,0.63020736
124666.38,-1.182316,3.0754728,-0.52274734
126004.516,-2.8843076,0.9157163,-0.5413465
121049.375,0.14172396,2.5054262,-0.64446026
124162.72,-0.59101486,2.7516882,-0.75841445
123779.836,0.5410789,1.2189287,0.6575062
117153.586,-3.8124642,1.9918562,-0.59403545
126741.83,-2.8783436,1.4667093,0.71323216
129168.03,-1.9486067,3.0678117,-0.58813
130187.15,-3.5787022,1.0309455,0.6822391
133413.14,-1.0288754,2.7886353,-0.76763433
125101.33,-3.4627323,0.39281023,1.3084862
134784.0,-0.27959886,3.0990832,0.23307568
129769.85,1.1687835,0.6234454,-0.54675716
119000.805,-2.79143,2.2960954,0.38436994
128458.586,0.9115359,2.469537,0.62384397
119749.99,-4.361891,2.4563746,-0.73767155
134304.89,-2.573785,2.8975134,-0.28863934
117959.28,-2.7140615,1.3217195,-0.88537896
118115.625,-2.5814466,0.44907194,0.5564443
132774.47,-1.5327681,2.7582994,0.7267571
126029.875,-3.498429,1.4485284,0.83933556
132944.31,-2.1895306,2.1684606,0.34168386
120448.58,-2.5859172,0.5762591,0.72874165
119409.11,-1.9602125,1.6110413,0.7179802
117725.46,-0.2872319,2.5424466,0.7734206
134325.36,1.4259824,2.7591007,-0.6324322
129149.11,1.2847792,1.4005519,-0.6272121
116193.914,0.89231056,2.931482,0.38356796
116565.66,-2.84701,2.7975883,-0.92854273
127402.96,-2.8602583,0.520845,0.68313664
120201.03,-4.4133797,1.6543801,0.63713324
116094.44,-2.3036973,2.9218116,-0.3678873
134127.53,-1.1406837,3.1672277,-1.1464798
122844.664,-3.1310945,2.8486001,-0.6992186
128968.19,-2.2307086,2.8533807,-0.37981194
125695.87,-1.7272557,1.1804127,0.7061902
123385.56,-1.6482495,2.2853312,0.64689344
116861.945,-0.035964474,3.0000658,0.6147248
123700.65,-0.9860896,2.2113488,1.0011328
129520.44,-1.7986287,2.1461227,0.7097564
117225.945,-3.1844766,2.068245,0.31351277
124485.81,2.0504296,1.4647951,-0.6819129
116258.69,-0.079082236,1.3174535,0.8657473
120608.945,-0.94099355,0.9726918,-0.5957886
129765.02,-1.8739157,1.9207349,0.8447679
122640.055,-0.76366156,0.10308924,-0.23045015
119501.414,1.063758,3.0462687,-0.3719663
119234.61,-3.01629,2.4955795,-0.7274078
117516.336,-3.3395724,2.4891458,0.61629397
124449.48,-2.9711099,2.2717273,-0.87576514
115403.21,-1.6827286,0.53190386,0.76021826
123955.62,-2.6168687,2.6673484,0.7069469
121606.18,1.8818097,0.14722931,-0.6071192
130268.97,0.11804441,2.9424622,-0.7871629
123620.62,2.8677409,0.51412356,-0.578426
121692.055,-1.9409868,2.1062117,-0.62977755
130159.15,0.066232145,1.2020957,0.7838517
125092.92,-2.591321,2.9426017,0.8344375
129272.64,-2.7552266,2.5455737,-0.56086093
131234.97,-2.5702734,2.562728,-0.79240286
128096.984,-1.2261553,1.3440086,-0.63096315
125587.32,-1.7665144,3.0033166,0.41676176
118337.33,-2.3866353,1.7209446,0.4706777
118783.83,-2.6802495,2.752426,0.7100626
129998.984,-1.7369583,2.610736,-0.51657504
125447.26,-2.0583668,3.0520456,0.27710184
116917.805,-2.5060663,3.0169585,0.64991146
121470.73,-4.010256,2.510043,0.55550003
134879.66,-3.4956439,0.9556523,0.65689516
122647.93,-2.2743359,3.1421235,0.32601133
115193.78,-3.4209595,1.1998636,0.5638155
133588.94,-2.1689284,0.2964191,0.7028666
126265.266,-1.2886217,1.6311451,-0.68791676
120021.555,-0.6029981,2.8378153,-0.22463325
133702.88,-3.683565,1.0142767,0.4344876
133118.17,1.3264239,2.6868534,-0.4037213
121972.64,0.24796459,1.6873202,1.0042207
116021.58,-3.588483,2.7122345,-0.64784664
116600.734,0.36433622,2.634577,0.42651764
116700.76,0.16569282,2.2437575,0.61939186
117511.484,2.6015055,0.9380546,0.7904359
115899.96,-1.7478362,1.9856967,0.9805477
115595.81,1.7925022,0.14877743,0.41090927
119317.27,-0.9558529,2.979382,0.41675088
128742.33,-1.4172813,2.0550961,-0.75273734
116870.86,2.710481,2.409942,0.6560777
130381.31,1.4619437,0.8706538,0.6731417
125489.17,-1.8039085,0.14550996,0.28750998
120616.48,-1.0899497,2.7311838,-0.75359744
116449.75,-3.9733672,2.5723708,-0.49077678
115877.086,-3.297812,2.827289,-0.6785201
116021.71,-2.1589372,0.9044143,-0.50353223
134711.78,-1.5744739,1.1163058,-0.4298093
127573.91,-1.7523435,1.1242818,-0.82465816
119637.016,-2.103948,0.2667703,0.6765441
124846.21,-1.6195062,2.1266212,0.9772983
125132.7,-2.1893506,1.738418,0.5838351
118339.74,-3.2685468,3.0885942,-0.66241187
123408.63,-3.1677167,2.6197534,-0.77925426
120553.484,-2.8719308,1.6155837,0.81005573
129770.6,-2.6693852,1.9994214,0.8717076
121182.19,-3.1145444,2.8314075,0.59822196
121344.1,-2.8314495,2.1125913,-0.79353195
132017.06,-0.58101267,1.222985,0.7116942
117315.04,-1.7788469,2.862474,-0.58611476
116674.34,0.43084872,1.786518,-0.8791054
134304.47,1.6678944,2.5396519,0.83457315
125228.43,-1.8469405,2.2101736,0.37799856
122649.555,-2.4586844,2.4095511,-0.7028995
122757.82,-1.8815118,0.89682615,1.1632503
117700.2,-1.5221547,2.583368,-0.7326856
128512.53,-1.1460736,0.24771906,0.49846017
118897.98,-3.7435226,0.7835282,0.46688852
133457.2,-0.12426677,1.9305078,0.6369783
131163.6,-2.2100964,2.8675086,0.48909983
118748.85,1.7623715,0.14622234,-0.3894354
123563.17,-3.3183467,1.66555,-0.5742251
120559.81,-0.7994528,1.59237,-0.49949345
125795.83,-1.8605211,2.6902764,-0.41700336
133218.0,-1.6361207,3.0635908,-0.50982577
118804.766,-2.7999246,3.0162175,-0.67263323
128523.34,-2.187318,2.716172,0.5907409
125466.02,-2.1423314,2.8801548,-0.96838975
125580.94,-2.266689,3.0178735,-0.54275024
116873.41,-1.9220824,2.8540828,-0.6994133
119430.195,-3.6791508,2.7233465,0.41666156
117546.125,-1.6480656,1.2105051,-0.59278256
126377.54,-1.5180525,0.10466347,0.4482621
119685.73,-3.2013721,2.4598525,0.6506744
115238.8,-1.3205804,0.10168919,0.5526492
120340.12,-2.2374508,2.7483852,-0.544319
120569.23,-2.5871034,2.7584724,-0.89564407
118676.945,-0.5592373,3.1545532,-0.93818647
132656.58,-2.5523984,1.9682109,0.5213526
131531.78,2.668367,1.1908939,-0.597483
121000.23,0.22019798,2.625972,-0.7151865
115611.945,0.121425435,1.4684608,0.668753
117440.09,-4.0562973,1.8892522,0.4703194
122193.97,-1.8168949,1.9262253,0.8966271
118213.69,0.15324844,1.987332,0.5215191
125183.11,-3.195554,1.6416813,0.6403641
129938.5,1.1953689,2.2941828,0.610421
121824.59,-0.4279633,2.0152667,0.6645307
132603.69,-2.0785697,1.2851826,-0.73867446
126092.84,-1.7029241,2.2343624,-0.7620873
128280.77,-1.6889399,3.0775907,-0.3646385
125820.46,-0.7742517,2.61373,0.5160385
127150.91,-1.8603667,1.9779799,-0.4799122
115692.89,1.679994,3.029371,0.50662357
129839.97,-2.117527,1.8765026,-0.9184233
122813.625,-2.2283878,1.067746,-0.56611866
133331.27,-2.1245236,1.7999411,0.6245636
116323.195,-2.4492538,2.2794476,-0.5405914
119562.59,-3.2023215,2.405157,0.5423593
119936.38,-0.57095706,2.5916893,-0.60445154
120035.625,-1.8735815,2.9206219,1.1543772
117021.73,-2.8696613,2.8023248,0.3612905
117209.664,-3.8465965,0.19356915,0.5578425
127678.766,-2.57429,1.6670647,1.0022285
115799.63,1.1806442,1.9856327,-0.49974576
117443.36,-1.4871408,2.575322,-0.57294214
133925.38,-1.6994919,1.9198499,0.87401354
120182.15,-2.0879297,1.2167884,0.5001099
132423.28,-0.26172838,2.648324,-0.4022295
133525.4,5.2328453,0.5221172,-0.53124774
128510.945,2.5620692,2.7556741,-0.34916684
120863.945,-2.5209775,2.65545,0.5504913
126423.11,2.5428224,2.9642677,-0.3214479
127109.86,0.13210061,2.4908338,0.8585107
130052.03,-0.21227598,2.3928547,-0.67908114
115019.56,-1.5296245,3.0400922,0.5612782
132422.3,-1.4584256,2.9287126,0.74972206
115241.73,-1.4860307,2.8719354,0.41032246
121464.76,-0.6526251,2.175607,1.0930495
131992.34,0.4331397,2.493849,0.75633925
123772.95,-1.7559873,2.3411627,-0.66870403
125184.65,0.90114796,2.330905,0.53749096
128819.85,-3.4425764,2.8926628,0.63331467
119966.79,-3.2010956,2.5940251,-0.353825
127518.29,-0.70850617,2.3425155,-0.7263169
128466.734,-3.0374267,1.4877874,-0.18726
123969.086,-1.9367905,3.1326842,-0.48505318
123014.836,0.73745924,1.0909023,0.90989506
123193.79,-3.675208,0.85532206,-0.718644
134626.34,-0.111169055,2.9843817,-0.57182413
124679.64,-3.0979033,3.0484018,0.4184402
119426.08,-0.011870946,1.9648116,0.59626985
123242.336,-2.3918648,0.9348973,0.7240724
130375.94,-0.7378501,1.2508663,-0.7333185
125238.48,-1.2769736,1.3931203,0.5544977
125156.125,1.5545446,1.2153913,-0.688034
123991.375,-3.0526814,2.4235454,-0.5292441
123319.69,-2.794924,2.0913646,0.49916464
115121.26,-2.8609946,0.5593649,-0.9588923
125086.45,-3.5203347,2.149633,0.6842723
126958.79,-0.36921713,2.9966555,0.5257001
129489.9,-1.960071,2.678251,0.33804533
130767.28,-1.640581,2.702149,0.5707152
118308.49,-3.236536,1.2187722,0.9020169
133235.56,-2.3977726,1.851359,0.6119098
124329.69,-1.1387749,2.110374,-0.6423537
134371.44,-0.7185938,2.7575388,-0.71547884
117247.63,-2.2814207,2.8979104,-0.6576162
123327.58,-2.2022269,1.2067854,-0.7197257
124439.15,-0.4441889,2.65567,-0.4801434
122044.586,0.6844161,1.0783895,0.8823703
125415.54,-2.5593774,0.78663826,-0.66489446
121420.19,-0.56684214,1.7557082,0.5521656
115420.72,-1.3804331,2.6248817,0.76200706
132499.77,-2.4250534,3.0491304,-0.38007647
133073.67,0.012824602,0.8908228,0.5612992
115861.56,-3.9079401,1.214581,0.7206975
120203.89,-1.507846,2.0084994,-0.75924903
120120.82,-1.0453516,0.96165407,0.47288057
119217.6,0.40679,1.6884372,-0.624075
129832.69,-2.3008988,0.9142974,0.6268096
133417.62,-2.7574415,3.0869002,-0.46278724
129221.17,-0.9521564,2.8555777,-0.5987805
125046.766,-1.4822754,1.2658678,-0.5765131
125105.375,-0.7144241,0.84066886,-0.58518326
131902.72,-2.467924,1.6166705,-0.6973004
131079.02,-2.897863,1.7852114,-0.68210715
118938.27,-3.705912,0.38214675,0.66083175
119329.43,-3.1011493,0.8369528,0.41601557
115949.97,-1.7683228,0.06690753,0.47125933
122079.72,-0.745092,2.9787893,0.39044932
129532.01,0.34152147,3.1301298,0.21486655
125652.625,-3.253035,3.1589444,1.0788596
121890.41,-4.088055,2.9246576,-0.99029934
126887.61,-1.485905,2.823401,0.412956
125888.98,-0.6664068,2.281795,0.8086575
118492.97,-2.5215,1.8162366,0.6064684
116647.36,-2.5742774,2.5034106,0.9336552
119717.67,-1.994396,1.3563132,0.56177
134634.64,-2.7479613,2.4764652,0.51910746
116270.51,-0.49967492,0.61244243,0.4848062
132544.72,-0.83151585,0.9623501,-0.57806826
116809.45,-0.8566467,2.7483099,0.44609097
115635.375,-2.105171,2.6858387,0.70947975
119001.266,-2.6220834,2.5845475,-0.72434676
134109.98,-2.0937865,1.5651455,-0.628017
128747.64,-2.1407516,1.8197298,-1.2436625
118242.94,-3.2268772,2.1959789,-0.5008156
124400.305,-2.4592881,2.7608142,-0.52266616
119740.42,1.7072406,1.3991197,-0.88049996
131749.48,-3.85795,2.9691107,-0.40168208
130487.79,-1.719953,1.6601613,0.6777924
121515.45,-0.9669541,1.1219718,0.53309554
124112.96,-2.637518,3.073505,-0.6242849
125258.93,-0.26166365,2.3481407,0.60251987
127831.055,-0.8654015,0.45075187,0.65252453
123769.48,0.006365979,2.9674394,-0.39161545
129070.89,0.3634263,2.8430817,-0.56481665
132570.78,-2.0201633,2.5259008,1.0043517
130640.46,-2.965566,1.7584622,-0.5258153
120192.73,-1.0852355,1.0349027,0.51309687
123687.95,-0.32703477,2.4398582,-0.46252164
119866.91,-1.1003579,2.818705,0.40646696
133284.8,1.626707,0.83686787,-0.6332322
122451.56,-2.3583372,2.090303,-0.7471116
118756.8,-1.4163866,1.1894509,0.45976153
127214.94,-0.9541336,1.7793396,1.1834186
133401.73,-1.9700917,3.147925,-0.29385167
131996.19,-3.2026374,2.9874256,-0.38652235
130376.46,-1.7323412,2.5138116,-0.6343735
127141.78,1.1492296,2.2114618,-0.63674325
134537.64,-2.3712134,2.4332335,0.6260392
122098.29,-3.9980268,0.416869,0.46963382
131655.98,-1.7617422,2.790127,-0.37556928
120995.97,-2.7281034,3.0309658,0.7486764
121492.88,-1.4205259,0.59354925,0.57245964
123293.11,-2.1269767,2.1309829,-0.43128186
119777.914,-1.0763495,2.777016,0.67414725
119471.48,-1.8738801,2.7830691,-0.6230081
126130.45,-3.3558235,2.681941,0.71951425
126044.69,-2.6616454,2.6981757,-0.72967553
126568.98,-2.4014494,3.0652096,0.63755715
124537.39,3.6992953,1.4361563,-0.52274346
116605.42,-2.3655238,2.5621135,0.54317814
119678.17,2.290876,1.7431614,0.2891521
132299.34,-3.97442,2.0954373,0.470398
126266.875,-3.7989817,3.0902953,0.85038936
124590.18,-0.46866196,2.2680454,0.800221
123370.12,-0.7490922,2.860371,0.61510324
134300.5,-1.9499017,2.5084653,0.46504912
129627.45,-1.9951268,2.0654194,0.37783545
132352.56,-0.96122974,1.1628629,-0.8630573
125568.516,0.15414561,2.6677654,0.5074193
123528.76,-3.1835797,2.635435,-0.8444557
133701.9,-3.0577521,2.6115477,0.6253725
115806.69,0.87062615,1.2254716,0.7015301
128207.266,-1.932131,2.9330804,-0.856434
116381.02,-2.890474,2.9981666,0.43010467
132961.77,-1.3147513,1.905973,0.5476973
120736.766,-2.1081963,3.0675278,0.46512577
125818.55,-1.6199143,2.5906122,-0.49345165
124168.14,-2.2277775,2.7300968,0.3848596
122508.016,-1.0476854,2.2457495,0.61978835
128517.914,-3.2556653,3.1881652,-0.5878196
123609.14,-2.2438204,0.635466,0.5378457
121174.805,-1.468528,1.8445358,0.7767042
120727.664,2.7623103,2.7145107,0.5628889
120723.875,-2.8488512,1.2360445,-0.40288422
131103.84,-3.0117955,1.9619408,0.68990785
124255.76,-2.9995136,3.0579462,-0.2613088
128547.53,-1.5086588,0.05211781,0.42561442
118826.91,-0.10975286,1.5352482,-0.4413793
116363.54,-3.9032645,2.9693072,-0.3969026
125855.43,0.28007346,2.8814256,0.50116754
122058.28,1.7239566,2.8508532,0.40728605
130522.234,-2.6076853,3.1392918,-0.45599303
125589.54,-1.4769487,2.1193807,0.65649104
121905.76,-2.786443,2.0734038,-0.8781697
115612.93,-1.3217245,1.5289307,-0.8708687
129530.47,-1.7715368,1.3356557,0.644925
117281.61,-4.597473,2.9271696,-0.69951403
117580.055,-3.4209456,2.7783594,-0.37784356
132596.55,-2.7540767,1.6736435,0.6434342
125331.89,-2.9369686,2.9639282,0.46600813
127957.36,-0.8647602,1.6459777,0.7311862
119102.59,-1.4068779,2.334639,-0.648739
121722.03,-0.68971133,3.121841,0.583436
115880.52,-0.75165564,2.9265618,-0.4194469
116484.13,-0.77626574,2.797974,0.7161443
118496.61,-0.11036349,0.54956603,-0.7337122
131534.88,-1.9360524,3.003732,0.46757463
127059.125,-0.088488966,2.705954,0.49783006
126962.85,-2.694493,2.1695714,-0.7259351
126468.414,0.01085564,0.39521462,-0.61088043
122800.46,-3.7381287,1.4826974,-0.661147
132263.0,-2.0645862,3.0917447,0.47526795
128273.91,-1.6192737,0.38804138,0.21763414
122436.41,-1.2893941,2.3619494,-0.46797186
115268.75,-4.113111,2.9347777,-0.2787589
116865.21,-3.9128776,2.6653976,0.54597074
124653.375,-2.613394,2.9520078,0.9629796
121554.21,-1.117571,2.9243567,-0.44835454
117145.234,-4.3008385,1.0267059,-0.5787526
121001.19,-3.2644742,3.0415668,0.645492
123417.45,0.009554823,0.71359915,-0.573937
134500.62,0.33819625,1.8992196,-0.5049821
134041.28,-3.0891738,1.4872296,-0.4402677
119885.13,-0.19133134,0.8062577,0.64057076
116281.734,-4.2480702,2.3881032,-0.82616085
131185.3,-1.1567156,2.4230504,-0.668399
117417.66,-0.68464684,2.3765702,-0.8648807
123561.94,-1.0412047,1.0880927,-0.8882432
133043.78,1.0878382,3.088122,-0.60795075
132671.31,-1.6881815,1.3538424,0.72732216
134588.36,-4.146238,0.39926308,-0.5384891
126490.56,-3.1227605,2.1510434,0.5449449
116379.2,-3.1641111,2.36997,-0.28417984
125560.45,-1.6943856,2.8923776,-0.49580508
115523.445,-3.2240865,2.0920756,-0.63836455
121397.96,-2.0460327,2.9181235,-0.31052718
123948.125,-0.36464515,0.36790106,0.49295068
131088.86,-1.2416524,2.8737075,-0.5274819
115118.65,-1.430418,0.88098013,0.6139567
124950.266,-0.63078296,2.7225335,0.47399056
121441.77,0.51855004,3.0015824,0.46773133
120540.15,-1.4303911,1.5755414,0.99561316
116032.55,1.9280957,0.07512532,0.19567667
116730.22,-2.0209482,2.6348274,-0.69134974
119706.25,-2.6725783,2.8810651,-0.89377946
134268.05,-3.1036704,2.5627959,-0.104500666
117142.86,-1.2456049,2.1707277,0.5222244
133508.7,-3.1982179,0.93946517,-0.49368268
133088.45,0.023919605,1.4023707,0.47996852
128953.96,-2.645726,3.113916,-0.18177731
120278.15,-1.7213577,2.9616976,0.75096256
131494.17,-1.221897,2.626578,0.5727584
130289.72,-1.075858,0.7062406,0.57281846
118269.65,-2.6771944,1.2169133,-0.5543703
125615.016,-2.9799552,1.7801225,-0.93246275
127223.234,-0.7913531,2.4988987,-0.57572275
119576.6,-1.951696,3.011236,-0.4293346
118576.1,-1.293028,1.7736207,-0.84910876
132064.03,-2.5567048,2.8054163,0.61533767
130040.336,-2.440352,1.6037942,0.71311045
124556.94,-0.9321978,2.5823004,-0.74526596
122546.766,0.92511857,2.6167545,0.62387836
133154.23,-2.423803,2.7752156,0.53856117
115506.945,-2.509402,2.2064126,1.029508
131187.22,-2.874236,2.1796103,0.7340579
123435.28,-2.587917,2.7361436,0.55986196
133740.42,-0.5040454,2.5927794,-0.62321866
117602.87,-2.09298,2.1968765,0.5656176
133334.0,-0.604914,1.5122762,0.5375159
128801.88,-2.8660908,0.9322499,0.569728
122346.74,-2.8432372,1.5665786,0.5554409
115915.01,-1.6311406,2.5701694,-0.59450847
121222.445,0.2746694,2.450714,0.54224575
128482.766,-2.9222069,2.9195778,-0.6958609
117263.49,2.538155,1.4049402,-0.6786448
119923.836,-2.4943788,2.440348,-0.85345393
126390.164,-0.92570746,2.3076503,-1.0908363
124383.164,-2.1710615,0.92239475,-0.50464606
133070.17,-1.8462275,1.4620466,0.8094295
125618.13,-1.4133028,3.051146,-0.7160714
126582.78,-1.5274533,2.2985253,0.94597226
130114.79,-1.5139096,1.0699503,-0.7513409
131214.23,-1.5491973,2.6658456,0.42242008
124174.55,-2.272644,2.8226202,-0.7396437
119767.37,-2.3343298,3.073656,-0.63634086
128090.47,-2.6618404,0.9715265,0.64142174
127862.95,-2.6136794,0.91081023,0.75917727
133171.83,-2.4535153,2.639632,0.648256
132019.44,-1.5500839,0.83050126,0.6304401
128660.78,-1.6827079,1.628477,0.54860944
124363.12,0.2785047,2.7893417,0.57027704
124274.72,-3.4420667,0.32919648,0.4691857
132622.47,-0.4018264,3.0649693,0.6505156
122793.11,-3.15587,2.8367326,-0.46856892
120138.164,-2.6410604,2.470181,-0.53603363
125657.75,1.2422913,2.7922673,-0.56056714
119814.0,-2.0912967,1.4841853,0.46073908
117024.92,-3.5250492,1.6656172,-0.72068214
124199.14,-3.0931242,2.7996643,-0.38530585
116577.99,2.2952912,2.9683838,-0.5630466
132462.89,-1.4184492,2.0808468,0.8609939
120356.34,-3.1672597,1.983483,0.5979321
133834.45,1.3281486,2.9743521,0.7825098
123684.414,0.62256235,1.2962062,-0.9384222
117838.6,-1.2307895,2.6788638,0.759814
127765.46,-3.746224,1.6881988,0.29718712
133553.3,-1.5231259,3.193616,0.30335188
117047.39,-0.9007795,1.185279,-0.5295583
133960.7,0.6906505,0.9449619,-0.588908
130236.625,-2.5317132,3.0958457,0.43874934
123475.56,0.5656887,1.3500757,0.8903683
130467.44,-0.57903266,0.6051132,0.47490734
118705.75,2.4830916,1.9217848,0.7031467
121694.09,-0.7671824,3.098859,-0.80061936
118351.38,-1.362273,2.3437133,0.62770355
124624.79,-1.096856,1.4140084,0.5539013
125706.92,-2.132737,2.60424,0.33828688
117520.55,-3.2512574,2.7347722,0.62494755
133478.75,-1.4179881,3.1326523,-0.46566606
125583.65,-2.5057359,2.5746508,-0.826466
130963.46,-3.6728382,2.7867405,-0.32736892
119065.72,0.39398018,0.17009345,-0.4934807
126458.8,0.420799,1.400857,0.3903634
133536.02,-2.574705,3.0238268,0.6026211
132181.22,0.8045045,2.0453413,0.7413127
130216.6,0.8892639,2.7950108,-0.663722
118079.89,-1.0355351,1.6408063,-0.7112097
125394.86,-0.9443226,1.7371907,0.7297112
118125.805,1.1902194,1.7577839,-0.5765304
119146.88,-2.4195118,2.9832878,0.36920613
133146.44,-4.3408356,0.9790291,-0.55126697
121832.97,-3.2908137,0.47967654,-0.53338724
115256.9,-2.6107125,2.801803,0.91053283
115694.28,-2.9687405,2.037153,-0.597874
128549.59,-0.29562747,1.188585,-0.7242774
116853.625,-0.7400292,0.6966232,-0.5854639
125912.734,-2.7717254,0.7604758,0.49149504
118650.32,-1.6496516,1.5894418,-0.43481597
123705.55,-1.673811,3.0007129,-0.6466719
121389.4,1.8892434,1.1462795,-0.4565631
123310.78,-0.45364454,2.9321704,-0.4509935
117191.91,-2.8817663,0.90145564,0.73019904
118668.46,-0.91023266,2.7959836,0.6177555
131942.72,1.7012155,2.986198,-0.4199305
124999.71,-1.2248703,3.035072,-0.6839766
118135.44,-1.8393036,2.6350815,0.64722925
128094.586,-1.2365762,3.110831,0.24698475
118587.63,-0.9312121,2.0812147,0.585164
126986.16,-3.1243005,0.3366093,0.40921175
127929.13,2.0150697,0.39734226,-0.70597327
129101.03,-3.0019,0.62345386,-0.5287402
127869.09,-1.1228741,3.06089,-0.6305236
128140.664,-2.2295306,0.6655534,-0.75078887
120187.27,-3.0100093,2.9245496,0.43925968
128849.03,-2.0053966,0.8304054,0.5998458
126826.09,-3.1773767,1.7466103,0.66016525
121403.1,-2.578043,1.9825736,-0.5598557
115641.83,-3.7308786,2.99881,-1.6028657
125853.4,-4.099693,2.5589726,-0.62405694
116562.2,2.467013,0.751861,0.58868045
122504.69,-2.6243658,2.3557937,-1.0323484
117517.84,-1.5635405,2.8724468,0.59456146
123913.13,-0.8694714,0.37277997,0.53234506
116219.984,-1.0684808,2.5579917,0.46267155
120466.98,-0.36338532,2.8064764,-0.8001994
120586.35,1.3705097,2.6922188,0.63263625
120307.2,-2.813753,2.883569,-0.4086284
116916.28,-3.4013462,2.749497,-0.7032286
116426.09,-0.42769328,0.36374646,0.457036
128555.586,-1.7624397,2.6718652,-0.45330638
116042.1,-3.0645294,2.782686,-0.65063304
120932.85,-2.9200232,2.2108026,-0.38146213
117818.43,-0.10799675,2.54139,0.60600686
130095.64,-2.9499106,0.68036443,-0.55717564
128682.98,-1.193122,2.6913738,0.3128716
121367.63,-1.7041595,2.9358034,0.27710843
125227.97,-2.5223424,2.7303402,-0.7098865
131862.97,-2.7147675,0.10177122,0.42061117
116029.83,-0.15554562,2.7431495,0.54853225
115627.89,-1.8633686,1.8468329,0.43356195
126329.98,-2.5425043,0.7005646,0.615018
122258.86,-2.5008378,2.8244202,-0.36414018
132463.56,-0.9545063,0.20285237,0.4939751
134713.34,-1.9766158,1.7532246,0.8517265
125266.75,-1.7903912,0.39984682,0.4401128
117771.25,-2.4963908,2.4581206,0.283039
115334.58,-2.423763,0.44917277,0.6697828
121514.89,-0.4817862,2.7688704,-0.63463813
119468.3,-3.3544106,1.3890477,-0.6832425
123364.375,-2.5278149,2.335935,-0.3946868
118191.58,-1.9117416,2.9921563,-0.60526633
129964.484,-1.7237252,0.21865779,0.42762497
120035.44,-1.9215266,2.183042,0.44608417
131657.88,-2.8399796,0.62611836,-0.48978922
124260.01,-0.9810106,3.157777,0.41748494
128446.12,-1.89763,0.46740404,0.526629
123160.234,-0.1938331,2.034374,0.6337646
124311.29,-2.1470776,1.8763989,0.4792131
119758.09,-3.6875052,2.5420122,0.7782065
119194.84,2.8606288,2.0352907,0.6773371
126643.08,-2.722566,3.0243304,0.4721984
120296.23,-2.0034487,2.923134,-0.7380315
117283.91,-2.5976982,2.9601007,0.6142187
119090.734,-3.2517834,1.2964853,0.30748633
133185.02,-3.2596483,2.7774715,-0.5526477
116713.13,-0.8905255,3.0569344,-0.5892281
122167.12,-0.4319956,1.6705569,0.60216016
129969.13,-3.5950305,0.48652467,-0.67760634
124263.76,-2.5197685,1.8661525,-0.53013515
122042.375,-3.8654366,0.47235504,-0.5075118
123413.1,-0.45095783,2.816374,-0.77711123
120656.7,-2.9928963,2.7826293,0.87403405
127972.11,-2.4418747,1.6557746,0.48931926
118739.26,-1.7182777,2.2927063,0.5986177
115437.805,-0.48156923,1.4424789,-0.4887073
123183.28,-2.1648543,2.6126933,-0.69843227
133900.08,-3.2984693,3.0439525,-0.40947843
116690.055,-1.650929,2.8645153,-0.4232251
127032.445,-2.313601,2.4372146,-0.62446237
130546.22,-1.4956858,2.7880368,0.63541895
129557.75,-2.915676,2.1303732,-0.61871105
134233.03,2.3464642,2.362388,0.5286969
132308.88,-2.303358,2.8293006,0.34921142
127185.625,-1.2239424,2.6976566,-0.7413153
120683.234,-3.3536744,2.924862,-0.33211023
117867.65,-2.5367296,1.5504131,0.54282755
131306.14,-2.7753026,0.5880443,0.9914227
117119.375,-3.2877636,1.7788901,0.565118
120465.06,1.6971778,0.58808255,-0.6792932
133560.53,-0.85623723,2.853402,0.6093889
118053.76,-1.8920906,3.0240605,-0.4340927
127388.52,-1.0807045,1.4461806,0.868709
126611.15,-0.8570869,1.9952028,0.6802585
121280.3,-2.5022197,0.7605512,0.6016022
126133.664,-3.1076326,2.0915577,-0.6368798
128222.2,-3.5300758,2.9167814,-0.6615116
124662.59,0.46475056,2.656258,-0.49777916
131444.69,-0.90964204,1.3601154,-0.60383606
133717.66,-2.4064026,2.50483,-0.55997044
119559.484,-3.9841201,2.9079573,-0.48906115
126775.516,1.6521475,0.44017008,0.6224516
130309.3,-2.518444,1.3717686,0.62859464
119109.54,-1.6223334,2.9495702,-0.42729136
123698.61,-2.4940617,0.059343293,0.5094847
127133.74,1.4790944,2.610405,-0.733762
122219.44,-0.19652635,0.8739445,-0.37086415
123198.58,-2.6666303,2.8856459,-0.8803505
120018.734,-1.281169,2.7505622,-0.9705081
127523.91,-2.292688,1.8278946,0.60419756
119393.91,-3.8239822,2.5032322,0.6595016
132533.89,-3.0553837,2.918351,0.5862849
121036.16,-1.6574376,-0.033312645,-0.7362611
127493.49,-1.496813,3.027313,0.3120026
124613.74,1.9402236,1.6006246,0.5890507
123556.28,-0.68033314,0.5334443,0.4601127
124325.81,0.37596506,1.3326645,0.58445495
130015.26,-2.8466122,1.3553516,-0.43437228
126086.78,-1.0502037,2.7943842,-0.8908297
125025.94,-0.47015083,2.2576423,0.500352
119452.06,-3.595111,2.0978448,0.7202378
126638.44,-2.7208138,2.6499677,-0.9138303
120286.93,-2.3852355,2.2685332,-0.43564904
130278.766,-3.4572706,1.7458298,0.8120101
121572.9,-3.6066391,2.2878366,1.3994124
124750.984,-2.8067474,2.789829,0.56288856
115496.7,0.43576267,2.9341638,0.546331
120853.08,-0.8501523,0.89648986,0.5921194
120616.62,-1.8500924,1.380664,-0.58676183
133911.83,-2.65225,2.1475003,-0.6596511
133891.31,-2.6909256,2.7274742,0.45621336
132766.16,-3.4506726,0.103426166,0.42077142
130666.26,-3.6802602,0.43277204,-0.5304024
133177.48,-2.5350435,2.2525134,0.8948403
119291.875,-1.0063051,3.0542235,-0.4724189
134483.6,-2.3702722,0.4436866,-0.23549603
129529.73,-2.5012498,0.7713937,0.51163185
133632.7,-2.072811,1.6431782,-0.5267085
116201.375,-1.3732946,1.7431666,0.8531723
123751.0,-2.7408297,0.15663207,0.4121118
131480.55,-1.5114833,3.0093985,-0.80409336
120223.95,-1.0251592,0.26314616,0.4171375
126073.445,-3.2367558,2.6526825,-0.6045412
127801.56,-1.4016495,2.8284676,-0.59758323
126985.39,-1.4928671,2.6026785,-0.48113075
133393.8,-1.3816681,1.2248169,-0.7434214
121024.88,-1.9425486,1.3844268,-0.6381423
132696.55,3.6869774,0.84872085,0.74133056
116563.125,0.9969862,2.1383708,-0.90636694
117192.3,-2.683268,2.6752274,0.3430231
122420.84,-1.931849,1.2131537,-0.95309126
119728.766,3.0250635,0.74488986,-0.9864424
132100.94,0.4092759,2.9192104,0.58613217
123078.6,-3.0951288,2.4729602,0.44784
117242.25,-2.3332477,2.3652222,-0.43114132
128179.58,-1.220238,2.5643625,0.52039236
133884.33,-1.6673034,2.7216384,0.5468162
116081.086,1.2622716,3.0251336,0.5056066
119655.63,-1.325277,1.7408557,0.67743015
116809.86,-3.482015,2.4808984,0.579833
120656.95,0.49917245,3.1161554,0.5260994
134056.78,1.0611405,1.3354841,-0.61510205
133402.3,-1.5259153,2.4674528,-0.5974887
122810.99,-1.8311574,1.3625252,-0.9535851
130875.92,-2.726539,2.418616,0.82342076
128935.64,-2.709191,1.4659208,-1.1492013
130304.125,-2.3782876,0.9705051,-0.80631125
127043.29,-1.0614353,2.1489174,-0.7381032
115929.07,-0.22935846,2.7813947,-0.75266016
120812.05,-1.6369503,2.8415053,0.52979475
124186.7,-3.171737,3.0793402,-0.47285694
129540.74,-1.2870463,2.2653692,0.78831595
132315.05,-1.5320673,3.1996472,0.5532189
123233.51,-2.4239204,0.94855726,-0.7404406
132955.8,-2.897843,0.38150212,-0.34719393
123953.45,2.22879,2.4038014,-1.0233384
120401.81,-1.834867,2.9272518,0.39002845
117877.35,-3.9811041,2.0107775,0.44084615
118807.66,-2.2944984,2.5991046,-0.46429634
125887.15,-1.1279668,0.7540837,-0.7411334
117877.28,1.6908393,2.4470649,0.7940639
124202.82,-1.6846001,2.5755827,-0.46242964
126852.266,-2.7506473,2.3468332,0.28567326
132268.42,-3.2141144,2.5329287,-0.47422576
128277.02,-1.5784583,2.1058717,-0.64810425
130922.39,-3.581065,2.876387,-0.47403735
122352.21,-0.64302105,2.9793942,0.56528753
118108.31,-2.3794448,2.6452029,0.5127168
131314.73,-2.8575423,2.4667385,0.7006939
131881.17,-1.4549768,2.8536072,0.59557664
116244.49,-3.322218,1.6000614,0.38011125
124341.69,-1.614047,0.2581669,0.4953878
116522.68,-0.84802216,2.7827234,-0.8374918
116469.58,0.3260711,2.8565276,-0.2588791
122816.79,-1.5929205,3.1364415,0.27298808
120690.96,-1.0436362,2.9216769,0.7448445
132907.7,-2.403376,2.878374,-0.40648648
119960.76,-2.9779694,3.0584087,-0.51740557
121439.33,-3.5991008,1.3892179,0.511588
134518.31,-3.8281293,3.032821,0.10980331
128064.66,-1.1206933,2.314675,0.7897584
125708.66,-1.401097,2.079005,-0.5971915
123612.97,0.890426,0.58175,-0.60297877
131011.51,-2.4962828,3.0796394,0.61936533
129937.73,1.2560936,1.7604185,0.6904123
116614.945,-2.822723,2.7028916,0.012381159
118413.61,-2.5478287,1.1306019,-0.6021928
122515.48,-1.6184069,2.3786337,0.8550835
122809.914,-2.015394,2.6901443,-0.85189927
122739.555,-3.5161402,2.0245535,-0.6948472
134447.66,1.3922273,0.5761538,0.6856668
120714.18,-1.4761941,2.8223438,0.64496845
115684.266,-3.2192929,3.0127828,-0.32613432
122425.82,-0.28985146,2.6274137,0.5438878
120545.414,0.7912546,2.4052193,0.5431698
123474.33,0.39300826,2.2966757,1.083628
134464.89,-2.8273404,0.3294632,0.563034
132478.95,-2.0782356,1.5895809,-0.5030565
122894.984,1.1944728,2.9469213,0.53719574
123923.44,-2.9209623,0.6951564,0.73492885
133229.95,-3.2413082,2.6264563,0.8832532
124031.96,-1.2708893,1.0281221,-0.63413775
124315.61,0.2248657,0.90069854,-0.6403973
118944.695,-1.8546072,2.607057,-0.42229578
120625.14,0.51115704,1.0134599,0.44648632
115891.734,-2.0598347,2.901424,0.94454163
116716.82,0.8340965,1.8964803,-0.66619563
132789.0,1.2208742,1.5425599,-0.91693425
117172.97,-3.380434,2.3797934,-0.38328454
127592.43,-2.6345778,1.9480772,0.7710703
119850.48,-1.5660315,0.90245086,0.46128792
119384.98,-0.97282964,2.260261,-0.7797936
121707.51,-2.035992,3.0263286,0.3834635
129943.76,-2.2995038,3.0152593,-0.6750869
118661.125,-3.5774632,1.6989942,-0.8518111
116686.71,-1.307586,2.7856567,-0.57763696
130268.44,-3.8749344,3.0610425,0.2520037
115086.14,1.6136321,1.8196173,-0.6911533
134709.94,0.92108625,1.8667115,-0.6783745
129573.086,-2.9562712,2.410466,0.5273259
115676.38,-1.3872024,2.613529,-0.60722375
117568.34,-2.8231335,2.6172686,-0.60086656
132210.61,-3.9159932,2.0378094,0.30769044
124000.17,-4.401242,2.875688,0.37112576
117452.84,-1.5734895,2.2182322,0.6906588
132638.98,-2.1380298,0.23459981,-0.2663644
134134.06,-3.1470597,1.45664,0.5824506
123455.06,-1.1818793,2.485614,-0.45450976
115002.48,-4.8922014,1.808949,0.6180384
127337.49,-2.7257597,0.36376554,0.55567276
122297.91,-1.9254417,2.9396353,0.8054826
131241.75,-3.4053082,1.5353774,-0.8382213
127179.63,-0.9659278,2.066161,-0.8744069
125850.555,-2.5671465,0.41803205,-0.7580178
124767.195,-2.6057687,2.22654,-0.828996
122755.13,-0.102916084,3.1043682,0.5223694
127178.6,-3.2582777,2.4951873,0.45820323
122834.805,-1.7833861,2.2747364,-0.7463027
115315.836,-2.6082323,2.9159672,-0.6346212
120236.97,-0.4856666,1.7068272,0.57717466
130208.914,-1.4108537,0.3998869,0.43786287
122789.62,-1.03908,1.2180022,-0.97051287
132662.28,-2.175856,0.17039482,-0.5460694
130951.125,-0.37828222,0.20238432,0.48551422
119596.59,-2.9216602,0.33053157,-0.6935027
119072.99,1.4569547,2.6251607,0.6897016
119659.58,-1.0680269,1.4170932,-0.7438928
123345.22,-1.8293307,0.61699885,-0.42722264
118399.27,0.53737724,0.36500415,0.4847848
119509.734,0.32304174,0.39397264,-0.58542883
123240.42,0.3754147,1.6703938,0.796616
127933.9,-3.4987316,1.9328271,-0.8704765
123673.69,-2.673115,2.3626015,1.0815451
117032.95,-0.012332104,2.6736057,-0.7594795
118626.22,-3.7180586,0.5828503,0.6078784
126563.164,-3.1908247,3.0453897,0.38022318
125509.55,2.1539419,0.06077813,-0.42289284
115706.34,-0.07393063,1.5179842,0.66334283
116742.95,-0.268715,2.9111724,-0.68748116
117794.58,-1.6874043,3.068469,0.5302217
116478.22,-3.421299,1.9623182,-0.8623435
129102.09,-2.361092,1.6787708,-0.81636465
128334.33,0.64821434,3.0239916,-0.5807254
118170.42,-2.515701,2.090019,0.41676122
130918.34,-3.5647836,2.7336113,-0.79213434
131907.83,-2.2969112,0.43989065,0.58418274
122582.31,-1.464024,1.3980193,0.6236732
125640.05,-2.114339,2.7721946,0.5354595
115420.14,-2.2896552,0.58280855,0.65702313
116602.57,-0.89347535,1.914169,-0.5722407
131601.34,-1.2563882,3.0817437,0.40179706
131967.95,-1.5209593,2.5791948,0.7369173
119610.46,-1.596348,-0.040714793,0.5881168
133042.33,-1.0380386,0.43746048,-0.2384202
125079.586,-3.9602711,0.48026478,-0.7489409
130223.95,-2.227067,2.1092792,0.8653999
123112.4,-1.5123705,2.611543,-0.70098937
130420.24,-1.7177645,1.2210622,0.70655864
117048.04,-2.5001838,1.4366403,-0.8386946
123076.07,-0.83562356,2.9806788,0.27300984
128631.85,-3.4667466,1.3662844,0.5239558
128801.9,-1.8572282,1.9124296,0.48522207
121844.18,-2.504149,0.6201178,0.64801735
131678.56,-2.1012955,2.9610083,0.51197547
127153.766,-3.3070207,1.55275,0.5157583
125722.74,-2.7985728,1.616624,-1.0174992
133285.77,-1.0458962,0.86242986,-0.7254871
117032.83,-1.8025746,2.7202652,-1.0990903
131442.62,-3.5316973,2.4250355,0.81893677
117327.86,-1.376313,1.3514647,0.7863266
124543.63,-3.042061,2.8464746,0.3976542
122037.27,-0.45863152,1.164111,-0.7674721
116085.99,-2.5042505,0.8011298,0.6266055
116979.016,-1.5914307,1.8824004,-0.55784607
119888.61,-1.2506627,2.515045,-0.6931195
125038.82,0.053515688,1.3758138,0.62322026
128924.52,-2.404688,2.7772832,0.7894498
118745.58,-2.8835533,2.9110062,-0.47748572
119051.46,-3.3886302,2.3061116,-0.602627
115530.31,-2.7848837,1.5466423,-0.6273771
129937.65,-2.3698182,1.5674913,-0.63037866
130231.14,-0.07094567,1.5429178,0.57917964
117608.64,-3.451878,2.8094318,-0.50247145
117042.336,-0.20358768,2.9035027,-0.7200674
126191.18,-1.6922418,2.0815332,-0.6573515
129190.7,-4.3137608,0.20648429,0.4455455
134008.94,-2.0889063,0.7673346,0.5583128
124158.63,-1.3644547,1.8162429,-0.614142
123936.02,-0.77977246,2.5330005,-0.49299276
120605.69,-3.8709435,2.25541,0.6535144
118475.48,-1.7255133,3.000601,-0.68011683
126047.05,-3.5437067,1.6879848,-0.67006344
123545.9,-1.881745,1.8873892,0.6234554
129592.75,-1.927379,2.9564679,1.2415582
116779.16,-1.4492859,0.39827082,0.45988542
121724.16,-2.5896292,2.7305279,-0.46957502
116160.305,-3.5921803,2.1262856,0.55463517
117922.14,-2.1901364,1.4037606,0.43462184
132530.19,-3.3403885,2.737092,-0.9161947
129185.445,0.9281693,1.3390383,0.34646416
131942.77,-2.5213854,2.1423247,0.47817385
131801.19,2.6566958,2.6015098,0.59830946
130946.49,-3.2025957,2.7157702,-0.6648889
120112.78,-2.2700098,2.2901223,0.82473916
122487.74,5.2785287,1.15883,0.49278775
133526.92,-3.652056,0.16574024,-0.6837905
119093.305,-0.3749601,2.6107118,0.65529245
130824.7,-2.3414707,2.504319,0.34447697
121383.05,-2.8578215,1.3881277,-0.45283478
122608.66,-0.5784644,2.9749167,-0.32098988
121119.55,-3.3520799,3.005738,-0.9127781
122411.7,0.22083445,2.807933,-0.3510887
129412.52,-0.082712956,2.2961903,-0.62064475
133050.53,-3.3292484,0.50875777,-0.41578037
116414.77,-0.8859246,2.46662,0.37007084
127487.055,-2.9200191,2.7039745,0.3911948
115187.54,-2.167175,2.8365169,0.82452327
126231.09,-2.1668465,2.5362248,-0.45748654
132267.53,-3.384456,2.7025552,-0.82420796
119877.67,-3.8950567,2.7444792,-0.4841921
118099.664,-2.0935953,1.7334309,-0.45302704
119785.99,-1.8788179,2.9414747,0.50388736
121928.96,0.5315086,2.4871278,-0.6988107
123356.53,-1.192085,0.88271165,0.82561994
133734.36,-2.5054877,2.8788655,-0.6507958
132005.11,0.1470185,2.6593308,0.5320866
126625.875,-1.0327437,2.6152053,0.8788243
134170.64,-1.7118263,2.2070599,-0.58277553
115505.02,0.26158926,2.6971486,-0.81923115
130736.74,0.09861619,2.4174154,-0.53577495
125124.945,-3.2844732,1.8147936,-0.53326577
122784.055,-2.5719993,1.7442814,-0.7100887
127835.54,-0.3815358,2.2235675,0.62821037
126264.83,-1.1783953,2.9773943,-0.62515265
118371.71,-1.674219,2.5765975,0.6868333
115062.24,-1.0026021,1.0295817,1.0569992
120022.57,-2.6660292,2.8001404,-0.685676
125741.516,-1.988486,2.394475,-0.69942755
116477.39,-0.75319064,2.9565656,-0.36701715
116235.24,-0.42480752,2.614134,0.6894415
122957.44,-1.5017219,2.6301222,0.6417545
126696.87,-2.844123,2.8826451,-0.6509761
121700.625,-1.9508257,2.9697788,0.9082002
126711.84,-1.170426,2.8020391,-0.396233
118963.13,-4.1366215,2.5300097,0.6940061
133420.73,-2.0639038,1.1508479,-0.66863984
122304.49,-0.8264903,2.8628724,0.60102534
132414.64,-0.977787,2.5934386,-0.558363
116174.164,2.0288305,0.6485294,-0.5488228
123579.61,1.9863138,1.2225043,0.5928825
123200.66,-0.8060309,2.819655,-0.82381123
119780.414,-1.9551624,1.9107014,0.86849296
117735.14,-2.9033782,2.6862013,-0.6663824
116270.07,-1.1882448,1.3615891,0.7184433
121320.24,-2.8994615,3.0529287,-0.4929596
126443.37,-4.076814,1.6550499,0.5489567
124206.875,-3.1432712,2.8793898,0.41037023
124750.445,-0.9623033,1.746522,0.43819177
116340.44,-2.6478083,1.8458563,0.5298661
134664.83,-2.4020197,0.6280014,-0.57143384
130711.3,-2.4550443,2.3813767,-0.86666024
117953.04,-1.8975618,2.6400023,0.975214
128425.67,-1.7312921,0.569354,0.57787627
124709.086,-0.67558694,0.6388001,0.47087556
123598.375,-0.39982438,2.5474057,0.6309407
125291.65,-3.4082942,1.6174759,0.6794737
128983.24,-3.1052325,2.3557951,0.77662843
118647.91,-2.5025954,2.8364666,0.5201164
122617.89,-2.899573,2.472105,0.61000746
117222.734,-0.43452075,3.0462258,0.38803574
130438.484,1.1411623,1.2831837,-0.7272007
124539.71,-3.7101588,1.881831,-0.41676494
128871.01,-0.23480454,2.4296224,-0.6349895
130443.92,0.93432176,0.25744277,0.6626952
124781.35,-2.5582743,2.0381348,-0.6259759
116536.96,2.893581,2.3317342,0.5034139
121563.43,-0.11272164,2.8066065,0.8696338
116877.0,3.7626548,0.7752321,0.8948271
132042.2,-2.041212,1.8386604,0.8336407
134290.66,-3.7356663,2.7945068,0.59998685
131794.52,-0.60845035,2.651308,-0.6137789
129555.76,-0.5960129,3.0317552,0.7006711
128953.34,-1.1511049,2.718175,-0.7474222
121808.766,-2.7929702,2.2343316,-0.8948133
126262.47,1.027165,2.4524388,0.80544
132569.16,1.1282251,0.560383,0.6201862
118862.14,-2.9235635,1.9966536,-0.6773684
126973.19,-2.9331815,2.894702,0.31852016
125487.44,2.7093525,2.8520446,-0.58423024
126760.86,-2.5755439,1.7999208,0.60642236
128582.88,3.1686556,1.5753055,-0.6830502
120873.78,-2.9444733,1.1295916,0.7022051
129733.94,-2.0924356,2.6891406,-0.6650777
121544.17,-0.8283735,1.9623975,0.5910135
115804.3,0.38812047,3.0657656,-0.7197903
123256.57,1.701199,2.3681624,-0.6286685
129458.12,-1.504269,3.1364224,0.30837795
127358.83,0.37888008,2.9214895,0.38930476
118260.195,-1.5923599,2.4508138,-0.85593176
127415.66,-3.0958753,1.2073681,-0.7637485
129074.53,1.6148478,2.4968848,-0.67503566
133290.3,-0.19625737,3.0554678,-0.47212353
115519.664,-3.3314493,2.5957346,-0.32481515
117724.125,-1.4606998,2.5512245,0.6145783
120006.72,-1.2566464,0.27485323,0.56204414
130234.8,1.5597409,2.3533142,-0.58396703
122637.24,-1.2118442,2.389112,-0.09672491
118287.91,-2.0470552,3.0617242,-0.5005228
122046.91,-1.3075444,2.9951746,-0.49966893
127430.03,1.0926363,1.9429693,-0.6459372
121749.53,-3.2134244,1.280136,-0.7083735
116814.195,-0.4471339,2.6322827,-0.40723783
125635.27,-0.33643875,2.9523041,-0.44338673
118562.34,-2.1168585,2.0848734,0.63660455
125304.77,-3.8286252,3.0582085,-0.52239984
119883.37,-1.6444215,1.2456881,-0.40638578
132832.12,-2.647802,2.625269,-0.7545668
132379.11,-2.1786911,2.5899982,-0.67013
126198.48,-2.9933167,1.5212413,0.46623343
127494.664,-3.5789483,2.9015725,0.51502097
133930.67,-1.6504527,2.7152398,0.40704024
133440.08,0.3020971,2.2708566,-0.56345916
128918.66,-1.0304679,1.9085332,-1.0621088
131115.62,-3.8557823,0.389815,0.30412906
132193.05,-0.3469903,2.577582,0.57410866
124003.914,-2.7375526,0.21792708,-0.43202147
127204.83,0.7573927,3.0185823,-0.7111225
130473.914,-0.79124016,2.7108083,-0.51989317
125763.78,1.3432639,2.9288294,0.77296567
118599.18,-1.3037441,2.662763,-0.5720367
127018.9,-3.525514,2.6831512,0.84792036
130098.09,-1.1907067,2.7221513,0.564436
121149.6,-2.4987614,2.9692361,0.56030154
121924.734,-3.14205,2.6460977,-0.5080743
133248.6,-3.1231446,1.6982409,0.68727165
124393.6,-0.60671043,2.5131936,-0.7399519
128722.73,0.66531056,2.8815165,-0.9867943
127235.55,-2.0421615,1.1473922,0.94003195
121210.484,-1.7450359,0.7734803,-0.6965429
122137.586,-1.9817405,2.3285108,0.4189461
118520.98,-3.5813818,2.8845227,0.51755667
123081.766,-0.96172637,-0.013383556,-0.31341162
119722.484,-1.8489714,0.27865103,0.38209057
116087.555,-2.0700793,2.1701503,0.35600382
117227.766,-0.82210225,2.206432,0.90916544
128329.555,-1.3145505,2.7008228,-0.5325218
126032.55,-0.74039286,1.5364553,-0.43031323
128130.734,-1.3191845,0.35496143,-0.06659319
119714.375,-1.6681985,1.9866396,-0.7943144
132240.03,-3.503589,2.4353325,0.83760047
129056.23,-0.0018456655,2.5010571,0.78487045
122437.234,-3.3967583,2.2864566,-1.1054983
126859.8,0.3815024,2.7034025,0.45821446
127463.766,-1.9521455,1.9379796,-0.76236993
124965.555,0.25536448,1.3302999,-0.667475
134552.53,-0.82939607,2.6957383,0.772453
133857.5,-3.050479,1.3995247,0.9309422
130209.48,2.327318,0.22602794,-0.57310766
120533.83,-1.4055382,2.864079,-0.5704213
119733.35,0.61851424,2.3346148,-0.46790245
121314.29,-1.423122,0.17836492,0.42190778
130678.36,-1.7080365,1.5096964,-0.7693322
122569.82,-1.7543021,2.7541087,-0.8028832
127999.42,-1.8072151,2.1396284,-0.6089294
115983.17,-1.889293,2.2261794,0.5416862
117105.3,-3.466328,2.2029352,0.67570734
133035.69,-1.4618276,2.1398492,0.6190256
119286.19,0.47347984,0.91953814,0.9661085
121408.28,-2.5662298,2.553309,-0.56841177
117087.805,0.20333041,2.8690412,0.5956866
126726.83,0.6559469,0.29845935,-0.5406153
132721.47,0.87989545,0.21769427,-0.5358097
122175.984,-1.5442327,2.066833,-0.71163964
118616.01,-4.332878,0.59143883,0.42041063
133333.03,-3.5402033,2.0024886,-0.7091833
116330.83,-3.2260814,1.1720905,0.62079334
130820.55,-0.86163473,2.1415586,-0.61580104
129190.63,-2.638669,2.4422977,-0.7461396
121702.25,-0.09766288,3.0301678,-0.53242856
122425.31,-3.009322,1.7409989,-0.5127879
126353.58,-3.7814176,1.7634326,0.5313005
118249.22,-2.8840308,0.88673496,0.6301268
121749.84,-2.7490284,1.4981205,-0.6225044
125512.305,-2.5635777,2.0114064,0.77504694
130967.055,0.9846565,2.1556625,-0.32769138
130838.0,-1.9985385,2.5357077,0.41806462
128222.445,-2.74182,3.0361264,0.38673323
126376.49,-1.7034428,2.3357635,0.49550828
118864.625,-2.1196468,0.7979861,-0.57993865
122019.414,0.32309893,0.9642876,0.8503854
127254.83,-2.8907964,1.5191628,-0.3014687
125155.29,-2.388832,2.9635303,-0.55037266
115883.69,-1.554693,0.90331936,0.5327342
125500.68,0.48304328,3.049261,-0.33917394
119874.86,-1.380815,2.8210154,0.4351985
117455.01,-0.6870649,2.2130113,0.30102816
115925.016,-2.5236535,2.9802766,-0.77427155
119707.81,-2.1448464,3.1273391,-0.7411249
121227.87,-3.3217773,2.8546326,0.66267776
131653.78,-3.2238579,0.07320426,-0.63726133
124935.19,-1.7572423,2.9668179,-0.5949069
118931.266,1.0928031,2.3308241,-0.6820969
134892.72,0.5044494,2.5909555,0.40403664
119739.59,-1.2157855,2.582442,-0.8080673
131868.78,-0.86845464,0.3212805,-0.53538924
115653.58,-2.7660234,3.0999806,0.5377355
122414.57,-3.9028907,1.5971948,-0.82179785
130057.945,-3.6041052,1.853912,0.8263486
131070.59,-0.15225483,2.9180653,0.89247364
116787.75,0.2812365,0.23316261,0.2657905
115854.78,2.3559077,0.33865592,0.59626526
122738.67,-4.041543,0.83819336,0.5522858
132268.89,-0.83709973,2.244836,-0.9448865
126756.98,-1.295401,2.1539195,0.44545388
126031.75,-0.9877451,2.9919221,0.28200155
116197.11,-1.1796558,2.6677253,-0.5858679
117088.39,-0.28284314,0.42794156,-0.3564992
125944.85,-1.5218402,1.6624421,-0.47944677
127149.67,-0.59330416,3.093337,-0.71378165
122164.97,1.2405893,2.1379366,0.6170441
129351.07,-3.2358983,3.0140975,0.033460367
128944.05,-2.834249,1.5488626,0.68977094
131689.3,-3.2033706,0.8682765,0.81901646
122494.14,-1.3143549,0.32398027,-0.7537402
115883.766,-3.099226,2.850096,0.16039926
123647.8,0.44617406,2.9432962,-0.6937387
133626.39,0.65972775,2.990672,-0.540043
128906.945,-3.5730555,1.5214467,-0.85420984
125962.51,-2.3027258,2.9927535,0.8835163
126985.42,-2.500084,2.769945,-0.6488467
128902.59,-0.6880513,2.6902597,0.5311358
127945.44,-0.9671707,0.38490662,0.38471112
118553.14,-2.144946,2.9231088,-0.7361207
130090.67,-3.4587648,3.1811965,-0.46480232
128811.39,-1.5752368,2.212751,-1.0348647
128505.44,-1.9083086,2.4770715,0.48630157
118399.16,-3.127528,3.0118077,0.2767587
118710.08,-1.5293986,1.838288,-0.6756411
119758.516,-1.0020211,1.7165003,0.9372522
123126.11,-1.6903551,2.92502,-0.6501632
124275.49,-1.6267266,0.5529866,-0.6401121
129974.01,-0.12317535,3.0803177,0.37313467
127280.5,-1.1124635,2.178243,0.5277088
127369.5,2.0937371,1.4218961,0.5862523
121456.914,1.503014,0.91100293,0.6790769
126040.12,-3.3715677,2.646415,0.6894818
115830.17,-3.3847322,2.2262263,-0.5041506
126397.484,-0.19974412,0.78960294,-0.5988341
119087.47,-2.7106216,0.77116835,-0.57081705
120761.6,-3.109909,2.8017504,-0.63895094
132613.08,-0.7259785,0.22350483,-0.77468985
127995.96,-0.47209325,2.158824,0.44396242
125803.695,-0.7149937,1.1636124,0.65111274
120697.66,-1.9742725,1.3082488,-0.5398452
120107.7,-2.8703344,1.9195473,0.6302875
123210.81,-1.211703,2.5125911,-0.7630897
115254.484,-3.19045,1.5749594,0.7044387
123955.81,-2.4176524,0.93192935,-0.48433694
122008.2,-0.07621266,2.5916681,-0.6921285
115618.23,-0.83255255,2.9510205,-0.3647294
119528.44,-3.4716847,2.889665,-0.58777344
134006.03,-2.934148,2.4919424,-0.7169667
122985.48,1.0600144,0.9412955,0.5679642
116739.73,-2.8203638,2.9285562,-0.4547923
124248.86,-1.8442279,1.2100704,-0.69507235
134369.72,-4.59773,0.9260684,-0.76728976
120719.96,-3.194608,2.7719963,-0.48260966
117284.14,-2.4512594,2.866768,0.32771546
130912.56,-1.6532193,0.46361327,0.61608434
118888.28,-3.9141085,3.009128,0.5282315
121058.336,-2.0313854,3.161738,0.38673055
134014.69,0.34882906,3.0479925,0.32152537
115330.97,-3.590616,1.99793,0.5812057
129288.77,-3.762695,0.267008,-0.40661982
127210.79,-1.120353,3.0556111,0.47417507
123864.02,-0.5494204,1.958782,0.84803
131574.36,-1.5723003,1.6962762,0.5743755
121606.49,-3.4523377,2.534092,-0.7338979
116678.836,-2.2339926,0.7713654,0.48332632
126101.664,-2.4901612,2.4972506,-0.56693876
117596.2,-0.36969998,1.2874136,-0.92343414
132082.55,1.4960144,2.8096611,0.5109676
116970.305,-3.228165,2.058662,0.8611018
125673.555,-2.5985808,2.9675505,0.4671773
126574.445,-1.1856563,2.7864347,-0.9976215
127757.44,-1.2643191,2.8567593,-0.44499844
119839.92,-3.0659115,3.132731,0.2996629
127337.05,-2.4899666,2.7198737,0.3097949
123006.61,-2.9938052,0.2813561,0.44168842
115688.87,-0.060523637,2.42154,-0.62173265
126184.04,-3.1181579,0.4566065,-0.42772204
117712.664,-0.23839943,2.428316,-0.64862955
116707.586,-1.0322518,2.8072283,-0.5465069
117222.58,-2.9596212,0.24616301,0.35553145
131095.84,-0.31476948,0.2580753,-0.47627062
124813.68,-1.5605314,1.6359035,-0.61107033
126774.31,2.1563976,2.5639925,-0.8761072
126192.516,-3.3602967,2.5784187,-0.7627705
119631.06,-3.0831776,1.9917768,1.4798337
115464.65,-0.26652765,0.20549713,-0.6961396
123851.43,-1.5069051,0.24314894,-0.6469219
119009.57,-0.4281465,0.2651155,0.2775491
130723.14,-2.3290281,2.2580216,0.21289042
134548.69,-0.7736965,2.3437316,0.82066494
130863.25,-0.33105674,2.4289515,0.7029848
117801.63,-2.1182833,1.0660957,-0.638534
124394.9,-2.8939505,0.7604132,0.49550506
133642.69,-0.8815699,0.7185124,0.6704955
119367.42,-1.8528497,0.56260103,0.7469896
132990.27,0.77127016,1.1120123,0.76810163
123821.26,-2.4366508,1.8901784,0.55838674
122134.3,-2.017354,2.9862258,0.38497797
124221.16,-2.6960266,3.0184712,0.4025801
132977.33,0.83373004,3.1307876,-0.5979517
122068.32,2.0273821,1.108789,-0.79999816
124051.25,-3.2012823,2.8737764,0.2706663
119977.34,-0.8263891,2.7444038,-0.81894803
125320.43,-3.4988837,2.7819138,0.5013837
125294.195,-2.3300688,1.5317295,1.015867
127778.12,0.5674321,2.4248803,0.8249254
129166.65,-2.9163105,2.6803634,0.5352189
116253.29,-2.2450526,0.26473847,0.415889
118952.734,-2.8021238,0.537925,-0.4902002
127235.195,-2.8480124,1.2009003,-0.8057163
117709.2,-0.8722627,2.525809,0.75643533
129706.15,-0.2050545,2.9318712,-0.50066394
125787.71,-3.3584583,2.6207895,0.38297135
131855.4,-1.2765344,2.6456058,0.4751207
116389.39,1.6272781,0.9828592,-0.7362114
126839.7,1.0306077,0.72168756,-0.64717096
128037.79,-1.9959569,2.3221054,0.7762122
118929.25,-2.4605222,0.38459554,-0.9203892
115704.51,-1.9370564,2.3623955,0.5466522
127911.945,-1.0542442,2.9085274,-0.4021727
121803.8,-1.5350877,2.8686392,0.44531056
122215.49,-1.2142692,2.210155,0.6335457
127983.516,-2.5493166,2.873182,0.695827
130442.58,1.4625623,2.2429013,0.5748204
116790.17,-2.0007386,2.9580357,0.28302047
122031.82,-3.918729,2.4049182,0.34855562
123986.17,-0.15736614,2.60366,0.6557272
121393.42,-1.2247314,2.933024,-0.29407424
116354.93,1.8329104,2.4387476,-0.6345344
117072.23,1.4268627,3.1033692,-0.38409907
121245.97,-2.5181596,3.0116682,0.60416925
128321.26,-0.93909484,2.9457896,-0.820782
120658.65,-1.4804862,0.20400713,0.40719658
117233.92,1.0161386,3.0440617,-0.61329967
118798.17,-4.288114,2.7693253,-0.51454556
125212.41,-0.7629724,0.9206107,-0.9973649
123765.336,-3.2699647,2.3445957,0.69421357
130140.05,1.9698671,2.9011335,0.26567462
127776.92,-0.05541026,2.138482,0.8929948
118016.88,-0.5530201,2.3890398,-0.55169237
124808.38,-1.9195269,2.3792617,0.8375769
125305.49,-2.6630285,1.5918669,0.80775195
120436.44,-2.401035,2.181439,-0.7981935
121551.69,-1.886161,2.1781747,0.75768524
121557.73,-0.054392543,1.5753245,1.0140275
124133.35,-3.056398,0.9529014,0.50500804
122075.13,-2.554447,2.8992603,-0.4318294
121142.18,-1.4911882,2.770987,0.5610611
117629.6,-2.3750556,1.2519141,-0.901428
121264.1,-2.5965254,2.568921,0.50629306
121077.86,0.3541019,2.6721532,0.5260976
123701.18,1.2146907,2.180886,0.43921065
126502.07,0.25567237,0.8322886,-0.8609418
116955.34,-4.6771355,2.320537,-0.39646035
122217.46,0.0651056,2.5482287,0.52706873
119847.94,-3.556053,2.8351305,-0.68672794
120916.65,-0.6040627,3.0333276,-0.6710891
126985.25,-2.140142,2.6402245,0.8569866
118963.984,-2.5811977,3.1399693,-0.3066348
127774.37,-2.275547,3.134293,-0.96597135
121994.71,-2.9237924,0.57603025,0.6733629
116518.84,-2.8059654,3.1946855,-0.71511453
134432.05,-2.6010094,2.2129123,-0.8836149
121619.555,-1.0816678,1.8181003,0.84333044
116269.1,0.9475028,1.7667446,-0.8327674
116159.22,-2.719033,2.0451431,0.93833244
124175.86,-2.1336312,1.4209831,0.5676806
127587.98,-3.0447156,2.3860574,-0.72094846
115893.02,-3.5480413,2.2718992,0.43824488
120747.69,-3.594427,2.6619496,-0.48804483
124462.055,1.0980821,3.0555673,0.3828806
126492.516,-0.44768667,2.6572056,0.5452361
134802.17,-1.4649452,1.644141,0.6279508
121517.08,-2.8474536,3.264956,0.6172384
118424.82,-1.6431692,3.0429325,-0.3706089
116766.36,-1.1564704,3.0771472,-0.6522451
116067.49,-0.15022422,2.967964,-0.4562819
116082.266,-1.8939883,0.09246729,-0.3081997
128385.43,-0.65453035,2.8220391,0.69003654
128689.82,-2.6117969,2.213473,-0.63397217
121657.57,-0.86228466,0.055262074,0.47663587
121022.2,-2.1854956,2.5650613,-0.46358395
131323.6,0.987637,1.8101428,-0.7035863
120031.055,-3.7874148,0.4075582,0.65080327
132105.47,-2.4992428,2.4120262,-0.75461346
127377.14,2.1273634,1.602115,-0.814004
126549.414,-2.260767,2.7549853,-0.7655323
130311.5,-2.1555202,2.8796074,0.34888753
120680.9,-2.7176063,3.0587866,0.54487336
129393.98,0.5797907,2.855547,-0.37240607
121037.56,-1.2332706,3.1424596,-1.0197966
117853.875,-1.6060796,2.8203945,-0.7181455
117266.94,0.0669461,1.5739516,-0.7504188
119643.45,-1.7068624,0.8463623,-0.8339408
119491.99,-1.3083261,2.5719378,0.6349678
116083.15,-2.07582,2.1554754,1.0570714
118188.9,-1.6234521,1.2268443,-0.7338321
124930.87,-2.9861593,1.6278731,0.49153605
128147.26,-2.5259547,2.924276,-0.61261016
119932.89,-0.08398691,1.0228436,-0.6474262
117817.805,-2.040766,0.8640047,0.79580677
119215.27,0.429188,3.0745273,0.6987632
125410.9,-3.2785885,2.5459976,0.6384133
117092.95,-2.6409028,0.9082942,0.4758626
125456.65,1.8007995,2.3123305,-0.58496183
131069.49,-0.9814501,2.934429,-0.4092555
118561.414,1.5362684,0.445625,0.42348054
122251.67,-2.2847617,2.9716587,0.31124413
132904.97,-3.8779516,2.2135675,0.36612552
130062.086,0.43734214,2.6557293,-0.38124824
130284.41,-1.635334,1.4588321,-0.36437967
132262.78,-0.921565,2.8031092,0.72957695
129898.38,-2.6636028,1.3374552,-0.5082846
115418.32,-0.61449194,2.4028742,0.78940934
120046.266,-0.36765283,1.057143,0.81527615
134729.58,-2.9416642,1.8538957,0.6191368
127851.98,1.134757,2.144935,-0.7889681
131463.73,0.84036946,2.0117633,-0.570901
122919.71,-2.2586653,1.7630405,0.34502706
120011.57,-3.0128,0.058829043,-0.2923728
121132.31,-2.0606935,3.052933,-0.7065305
134613.34,-0.50881714,2.3426535,-0.7688001
127447.74,-0.9297835,0.32232088,-0.53603655
117995.56,1.8539673,2.1689658,0.52698046
128469.21,-1.9816382,2.4171247,-0.67388254
130586.38,-1.4840817,2.7197604,0.36716172
121965.42,-4.190928,1.7829511,-0.7866595
115569.95,-0.23953873,1.606295,-0.7802175
121173.375,-1.3097365,1.6685468,0.88352984
123453.8,1.0661496,0.19481713,0.5100229
115144.5,-2.306089,1.048492,-0.54938847
126568.21,-3.302659,1.3647213,-0.59325564
129723.375,-2.4512825,1.4272422,0.33957708
125007.28,1.1467975,1.9361095,0.5191652
132624.44,-1.9168402,2.4646251,0.89458686
119227.68,-0.93391395,1.8972503,0.2502454
127554.21,-3.840003,3.0348003,-0.67512566
124164.76,-0.16342732,2.9051247,-0.5306649
130598.9,-4.125501,0.69827026,-0.93438274
131440.84,0.35505417,0.17772663,0.61220336
129031.77,-2.3842006,1.7770782,-0.89088994
117418.51,-3.9525213,2.0881116,-0.6377667
120611.11,-3.8245137,2.9744546,-0.6193916
115419.99,-2.6976833,2.337447,0.41543266
130342.7,-0.61698955,3.132322,0.4018065
133869.1,0.39425087,2.126364,-0.54741746
124785.305,-1.2111264,2.442151,0.37302878
133164.9,-2.4349346,3.1476302,-0.682514
117008.45,-0.25826022,2.284333,-0.7828904
123649.305,-1.526322,2.647017,-0.1527169
125798.11,-2.4936283,3.0696483,0.15075512
117347.48,-2.9060848,2.6171303,-0.4753659
123510.45,-3.4195173,2.4057314,-0.75509614
115938.35,-0.517906,0.25738096,-0.45054573
127954.22,-2.9832253,2.5335858,-0.7233166
115564.484,-2.82347,2.548719,-0.6130122
132534.75,-3.070125,0.61846036,0.44437596
117999.875,-2.3277037,2.8178346,-0.25341263
133907.16,-1.1260588,2.820768,0.5813879
127166.04,-3.0468273,2.719044,0.39474207
117400.26,-1.5307249,2.7747,-0.7949414
127236.45,-3.994836,0.51477283,-0.68648607
119725.34,-1.6261263,2.7630806,0.9135901
122020.41,-0.5460497,3.1630194,0.38099572
116732.05,-2.1555445,3.187235,0.48027104
121680.48,-3.1110957,0.7908551,0.6928735
116098.055,-2.4142783,2.1718688,-0.6026126
126274.31,-1.0350578,2.115037,0.7009698
126646.27,-3.650944,0.5092875,-0.47305846
118682.91,-2.6560879,2.348169,-0.8136905
124887.39,-1.9629543,2.594637,0.4250624
124390.375,0.9351924,2.9362507,0.4153243
118955.28,-2.517962,2.9180984,-0.57385176
125669.195,-1.2203324,2.9094658,-0.35428026
121162.54,-1.0490894,2.811564,-0.5876812
131401.84,0.30797988,0.89643544,0.60952777
120542.8,-2.5070155,2.8097792,-0.7357547
133007.12,-3.1674201,2.988381,-0.6027231
116958.875,-1.3613596,2.146719,-0.646585
128618.445,-3.7805078,0.48310244,0.402922
121852.54,-2.4679809,3.0863233,0.49287403
127255.914,2.7865627,1.5007029,-0.7838445
134530.22,-4.1980557,2.9778636,0.64906514
115756.0,0.13670151,2.7273746,0.36126038
118577.375,-3.1453521,1.6688418,-0.9009788
122892.414,-0.48971233,2.8644032,0.47712964
126081.68,-1.1212447,2.1211035,-0.5828125
123546.46,-0.17390549,1.2899517,1.1374085
130408.28,-2.794245,1.804527,0.77216136
129238.13,-2.5126708,2.5902035,0.5027752
123565.57,-3.741027,2.5791533,0.459823
128607.93,-2.072963,2.469242,0.6744604
129094.09,-4.0811768,0.15550265,0.44567385
124775.69,-2.3856091,3.1655855,0.52555424
115052.414,-0.94853467,0.91509694,-0.657771
123208.734,-2.570588,3.0053728,0.77089936
119543.58,-0.5040809,2.1094544,-0.68137246
118857.35,1.4284538,2.3557043,0.47747386
115756.4,-3.148945,2.937047,-0.5434246
128264.38,-1.187429,2.163324,0.55012083
128471.625,-2.5844193,2.6089418,0.8525701
134597.03,-1.7746241,-0.009011675,0.2697171
130254.39,-2.783266,1.3100072,-0.6291626
134384.56,-1.9867048,2.6694038,0.598351
129931.57,-3.1319017,2.8688445,-0.7606553
117205.664,-1.2500129,0.6324776,-0.5849973
133724.08,0.7173288,2.403383,-0.7388796
134814.83,-0.080577984,2.210716,0.47557187
131363.72,-1.1178778,2.0438242,0.9829948
122095.43,-0.97477275,1.7910362,-0.535326
131465.58,-1.0652779,1.6495609,0.63320255
118204.27,-2.2609026,2.7494564,0.29100576
119240.96,-2.0380473,3.0384817,-0.3031533
126540.195,0.27011982,1.5620012,0.63989174
124617.16,-1.2267218,2.7273316,0.46523735
126163.32,-0.10601332,1.2833608,0.6494808
124817.76,-3.7692263,1.6184132,-0.6661436
124026.836,-1.1991329,2.6588898,0.64466274
118368.914,-0.8073855,0.790425,-0.577705
116093.32,-2.9399147,0.5857422,-0.459324
122902.74,-1.8158493,3.1045964,-0.39667594
132268.02,-4.5404506,3.0356011,-0.3033954
126156.07,-2.8293438,2.6918654,-0.56772363
133076.03,-3.2032576,1.3162849,-0.6610842
129063.2,-0.107213564,2.8449602,-0.6342119
126874.77,-3.665293,0.15380122,-0.4098556
123060.2,-0.38531289,2.8366113,-1.0202591
127308.76,-1.1949993,1.4331845,-0.7133007
122090.945,-2.0010276,1.8852401,0.4470031
132069.73,-0.5232684,2.988702,-0.7392174
132166.62,-0.085943125,0.22747763,-0.60218626
121427.79,-2.9760363,0.8734604,0.5498847
134516.25,-1.8282572,0.72681314,0.9359707
134044.67,0.09171501,3.0143948,0.40188137
120774.516,-2.1272213,2.7213707,0.57929444
130342.375,-1.5709716,3.0611546,-0.4831102
115989.31,-1.9194611,2.978882,-0.68085736
132063.4,-2.6754906,0.47792473,-0.36636153
134564.25,-1.4768069,1.593904,0.7365125
117905.94,-0.3881773,0.1220747,-0.36736172
124618.414,-3.1174934,1.6057577,-0.8867114
118728.65,1.2068534,0.70392746,-0.65051585
127962.66,-1.8074803,0.20329298,0.40216014
125764.94,-1.0876718,1.0088668,-0.52111256
115436.88,-3.3254263,3.0085351,0.5564245
122396.625,-3.2463393,1.0388794,0.55960155
122537.57,-1.3434378,3.0374644,0.5993813
116184.58,-0.779094,0.43014818,-0.49372572
115035.22,0.1740801,2.6896544,0.70088124
123064.49,-2.3948503,0.68394303,0.5303237
126711.766,-1.7400228,3.012789,0.42483687
124833.02,1.663032,2.0115287,-0.62450004
115270.56,-0.094658636,2.69379,-0.7867595
126673.91,-1.0786098,1.9563915,-0.7458907
117823.12,-3.560349,2.838866,-0.2558206
117914.234,0.46164677,3.1679344,-0.46398714
130108.99,-0.2873173,1.5061998,0.61922127
119052.016,-1.532522,2.9656029,-0.4697744
118400.39,-0.28262824,3.0246036,-0.35641605
134273.1,1.8966867,1.8654144,-0.6530545
132409.02,2.0787404,1.3307309,0.7544129
119850.65,0.5634935,3.099212,0.57030326
134055.55,-3.005643,2.8707428,0.4818853
122949.01,-2.2208068,1.3060161,-0.71847236
116473.164,-3.4384208,2.9094744,0.70213276
119342.76,0.5998344,1.7259675,-0.78435993
132552.9,1.1640673,1.6703502,1.0563889
115539.93,-2.4156814,1.0386499,0.4553062
121387.56,2.4308503,0.39154404,-0.71045774
131795.86,-1.4846431,2.9697943,-0.40382934
119147.69,-0.5951987,0.03428195,0.3962599
124755.836,-3.1162999,3.0378554,-0.44307238
125050.08,-0.4523644,3.1359992,0.56232566
126852.19,2.0438764,2.7658029,0.7179486
126663.94,-3.0632105,1.953162,0.49481648
118485.47,-3.349975,2.9755685,0.4423394
115479.2,0.12962605,2.6675115,0.4486967
115780.914,-3.1249585,1.5605818,0.4580494
119340.03,0.717335,2.8317792,-0.44066826
125803.695,-0.47004026,2.46794,0.5700672
115151.4,-0.53602034,1.7374449,0.77985454
129968.62,-1.2021437,1.0228283,0.6074912
124966.34,-0.45566413,0.73344016,0.46021625
119030.77,-1.8198861,2.1337032,-0.72205347
118477.625,-1.0766525,2.8465145,-0.5175646
130968.85,-2.605771,1.8903966,0.7071583
124679.9,0.71023405,2.8678975,-0.53154695
125611.13,-2.7157438,0.30855775,0.44148716
133512.72,0.05156257,1.4717344,0.8793059
124769.66,-4.2556577,2.5492404,-0.31767833
120159.055,-1.6355734,3.055337,0.27353334
121741.93,-3.8323812,2.0908263,0.3700489
124947.31,-3.4205089,2.0092242,0.66787815
120635.61,1.8441029,2.2051563,0.45178533
131453.28,-1.4700596,1.4734733,-1.0693665
127369.25,-1.9405146,2.0444803,-0.6004965
122832.695,-1.5853109,2.8186133,-0.39888212
116751.555,-1.1112945,2.1961071,0.7054665
120858.414,-1.9571403,1.8036041,-0.75444484
120420.33,-3.050623,2.0928783,0.7298696
121858.92,-2.4994423,1.034269,0.6909476
129019.46,-3.4465256,1.0139691,-0.62234986
121513.29,-4.21656,1.3517284,0.49598902
124611.57,-1.0863637,2.1709852,0.42356092
134737.5,-0.6369268,1.9049515,1.0726459
122449.914,-0.54134685,0.65088224,-0.36832982
117024.14,-2.9360516,2.8140213,-0.41133112
124873.83,-2.1555202,1.7637873,-0.40513718
130172.08,-2.6483943,2.980683,-0.7882854
134880.53,-2.8238702,2.8947845,0.41671416
130164.87,-1.2114543,0.6377642,-0.6035147
116495.42,-2.6762724,2.3973355,-0.6445794
129060.164,-2.6453729,2.4642408,0.54919106
128901.11,-4.1941094,3.0555437,-0.46392646
120406.055,-0.4944596,2.0900767,0.5699432
118140.37,-1.7931138,2.8366792,-0.5283744
120813.555,-3.8018243,2.353304,0.70799893
130827.7,-2.6891658,0.5090618,0.32280025
121735.24,-2.9463573,2.7486727,-0.48255402
118450.03,-3.1202457,0.8779517,-0.7562845
116181.74,-0.9058398,2.3985262,0.6851953
115073.01,-2.8001544,2.9348145,0.92182976
115969.97,0.24710737,2.7785213,0.4881285
120113.27,-1.8949206,1.1521962,0.6469275
117807.76,-2.9392033,0.021193668,0.5246935
121441.81,-3.8146262,2.2406905,-0.93918216
115263.14,0.8857469,0.1552508,-0.47996104
130429.055,-3.1638577,2.2964752,0.48071328
123679.234,-1.5725225,2.3363907,-1.0463399
123074.75,-3.488172,1.1689259,-0.6026374
122070.92,-3.5024443,1.7278824,0.9427464
116657.35,1.5208982,1.478364,0.87728417
122522.805,-2.524799,2.955624,0.57094926
131831.23,-2.9353795,1.261734,-1.0346195
118742.24,-0.43214265,2.3369591,-0.65024257
132188.08,-1.5895516,2.6235456,-0.9264755
127246.23,-2.5558054,2.4140933,-0.5102384
115414.945,-2.6457522,2.9721334,-0.75794756
124405.77,-3.9088094,3.0421875,-0.37760007
115312.9,2.6872728,1.337653,0.76254344
125443.945,-0.6613096,2.5733705,0.6738638
129666.55,0.4652155,0.52444655,0.4802491
125787.22,-1.7674419,3.0422757,0.653114
133578.83,-2.6611464,3.0999982,0.52957124
122679.53,-1.6368573,3.1022356,-0.5084158
125483.18,-2.388449,0.05501354,0.20881373
123006.86,-0.08254557,0.41403386,-0.6216656
125668.32,-0.47728172,2.5913336,-0.65775037
131082.98,-1.5766312,1.9168402,-0.45415103
129071.49,-2.8084803,2.720907,-0.7424484
115481.0,-0.48494542,2.353287,0.5398853
131252.86,-2.4803247,2.5856247,-0.73209035
123550.49,-1.8783867,2.4852629,0.7587074
131629.45,-2.1296117,1.0774605,0.85931784
121721.0,-1.5056329,2.220836,-0.49800983
125161.75,-1.6527368,2.2994108,-0.72584575
120331.664,-1.9549803,2.6727498,0.5380305
121137.234,0.86660075,2.8007083,0.5968517
119054.836,0.38743237,0.50761145,-0.57031476
122106.586,-1.7479168,2.9476895,-0.6598396
119893.98,-2.817819,2.7759862,-1.0061067
121495.98,-2.5985804,0.3791537,0.43385124
119439.164,-2.7365704,3.03371,-0.18995664
118313.09,-2.7550688,2.635333,0.6056799
125401.13,-3.428085,1.2696453,-0.47688204
121247.65,-0.5172778,1.9782796,0.9218442
118375.766,-2.224536,3.024359,-0.6158252
131682.42,-0.80290234,1.2419924,0.58111316
116283.984,-1.4991274,2.2478833,-0.7099421
133969.2,-0.6273892,2.691007,0.31008083
119275.71,-1.8951159,2.4436972,0.5687892
130542.984,1.792465,0.92240095,-0.59592444
120869.05,3.6229663,1.5046262,-0.7003699
122691.89,-2.7083256,0.30342737,-0.6133456
124466.67,-2.6449392,1.8554484,-0.85674125
116809.625,-0.9344103,2.1413462,-0.7225061
126159.47,0.04646262,2.5662951,-0.53763926
120132.734,-2.549032,2.5192888,0.6217213
121906.51,2.3939176,0.33230397,-0.6459209
129457.34,-2.217399,0.31958285,0.80026025
127476.12,-1.5419704,2.8000064,-0.44046986
121467.8,-0.33184093,3.028596,-0.7011281
129092.6,-2.9762266,1.7252909,-0.7376933
127041.17,-3.8074994,2.361005,-0.37408558
115668.52,-2.3729463,2.6969936,0.6953983
122213.91,-2.7576773,3.0441568,0.63975877
116868.46,-1.758403,0.8555566,0.6387836
118257.62,-0.80795616,2.8236814,-0.5506557
122919.125,0.098503225,0.70411944,-0.75114757
115945.12,0.30233645,2.8669796,0.37042308
124463.9,-0.22070494,1.317144,0.6596592
130145.63,-2.0313156,2.391219,-0.5095469
134843.39,-2.660083,2.8691428,-0.4593763
133727.66,-2.7524142,0.28820392,0.42954996
118063.98,-1.3049488,0.66874665,-0.8298852
130909.95,-2.7060866,1.895227,0.7061205
131194.8,-2.5697572,2.877404,0.56386524
130596.62,-0.5941927,2.4434621,-0.5830921
125188.21,-0.81946135,2.171964,-1.0362073
128157.84,-3.3493452,1.3530095,-0.5837302
124420.91,-2.6949637,2.9759939,0.5321046
115269.055,-2.8015108,1.9296801,-0.63119507
120948.41,-1.9512955,1.8537568,-0.914726
119188.02,-2.6421387,0.6800566,0.87999094
124619.445,-3.4768233,1.9720142,0.5535082
118309.13,-3.5842361,2.611671,-0.5819529
116590.86,-0.1250961,2.5016272,-0.63239664
123670.43,-0.9092305,0.26409665,-0.4369266
123013.695,-3.026642,1.952943,-0.6221986
117750.97,-2.5368714,0.8427923,-0.6421234
131937.62,-3.0152557,0.88897413,0.6398115
120610.29,-1.2949232,2.8806732,-0.48330885
123553.32,-2.5183773,2.9184954,-0.49201182
121669.555,-0.700723,2.8188362,0.9616361
127409.61,-3.4997013,2.120982,-0.58319396
120151.484,-2.9879503,2.7138295,-0.7556315
120392.53,1.1546237,2.7957957,0.5281634
132553.2,-0.57906026,2.7503228,0.5047824
119656.91,-1.5703565,2.339202,0.6715435
115046.33,-3.8623025,2.228942,0.4473475
126838.29,0.6722097,1.5354437,-0.46668282
121176.56,-1.9473314,2.7971687,-0.57615465
122208.016,-3.178738,2.9065049,-0.5781007
120840.34,-2.920739,1.5979339,-0.7085118
122348.7,-3.049089,2.0995133,-0.6754376
134706.6,0.34989637,1.4036806,0.5769158
128933.695,1.1613107,0.5676198,-0.52983147
121340.055,-1.2631326,1.6195755,0.3989553
118557.336,2.3026264,2.2781985,0.6004601
115885.81,-1.1330057,2.8296785,-0.7449048
120167.77,-2.807556,2.9897428,-0.45595008
126828.53,-3.0569842,0.24671845,0.6483697
133227.8,-0.070922256,0.33949864,0.7653481
124764.4,-1.0441159,2.9456477,0.47634265
123806.36,-0.87323743,1.7181914,0.86076224
120379.75,-1.3285134,1.101026,-0.9214245
130689.516,-1.200246,2.2498138,0.637337
124054.09,-2.9716265,2.3102672,0.73962355
118216.805,-0.40919977,3.0501251,0.37668374
126841.03,-1.2644879,2.3568046,-0.4656541
129328.44,-1.6620694,0.89089614,-0.7459116
132217.17,-2.4229686,2.7822032,-0.66039556
118982.34,-2.240248,0.2876853,0.37229154
115855.67,-2.3859508,3.1519673,-0.34052843
120436.08,-2.0475159,2.639152,0.74863315
120966.33,0.71018374,3.0183918,0.43491346
134766.3,-0.74160624,0.7078165,-0.6737794
128558.22,-4.0990505,2.5175595,0.4750526
125274.26,-3.5968559,0.5141648,0.73491853
126390.64,-2.973359,3.0040443,-0.55748564
118279.08,-0.67223173,1.3836327,-0.3908782
129417.92,-0.71511596,2.4685247,-0.49642968
123762.56,-0.9858471,1.4097776,-0.612696
117354.375,-3.5641236,2.602463,0.2969224
133015.86,-3.9087772,1.8302224,-0.83422947
120208.664,-1.7773297,2.043017,-0.4228359
115020.44,-3.351423,1.3355243,-0.93538547
121605.33,-1.6208738,0.7458976,-0.6128437
134759.6,-2.2565825,0.2243469,0.27854216
121837.53,-3.5760057,1.9003289,-0.72990626
115565.914,-3.0902138,2.881864,-0.47538346
115851.92,1.1241783,2.4251072,0.6032327
126304.055,-3.0023973,1.9977607,-0.798131
117638.26,-0.97926277,0.4730041,-0.55397475
115204.6,-0.20797057,2.188329,0.5876498
121027.05,-1.3852341,2.9413753,0.51010436
134019.62,-1.1474164,0.95540375,0.63469136
120586.805,-1.9642655,2.764126,0.65882534
125529.4,-1.7243117,3.0669177,0.5343296
122172.49,-3.8147068,2.6103613,-0.5746881
124951.836,-1.3736566,1.8407211,-0.9015929
131574.78,-0.414734,2.9314036,0.42008585
123102.24,-2.2561436,1.7048129,0.5440206
122654.86,1.4681506,2.0491335,0.8081149
126964.69,-1.0069374,3.1222196,-0.9538138
115360.25,-2.2663867,1.1470813,1.102423
134305.22,-3.3254843,0.80078274,-0.420195
119875.875,-1.3226106,2.1481612,0.81064487
118150.72,0.0336976,2.2949724,0.8188072
132566.94,-0.7060392,2.0291784,0.60508907
127973.984,-0.17834488,2.669324,1.0853477
129549.35,1.0063671,1.8047885,0.69872826
117307.836,-2.9735286,2.854723,0.8948519
124918.8,-1.0482202,2.6896563,-0.92938334
127183.2,-1.7041616,2.947615,-0.39105245
115181.37,-3.3999763,0.6708767,-0.6715457
134312.55,-2.9889917,2.8371758,-0.7103719
115990.44,-0.262982,1.7132,-0.7220714
116911.13,-3.560738,3.162751,0.6297703
121488.836,-3.3849044,0.2975762,0.2635514
122148.945,-0.8418208,3.0504909,-1.0285803
124177.17,-2.0494123,2.376425,0.5545157
119886.266,-0.40265298,3.1884046,-0.35123247
129258.08,-2.6748796,0.33065328,-0.35824448
126589.21,-2.74772,2.1185842,0.551172
129358.55,-1.953647,2.913954,0.5669651
119464.87,-1.2590228,2.0729437,0.7897974
122730.586,-2.3215816,2.4616783,0.5497551
134575.38,0.67955446,3.0409484,0.42202222
126349.86,1.6515661,1.6237527,0.92904925
127827.734,-3.1231859,2.5462804,-0.73993695
129555.69,-1.16776,1.1220179,-0.8518185
126231.96,0.88067174,2.976515,-0.42780358
118085.02,1.4993213,2.237318,0.5696546
130257.14,-3.82931,0.7693486,0.4142963
127356.13,-0.7259062,2.4244444,0.61512464
120087.62,-1.559369,2.075645,0.53936815
119862.82,-1.4520104,0.16481324,0.50034004
122300.28,-2.39206,0.98175365,0.6049047
132631.2,-1.3769704,1.2995523,0.5210036
115584.51,-0.8300039,0.5942491,-0.72195613
128582.43,-1.0904663,2.8530068,-0.52512664
125189.33,-2.9141343,2.967421,0.7505235
126571.19,-2.8049412,2.9242396,-0.40683275
122082.56,-1.2344774,2.5556364,0.41724232
123137.52,-3.6047778,2.0905313,0.5686649
124510.02,-3.9823604,2.7815895,-0.32390666
122695.836,0.6331397,1.1894408,1.1659789
122982.35,1.8259976,2.8237329,-0.8490536
118798.734,0.41313183,2.5346816,0.7297379
120146.15,0.98583853,2.544861,-0.8626019
130370.49,1.7954606,1.2039483,0.6178339
122278.34,-2.6666064,1.9781334,0.71965736
117990.29,-0.86889654,3.1366615,-0.3421401
119840.13,-0.598556,2.5511825,-0.47231194
127634.5,-0.22644997,2.6781642,-0.27050543
126038.555,-3.1018524,1.0581146,0.46435943
128385.234,-0.18495366,1.9019719,-0.69680023
117798.4,-2.8106885,2.7010224,-0.5461334
118675.555,-1.872379,2.6262517,-0.6463434
117362.164,0.11516519,3.162059,0.24687494
125127.484,-0.7286439,-0.09357297,0.5643659
126080.11,-1.2821909,0.15891877,-0.61941284
118214.5,0.72400266,1.301539,0.63453627
115774.23,-0.3799512,1.7195368,0.57478136
117545.37,-0.9414406,2.6604464,-0.50827163
127647.3,-1.2584529,2.9962165,-0.46307263
119914.664,1.2721347,2.3259945,-0.45637032
129695.6,-0.21458212,2.3916357,0.61748475
122483.12,1.5231988,1.340817,0.38638866
124666.63,-2.151199,1.1594107,-0.8400371
122953.32,-0.9742868,2.2089791,-0.6815967
115553.8,-0.31001565,2.5876667,0.55227005
118135.336,-3.513358,1.8314506,0.30084652
115840.05,-2.156727,3.0116868,-0.6303716
132309.03,-1.179134,1.927211,-0.82620114
118713.484,-2.6919038,2.1377587,-1.0605391
118867.52,-1.6665777,2.282199,-0.86268336
116197.01,-1.0318317,2.9682536,-0.31456414
131432.33,-4.642426,2.0110471,-0.9649444
119386.766,-2.8332357,3.0680928,-0.4220439
122540.875,-1.2962902,1.0434209,-0.5640544
129923.984,-2.5324905,2.9446824,0.6235388
122986.87,-2.5101078,2.1851344,0.6788396
121854.305,-0.5126407,2.8351,0.74713594
132841.16,-1.9717152,1.1352572,-0.9451895
133158.36,-2.8050926,2.8956966,-0.64479715
122568.61,-2.9328156,1.677712,-0.74283606
116266.56,-1.8699635,2.3155086,0.71532005
116196.945,0.49831557,2.8001513,0.27591628
118178.88,-2.0285113,2.0439706,-0.7556864
126150.35,-3.3165817,3.0044472,-0.7076152
133579.77,-3.3842134,0.8336068,0.516744
131427.67,-1.9642506,1.5363963,-1.0239358
124387.27,-1.0677297,2.6853151,0.5913381
129915.0,-3.2687337,2.2865548,-0.45613056
124180.55,-1.7926457,2.1643274,0.47888723
129496.26,-2.880707,2.1852386,-0.43244848
115969.414,-3.4111507,3.0201194,-0.652274
116010.16,-3.2921216,2.5946357,-0.6442121
134296.02,-2.0750153,3.1616035,0.42243615
125658.23,-0.54014355,3.0201178,-0.76561934
122963.51,-2.38817,1.8845047,-0.56484604
132858.34,-2.699384,2.983087,-0.35400283
129969.836,-1.8738227,1.8117427,-0.43904942
121756.54,-2.9925144,0.4594205,0.51741904
123940.08,0.7706709,1.3351847,0.4537522
119401.59,-0.86588025,1.6662891,-0.5829633
122845.18,-1.0334287,2.3452907,0.4125649
116292.87,-3.099253,1.0784221,0.7036729
115781.375,0.8951808,2.4352252,0.6373525
117535.69,-1.904318,2.390649,1.2156951
129309.86,-0.5831125,2.5451748,0.57025176
115323.414,-0.87642384,2.759488,0.53600144
126711.97,-0.50700766,0.048492372,-0.38617298
131096.03,0.3709843,2.2250133,-0.74819523
119363.555,-2.0460978,2.2699745,0.47368592
123949.07,-0.7646834,0.1672313,-0.39454305
122754.33,-2.4796438,0.2003633,0.32515267
116905.18,-1.6951678,0.7054503,0.53648484
127659.664,-1.5016925,3.0823119,0.49779424
127853.32,1.1729984,1.8833656,-0.8898994
118904.02,-0.22855635,1.6943084,-0.7079029
118439.836,-4.1692247,2.3501523,0.5267924
118295.18,-1.1692282,2.4187262,0.7001203
115996.41,-1.4360796,1.7766832,0.7035882
123198.77,-3.9198182,2.5301719,0.6367871
122889.734,-1.6831588,1.4150321,0.46327138
134507.67,0.91553444,1.6553209,0.7456903
117698.65,-2.4574666,2.3443005,0.5113787
120858.82,-3.8580077,0.6847047,-0.6019153
131879.78,-2.7683945,1.7293502,-0.5362422
125554.02,-0.33359912,2.6387572,-0.76174563
130505.53,-3.756931,0.4876255,0.4723745
123368.73,-2.4832888,2.2356145,0.7461457
127527.55,-3.6249526,2.6069112,0.4391185
131011.875,-3.9521835,3.0924337,-0.24726523
125153.91,-0.9163266,2.680015,0.6425271
122084.53,-1.4812825,1.7198398,0.7351925
115666.31,0.92452204,1.5665851,-0.42442307
124976.266,-0.88675463,2.7276292,-0.40556866
128763.805,-3.524732,1.1311563,0.6402581
122171.3,-3.309064,3.013558,-0.41999495
115894.984,-1.2395264,3.0749068,0.6247296
116392.64,1.138695,2.4476836,0.53095376
134581.78,-2.8160985,3.139191,-0.7574536
118200.64,1.0974691,2.6371434,-0.65021574
118689.19,-3.5348885,1.3177598,0.7847785
127874.98,-2.1841438,0.9827965,-0.086319886
131634.36,-0.9079355,1.4882754,-0.8663317
123757.516,2.6851766,1.8188044,-0.72356355
131723.64,-1.0630747,2.9515178,-0.49280593
122770.695,-2.7192624,0.78522414,-0.63691926
134660.75,-3.6294055,1.607254,0.6299544
133339.22,-3.4269955,2.451335,0.49282268
134612.12,-1.1502739,0.7733381,-0.4103704
119295.734,1.6582744,2.8012826,-0.5580181
115250.21,-4.029519,2.5696414,-0.3789122
122348.21,-1.8694597,2.7663488,0.72919744
120468.58,-2.8339598,3.0626955,-0.5831265
131701.4,-2.746371,2.9450457,-0.31715748
132236.94,-3.15078,2.9316936,0.54565126
115674.84,-2.391325,3.09457,0.26002696
122160.0,-2.6380262,2.7709765,0.53828365
116617.086,-1.5007771,2.8439987,-0.48750508
122319.5,-4.0977683,3.0095637,-0.61678195
127645.164,-2.4019434,3.0734897,-0.41927016
116661.875,-3.4388976,2.4710975,0.61485636
131289.12,-2.7840967,2.972247,-0.4684234
126487.11,0.9666772,2.3210955,-0.76642907
115796.17,-0.20582941,3.0011892,-0.79117775
125197.5,-2.9707885,2.2250786,-0.43469527
134986.98,-0.6901852,2.1632285,0.45716023
128165.79,-2.3749096,-0.06687329,-0.18612576
121739.73,-1.7319964,0.20749103,0.31467357
127462.734,-0.42976418,1.7477076,-1.0021727
123325.914,0.84229404,2.766267,0.6447032
120352.42,-2.3733888,2.8726542,-0.3640713
132063.2,-0.49315086,2.67339,0.57243127
117885.28,-3.0591097,2.2305386,-0.863795
131415.66,-3.0313005,2.9827878,-0.6247382
123760.48,-2.2196937,1.8481706,-1.1384923
129617.07,-1.4996231,1.671102,0.6704226
125426.87,-0.594637,1.3333732,0.59071845
124824.62,-0.658448,2.4150894,-0.6203428
125684.37,-1.7942466,3.0801342,0.27270538
128539.414,-3.7165246,2.72309,-0.9960055
126469.234,-1.203878,2.423283,-0.40877226
117491.02,1.8812305,2.0144029,0.78209877
134770.0,-1.646647,1.8381358,0.8488125
125485.64,-2.5548756,2.86428,0.33312157
128543.836,0.0022431086,1.4956694,0.6751449
121963.02,-4.1123905,1.5761236,-0.7555149
117538.586,-2.3464363,1.5519801,-0.6819765
130667.17,-1.2338871,2.420998,-0.46860504
127982.64,-1.8154557,3.1930428,-0.6708094
126815.305,-1.558798,2.8442855,-0.6144985
128644.01,-3.690298,1.1948656,0.5915256
115427.37,-3.121963,2.8095286,-0.59170794
116465.625,-3.8940527,2.4474897,0.3970191
125122.95,-2.9042895,2.3726766,0.36804745
120309.266,-2.1374178,2.9796312,0.65338266
118958.555,-2.746462,2.3819566,0.6033799
124580.664,-1.6657153,1.5881591,-0.5674046
128997.4,-4.395994,3.010919,-0.6695913
125848.76,-1.385934,2.8314571,0.59394705
117587.11,-0.9689851,2.5367157,-0.42719537
129131.08,-3.3541484,2.8802612,0.46158525
122483.586,0.9587497,2.7013676,-0.556512
131153.89,-1.2245686,1.7657009,-0.56659824
132889.12,-4.322351,1.3718971,-0.65702486
118435.305,-1.4498018,0.83484346,-0.8019605
128738.19,1.5573108,0.6568532,0.7462937
133357.44,0.75042886,2.3192148,-0.5523071
126362.46,-1.2198365,2.7586133,0.61135346
120566.94,-2.6074822,1.972025,-0.5308556
125286.375,-4.8635726,2.737711,-0.46531087
120317.555,-2.4308348,0.4404394,-0.53834337
118133.08,-2.5589607,1.6560798,-0.93830043
134988.05,-1.4550374,2.3052092,-0.41343692
124641.28,-0.3489544,3.1044044,0.5793549
119447.25,-0.23202966,2.9491014,-0.6357205
130608.35,-3.679007,2.9331634,-0.23049213
124900.23,-1.1579965,0.6487367,-0.3454431
125293.18,-0.101426534,2.1493845,-0.92244875
123547.09,-3.5011644,0.63498324,-0.60028416
130696.8,-1.4370412,2.7088013,0.69918746
128752.54,-2.2858658,2.6334789,-0.6875744
132649.98,-1.9792212,3.2230163,-0.6993851
122992.74,-1.5181947,2.2955902,-0.45251706
116765.41,-4.237303,2.8200338,-0.50386953
117845.13,1.0137829,2.522031,-0.6681066
120181.555,-0.8264269,2.9621592,-0.4408931
120367.34,-3.193586,2.9945867,-0.60529304
129807.91,-0.41433656,2.2936635,0.43296745
117972.914,1.1100695,0.7269137,-0.6963174
116239.69,-0.9463804,2.311977,0.75360286
134289.27,-0.37014875,3.1317852,0.6936359
124110.48,-1.697963,0.7507986,0.58272624
130954.12,-3.3063724,3.0873108,-0.5341963
128339.35,-0.09364574,2.3215349,0.31478196
122264.61,-2.060591,1.5247902,-0.92443573
129995.15,-0.049760986,2.8412073,-0.5942807
127747.836,1.854081,3.136346,0.58374834
123807.71,-2.341371,1.4987655,-0.87534136
119252.27,-1.3445182,2.4759195,0.5042093
121729.1,-3.3971727,2.9560935,-0.6175953
115565.54,-2.5007463,3.0181172,-0.5773636
119826.41,-1.3121617,2.8169026,-0.51513714
115623.55,-2.4160404,1.3153529,0.60187846
117726.8,-3.0565102,2.162634,0.25732443
124111.71,-1.3634526,2.383636,0.58128875
124411.83,0.25486302,2.1427794,-0.5722447
131206.48,1.5936772,2.5508933,-0.65709114
133110.61,-4.1061454,1.187583,-0.45147792
121040.83,-1.5576025,2.5208108,-0.92408556
129349.19,-0.86037976,2.6025994,-0.8181466
117294.37,-2.6369877,2.6113827,0.7098642
130462.26,-1.5548366,3.215374,0.5826551
123811.32,2.1687796,1.9474407,-0.698624
127008.91,-2.4540076,2.3629532,-1.3788943
117444.2,-2.5211313,2.113937,0.7358579
134223.98,1.0942936,0.3139613,0.651001
118587.484,-2.8590615,1.5487072,0.44351393
124460.02,0.0060315616,3.0900235,0.19902751
130515.695,-2.127637,2.7077034,0.7494534
128791.445,-1.7104404,2.8842645,-0.55295867
123580.74,-1.6575382,0.80682033,0.97759813
117326.836,-1.090512,3.020929,-0.6321443
129225.984,-1.6401378,3.002496,0.45894673
117958.95,-3.908794,2.028615,-0.4301867
120442.15,-1.6586795,2.472007,0.81624013
121013.42,-2.2873182,1.6025351,-0.5386551
130109.73,-3.2469254,0.19946194,0.4557688
131855.25,0.54697305,2.8505049,-0.52907246
128051.97,-1.1858709,2.9929485,0.6256752
122321.62,-1.8366976,1.3034965,0.73867416
116009.88,-1.4822553,1.0836177,-1.0554507
131147.14,0.076910764,0.9762382,0.6140952
119320.34,-2.7141676,0.62222457,-0.38537002
115674.98,-1.6606377,2.555686,0.50584835
119745.06,-2.0983787,1.026492,0.6157845
116999.85,-2.4710665,1.6455729,0.6235524
121761.32,-1.2781842,0.4443696,-0.5124334
123758.555,0.32241115,3.1279771,0.63721204
125982.57,-1.1278818,1.9021848,0.86555564
132224.83,-2.047291,2.4687388,0.7035536
129066.57,-3.055996,1.961372,-0.5122612
124528.836,2.0200098,1.9435719,-0.6953917
117507.984,0.0864432,0.55242145,-1.0892674
124283.57,-1.5670967,3.0022326,0.33860025
118393.74,-3.357591,1.2631786,-0.8127919
123986.13,-1.6442238,2.8899407,0.6306571
121362.055,0.25985035,2.05988,0.48173183
131124.6,0.1232098,0.9155918,-0.6060508
134943.62,0.82330215,2.6425939,-0.65937114
123027.34,-1.6770124,0.8939543,-1.0995075
133793.95,1.538662,1.7902031,0.74262077
123938.28,-0.72405744,2.8360064,-0.6278012
118854.68,-0.9647337,1.8979553,0.83965737
128717.086,-0.5665425,2.7108414,1.038019
121630.9,-1.8318659,2.7706776,0.6865579
116892.89,-3.2566931,2.485227,0.56742144
126189.72,1.4362959,2.5278957,0.75117916
118416.92,-1.7435998,1.2656715,0.5725309
124129.26,-2.841097,2.5899615,-0.74522245
120218.52,-1.5776324,2.0494137,-0.88398254
120219.36,-3.876413,2.7477725,-0.45687476
117575.07,-2.7173538,2.794443,0.4772455
121004.15,-3.5815718,0.1781257,0.45884103
133237.9,1.1440278,2.3182552,-0.57457167
127461.734,0.34567776,3.109606,-0.29718667
115292.72,-1.1939003,1.3117001,-0.6527443
128814.42,-1.9197425,2.9922054,-0.35039878
127870.53,-1.1027515,0.74858403,-0.5827058
129404.164,-2.2862515,2.0953376,0.60652417
120387.77,0.93278503,0.00734883,0.24152087
116260.09,-2.1349273,2.8632233,-0.7714887
125441.305,-1.0989583,1.210471,-0.61557555
129554.9,-1.7250481,2.8353486,0.6844495
123602.82,-2.056508,2.9565587,0.39313242
120445.445,-2.8853424,3.071318,0.4873319
117484.6,0.15476933,2.8891125,0.42235878
118498.64,-1.6037046,0.23042874,0.42531568
125953.87,-0.7187033,2.868793,-0.43859944
115249.72,-0.6322019,1.4183129,0.69029415
123240.08,-2.2392378,0.9607573,-0.49351218
121278.15,-2.0686982,0.824643,0.666004
122170.21,-0.5979071,0.28755155,-0.4458372
120798.66,-2.5737722,0.26890078,0.45028797
115368.12,-3.1425178,0.6160181,0.31664348
122940.76,-1.9217993,1.6020911,0.76513314
129238.34,-1.5076545,2.2220597,0.58885944
116575.945,-3.4158125,2.6979876,-0.46649984
120711.44,-2.5808969,2.8161755,-0.43955702
134258.94,-3.7990391,1.1059136,-0.78341615
123080.4,-3.1905382,2.8002071,0.43144533
124325.445,1.2957801,1.8018342,-0.6946735
121483.26,-0.91829485,1.8104107,0.903416
120005.59,2.708256,1.7310098,-0.8593265
124897.234,-3.1168933,1.7258849,-0.5222235
134668.39,-2.4697487,3.055589,-0.56160074
121442.28,-2.4852948,2.1060286,0.6675133
133095.39,-1.4571675,1.7666856,-0.44460627
120937.875,-1.0448261,3.1226926,0.6028247
124752.03,-1.8205656,0.18025562,0.3960713
118863.94,-0.5230569,2.8420115,-0.48042104
132952.27,-0.5322098,0.43215278,-0.9160132
125840.164,1.8259941,2.9941578,-0.54847264
117835.65,-1.5337856,2.575965,0.6142633
128040.39,-1.248514,0.7501982,-0.65779096
120968.93,1.3725845,2.2249727,-0.64851916
116554.086,-2.7210922,1.4041798,-0.53920674
128789.664,-2.6554863,1.025003,-0.6165041
121730.414,-0.50990343,3.0915568,0.30779508
127048.14,-0.44087228,0.5566053,-0.6449269
117383.16,-3.1076732,3.1148791,-0.58501875
119804.75,-0.31063733,2.9276552,-0.48899555
123658.56,-3.9196458,2.7761822,0.5547011
128066.89,-2.5910985,0.7511084,-0.58125037
116095.195,-2.4672844,1.482701,-0.5807786
123899.94,-4.055563,2.4510376,-0.41362774
129360.94,-1.6442173,2.9722228,0.65078264
118411.234,-0.8685597,1.3676907,-0.8967511
116502.12,-2.7968493,2.6790257,0.85315055
127533.375,1.6703383,1.954342,-0.7213813
116574.95,-1.8188474,2.3217916,-0.64231503
120997.516,-2.579978,0.112518564,0.3499412
115035.484,-2.7251809,2.529268,0.92325795
122668.805,-3.3368723,1.9502808,-0.5092737
130922.51,-3.7815995,2.972812,-0.568504
118236.9,-2.7900581,2.9899373,-0.7482389
124746.2,-0.81981885,1.1041013,0.5369102
126983.53,2.7491622,0.72629756,-0.66126883
123699.34,-0.9413431,2.868781,-0.6114652
125416.266,-3.3560946,1.8304143,-0.6321544
129859.51,-3.6411166,3.0466223,0.49923524
116648.94,-3.0836582,2.4641886,0.5977471
134462.11,-2.1057825,2.974135,1.0305364
115615.93,1.1065441,1.6732056,0.5883682
119493.25,-2.3444023,3.0127761,0.30799454
121790.25,-1.6246754,0.658034,0.759309
126742.96,-0.74440694,1.561958,0.4026411
122567.836,-1.9063269,1.8635268,0.7583373
126474.52,-1.5320797,1.8186063,-0.45330852
116431.05,-3.3097646,2.786255,-0.43288493
126134.5,-1.8925937,2.5900881,0.41876978
128385.914,-2.412993,2.8894072,0.3529006
127186.805,-0.6602227,1.0071942,-0.80367947
121179.625,-1.4595367,1.8910567,-0.643183
117084.484,-3.4464045,2.2262013,0.8724558
118655.28,-1.265289,2.2296872,-0.68195033
123012.305,-3.0129733,2.428763,-1.0318131
117596.2,0.4396765,2.1596966,-0.54647
126732.18,-3.0208719,2.5051084,-0.4375944
124158.08,-3.1559434,0.2294509,0.6461492
117639.63,0.22615963,2.6590316,0.7400437
121434.68,-2.2172463,0.8546251,-0.64449567
128845.42,-0.57411146,2.3250163,-0.576532
129446.18,-1.8380954,2.7599454,0.7043176
134796.64,-2.7048879,1.0184104,-0.72014123
117199.875,-0.66530955,1.1078004,-0.97339034
133659.98,-2.799795,2.1499503,-0.8283915
123977.52,-0.69158417,2.7609558,0.63454074
116127.24,-0.2667519,2.997158,-0.7404876
132860.42,-0.9012558,2.9797893,0.5772105
115521.75,-2.4959714,2.494746,0.5934158
116803.1,-1.2235936,3.127217,0.6383365
132410.61,-2.9827938,2.9394693,-0.7773111
116820.15,2.2121747,1.1943309,0.4401326
128878.39,-1.9385332,3.0623443,0.3796975
121639.24,-0.6829744,2.8875556,0.54078794
131511.25,-0.46780163,1.3377578,0.5670558
131939.52,-0.0033951427,0.351616,-0.5008913
125431.27,-2.0645585,2.4865572,0.5297121
118384.05,-2.6828594,2.9381263,-0.4933267
130568.0,-2.8501196,0.99726415,0.6090707
124702.68,-1.8274578,2.0862682,-0.54280716
133640.33,1.6119224,2.5983567,-0.5327283
133914.97,-2.6803374,2.9401915,-0.32014397
117887.35,-1.2585944,0.6475764,-0.67114353
115595.93,-2.868533,1.5223262,-0.4231717
134092.33,-2.4683397,0.00332462,0.6261146
125365.33,-0.5764583,0.439356,0.61398417
123499.11,1.1823952,2.867719,-0.6393109
118668.43,-1.5008284,1.8693478,0.7740354
116576.195,-2.060618,1.3871412,0.6144517
117837.66,1.5037352,2.6972637,-0.507036
129448.82,-1.9336076,2.981942,-0.7235749
129731.68,-3.0303278,1.8318721,0.4196322
134508.48,-2.695306,0.39275125,-0.43148482
122106.45,0.7333891,2.8006868,0.5293067
121505.84,-1.1367987,2.3515227,0.90907294
122624.71,0.35048047,2.8302414,-0.4788015
126759.57,0.2996966,2.7761235,0.3650109
124376.09,0.18160638,2.618211,-0.49600846
115006.65,-3.1746163,2.461677,-0.13425216
123993.016,-1.8788021,2.8616743,-0.49480158
123711.016,-1.3613755,3.0446608,0.5384451
116522.836,-0.08510381,1.7429632,-0.69726515
122819.58,-2.5884864,2.9329667,-0.7805709
129792.586,-1.6058925,2.5517442,0.3663262
128955.05,0.519949,1.3547754,-0.5939854
129273.74,-1.1319237,2.5663955,-0.44529068
133588.28,-2.5562959,2.4902556,-0.5809295
130988.3,-2.915067,1.7498386,-0.80433065
129110.164,0.15130703,3.0096624,0.5174973
116377.52,-2.6855628,2.1539228,0.9931053
121424.12,-1.0266967,2.328616,0.7005281
133288.22,-2.2099302,1.1416917,-0.5305158
128756.164,-1.2332455,2.3431573,0.47793695
119274.4,-2.4238813,0.95072967,-0.7576769
121379.78,-2.377405,1.4601293,0.9934377
126621.44,-1.4310561,0.6610306,-0.7095352
132215.73,-1.329498,2.5891075,-0.8279408
127956.625,-0.022766192,2.8870356,0.23207228
128925.055,-3.1531289,2.0943065,-0.6455826
121656.49,-4.0271564,2.7911015,-0.45787212
121430.47,0.11596696,0.33199582,0.49573842
130371.63,-3.3628232,2.7828863,-0.59816426
126525.15,-2.233238,1.5931014,0.5437229
120702.97,-1.7322243,2.4771404,-0.58250767
121137.68,-1.4555885,3.0285182,-0.53263694
115852.24,-0.4181691,1.5870668,0.87713355
125247.39,1.1801807,3.040043,0.4300159
128899.805,0.7396407,1.9303664,0.6702044
129116.08,-0.6371479,1.693656,-0.6353024
130791.97,-2.6582901,2.253917,-0.77688915
117304.2,-3.6671648,1.5531924,-0.6730196
123862.42,-0.91726714,2.645802,-0.64318687
131862.83,-2.0291772,3.030913,0.6331842
122343.66,-3.0696461,2.1856174,-0.9002337
121271.13,1.299331,1.718154,0.8069352
130624.84,-1.6250705,0.22988224,-0.31850216
128571.09,-0.22974627,2.4311922,0.6355926
118316.95,-2.661252,1.9648111,0.66145384
115398.86,-3.5057764,1.6061041,0.77233016
124317.414,-2.6018813,3.0509434,-0.39438277
130392.664,0.69457537,1.4507232,-0.59559214
119614.29,-2.211903,2.3402407,-0.8673032
116330.8,-1.4910766,2.816671,-0.37774125
123338.13,-0.69915384,3.0769668,-0.5067545
120141.54,-2.6075616,2.9501715,0.6787273
123004.19,-0.26052606,1.9779345,-0.71355176
130973.445,-0.9333078,3.052387,0.56347626
130962.56,-0.2468098,1.5822293,-0.85460055
131880.9,-1.2722539,1.8714405,-0.45307186
119953.836,0.958344,2.8965619,-0.54536873
117962.02,-2.278935,2.3488686,0.67709076
118590.33,-3.8527818,2.5274596,-0.4103186
118211.12,-0.6386705,1.5156219,-0.96186686
119877.01,-1.8756108,1.1727084,-0.62602144
115640.336,-2.9058244,2.240222,0.26411292
120236.805,-0.2871303,2.5715666,0.5825143
132206.81,-3.6437266,2.4582145,0.73525023
133679.8,0.716476,2.3994634,0.58602697
118589.71,-3.5813596,1.638091,0.69312805
116273.25,-3.9206095,1.9004682,0.55257064
129761.34,-3.111263,2.607732,0.7077633
123883.8,-1.0230287,1.3171654,0.88010216
115916.7,-0.51617676,3.1607184,-0.69744
126051.52,-1.0285364,2.0944657,0.5675733
124939.305,-3.6061363,2.5836525,-0.6332747
115125.23,-1.8546758,1.3436593,-0.7016082
123018.99,0.53147763,1.7661412,0.74463165
130167.74,-3.6513083,2.5728161,-0.82660604
116644.73,0.8580547,2.720849,0.57932526
127842.63,-2.0079284,2.9712055,0.12115888
115626.88,-3.2326574,0.8988314,0.5817954
129867.53,-1.4223365,0.132226,0.70103025
133263.8,-4.367178,1.7660583,-0.81201226
123047.88,-2.800675,2.6435177,-0.52957034
118925.56,-2.3283954,1.9547195,-0.7579731
120872.31,-2.1212723,3.0347846,-0.64903605
127430.59,0.15791272,2.8104975,-0.5278641
119263.93,-3.1354733,2.9714496,0.6617453
118111.49,4.587379,1.7479261,0.8326708
132291.38,-0.17179222,2.63712,-0.6244179
121629.086,-1.5381113,0.30054682,-0.5979503
116823.8,-2.7060142,2.3647237,0.6208179
120520.37,-1.0888335,0.5799097,-0.44185892
123633.445,-1.7811171,2.077888,0.43629584
126221.94,1.3889506,2.658797,-0.43181387
127959.97,-2.2062085,2.8812172,-0.67538416
120106.41,-0.96004087,2.7390523,-0.40299574
124096.61,-1.4755819,0.64479357,0.5350397
116964.41,2.308322,2.8057623,0.46895593
128922.92,-2.5909407,0.6016903,-0.60196114
118156.97,2.0573053,2.5221484,0.4582362
124101.83,0.19472511,1.3005562,0.7600812
124574.67,-1.7015469,1.7358371,0.68720406
121758.555,-0.9857896,2.8636677,0.3601914
120615.875,-2.9075809,2.4264007,0.46029344
130061.06,-2.3228166,2.9460146,-0.64385706
131768.89,-0.01870807,0.33787662,0.45967615
124112.63,0.43852687,1.8491074,-0.77894914
120936.97,-3.2054863,2.828051,0.66484106
129526.305,-1.9349855,3.234639,-0.5232923
133507.11,-0.8991787,1.9836015,-0.82156897
118585.22,1.0511942,0.18081057,0.60012215
115330.68,-1.8167135,3.139189,-0.37773153
115312.836,-2.859263,2.3350666,-0.6254431
126523.055,2.111204,1.8180293,1.3096993
120240.67,-3.0918984,1.2297163,0.4357714
115991.73,-2.4715734,1.4303296,0.56122243
117683.91,-2.1803923,2.5668175,0.7716619
116388.22,1.7132167,2.7379134,-0.90826946
118847.266,-0.018108461,0.2505352,-0.67267156
124070.35,-1.7545649,-0.040926278,-0.32876065
128681.375,1.385056,2.8499107,0.32648316
127204.586,-3.2402701,2.9394588,-0.62604463
131507.58,-1.1478366,2.0044644,-0.5304986
115175.21,-1.1344988,2.130864,0.5785185
121917.85,-1.0894365,2.170111,0.93431264
122015.555,-1.6549978,2.5546927,-0.7205407
134787.5,-0.9641958,2.91313,-0.56991136
122631.13,-2.1561875,3.1445622,0.4223946
134962.8,-2.701272,1.721757,-0.47118813
134408.39,-1.3709719,2.1596293,0.4387488
129008.375,-1.7439159,2.7291298,0.55269486
131952.6,-0.3374344,1.1415969,0.48111024
115252.945,-3.4197385,2.2277408,-0.45660952
130594.24,-2.433002,2.3452854,-0.7850508
119589.79,-2.861404,2.904065,0.36562034
116157.72,-0.38232622,1.1223984,-0.86864847
116272.63,0.27507925,1.4584196,0.9307554
130785.9,-1.0754912,2.5907984,0.73796755
115351.51,0.20986997,2.6878176,0.5312805
120540.59,-0.2054726,0.45192006,0.55495065
120159.766,-3.9140363,3.0317163,0.4627464
134343.42,-3.2440279,1.2872378,-0.8594411
130466.195,-0.22820815,0.2683111,0.7762037
131173.42,-0.21265,1.7930949,-0.6004938
124246.37,0.34277785,0.53968495,-0.7809067
120872.37,-0.51707876,0.7452659,0.5940657
125384.42,-1.907471,2.858328,-0.6461808
124933.27,0.62283653,2.98345,-0.75205785
129479.28,-1.766265,2.3926065,-0.8288213
127387.63,-0.6895625,3.0909312,0.4785341
123210.56,-2.4847558,2.9507842,-0.94449866
117977.805,-1.1218436,2.865228,0.7705751
122749.69,-2.829309,1.9131837,-0.8072193
126480.98,-0.819699,2.4823637,-0.45341393
134955.72,-3.0352342,2.9575908,-0.38740793
120192.336,-2.9092393,1.2493995,-0.73999226
118189.67,-1.9085934,2.41055,-0.9085664
115487.09,0.15740816,1.4522302,0.8661717
123556.664,-1.6248142,1.0211842,-0.7041827
133685.92,-2.453524,0.09851292,-0.51668257
118778.45,-2.9354253,1.4940666,0.48662922
120436.85,-1.3383675,0.42098233,-0.4548547
118824.15,0.08562076,2.7613757,0.77926964
133375.2,-2.536877,2.2559066,0.7179187
132829.83,-1.6946588,2.8618677,0.6383039
124701.695,0.46312702,1.8138628,-0.6412063
129116.086,-2.342704,2.4308562,-0.89520407
133333.94,-0.5395818,2.251571,-0.6129132
122350.13,-2.1337132,2.6882122,0.9153562
131697.19,-2.5200963,2.9912343,0.68553275
133392.58,-0.8104514,2.815282,0.5157581
116384.18,0.4945636,1.4515045,-0.7039743
118157.06,-1.264307,0.26671353,-0.5700893
122626.625,-2.3862846,2.621769,0.6773268
129109.336,-3.9776146,0.35926282,0.59481925
115691.37,-2.9835281,2.6600106,-0.67264706
128455.99,-1.2632283,0.8684602,-1.0748079
128613.55,-1.2372165,1.7226768,0.75469774
134984.69,-2.672109,2.7045262,0.7453037
120120.164,-1.7815741,2.3854334,0.59603494
134213.33,-3.1748133,2.8451228,0.6613883
128919.12,-3.262888,1.565565,-0.59345084
124925.73,-1.4665464,2.0033338,0.68156123
116916.64,-1.2352351,3.0493352,-0.5348853
132177.36,0.6421576,0.17469646,0.4410877
119675.555,-0.058714826,3.1279764,0.39868292
130296.12,-1.6815879,2.2955978,1.0338669
125334.5,-2.6300898,2.1226263,-0.5349772
126556.78,-2.2595575,2.667583,0.72870064
121530.7,-1.6574461,1.9078698,0.6986402
129623.26,-0.3104844,2.7844489,-0.5876227
119683.41,-2.6756325,3.0542307,-0.6126524
134744.86,-3.9923346,2.9061232,-0.86329806
128755.375,-4.0164065,2.7828093,0.64816564
124319.41,-2.5625603,1.9957176,-0.93491924
124621.61,-3.4242392,0.40271237,-0.33596134
118881.51,-0.9124958,0.8227233,-0.8140212
131734.33,-1.869989,2.767005,-0.46296638
115977.33,-4.224191,2.893538,-0.67639005
115512.02,-0.860315,0.15889935,0.4725608
129537.766,0.33257934,1.544667,0.034392998
132387.77,1.8100076,0.22290821,0.47254527
116302.48,-2.8568046,2.7379882,-0.779812
127393.086,-1.8845081,2.9720037,0.48212612
118106.54,-1.4692624,0.4842692,0.46361914
123789.48,-3.9698474,2.4836314,-0.2803042
116251.19,1.1128544,1.3303744,0.85781085
118572.734,-1.2170261,2.6474607,-0.9007298
120902.14,0.82731515,1.2591522,0.62457806
118574.516,-1.945951,3.015867,0.7746883
119709.65,0.6598855,2.5051038,0.48410335
131046.3,0.3943742,0.46470872,-0.312738
128811.234,-1.4615239,2.8534229,0.26197174
117825.695,-2.865779,3.0012658,0.6553677
120681.586,-2.0429265,1.2051032,0.55421805
119093.96,-3.5888627,2.7584815,0.6651172
133179.06,-0.12120812,0.622044,-0.5933619
115499.016,-0.6712443,2.769584,-0.46540347
133983.92,-3.9264486,1.6214205,0.5879061
134502.52,-1.4485694,1.4039061,-0.9074812
115810.63,-2.3285217,1.4452158,-0.778455
134609.84,-1.7653403,1.3843229,-0.69323945
127669.14,-4.713409,0.74629325,-0.6179962
123028.41,-0.44912767,2.7007236,-0.0081670275
120640.055,-2.4298337,3.0929139,-0.39727408
130490.016,-2.4180112,2.9787002,0.4417982
130915.414,0.7250097,1.0819278,0.44415778
123969.29,-0.07578491,3.0072937,-0.4966458
130908.836,-2.1201892,2.878632,0.8398584
126922.73,-0.74186003,1.1912519,-0.6888791
123995.96,0.976138,1.9641614,0.79907775
121940.67,-1.7418505,1.3415984,-0.5527341
117790.41,-0.18810531,2.7108755,0.509143
126909.586,0.9008518,2.3762093,-0.6948415
134592.34,-2.4051108,1.9929267,-0.6121173
115621.266,0.9374262,1.3673539,0.5729443
122477.58,-3.0976095,2.5940917,0.5601409
120335.5,-1.1351769,2.954233,0.4438788
124494.445,-2.3357182,1.5854464,-0.0826178
119300.1,-0.99331796,2.8084183,0.6226185
127691.36,0.064121634,0.25442126,0.45055857
116213.48,0.8507905,2.9100974,0.58051586
130473.04,-2.9293387,2.8393283,0.53587735
128730.29,-0.3381711,2.3990216,-0.63656247
131600.23,1.0846751,2.5994122,0.82868344
115089.99,1.0659629,3.0261002,-0.5773631
123496.67,-3.0301547,1.936645,-0.65566295
117576.016,-2.007985,1.2998815,-0.7435506
124808.87,-1.1353908,0.3913141,-0.53281003
116664.93,-0.37772357,2.4508157,0.6724576
122559.02,-2.1294515,2.8941765,0.4927776
128424.31,-1.6999544,2.670435,0.30370358
115982.805,-3.1065874,1.456886,-0.71184033
115739.086,-2.7931967,1.1449631,0.6278446
132551.89,-0.2592824,2.8532646,0.54682297
121112.2,-2.3873131,0.56282824,-0.669347
115201.22,-0.45968437,0.8845865,-0.8642139
131243.9,-1.4805664,2.54248,-0.54102594
119553.86,-3.0059116,2.5457633,0.7101585
129461.13,0.64746076,2.70051,0.4230727
119157.195,-2.5613785,2.1725147,-0.4292437
115663.61,-4.1418443,0.48403776,0.046332352
131346.3,-0.57290226,2.4132216,-0.65294456
121501.33,-2.750631,1.6912209,0.49033034
118769.49,-3.1313448,1.5368413,-0.41287267
116551.19,-2.735514,2.9463854,0.4337493
116621.66,-1.8898271,2.659143,-0.6686764
132722.64,-0.6273506,0.41064957,0.6683996
132575.14,-2.4784544,2.503488,0.5452235
130033.33,-2.438432,1.9513488,0.7104851
115271.15,-2.210187,0.19934861,-0.4952712
118537.79,-1.3821313,3.04999,0.53667593
120383.06,-3.2172215,1.6211288,-0.40092316
130832.49,0.82596785,2.6083932,-0.61903286
118782.53,0.5379497,3.155131,-0.14623778
121333.625,-4.902474,2.9655006,0.6068736
129523.04,-3.687092,2.1301427,0.6549311
119471.96,-4.1069264,2.7212014,-0.85604763
123908.445,4.2431097,1.8791947,-0.6493261
118758.07,-0.15453996,0.6893272,0.6265677
116813.46,-2.1818352,3.0888486,-0.27391243
130944.83,-4.4280324,1.0491099,-0.52997416
117492.2,-3.6720605,1.5531867,-0.60178787
123016.516,-2.4942315,2.7139895,-0.8551704
119789.67,-3.705292,1.6258119,-0.81353664
130034.14,-2.343286,2.9641159,0.63779175
124717.85,-3.0693138,0.4841765,0.6050263
131657.48,0.7449611,3.0222018,-0.45962793
121285.42,1.538261,1.4170439,0.5091976
121236.266,-2.7005131,2.1198537,-0.5105629
131703.95,-2.7639742,3.0901024,-0.44502777
129022.73,-0.067782655,2.519713,-0.4732977
128392.55,-2.1720011,2.4915237,-0.6552094
115508.05,-2.8236463,1.5736084,-0.62572
127178.836,-0.18566726,0.5714456,0.95639056
122330.4,-0.58599275,3.0195441,-0.9060015
126339.75,-3.504111,2.3485317,0.8109853
130963.96,-2.5447407,2.8370998,0.76410013
122860.78,-2.4009302,2.9892197,0.2844171
130058.2,-2.49766,0.30188733,0.75848347
128380.234,2.5579453,1.6086239,0.70915246
122245.02,-2.8226192,2.9195225,-1.0775865
115339.47,-0.4719197,1.8176955,-0.84018683
122830.63,0.59674716,2.0938559,0.59003645
120166.78,-3.5862713,2.5242233,0.5785813
123171.17,-3.433068,3.1366925,0.526745
134095.53,-1.4304049,0.40150198,-0.5595292
120654.266,-1.8650768,2.1707153,-0.98967767
127596.17,-0.58383024,1.943737,0.4803696
123011.01,-2.1643116,2.0782256,-0.6519619
128923.18,-2.1659436,1.7172974,0.9371875
122409.09,-1.3801731,3.0354438,0.69332
125522.9,-0.8842029,2.7306464,0.8472175
129755.96,-3.788896,1.4975203,0.75706154
124382.375,-2.258837,3.1410182,0.24428508
116000.086,3.2015636,2.1864245,-0.72019845
117714.71,-1.5519202,2.6052604,0.65726185
121670.16,-2.2367537,0.5420906,0.4584018
115370.805,-0.75091547,1.6224023,-0.6338102
117054.36,0.07505132,2.7801225,-0.6164861
123548.6,0.46266553,1.0466954,-0.55716825
120288.15,0.08939544,2.5129707,0.47744748
119216.96,-1.5163387,1.7652996,0.8266978
118677.88,-0.332724,1.4138423,0.80076474
130071.414,-0.61361474,2.231474,-0.6626547
130113.13,-1.4874294,2.9217286,-0.8800642
115158.18,-0.66073656,2.4536998,-0.5573213
120045.414,-2.739229,2.9776516,-0.64805406
132802.42,-3.3041751,2.7190537,-0.6585348
128254.51,-3.900659,0.65107316,0.61497635
115913.3,-2.0745661,2.0008726,1.0701823
127294.65,-2.9087374,3.133142,-0.5307743
122908.29,-0.8255528,0.4574975,0.42246732
115633.445,-2.6827338,2.892729,0.49575284
115994.664,-2.9044638,2.989364,-0.7133108
132023.8,-3.543449,0.144715,-0.60839736
129613.086,-2.487859,1.6512241,-0.6470871
121460.586,-4.0030437,2.062596,-0.35035092
122103.73,0.056037422,2.742112,-0.48902693
134102.53,0.7123156,2.308942,-0.7011253
117724.32,-2.0123284,1.3157333,0.46829334
126621.836,-3.170325,1.4417702,-1.1471126
134687.98,-1.8716598,2.4275036,0.59949094
120817.66,0.58736765,2.5689797,0.58500326
118112.414,-1.9073426,1.2813249,-0.98416674
118715.32,0.20982623,3.143532,0.32709458
116095.52,-1.2424377,1.8457037,-0.64743507
122055.79,1.7189083,0.5479241,0.57212037
120248.58,-1.5431651,3.0331328,-0.4913878
134698.72,-0.33795276,2.8938336,0.67384726
124357.01,0.24097764,0.48353636,-0.68758464
120847.65,-1.2689837,3.0492125,0.5593552
118395.35,0.62967706,2.8368125,-0.85588586
119252.12,-1.0199456,2.866205,0.53482926
121081.305,-2.5455408,2.776663,-0.5425528
125208.88,-1.6638714,1.0210145,0.5480117
119784.64,-2.7161536,1.5188386,0.69466406
123686.81,-3.4573624,1.7906673,-0.867464
122854.984,0.7447227,0.825977,-0.5070207
129046.87,-0.6846162,1.3205272,0.50469893
132555.67,-2.0624397,2.4621694,-0.6156346
127928.49,-3.3400588,2.8014495,0.50866157
119385.96,2.151066,3.0116322,-0.4418162
133152.67,-3.2836776,2.8477697,-0.50558203
128584.06,-1.2945492,2.0836208,0.8019662
118603.734,0.45064855,1.4813098,-0.5285538
123685.81,-2.7042003,3.0131695,0.6279774
131465.27,-1.7407953,2.9843462,0.5342959
119854.74,-1.4202121,1.1306207,0.5860061
126821.836,-3.8258493,1.146847,1.1476814
122340.99,0.15927312,2.6768613,-0.45141917
127847.7,-3.2425206,2.5342038,-0.31235868
132391.44,-3.2860312,2.506041,-0.6299443
127973.55,-1.6847602,0.14849384,0.40476108
124924.016,-3.087979,0.9512558,-0.4587198
115551.64,1.3790634,0.3039773,-0.4646432
134334.17,-0.9781638,0.7019844,-0.5252877
128863.59,-2.6571734,2.5939066,0.7021071
122893.0,-1.726301,2.6081634,-0.7391841
128168.28,-3.9200213,2.5291247,-0.8331813
118498.64,0.7168515,0.5790345,-0.55877686
132047.39,-2.7009118,2.1503701,0.32592878
117451.96,-1.473723,2.0119524,-0.75809777
124325.16,-1.6307572,1.3936332,0.78234404
119919.875,-2.1154704,2.9910598,0.38442215
119235.914,-4.2772937,1.0010704,0.6540609
117214.75,-2.6627555,2.0660052,0.8700228
122385.37,-2.526284,0.80213946,-0.7568625
119847.414,0.029490352,2.8049586,0.54803026
128018.83,-1.6543778,2.8793397,-0.54582626
127715.68,-0.7029309,2.565968,-0.5181926
116815.08,-1.7709547,1.9697049,0.5921971
121902.22,-3.4751742,2.3611815,0.7718175
134556.25,-2.8929965,2.3353815,-0.71758336
132595.72,-2.8038945,1.347464,0.51522565
117394.125,-2.5706384,2.9693966,-0.671004
131448.69,-1.778708,1.2190516,0.70196
130121.766,-2.1550007,2.9565115,0.4468981
125064.95,0.96503097,1.6091715,0.77271897
123836.18,0.8469889,0.5434228,-0.55944914
121046.336,-4.3407497,2.1802046,-0.48734972
120558.45,1.862242,2.164652,-0.99972546
119044.16,-1.8966911,1.8202996,-0.5701221
133029.77,-1.5872558,2.601675,0.35455889
119344.266,0.03590937,1.4386142,0.5533043
122631.86,-4.1978426,2.3766744,-0.51089966
134029.62,-0.016525233,0.32964712,0.58155364
117748.98,-2.2357473,1.0818332,-0.65718216
130512.1,-3.8561907,2.3005466,-0.39242092
118316.44,-2.084052,0.8608837,0.7253421
121957.99,-2.69125,1.9643936,0.5815342
121329.414,-2.469668,1.508979,-0.7195105
125349.15,0.6469724,1.56866,0.6042163
128015.52,-2.9878078,2.7021365,0.688023
133555.05,-2.4253893,2.5833087,-0.7390695
130238.39,-1.8590229,2.604271,0.56606454
120533.3,-2.795115,1.8378333,-0.54501337
119705.83,-1.6069795,2.684335,0.7056027
131760.4,-2.0225701,0.47237983,-0.45160583
128447.82,-0.16797829,0.8316184,0.59770143
132142.52,0.6820032,0.3995968,-0.64638996
115341.28,-2.2535882,3.0492735,0.35748103
122227.125,-3.4928532,2.4546163,0.27938637
119955.484,-2.8978786,3.0913963,0.6231101
127447.97,-2.8233678,3.1444154,-0.70981306
122677.5,-4.1024847,2.4466054,-0.4677741
121922.766,4.469163,2.0956612,-0.6062617
119519.18,-2.4209003,2.740664,-0.84745413
121472.2,-1.5743603,1.615319,-0.83915263
123017.81,-0.64804626,2.902326,0.50989133
133164.28,-3.4162045,2.2660058,-0.3875549
124225.12,-1.779278,2.959918,0.40660298
127643.53,-2.2472532,3.069738,-0.31754562
128924.1,-0.66052955,0.2078563,-0.37250456
119421.17,-1.4499016,2.9239204,-0.4797409
131729.72,-1.8481266,2.8592658,-0.13424905
120581.46,-2.2849004,1.0971298,0.4896296
134662.6,2.6139007,1.5333802,-0.76456994
128974.47,1.187779,0.20549676,0.50193524
126279.555,-0.8134477,2.917138,0.91777873
117545.445,-2.035105,2.108622,0.7493839
119671.71,-0.71111435,1.6654882,-1.0393106
116648.04,0.7184832,2.6292157,-0.82136256
124236.875,0.5147788,2.740716,-0.69670355
130905.875,-2.4038393,2.221954,-0.9675035
127890.51,-4.362189,0.49376038,-0.77845895
132003.94,0.1700957,2.3078547,-0.80292964
122543.92,-0.9206647,1.6427536,-0.5096737
126498.766,-2.8523066,2.8024433,-0.6342273
131033.445,-2.726904,2.3302264,-0.82247823
124224.29,-1.8615311,2.997713,-0.66569614
125409.64,-5.149102,0.44755748,-0.6674872
129198.34,1.545059,2.7166812,0.29029503
120878.234,-0.056906354,2.7316816,-0.41924456
126320.8,-2.9184487,1.9734149,-0.81512433
130137.19,-1.3202491,2.5537694,0.5069209
131570.69,-3.5765188,2.417981,-0.49441254
121507.375,-1.3847231,0.8055776,-0.42462263
128738.02,0.80345756,1.8053523,0.8503462
118026.26,-2.0909023,0.21770433,-0.4567262
117212.06,-3.1743119,2.5284312,0.8501646
123609.6,0.98836577,0.50350714,-0.61591244
116939.84,-2.5414267,1.6518923,-0.58932656
124097.85,-2.5141644,0.24424423,-0.38030875
119191.06,-1.4723896,0.41047058,0.7266853
129638.06,-1.7313014,2.9337785,0.8687976
131824.88,-1.4458015,2.8957915,0.34647343
124975.234,-1.1772019,2.3326962,1.1227602
126423.87,-2.549501,2.4935892,0.63561755
132654.36,-2.8901799,2.9194596,-0.5100648
121747.92,0.10735684,2.2864609,0.694125
122927.98,-2.6029618,1.1192816,0.52906126
117697.51,-1.978954,2.8834965,0.62516147
121946.78,-1.606156,0.7492359,0.573063
124772.95,-1.2223719,2.4413176,-0.8876912
115160.94,-3.0395262,2.268198,-0.44122708
121310.43,-2.2388601,2.6213324,-0.73286235
123239.21,-1.8241041,2.2973244,-0.6493908
121048.6,2.9500632,1.8744769,0.7617151
130682.19,-0.14611478,2.9330962,-0.44065836
130552.21,-0.5797353,2.8149276,0.60648906
126693.08,0.039202914,1.4130087,1.0625105
125599.58,0.41868985,1.542663,0.90697896
125714.016,0.6904273,0.13776073,-0.52881247
119790.0,-2.787188,2.8154547,-0.5995165
125323.96,-1.3967624,2.9191058,0.4218978
124928.54,1.1460605,1.4534523,0.6532459
116037.11,-1.5109876,2.4275122,-0.6890772
117465.66,2.386079,2.674835,0.7037982
116745.81,-2.2144868,2.7325428,-0.31483045
130078.99,-3.026241,2.738396,0.54240865
116204.12,-2.2372909,2.4598625,-0.0723019
132740.27,-1.2800877,0.6453302,-0.4391743
130658.32,-2.9501305,2.4924295,-0.5585236
131126.75,-2.5475514,2.660397,0.50880504
126835.06,-1.8010306,3.0827398,0.4841076
119212.125,0.9992448,2.7668638,-0.9678183
117288.97,4.0313444,0.33786285,0.39224756
118915.64,-0.7358512,2.427983,0.5345925
116347.69,-1.6244519,1.8790073,0.5361357
120128.61,-3.7013636,2.5989146,-0.56278247
116178.516,-0.5497021,2.2415879,0.62696505
125474.79,-3.214701,1.803077,0.6761469
117074.586,-1.8157711,2.9297578,-0.8221782
127738.15,-0.058534358,1.7981027,0.560522
117284.58,2.9653087,2.8056622,0.59578645
116779.32,-1.225379,1.4590207,-0.51675904
123498.41,-2.2783103,2.6926248,0.8538208
123920.34,-0.43481076,0.7993828,0.58511215
120701.08,-2.9791217,2.0508096,-0.51572776
119505.53,-3.7287424,2.6125584,-0.6443938
119332.17,-0.96407795,2.8413582,-0.42964077
120839.09,-2.2490752,2.9924653,-0.7001081
115121.01,-0.7671845,1.4505049,0.8672197
122233.97,-3.995109,2.32522,0.9682804
128106.74,-1.2379483,1.8238335,-0.840987
120387.3,-2.4856207,1.0301371,0.6590068
124113.45,-0.772302,1.7830092,-1.1840553
121781.766,-0.31539217,2.4766037,0.5436502
130358.93,0.6104469,2.8870327,-0.62397873
116199.695,-2.7623622,1.209854,-0.749216
117295.31,-1.7637622,2.8486142,0.24565531
129898.59,0.52866316,2.902454,-0.33824515
124457.78,-0.14459768,2.771746,0.4127191
115301.84,-1.2029989,2.7868001,0.59201187
117835.73,-1.8050609,0.54496354,0.6307587
127170.3,-2.1859744,2.8475177,0.14067924
116863.266,-2.3838701,2.3915126,-0.79833627
121316.04,-2.105651,2.1553357,-1.0484164
122365.53,-0.62813205,0.5728344,0.6774908
130966.11,-2.8823006,1.8708699,0.6355229
133062.12,-0.22737813,2.9933798,-0.4711876
119336.85,-0.21120179,2.6960683,0.39983606
115978.14,-4.015084,2.8832705,0.5218458
128885.01,-3.8567507,2.9950745,0.5279377
125488.54,-2.019789,2.0023005,-0.50911725
116949.67,-0.44462284,3.1747181,0.5752944
122996.45,-1.3387215,3.0546052,0.27612484
124299.73,-1.1972924,1.4177959,0.60789746
117501.555,-1.147343,2.9262202,0.56469786
128172.92,-1.7896736,3.1237476,-0.99361277
134384.3,-2.5666497,3.0531557,-0.41496485
123897.305,-1.4526716,0.8724174,0.6598656
124938.36,-1.8458087,1.5849628,0.39205414
129541.555,-1.8273469,1.6020333,0.6922863
116054.76,-2.848808,2.7224197,0.9013151
118213.54,-3.105732,2.6173182,0.92825997
128724.55,-1.3802323,1.223359,0.7376444
118936.25,-1.4555963,2.6096182,-0.6662295
119978.164,-3.106108,0.061662633,-0.4091031
126203.2,0.0015374231,2.5175245,-0.42759404
123030.95,-3.9318357,1.9967706,-0.78496623
122186.58,-1.3023717,2.9095337,-0.65415394
116984.22,-1.1710325,1.872345,-0.60545367
128354.17,1.3513905,1.9765804,-1.1508219
127464.79,-2.9882257,2.652847,0.57265335
131402.98,-1.1106371,0.66173065,0.6987919
119849.64,-1.6032306,2.5243695,-0.73460776
133092.23,-0.72579324,2.7122338,0.406826
121392.78,-3.7222698,0.8131747,0.6403804
134419.69,-1.3144307,1.3114476,0.60027313
129330.58,-4.0220947,2.3115861,0.36841503
130391.92,-2.021998,0.613836,0.78104526
124958.016,-1.3715768,2.6639373,0.7805472
122605.89,-3.1158924,2.1804094,0.7023215
115672.56,-1.0827589,2.3047724,-0.73601276
134013.4,-0.9936699,1.2437748,0.9428974
125129.3,3.138913,0.6095266,0.657849
118702.84,-0.25700796,2.1229818,-0.7217999
132984.06,-3.8946183,2.3387847,0.6435314
120091.87,-2.4773893,0.367814,0.37643418
127600.64,-3.1058192,2.319067,1.1134819
129436.414,-2.2682347,2.4456716,-0.96026355
122191.99,-0.39284295,1.6074151,-0.58730054
130560.63,-2.7546654,2.6745856,0.35124832
125702.39,-1.7922517,1.6192415,-0.69363517
121952.74,-2.5931385,2.2397995,0.41900223
120135.79,-2.3454733,1.886993,-0.62144154
123237.32,-1.6188487,2.994335,-0.4008613
123328.27,-1.9392916,1.3810878,-0.65466815
123924.66,-1.7132283,2.9652436,0.48850605
129090.414,-1.6983594,2.5496132,-0.97802365
115592.664,-1.4319685,2.480221,-0.45856962
134555.27,-0.08824995,0.29071572,0.6244654
115681.08,1.8976626,0.42703646,-0.5228317
126417.95,-0.3830777,1.2961837,-0.7012439
127903.73,0.036302336,0.2970418,0.3555614
116521.766,-1.6154109,2.219973,-1.019941
128048.71,-2.5730333,1.0630394,0.40798447
126310.15,-0.70032555,3.0982242,0.45565614
115328.3,-3.3790998,2.6084683,-0.5550059
129424.8,0.9312042,2.8811858,-0.6134375
123239.19,1.6688546,2.6381533,0.6485788
120261.234,0.7261084,0.5529094,0.63184
134094.58,-1.1025807,2.1601133,0.51301545
116400.64,-1.4855297,2.4644604,0.5639144
116421.79,-2.21393,2.942197,-0.6755648
131375.81,-1.5784063,1.280492,0.615922
129263.336,0.46049714,2.9890606,0.34556788
129166.89,-0.07203847,1.9607981,0.5626447
126660.95,-0.8111905,1.3775045,-0.6180791
134666.38,-3.347264,2.3322015,0.31526503
121243.84,-0.6910662,0.23556054,0.4221602
124615.58,-0.36294726,2.9480078,-0.2376588
115231.06,-1.5008783,2.1193154,0.65476304
128076.88,-2.4368598,2.716774,-0.625454
115631.64,0.60407954,2.778407,0.54554343
120055.75,-2.6233318,1.8667243,-1.2905376
129517.11,0.38086388,1.0562943,-0.5588969
115027.14,-2.8771956,2.992242,-0.45304388
123831.71,-1.6466635,0.21444339,-0.36934578
120279.83,-0.21640126,2.23498,0.55889064
118735.19,-2.1940606,1.1481577,-0.38986686
124156.93,-3.4121237,3.0321367,-0.27084446
115027.91,-0.42990506,2.7391682,0.56952876
125353.09,-2.8808725,3.055534,0.32303855
134771.38,-2.3906605,2.7805924,0.69746125
131478.95,-1.4426726,0.8486871,-0.6251719
121140.38,-1.2429512,2.8618982,-0.55090624
120850.36,-1.5262017,1.9223558,-0.71630263
126846.39,-1.5850916,2.420188,-0.68386537
117575.59,-2.7379525,2.9364195,-0.37775186
123801.76,1.7145585,2.4292138,0.6213967
129272.68,-2.0071647,2.7161853,0.6179231
128324.98,-2.3932722,2.6030838,-0.8336265
123506.27,-2.146261,2.799944,-0.39081305
124593.5,-1.344077,2.5580945,0.63849103
129108.2,-0.6313409,0.57271606,-0.99809635
130017.45,-1.8516688,2.9899936,0.44783482
119289.03,-2.7804701,2.236101,0.670823
131619.53,0.22485778,1.964232,-0.7131665
121033.82,-0.3644857,1.5423163,0.66832006
120662.67,-1.0605808,0.6628574,-0.54900765
117174.016,-1.2274939,1.4490662,-0.61864054
116188.55,-2.383245,1.3195025,0.62458855
123883.664,1.7151853,0.9842654,-0.81004316
120543.91,-1.502444,2.02799,0.654506
117847.555,-2.5669305,2.8923204,-0.5729532
115629.0,-0.8520641,2.1177108,0.4859684
128795.4,-3.590808,1.9312826,0.68579406
115749.31,0.31442922,0.5585469,-0.6771692
119284.586,-3.2106354,2.6464758,0.65553665
124936.695,-2.6843433,2.9245481,-0.338767
118840.266,-2.291319,0.90730625,0.5221284
129546.195,-2.0393515,3.103518,0.5277762
123089.84,-2.6927803,2.4667113,-0.6264867
122153.1,-0.24285121,2.160796,-0.74881643
115555.88,-1.5816034,0.9332373,-0.8149787
122509.23,-2.301444,2.9338207,-0.3658248
120783.99,3.260769,2.697408,0.49465445
131561.58,-3.495565,2.5816886,-0.5522936
119240.73,-2.5148652,3.1567416,-0.28619063
126490.06,-2.8828282,1.0691217,0.47074205
128670.04,-3.930901,1.7247761,0.56471515
115089.95,-0.96523243,0.97424275,0.5181109
132305.98,-1.6229947,0.27221733,-0.529708
129581.99,-1.2947035,2.3271148,0.44690755
124801.17,-2.278352,2.8415053,0.46022266
127487.016,-1.4016092,3.0012112,-0.35290807
133197.39,-0.0112982,1.1547241,0.45440853
117854.95,-1.5272285,0.2333361,-0.47812217
117391.68,-1.9969684,0.6479276,0.683891
115101.8,-0.90539205,3.0451696,0.48497733
128895.734,-0.36667302,1.6801729,0.57008415
116254.12,-3.7066364,0.42778778,0.49448064
123808.38,-1.7396649,2.6944292,-0.7130862
134646.11,-1.0991495,2.8897135,-0.5242137
123206.18,-1.4373181,2.9942274,-0.0074029374
118382.516,-1.2758054,2.8513916,-0.75190586
116499.75,0.9322519,1.5975633,0.8164933
122130.06,-1.3648822,2.1965694,-0.7208868
128851.836,-3.3328328,2.424022,0.5301543
118876.51,1.122302,0.4481643,0.50363046
128732.32,-0.515853,2.998619,-0.54224133
115788.25,-3.3198845,2.8611083,0.28331566
116590.38,-2.3594065,3.1248875,1.0270137
122137.6,-1.2789718,0.19240353,-0.29690644
118422.95,-3.8067331,2.895017,-0.3756782
127727.195,-2.5447507,1.6809405,-0.8756933
123250.48,-1.77117,1.5749749,-0.57488155
129872.25,-0.024685904,2.2251143,-0.98266995
118049.914,3.9216664,1.8315126,-0.8337005
121187.29,-0.03742062,1.4330876,0.7418512
125129.82,-3.3363488,3.120256,0.5280133
116091.41,0.40297258,2.210228,0.26238313
126952.02,0.82047254,2.922665,-0.752014
129407.54,-0.8388507,2.843417,-0.6041792
134771.36,-2.7941873,1.6624556,-0.86889464
134968.16,-0.6219266,2.9273937,0.4316366
131544.6,-2.94927,0.20375744,0.2949436
124472.84,-2.3949971,2.0141406,0.5942472
126004.83,-0.9202008,2.9206378,-0.25806162
126883.414,-2.6298625,2.0054357,0.4067488
126219.59,1.8318291,1.915386,0.4780881
132618.89,-2.9142475,2.9356947,-0.38053504
115723.945,0.03638775,2.4347684,0.6910786
132234.16,-2.1927843,3.0983543,-0.6278388
119141.31,-3.7246597,0.37867993,-0.53627914
115974.555,-2.10009,0.2423395,0.4389955
125274.1,0.023918571,3.1281774,-0.82870096
115594.53,-1.9709597,1.1043856,0.35795859
126805.875,1.061416,2.8779354,-0.61593926
117772.04,-1.15036,1.792978,-0.9956651
128048.96,0.55431026,2.3802078,-0.54752535
121644.68,0.7993584,2.4247835,-0.7691003
118741.79,-0.03510794,3.0084286,-0.39504474
122109.484,-3.32244,2.341813,-0.44844508
117880.26,-1.9026799,2.5641096,0.6392176
127692.836,3.4474459,0.9249034,0.77143764
124886.6,-2.5177643,2.4950793,0.46556926
133955.4,-1.3929013,1.3919386,0.6901886
129612.375,-3.786624,2.3748689,0.92789704
130050.66,-1.8416708,2.4322817,-0.5855814
120878.23,-3.322319,1.671377,0.88010097
134184.72,-2.390263,2.6037507,0.3769825
123926.42,-0.5988621,2.9349968,0.47411072
122687.89,-2.4003696,0.38955542,-0.6728155
132509.53,1.2579831,2.951129,0.44454905
133839.48,-1.8659513,1.6626464,-0.48888102
129050.77,-0.27952102,1.1987693,0.60563093
134555.03,-2.8317149,2.8841083,-0.65520465
125194.28,-0.36641127,2.5311558,0.5953157
132189.19,-1.2045205,1.9251205,0.8164435
127657.445,-1.9263289,2.458472,-0.29418394
126179.15,-3.4199686,2.8453145,-0.23158555
123247.76,-3.4301863,2.8646374,0.5068307
117893.49,-2.663624,2.9514234,0.57652384
131231.66,-1.2982839,0.6650982,-0.64235544
125696.41,-0.46579686,1.718724,0.68219477
117001.914,-3.889945,0.669977,0.45835564
116961.66,0.5732298,3.0796778,0.45980322
122256.195,3.4871674,0.9303816,0.4048757
121219.375,-1.6546186,0.63568056,0.5344212
122688.79,-2.868107,1.3290188,-0.49318072
127877.586,-2.597326,1.7853053,-0.55194104
131495.05,-2.9083548,1.7972225,0.020725105
129122.266,-2.5613725,0.39667344,-0.47863883
122780.94,1.935012,2.8091073,0.5838097
123736.37,-2.6434171,1.9952282,1.1754328
122102.0,-2.2491739,0.8036224,-0.5472045
118147.09,-3.6962936,2.2729063,0.7032456
132288.56,-1.4786911,0.67830414,0.5999779
126071.07,1.2484472,1.9852431,0.841316
131347.92,-0.7886123,0.36432177,0.7027322
128076.484,-1.2854077,2.6308622,-0.668379
132603.28,-1.3866017,2.3090951,0.57655466
124541.32,-3.089357,2.5688574,-0.6502017
119162.49,-0.27958027,1.054677,-0.550509
120196.805,1.1496657,2.907312,0.4580494
118130.51,-3.2873716,2.7607641,0.4094898
130470.07,-1.1704209,2.2741413,0.62386286
118236.25,0.63744134,1.7976775,0.58906174
116279.4,-2.526027,1.4928381,-0.49377367
120458.625,-2.594466,1.8781096,-0.64173865
129556.54,-3.2623901,2.9792643,0.78873414
119654.45,-2.0871942,2.0671678,-0.71519834
131444.86,-3.872999,1.8030399,-0.9196393
132287.7,-2.9543328,2.3662992,-0.64949006
117579.73,-1.2786998,0.7167839,0.3534398
132795.55,-3.284011,2.1568372,-0.019294696
134570.42,0.67614764,0.7989865,-0.7044329
122114.27,-2.7362797,2.1048229,0.8804262
127597.85,-2.6133103,2.9303606,0.7476627
118884.31,-3.7980173,2.110553,-0.4217808
130254.78,-2.2631803,1.5299987,0.45070028
121016.07,-0.6323855,2.81213,0.43230614
116485.484,1.8415557,1.0124456,-0.5744691
133449.75,0.27166447,0.8705299,-0.5850873
120640.54,-2.4089801,1.3890507,-0.44808644
130376.97,0.49983233,2.1745589,-0.80129707
115535.86,-2.2448058,0.33820286,-0.14223345
128441.62,-2.119699,1.1537769,-0.6868301
120866.33,-3.548387,2.1703558,0.4138011
134337.44,-1.6486931,0.14953585,-0.38167676
118655.125,-1.5682646,2.5324183,0.5965854
116514.19,-0.60963994,2.2580824,0.69194067
115257.46,-1.0978748,1.3213496,0.48673064
124416.29,-2.8847742,3.0198517,0.5571295
122855.52,-2.8443034,2.6361933,0.5932782
116004.195,-2.986141,2.8182847,0.8140608
128898.164,-0.7743505,2.391128,-0.5983913
134656.44,-1.3623074,2.279035,-0.7793391
127733.94,0.27526417,2.849397,0.49445105
119394.37,-3.1510384,2.5288444,0.008848498
124147.68,-1.6201475,2.6689913,-0.96330804
121988.18,-0.32134554,1.0079082,0.8344339
119842.555,-2.714809,2.953008,-0.6099089
115113.15,-2.6333327,2.5894198,-0.7264649
124788.57,0.5139674,2.420251,0.6375848
126769.97,-3.9547353,2.3807175,0.60628176
134193.9,-0.7000693,1.4043058,0.7905985
118334.99,-3.8445091,3.0418506,-0.57407147
134622.45,0.106837824,2.0808206,0.86617815
117830.41,-3.2291818,0.9001499,-0.48173672
134871.17,-0.3973209,2.400026,-0.81064016
126007.62,-4.1040597,2.982712,0.46485072
124060.35,-2.1066895,1.9357527,0.71062875
126095.49,-3.3512006,0.6833418,0.6009247
116568.12,-1.5301228,2.7668228,-0.65945524
122382.6,0.93243855,0.050436713,-0.46264756
123268.24,0.50228447,2.4156265,-0.6691658
123603.11,-2.5176342,0.7424761,0.63864416
115207.13,-3.778406,0.3666075,-0.6747205
116125.98,-2.0318236,1.1406739,0.45803654
117367.71,-0.028776402,1.283232,0.57338065
125620.17,-2.7823167,2.7543974,-0.4569793
134355.3,-3.5097787,3.0331583,-0.59860414
116342.04,-1.6344337,1.3502171,-0.65833706
117809.67,-3.6752372,2.3980796,0.5859842
116635.086,-2.0942175,2.7859013,0.49883044
125370.71,-1.9598112,0.57578605,0.54480726
122106.56,-2.8918667,2.1331105,0.30386117
123739.88,1.1770948,1.8343865,-0.83519626
123791.586,-1.7305503,3.1387622,-0.364217
116236.05,-0.94220066,2.857879,0.3682585
126991.82,-0.7745062,2.5412712,-0.7199492
127556.05,-0.354728,2.3330212,-1.0057987
115755.766,-0.7725162,3.0633924,0.46170825
131026.68,-2.7813377,1.537252,-0.99184155
116829.66,-1.7284297,2.4581254,0.81659716
132360.86,-0.7386788,0.16083132,0.90795654
130370.48,-0.5489558,1.0388179,-0.55259657
120425.25,-2.3478293,2.8854158,-0.2866467
117938.234,0.763696,1.3627144,0.92324656
129115.95,0.36638647,3.1622484,-0.51032907
130005.39,-4.3091927,2.918604,-0.43377396
130562.4,-1.6154815,1.8312781,0.62206036
122428.79,0.51166195,3.0582426,0.4022623
130700.484,-3.1857293,2.4845939,0.83270484
127627.945,-0.5361322,2.3723495,-0.5664457
121206.78,-1.6076218,3.0184069,-0.37342426
134978.28,-1.933932,2.5559382,0.46833044
129452.266,-1.3660514,0.32457495,0.508238
115672.016,-1.7060338,3.0827262,-0.5166398
124201.8,-2.2522292,0.1997555,0.42520195
120189.87,-3.558688,2.3315604,0.918383
120761.555,-2.474546,2.073579,0.66505355
116557.66,-0.2378446,2.2918448,-0.57090354
128202.3,-0.028534628,2.50556,-0.637874
115898.98,-1.2187161,1.5900685,-1.0126026
121306.17,-2.8424656,2.8082707,0.4482425
119035.92,-2.4411976,2.929594,0.44927156
118994.62,-2.9829302,1.8337845,0.5498162
131288.16,-1.5357019,2.5682359,0.37807822
118948.0,-3.1200163,3.0343833,0.49208543
119173.97,0.50736374,-0.048008338,-0.28092
117955.086,0.004955641,2.6791565,-0.48495138
124246.805,0.56888616,2.446435,-0.5215967
115323.97,-1.0296475,0.08310956,-0.39672506
115246.7,-1.8250126,2.6569855,-0.7504958
118315.94,0.0038018848,0.58292526,-0.5741799
130598.164,-1.398556,2.3013718,1.2599393
133973.03,0.27611074,2.5298681,0.908084
118131.65,-0.7717117,2.4810154,-0.60381496
118863.25,-1.9698024,3.1578302,-0.72480637
129253.695,-2.0700383,0.33362874,-0.57555073
129160.9,-0.57693696,2.4525332,-0.40689415
124220.79,-3.8123395,3.0748453,-0.78669757
134873.33,-2.449901,0.44145843,0.36007357
115906.516,1.0796461,2.5264297,0.9884425
120912.25,-2.7773397,2.3966537,-0.9759474
134862.72,-1.8427488,2.3970764,0.6995727
128347.69,-2.7106154,3.03175,0.27624622
134073.62,-1.6910866,1.6753297,0.6961979
133783.22,-2.7121308,1.8532493,-0.91146487
127732.805,-3.5308003,2.9431517,0.552997
120359.96,3.997988,1.3598127,-0.5724984
133951.7,-2.6519294,0.16404428,0.47436705
115667.49,-1.1034193,2.6154413,-0.4319909
117648.66,2.492565,1.6105332,-0.6982934
117578.32,-2.7383661,1.4287733,0.67723656
130977.18,-0.71346146,2.021695,-0.9524123
126379.8,-2.3221347,2.6243382,-0.5225006
125931.76,-2.7385843,2.6593363,0.465873
134257.06,-1.9325801,2.1215239,-0.7147488
127716.62,-1.7510734,2.552025,0.6725066
120318.164,-2.116514,2.6983967,-0.3953215
121289.38,-1.2428892,1.8635011,-0.8242173
132915.97,-2.670984,3.0161088,0.7539924
131253.19,-2.8710442,1.5234658,0.36825532
119161.08,-0.49169645,1.3282452,0.87671745
122475.85,0.7992379,2.645783,0.69578224
125065.62,0.59335065,2.7240834,-0.8463219
120532.27,-1.7183945,2.8433511,0.36427987
120232.19,-1.6653082,3.1007152,-0.68156886
132712.23,2.1078007,1.3660872,-0.612578
125826.9,-2.6724436,1.2935948,0.5524355
134392.84,-1.6403137,2.4878144,0.63888067
126169.85,-1.3460826,3.0887125,-0.5397578
130178.15,-0.44232154,1.3033495,-0.96114314
123658.13,-0.3053035,3.1711342,0.2801427
116683.32,-1.63241,2.2451975,0.6940416
131276.31,-2.9441812,3.011894,0.5512902
125157.23,2.4090674,1.3495023,0.6036379
118923.28,-1.6223238,1.7613863,0.664856
129740.23,-2.4712985,2.526596,0.73022133
131920.53,0.94952655,1.4183775,-0.82761645
129713.07,-2.926173,2.8571599,0.5210148
125635.63,0.12378805,2.2592232,-0.80033755
120684.69,-3.5243683,1.5518712,0.63522327
117304.98,1.5012382,0.6618701,0.70762247
120897.4,-0.36578444,1.4752293,-0.62213373
121874.89,-2.8459864,2.646388,0.4578861
118376.41,-2.636848,2.9423342,-0.27051738
126127.17,-3.6101844,2.1593275,-0.64219624
119947.555,-2.3563855,2.1946356,-0.7307814
117812.68,-1.2761015,2.6096988,0.6309047
128647.7,-1.3802747,2.723604,0.52412254
130333.84,2.5131307,2.111301,0.7305224
116497.51,-1.8499303,1.4677694,0.7515214
116802.94,-2.4775767,2.388558,-0.7838561
123312.42,-1.959017,1.3327001,0.595116
120560.76,-1.5354786,2.649042,-0.46826333
124274.55,-1.8341476,3.0412097,-0.55523497
115497.164,3.1819408,1.3340819,-0.6539847
115887.98,-2.0987163,1.7070744,0.69593805
128825.82,-2.043826,2.2670457,0.9085148
134919.5,-2.194808,1.7299453,-0.7380917
134678.28,-3.9121668,0.93807274,-0.54677206
130798.86,-2.4697711,1.7907666,-0.7276967
116252.88,-2.882405,1.6794206,0.67703587
130221.07,-1.5686961,1.9949121,-0.7450214
121836.305,-3.7901924,0.6953679,1.0015249
120045.26,-2.9393291,2.5480063,-0.4142864
115976.56,2.1246324,2.8775265,0.48076624
131675.56,-2.067132,2.6286073,-0.6498614
115500.43,-2.2860594,1.701758,0.52629066
122871.74,-2.8493702,2.613279,0.38837495
124757.46,1.5948248,2.1375034,0.6630083
127349.58,0.61446816,2.78287,-0.36953124
130342.54,-3.1582549,2.2361934,-0.8878831
115346.58,-2.7338343,3.0877063,-0.32569832
125472.164,-1.6906368,1.8170909,0.4376987
125901.695,-1.4043341,1.8779514,0.6039976
129623.81,-0.79579043,2.2375352,-0.87840736
122240.79,-1.7475221,0.2965325,0.30435812
122572.65,-1.338733,3.0065823,-0.53182644
118809.164,-3.9346826,1.4492518,-0.4418796
134024.58,-1.1894951,2.9931226,0.5929033
130298.83,-0.7606632,2.1198673,-0.676717
122890.66,-2.5681036,2.709132,-0.7506689
125211.33,1.0001044,2.112861,0.8417003
122204.19,0.07489634,2.3229797,-0.3836626
132280.34,-0.8935267,2.8367991,0.4797074
124764.98,-1.5019408,1.8728849,-0.50184923
120883.3,-2.163576,2.4884121,-0.599875
115560.84,-2.1753607,1.5421243,0.57820636
127737.305,-3.467464,2.3322215,0.74284
122023.87,-1.83525,1.3932257,0.49106312
118923.57,-2.554797,2.8925562,0.4005416
134457.3,-2.18223,0.8829969,0.5819312
119538.39,-2.4280007,0.23505045,-0.40324554
116692.3,-0.89387417,1.2598068,-0.69175315
128130.54,-2.2638166,3.183709,0.5551345
132173.62,-0.73387676,0.9640637,-0.6181369
124392.4,-1.7851659,2.8178911,0.82717556
130975.15,-1.9407051,2.4891484,-0.5784905
123276.11,-3.6663754,2.0332334,0.5351269
134865.36,-0.51789016,1.4228351,0.53992784
116982.74,2.1538572,2.5207353,0.6073431
116535.484,0.3125963,2.5011907,0.21525498
121129.81,-2.3656454,0.7436092,0.394508
117989.586,-3.002405,0.6572877,0.7555462
119824.41,-2.3166866,2.1712892,-0.7119601
116490.91,-2.4587622,2.5882301,0.6408549
124984.49,-2.0088394,2.6244435,0.64730376
123321.22,-3.1350272,-0.0032365343,-0.3385079
118038.33,-2.133568,1.2424004,-0.52473325
116112.99,-0.5162098,2.544188,-0.5241768
117806.58,-1.2181609,2.177276,0.59709966
133900.73,-1.5317956,2.4616451,-0.34240767
127103.12,-3.4470632,2.8178275,0.76053506
117498.85,-1.9529731,2.95699,-0.6215608
125461.33,0.53730565,2.5341327,0.49519473
131757.25,-0.96089876,3.0463462,0.5965487
116020.97,-1.9398847,2.3367393,-0.69779384
123263.58,-0.68741965,3.1785195,-0.3767857
130626.79,-2.13136,2.1237972,-0.7295635
129993.76,-0.29650775,1.2876922,0.86690843
120334.625,-1.0827963,1.3985999,0.6683707
121372.69,-0.8274405,0.051941708,-0.47733134
115731.414,-0.43369627,2.7529504,-0.6382101
115386.18,0.2530914,2.9459057,-0.55826753
123039.84,-2.437903,2.7195048,-0.466005
127000.79,-1.4642571,3.0924287,-0.41806293
133710.84,-2.9091973,2.3692365,0.70487756
128686.36,3.9722588,0.48609966,-0.3836291
117749.38,-3.7448611,0.5072074,0.5254036
126180.21,-3.5995743,1.7566961,-0.9503241
116153.016,-3.295727,2.579121,0.6186519
122027.79,-3.7198422,1.3489679,-0.67470765
115410.77,-0.9552836,0.35956296,-0.404496
124760.805,-2.4550083,1.1089153,0.7451566
123615.91,-0.5131322,2.5784159,-0.75617117
126240.12,-3.7933004,2.2240243,-0.6649108
118139.086,1.3043324,0.94672674,-0.63817126
116535.03,-1.5417819,2.9304779,0.4133888
121353.52,0.24904017,2.787631,0.55386317
120177.516,0.05340307,1.5589849,-0.7192251
119806.62,-2.7670522,2.9123325,0.61587936
117679.89,-3.9157503,2.8658726,0.39921412
128533.42,-1.2584252,0.57513535,-0.39392298
129370.86,0.3195016,1.1889929,-0.68891597
122514.89,-2.2804334,2.772019,-0.6641679
122626.88,-1.8511912,2.351281,0.5498861
125869.71,-3.893716,2.8195424,0.65529084
117893.69,-3.5632412,2.77125,-0.49579117
130494.57,-0.9494549,0.9465097,-0.6292719
124547.945,-2.7174973,1.1699712,0.66252625
115148.336,-0.6971763,3.0033789,0.31224522
123385.17,-1.844312,2.4330533,-0.6730216
120316.555,1.5562727,2.7202053,-0.40324366
119709.36,-2.4786117,3.0962224,-0.3977553
119978.0,0.1118372,0.87804615,-0.39496773
129422.11,-0.77369785,2.3528636,0.6384839
124205.38,-4.1698995,3.0895207,0.37564257
126183.18,-2.9594722,2.4165862,0.5753825
117881.516,-0.497344,-0.043352824,0.39066982
119238.85,-2.222513,1.9132005,-1.057638
124259.414,0.25731656,3.0518296,0.5917056
125546.77,-0.18081667,2.1778555,0.6473653
133213.17,1.0618507,0.6894364,-0.45217732
115529.87,-2.0673661,2.9835367,0.4770699
116934.37,-1.9039026,3.062664,0.680017
115489.664,2.4361691,1.9963088,-0.8824287
124866.016,-2.3747034,0.7675728,-0.58053136
119665.3,-4.2554393,2.5944781,-0.47268698
127912.51,0.39909458,2.7517643,-0.5346985
118951.28,-0.6426298,2.0063412,0.50550216
127071.3,-1.6306673,1.6997037,0.5317606
115030.52,1.646741,2.733512,0.6677935
120950.48,-2.3042328,2.3009071,1.0295382
120130.05,-1.0038344,2.4859202,0.52618885
127760.94,-3.7955832,2.8655758,0.6793453
134398.5,-3.242993,2.8250995,-0.53436285
130563.945,-4.0843463,1.3495735,-0.73308116
127315.305,-0.9253228,2.4563107,0.8135838
125713.22,-2.1352139,2.1956534,0.6109057
120004.15,-1.4601711,1.0953311,-0.79409003
120238.28,-0.99182016,1.3769424,0.7016242
123732.81,-1.6093363,2.3731787,-0.6649934
117120.36,-1.2201196,2.8313777,-0.45552573
121104.03,-1.2538967,0.026713625,0.31917256
131365.62,-2.0928602,2.883192,0.5104637
122877.45,-2.9898224,2.8014538,-0.6682788
134151.67,-2.133391,2.375493,-0.7607863
134826.78,-1.452794,1.4789765,1.0066507
126076.305,-2.5281687,2.2433105,0.5249391
126106.51,-4.1251645,2.863005,0.7302438
122337.01,-2.3363125,1.3663703,-0.6174258
116298.2,2.5059752,2.2440448,-0.916312
129392.46,0.73201764,0.9918368,0.6653683
120532.11,-3.1946678,2.7988837,-0.72929
125843.27,-3.446986,1.3751353,-0.5226393
121700.78,-2.4520419,0.23206039,0.61022973
116010.77,-2.627944,0.97374976,-0.8383007
128305.68,-2.7248392,2.046466,-1.0982536
128504.25,-4.4104676,1.7962773,0.7825148
125490.52,-2.210877,3.0020063,-0.5577237
126847.53,0.011310943,1.6887773,-0.6869096
134027.06,-2.5914972,1.954351,-0.73418635
118802.76,-2.0652611,2.7043173,-0.8068483
134461.44,-4.5552692,1.1553407,-0.5491788
118693.98,-1.9599572,1.8131733,0.44729918
119066.22,-2.3117948,2.6697137,0.83431697
115228.664,-2.143534,2.0686104,0.76468354
125352.72,-0.9355575,0.69573116,0.7442732
122307.73,-1.8774617,2.4991603,-0.80610377
123625.12,0.10131701,2.639418,-0.42917347
128846.75,-1.8390722,2.7571976,0.4392736
118903.984,3.0934577,1.6010652,0.5914058
128497.47,-0.905648,1.9248704,0.40460312
134570.33,-1.0878788,3.075556,-1.148906
128751.03,-2.7841814,2.0147638,-0.6946112
121875.46,-3.408137,3.063733,1.1363878
115692.62,-3.1876066,2.2337759,-0.70293623
128752.125,-1.6915033,2.3913844,-1.0051326
121413.89,-2.8291907,3.004122,0.3072332
126289.62,1.0552946,1.340348,0.82821065
127677.21,2.123254,2.1064556,0.83650863
117036.9,-1.931517,2.2503138,0.6666851
125522.86,-0.7835355,2.9359436,0.51273113
117649.97,-2.3205118,2.5172906,-0.9693444
117285.06,-3.6730838,2.1210935,-0.43899533
125623.11,-0.22590856,2.7708023,0.78423387
126623.266,-1.6680021,2.914305,0.3950032
120956.22,-2.259178,2.869964,-0.44348505
122748.91,-2.545573,2.151715,-0.75995564
119126.445,-3.1024978,2.5259368,-0.83525366
116136.086,-1.320206,1.9342495,0.6342038
121057.914,-2.8201644,1.4530649,-0.44652617
116001.3,0.32066327,3.05035,-0.6433632
120703.64,0.3185731,2.4884596,-0.52407455
131824.3,0.14855765,2.0627496,-0.5294006
127447.24,-3.3281975,3.1501386,0.55064136
126587.9,-2.8452296,2.0492752,0.35993862
127443.08,-3.1326337,2.641797,0.6947316
120865.18,-2.3357294,1.7188301,-0.89891905
118589.75,-1.3630035,0.9050039,0.5636014
133589.97,-3.2469344,2.0525093,-0.5048645
129800.01,-2.2411535,2.6519854,0.47088447
124520.64,-1.6498617,0.9820953,-0.40320596
131306.02,-1.8630162,3.0802152,-0.53990823
124868.555,-2.3152273,2.1252925,-0.7386891
134691.56,3.335251,0.2648131,0.53095096
123481.516,-1.883365,2.7682726,0.3397589
121164.95,-3.1776366,2.6609175,0.8369063
117895.47,-3.2019796,2.8944964,-0.80979925
117729.33,-1.2967651,2.4186423,0.46043962
132714.52,-0.6317311,0.22514978,0.38656726
121537.25,-4.693444,0.56658983,0.5668109
121330.74,-2.1177385,0.029035985,-0.24384469
125404.91,-1.4077551,2.7361057,-0.76706845
129342.81,-2.5301907,2.2825296,1.2463188
118357.52,-1.4055601,1.67249,0.61071837
119593.46,-1.098774,2.8557386,0.43001235
115656.77,1.1039921,3.0113757,-0.7135075
127095.32,-2.3487961,0.8573054,0.40131167
118333.195,0.2431939,2.6546347,-0.67310035
116370.875,2.4691095,2.9177842,-0.40077305
125713.24,-3.4760098,1.9720403,0.67957616
134825.31,0.2911657,2.2177866,-0.6950886
128435.29,-1.759182,2.4126682,-0.5764836
118387.8,-1.2277402,2.962398,-0.49362653
132322.47,-3.0052876,2.1085243,-0.8454957
129682.01,-1.3450551,1.3535132,-0.6401485
117744.94,-3.1563706,0.43996993,0.5219203
118942.99,-0.26338464,2.9383814,0.36150852
120697.91,-1.8958411,2.7039087,-0.45642495
121527.21,-1.3095526,1.225839,0.606913
126657.96,-1.9202263,2.894596,0.24092692
120082.36,-2.6487422,0.95432085,-0.44859374
125129.31,-2.997336,0.599104,-0.67760396
126831.39,1.0497277,0.6183047,-0.68281233
121836.38,2.9869416,1.8754008,1.2142153
117663.9,-3.5970798,2.9853373,0.36893177
130030.0,-0.47947696,2.5645587,-0.5286364
127683.625,-2.908543,1.2741083,0.5351034
121493.734,-1.2921445,1.5095365,0.63181484
132267.39,0.011905386,1.6436518,-0.64315856
132872.0,-3.417846,-0.0057210084,-0.46945548
127625.555,-0.14457047,3.1447048,0.27043688
126309.47,-2.365302,2.5414927,0.6571021
132830.6,-2.652126,2.2135956,0.89681643
123038.71,-0.7712688,2.762467,0.7178217
118171.695,-2.7016969,3.161297,0.5861416
127253.54,-1.4215109,2.9685729,0.30790845
124258.93,-1.1997463,2.3966384,-0.96339494
132965.2,0.2735439,1.8647498,-0.73125374
124074.21,-1.0817591,0.16306137,-0.5267202
115771.46,-0.22536992,1.8501335,-0.36283404
119310.52,-2.071965,2.6822743,0.7100484
129179.984,-1.3597788,1.4760706,-0.61496454
127581.055,-0.5301337,2.077785,-0.73982865
129346.984,-0.2551809,2.9177303,-0.4074185
116429.58,-1.1953158,3.0004125,0.50118697
124955.17,-2.7557092,2.011729,0.44084314
133975.36,-2.694601,2.23253,-0.69695795
120440.41,2.4455495,2.313326,-1.0355705
129200.54,-2.1985161,0.93384385,-0.49280718
125435.97,-2.7158594,2.5426087,0.7089184
127733.625,-2.445858,1.5362316,-0.6647127
127481.586,-3.4847858,0.46345478,-0.6591664
116332.19,-2.422309,0.90492845,0.5237407
125126.83,-2.0346503,2.7261324,0.60333896
130992.18,0.2486317,2.85909,-0.42081803
115676.484,-0.53447634,1.2372444,0.916194
119755.08,-2.1387534,2.5025218,-0.7916915
120958.516,1.3970428,1.3153132,-0.86245877
121493.71,-4.4251823,0.5064874,-0.5279224
124146.0,-0.9090927,3.0124075,-0.5560358
123600.08,-2.9548125,1.372902,0.42657432
116502.28,1.1126008,3.195694,-0.5634432
131511.77,-2.0668967,2.6673858,-0.7050335
133625.84,-2.704285,3.15895,0.6619423
116129.445,1.1628261,1.1689776,-0.92305934
120246.805,-1.8939217,2.0941453,-0.7037848
119682.52,-3.2687798,2.7542539,0.98223096
118319.24,-1.3610765,1.9835438,-0.90872985
117975.64,0.1034785,0.13219899,0.4358352
130311.72,-1.3839402,2.1820316,-1.3878033
119963.67,-1.4343135,0.22110401,0.38928816
120631.34,-2.855846,2.6749442,0.7783728
130526.87,-4.16923,1.4241192,0.37905508
119863.56,-2.1277637,1.5976251,0.7136361
116369.62,-0.36863887,0.9781352,-1.0041566
115450.08,-2.3672786,1.9437985,0.67520714
122378.67,-3.065692,1.7832597,0.7792295
129426.945,-1.9344676,2.970251,-0.54325455
133883.23,1.2091465,0.39988288,-0.7447474
117013.305,-3.061759,2.747353,-0.81250954
118967.0,-0.9257399,2.9605708,-0.45900974
119729.234,-1.1908334,1.2468947,0.6852864
117523.45,-1.5250821,0.47795072,0.4355409
129853.19,-2.3665276,1.4909272,-1.0080453
119710.586,0.6665642,1.3798361,-0.61090606
130207.695,0.51603246,0.9896788,-0.6186071
130427.56,-1.2040042,2.0108113,-0.7563802
122714.45,-2.266388,2.7835424,0.41224867
119854.07,-1.6936235,2.2151873,0.5234751
122837.2,-1.7148516,3.0026274,0.5033611
121415.76,-3.8097608,0.08882817,-0.5080295
134457.16,-1.4758701,0.33922106,-0.39600348
127015.59,-2.131556,0.16645956,-0.4201616
125425.4,0.8406533,2.2114332,0.70915496
134302.1,-0.20393278,2.1098344,-0.67287797
130999.08,1.4642712,0.5331856,0.46038362
121432.16,0.5213211,2.7938008,0.4858695
128979.57,-2.6667087,1.5794624,0.6058593
125708.055,-1.314276,0.8580646,-0.77497476
123008.516,-2.1706576,2.4330041,0.5998992
133423.42,-2.398441,2.4129052,-0.8465953
131663.27,-1.8387454,0.2506102,-0.5285891
132561.1,-2.1081,0.5517065,0.5781442
118947.86,-2.3066483,2.6892166,0.5692127
122361.336,-3.8598075,1.783726,-0.81471866
116052.945,-2.1689882,2.8678935,-0.27096835
119418.836,-0.2065258,2.6366625,-0.8904031
125649.42,-0.28065825,2.017955,0.70442474
131791.44,-1.206449,3.015735,0.42036784
129316.01,-1.3395175,1.3366946,-0.5346816
121210.62,-4.380598,0.57796645,0.6558581
123811.82,-2.398145,2.9293077,-0.4583353
126802.57,1.6537662,0.57297015,0.56655705
116204.16,-1.912684,0.2069122,-0.52400416
116937.195,-2.500012,0.64054805,-0.78466517
124680.91,-2.9520776,2.9754722,0.26423556
126698.805,-3.0703857,2.32844,0.40780318
134868.97,-1.1171488,2.5406146,-0.6381232
131974.38,-3.5407495,2.7259352,0.83428884
132433.3,1.8913084,1.3898088,0.5928475
119950.2,-0.5579661,2.9095874,-0.4462701
131447.02,-2.6704328,2.2448967,-0.6018675
125641.125,-1.6637301,2.980356,0.9760452
120856.22,-3.3764057,2.544422,0.64644957
118209.05,-1.1227918,1.877369,-0.6131428
115869.875,-0.12082755,0.2706915,0.4929603
131051.375,1.0800483,0.13699327,0.31952837
117185.43,-3.6289232,2.3855228,-0.54301006
124593.54,-4.374297,2.873486,-0.35352635
133110.72,-1.2109952,2.3880723,-0.56515473
132328.02,0.39680982,2.9255168,0.57607216
120009.79,-2.8834758,2.32873,-0.92042357
123840.31,-2.8211985,3.0541189,0.6497833
129874.11,2.4479673,0.65225005,-0.59522086
119209.33,-2.1000807,2.775397,-0.17426929
127907.36,-3.2890668,2.2307303,-0.4810909
117456.89,-1.3148936,3.267333,-0.5512673
122477.91,0.103114806,3.1067398,-0.37759918
115576.5,-3.034505,2.8095796,-0.5458956
119131.2,-3.1094162,2.7889996,-0.87831813
132989.28,-3.0729582,1.8931011,-0.7924052
133034.38,0.13017848,0.79160357,-0.5714625
126096.766,-3.263009,2.8403687,0.8411431
118444.93,0.46425325,2.6359568,-0.7982196
115106.5,-1.3970506,2.286521,1.047603
125338.37,-1.6223454,2.3908417,-0.5892156
115140.23,-3.0973167,2.7671018,0.69826853
127762.3,-1.8949974,2.59442,-0.7495883
123826.92,-0.6667119,2.7069607,0.5260874
128446.47,-2.131674,2.659922,-0.7318203
129102.71,-1.6285975,1.7750216,0.33830985
124091.836,-4.4834757,0.3694872,0.37843332
127409.12,0.5094268,1.1365758,-0.6670307
126839.18,-0.51257426,2.8217185,0.3940572
122047.69,-1.6422931,0.74198276,1.0191853
122983.57,-3.621863,2.699629,-0.2874869
116884.17,-2.9188662,2.738413,-0.7510803
126613.31,-2.5198069,2.677637,-0.55809873
127672.36,1.1112404,1.2503195,-0.875578
128856.5,-3.5532808,2.4179494,0.8479211
117781.48,-1.1563317,2.649453,-0.57928616
117539.68,-2.1476765,2.6540408,0.61141443
118834.664,-3.1840985,1.842004,0.89223
124485.195,-1.2900692,2.9580612,-0.4134361
121851.93,-0.9092842,2.7910151,-0.7968742
115558.78,-1.4747208,0.6885172,0.73059404
118826.99,-3.797283,2.1743982,0.8406937
126773.52,0.17558756,2.948779,-0.83949745
122483.53,-3.2909439,2.7994623,-0.9860748
124044.27,-1.8015593,0.5039833,-0.5795247
130993.35,-1.4626126,2.4544017,0.77871263
130090.65,1.6863965,2.9502647,0.2831242
132965.55,-0.6823996,0.88213956,-0.44012824
131347.94,-3.9434428,2.6454005,-0.91093916
116364.41,-3.561746,2.697741,-0.8602878
125371.36,-1.2705514,2.8152266,0.49801955
116608.45,1.901664,2.6170905,-0.69418275
128866.0,-3.2810683,0.47286353,0.43988073
115917.88,-1.5940368,2.7431083,-0.6056058
122574.516,-2.0195816,2.460287,-0.2312368
131976.1,-0.37261227,1.7985698,0.7217508
121951.85,-3.7085807,3.1442094,0.38974184
125219.44,-2.9770043,2.398921,-0.6668922
115792.14,-1.5036963,1.5489513,-0.5173751
129439.82,-1.1558081,2.7633224,0.65064394
116805.46,-3.4401314,2.2070272,0.8160328
133249.61,-2.8218753,2.5373404,-0.7992903
128449.445,-3.0099123,3.1109252,-0.5011859
119887.375,-4.055254,1.1343626,-0.55885065
117919.445,-1.9085717,1.5260031,-0.64257056
117339.555,-2.9307156,0.22652628,-0.6683384
115153.72,-1.7086523,2.0894623,-0.37731102
123461.38,-0.3789056,0.27444628,0.26265907
127176.91,-2.0191872,3.0423195,0.505046
127539.31,-2.4150615,2.939776,0.4639279
119046.36,-3.9345918,2.4931529,-0.6247545
116171.9,-2.5423245,2.756885,0.33370447
118644.266,-1.9552933,2.6257384,-0.5545284
123885.54,-3.6782641,1.4992872,-0.6717549
129046.75,-4.720285,1.1670601,-0.46730226
122261.22,0.5166703,2.4387367,0.62906796
127045.67,-3.0252893,1.936784,-0.6869111
127324.12,-2.3641262,2.5035248,1.065526
118983.195,-0.92216116,2.7221537,-0.75853705
125817.06,-1.5628833,0.62370986,0.43211433
125075.52,-3.1209047,2.7526464,-0.8470044
126440.69,-1.317331,1.6806666,-0.60355705
120786.945,-2.34827,0.1037641,0.56735045
128338.47,-0.96098006,2.0945468,0.62782246
134129.02,-1.8262902,0.8891583,-0.866648
127193.914,-2.7283452,2.86438,1.0010631
134594.06,-2.526115,2.0187004,0.5269774
121813.39,-2.6175644,2.5534437,-0.2144564
134336.8,-1.4854387,1.4086345,0.6339156
116436.32,2.384494,2.6391,0.72351855
125733.55,0.23526019,1.7506582,-0.65606904
132564.8,-1.8805382,3.0274985,0.40115017
125933.836,1.278374,2.9820647,0.4455881
124845.086,0.67626816,2.7499704,-0.6175397
116946.82,0.16089216,1.8973261,-0.6686403
115177.836,-2.1478212,0.9010726,0.5778527
132227.17,1.7041974,0.6006282,-0.620786
130273.41,-3.0632515,2.5605075,-0.51869535
124941.266,-1.8078701,1.9409366,-0.81942135
133831.62,-1.1982863,0.8928223,0.65757215
118891.13,2.0746138,1.7714094,0.88002926
115656.57,-3.6078734,2.6358585,-0.36279953
122775.04,-1.6522629,2.0780365,-1.043968
116717.67,-1.7006339,2.56171,0.74920833
124979.78,0.28990173,0.98272127,-0.69317544
134606.3,-0.92058617,0.7059784,-1.0654806
132191.6,-2.9803884,0.87077266,0.5967326
123860.93,-1.578066,2.685542,-0.7525288
119355.984,0.87598574,0.6371716,0.5982389
129503.06,-1.7662911,1.1138012,-0.56029105
117458.234,-2.4605756,3.0936778,-0.69166154
126758.14,-1.5535334,1.9129753,1.1329362
121788.625,2.20314,2.9121094,-0.6034509
123202.695,-3.3011272,2.9184053,-0.4703464
124588.75,-1.962427,1.8667741,0.5134354
125289.18,-2.7193336,2.2422407,0.9050324
132044.75,-3.295656,2.516444,-0.69345343
118393.46,3.7589505,1.9406017,-0.6706847
127111.516,-1.1331598,1.5657846,-0.59222037
134226.08,-1.0505859,2.218398,0.66313124
115209.875,-1.4330944,0.17708161,-0.018091206
119960.51,-1.2215072,2.6436348,-0.5858201
128275.125,-2.449771,0.21598575,0.34587234
126904.12,-0.8076538,1.9397707,0.6476086
134931.0,-2.9456897,3.108497,0.5601914
134638.53,-3.8627007,1.4994485,-0.90758884
132567.86,-3.319219,0.8594486,-1.082912
118374.57,-2.220981,3.0594323,-0.288593
122945.47,-1.3881785,2.1612706,0.8681532
132349.9,-3.5892005,1.0762308,-0.66387534
123056.734,-2.196916,2.9931004,-0.35296583
119545.54,-2.2317405,2.8343334,0.539868
123389.305,-2.2432768,2.2420812,-0.8532394
125494.32,-2.8475873,2.5829597,0.30505013
126575.15,-1.3731341,0.37115252,0.39741588
117298.516,-1.5989314,2.511672,-0.56359506
126037.664,-1.5352,1.884488,-0.834372
124751.26,0.77787036,0.29833928,-1.0592968
123823.5,-1.2063754,2.9745815,0.47047305
134872.9,-2.38836,1.6935865,0.8447474
129813.766,-0.8003596,2.5853136,0.4541925
117680.695,-2.0954359,2.3734787,-0.95547086
119062.95,1.580472,2.6421998,0.7198499
126147.734,-2.260182,2.204541,0.85742456
126129.94,-1.7235705,1.6325765,-0.9354904
118706.836,0.48958352,2.374192,0.51124823
120072.984,-1.6353747,2.7844782,0.40964046
134574.8,-2.8544846,2.600916,0.5156641
116615.04,-1.527267,2.395153,0.6340967
128639.164,1.0397482,2.4794188,-0.80627507
124338.42,-1.3199422,2.3033288,-0.55236375
119634.164,-1.1777605,2.8550482,-0.8632169
116188.58,-1.6730949,2.5584762,0.6281348
123163.16,-1.1996237,3.0885181,-0.41909823
118147.74,-3.8410969,2.8688498,-0.58184785
121639.62,-0.6622602,2.87492,-0.64523524
125406.18,0.020273047,2.6358936,0.47862804
116900.78,-3.42018,2.9536285,0.46297866
130018.27,-2.1506207,2.996296,0.68561673
123196.07,-2.9722598,2.1580472,-0.4910066
125381.234,-4.0340195,1.7848784,-0.6131378
119265.82,-2.4549193,2.1090667,0.69814944
123969.79,0.43067238,3.0371332,-0.388846
121696.516,-1.6558574,1.8505074,0.60411525
127937.86,-2.6924334,1.8735505,-0.804995
132320.44,-3.1179595,1.355527,0.8569695
132891.6,-0.8282998,2.9502587,-0.59249604
118222.09,-1.0835097,2.404099,0.501239
126105.195,-0.34653187,0.95295614,0.6468266
125005.445,-3.031068,2.3328722,0.51280814
123749.76,-3.1599376,3.0654013,-0.4762881
119744.38,-2.085843,2.8262017,0.19366132
132462.67,-1.1605282,0.10211584,-0.42023316
117369.06,0.16610473,1.6377708,-0.6525283
132996.27,-2.7709918,0.82883525,-0.58865434
116418.12,0.32940876,1.2326071,-0.74021
130054.64,-0.554654,2.4345176,-0.15742221
131585.19,-0.79529274,3.0320044,0.8316002
121966.555,-1.3101156,2.2307732,0.5783748
130491.34,-0.7409419,2.0759099,-0.6405267
116074.99,1.424695,1.8510439,0.8202138
131480.17,1.9626883,2.9308677,0.3108821
129319.87,-1.8047819,3.0454805,-0.73613816
130524.555,-1.7225745,2.9793491,0.4765241
117831.836,-2.5020118,2.3138483,-0.75948787
134493.02,-2.41539,2.6504784,-0.52410984
129360.9,-1.4228734,0.7297522,-0.61820614
133645.98,-1.6945875,1.9841659,0.36271283
120774.766,-1.3172668,2.344516,-0.6235487
126118.49,-2.3192885,1.548073,0.85248727
131594.64,-2.7293067,1.5588381,-0.70498526
130672.47,-2.0462947,2.6208763,-0.53971744
130798.9,-1.2954801,0.16403586,-0.46280843
117988.04,-2.158347,2.164162,0.5672656
129506.79,-0.056219954,0.33927444,-0.7696241
118890.37,-4.004637,2.392928,0.80785394
121858.54,-3.5790322,0.1727813,0.3569386
126964.4,-0.78302884,1.3855942,0.9584712
126479.71,-3.7555969,2.6954591,0.7411778
115960.83,-3.1928732,1.6925656,0.71622366
132377.56,-3.8380587,2.6642194,-0.6029997
124230.23,-0.07038567,2.8100095,0.44275883
127333.38,-0.03708861,2.6760454,-0.57273287
122410.33,-2.660743,2.9496646,0.69425565
124883.78,-3.5645363,0.13100763,0.43409082
130766.84,-1.1570872,2.7397752,-0.49767166
118163.28,-3.3093395,1.5597531,0.6083254
121696.73,-2.2408493,0.32880658,-0.63271475
123830.3,2.2860286,0.67707044,0.7613388
131170.77,-2.22415,3.1194053,-0.4624513
120987.7,-0.43627414,1.6424193,0.7650812
119338.53,-1.7667651,1.9211541,-0.6692189
125778.3,-3.105952,2.8292956,0.834645
121481.01,-0.3097639,1.1128644,0.93912214
132829.58,2.9326446,1.668412,-0.64302325
121789.734,1.9051204,0.12888454,-0.51132137
130851.914,-3.2137945,2.6410522,0.6473473
119656.79,0.08631853,1.6978236,-0.8419989
133594.8,-2.2975898,2.9407501,-0.960595
125033.05,0.10709888,1.0064397,0.58904094
124209.914,-1.2556146,2.282241,-0.667746
115897.03,-3.070438,2.2457223,0.63625324
131097.78,-2.7157116,1.403465,-0.62142694
133592.62,-4.5028186,1.897692,0.58374584
121653.805,-2.457654,2.9631333,-0.43924642
116414.04,-0.68982327,3.138028,0.5658011
125142.984,-0.8300449,2.62361,0.8146916
120260.914,-3.7175105,2.0247202,0.8402249
120933.91,-3.4230638,1.7838303,-0.57592624
127348.61,-2.69764,2.8980408,0.6107602
123276.55,-1.8671674,1.394794,-0.6745244
132756.03,-0.44479093,2.1305258,0.71284574
132718.66,-2.3360476,0.7938412,0.7573856
128290.48,-0.5795538,0.4541187,-0.5925414
124484.03,1.264577,1.8908889,0.71080184
122049.625,-1.696989,2.8655374,-0.65128416
115401.22,-2.1406765,3.0917373,-0.9231689
117915.55,-0.5646958,2.8398583,0.77836555
121564.93,-2.1618483,2.476536,0.5061462
121642.516,-0.047344986,2.7227216,-0.623971
131217.08,-0.34089085,2.1528206,0.34932354
118837.95,0.78793246,1.3341095,-0.76467323
126091.53,1.8143952,0.5064403,0.47263956
123903.07,0.11041447,3.025531,-0.53339106
122002.18,-2.963261,2.7103171,-0.64297664
126313.28,-3.1333869,2.7186751,-0.74697113
116263.46,1.1084377,2.0724382,0.5513674
132834.86,-2.6775684,0.7411372,0.47090372
127593.445,-1.529579,3.0021214,-0.5947516
125253.086,0.33594385,2.3200166,0.5517309
119394.81,-0.37817097,2.2726886,-0.54657173
116730.35,1.0984857,2.8840377,-0.90686053
126349.92,-1.7677556,2.7561622,-0.42262465
116486.23,-1.4481947,2.7251136,-0.57263356
119699.06,-2.5667489,2.7715936,-0.34576592
120770.695,-2.3746834,2.0415854,-0.59677
119338.22,-3.2485826,2.8128264,0.40893883
134837.66,-1.1603998,0.5325457,0.52522165
117118.62,1.2334938,0.578009,0.5365159
132262.48,-2.1729424,2.3614364,0.65798414
124106.9,-0.75023633,0.31159124,-0.36988786
116605.016,-1.241165,1.2940402,0.6082734
129204.77,-0.69561994,2.751235,-0.61054134
126859.08,-3.8079436,2.97629,0.49138418
124198.12,-1.9723066,2.706408,-0.8907473
122488.75,0.28255972,1.6665387,1.0227826
120441.12,1.6558161,1.88326,-0.967984
131884.16,-3.556245,2.8995621,0.47027287
128068.33,-1.4174597,0.3976109,-0.76299995
130492.336,-1.7427725,3.0175524,-0.47065318
117561.375,-2.6562212,2.4873564,0.5730425
122788.82,-2.01128,1.4792079,-0.57000685
130670.57,-2.993558,3.0431898,0.54806554
131269.4,-3.0898442,2.9685833,-0.613324
123662.52,-2.9879491,0.42650434,-0.5019409
117031.97,-2.3261306,2.4852073,0.61287683
120522.49,-2.5767262,2.1622207,-0.6431496
120066.46,-1.6492515,2.8007424,-0.870782
125729.84,-2.1981056,2.6078317,1.1174337
129780.76,3.1706636,1.3757735,0.7024014
133956.7,0.3452383,0.605399,-0.6919076
130212.14,-3.0224786,2.7100456,-0.47485474
118098.29,-1.7610104,0.5004304,-0.459019
122922.64,-2.2237086,2.001294,0.88039595
116060.12,-1.3789601,2.618928,0.61448133
132608.92,0.51611304,0.3488081,0.5031144
116373.695,-3.4071004,2.9300556,0.31729946
123720.305,-2.1792784,1.6136062,-0.8887612
132518.38,-1.0892309,2.6048193,0.83255225
122991.836,-2.877562,2.7419987,0.64225775
120943.04,-0.8731558,1.8856122,0.7799823
121701.0,-2.3106527,1.0239232,-0.4520361
