HiggsM,DNN_score,DPhi_jj,OO1
124999.266,-3.9603732,2.9218726,0.043959245
126459.51,0.96884555,2.4718392,-0.12509747
125667.125,-1.8910787,2.4041407,-0.031912223
130096.0,0.9202631,2.639975,0.04041311
119465.44,-1.8473159,0.39863604,-0.11745718
126085.8,-2.4505637,2.4465096,0.14497697
131439.19,-1.6346056,2.480176,0.18837866
115062.95,-1.3891435,1.7992178,0.4007027
115234.91,-1.7845666,1.8779106,-0.013661554
117863.98,-1.8813428,2.4863067,0.37914932
115821.21,2.6721458,1.4377279,-0.10657264
127904.695,0.23405166,3.1179857,-0.114506446
117541.13,-2.9228778,1.8108023,0.16166405
119400.55,-3.6329627,0.09317776,-0.022918751
134514.12,-1.6718591,2.8283637,0.050626572
134097.5,-3.5614288,1.7995389,-0.061974794
123416.89,-1.115044,2.302669,0.043193992
128229.69,-2.8877103,2.4757385,0.27052084
121072.06,-3.2530758,1.2251955,-0.33838996
130090.5,-1.7620068,0.5442263,-0.08525024
117012.914,2.5269942,1.651423,-0.16910319
120372.66,-0.9102582,2.0594437,0.23886965
128572.08,-1.6045735,2.6636462,-0.92064005
130057.54,-1.9962244,2.6549366,0.05682426
115930.445,0.63270164,2.3760622,-0.16251603
125222.23,1.4337046,2.8897316,-0.105489135
129789.586,0.6887335,2.5789328,-0.7792429
132394.98,-3.1005073,2.594934,0.17681946
123304.25,-2.5291324,2.8336654,0.12502386
127655.086,-2.6971908,1.4994824,0.07974659
131891.5,-1.0253886,0.9688943,-0.40168455
134617.2,-2.3022757,2.3497055,-0.16219032
127583.86,-3.9699137,1.8403991,0.6089406
125960.086,-1.259165,2.5114355,0.1391625
118169.93,-3.3008757,2.5739014,-0.0034308098
120658.375,-1.3437322,0.88004386,0.11038101
116558.2,-3.695636,2.7878737,0.09001964
130876.06,-1.1085403,1.1697416,0.18540467
115351.18,-0.8246977,2.951067,-0.13893364
123366.15,-3.4704635,1.5796808,-0.1808257
129058.99,1.3499874,2.84871,-0.27289405
134675.03,-0.40278178,1.5404855,-0.082841255
120012.96,-0.9335083,2.6522634,0.295305
132083.19,-2.9044478,2.690289,0.24892218
124112.72,-0.49267042,2.3770604,-0.024419153
122214.95,-1.0146194,2.4483154,0.0006779373
132074.4,-2.0344882,3.0547447,-0.100892566
126215.34,-2.6182446,1.5089571,-0.75056124
133319.72,-0.5324068,2.8483121,-0.04066998
118166.086,0.06661409,1.4813759,-0.061673522
128427.89,-3.6651838,2.8183565,0.04710547
117239.61,0.57406807,1.4563522,-2.8228452
134034.55,-3.1645527,2.9689112,-0.22004624
115709.71,-1.5365236,1.8774242,0.20443937
134838.33,-2.6004996,2.586044,-0.035093017
120455.805,-1.4859078,1.0786507,-0.32552105
123137.3,-3.1789982,2.8810978,-0.09461502
122318.45,-1.8204901,1.3169099,0.25885734
129430.38,-2.878282,2.3500311,0.27559686
131958.56,-1.611464,0.3793709,0.038759835
133520.81,-1.4628633,3.001102,0.012750288
129312.22,-3.0926802,2.1250377,-1.1226698
128939.33,-0.8019456,2.244168,-1.0163597
117203.54,-1.2709124,0.36072108,-0.07025219
122355.72,-2.0338786,1.5035408,0.0124958
119431.14,-2.9197056,2.0497572,0.00030842423
121010.02,-3.7524855,2.7452712,0.32959345
124275.27,0.92642456,1.5592808,-0.0059613786
119440.03,-3.0814564,1.9735055,0.0255712
133557.6,-2.4899714,2.2626681,0.42925948
131699.36,-3.8657062,2.8348167,0.64270157
119641.77,-1.0392002,1.1559252,0.19300294
125341.95,1.5422486,0.73212886,-2.903633
115162.164,0.88857585,1.3196665,-0.7123676
122044.33,-2.0021362,2.9005048,-0.050057996
122626.36,-1.6879815,2.7115808,1.2365401
123734.91,-2.9201765,0.3689534,0.09256273
120691.56,1.598142,1.3093201,0.08955358
117891.37,-2.018568,2.9849653,-0.111895114
124384.11,-3.7169967,0.42096406,0.35762936
129688.21,0.8729543,2.7285378,0.07211197
131912.28,-3.090217,2.8712502,-0.6935859
120993.5,-1.4949318,3.018344,-0.027549287
127197.97,0.28705177,2.120677,0.2281061
119766.82,-2.472365,2.8829453,-0.024177479
123790.3,-1.5480491,2.244273,-0.15760776
120219.92,-3.3579535,2.2245543,-0.06548874
118065.18,-2.6689644,2.233094,-0.72201633
115391.81,0.9497807,2.6206656,0.10799646
131015.14,-2.303347,2.7945058,-0.22126622
115817.46,-0.85023326,1.9130206,0.06490348
133983.62,-2.2990053,2.127092,-0.057187214
126381.56,1.0137993,2.3561137,0.43684998
133924.86,-1.1604445,2.1125357,0.2553845
134957.31,-1.2185636,1.7225934,1.1297908
124785.234,-1.4419835,2.8135784,-0.09447585
120068.445,-1.0458118,1.6059703,0.69299346
130116.8,-1.5657102,0.33350512,0.00031438412
123088.5,0.25210297,1.9426078,1.3787085
117724.75,-2.4986475,2.9611614,-0.028182227
128526.93,-0.48889884,1.9780788,-3.024465
125563.33,-2.8574834,1.5850701,0.13222638
119666.36,-1.8446223,1.7648222,0.02488164
116794.32,-1.4643838,1.6590474,-0.14958724
123948.57,-0.6227604,2.9991143,-0.014663411
133888.48,-1.0710198,2.157635,-0.37514815
122368.414,-0.8997642,2.4573722,-0.053378846
131701.34,-2.632877,1.7657062,-0.04915746
119940.63,-1.4559491,1.5860301,0.10292042
122537.78,-2.7073176,2.3179548,-0.4802067
124897.234,-3.09404,3.1044583,0.02234392
124948.05,-3.1988127,2.7843318,-0.007695706
121270.29,0.32255167,2.4695294,0.108121015
123508.44,0.5428946,1.196883,0.21581858
127998.1,0.25967196,1.9695203,-2.1333742
121759.31,-1.3722425,2.7066233,0.09601172
119185.79,-2.443099,2.9123154,-0.2567633
134685.83,-3.2468064,2.905513,-0.1907203
115211.76,-0.95423216,2.9955254,-0.01624904
123598.414,-2.1895676,1.2713993,0.19737512
116016.52,0.24958605,1.826676,0.012027949
126505.45,-2.1190882,2.5673513,0.008522343
129913.01,-2.1884537,2.0189419,0.17088044
115649.195,2.0300422,2.1180701,-0.04592422
126046.5,-2.596078,3.1013305,0.060606405
129392.625,-3.8839436,0.43313143,0.013351044
115556.164,0.40252694,0.73966736,-0.1960115
115569.375,-0.8468436,0.30581835,0.03354434
129371.09,-3.4082747,2.9237206,-0.036773108
117919.64,0.3362965,2.4031959,0.3868626
123396.945,2.8033695,2.4220748,0.122071326
125362.43,-0.12542225,1.4128784,0.4166895
122776.39,-3.3828607,3.1052964,-0.0066223303
119179.52,-2.7242312,2.5567424,-0.037632823
116565.66,-2.3491757,0.96050817,-0.050361056
127809.164,-1.9047778,1.494501,-0.32788387
116276.76,-1.8707274,2.9342437,-0.22633332
129979.49,-2.0733767,1.6647328,-0.29546297
133301.55,-1.7679498,2.1934621,-0.21796057
133376.95,0.35309416,2.9180212,-0.26938874
127226.2,-1.3556656,1.8250201,0.101794004
124364.11,-3.310865,1.5978558,-0.5960038
129825.54,-3.0539906,2.499973,-0.3056666
134653.31,-1.05147,2.4536467,-0.2534994
123851.6,-2.6791017,0.15023284,-0.30531794
123534.11,-0.6863554,2.8505538,-0.048296552
121212.734,-2.3294668,3.0616395,-0.09098068
125889.875,-3.3666499,3.127168,-0.048869893
116820.305,0.22265875,0.46201593,-0.013518219
128955.516,-1.832492,0.6788576,-0.11982982
124535.39,-2.7571037,1.9305028,0.23274109
117592.234,-3.3210242,1.5083697,-0.124263376
132651.1,-1.3352524,1.6706431,-0.038036007
119372.86,-0.07801596,0.36337087,0.07538633
116231.164,-2.7717328,0.7599422,0.09561062
115106.766,-2.8382897,2.9760616,0.19244331
124920.41,-2.316933,3.1433067,-0.06887009
119755.15,-2.6501102,3.0866404,-0.14184654
119129.76,-3.1113987,2.3774693,0.28174388
119558.266,0.8408606,2.4712436,0.039014325
125362.02,-0.18208064,2.3558304,-0.13981868
128528.9,0.32267702,2.6202788,-0.048489057
115614.52,-1.5840176,2.8742397,-0.085134625
128986.15,0.18620075,2.332882,-0.7873352
116131.57,-2.6195939,2.9584792,-0.14041586
121843.15,-2.684637,1.192472,0.3068982
115874.06,0.7870439,1.0580988,0.18358691
115881.98,-3.4680188,1.0719974,-0.025607256
134729.73,0.042905953,3.007173,0.00091812084
133874.05,1.6001879,2.8575084,-0.024852734
116911.664,-1.2120256,1.551431,-0.006405986
118153.14,-2.0071566,2.8250837,-0.09135913
118783.83,1.6414833,0.37385118,-0.026385022
117360.38,-2.0601728,2.9120157,-0.56154156
116843.51,-1.3490003,2.947315,-0.16759057
115555.22,-3.015268,2.792352,-0.64826035
132818.22,2.1429925,1.1799699,-0.2620384
129840.91,-0.9629411,2.9087563,-0.26535776
134776.97,-2.2124577,2.1189618,-1.3072217
133781.78,-2.2916548,2.3953748,-0.7549999
116787.07,0.36061734,3.0542939,-0.39669377
130019.47,-1.561973,2.5328913,-0.4968935
120827.84,-3.4254036,1.1856415,0.02911316
118676.55,-3.8245516,2.0394843,-0.23437887
125860.69,1.1110497,2.3666348,-0.1069055
124461.87,0.7733979,2.4938805,0.17742439
125939.1,-3.1693988,1.76063,-0.18962249
131309.89,-2.6253135,2.6474543,0.045273397
127514.24,-1.3821603,2.8981655,1.7007564
127709.336,-0.86963356,3.00887,0.1285223
118565.05,-1.8987362,2.5419364,0.32777807
126266.62,-3.706931,2.4776387,-0.016274072
122665.7,-2.8481774,2.9126637,0.17920044
121029.99,-1.683074,1.512943,0.5540119
133840.84,-0.904945,2.904438,-0.078488454
133528.45,-2.4393654,2.1841476,-0.17606822
131549.45,-1.2558571,0.19556494,0.049036473
133737.94,-0.79376566,1.5137656,-0.6947421
122154.58,-3.8956292,2.9946828,-0.06048959
128328.94,-1.415374,2.1923528,-1.7122813
121356.29,0.17441039,1.9772362,-0.41134226
122774.79,-1.9627572,2.4105697,-0.22727677
118675.27,-3.0393038,2.8428125,-0.04908445
115360.164,-1.5806319,1.6230782,0.16080047
128670.31,-2.4422219,2.7261333,0.12553105
122447.16,-1.1030085,0.99674654,-0.07625707
120170.45,0.12379907,2.2720878,0.30612102
124109.02,-2.4996996,1.3159714,0.1280187
126651.0,-3.4163444,0.69255453,-0.036107983
118246.85,-3.066251,3.000665,-0.23181492
116630.72,0.57757205,2.416072,-0.07156426
126203.98,-2.7027032,1.4989535,-0.04008293
124557.01,-3.4091766,3.1360507,0.04226425
116859.3,-1.0045025,2.8176348,0.061385956
131984.98,-1.9686955,2.899162,0.9629103
122004.414,-0.01642019,2.6801417,-0.25831825
118726.625,-0.64022756,2.7585545,-0.020147404
117765.414,0.278079,0.9418124,-0.19173348
120234.06,0.035962753,2.4317775,0.71341145
121651.59,-2.7946002,3.1447074,-0.14489144
126207.54,-3.6594708,1.2403594,-0.18863732
125224.586,1.4260148,2.882777,-0.5936552
126664.414,-1.9851956,3.1158464,0.057665795
119393.24,0.34857696,0.12268241,-0.021526223
121215.555,-2.2250922,2.0897665,0.06856405
117056.25,0.58531773,2.4589412,1.1932582
123118.234,-0.03636605,1.4520445,-0.39018974
120601.66,-0.6350577,0.36741182,0.00810217
122148.05,-2.8221364,1.025543,-0.24549347
128260.42,0.4681643,1.9841915,0.053573735
117290.016,-2.1929185,0.87870705,0.081563756
115677.195,-0.24346597,2.8714256,-0.12056348
115405.69,-0.266942,1.8153365,0.33093265
119651.21,0.19304304,2.5588996,0.34902865
125547.1,-0.80680794,2.5886567,1.0569168
119366.03,-1.3170857,2.1269822,0.65047383
119572.54,1.1052878,1.4721396,-0.2581344
126317.43,-2.7100368,2.3520412,-0.19952843
116161.8,-1.2798768,2.8609328,-0.014159801
116722.16,1.2708707,0.17951447,0.007981185
123496.21,-1.4305792,1.0459005,-0.07378491
127565.87,-1.7562367,0.18846744,0.028390823
118685.57,-2.4198751,2.9079497,-0.05334696
132028.44,-1.0693725,0.52009517,-0.22711287
134126.56,-3.333703,0.87264,-0.015115171
131707.08,-3.2433379,2.4468896,-0.050847683
119770.05,-0.58100545,1.4988813,-0.47780544
117877.57,-0.83557224,3.0982888,0.008404337
119688.95,-2.0308764,1.1884751,-0.7296292
121962.766,1.1234324,3.0045426,-0.044565365
117966.9,-2.422029,0.90420055,-0.29195735
122718.97,0.054758992,0.8701533,0.040410727
134875.14,-3.2422931,0.38320884,0.0954944
118324.664,-2.941771,1.7267792,0.100089476
126621.555,-1.6377662,2.523236,0.09568273
125496.81,-2.8288193,1.6111457,-0.24484563
130912.99,-2.4805717,1.9955913,0.3201238
117451.414,-1.6891407,2.0094807,-0.11328407
133427.42,-3.1478653,2.2129755,0.03266466
117527.86,-2.2307246,0.37129143,-0.0910364
119701.86,-0.3746825,0.76614845,0.064631715
131277.05,-3.0354486,0.64966065,0.4556737
133876.58,-4.0796022,2.919149,-0.24136208
117667.695,-0.9497197,2.4357135,-0.36293575
126888.62,-1.3040534,3.0980728,1.0343968
127426.84,-0.60401857,1.7351662,-0.14784218
115724.24,0.085542925,2.7747958,-0.074317425
119583.055,-3.9096358,2.5757616,0.08421114
125962.55,-0.8942657,2.8787367,0.039639518
121107.97,-2.5778341,1.0179192,0.22114018
118171.56,-1.0479895,0.3478104,-0.060468134
125144.61,-2.3619766,1.8124027,0.0150072975
129380.39,-0.12290775,1.9456761,-0.13158779
127748.96,-2.221863,2.7229424,-0.5963494
121346.086,-1.7519054,3.0792093,0.020718062
129470.35,-0.61011213,1.054914,0.16300385
121884.05,-0.20414631,2.397855,-0.36497432
121455.08,-2.3197207,0.28168327,-0.05521211
125907.25,-2.18829,1.3105587,-0.029345
121934.336,0.0011162161,1.8600612,-0.47936842
132200.39,-1.1533009,2.0516353,-0.4743809
125088.945,-0.13624069,3.0182936,0.011313358
116759.95,-2.1176412,2.1901152,-0.0870549
117288.586,-3.1835716,3.0138478,0.4107409
123354.555,-3.3795907,0.49556533,-0.105581805
126868.13,-3.6854851,2.8831825,0.0102459425
122471.55,-0.46673295,0.70673686,0.06368707
124168.14,-1.692934,0.77621007,1.0998447
133300.38,-1.1234437,2.7044296,0.24521515
121255.92,-1.0770906,2.2230268,0.1984032
128367.55,-0.38310525,0.85915697,0.24261364
128849.945,-2.0841155,1.8786545,0.0052080485
129366.73,-1.7782944,2.598098,-0.18809706
118998.44,-0.6030897,2.963021,0.026795957
120520.36,-1.7057128,0.83437973,0.019433707
115769.16,-3.108924,1.8631127,0.21030092
123035.734,0.69659215,1.633468,0.29626337
117389.875,-0.14100243,0.4247444,-0.079906605
133434.61,-3.890357,2.4060545,0.099979214
116456.734,-3.2122524,2.5699723,-0.2250156
133669.83,-2.7226048,2.9023683,0.3355307
132026.36,-1.6075395,2.5023525,-0.6554527
131304.8,2.3884141,1.1105664,-1.7156183
133383.52,-2.2815597,3.0625486,0.065171085
119552.46,-3.520148,2.3472009,-0.04404
134593.62,-3.235655,0.096271485,-0.0029248153
130887.055,-1.5613731,3.1037526,0.10987144
123225.26,-3.280394,3.0072744,-0.016389992
123053.836,0.3562038,0.8272151,0.17603812
119944.805,0.53024673,2.221494,0.13482669
116473.49,-0.21627314,0.71547735,1.4843707
120709.07,-1.3806632,1.7754798,-0.33721673
131105.67,-1.8586396,2.0141542,0.24330142
116432.266,-1.3516873,2.4812627,0.50195104
128886.11,-2.749446,2.1630614,-0.11163527
117515.49,-1.2914592,3.0466955,0.0623008
122995.55,-0.97583526,2.6106308,0.06103909
119407.08,0.6930937,2.4816713,-0.071337484
118841.664,-3.033512,3.073049,0.05017302
125677.234,-1.0461961,1.8682649,0.55670214
118918.46,-1.0214045,2.9294028,-0.03621675
119409.37,-2.633462,1.371425,-0.13438684
130492.43,-0.61533225,2.599366,-0.065737866
134739.5,-3.7355766,1.5666047,0.068631396
122662.58,-1.6753277,1.7350863,-4.679859
132409.72,-3.8633254,0.1515861,-0.07471644
124464.02,-2.7544374,2.6797647,0.15883788
121403.4,-2.3899019,1.5546956,-0.3164826
130221.03,-1.6920183,2.6274507,0.8493297
132678.23,-2.9320385,0.69766027,-0.31959814
123480.36,2.0563438,1.1267885,0.23075406
134659.28,0.24215895,2.381089,-0.19301039
115984.85,-2.3112752,2.5361316,-0.02402163
119927.61,-0.40497288,1.655954,0.33648965
133400.27,1.8286281,0.09274456,0.2642832
121555.234,-2.227969,2.7508323,-0.31830215
133503.12,-3.5830886,1.0719188,-0.074694686
124019.46,1.7140322,2.197117,0.16612741
120054.305,-1.6373495,2.5444643,-0.09078281
119950.625,-0.9545545,1.6611636,-0.14478238
128403.27,-2.3610673,1.7618666,0.0917051
124970.31,4.0935473,0.23461556,0.15007506
122377.65,-0.88257766,0.16767289,0.00047947303
127663.84,-1.8721268,2.6967065,0.031801667
118841.39,-3.1281712,0.669205,-0.15790427
122140.5,-2.6675367,1.7583029,0.7383888
118198.07,-2.133354,1.5300106,0.47621804
117940.32,-1.9523163,1.2466683,-0.12969016
134082.92,-1.467819,0.50940025,-0.017731264
121099.6,-1.3220334,1.7406183,3.1993716
132634.11,-0.7543096,1.528049,0.1693255
131788.4,-0.35920873,1.587583,-0.45296404
127473.39,-1.8879642,2.3377724,0.30775523
124315.414,-3.4350865,0.93138385,-0.010418183
124493.266,2.0180557,2.921616,0.015792811
118681.1,-2.0734806,0.6992374,-0.14481248
119523.59,-1.3899105,2.7164464,-0.017876983
133303.45,-3.9630685,0.330833,-0.68259764
115620.39,-1.3665953,2.7683966,-0.66925734
119581.26,0.40770265,0.43788362,-0.18398444
131926.12,-0.7296654,1.9851459,-0.34345347
127219.23,-2.964183,2.9135911,0.4966527
129537.62,-2.318735,2.6613076,-0.17752095
117071.09,-1.2257987,3.0567672,0.106339015
129950.695,-2.137429,2.9959126,-0.1447031
118454.766,-2.0531697,-0.1726203,0.015707584
116581.836,-1.3716904,3.0284238,-0.35069117
123346.49,-2.4160051,1.8923911,0.10407366
118207.53,-1.5607959,1.1862034,-0.0782882
119683.67,-1.854766,1.0939411,-0.080445975
117265.93,-1.9514233,2.9112158,0.052016415
131562.02,-2.4522216,2.0954652,0.3019056
116435.484,-1.9512494,2.7235315,0.018972412
129228.02,-2.662569,0.1257687,-0.03583204
133998.31,-2.0399733,3.0416367,0.047544118
128776.73,0.841081,0.63001907,-0.13786682
132089.22,0.9202211,2.509197,-0.14372599
134734.7,-1.4136189,1.2799281,0.3398075
118577.19,-0.016897878,3.0660183,0.062496882
132267.88,-4.0225706,2.3420892,0.014904787
118874.74,-1.884453,1.5610011,-0.058567528
131706.69,-2.6494732,1.0274371,-0.514119
115465.445,-1.6009235,2.1324604,-0.62119055
118923.1,-3.2329226,2.5340085,-0.07735101
118602.79,-1.3594557,2.402579,0.01734119
119661.16,1.0889416,2.6661706,-0.046159633
132047.83,-0.24497205,2.3817778,0.3972215
120203.56,0.31103268,2.2013676,0.027247716
122827.73,-2.936725,3.1092288,0.021674624
131521.6,0.8957973,0.9685979,-0.04720023
116029.65,0.69664866,3.0733974,0.038072065
116648.69,-1.6725239,2.4603026,-0.16002062
129543.24,-1.5931025,3.0923734,0.43958974
116022.93,-3.9721951,2.6818905,-0.3301352
132777.14,0.30293402,2.7781856,0.06380269
117687.31,1.2438425,2.3324962,0.13130379
134112.77,-1.5425576,3.058872,-0.14327036
127009.93,-2.8205562,2.7888641,-0.47951713
118270.336,-2.3486843,0.8964748,0.15188925
129540.086,1.2843355,1.3394479,0.303271
127097.57,-1.9505478,2.8723218,0.019830635
125248.52,-0.98517036,1.9849119,-0.44764662
128115.34,-2.4565666,1.1449447,-0.26636112
116813.336,1.7541306,0.7607216,-0.500484
128593.32,-2.4306881,2.816296,-0.037390552
115257.58,-2.3317103,2.789307,0.06652636
123283.18,-2.461099,1.2244918,0.12539576
127299.49,0.88685584,2.8316288,-0.0012044935
134594.62,-0.7761741,2.3468041,0.29438242
126233.59,0.9378333,2.7216785,-0.009141873
117321.81,-1.1270603,1.0804106,-0.64374334
129925.36,0.5784641,1.4191986,-0.02401537
117791.02,-0.35897902,0.42522314,0.07795266
129738.72,-2.3073199,0.8051762,0.05484498
116265.37,-3.7051396,2.8332863,1.2611341
128775.03,-1.8108107,2.8778005,-0.015047228
119348.12,-1.8053433,0.5672892,0.05542309
127591.09,2.761833,0.76655996,-0.08602443
126226.62,-0.36521378,3.0479577,0.16381915
117007.89,-2.96107,0.114369646,-0.017933005
120027.125,-3.658438,1.353808,-0.037518393
120550.78,-3.852053,2.2129128,0.17264515
119245.914,-3.2813807,0.6000207,-0.07312157
131197.5,-2.728392,1.0018266,0.040665213
124685.96,-2.8424642,2.9805257,-0.10153177
124720.055,0.4283249,1.5220151,-0.3015024
116130.016,-3.1871436,3.1097698,0.0021202303
131142.77,-3.1905196,0.20025237,0.043444905
122815.414,-0.3615841,2.3015444,0.60916525
123216.48,-0.32077625,0.14423774,0.064933285
129320.95,-0.1803438,0.29886895,0.19653
133503.86,-0.23504837,2.876936,-0.11573329
121312.36,-0.029873675,1.7114185,-0.580978
117239.18,1.8687223,1.0156249,-0.3210592
134777.28,-3.4032707,2.348038,1.4154392
133077.4,0.41465,2.6346693,-0.00021157604
117654.766,-3.3174977,1.5699376,0.022244986
132577.1,-3.7282364,2.713746,-0.012760717
116080.16,0.7093965,2.9320934,-0.17311181
120975.95,-2.647176,2.8666804,-0.1585691
126377.23,-1.2920661,0.8474122,0.12806399
121102.625,-2.9376183,2.8303382,-0.1052418
119468.445,-2.2808805,2.0239918,-1.0148909
129560.34,-2.7762246,2.5646484,-0.22741474
125496.195,-1.5300605,0.8330271,-0.10698566
116288.445,-0.8048307,2.816009,0.19898905
117746.08,-0.36446986,2.0117123,-0.2651766
127764.33,1.9836179,2.647665,0.10014073
125475.72,0.44511053,1.0715953,0.19424975
134136.38,2.1473644,2.3789842,-0.15406759
130814.266,-1.027083,2.76911,0.14384519
125730.58,0.0017254682,3.0527823,0.060158815
132587.0,-0.70257413,3.0998778,0.02461881
115155.26,-2.753249,3.1118133,0.06678562
126639.35,0.029517217,2.663963,0.680259
123682.055,0.49172777,2.647042,0.1402311
121587.375,-3.1657403,0.83887947,-0.022249755
115168.516,-2.1664555,2.9931493,0.053637505
115040.086,0.13283625,2.655654,0.04284117
134213.88,-2.3415024,1.8626705,-0.6564981
131257.3,-0.14742628,2.6398048,0.047682982
125359.18,2.0320275,0.91958606,0.2225753
121889.164,-0.17293186,2.3504324,0.032358915
122222.32,1.2421384,3.0088546,-0.20849091
134430.88,-2.7918932,1.439262,-0.15559213
130719.664,-2.7655785,2.1146553,-0.040892284
125792.96,-3.0755496,1.1702949,0.033702873
125196.16,-2.2204506,2.1388407,-0.25925395
122861.44,-2.5627809,2.5262878,1.9294206
123952.41,-1.296264,2.349606,0.10584434
116894.37,-2.230138,2.8681507,0.08191777
116237.445,-2.515383,1.1503341,0.8772536
124318.07,-2.1894376,2.6908572,-0.46306694
123571.33,-0.29345152,2.2125375,-0.0866383
125489.68,-1.3509045,0.4913781,0.16327561
119903.01,-1.7566919,3.099364,0.13470033
118827.84,-2.2754962,1.0036681,0.80359113
116293.44,-3.6477087,2.5725436,0.04853644
128176.266,-1.8465158,1.6057768,-0.07268024
133413.17,-0.29120082,1.9652069,-0.18123575
128125.555,1.7197679,2.138972,0.1506037
127444.914,-2.9313102,1.8578494,-0.28104988
122085.164,-0.777331,2.9970648,0.07936694
126528.45,-1.790756,2.4440484,0.23039588
126453.65,-3.1500258,2.788481,0.065742634
121766.17,-0.42100736,2.5988479,0.11459108
118509.805,-2.5282934,0.40758166,-0.08721075
117199.06,-2.0662415,3.0761538,0.14809756
115070.03,0.8570952,2.815898,0.1913896
121685.45,-2.971157,1.5817279,-0.09674985
134194.86,-2.4161618,3.114507,-0.13665906
124022.99,4.2307944,1.0582639,-0.0019074623
134606.42,3.3299844,0.0006278247,-0.052590355
115744.336,-1.4228325,3.058389,0.02709097
117038.01,-1.3557802,2.7595859,-0.10345353
117410.38,-0.17348015,0.58505934,-0.12068327
116647.336,-3.6462407,1.5803779,-0.06963027
121668.74,-0.1522531,2.6044295,-0.057854425
120161.32,-3.096776,2.8339288,0.014097222
129007.39,-3.6011183,0.7758741,0.08827459
119652.96,-2.0547245,1.4172677,0.15708031
123438.69,2.9572525,2.0624008,-0.23613286
120065.195,-2.1917582,2.0239148,0.7843031
117794.73,-2.4838545,2.7468598,0.034907363
117036.94,-0.71107167,1.5983659,0.25920597
129843.914,0.31371525,1.6659164,0.14818339
121268.74,-0.90415704,1.0139525,0.17296878
134921.53,-3.0192525,0.50873035,0.03425118
115294.53,-1.5160818,2.814925,-0.0849451
128508.99,-3.5080178,1.2817521,0.022392195
131119.34,1.8330812,1.0110178,-0.2266474
127509.64,0.7395202,1.1662995,-0.74134606
118601.375,4.491193,2.0942302,0.036994517
117294.86,-1.1344244,2.3187234,0.120581955
134824.0,-0.9753844,2.674273,-0.112040244
134003.3,-2.7722516,1.6294533,0.25254878
120503.664,-2.035379,0.85739684,-0.5062058
131141.31,-0.85916364,1.2071524,0.26062205
120823.914,-1.7355833,1.5278937,-0.052630585
120234.484,-2.7695065,1.8368866,-0.06371895
115257.39,1.180618,0.79710764,-0.29904187
123215.82,-4.1393585,0.68767905,-0.065621056
118627.43,-0.8947555,1.5842527,-0.27253407
131314.95,-3.5979893,0.4656843,0.06765516
130554.47,-2.5808697,2.1023445,-0.34852952
134309.38,-0.3228375,2.5581012,-0.14363748
126758.5,-2.932061,2.5014637,0.037015975
119632.94,-1.6981207,2.888826,0.0007154846
125919.805,-2.1054327,2.5801787,-0.23043312
129498.336,-1.1228014,2.1672187,-0.19934039
131515.25,-2.5659714,2.8013206,-0.09650877
122249.766,-2.929891,2.9191797,0.51642764
121741.97,-2.7660217,0.97890705,0.72540337
124590.77,-0.73936206,1.4098027,0.3892418
131073.58,-2.9229414,2.361791,0.27815604
124151.195,-0.13623519,2.641117,-0.05465635
125209.14,-0.21371008,2.234567,-0.52768254
133323.31,-0.99037635,2.8450024,-0.1793256
130388.85,0.7960694,1.7224855,-0.108508706
125156.48,0.9365914,2.4872172,0.02070674
130679.19,-2.2291186,2.9698853,0.28947684
131908.92,-0.7965085,0.25700635,0.050749343
118067.81,-1.3127961,2.7978647,0.015221257
115673.76,-1.8054345,2.2533245,0.0191822
117719.1,-3.2288373,2.3805492,0.061851423
116701.55,-2.780735,2.882981,-1.6230755
131412.06,-0.9019804,2.659467,-0.06471664
128688.91,1.3259783,2.9184475,0.02942844
133275.16,-3.0244992,0.26115915,0.049022168
117041.68,-3.2030296,2.9024127,-0.123462066
131920.33,-3.2652085,1.8016486,0.15994345
130081.445,-0.91686213,0.70183295,-0.51231766
122861.88,-1.1744866,1.7619089,-1.8840215
131805.3,-1.5147558,2.5390565,-0.12579805
115903.195,-2.5086758,1.9803953,0.16077603
126108.305,2.2394047,2.7799482,-0.040012605
129996.45,0.37753072,1.1629272,-0.22640842
121961.336,-2.516066,0.27240035,-0.16167359
115758.914,-3.4209738,1.129591,0.0088113975
118884.57,-2.4074945,3.053062,0.47671688
133157.23,-3.0213988,0.8568878,0.038663287
116446.664,-2.9249272,2.7425952,-0.15405835
129646.18,1.0103732,0.778402,-0.25222874
118593.766,-0.120863706,1.8097782,-0.18732853
122704.67,-3.4328282,2.9929314,0.020412916
124103.83,1.4674219,1.0387167,-0.5689828
126441.75,-3.6287544,0.988118,0.14524099
120503.49,-3.1697605,0.9724479,-1.1337713
121517.6,-1.1449267,0.97368586,0.076238595
134304.77,-2.5562768,2.4527414,-0.044355873
132009.61,-2.7980661,2.103571,-0.4000757
126652.71,-3.540908,2.2114742,-0.42083487
120379.35,-2.51872,2.997469,-0.0816612
134849.7,1.6476557,0.3951341,0.12107662
119408.98,-0.13861881,2.9757082,-0.020443311
118032.74,-1.1138349,0.64712787,-0.044683073
133723.3,-1.0179015,2.8947647,-0.3562154
131996.19,-1.9727116,0.4902882,-0.18899402
117380.99,2.6870263,1.415907,-0.22238192
119760.13,0.24243034,2.3476586,0.20219131
132948.0,0.21196602,1.4279594,-0.08768397
129198.82,-0.59475476,3.0734587,-0.0416036
116761.14,-4.131103,0.6131598,0.025474053
123524.64,-1.1176016,2.598488,-0.10919112
115540.42,-2.2419288,0.27849475,0.044015862
124241.875,-1.470526,0.5332124,-0.022892527
117929.62,-0.087591104,1.4813169,0.3894045
121807.625,-1.7932316,1.0734258,-0.21164696
128980.266,0.20012917,0.94295555,-0.15499644
118870.9,-1.0956627,2.4425483,0.109482855
118417.69,0.6352344,3.001572,0.014669372
125098.69,-3.3189564,2.583344,0.022808196
118557.445,-1.9312512,0.19847442,-0.0326885
134391.25,0.34081683,2.8788412,-0.03105549
116181.22,-1.6301897,0.35028479,-0.020418877
132754.53,-1.1981335,2.1918163,0.414889
130037.04,-3.1289268,0.1442517,-0.033771113
133483.81,-1.4295411,2.3448122,-0.3590934
132464.53,-2.3011835,1.0461999,0.12531768
130202.66,-1.1399827,1.5235696,-0.28539997
115409.836,-0.89396405,3.0688643,-0.014673245
115922.54,-3.438528,0.8425044,0.27222893
115539.766,-2.7334569,2.425271,-0.051481217
118610.19,-2.9448233,2.9420254,0.09521667
131433.64,-1.4632367,2.3099072,-1.3336264
129391.46,-2.7723515,2.6699011,0.18404701
121552.83,-1.3312559,2.1863742,-0.10412521
131620.88,-0.73700225,2.678927,-0.03177604
128916.195,-2.0350404,2.0192902,-0.5714475
116621.055,0.3810209,1.654276,-0.1586877
121993.555,-2.763772,0.38067806,0.07248625
123170.56,-5.165797,2.965822,0.15965915
117791.875,-1.6944274,2.273011,0.26587868
133117.84,-3.420414,2.1727805,0.08932949
128091.055,0.17340232,1.4809752,-1.8178736
116032.805,-3.431933,0.70593226,-0.05454937
124538.54,-3.9012825,0.45474336,0.10486156
127716.0,-3.0270064,0.7915957,-0.543675
128621.26,-2.393219,0.17195112,-0.08114239
134869.34,-2.2964456,1.2478342,-0.20850879
123272.55,-1.4952652,0.5343603,0.29976064
118843.59,-1.4922221,2.6333532,-0.111220755
128848.67,-2.1315866,2.1482093,0.0008656738
115176.56,-3.2362423,2.6139722,0.18639521
118827.59,-3.6602542,2.729366,0.08793547
115960.19,-1.8789616,2.8837783,-0.09077565
126922.32,-3.118238,2.3028393,-0.73134476
118088.22,-0.65254277,2.5735366,0.86855215
129272.48,-3.0423663,1.6054221,0.28154543
121219.016,-1.6625059,2.661407,0.06987582
117305.664,-3.3080606,3.0760849,0.0034022024
118907.2,-2.3341625,0.67069584,-0.043848686
132868.52,-3.1568856,0.20513566,-0.18679243
122710.89,-3.343044,0.23220095,0.07843422
127962.91,-3.6593928,0.6208639,-0.27665743
134777.31,0.23465507,3.0886426,-0.04104426
122713.93,-2.8101785,2.7183404,0.007016875
118671.07,0.05125949,1.9368752,2.762259
117820.836,-1.5634295,1.3935965,-0.49106976
132872.5,-1.9421233,2.9471726,0.11333175
130848.92,-0.91245514,0.9193097,-0.4006541
131164.23,-2.202401,0.13426484,0.018534359
134696.88,-0.0860678,0.4280414,-0.06210174
129900.445,-0.8689227,1.8174655,-0.103266686
122786.305,-1.6303953,0.4244386,-0.7124245
127722.44,-2.6203434,3.0151975,0.045992162
131669.83,-1.4753652,3.0712838,-0.070235796
121160.95,-3.0658112,2.8822134,0.06348146
131219.11,-1.8345543,0.58506006,-0.014262609
132542.25,0.10148887,2.678148,0.12871005
120226.85,-1.4569381,2.3719497,-0.1256416
117730.18,-2.8448753,2.2834373,-0.974184
131925.2,-3.141165,2.8663433,0.07083238
124898.35,-1.9268957,2.9894595,0.17027551
116103.52,-3.6514335,2.234196,0.056359388
134992.2,-2.9202998,0.3300449,-0.14110543
118250.07,-3.3182242,1.5175699,0.16857098
127148.39,-1.971998,2.6072104,0.17104433
122005.84,-2.1515558,2.7055404,-0.0147715835
115139.45,-2.2308757,3.0841482,0.075618766
117916.44,-3.9330032,1.0440372,-0.5417875
121661.94,-0.9955524,0.06951584,-0.15515587
122310.164,-2.7976246,2.8732467,-0.0039320365
120370.58,-2.3924677,0.79736227,0.208566
132979.05,-3.8803513,2.2379286,-0.13455014
133376.42,-2.5321586,1.7625374,0.23159024
120929.66,-3.9224334,2.8408484,-0.06999114
115547.664,1.2590411,2.4664028,0.2964672
117136.945,2.4699478,2.1972322,-0.19279316
133706.38,-3.1087544,2.2827039,-0.18064094
126564.88,-2.4277225,0.73606366,0.0052980427
124477.09,-3.6042056,0.9382954,-0.38138875
128419.22,-1.208896,2.0072002,-0.22483292
126070.836,-0.24590643,2.382548,-0.53207946
129346.79,-3.7190251,1.5114377,0.37907544
126512.75,-2.3201592,2.6130664,0.07721065
128998.5,0.24109957,1.5323625,0.124801554
121217.81,0.08821172,1.2537867,0.087795414
119395.06,-2.175551,1.722716,-0.03500898
129981.336,-1.755562,3.0954556,0.5199696
116862.28,1.0187705,2.5964687,0.39881697
118998.96,-0.7142188,2.8652406,0.20709331
133404.34,-2.9866033,1.5259238,0.092634246
125465.734,-2.5896995,2.6087468,-0.23256022
124915.48,-2.4852996,2.3307908,0.19528617
128907.445,-2.4961815,1.8740767,0.027233412
122373.01,-0.4597405,3.0722463,-0.5340692
120643.96,-2.3165524,0.17444205,0.29615074
116947.02,-1.707316,3.027681,-0.17308708
115834.02,-1.4847199,1.9181712,-0.11506816
118772.14,-0.37450203,2.7834415,-0.24028334
134971.33,-2.9860113,3.1243029,0.023087118
115465.51,-2.2268045,3.1605525,-0.0046767243
121158.69,-3.1045113,2.4375322,-0.24806128
123646.57,-2.4388974,0.21624275,0.038417738
115356.2,-0.22392341,3.0289953,-0.10570518
119078.32,-1.352599,2.019216,-0.1906616
121601.85,-0.20932926,2.4564168,0.038428467
115752.21,-4.035726,2.7693841,0.07090807
119648.555,-3.2229307,3.014628,0.44141763
117050.74,-2.8198733,1.9782406,0.3746526
119109.11,0.5174824,1.9482894,-0.13356498
116014.07,-2.6982322,3.022217,0.69571716
120423.766,-2.110134,2.4640005,-0.048549548
123498.62,-0.5761838,1.9230733,-0.054273427
131304.3,1.4369875,2.7088885,0.08128901
123075.37,-0.5290916,1.8242652,-0.4507416
134664.61,1.2497442,1.4307318,0.17825222
128284.81,-1.1876253,2.8531435,0.042048503
127961.41,-1.833562,2.5255623,-0.15315215
119671.64,-1.3332727,3.033233,-0.830228
119093.82,-2.9520516,1.9755378,-0.029056244
116428.43,-3.4633121,2.376128,0.14111795
126383.03,1.7715782,1.3010888,-0.07567628
118964.79,-1.5620375,0.3450713,0.13092355
128555.18,-3.6620276,1.5770364,0.2708242
125145.48,-2.0955994,2.139693,0.069108784
126093.43,-0.29232496,0.1102783,0.14301914
128518.516,-2.0988216,3.0480978,0.08428206
118563.2,3.3692977,1.6957408,-0.28377384
129457.14,-2.0151427,2.3306699,-0.016921315
118338.3,-1.5614368,1.1840397,-0.08314342
124608.07,1.1546245,0.39566192,-0.18743819
128805.76,-1.912366,2.9049397,-0.7219201
121814.93,-1.1615907,2.38061,-0.047749434
117260.08,-3.7429636,1.8078465,-0.20925765
129561.95,-2.6492674,2.4840531,0.009731604
123773.016,-2.612779,2.6652968,-0.18688065
131508.33,-2.890372,0.3893932,-0.046678144
124697.55,-3.2162814,2.4386685,-0.17238352
121309.63,-2.9453075,2.7842958,0.009451489
117387.64,-3.168476,2.1954882,0.4291969
125668.555,-0.95227176,2.6466985,-0.15304248
130320.516,-1.2273362,2.9148722,-0.1485821
123756.2,-1.9304534,0.09232843,-0.2824245
130550.445,-2.2372153,2.5935948,0.06730055
120235.625,-0.5483087,0.15324591,-0.020269878
123915.69,-3.6474042,3.0065415,-0.109754324
131585.92,-0.5202772,1.6419697,-0.19204131
117794.2,-0.3267341,2.0764794,0.4965961
127732.125,-3.386907,2.3001513,-0.22225943
118053.695,-2.5895326,2.893518,0.15155073
124230.95,-2.1398141,2.845905,0.124379
134177.33,-0.746172,2.7905388,-0.041918278
119669.84,-2.9338305,0.4075539,0.17163496
116492.14,-3.0140815,2.5396278,0.039382644
118952.11,-2.3818946,2.204592,-0.061118357
120276.414,-2.117826,2.8048909,-0.23520908
118745.875,-3.3132522,0.10985108,-0.10330424
119002.195,-1.7805634,0.6950696,-0.19224454
123971.29,3.5735579,1.1262372,-0.044112712
116028.625,0.3722558,2.6947184,-0.029075315
118280.836,-2.6049762,2.0251088,-2.1669917
124031.305,-3.3693964,1.9649192,-0.80523187
120460.18,-0.88939,1.0540804,0.3015647
120787.375,-1.4668945,0.42338362,-0.111347705
115577.66,-2.3306105,1.086484,0.06597924
128724.52,-2.4678159,1.5810566,-0.13390766
117708.125,-1.8143487,2.5128725,0.4264458
122168.125,-1.4862845,3.0598974,0.23298664
122170.85,-3.060198,2.876509,0.05149612
120145.195,-2.1001055,0.64488125,-0.11920582
134356.9,-2.7674966,2.9672136,0.042836998
118488.97,-1.2911702,2.7551794,-0.15161122
121616.28,-1.6387643,2.86922,0.052846033
126731.195,-2.449384,0.6556434,0.03536151
132399.6,0.3920584,2.832063,-0.0397757
120722.12,-0.9308133,0.83252305,-0.23411605
116730.14,-3.3302975,1.4094969,0.03967766
129270.9,-1.6237961,1.6377013,0.49895918
122856.26,-2.7692873,2.7792122,0.31952244
120714.35,-1.1223916,2.6876187,-0.37893477
121768.08,-3.3258975,3.0632105,-0.1400392
124813.31,-3.4754617,2.8667617,-0.011429576
118445.99,-2.1034486,3.0437496,0.24763247
130031.375,-2.1713402,2.7828283,0.113888405
116144.984,-3.4263568,3.0640368,-0.007625677
117106.87,-2.0762293,1.0315549,-0.19647935
131935.66,-2.7587407,2.7626276,0.2623349
132643.14,-2.063384,2.147409,0.60359514
127929.15,-2.86483,3.0910795,0.006139579
122663.02,-3.0942626,1.9177749,-0.16163725
115166.086,-0.04868231,0.41258395,0.45634598
131087.67,-2.5472376,2.8232474,-0.04703723
132688.88,-1.1886113,2.147547,0.161645
131355.08,0.687493,2.7447283,-0.15460636
128590.43,-1.4723951,2.3050318,0.19306254
115964.67,-0.5455879,1.1734583,-0.053893484
121579.62,-0.7274853,0.22183432,-0.08503539
115950.51,-0.20971878,2.3006606,-0.17723873
116763.71,-1.9108554,3.0177271,0.07064822
116714.52,-1.5319169,1.8197062,0.10812519
128428.97,-2.2907434,2.9883118,0.032512087
132075.58,-1.2866851,3.1208477,-0.16590929
132685.81,-3.7437658,3.0815291,0.035036694
127373.19,-0.83288866,0.5754997,0.10789931
125753.23,-2.1148982,2.2319894,-0.003519016
115538.25,-3.0396495,0.6190383,0.13985504
121745.195,0.12440109,2.4719915,-0.28689653
131065.93,1.1441228,0.54366773,0.05410357
120658.96,-1.664576,2.860469,-0.045125294
130707.1,-1.8950028,1.8976789,-0.08730372
115197.44,0.5845738,2.4536707,-0.18316138
126417.89,1.713298,2.5949728,0.4556588
122442.34,-4.0489016,2.3270106,0.19190572
132166.12,-1.4389988,0.91423976,0.10483056
124049.05,-3.146829,2.9965823,-0.35811302
127858.01,0.21946026,2.0664477,-0.13233218
115101.64,-0.91742593,2.660709,-0.10328606
121155.766,0.8933658,2.5933805,0.14517245
115054.945,3.306063,2.982327,0.06489216
116876.83,0.37972182,2.925383,0.04524062
120583.945,-1.6742731,3.0146556,-0.3931056
120484.164,-1.6507117,2.9559045,0.06582548
129118.88,-1.0704914,2.7537606,0.029292554
120048.51,-2.3115363,3.0899863,-0.47242963
116625.9,-3.26995,2.8923478,-0.016432902
123267.68,3.2297516,3.0070841,0.015310655
122863.04,-1.7380015,2.0773122,0.27375942
122863.8,0.55652344,2.1243796,0.15082362
128448.38,-3.170567,2.0773978,-0.17229412
123911.414,-3.549528,2.6172667,0.07181159
115778.26,-3.339646,0.6273173,0.08460092
119336.12,0.7507223,2.6319754,-0.004817676
124045.26,-2.6290727,0.87123984,-0.2797667
134865.25,-2.8458426,0.13653083,0.0078703305
119009.94,-1.7001307,2.7770202,0.09343645
120660.336,-2.8469412,1.5993832,0.21373561
125785.35,-0.26024124,1.6034082,0.11063013
122101.04,-3.3404496,1.6759999,0.18734045
123557.38,-3.5687401,1.5884707,-0.2292492
128066.375,-1.7669119,2.8091333,0.44722915
127285.21,-0.7950537,1.1506294,-0.45651883
120704.99,-2.5753222,2.5037656,-0.56700474
130286.83,0.11764835,0.32678643,-0.32315588
119834.45,-1.8827606,2.9471025,-0.014027491
119733.016,1.0672234,2.827328,0.024623577
120394.484,-4.440543,0.6958288,0.048989985
116019.62,-2.9524379,2.1348987,-0.13413176
120456.18,-3.522151,1.6142708,-0.31929657
131824.05,-0.9645357,2.5821803,0.09031227
123345.59,1.0022666,2.5142295,-0.119144425
122071.99,-1.4426203,2.57786,-0.67528844
127091.94,-0.8929071,1.4686007,-0.08614959
118807.7,-2.7971396,1.5567566,0.30754605
117287.58,-0.41999894,0.7704504,0.801209
125241.59,-1.1155854,2.9855504,-0.23150292
128223.64,-3.1498346,2.7145355,0.091337375
125403.984,-1.9440527,3.040185,0.005934559
116768.72,-2.3167727,2.494117,0.0066861007
117021.53,-3.989503,2.3200066,0.2696888
116246.484,-2.0136383,2.4797952,0.2898696
125448.61,-0.7323562,2.5758584,-0.18887572
131640.31,-2.711656,1.8280268,0.26352867
115367.914,-3.2825265,2.293053,0.28841123
123318.914,-2.2489128,0.66010064,-0.0637571
118343.164,0.9209857,2.4527855,-0.14163287
131988.7,-2.5457425,3.07193,-0.063647434
123074.68,0.31325823,1.8629864,0.107246704
132017.58,-1.7406093,2.1012714,0.24439983
119602.83,-1.7392868,2.12691,-0.09736074
118506.695,-0.27425095,2.655141,0.08174792
120510.625,0.02103797,3.0083277,0.01369195
134640.88,-0.82565963,2.5768712,-0.13679434
125448.06,-2.9716818,0.18228951,-0.14238293
115801.72,-2.6064398,2.547349,0.23893878
129460.62,3.5215893,1.4435059,0.28524056
121377.75,-3.248863,1.8992333,0.47997752
116484.51,-3.4851396,2.5487654,-0.13425691
131966.14,-2.5633771,1.398908,0.30906165
134957.69,-2.1831632,2.3800342,0.12861708
130692.37,-3.9539685,2.6617239,-0.29851472
116586.09,-0.042993777,0.12561537,0.074370764
119150.35,-1.9042763,2.0401328,-0.117815375
132292.53,-0.94892246,1.3976073,0.24219169
134092.67,-2.6211271,1.3897868,0.22508621
129212.0,0.6081766,1.9527385,0.14039262
125025.53,-2.7780125,2.27959,-0.021187404
131525.02,-2.8641713,1.3661262,0.122345485
128124.81,0.0047383215,2.9926732,0.082787916
117215.625,-0.35765237,0.27600303,0.056490503
115603.52,-2.4297364,0.9634456,-0.23583993
115579.5,-3.3585963,2.587401,-0.056621324
129852.69,-3.7350767,2.3615668,-0.0994467
132309.39,-2.5751052,2.829725,-0.8918085
119515.195,0.49930057,3.1100097,0.038936846
129232.65,-4.446053,3.0081491,-0.32495457
122041.76,-0.4041949,1.8761257,-0.43273768
132963.62,0.68690336,2.5507917,0.11267914
118544.055,1.1835812,0.721889,-0.11365627
130770.3,-1.523003,3.0509043,-0.056102514
120640.85,1.1589887,1.3784461,1.1171403
117851.9,-2.0012572,3.0352237,0.011300246
125014.19,-3.5294163,2.703457,-0.09090737
123213.664,0.31974098,2.3695388,0.0038754174
123091.234,-2.2460823,2.746356,-0.15143839
118746.32,-0.020819616,1.1786987,-0.18224058
126116.445,-0.53594315,1.4443998,-1.4968146
119699.76,-2.4017766,1.7920064,-0.020291334
123513.17,-1.4043269,0.44962078,-0.07240192
129711.016,-1.7713795,3.0225377,0.026624313
126784.89,-2.987939,2.743657,0.40953583
134428.86,-2.9421628,2.576834,-0.8429091
115237.07,0.67266154,3.0108542,0.10366898
133974.9,-2.9175043,3.1032152,0.0945581
126644.74,-1.6881179,2.9066281,-0.0002568712
116469.52,-2.619296,2.764207,-0.062195905
118546.836,-1.9557937,3.0127735,-0.022196114
124387.4,-3.1758502,2.3206382,0.53620255
126661.24,-0.6422919,2.942006,0.0790314
131291.02,-3.0016568,0.6490199,-0.07025964
117951.13,1.3554221,2.9824998,-1.0468657
124468.836,-1.0770038,3.1277807,-0.11926035
129049.33,-1.793992,0.8685143,0.16019316
129830.31,-2.634923,0.1763051,-0.15695009
124633.805,-2.8170047,1.4709257,-1.0996403
121272.85,-2.8932493,0.91644037,-0.3170154
126892.72,-0.41030428,2.2129014,-0.0324057
121514.37,-2.8364456,2.8353431,0.034113508
129039.78,0.54406357,2.989506,0.34471726
130669.0,-3.3747284,2.9502912,-0.050132494
117116.02,-2.1976693,0.7862339,0.3974611
127090.95,2.0932522,1.796575,-0.2721172
125925.94,-2.4130259,0.51161224,0.2758007
132435.06,-2.6736479,3.0793848,0.017484227
129315.8,-2.4642444,2.9024363,0.0045113377
123096.61,-1.8558216,2.0325131,0.24771352
122023.91,-1.5609897,2.650114,0.26119658
131471.44,-3.8442574,2.9922116,-0.040574025
128259.49,-3.2147164,0.94193524,0.16844521
123747.19,-3.2225053,2.4119618,-0.21251592
125371.57,-0.7312045,2.7037528,-0.13956837
118716.67,-3.3328562,2.8027174,0.057706323
124961.49,-2.616249,3.1159275,0.012260385
133098.17,-3.2031157,0.6767487,0.08218537
130463.305,-2.6474216,2.7664425,0.15320578
123170.75,1.2478521,2.9313312,0.14765534
120760.875,-1.239202,2.620368,0.2263223
125617.53,-1.7799093,2.827307,-0.010243558
126127.055,-2.4822626,1.4241868,-0.81434876
129661.87,-2.7797031,1.9842265,1.2181658
125504.984,-2.6538322,2.5080166,-0.09587762
134302.1,0.009878564,1.4151355,0.3005515
124730.9,-1.7729592,2.6183286,-0.009750973
133709.67,-3.2906845,3.002504,0.18653229
120387.695,0.029974585,2.2122135,0.44414073
129711.68,-0.37453404,2.9940155,-0.0097864345
133446.62,0.47417417,2.1081424,-0.6106147
121992.98,-3.237791,2.8704746,-0.024591096
120559.03,-2.1660814,1.3281835,-0.30659246
117174.42,-0.19181041,2.4417107,-2.0718024
115502.305,-2.9748235,2.6738677,0.16593492
116982.32,-2.9425945,1.8173813,-0.9641854
121584.516,-1.407556,2.7487717,0.029207326
123616.35,-0.675008,2.8586028,0.10282804
115639.95,-1.9549686,2.2961535,0.14756833
133377.83,-1.3240285,1.3254209,-0.2313438
116951.69,-3.0098054,2.589748,-0.18439656
130355.86,0.5050983,1.4661342,-2.3196986
119822.86,0.95064723,1.8715863,0.14887771
119405.695,-1.3789009,2.5692008,0.1234868
122471.695,-4.3454123,1.7133023,-0.39845014
130926.87,-2.8900642,3.0432894,-0.041898314
116446.86,-2.4916594,2.580478,-0.07041936
126373.16,-2.4742205,1.4746642,-0.031879444
133174.64,-2.020384,1.618987,-0.50298893
126996.266,0.30303216,3.1138754,0.09225341
132829.06,-0.35058346,2.9217434,-0.047802478
115836.88,-1.9849483,1.706858,-0.15835424
118203.81,-2.7836735,3.0210025,-0.012086654
131056.234,-1.0718602,1.7738173,0.63469386
118936.69,-3.3133736,0.14999802,-0.08365687
124459.08,-3.968755,0.5913042,-0.16443451
115571.125,-1.5507829,2.7842743,0.24024877
123270.07,-1.425932,1.8678017,0.32808024
120308.46,-1.4364694,2.0717747,0.25045508
133127.56,-1.9735808,2.610147,0.09792365
117270.98,0.4060991,1.7159013,-0.86611784
115419.945,-1.932169,2.5695996,-0.26831925
129363.3,-1.8505591,0.77544284,-1.0610797
128128.97,-2.7401474,2.4524426,0.21799335
119730.47,-0.5987877,3.1340818,0.19984072
122296.61,1.3190887,2.0731492,-0.36556107
130107.25,-0.80521643,3.089611,0.09041598
119161.8,-0.62994504,2.5804415,0.1121058
126200.52,-0.62353736,0.47860038,0.029813448
125354.42,-3.0143447,3.0941093,0.06445649
123445.06,-1.299903,2.4049711,0.18037155
132228.17,-2.2252526,1.9007514,-0.2215675
129754.05,-1.6618273,1.3248643,0.47368687
120712.53,-2.8147392,1.1317279,0.06128881
122433.41,-1.5200913,0.8819499,0.1834254
122136.6,-0.14997452,1.025808,0.25462878
129192.42,-2.2401052,2.9903429,0.030051844
130377.625,-1.7895006,0.384285,0.17426625
118359.33,-2.162398,2.1422591,-0.100652084
122871.04,-3.7112162,2.4847136,-0.23006928
123613.77,-2.1884482,1.4860879,-0.2375543
131757.84,-1.6422045,3.0875752,-0.08651285
127220.02,-0.97601056,0.5164342,0.9687015
123161.766,0.4266828,1.7577153,-0.33733445
128693.445,-1.7008226,0.2961076,-0.01763978
121142.99,1.3776548,3.0308735,0.058378596
130513.74,-0.34559682,2.5996768,-0.2736021
134894.56,-1.5181527,0.7063093,-0.07045214
123238.78,-0.3330529,2.2355945,-0.6514641
128601.45,-3.0981116,1.9693084,0.3988694
132371.55,0.03443187,0.24899168,-0.10572634
122439.945,-1.3652766,2.982042,-0.04520337
130983.516,-2.629918,2.3035944,-0.076311305
118588.0,-2.1052558,0.97760737,0.034812603
122533.52,-2.721957,0.6744929,-0.2598404
118115.56,-0.097368754,2.9395123,-0.0068544676
133506.17,-0.8743715,2.9448347,-0.020983575
129404.52,-1.5419952,1.9992027,-1.8718624
132058.4,-2.67045,2.8811939,0.086373985
127807.03,-2.4290593,2.9838514,-0.20605926
122264.52,-2.314169,3.0346115,-0.06402976
125997.02,-0.09399875,2.4350758,0.5651539
122253.26,0.6308997,2.3591099,0.17570794
115693.875,-1.685033,2.6179535,-0.17336482
118525.21,-3.0560353,1.959882,-0.4161334
116728.99,-1.0583041,1.6240485,-0.085390896
121884.22,-2.02209,2.9246275,0.015768375
132889.52,-2.026475,1.2925864,-0.6858297
120208.24,2.3210251,2.170977,0.12600903
129637.71,-1.3002312,2.2279065,-0.21601705
130748.33,-2.3808894,3.1012442,-0.004388862
131183.27,-1.8720362,0.3154704,-0.10455641
119549.64,-0.9234527,1.6839572,0.20787525
121190.16,-2.6754413,3.0690012,0.39038193
122991.69,-1.5803742,3.1507297,-0.0023228666
115906.98,-3.6300485,2.544319,0.08329748
134006.31,-0.009938491,0.5812499,0.09707496
124537.72,0.03905654,2.4456239,0.055430837
131590.48,0.06563839,0.87871236,-0.33184034
116408.81,-1.4184998,2.9807696,-0.020284778
134142.44,-2.5989974,0.23428866,0.14910479
115656.71,-3.404051,0.29568133,-0.09649268
125151.68,-3.362117,1.9968178,0.02145232
124613.04,-1.482648,2.4323435,-0.23271398
126186.81,0.7366754,2.606699,-0.20023139
131110.73,-2.8039737,2.1350224,0.071828276
132948.19,-2.85107,1.7635698,-0.22473338
118510.83,-1.0381591,2.222268,-0.26065156
116448.92,-3.2287884,1.973762,0.19243139
122948.17,-3.097124,1.8944281,0.10810672
128126.97,-3.0629685,1.0542463,-0.032292165
130318.23,-1.1775725,2.2624571,-0.18553104
132397.45,-2.6357787,2.351635,-0.27926517
129428.28,1.1187078,2.3047516,0.05933516
122365.92,-2.055659,3.0672631,-0.029412944
116387.56,-2.4589436,2.6925836,-0.09560734
133835.48,2.5052176,1.5893592,0.36698103
118818.43,-1.9147799,1.3682392,-0.21175127
124808.234,-1.0765303,2.7068925,-0.14982355
116775.07,0.9834931,3.0132315,-0.02161413
125230.984,-1.7009245,2.1661189,-0.23080651
122864.18,-0.7704987,1.2629799,0.32210365
123336.81,-0.062535994,2.7941327,-0.16056834
130807.02,1.6015571,0.5605833,0.1281987
120227.84,-1.6904008,2.6283798,0.033083044
131853.98,-3.8347101,0.46554807,0.11446055
129255.18,-3.4229794,2.6986454,0.08900348
134451.83,-0.89415276,1.1893394,-0.004495246
121585.21,-1.6199487,3.121374,0.0021244022
120389.63,0.4986014,0.14237937,0.048103154
126185.34,0.14116982,2.5134268,-0.27705467
115088.055,-1.1071283,2.9884498,-0.09059716
124128.3,-0.7275204,2.5182285,-0.0036087125
122751.23,3.5103412,1.9202051,0.026234536
116649.83,-0.43838808,0.70819837,0.077435344
124389.305,-3.0787477,3.0339792,0.12002053
116633.85,-0.57067674,0.65487474,-0.9156066
134906.89,0.85800576,2.0457532,0.1593534
128698.99,-1.9388958,3.1213644,-0.11944928
115697.68,-2.6828392,2.5304182,-0.03513265
125932.234,-4.1427712,2.4184227,-0.17211682
128950.77,-3.9600494,0.62153876,-0.072861426
131767.4,-3.2291293,2.2251601,-0.19217572
129966.164,-3.4157388,1.5259656,-0.33352935
121343.33,-2.07969,3.0015075,0.01606756
120144.19,-0.15685022,1.9806384,0.54004365
118448.93,-1.5161506,0.11406688,0.002186385
115990.61,-2.0302913,0.15409912,0.07775598
118637.72,-4.0820556,2.759562,0.0072785136
117128.63,-2.3863935,2.8846066,0.70046896
115647.45,-0.58620596,3.0297775,0.025872175
128875.26,-2.371468,0.4778538,-0.24760416
117167.29,-0.7710928,2.4523792,0.07241712
115806.13,-3.4088395,2.996474,-0.081166826
131681.38,-2.0767539,2.399695,-0.040290635
115909.15,-0.46445954,2.9314704,-0.13444763
115152.63,2.943065,0.006970959,-0.043119792
129824.65,-0.50781596,0.3168687,-0.1352978
120744.38,-0.7954026,2.4427562,0.50890744
118085.53,-3.6377692,1.6059809,0.0025493423
128946.46,-0.40462506,2.4380226,2.099169
124194.164,-2.9103637,1.8065107,-0.02165168
122351.42,-3.2070212,2.844129,0.112492
118567.79,1.3523349,2.539564,0.14546211
131228.7,-3.51384,3.1771286,0.2994251
123147.76,-2.5999773,2.1665897,0.19509785
117971.54,-3.9918401,1.7576044,-0.26418367
127063.44,-0.31205866,1.947276,-0.09775707
117593.3,0.7563816,1.4123868,-0.31580466
126116.055,-2.3281474,1.2250416,0.4024209
127131.54,-3.5305562,2.9510303,-0.25026584
127699.0,-1.6979909,1.6137767,-0.27776596
124480.26,-3.4718883,3.0051715,0.21012868
116571.88,-1.6022298,2.7132955,-0.20031364
134844.44,-1.7175149,0.5554207,0.06439034
130931.89,-3.1440103,0.58995134,0.1561303
132778.44,-0.78541523,2.9458451,0.0042657903
131276.11,-2.6430454,0.36395553,0.00524798
129182.664,-1.6836165,0.39908955,-0.03840761
134192.89,-2.6870532,2.4636822,0.1349435
120483.664,-2.5904703,3.0818057,-0.010205415
116645.83,-0.9630382,1.3344697,0.14360382
134052.33,-2.5478604,2.8124704,0.096757896
122822.76,-1.2910824,2.690963,-0.13780096
128887.37,-2.1039224,2.9532716,0.0031953943
121975.12,-1.6339849,1.8633214,-0.18025266
132021.62,-1.1274732,2.6830237,0.01163996
119094.15,-1.1402273,2.0099409,-0.44814608
127743.08,-3.3552876,2.5275333,0.1963667
119220.414,0.90018225,1.7113553,-0.29831418
124505.33,0.96190166,2.4208357,-0.17787197
124799.5,-0.01850005,2.8520713,-0.21094966
126828.52,-0.6117598,2.990656,0.042113464
121368.0,-1.9376608,2.5504112,0.9718161
115394.17,-0.7566278,2.4180071,-0.07992747
133262.25,1.2855548,0.3090142,-0.072532736
116282.7,-2.3559244,2.1647592,-1.0566164
134331.31,-0.32734817,0.7085056,0.16334416
133989.14,-4.0072603,1.0217656,0.14527377
122265.42,-0.7050948,0.3891538,0.04813772
127364.17,-1.1586398,2.6649246,0.23798221
125925.234,-0.6311463,2.9111905,0.06519671
131447.66,-3.0062082,2.9670656,0.017696995
122502.22,-3.638675,0.83811426,0.0462985
122630.01,1.6292136,2.4988062,0.0699235
120037.37,-3.4095368,0.12512347,0.04004896
131443.88,-1.2830292,2.8556535,-0.25071374
125402.74,-0.5048675,2.4229853,-0.028340759
129678.516,-1.9861379,3.0287058,0.08012683
121573.664,-2.0350416,1.661321,-0.101703115
117223.32,-0.41093868,0.23716618,-0.13001914
123917.33,-1.5952005,2.9186547,0.014338002
134422.11,-2.9320834,2.911667,-0.059912674
118030.72,-1.6003011,1.5846711,1.1283652
119086.61,-1.7320353,2.7431722,-0.48926422
134333.05,-2.2379274,2.9167106,-0.17952406
123528.76,0.63334566,2.3001137,-0.047119178
130763.3,-1.8477088,2.99188,0.034825712
122421.04,-1.9760929,2.7171767,-0.068789035
131893.38,-1.9478521,0.9449204,-0.31506026
120211.4,-2.3678782,2.0478678,-0.018442875
126180.82,-2.5298603,0.95767164,0.027468828
132687.56,-1.6343083,1.9340409,-0.25678596
122077.86,-1.0482278,1.5175897,-0.5323781
125610.47,-2.0032208,2.8268788,-0.063237995
131283.92,-3.3684301,3.0810933,-0.46949288
130745.71,-3.8846936,2.5902572,-0.06926582
115684.37,0.50236785,0.30989128,-0.050748747
117881.586,-3.9101624,2.8566966,0.013874918
128717.22,-2.7017915,2.3630857,-0.30061737
116482.664,-2.8716648,0.9767757,0.23079996
126523.96,-2.8330326,3.0547943,0.004850455
119911.45,-2.4062986,2.983698,0.088933155
128286.05,-2.886589,1.7491738,0.21911739
123553.55,-2.078866,2.7547116,-0.11788928
129068.555,-2.6503508,1.3304888,-0.004585836
116671.38,-1.0059218,1.5869588,0.32638705
116249.75,-1.4315834,2.150551,0.24827912
115305.61,-2.511039,1.5517808,0.39980212
120428.12,-3.9944,2.9026458,0.036536798
120207.03,-2.8162189,2.288141,-0.24657787
132690.42,-2.5439186,2.5690017,0.24156888
124669.63,-3.5982032,1.7873095,-0.27796414
121398.945,-2.527578,0.780836,-0.0150767295
128310.125,-3.0731487,2.698359,0.32254708
132434.5,-3.1799374,2.4878292,-0.073078066
128743.04,-2.4039326,2.3252048,0.66898406
115916.02,-3.8762984,2.8716097,-0.19019791
124719.81,0.104303345,2.8024337,0.0032126778
133582.44,-2.9841156,2.9644003,0.120512225
115081.02,0.09488663,2.5365791,0.19252555
117073.95,-3.4784148,0.35731182,-0.06969881
124649.266,-1.7235088,2.6916678,-0.32280275
116396.21,-3.3435316,0.12547562,-0.21466446
120443.25,0.74284095,3.1094148,-0.010490595
118434.6,-3.227126,1.9346002,-0.22847322
118060.54,-3.9731627,2.961542,-0.024246614
126432.64,-3.4203444,2.9548783,-0.016885556
127947.53,-4.0038576,3.0218368,-0.05973
130103.5,-1.9531159,0.9541332,0.42660078
121717.09,-2.7045062,1.6085442,-0.16781199
115092.55,-2.6166337,1.3703862,-0.021053605
125291.1,-0.9032833,1.6161321,-1.973134
120436.58,0.2962257,0.4469719,-0.061427973
124126.45,-1.7414011,0.0509264,-0.15237647
121084.31,-2.306112,1.5630028,-0.0975151
121317.09,-0.94883704,1.7127348,0.09927356
131471.81,2.43352,0.7483384,0.3623663
125587.22,-2.1200259,2.680367,0.04094533
117728.664,-2.486277,1.1779914,-0.019511782
124664.914,-1.513486,2.9982636,0.54127914
130306.2,-2.4146178,1.2418145,0.018044457
130260.77,-4.037774,0.6036275,-0.20076272
121309.37,0.34357104,3.076393,0.005773642
121716.29,-3.6915615,3.1261303,0.29728967
122749.914,-1.461018,1.5642947,0.1812703
129970.914,-1.3808019,2.0933895,-0.1566518
120536.805,-1.1142495,0.84012944,0.34025452
118155.71,0.46653458,1.6678798,1.8494574
118434.74,-2.9223254,0.9901393,0.048841584
116632.65,-2.0873668,1.2438827,0.10474653
131272.58,-2.108265,3.107147,0.29064795
121471.836,1.1257033,1.2148671,0.027089182
121123.71,-0.85112596,2.5673118,0.015961476
125444.164,1.9467741,1.094656,0.044013478
128803.48,0.30373406,2.1721087,-1.3492007
122911.336,-2.9581501,3.0009325,-0.09333692
133469.19,-3.582997,2.195801,0.20758203
128131.47,-2.1591978,1.7274923,0.6091611
133433.05,-2.314002,0.9586491,0.008208852
121494.0,-1.7230474,2.0261705,0.10805367
119323.65,-2.4456303,2.470079,-0.36385357
129850.484,-3.0891805,2.2994313,-0.24757525
123604.94,-3.639312,1.5657891,0.036189336
134693.62,-1.0571406,0.975286,-0.0050331256
116188.99,1.757596,1.8778145,-0.2126062
133218.36,1.504778,2.5623834,0.110732645
121525.875,-3.065883,1.1213214,-0.34331998
133881.38,-3.6164367,2.5492322,-0.075546056
116715.375,-3.4912124,1.3833534,0.07429686
129385.9,-1.5050697,2.3200758,0.17175475
130198.32,1.0798589,1.4964151,-0.013500637
133575.31,-1.0032368,0.24362971,-0.8328679
124047.63,-1.6055137,2.160906,-0.35234115
126370.664,-0.025538651,0.3311207,0.0075777
120075.43,-0.3587114,1.1030335,-0.16026469
116690.21,-3.10613,2.1985006,0.2815037
116025.086,-2.491973,2.4157872,-0.025822408
115041.16,0.3906071,0.08763661,-0.3060075
115051.19,-2.559063,1.9545562,-0.09422435
127677.72,-3.3495948,1.8773458,0.21830863
116996.85,-2.2610607,3.0366933,0.0011183731
121341.99,-3.2161493,2.6042469,0.20334335
123075.55,-1.3389788,2.3984935,0.055551227
115670.98,-1.8649253,0.93382984,-0.12223403
131603.62,-0.28447083,2.945812,0.013736053
128078.06,0.13051324,2.4886734,0.6722185
132239.05,-4.125713,1.1699029,0.20187186
133276.36,-3.993684,1.269598,0.10988753
117747.086,-1.4735602,1.493886,0.9223884
130447.05,-2.6538222,2.3414013,-0.048960783
134706.33,-1.1184874,3.037289,0.015007894
116161.234,-2.9535332,0.13868314,0.097783595
127041.13,-2.0438688,0.122318335,-0.28561723
117647.9,-4.0638294,2.226126,-0.033673964
128333.46,-1.7636111,2.151428,0.3757945
120502.83,-1.5881082,2.8017933,-0.8395993
118906.87,0.19582066,2.8326437,0.045877136
123635.07,0.28069854,2.8900788,-0.51484823
132828.86,1.5316885,0.8023052,0.18862243
124745.95,-1.6089044,3.045442,0.01238733
134477.58,-2.2091303,1.7691585,0.3293473
126113.31,-0.61767423,2.5821812,0.15195838
115881.39,-2.0966802,2.5629168,0.6903682
117195.1,-0.31058428,3.0590787,0.06806461
124057.086,-3.4260545,2.686657,-0.20361184
116972.34,-0.503845,0.6244341,0.1911369
120598.29,1.303346,2.8666089,-0.032528177
126685.875,-1.5140481,2.538683,0.85300756
132312.31,-0.9064811,0.80917776,-2.0149698
115449.516,-1.1459558,2.5636017,0.032546654
121453.43,-2.345666,2.7973878,0.14603843
125304.6,-0.6479911,0.4777255,-0.08799597
134484.23,-1.2185171,2.942931,-0.009612406
123227.695,-0.70619833,2.121626,-0.52708566
117061.945,-2.5784333,0.48607022,-0.11876776
134956.58,-1.8010465,0.39816028,0.281785
134543.02,-4.4888287,0.36846167,0.025410283
118235.55,-0.074830905,2.7337985,0.020399803
119432.44,-2.1839213,2.3028316,-0.058686424
117984.77,-1.1508929,3.0116587,-0.19317727
119038.14,-2.1678991,2.715661,0.31424376
120643.79,0.8495548,1.4803101,0.0010373186
115702.125,-1.2214297,2.9356315,-0.03191878
115564.62,1.4696611,2.627498,-0.24156024
119746.15,-2.6719973,0.9589814,-0.22789988
118222.54,-3.4900858,1.2632805,0.09216282
130053.96,-0.68915266,2.406051,0.006571671
127447.77,-3.9355264,0.23872359,0.026149308
131434.14,-0.46854728,0.8450768,-0.26173863
134642.94,-2.553654,1.2252475,0.5092811
118917.85,-2.247728,1.0598714,0.40670487
115764.734,-1.6568662,3.0332022,0.003429022
131736.73,1.7315824,0.22320896,0.12880065
117423.086,-3.40483,1.1254183,0.9299479
119708.125,-2.1257017,2.7256331,-0.011738298
130799.17,-2.4953942,0.75964457,-0.1470519
133193.75,-3.4526842,2.5503876,-0.9158811
126068.34,-2.3896866,0.89142126,0.68012905
117386.09,-0.25040126,3.04998,0.026581401
129688.27,-2.2464223,1.5294908,-0.24122678
116637.19,-2.350649,0.42250657,-0.06492524
116399.875,-1.1103691,0.55631727,0.3491878
132519.83,-1.6767077,2.883926,-0.18469456
115094.71,0.7355065,1.0259134,0.14134859
129043.99,-2.8905077,0.07851057,0.058885783
119296.51,0.20264126,1.3364781,0.06432776
131488.17,-1.3581997,0.54994655,0.13741149
121606.72,-3.0565302,2.0535655,-0.10208723
130386.22,-0.28857404,2.9981947,0.08381004
118471.52,-0.3588943,0.64120096,-0.17692196
132633.4,-0.936622,3.049851,-0.010062676
133569.08,-3.2828667,2.7555037,0.253345
116032.586,-2.0077152,2.953398,-0.0840234
132225.92,-0.71812403,2.953872,-0.08258826
122955.35,-4.291084,2.299553,0.09357114
117608.64,-3.4723399,0.18213886,0.19345053
133102.86,3.2647777,0.92008966,-0.04460619
115700.43,-3.2195067,1.0254859,-0.014035835
116504.64,-3.2247596,2.1124864,0.11128333
127068.58,-2.5625489,2.0691667,-0.21464658
128183.79,-1.6489538,2.5666404,-0.03693939
131383.78,0.19186725,2.9601378,-0.15809886
126161.4,-0.7764342,2.9429924,0.11857526
123964.3,-0.5392153,3.0836377,0.07249996
132916.98,-0.47010845,2.5896635,-0.00045712345
117822.08,-3.1870265,2.5243638,0.3887209
121985.49,-3.0619063,2.8430912,0.019936722
133703.61,3.205976,1.7831504,0.15820017
118507.1,-2.438885,1.8782135,-0.3918093
118666.01,-2.2537277,3.0194082,-0.091581434
133502.56,-1.992425,2.936921,0.45197797
121904.54,-3.2555754,2.010816,0.5217367
115211.54,-3.06017,3.0280674,0.027838936
122810.336,-2.1726627,2.0203233,0.7747918
133235.47,-2.352482,2.7078266,-0.22198558
116763.375,1.7857119,2.1584375,-0.592297
124165.33,0.9941855,2.72769,0.07921198
118905.734,-1.1040293,2.6898003,-0.14991921
130159.92,-3.822229,2.5444613,0.1610788
126683.555,1.011363,3.0983622,-0.08648096
118869.9,-1.6820494,0.35978225,-0.13595161
121919.36,-1.0933882,2.0940955,0.9172361
121045.94,-1.3053573,2.640764,0.099077486
119980.164,-1.8503507,2.8410342,-0.16398811
134070.52,-1.3001999,2.5390816,0.11228638
133613.66,-2.4473033,2.9656641,-0.04148619
125615.81,-2.825872,2.2862048,0.51120675
115659.414,-0.77630913,2.6262538,-0.085772626
124275.53,-0.70382607,0.7450642,-0.12463825
115717.26,-0.5126838,1.386224,-0.010320143
116578.96,-1.211838,0.2019457,0.2150742
128577.7,-0.6837741,2.3756344,0.12303743
128490.99,-2.3095057,2.9043083,0.03739562
121672.32,-2.6464932,2.5868695,-0.09419216
121679.21,4.2388663,1.3859829,-0.3805791
129235.08,-1.5964689,0.11249308,0.044256642
125081.37,-1.2928995,2.9877512,0.06592441
116127.53,2.4195683,2.7417588,0.5239734
118827.22,-1.0741415,1.358259,-0.3777407
117117.945,-2.0141873,1.4657133,0.14784725
134647.94,1.0414392,0.63352734,-0.027307017
115603.945,-3.3605397,2.8569665,0.0901746
116795.46,-2.8145838,2.4469323,-0.102383435
117368.25,1.9139571,0.21939197,0.089070834
122947.77,-0.5946738,2.8473594,-0.40795258
122601.58,-1.931987,2.6014595,0.065671116
115451.555,-0.8587714,1.3363743,0.056110263
121299.57,0.57825744,2.834778,-0.016742816
116991.56,-4.022423,3.0094526,-0.18762325
117144.62,2.3936856,0.54219246,0.110570535
134084.48,-0.75284624,0.22528325,0.29887798
121471.586,-0.45805016,0.53216016,0.29591054
125684.984,-3.3484154,2.1735516,-0.08605781
128035.695,-1.6738653,1.8130099,0.015588386
121481.74,-1.9295642,2.5357966,-0.030544726
133043.7,-1.5222504,0.588642,0.13785371
120829.79,-3.2283056,3.0084133,-0.12273705
120921.55,-0.8309772,3.1613398,-0.011952557
123932.22,-2.3610222,1.8911971,-0.17002667
116484.26,-0.8668108,2.4030628,0.8335437
130913.3,-2.8802378,0.85511965,-0.1400824
127619.516,-2.6637378,1.9920843,0.7975168
129310.48,-3.4130993,1.261214,0.15186004
117788.37,-0.71253675,0.8344568,0.0021828092
124962.8,-2.5898342,2.4747255,0.80450356
129943.06,-0.6691269,0.09890265,0.13345352
134507.73,2.5746799,0.5311791,0.17574131
128456.61,-0.018058524,1.3508345,0.24922971
121791.74,-2.4482605,2.9637709,0.024018649
128625.78,-2.2820122,2.6634564,0.0825674
126000.07,-2.7620976,3.1511981,0.15365635
127351.76,-0.7221687,2.2621858,0.14790685
115368.71,-2.6666508,1.8725042,-0.00081620674
120606.77,-0.30494052,2.0237882,0.38213047
122594.18,-0.63782465,1.3467048,0.5480275
124109.95,-1.173213,2.9264083,-0.20321581
115179.29,4.857587,0.1300597,-0.15781963
133505.08,-4.011783,2.3902915,0.25035077
118594.91,0.6885269,2.9036493,-0.07979814
130539.164,-3.2219932,2.6046968,0.10747735
123881.75,-2.601368,2.3915567,-1.0641372
121798.41,-1.3961414,2.6600513,-0.2750435
119413.08,-4.234372,2.1101234,0.12211245
128792.63,-0.32084134,2.9657984,0.062446818
130014.32,0.64733124,2.522154,-0.26338
134293.33,-2.8002176,3.0352173,0.07661168
120739.44,-1.5905755,1.9275883,-0.046489514
127363.28,-3.232745,3.0776792,-0.20318154
120880.53,-1.8350688,1.8876257,-0.028471878
117759.79,-1.8094459,0.7576014,0.04887615
118576.625,0.71772414,0.114662565,-0.010624395
119645.66,-0.92471975,0.9342525,0.13918217
124881.37,-0.7433892,0.21290603,0.0011803559
118594.945,-3.6265023,0.031550672,-0.057582952
126040.02,1.8608059,2.4595122,-0.019483471
122843.59,-0.34562057,1.7235751,-0.014884821
119549.12,-1.2315758,2.3676972,-0.6825258
117716.7,-1.8059965,2.0191915,-0.12645096
116444.58,0.38052496,0.8078822,0.11184714
127519.71,-1.8054762,3.0380297,-0.012303296
116269.586,-2.7328496,0.18826829,-0.078097485
119932.41,-2.4202518,2.9219801,-0.017312285
120159.77,-2.2488427,3.015248,-0.25530463
121254.164,-0.59072214,0.64661753,-0.41859514
122366.12,-1.3818575,2.7274237,-0.24020079
124334.62,-2.8234198,2.4733443,0.8316723
125333.31,-3.9550328,2.2363677,0.119532414
133237.39,2.5988944,0.7955316,-3.9375563
131123.47,-2.9054995,2.5106943,-0.20978092
123815.25,-1.0580933,1.5305399,0.31719688
128222.13,-1.4215062,0.06907508,0.032569896
119055.305,1.6060572,2.8146665,-0.103719644
133960.16,-0.0037829427,2.7727163,-0.13994712
120504.15,-1.3044922,2.9794118,0.021992287
131052.0,-1.3428658,1.9277546,-0.103816785
133108.73,-1.0512338,1.7689657,0.12679455
119677.86,-3.4539676,2.0080605,-0.19633661
121331.82,0.6133316,2.6296082,0.11122195
117671.33,-0.6701219,0.40118504,0.13824944
123161.086,-3.9934416,2.20867,0.03429111
133118.98,-1.4809848,2.3731372,0.17497905
131779.66,-2.5988274,2.5051515,0.21025264
122967.58,-1.4594417,2.9762933,-0.15053785
134684.16,-2.8785567,2.1121542,0.3763571
117587.39,-1.7637075,1.7787614,0.079394355
128197.414,-2.945789,0.141797,0.030170446
125572.36,-1.5850732,3.0518177,0.0017787287
115913.305,-3.0572836,2.63471,0.36503452
119140.04,-1.063486,1.934535,-0.40895653
127719.38,-2.9955623,2.4742644,0.0025964254
115145.34,-3.7837753,0.50475866,0.4911416
131349.05,-2.103938,2.3714635,0.018258417
134146.64,1.6838548,0.9445264,-0.31470445
115645.92,-1.5674129,1.4040545,-0.1950597
124035.445,-2.3684328,1.2368857,0.069416314
120680.32,-1.8736508,0.8674531,0.12419484
126657.21,-1.2603164,0.03459279,0.006571671
120526.89,-3.4367018,2.3879507,-0.1084506
130152.13,0.4324378,0.57051516,0.02878775
122028.31,-0.33562285,2.7689161,-0.24742298
129580.516,-2.0289671,2.2308013,0.20170021
122524.34,-1.0511284,2.5107744,0.20141473
120435.125,-0.7487981,0.9978909,-0.1309757
117971.25,-0.9689055,0.58816814,-0.18698196
124088.164,-1.7924032,2.2101922,-0.13484754
125341.79,-2.7385063,2.5515797,0.3636268
120223.49,-1.8347844,0.07510134,0.13380635
132653.31,-0.68513143,2.0091083,0.15560584
119879.305,-2.6433346,2.5100613,-0.74329853
123903.18,-2.1442833,3.0451922,-0.101798765
129106.75,-3.4697409,2.65393,-0.07049118
126958.97,-2.3972409,1.0887725,-0.15698168
116698.94,-3.6866932,1.7011892,-0.11209656
117307.64,-3.3029857,2.7204869,0.07307091
129307.67,-3.6348913,1.5740232,-0.5470075
120611.664,-0.82985586,1.062982,0.299052
132710.08,-1.4965374,1.7259128,-0.23502076
126966.414,-3.1026459,1.7800868,0.73201764
131785.66,2.9871225,0.44926503,0.19660749
122307.805,-1.9519072,1.5581234,-0.07128682
118560.17,-1.8057675,2.4566753,-0.942295
128627.695,-3.3121653,1.8249426,-0.11602592
120368.414,1.7524471,1.7578232,0.41889346
125350.81,2.89115,2.2614505,-0.39842004
123300.4,-2.88392,1.941033,0.24413283
129456.24,-2.5252304,1.308639,-0.65775114
123397.97,-1.4190798,2.8163464,-0.014967962
117399.47,0.461,2.0356777,0.14381419
124528.234,-1.7328289,2.5022857,0.077848956
121185.65,0.20471561,2.1596284,-0.69833744
134854.44,-3.6699045,0.8790268,0.07854328
129420.44,-1.0580578,2.100336,0.019193523
118251.86,-1.410012,1.02246,-0.040013798
115906.695,-2.400997,3.1043515,-0.22458379
130527.52,-2.795075,0.46506286,-0.10158242
130028.39,-2.5574837,2.7323873,-0.49059626
126216.914,-3.1972847,3.0810869,-0.057498917
121952.336,-1.5084577,1.2934093,1.2025092
125119.44,-0.43312833,2.72377,-0.5855662
115676.12,-0.7243488,1.7808738,-0.60311955
119581.63,-1.0405086,2.7181487,0.01012436
122598.836,-0.38719678,2.158711,-0.052825768
127195.23,-2.7827744,1.8701216,0.74250585
128688.92,-1.1758215,2.343935,0.083527535
123179.76,-2.333975,3.0615618,-0.06882479
121544.984,-0.2304974,2.7987237,0.21122292
128458.27,-0.76223266,0.6513453,1.2038084
127696.445,-2.4521184,3.0845363,0.100159205
120936.62,0.016229734,2.9734228,-0.01763233
119613.37,-0.5263549,2.624577,-0.06698736
126443.625,-1.7395998,2.1389706,-0.028313344
123647.09,-1.2339398,0.48368976,-0.19269511
132222.4,-0.6531193,0.8395894,-0.19343205
131326.39,-0.82062614,2.0642006,0.23204736
116614.48,-2.4980245,2.969573,-0.006450685
125274.875,-2.9994726,2.3345954,0.00619441
128607.35,-2.920234,1.9687195,0.05065816
120235.42,-2.2368681,0.4157241,-0.26359066
134269.75,-1.393204,2.4536722,-0.17857972
117439.11,-0.09949132,2.849633,0.054735914
125466.58,2.8535721,2.5168896,0.025925813
116354.625,0.13711652,1.2863731,-0.21118715
124178.945,-2.2746716,1.2885622,0.039250337
124705.336,-0.85461473,2.7302432,-0.056340612
123941.74,4.5068345,2.2308598,0.57413304
115705.9,-1.598288,2.2101743,0.226454
124976.42,-0.8051992,0.43992165,-2.1226234
130368.07,-3.8141446,2.2574408,-0.16922715
117425.56,-2.1638455,2.4464633,-0.04831354
128445.88,-0.96876603,0.9458505,-0.058396477
128711.92,-3.587229,1.2530636,0.1903794
120021.59,-3.3693097,2.8398156,0.07996353
118988.664,-1.980315,0.7166577,0.11459405
119423.48,-2.102811,0.42047614,-0.0381856
132503.12,-1.6184813,0.2851334,0.054781806
131351.48,-1.3197293,2.4584842,0.07301787
127175.7,-3.9431005,0.39050326,-0.14500915
122328.23,-3.1906748,1.0293208,-0.14454696
132830.34,-3.4945197,2.5894876,0.29562387
118483.23,-2.6454523,3.0656457,0.22466068
132968.38,-1.7644576,3.089804,0.19632618
133578.5,-2.6374967,2.6418288,-0.49105993
130275.0,-3.607199,0.18463458,-0.025046133
132901.86,0.827694,2.4481924,0.08784905
118641.914,-2.8304965,2.4357767,-0.014849062
122248.81,-2.9570887,0.93827516,-0.32283404
124179.22,-2.345387,2.55749,-0.020386394
125756.43,-2.7079716,1.8547502,-0.44623235
127660.62,0.43719748,0.92512083,0.15267834
121753.99,-2.752006,0.1617857,0.049658686
115857.71,-3.149549,2.4756372,0.065189555
117663.54,-0.28593832,1.9077235,0.2628433
126298.53,-1.5508263,2.9615912,-0.014430976
128152.83,-4.1871624,1.5467755,-0.20079699
117437.92,-3.3755617,2.05139,-0.11842954
128185.336,-2.3620458,0.93956476,-0.13081628
125545.22,0.59194684,1.9167389,-0.4329993
118926.89,-2.894456,3.0586782,0.23533544
115413.1,0.54504234,3.0475912,-0.03914395
131647.86,-1.231063,2.3071606,0.11692139
124614.69,-3.2864404,1.2680444,-0.15869515
116480.33,-1.6413996,2.7768664,-0.07570638
116490.86,-3.1180794,3.0086231,-0.42651704
120999.414,-2.2827146,3.035515,0.020073202
122707.19,0.43039134,2.5164518,0.19508474
117947.36,-2.4856832,0.2820013,0.002513583
125812.55,-3.8940427,0.7547223,0.024964483
120079.35,-2.8497071,2.96133,-0.04528979
121132.56,-1.9139602,2.9635708,0.044762637
124274.12,-1.7130604,2.4513175,0.09573875
132327.12,2.9134922,0.25497377,0.07688644
127392.5,-2.9384427,0.42478493,0.18394987
129979.81,-1.6674373,2.040555,-0.059909992
125447.76,-3.4425962,0.5528834,0.15199056
127372.61,-2.0873313,1.2151797,-0.1697114
127229.18,-3.142201,1.7361687,-0.14252418
117070.78,-3.6015399,1.490569,-0.17187513
129299.88,-3.1484594,1.4009985,-0.26496384
117907.484,-2.006671,2.8177247,-0.59130913
133768.06,-2.0341072,3.0954704,-0.04444289
117866.4,-2.2065756,3.0879107,2.4822183
115813.7,3.1378796,0.4018148,-0.10745828
116723.35,-1.017074,2.0298653,0.23628484
121801.695,-2.1119697,0.20635958,0.123363435
128524.18,-2.1386907,0.4911454,0.2330975
124998.8,2.2965896,1.6360066,0.2574633
134338.27,-2.5173764,1.1416651,0.2770028
122660.37,1.1910473,0.46091163,-0.021087874
118961.99,-1.6158926,1.7578843,0.27010065
129177.62,-2.3151581,3.1065578,-0.1494609
120858.375,-1.6380259,2.5813527,0.2345958
125164.305,0.2591474,2.193944,0.14311212
128180.16,-2.2614493,2.0388987,0.9887589
118996.234,-4.3892827,1.9653811,0.6968042
122081.37,-2.7203207,2.6376383,0.115873046
127825.3,-2.0126061,1.8187001,-0.441069
133422.11,-3.880363,1.1212705,0.1615389
128355.73,-1.5651491,1.5150625,-0.010077575
126074.51,0.51848733,2.4390373,-0.2061588
124805.586,-0.89038604,1.0198218,1.0591172
131194.23,-2.6404917,2.283144,-0.30301443
126088.04,-0.38192084,1.4255081,0.16109072
130103.21,-1.8240826,3.1406045,0.31095868
118950.51,-1.0099041,2.23177,0.008503867
126204.17,-3.3736637,3.1039515,0.0701756
128319.43,-1.5933576,2.2763143,0.26194695
120474.57,-3.322725,1.3858886,-1.1171093
120605.77,2.1798577,0.21291338,0.006996015
120595.35,-2.1234455,2.8294172,-0.2918316
121406.625,-1.473905,0.36591908,0.30665147
124107.48,1.3194332,1.9504696,0.017907975
121001.516,-1.7797499,2.953492,-0.072628394
127245.67,-0.38171592,2.1047788,-0.17385143
126370.35,-1.5506862,2.9949512,0.3792262
115534.17,-0.9395164,1.9944847,-0.38669395
122665.98,-1.0564297,2.7231913,-0.16771752
123116.445,-2.047307,2.691643,0.21016444
132126.38,-0.032034814,3.0821795,0.010393151
132672.64,-0.79437214,1.6601502,0.25824526
132303.9,-3.3109317,0.5685025,0.36081076
116121.375,-1.8494557,1.116008,0.056712214
116354.37,-2.9552944,0.17582116,-0.054117873
115791.69,-1.4708948,0.48574504,-0.19575939
121379.78,-3.436295,3.011566,0.0043671085
134732.61,-2.7348506,2.7702255,-0.06288248
117989.71,-1.2577922,0.72485995,0.28283694
123098.25,-1.010089,2.54451,0.039854668
120634.4,-2.6832218,2.840495,-0.27007413
127810.375,-2.2798955,1.2907354,0.035468787
124597.055,-3.0976174,1.8290591,-0.19262241
124363.25,-1.1426109,2.9504185,0.017223183
121942.63,-2.4170015,2.1626925,-0.34083113
133683.84,-0.34014902,2.3304694,-0.12161003
115561.54,-1.2288685,3.0268073,-0.07058385
126895.05,-0.03804778,2.063645,-0.22632736
123811.23,-1.6604381,2.4353633,-0.39116713
116209.74,-3.3683558,2.0099642,-0.4321542
119851.63,-0.22482266,3.1411676,-0.049410753
128817.98,-1.5516006,1.3019172,3.1607819
115735.0,-1.164379,3.0646155,0.010831203
117493.02,-0.4651425,1.3891693,-0.08529882
115966.03,0.48923153,2.1498795,0.4164338
134982.27,-1.5516078,2.3028295,0.35675803
123230.375,-3.5622764,0.84355396,0.11293065
118877.55,-3.4916768,2.8672302,0.23425849
132694.55,1.7090342,2.5941803,0.42422992
134949.84,-1.3074837,3.0491939,-0.000535496
118680.55,-1.995723,2.1442504,0.3334912
115537.32,-0.40388665,2.6836913,0.16079988
121417.984,-1.1602434,2.7874675,-0.11597347
123743.234,-2.280461,3.0102391,0.30503514
115205.96,-0.94253546,2.8726356,-0.8667293
120103.05,4.8231835,0.36090615,0.02292918
119388.164,-0.1392129,2.2985284,0.42124462
128112.9,-2.5629594,2.8636076,0.11199673
128910.055,2.0378726,1.8918407,0.3878901
128293.61,-3.7455273,1.4979194,0.25607765
129012.234,-3.2431252,1.7395357,0.7864255
132742.88,-2.436483,2.5178826,-0.26267374
118369.89,-0.88477254,3.0450022,-0.02431694
116561.51,-3.68853,0.5764723,-0.059655204
127455.35,-3.885068,2.3015628,0.021831369
125993.13,-2.0958953,2.4208107,0.13690788
126760.44,-0.7741239,0.60586447,-0.03419188
122642.24,-1.2570139,2.0052695,0.38775897
123233.01,-1.479477,1.0882242,-0.01767107
133012.39,-3.1028388,2.5867987,-0.024624769
131209.73,-0.8539769,0.5567519,-0.24431668
130841.48,-1.7830988,1.3182905,-2.0937672
120319.26,-2.103043,2.8407202,-0.0103159705
116583.4,-2.0839734,2.0235534,-0.34202906
116347.44,-1.9143546,2.5589423,-0.11695536
127711.59,-3.2620807,2.3175883,0.3732109
117423.64,-2.200686,3.1005418,-0.008427878
129054.445,-3.4423497,0.16364191,0.08303227
134271.17,-2.5600727,2.5402641,-0.1997269
130627.26,-3.5349777,3.0317333,0.090376645
118982.86,-3.2548158,2.6874948,-0.017162392
115288.17,-0.41175526,2.0525043,-0.033473715
134249.02,-0.8847595,2.5644372,0.023777869
118360.555,-2.6810899,2.7281702,0.004059578
118587.76,-2.3154027,3.0424674,0.08926095
120340.85,2.355624,2.6816418,0.01559673
134107.3,0.9928795,0.5292501,-0.43299156
120181.86,0.63228214,2.8782656,-0.06817666
127070.33,-1.8922032,0.8511206,0.119533606
116292.58,-1.0565614,2.4055986,-0.28958622
116757.68,-0.073493235,2.9124734,-0.041179553
133507.72,-3.165074,2.8517282,0.1088964
126145.32,-3.2925825,0.37644136,0.47988576
133793.88,-3.150104,0.07831889,0.09083496
131292.77,-3.2280004,0.36796921,0.21530545
117886.73,0.8055171,2.9709175,-0.07456834
119327.8,0.21823108,3.0177581,-0.39358836
119816.84,-3.7639217,1.8679591,0.2036473
120758.99,-2.9370797,2.6190825,0.103347145
120021.945,-2.598303,2.323273,0.28124803
123322.164,0.014177769,0.2549643,0.0049362774
117667.86,-3.0471272,2.715535,0.0021041387
130328.336,-2.9236479,3.0956037,0.03088146
126300.56,-2.9182062,1.2767662,0.31649184
119052.37,-2.1217804,1.7409171,-0.115429334
119631.336,2.0386984,2.0360906,0.40853694
117945.79,-1.0416913,2.8524182,-0.05193596
120600.78,-0.86179626,2.7635124,0.3399464
131615.73,0.63821006,1.002347,0.4693135
119625.56,-2.8101244,2.3072681,-0.46376783
123909.625,-1.7840862,0.34115607,-0.08239158
118095.09,-2.130693,2.8744216,-0.108907126
121213.72,-3.411718,2.122355,0.20266868
126386.52,-3.2241378,2.7440875,0.10713287
118602.516,-2.200105,1.5441334,-0.59651065
120373.51,-1.1271695,3.1571953,0.04761683
115449.055,-2.7435808,2.445748,0.040731963
125052.14,-1.5935415,0.87555707,0.021182338
115767.516,-3.177466,2.6431644,0.013429118
117624.375,-4.343843,2.858753,-0.058285624
120097.73,-2.4341586,1.447152,0.029312221
130252.33,2.268509,2.6499414,0.25891334
126697.664,1.2191783,2.2329118,-0.3279959
127934.984,-1.7376587,2.869547,0.00855691
134822.78,-1.28159,1.4516648,-0.15653022
124749.45,-1.41081,2.0686483,-0.6556849
119196.84,-2.6704793,0.4191249,-0.09639405
117781.02,-2.6525738,2.668922,-0.11957116
125163.195,0.5624933,2.6472478,-0.003098844
119817.195,-1.8009872,2.975581,0.120895445
119569.15,-3.1270852,0.7572807,-2.1350613
128758.734,-3.711823,1.0663747,0.24741732
129860.36,-3.1065311,3.0413811,0.016065773
118421.44,-3.3912232,2.5175319,-0.33032385
122833.85,-2.5198207,0.35022897,-0.34119943
134347.94,0.28305084,2.3912053,-0.33489656
132592.4,-2.3335414,0.14808196,-0.11630305
128787.09,-0.70810837,0.2864591,0.076839946
118783.1,-2.8465238,1.367739,-0.036830023
129711.72,-2.892263,2.9575562,-0.089032985
119547.2,-2.7658348,2.8728964,-0.45840213
119588.414,-3.4670856,1.5778013,0.09189105
130824.92,-2.9576309,1.2685952,-0.34008822
125869.03,-2.0880837,2.9478803,0.27528933
118404.64,-0.01508562,0.75935936,0.20064114
131277.02,-1.9550495,2.1611252,0.12192531
119841.62,0.9014566,2.4172418,-0.18896899
116900.85,2.8410034,1.1381829,-0.7983357
117751.74,-0.08767514,2.4198883,0.030556051
120687.12,-0.6056738,3.0331316,0.0330002
117408.57,-1.6854663,0.3880725,-0.20358205
123529.414,1.1131539,1.0283502,-0.1500968
129752.19,-3.6206849,2.7528174,0.39122465
119640.766,-2.677459,1.5353742,0.13734354
123900.734,-1.378895,1.7857621,-0.009589163
126910.13,-2.4351878,2.4159782,0.118447125
119465.1,-1.7258791,2.8073704,-0.09681332
116166.875,-2.0566304,2.9806962,0.10545039
134162.03,-2.9742084,0.26136184,-0.061094817
128362.484,-0.9626012,1.9957483,0.9129903
121277.375,-1.5470376,0.1583599,-0.17874421
123137.94,-1.1441921,2.236201,-0.06939426
122386.02,-2.4749095,1.7853051,0.064518474
131165.61,1.6758281,2.6543636,-0.35762548
132214.48,-2.4655504,2.9174674,-0.072972275
124367.72,-2.2816138,2.400046,-0.2649987
121134.51,-2.7667155,2.0464885,-0.11653757
115498.766,-0.20288338,2.0772593,-0.0895062
128429.78,-1.9600055,0.63271594,0.44459546
116730.58,-2.8341277,0.7370296,0.3029033
119537.72,-1.4961329,2.1924994,-0.006307648
125614.44,-2.3115618,2.9884298,0.035712544
130617.75,-1.9546916,2.5713296,0.70048267
115368.73,0.3064938,0.19529283,-0.10194777
127620.47,-0.47286335,0.6834635,0.45656112
129896.78,-3.352256,2.132271,0.118900076
119106.92,-1.9547957,1.9842024,0.7504635
126003.086,-0.5202304,2.9353764,-0.73343104
117466.9,-2.776179,2.8629427,0.026375784
127511.97,-3.173083,0.22606826,-0.10837133
132809.42,-1.9305772,3.096391,0.12270546
126059.52,-2.9499924,2.154054,-0.29090485
117349.12,-2.71198,3.1213927,0.024979383
122652.484,-0.17770188,3.091097,-0.05741101
127221.84,-3.2871518,3.0396855,0.026099842
123211.73,0.79335684,3.0615926,0.10466726
115381.9,-2.913297,2.8941197,0.045989778
116860.71,1.6472149,2.6436028,0.058313634
123060.24,-0.2507157,2.6177387,-0.10526117
115708.56,-1.7556305,1.504111,-0.20085897
132080.72,-3.6147125,2.5926447,0.18357022
122368.01,-1.0908617,2.7258859,-0.4177548
117627.61,-3.061358,3.1150773,1.2930005
126199.62,-2.8758783,0.6957442,-0.13505286
119576.57,3.1419692,1.3871529,-0.33931643
115430.66,-3.1983252,2.047232,-1.091196
123434.625,0.25030172,1.8930879,0.0056735156
124880.805,2.0467184,3.1237578,-0.03493627
125284.98,-3.0128562,2.8365874,-0.03542528
117243.65,-0.028816007,2.0249097,1.9334519
134078.6,-2.0382752,3.094535,-0.10638282
123484.336,-3.9576998,2.629978,-0.026650237
126252.72,-1.1675503,2.6863222,0.112858534
132112.72,-1.5428964,2.938212,-0.082119815
129956.57,-3.0123658,3.0186818,0.06702223
132182.77,1.5253975,1.2673542,-0.36149526
116580.914,-0.27810654,1.4375465,0.0914822
121662.46,4.7720246,1.0108038,-0.5944506
119327.23,-0.058551576,2.8977864,0.025794696
125841.23,-2.506523,0.36047912,-0.19306701
124360.02,-0.2403126,3.0171323,-0.041279677
132830.39,-2.7683215,2.4634087,0.38456687
117203.21,-3.7982404,2.9956443,0.121342435
123350.96,-2.676743,3.0731878,0.06948247
131424.47,-2.3255613,2.4200203,0.042431723
125811.09,-4.011987,2.674818,0.018364502
127353.61,-2.3498483,2.9913774,0.017081935
124518.336,-3.0254579,0.4836612,0.054612543
117740.695,-3.3168886,1.0654844,0.12967674
118923.93,-0.16080467,1.9943116,0.29932496
129028.1,-3.2547903,2.7369306,-0.19851077
118783.17,-2.889615,1.7975506,1.138156
123378.984,-3.2375631,1.4391978,0.30531764
119482.24,-0.39540774,2.6094809,0.28381795
127893.49,-1.3785158,0.38875344,0.05387471
115598.38,-2.9869564,2.5562985,0.2852668
126550.266,-1.0670081,2.3179278,0.11356478
116528.664,-0.2573851,2.7371595,-0.32626843
124775.27,-2.2842782,2.744954,0.004918994
123460.27,0.29735154,2.8653088,-0.0594928
123298.66,2.98866,1.4985232,-0.1396521
119762.78,-2.2213092,3.073651,0.05108906
117178.59,-3.2188005,2.030348,0.048193745
125351.12,-2.9705875,2.2310805,-0.12727074
126457.42,-2.7959952,0.6911443,0.11454101
117482.91,-1.9473796,1.8481444,-0.04948853
117195.19,0.43738827,2.5888937,-0.16638578
134248.92,-2.4427707,3.0469637,-0.028971316
116006.945,-3.1778605,1.3276945,0.092493
120354.34,0.2812916,1.4800209,-0.29705277
127823.6,-4.555139,2.8889735,-0.13131809
123861.016,-3.6895092,2.6355233,0.05643031
134586.89,-2.1473107,1.7645661,0.1275294
131770.22,0.05601056,2.657383,0.3588398
127378.12,-0.96105546,1.088419,0.22001852
126602.76,-2.503767,1.0142038,0.2954594
116092.66,-2.124252,2.344072,-0.0777831
125469.33,-0.022254752,0.26936632,-0.06173133
130730.87,-2.7235785,1.8732762,-0.8762967
131989.25,0.0051361094,0.6068223,-0.34518453
122328.12,-3.085529,2.2404583,0.3422761
130105.59,-0.11465788,2.5520458,0.76065075
115894.86,-1.4104111,3.0254488,0.030616244
119576.57,-3.4488947,0.9160752,0.061211333
117437.484,-1.9177684,2.8795402,-0.2877598
121135.94,-2.4348547,2.8510914,-0.11726349
115104.51,-2.6128845,2.2961154,0.37862903
120009.516,-2.5798838,2.9318695,-0.5372315
115534.914,-2.7287285,2.1320012,-0.5895882
131190.72,-3.066228,2.4085414,0.15380535
120113.11,-2.9881022,1.4452786,0.6065852
118854.555,-3.1373103,1.1319577,0.25921014
119764.99,-2.6267014,0.8854135,-0.007466548
123402.39,-2.0894759,2.7547116,1.1569678
132979.44,-2.481759,2.7941875,-3.655047
132952.9,-0.74529135,3.0074494,0.03899108
121368.05,-3.0979543,2.13132,0.53133744
116745.02,-3.8171034,1.0240633,0.15463497
121581.086,-2.4188757,1.896729,0.051048532
115938.586,-3.3760986,2.4553525,0.034637976
119000.8,2.152999,1.4512486,-0.024288334
117828.086,-1.3015444,0.774442,-0.015566931
116486.09,-0.3448863,2.3424551,-0.1487764
118782.82,0.0059454604,0.29902697,0.0020123564
122156.62,-1.1003752,2.2346103,0.17163794
120910.734,1.3566468,2.3044002,0.25980672
129351.68,-1.3981338,2.840548,0.36743873
127261.305,1.7072206,2.844911,-0.021570029
131109.97,-3.657095,2.3244457,-0.078430645
125044.12,0.917676,1.8729308,0.21307883
132707.88,-0.46861959,0.9469178,-0.2901384
115294.2,1.7855272,2.8411555,-0.12746443
134802.06,0.8570476,2.1858122,-0.90801436
118085.14,-1.9734538,2.290039,0.3642359
122779.14,0.24815746,2.529856,-0.0137485685
116173.945,1.2821603,2.0140533,-0.40815789
118079.516,0.027005127,0.8240303,0.0571008
130187.66,-3.647879,1.1772684,0.31142592
130068.67,-2.529191,1.0045236,0.10324106
130799.54,-2.540846,3.0336273,-0.029855466
116822.75,-1.3456179,1.1645412,-0.25952423
132126.25,-2.2254992,2.095753,-0.31729135
119058.44,-2.6394002,0.93193644,0.116620414
125540.57,-2.637778,3.1037648,0.039165705
120891.82,1.4861857,0.6696713,-0.0028106833
118980.62,-1.0637192,1.6714,1.4226465
129130.19,1.0882163,2.3659453,0.2799601
128113.375,-2.8495786,2.5257761,0.029060714
134074.27,-2.735493,3.112359,0.38230568
133764.02,-2.214613,1.0879681,-0.19148347
130453.71,-2.2972157,2.531627,-0.081470184
118925.445,-0.67990506,2.3010411,0.15005063
124613.05,0.7900299,1.4945123,-0.22356138
117018.6,-2.4245944,2.1042535,-0.08016229
117165.37,-2.499627,0.64077216,-0.17514384
120544.92,2.2352374,2.0448549,-1.0677342
131987.84,-2.0101752,2.814731,0.4567739
118740.84,-3.3363163,2.975928,0.010058206
130060.71,-2.3786151,2.5929418,0.2491135
122376.14,-0.56548965,2.418685,0.14077763
119501.13,-0.76123524,2.7907474,-1.6064296
120432.58,-1.921303,2.6521719,-0.03893327
130950.97,-0.39543048,0.1169145,-0.054336004
115106.82,-0.48182234,3.1460419,-0.07260664
121696.46,-2.168276,2.6604855,0.04407963
128301.16,-3.2826333,2.247063,-0.46011114
115158.375,-2.507981,1.4505811,-0.08980837
120964.125,-1.6657673,0.73924434,0.06585409
134906.11,-2.6063378,1.2260935,0.098694265
125619.65,-1.1623535,3.11537,-0.21536325
117864.93,-2.0996335,3.1065125,1.131773
125349.82,-0.22077762,2.863575,0.2718928
129775.695,-3.459583,3.0466278,-0.3720958
117405.055,-2.325642,1.7589016,0.67222744
116561.06,-0.6593779,2.164522,-0.27554262
120282.805,-1.7282196,2.1928174,-0.66248035
124289.64,-3.3648472,1.2017107,-0.08557893
119435.125,-1.6044351,2.8419333,-0.14991981
129507.68,-3.2751672,0.7873942,0.12722962
115556.91,-1.6312387,2.6310349,0.13903973
129688.33,-3.657603,2.8962908,-0.081275
119900.47,-0.16908865,2.5073595,-0.22290966
126263.27,-3.747744,2.4373996,-0.21628644
120505.695,-1.8005357,1.8731034,0.21939273
130806.16,-2.7587059,2.1667838,0.019180411
115794.21,-1.2830606,3.0877786,-0.1919248
121786.39,-3.5384502,2.3524287,0.7388113
119852.76,1.3950652,1.9456725,0.19219775
130467.3,-0.8160879,2.2534428,-0.24040015
118164.02,-2.459691,2.8836625,0.050489493
129941.4,-1.0616541,1.8373219,-0.41320413
129103.04,-1.9430876,2.9091105,0.03130819
115739.18,-0.5142574,2.8240929,-0.04955379
133129.6,-2.887599,2.6430042,-0.43023124
131554.2,-2.6389296,2.5139658,-0.00029024656
132186.23,1.877621,2.3134608,-0.28333578
124103.414,-2.911451,2.0045877,-0.32780907
129002.016,-2.806281,2.8286707,-0.0059592924
128491.62,-2.8223805,2.4310503,0.58921695
115101.125,-3.0228426,2.6578016,0.027738215
124769.44,-1.3636547,3.0002756,-0.0035997727
128809.14,-0.3586315,0.8916891,0.050592
132705.03,-3.111845,2.534938,-0.20225716
119319.84,-1.120299,0.2844397,0.05455235
130731.45,0.5882341,2.1010032,0.2643291
119264.64,-1.8840567,2.147986,0.22559698
130063.086,-2.2435777,3.1149514,0.09067345
116322.56,-1.4647293,0.41293415,-0.47227883
118596.1,-3.6189692,0.71252704,0.15711786
127320.86,-1.4517511,2.7198098,0.84370893
131856.39,-0.851481,0.48975238,0.001227439
127469.59,-1.544811,2.7007687,-0.11550413
115919.375,-2.3529303,2.8390634,0.30360892
130821.38,-1.8724391,1.1338009,0.09489126
116153.46,-4.1082706,0.9456267,-0.05992012
117005.22,-0.47905576,3.162919,-0.08760768
119466.23,-2.7454453,2.8202906,-0.0311133
134688.36,-2.8815706,2.5011263,0.08995349
133522.52,-2.3981922,3.119118,0.13563722
133778.22,-0.3580963,3.0691643,-0.021649892
128095.41,1.3184799,1.6364675,1.0806991
134502.03,-1.7192675,1.9956654,-0.056749165
127787.984,-3.2541022,1.904535,0.07719933
118438.445,-3.898103,2.7694292,-0.03967796
130121.92,-0.31129616,3.0481427,0.02721434
115285.31,-0.6766112,2.1925194,0.073573336
121279.984,-1.4909298,2.2833562,0.061037302
117123.734,-3.758899,1.9022485,0.0023896173
124321.234,-2.7116883,1.6431526,0.119178995
116921.62,-1.7727281,1.9896647,0.7417573
118710.6,-1.3229543,1.9356678,-0.10780187
126743.45,-0.73914474,0.73172873,0.09638302
124243.33,-3.380683,2.8452003,0.15554087
124515.2,-0.2001829,1.0244242,-0.48530298
121510.95,-1.05539,1.8916639,0.109876804
124280.26,-3.4108765,2.8367712,0.035370447
119700.06,-1.0237792,3.1411638,0.04210572
132496.42,-1.4778721,2.2195988,0.19925725
132304.06,-3.1731002,1.5506219,0.02011194
132712.81,-2.8050125,2.5010045,-0.12279784
131157.56,-1.891824,2.4052,-0.83856434
126219.5,-1.0348631,2.8278682,-0.037133086
134031.94,-2.5959494,0.42697677,-0.20438603
125955.3,-3.3629925,2.2581906,0.17607269
118174.13,-1.020521,2.7445433,0.4430727
118097.016,-2.4758706,1.2310232,-0.0150299445
128710.24,-2.1573586,0.30493236,-0.027596667
132914.5,-2.0357234,2.7341855,0.12886322
120786.88,-3.1956215,2.0383015,-0.12282049
119933.29,-2.8254204,2.6907036,0.23213616
120766.09,-3.580538,2.343513,-1.404299
122584.44,1.0231245,2.7887554,-0.02191749
125108.516,-0.9416593,1.7732577,-0.2406305
119627.59,-2.400139,3.084132,-0.12515795
115680.445,0.23325747,3.11796,-0.020558635
130217.87,0.86711043,1.9908371,0.2477475
119875.19,-3.2418172,2.9906716,-0.18142854
121875.21,-0.29913557,2.7666817,0.66770506
125887.4,-2.1188698,0.76581246,-0.19965507
125775.15,-0.6332737,2.9050233,0.071551144
123246.2,-3.0922215,2.5053098,0.012544075
128932.625,-0.30627853,2.9564228,0.03313549
119850.96,0.09443512,3.150172,-0.20405644
120792.86,-1.4850223,2.3000236,-0.90047866
119380.78,-2.9045694,2.2276597,-0.0761489
118090.055,-2.0430214,1.4322227,0.3749804
128339.484,-2.5170166,2.8117404,0.16885228
125928.55,-3.6502895,3.0397308,-0.039422575
121465.23,-2.6152666,1.1780529,-0.123033255
134178.64,-0.9558722,2.746793,0.04062111
117574.71,-0.9682129,1.3521154,0.11364524
116627.89,-2.1419861,0.6108258,0.0179932
116102.15,-3.1445541,0.39407012,-0.025238637
132700.39,-3.8749614,1.4282408,-0.4119627
132363.17,-0.12984613,2.5530126,-0.004241653
131517.11,-2.5041397,0.17216903,0.13992715
120972.3,2.0730708,2.4318686,-0.07015385
125034.91,-1.9934517,2.0031457,-0.18331783
118706.234,-0.5539552,0.413849,0.009251833
127563.6,-1.1521354,3.1362355,-0.52607936
118988.484,3.0529578,2.3592174,-0.11589033
119689.86,-3.3262436,0.5547396,-0.079462595
123098.25,0.38662714,2.9895113,-0.06774575
133319.89,-3.5934057,0.5108048,-0.52644646
126382.64,-2.33388,0.96788734,-0.04925669
134629.97,-0.88064176,0.67856693,0.6340317
116924.55,-0.7465267,2.117572,0.16411775
118732.945,-1.4633737,1.2841719,-0.25497773
134255.98,-2.713719,1.9422877,-0.6347365
118421.97,-2.9144218,2.465247,0.0073065255
133395.4,-2.2696486,3.0618699,0.049398832
126974.3,-2.8744814,2.4435995,-0.79987246
115166.31,-2.7622204,3.1095998,-0.08250333
129033.91,-3.2057822,1.5353576,-0.22136277
129163.69,-1.52531,1.1882817,1.6645727
131778.06,-3.305652,3.066145,-0.01307093
123243.77,-0.33488238,2.7443082,0.25971913
122574.695,-1.5526903,0.95953095,0.027025413
134425.6,-3.5242612,2.1114204,-0.29375902
128828.78,-3.2195454,0.8276337,-0.030537276
117658.7,-2.5994437,1.2225082,-0.15283985
117133.71,-1.4848084,2.4315174,0.35614237
115593.31,0.13658647,2.9826705,0.051657036
134759.23,-0.5829365,1.3171977,-0.069329
123340.27,-2.930263,1.7101263,0.08563674
122022.234,0.53245574,2.4610372,-0.84599185
118380.66,-0.21042997,1.0571934,0.33518443
133694.97,-0.09708979,2.3039768,0.08351085
123727.92,-2.3961859,2.9607995,0.026826352
130789.88,-2.4364035,1.6289704,-0.34204754
116884.484,1.0772483,1.9992926,-0.09263365
128467.67,-2.1796448,2.557043,-0.04207264
116307.016,-0.24973173,2.0317512,0.11915217
133136.06,0.19238213,2.8863866,-0.070650905
129149.85,-2.1707513,2.7208145,-0.27738094
116782.67,-1.0896353,2.9298973,-0.22316535
121285.11,-1.0949645,2.5328724,0.020648332
116433.81,-2.1162367,2.5423646,-0.21839593
122134.664,-0.5215849,1.6488549,0.3430217
127286.01,-2.663176,2.6202931,-1.0624863
125259.16,1.1655524,2.0983133,-0.14609325
115430.33,-2.8994815,3.0803561,0.035350185
118728.33,0.1655251,1.8697566,-0.07595848
127331.42,-1.1415663,0.15995754,0.06489216
115313.57,1.8405769,0.87643,0.16884871
117595.14,-2.4924178,2.5491104,-2.9664743
124131.805,-3.723968,2.4761808,0.094106935
120756.14,-2.5825229,0.35094017,-0.01926236
121629.35,-1.3341007,2.259165,0.18001813
126037.55,-3.0809836,1.5575866,-0.6114929
127523.63,0.30922905,3.028489,0.061854403
120364.43,-1.2406753,0.045134254,0.15187137
121880.95,1.4897428,1.5249966,-0.030362057
118151.414,-1.1770142,0.88720524,0.15337385
131284.17,-3.390527,1.2340355,0.10871343
120792.92,-3.2908802,1.4530135,-0.60100526
121908.555,-1.4908768,2.3458126,-0.056506
124724.984,-0.32393685,1.9199554,0.28902808
133974.25,-0.43148795,2.7816966,-0.089269295
116388.625,-1.5073752,2.849669,0.032228395
128180.055,-2.0072732,2.2747293,0.06836558
122331.32,-0.6704353,2.3642461,0.43162197
130657.17,-2.7426288,2.8328464,0.36269408
131491.7,-2.9698415,0.58554584,0.19153026
134219.1,-1.4003935,2.14029,-0.026855556
119786.28,-3.316155,2.9244535,-0.2548058
116096.99,-0.19204874,2.3238616,-0.013652614
116747.625,-2.904016,2.6485524,0.14388333
116140.88,-1.9390622,1.1770048,3.060512
120789.71,-3.5861351,2.7326512,0.19149092
131969.66,-1.1028001,0.6408784,0.022867793
134229.72,-3.1594315,2.8967073,-0.20603752
128516.43,0.7703031,1.0723704,-0.0825826
116940.164,-0.6746553,1.2522347,-0.13675947
115584.55,-2.0045848,0.6220498,0.08308293
134487.72,-2.4303327,0.23832318,-0.3716363
121803.86,-1.5014149,0.7854282,-0.09600904
130304.6,-1.8472645,-0.004133471,0.4299699
132732.77,-2.4294171,1.4561584,0.041600917
116658.36,-2.7433586,0.34168947,-0.6410364
119219.516,-4.0954623,2.9808247,0.063141145
122783.195,-3.145995,2.2697327,0.46359023
127240.03,-0.55403167,0.3343438,-0.08095555
118534.26,-3.3357406,2.4647655,-0.0047860886
115008.195,-0.27014357,1.2745155,1.1678351
128642.016,-2.5695996,2.7915971,-0.056003284
115374.97,-0.0074801287,2.048068,-0.49906528
115204.53,-0.3390142,2.5150583,0.13238133
120347.63,-2.8226244,3.1125321,-0.09251356
130106.58,-1.044222,2.798635,-0.07737097
132091.17,0.8973857,2.4624028,0.13307865
123184.18,-2.48441,1.2062492,0.68166435
129860.38,-2.9312174,0.9686565,0.1919093
130626.55,-1.0750403,2.0727758,0.40427443
122016.65,-2.8033519,2.050379,-0.18650964
125802.28,0.27208394,2.8687477,-0.3022331
115354.375,-1.3110603,2.2881045,0.060359664
133358.95,-2.5441375,2.4086926,-0.04835913
132121.23,1.799716,2.086775,-0.108640425
133461.89,-0.16235209,1.2487513,-0.31779167
131171.69,1.1350265,1.457326,-0.029626606
128188.97,-1.7041223,3.0068521,0.047092356
126736.68,-3.1111763,2.7811923,-0.07102727
131335.28,-3.7058861,0.17330965,0.0666992
118508.23,-2.429698,2.3698187,-0.01937083
124694.9,-2.1130652,2.0571787,-0.1238581
121561.39,-1.1519167,0.1733448,-0.10710635
116089.72,-2.7730324,3.1271894,0.10602791
116169.01,-4.3381205,2.2824423,0.005919659
126414.53,-1.7619692,0.9602871,0.1381976
133068.2,-1.7682815,2.8914,0.16267486
122135.445,-2.1364133,1.5460415,0.10689209
116417.66,-1.2723633,1.3226124,0.13520096
115668.055,-2.4793231,1.9573896,0.47496587
121599.32,-0.74642444,2.4827328,-0.3901486
122199.94,-3.1291337,1.6322466,-0.13407335
119374.375,-2.0437772,2.7121003,-0.010342493
118868.72,-2.2136655,2.3034737,0.14772388
123674.0,-1.5444763,3.106148,-0.08985962
121358.58,-1.6250457,0.4542062,-0.03204364
124890.43,-2.712861,0.54846525,-0.28250766
130995.234,-0.45050287,0.55451596,-0.15883431
122999.84,-1.9600703,0.35034847,-0.15282108
133643.33,-2.931734,1.774125,-0.70672894
127859.72,-2.175386,1.2001674,-0.008018136
129946.05,-3.1283302,2.4821043,0.32654974
130044.58,-1.8101777,2.3852985,-0.29271695
122331.09,-3.772885,1.4248931,0.27557838
131978.53,-2.9250298,0.74849606,-0.0398946
116359.71,-0.16400523,0.12153404,-0.023852069
128106.94,-1.8874135,2.9173138,0.19228418
133606.97,-2.4282546,2.9120162,-0.004581068
123696.945,1.5488544,1.8335268,0.0055990173
121020.77,-3.2510645,2.5442307,-0.08977886
115185.234,-1.9162943,1.7801377,0.17109022
120685.59,-0.6474811,1.8629174,-0.104701534
121785.79,-1.8398602,2.5321546,0.028989196
119532.766,-2.3128178,2.7338703,-0.144853
130381.97,-1.2036412,2.13105,0.6528077
120548.445,0.29789984,1.8730856,-0.034342963
118888.164,-1.5627886,2.2787428,-0.22554453
124141.76,-0.038180374,2.6358852,-0.3936667
127477.09,-0.6236359,2.4456143,0.09630375
123560.586,0.53061247,2.4727678,-0.06612377
127541.58,-1.0466249,1.7384764,-0.5442162
133294.84,-3.2735004,2.6818967,0.13398217
127239.37,-0.7776248,2.43409,0.7557112
130987.37,-2.6662025,1.7649624,0.2837929
115852.58,-3.050444,2.8647318,-0.15636483
125904.305,-1.397818,2.7384584,-0.08083635
123155.0,-2.0385013,2.1799147,0.26047423
121503.69,1.874624,2.9090397,-0.0994169
128669.99,-1.0750266,1.6014359,-0.8182733
118180.17,0.08103673,2.825754,-0.2703435
129888.195,-1.9309735,3.0921063,-0.0038864433
119699.37,0.5254188,2.845937,-0.022200882
127422.87,-0.29097524,2.784081,-0.92333424
123650.86,-1.5700469,2.067842,0.556068
122235.07,-2.8037019,0.30449414,-0.107295275
129182.36,-1.1304878,3.1802273,0.053222697
125315.38,-4.363727,2.4933317,-0.09028307
124133.84,-3.9896798,2.9519918,-0.119063675
127466.484,-3.1583397,2.5889506,0.05863368
118823.48,-0.8613362,2.944206,-0.056143936
115360.945,-1.9149649,2.7950742,0.0579173
128539.98,-2.5621986,1.5943311,0.003960048
122947.44,-0.10295053,0.22226731,0.07863864
132633.78,-3.799504,2.6645298,-0.07956958
125682.37,-1.0633447,0.6865731,-0.49624118
122496.09,-1.3015441,2.0573664,0.16356765
124980.11,1.2370777,0.9231711,0.68977815
127678.49,-2.5646546,2.9774535,0.0036423858
120870.49,-3.0799744,1.9047914,0.26782873
121090.89,-1.9409403,0.075041756,-0.015071664
127768.71,-1.0976957,2.7377765,-0.22462223
116993.69,2.5892255,2.3972764,0.55133945
133885.2,-0.041852765,0.4750549,0.35075048
119487.945,-2.5300694,0.9091981,0.08110067
129705.3,-1.1406837,2.556992,-0.110346146
127903.44,-2.5928473,2.6111352,0.27222118
133469.02,2.3700194,2.6788,0.03245666
125785.79,-3.6725922,0.30625919,-0.05435597
127755.3,0.3931598,2.8169322,0.08802308
130820.875,-1.9549321,1.5292317,0.29909074
124253.586,-3.072036,0.46071833,-0.12595658
120623.23,-3.0442846,2.85136,0.003359887
129890.586,-2.1395068,2.9762218,-0.030824544
122954.734,-3.1778157,1.705737,0.107743755
115158.0,-2.4190323,1.3195395,0.38216564
118673.97,0.5521626,2.5063128,0.08885627
132335.61,-3.5677853,1.2673469,0.22677763
130910.16,-2.9046566,2.0448713,-0.19269869
120235.99,-3.0435977,1.4199725,-1.3310019
131426.17,-0.8088537,1.9316115,-0.025371246
126343.29,-0.6606136,2.6509686,-0.052943774
118926.125,-1.2121518,1.14853,-0.21542941
115529.54,-3.8995857,1.1967369,0.041254647
130823.29,-2.7900703,3.000079,0.32608667
121956.43,-3.477552,2.1109545,-0.44211674
122996.516,-2.3481522,2.6532137,0.40097564
132616.81,-3.0892935,2.7616415,-0.09450208
134611.12,-1.189523,3.070899,0.034291707
128414.92,-2.1413264,2.489238,-0.03272813
117728.375,-1.888944,0.32045007,-0.04248447
122750.375,0.88039756,0.37906596,0.12457448
119368.46,-2.2389607,2.8817801,0.0005497997
120173.76,0.93845665,3.1038098,0.10872297
132917.75,2.0907705,2.2329783,-0.13189144
122674.15,0.47792956,2.8843963,0.13780186
127434.63,0.13170144,0.9818027,-0.32021946
123502.86,1.688463,2.5901499,-0.109107085
119377.88,-1.7579955,2.2904603,0.76968235
130718.41,-2.0900192,2.7174447,-0.40535167
122345.94,-3.2131283,1.4234668,0.017496742
127106.74,-1.1145433,2.154452,0.14951482
131346.58,1.2079968,2.8391037,0.26775187
117912.47,-2.25059,2.7505398,-0.40678683
128337.13,-0.23654343,1.9070283,0.0320192
119820.695,-1.1448388,1.623939,0.112725034
128537.09,-3.5839837,2.5782912,0.20520641
127161.91,-3.3799577,1.6603314,-1.5180843
133432.6,-3.8419619,2.7179122,-0.07018663
129912.05,-0.56562984,2.0804794,0.46655944
121878.6,-0.22691698,1.0409026,0.07047658
130630.77,-3.42568,2.3549926,-0.18466893
131237.95,-0.32234707,1.0739475,-0.16129932
122409.25,0.016669538,2.7709877,0.057804063
123186.33,-2.5555482,2.893876,-0.036678046
123153.125,-2.304732,0.8845637,0.15414566
124979.32,-0.8247376,2.7095172,0.04862524
118893.92,-1.3623264,0.9842521,-0.20276017
127904.93,-1.2283425,1.4703505,0.10292042
117584.734,-2.7786033,2.8607695,0.15924554
134044.8,-0.11496853,1.631829,-0.51496416
120834.57,-1.2958741,2.8181145,0.11411369
127244.73,-2.0811727,3.0860157,0.059793476
131733.3,-2.6729064,3.0750246,0.31151295
120618.9,-1.0262382,2.6372876,0.07645732
134651.2,-2.3538425,2.5667455,0.23399267
125177.93,-0.46301717,2.3843827,0.30654597
125271.3,-2.0074303,1.5443823,-0.29643235
131593.88,-3.036308,0.74944794,-0.2317446
121267.195,0.10213635,2.3117085,0.19821665
127741.48,-0.8526895,1.8691369,0.32982647
117501.07,-4.5750012,2.3554993,-0.033108074
115402.17,1.0806587,1.5510132,-0.6196785
126046.44,-3.6255972,1.6469725,-0.12422285
123495.766,-3.1430209,3.005554,0.14265202
116213.44,0.34026784,3.0987298,-0.0043551885
130838.734,-1.2278377,1.4572295,0.41170046
131887.61,-1.0026348,2.1466496,-0.014667584
129282.555,-0.31654453,3.093522,-0.062378578
115429.32,-1.8029218,2.9951572,-0.0346201
121519.22,-2.7177267,2.0358396,-0.6136921
126963.2,-1.2191541,2.8567383,0.03808756
116296.66,-0.7472596,2.3369322,-0.14545168
131606.97,-2.4907475,3.1718764,-0.0053212866
122528.8,-2.702553,0.42650723,0.14032707
124309.54,-1.5771176,1.9246142,0.6627995
128568.24,-2.7993398,0.077289134,0.032632474
118946.625,-2.8966358,3.0304437,0.09954891
118703.8,-4.0612197,1.1291603,-0.13779917
117594.65,-1.935561,3.1432676,0.074181244
118804.15,2.223487,2.6616116,0.084242724
131305.69,0.2301809,2.7409613,-0.09116245
124388.07,-0.458626,1.8090316,-0.13125552
115227.89,-1.9708401,1.8247494,-0.06575366
130239.48,-1.9404247,2.6209755,0.005004816
117160.21,-0.9040582,2.5473077,0.29062235
134696.4,-0.9608027,3.0870767,-0.013680328
131685.33,-3.9965525,2.2670016,0.1667544
118864.85,-3.1032338,2.8040738,-0.32862437
128236.4,2.2572248,2.802625,0.28503793
121865.94,-1.8261956,2.2318373,-0.6446707
124186.77,-3.3673885,0.4243263,0.24168271
123269.59,-0.3431016,1.4806696,-0.41119355
117339.18,-0.5711327,3.0483563,0.002992162
128742.234,-0.5083526,1.0204318,0.21562012
125601.99,0.48888162,2.4353108,-0.015700432
124086.1,-3.1167784,2.114902,0.44578505
117025.24,-1.9865811,3.123158,0.042487152
120128.08,-3.4998105,2.741911,-0.20732515
131870.6,-1.0935056,1.5840223,0.35415056
120768.06,-0.4391451,1.2031571,-0.23148803
132355.73,-2.0633826,2.6596696,-0.113620505
128540.74,-3.269409,3.0970564,-0.036452167
133234.58,-3.536957,1.0758392,0.08773999
131538.48,-2.2689357,1.2252679,-0.1399796
123492.94,-0.23542792,3.0188823,0.02558431
119779.58,1.4864551,0.41475657,0.5629529
116751.3,-1.2682714,2.5971446,0.015282048
127436.36,-2.439033,2.5261998,-0.18488856
120288.766,-2.7638698,0.60401803,-0.11123059
121982.43,-1.132213,2.3987207,-0.10238761
117258.14,-1.6823504,3.0895545,-0.082947046
118722.836,-3.6617093,0.86435765,-0.10136131
121380.01,-1.9177598,0.6603872,0.008961586
124253.26,-2.0622382,0.33812365,0.036166094
116659.95,2.417751,2.667684,0.10677885
127187.46,-0.44227195,2.994933,-0.09482749
115087.19,-2.0386558,1.0805769,0.35761267
117312.48,-3.2615695,3.1057963,0.027855625
115393.57,-2.1980767,2.085732,0.20456214
123166.03,-1.9106519,2.9179542,-0.11245177
126417.84,-3.6176758,2.5410595,-0.37235892
117401.67,-2.9606018,2.4863074,0.09840878
115760.58,-2.5396767,0.99468714,-0.06916302
116119.234,-1.5899993,2.290094,-0.27273524
121751.97,-1.107991,2.3586462,0.4794775
120849.9,-3.0704393,2.0694056,0.0850932
117991.54,-0.54528755,1.9115756,-0.123630136
125088.086,-2.3686407,2.9722776,0.0065043243
121433.664,-1.8958783,3.1254647,-0.17115757
119564.83,-3.951634,1.781506,0.23679501
115208.8,-2.789775,2.762825,0.059603356
115685.1,-1.1638407,2.9785922,-0.19325565
130242.5,-2.6327882,1.056904,0.07681611
124449.586,-3.273209,1.4505031,-0.015368466
130007.234,0.6961713,1.1171409,0.7130694
118109.86,-0.37199923,2.625549,-0.48411667
126885.13,-2.2028182,1.482497,0.1202184
117887.54,-1.128575,1.1552166,-0.30004552
130670.516,-1.7865973,2.0498402,0.21698494
128441.48,-4.2021446,2.8813288,-0.6630328
126455.94,-1.8841738,1.8467728,0.5200161
128382.55,-2.2416995,2.8495574,-0.25047386
124269.44,-2.7048619,0.18234822,0.049147326
123022.55,-2.505467,2.8299387,0.38400307
121966.37,-1.807876,2.835968,0.05268452
129259.76,-1.3549412,1.9334106,0.049795166
122084.086,-1.2414578,2.210435,-0.47776672
121172.26,-3.2643647,1.419693,-0.41673568
125370.0,-3.0923429,2.4646792,0.02455027
126525.766,-3.357707,3.0680847,0.12640476
125172.73,1.8568934,0.4481306,-0.13153295
132349.4,-1.0628791,1.8401809,0.10314034
119971.09,-2.307969,2.7835765,0.010328189
117988.04,-1.9378723,2.002807,0.32872272
119555.734,-3.3191354,0.36242566,-0.3124549
132987.53,-3.5216382,2.963903,0.4170125
120318.81,-2.3890312,3.0048018,-0.30551043
130715.6,-2.4941595,1.779076,-0.33806753
118908.45,-0.75832987,0.67785543,0.5608103
123582.43,-2.551795,2.361783,1.7857766
120737.08,0.7051203,0.33338767,0.09700881
127225.8,-0.1227724,3.0471253,-0.00821809
131096.03,-3.1515927,2.8609986,-0.056588545
126538.73,-2.9680595,1.7880703,0.026086133
120438.92,2.2976413,0.82497674,-0.050757688
130711.64,-0.69238216,2.3185196,-0.117726274
119170.83,-2.649977,2.9354656,0.0058064214
124278.34,-1.7342212,3.1533062,-0.022694658
134852.64,-0.26575345,2.9879565,-0.10073344
127970.86,-0.17862833,2.8950536,0.20373373
117466.375,2.3228855,0.23713943,-0.5800819
132137.62,-3.2627995,0.50859743,-0.0345754
125744.45,-2.93993,1.5338622,-0.73974615
127288.93,-2.1513958,2.6451285,0.25635716
133940.53,-1.331531,2.5839734,-0.20469773
119406.09,-1.9957106,1.9163897,0.5344628
130803.99,-1.9230859,2.7474358,0.06575277
126724.33,2.6984081,1.201179,-1.4141304
120465.53,2.542897,2.2353785,0.29402423
129646.37,-2.080643,2.7413938,-0.05152681
115326.89,-1.2539846,2.292016,-0.22275828
117126.06,-1.5325725,0.32446262,1.5091156
122991.52,-3.322937,1.3150637,-0.034409713
129796.02,-1.1121417,2.1516721,0.3908587
128911.836,-2.296338,1.6989758,0.08541563
118350.164,-1.8579758,2.604366,-0.28144917
125575.1,-0.77824986,2.3569992,0.14497936
122454.414,-3.6770298,0.1585728,0.024220688
119112.95,0.017574634,2.6400855,-0.1656989
130098.05,-2.9608498,1.3144988,0.33469573
116335.836,-0.63198906,2.7520595,-0.86349666
128541.32,-1.1513337,0.7965201,-0.13701396
123837.43,-2.1290982,2.2205086,-0.6621832
133195.2,-3.1540616,2.5138087,-0.1928447
128943.414,-3.1235847,0.659929,-0.00086507783
127462.78,-3.5797246,2.7062576,0.11806986
117153.75,-1.7725428,1.8134109,0.15981172
115208.57,-1.818734,2.8165162,0.22562142
118911.086,-2.1724267,2.2689183,0.025879325
116031.28,-1.4776621,2.2900581,-0.4867143
120752.81,-0.19287875,1.9779181,-0.29864463
117803.13,-0.3726777,3.1613286,-0.08052345
128681.01,-2.6304302,0.2978032,-0.09612704
115297.195,-0.050849307,0.1480135,0.008444864
120433.37,-2.583173,2.316916,0.21268012
118080.51,-3.4749434,2.8323777,0.31288847
127329.14,-2.8958895,0.81049573,0.14768156
126295.664,-1.6015011,2.1818705,0.23090664
117536.28,-1.539152,0.4155537,-0.38460562
129454.484,2.4115272,2.305116,0.2799273
121883.49,-2.7247043,0.4281658,-0.11259272
125523.12,-1.7415344,0.56961185,0.18430568
131006.695,-0.43339077,0.9856334,1.437464
116435.69,-0.68782914,1.2745584,0.06800024
126997.125,-2.7862818,-0.044116117,0.26715946
129286.73,-2.8122725,2.8864474,-0.10254912
119774.4,0.9116241,1.9451892,0.35797563
116040.59,-1.4738798,2.5281086,-0.4137414
116985.22,-4.0801544,3.0737305,0.04253483
128510.83,-3.0861008,1.3414022,0.019874739
123326.15,-1.2432518,2.1672633,-0.48280102
127375.34,-0.8190749,0.42452613,-0.0031548669
124913.08,0.5220141,1.1510445,0.50538456
130053.56,-1.352485,1.0313252,-0.16613546
115294.9,-1.6411765,1.4117773,-0.5278554
120165.375,-1.0319426,1.0954096,0.020187037
132660.05,0.5323634,1.0678637,-0.037691228
129812.93,-1.0736104,3.1174347,0.10833498
120450.836,-3.1843436,0.8735452,-0.5121249
116874.59,-2.404212,2.1998422,-0.08887028
120834.51,-2.9961226,2.9108636,0.11332162
124447.64,-1.7117195,2.9204025,0.21219498
134126.27,-0.89309615,2.3717222,-0.13204461
125101.95,-1.4517366,2.375075,0.31493154
117767.62,1.3772532,2.6795576,-0.1366069
129833.59,-1.6715196,1.3615354,-0.20080414
122508.945,-1.135866,2.038262,0.20370452
128367.63,-2.0370798,2.6730418,-0.54817206
120434.39,-2.5962286,2.5101352,-0.31373748
128284.02,0.020778976,2.9210854,-0.050400093
126690.22,-3.3965018,2.9077713,-0.026097458
128813.39,1.5547353,1.2131156,0.33965552
128392.08,-1.7665119,3.058192,-0.13075757
132298.64,-2.1166952,2.567384,-0.637458
118792.195,-0.663427,0.29407007,0.008730939
130589.164,0.41222537,2.0811572,0.22729138
126232.82,-1.8381075,2.9041715,0.11123625
132064.38,-2.215455,2.9719899,0.11737553
116816.86,0.80011684,0.5021921,-0.011560991
122857.14,-2.3361652,3.1098695,-0.09075271
124423.65,1.9288355,0.670656,-0.011463845
124031.62,1.2166421,2.2799845,0.29546773
123340.66,-3.8319783,2.502112,-0.09513919
127987.25,-2.5577192,2.3540518,-0.038468696
134488.1,-1.9185804,3.0760045,0.0906061
119470.94,-1.3683101,2.7105014,0.24044126
121050.055,3.8396761,2.3704262,-0.33719975
129394.5,-3.0600548,1.6554105,0.4138335
116524.914,-3.5149925,2.8380554,0.16100073
116229.81,0.6250159,3.0613647,0.20056246
129141.89,1.5291833,1.8555648,0.13443571
118471.92,-2.3215258,0.8144379,-0.08474634
129720.36,0.38643083,2.600698,-0.34136453
119190.234,-0.048787355,2.4004354,-0.06148042
125220.945,0.28032246,0.77376217,0.1579284
115837.09,-2.7895243,2.8080378,0.09450625
128277.13,-1.3677648,2.2566895,0.37313402
115019.625,-3.4920907,2.582683,1.3075962
124736.49,-2.6946352,0.64062786,0.12028992
122969.75,-2.1894507,1.1018429,-0.47941402
120848.55,-3.5268178,2.5272288,0.20057796
123092.664,-2.8595645,2.8788967,0.07194152
121972.57,-2.0764718,2.923233,-0.012421004
118404.35,-2.7119544,0.03244057,-0.008901987
121400.09,-1.5564853,1.5941725,0.43311134
127866.77,2.7318077,2.4565763,-0.32309687
128049.44,-0.53401655,1.0769249,0.11298488
120714.58,-0.71460694,2.8899436,0.08159773
118269.08,-0.17293496,2.337119,1.8758484
115323.87,-2.1785274,2.521548,0.23354925
116461.87,1.8509496,1.3363,0.11022426
133902.2,-1.9104629,2.2439084,-0.21276534
119989.71,-3.240019,2.1324084,-0.42483336
132658.69,-2.8090663,0.60919434,0.04872656
128848.664,-0.86089116,2.9358902,0.09619647
120568.625,0.7219087,0.63796085,0.055442758
122304.734,-1.1335365,3.0098157,0.12447316
131268.22,-3.0930398,3.0598907,-0.09125304
130369.45,4.0085826,0.49601042,-0.050441515
119883.42,-1.7768072,3.0036483,-1.831966
134911.95,-0.021068966,2.8976681,0.45027584
123202.01,-3.7733958,2.3600843,0.1938427
118785.36,-1.7314639,1.3080233,-0.10077784
134570.14,-1.7065972,2.8421147,-0.5627285
123862.37,-2.5467448,2.8083515,0.106846794
123680.01,1.6749506,1.2474614,-0.30597442
117261.22,-3.032873,3.0970914,-0.22807153
123716.91,-2.4398954,1.2481867,-0.24334791
128385.16,-1.4678558,3.119744,0.07832754
119874.98,-2.1695514,0.49289292,-1.4983926
132695.89,-3.5637298,1.7720543,-0.18114932
120250.164,0.19685009,1.0900896,0.36930537
126257.91,-1.2113245,1.6712794,0.46594736
121921.46,0.4440966,0.5934671,0.08213948
131380.78,-1.4812328,3.0058627,-0.08730015
117162.914,-2.3038473,2.5349903,0.18676473
128882.55,-2.6184244,3.1049652,-0.046411738
118758.63,-2.412784,1.0405587,0.9689065
116364.97,-1.3801875,2.0936882,0.1054641
121110.445,-0.16133748,0.052795585,0.09661486
131662.12,0.007972283,2.354111,-0.15416443
129938.14,-3.082087,2.0448508,0.24815455
117969.375,-3.3516061,0.60198164,-0.20520969
132773.56,-3.0590963,2.838958,0.20050347
118743.7,-3.1620772,2.5296035,0.0018526313
116042.08,-3.4749937,2.57843,-0.12397134
131709.97,1.207007,1.747208,0.09966274
115014.12,-2.2840743,2.7859619,0.043980103
128620.195,-2.1057348,2.8062391,-0.040370498
125364.15,-2.379212,1.1649641,-0.22800149
126273.64,-2.940811,2.8064508,0.1029824
132885.05,1.2847577,2.1152425,0.34611726
131081.0,-2.1106603,1.6805067,-0.33446744
124235.6,1.7377762,0.40979734,0.091549546
129946.58,-2.4582763,0.83648217,0.012451101
123900.805,-1.718227,2.823613,-0.042249948
122992.266,-0.86371255,1.465495,1.1719456
117910.68,-0.73043853,2.12729,0.044441994
117046.37,-1.8711562,2.7839148,0.74748534
123795.586,-2.9595823,0.291384,0.021396894
118566.48,-2.4613721,1.7792634,0.25725234
134285.84,-2.7458909,3.0502596,0.098244295
119345.33,1.304318,2.699694,0.046215657
126896.87,-3.0103297,2.3794696,-0.019191734
134290.2,-2.6381948,0.7014286,0.2798826
116526.31,-1.443151,3.0565455,-0.06086387
118645.41,-1.1358027,2.3558452,0.030641276
116437.96,-2.8701382,2.5569572,0.9898466
125681.85,-2.0055244,3.1645777,0.06147774
123625.9,-2.9266586,2.3660722,-0.29033357
120963.34,-2.979272,0.45617357,-0.08644342
127102.19,-2.2142243,0.6786867,-0.085384935
131406.05,3.6416764,0.4938231,-0.08130927
131458.84,-2.3946178,0.30966297,-0.018394005
123223.695,1.6374091,1.6378292,0.8796155
121717.016,-3.381629,2.6033268,0.15233088
122664.85,-2.9799204,0.9250856,0.080305025
128274.53,-3.2677178,0.71789414,-0.37983143
130584.75,-1.5729417,0.7572085,-0.7510884
118781.86,-2.4857535,3.129911,-0.057625268
115723.78,-1.7336719,1.9380265,0.17103778
132491.89,0.22706129,1.5022125,-0.097342856
124733.65,-3.62616,1.0934227,-0.043627277
116007.875,1.4342749,0.81720465,-0.16476022
133415.25,1.3968871,2.5626578,-0.10754231
120140.75,1.5961232,2.9711237,0.0030070618
128003.23,-0.0833594,3.0708058,-0.028377712
116460.15,1.4190426,2.6103833,0.37262684
116905.74,-1.8094716,2.8053682,0.11302005
117445.875,-1.8655772,0.3291973,-0.25918362
121614.445,-4.0236526,2.188307,0.16798452
127843.16,-2.4877324,2.73736,-0.015862243
125895.9,-3.9434946,3.0559514,-0.37717244
118283.71,-2.2160616,1.5174445,0.13419494
122431.65,-3.034749,0.20645058,-0.07804355
122309.12,-3.6109228,2.6598842,-0.04717371
119940.42,-2.1526153,2.8948543,0.060666002
116536.9,-2.3036919,2.768095,0.040444102
129665.06,-2.6507704,0.59309787,-0.05376594
115115.13,-2.426119,2.9342873,0.03462308
127099.2,-1.4750098,2.8338304,-0.15398504
132008.9,-1.2212155,3.0784597,-0.063092574
119950.34,-2.1580913,2.1456554,-1.9036041
121180.27,-3.7631705,0.5606968,0.08082116
126891.555,-2.2383611,2.8977344,0.15533525
131674.4,-0.8101834,1.4753894,0.041201603
121864.85,-1.904072,0.23526184,-0.006041241
116599.75,-2.157288,2.5461924,-0.32855168
129506.45,-1.7102606,2.450325,0.051934768
129517.555,-2.6914814,2.089752,0.13507938
116306.03,-2.6419427,2.5461116,-2.6514919
125222.625,-0.959558,0.6811562,-1.182733
133555.88,2.3343494,2.106361,-0.079785325
115628.414,-1.7501214,1.0133953,-0.31675676
116408.2,-0.076747514,2.8599906,-0.040730473
125893.06,-1.1553249,1.2288501,-0.16022147
119656.875,-3.000693,2.7360556,0.32745087
121396.625,-2.2805517,3.0955102,0.016995516
124067.66,-3.2828488,3.011694,-0.44560745
118334.86,-1.8144349,3.0378947,0.27637404
123968.31,-3.2381592,1.6469439,0.026579017
119370.53,-3.0975168,2.7532148,-1.4981089
124887.43,-0.53633064,3.039042,-0.09451161
121441.56,-3.537003,2.4272797,-0.38972604
127928.8,-3.7896268,2.3902001,-0.0421972
115327.05,-3.047081,2.204967,-0.14089176
132546.22,-2.5530765,0.10117386,-0.42208615
134311.2,-1.6680845,0.72223836,-0.07612208
115045.12,-1.1373143,3.0571003,0.03591399
120351.62,-2.3188396,2.9058442,0.09385781
115580.51,-2.080612,0.12488993,0.047054213
126127.516,-0.12562579,1.7164696,0.36270064
115497.28,-1.879619,1.5260744,0.13455789
123842.79,-1.7693113,1.7639227,0.04369641
117341.016,-1.5799834,0.03530708,0.032617576
121777.75,-0.1807323,1.690318,-0.23028114
119533.42,-0.27292016,2.9579172,0.16921464
126619.96,-0.9996188,1.1404148,-0.29171628
123389.516,-0.84727067,2.8196366,-0.34234405
115753.695,-0.051319074,2.768265,0.1865448
131982.03,-3.2233796,2.161924,0.39442334
123226.51,-1.0302013,3.1349494,-0.14869148
127000.42,-2.2657938,2.7621555,0.20033301
125935.43,-3.374561,2.6418931,0.10902096
125642.29,0.16637577,1.8883288,0.7590302
118487.38,0.9469821,3.128727,0.066237904
127324.625,-3.6077936,0.103559084,-0.013697612
122402.72,-2.9664414,0.8828452,0.19785012
129508.53,-0.45362422,1.4913807,0.26852366
126474.914,-0.12924756,1.9175379,-0.08279
133793.69,-3.9441743,0.3255611,-0.081587896
122970.44,-4.2878623,1.9471374,-0.085955895
134609.2,0.07174504,1.4693305,0.045014143
117986.945,-1.5857193,2.613179,0.15266106
116499.91,-0.52102387,1.9419011,0.29479605
129597.47,-2.5492606,2.6421638,2.226045
118062.1,0.64201367,1.289773,0.11359517
130466.22,-2.1629994,2.007418,-0.19793773
120283.22,-3.819612,1.0163728,-0.098955005
133544.17,-0.98128206,2.263278,0.21672925
134893.88,-1.2651467,1.2508804,0.559281
118783.97,-2.5874772,0.6366351,-0.65957224
119717.516,-0.17288399,0.70053387,-1.3875709
116557.76,-4.8283906,2.4717293,0.010742997
125491.664,-1.2080874,1.647271,-0.27690715
128916.27,-2.4528291,0.106761225,-0.08691753
124992.28,0.08995648,1.523669,1.4720796
124406.4,-0.49684978,2.9949384,0.35776883
118529.39,3.0070362,2.0136433,0.047042295
120148.31,1.0243202,2.412694,0.06351662
119146.01,-3.1265576,0.38100517,-0.13421579
123478.47,-2.9621785,0.19074827,-0.23713174
123018.86,-2.5871408,2.5589082,-0.14337972
118807.08,-3.7839427,1.7866344,0.31987765
130102.83,1.076687,1.0263319,0.3253697
119905.28,3.220233,1.9539514,0.41728547
127190.9,-3.1495435,2.164563,-0.20963997
134762.55,-2.1507683,2.4551384,-1.4725457
119951.5,-0.60018843,2.7790544,-0.10870896
118059.03,0.5873662,1.6018667,-0.15421271
119526.16,-3.1722348,0.7964773,0.17022008
117820.15,-2.7586813,3.037867,-0.10403135
116943.875,-3.5581481,1.1619127,-0.4002506
124635.88,-1.4394196,3.0386257,0.05909319
130157.95,1.3452863,2.7871928,-0.11571153
131787.75,-1.6024138,1.2181622,-0.5686094
125383.92,-3.8508675,0.65574676,-0.033839054
118706.055,-0.95344204,2.998653,-0.23745358
133165.86,-1.2316402,1.83081,-0.16835225
134558.77,-4.0368166,0.38664636,0.087381795
116513.09,-3.7909577,2.3149736,-0.25379232
122302.18,-3.0962121,0.5689918,0.02541207
122563.945,-2.927985,1.3461103,-0.09520326
115950.64,-1.0467234,0.28193635,0.06294149
123924.63,-2.9588377,1.01837,-0.034833163
129559.44,-3.0533645,2.6231852,0.15898748
119760.55,-1.8195658,2.9592986,0.10694573
129352.766,-2.2303317,0.18409792,0.018174978
117914.016,-2.209716,2.5445135,0.10224457
133839.8,-1.8595508,3.0483809,0.0719439
126405.2,-0.1203843,3.0784023,-0.03845886
115076.54,-3.3467314,2.3235905,-0.19266471
116637.805,-3.4212968,1.0259092,-0.0059455847
116922.35,-3.4378965,2.344882,-0.023015898
131101.81,-3.6887639,1.9296029,-0.049529653
134535.69,0.32273108,2.099056,-0.08496179
116494.33,-1.8548439,0.50365067,0.80887157
134299.66,-0.37925687,2.1327837,0.16801372
119911.85,0.004957019,1.6078695,0.4699381
126648.99,-1.7050188,2.9830618,-0.16417526
120216.34,-3.3543215,1.2296009,1.2665017
127840.82,-1.6838537,3.034856,-0.007206101
131081.03,-0.4277532,2.9151058,0.0096582975
115017.016,-2.0709302,2.746297,-0.030652005
132042.2,-0.46008077,1.5937248,0.3809385
118924.28,-2.234954,2.7307162,0.150261
133797.27,0.6429766,2.6413205,-0.14829752
124218.48,-2.614326,1.8457303,0.31208748
118517.12,-1.5313371,0.8102645,0.36315298
126180.9,-2.0574648,2.977596,-0.17538461
115153.5,-3.0772867,2.8691583,-0.10411895
122950.45,-1.8689927,2.58724,-0.023684
129394.05,0.59867996,2.7140656,-0.026843933
133244.52,-0.8137952,2.3696244,0.16635032
132919.08,2.8893805,1.6781113,-1.2711977
117562.1,-0.55829674,0.21492954,0.038297348
118747.38,-3.4869928,0.67171144,0.107384376
128773.64,-3.75227,0.8759599,-0.24247299
125148.086,-2.2702117,2.002085,-0.3011746
123609.09,-3.0659435,3.0554469,0.14683944
119993.375,-3.1155088,3.1458254,-0.19766417
116134.17,-3.5323968,1.3119345,-0.056554276
128610.38,-3.5817509,2.6037169,-0.42783388
118856.58,-1.4395726,1.9935088,-0.017520284
124739.12,-1.1541164,1.4502891,0.040220607
133725.56,-1.2629976,2.2495399,0.16457845
119117.19,-2.278824,1.1523091,-0.051554523
123556.41,-0.6807981,2.4705195,-0.0096806465
132216.77,-0.7763987,2.7481184,0.3341766
121823.65,1.6553305,2.793967,-0.044349913
122352.984,-3.1053348,0.9086947,0.21867457
119735.46,-3.172326,1.9644029,-0.22925963
134205.64,-2.1436932,2.2931128,-0.09960106
116389.65,-0.38958213,2.7740433,-1.1159229
127312.6,-1.107845,2.052498,0.024024012
119098.89,1.349789,1.2689145,-0.41497868
115958.35,-1.163177,1.9416593,-0.25252524
126678.24,-2.1977181,2.0310147,0.32809275
126930.89,-1.5645095,2.7550662,-0.0015859263
131203.69,-1.6482668,1.6726174,0.5759508
131009.61,-1.8314719,1.7563952,-0.7352804
117962.15,0.7996264,2.2117982,0.27218303
121676.99,-2.4110193,2.0001762,0.37022558
134086.05,-0.68563014,3.1546671,-0.056793865
120791.445,-2.78051,2.2430139,-0.043848388
129575.63,-2.34399,1.7596701,0.13191646
118326.914,-0.40728247,2.2811995,-0.07787518
125213.52,-3.7730045,1.1042502,0.0501021
127417.88,-0.19046207,0.9445364,-0.44500282
119281.11,-0.8330777,0.4943128,0.44800034
122934.305,-1.9947239,2.6306672,0.85119754
119922.164,-2.2795482,0.6585633,-0.06401844
117914.016,-1.8003635,2.1797132,0.7280507
134776.64,-0.91849774,0.38144743,-0.19643971
117116.95,-0.6796578,2.9410603,-0.044090062
123086.3,-1.2602361,2.3301756,-0.5360008
122121.5,-3.0652688,3.059545,0.017359069
132324.14,-0.87676513,3.0478024,0.090356976
127853.97,-3.479473,0.54847074,0.12678799
117173.32,-2.3199615,0.39688733,0.02753379
115773.45,-1.9450287,2.5989518,-0.11371765
121354.98,-2.106875,2.9783502,0.015432238
115095.84,-2.2795525,0.71419406,0.0924781
115213.7,-1.3267415,0.59595394,-0.016392672
118181.2,-0.20329012,2.21078,-0.0059920717
124205.91,-1.431509,2.607439,0.15726268
122071.22,0.57063574,2.796263,-0.003939784
134299.27,0.063411474,2.7630587,-0.07019318
130096.586,-0.72758275,3.0970068,-0.053899147
122876.06,-0.9140515,3.0748885,-0.3567163
133741.14,-2.2797992,2.8912427,0.43232763
134490.2,-2.0516093,1.999151,-0.12914631
117633.16,-0.10452824,0.8521887,0.10359985
119615.86,-1.4163518,3.1122193,-0.05091056
128370.32,-2.6568167,1.4904466,0.058393497
118442.85,-2.0933719,1.5111989,-0.7159152
116552.766,-1.8333505,2.555109,-0.68469495
122900.125,-0.25994298,2.6695437,-0.3015191
130517.67,-2.956929,1.9085119,0.24935786
124412.695,-0.27334446,1.3811398,-0.5238927
132585.58,-1.6491463,2.7654338,-0.10323987
121289.46,-1.4111127,0.27064383,0.52337503
126808.91,-4.0101748,2.0205169,-0.12704009
124732.1,-3.6352308,0.93602055,0.37699184
134186.27,-0.55612427,2.6170511,-0.41888064
116850.27,-1.2510791,2.6442494,-0.31033438
115285.28,-3.691174,2.232168,-0.30009648
127697.33,-2.1242766,2.277726,0.53078973
128547.76,-0.5507054,1.3547325,0.15899225
116691.445,-1.6335909,3.0859375,-0.034934185
129363.516,-3.1892989,1.7288828,-0.28475633
128817.836,-2.166099,2.3275743,-2.0173972
116236.48,-1.6690847,2.1152587,-0.37634552
115377.55,-2.850363,3.0400038,0.05836072
122019.49,-1.3094151,2.729042,-0.058439687
120761.88,1.729392,3.1397333,-0.0862527
122688.14,-2.6654646,0.78689396,-0.16511007
121078.12,-1.8756745,2.3374364,-0.48324028
121134.8,0.76642025,2.897333,0.33341196
134234.3,-1.3472955,2.7684066,-0.036528453
116872.97,0.123294175,1.2540543,-0.13681372
115472.62,-0.8527997,2.2560542,0.13723984
124097.266,-2.8789315,2.994551,0.061489064
122356.52,-1.9861802,2.440326,-0.4691791
119045.52,-0.4083956,2.699464,-0.15181653
121392.32,-1.674043,0.16471584,0.050096735
121814.2,-2.0896509,2.0203302,0.048221756
127357.91,-0.7730222,2.3655481,0.056524478
116084.43,-2.5288625,2.9896696,0.5162828
132114.2,-1.9497426,2.3441281,-0.16536008
122400.375,-4.0756207,1.9040778,-0.08754629
125276.03,2.1545486,2.6720424,0.0051639453
119497.2,-0.44456947,3.0069811,-0.01830997
115706.73,-1.5226864,0.10324844,-0.007589322
118735.88,-0.24843056,1.6318444,2.9010947
128682.64,-2.5111134,3.0689533,-0.09911145
122969.61,-1.9618263,3.0130866,-0.5142451
116403.586,-1.1892209,2.9040675,-0.015229601
123375.2,0.83099204,0.52640533,-0.013764065
122231.164,-2.3633122,1.7029386,-0.66390145
127524.625,-0.15493637,1.5965534,0.36137754
118342.81,-3.2913234,1.0519228,-0.34075662
129624.06,-2.9224262,0.036971103,0.020109558
116656.15,-2.7822213,2.0511868,0.46462366
118276.64,-3.3792212,2.29842,0.7015322
128893.47,-3.069564,2.2927613,-0.09365607
116411.89,-0.42004406,3.1272275,-0.046834294
127675.53,-3.0105605,2.6105664,-0.5764982
115386.59,-3.17946,2.9833038,-0.028726662
122614.35,-3.207857,2.317725,-0.052462514
127044.14,-1.6867722,0.21276714,0.02518321
116362.6,-1.8830299,2.2691832,-0.08868344
123175.0,0.84873784,2.5204833,-0.11855917
119226.16,-1.6153045,2.8070278,-0.41642427
122641.914,-2.485747,2.037662,-0.09429676
121159.39,-2.7450564,1.1700191,-0.05240202
129979.61,-3.1646533,0.8631705,0.15903397
129755.805,-2.0495248,2.170172,0.10561429
132912.19,-3.0114794,2.659247,-0.07661079
131693.95,-1.5304204,3.0868504,-0.13380516
122158.42,-0.27691424,2.249266,-0.071616106
131291.1,0.6188393,0.19512509,0.19814692
124722.92,-2.8589656,2.9137664,0.06238543
117326.195,-1.3966728,2.7305007,0.034024704
126698.95,-0.50420797,0.2567945,0.093894765
132881.7,-2.6680295,3.0983655,0.029640015
124925.12,-2.7786515,1.2716404,-0.08184059
121899.586,-2.492401,2.1059155,-0.115381055
127566.95,2.2569258,0.8043397,0.19645849
134331.95,-1.0185384,1.5577114,-2.1636598
120070.03,-3.2872486,0.7138856,-0.10104067
115921.945,-2.5230782,1.3424319,-0.12737384
128981.52,-2.1209507,3.1635108,-0.17244372
120528.81,-2.3622296,1.6435424,0.07711351
120487.25,2.798873,0.7042241,0.47225112
119964.58,-1.161112,2.8620446,-0.13346425
127628.78,-3.0547483,1.8909606,-0.12960492
132857.83,-2.879048,1.9399453,0.115232356
125380.125,-2.5983453,1.699891,0.03552123
130614.44,-3.5370932,2.8167176,-0.41618526
123412.73,-2.109021,2.1770606,0.096571945
115755.73,-3.993421,0.970501,-0.02292352
125198.99,-3.1373487,2.7242668,0.17927314
122708.21,0.24243964,1.7049955,-0.27574974
117993.266,-3.620013,1.6933208,1.2429845
126358.72,-1.0577892,1.2957828,-0.5075581
129740.336,1.0579072,2.064484,0.02540313
119075.21,-3.6380005,2.7572706,0.15939096
125728.14,-0.5538002,1.7443335,0.04639326
115768.234,-0.23639293,2.1298296,0.35544685
115841.59,-2.9982429,1.7013489,0.016152192
127110.67,-2.6877985,0.8250109,0.04002393
119842.44,-1.7836013,1.782687,-0.24788696
125550.36,-0.5556486,0.84286475,0.04559404
128407.68,-3.1944416,2.6666381,0.25882694
126988.64,-2.3045857,1.5210314,-0.24751656
132071.73,-2.4282954,1.5833035,-0.2344793
118107.64,1.1107686,2.3532708,0.07871433
116559.266,-2.6039224,2.575731,0.11811516
119667.555,-0.23105603,2.929163,-0.002512391
132849.98,0.7340724,2.170442,-0.61824936
133688.31,-2.0500371,0.6613548,0.45292976
115585.16,-2.8121238,1.2040021,-0.101532064
133925.53,-1.5169142,0.24253666,0.0049958765
117366.11,2.6734815,2.108335,0.8832802
132745.89,-2.1964104,0.08615041,-0.2432448
124857.25,-3.2995422,1.7634438,-0.4642473
123273.03,-0.37345296,2.617938,0.039095975
128881.914,0.6414344,1.9021538,-0.072482675
127673.17,-0.28100094,2.3806186,-0.08957295
124609.54,-0.69856834,2.9924386,-0.020038635
116558.086,-2.0309856,2.810248,-0.21068801
123704.055,-0.80026114,2.9802694,0.00703237
130415.14,-0.28155094,0.56539977,-0.18670125
120081.24,-2.710616,1.6349692,-0.12976018
123020.555,-1.8196219,2.8282976,0.14481069
119677.664,-1.888245,3.1360176,-0.26492628
134177.61,-3.793499,2.9997451,-0.039783448
129191.0,-0.08299158,2.359651,-0.64323854
133010.9,-2.6051803,2.484744,0.25562587
122559.27,-2.01499,2.940855,0.19830665
131010.445,-2.4613283,2.5871294,0.14582029
123333.76,-2.6183977,1.1680999,-0.47763738
134932.73,-4.0769053,2.2580168,-0.12255438
125482.37,-0.0247355,1.746988,-0.32966945
119761.32,-3.4148812,1.8485515,-0.5845846
127127.734,-1.1588485,1.3134443,0.7385431
123008.07,-2.04488,2.6252816,0.7816361
120549.26,-1.758676,2.1689298,-1.2465798
134983.16,-2.5805066,2.6563535,-0.24120116
118445.14,-0.7249818,1.5389987,0.07839429
127830.195,-0.62611073,1.0969404,3.2276375
123176.586,-3.073096,3.0641456,-0.11540102
119468.04,-1.9315232,2.3727112,0.1227734
117556.38,0.15344717,3.0978098,0.13809508
120943.71,-1.1718719,2.1142206,-0.11739669
115592.64,-2.7264392,1.548237,0.21963172
121711.39,4.6132984,0.85685146,-0.07799378
122339.41,-1.8493172,2.3168104,-0.09705857
123741.555,-1.9239184,2.873386,0.054806836
118693.86,-1.4131708,1.0004696,0.07242308
123517.8,-2.0506284,0.009353906,0.19428015
116796.85,-1.7909864,1.0968552,0.297835
124583.9,-4.030335,0.67827046,-0.11604767
129937.24,-1.0894644,3.1479244,-0.071950756
122053.14,0.31765664,3.048969,0.020097042
125979.7,-1.6422497,2.604169,-0.08865841
120529.38,0.04654459,2.0410683,0.80676836
134761.44,1.2766898,0.09764536,0.8688495
116267.03,-1.0912236,2.3464684,0.12182936
122581.24,-2.388402,0.85483664,-0.08783207
124148.93,-1.1535344,2.3541002,0.22872949
119537.484,-1.3102021,1.6427032,0.5409758
116100.164,-4.0830245,0.54628354,0.13787338
119898.734,-0.58676803,2.8740342,-0.06857001
131214.06,-4.7164373,1.1822854,-0.05986112
132640.47,-2.168472,1.7269502,-1.2337949
120773.75,-1.223192,2.040797,-0.058473658
122679.7,-1.6723313,2.0701447,0.1493122
126941.11,-3.2817104,0.3174347,-0.7051001
116290.5,2.2231019,2.5149646,-0.0054169428
124915.63,-0.31213892,2.4460819,0.1638257
119108.086,-3.179784,2.3404512,0.08459317
120203.08,0.87878644,1.28236,-0.2592781
118138.85,-1.0627795,3.0138252,-0.09266047
117042.45,-2.4241223,1.863883,0.24134956
127408.234,-4.2675443,1.5200652,0.331146
117994.09,-0.03021808,2.8803596,-0.34638813
119618.87,-2.9512258,1.4162551,0.028188782
118287.39,-0.6866895,2.8527272,-0.029938607
126535.54,-3.927031,0.86413425,-0.020022841
123646.94,-4.857226,0.17309988,0.01755515
124472.22,-1.1972965,2.950521,0.39285707
118270.01,-1.4977925,2.5957172,0.13198084
128359.47,-2.7840168,2.5759768,-0.4210095
116897.23,-2.2035437,2.0787969,-0.8874244
125161.86,-2.696122,3.0374799,-0.043569766
120207.61,-1.36465,2.2182481,-0.26912442
123641.48,-2.5136585,2.1356666,-0.05160548
133140.84,-2.5385022,1.139637,-0.37296414
128645.29,-0.63296753,2.136099,0.04377091
128542.0,-1.2209637,2.1751153,-0.07346486
119445.97,4.062796,0.5285597,-0.25935885
130716.97,-3.080109,2.1907563,0.36329365
116341.72,-0.37962538,3.0765796,0.05813305
134039.66,-3.086968,2.3586488,-0.14283708
127065.97,-2.5871677,1.7792791,-0.21280378
131626.38,-2.5406852,2.472055,-0.20173955
115169.8,-3.1950536,2.952825,0.072137
130389.73,-2.5491312,2.4203246,0.020937387
116134.484,-3.056412,1.7900964,-0.43932632
122362.305,-2.7866418,1.3968556,0.13214831
131985.89,-0.47858253,2.6513076,-0.30794296
119335.14,-2.6298995,2.8524892,-0.14088401
134055.69,-1.2868627,2.6169474,0.11038756
128349.88,-2.6858716,0.8382334,0.12543628
117470.1,-1.7636169,2.7335062,-0.5345582
117842.0,-2.5099187,2.7992668,0.01354474
124477.62,-1.5372971,2.896623,-0.28719154
117270.625,-1.9604965,2.5558715,-0.107114695
134323.97,-0.65116894,1.3345628,0.33649024
130664.88,-0.38365734,2.8352249,-0.10327503
123694.95,-1.3445041,2.948957,-0.10266593
131343.2,-2.8410158,2.712026,0.20646991
133405.39,-2.553838,2.5508187,-0.07361982
127984.93,-2.071388,2.1334522,0.01688645
117571.21,-2.1090577,0.5819458,0.08539
127755.43,-2.3868191,2.2884533,-1.187374
121524.516,-0.56157,0.5224773,0.024255851
133783.73,-1.4968771,2.576539,0.0047312574
122837.64,-2.8503401,2.5739388,-0.017203515
130242.664,-2.7341053,1.7110147,-0.25347316
117908.05,-3.2414856,1.5681059,-0.24417484
125046.555,-3.8799934,0.54333216,-0.097235285
117395.16,-0.6663231,1.7126626,-0.5789644
131347.53,-0.5178726,2.813293,-0.13004686
117547.875,-3.8688152,1.6150942,-0.46679932
133310.88,0.7669162,2.9124658,0.009646974
115366.89,-2.9975162,2.0714016,0.3994088
115597.47,-2.266755,1.2440567,-0.08784756
133770.44,1.2987489,1.8535686,-0.91357285
122093.03,-1.5257399,2.6524138,0.07414131
117487.31,0.80567485,1.3811018,-0.24989842
120825.27,-2.3003116,2.394239,0.11675391
119538.39,-2.493397,2.6347537,-0.8880973
122795.914,-4.002956,1.0118263,0.2703915
115328.78,-0.26988322,2.9650638,-0.003153675
122256.76,-0.74026716,0.98426086,0.025494317
128738.41,-0.55512136,1.5175986,0.9536194
131992.19,-3.294101,1.8225466,-2.2025723
115322.805,-0.23122169,1.2692302,-0.3684093
123162.0,-3.1222923,2.7943406,0.23616683
122022.12,-0.103232935,2.6206636,0.15892012
127257.28,-0.59489596,1.4835942,0.35214388
117629.07,-2.9975557,2.7045286,0.064281866
122391.52,-1.7729543,2.6548746,-0.5190687
126872.84,-2.1626794,0.9701535,0.25169176
118916.99,-2.3292508,0.71542287,-0.21529323
116461.195,-0.83148694,2.9472933,-0.06384233
133945.44,-2.9486322,1.0267684,0.5556288
117522.586,-2.2389793,2.7719197,0.30883276
116332.7,-1.0412667,2.8923495,0.15915078
116267.15,-2.9211287,2.838782,-0.46568662
127854.13,-2.5288546,2.8341212,-0.15044367
125754.234,-0.24695031,3.0196042,-1.4324956
116972.93,-0.42829874,2.0788684,-0.16125849
125677.79,-1.8084815,2.4555576,0.18865758
119748.484,-2.3323574,2.2979927,0.11087449
126173.13,1.9277623,2.7211223,-0.042436194
116829.734,-2.584808,2.6949866,0.035154104
115481.734,-0.50509346,1.829062,0.08831094
118386.73,-2.0540833,3.0437987,0.03782175
117406.19,-0.6678037,2.2594583,0.20032705
134585.02,-3.5596888,2.1844015,0.079600565
126472.54,-1.8831918,1.254569,-0.03799876
126339.0,-3.3963597,1.6593556,-0.038642425
128127.016,2.341305,1.9071444,-0.7426772
127160.91,-1.7202791,1.7731737,-1.1321801
115662.51,-2.6345093,1.3281088,-0.07056568
134347.78,-3.8258193,2.1968598,-0.33062303
115789.43,-2.5335126,1.894346,0.6705092
131420.83,2.4479554,2.883368,-0.08096747
115090.016,-1.325545,2.0505888,0.5061784
118733.38,-3.188723,3.0533397,0.03708332
116098.17,-3.082915,2.8560677,0.025614707
130872.51,0.93896914,1.1635283,0.14612305
128237.25,-0.9461748,1.6921903,0.24117613
130586.164,-2.8729098,3.01524,-0.13160655
133944.05,-2.959793,1.1246947,-0.011830378
134879.77,-2.5123699,2.3004115,0.083964996
134844.31,-2.2502227,2.5887563,0.052744716
119824.19,-0.8762768,1.2962182,1.7823716
121484.625,-1.8043745,1.683223,-0.083539456
134376.8,-1.9458935,3.033104,0.30475503
122855.17,-1.6518489,2.770206,-0.012506528
119930.2,-1.6693078,0.53224134,0.06944194
125608.02,2.361607,0.96765554,0.59355813
117713.73,-2.5180595,1.7929331,0.17634445
132753.75,-1.5657625,1.073265,-0.15596044
131397.03,-0.7799974,0.49075314,0.03156029
118198.6,-0.6594457,1.7944659,0.11778796
118658.72,-1.9970659,2.5410604,-0.12875773
120159.03,-2.72659,1.9050056,-0.36471805
124496.03,-2.2184958,2.7194593,0.6002463
118585.28,-0.49999693,1.3424727,0.3901966
123290.55,-1.7445947,0.74846464,0.09025089
121835.21,-3.510736,0.8247663,-0.37650642
132394.84,-2.0018058,0.59732395,-0.1660854
115087.41,-0.9314952,2.8991838,-0.0015400351
115764.77,-3.7721856,0.20063709,0.016933532
117659.805,0.42947662,1.8730478,0.39407945
127284.32,-4.1729574,2.9431293,0.03893923
132846.47,-0.82677203,1.1359602,-0.20624194
128369.875,-2.5620573,1.0614756,0.120475866
134681.3,-2.9938319,2.9640732,0.15136716
121686.97,-1.7155951,2.8152668,0.17190792
127712.85,-0.335461,1.9437767,-0.19245821
128937.46,-2.5967915,3.1132367,0.038602494
123542.57,1.4929712,1.6125333,0.17641002
127844.8,-3.4745946,2.8398614,0.01811836
120637.99,-2.4931066,2.4791641,0.09809232
119739.91,-1.8040022,2.266415,0.7656034
125723.445,-2.0427642,2.0183039,-0.090882935
126020.13,-0.16522959,3.0668783,-0.06556176
116092.54,-1.7494415,2.7547085,-0.07119742
117145.58,-2.3018758,2.4411874,-0.20010206
123656.56,-4.303471,0.5717766,-0.1133246
122724.555,-1.5496447,1.2672826,0.07063094
116070.69,-2.3858469,0.8373731,0.0025189468
123852.68,-2.412914,0.486182,1.1648265
133084.27,1.413546,2.4460928,0.12274957
122247.91,-0.42687738,2.981384,0.0632663
134975.81,-3.265809,0.7126036,0.07704676
132051.89,-2.6372614,1.868664,0.51878655
127013.16,-0.8443446,0.610411,-0.080362245
127094.55,-3.1686563,0.66821426,-0.05198602
133968.6,-3.4168735,0.5563689,-0.08275067
115124.93,-1.8747394,1.918123,-0.18579774
121975.29,-1.8453854,0.16363212,0.021230016
130618.42,0.35601163,1.953687,0.3632686
123004.08,-2.4011915,2.8555977,0.0097173005
122159.91,-1.2536714,2.8991864,-0.022537319
126107.84,0.72463155,1.647499,-0.14203934
132860.3,-0.64872956,0.7831356,-0.042671014
123278.56,-1.317675,2.9676166,0.0012453187
124703.266,1.6985154,2.4811244,-0.36099103
116306.66,-3.7330487,2.8539402,-0.11178516
118331.73,-3.1829367,1.9933059,0.21628942
134726.8,-1.0380627,3.0947893,-0.109408356
119372.836,-3.0855386,2.4292858,0.07409363
131424.25,-0.46949852,0.6302916,0.25885674
128219.97,-1.4473867,2.614744,0.22320884
118902.016,-1.7046537,0.060741454,-0.11193386
118935.95,-3.6226614,2.4590495,0.061905064
128149.69,-1.9358613,3.1388454,0.17861994
134366.39,-2.2938213,2.4475572,0.035211317
115703.97,1.9740468,2.0196278,-0.14807522
116494.87,-1.6423154,3.069134,0.12721352
133269.98,1.4591713,2.3955407,-0.096521884
120887.914,-1.7967417,1.408343,-1.9707876
130488.77,-2.926379,2.87305,-0.14666958
115723.91,-2.7871573,1.6075348,0.060809635
116633.77,-3.8149812,2.7034745,-0.122845516
120746.14,-0.16369975,2.6869814,-0.06243877
122937.9,-3.2163477,0.37128794,-0.09954057
124191.836,-3.638617,3.1130493,0.010464074
122116.81,-3.9547992,3.1014142,0.11611323
131980.47,-1.9119048,2.85083,0.10685514
117091.016,-3.1359115,2.9512007,-0.12543926
130313.86,-3.0124953,0.27366033,-0.13704614
121697.36,-1.291329,1.6644776,-0.5571617
118744.266,1.7394673,1.1077503,-0.15757588
130577.05,-1.2972183,0.15681939,-0.04977401
126500.68,-1.375711,2.0278974,-0.7446234
131627.47,-1.7635597,2.9307954,-0.07203002
119138.234,-0.7184147,2.5194168,0.17460656
127417.65,-2.5581641,2.2351103,0.14113344
130893.375,-3.096507,0.940065,-0.13102695
127227.72,-2.2840204,2.6541688,1.0202664
130021.4,1.7636672,1.3415732,-0.038417142
120085.086,-2.7653844,1.6368154,0.35361835
118155.65,-0.657287,2.6457226,0.17875822
128671.01,-0.9424101,2.4414515,0.09467432
123089.59,1.5257034,2.707096,-0.5181882
126682.1,-1.0212599,2.444842,-0.04249907
116916.11,-0.07579179,2.4596882,0.16700532
124962.6,-2.5128589,1.275148,-1.2807934
120318.945,-1.2719235,2.8058584,0.03253831
115471.92,-0.961549,2.0660203,0.16861507
125828.29,-2.7623615,2.4826908,-0.4838315
118583.31,-0.9674218,1.9835755,0.48346883
115586.74,-0.7407745,1.651601,0.1826971
131608.02,-1.0967851,1.0064515,-0.13163874
115195.19,-2.7692268,0.57773376,0.124077424
121653.31,-1.9749919,0.6380197,-0.12884414
121207.74,0.8229915,2.9501696,0.11694225
116858.32,-2.9750178,1.2177969,0.11946984
115908.65,-2.741797,1.8835051,-0.22142148
118307.33,-0.037509818,2.720186,0.22567385
134528.61,-2.2327144,2.6864536,-0.048438396
132237.62,-1.0612357,3.0280735,0.26504725
125981.0,-2.690119,2.5027564,-0.10134611
118066.94,-1.814045,2.5461135,-0.13145964
115720.93,-0.80411637,1.399006,-0.5619871
133234.0,-2.6685503,2.2401989,0.04695528
121670.98,-2.0779755,2.076854,-0.4202222
131480.95,-1.6005639,1.2315009,-0.29359365
126771.586,-3.027696,0.17015545,-0.0274286
126416.33,-3.30711,2.3296745,0.060713682
128207.19,-2.2144566,1.1472431,-0.20628902
120094.39,-3.329223,3.00284,1.3668154
131772.11,-2.9065287,2.8680935,0.1821333
115805.375,-2.7591646,2.217157,0.65194714
115741.08,-0.20401646,2.8157291,-0.6283442
134999.34,-0.91562814,0.2387162,-0.16129634
126524.05,-0.042166863,3.1295083,0.1506174
122698.12,1.4372898,1.3758271,-0.9070524
122365.45,-3.9837108,2.4278197,0.1918789
132972.97,-1.5309242,2.2886395,-0.085845634
124359.01,-3.373205,2.377277,-0.0052038766
130491.63,-1.3717128,2.968363,-0.02878626
116183.48,-1.6750783,1.5844492,0.041003734
134093.5,-1.4620619,2.556276,-0.23869711
122396.42,-1.0670685,1.341094,-0.21813609
115444.63,-3.1641567,2.859698,-0.041254945
131053.625,-0.9856567,3.082252,0.2561277
121508.21,-3.3603823,1.6515757,-0.043459207
115127.695,-3.1583452,0.8483716,-0.34839392
120774.94,-1.3058895,2.3505857,-0.0058454587
125050.64,-1.8384684,0.38898262,-0.00835934
121376.35,-0.4297604,1.7648568,-0.0027606203
121886.8,-2.534156,0.43118802,-0.057607684
133566.72,0.61443096,2.5503483,0.043180883
132664.33,-3.1370046,3.095984,-0.009401128
126380.11,-1.6201895,1.6255018,-0.40658656
129330.39,-3.2403004,2.2189636,-0.011392625
123510.57,-2.987109,2.9316516,-0.19811533
122530.88,-1.8598742,2.9369833,-0.119753234
120433.18,2.5459027,1.037409,-0.015055275
119540.63,-2.2136986,2.899427,-0.14677209
125484.82,2.1441333,0.1322243,0.073969066
130377.66,-2.8186138,1.4660733,-0.29207
126564.92,-2.344436,0.7383296,-0.15882716
125204.35,-3.3261428,2.8235428,0.07637984
115035.7,-1.0509899,2.4245555,-0.14998834
119274.5,-1.6786846,3.0494053,-0.26985034
130469.29,3.7895508,1.0921048,0.422374
119426.375,0.7532151,2.4825094,-0.13790587
129150.7,-1.6908376,3.1195276,0.00598045
123630.375,-3.5308735,1.5170363,-0.3599132
124956.18,-2.6218147,2.2030177,0.04177673
116703.14,-1.2689186,2.7337537,-0.19039817
121558.19,-2.040711,1.49707,0.15735267
124317.35,-1.5488746,2.9583824,-0.044746544
132547.72,0.09632004,1.3549883,0.66776764
119441.625,-1.903737,2.364339,0.8497719
123278.72,-2.4482558,1.4965829,1.4047949
119981.266,-3.2178838,2.7075782,-0.026589744
117936.48,-1.313612,0.39927736,-0.08632988
124532.664,-2.5085456,1.820221,-0.27389383
116333.79,-0.51835406,1.5725391,0.05809312
119050.95,-3.5442939,0.37385473,0.03971044
128446.14,-2.1575575,2.4083862,-0.100301646
133233.0,-2.291978,2.6454241,0.16289715
116038.914,0.41826624,1.727935,0.0748261
118066.34,-2.67898,2.3606133,0.44199577
131064.04,0.020533072,0.78639466,0.056606125
121176.12,-1.7191612,2.9358466,-0.25056353
117562.27,-3.1884441,1.7415886,0.08955477
117571.79,-2.5521114,1.9570987,0.28668165
130217.75,0.57268083,2.5771575,-0.1416287
120751.04,0.69884115,1.471397,0.21307287
122542.99,-2.2397327,3.1006114,-0.08656261
132931.84,-3.3849735,1.1269915,-0.13024442
121796.09,0.10443181,2.930838,-0.05495464
121827.91,-1.2378168,0.7477504,-0.055456463
118135.88,-2.7027943,1.3152908,0.013955973
128815.58,-2.1740513,1.378944,-0.6229007
118231.68,2.9388418,2.2259989,-0.11560753
130645.77,0.9403695,2.6371691,-0.2199458
122409.13,-0.96757954,1.3107109,-0.13949119
124532.87,-2.3480923,1.4790735,-0.021701444
130792.25,-2.4353025,2.094506,0.30761635
127208.664,-2.6255121,2.3581161,-0.033333953
126206.55,-1.8871236,2.2395482,-0.4624799
130298.65,-3.2070014,0.90594053,0.30594105
120476.22,1.0566523,2.3178713,0.41775748
120039.01,-1.9175514,3.1713946,0.020166177
116004.05,-2.2493222,2.8794339,0.043599863
117786.09,-2.211737,2.6265461,0.023838064
124387.23,-3.0908828,1.3367045,0.015513888
132887.08,-1.0591289,2.5520942,-0.03344004
127652.34,-2.016939,1.7084575,1.2104071
128860.84,0.90241885,2.4026263,0.09559572
115446.64,-3.4993246,1.2549562,-0.05912686
120594.63,-3.6986585,1.5277008,-0.10538573
131123.81,0.17459258,1.4115503,0.5526697
126025.02,-2.3624814,2.8906245,-0.3012837
121943.08,-0.4214065,2.2002697,-0.11557833
121180.125,-1.0969225,2.9040315,-0.03718553
128848.49,1.221979,2.8529513,-0.033038046
123503.2,-3.5079217,2.0018287,-0.42881724
127363.27,-2.218943,0.95152956,-0.011783891
128826.984,1.1313102,2.5459726,-0.11070046
128228.414,-2.7381716,0.31033102,-0.025756553
123781.09,-2.8708384,0.16054058,-0.039697923
118809.2,2.503534,0.31889787,-0.0014375251
133913.31,-1.5968853,2.3198717,-0.12361643
119394.52,-2.1603155,3.1261475,0.122238204
118353.04,0.27493563,2.9881947,-0.009108796
132441.31,-2.7697108,2.4470224,-0.0996839
117759.414,0.22112203,2.5247152,0.051725574
117495.055,-2.6636298,2.5654304,-0.10100849
117781.22,-3.092767,2.9690113,-0.10508386
130678.82,-0.4867935,1.6517079,0.29879454
131270.66,2.3874187,1.4939935,-0.5141545
120394.1,-0.6247886,3.039203,0.0022728036
115756.69,2.2381606,1.8257897,0.46735328
129537.33,-1.8550471,1.2035213,0.19599839
120516.016,-3.486676,2.420879,0.3058117
134845.56,-2.0475867,1.5650482,-0.62743443
122489.85,-0.12359553,1.7457467,0.5788163
117956.52,-2.0536919,2.8760896,-0.06730949
126604.195,0.6322505,2.986012,0.20417595
125766.18,-2.8867362,0.73042583,0.075118735
133310.47,-2.5570889,1.1032238,0.2468857
116548.86,-2.338849,2.935671,-0.021785777
134717.92,-1.2216959,1.5173068,0.540263
119889.21,0.17634526,2.0987978,-0.31504923
122508.91,0.2519287,1.7254207,-0.22048667
128058.21,-1.446742,3.070443,-0.08567638
127893.08,-1.1787982,1.5484636,-0.24656148
115749.516,-1.2483907,1.4401747,0.070201226
116765.95,-3.3717136,3.0806336,-0.13496406
126520.08,-0.7203034,2.0051043,0.1291314
118517.92,2.9734821,0.19985804,0.12208563
126299.74,-3.2255013,0.14705662,-0.12950808
118847.125,-3.1707375,2.7747107,-0.08483276
124486.836,-3.2990284,0.9428322,0.011229324
117474.305,0.9522948,2.493031,0.13013983
119361.04,-1.8017242,1.1594775,-0.81976867
117042.0,-2.9906614,1.0904108,-0.17658018
125578.125,-2.7366047,2.8352349,0.26117393
124084.17,-2.3199613,1.9842165,0.6250311
125524.04,-2.0476046,1.6696376,-0.3121435
126562.664,-3.2570386,1.5003512,-0.043978613
121525.3,-2.090717,2.7779298,0.2336595
123816.56,-2.0074055,2.7300777,0.24953666
127073.93,-4.22984,2.9638033,-0.13524626
116007.836,0.7924793,0.70030063,0.099663936
134858.31,2.3717675,1.0758173,-0.31852296
122197.055,-0.29149324,2.949797,-0.014255756
121452.72,-4.1240544,1.9561847,-0.17022365
123771.1,-1.0216731,2.0272715,-0.15292597
128886.125,-0.23599687,1.1065046,0.2906426
128268.734,-3.0847337,0.8904909,-0.41147727
123770.27,-3.295528,2.3845491,0.43654364
130637.64,-0.738592,1.371934,0.40128914
119147.36,-3.10306,2.5174267,-0.19528587
117581.9,-2.2863886,3.1354284,-0.026746787
122622.57,-2.9601068,2.3122518,0.33702126
118516.336,-2.6536348,0.5611334,-0.12499704
118431.516,-1.9103901,2.1730547,-0.5067431
117283.37,-2.6440337,2.5478609,-0.8407698
115096.375,-2.0921216,2.7713585,0.15998098
116962.94,-1.612739,2.0806596,-0.13605413
128436.4,1.532858,0.7031402,-0.13521318
127251.8,-2.5137537,2.6349719,0.011625061
120300.43,-3.6190462,2.6276507,0.015761223
120437.05,3.2593925,0.2569214,0.00029590845
122798.74,2.277218,0.4017787,0.19410671
121406.945,0.090752736,1.9729334,-0.076254986
132652.52,-2.4813879,1.5897014,0.10318087
122417.54,-1.6629812,1.3683026,0.1995785
118480.14,0.98526406,0.2471402,0.10843331
121390.8,-0.5495217,1.5684046,0.5750491
128854.85,-2.0465937,2.7609437,-2.8698704
118024.42,0.4300015,0.66842407,0.055392098
117119.45,-3.1122224,2.8033292,0.21314737
127624.664,-3.6580944,0.8510748,0.06438676
123571.81,0.17614241,3.0793257,-0.0027284368
119886.195,-2.4667025,2.1683462,-0.073629655
124191.63,-2.7794237,0.4789481,-0.27443826
122128.484,-3.9204752,1.5874364,-0.03543899
128706.61,-0.22260743,2.9194717,0.08838961
121654.98,1.0270727,2.879975,0.22169146
130924.26,1.6841048,1.0951065,0.36739406
134716.17,-2.3887322,2.7770073,-0.4262432
127816.445,-1.1386788,0.44881976,0.00016121498
117117.49,-2.4586086,3.0440328,0.49147475
120509.484,0.19227605,3.1115308,0.007658159
118685.44,-3.6099997,0.48516434,0.06917613
119337.72,-3.8314328,2.6398268,-0.15419155
132289.3,-1.4473703,0.18098764,-0.0110454615
119355.08,-0.08869871,2.500553,-0.07598202
124287.61,-3.4392684,2.6499193,-0.14919895
126657.695,-3.3635957,0.90463966,0.005987602
130559.7,1.3063424,2.7114499,-0.055680256
117094.305,-2.7631068,2.7968524,0.09293105
134538.16,0.48845595,2.5314503,0.07683339
133325.58,-3.053684,2.01259,-0.10279795
129500.04,0.30010265,1.3829232,-0.20619129
129450.5,2.3219626,1.5188783,-0.040787987
115013.28,-1.3882432,3.0239644,-0.1245283
128751.76,-1.3881167,0.8074031,-0.09067762
124846.03,0.90713304,0.69550616,0.032494802
118346.484,-1.1240488,1.6784427,-0.049238216
115831.94,-1.5645709,0.5742101,-0.08045849
129344.45,-1.1476599,2.251664,0.03149831
131453.08,-2.1040628,1.9717749,-0.036441144
131849.38,-3.223001,2.315986,0.31210893
123092.07,-1.3475504,3.1131406,0.113244735
116700.625,-2.5112674,2.3371778,0.013002391
134163.72,0.4227869,0.4660631,0.08752603
130637.81,-3.295069,2.8923488,-0.64264315
129471.75,-3.6704767,2.665195,-0.23574845
118817.266,0.19506194,1.5981697,-0.8075988
123447.79,-3.1925638,1.4214202,0.03584128
130598.28,-2.517557,1.6249546,0.061791826
119656.87,-0.18421939,1.7801238,0.15334047
127525.375,-1.9969044,2.8011045,-0.41426978
117417.86,-1.8675776,3.0117455,0.2268712
133138.88,-2.6887405,2.0320451,0.83270997
115060.32,0.11043341,3.0483134,-0.03172866
126952.664,-2.4514098,1.9043614,0.13076681
122365.48,-0.83670396,3.0504718,0.28115326
125239.13,-2.0908191,3.0208628,0.07088304
125635.42,-2.8135831,3.0701478,-0.10502128
118861.61,0.46360025,0.5100636,-0.049931947
118968.016,-3.6102202,2.616257,0.16926232
131874.86,-1.2581381,1.8457187,-0.16297852
129082.18,0.7531304,2.5693705,0.036928363
120231.74,-1.7127507,3.0660622,0.06497679
121054.74,-2.6841443,2.9903638,0.18447077
116028.43,-2.7341185,1.4976795,0.21066031
128119.21,-2.4694488,2.9836075,0.29804596
133679.95,-2.5930867,0.27535513,0.11206348
120407.336,-4.2659097,0.59721196,-0.19578353
126207.555,-2.8219144,3.0647037,0.008521151
119291.09,-2.866867,2.4783113,0.26181462
130723.445,-1.3353457,2.3395326,-0.074106745
117439.836,-3.4973023,2.6605413,-0.61744595
116899.34,-2.8796945,1.7905394,-0.19822052
121391.77,-3.0018525,3.0583384,0.104918174
115534.51,0.61080164,1.1139638,-0.16345978
118448.64,0.1231571,2.7442677,-0.03187527
119286.87,-2.3086147,1.7858864,0.23422213
122611.19,0.33205172,1.0692117,-0.7924849
128711.56,-2.996641,1.7216858,0.20790207
116706.15,-2.1453369,2.807571,-0.058166426
119030.77,-1.2726719,2.7141533,0.29656434
129015.83,-3.235604,2.1245663,-0.7910792
125214.36,-2.2338324,3.031339,-0.18683565
119641.25,-1.8678858,0.40237522,0.020540457
123065.42,-3.2712896,2.0424767,-0.46824577
131628.28,-2.1479409,2.4999492,0.34640273
116192.7,-1.748573,2.7888482,-0.03703743
134721.38,-1.0107716,2.9986575,-0.011022218
131234.44,-0.11141186,2.2172554,0.15185408
134303.14,-1.0952642,1.3520846,1.1402122
115251.03,-2.4672573,1.751748,0.23045607
134552.48,-0.8148019,2.6868107,0.20148088
128676.48,-2.087206,1.578048,0.121960476
134446.42,-1.6104174,1.2008531,0.25736317
131369.05,-3.5938544,3.008284,0.02350431
125230.984,0.15828812,2.4028215,-0.38958094
131551.22,-3.862229,2.5378377,0.0672785
116788.5,-0.6332813,1.0758841,0.0007744875
115732.586,-2.7316854,2.2329795,-0.08147078
116588.8,-0.69434494,2.778816,0.09883253
122900.67,0.5560633,0.2663259,-0.052769747
121656.68,-2.6886017,2.2741756,0.5219262
126942.5,-2.6400912,1.7440403,0.5942697
124633.516,0.9416445,1.9079921,0.99445236
125519.58,-3.312111,1.4568802,0.20998564
126255.12,0.17371504,2.327422,-0.5508135
120812.9,-2.2620654,2.5480487,0.46627277
130001.805,-3.048663,0.034585435,0.17511374
123648.57,-3.4608326,2.6685345,0.084796995
129231.04,-1.5940843,2.4953098,-0.2338985
124695.15,0.13844833,1.9641174,0.3830346
121214.97,-1.2960526,0.5931654,-0.022260183
134933.22,-0.97632223,1.6405987,-0.7981736
131263.08,-2.8314805,2.3221152,-0.060526244
118708.414,-2.3018458,1.6994717,-0.0017408835
123347.555,1.1417347,2.5275848,-0.16090119
131129.48,-3.8218694,0.54781234,-0.024136953
122632.66,-2.546387,1.2420509,-0.10244214
132996.2,-1.2257739,0.84266216,-0.037207287
118766.63,-3.2828069,2.8738265,0.34595394
117185.15,-3.1099474,2.5429602,-0.1534129
128472.62,-2.3015587,2.2802243,-1.1580164
124104.92,-2.2200036,0.25875226,-0.08596394
129685.9,-3.901697,0.59944385,0.097444475
116535.4,-0.033600826,2.5481577,-0.16305152
118415.85,0.9081001,2.854016,0.024344059
132540.31,0.8888403,1.6661638,-0.09976883
116340.664,-2.6610134,2.7286668,-0.5395371
125165.164,-2.493663,2.8466568,-0.016744306
129643.9,-2.1404119,0.60424405,0.07317104
124715.305,2.2198086,3.1276822,0.02219969
125879.95,0.303338,1.7714796,-0.12265123
121913.09,-3.4650762,1.2632445,0.14122164
118850.11,-0.3171221,3.0206132,0.061939035
124495.53,0.15848409,2.867197,0.0119731175
130991.195,-2.6732254,2.3344462,-0.0065013445
134898.42,-2.5618842,2.4796698,0.4870251
132979.56,-1.9433424,2.8168232,0.09930158
134790.36,-2.8080611,2.2094188,0.07863149
131794.94,-3.6685526,2.7549837,0.025289297
134825.47,0.47837314,2.7850707,0.07550553
133269.14,-2.8531146,0.35427654,0.06794243
134262.08,1.2389147,0.6741186,-0.40697187
130029.62,-2.3234773,2.2440338,-0.17015839
123716.12,0.4180341,1.9067636,-0.0072934134
120319.19,-1.5760902,2.1342998,-0.09450416
127048.73,-1.354919,2.5050716,-0.067124136
120050.086,0.32479993,2.4465747,-0.11115937
118948.234,-0.41485524,1.5697161,-0.30325076
130398.45,-1.7186893,2.6871293,0.16765375
115218.695,-2.8688307,2.5842743,0.058283836
133140.23,-1.2594126,0.83991027,-0.32934493
121219.82,-2.2055538,3.114949,0.07409721
129231.55,2.8712227,1.625325,0.5661486
118665.3,-0.9456492,0.6518585,0.10151806
118607.52,-0.19988568,2.9583607,0.07595491
115113.15,-3.7241256,2.9247727,0.061826393
130420.73,-2.1271834,1.9943702,-0.12014807
127003.5,-2.6238103,0.13683358,0.1454764
125040.72,-1.8565631,2.987878,-0.40132666
116321.375,-1.8176241,2.4795225,-0.37611514
121570.75,-3.316614,2.5021095,0.51449007
118845.836,-3.155788,0.8143057,-0.1254923
123031.28,-1.203761,2.8310318,-0.09584276
131791.72,-1.671284,2.3848798,1.027932
117990.25,1.7013919,2.9247863,-0.035960477
116610.29,-0.7781204,2.4751947,0.15602422
131472.69,-1.779579,2.4566805,0.7975657
116330.06,-4.371571,1.9904171,-0.212504
116269.16,-3.0785332,2.6723042,0.6125088
124191.836,-0.43989658,1.9619645,-0.94964176
134660.53,-2.550253,2.404572,-0.4987753
121971.51,-0.09483979,1.8960079,-1.0321913
120371.56,-1.3131657,2.5627038,-0.21175633
115851.836,-2.13971,1.5022779,0.38185453
127385.664,3.3273883,1.0049534,-0.32576215
131415.78,1.1997063,1.3624895,-0.41934103
132882.77,-1.9383585,2.4143353,-1.2086484
119981.71,0.36779025,0.611228,0.029391488
115488.6,-3.8200126,1.3772169,0.0079531735
122865.23,-3.6821275,2.7816038,0.45583045
128443.914,3.426916,2.6232717,-0.3088557
124914.516,-0.7839284,0.6861066,-0.07725416
117319.57,-3.1330714,3.0160053,-0.023346672
134726.81,-2.446917,0.76638734,0.17030112
126165.17,-2.8952692,2.7639487,-0.22921284
119211.24,0.5953571,2.8571565,-0.06473243
116132.71,-0.27920556,1.2873933,0.095921725
129692.18,-1.1609325,0.15536639,-0.042865306
123856.36,-1.9186163,2.3023217,-0.20965844
116611.95,-0.75681514,2.2399216,0.016549716
128330.25,1.6124121,2.6172447,0.120886505
124573.36,-0.039655115,2.7297094,0.07675949
125730.88,-2.4302707,0.29612696,0.1910177
131448.88,-0.88923293,0.56680447,-0.049335063
120679.836,-3.7848134,0.9926448,-0.025418924
126893.484,2.0228808,1.7275783,0.36396652
133777.95,-3.0778384,1.454481,-0.2795876
120927.22,-0.19382104,2.8116465,-0.0058967136
117266.24,-3.4675598,1.4848348,0.27737767
128403.19,-0.70239127,2.5546036,-0.111815855
125446.13,-0.7005704,1.6335225,0.34521252
120205.75,-0.73346347,2.5799623,0.33436733
129351.836,-3.2112815,1.9147567,-0.073593
121205.77,-1.7612481,2.169067,0.88048023
124957.24,-1.5134866,2.0957055,-0.5024159
121370.484,-2.8504615,3.0756347,-0.041091643
132442.03,-2.1865137,2.180929,-0.124993764
118563.33,-0.49170643,2.6668224,-0.024501996
120130.08,-2.3581293,2.5033321,-0.051147465
128266.414,-2.0930955,3.0177252,0.015597326
123719.555,-3.1111417,0.5904509,-0.055418916
119623.76,-3.155997,2.8374372,-0.066287965
119863.41,2.9786303,3.0909426,0.48186383
129736.99,-1.2625045,3.0497026,0.046057124
120343.15,-0.53754914,1.0507785,0.060099218
118945.5,-0.27070495,0.47282442,0.118877426
132886.45,1.8087533,0.59453267,-0.33723313
134995.4,-0.17647338,2.5633128,-0.048787944
134566.2,-3.0887175,2.8411458,-0.032849416
132623.94,-3.3217232,2.5945566,-0.18079291
117152.67,-0.8796898,3.0798147,0.2348497
130429.65,0.7794911,2.5144303,0.1190449
124951.37,-0.08276599,3.1885686,-0.26350543
120911.61,-2.6182373,2.97203,-1.431497
123452.05,-2.365612,2.9005494,-0.04035053
131018.984,-2.6401498,0.3637986,-0.10122781
117201.23,1.6125169,2.6624053,0.29237336
130441.19,2.118301,2.2605174,-0.18422998
115860.445,0.18378785,1.6429219,0.13394998
120672.695,-2.7669132,2.66509,-0.15103161
121442.305,-1.1285024,2.4317183,0.24548155
122228.79,-0.25750047,2.243273,0.14186412
115981.56,-1.0429091,2.7869468,-0.14418729
131274.0,-0.5118562,2.110054,0.12803957
129909.67,-3.3167982,1.719073,-0.35807517
134527.42,-1.1509489,2.8997376,0.0283348
124079.61,-3.3802767,1.5302944,0.13221028
115629.984,1.7553105,0.2792976,-0.077918984
120164.04,-0.87342685,2.1215262,-0.098018415
131387.61,0.87475693,2.0037851,-0.09330742
116075.73,-2.7600968,2.9167762,-0.08842031
117488.08,0.29858726,2.0180483,-0.05553275
118435.414,-1.2211004,0.5554445,-0.06639107
130961.46,-3.51351,1.7370986,-0.50614053
116999.734,-2.6096325,3.057426,-0.448973
121781.62,-1.260357,2.8873973,-0.19338378
127396.055,1.1846138,2.5266724,-0.53850156
122014.6,-2.1121135,1.108941,-0.060622495
123400.58,-1.6376343,3.044222,0.0025702019
121725.055,-1.8446873,2.1881535,-0.12016357
118782.45,-3.1861422,2.8637936,-0.23087506
129634.14,0.7953737,3.0280268,-0.10471167
115168.69,-1.5350034,1.2621195,-0.14709571
123645.59,-1.7083977,1.8985668,-0.041187298
115384.77,1.4829428,2.0287619,0.177186
122642.13,0.7717365,0.11896213,-0.044083506
129184.47,-3.0005357,1.6172535,-0.58014506
131593.25,-2.291013,1.9280636,0.5013807
134220.8,-2.9121282,1.5003473,0.0701154
134145.7,-2.374797,0.95836955,1.4303604
130947.47,-1.3667037,3.0535104,-0.039854072
126704.34,-0.23807983,2.545598,0.6432308
120649.53,-2.0477092,2.49105,-0.063812226
120285.91,-3.1209435,0.54668045,-0.027340392
124231.484,-2.5439892,2.424985,0.3487682
128740.63,1.4600812,1.7023994,-0.25878015
121665.71,-1.8677994,2.5122986,-0.45981762
118503.74,-2.2058399,2.859989,0.8763596
120999.39,-3.4342287,2.9930646,-0.13876379
125061.33,-2.138827,2.2024767,0.058619972
117550.9,1.2230301,0.6279472,0.07122633
132314.64,-1.3925562,2.7702277,0.7228901
124179.65,-3.4123218,0.52007544,-0.018133258
115273.33,-2.328231,2.8778307,-0.0067763934
124333.125,1.4979148,1.3622586,-0.16360639
120462.45,-2.2667449,0.3949641,-0.23619097
122145.16,-2.9887865,2.964286,-0.0012631983
134042.58,-2.3293176,1.8671098,0.57805467
127500.09,-3.3011696,0.4581519,0.22249426
125515.83,-1.1018302,1.1904219,0.10854119
116837.195,-0.598225,2.1913753,0.1819396
129533.57,-0.086922266,3.0561478,0.12614968
128804.64,-2.3803594,0.7396257,-0.015507332
123743.71,-1.2312493,1.8747072,-0.3730294
127033.82,-2.4925945,3.0044222,0.048314136
124288.59,-1.2800356,2.7931552,-0.7355381
126767.31,-1.6935835,1.2499362,0.15547055
116248.734,-3.5686553,2.6822574,0.10652794
131854.86,-3.6010756,2.6151977,-0.14572762
118864.81,-1.4480646,1.7671161,0.46562493
127611.63,-3.758318,2.2778056,-0.11517961
121575.17,0.07119468,3.113665,-0.007872119
115780.914,-3.111532,3.198004,-0.848515
119176.82,-2.0434391,1.978525,-0.8126299
123322.63,-3.4361298,1.1270599,0.025283337
122977.24,-3.5434256,2.8356519,0.09028784
133900.23,-2.0802135,2.8647873,-0.0007411121
118749.12,-2.116716,2.4786844,0.26903623
123098.0,-2.3739102,2.3992076,-0.14376444
121446.63,-3.5382247,1.8253092,-0.5972354
116236.78,0.64195716,2.0857549,0.19179904
121622.81,-0.27585414,0.52917904,0.073750935
133053.2,-2.849419,2.5013592,0.018710772
134274.34,-1.9026152,2.545597,-0.02171217
123176.35,-1.8689637,2.9307787,-0.013474712
119076.43,-2.5969799,2.291854,0.10142329
132842.42,-1.8197721,2.733854,-0.0015239435
119489.49,-1.3325588,3.0380387,-0.030348944
122188.625,-0.9554427,1.3406109,0.8980697
119152.92,-2.8440342,2.3104305,-0.035147846
125508.29,-1.1682574,1.6906515,-0.15943775
133815.23,-2.4135153,2.5316768,-0.3996582
125986.125,-0.43064174,2.7266014,-0.4374999
126428.99,-3.3740032,2.0740774,0.057070997
130886.414,-2.4338896,2.5699983,-0.07184586
128413.44,-3.2203422,1.1897228,0.28998166
124027.11,-2.9490469,2.9877808,0.059369728
129927.9,-1.7575967,1.5372653,-0.5347638
124144.195,-0.51099896,2.9758022,0.013124568
130192.76,-0.120506905,1.7317044,-0.33247983
123722.67,0.5964427,0.41322222,0.0053504896
131151.11,-3.755105,2.8672092,0.12399757
117730.336,-0.90141696,2.5141902,0.049323738
123981.234,-2.0792894,1.8226403,0.053611282
125201.914,-3.0883105,2.142083,-0.01941821
118881.51,-1.4499602,0.34492877,-0.050006744
120832.97,0.075387806,0.5387824,0.09499079
120920.805,-3.1625993,0.54617023,0.77373266
119127.47,0.1310512,0.513987,-1.5290171
120692.4,-3.2455719,0.28613308,-0.009139787
126414.96,-1.2161186,0.5346687,0.28280178
128255.94,-3.1129417,1.4653249,-0.29397836
116615.375,-0.85624826,2.893016,0.0061121634
134190.72,-2.1283367,2.089015,-0.25676152
118440.88,-0.27939048,0.807748,0.24118209
116873.68,0.82337517,0.9783161,-0.2044501
130207.5,-2.568649,2.2276685,-0.4363902
119985.91,-1.2928131,2.5341182,-0.4507845
115376.02,-1.9070394,2.7705305,0.046578616
120434.57,-1.4317508,2.3567426,0.13420865
118029.23,-1.9432464,0.2117487,0.0344115
120432.69,-3.0427794,2.2710223,-0.1650603
124766.34,-2.556681,2.9531016,0.15444663
117789.375,-0.30551395,1.2175039,0.08445073
132992.45,0.19807479,1.5678438,0.4807875
124053.414,-3.2226436,2.475281,-0.01690731
129990.98,-0.26785776,0.5512375,0.19762364
119158.88,-2.9451861,2.45317,0.12616041
125953.46,2.3152652,3.048442,0.025536036
130444.375,-3.3316903,3.1066492,-0.18832414
118181.57,-2.487582,2.4584892,0.12128999
118755.945,-3.910581,3.089016,-0.05444805
129848.07,-2.8773882,2.3432894,-0.17888486
115751.05,2.310952,2.0385473,-0.09856374
127927.234,0.19238316,1.5693334,3.0327086
116243.03,-1.2690443,0.23541443,0.0037282081
116660.36,-2.282469,1.9395518,-3.4450438
124961.734,-0.43545583,3.1882,0.29814908
116135.64,-1.9750966,0.16271693,-1.6202177
119316.664,-3.3608038,2.8366275,0.28377622
117072.38,-2.9190416,2.8001993,0.08834611
116319.85,-0.0036568905,2.8689196,-0.11806182
117699.42,0.6853102,2.0571592,0.14000046
116517.414,-3.0398088,2.338855,-0.0393153
127565.016,-1.4399711,3.0882638,-0.023499543
134509.84,-2.6800327,0.18465261,0.12470381
120227.96,-1.3718437,1.7935331,0.3841324
119126.93,1.887363,1.7740577,0.21842246
121051.56,-3.6240928,0.42886645,0.012612614
132427.58,-0.44517595,2.9734428,0.0896853
125356.55,-3.581771,1.5664139,0.21462244
133538.83,1.4217724,0.9593852,-0.069466375
122321.87,2.6554353,0.9513679,0.6011647
132540.19,1.5957292,3.0938568,0.15707912
126774.195,-0.5751364,2.544821,-0.013672282
129183.17,-0.81820047,1.6987886,0.64690685
131304.66,-1.1078511,1.6430298,-0.06404377
121097.4,-1.6118407,2.7286973,0.10488241
124942.94,-1.6775484,2.9627795,0.08898322
121783.0,-2.5686357,3.07545,-0.031347226
116005.32,0.85532284,2.237111,0.3700593
121562.77,-2.6988127,1.9537965,-0.3154858
125501.74,-2.8372772,2.1636126,-0.2174522
119214.39,-2.720877,2.2883925,0.13765703
124106.68,0.16925706,1.3237476,0.42626703
126993.17,-2.357678,1.2309418,0.53933203
129092.984,-0.35459474,2.8173184,0.0027507865
120422.2,-0.7336505,2.92615,-0.11167311
132641.95,-2.78819,2.254029,0.23946802
122242.414,0.87333316,1.8399949,0.9627321
126020.734,-2.2168608,0.58713084,-0.020201042
122097.66,-3.5061245,2.5072746,-0.17811336
117589.625,2.5325887,2.156188,-0.025236255
122680.65,-1.9334209,2.9895058,0.10087141
123130.24,-0.19890413,1.8182441,-0.5033713
125492.04,-1.919477,3.0728428,-0.06998131
118782.58,-2.5355465,2.108069,0.10847921
133915.03,0.056094248,3.048128,0.002452196
123515.88,-3.3275433,2.9026544,-0.06996074
131812.05,-3.3521283,2.5310612,-0.04695677
120644.47,-3.5688558,2.8355837,-0.024754398
120800.7,-3.4119463,0.8497204,-0.0763274
125619.67,2.8068185,1.8105433,0.025838798
130521.28,-1.9708722,0.23066129,0.08707248
125262.12,-3.2432046,3.037187,0.02579827
129334.56,-2.9646168,0.9339333,0.09045055
121575.234,-3.238672,2.6852055,-0.30182752
118410.68,-2.0195637,3.0822716,-0.052884772
130571.62,-0.8916011,3.0244412,-0.025207646
118336.766,-2.8113475,1.8807313,-0.10846759
126175.43,-0.58748853,1.186496,0.053114228
124446.484,0.21729086,0.8932431,-0.48906368
120567.21,-2.8386095,1.4459894,-0.08291039
131728.22,-0.6607913,1.4514577,-0.35739484
120062.055,-2.397065,2.847063,-0.07799199
133805.97,-3.5748343,0.15227841,-0.10779531
119726.22,-3.6294954,1.2542398,-0.10735368
132303.48,-2.1489718,2.8920074,-0.1846585
123113.984,-3.6032784,2.1223526,-0.22167239
120880.6,-0.60979974,3.0539382,0.031987615
131010.92,-3.1606665,0.82443446,-0.0493446
117107.16,-1.7146817,2.1495686,0.008324474
128918.24,-2.0804088,3.131571,-0.060949694
118309.32,-1.0825839,1.0935457,-0.09991753
124795.84,3.9048376,1.3766203,-0.14478178
126235.95,-3.693662,2.9922907,-0.017459195
123316.85,-0.9015024,2.1409879,0.097218595
124347.64,-2.224943,1.5473891,-0.20987748
125588.4,-3.0832446,3.1447449,0.102180205
117112.1,3.1747894,1.5142602,-0.47879866
124916.34,-3.2021163,3.0648036,-0.50112766
118484.695,-1.6386127,2.3508954,-0.12561269
127189.625,-3.3074214,1.0494692,0.079217345
116301.63,-2.697033,2.5041332,-0.022530762
131986.33,-0.67090476,2.8291452,0.026277447
126342.766,-1.6360924,2.8181462,-0.052056942
126423.19,-2.0909505,2.4013035,-0.5088663
127460.23,-2.68768,1.8978198,0.15094043
123505.41,-3.1631043,3.0998724,0.043072414
117133.555,0.45758003,2.8893278,-0.2854727
128769.695,-2.3961973,2.1873577,0.3473432
123246.98,-2.0404215,2.2326195,-0.7063708
117172.51,-3.0424128,0.23090602,-0.012268431
125881.59,-2.845751,2.1441436,-0.09514932
116475.2,-3.3952565,2.5853968,0.2691864
123189.4,-2.2621477,2.4646316,0.9150154
116554.61,-2.3847704,1.4757056,-0.20161527
127615.89,0.5303404,2.730127,-0.0436094
132577.78,-3.0115116,0.41253036,-0.15561329
120086.27,-0.82642144,2.4763124,-0.14521596
120036.09,-2.6483147,0.14283116,-0.19689862
129979.94,-3.1717453,2.5445619,-0.23198657
132614.08,0.23740445,2.8966613,-0.037804168
129126.89,-2.526915,2.8710895,-0.002399153
125155.97,-1.872311,3.065476,-0.020451358
124629.44,-0.8670433,1.8417307,-0.5054793
124509.625,0.31980607,3.001416,-0.20359425
115991.17,0.33972645,2.9451234,0.15059654
122136.06,-2.3015234,3.0935118,0.06451251
122128.52,-0.5850112,2.9370048,0.10624187
123840.695,-2.8417747,2.4067664,0.23675686
127172.34,-2.271392,1.9277494,-0.8513674
124762.6,-2.8220108,1.6495093,-0.5450267
127952.15,-3.3881204,2.323061,-0.0843357
127231.5,-0.8760471,2.4813204,0.23430079
116095.48,-2.9792945,1.7780128,-0.012389118
116206.11,-1.2654521,3.0607648,-0.12778477
119038.06,-1.888515,1.2517627,-0.07689031
134051.31,-1.8547771,2.6374445,0.0302813
121575.055,-2.4993792,2.944042,-0.074467614
120504.586,-3.9824402,0.09259294,0.22091489
122957.34,-3.1317205,2.586808,-0.27227482
125098.445,-1.7705005,0.5742053,0.3843398
117101.96,-2.4488692,1.2803477,-0.19397888
131943.94,-1.6142378,2.7264836,-0.36864263
133975.22,0.66659385,1.5320541,-0.71356106
118816.766,-2.0120735,2.8896403,0.1279138
117271.055,-2.5253658,2.9845426,0.6434257
132220.55,0.6603353,0.5344602,-0.058945384
124108.48,-1.3008704,3.0700634,-0.13591048
117419.68,-2.2997458,1.8405561,-0.011136349
123775.47,-2.9430833,1.5807191,-0.0495225
116313.17,-2.06767,3.0431716,-0.1194597
129060.07,-2.6469119,2.5826502,-0.050739214
117696.625,-2.842442,0.3374082,-0.05457291
117913.38,-1.7756976,0.8232986,0.009794183
128006.13,-3.3514729,1.1076269,0.22653805
126337.375,-0.92478585,1.9421926,-0.41516882
118470.36,-0.18392561,2.761398,0.017272055
115954.39,-0.37209222,3.010483,-0.005406811
128686.516,-2.0723155,2.5740333,-0.1280935
124890.6,-2.5596473,1.7285194,-0.046442132
123646.0,-2.0898182,2.6557844,-0.26904544
119148.02,-2.637498,1.4925617,-0.090013385
125211.82,1.478086,2.8565946,-0.053037345
133366.73,1.0251613,0.38162652,-0.10921764
124911.37,0.47669244,2.3051772,0.19131927
124224.95,-3.447825,2.8974137,-0.044278096
126442.71,-1.8792343,2.1673205,-0.12493088
115830.0,-3.9223218,2.2787097,-0.17417535
115725.09,-3.249578,2.9574203,0.053930733
121403.06,-1.1421256,1.1528951,0.7589891
117136.65,2.8970442,0.45416963,-0.028602697
131147.69,-1.8159416,3.0869853,0.08735975
126485.914,0.69303447,1.6495198,-0.31414095
130512.586,-1.2772666,2.0017397,-0.06986122
119831.92,-2.27145,1.298205,0.049556173
130135.81,-3.752266,0.36032853,0.038067892
122446.7,-1.0432225,0.8190399,-0.28003967
122174.59,-1.252352,2.9779663,0.01879719
120357.32,-1.5666783,2.9739633,-0.012334585
126517.65,-2.6420043,1.3561724,-0.2906882
134522.19,-2.63742,0.767013,0.27579832
133221.66,-2.9990814,2.8274477,-0.021371266
122263.51,-1.3230897,2.7592204,0.19599958
122007.96,-1.5808368,2.3033278,-1.7944709
119220.01,-2.040443,2.725634,-0.015591962
117580.43,-2.5275614,2.5846863,0.5147332
126152.11,-3.1096463,2.1625657,-0.029006777
126014.74,-2.4468427,1.6746883,-0.40374342
129176.38,-0.08425279,2.9571624,0.18698226
129583.58,-1.16639,2.227993,0.20141116
118472.42,-1.9917262,2.2495704,0.25921908
132533.16,-2.332221,0.71755457,-0.09806013
125392.98,-2.5910866,2.163171,0.16489016
131072.86,-0.36660895,3.1034856,-0.048920553
133610.61,0.015299152,0.6479907,0.079724535
125009.6,2.6547732,0.6704645,-0.052205645
128646.21,-1.7363424,0.34797698,0.006944164
123787.7,-2.0010636,2.4125602,0.6765132
116987.484,-2.4088886,0.9666054,0.86482185
119490.56,-4.437652,2.9882123,0.17747445
125902.44,-0.04114088,0.395721,-0.13474593
117572.21,-1.8691732,2.166994,0.04129458
123549.875,-0.6574361,3.0598757,0.14686923
119052.055,-3.2158804,1.0756661,0.016260065
117198.4,-0.13612738,0.7595443,0.062102336
124765.5,-1.0323703,0.38714412,-0.13407156
120920.53,-3.5501814,2.6021605,0.026104014
117393.22,-2.7895415,0.9036318,0.54818547
128622.93,-3.868421,1.1995126,0.19194089
128992.77,-1.2401838,1.3086921,-0.12222361
124131.88,-2.2179382,1.7627257,-0.29910982
126507.28,-3.2575247,0.8732513,0.21871568
126364.82,-2.0792227,2.8844397,-0.14373076
128488.93,-1.8147658,1.0438435,-0.07617363
128679.664,-2.1574237,1.8144462,-0.023645261
122614.76,-2.448316,2.759974,0.29166532
130677.02,-1.4059087,0.4010744,-0.39146632
128853.445,1.9937117,2.9678752,0.04445153
130898.25,-3.3945649,1.758893,-0.19772914
119727.586,-1.5151019,1.6283668,-0.06267121
117834.62,-2.8707316,2.4528046,0.004275922
131174.16,-2.4845784,1.6893597,0.09767691
126435.42,-3.1651058,2.2535458,-0.048099577
124262.15,-1.3922607,0.7794677,0.050428107
134759.27,0.12130145,1.7928433,-0.15897526
126376.86,-1.5134492,2.6891503,-0.27114812
118266.84,-2.9866607,0.75803334,0.21458727
121155.27,-1.3790455,1.6341159,-0.39920494
130267.92,-3.6716337,2.5118933,-0.20781833
126037.96,-1.5486314,2.706857,0.15296263
118736.91,-3.166722,0.17202772,-0.07716029
119688.664,0.7781824,1.8377035,-1.7829307
118939.516,-1.4425855,2.1086268,-0.69844705
120177.59,-2.4094136,1.2566096,0.045676883
117850.74,1.3203638,2.5174057,-0.34020832
118351.46,1.3138249,0.12054043,-0.11132774
123102.61,-1.6569023,2.46536,-0.22562201
133681.36,-1.3746054,2.531718,-1.4172263
134531.62,-1.0772246,0.46649686,-0.1806907
117633.484,-2.5436616,2.5350652,-0.012664167
122486.21,0.16208105,0.69779944,0.21034563
128302.46,-1.5342977,2.41704,0.1531891
125239.195,-0.30177853,1.7538419,-0.23179616
132829.23,-2.8670442,2.8096857,-0.18867993
115963.34,-2.760196,0.14703923,0.47340557
119416.87,-3.1789079,2.7325232,0.035253037
123123.28,-3.6764905,2.905788,-0.059047893
115319.54,-0.72356737,2.9422512,0.04219869
132448.72,-0.36601487,2.9233809,0.10327801
131602.7,-1.6776775,2.4435046,-0.3661076
116084.66,1.9831226,1.0902897,-1.2372648
126090.65,-2.0400748,1.3750254,0.016142655
124252.9,0.38983974,2.8669186,-0.1216604
129207.555,-3.0738738,2.7572885,-0.012785749
115604.25,-3.143193,0.22824195,0.06872675
125433.63,-2.83922,0.3963968,0.058661096
126178.77,-3.189292,1.9300605,-0.18353477
115360.66,-2.3394215,2.4165373,-0.10396459
124198.68,-0.85342896,1.6096222,-0.20916317
122518.195,-2.2754803,3.133187,0.010489701
129511.43,-1.8976121,2.9947898,-0.18050118
117679.09,0.840946,3.0991354,0.030386193
121683.45,0.92913294,1.8339612,0.29321548
125734.36,-1.780427,2.8574224,1.2652447
122698.55,1.2172414,0.62759566,0.06292182
120920.24,2.3894155,0.08470952,-0.029147431
134624.14,-1.454779,2.0946558,0.04308016
115287.28,-1.8497108,1.61153,-0.07351999
123513.66,-1.8288479,2.259916,-0.24206117
126708.52,-2.191328,2.2320538,-0.47144774
119084.914,-0.76692104,1.9995223,1.1481305
127553.28,0.7485195,1.3771158,0.20123594
128879.34,-2.462997,2.6603303,0.63416463
115899.02,-0.7683145,2.9632826,0.043462187
130833.37,-0.2227211,0.019689543,-0.034455307
122477.58,-2.630571,1.3155295,0.03883076
120335.516,-1.2685874,2.6507618,0.0057539744
131213.56,-0.1895146,0.75284356,0.35464644
115394.13,-3.758579,2.821549,0.05618774
127054.22,-2.157116,0.6249794,0.5380364
118622.25,-1.7921832,3.0248313,0.022904746
122632.83,-1.6938463,2.5420678,-0.941643
119780.68,-2.4742804,2.7783473,0.13404833
131614.39,-2.721297,2.0032299,0.050426915
133415.05,-0.24710357,1.5986857,0.21724598
127122.46,0.027085373,2.5242715,-0.027394628
128114.65,-2.288258,1.5872595,0.11533189
120121.16,-1.711621,2.3434045,0.12924644
129097.97,-0.16272439,0.387015,-0.2572404
124452.36,-4.0024533,0.7382788,0.067436434
116242.1,-1.9070997,2.3820708,-0.29081485
130157.14,-3.434217,2.4306836,1.9674041
130157.85,0.17201678,1.8681035,0.33716312
129447.95,-3.6934092,0.82151425,0.1867242
115612.01,-2.159616,2.2623193,-0.187763
132622.31,-1.3698317,2.1700466,-0.3428107
127716.89,-2.733129,2.4564593,0.09286132
120654.26,-1.9716846,1.712016,-0.54239637
117823.81,-2.1594896,2.3680258,-0.378947
125488.66,0.29833448,2.7767653,0.3089347
116623.086,-1.613485,2.6837902,0.10625498
117247.24,-3.3640795,2.9952323,0.34194592
124576.586,-2.1582868,2.1908748,1.0965345
129438.625,-2.1447253,1.7336287,-0.16686347
122645.32,-2.254115,2.200249,-0.17423943
132354.14,-1.3395725,2.2783473,0.29042625
115643.65,0.03760005,2.8375292,0.01905406
123176.625,-3.3321335,2.7029564,0.014703939
117251.055,-3.1317117,2.4740095,0.112149306
124824.62,-1.6310785,1.9285654,-0.878886
120353.9,-1.6034211,2.8909674,0.04604878
126163.64,-0.34126765,2.8868613,-0.15310983
130985.65,-1.5474808,2.7671697,-0.023740917
129616.16,-2.7195096,0.29771465,-0.18300433
132495.94,1.5096328,0.94206315,0.2543749
127697.49,-2.9893823,2.7274187,0.015028156
121147.29,-3.4651504,2.891482,-0.08198304
116728.516,-0.35993266,2.597277,0.12879826
132664.66,-2.1874192,0.8704292,0.08976039
127396.56,-0.20592412,2.8910346,-0.060586736
115839.27,-2.2974107,2.5875204,0.30923268
122023.266,-0.8704116,2.6212645,1.3175153
115105.44,-2.4621058,2.734533,0.03601948
124476.14,-2.3780577,2.7224276,-0.033048477
115228.36,-0.4305694,2.6973433,-0.042167105
120602.18,-2.0068958,2.912735,-0.056217242
115783.38,-0.892274,1.9669505,-0.08549877
120095.945,4.43732,1.1645678,0.115492806
127981.33,-1.4880542,1.5472072,-0.16045777
127102.8,-1.9963416,2.181892,0.07442679
115876.15,0.9316843,2.9177737,0.039357018
126046.91,1.0914096,1.4099696,-0.2677012
121381.75,-2.699288,0.30537647,0.046007656
129380.08,-3.0465894,1.7652315,-0.50819135
115044.98,-1.7600567,2.6315503,0.017756594
126304.89,0.7726843,1.3450123,0.19485766
124657.01,0.5729212,1.7133478,0.44249997
123620.63,0.9612611,0.4319346,0.121697046
116544.82,1.0921873,3.0455513,0.017016971
115721.58,0.36053193,0.06746277,0.04381561
123130.14,0.68230695,1.2237813,0.146964
125676.766,-1.3386334,2.6822543,-0.47670466
128171.98,-0.392191,1.696518,0.542349
116199.266,1.6782534,2.0688927,0.57192135
122928.06,-2.3039377,3.0456333,-0.011676315
117220.51,-1.8787913,2.4719882,-0.022086155
131391.33,-1.5730932,0.26627293,0.022216378
134106.6,-3.351111,2.6612194,-0.26880765
123618.8,-2.5258136,2.9616938,-0.049224805
130232.67,3.6176329,0.9141351,0.376996
131458.89,-0.7884291,1.9070641,0.5083234
122082.836,-0.95481175,2.931885,0.190675
131589.66,-2.44879,1.3239455,0.6831936
116999.875,-1.8902129,2.4773777,-0.2321907
134934.28,0.63784087,3.0565479,-0.105489135
117692.445,-3.0690513,2.8297791,-0.090596266
122807.516,1.0249994,0.5163595,0.0029099155
116900.164,-3.194582,1.3798822,0.055273496
123563.52,-0.7210559,2.9337106,0.08807672
117971.33,0.879155,2.9285796,0.03420112
118137.21,-0.045177992,3.1787102,-0.12900238
120497.9,1.1076841,2.6630764,-0.146978
128689.78,0.06033938,2.1080582,0.4954166
125037.02,-1.1624576,2.9702942,0.031522147
121598.336,-3.9412556,1.9919475,-1.110771
118067.15,-0.2986028,1.7510836,0.14414258
125662.836,0.30590692,1.374478,0.540319
122844.02,3.2234726,0.26655716,-0.03783486
127214.375,-2.0597544,2.7218616,-0.08528094
121512.25,-3.8559303,0.10570196,-0.08661148
119130.195,-0.3757653,2.5567093,-1.5272497
134109.31,-2.723549,0.5985749,-0.042087242
129793.11,1.8028893,0.98735756,-1.0447478
129197.7,-2.0301971,3.053489,-0.0702507
116528.766,0.07529551,1.7969667,0.15178078
132352.81,-2.6959634,2.9177394,-0.024236184
118479.016,-2.9587846,1.6768773,-0.24295723
126719.21,-0.7541105,2.545733,0.12442966
121071.984,1.2100798,1.6254812,0.12896693
117431.6,-3.0287192,2.9482183,-0.19246626
121051.984,1.995898,2.5774353,0.066375576
129099.75,-1.1276265,0.7631029,-0.17551842
130646.74,2.1984246,2.9855201,-0.0032442652
126786.97,-2.024147,1.4988798,-0.22635418
118875.23,-2.6367178,1.2276301,0.04314274
133102.73,-0.39650914,1.7729275,-0.04710696
127638.6,-0.4670267,2.9299982,-0.078035206
118880.89,-3.368524,1.5519829,-0.22791716
115751.586,0.7480986,2.011481,-0.59141135
115855.67,-3.3909042,0.6811776,-0.34044105
134916.75,-2.3917594,1.0984398,-4.968413
121350.19,-3.3881907,0.5744062,0.027192289
128636.914,-3.2822785,2.456555,-0.15233445
122525.414,-2.4072816,1.9434578,-0.26359752
122175.734,0.14141366,2.5601175,-0.103412114
121658.91,-3.1255703,2.3141303,-0.40373984
124082.91,-3.636388,2.3382466,0.03759289
118929.85,-0.31236312,2.5561078,0.17644101
134843.31,-3.371925,0.97044486,-0.51056427
134341.38,-2.5154834,2.835297,0.023414912
134553.16,0.92487955,0.31588036,0.2194726
134223.48,-1.0710216,1.3971763,0.04252589
125897.625,-1.2568593,2.2972655,0.56738883
134303.92,-1.2276647,2.7089686,0.018855002
121754.164,-2.9514413,1.3807505,-0.21778654
122500.79,-3.585217,1.8537781,-0.38059163
116447.26,-0.18975708,2.7453735,0.025711257
116292.37,0.048530772,0.17536306,-0.04042622
127388.4,0.89334655,1.2043139,-0.44101536
122760.32,0.3964399,2.9831784,-0.07224815
121680.65,0.080019705,1.6308978,0.04868901
134229.17,-3.2779064,0.2648824,0.016149212
130127.93,-2.034662,0.64746624,-0.018944697
116179.94,-3.038626,0.35161224,0.1114973
119024.92,-0.07398883,2.5150468,0.11535692
118048.305,-2.9298491,2.9784913,-0.07164233
133076.33,0.1668166,3.0144155,0.12754788
130659.125,1.8755492,2.9316885,-0.03757054
117739.914,-0.73135436,0.86018056,-0.16681162
121540.72,-2.1839767,1.3525559,0.09744209
126299.49,-1.1742641,3.086427,0.048643716
120365.68,-1.7646563,0.024299553,-0.06733572
118227.43,-3.3891277,1.3703951,0.08703195
117722.43,2.3467493,2.079916,0.85205513
115818.64,-1.5889937,2.1560903,-0.28950992
129732.59,-1.583259,2.945745,0.06355536
129807.43,-2.9722602,2.340475,-0.06297546
118502.484,-1.1701667,0.435626,-0.0015743045
129484.54,-0.87355596,1.8932835,-1.3102847
132170.92,-4.0741544,0.9020922,0.1628781
128117.766,-1.3344027,0.82966155,0.08808983
118601.38,-1.3981673,2.0441742,0.26038128
123086.38,-0.626389,2.4735541,0.04545339
127587.38,-2.211717,2.7606447,-0.068048514
115432.34,-3.1676834,1.5540285,-0.51903206
128394.2,-1.0545889,3.0648234,-0.08659152
124199.22,-2.107772,2.3917634,0.10555529
117377.72,-1.2651101,2.9689114,0.04527459
131371.17,-2.219515,2.432661,-0.12068119
126478.695,-1.4116713,3.0541112,-0.043192204
117082.45,-1.6188335,1.8338546,0.08478746
119931.266,1.4715672,0.09191591,-0.049398832
119644.5,-1.7384037,3.1323652,0.097880736
119832.25,-2.9453783,2.8332748,0.06048244
122388.59,-3.8426425,3.0605333,-0.11078151
116286.586,-1.246437,3.093892,-0.057444982
119548.59,-0.795362,3.0514402,0.053227466
119315.74,0.10840142,2.9989533,0.05461433
134163.95,1.6812567,1.0473621,0.08042363
133897.88,-3.6236506,3.1071403,-0.049572863
128718.5,-2.2589612,2.8101306,-0.0050977906
121641.35,-3.304138,2.6770015,-0.30378953
126475.69,-1.8587563,2.2945921,-0.6207867
117775.65,-1.7579741,1.8633709,-0.040663127
128300.66,1.9758929,0.95981795,-0.13269363
133064.73,-1.2361798,0.56719816,-0.046264827
124073.87,-0.7794945,2.573699,-0.14019059
118194.37,0.3765719,2.654396,0.18025474
115930.836,-0.9162119,2.614484,0.0101630995
124396.2,-2.9093282,2.925437,0.1711522
134647.72,0.55868214,2.962789,0.12013616
134703.06,-2.3701518,2.7647426,-0.02380141
129168.75,-2.4591973,2.7520304,-0.1040829
115520.84,-2.0761008,2.569384,-0.14806777
127210.95,-1.777431,2.1044636,-0.0028705802
121053.61,-0.89216554,3.1905074,0.11150862
133900.25,-1.394842,1.5170394,0.7240296
132919.97,-2.7692177,2.3709576,-2.393142
123053.03,-1.3564247,2.986993,0.049675968
122894.68,-2.2508566,1.3339685,1.1961142
120507.164,-1.7971716,1.8860288,0.618384
124965.34,-2.1164675,0.8124481,-0.1868118
115608.68,-1.4349569,1.3219184,1.1366994
121487.3,1.8649752,2.3488498,-0.1924895
133520.39,-2.843727,0.7564312,0.059455547
128635.81,-2.8805096,3.0406866,-0.003680529
133188.06,-3.4261138,2.5223162,-0.016112857
126170.0,1.2075759,1.7308471,2.0995874
121576.195,-2.3228405,2.7425036,-0.077576295
124429.97,-3.1961837,1.4354168,-0.27780977
133137.78,-0.77773017,1.3906729,0.39491263
128312.29,-0.727011,2.6128786,-0.040449765
122923.13,-3.0419664,3.023325,0.09321772
117695.14,-1.8995813,3.0025666,-0.53830695
123134.586,-2.2826288,2.228949,0.40116635
127658.68,-1.7346252,3.1245162,-0.34807804
121390.04,-3.3212025,2.6310976,-0.08424958
116039.86,-1.4770734,2.6649497,0.019660182
116268.44,-1.6891146,2.673393,0.17534797
117873.81,2.6363428,2.4106054,0.14584652
119504.664,-1.2796723,0.36015457,-0.07193258
121830.49,-2.2461343,2.5888393,0.08162514
122842.26,-0.7038199,2.8636253,-0.17609444
123713.58,-2.0699537,2.2109404,1.8180023
126433.18,0.5007925,2.2223458,0.455154
117849.42,-2.306381,1.4518069,-0.17825162
118303.87,-3.404195,2.61211,0.19344933
121152.79,1.9378588,2.8712065,-0.104993865
122636.81,-2.2249868,2.7859573,0.9205444
125956.55,-1.7195923,3.071011,-0.23148267
120350.18,-2.1666036,2.6456969,-0.6652785
128328.1,-0.6277343,1.1479102,0.0023383622
128204.984,-3.2638307,2.0351636,0.15764233
117315.336,-2.837734,0.9891413,0.0078590065
123288.266,-2.383236,2.5953825,-0.6980856
127290.086,0.427156,1.1585253,-0.12407623
133081.81,-2.3559346,3.1111052,-0.46332678
118247.55,-2.7478998,3.0890255,0.058547262
120497.734,-3.1680372,0.77365685,0.040730175
121163.27,-0.8922165,1.5090982,0.19371992
116827.65,-3.5481143,2.9945567,-0.28072208
125691.266,-2.5386198,1.6490221,-0.11924604
133824.58,-1.3349731,1.220413,-0.33381602
132981.66,-1.9259063,2.448701,0.07798901
131178.02,2.7189498,1.3275042,-0.94906336
123092.75,-2.1417713,1.0784197,0.22537526
124900.96,0.22362998,0.16432783,0.06922917
131898.1,-0.86250883,0.538759,0.15631327
121353.93,-2.8860588,1.4739295,-0.07586372
127653.73,0.7259224,1.2127835,0.17978868
118110.79,-2.086046,1.3537126,0.5036907
119535.3,-1.8561547,1.2536123,0.01693532
128131.29,-1.6271662,2.4617486,0.11987928
129205.31,-2.3519166,3.0534277,0.028969528
126545.44,0.9108815,1.1389433,-0.18315035
119391.945,-1.3551673,1.3493603,-0.41492623
127140.69,-2.6079226,1.1375418,0.21135403
131866.89,-1.4886227,0.4196061,-0.21438017
128044.26,-1.7760137,1.4743861,0.12275374
124987.06,-1.0264821,2.861125,-0.0061175274
122832.89,-2.9994254,2.773698,-0.5006959
117329.59,3.3879616,0.11772229,0.031171111
134529.77,-3.1126497,2.3930984,0.0612161
132700.2,-1.2282778,1.7565215,-0.07508953
130839.18,-2.8347275,2.8448298,-0.07169537
118852.016,-3.0251164,2.9663565,-0.30001363
131453.94,-2.386307,3.166472,-0.0013117715
122475.22,-2.49827,1.5314106,0.26328313
129610.84,-2.4196072,0.7068876,-0.0071670637
127553.56,-2.22345,1.8779091,-1.0321606
132877.33,-0.7486049,0.49745256,-0.24282344
128294.94,-0.5271171,2.3181136,-0.9167539
132091.9,-3.437475,1.764054,1.213834
130998.516,-2.5885441,0.27864036,0.122365154
117723.73,-3.5268157,3.0659618,0.108660385
121767.1,-0.49526516,2.1095603,-0.19616854
131101.8,-2.8430412,1.7609568,0.04617632
124784.91,-4.1273904,0.15780975,0.16207649
131309.3,-2.0483696,2.9259205,0.043074198
120551.73,1.0995389,1.0305359,-0.33643213
118823.56,-0.5749508,0.6132409,0.08338867
126949.34,-3.2242117,1.4690431,-0.7427559
116870.69,0.18393353,2.764995,0.41279706
117916.05,-0.5200079,2.3819852,-0.13482282
128334.29,-3.2168055,3.0496137,-0.110599436
126049.016,-2.936556,2.5787966,-0.084671244
122367.35,-1.0799437,2.4915664,-0.079273075
117282.42,-3.2068706,0.22756313,0.16614231
129133.17,-2.3056602,-0.03616525,-0.12217652
134501.66,-2.8411167,2.0459292,-0.10570995
121232.11,-2.7494066,0.8590025,0.24780293
121100.18,-0.7110162,0.04207473,0.008257127
120701.98,0.31022438,2.8173757,0.23880707
115295.92,0.17085442,0.6524833,-0.2625873
120185.42,-0.19055781,2.6823626,-0.14117008
119754.664,-3.306174,1.3480636,0.060546804
125521.4,0.90131813,2.611727,-0.053771604
127886.95,-1.6812142,1.4547879,3.013088
119711.65,-2.3072784,2.6952145,-0.18591604
124066.23,-1.8286126,0.735915,-0.053611282
126269.85,-2.8881285,2.1083407,-0.7474722
129907.46,-1.3275794,2.0558803,-0.9359346
133621.98,-1.252152,2.3792064,-0.07049088
128947.18,0.30738303,2.7531219,0.043386497
125151.336,0.25529972,3.023868,0.05274829
121512.2,-2.2090442,2.0804505,0.090750925
124305.0,-1.2347102,2.6338425,0.06566456
133866.6,-2.4829712,2.1696684,-0.2007344
126714.94,-3.4091132,2.51611,-0.07298241
133360.66,-2.8468506,2.1480885,-0.3385598
121719.26,-0.36106783,2.800001,-0.1737218
124215.91,1.1600068,3.0685542,-0.03118452
117771.11,-1.1861237,1.5365945,0.02789794
128272.984,1.445373,0.42815703,0.07140453
121677.74,0.11915546,0.61142963,-0.12028217
120539.555,-2.8494565,1.8750461,-0.5754344
118091.56,-1.159909,0.85885656,0.054823525
123035.016,-2.8928187,2.745901,0.8968336
129468.84,-2.2276635,2.2040322,-0.007526445
125477.59,1.275047,0.8286745,0.2122224
121348.56,-3.0383594,1.9340425,-0.056423753
133044.7,-3.3066092,2.6841397,0.051660612
120064.78,0.68009585,2.9866583,0.053600553
123382.21,-4.152858,0.9845223,0.06405539
125168.15,-1.1256276,0.95153666,-0.22671565
124624.625,-0.9906199,1.8222733,0.028505253
134040.53,-1.019721,2.8703964,0.09318017
119668.87,-3.5088487,1.5066472,0.009181506
116885.98,-0.71028364,1.8934268,0.016637327
130036.336,-1.2993578,0.36981058,0.0116191
123812.71,-2.7179792,0.19616371,0.06330147
128067.625,-3.6242547,2.4899817,-0.49779344
117884.3,0.6127337,3.006298,-0.13230684
132832.94,-3.1545844,2.5358844,-0.12039094
126683.45,-1.5556428,2.0431597,-2.0829432
120575.55,-3.8204236,2.512217,0.08491917
132584.47,-2.5095775,3.0632048,-0.022945272
133375.52,-3.069539,0.74048847,-0.14995883
132064.56,-1.8739742,2.1393921,0.06851696
118380.81,-2.5612965,1.0662768,0.038130473
130034.02,-2.3512504,0.12025121,-0.29712635
117278.15,-3.1749194,1.7061527,0.16406888
121947.16,-2.7459116,2.926129,-0.021501787
116962.11,-2.1518273,1.9872421,0.18389742
119105.5,-3.363506,2.4813147,0.06358933
121975.05,-0.9369747,0.17576371,0.17549458
117329.03,-2.8909762,1.1088774,0.081065506
124953.54,-3.9411602,0.06486584,-0.1809574
120630.93,1.5784118,2.778034,-0.019678956
121463.266,-3.8520598,2.8121538,0.0698484
115857.58,-1.8237679,2.7228658,0.022979245
127029.805,-2.7486663,2.8483558,-0.1398473
133180.19,-3.3068094,1.938258,-0.025558386
117817.91,-3.4084063,2.2017186,0.12985912
121641.72,-1.4888183,0.96664566,-0.18675192
133419.66,-1.7472043,2.4441438,-0.06014064
119775.87,-3.2663195,1.989552,1.2815831
134450.2,-3.434892,1.1399626,1.0681381
129643.01,-2.6284084,3.1094897,0.110530004
116185.82,-1.5691797,2.990033,-0.014346047
116359.03,-2.2419636,2.2715614,-0.27730498
118464.56,-2.0959766,3.029732,-0.20819947
120618.05,0.570197,2.4752605,-0.23555833
121499.43,0.3574006,2.8307886,0.011430768
126126.73,-0.6402076,2.8208804,-0.12004765
123517.85,0.7789628,1.2895646,0.17007644
116307.71,0.86379105,1.9719827,-0.22741057
132912.78,-2.2653332,2.795371,0.6956641
115913.23,-2.84188,0.9548184,-0.024552654
132652.95,-4.350527,0.54896,-0.17705518
133355.78,-2.912174,1.5559286,-0.25399524
117658.125,-3.0193782,2.993194,-0.14575951
120712.71,-2.5988326,1.2928561,0.20860891
123167.04,1.623068,2.772985,-0.13826434
124199.586,-1.6650789,1.4113727,0.13441664
122316.33,-0.5622564,0.4973599,-0.1250328
125338.984,0.29010078,2.7961147,0.068404324
124880.414,-2.953265,0.45843485,0.101336874
126254.1,-2.850266,2.6389267,-0.20614658
116220.23,-3.0973547,3.0386844,-0.09089009
118413.69,-2.9521973,2.4130366,0.24744712
123009.914,1.7434031,2.9401076,-0.03361675
124803.125,-3.2539225,2.8932605,-0.046295222
128614.49,-2.901833,2.2101886,-0.12885159
132361.31,-2.6015694,2.3992538,0.32396075
126659.98,-2.6542935,2.2704942,-0.07180414
128277.79,-1.9886678,2.1127744,0.15768762
125938.58,-2.4976008,0.74051446,0.07796339
122240.29,2.9784396,2.7705517,0.07306078
115078.49,0.12376566,2.5002134,0.10490625
133617.28,-3.7161613,1.2926991,0.079201855
122008.125,-2.9180589,0.48738772,-0.10303604
123629.32,-0.04864064,1.8133231,-0.043030992
131685.19,-2.469225,2.7548487,-0.08417091
115642.984,-2.1821272,1.8722553,0.313255
116248.83,-2.6475573,0.69765806,-0.099622816
124220.47,-3.415296,2.0189989,-0.15258625
118116.84,-2.9501202,1.9801182,-0.11596066
117253.35,-1.2923928,1.7365932,0.026968198
118296.1,0.20202546,1.258377,-0.26751167
132508.7,-3.7328496,2.0603716,-0.26351944
120093.695,-1.1048552,2.2383447,-0.60231525
132145.58,1.2111117,0.2619954,-0.40237293
116780.945,-1.2156141,0.75693387,-0.14043523
121967.67,-2.0646484,2.8827248,-0.08071894
119200.86,0.3249387,2.5404646,0.10246151
132422.52,-2.2132874,1.0276397,-0.014600535
123113.83,-3.060586,2.183396,0.09966274
127276.25,0.14196746,2.9135723,-0.0038938932
116253.59,-3.3728826,2.9221582,-0.14177114
126311.71,-0.2969331,2.0187216,-0.5802884
127252.4,-2.2062843,2.92493,0.19037522
117780.33,-3.3696768,2.2227058,-0.004957137
126882.234,-3.6704829,1.6217192,0.07752176
128890.375,-2.6520984,0.1610832,-0.009864807
127562.945,0.7216993,1.5956762,0.5340945
122470.84,-1.3937361,2.2727637,0.0076194196
115431.734,-3.444478,1.753323,-0.3117439
127892.47,-1.6876966,1.777335,0.90422744
117800.125,-0.61143154,1.2420487,-0.8463954
119680.52,-0.45712474,0.067011595,0.04122544
117184.734,-0.47661152,0.7001019,-0.05327723
131638.92,0.90652895,2.6931999,0.051425792
115204.586,-2.152641,3.0697308,0.07844494
119636.54,3.9301224,1.207424,-0.36242053
117646.0,0.36615708,2.8044472,-0.06405241
118085.99,3.921865,0.2403626,0.12363878
122400.5,-1.7391417,2.5293808,-0.28714147
121369.305,-2.402197,2.5946155,1.5890341
125820.58,-2.227897,3.0995014,-0.0236989
116738.87,-2.772924,2.32586,0.112940185
132575.69,-3.7036579,2.8404918,-0.05075262
131902.58,-2.9246624,2.9523416,0.1507676
131126.47,-1.2471126,3.1302369,-0.103409134
129425.34,-3.4604523,0.97096485,-0.0151244085
129666.27,0.09489627,2.0469668,-1.7389241
129116.57,-3.4331226,1.4983984,-0.6713272
115827.82,-1.0379473,2.9890704,-0.07334984
119473.586,-3.8954167,1.1748519,0.06437365
134104.0,-1.9184582,3.014231,0.21500863
126156.78,0.13385466,0.07244637,-0.063774385
131702.19,0.50085247,0.696874,-0.5537404
119757.28,1.5159664,2.6854904,-0.3056949
127560.82,-0.64465487,1.2650471,0.06875715
120846.57,-1.6888001,0.6562819,0.13209765
128231.984,-2.4510145,2.0726447,-0.21635468
118717.305,-2.818602,1.1144191,0.21052681
116235.74,-2.9598634,2.2499237,0.5464273
119170.9,0.011712175,1.2803932,1.1221943
134064.05,-0.9839432,1.4729056,0.19316505
132944.28,-2.0223787,2.8936,-0.18969432
122311.24,-2.788744,2.8786752,0.1074249
118686.61,0.027404636,1.273962,0.0570853
134001.78,-3.0790422,2.9983041,-0.0035395778
115282.96,-0.63404,2.788006,0.069405586
117972.75,3.3041239,2.404203,0.048985813
132639.34,-0.21566182,2.430892,0.009561747
119841.414,-0.088022985,1.6703324,-0.2191296
134293.64,0.33830783,1.8370833,-0.37818265
130355.1,-2.5638094,2.0933254,0.3901358
134001.81,-1.5072361,2.5779884,-0.04980381
116497.625,-4.1270485,2.411844,0.231536
127958.81,-1.8068858,2.8486166,-0.16511483
116473.99,-1.2134322,3.064258,-0.73242825
117071.98,0.7727084,3.0196812,-0.017206198
120324.58,-1.4715168,0.091182545,0.045755554
125101.74,-0.8236862,0.77460206,-0.1785821
117010.54,-4.9868736,1.2596501,-0.24573663
115969.77,-3.7252429,2.533524,-0.035080798
127034.52,-3.4796102,1.6561437,0.14244103
123669.11,-2.866446,3.008233,-0.088472754
123136.95,-2.0222225,2.3035505,-0.85511136
115798.42,-0.578266,0.78732353,-0.038277086
119549.85,-2.4885564,1.6901366,0.16144474
129969.875,-3.7378724,1.9384989,0.17985125
131723.44,-3.0226338,2.4140167,0.12529384
123461.84,-1.6656206,1.5444746,-0.13028197
126130.695,-1.4906427,2.323922,0.38636318
116600.65,-2.870529,2.5847251,-1.0803913
123246.54,0.60018224,0.7683478,0.036036763
119367.89,-1.7767442,1.0941815,0.047053616
116010.69,0.4286645,2.740374,0.056911867
116716.234,-3.6998074,2.982625,-0.026451474
124799.75,0.67792475,2.628442,0.084621176
124492.66,-0.67782074,1.8916242,-2.038491
133300.23,-3.6529438,2.124226,0.019275174
117667.805,-1.586399,1.9857413,-0.038264867
134419.53,-4.169547,0.13648517,0.06897468
115023.16,-0.8883082,3.0273783,0.06709196
120469.805,-3.6054282,2.6090212,-0.022004504
116509.46,-4.388601,0.44866344,-0.06997356
124894.01,0.96818364,1.6824807,-0.015428065
127831.695,3.1537938,0.6388254,-0.10562621
132850.92,-2.0034125,2.6853487,0.35269636
132541.72,-1.4238877,0.5758844,0.13700561
133625.95,-1.760915,3.0832868,0.05246639
130549.19,0.93694335,1.0276172,-0.056760486
115788.875,-2.5842805,2.6839073,-0.17194845
127562.62,-3.3350284,2.9120083,-0.16352831
117925.945,1.0385345,1.1630725,-0.2379256
131037.29,-3.2212267,0.82222027,0.2870005
126121.94,-1.4153819,2.4578907,-0.28068602
131373.9,-2.3561468,2.9102724,-0.16027421
122496.78,0.18160225,2.3018808,-0.17495699
124054.61,-1.2283074,3.0863123,0.1987745
121305.734,-2.5717297,1.7490306,0.38235635
132048.83,-3.1906667,2.9869065,1.3771839
124595.75,-1.5359019,2.2428465,0.19631009
123359.25,-2.7780244,2.6845303,0.041372653
121545.76,-3.5187902,3.1072319,0.24624978
126886.625,0.22218485,0.37610206,-0.047699966
129459.57,-3.2140155,2.4719384,0.77492046
129374.03,-1.3288937,2.5863907,0.023324918
125442.36,-2.3524034,2.2112615,0.050566375
124424.195,-0.96112335,2.8533356,0.07494828
133350.02,1.2234,1.2533473,-0.2642829
116995.62,-1.2655087,2.1146495,-0.456059
119558.22,-2.0508704,0.11789949,0.055216875
124836.85,-2.3084085,2.8141005,-0.08568531
127865.734,-2.8294957,3.0589929,0.034895446
127396.59,-2.6921117,2.9095435,-0.029457346
132563.56,0.7722944,2.8842769,-0.07866934
115304.53,-3.6494417,2.4416418,0.053704854
118993.78,-2.1410959,1.1663157,-0.5777158
117289.836,-0.08494435,1.1648172,-0.26946235
121025.83,-1.8155862,1.5142514,-0.7954985
121823.96,-1.2312765,0.5871498,0.20978837
121314.164,-0.8984909,2.4888651,0.19785966
120888.76,-1.7251507,1.2459719,-0.3396171
133569.05,-3.620158,0.45891607,0.011383089
119418.46,-1.8089595,2.8214452,0.0036537095
133546.9,0.1125825,1.2317384,0.4864607
134878.66,-1.4233683,0.83919424,-0.21563084
129583.555,-0.57290506,0.37345132,0.1801868
117085.78,-0.1643462,3.058816,-0.10661883
120904.57,-1.0505959,2.6837692,-0.105686106
115700.95,-1.499539,0.8893761,-0.023494774
123867.195,-1.6140649,2.6278176,-0.044137444
117514.76,-3.406221,0.17869915,-0.057086494
128330.44,-1.4915047,1.9421747,-0.89898807
131576.28,-0.35461196,1.7408787,0.15062337
132620.34,-2.911325,3.0315635,-0.14154139
116268.03,-3.434135,2.8558671,0.0034463054
122196.79,-2.3578012,2.2599916,0.122754335
134793.75,-1.098845,2.687103,-0.048202384
118240.96,-1.8030629,2.9845536,0.016918633
132774.67,-1.5158641,2.834841,0.06823268
118556.555,-3.0268896,3.12964,0.18163624
134119.42,-2.9343684,2.9169993,-0.72913396
118497.53,0.34337574,3.0984712,-0.0021041387
132231.31,0.14980128,2.4588675,0.15288812
125756.99,-0.82000446,2.3044264,-0.14392506
131501.5,-0.9999057,2.6757,-0.30078188
128796.34,-1.693266,2.6661887,-0.2776429
118182.34,-1.2304444,1.9456341,0.34020624
115878.48,-1.4862043,1.7719778,0.65359443
123145.44,-2.0317597,1.7384003,0.49857417
115807.35,-3.4841459,2.9257872,0.065399945
128096.31,-2.7414181,0.8674378,0.63515633
126650.945,-2.8550162,2.708155,0.10677051
117654.52,-2.796058,3.0900683,-0.123492464
133589.81,-1.8608782,1.7683746,-1.7303767
131099.47,-2.7686725,1.7320517,0.7186258
122345.03,-2.694036,3.0806963,0.011172109
127882.68,-4.0778136,1.2449805,-0.08183165
116496.41,1.5881426,0.84297794,0.61783034
121987.445,-1.4946408,0.34787288,0.112929456
121097.77,1.2231183,0.12439394,0.02177773
118218.55,0.5475889,0.86437356,0.94915485
130154.68,-2.458357,2.7962124,0.059665337
122177.42,-2.1539247,2.41031,0.04926414
126975.805,-2.4464996,1.4079001,0.0076289554
119198.84,-2.5237553,0.16455437,-0.035288796
115070.16,0.83364326,2.7208204,-0.022414545
129840.65,-1.1444032,2.3521523,-0.28956506
124391.914,-0.1202734,1.1626941,-0.009530458
121716.69,-3.072078,2.762337,-0.22816688
115860.94,-1.6514611,1.1778609,0.05329779
128602.3,-0.89384073,1.8588268,0.41449624
127402.65,-1.5900695,3.1160223,0.11203667
122719.61,-0.94843924,1.3792847,0.37354347
129591.44,-1.9071947,2.8026628,0.030836761
126116.26,-1.7878147,1.1938759,0.3121733
117626.33,-1.0794432,1.5110359,0.18960997
119317.67,-0.91842884,3.0238793,0.09171106
117487.39,0.39653912,2.7833843,-0.033893887
122816.17,1.6821032,3.038757,0.1163409
123032.734,-3.583815,3.0342247,0.04908296
118449.29,-3.802889,2.8940241,0.12517226
132012.72,-3.2376056,2.9349158,0.025969915
117552.04,-1.5776902,2.3590648,0.5456233
125159.53,-3.309984,2.4740202,-0.118959375
124059.336,-2.2123823,2.7748368,0.60119987
131981.19,-2.7655926,2.3067303,0.14619637
127554.43,2.5421247,1.5485362,0.20564923
125848.97,-1.0665835,3.114456,0.29663527
132275.62,-1.6025945,1.8325518,-0.029170077
122363.56,-2.9413679,2.0950298,-0.23947398
118480.72,4.196129,1.5700812,0.014995974
123719.016,-1.9729927,2.445548,0.051045552
120887.54,-2.981536,3.0099254,-0.01886394
123580.625,1.4868828,2.2346034,-0.05166836
120131.805,-2.1086998,3.0047383,-0.017520284
129788.055,-3.9102573,2.017758,-0.1781941
116248.4,-0.6935404,2.8272803,-0.004876679
119940.34,-1.7263929,1.6176931,-0.15336253
126125.99,-1.5832958,2.332593,0.18856342
117925.73,-1.4562738,2.805664,-0.29580447
126416.79,-3.6000202,0.9442923,-0.08207362
134218.48,-1.9185525,3.0424516,0.083978705
117530.984,-1.0458404,1.283103,-0.52997386
129185.664,-3.89562,1.7383292,0.08369084
121476.805,-2.9089499,1.369084,-0.16956687
116705.67,2.4518087,0.42642975,0.20444652
116915.414,-2.5440526,1.1390895,-0.66715497
132765.36,2.8509822,1.3181689,-0.5633918
123969.78,-2.1076393,2.5044518,0.56892824
132514.1,-1.5500095,2.297679,-0.44419077
134940.1,-0.15533346,0.32103926,-0.39440158
116289.64,-1.8391432,2.8100817,0.09691226
122968.73,-3.7383342,1.5453033,-0.06865374
124933.07,1.3007541,3.08226,0.0606219
132306.06,-2.2201107,2.9958804,-0.5367738
120883.31,-1.2628303,3.1216896,0.054150056
118490.5,-1.6616131,2.743771,0.22185595
120403.484,1.2765244,2.80185,-0.00299991
118545.016,-1.6990206,3.0219276,-0.062350564
121562.9,-2.6370838,2.7271752,-0.43601173
130575.37,-3.1074934,2.9308615,-0.009084062
116568.42,-2.2769537,2.0461843,-0.07192453
121079.89,1.4620436,0.5588372,0.22026227
120690.195,2.4685454,1.7195625,-0.117807925
126389.35,-2.1401024,2.7381463,-0.06742839
133577.42,-2.8093355,2.517153,0.0405931
129143.53,-2.7597985,2.933975,0.16067651
117400.3,-3.2368333,1.0296341,-0.09796179
118406.016,-2.0879576,2.8099396,-0.18744475
126786.586,-3.447309,2.7623262,0.0106565785
134680.61,-0.6544494,2.3636706,0.1316596
132736.98,-1.5429357,2.962574,-0.018751001
118848.23,1.711525,1.0967181,0.19271925
115731.93,-0.23856647,0.45734835,0.081862345
120564.66,-1.5387836,1.3568227,0.009241105
130415.47,-1.6503386,3.0309942,0.15236545
127022.086,-3.0520067,2.1007211,-0.1628325
119505.53,-2.6520638,2.774718,0.06731724
121511.14,-3.3675594,2.8836117,0.04983033
120895.93,-1.994831,0.71751183,0.15403958
124520.06,-2.8223858,1.3914076,0.13082461
118305.05,-0.6625474,0.33202404,0.02909111
116393.31,-1.9189751,2.180885,-0.806594
126532.82,1.0476199,3.0633876,-0.0749155
130903.43,-3.5344634,3.0502005,0.013898162
126036.77,-2.9998074,3.10111,0.036399126
124679.68,0.27745253,1.9969504,-0.012201978
123596.62,-3.3206108,2.0018508,0.2938991
115308.414,-2.437992,1.5621563,-0.04648236
122059.85,-0.6695719,2.8686507,0.13554604
128660.055,-2.9619095,1.2494336,-0.09951464
115508.04,-2.7292118,3.016687,0.045625627
132405.69,0.5218102,2.968225,-0.07264717
116827.35,-2.9699178,3.0166025,0.033095557
126838.34,-1.3680401,2.1539028,-1.1621112
125313.164,0.849665,1.7379078,-0.15471424
122446.45,-1.4096379,3.0365016,0.047731854
115281.3,-2.433784,2.8748844,-0.4242022
118609.44,-0.43228936,2.913003,0.008182629
124148.77,-0.6724979,2.7599294,-0.44174066
122581.516,0.22822537,1.3060995,0.36048535
119962.13,-0.14259428,2.557111,0.092752255
132400.62,-0.7598318,2.0509484,-0.065671116
115389.99,-1.9434648,2.7060888,0.31138778
131881.53,1.2828608,3.0656734,0.055065494
116071.695,-3.181244,1.9519129,0.21172892
122393.37,-2.084495,3.1170049,0.12363103
119762.9,-2.9925447,1.7655368,0.860719
121317.945,-1.4288257,2.1708584,-0.054978184
123547.93,-3.6810284,3.1704998,-0.6155528
121478.38,-0.6872275,2.5545673,0.18916835
127439.8,1.3917726,2.20795,-0.58223194
120362.05,-1.5062522,1.65152,0.23535213
115996.56,1.0459199,2.9926496,-0.04042324
120193.086,-2.1885436,2.8406382,-1.1637201
117992.37,0.77518326,2.7389114,0.52146846
131979.52,-0.6174118,0.31820595,-0.14594544
124546.41,-0.85044885,1.984887,0.20250182
118011.14,-0.85567826,1.5606014,0.45094395
127681.79,-0.82969296,3.1013033,0.12705559
115882.05,-2.6731703,1.797417,-0.023795748
117570.59,-3.4131851,2.781516,-0.2658596
123576.305,0.77096915,1.1761603,0.2306444
125051.914,-2.9256432,0.24029998,-0.1017055
122199.164,-2.3326828,0.05956345,0.28231305
115672.19,-0.2955572,1.4452713,-0.3347869
118166.836,-0.08104466,1.8638675,-0.27541003
117187.31,-3.522698,2.3986332,-0.44272196
126205.33,-2.006183,2.7401094,-1.165385
122909.21,-0.7064893,2.7043016,-0.125447
123518.766,-1.6719335,2.9303496,-0.03817249
130026.195,-3.123505,0.84669745,0.17518467
129095.766,-3.632499,0.50997007,0.019204251
129232.875,-1.5514532,0.64517796,-0.02707786
134289.22,1.7804651,2.2020717,0.06792753
130137.266,-2.6415741,0.985193,1.1244596
121706.55,-1.1141211,0.93630904,-0.08660493
122229.82,-0.91396743,1.8958281,0.069368035
130612.84,-1.7972525,2.9762185,-0.0008966652
120490.17,-1.8937,3.0864837,0.027402673
122317.5,-2.7824695,2.8634758,-0.21453126
130013.99,-1.9328505,1.6239153,0.038963664
121661.48,-2.0211804,3.0909925,-0.0214702
131289.19,-3.5816793,2.94233,-0.11535424
129646.25,-1.0092963,2.3341513,0.2639721
133868.97,-1.2471626,1.4104139,-0.41225502
127493.33,-0.24178217,2.684434,-0.094578065
116720.73,0.45023802,2.9771678,0.4797117
121103.31,1.2097498,2.0746706,-1.2059927
123959.375,-1.8191422,2.458848,0.03879202
118357.93,-0.8319285,3.0571318,0.072882585
125853.32,-2.1191828,0.24003635,0.016440054
117629.81,2.0103161,3.046135,-0.13960622
115055.06,-1.339722,1.8069733,0.059511572
116821.9,-4.4104977,1.5853844,-0.1984917
134299.44,0.110681035,1.3334633,-0.13851497
127544.516,-0.6004612,2.9692836,0.08958517
116723.086,-2.7460382,2.1098113,-0.42115164
127939.53,-0.714743,2.8393922,0.29499033
126745.29,-1.8721898,0.6030897,0.18050565
128160.94,-2.811386,3.1462789,-0.0829694
127456.55,-2.3782759,2.2256324,0.55371267
123989.76,-1.0951878,0.58196115,-0.09845915
130665.17,-1.0259014,2.8070273,-0.11199405
125492.28,-2.27165,2.5903401,-0.03325856
128049.73,0.75791967,2.5925038,-0.36224052
124637.164,-2.3058774,2.837561,-0.064900205
124589.83,-2.854002,0.97857726,0.1158653
119914.1,-0.9600949,2.9404442,0.035075434
132744.9,0.66609997,3.0651245,0.062665544
118164.87,0.5834731,1.4031738,0.022141283
126633.15,-1.6438242,2.7867727,0.1512414
120831.17,-1.143289,2.7222517,-0.32257658
116972.35,-2.6679642,2.5187483,-0.046915647
120746.43,-1.6479086,1.8975655,-3.666072
127868.46,-2.8160815,0.9790549,-1.0044674
122030.61,-2.2526772,1.9348633,-0.5201022
130650.445,-2.4247763,1.8492155,0.042712435
118681.07,-1.9433063,2.5484948,-0.44810674
116053.875,-0.77926624,0.6377466,-0.08988644
129972.11,-2.2504976,1.836153,0.16333462
131602.78,-1.8786371,2.8868093,0.09367425
116140.805,-0.96887314,2.6097443,0.46339533
120652.26,2.3413827,2.9910758,0.060828112
125504.58,-1.2755828,2.7861152,-0.1738291
121318.484,2.6586912,2.7943192,0.13999927
126703.73,-3.2926037,0.97572905,0.105477214
117888.78,-3.6243725,2.3918238,-0.42152175
131048.055,-3.1022527,1.034351,-0.12783693
119287.664,-2.9249868,1.6532334,0.58556056
115498.09,-1.3862718,2.3610375,-0.11522818
118953.95,-2.2351916,2.8453336,0.13474265
130140.7,-0.5515988,1.394533,-0.32783082
125606.95,0.77198035,1.923536,-0.3120523
117759.46,-1.0296223,1.5764517,-0.48947492
131371.56,-3.02521,1.1550559,-0.20122729
132454.45,0.7731258,2.5123274,-0.41384244
129317.87,-2.0334258,0.58687234,0.10147634
117735.59,-3.817244,1.509252,0.06144675
131379.64,1.3405128,0.7127985,-0.12716018
120273.914,-0.72660637,3.0297503,0.044229228
127670.875,-2.6825125,2.063049,1.187352
128229.17,-1.6877924,1.276969,-0.0046996702
117780.13,1.6779655,0.2575441,0.03308364
115016.43,-1.9026899,2.9561381,0.13909218
123569.74,-0.35886398,2.6640756,-0.1311253
116656.07,-2.3792288,3.1219072,-0.28775892
122994.87,-0.964774,0.9281946,-0.50385225
132059.75,-0.48007828,2.5222888,-0.16372111
125493.87,-1.937946,1.2952409,-0.057246815
116336.45,-1.9774864,3.087253,0.1124467
118153.56,-0.8896886,2.263957,-0.028490651
123540.875,-3.8841686,0.51383394,0.12626709
119902.836,-3.3393872,0.033342946,-0.3194533
132549.9,1.1318938,3.0147383,0.18171848
124244.195,1.1551913,1.9968607,-0.18685532
121543.62,0.36610302,3.0406659,-0.1632327
122096.24,0.4201205,2.9749808,-0.044248298
128045.58,2.290803,2.1735942,0.7999151
127770.77,1.9667544,2.0688615,-1.2276101
115108.08,-2.8945944,1.8925991,0.031053105
122084.67,-1.131354,0.092560425,-0.015063618
121195.57,-0.4468887,2.935688,0.07310966
129967.266,-1.7088803,0.102630176,0.06836022
134501.22,1.7179674,0.32612336,0.059496075
122554.24,0.5049426,2.3166027,-0.20455648
125479.27,-1.5476217,3.10255,-0.0691943
118264.984,0.062413044,2.3257344,-0.0076542846
134069.6,-3.8951786,2.195341,-0.022114763
118974.516,-3.3432128,0.4960444,-0.16098672
134977.98,-2.357845,1.4308826,-0.16828252
120533.39,-0.36635444,0.9319999,-0.2117894
125387.4,-1.4814436,1.1885952,0.029955294
115755.82,-2.6160936,1.050066,0.053924773
134643.05,-2.0241723,1.0791125,-0.0048397277
128003.96,-3.8377712,1.5187125,0.0656139
116135.35,-1.6508701,0.2415478,0.03496458
125783.88,-3.2910554,2.5868454,0.25854683
120502.37,-0.058768205,2.528238,0.06567648
129674.11,-2.7563312,1.932462,0.022740848
117105.49,-1.0174421,0.6048088,0.21662198
119143.53,-2.6140778,2.833831,0.077671945
129503.11,-2.0335011,0.07983047,-0.08215259
120620.24,-2.1870465,2.943943,0.023979314
118398.805,-2.0738049,0.5193718,0.17583132
116308.97,-2.0598636,2.6727283,-0.04438359
128540.22,-2.1310928,1.4654886,-0.21593778
120512.24,0.8299154,3.0318327,0.010493874
129688.02,-2.8704686,2.706045,-0.06446841
126185.195,-2.0756934,1.6240137,0.8065389
119768.35,-3.4844863,2.9223487,-0.025154306
117565.56,-2.320844,2.7234507,-0.08475558
116378.45,-1.8656437,2.0712905,0.2281341
123477.13,-1.4362109,2.0312407,0.6698089
124594.98,-1.6457736,2.6398487,-0.12100212
124343.02,-2.588556,3.0804474,-0.0864157
131533.77,-1.9879942,2.6558065,-0.2226063
115205.414,-3.8845007,2.0724707,0.99288255
121616.24,-2.038971,3.0649588,-0.0077877864
127684.266,-2.8399987,0.98742163,0.28485376
116471.98,2.1965497,0.42816427,0.104619585
120124.61,-2.627349,0.09918025,0.12409292
119194.13,-1.9848742,3.01808,-0.3098108
117126.43,-1.9046011,1.1194255,0.16309622
116082.42,-2.269462,2.3826761,-1.9673958
129843.36,-0.45114174,2.3937736,-0.04167601
123128.33,-2.502251,2.3699763,0.2887146
129038.64,-1.9831154,2.9581556,0.08679892
132470.94,0.83342695,2.2514827,-0.22384626
119291.42,-1.5917785,1.2147264,-0.21501966
117226.0,-2.1539497,2.3633883,0.59227854
128674.28,-2.3034074,2.0564032,0.49236456
120728.445,-2.4587789,2.9883294,-0.13901559
122255.13,-3.0546746,1.8517573,0.018713156
125233.28,-2.9847376,1.0512222,0.0126889
126325.92,0.6868793,2.3053648,-0.15648521
127603.46,-3.0398211,0.21657212,-0.008071179
121073.586,-1.7503397,2.6919792,-0.49927476
121980.48,-3.5187218,0.34702858,-0.20519032
123737.1,-3.0718167,2.34226,0.26849505
125884.98,-3.7446766,0.82387877,0.09138208
131081.88,-1.658011,2.2225332,-0.06700613
123651.734,-2.6405058,2.4319375,0.039916053
125445.74,-2.4094806,2.7036345,0.035942003
116782.914,-1.9456514,2.7802835,-0.08847126
129414.945,-2.052234,2.8621016,-0.06856077
131433.6,-0.34999108,3.0775497,0.067928724
128328.086,2.3741813,2.0276916,-0.13529244
132136.78,-0.01597143,2.5109978,-0.17264366
120736.59,-2.4370685,2.8760288,0.06828274
131324.95,-2.775144,1.0250785,-0.1546156
118683.97,-3.2051408,0.5303703,-0.094479725
121247.805,-0.5578601,2.929171,0.56313646
130889.47,-2.0988183,2.6693897,-0.051691603
122031.23,1.0538261,3.015567,-0.13903257
120713.445,-2.1812625,2.740502,0.34509692
117857.375,2.6906638,2.144808,-0.37663457
117928.58,-2.6083288,0.09568338,0.1831572
134245.25,-0.052601293,2.100929,0.047879063
121407.14,2.0426502,2.4883142,0.06023987
126089.3,-3.3904617,0.8363328,-1.1948813
122830.836,-1.4403024,2.6508002,-0.96094143
134590.47,-3.2016313,2.3389537,0.2052523
128316.86,-1.1083826,1.9290942,0.19875602
127283.375,-0.9204908,2.0973015,1.8359243
119669.64,-0.61962354,1.6302006,-0.54182804
115298.67,1.3821851,3.1284697,-0.00031408612
118569.98,-1.82991,1.8480097,0.1951342
128439.234,4.115169,0.74105865,0.1321811
131236.64,0.65733206,2.6797311,-0.28262267
121163.92,-3.1869218,2.9073632,-0.001496826
122903.95,-3.1951122,2.936208,0.14697056
117697.805,3.2856507,2.9911404,-0.11010894
120116.7,-2.490638,2.1603458,0.25773567
125306.59,-1.8509256,2.4781675,-0.06698885
115236.75,-1.239029,1.4654489,0.93717784
115855.39,-3.6336043,2.9230244,0.3891375
128064.21,-0.55522263,2.2369795,0.52396625
127361.52,-2.8744097,0.34476566,-0.06545686
115516.06,-1.7058568,2.7905192,0.16188756
127864.79,-2.078832,0.40888804,0.10063242
126059.95,-1.1101879,3.0459237,0.03546402
123468.375,-4.373533,3.0399828,0.46233448
130066.766,-2.8886018,3.0281806,0.018152926
123070.67,-3.4361696,2.7774272,0.1050624
121830.23,-2.6796353,2.8863733,-0.15166545
134137.94,-0.04918032,0.04073664,0.06317333
117099.62,-0.7330085,2.4779415,0.1554902
119581.92,-1.4850061,3.0402293,0.029301494
133643.3,0.06876111,2.373704,0.18765037
125897.01,-3.7054265,2.7814803,0.07512469
134446.6,-2.8501267,2.9523718,0.89222836
121980.805,-2.5333238,2.9279187,-0.13631457
118742.78,-3.6079705,0.831457,-0.178122
127875.92,-1.9978459,2.8794985,0.20020665
134546.1,-3.1441667,2.1893742,0.0006731694
116087.234,-1.5619013,1.6925442,0.11750367
120884.2,-2.864469,0.26451674,0.19347914
129543.7,-3.0247395,0.15911613,-0.016083652
131480.3,-1.0511556,2.7375555,0.015329131
117619.39,1.6889981,0.8461257,0.18754846
130903.02,-0.70168316,2.931433,0.039271194
120420.94,-2.5689018,0.27246618,0.06006465
115433.67,-2.4976375,3.020645,0.25870356
120047.164,-3.0052214,1.9643373,-0.14147165
130619.945,-0.15908575,2.8597448,-0.051408507
121375.26,-3.4951162,0.6161686,-0.1497273
128701.9,-0.9146645,1.8655305,1.2108417
127710.9,-1.0607234,2.2774792,-0.057402965
116568.75,-1.3674877,1.9339547,-0.053091284
132934.66,-3.0691595,3.0952868,0.15348828
134961.89,-2.802687,3.137834,-0.044118073
129857.31,0.09776034,3.063761,-0.042879313
127717.63,-3.320141,2.5773878,-0.2336315
128783.38,-0.13824445,2.7087333,0.17374952
117103.66,0.5729522,2.8724282,0.05174822
122206.914,-2.8200443,3.0618951,0.065707475
115267.53,1.0334862,2.344389,-0.4452287
129885.97,-2.877441,2.231778,-0.89236873
129691.945,-1.6535482,1.7357178,0.19788171
132993.95,-3.0497205,2.05672,0.033025827
132542.61,-2.0461676,1.7820711,0.1575726
121848.76,-2.3107731,2.3163419,-0.030130217
119587.336,-3.3023212,0.42425248,0.09711251
120828.89,-0.27855808,1.2488184,2.5871186
130127.06,-2.3198407,2.5835629,-0.4764594
133851.75,-2.4754286,0.026014214,0.0020069925
116706.52,-2.9281926,2.3718607,0.25163454
125095.03,-0.98647946,2.2114055,0.7646504
127379.3,-1.2971051,0.5273758,-1.398453
120277.59,2.114137,1.6064215,-0.08407555
134095.0,0.82075495,2.2716584,0.31726363
133311.4,-2.252361,3.0985405,-0.10488986
115933.266,-1.7469398,0.95468175,0.07472836
128399.21,-2.208374,3.095828,0.09868592
126468.375,-1.036447,1.1528472,0.14185637
132622.17,-0.797125,2.8331373,-0.11125652
119336.88,-1.3481847,1.4519037,-0.25971526
115466.35,0.15126535,2.7883208,0.014083514
118139.06,-0.5301785,2.4500473,-0.23423345
122817.95,-2.7184753,2.3951163,-0.36376208
116909.86,-3.102637,-0.0111516155,-0.13875216
124137.51,-3.9795606,0.9528035,0.14532264
116311.99,-2.2737565,0.2581316,0.11841196
116791.055,-0.816796,2.2975552,-0.28133714
122742.266,-0.6197465,2.5165443,-0.0038691596
125166.68,-1.9662144,0.8583505,0.30278587
123156.85,-0.45703623,0.5384323,0.13092475
130813.01,-2.912239,2.8051426,0.19579813
122214.72,0.91580725,0.93004054,0.040431585
129805.47,-1.7861396,0.75643367,-0.15485787
118898.234,-3.537256,2.9770665,-0.18801363
120429.66,-1.8428706,0.7361177,0.79156107
123867.125,-3.5396874,2.2508535,-0.045973685
115893.28,-1.8202635,2.000168,-0.13352713
115499.12,-1.631776,1.9965901,0.09092972
123320.17,-0.68113595,1.414894,-0.13762961
133574.06,-1.1954571,1.8607937,-4.757973
129967.59,-0.023417806,2.7977264,0.3542656
121061.45,-2.4705923,0.17878906,0.12771952
118797.3,-0.8219459,1.1398436,-0.3153487
121643.77,-3.99948,2.5518465,-0.3117281
120272.3,-3.1200428,0.18412957,0.054327663
117604.28,-2.9758327,2.1797,-0.37584665
126603.49,-0.8595539,2.6131122,-0.26590908
130440.74,1.8213543,1.1813272,-0.11824925
130150.6,-0.048683345,2.4403377,-0.23506634
125933.125,-2.3450403,1.8865347,0.42642793
123690.99,1.4034797,1.2798102,0.25117204
115558.41,0.17153393,0.27006546,-0.036299296
123633.01,0.29401323,2.812206,-0.02412235
120509.04,-2.6840699,2.7695186,-0.08719317
117597.18,-1.887221,2.9064946,-0.053681012
122164.3,-2.2663922,1.5973165,0.093164675
131896.14,-0.7808233,1.3427624,0.25179544
119727.19,-1.9610046,2.7170944,0.097695984
134849.62,-0.85701424,2.8318222,-0.19534309
120785.86,1.6225163,1.9047087,-3.5728352
122052.875,-2.4645782,1.8333071,0.07389278
116337.445,0.38891193,2.6549242,0.031723592
120645.336,1.5110924,1.6763799,-0.20849389
127343.52,-2.7439163,1.6431981,-0.15403391
133098.88,-2.270774,2.640187,-0.12811704
121747.6,-1.6960828,2.708452,-0.085934736
132239.11,-2.6075346,2.6243877,-0.0033214458
122530.65,-2.651967,2.9540195,-0.20085569
126670.195,-3.8879755,2.2472486,0.01636198
119756.305,0.13275222,2.7418456,0.059150998
116327.625,1.9378313,3.0797255,-0.13459484
124917.26,-2.8165953,2.9682648,-0.21620569
116332.664,-0.92451483,3.101905,-0.118529364
134324.06,-0.40067884,3.0193899,-0.022182705
115731.85,-2.6552136,2.1681383,-0.21604864
116173.445,0.055787038,3.0724049,0.029815832
117052.17,-1.6929694,1.7326663,-0.6547274
115960.69,-3.144912,2.0964384,-0.028389333
133755.17,0.36922988,1.2448426,-2.7069983
132290.92,0.6384139,2.7021174,0.024085995
119702.87,-2.5291302,2.346632,0.08402698
121792.47,0.11543382,3.064692,-0.24353355
124510.27,-2.8449166,1.809769,0.5555072
131101.39,-3.3140106,0.07886409,0.06639167
115219.12,-0.87927794,2.291546,0.24391171
116110.73,-0.77089405,1.173724,0.07826973
115321.3,-0.3712054,2.7917693,-0.9006706
118034.82,-0.28469983,2.6923962,-0.049026042
125772.21,-3.8695297,3.0896084,0.03715484
126783.74,-2.5754225,1.3297884,-0.05364287
117224.78,-2.7454424,0.7012738,0.09839985
131889.08,-2.2773967,2.8402576,-0.12345105
126517.1,-1.868794,2.8948162,0.007642663
129540.96,-2.2774203,2.5412614,0.037477866
120875.836,-2.6005774,0.8124399,0.0011279089
118879.41,-2.9343534,2.3602326,0.07555321
125588.23,-0.94093156,3.0437474,-0.24976462
119169.01,-2.296669,2.878992,0.0077266973
120474.5,-3.0465245,0.21368775,0.08965013
123332.46,0.056200325,0.12701279,-0.14824775
128414.09,-1.7818828,2.5906668,0.24562518
117372.02,-1.7679912,1.3573767,-0.1466657
116443.99,-3.0001903,2.7701793,0.0012620063
115352.98,-2.1449015,3.1253326,0.17913428
130489.97,-1.811308,1.6690136,0.06688097
115014.62,2.0426,2.1739733,-0.11612217
122216.24,-3.6547053,1.9199584,0.04992569
127957.84,-2.5896273,1.7694548,-0.75876385
118186.54,1.9451486,2.3104043,-0.755946
124122.07,-1.7069412,2.388409,-1.0688398
127557.21,-1.2267549,1.4527253,1.523274
130067.555,-3.5205216,2.5554516,-0.16498908
122260.78,-3.3645866,0.64253676,-0.15266821
115077.16,-1.2055516,2.3692858,0.4152901
119236.98,-1.086103,0.29790267,-0.0704727
115732.24,4.5072565,1.8584409,0.112296514
123301.04,-0.95168626,2.7931678,0.08707367
125102.414,-3.3722467,2.8629582,-0.0035535835
131213.89,-1.6523896,1.689084,0.41490805
116329.98,-1.2365077,3.0600767,0.37673438
120239.92,-0.8324406,2.4243248,-0.688801
116456.0,-2.3140023,1.3461418,0.016744604
119390.07,-2.8062549,2.7917705,-0.031401757
132129.34,-2.867786,0.31415588,-0.328636
127602.875,-1.897401,2.775167,-0.82064205
123255.06,-0.35749394,3.121281,-0.008533666
120606.26,-2.0832045,2.9564717,0.13469139
122205.42,-2.6205575,2.264266,0.015712949
133563.72,-3.1766915,0.42506763,0.07949031
125941.125,-1.0426838,0.5983489,0.18950628
133579.55,0.1373304,2.2073026,-0.239738
125609.664,-2.2772195,2.2897577,0.26578152
124253.86,1.5075195,1.9536338,-0.3362143
122776.96,-1.8984569,1.2519807,-0.18563145
133244.52,-3.132083,2.502226,-0.2490843
119404.44,-0.03056145,0.8755403,0.20487325
122781.53,-0.8282957,3.0191498,-0.3411336
133867.66,-1.7919638,2.8500965,-0.36886436
130566.69,-3.5564048,2.288988,-0.12323559
122297.805,-0.32287437,2.6811469,0.058144968
116312.85,1.5181471,2.0363,-0.39676884
120991.45,-2.960693,2.7869296,0.19537498
128055.7,-2.1517036,0.29679278,0.050288644
123468.43,-3.6664732,3.001971,0.048464324
123580.414,-2.5079925,2.162613,0.06868801
128764.33,-1.4330685,3.0853415,-0.6194583
117884.08,-1.5117322,1.8521168,-0.1370983
121501.63,0.038736243,0.96627563,-0.05787737
119325.555,-1.1609001,2.469607,-0.30410868
134639.19,-1.2665801,2.5628119,0.055490434
134543.0,0.7030146,2.7299013,0.12036919
123107.36,-0.6708118,2.115018,0.0015623848
122031.79,-1.9567684,2.6881912,-0.0010411926
118398.32,-3.2116423,3.0388882,0.017192192
116691.67,1.4903399,2.8640985,-0.052462514
134700.75,-3.1549635,2.849812,0.11022605
118892.51,-2.481968,2.0019376,0.45688176
122676.9,-1.5397892,1.058293,-0.22385281
125609.86,-3.8514688,0.01936693,-0.114985615
130984.695,-2.0671577,0.14846036,-0.092685506
127350.875,3.0053732,2.7922697,0.12891328
133804.27,-2.6883485,0.839388,0.06561688
119466.24,-3.3756492,3.0052612,-0.1102633
129433.24,0.6162666,1.7171862,1.157922
122222.56,0.8454729,0.12225188,-0.0006627396
126464.48,1.9302661,1.9019094,-1.1077385
131345.45,-1.8567144,3.1180906,0.091804035
126593.18,-3.2844856,1.9271477,0.03959601
129786.375,-0.9103653,2.010771,-0.2812662
127679.13,0.66891026,1.9817222,-0.022658303
125219.41,-3.2499614,2.9872098,0.35181907
115921.805,0.34912732,3.119698,-0.0715869
127702.14,-0.28055802,2.7507598,0.04526744
123171.3,-2.7887025,0.7523991,0.08206915
133516.4,-1.186785,2.9714735,-0.028160771
132149.05,-3.441523,0.33475992,0.21248701
127196.31,-1.7062676,2.1375813,0.0030607006
118808.65,-3.3528824,1.5759581,-0.1518055
120066.086,-1.7111199,3.1363056,0.17235133
119553.16,-3.1212728,2.8178563,0.11593443
133987.75,-0.3517551,0.2235436,-0.12358246
122383.484,-3.6938381,0.83965534,0.027561206
129875.74,-3.3539953,0.89819366,0.06348801
133281.11,-1.9433415,2.7655478,-0.05194311
125054.19,-0.033473395,3.0846524,-0.020341696
118627.03,-1.7441773,2.7282145,0.06978702
117310.23,-3.4828503,2.3333817,-0.099520005
128376.77,-2.6586854,2.6359727,0.10793328
126691.98,-2.072795,2.8883321,-0.086019665
118368.8,-0.8020245,0.18233725,-0.054401565
125153.87,-2.9004214,2.1626847,-0.027154742
121781.13,2.674257,2.6180477,0.16539316
128315.09,2.0462651,0.18786372,-0.34006914
122142.7,-0.45485097,2.8418694,-0.09640566
116645.21,-0.8318379,2.0960166,0.24804191
134922.98,-1.7631739,1.3469473,0.10679435
129732.8,-3.8597136,1.4338895,0.123821154
121552.54,0.6344099,1.070384,-0.24937247
126305.586,-1.374519,2.7797987,-0.039106105
132709.33,-0.03365972,2.3406868,-0.9775159
125344.195,1.5893811,2.5639012,0.100474484
131186.88,-2.342603,1.1874094,0.07559969
115551.55,2.642614,0.8896965,-0.02018495
115364.52,-0.23091517,1.3091097,0.23696844
116368.17,-2.7552168,2.7855873,0.13163456
116137.04,-1.5119982,2.6108675,-0.24944398
118660.39,-2.7095704,2.8652406,-0.031621084
118169.02,-0.9136833,0.15875,0.03915319
120720.2,-1.208801,2.761425,0.083746865
121412.29,-3.4911408,2.5236402,0.5016924
131735.72,-0.9297477,0.89298475,-0.26052877
125866.14,-1.0971326,1.0187001,0.1257599
123369.29,-2.580905,1.9616712,-0.08587484
119966.69,2.542808,0.93816805,0.34683362
117208.93,-1.589572,2.2679467,0.157721
121065.84,2.6673791,1.3952509,-0.22658274
121804.4,-1.7212667,2.9296794,0.22922595
121299.875,-2.2508247,2.7267015,2.7682488
117838.06,3.575122,0.23382676,0.03479055
115969.04,-2.7833745,1.7601238,0.5241683
131950.1,-1.6842598,2.5622654,-0.39443198
123238.086,-1.1505057,1.996452,-0.19481951
127198.51,3.4250684,2.1062253,-0.18236126
116478.164,0.9449969,1.627848,0.08042482
125481.15,-1.0848632,2.3571198,-0.118344314
133188.6,0.3662604,1.6402284,0.13089137
115496.35,-2.806802,2.104169,0.6017261
125249.2,-3.5228605,0.34289396,-0.017294405
120755.34,-2.554719,0.66230625,0.020020159
116425.13,-1.5140673,2.662148,-0.0371757
115813.586,-0.4223915,3.0092604,-0.07825542
121594.27,-0.9262406,1.6176295,-0.10586133
133221.67,-2.5107746,0.9605617,-0.04038748
128357.48,-0.6519432,3.0453644,0.006540084
125316.5,-1.0875467,0.41714606,0.07408469
117647.05,-0.27701274,2.7376304,-0.12279605
120155.016,-0.6092415,1.2750652,0.031790342
126839.46,-3.378502,2.0081391,0.29636112
133333.6,-0.22485709,2.5188253,0.12234191
131461.78,-3.822035,2.5342212,-0.015926313
121785.83,-3.7231698,2.911489,-0.08668866
118928.21,-2.6232605,2.4912503,-0.31893867
122244.5,-2.8524437,2.8344834,-0.10297644
134852.23,-3.360298,3.1378007,0.17890602
116614.04,-2.936136,1.1994859,0.02208526
133635.38,0.025127431,3.1036153,0.025946077
132620.89,0.52853847,2.1827276,-0.04914226
127959.82,-1.8468117,3.0185769,-1.1747497
121494.06,0.87578255,1.3983405,-0.049480185
120220.79,-1.164983,0.20415512,-0.37481707
134355.44,-2.8684847,2.5860615,-1.2447603
125062.27,-2.218427,2.9563317,0.1472167
122923.86,-1.5833396,1.6458069,-0.697189
120463.516,-1.5386778,2.9387126,0.0132902535
116520.19,-2.756111,3.0009253,-0.08724323
122003.84,-0.9509782,3.1223183,-0.23809725
131700.66,-3.0830169,1.4559181,0.2119828
130939.94,-2.4407184,0.9457632,0.0442477
130917.45,-2.0188863,1.047773,-0.09564339
117753.68,-1.4216938,1.7393713,0.14767739
130398.46,-2.0455847,0.27081195,-0.17058662
123627.58,-2.7155159,2.9215283,-0.019493306
125585.06,-3.46993,0.89302886,0.038198415
121270.73,-2.1121347,1.0796057,0.10063242
122612.29,-2.8593843,0.21523333,0.10721392
122974.266,-0.97519845,0.31051683,0.28965864
118109.984,0.36030358,2.4679928,0.040061478
118798.68,-4.041037,0.1584984,-0.043531027
131906.19,-2.4214308,2.8531976,-0.121178836
133067.6,-1.003202,2.325726,-0.18353179
115116.484,-3.1651907,1.8356947,-0.011364316
121074.766,-2.8321075,2.4967597,-0.16250977
115345.11,-0.30428028,2.2159543,-0.25872055
121331.375,0.11848663,2.5192235,0.0039803116
133758.4,-2.744533,0.93545085,0.12712948
123532.47,-2.570614,2.8464,-0.026178513
115519.33,-1.432948,2.7391863,0.16037971
115109.34,-2.6049283,3.1241536,0.009250641
132315.89,-0.5866716,3.0286546,-0.4127467
115630.46,-1.2563661,2.8135872,-0.1648237
115425.016,-3.7708642,2.3630514,0.4854219
120797.98,-2.9819872,0.34174812,-0.08684928
126500.5,-3.4187863,1.1786349,0.0064441296
117135.234,-4.1417327,2.2068646,-0.70942074
133121.69,-2.4092543,3.0335853,-0.009118928
123088.63,-0.11788426,0.8315799,-0.04645882
122009.35,-4.290654,2.7390954,0.27739078
116887.07,1.381807,2.409871,0.4819592
119421.41,-1.2068496,2.9607325,0.074835636
118180.33,-1.0937175,2.0521789,-1.0233954
123032.51,-2.252884,2.1633978,0.38244218
124260.61,-1.9838259,1.0534685,0.041626543
120567.11,-1.9160284,2.661641,-0.07069679
131046.89,-3.2368953,0.9638393,-0.48078868
132352.06,-3.8820148,2.414896,-0.118962355
115721.24,-1.2476361,2.9549005,0.16716266
116559.164,2.9913774,0.8122531,0.025557492
132250.88,-1.522558,1.8902919,-0.16476052
125817.02,-0.034592364,2.1627386,0.22274695
133666.44,-0.25241396,2.384159,0.12855569
124007.23,-2.4674006,3.046484,0.09423567
128273.02,1.3025993,0.7897098,-0.12932838
134438.2,-1.9726275,2.7452655,0.16112171
133610.5,-1.0815617,2.25812,0.08363541
122736.8,-2.6094084,2.8336816,0.09279576
119279.734,-2.5710797,2.2716334,0.34189644
126591.53,-2.3856268,2.962566,-0.239589
130354.41,-2.517406,2.119983,0.34878013
121862.945,-0.05371682,1.6572666,0.053223293
119241.06,-4.025825,0.75129706,0.0055876933
119456.41,-2.1127422,0.78359467,-0.10436629
129353.92,-2.3379936,2.5544136,-0.20173031
126941.21,-2.444396,3.0802398,0.17545763
119117.12,-0.073770136,1.7319946,-0.2024452
122659.51,-3.3467884,3.135289,0.13018036
124911.78,-1.6744677,2.6449056,-0.09381013
134789.95,-4.0870423,2.6140733,0.012176946
132556.22,-1.3432832,2.7463622,0.15019366
124034.87,-1.0709946,1.2605283,-0.34858733
120984.51,-1.0554186,1.1982567,-0.89988804
133620.22,-3.1494021,2.4956589,0.23446707
121418.12,-1.4907821,2.9269843,-0.006348175
124642.53,-1.0618525,1.0563598,0.20312998
131916.83,-3.3602266,1.7162821,-0.03168694
119207.56,-2.322731,1.3590012,0.3212782
133251.1,-2.8034492,2.8672252,0.34057397
126293.56,1.0621111,2.950646,-0.007696302
120689.07,0.056205146,2.7119088,-0.17723784
119374.164,-2.8377075,0.7493119,0.24384257
129843.9,-2.3970494,2.9245532,-0.12050805
121904.62,-3.6808631,2.7635856,-0.0315442
119605.305,-1.3405902,0.8414272,-0.11761154
123222.55,-1.7485605,2.9484482,-0.0068869493
132003.89,-2.001319,1.6244805,-0.009944074
120091.72,-2.2962203,2.756547,0.035693474
127040.47,-2.2880228,1.2136197,-0.06380388
131757.05,-0.47080725,2.2112868,-0.80882746
126962.87,1.8546679,1.7992744,-0.7198458
117233.234,0.58831817,0.13262676,0.1947027
131312.69,-3.6312475,-0.11710845,-0.116344474
124816.77,-0.9557606,2.2667544,-0.27425292
122831.62,-2.634029,1.9760877,0.0031304315
125402.99,-0.6649493,-0.0019851269,-0.035337072
119466.88,-0.32101974,2.659587,0.15332976
132685.83,-2.929876,2.7022178,0.21822639
115547.84,2.9737315,2.0052955,0.35842502
133922.53,-3.0597093,2.9556756,0.07382782
116052.61,-1.7289484,2.4301946,-0.16931745
126359.68,2.670777,0.87604356,1.4121155
116688.33,-3.7246873,1.6891563,-0.09409233
134821.27,-1.0340438,3.103014,0.09397522
115346.77,1.6143869,2.6055233,0.2711198
134737.45,2.0217304,2.0190809,0.1651804
115714.03,-3.1302412,0.46187127,0.07010528
121935.28,5.207289,1.3096952,-0.14084706
121272.56,-0.60428685,0.8200469,3.50587
122558.58,-2.7990413,2.660171,0.11092038
122843.92,-2.516843,1.7245382,-0.26002726
124453.55,-0.26667163,2.4896798,-0.022846935
116256.19,-1.8842784,3.1369836,-0.020311002
133462.6,-1.9941432,1.5717424,0.29375187
125632.08,-2.455979,2.5567305,-0.013503022
124340.85,-2.9453619,2.8659723,-0.63053834
123554.055,-1.4825636,2.834318,-0.25790286
121186.555,-1.4259149,3.0588439,0.603169
121659.15,-3.732047,2.6147249,-0.14314967
126772.54,-2.0082924,1.9096135,-0.31901494
115589.82,-1.9552065,2.5403178,-0.13045064
129469.99,-0.33876762,0.60034335,0.05170114
115848.83,-1.4360813,1.2600619,0.32748127
132375.4,-2.982528,1.3715132,0.27293578
126884.88,-2.6105392,3.081635,0.060873408
116727.734,-1.1811116,3.0760915,0.026402008
126309.7,-3.6845176,0.74328834,0.0014294792
115402.74,-3.426473,0.543489,0.058789235
127877.76,-2.6405802,0.2850855,-0.16130051
128113.07,-3.3400218,2.4080772,0.36808956
117328.45,-1.866916,0.12994483,0.020355701
117566.76,-1.5540972,2.4245248,0.2003199
134250.77,-1.779434,1.1627612,-0.018729843
128106.336,-1.8502626,2.1084845,-0.28193045
116710.17,-1.5495824,1.9273751,-0.94432646
128143.64,1.3371046,2.572025,0.011066023
130088.58,-2.1603503,1.876031,-0.14030144
118295.984,-2.0082672,2.2275503,-0.52920264
132574.86,1.6736839,2.0697403,-0.058044247
121204.09,-3.203891,2.3942301,0.19963868
119457.93,-1.2368001,1.9149106,-0.056662746
120950.42,-1.979566,2.5591226,-0.024350317
117744.44,-2.9031034,2.3504798,0.2486671
115754.3,-1.3863286,2.8535292,0.064289615
116684.17,-0.87206197,0.5352011,-0.14552736
129232.94,-2.973789,1.5108877,0.057273634
116243.24,-2.343444,2.2911239,0.52539426
122065.414,-2.345388,2.6428232,0.39028358
121205.87,-2.1471202,2.659187,0.10341747
126821.96,-3.6671445,2.7440553,0.08792355
127786.914,-2.1540086,2.4126163,-0.022010464
115712.6,0.22173679,2.6771672,0.11301349
116261.38,-2.4210358,0.2855114,0.006201562
125970.64,-0.77103215,3.0106077,-0.021367392
119594.68,-1.4956073,1.9344579,-0.04792406
134591.42,-2.915431,2.7779832,-0.82963705
130268.35,1.2456017,2.432564,-0.016133716
128659.48,-3.0519867,2.6065984,-0.2111371
133584.77,-1.5636896,1.6444465,0.00017730668
117251.19,-0.97219527,0.19649938,0.024547886
119158.555,-1.906839,2.8558736,-0.019873546
116069.08,-1.1355709,2.1760666,-0.007409035
115096.3,-2.2350857,0.7347797,0.46456465
129729.2,-2.1900723,2.2655303,0.098503545
120315.76,-3.6328971,1.1258502,-0.16741833
126289.8,-0.84285504,1.3813349,0.046066064
126985.81,-3.2594063,1.2527394,-0.17069061
118315.82,-2.690699,0.9819406,-0.051614124
120342.414,-3.1052752,2.974078,-0.0506224
134987.86,-0.03956867,1.9138877,-0.010918814
120470.766,-0.017615963,2.4801292,0.06733988
117463.69,-2.868027,1.6314876,0.014959618
121566.805,-1.3970134,2.1160772,-0.2585379
128415.83,-1.651761,2.6820095,0.0048474753
128896.72,-2.0700412,2.7584326,-0.50104517
125345.3,-0.14065804,2.2031257,0.017623093
132354.6,0.112601094,1.5057718,-0.27280375
126726.164,-0.19449264,2.190868,-0.045750786
134437.56,2.0933838,2.57539,-0.077532485
121925.914,-0.04995592,2.2060206,0.035374023
124856.61,-3.3093605,2.242266,0.3371059
121309.44,-2.7581851,2.879923,0.059285097
132114.03,-2.4886408,2.1457016,0.020793753
118287.695,1.3108581,3.0715551,0.0426731
125172.336,-1.4415574,2.923902,0.062324043
123185.805,-1.9664844,2.329959,0.32241178
127292.016,-0.31641126,2.6578705,0.35155386
125275.48,-1.0850313,3.0688584,0.062278748
128433.01,-2.2784927,1.0830613,0.23517214
133598.75,-2.2823281,2.3925865,0.30498567
130684.33,-2.1690178,2.8477256,-0.43333337
122623.57,-1.2849559,0.46329063,0.12721054
129263.48,-3.7978299,2.808708,0.21220809
125324.6,-1.3969886,2.0714457,0.021071484
127619.75,-4.3249674,1.7832744,0.19177282
119625.67,-2.232653,2.8745098,0.0571008
125504.016,-2.1835961,2.6951349,-0.11972522
130321.96,-1.8006762,3.0262706,0.06843829
128562.336,-3.034015,2.7343478,0.41583362
121766.945,-1.7571025,2.7865787,-0.042222235
129800.836,-2.447298,1.603676,-0.32308376
132751.89,-3.427789,2.3526042,-0.08661714
131965.33,-3.0092192,2.1329515,0.30369118
117902.88,-4.2822084,2.067126,-0.19389275
125967.32,-3.8581586,1.8753587,0.17450047
117792.2,-0.4763105,2.0602124,-0.1118683
129963.22,-1.1996436,0.9639587,0.073311694
119123.2,-3.8756669,2.8434453,0.013087617
124024.13,4.3383904,0.14345175,0.051339373
118793.4,-3.3673074,3.0935235,0.052316796
123913.58,-2.6236198,0.47635484,0.039572764
126236.12,-2.8284705,2.8691688,0.7814263
121608.66,-1.7762741,2.7225568,0.1112595
123861.96,0.9964634,2.6371,-0.17136855
129757.1,-1.416794,2.5639272,0.11035359
119936.56,-3.3689547,2.4168146,-0.08985455
123169.05,-2.392277,2.972272,0.003209102
121241.27,-0.07242972,2.4883227,-0.0900715
133605.81,-0.60020494,3.0599213,-0.043318555
120291.234,-2.9847646,2.50708,2.1822748
116439.51,0.7622715,0.22745316,0.05434554
119888.69,-3.322669,2.9277997,0.11324831
134923.31,-3.3101726,2.001259,-0.75852066
124273.164,-3.9766064,2.5917866,0.021516688
132059.33,-2.952212,0.3564632,0.64500564
115997.11,0.07611691,0.70655906,-0.1339312
133546.56,-0.03152923,2.594763,-0.113244735
123771.6,-0.34654978,2.5899112,0.07926682
133897.38,2.2856154,2.9623945,-0.04792108
123143.63,-1.7109033,1.9859172,0.027594581
125825.8,-1.4515544,2.3696592,0.22409865
134272.22,2.385997,1.9065527,0.17815566
117729.766,-3.010763,2.2459538,0.069622524
126282.86,-1.0987041,2.923149,-0.017170737
120493.086,-2.6961775,1.1067852,0.13418779
132629.05,-1.3048704,2.8064704,-0.63137835
117794.805,-1.5765599,0.17764142,-0.13487078
118848.89,-1.259672,2.3447459,-0.7088313
122698.58,-3.241647,1.9028617,-0.1283909
124288.13,-3.8123658,2.9474106,0.018965855
128736.59,-1.1626973,2.9612117,0.028831258
119004.3,-3.0606055,1.2785062,-0.32997936
125852.875,0.19437589,2.2323077,-0.11338628
123010.836,-2.8497283,1.6863638,-0.40250704
120118.445,-1.8921112,1.4953264,-0.15878603
128933.79,-2.9932423,0.94234073,0.16914968
127895.98,-2.6411164,0.8916922,-0.19037671
125454.35,-2.5007455,2.0841691,0.18812597
116236.22,-1.8836733,3.02525,0.067610465
130444.336,-3.0749917,1.9416502,-0.18906733
119117.11,-2.6365893,2.550765,0.46331307
120813.56,-0.3535629,0.8049788,0.010478974
118979.68,-3.759366,0.9473859,-0.0159132
128710.71,-1.800526,3.1096358,-0.018468503
116820.805,-1.7444324,2.2035036,0.48563942
130690.28,-1.5051769,2.3521714,0.052406788
117568.34,2.4251406,0.87448746,0.28045118
119163.96,-0.4597498,3.0726757,0.060072396
127210.414,-0.64075005,0.23688245,0.093158126
123988.78,-1.9590425,0.9753993,0.22936183
128092.734,-0.8038436,2.9419806,0.08268421
122371.52,-1.9429725,2.9607763,0.09901014
119187.97,-2.082749,2.309002,-0.4677547
116354.93,-2.932678,0.26255536,0.03244891
131476.53,-3.2384906,1.2708069,0.22492172
115444.94,-3.7030165,1.816894,-0.22884929
115897.15,0.2822022,2.4309087,0.16438773
123085.055,-3.0604806,2.6009278,-0.17131938
125327.445,-4.1573615,0.32891595,0.048183613
134567.31,-0.79247963,3.0306382,-0.10335847
127896.23,-1.7286581,2.7995875,0.05370068
124860.31,-3.368078,2.652411,-0.08300575
118240.81,-0.65274256,0.1896841,-0.06474078
127061.62,0.12948519,2.977706,-0.014728673
122431.03,-0.26641986,2.567344,-0.18979026
120726.28,-2.203465,2.0750349,0.53509754
120536.67,-2.193725,1.7174673,0.004058386
124865.79,-1.1529042,1.5502137,-0.03399401
118005.44,-3.0402012,0.28355354,-0.03118601
116815.77,-0.21500298,1.1394142,-0.8085247
116518.945,-3.169222,0.19674231,0.31627965
130021.66,-1.3351301,2.5737267,-0.018614817
129474.125,3.5633078,2.28596,0.19447504
118485.164,1.2977962,2.219642,-0.30295306
115705.414,-2.190801,0.52706903,-0.07857666
121651.44,-1.5512961,1.5495055,-1.3033379
131538.14,-2.4023254,2.3675652,0.16824497
133679.23,1.2484142,1.9785237,-0.04837105
134151.92,-2.6799664,1.584457,0.16744992
116771.055,1.3700324,3.1166406,-0.09375918
124043.72,-0.2989568,0.8167957,0.01262811
134463.84,-1.4150871,2.4450524,0.21030807
122529.664,-3.0760317,0.086226776,-0.26146418
119548.43,-0.5766167,1.2134104,-0.26589984
130793.07,-3.5601594,2.6894531,-0.12808277
124655.42,-0.9973802,2.0483778,0.17823374
127671.48,0.031035008,2.3416662,0.3791821
121569.47,1.3525221,2.0828788,-0.012910906
123173.29,-0.6873511,3.115709,0.02129498
118292.02,-2.0254447,2.8719044,-0.30002853
134170.67,-0.8980118,1.082237,0.36032262
124751.3,-3.067872,2.8840656,0.04511129
122677.98,0.02696242,2.1431594,0.23035416
118533.68,-2.962661,1.7050453,0.28110915
124923.77,-2.544649,2.9860177,-0.049953103
132402.39,-0.9384191,2.1978424,0.12620689
128400.695,-3.4120471,2.6134224,-0.20528062
131106.16,-2.6294398,2.926347,-0.16847025
120337.734,-2.344297,2.6815696,0.07056896
115585.08,-1.9476857,2.3330925,-1.4653431
127765.79,-0.6373091,1.8294295,-0.44612923
127802.09,-1.5010701,2.9096034,-0.027666695
130006.734,-1.4833964,2.4570143,0.05002641
133638.1,-0.13056318,1.8071095,-0.3044499
122662.24,-3.4775004,0.06589534,0.023490602
121530.766,-3.964333,2.370322,-0.16003999
126598.95,-1.0007489,3.0725384,0.010460498
115773.82,1.0535561,0.15758647,-0.097988315
118879.25,0.21160887,0.54115295,-0.063457616
115742.875,-2.160177,0.18596117,-0.030351626
119359.24,1.7104325,2.1382847,1.0227952
119110.47,-2.8040328,0.6917695,-0.3876851
122244.234,-2.7298362,1.4630423,0.5709564
129859.19,-0.7478644,1.8094065,-0.025952036
129163.555,-2.544123,2.3444948,0.11282694
125378.78,-2.2370653,0.046792045,0.20127766
123058.24,-0.1363664,2.5520875,-0.37134963
132960.83,-3.1016452,2.6668396,-0.031271536
131285.73,-1.9497181,1.6992307,-0.22741117
120415.766,-0.5047752,0.6005671,0.07914821
122405.945,-3.244996,3.03439,-0.07064316
116711.26,2.2458014,1.0654235,-0.4461954
118661.53,-1.6528987,1.6756955,-0.9387069
120136.67,0.20769884,2.5250654,0.42308205
124143.04,-3.5009375,3.125017,-0.044680987
122394.016,-3.1104667,2.6789124,0.15898629
127352.67,-1.1120081,0.100436926,-0.43930694
130411.586,-1.2451333,3.0617356,0.014730162
115841.84,1.7250539,0.15249744,0.055086356
125423.44,-3.398035,2.7636242,-0.061975986
129580.63,-0.6452535,0.35433248,-0.10893067
126877.27,-2.2039285,3.0906184,0.033943053
117585.586,-3.0645714,2.921302,-0.09906497
128529.79,-3.6858268,2.2979424,0.25762007
122337.69,-2.160184,0.4056639,0.19474621
129501.31,-0.457424,1.4353257,0.38443038
131676.98,-1.0985794,0.16677332,0.11291396
130907.234,-2.8511007,0.41072458,-0.16340166
116990.5,1.2600095,1.9482507,0.006993631
123923.92,-0.73062485,1.3084257,0.034048546
119565.94,0.6591974,1.5040514,0.047944024
124924.38,2.0466557,1.9898436,0.16014726
129795.75,-3.4473228,2.6276257,-0.2896631
117445.91,-2.6357365,3.063471,-0.057833865
118208.84,-1.5929251,2.6682665,-0.03408192
117282.75,-2.6035447,2.9391453,0.085098565
121018.08,-2.7574353,2.130607,-0.022965834
118607.586,-3.0321126,3.0774486,-0.05616271
131648.88,-3.1469736,2.4788415,-0.30522197
115793.02,0.71777445,1.9280108,-0.022664264
129479.09,-2.2762978,2.504423,1.5276788
117155.38,-3.384332,2.0651336,0.14319973
123680.086,-3.2753892,2.6401317,0.00799966
118936.67,-2.1239438,2.5690033,0.010841335
134795.53,-1.3345205,1.6417505,0.013684798
124639.23,-1.3285788,2.6752715,-0.13924803
127344.43,-3.4897935,2.5505576,-0.23451595
120496.07,1.0466039,2.9408586,-0.10037078
128808.97,-3.4133089,2.8065565,-0.40831047
124756.18,-1.9750618,2.2336767,0.11172735
119650.836,-2.5281904,0.35443294,-0.07029569
122987.484,-2.2221863,2.5843523,-3.9972894
128782.59,-2.4401338,3.1476488,-0.007696004
129592.17,-3.528187,2.8793368,0.07079603
122424.68,-3.476536,1.2566721,0.20969838
124537.82,0.45002657,1.0391467,0.06077149
129345.734,-1.66891,2.5276911,-0.8087217
130369.26,-1.1192492,2.7899914,-0.14121747
121788.555,1.3117206,2.301148,-0.18117614
122288.59,-1.8034225,1.8822699,0.07094622
126166.18,0.27725726,1.9947326,-0.029753849
117678.414,0.41123074,0.10078059,-0.18278411
116122.195,-1.6383435,0.28869256,0.069055736
132770.42,-2.647976,2.289204,-0.29457137
120727.49,-2.5106137,3.0510404,-0.40747282
128345.94,-1.35883,2.5042691,0.343837
119964.66,0.5127482,0.532603,0.027967075
125094.836,-2.853089,0.6976764,0.020601248
123838.59,-2.399106,1.3246741,-0.074106745
131467.66,-2.1664677,1.647078,-0.00045146156
129326.84,-2.8758383,1.7903813,-0.29051685
125804.56,-0.60276115,2.9573777,-0.047685962
120865.06,-3.4014037,2.0506291,0.49906886
132431.9,-3.378722,1.9536124,0.3512064
127370.16,2.0153058,2.9751005,-0.14388244
120759.88,0.649563,1.0760984,0.30078337
123103.26,-1.8751363,2.7981918,-0.027379131
119510.43,-2.1378462,2.6011918,-0.26702148
117211.414,-0.98727125,3.0701241,0.04229286
126219.445,-2.5090392,3.0597608,-0.29996416
118963.84,1.1363648,2.1125226,0.26242492
121186.234,-1.6868442,2.2605822,0.29154494
115617.2,-1.5527457,1.8820902,0.06547206
122280.43,1.1629239,3.0867426,0.19274846
134379.31,-0.7990192,0.37126926,-0.124781884
124476.555,-2.7490153,2.3801692,0.12322278
120653.78,-0.9618786,2.8005562,0.088749
127685.56,-0.8551534,1.8776178,-0.06253413
127878.52,2.350475,1.03664,0.3344043
122636.75,-2.472786,1.4384532,0.1661447
131044.21,-3.033866,2.7450092,0.20766784
118242.78,-3.8007925,1.7776726,-0.27681446
120707.125,-1.9250474,2.5906193,0.31175312
115816.766,-1.7845812,2.815569,0.048272416
118442.61,-2.1181586,2.8839886,0.12044071
133646.6,-0.27320567,2.2095656,-0.08753229
123139.88,-4.1686025,1.2498921,0.030753918
116769.35,-2.9954755,1.4860151,-0.7249587
115174.43,-3.455546,1.9952447,-0.18725462
128448.03,-2.27976,2.84323,-0.19108774
121126.68,-2.0294166,2.922821,-0.19902094
129429.63,-0.89628947,3.0358984,-0.010490595
124270.19,1.049583,0.8643114,-0.14557356
125176.87,0.95483863,3.037749,0.0046758307
116128.03,0.83136606,1.952504,0.07381411
132716.92,0.0147667015,2.6957312,0.37633568
119285.79,-2.9686508,0.5186195,0.07436063
125102.65,-1.007348,3.0767863,0.09726091
131419.47,-3.2161741,1.3176792,-0.68271327
115996.3,-3.1807563,0.038035996,0.22027896
115344.26,-0.10799433,2.2916105,0.3240901
123943.195,-1.1398994,2.3871658,-0.055580728
121021.6,-0.70810187,2.5668123,0.1071728
125417.56,-2.716723,3.017968,-0.054424807
125245.74,-0.26809782,1.9066257,0.02294408
124311.086,2.302233,3.0765712,-0.027813012
116261.43,-3.1432981,2.9355495,-0.17668685
127759.195,-0.9104993,2.6599982,0.09515767
131726.5,-2.4518597,3.0796618,-0.0073941355
119589.75,-2.8667212,0.22259262,-0.5038409
117143.88,-1.3252673,3.1033652,-0.072764575
122218.35,-2.5545542,0.56584597,0.19229253
124410.516,-1.6131313,3.0218804,0.03254606
119588.586,-2.3068228,2.5227535,0.30615202
128538.305,1.4615235,3.1183043,0.09261458
129769.43,-4.714949,1.8677425,0.11997345
129499.68,-3.4725258,2.1771967,0.45067632
132678.9,-3.3494616,1.0831058,-0.060503595
127277.945,0.21464066,2.8013377,0.031230114
131011.586,-2.904697,2.9926348,0.0540845
119788.53,-1.6003677,2.0111775,0.44504842
128876.734,-0.38416052,2.1120322,-0.4905921
133149.77,-3.411383,2.970572,-0.046860218
125800.59,-1.1780788,1.5852998,-0.12601589
121318.01,-1.4449074,2.196516,-0.34183595
117633.13,-0.76116467,1.9289515,-0.054847363
119036.88,-2.002244,2.1464705,0.07528203
116546.47,-1.9828671,3.003063,0.068860255
121155.48,-2.4805706,0.3876703,-0.5000972
134220.52,-3.3566651,1.8203764,-0.5588066
123513.74,-2.7414362,1.4715526,-0.1069201
129677.445,1.3915495,2.989437,0.1265925
134994.22,1.0592691,1.7004493,-0.13900009
121666.984,-0.59657496,1.803804,-0.27759403
125243.56,-1.3565186,1.4884773,-0.65562975
120057.65,-1.2696949,3.1060798,-0.03879768
115189.914,1.3280144,2.6257734,0.21654272
115712.45,-2.9507346,1.9532759,0.19926322
115311.38,-2.582197,2.7113876,0.60126305
127307.84,1.3989735,2.8535147,-0.027601734
129881.28,2.89708,1.1190622,0.11156166
126951.484,-1.8217568,1.3653432,0.43487608
128033.63,0.7251268,1.9689277,0.11682663
117963.73,-3.592581,2.1002614,0.19952902
124256.85,-1.5380251,3.0306706,0.052373413
116553.5,-2.427081,2.842547,-0.010047478
122722.68,-1.5430831,1.8366555,-0.8686856
116038.14,-2.570425,2.375946,-0.35789576
117577.914,-0.019086571,2.9061847,0.049175933
129003.44,-1.6594003,1.5784256,0.24840726
133431.22,-1.2401938,3.0439963,0.2327256
119509.25,-2.1068945,1.2674118,0.4555116
117263.87,-2.4235437,2.4786627,0.11152709
129742.89,-2.8028219,2.4163535,-0.072491914
115380.79,-2.3373506,2.7904873,-0.02983997
126873.58,2.2776914,2.5479043,1.318796
118268.016,0.45289546,0.774248,-0.1652087
116821.59,-3.301371,2.9534888,-0.028355958
116244.65,-3.6443875,2.715032,-0.048161857
124043.91,-3.5921493,2.7711003,0.03557666
133887.31,-0.2808432,2.4534228,-0.13360818
127227.68,-1.5546751,1.3413388,0.09257167
129907.6,-1.7773831,1.5287164,0.16847561
119181.664,-2.935422,2.5283,-0.57461935
130112.56,-0.10656574,1.609446,-0.039574254
123910.93,-3.764827,0.5424078,0.23613882
132199.3,1.6783588,2.1741831,-0.23720148
120719.88,1.266983,2.5535188,0.12999023
128620.52,-1.7729547,2.849211,0.32502818
129915.22,-2.5229886,2.8261898,0.2975227
117638.81,-2.0902166,2.4049966,-0.00093689444
128956.94,-2.108155,2.8075933,-0.047568254
120719.3,-1.8965816,2.6199775,-0.052212793
122542.055,-3.5931988,3.148405,0.07727741
130284.29,-2.6399362,3.0214238,0.022757536
117033.23,-3.3256555,0.84683114,-0.21993984
129442.81,0.62003237,0.99099225,-0.16456296
117471.9,-1.6978645,1.0613835,-0.43357354
117924.95,-1.4962147,2.8357046,-0.1775713
125075.27,-1.0621341,2.336295,0.27016562
118369.76,-1.0703886,2.9150326,-0.102198675
117216.98,-2.2753484,2.5616405,-0.1832341
116393.15,-1.4983346,1.4655138,-0.20815954
125756.766,0.08472014,2.760557,-0.0038748216
128492.81,-2.586311,2.795293,-0.003477297
115796.586,-1.5198027,2.8894627,0.7480998
119648.04,-0.10361454,2.5800788,-0.074568935
130152.29,-3.0984118,1.3607717,-0.5597843
126668.34,-0.12644032,2.1811407,0.50723153
127340.7,-0.9451247,2.8914578,0.07432011
128887.9,-3.6024606,1.9120198,-0.39652658
120817.04,-3.4692993,0.92831135,0.2208392
128336.266,-1.9716612,2.3408136,0.10266474
125428.58,-2.5742686,2.5236351,0.27796116
127970.55,-2.5460677,1.5586739,0.037886117
133259.12,-3.6287236,1.9796506,-0.31503373
116099.46,-3.9973457,2.2872972,0.14380108
121422.27,-0.03493436,3.1213882,0.12411736
134642.77,-1.3360187,1.0530849,-0.3717811
122131.0,0.41793284,2.60951,-0.041121442
121109.59,1.059143,2.684714,-0.07985923
121961.74,-2.5385876,2.3001971,0.20984142
122164.31,-1.8818806,2.9892557,-0.14978392
129027.664,-1.0249171,2.994726,-0.02348226
117732.91,-1.3078598,2.1978223,-0.37587795
119238.45,-2.7588165,2.5675423,-0.18041298
130857.89,-2.4715447,0.2225736,0.045143474
116764.15,-0.07962123,2.269751,-0.20387617
122405.56,3.2606964,0.385049,-0.11716157
116776.02,1.7963505,2.8117537,-0.091381185
119228.94,-3.6861436,2.7110417,-0.016731493
121752.5,-2.6246247,1.1766826,0.07901888
115143.61,-4.421863,1.6975926,-0.036556765
130275.305,-3.292801,2.995241,-0.057255458
129395.89,-3.9667027,2.985202,0.046336643
130607.27,3.0583532,1.9819543,0.1971844
124384.38,-3.3146234,2.7838476,-0.37357503
125102.68,-2.7703304,0.49643478,-0.030718159
134796.23,-3.2500367,0.81458706,-0.023049273
123705.22,-4.019455,1.6552151,0.005924427
118450.53,-3.3028617,0.8187327,0.029411752
115506.2,2.2883644,0.25920153,0.3299141
123074.79,-0.4396321,1.4155262,0.20570585
127685.47,0.23297195,2.6541297,-0.046900745
122315.98,-2.5929728,1.8341364,-0.052484266
120272.61,-0.5727459,2.8670766,0.06927446
132745.58,-1.5327313,2.9725738,0.097343154
129162.12,-0.54665,2.895015,0.044591587
118174.266,-2.6443238,3.1198132,-0.12508465
117735.336,-2.9104617,0.7254745,0.20283616
117723.98,-3.407221,1.6117766,0.05731595
123653.32,-2.073961,1.0485462,-0.87910503
125973.83,-3.1222644,2.9519448,0.1575261
116256.61,-1.6269598,2.1975398,-0.08160458
133164.94,0.12889488,2.1224668,0.0019956687
119956.42,0.053551853,2.9675615,-0.075574666
125385.09,0.5322243,0.74835736,0.107143
122165.84,-2.7400856,1.8659534,-0.10490804
125420.99,0.71965766,2.801653,-0.15546459
124586.664,-1.7970132,1.6581106,0.66017956
129415.43,0.0033500257,1.5781003,-0.807142
131228.78,-2.7025418,1.9006205,-0.17748041
131477.61,0.738135,2.054039,-0.38048702
121418.93,-1.3877066,0.19314209,0.06353748
134434.17,-1.6707698,2.2867,-0.06995777
116592.695,-2.5663462,1.472517,0.20106012
126811.79,-2.74772,0.9884443,-0.09161064
124201.695,0.9957029,2.1392417,-0.041244812
134365.36,-2.8576896,1.0564954,-0.15271083
122251.38,-2.2818053,2.8027987,0.034506265
119789.92,-1.2877724,0.7742159,0.11357432
118082.9,-1.680095,2.8748074,0.14955357
117306.52,-3.553841,3.079765,0.06468833
130717.57,-0.5679621,0.6759071,-0.08805378
133608.39,-0.17081791,1.3216261,0.12750556
128232.2,-2.7340968,0.7748667,-0.05972851
118101.79,-3.6681812,2.4057055,0.6756442
127190.28,-1.1923457,2.7467594,-0.13976058
133161.02,1.6727519,1.676873,0.38585958
119064.46,-1.6373127,2.109879,-0.13886361
119685.83,-0.09722927,3.0452025,0.090093546
119528.46,-3.6342404,1.8636795,0.05222263
133950.17,-2.8630097,3.0495327,0.022782568
121966.94,-2.5740318,2.1227982,-0.09824251
120925.13,-2.004156,2.6032927,-0.005279269
116620.48,-2.8298478,2.470982,0.38145342
124714.01,-1.7562146,2.3158448,0.44535714
128497.64,-1.3105868,0.34410858,0.09527567
130126.12,-0.56230354,1.4863458,0.1651655
133029.58,-2.7929037,0.9971182,0.12785242
121478.19,-3.2362807,2.926182,0.11477464
125587.49,-2.0133507,2.9708247,-0.047321215
122269.07,1.3676643,2.9680932,0.055064898
118523.55,-2.9031808,0.6302131,0.69081277
127791.45,-1.7880255,0.2964262,-0.048123714
117907.66,-1.9817864,2.9012227,0.026129045
125534.164,-0.5634525,0.50310415,0.041076444
126910.625,-2.0048928,1.0866389,0.6306673
117543.73,-2.7027037,2.7607672,0.0052563236
130456.71,2.6616359,2.9016085,-0.048150834
116491.35,-1.5082207,2.1928072,-2.1654534
130520.47,-1.6270369,2.6902099,0.31709796
119609.11,-3.6317024,0.10273731,-0.02298878
133283.69,-3.5111454,2.9990242,-0.09301717
117480.09,-1.8537525,2.9762678,-0.73673517
130443.47,-3.060902,3.0662832,0.20392622
128039.945,-2.3316176,0.51423776,0.22410938
118786.484,-1.0917627,0.091406785,-0.06463827
121817.12,-2.1750693,1.3206034,0.119821474
128446.99,1.5607232,2.3001807,-0.23036161
126335.42,-0.30998984,2.0927625,0.978757
117537.21,-0.47589585,2.8982077,0.03687949
127072.79,-1.7213033,1.9865651,-1.5923886
133917.34,-2.2880495,2.7420945,-0.36379248
116569.445,-1.4865016,2.9016304,0.057490572
127744.516,-1.6300409,0.5941956,0.0009544761
115195.69,-3.311146,2.5522418,0.13164112
119125.42,-1.1160318,2.3696895,0.022894613
134033.14,-0.05942809,2.8367214,0.06533319
123261.19,-1.1270114,0.2493287,0.18049492
133074.55,-3.1754503,2.9961247,0.14136408
123967.875,-0.21881934,2.3958194,-0.15139338
131925.39,-3.1198375,1.2685969,0.015155102
121819.03,-1.7660422,3.0574896,0.01982527
126123.445,-1.881551,2.0556893,-0.80510795
132347.73,-2.156898,1.3856385,-0.1414073
115414.84,-3.251037,0.53673536,0.1094018
120004.51,0.021957185,2.5005486,0.07973586
129872.46,-0.7049154,2.8927205,0.17089891
116512.4,-0.0894719,3.056598,-0.0179488
122302.664,-2.2367349,1.9363829,0.037709706
131431.98,-3.3649082,0.885324,0.12136032
115770.84,-0.098942,2.46501,0.011992785
115097.84,-1.9282982,2.723196,0.072532736
116137.52,-1.5171688,2.8300374,-0.087557614
124695.47,-1.4659911,0.75864714,0.934422
120887.05,-3.0904524,1.9599165,0.24694291
118176.35,-0.35218596,2.9051824,-0.014589211
125867.16,-1.0696511,2.6525571,0.06697633
128681.664,-2.0592105,0.6651155,0.052173756
125061.805,-2.5846624,2.6740687,-0.46321237
134554.44,-0.24383587,2.4197268,0.64141124
126267.45,-2.2300794,2.010357,-0.006211694
117483.84,-3.0355856,2.9028113,0.05858779
119743.24,-1.1413198,2.840316,0.06293851
123260.195,-0.5523575,2.3586657,-1.5672674
129438.8,-2.4515529,0.5356888,0.4752728
125261.63,-4.1095347,0.52017546,0.022975668
128888.38,-0.9545297,1.2605451,-0.14398196
121595.31,-1.8639936,2.946456,0.06013915
129394.016,-1.2427349,1.6763215,0.28972656
120283.16,-2.8305311,2.1938317,-0.6887059
127226.36,-0.69328105,0.8951926,0.060040213
121333.414,-1.5007764,2.7873967,-0.028353574
131810.72,-0.9539208,0.67860794,0.023723634
131223.64,-2.318769,0.7499422,0.13865949
118672.62,3.7783968,0.4630504,-0.22272192
126101.375,0.6091292,0.44693518,0.061346024
129002.414,2.5418112,1.832357,0.5747648
132689.11,-2.3366263,1.9332798,-0.48485035
134420.22,-0.8853546,1.6653699,-0.029436188
121822.98,-2.6102052,2.6576786,-0.018082302
115214.65,-2.857508,2.3699872,0.018286427
117199.38,-1.5765971,3.0711453,-0.3272718
117702.695,-1.7782693,2.8494518,0.0033533312
129287.445,-0.0634776,0.09378281,0.07234679
129264.61,-1.2994539,0.3636849,0.23039052
132050.69,1.912273,2.325172,-0.43211606
132292.97,-0.43878105,2.7223606,-0.20380315
133528.22,0.34426948,0.23187588,0.115761
115084.445,-3.327873,2.615546,0.83187914
122071.56,-2.8305364,1.1211867,0.1667997
117687.5,-0.8660414,2.4389105,0.2668251
126147.1,-1.6073091,1.719563,-0.5750312
129002.34,-1.9449412,2.6520324,-0.62974626
124868.61,-2.8995373,2.231237,-0.06871364
132506.44,-2.0348382,0.42612636,0.15206507
119262.67,-3.505382,2.449876,-0.094428174
126243.33,-2.2663846,2.781048,-0.005832049
132410.7,-1.5120113,2.9071212,0.01680182
129322.805,-1.5848422,3.1268382,0.40705413
129832.555,-2.2320845,0.7492435,-0.035242908
126471.47,-3.1025121,3.0261223,-0.22792163
130986.67,1.3926096,2.149103,0.18499643
128360.75,-2.7051737,2.911716,0.060828112
134727.52,-3.4987378,2.9276707,0.0968318
123209.445,-1.9775708,1.600107,-0.24174768
120272.33,-2.2238526,2.8847198,0.10680924
122432.34,-3.2247567,3.0490067,-0.059374794
124343.85,-2.1218278,2.4810045,-0.17527764
122812.984,0.7284269,1.9038072,0.5357579
131400.06,-2.6022446,0.8091364,-0.15174264
133034.9,-1.7857267,2.8678648,-0.017271757
125642.33,-2.4301326,1.0781384,-0.59159493
119982.04,1.0633283,0.3606395,-0.47487408
118211.29,2.5155056,1.8133881,-0.04577105
118632.5,-1.5892795,3.0401382,0.2563947
115133.695,-2.747472,2.228926,-0.022213994
118635.98,1.4848343,0.289294,-0.045747805
134802.31,-0.5347095,2.151733,0.097336
125689.95,1.4288561,2.8500464,-0.020797925
119108.51,-4.0894637,1.1768874,0.050653987
118857.1,-2.9407144,0.1445971,0.009677965
124104.305,-2.197039,2.5317602,0.65806913
120822.31,-3.137156,0.9192498,-0.022815049
120438.03,-2.161212,1.9182223,-0.06542229
118249.95,-2.696782,2.9584978,0.07505675
121685.57,-0.80205,0.5015051,0.12132813
117917.85,0.7014682,2.4442756,-0.3023636
123362.56,-1.6403916,2.5929916,0.28116816
133836.67,-3.398226,1.033072,0.056994114
117959.15,-2.2347581,1.7602558,0.15805595
128349.734,-1.6503077,2.8597353,0.039180603
120186.59,-2.1898196,2.7807438,0.1318676
120551.516,-3.5004401,1.9619975,0.5185082
116159.016,-1.5248971,2.7952702,0.04265045
115171.99,-1.5836974,2.9472718,0.3962113
120060.75,-1.0986263,3.017802,0.074320704
128059.06,0.722499,2.674871,0.009882985
116531.31,-1.8465964,2.9635038,0.26696455
123518.375,-2.365227,2.860582,0.18353626
134655.62,-1.4096115,1.298965,-0.111205555
129329.33,-1.7482802,2.9503846,-0.0037586037
128087.71,0.46956807,1.5795076,0.18883042
134023.55,-2.7968261,2.667369,0.8529736
125351.484,-1.6353127,2.1481733,0.011514206
116591.34,-0.9157504,3.0036237,-0.06155164
116909.98,-0.5881828,3.1342149,0.09893624
124507.26,-2.2896106,2.071693,-0.3497978
131656.42,-1.893059,2.6024985,0.08445966
117261.5,-3.210355,2.752059,0.19650675
127205.31,-1.183697,0.22516268,-0.0047744666
123210.01,-3.9979448,1.5274873,0.53484905
118654.99,-1.828364,2.5375147,-0.0050709713
116878.92,-2.8054826,2.9465036,-0.03383071
120037.336,-2.9531481,1.4642903,-0.13103679
122318.914,-0.47628638,3.0936475,0.010914045
130246.41,1.4237196,1.4365336,0.14441137
126378.664,-3.454235,0.92555755,0.048328437
116116.44,1.5599558,1.2742548,-0.0017301557
119135.05,0.32614484,0.28044882,0.06791978
132934.55,-3.1527236,2.4788084,-0.4098377
122742.86,-2.8642151,2.5160165,-0.028582433
133909.05,1.7533895,1.7509632,1.0944527
126955.52,-2.5611105,2.1873927,-0.24928515
128129.05,-0.7697679,0.4460469,-0.08131344
132489.33,1.106239,0.44094878,-0.037518393
123296.53,-2.4391434,2.990735,-0.017399298
116785.76,-0.6553721,2.8310778,-0.2086831
125457.75,-1.6843872,1.9631048,-0.2263521
130033.28,-1.6877848,1.2261218,-0.1156862
123473.75,-0.759787,2.3261347,0.30696198
125741.95,-1.604166,2.5976138,0.19252674
129994.53,-2.7974045,2.5664513,-0.05446325
132994.1,-0.009133272,3.0536697,-0.21596311
126126.58,-3.8786342,2.3163538,0.07521349
115873.984,-1.5658234,2.8279507,0.19578859
115099.03,-1.9670689,2.9828696,0.103857316
117053.6,-1.0684723,0.17908876,0.25072804
122341.27,-2.0268247,2.726746,-0.22302975
123189.81,-2.8658745,3.0074072,0.097900406
120951.21,0.18806915,1.3173804,0.122465275
125049.46,-1.3113658,3.0129423,-0.036009647
120527.46,-0.50532246,1.9960527,0.017958634
134206.67,-1.5336106,1.9839774,0.2934801
132017.61,-3.1554294,1.4427575,0.75278306
124593.79,-0.29569426,2.9288425,0.20964295
129753.93,-0.7967992,2.901262,-0.34952748
128376.07,-2.4245312,2.0254009,0.011603605
130000.414,-2.677218,0.70540726,0.039466083
128094.96,-2.122106,1.3330725,-0.23062474
117701.625,-3.8176918,0.9891861,0.1000406
130309.75,-1.9406103,2.8804238,0.09012931
133335.08,-2.241633,1.2107912,-1.1672266
116628.94,0.5579396,1.1290361,-0.22898547
119749.52,-2.240391,1.8018625,2.80439
130414.445,-3.7063887,2.6802368,0.2190262
118434.53,-1.1856368,2.9444032,-0.063353315
129677.78,-3.4395628,0.9475211,0.17890304
119934.02,-3.0905921,2.9354968,0.038617395
115345.87,-0.9307175,2.152838,-0.07507165
122761.055,-1.0014328,1.1052655,0.04686886
115963.086,0.88368183,2.4227884,-0.22173378
120740.48,-2.4050715,2.0880814,1.1521361
121216.32,-1.4537389,1.8079379,0.0382455
133487.27,-2.9088976,2.4775414,-0.33580008
118918.77,-2.215851,2.3680139,-0.11050825
127324.86,-3.0261922,2.8816772,-0.28988034
131776.64,-3.4386866,1.4528023,0.1415864
131312.45,-1.9283637,1.2370939,-1.2745419
124492.0,-2.2028143,3.109558,-0.009968807
128536.805,-3.3362958,2.4239018,0.023411335
120699.97,-1.0434847,1.8819524,-0.06387778
120521.59,-3.710473,1.9781404,-0.18276297
120497.33,0.010781249,1.872208,-0.09814178
124114.02,-3.1898496,0.78012466,0.22693378
118573.875,-1.4855607,2.719938,-0.06439213
117378.71,0.41209933,2.7227209,0.12528192
132712.12,-2.7204218,2.6619852,-0.042636745
118438.914,-1.3242507,2.6230152,-0.011615823
131501.47,-2.9890583,2.580291,-0.4787307
134007.77,0.22021969,2.37092,-0.42715624
122860.68,-1.233397,3.1156375,0.15521367
116275.17,-2.9252884,1.7717223,-0.044211347
122410.234,-0.1570555,2.3313982,-0.12649775
120523.95,-2.695176,1.9866972,-0.0812455
122665.2,-1.0034752,1.1904387,-0.28772643
131254.45,0.15993059,3.0411859,-0.024876872
115698.11,-1.1322705,3.0985272,0.09143512
118443.7,-2.9698484,0.044962782,0.007392348
115163.67,-1.1533911,2.8455844,0.2694999
128806.4,-0.6993884,2.2608137,-0.4246197
124891.86,-3.1318088,1.6836544,-0.17143977
129028.61,0.35784695,1.7685589,-0.14300424
115959.555,-0.86482257,0.7065755,0.08598838
117799.695,-0.6068758,2.8391554,0.10450336
122415.96,-2.7825694,1.4566294,0.029358113
118185.72,-1.7023903,1.1690496,-0.14390479
123205.914,-2.2421093,1.669903,-0.39315298
118207.16,-1.598856,2.1613085,0.046526764
115898.98,-1.7854102,0.13174906,0.503177
115857.875,-1.2000653,1.8004453,0.12691016
133127.22,0.18615907,1.1996351,-0.5371156
132801.4,0.07923102,1.814547,0.5029368
119997.86,3.9474673,0.05328073,-0.0766686
119122.22,-3.1823833,3.0421484,-0.37248945
115480.76,3.710669,1.0015862,-0.1518526
115474.73,-3.0189543,2.5391877,0.102168284
125521.12,-2.033278,2.267678,-0.1876149
119459.055,-1.394036,2.4765542,-0.29007104
126821.39,-1.0124841,2.9275165,-0.07474832
130668.48,-0.45224762,2.5205653,0.080467135
120447.62,-1.9307283,2.9171271,0.113177985
124193.31,-0.3740715,2.429502,-0.14935182
120215.36,-0.15167107,3.0170584,0.1792654
125830.57,-1.9236146,1.276616,-0.0878717
116391.96,-1.7857152,3.102584,0.038890358
123176.48,-2.4213512,2.9683425,0.086655885
131941.12,-0.06935452,2.5815077,-2.7609708
127805.32,1.780472,0.94130766,-0.33795756
130452.08,-2.853359,2.397847,-0.044851735
125234.45,-1.4872888,2.9452574,-0.11887325
117496.78,-1.5783288,2.45467,0.1274394
123194.414,-3.1444252,1.5210603,0.15488528
131785.33,0.18481141,2.9447482,0.075081185
131958.14,1.6520863,1.660888,0.70538706
122633.41,-0.6324127,2.6439137,-0.08488252
128231.68,-1.6179743,1.4333894,-0.28346422
125212.42,-0.66985255,1.7355745,0.13783345
122051.34,-1.6372806,0.41700712,0.06577482
119676.43,1.654103,1.7443818,-0.043065857
119069.4,-0.28006622,2.4017494,-0.25895983
125760.71,1.0446835,0.5985085,-0.52846
120430.97,-1.5442369,2.3792462,-0.4064954
119786.07,0.27719387,2.9004505,0.06107902
115477.22,0.080369964,1.8104255,0.5094438
118182.29,0.109801084,0.32781428,-0.044182442
115285.89,-3.5445528,2.0311763,-0.18875116
115125.805,0.20228411,3.0514941,-0.013597188
128688.6,-0.32372367,1.4402453,-0.19023308
115296.85,-1.780149,0.26266918,0.04127014
115598.34,-0.3333019,2.5407417,-0.085975565
128979.945,-1.1277729,1.7633581,-0.07644004
117842.414,-2.4273803,2.7020283,2.2631106
123457.57,-3.531775,0.3155223,-0.10652168
131706.6,-2.9093144,3.0526993,0.23810261
134894.4,-2.0383751,1.7275976,0.12046752
117695.25,2.3761022,0.4516874,0.032174755
127809.82,-1.9453545,2.124796,-0.3611332
121027.22,-3.3698657,2.827832,0.3430223
121128.11,1.0671346,2.697735,-0.29188195
129305.26,-2.2483845,0.5228925,-0.4667877
129581.66,-3.0321407,3.152692,0.21835929
115242.77,-3.9412024,2.6613412,-0.08778707
123953.664,-0.54309887,2.6210604,0.088949844
118237.875,-0.9073266,1.7499788,0.27462956
125699.984,-1.3521303,2.210299,0.61085314
116563.44,1.1208631,2.6866505,0.0586754
130866.1,-2.637494,2.7271535,0.021821238
123282.79,-2.1278079,2.658929,-0.02165168
121824.984,-2.8733604,2.1486623,0.028039189
118037.195,-1.3752202,1.1046145,0.008655248
116178.98,-2.345702,1.9361553,0.17964147
132080.11,-3.0704772,2.844055,0.24261484
117604.74,-1.1068561,0.22795439,-0.06124709
117381.52,0.22448961,2.8371475,-0.122100234
121978.46,-0.011065038,2.7556527,-0.02456249
115284.305,-1.9408531,2.3242106,-0.06156565
116588.68,0.571753,2.9924817,-0.04912587
118179.5,-1.052506,2.881478,0.063727595
123198.7,-1.5751048,1.4203979,0.32088307
122047.89,1.3414289,2.8899882,-0.32289603
134980.64,-2.6027098,1.6650982,-0.94577557
121826.84,-0.3913262,2.3142905,0.047569744
130267.664,-0.91149527,2.4415193,-0.33225128
123980.15,-3.142978,3.0120091,0.025002627
119551.32,-2.6263158,0.38496065,-0.470577
119455.81,-1.6680655,0.8104867,-0.046203736
124443.93,-0.79385036,0.124166146,0.0087059075
118165.414,-1.4945785,1.9948679,-0.2516086
122943.34,-1.1059824,2.696058,0.020231139
117730.06,0.31307158,1.1432859,-0.5576504
128227.35,1.9077841,2.6778924,-0.1161624
126666.37,-3.738613,0.35137847,0.38919592
132597.8,-1.2643477,2.917216,0.0018675311
124009.46,-1.2241426,1.8495361,1.4742663
133301.94,-2.0630782,2.5388079,0.11750963
134861.8,0.39095837,0.67321527,0.078265555
131226.97,-2.8601723,2.6915936,0.2184469
130409.67,-2.573261,1.3202908,-0.514111
130718.29,-2.3707328,2.9852853,-2.1257133
125736.164,0.6534782,2.856682,0.08545259
128522.56,-3.2717054,2.4111202,0.28962228
119555.65,-0.08586839,2.7892818,0.054226343
131065.195,-0.51522654,2.5007231,-0.19160981
128636.39,-2.955091,0.8199345,-0.11742083
122611.18,-1.301709,2.661534,-0.038709477
127771.59,-1.590613,1.0377624,0.20365207
124866.016,0.27153152,1.8747158,0.03982189
124924.695,-3.3414855,1.1796421,0.20009759
120634.47,-1.9425906,1.7850792,-0.516936
132743.02,-1.277225,1.312857,-0.29045755
131372.5,-2.540844,3.0547025,0.023369616
128618.04,-0.55634606,2.8907933,-0.06349754
118446.26,-2.7289712,0.26549882,0.09722396
121994.75,2.3040328,2.5295362,-0.018330233
128456.32,-1.3187585,0.94150335,-0.20336033
116127.086,-0.64301103,2.1388452,-0.18810213
121898.1,2.8146281,2.1005406,0.770863
125668.19,-3.7280579,1.1543275,0.03732708
129383.45,-2.6087437,2.916523,-0.10147157
132995.16,-2.2955267,2.6504269,-1.9789246
128714.24,-3.448956,0.1286646,0.044887196
115744.84,-0.6423966,0.14702924,-0.010914939
131832.73,-2.2876437,1.7670391,0.34720135
124036.7,-0.88025224,2.9167979,-0.058447435
121553.65,-0.9326028,3.151441,-0.07177196
128398.18,-3.0545595,0.27057844,-0.007950789
131475.34,-3.4251459,2.0870314,0.06926195
123292.25,-1.7767094,2.4836783,0.041768983
133790.98,-4.05352,2.0285225,-0.021163266
126227.42,-3.6090994,1.7805153,0.57083064
115958.484,-4.052309,2.3226874,0.4052918
125888.77,-0.8607979,1.2192895,0.93527067
128445.73,-1.229114,0.6833677,0.056449976
122775.51,-0.9120973,2.4643784,0.46752256
117759.42,-2.3286853,0.7519521,0.068986006
127105.12,-2.8493986,2.2765293,-0.11438218
122629.086,-2.4052007,2.8392074,-0.04661795
121553.44,-1.5490513,3.1311243,0.17380495
116843.164,-3.132809,2.939952,0.2527842
118979.27,-3.1843545,1.090524,0.043418683
128385.41,-2.017622,2.6668258,-0.006568691
128810.055,-2.6695368,2.8747427,-0.10506419
116429.83,-2.0117137,0.2275698,-0.0055426965
118754.15,-0.33426967,1.9218494,-0.14838454
126506.19,0.32769328,2.1443405,-0.069092095
121766.61,-0.450362,2.4631684,-0.11313984
127101.31,-2.618309,0.1669246,0.011263891
129704.9,-2.9389093,0.7406297,1.11987
126699.36,-4.0222435,2.7765977,0.022684826
121799.164,-0.87910986,2.279826,0.05435925
119701.87,-3.7009556,1.8656647,0.11377099
123657.586,-1.4345291,2.9477298,0.08254952
124704.04,-1.2577968,1.6597146,-0.03415314
120889.78,-0.79865277,1.7856343,-0.36656144
128624.03,-2.4810076,3.0831192,-0.19197248
129619.22,-1.6983466,3.1374927,-0.20118557
125250.42,-2.894784,2.5866652,-0.00919432
127492.12,1.9321892,0.81578803,-0.6969252
123319.766,-1.5518314,1.73769,0.6508243
115251.57,-2.7968924,2.8377128,-0.018291494
130460.13,-1.6585882,2.7520435,-0.026629675
117669.56,-2.4524457,2.5303304,-0.006356221
120374.84,-3.7319603,2.9851234,0.11832435
125110.19,-1.5955156,2.8176575,0.0735787
125344.7,0.057957478,0.36581743,0.112841845
125181.48,-1.7993358,2.4129303,-0.15017548
120007.94,-1.6569526,2.1259573,-0.15919219
120425.42,-2.6438472,3.0994515,-0.14805168
120774.33,-1.1349151,0.83756906,0.12934597
122337.6,-0.016960217,2.881547,0.056678243
123319.49,-4.4155507,2.6518157,-0.08328855
127855.55,-0.119358316,2.8899028,0.024615234
115458.81,-2.0527878,2.8845184,0.03803094
129958.875,-3.0964532,0.81224,0.5550626
119131.47,-0.8157335,3.0042,0.027646432
124973.73,0.246567,2.960234,-0.40760988
119217.984,-3.5173328,2.213987,-0.91037
116694.25,-1.5346155,3.038753,0.140752
115690.305,-1.2203193,2.9486427,-0.28784266
128401.72,-1.4364747,0.48244092,0.09327136
118298.234,-1.3812087,2.4360764,0.072629884
123665.54,-0.8537038,2.1878908,0.08338033
117875.11,1.571955,2.749815,-0.008878744
118827.49,0.42586312,2.5990162,0.14065427
125220.08,-1.4481779,2.5349374,-1.5806974
118567.69,1.8329711,2.9370873,0.2363665
125736.2,-2.9639666,1.2240872,-0.060694907
133269.42,0.007718801,1.98661,-0.33202508
123413.47,-1.9333761,2.028998,-0.6236675
127678.08,-3.2928746,3.1389828,-0.35519534
117004.78,-2.3348336,2.9872727,-0.015995745
133392.95,-2.0412936,2.1208293,0.42116296
134993.11,-3.108888,2.9179304,-0.31399137
127784.34,-2.3937137,1.8161956,-0.34733307
117468.41,-2.2946715,3.0649483,0.07087589
132630.52,-3.6442115,0.24372664,-0.09564876
115230.47,-3.4181836,2.9376392,0.11051987
134899.53,-0.67851746,0.34188545,0.07450606
116844.086,-3.2653868,3.007976,0.30656326
118087.734,-0.8899638,1.992505,-0.24933968
117019.56,0.22555898,2.784333,-0.013292638
121790.75,-3.1846356,3.0875847,0.12515855
123941.766,-2.5025098,2.910081,0.21040939
131936.42,0.22469832,3.094386,0.30209213
126133.51,-2.2467823,2.3042338,-0.6793739
129196.875,-1.9001076,1.3736799,-0.2650565
129494.49,0.7305615,3.0890708,-0.00801605
120439.5,-2.6916883,1.5371176,-0.1021808
125246.32,-2.366731,0.483119,-0.50645286
124978.83,-3.1383655,2.7679803,-0.008573597
123028.35,-1.2771554,2.830998,0.18509297
118724.75,-1.2605785,1.4225963,-0.58836526
118791.35,-0.42841446,2.867829,-0.026998593
117126.99,-3.1497269,2.380785,0.00043119793
133701.94,-4.1635494,0.54718083,0.088610135
116318.76,-2.8232205,2.0355153,0.107475564
121671.16,-2.0914166,0.1735867,-0.08019298
129598.49,-2.6605651,1.8706639,0.101815455
132093.58,0.5133654,0.830723,-0.11614064
124085.555,-3.0283613,0.7003227,0.072196595
130420.24,0.57498693,1.2944852,-0.16591465
128733.66,-0.34769768,2.9329164,0.029300302
118116.22,-3.085641,1.56281,0.46170095
121877.79,3.491482,1.4201581,0.10855013
123070.945,-1.8693633,1.8566809,-0.63650984
117591.234,-1.5164847,2.666066,0.10316299
122399.1,-2.2605274,2.7360883,-0.097823225
122029.77,-1.0863279,2.456712,-0.3806661
128587.96,-1.2092683,2.8917458,-0.0077868924
121307.28,-2.4965284,3.0978892,-0.015609842
124400.81,-0.525393,0.2763279,-0.05564569
125637.43,-3.3124244,1.7628949,-0.114721
116741.87,-2.3947928,2.8059974,0.1509607
124284.21,0.5432769,2.948793,0.16867587
121198.13,0.16685656,2.4967566,0.026393069
126282.89,1.0209746,2.0451553,-0.072802424
127380.0,-0.28909928,3.0658445,0.16809538
128000.664,-1.0114022,3.1262982,0.0024718638
124545.92,-0.17727274,0.54226196,-0.23586169
121050.48,-2.2200718,2.949561,1.3775678
131688.84,-0.5800607,2.277235,0.010313885
120274.83,-3.582826,0.18007365,-0.113485515
120376.51,-2.5396426,3.043356,-0.3108189
127451.086,-0.52506477,2.3159964,0.11809191
132545.94,-3.029298,0.39753127,-0.24442814
130907.72,-0.52526766,2.4729428,0.04869199
115681.29,1.4103719,2.957285,-0.041254647
132849.25,-1.8156003,3.1037796,0.01803194
120073.3,-1.7953403,2.8993998,-0.072980024
118952.33,0.3393221,2.7845597,-0.045001924
118637.21,0.9241453,1.0091,-0.08540848
127352.47,1.1772759,0.1681037,0.08414379
131682.34,-0.33741617,1.6648066,-0.38847744
122909.14,1.3320322,3.0279193,-0.10817943
126972.516,-2.4794447,0.07503443,0.008273219
118787.18,0.8730397,0.0319608,-0.37350383
126336.81,-2.4107845,3.1387498,1.6489769
124964.914,-0.69911426,2.7686846,-0.7434907
128360.78,-2.8514361,2.296364,-0.8772038
119155.9,1.3521771,1.5392416,0.8109236
131853.06,-0.85406816,3.0166862,0.079483755
121943.92,-3.2734432,2.007347,0.10012106
133744.11,-1.5146002,2.135687,0.021827197
117556.03,-1.989245,2.6920795,0.05307251
118714.95,-2.0825212,0.13910037,0.08759457
126514.69,-3.4682531,0.19873744,-0.13676663
118977.61,-3.69432,2.6753454,-0.039828744
128618.75,-1.8515263,1.3245279,0.011039799
132855.16,0.33049467,2.7020407,0.15922408
129748.09,-1.2629752,2.9256163,0.17626102
117645.87,-3.1928842,2.6743362,-0.020523174
120550.26,-0.90823925,2.4543176,0.3861552
123870.59,1.0990224,1.9970465,0.3181433
123701.266,-1.7854105,2.8806012,0.05648931
120939.37,-0.14443408,0.24650398,-0.20980565
126858.914,0.032507338,1.9726177,0.18678737
121940.54,-3.1907227,0.09916069,-0.03434654
125969.27,-2.4668784,2.9868987,-0.05590167
115884.25,-1.8415849,3.0526898,-0.046676952
131245.8,-2.7250636,2.142633,-0.046322934
123589.805,-2.707366,2.632212,-0.46060938
129141.59,-3.8934066,0.33266485,-0.02387263
129913.46,-3.8906941,1.5129741,-0.34688845
117885.375,0.8633585,0.9567534,0.245475
126807.89,-1.9261012,1.1922187,0.5236641
121072.93,-4.093833,2.4474099,-0.053557646
121070.44,-1.7625493,2.8139942,-1.476745
121252.91,-1.9029793,0.53530633,0.022352263
115952.23,-2.941041,1.7879696,-0.41608873
117091.15,2.1042085,0.5420979,-0.084128
127614.53,2.7008617,1.8957865,0.05762765
125949.28,-0.868319,3.1432772,-0.13696867
119273.45,-1.0816836,3.0479777,-0.0013022356
134952.27,-3.2713282,0.8237975,0.10417915
129885.43,-1.3841451,1.2069429,0.23688501
130152.0,-1.174353,1.1484187,-0.37336436
122444.43,-0.39195886,2.2623823,0.7067811
133789.88,-2.4138045,0.47571936,-0.58865225
127608.734,-1.662657,2.3710752,1.8304042
125084.766,-3.1538625,1.1844776,-0.38893846
118136.91,-1.5140477,2.2897515,-0.038808707
121984.266,-1.0484238,0.5587714,-1.5214593
116279.59,-3.1527267,2.638928,0.012151319
122432.234,-3.3586895,1.4565233,0.08295241
118557.9,-0.53827584,3.0806937,0.05894121
125874.16,-3.419982,0.6288174,-0.12015969
118400.1,-0.9756548,3.0975645,-0.0015546369
118412.74,-3.3226187,2.724272,-0.18148904
115510.84,-2.4802303,2.7533193,0.4199257
125473.96,-2.3655846,1.4733268,-0.035026263
125577.555,-1.6903574,1.042261,0.17848703
117552.945,-0.7489865,2.6709576,0.3995208
120676.914,-2.9916353,0.7321189,-0.25895804
122373.25,-0.94648856,2.4873443,-0.11220295
133456.4,2.6028385,0.48254624,0.030733654
125860.4,-2.262892,2.2735953,-0.10587623
131934.34,0.32039362,3.0423155,-0.058381278
115452.57,-3.7746928,1.8175689,-0.1092537
125934.32,-1.5870639,1.2612271,0.3682958
131535.39,-1.8751744,3.0274103,0.063236505
126878.336,1.1780295,1.3466076,0.17594276
131530.98,-1.7059215,2.9754584,-0.16890056
130912.27,-3.0232816,2.2261794,-0.1508117
129682.26,-2.4560125,2.77233,0.03932126
119060.91,-1.0991398,1.2274235,0.21924254
123474.234,-3.769433,1.775351,0.25594294
116897.78,1.8616207,2.507872,0.1268023
117149.31,-3.7545555,3.0254717,0.24458459
116901.42,0.22690389,0.33990833,0.105942085
119367.12,-2.004628,2.2063787,-0.29712427
124335.68,-1.4589055,2.988128,0.017701762
125932.57,-2.631544,0.27644622,0.005234272
131550.08,-1.2288123,2.8056936,0.066998385
116745.31,-1.9904233,0.4873607,-0.07266206
123166.195,-1.0298872,2.8322284,-0.19759831
127516.586,-3.2341528,2.9985857,-0.20311837
128710.09,-3.5342934,2.674384,-0.03845469
118833.33,1.2540479,2.7128427,0.058444157
127221.06,-1.1318792,2.1458921,0.098567314
125576.91,-3.050396,2.803049,-0.11558429
124296.805,0.02487395,2.8757896,0.12191101
134782.92,-3.161159,2.3142836,0.41359928
132679.1,-3.8534775,1.7471913,0.043512847
129633.11,-1.4913889,1.6803542,0.3879062
124589.0,-3.57959,1.3286561,0.059846517
121701.87,-4.43602,2.723199,-0.023469444
119636.766,-1.4502398,2.2814782,-0.10854924
133237.95,-3.0160606,2.831628,0.24666637
126454.266,-1.9952319,1.7574804,-0.13089792
126651.74,-0.89147604,3.0439916,-0.121526
115678.45,-1.1419396,2.3762121,0.03566427
130779.46,0.08903416,0.75517845,0.18048717
129278.61,-0.19637895,1.2863253,0.012040464
132186.94,-2.3049037,2.7945013,0.039389797
125006.6,-2.378784,2.7918155,0.2010476
120974.03,-1.3613118,0.83322036,-0.915193
117423.45,-3.9512823,0.878712,-0.10632203
119107.24,-3.2519317,1.5683813,-0.5347665
118419.12,-0.84124875,0.11595465,-0.01930527
120831.36,-2.623335,1.5444824,0.06881317
116244.125,-0.07622333,1.2068845,-0.093676634
116060.305,-3.3542984,2.5928953,0.095927685
130637.89,-2.921071,2.5511737,-0.5703148
128481.445,0.9496974,0.7540967,-0.08223186
123263.55,-3.4541643,2.458423,-0.31803486
118841.945,-1.7800549,2.4827042,-0.12324811
116780.945,-1.1263832,2.8508341,-1.4212904
117892.77,-3.1326575,1.525526,-0.15427528
133368.88,-0.29483292,1.208739,0.20924126
130797.555,-4.1668005,0.49909914,-0.283955
128944.664,0.2044449,2.175728,0.068460345
123800.445,-3.1349423,2.313961,0.39510992
115941.766,-3.608209,1.2337495,0.036793668
126456.65,-1.1009417,2.7546408,-0.13298716
129968.766,-3.4204366,1.4414893,0.15885934
129673.99,-1.4593817,2.741132,0.11533189
127241.94,-0.9082944,1.7302155,-0.6068996
132375.33,-3.2136462,1.1125898,0.12348442
131592.1,-2.1013823,0.73304397,0.11692556
134773.39,-3.0972555,2.969667,0.17296639
131270.05,-2.0829597,2.1952622,0.4503271
134659.34,-2.377635,0.14216207,-0.059164707
130964.93,0.48310044,1.7183052,-1.3002095
118700.336,-0.26224223,2.7524555,0.11840898
124581.445,-3.1379166,2.8127396,0.1143342
120026.43,-2.3761578,1.3589721,-0.09920085
121336.17,-1.1309483,1.5048193,0.39406633
134660.56,2.0736914,3.0788114,-0.042392984
130748.5,-4.0983825,0.3174676,-0.017970853
119573.88,-2.4643652,0.9807542,0.21374038
116987.52,-0.5869561,3.0884116,0.07567777
125601.66,0.16665888,2.1248484,0.32469085
127331.76,-0.33886954,3.0830038,-0.027738811
134658.92,-0.096743315,1.8288865,-0.088997826
131033.984,-2.2602928,1.0063348,0.07875605
122869.63,-0.36843672,1.8413162,0.034348924
130013.83,-0.65907687,2.6116385,0.107810505
125274.625,0.79994327,3.0958498,0.09848805
117235.49,-1.9211304,2.2286024,-0.1414061
124123.24,-1.713963,2.4474,1.3083609
119568.99,-3.330861,0.216183,-0.0884221
127529.24,-2.4882689,2.5463746,-0.31555644
115547.164,-3.2432573,2.5330698,-0.014645234
133374.5,-2.0735254,1.427293,-0.00092825264
125625.68,-1.7257905,1.6881734,0.032621153
115071.74,2.3536713,1.306979,-0.06982158
126817.44,-1.584441,1.96927,-0.029378079
132413.23,-2.0693045,0.7673347,-0.099530436
124455.586,-1.3219573,2.8505733,0.08927347
120771.42,-2.20386,2.816969,-0.085669525
132373.73,-2.6520252,1.5463129,-0.011765714
131188.34,0.6096568,2.0995328,-1.0624062
119497.54,1.321811,2.3404508,-0.5664844
124084.016,-3.4856756,3.060658,0.079094574
123184.3,-3.123561,2.561307,-0.28738433
122082.41,-1.4861523,2.456317,1.7228718
129795.4,-3.9988441,2.8544827,0.010889014
120389.016,-2.690361,3.0057929,-0.016470747
124613.27,-2.2601323,1.9744611,0.2755593
124630.555,-1.3336973,3.0829842,-0.11549191
115700.95,-1.4973434,3.0451262,0.26715112
120538.586,1.230981,2.5442834,0.061500385
129568.6,-1.4541929,2.6051953,0.16390498
129918.12,-3.1211722,3.0415633,0.2122957
134339.1,0.56193954,2.7718468,0.08503897
127541.98,0.84263086,2.5894952,0.046120893
130251.805,-3.1269147,2.56575,0.9385713
134036.73,1.7314446,2.916933,0.04814249
128851.61,-2.798866,2.6688335,-0.53648293
127286.68,-0.36215615,0.7330479,-0.09191728
127945.36,2.4106288,1.6899967,0.20868161
126501.01,-1.9894824,0.49718282,0.5383707
120203.82,-1.3878467,3.0643342,-0.023824655
125782.484,1.2327203,1.678563,0.3565429
122828.68,-3.8513827,2.9356866,0.033705853
129018.08,-1.5545624,1.4097903,0.048623454
115375.67,-0.3797556,1.9348946,-0.15170926
116731.14,1.3652589,0.61691135,0.050377447
123550.266,1.0913835,2.5751646,0.6804342
132952.06,0.5618603,2.4250736,-1.0403644
126157.49,-1.8536739,2.8638084,0.15430956
133654.25,-2.0434737,1.8326106,-0.018176468
116718.12,1.0025814,0.55823636,-0.07098078
130766.02,-1.0638692,2.4422147,0.29497364
120403.086,1.2516805,2.098017,-0.22019792
133936.55,-2.0812364,1.2023474,-0.65465796
115669.74,-2.8530283,1.7466329,-0.23269014
117409.15,0.009743557,2.9788551,-0.0021834052
119234.37,-1.8704964,2.6894073,0.178046
132053.11,-2.2213066,2.453665,-0.3304147
126511.61,2.296194,2.4709625,-0.0025401046
129185.234,-2.9028926,2.9883382,0.08645206
123732.37,-4.101018,2.6441348,0.12648702
128173.91,-2.1328945,0.2658738,-0.011787766
132759.16,-3.7626216,0.4427582,-0.08988078
134483.97,-2.4782345,0.29480338,0.008571214
122902.45,2.9155877,2.8171923,0.13433261
133306.45,0.50547576,2.3785052,-0.06543093
131678.66,0.26847872,0.12624405,-1.0029938
125802.05,-3.4411628,2.609034,0.051501483
117167.5,-3.2025936,3.017467,0.0944091
125762.67,-1.2903622,1.9189333,-0.2333934
117467.69,-4.230773,0.21475871,0.0419448
132696.4,-2.337374,0.8539399,0.09415998
124649.61,-1.2629566,2.9734962,-0.029988669
125742.0,-2.072515,2.8661852,-0.41436332
133931.34,-1.3724898,0.9911861,-0.0051874868
122586.09,-1.5144027,3.0081913,-0.13759089
132174.23,-1.554879,2.7328486,0.055257402
129599.91,-3.2049663,2.977104,0.006677161
116650.85,-1.5556463,2.3891332,0.3268674
120779.55,-2.006083,2.8151019,-0.13149987
116354.77,-3.7180912,0.29995477,-0.02934649
116645.09,1.680897,2.7173553,0.8343555
134810.11,-3.19788,1.3502895,-0.021474969
127441.54,4.238055,1.047464,0.30792806
123599.625,-3.3678584,3.0742092,-0.2354746
125575.84,-3.11524,2.3684068,-1.460993
117131.78,-1.5567325,2.4278328,-0.07334448
132019.12,-2.8283095,2.8515613,0.01786566
124945.055,-2.0192635,2.3638585,-0.15320966
119197.21,-1.6785389,2.8991582,-0.043992918
128483.32,-2.2157905,1.2654691,0.14426833
117965.99,-2.1091435,3.0491166,0.05736959
124973.195,-0.6785622,1.0062134,0.18847463
119653.18,-0.004084641,2.7897472,0.11496357
127837.945,-1.0100853,0.80575645,-0.14840569
118382.38,-3.1841993,0.478405,0.076517515
116046.336,1.6581526,1.2831129,0.14889738
121118.82,0.38925427,2.6399174,-0.15955485
118858.36,-1.0155593,1.1954039,-0.28408077
123478.47,-1.7930934,1.9088068,-0.06373177
123954.484,2.3097541,0.8505435,0.20206912
123290.58,-2.8853047,2.1532335,0.28497118
131273.27,-2.0310225,1.1032472,-0.14204322
124127.09,-3.724682,2.2724583,0.23537059
121565.03,1.4713225,1.0007778,0.19421875
120154.414,-0.7045972,2.223978,0.18287948
134987.56,-1.2468067,2.8262804,0.07993432
116285.08,-0.5720413,3.013614,-0.14930534
121503.76,-2.5486467,2.746073,0.09117288
122813.875,-3.1713703,2.7539384,-0.028466513
132137.84,-2.6571136,2.798203,0.1862027
125419.12,-1.3167261,1.7134237,0.061742954
122089.08,-2.459643,1.1606923,-0.31288788
133207.5,-2.7528965,2.6335678,0.1353297
134968.28,-2.747771,2.0469263,0.13643287
119461.27,0.2592731,2.659102,0.6142419
130367.7,-1.996095,0.12117557,-0.014942036
123468.32,-0.25213948,1.6242915,0.1449424
122316.65,0.8120477,0.7025618,-0.10878048
118813.016,-3.826587,1.6597309,-0.5429742
130673.57,2.076048,3.0977182,0.24241698
118265.234,-1.6227622,2.6672297,-1.3219179
115330.66,-1.0607744,2.891167,-0.18055214
120405.11,-2.631494,1.1050847,0.29985064
121671.016,-0.5335802,2.8008761,-0.1381216
127348.586,-1.939179,1.9435678,-0.3771346
125520.58,-1.3981589,2.9202366,0.2117462
130895.41,0.3554189,1.1315113,-0.008132268
132552.7,-2.6739306,1.4319495,-0.3163932
133046.75,1.5548421,2.3678234,0.13692397
131988.53,0.42734542,3.0337324,-0.14080445
129576.555,-0.33257383,1.7611109,0.14584473
132212.47,-3.3419642,1.1069984,-0.15971637
124905.695,-1.432565,0.9872294,-0.1774968
133933.53,0.567233,2.9212096,0.20482081
115850.9,-3.4725175,3.064616,0.029304473
120741.12,-1.7437526,2.6442873,-0.06489216
116430.47,-2.2999458,2.2628543,0.36457562
116378.55,-1.0807093,1.2798914,0.02137067
125061.09,-3.4190307,0.21295284,-0.07644957
127381.87,-0.8793716,3.0954733,-0.07964646
126432.33,-0.48262793,2.3128421,-0.78108954
120825.81,-3.8404408,2.1611266,-0.25596797
117575.16,-3.2081537,2.8351018,0.19648114
131100.25,-3.265545,0.5685664,2.116188
132129.11,-3.9585698,2.110287,0.18912722
124245.07,-1.4133624,2.7818344,-0.23447095
122790.914,-3.6709416,0.1788397,-0.09612317
123006.16,-0.9057565,0.19722493,-0.09174116
118072.695,-2.8333838,2.472807,0.07440951
115947.32,-2.1792274,1.4911954,0.49881494
132774.61,1.4452628,1.3221402,0.017933005
126272.32,-2.7960088,2.908295,-0.022313822
122460.28,-3.0175395,1.943965,-1.2925109
127561.34,-1.0906761,2.1605353,0.29185188
115415.25,-1.3744032,2.8565388,0.063865274
132871.2,-3.230636,3.079448,-0.24199083
132936.69,0.018995993,0.43213376,-0.19353636
116136.125,-2.1294212,2.2420332,-0.20537895
132061.38,-0.67355907,1.479096,-0.1422968
116397.8,-1.1487792,2.21354,0.11461968
123241.24,-2.8099055,1.385536,-0.4360597
134186.8,-1.575514,2.8224208,0.26585543
132203.88,-0.30467016,2.7464032,-0.07411837
127592.11,-1.0615473,1.8139691,0.016002003
128063.35,-1.858862,3.0820339,-0.13644598
123928.89,-0.49799493,2.5641234,0.055394482
126931.14,-0.32416657,2.5089524,-0.042361993
120256.68,-0.67932886,2.5667171,-0.13087706
129036.23,-3.3347821,1.9472035,0.19560443
131978.08,-3.6345356,2.2364619,0.05964269
124476.86,-1.0063912,2.3191998,-0.108160354
131272.08,-0.88465786,1.400131,-0.10805337
119281.19,-0.3626438,2.486091,-0.16286916
120295.25,-0.8360982,0.9741166,-0.1091488
122134.305,-2.9125195,1.5087824,-0.4987768
128122.19,-1.4457302,0.5507993,-0.09612525
116905.42,-3.0067024,0.94594365,0.0067695393
121240.1,2.1620603,1.5089412,-0.15080753
128348.18,-1.2621876,0.7182313,0.5258615
124117.586,-1.7300105,1.612184,0.5255075
129281.68,0.15014982,0.562661,-0.13770054
127983.05,1.6884933,0.84913784,-0.112252116
118794.96,-2.0523114,1.801749,-0.025029147
125090.28,1.9542463,1.391587,0.35002336
131900.55,0.13224629,2.7271378,-0.018467609
120960.64,-2.7038093,1.7788836,-0.7960453
121269.95,-1.6205969,0.70233893,0.07484756
115228.92,-1.6725714,2.5859659,0.0036787412
119096.35,-1.8869318,3.050582,-0.038547963
118541.83,-3.002704,0.46105006,-0.08743067
115091.09,-2.309507,2.2359354,-0.7634525
121478.016,1.4877003,0.15032442,-0.004706226
134886.02,-0.42875785,0.21757688,-0.014860386
132036.61,-2.7918293,0.95621586,-0.054508246
118822.664,-1.6650003,2.8198888,0.003256781
132189.89,0.5380144,2.0664556,-0.27354935
131126.19,-0.5868696,2.65013,-0.7769266
120978.41,-0.014074448,2.395321,0.07466637
115034.27,-1.6514012,2.5507607,-0.16047297
125542.695,-3.5654235,3.020202,-0.036336545
120419.586,0.0080397865,2.9062696,-0.9994083
115368.96,-2.1851547,2.527819,0.23041615
118666.95,0.3817614,1.7790546,0.68793833
128899.25,-1.4671563,0.71945935,-0.18989336
118041.17,-2.538819,1.2090249,0.17700541
117311.234,-1.6606144,2.7467146,0.098680556
122321.97,-3.0178308,0.7461115,0.08239993
120336.484,-2.0368497,2.1035838,-0.211672
124326.88,-1.6216284,1.850372,0.05183583
126846.97,1.2681402,0.8346415,0.09197687
120758.99,-0.16538492,1.2225232,-0.2509113
125065.17,-4.2563224,0.8686005,-0.038492236
119644.08,-1.6326996,0.24776486,0.10677349
131051.516,-2.9112575,1.9222299,-0.2690124
134905.88,-2.8023453,2.7170167,0.81065243
119133.12,-1.1056408,0.79460675,-0.26684567
120188.03,-1.854984,1.4180595,0.029074421
132459.28,1.889689,1.7231207,-0.04442233
122009.266,2.254582,0.27853826,-0.1451939
118942.74,0.43647078,3.1056802,-0.019594325
132098.4,-2.9505258,2.255295,-0.27127832
132966.45,-0.7828942,3.0418205,0.101763606
116755.016,-1.9912441,0.3164203,0.03392458
133134.08,-0.027330933,1.5927358,0.29754713
130845.93,-3.0110164,1.2575748,-0.2098432
126676.984,-1.6384966,3.049716,-0.163053
116441.0,-2.0210512,2.4388738,-0.029066674
126776.69,-2.576494,3.09333,0.1599512
124546.5,-1.1457866,1.6336485,0.4075637
122345.836,3.337923,2.5232046,0.012331307
133433.25,1.051812,2.2020373,0.06346775
123585.516,1.226116,0.91633373,0.013116821
133786.81,-1.3460512,2.964303,-0.068074144
122217.22,-1.726664,2.8883471,0.5526363
134733.25,-2.3977537,1.4123466,-0.5090028
124189.08,0.7516143,2.8269227,-0.017213946
120167.37,-3.097502,2.1125758,-0.50671685
127248.3,-3.1037474,2.985117,-0.07343774
120515.836,1.1197892,2.4100196,-0.06592918
131710.19,-2.4068522,1.6910082,-0.28800863
129536.65,-3.585938,0.3712799,-0.8696297
117431.234,-0.32431054,0.9474786,1.7609769
121959.64,-0.9154924,0.21574844,0.21405625
118738.164,-1.2046299,3.0821354,-0.015510013
128967.96,-2.9722006,2.480914,-0.0068976767
121964.875,2.8608665,2.6443913,0.13832514
118805.09,-1.7455363,2.3694196,2.3873587
117423.02,4.1154633,0.5202564,0.6852838
117513.87,-3.7248101,2.3491826,-0.010993014
134943.25,-2.030679,2.08522,-0.37074232
123389.37,0.23613428,1.5491774,-0.6289789
130312.31,0.35514268,2.7372365,-0.25284618
117385.47,0.22148296,0.38524237,0.11594099
118829.93,-2.541893,1.7786344,0.14577678
134878.36,-1.753966,1.2365959,-0.5550781
123166.09,-3.4421334,2.6754937,0.34159547
121615.69,-2.154829,1.740765,-0.099927366
121099.64,-0.65697324,2.9949107,0.074034035
126651.9,-3.4800234,3.0248778,-0.05620443
120978.92,-1.9023125,2.535089,-0.024552654
120913.39,-3.4131918,1.4494293,0.04626572
128946.17,-2.050341,2.7493606,0.23255098
126223.72,2.8373225,0.846889,0.5441006
130721.15,-2.626757,1.6203903,-0.43455276
124022.15,2.5695462,2.6379628,-0.1293272
118883.38,-2.9360518,1.8309163,-0.053607706
125115.305,-2.1466706,0.8222083,-0.17640644
133184.9,-2.7300427,1.8656275,-0.049343705
124210.65,-1.242281,1.6651996,0.11524964
132623.69,-1.5668681,2.796131,0.26279205
117151.336,0.06033835,3.1627662,-0.046849195
133330.33,-1.3371559,2.7975717,0.09681213
117751.01,3.1356342,0.3511127,-0.055661783
116047.3,-3.1022727,1.5777689,-0.27231386
121193.54,-2.317693,2.7041895,-0.10423666
116062.64,0.98247576,2.9888456,-0.007085711
125403.83,-2.7327685,2.0029364,-0.6687186
117192.25,-2.5684114,1.1530013,0.23210995
126677.66,-1.475886,1.491878,0.34319988
122084.45,-2.9083219,0.53208166,0.17966472
128221.23,0.3401962,2.5911038,-0.0703842
118092.484,-2.8300214,1.8059679,0.13624692
134116.45,-3.2941916,2.5552921,0.18435812
121308.25,-2.4200976,0.19174816,0.61785537
116894.29,-2.109009,1.0539931,-0.042152204
127473.76,-0.3085678,1.1054971,-0.19587651
116202.57,-2.4156196,3.1044066,0.009132635
115814.58,-3.0625067,2.227992,0.17275779
128265.63,-0.21326339,1.6470863,0.26211858
131549.23,-3.398947,0.57637244,-0.107643634
118303.984,-1.1662312,2.030019,0.2931541
127025.39,-3.2611694,2.739858,-0.026563521
130126.85,-2.1349704,1.8203901,0.35334897
121329.14,-3.0346332,3.0829241,-0.03085315
130799.87,-1.4614137,2.4496715,0.33195475
116732.65,-3.3455195,2.6279683,-0.15215565
115935.89,-4.356809,1.4342589,-0.47658098
125151.5,-2.1336696,3.0049334,0.047802776
121308.164,-2.2485995,1.6423442,0.0091052195
127613.92,-0.5030759,2.7510908,0.10317133
125775.01,-2.6501963,2.288654,0.33224323
123874.33,0.9167929,2.4502032,1.3571616
120394.516,-0.18277736,2.7399633,-0.21014746
120142.11,-1.2084184,2.6928363,0.11485271
123301.43,-3.2517161,3.103121,0.00619441
124870.484,-2.840713,0.64716274,-0.06826307
116692.74,-3.6902902,2.9070811,-0.065079
124813.695,-0.9476395,2.4502046,1.4816095
120510.0,-1.4450923,3.0075912,-0.07078053
116746.445,-1.8414179,1.2059802,-0.17820156
118543.336,-2.9508524,1.0041944,-0.35499987
125934.15,-0.84792435,2.2053957,-0.17586617
120230.31,-0.2774863,0.4067099,-0.06463499
119883.35,-3.467536,2.937095,-0.07670585
127956.99,-2.8635378,2.7294557,0.14033183
126716.3,-0.99095154,0.7588849,0.071079716
116585.43,-1.72203,1.5228944,-0.09595569
115105.48,-3.1011684,1.4206533,0.4762109
117230.47,-2.355286,0.9621975,0.41705006
133727.67,-1.814824,0.79587024,-0.10822472
119750.01,-2.9449422,1.9193909,0.48339552
116804.414,-2.0699327,1.5643027,-0.22029416
130376.56,-3.418676,2.2139237,0.20659924
134420.19,0.47791302,1.4308894,-0.058677785
130051.72,-1.2320473,0.55394745,0.1736929
122150.4,-2.5112844,2.4457567,-0.49725136
123403.86,-3.6934376,3.1246116,0.26782694
121338.99,0.14484048,2.9447381,-0.22215514
117078.49,-0.4271395,2.9603384,0.04801912
117865.77,0.5760615,3.1525552,-0.07332272
119291.336,0.5371362,0.6082399,0.29345983
125550.23,-1.3766185,1.5826688,0.24358988
122785.055,-2.2784772,2.166567,-0.41797978
119719.44,-2.6101978,2.775556,0.84489495
117028.59,-1.7458284,2.5374064,-0.38746426
130793.9,-1.62651,0.74425507,-0.16247132
117934.9,1.3440615,1.7642554,-0.38125825
128758.664,-0.8770634,1.1696471,-0.33390275
130859.94,1.2632498,2.6699612,-0.024732942
129722.81,-1.9590728,1.3112714,-0.28741235
120693.62,-1.2528477,0.86407393,0.061176766
121641.05,-2.0608814,2.8782005,0.15848267
121499.98,-2.7818456,2.979758,0.07861242
115038.41,-1.4511298,1.0147533,-0.2741662
120375.305,-0.64049345,2.4170394,0.213856
133070.89,-1.0371327,2.8358319,0.27778772
127382.69,-3.6079419,3.026752,-0.05905445
134512.28,-2.247962,2.6669538,0.005394593
125191.555,-3.0692515,2.9951756,-0.057249498
129334.836,-0.95764554,0.4953589,-0.1508847
115090.05,0.26347107,2.9721105,-0.1322225
121561.43,-2.5120218,1.2153529,-1.1384388
121462.29,-1.7224811,3.1086311,0.019025454
117624.36,1.2820591,2.8448353,-0.07029629
124466.266,2.405757,0.6077838,-0.23865509
130674.875,-2.8358183,2.6876097,1.0528146
115428.8,-3.1314266,2.6379013,0.8247583
116315.3,-2.6599503,1.6646613,0.44143134
117937.12,-2.1903625,1.7923588,-0.3622304
129818.89,3.1755657,0.46699566,-0.041192066
116358.164,-1.3785481,3.0623863,-0.083478965
126474.164,-1.0359432,2.9669158,0.029454663
126616.54,-2.266587,3.1173432,-0.1363831
132442.69,0.056373216,1.6217402,0.15842485
125550.63,-3.9327793,1.2859058,0.0040816297
116948.08,-0.7067783,2.3713248,0.1733532
116348.734,-2.4982865,0.28397995,-0.3431197
115846.39,-2.7792447,1.6653045,-0.40148252
119003.125,0.0015883951,3.0643253,-0.029034788
133873.38,0.28437024,0.38157514,-0.038035113
128264.086,-3.465502,1.8715982,-0.07846998
120998.21,-1.1552719,2.3844264,-0.4498318
127668.055,-1.92934,2.1720593,-0.051428474
125772.91,-2.530163,0.40641767,-0.13644151
117424.164,4.5827975,2.0700977,0.78575796
115001.28,-2.165393,1.0519971,-0.12652187
132166.92,-1.1631936,1.5636902,-0.2608232
128039.484,-3.5165539,2.4494772,-0.38476294
116923.484,-3.0337327,0.510044,0.047801584
125523.89,-3.4211488,2.6627648,-0.07325716
119896.4,-1.0224257,2.9556024,0.113207184
120925.85,0.6997242,1.323987,-0.3165523
121199.414,-1.2261783,2.5417042,-0.050132196
116827.16,-2.1220162,2.88647,-0.042099163
121386.516,-0.794825,0.70281947,0.35855314
119629.13,-0.5765113,2.693439,-0.066588044
117076.305,1.6840725,2.9499342,0.080904596
119591.33,0.13949428,1.824053,0.24755797
131407.33,-2.6169946,1.6178017,-0.16152728
122006.01,0.085320786,3.1145651,0.14314133
120510.05,-0.53524333,2.865446,0.15399607
126826.45,0.4067452,1.8064448,-0.29616326
116647.57,1.1274709,1.9228902,0.15152092
115575.75,-0.11511077,1.8329322,-0.30451214
131105.22,-1.7014343,2.6883886,-0.069936015
121414.82,0.2116812,2.1521702,-1.8067226
118615.94,2.0892978,2.7435641,0.0477098
133436.34,-2.4401023,2.7665114,-0.078024775
121902.04,2.8503704,1.2314932,-0.06272723
129207.266,-2.2702389,2.9356723,0.075682536
115877.89,-1.6617192,1.6877773,-1.4137785
124845.1,-3.1561031,2.4984224,0.5197741
121261.4,-2.627253,2.1074197,0.14347924
128223.5,-1.2986121,2.5402021,0.041170016
132718.33,-1.5871224,0.9049311,0.049257584
123863.95,-2.3922367,3.0456603,0.022102544
124902.69,-2.3215306,3.1447034,0.13377714
125527.25,-3.3217447,1.9643953,0.061915793
118043.22,-1.1812159,2.4716687,0.29632
130325.69,-0.8954808,0.020477198,-0.01944503
119913.195,1.7746489,2.724949,-0.2367229
126841.58,-0.8728596,1.4579285,0.06028159
133270.28,-1.268224,2.250226,1.1468402
132254.6,-1.9454399,1.7907351,0.15632519
133700.25,-2.6283393,2.936766,0.012529176
129523.984,-0.2150085,3.1099744,-0.541837
133174.06,-2.2405975,2.823602,-0.3018451
134872.69,-2.7504177,1.1583251,-0.27665773
124606.49,-2.4944243,1.2155553,0.07456864
126645.98,-0.70576334,2.401652,0.09300198
130183.98,-1.930574,2.9959507,-0.027959028
116870.4,-3.4967139,2.9671483,0.10153832
120119.11,-3.441198,0.14733943,0.11905503
125115.94,-0.44720554,0.2548628,-0.019249843
115845.75,1.1967541,2.1112475,-0.19267514
117433.6,-1.6296148,2.3883822,0.20177887
132476.75,-2.1434214,2.4530156,-0.02343458
116818.445,-2.2897823,1.0959126,0.16219747
133640.23,-1.9237235,2.6360164,0.022273593
121321.75,-2.2630403,0.34284535,-0.042702004
130930.22,0.5440925,2.2076883,-0.27017516
126367.76,-3.938407,0.4000596,-0.057611857
130643.7,-3.1498742,2.5338566,0.09351214
115055.516,-1.6500987,2.973557,-0.08469508
125526.92,-1.9738592,0.5392713,-0.110619105
133263.88,-1.2737837,1.7690848,-0.38354415
125658.58,-2.9260647,2.8647323,-0.12398684
133077.7,-2.9306695,2.73341,0.022677077
115389.32,0.359259,2.6663036,0.0056532524
128878.914,-0.6144451,2.9018435,-0.13077277
132405.45,-4.0074377,0.16276678,-0.02875676
131012.94,-3.732273,0.9511452,0.062052272
115919.82,0.35417733,0.4176015,-0.15907061
124852.086,-1.9267821,0.5452595,0.31716886
121959.516,-1.2873139,2.8807175,-0.03039871
127053.41,-2.7150476,3.0612009,0.21207875
123273.17,-1.2946095,2.6341653,-0.13034754
129169.945,-0.7522404,2.7447636,0.057866048
133445.92,-2.2232482,2.6098583,-0.0698192
125605.93,-1.7095863,1.0062013,-0.16815765
123968.03,-1.4029886,2.9740703,-0.034911536
124985.734,-3.056683,0.13080592,-0.030511351
119824.5,-3.7332842,2.4023085,-0.06133381
125373.52,0.097235814,2.362604,0.109057315
133055.23,-0.9961996,0.13360016,-0.19610775
116404.12,-2.7696986,1.7172315,-0.7895571
120202.836,-1.7260809,2.788507,-0.015875354
134477.88,-1.3879725,1.3681477,4.0849667
127732.76,-2.6258276,3.041423,-0.13052662
134953.9,-3.6391046,2.8102484,0.01992182
123663.16,-2.6267056,2.6175244,0.28057694
130008.9,-1.9638866,3.1018052,0.014282575
116107.234,-2.8712893,2.8705726,-0.00749903
116925.48,1.4538847,1.5091174,0.14715472
123814.19,-0.2387435,3.0936673,0.17965995
134167.86,-2.6335254,3.1592672,0.0017387974
120062.36,-2.7609918,3.146326,-0.016892113
124831.13,-2.4778564,3.0047438,-0.35582262
126662.875,-2.5287118,1.5024266,-0.08155988
120767.52,-3.649689,0.80049175,-0.4621351
133888.02,-1.9730808,2.3638375,0.03876341
121946.19,0.62484026,2.5893264,0.17255695
116841.27,2.5641418,2.0444932,0.48339432
115921.28,-2.2503202,2.1947968,0.14584294
115631.41,-2.0230536,2.8210285,0.02697356
124217.52,-2.4058235,2.528094,-0.017775964
118433.12,-2.916843,0.0039492613,0.03520417
126314.05,-2.8792603,2.7027116,-0.4320484
119468.95,-2.9756794,2.6747925,-0.020097638
123994.64,-0.66062564,2.6477962,-0.06294566
118879.945,-2.8604293,0.29895252,0.17263025
132880.6,-2.7956583,2.198463,-0.0060039917
127474.64,-0.8121534,0.29903755,-0.18379164
117139.98,0.5874241,0.08364202,0.013452362
120813.21,-3.1108162,0.9953316,0.023162212
122036.64,-1.120423,0.40888387,0.06719804
117428.49,-0.51165503,0.362487,-0.16088837
117589.69,-0.7885827,0.21872143,-0.2772844
124831.33,-2.8832843,2.8480003,0.12609783
127031.79,-0.60900795,1.9967322,-0.14563672
118785.71,-2.7195282,2.338319,0.30047047
116742.39,-2.2766788,2.9491978,0.20530772
124127.38,-2.0550618,3.0295563,-0.070048355
123450.984,-1.7218106,2.871602,0.004072094
128402.9,-1.1374673,1.1608843,-0.2548627
120999.125,-1.8353977,2.8189507,-0.012270815
126237.32,-2.150353,1.4707108,-0.27289495
117798.81,-3.3448515,1.8771499,0.18773142
119657.445,-1.1605858,3.10107,-0.023172047
128200.66,0.6132021,3.0109015,-0.017952375
132929.69,-2.8323648,1.9659323,-0.2481185
125535.13,-3.147986,1.4831238,0.08068884
130012.68,-1.1350695,3.0637634,0.15033014
123978.85,2.2883976,2.629963,-0.027436346
122294.836,-2.7388089,0.524608,-0.5228637
123183.12,1.460823,1.582016,0.38156667
134645.12,-2.346002,2.3991656,-0.5839126
115919.51,-3.0526073,3.0855334,0.11368338
124047.97,-2.0614822,1.9128884,-0.09919966
120878.766,-0.5161878,3.1221135,-0.14540668
119414.25,-0.84650815,2.8370476,0.005936347
124158.984,-1.4138166,2.4875011,0.073952384
122845.14,-1.5920799,1.8801389,0.15061145
123114.61,-2.9390717,2.6737666,0.029777689
118232.9,-3.2140906,0.108372055,-0.013990838
131141.8,-1.6194187,2.6993835,-0.114471875
119679.38,-1.463695,2.5017607,-0.07834363
115087.9,-3.8583276,2.8116057,0.046331875
131174.84,0.22425129,2.8154526,0.07392914
124563.55,-3.6640556,1.2890439,-0.2352198
118686.266,-1.2836795,2.9639502,0.006472141
118139.07,-0.69325316,3.0070958,0.012807502
129446.21,-1.7174274,1.7639717,0.87702113
116782.78,1.1056377,0.7171138,0.3142396
132138.81,-2.7157953,2.9678137,0.14183849
121336.38,1.5540307,1.1064215,0.10048878
115466.69,-2.0175292,1.4930472,-0.10225917
127112.336,-1.5503218,0.86735076,0.6571918
117877.64,-1.5415746,2.0088065,-2.470711
133303.3,-3.4114966,2.753811,0.10008113
126546.805,-1.685003,2.13592,0.15343644
131091.05,-0.87675244,1.9930751,0.7642803
123453.11,-2.7204082,3.019745,0.24825647
123136.34,-1.9246037,0.7962542,-0.08857914
132110.25,-1.5146353,2.5757234,0.06908077
117865.43,-2.654728,1.208951,-0.11228459
120440.67,-2.160428,2.9121442,0.099644266
116163.94,-3.6363034,3.061644,-0.15216906
129657.09,-0.2715577,0.07735902,-0.21040581
125417.45,1.7514491,2.774087,0.08985336
122542.83,-2.584721,2.5344014,0.31880248
121125.6,-2.6753323,2.463144,-0.07345354
122508.164,-0.24244137,1.6436207,-0.41597518
122903.555,-0.1791711,1.0918515,0.26116022
115767.49,-2.1998541,2.9162393,0.18904558
126677.02,-2.3155425,1.4491751,0.68453044
131104.28,-1.9087157,0.5008888,-0.05470671
127678.766,-2.084045,2.1055114,0.033048477
116172.76,0.26959458,2.2746906,0.09089515
127898.15,-3.099401,2.534795,-0.053004865
131646.39,-3.506246,0.8120681,0.28902927
116905.586,0.5937894,2.8795002,0.2966317
132186.8,1.2559966,3.1114178,0.06642683
119667.15,-1.5309098,2.4270911,-0.2939441
122705.02,-3.8196871,1.1282496,-0.38885203
128146.266,1.4767338,0.6877017,0.008726766
116072.13,-3.2672756,3.0160441,-0.21187553
124355.17,-2.5260754,2.275281,1.9377013
123422.02,-1.76948,0.87733674,0.0003423956
129371.83,-1.3985254,2.7614594,0.15977001
120022.52,-1.98546,1.2787687,-0.11075201
126465.6,-2.8834977,2.968293,-0.0618997
132179.0,-2.6297946,2.081548,-0.9989685
128512.086,1.7498661,1.5005244,-0.50294334
122053.516,-0.50571233,2.6147435,-0.13153712
131417.77,-3.3008392,2.9407172,-0.1414213
116787.91,-2.9819074,0.596833,-0.3250839
131906.6,-2.6861367,2.0175977,0.14367533
129430.41,-0.5995065,2.2506292,0.08405797
133153.45,-0.102002375,1.9970996,0.26448762
124928.586,5.572016,0.5424867,0.3597189
124923.766,-0.7233827,3.0054948,0.023991233
123706.375,-2.409286,1.328951,-0.20506456
119989.44,-1.7077241,2.9495592,-0.008027672
128992.21,-2.109845,0.44841576,0.16455103
119595.02,0.11391396,1.3236663,-0.36455417
117654.11,-2.548053,2.8186607,0.028813379
118256.8,-2.3471668,2.6570537,0.2262472
119308.63,-2.4730904,1.7584275,-0.26745746
123269.516,-0.54047865,2.4998944,-0.07798752
115039.98,-3.219836,2.511323,-0.22279613
117136.61,3.0791385,1.7255427,-0.025021996
121703.875,1.6498055,3.149251,0.03955131
130995.31,-2.168309,0.49822053,-0.90572214
115210.29,-3.4756272,2.8032517,-0.17511612
116278.07,-1.6435657,1.9432518,0.08084678
125677.21,-1.288371,2.2779613,0.23425074
119020.664,-0.5658079,2.8857791,0.0022543278
118257.734,-1.295187,3.0523462,-0.11159861
116005.57,-0.9911747,2.5892797,-0.12938978
130469.91,0.38612294,0.52050567,0.23044713
124381.79,3.7585797,1.3525869,-0.16262121
128449.52,-1.4648805,0.19999991,0.004998856
115078.07,-1.9692503,2.2753768,-0.08332818
129378.336,-2.2833781,2.465562,0.03912935
117325.25,-1.880665,2.3536198,0.25026256
130186.125,-0.013862983,1.6564304,0.11792086
122792.336,-2.837034,3.072313,-0.058462035
131556.6,-2.7044945,2.255298,-0.63350636
133697.58,-3.070275,0.5133771,0.01777507
120187.26,-2.6547525,2.4457073,0.18813491
121919.3,-1.8333726,2.616642,-0.10563932
126081.195,-2.4387805,3.0213153,-0.45086318
124947.79,-1.1692696,0.31869927,-0.33987635
116583.44,1.9266775,1.4411923,-0.31711674
126832.94,2.9227884,2.1768243,0.0026542363
134808.61,-1.4400971,2.2779086,0.19587919
124758.77,-1.6494367,3.0756555,0.07840978
126372.09,-2.594723,0.56903887,-0.04676069
124095.48,-1.6252805,0.63940126,-0.18526164
115111.76,0.73832786,2.1399388,0.69595915
118586.29,-2.5682158,2.743932,-1.3724222
121616.945,-2.0045657,1.239368,-0.034816477
119186.61,-1.1162109,2.9367507,0.044294786
121492.914,-1.215964,2.0614786,0.032669425
127864.46,-2.4080656,2.182746,-0.39249262
120553.93,-1.3397055,2.7211885,-0.014758769
134310.5,0.4957587,3.1043448,0.16536514
118856.96,-0.9424972,0.44345236,0.021241937
117793.14,-1.9516217,2.419709,-0.36635733
123903.95,-3.0856724,2.9672625,-0.0023875313
115766.484,-2.5205112,2.820756,0.013352236
128737.44,-0.1703812,2.368572,0.15883312
134466.5,-1.3678503,2.1658037,-0.25406736
117247.47,0.82266223,1.0315386,-0.09020828
129240.98,-2.5206006,2.2870638,0.020478474
132271.53,0.39806,1.5720394,-0.25360757
121506.7,0.92050076,0.7922823,0.30310354
117605.26,-1.6245097,3.0820727,-0.38272586
133942.28,-0.59846777,1.9523247,-0.32976988
133408.56,-0.797604,1.6437687,0.22498609
117065.47,-0.76162857,1.4575037,-0.04952131
116016.11,-1.0126411,1.0646178,-0.069613285
132090.1,-2.4871516,2.1928046,-0.10456237
118172.18,-2.1548452,0.38467792,-0.14622587
122517.5,-2.50177,1.4482073,0.82238567
115154.78,-1.7335879,0.4401502,-0.14016704
123916.84,-1.4554166,0.066683546,0.012745519
131332.02,-1.9931982,1.3614744,-0.7766632
117164.11,-1.8358548,2.8834555,0.08542696
134222.17,1.1491119,0.05153005,-0.042304777
124910.516,-0.79086334,0.29567334,0.02948923
123720.97,-2.8544216,2.9471421,-0.08548566
122067.6,-2.7579954,1.481267,0.027608884
131052.016,-0.21558502,1.9274803,1.7020271
124406.02,-2.7301185,2.364269,0.10604519
131734.44,-0.9602241,2.4020128,0.18500477
130286.414,-2.4674642,3.0217407,0.024199829
119313.77,-3.1701572,1.4927086,0.13213699
115474.31,-0.9169472,0.6376691,0.08840392
117843.71,-0.42775217,2.892268,-0.0018767689
123951.29,-1.1966721,1.4943686,0.7461396
117509.414,1.1522735,0.65961707,0.027235797
117280.95,-1.0633655,2.0127752,-0.16132048
131157.34,-3.224312,0.8908181,-0.019979035
121779.21,-2.4210682,2.9653466,-0.06602275
118028.57,0.7800628,1.7816076,-0.040582072
118632.58,-3.2703257,2.7109022,-0.39479226
124400.484,-2.5500782,1.7785507,0.013746184
133856.17,-3.0101511,2.9444206,0.038610242
129843.07,-2.6471171,0.9646496,-0.020213557
131762.89,-3.2036958,2.834447,0.5210817
115882.766,0.84383696,0.63492286,-0.19747435
121729.3,-2.5653465,0.37054023,-0.12536298
133981.44,-3.0162838,2.5611353,0.045033813
126166.43,-3.5456312,0.3607442,0.117677696
115112.89,1.8188236,0.9542964,0.10050368
115742.29,-3.43238,1.4510541,-0.5421168
130928.555,-1.2440388,0.6454554,0.03363731
130202.164,-1.0880086,0.09627911,-0.0017325396
128319.8,1.8669431,3.0644724,0.1554175
123059.97,-1.2697252,0.98010844,-0.07533001
119927.32,-2.3018641,0.87264323,-0.079721555
120817.8,-1.6058306,3.064846,0.41324526
130427.65,-4.097797,0.6032505,0.07581723
121693.32,-2.9738543,1.2726213,0.044806145
120790.89,-2.6032894,2.8922625,-0.03384412
129783.11,2.5529377,0.33108148,0.20878235
118125.52,-2.038836,2.2044904,-0.0026372506
128195.66,-1.943224,2.6169038,0.051556908
115008.57,-1.6532706,0.36287108,-0.18454169
121030.27,-0.49717903,3.1125114,-0.012555995
130255.7,0.074349426,2.374569,-0.015523423
118271.23,0.3490288,1.6662977,-0.09664406
128548.125,-0.5584989,1.8854314,-0.14283678
118907.35,-4.642213,0.13281137,-0.08650719
133590.55,-2.1992884,2.2796254,0.43513235
119698.75,-2.9094155,2.7647214,0.19291295
119690.11,-2.189708,3.025135,0.23576991
129875.05,-1.9157463,2.846482,0.29920757
130355.65,-0.94180155,3.1176813,0.13225439
126390.28,1.317127,1.6358783,0.026268506
116415.51,-3.0318034,0.49823546,0.13964942
119396.875,-0.578358,2.808678,-0.0030809643
115648.38,-2.1653285,0.3936127,0.5733451
126773.8,-2.9403806,1.143014,-0.12369361
132355.94,-0.5503617,2.7158046,-0.81301016
123120.85,-2.4726756,1.1691512,-0.044899713
127529.69,-3.2625725,0.8046225,0.094851926
115374.3,-2.4940128,2.7612414,-0.13796754
130641.08,0.13876209,2.785022,0.033851273
119413.13,-0.11112463,2.5147178,0.02153278
124755.664,-1.6278863,2.5750625,0.20385292
130953.21,-1.5364078,1.7971629,-0.034133174
129447.766,-1.9802781,2.5707784,-0.026940782
115287.96,-2.1778057,2.0348532,-0.1431151
132201.69,-2.0998125,1.4867815,-0.17754239
120874.516,0.7800318,1.6998516,-0.17349683
128090.39,-2.0306215,2.117125,2.6807165
134634.64,-3.4697418,0.2528036,0.096692935
124282.55,-4.0482593,1.0293444,-0.2850847
131427.39,-3.5439072,1.1511496,0.25082043
117333.63,0.37191004,2.6788638,-0.0738305
127738.77,-3.1067092,1.9391037,-0.42822036
122488.96,-0.49340814,1.1364018,-0.06643815
117450.55,-0.6554224,2.964798,0.19865887
118429.89,-1.4361682,2.109436,-0.01889821
124513.7,-3.3760715,2.5533412,-0.21913855
127170.35,-2.5307732,1.5563153,0.24946573
122544.914,-3.378353,2.6206207,-0.14483334
122292.88,-3.3656397,2.5879366,-0.030817987
133901.22,-1.6352782,0.6266732,-0.09330325
125233.94,-1.6537989,0.65524787,0.13545127
127493.74,-1.6467727,2.0579636,0.4072657
125502.24,-1.2381946,2.5497367,-0.5786605
127060.49,-3.3976126,2.6696393,0.017684478
127013.65,-2.3420713,2.3095162,-0.30433813
119372.62,-2.6807985,2.2359614,-0.02590704
120084.52,-2.265973,2.5820622,0.12661515
119771.62,-1.9528067,2.7430902,0.07908742
129701.96,-2.962686,2.5402923,0.15070978
134424.28,-1.2759569,2.4115002,0.0613943
117362.19,-2.737108,2.7487006,-0.25971556
129751.664,-0.39757234,0.21718407,-0.12818916
129443.73,1.1730218,2.9715807,0.035739366
118233.68,-2.4802458,2.2757106,-0.13817197
132301.69,-1.6902983,2.8960674,-0.018613327
126330.24,-0.3140817,1.7020257,-0.2524692
122030.516,0.96592706,2.7627454,0.25492617
132097.98,-2.766717,2.641684,0.16541402
119688.4,-1.0195909,2.3275137,0.17185546
132616.17,-1.7081385,2.0795736,0.38796878
121407.805,-3.0775824,2.1099129,-0.13741954
128841.81,-3.29236,2.1875582,-0.10828432
117370.78,-1.2465254,2.4154403,0.11135486
115079.766,-1.4261029,1.8847445,-0.050743684
122693.984,-2.304502,2.7345462,0.07000992
117021.58,-1.3269039,3.1144996,-0.049066868
122015.32,-2.6401207,2.841322,-0.007860199
123670.71,-1.6490834,2.7749002,-0.094611146
127630.09,-0.5559352,2.1928966,-0.25255832
133548.42,-1.860738,0.49827674,0.07664387
128986.336,-3.2708406,2.281171,0.35159558
118521.266,2.0322204,3.1410697,0.05365002
120183.37,-2.3818064,2.884349,0.008291099
133844.34,-2.1735609,0.63011366,0.44481835
121090.055,3.9335485,1.6140796,0.30671582
115053.59,2.9065719,0.46965137,0.17895488
117749.38,-0.8918728,2.657055,-0.30485067
128743.914,-2.9823923,1.792958,0.11327394
130025.016,-0.90904826,2.471082,-0.1743762
120983.984,-1.4497477,1.8936939,-0.14398971
132542.77,-1.2603085,2.9159608,-0.06137523
122343.12,-2.962366,2.316038,0.18807292
118806.195,-3.0966156,2.8259091,-0.026969688
116026.234,-2.5734174,2.883309,-0.12152481
126784.445,0.63032454,1.3694685,-0.44922182
119270.74,-3.3366091,1.9891249,-0.08820248
125655.875,0.31576034,2.659273,-0.13218646
116320.64,-2.0942385,0.22421606,-0.008463936
123692.94,0.103908315,0.13730292,0.08107981
118063.63,-0.4502201,2.896386,-0.14141504
115911.984,-3.1540732,3.0485914,-0.050704945
127333.3,-1.9451486,2.5947466,0.15615474
121292.43,-1.4728649,1.1677808,-0.10663969
117806.34,-0.8884911,2.764558,0.12804551
123077.4,0.9552471,2.7958922,0.13312276
118872.3,-2.5895722,1.9148967,0.58396685
117306.81,-2.9103248,0.39219877,0.0637264
115828.266,-1.6580104,2.8243713,-0.18063438
119540.75,-1.8989673,3.1399863,0.55941033
126901.64,-2.387307,1.3234603,2.6253462
117483.52,-2.5763338,0.11839004,-0.025936242
133753.36,-3.1191452,2.8854883,-0.32471737
117142.914,-0.37596506,1.7659981,-0.51303524
127288.72,0.2524174,1.8059819,-0.64530486
116004.484,1.1765782,1.4601365,-0.35726967
124503.17,2.236488,2.0419986,-0.048956014
116860.64,-3.954441,1.1060255,0.00034120362
117897.78,-0.4266976,0.20923124,-0.08141029
129539.52,2.0260231,0.2680119,0.07142658
118036.055,-2.0488753,3.1056018,-0.006936714
130333.56,-2.2244625,2.4324653,0.25637385
124282.72,-2.3311915,2.8347595,0.036123183
128162.52,-2.174651,2.233534,0.56004566
123656.08,-2.0171313,0.5961907,0.043848984
132004.23,0.4630554,1.1573164,-0.18380266
118332.055,-3.3472183,2.4483607,0.14094809
120731.7,-0.1791005,3.1371238,0.017577797
132866.6,-2.1276157,3.046832,-0.10495513
125201.54,-0.36998996,3.0441737,-0.1379002
131947.53,-1.2895977,2.3596754,0.12895858
118476.445,0.5735322,2.0021024,-0.09796209
120662.7,-3.5088027,2.1936207,0.37031737
118421.16,-2.4484084,2.9430592,-0.07309684
115932.11,-2.995015,2.5833802,0.1264131
126649.44,0.36144873,2.1642454,-0.070494756
125273.87,-2.6998038,0.5528686,0.019052273
123449.23,-1.9349979,0.6136224,-0.092082955
129466.484,-2.0452673,2.0012646,0.018132066
133641.95,-1.6867257,2.7421057,0.15759107
133284.66,-3.4428077,2.7439477,-0.5278256
117717.07,-3.5147886,0.23540528,-0.05435895
126655.2,-0.7554327,0.3487935,-0.078945875
122092.914,-0.86872125,1.4783603,0.104599915
126934.93,-0.7064256,2.7555907,0.03350381
122847.71,-0.93802893,2.555382,0.25742874
128081.984,-0.27231333,1.5947279,-0.0039147525
120450.34,-2.7507427,0.49336094,-0.08141148
117862.24,-0.19655769,1.2613183,-0.040489398
128956.79,-3.722819,1.6638143,0.120643936
118501.92,-2.2253585,2.1736958,0.1825636
118653.77,-3.2259037,0.30215377,0.022256905
124003.01,-2.725587,0.044495173,-0.0644994
129014.92,-4.0936604,0.90006566,-0.044703633
118441.445,-0.20937575,0.6117403,-0.23314428
124520.76,-3.3510327,1.6934247,0.41248655
126049.05,-2.9280078,1.1949556,-0.07438686
129265.06,-3.1481528,0.33087748,0.07605443
132640.11,-3.8375463,2.9794402,0.43575755
125283.15,-2.3953204,2.957809,-0.72418636
122468.18,-2.3754015,2.098811,0.2523855
126085.31,-0.61053437,1.936892,-0.014661028
119778.516,0.81767803,3.1088755,0.0011541324
122073.625,-0.22973868,1.2729133,-1.248984
132400.02,-3.4182007,1.6981053,-0.23863006
131223.55,-2.9422815,2.4032779,-0.29799026
125509.04,-0.8001633,3.0017967,0.052567706
118612.22,-1.8039105,2.4532676,-0.015325556
117888.875,-1.9489225,1.9443797,-0.2206449
128226.36,-4.1300664,2.205178,-0.2993345
131860.56,-2.6814406,2.3669465,-0.010991226
121788.875,-0.864109,2.7894824,0.07874949
122007.1,-3.6797817,1.5422693,0.039133523
123591.14,-0.40948287,3.1134815,-0.12945712
128983.46,-0.9414578,2.7430677,0.12695904
119476.37,-1.1319009,3.1080842,0.13794251
131696.66,-2.7159421,1.7991105,-1.0484298
125698.6,0.41998482,1.3613904,-0.11915873
129605.14,-0.18457998,2.58465,0.22096495
133718.6,-1.7546265,2.739136,0.13800211
130668.11,-3.6167073,2.0046911,0.1633954
130448.164,-3.6158807,2.6789596,-0.17212516
124435.62,0.24180318,1.9397538,-0.2797208
128057.79,-1.7333375,0.16005933,0.07138069
118044.42,3.1265693,1.6545433,-0.21658503
115546.74,-2.0642736,0.88889146,-0.23699169
131007.984,-2.6081295,1.945496,0.44026023
131462.28,0.56510115,2.9419324,-0.033855446
116234.75,-1.3536907,2.7476797,-0.28785783
115578.84,-2.915249,1.7507726,0.48848468
127198.36,-1.7856395,1.564335,0.12711221
118908.14,-1.8770373,1.9573747,0.033101518
128922.91,-1.8688333,1.4828434,1.7348124
118921.08,-0.8024388,2.6174037,0.066402994
126776.79,-3.018808,1.133982,-0.36240324
129455.59,-2.7658308,0.85544455,0.037929624
124734.53,-3.4894986,2.521022,-0.019218853
120014.5,-2.7248127,3.0821426,-0.07776045
120102.31,-2.5511043,1.4657885,-0.098751776
126126.59,-2.5632558,2.1355045,-0.1745416
117753.625,1.897456,0.9659454,0.18181027
115014.11,-2.129446,2.3689117,-1.9302366
121396.266,-1.2000604,1.5023514,0.08209657
118609.984,-0.9606353,1.2989984,0.09170629
119578.266,-2.6268744,1.5861942,0.5495187
115127.45,-2.8223646,3.0470831,0.013405875
116163.75,-0.34747657,0.33117437,-0.1246308
128262.1,0.28085077,3.095746,0.051747028
121074.58,-3.181467,0.12945297,-0.054584235
133960.33,-2.4927678,1.9267238,0.015033521
133153.52,-1.7364323,1.3415914,-0.33543712
124789.6,-1.5298793,0.84512883,0.09086118
131913.14,-1.9156324,0.9121229,0.043807264
120734.625,-3.7155385,2.1031036,-0.1495026
129463.01,-2.343559,3.0100415,-0.04942476
120604.46,-3.1721272,2.4428706,0.8100808
115704.29,-0.42172647,2.9010406,-0.0029575946
122455.016,-0.03735346,2.2936275,-0.39942518
128654.586,2.4160016,0.78609073,-0.23955712
121533.27,-2.958038,0.09048485,0.014318334
116455.22,0.9550542,0.3503184,-0.15543091
128986.266,-3.0474992,2.9057813,0.20985036
133831.16,-1.5304562,0.38728663,-0.094476745
125980.766,-3.152237,1.5863456,0.14363658
126370.41,-0.6382107,2.5652266,0.046475507
132062.53,-2.2188509,2.5418234,0.24951938
132345.95,-2.1940517,1.3546749,0.23878859
128982.2,0.71946687,2.7257311,-0.10231937
125875.586,-1.845154,1.0282854,3.0614781
130449.13,-2.9408197,0.22539467,0.10625021
116711.695,1.8427501,2.7294676,0.11141803
120171.58,-2.466311,2.5871422,0.26140696
125041.75,-1.5644183,1.5001932,-0.14488697
126047.66,1.4178076,2.0434937,-0.15070324
118294.07,0.17410697,1.9855038,-0.24644199
119654.03,-1.7065707,2.4101791,-0.07435884
120214.836,-0.26613504,2.6906474,-0.007944234
119602.51,-2.975777,1.0092272,0.11746016
127872.98,-2.0104156,1.661092,-0.018292388
119439.336,2.2233422,2.6761258,-0.17715739
117576.56,-3.7049046,1.9393886,-0.35435858
131081.34,-0.7603677,0.09459126,0.038241327
124379.6,1.2668122,1.1218137,0.08144158
120820.44,-2.7418244,0.4404806,-0.7158532
116942.3,-3.517927,2.8637676,0.13474384
116751.875,-3.5955675,2.8168075,-0.09452711
115204.33,-2.2973714,0.09350808,0.058860157
118634.375,2.48319,3.0626128,-0.035620764
131769.72,1.165591,2.9302952,0.30593985
120117.48,-1.1524336,3.094521,0.077482425
118340.91,-2.8950574,1.7945911,0.3077147
122601.67,-3.9036117,1.5559906,-0.18955515
121852.18,-3.7263353,2.2766738,0.11526991
118623.57,-1.8163962,2.353439,-0.13453256
130621.87,-1.7604653,2.94622,-0.030739913
126628.35,-1.9898365,1.7476432,0.070397906
130212.35,-2.2444835,2.9426575,-0.1918512
127100.64,-0.59878945,2.470503,0.3353799
131342.02,-1.7047857,2.6893098,0.15633711
125568.73,-0.19478539,2.6976914,-0.025264265
134993.81,-0.980328,2.0159063,0.33347753
128459.92,-3.1883428,2.7256126,-0.059063986
133116.55,-2.0829935,3.1874366,0.6922521
127620.76,4.4166775,1.3452243,0.028637562
116319.336,1.23939,2.7909462,0.040478073
119501.54,1.5405803,2.081251,-0.07257774
120478.52,-2.3912754,0.91195333,-0.042504434
129401.03,-0.19369775,2.5066013,0.83180344
119380.414,-0.0957442,2.1678069,0.022404114
134344.19,-3.4453714,2.1179075,-0.08519631
130488.43,-0.92874753,2.604749,-2.7813458
133080.19,-0.79032266,2.040681,0.11085005
130309.016,-0.16890681,2.2017012,-0.01872001
130580.055,-4.0669827,2.5295846,-0.24478275
125721.26,-3.4957016,3.1462355,0.159503
118159.86,-0.89271075,2.8564973,-0.16065475
122512.734,-2.7404675,2.629227,-0.26633996
121970.15,-0.8457422,3.0470562,-0.0633852
121266.32,1.0764287,2.6418896,-0.09784498
124606.414,-3.3271828,2.6822665,-0.40056828
133408.12,-2.3714411,2.8428805,-0.33970648
132541.7,-1.9470893,2.212365,0.11724382
125154.87,-3.1634135,2.7754436,0.6513482
124673.305,-1.802213,1.8262309,0.21528935
115015.836,-1.186426,2.8054123,-0.10039581
125105.02,-3.5533292,1.2473112,0.06697693
119128.2,3.2781205,0.56465316,0.08404605
134796.98,-2.887886,2.6814091,-0.19743173
129360.17,-3.0016348,2.5911844,0.3760347
134193.44,-2.7393994,0.6407424,-0.6465743
117338.62,0.30257687,0.10041233,0.27036944
128584.23,-4.089622,2.7040536,0.20929609
128775.58,-0.7679153,1.6559834,-0.08847365
115118.23,-2.347461,3.0625067,0.12741974
117633.92,0.8154414,2.5394483,-0.18426694
118771.85,-3.832028,2.0636795,-0.06404019
125287.23,-3.8694372,1.488941,-0.16959131
118189.086,-2.4985027,2.2455199,-0.15443471
131353.69,-1.5474374,3.0028212,-0.012149232
126774.08,-1.1861292,0.7426941,0.36384314
117359.83,-1.0754868,0.16646117,0.18665923
132126.98,-2.173469,2.0180557,-0.7201184
127523.55,-3.3671277,0.21027963,-0.03116992
134474.97,0.4366106,2.9524214,-0.01484191
124355.16,-1.4320297,2.8975596,-0.012119433
122733.95,5.6875863,1.1558992,-0.019388113
128889.2,0.7348032,2.4300213,-0.048919063
115313.74,-2.328426,1.8021121,-0.22380692
130172.734,-1.3843563,0.6258281,-0.21783035
133746.61,-0.43780708,2.3512125,0.17977974
127823.83,-2.7807972,2.9338925,-0.08190675
125744.6,-1.5198069,0.8325191,0.10938571
118083.71,-4.1013784,3.101504,-0.054437026
116487.11,-3.5985324,2.257057,-0.12451965
118285.586,-0.8436503,1.237838,0.17807819
129475.71,-2.5667727,2.7700071,-4.231521e-05
115678.43,-4.0729184,2.4499187,-0.026714902
133643.36,-0.5877582,2.7840543,-0.029650742
129678.61,-3.1337006,0.20045769,-0.073259845
126402.875,-0.73258454,2.7176507,-0.20035803
119848.88,-2.2334354,0.5723302,0.17559113
134045.62,-3.2290454,1.4772589,-0.8801337
118385.336,-2.2924216,0.95668876,-2.4636056
116639.02,-2.2442613,3.0477786,0.20402636
126247.85,-2.427099,1.1148018,0.21973543
117535.24,-1.2950958,2.475867,0.005507831
125233.49,-1.9242387,0.9821408,-0.13303782
123492.78,0.94309926,2.6322782,0.08579289
116245.02,-0.14391024,2.436616,-0.12480483
131343.56,-2.794882,2.688228,-0.08447218
120103.125,-1.1207922,2.756065,0.11999967
116712.15,-3.6859736,0.7529353,0.19283606
126240.49,-2.6765459,2.814678,-0.047221687
115442.58,2.4684083,0.28908888,0.2559632
133635.6,-2.7674465,2.789177,0.18712887
116736.58,-1.5374528,2.5100372,-0.11707426
116708.39,-2.7468455,2.2598178,0.13956718
121758.38,-1.7784173,1.7148228,2.6520774
130436.05,-1.7074313,2.1605213,-0.2624559
131545.9,0.51282674,2.6662664,-0.13985445
125248.6,-1.9962572,1.2910767,-0.068896905
121792.88,-0.65926147,2.3125691,-0.18589994
115878.914,1.6761574,2.573008,0.0061097797
115709.05,-1.4954399,3.0791352,0.008954435
132258.36,-3.1442535,2.6785958,-1.3201916
132848.45,0.10494635,2.9369273,0.0015725165
125316.914,-2.878996,0.29494843,0.16119441
119402.016,-1.1210893,0.66351324,0.029782457
126238.93,-2.0619593,2.7185247,0.3401341
131852.05,-2.3829207,3.0944207,0.0033789587
125274.02,0.19910835,2.3978574,0.864087
128389.414,-1.942798,1.6400876,-0.41191918
118387.34,0.603762,1.1309115,0.00983173
131793.4,-2.0157802,2.498665,-0.1779736
124494.234,-2.847742,2.6274269,-0.11773343
130278.88,-1.3962774,2.779412,-0.09724244
132284.45,-2.2888083,1.5421202,-0.12461739
118406.93,-2.2633111,2.5248053,0.15582813
122300.336,-1.0646063,2.544677,0.30480152
116165.55,2.155936,2.691181,-0.052704487
134171.5,-0.78168327,1.9808614,-0.18515585
116133.5,-0.96212345,1.4949578,0.020837856
116660.97,-0.099883944,0.9231879,-1.3431524
119371.11,-0.59576696,3.106339,-0.07951415
121470.79,1.0139592,2.0665746,-0.50972897
134521.84,-2.8137455,1.8328853,-0.3426048
116187.805,-2.6226647,0.152384,0.11945076
122849.99,-1.6675186,3.0613272,0.14781924
128778.086,-2.3565333,1.7491153,-0.34875986
122296.555,-1.2640859,0.91026205,0.3310876
131027.16,0.98215955,1.961022,0.029345
133031.98,-3.4713328,1.8935846,-0.29403615
130683.29,-2.7007613,1.4759252,-0.2483265
119452.75,-0.50817657,1.0996156,-0.13887106
124972.09,-2.8245654,0.6736425,-0.13016367
119268.484,-3.0633543,2.8278108,-0.017779538
115425.055,-1.4691648,2.603471,-0.16814275
117214.97,-2.8006232,2.933934,-0.0867128
121131.2,-3.172441,1.9361897,-0.17509913
120273.36,0.45761517,2.069105,0.07444884
115375.75,-0.993588,2.3758771,-0.21985283
124074.1,1.1675934,0.85980374,0.14389466
128541.055,-3.4696686,2.0041823,0.46991307
133573.97,-1.3717093,3.0427518,0.011088074
133480.92,-0.72344506,2.9755187,-0.021775644
127975.336,0.29061258,3.0933874,0.04650769
134537.61,-2.1925647,2.4959064,0.33140406
128562.375,-1.7131295,3.0174434,-0.031028967
131296.7,0.01232246,2.6813276,-0.008229414
119573.84,-3.471486,1.3957063,0.083563894
122926.26,-1.5680311,1.3122841,0.07317462
120178.77,-1.4003521,2.1367126,0.12630107
118112.266,-0.34066734,2.1649842,-0.2655637
125080.42,1.0560585,1.015494,-0.3246512
126532.78,-2.3196013,1.6659769,0.10924386
122943.71,-0.80976534,2.7990353,1.441565
121124.805,-4.060558,1.6905912,-0.25490263
124192.5,-0.91157275,3.10659,0.09001249
126278.04,-1.7603158,1.4635239,0.022487553
117813.695,0.06585365,2.5448933,-0.018000353
133306.9,-3.26061,2.4154196,-0.27211094
126735.95,-3.018127,0.7989442,0.33630309
116365.586,-2.825802,2.613073,-0.032852396
132528.53,-2.4939668,3.119458,-0.0049225697
131628.81,0.69744354,0.60666937,0.63693297
125979.06,-0.8173319,1.3547386,0.5435749
120743.91,-3.7875388,1.0513949,-0.09740931
134190.95,-2.3719711,2.8774319,-0.054997254
130121.87,-2.9811954,1.2814118,-0.5504553
121880.84,-2.843834,2.6930838,0.17841552
119029.96,-3.532833,2.3054905,-0.16843927
131749.84,-3.7958722,0.77902216,0.10565243
133027.83,0.03197971,2.4068756,0.558272
124816.266,-2.7684808,3.0749521,0.031365998
122725.984,1.746958,1.359554,-0.22921164
117821.84,-1.0890918,2.9902573,-0.06848031
124351.75,-2.2338536,3.09255,-0.055905245
120682.64,0.5923966,0.10706463,0.05551189
133471.97,-3.8617837,2.6190653,0.16554394
131242.62,-3.5742998,2.266566,-0.09648433
117952.734,-1.7342705,0.76530445,0.16674486
127012.26,-1.4210843,0.38861364,0.058577657
128742.06,-0.9426329,2.1664455,0.39307937
126965.16,1.2016735,2.656519,-0.37519613
134559.1,1.4275714,2.3201153,-0.28534397
125750.12,2.5733871,0.89658713,-0.15059684
132767.1,1.2891469,2.433335,0.6296166
128809.14,-3.3233547,2.6924703,0.17043404
115532.19,-1.9975098,3.056718,-0.069548026
131252.97,-4.221639,2.9796257,-0.013391273
115252.13,-0.32733855,1.8525134,-0.15805148
116484.664,-1.972746,2.3075876,-0.02077796
121333.41,-2.3157532,2.6580272,-0.033702575
122027.2,-2.8058555,2.605452,0.23235072
129189.52,1.4352007,1.032532,-0.35127345
124863.9,-3.1254232,2.9250581,-0.10714479
121837.06,-1.1333113,2.7186117,0.16968845
130583.81,1.1825274,1.2650425,0.18719444
115299.48,-0.53058183,2.0165071,-0.13420299
131183.64,-1.5597372,2.8419363,-0.026082857
131613.05,-0.84435976,2.333157,-0.14142458
127767.766,-2.012251,0.4413554,-0.14877759
115467.15,0.6639936,3.1091392,0.007161104
122569.26,0.89102936,2.3033042,0.13520275
124603.45,-0.75851583,0.77586234,0.25133416
117409.87,-2.3966148,3.03977,0.034353692
126834.65,-0.8777109,2.7886999,-0.03306874
116000.26,-3.132681,2.4071646,0.15440314
124203.016,0.24361028,1.1478453,-0.018847551
122962.96,-1.7237289,1.4294968,0.25474918
115893.94,-2.511512,3.054429,0.0017322416
129584.72,-3.510216,3.0079846,0.12356249
119872.8,-1.1798273,1.0831414,-2.2127717
128625.336,-2.2951326,2.9828012,0.0055298824
117688.836,-1.3957556,0.34350026,-0.16647547
130611.945,-3.4956105,1.3493775,0.06617175
119669.74,-2.3655865,2.7228022,-0.023067748
119830.24,-2.008205,2.700713,-0.12351243
117076.305,-1.9282007,2.4472227,-0.1674079
128553.96,0.48646596,2.3926067,0.2746397
118250.36,-3.2128055,1.6588961,-0.01745681
117212.31,-2.1781843,2.4332063,-0.14210102
120020.58,-1.041102,2.6292984,0.4968184
122041.86,-2.3502913,2.336389,0.093199246
118108.65,-0.4334755,2.0944774,0.32418248
116188.695,-1.914814,0.09152577,0.22355631
133003.98,0.7400554,1.0781424,0.23566978
130480.22,-1.9361345,1.9758146,-0.24037422
116439.914,-1.9711504,2.5357094,0.1137251
129921.32,-2.5727959,3.0894535,0.024607485
134345.27,-2.0753121,1.708449,-0.11541533
115612.45,0.33684894,1.1489778,0.071358636
132398.4,-2.0602407,1.540476,-0.98644674
124657.9,-0.9269353,2.6231995,0.01835735
129700.8,-0.5635231,1.8274184,-0.27562934
130391.46,-3.5582907,3.064734,-0.019279644
127200.79,-3.3888443,2.7013745,-0.115834005
125596.08,-1.9022133,1.9839962,-0.40571195
118264.35,-2.2814999,2.894587,0.084283255
126731.56,-2.8464997,2.9003274,0.103576005
131066.9,-2.987488,2.2280183,-0.19206426
116203.46,-1.8097327,2.5011947,-0.035450906
118456.91,-2.5115101,2.997436,0.049067464
124527.97,0.1377578,2.353521,-0.17500646
128116.6,-2.705373,2.3022044,0.07383974
126421.086,-1.0584208,3.1102881,-0.03262294
125008.62,0.3192481,0.98010206,0.17585813
125144.16,-2.1016293,2.678902,0.005676496
115560.805,-3.3545802,0.19122113,-0.002133938
117329.69,-2.6785083,2.6315885,0.0015129177
132468.08,-1.9766515,0.39209378,0.057839822
123625.06,-1.7203575,2.9497538,0.014058483
117958.03,-2.8911815,3.0381718,0.022770647
127415.44,-2.0960653,2.7144117,0.13906059
121287.6,-1.7182711,2.1771479,-0.11088015
132906.94,-0.4308546,2.0745468,0.046478488
131294.27,-1.3981266,1.617369,0.21005896
118474.75,-1.6153275,1.668409,-0.011027284
117409.375,-3.6497517,2.285478,-0.18777493
124040.0,-0.94221205,1.6328814,-0.11124519
127333.91,-2.9546986,0.7150513,0.11322983
117582.87,-1.5058668,2.6882622,-0.05214783
120277.15,-3.094082,0.6819879,2.3521388
134233.78,-1.1710632,0.8235745,-0.044605296
129962.76,-0.70956796,2.8874006,-0.52480334
117243.18,-2.9624202,2.7444232,0.07572605
121153.31,-2.9223866,3.0631511,-0.10288913
129604.875,-1.7384812,2.5062115,0.30829042
121720.555,-1.9729221,2.2335353,-0.24324569
115965.25,-3.4927053,2.578781,0.18839833
115821.28,-3.3839011,2.6183069,-0.06845707
116667.59,-2.6293766,3.028395,0.07276338
122964.195,-0.23858714,1.7643421,0.052334674
116577.47,-1.9063685,2.9085703,0.12142826
121210.76,-2.5669332,2.220158,-0.013620432
121932.016,0.14504954,3.0094345,-0.021176973
134258.8,-2.330247,2.534202,0.04267012
132612.6,1.6785152,1.360458,0.14533158
118852.63,-3.3002527,0.73003304,-0.119577415
125038.25,-2.8512807,1.7603751,-0.20477462
127019.37,-0.7114105,2.6036313,-0.8130337
117382.05,-0.7732698,2.3122873,-0.08672681
131667.53,-0.33200833,0.6503202,0.03798267
122827.45,1.8363813,2.9912767,0.022539403
127174.74,-0.3837107,2.7939734,-0.04175617
115978.74,1.5317519,0.07729323,0.06722963
125470.39,0.7585286,0.5049026,0.07892233
123404.57,-2.0414534,1.922407,-0.29013303
131983.67,-3.7583756,1.8266456,0.118082374
131380.02,-1.0072722,2.7736459,0.10171116
128576.48,-3.8481703,2.8966343,0.09587166
118147.46,1.3272552,2.517947,-0.22851583
121193.96,-1.1511807,2.8162596,0.008528302
119095.46,-1.1935222,1.5324379,0.6130857
124252.875,-2.733362,0.811563,0.16700114
134309.3,-1.5322481,1.9992014,0.19637027
129132.15,-2.6118367,2.3057332,0.17767352
120055.65,-1.5773524,0.75027287,0.09009414
117020.74,-0.6903309,2.2832847,0.13985623
127432.07,-3.8466227,2.6670969,-0.0010280807
127403.516,2.2972183,2.9761329,0.51563615
118898.484,0.81830555,1.4824419,-0.13351342
121696.164,2.0442593,2.4756596,-0.18177362
117000.04,2.2921824,2.495172,-0.09519074
119017.63,-3.0813618,2.792587,0.07537083
123357.78,-1.5368483,2.688562,0.041042473
126638.73,-3.1747048,1.9222177,0.17987867
115164.57,-1.3155562,2.566193,0.06594289
115928.63,-3.2649605,2.07866,-0.0055105127
123341.82,0.60541445,2.3321686,0.023767142
130361.0,-2.655392,2.137772,0.33445254
133012.56,-1.1248747,1.7659388,-0.15214641
129025.664,-0.3340255,2.0246427,0.68576175
123987.47,-2.1802974,0.5807467,0.32739723
119319.64,-1.7636244,2.39524,-1.3756766
118712.4,-0.14216135,2.7577822,-0.28641018
118039.71,-2.7064044,3.0884964,0.06798415
118669.53,-0.9349151,2.5023344,-0.33422756
124336.26,-2.2107282,3.0374541,-0.11659032
129441.19,-2.7224832,3.1648564,-0.2694537
115480.91,-1.0465401,2.2091131,-0.9130159
126762.62,-2.65788,2.1232872,0.19962914
115246.984,-2.9643254,1.9254488,-0.3243991
115774.125,1.7783195,1.3293651,-0.027581172
117498.61,-3.9564962,0.2253228,-0.049424164
128460.945,-0.8108929,2.780453,0.0773376
132592.19,-0.186551,0.2939876,0.013044706
129352.25,-2.581003,2.9652677,0.081783675
126517.69,-1.2624049,2.1523714,0.0766236
120939.516,-3.8135827,1.638242,-0.13428523
120671.47,-3.2735,2.9152763,-0.11769558
123837.48,-0.99463975,1.4254235,-0.18015552
128018.305,-3.8645742,2.0677106,0.050660543
125066.63,-0.6963793,2.0065243,-0.31889486
120482.516,-1.7446082,2.7440012,0.45407107
123495.19,-0.70315033,2.5443637,-0.033555362
125817.53,2.1533508,2.4598272,-0.29834902
132567.25,0.7585134,0.37290445,-0.29597044
130269.33,-2.23662,2.817202,0.49128345
116229.98,-3.1584656,2.7126572,-1.2937279
131973.81,-2.0189328,1.6309633,-0.11561796
118008.18,0.10963577,1.529781,0.1623119
119016.67,-1.939438,1.5460054,-0.27337262
115115.17,-2.872171,2.465605,-0.013597784
133582.56,-3.261967,1.1276757,0.334089
123327.88,-2.812559,0.16182882,-0.2814754
133261.34,-1.3864148,2.1503975,-0.8180891
115887.32,-2.500745,2.8912072,0.029149516
115740.73,-1.4785699,2.7151594,-0.178344
117527.05,-0.26747134,2.362283,0.017261326
116725.41,-1.0329032,0.6148438,0.081901684
128083.414,-2.4582238,2.9308171,0.038804535
129961.91,-0.07468247,0.82384545,-0.17056933
115392.8,-2.7292366,0.44777083,-0.011960602
116513.28,-1.9182639,0.69041955,0.084177166
115975.36,1.5575298,2.7271466,0.010762068
117790.83,1.0280763,1.6313599,-0.34748116
126856.67,-0.20879164,2.7393718,-0.40732232
125497.195,-3.1558957,2.8068721,-0.28953227
133777.23,-3.6768887,2.842537,-0.13097362
116854.86,-3.4693067,1.0194541,0.020757994
117049.51,-3.3186808,1.5968516,-0.11608015
115536.875,-2.9112134,3.104806,0.044272136
120284.766,-2.1078134,0.23851526,0.032497782
126270.09,-3.7136836,1.3800905,-0.13203746
118243.53,-2.5941064,0.66440964,0.26527196
118169.39,-1.9355217,1.1282135,0.094634384
118445.875,-0.214765,0.10808137,0.33227718
133916.27,-1.7863259,2.0463498,-0.10007666
126363.72,-2.3624187,2.5977988,-0.10148945
130042.984,-1.3198141,3.0039377,0.13438505
122709.64,-0.6914454,2.8956382,-0.025111692
120818.49,0.26247782,2.8997421,-0.03744836
121554.98,-1.7599645,3.0645714,-0.0038780994
116958.16,-3.1254835,3.100075,-0.0919581
115051.375,-3.289885,0.33439413,0.02521599
118477.98,-3.387672,3.0735226,-0.017573923
117928.88,-3.5104144,2.405597,-0.18416265
129547.31,-1.2019467,2.5203476,-0.09579895
127329.48,-3.278862,0.70077527,0.15537518
128182.82,0.39235115,1.7902126,-0.3491708
134144.36,-2.0145166,3.1272259,-0.0072862618
131387.31,1.0275073,0.3220539,-0.075146444
125987.07,-2.5218132,1.4446626,0.06542855
124998.24,-2.355786,1.7055445,-0.09341827
117695.67,0.22287504,2.2521734,-0.53202254
127411.766,-2.585472,1.7862998,0.2917583
117194.2,-0.8091678,1.0338901,-0.2354895
130552.29,-2.748268,1.1465157,0.1176628
121374.016,-2.1772695,0.45275965,0.06783217
118272.984,-3.6346219,1.059304,0.2005416
125658.52,-2.8978012,2.2707543,-0.3515327
124029.61,-0.7792349,0.6571769,-0.119878985
120916.49,-3.3166206,1.273683,-0.02076723
115485.99,-1.0692247,2.465139,-0.015203675
129492.77,-0.6148377,1.8895617,-0.19642928
117108.164,-3.5683963,2.913165,-0.050128322
130721.42,-3.0729997,2.4715865,-0.30610135
115753.72,-0.08800129,2.8881476,-0.06456585
128848.3,-0.8094636,2.9406781,0.18653288
124975.234,-3.132371,1.6925986,0.17992993
121916.12,0.09510119,2.8505557,0.0017042301
119197.45,-0.7295965,2.3226647,0.20724171
127167.414,2.352769,0.30904976,0.064175785
121163.47,-2.242157,1.4190111,0.057021532
119416.53,-2.4702704,0.9601132,0.17839824
116499.6,-2.8251388,2.7579408,-0.58885366
128620.16,0.5668067,2.752498,0.020994602
115520.05,-3.9133704,0.29501313,-0.028405424
133907.3,-0.370914,3.0234482,0.096879475
121666.53,-3.393549,0.97668403,0.2627074
129085.08,-1.756031,1.3022943,-0.13008618
129738.87,-2.4650931,2.8749506,-0.15542465
124741.26,0.79309577,1.991003,-0.25106746
120605.63,-3.2072954,2.1235728,0.19921255
132509.28,-3.9465148,3.0862703,0.06999919
124183.14,-0.7123528,3.0595727,0.059382837
125640.336,-1.3207422,2.1629217,0.76571065
120176.85,-3.335797,3.091524,-0.08054074
127777.93,-1.347694,2.3830514,-0.26630718
117033.48,-2.882095,3.1047554,0.24227394
123140.18,0.64352906,2.1665747,-0.2569743
117279.66,-2.3441746,1.2592794,0.15542942
130964.56,-3.5574753,3.0502946,0.056389783
131732.52,-2.3886313,2.432409,0.23627947
126707.38,0.5129769,0.53646594,-0.07020927
122100.42,-2.3882654,2.7010584,-0.060157623
118273.32,-3.4488251,1.7815021,-0.059705865
127588.76,-3.612019,1.5779454,-0.000109661945
122204.83,-0.82214016,1.2189354,-0.84370446
124630.54,-3.523378,2.0068994,0.34883496
118848.766,-3.3047214,2.6272223,0.07131871
124123.305,-0.5395649,1.399225,0.06381759
115669.6,-3.184411,3.0477352,-0.27482298
121513.234,-1.8122369,3.0650017,0.044500995
124424.76,-2.3474138,2.9463089,0.12505843
130815.72,1.2236521,1.8044069,0.22912046
130206.984,3.4262567,0.18927869,-0.022987587
118215.14,-3.2789462,2.699323,0.7977355
133536.78,0.011962557,0.1477033,0.20767798
125064.55,0.30721357,3.1331384,0.04605891
115164.945,-1.8548872,3.1195762,-0.012486562
132004.25,-1.9895006,1.8695977,0.17099844
120998.71,-1.3406595,2.5138333,-0.057517394
125550.59,-1.159103,1.4101052,0.25888532
126615.805,-2.0255141,2.4649832,-0.25268438
131764.72,-2.7845209,2.9972332,0.010154756
129064.766,-2.9658608,0.28820232,0.0850932
117168.43,0.54490733,2.04709,0.06470025
116290.78,-4.120007,3.1274698,-0.07391781
116017.945,-1.0056329,1.1410475,-0.18612017
126259.9,-1.4868008,0.62003267,0.5090654
134189.16,-0.89619094,0.3472628,0.12371447
117902.6,-1.1532464,2.9510872,0.009721472
131032.13,-2.0946348,2.6261485,-0.072742224
118007.64,-1.6396735,0.84664834,-0.0026005972
134093.92,-3.4105515,1.5320705,-0.28284946
134014.95,-3.7033434,1.7172419,0.29103893
122877.0,-0.005454339,1.7383039,-0.7722055
124784.53,-2.0102458,2.801439,0.08046475
124606.43,-0.60047084,2.6154587,0.025726752
123099.43,-3.6787615,2.2459335,-0.33897254
122658.28,-1.6938504,3.0125697,0.010980796
121693.24,-3.4057615,2.1352649,-0.06598818
116300.484,-1.4615525,3.0559146,-0.005275097
125639.8,0.11476223,1.2511889,0.44071558
126042.195,-1.2022959,1.8701051,-0.6328636
119996.22,1.0314349,1.1324037,-0.44016162
125721.35,1.3379738,2.7322197,0.29989532
121648.22,-3.1717646,2.028908,-0.9575544
121589.53,-2.9291308,2.4842055,0.35993466
132918.92,0.007561408,1.5461607,-0.46796656
124988.125,-2.7931666,2.6227005,-0.03533588
117590.04,2.9218447,3.064135,-0.020524664
122936.47,-2.5423605,1.7325943,-0.96989405
122839.734,-2.7558227,0.87359196,0.011193564
116823.05,-2.6974642,2.771623,0.23555177
127625.22,-3.9416087,2.785185,0.11676822
115817.625,-1.6107104,1.2913826,0.27662078
124338.78,-1.9677181,2.5177555,0.19184017
132279.78,-2.118917,2.802684,-0.0011085393
126875.266,-0.5976061,2.2067757,0.13819104
134110.03,-1.740499,2.9581108,-0.041055884
119199.22,-1.3170114,2.0865462,0.08597765
119969.74,-2.5557501,1.3051934,-0.040675644
126059.6,3.0208626,2.0637562,-0.06257853
117789.65,-3.0438554,2.141387,-0.08261776
122566.5,-1.3309305,1.4673767,0.28525367
125354.91,-3.087942,0.2581421,0.05419118
134259.97,-1.8904701,2.6607294,-0.054182537
118798.79,-0.58405894,2.1792812,-0.35413718
117919.625,-2.8473241,1.4396316,0.02240054
118433.66,0.53371555,2.6324809,-0.032800246
131245.6,-3.2522037,2.4508667,-2.0419292
117056.805,-1.2020707,0.78486663,0.3907908
134354.98,1.7808536,2.297622,-0.34530282
115843.76,0.5732918,2.3026693,0.18196583
128708.66,0.52821815,2.5019104,-0.3614446
119431.336,-2.5180147,2.5768154,-0.20038873
124844.3,0.060924526,1.4435407,-0.2077197
128843.08,-2.3640873,1.9695417,0.061024193
122891.89,-0.85609674,1.1353023,0.16881712
118665.195,-0.7811522,1.3209853,0.93063927
127791.945,-0.21114737,0.6467822,0.6715838
130088.914,1.8090734,0.2790978,0.006198582
121985.25,1.8401333,2.298834,-0.30864623
125908.39,-2.1210794,2.6953478,-1.1343256
127760.69,-2.430364,0.19022918,0.05855084
125087.96,-1.6064909,1.9372177,-0.088198304
133476.78,-0.1507832,2.420359,0.015320787
121139.9,-1.0582131,1.8655108,-0.25994828
116864.04,-3.3801894,1.3758477,0.7276282
126915.03,-3.069966,2.48319,0.092156865
132288.33,-2.6623187,1.5982826,0.1768731
124930.05,-0.50361454,1.4589128,-0.16144593
118539.375,-1.280361,3.113253,0.20371108
127846.27,0.5066081,0.58964944,0.108870775
115439.45,0.71186036,2.2359285,0.34259018
122893.805,-1.5614082,0.9240089,0.019094588
120088.88,-2.324194,2.114738,-0.20314041
130808.89,-0.52942324,1.6335832,0.03609815
120611.8,-1.7343758,1.8244398,0.0360016
128652.82,-0.70999986,1.8769368,-0.2685168
119527.96,-3.0560567,2.9929407,-0.050087202
119651.29,-2.7139482,0.12507528,0.06914096
118357.85,-1.0934857,2.8570473,-0.16833824
115406.54,-0.27041152,1.1062285,0.024442397
134420.69,-0.61552995,0.5089368,-0.05061018
116194.766,-1.8813244,2.9891417,-0.034005634
122736.71,0.92818993,1.2713763,0.2811151
130083.69,-2.3285413,1.8072128,-0.18224445
132200.0,0.48644185,3.0901,-0.1434128
127152.22,-2.0404153,2.7485197,0.21058342
132136.6,2.2433336,2.3092816,0.03340845
116831.22,-2.5250494,0.85596895,0.0458825
122324.56,-2.1800168,2.7463508,-0.046716586
119551.15,-1.5649211,2.2224884,0.15204003
134502.9,-2.5822923,2.2234485,-0.0042860536
119401.36,-1.6173134,2.2239423,0.19854563
124767.586,-0.4637549,1.3219081,0.22901915
132007.33,-2.6008012,1.9473636,-0.7193243
116016.14,-1.7109957,2.8274357,0.0048820428
126974.41,-1.505387,2.7924588,0.6816137
123297.33,1.4405307,2.9750202,-0.034968454
122498.62,-2.989646,2.536311,-0.15248136
124960.11,-1.7487131,0.31075627,0.10246926
134350.88,-0.9315665,2.514596,0.4420339
130227.93,-0.74755996,3.0961483,0.07205237
120801.21,-3.237828,0.8056793,-0.10265252
122054.79,-2.2902207,0.97747123,-0.0064202896
132021.83,-3.262586,2.9629936,0.006994823
134069.17,-2.8325028,2.0341437,0.09148101
115493.85,-2.8625813,1.571526,-0.05479015
133864.97,0.63306946,2.3545666,0.31898904
116330.22,-2.027503,3.0058079,0.1883882
131703.03,-1.982153,2.3322124,-0.39877972
132000.1,-3.3081331,0.82907325,-0.039455354
132004.83,0.6929773,2.8050914,0.5465298
127436.97,-1.9047705,2.3031812,1.7383621
115319.54,-1.6025563,3.038044,0.0738606
128552.21,1.4694979,2.1071956,0.09201203
118593.7,-1.4105334,2.8382702,0.1766341
124544.72,-2.0227678,2.22655,0.39494184
116344.07,-0.32653505,2.8064816,-0.057001267
121911.34,-3.7564723,3.1370733,-0.03313102
115541.73,-2.4151154,0.20685945,0.099652015
125910.38,-3.1724803,1.861187,-0.23326646
121491.85,-3.0943933,2.710519,-0.049253114
124681.19,-2.217447,2.7352948,-0.08019388
131584.67,-4.0845995,2.9089959,0.11481994
121747.37,0.18749985,1.843243,-0.105978735
121358.71,-2.541768,3.128148,0.41479245
128850.5,-4.007554,2.2379792,-0.17264098
124680.71,-1.0102748,2.5699182,0.27222654
117736.125,-2.5298681,2.145044,0.27433574
120332.266,-0.97006994,2.326867,-0.28765193
133831.98,-2.4906397,1.5772042,-1.8771217
118570.03,0.63111395,1.7895625,-0.11580838
116857.695,-0.10531727,2.8788464,0.0022561157
132675.4,-3.200067,0.24684833,0.031449437
121890.51,3.122621,0.03771307,0.12574977
116541.38,-3.182096,2.3935483,-0.031569827
116623.52,0.5789938,2.5987124,0.042002015
131745.03,-2.296892,2.4772303,1.5891932
121140.93,-2.1974757,2.3962114,-0.9584043
134854.6,-3.940016,2.9748387,-0.120165356
124702.65,-0.7699091,1.8024225,0.08026867
126738.84,-1.9680084,2.8277707,0.06034953
128316.43,-3.27309,2.9737995,0.01570818
116740.375,-0.6071578,2.2099237,-0.13984461
119300.805,-3.3639205,2.1094658,-0.29938605
124168.94,-1.988442,1.857175,-0.31418476
129129.13,-2.726358,1.3720948,-0.14747089
118270.98,-0.51898706,0.6152328,-0.14263205
117843.96,2.1874084,1.3536291,-0.083987944
133216.2,0.28824997,1.8719434,-0.5671111
125288.61,-1.2678396,1.9740598,0.042034794
124074.67,-2.7567728,3.1802313,0.94171214
130285.195,-2.5302706,3.0721915,0.0028026376
119416.016,-3.2851357,0.9847244,0.17901509
133259.31,-0.9527639,1.2735573,-0.013414219
121816.69,-2.1281092,2.62622,-0.13252497
134568.48,-3.825211,2.6494765,-0.34635624
117257.13,-3.4425263,2.9279556,-0.08739461
128076.92,-2.5061357,2.0155976,0.07193556
128595.67,-1.6354425,2.8552623,0.17820454
121156.914,-2.394472,1.308711,-0.3337466
123511.63,-1.6946925,1.6179634,-0.08787736
128426.195,2.3616195,2.6456947,-0.0184244
129128.07,-0.04277198,2.3091142,-0.13996202
116088.0,-3.088158,3.0918677,0.15900059
115239.65,2.9170513,2.3688655,-0.0135375885
115424.914,-0.030216014,2.2293205,-0.6764977
128173.46,-3.3752203,2.7155669,-0.14454606
127376.42,0.50052595,2.9127164,0.0039272686
127892.56,-1.0741091,2.2637146,-0.63203067
129589.99,-0.96911836,0.3125026,0.06456436
119226.625,-1.1585606,3.0909793,-0.025634076
120712.59,-2.9033217,0.85514474,-0.013745887
117196.06,0.68206584,2.1139388,-0.028746627
132303.31,0.6003021,2.1708314,0.33797604
123652.35,0.97931063,1.7206471,-0.14920223
117689.65,-2.258391,3.0618348,0.32253635
132289.77,2.3154256,2.2266912,0.16639204
134861.25,0.5610303,2.7325935,-0.20661294
120476.12,-2.1543121,2.2991588,0.12505306
116118.92,-0.22535028,3.0517383,0.008663592
117412.28,-2.810615,2.2480881,0.18111594
119140.945,-2.5423288,2.4961245,0.03781758
131534.11,-2.263083,2.7842176,-0.10902096
134829.4,-3.3658721,1.1358644,-0.13110533
129009.914,1.3022997,2.8418827,-0.17611799
121842.88,-1.5394056,1.3778083,0.1501573
120921.234,-2.2761025,2.0168855,-0.024263302
131576.02,-2.747346,2.9496777,-0.03825831
123507.03,0.5523134,1.1674279,-0.00077836146
131671.66,-0.46210656,2.79466,-0.12271172
118775.4,-1.9452997,2.497389,-0.03025001
119994.21,-1.8248614,2.0498745,-0.19395891
123454.08,-0.21589844,0.73851985,0.3126638
118862.336,-2.0183775,0.31944564,0.015838105
117293.73,-1.9126942,2.0303307,-1.2092909
116775.5,-3.979824,0.395509,0.037412304
124779.586,-1.2592285,2.5020685,0.2130979
132578.62,-2.6328464,1.5318507,0.12538324
123202.16,0.3305694,2.611409,-0.13494857
127159.12,-1.421939,2.3779902,-0.026304265
120014.0,-1.1441741,0.7068215,-0.04962531
131629.66,-4.131045,1.5632533,0.015425681
119264.664,-2.5554361,3.007564,-0.0545893
129931.0,-1.8727646,2.8539844,0.046769332
125682.74,-3.8027837,0.33448058,-0.1843918
130683.12,-0.9814088,2.9492743,-0.027542135
118917.81,-3.0829437,2.481409,-0.11489473
132463.67,-2.4754424,2.3494816,0.18804431
124586.625,0.5483424,0.5601922,-0.07872238
130964.07,-3.731948,0.786843,0.8169669
124823.484,-2.7151423,2.2252958,0.35644215
120412.984,-2.687025,1.0875108,0.029613195
118721.52,-0.058966927,0.9335842,0.07781082
126768.03,-4.4592557,2.5449777,-0.0057402668
125773.23,-2.7611518,1.6284792,-0.2565279
126139.484,-1.9295766,2.4291935,0.12104981
119918.45,0.7673247,1.9320545,-0.56468093
120833.14,-1.5183063,2.4480011,-0.016907906
126855.195,-1.6834242,3.01868,-0.18651888
117286.53,-2.1044295,2.2582555,0.039678853
124207.664,-2.9410596,0.8306771,0.024177777
117983.34,-1.5172014,2.455802,-0.15361553
115082.375,-1.913516,2.947762,-0.09325676
121602.375,-2.4543214,1.5658892,-0.15226054
121612.82,2.4898744,2.583304,-0.06906974
117796.36,-1.8720785,2.8056111,-0.018094221
118923.375,-0.37345192,2.3138628,-0.20847094
121101.36,-2.9821572,1.6695822,-0.16517891
124073.695,-1.2878302,2.6085331,-0.08556761
123234.49,-1.1627841,0.34017187,0.15988086
122349.6,0.5822677,0.21003707,0.014613348
115271.3,-2.9329894,2.7065995,0.060748845
129674.95,-0.8187443,1.1938652,0.0051621576
121728.03,-1.5278318,1.5579298,-0.80074024
116942.695,-3.1686306,1.962319,0.33429343
118918.04,-2.8087015,0.5511836,0.10861569
127646.836,-3.338559,2.445253,-0.14190793
118441.016,-1.0435852,2.5103834,-0.6760233
123699.74,-3.0816615,2.324909,-0.36672595
130795.89,-2.0984032,1.0565561,0.007043694
132580.83,0.44337955,2.0269246,0.1968429
122200.67,-2.9004872,0.51068854,0.06220246
126203.305,-3.075146,2.5068328,-0.064004436
129774.92,0.5085093,2.3713682,0.08300307
122408.28,-0.019536708,1.0352681,0.004275326
117326.02,-2.2953136,2.5689416,-1.8715862
118371.555,0.26665235,2.4521785,0.18065464
119629.13,-3.006133,2.6139956,-0.10244333
118965.64,-1.6362959,2.5714345,0.25444046
123986.734,-0.77461195,3.0815656,-0.0033274058
132021.64,1.5192623,1.034292,0.6157033
131764.84,-0.49767599,2.5852604,0.034041394
124037.65,-3.2304616,0.3332948,-0.080106266
116965.47,2.9715784,1.1635544,-0.33723432
129263.88,0.35237125,2.4387765,-0.08730491
119771.96,-2.5308342,3.0743964,-0.028833345
128330.695,-1.8842123,2.6596818,0.17444028
133337.75,-1.6382356,2.794367,0.3937737
128401.625,1.2664279,1.665803,-0.9536826
132839.77,1.0001465,2.8467703,-0.13899621
126244.68,-3.175376,1.9641467,-0.36311483
120151.81,-3.219716,2.7910302,-0.29312518
124945.69,-2.8330514,1.236549,0.19863921
120936.48,-0.1643462,3.0897298,-0.057722114
117558.3,-3.1183188,1.5182954,-0.0063907886
116425.54,-0.7529351,2.134808,0.095261365
129584.51,-0.6709116,2.6261058,0.071337186
118342.78,-3.188688,3.0227818,-0.14495969
125591.23,-2.2562945,2.3776457,2.9234555
126212.67,-1.7464603,1.9625123,-0.20668863
131249.58,-2.8107092,1.4362668,-0.34119081
130103.695,-2.217777,3.0357292,0.02312228
123776.34,1.1231279,2.972304,-0.12809677
120020.19,0.7167082,0.7465872,0.74573135
130398.48,0.2858257,2.7967732,0.0234167
122707.57,1.2252853,2.8323312,-0.03435578
120994.734,-3.8608747,2.4878917,-0.30080658
129420.01,-0.620559,3.09762,0.07654076
120002.23,-3.7038398,1.7191687,-0.009355237
119151.516,-2.9972205,1.9742575,-0.58772963
115266.336,-0.035478864,1.3760545,-0.28390315
123629.81,-3.4735544,2.4592364,-0.24688034
124427.555,-3.009321,1.2269278,-0.10209051
124885.62,-3.6972747,2.6167157,-0.06464154
129065.31,-1.1893831,3.1041567,-0.17241243
123578.71,-1.4236931,1.1871067,-0.34158385
115035.3,0.23640843,2.4802842,-0.40908167
115849.81,-0.023101987,2.2950006,-0.030635614
119553.49,1.5188277,2.1097674,0.11961645
133700.36,-3.7618327,2.7858331,0.18855508
115690.414,-4.0381866,2.3349862,0.14138733
126870.89,0.0036031634,2.9016666,-1.3272775
123466.31,-0.18590938,1.7358434,0.14851417
131786.69,-3.1856124,0.42623952,-0.03743704
120917.0,-2.8894973,2.3698642,-0.2915929
127783.49,-1.5321193,1.764059,-0.028859867
134876.7,-0.70195216,1.7921423,0.42598632
120642.31,-3.2057073,0.080492295,0.049774308
130467.92,-0.1408192,2.4198008,-0.6648521
118837.63,-2.066647,1.9074507,-0.044874087
125531.21,-2.1827044,2.649144,-1.8941321
127755.49,-1.4949363,2.5727243,0.46001846
133201.05,-2.6122093,1.1725814,0.12996162
120442.36,-1.7519667,2.925548,-0.13881743
117027.125,-0.95635605,1.105439,0.07119951
116494.19,1.1369393,1.0926156,-0.20535511
117714.76,-3.9133847,0.40742013,0.06722605
133397.3,-3.2636533,0.3853424,-0.22739358
132820.67,-2.672454,2.0352383,-0.37712327
130817.61,-3.2315078,0.0016799518,-0.3201548
125638.13,-1.0776423,1.1948041,-1.4918631
119991.6,-0.78626347,3.0874534,-0.025810191
132018.62,-2.54557,2.4560149,0.00041451023
116706.34,1.2638022,2.545345,-0.102792285
133681.66,-2.1967218,1.0147858,-0.3086051
122756.85,-2.438212,2.9535496,-0.58963203
125161.69,-2.9549363,2.5589662,0.14487028
127471.65,0.28142902,2.966647,-0.065310545
128474.76,-4.011548,0.07216193,0.027217917
134712.92,-0.11360882,0.64461774,-0.6221906
120956.87,-2.1123028,1.0658764,-0.08109859
121615.43,-0.031310875,1.6734189,-0.26989266
118865.3,-0.3944396,1.7769591,0.34316292
128418.17,-1.8631096,2.796774,0.14895222
117914.17,-0.29231083,1.4902753,0.16637595
115970.14,-3.1230633,0.6698635,-0.117642835
129765.31,-2.0038826,2.3137481,-0.060801294
127947.24,0.09607999,1.0110265,-0.13547273
127394.86,-3.8630924,3.0868504,0.043163598
134121.17,-2.385247,1.4714158,-0.13710128
129510.77,-3.0519261,2.6208782,0.10922896
118401.71,-1.8265752,2.8170226,0.019184584
122046.766,2.5212207,2.0159137,-0.28195727
127280.83,-3.2736554,2.0429697,0.98382294
129628.805,-1.7510551,2.394283,-0.994149
120044.055,-2.162683,0.03842712,-0.028956417
121083.55,-1.8223138,1.5205307,0.025220161
122429.195,-1.8594393,2.265074,-0.058781188
121146.61,2.0778127,0.58956605,0.21698792
115073.21,-0.11059838,1.2984852,-0.07205654
116572.64,-1.3161414,1.3761766,-0.7758845
130240.09,-2.1641073,0.909371,0.12869813
134999.28,-2.3468032,0.35886317,0.014072787
119169.72,-2.9107113,1.3154757,-0.06483912
118869.82,-2.3360887,2.6799192,0.08914116
133840.73,-2.1212103,1.5591424,-0.20765145
128812.195,0.95000386,1.7914401,0.32770714
129014.75,-2.5242014,1.5264914,-0.08689547
119936.12,-2.2461078,2.9099538,-0.3366142
120186.32,-1.2577326,2.9910073,0.025398958
130371.36,-2.76517,2.851628,0.082888044
133958.67,-2.322271,0.40261313,-0.26000282
128156.13,-0.5157114,2.4557757,0.06789594
130587.93,-2.9017043,0.31917667,-0.1876006
124795.05,-2.5296638,2.7087889,0.34804586
116451.47,0.73591495,1.6420624,-0.651119
129995.266,-1.9758058,0.8293929,-0.031279877
132385.03,-2.1278095,2.2735229,0.10740345
124939.81,-2.4033537,3.032512,0.1334273
119417.68,-1.2268189,1.1464456,0.8363878
123198.41,-3.4262364,2.4563665,-0.254967
118773.65,-1.3878622,2.3251114,-0.11602204
117136.87,-3.00724,2.1257434,-0.23402128
131878.17,1.5530691,1.923707,0.3508184
116885.53,-1.2147217,2.6998994,0.22752857
132077.56,0.65765584,0.60847884,-0.04164681
125927.71,-2.0243366,2.7217338,-0.32198715
134111.11,-2.0106606,2.8541715,-0.09073692
115158.7,-1.7634102,2.0326986,-0.14602263
126768.2,-1.1359718,2.1231065,-0.17551991
125443.09,1.0455163,2.3837655,-0.242487
126774.82,-0.3778073,2.90189,0.15403421
116299.266,-2.631971,2.6998696,-0.063518405
120877.01,-3.2212446,2.8258927,0.010162503
117856.96,-3.10242,1.8592902,0.5782537
118366.92,0.18745507,0.50367796,0.03829854
115294.86,-2.853609,2.9579344,-0.23451833
126622.53,-1.9628403,0.24933195,0.024472196
132405.61,-0.95333153,0.9555242,-0.24682759
125713.74,-0.74776626,3.054603,-0.026007762
133877.22,-2.9276752,1.9888562,-0.43117797
126601.16,-1.0155672,2.9854894,0.23376203
127486.836,1.417178,0.32107794,0.003418294
128035.93,-0.065174825,3.1288729,-0.045963258
117210.68,-2.9223087,3.0567398,-0.30966926
132140.8,-3.3450382,2.7211838,0.06918804
117411.18,-3.4689593,2.7248442,-0.22035824
118569.55,-1.3263422,0.6829465,-0.048609447
116661.35,-0.669585,2.4120142,0.13590959
130139.95,-2.7443497,2.8856308,-0.08016229
123900.62,-2.1035075,2.8370209,0.44807962
130557.83,2.4789844,2.1237988,-0.18514423
123201.42,0.16315214,1.1922295,0.13354471
115020.27,-0.931105,2.8343983,-1.18789
133664.92,1.7043903,0.94779545,-0.15450892
134312.45,-2.5194807,3.045524,0.11493615
121528.25,-1.0540416,2.6610546,0.47949538
119951.15,-2.6555016,2.2340784,-0.26215434
122734.73,-3.6185625,2.1940224,-0.09887127
123826.86,-1.6292996,2.765542,0.08178129
118486.125,-3.0935082,1.2894427,0.09254128
115962.89,0.104704924,0.722857,-1.7193187
124675.24,-2.2880862,3.0229197,-0.2646867
122556.55,-0.3207425,2.1666925,-0.15220423
124363.484,-3.113231,0.65659803,-0.041489765
115927.41,-1.8346249,2.7501283,0.17407493
131921.9,-3.2334917,2.7952542,-0.09784409
117552.77,-3.602042,0.9128737,0.08075619
119236.52,-2.9956727,2.384168,-0.024818763
123673.37,-0.9784324,3.0682456,-0.086942255
132867.7,-0.39418957,0.6747728,-0.0042994637
118113.83,1.5483838,1.074564,-0.29179674
124795.016,1.7121001,2.8870933,-0.012888556
116321.086,-2.7700543,3.0432549,0.048507236
115469.42,-3.3636456,0.16112803,-0.08863635
122661.71,-2.3699286,2.960837,-0.4862074
124875.89,-3.6179454,2.5930989,0.1499207
115044.84,-0.80295056,1.6340691,-0.20846319
116937.96,-1.504372,1.1064733,-0.2598869
125940.81,-0.92708856,1.7545896,-0.080303535
124018.92,1.8011639,2.083069,0.7314467
134936.45,0.5464,2.71265,0.23916943
134837.52,-1.8351762,1.551402,-0.89080846
122142.2,0.55062723,2.6488307,0.1207542
123803.07,-0.62120646,2.3599722,0.17638499
126271.26,0.011680489,2.5336034,-0.057758473
121609.29,-1.5542288,2.0432343,-0.22417405
132019.6,-2.3248975,1.6876122,-0.30614546
127917.45,-3.2851758,1.4691904,-0.04562652
124560.68,-1.1336657,2.7443044,-0.7497763
134641.6,-0.9253386,3.118978,0.085392386
117612.125,2.3465283,2.5066757,0.13667127
118886.58,-1.9619789,2.5350142,0.074069194
121648.35,-2.7435193,2.5910976,-0.033766642
115900.695,-0.410928,1.2043151,-0.09909298
120712.73,-2.8711534,2.7641537,0.100089476
124350.77,-2.8716333,2.2351637,0.09786048
120140.89,-0.029166956,2.6397648,0.0356154
125174.09,0.2226033,0.92314434,0.43461207
132002.16,0.7162191,1.5378965,0.40574712
123266.68,0.94515187,3.092581,0.19493693
133944.45,-1.9739932,2.5682666,-0.101245694
129750.05,-2.322318,3.0965528,0.099974446
117789.48,-2.78625,2.7558522,0.18249923
121488.06,-3.1181152,2.9101584,-0.6200093
116778.836,-0.7677844,2.8007176,0.81104755
129889.61,-2.2526212,2.7460105,0.06227398
126762.875,-3.2999165,1.5598525,-0.10653539
130882.9,-1.811787,1.4935029,-0.043820973
128462.664,-0.09651566,2.7007742,-0.4882302
125534.58,-1.0970978,2.8412757,0.14929432
118505.086,-3.2092588,2.6108627,-0.15581264
116865.02,0.11570556,2.1304057,0.28852624
126854.016,-0.34816402,2.8090796,0.16530734
117441.8,-2.1086586,1.7814524,-0.13934368
120863.34,0.632579,2.656506,-0.12100123
118072.35,1.5634061,1.0244119,-0.34161186
130010.44,-1.57873,0.30595428,-0.11029697
134906.77,-2.3558648,1.426592,-1.9749819
128394.14,-3.4072862,2.2854831,-0.36743098
119379.63,-0.06761562,1.2580112,0.097346134
125658.59,-3.157044,0.65675706,-0.08870638
127600.17,-1.2821,1.6870364,0.23235251
115646.37,-1.3672279,1.4994535,0.1261479
116277.24,-2.3176441,1.6034367,0.10281135
134379.64,-2.8894608,3.0581143,0.2158156
119838.234,-2.3028367,3.028586,0.022491725
119476.43,-0.4852991,2.481337,0.10615306
117600.16,-2.260327,2.6052997,0.04270409
123811.945,-0.17825189,2.0222447,0.047917802
120080.375,-2.1440384,3.0306556,0.06461324
127627.945,-1.3916656,2.2971835,-0.1755211
116026.34,-2.4404445,1.5717665,-0.04362251
119384.47,-1.7262158,2.6379411,0.25149983
125219.37,-2.5696638,2.7730293,0.1824295
130817.2,-2.2789798,1.5951496,-0.7409441
115441.79,-4.0433354,2.4790356,-0.236944
115814.69,-0.002862004,1.7021929,-0.06250701
120471.75,0.92331386,2.380774,0.29813716
115195.93,-3.3456075,1.377074,-0.0049848505
118793.01,-0.5136433,2.660634,0.066911966
130546.74,-1.7374372,0.57425463,0.104263775
119557.97,-2.1687014,3.079128,0.044690523
116241.055,0.8633523,3.0052328,0.14012681
128497.73,-3.7493598,2.71923,-0.0027945917
115935.97,-3.6562407,1.4918314,0.034794126
126511.37,-3.7975554,1.8828672,0.14266215
125058.42,1.0362656,0.75098544,-0.08833806
119181.45,-3.6611526,2.2344909,0.16031057
120029.62,-1.2423278,2.0040104,0.5073805
116876.6,-2.671468,0.8712553,-0.0964456
118318.83,-1.2060668,2.1722972,0.95431614
131425.42,0.45006928,3.0911086,0.033990137
125543.26,-3.140288,1.0036087,0.038440388
132126.88,-3.2020078,0.32737374,0.19947478
125159.18,-1.2280763,1.5969375,-0.020473707
120413.37,-1.6203569,1.9646178,-0.09752374
134001.33,-2.7119904,2.222645,0.03426787
115786.914,-0.40059963,0.40351027,-0.344087
134873.56,-2.72858,3.0535996,0.30122438
126615.59,-2.260216,3.1124418,-0.013343594
121677.92,-2.646768,0.3618535,0.0124081895
123798.27,-3.7257116,0.25582746,-0.08121838
129932.414,-0.64857215,2.7748818,-0.08988644
122554.32,-0.041553475,1.6300405,-0.025014248
120919.14,-2.1656296,0.4261559,-0.043811437
119741.01,-1.9099903,2.472832,-0.12108586
116304.53,-3.097473,0.97486186,0.15804462
116544.086,-3.4000587,3.1630962,0.6398283
116410.89,-1.5870922,2.39558,0.16339779
134807.72,-0.7023613,2.1371963,0.333524
134917.42,-0.39328998,2.857066,0.08469031
128890.07,-0.48304567,2.5402493,0.35437408
121782.5,-2.7990744,2.3072457,-0.09704933
121971.875,-3.488835,2.9120126,-0.14725931
119222.95,-1.8752767,2.2290792,-0.030792061
127946.305,-1.6117874,0.8494018,-0.00128227
115175.74,-2.1587017,2.6594567,-0.19336382
127648.18,2.1331556,0.29114017,0.010383019
121598.18,-1.8596073,2.3141387,-0.13507938
118011.49,-0.528732,0.93538904,0.12148368
116970.96,0.3057726,2.2237504,0.5539457
122229.484,-3.496344,2.7005486,-0.003842638
131855.3,-1.3314426,3.0394423,0.11439559
133715.44,-0.019651052,1.8688728,1.3033057
116551.34,-0.40162975,2.647146,0.35196808
122580.3,-1.0332348,3.0247688,0.0016231756
128603.37,-2.7091317,1.6903787,-1.2137518
134120.34,-2.3490896,2.9845536,-0.04046675
132843.89,-2.5138133,3.1257231,0.006729012
131233.88,-3.8376448,2.0536532,0.2112557
124486.51,-1.3236669,2.396182,-0.45097968
127498.47,1.2658685,2.60105,0.09070384
126502.22,1.3923885,1.6776129,-0.2732612
130200.25,-2.04875,3.11417,0.15058999
127517.55,-1.392385,2.443101,0.40255144
117269.77,-2.7956393,2.950548,0.15744446
122054.164,-3.8844838,3.02679,-0.19715668
134101.2,-2.0032248,2.763966,0.10340198
130406.984,-1.4645034,2.3723843,-0.04339633
126377.06,-2.3507478,3.0660198,-0.06428634
128230.63,-2.3224363,2.6940906,0.01953562
120428.2,-4.1708283,0.42667717,0.1223872
126062.64,-3.857329,2.2473621,0.10801374
127941.86,-1.1753455,1.4458758,0.46710953
128985.57,-0.16176729,0.64071894,0.08183254
117626.42,-2.988802,2.9662843,0.16791837
115500.17,-2.1642613,1.8862741,-0.6684262
129595.85,0.29116157,2.3357286,0.1162819
128240.53,-3.7892652,2.965616,-0.12894458
122066.62,-2.6889756,2.8868034,-0.42100832
133005.25,0.7764259,2.08716,0.4022147
119984.85,-3.5788693,2.07708,-0.012790517
115037.44,-3.760384,2.2130303,-0.14200954
121106.21,-1.7543538,3.1063745,0.00617951
129505.11,-0.504189,1.7094615,-0.02878924
116540.75,-2.8782594,1.3444963,0.040121075
121122.28,-2.9043398,2.3273492,-0.34656006
120307.766,-0.8913094,2.4088347,-0.10758969
115897.28,-2.4756696,2.7555537,-0.2291881
117866.266,-1.7585907,0.7252097,0.04570072
125930.73,2.3565848,2.325847,0.10884336
121768.164,-0.943943,2.6975522,-0.00727762
122490.12,2.0593586,2.7766745,-0.07913212
125594.06,1.6747094,2.2030644,0.12867607
115876.38,-3.6051471,2.9099662,-0.16661493
124285.88,-0.858157,0.8076586,0.07843898
118409.0,-3.7492702,2.111803,0.1597259
128567.19,-3.6317713,2.1413445,-0.25639886
120045.05,-1.613437,0.28848654,-0.077432364
123125.625,-3.3650842,0.625888,-0.06852203
119498.555,-0.1650481,2.1703112,-0.1276316
119125.31,-0.9858378,2.2671463,0.11857705
132716.08,-3.51254,2.80363,0.007919202
133244.0,-3.6917834,2.2701018,-0.28399822
121633.05,-0.035816725,1.7324815,-0.8775885
117458.125,-1.3319181,3.1246367,0.06366025
119448.92,-1.8356075,0.55490494,0.013222907
131834.92,-1.3964986,2.7314804,-0.86840075
132969.44,-1.5690188,2.198717,0.15062813
116727.82,-2.182155,2.1883435,-0.05559682
120986.04,0.389485,1.8838772,0.15718758
133053.52,-0.19576935,2.88551,0.008946687
115928.8,-3.5095184,2.4702535,0.29687008
134412.62,-4.253018,1.324674,-0.17676166
117668.195,-1.3597199,1.6850507,-0.19027838
123397.16,-2.6617556,2.5166702,0.7576964
119143.99,-3.495552,3.0544405,-0.03745939
132852.66,-1.7836602,0.4169767,-0.07846908
128359.99,0.10064646,3.069161,-0.14956102
131896.77,2.4573646,2.6172712,-0.047642455
115914.75,-3.508719,1.1139401,-0.13779232
129615.31,-0.6332606,2.4572725,0.100338
130682.26,-2.766906,2.6620023,0.15536624
118573.56,3.336057,0.27227154,0.051697563
123974.63,0.96517557,0.60389256,0.010897358
126784.93,-3.6478906,2.5720446,0.53338766
125646.13,-1.3558016,2.2318249,-0.07206101
122809.62,-2.494877,1.5546557,0.4354083
115821.5,-0.1325342,3.114111,-0.05064922
117359.83,-2.839762,2.741504,0.16512199
117446.18,-3.9177256,2.70873,0.20882288
116805.69,-2.0131192,1.3964133,-0.11664485
129625.21,-1.8953496,3.063647,-0.47856236
122502.945,-1.6128675,2.828365,0.14996122
129843.03,-0.60505456,2.712868,0.1580184
128412.33,-0.75749016,2.2080367,-0.2968954
133264.17,-1.0867409,2.1334107,0.54588795
116007.89,2.502457,1.90473,0.12295935
117596.664,-1.6594403,2.6671104,-0.03727493
123524.266,-1.8297133,1.4537538,0.05867719
129526.85,-0.7233204,2.6486907,0.10346456
117800.53,-0.051010143,0.16380708,-0.0033312796
133157.31,-2.6200562,2.9551837,0.07810881
134360.31,-1.6097417,2.9065304,-0.32424742
118225.38,-1.0017865,2.9951022,-0.04687184
130319.5,-3.2357798,2.1324344,0.7015048
115951.03,-0.45177096,1.5154117,2.3232863
124944.99,-2.4030974,2.492089,-1.253363
116400.16,-3.9099371,2.457914,0.44763082
115442.195,-3.8336425,2.632032,-0.14686148
134661.02,-0.05904752,2.473535,0.08306624
115666.3,-1.8277013,0.8592036,0.3334644
122476.516,-2.0661263,2.6216366,0.99773747
121182.17,-2.985256,2.6461096,0.047890984
121307.69,1.6913242,1.4326046,-0.4959986
131574.62,-2.427684,2.593341,0.12788104
123001.38,-2.4960306,0.35758466,-0.019640813
120371.81,-0.6286191,0.15244113,0.0053564496
131578.03,-2.3622563,2.6406395,-0.090808436
119366.92,-1.7680297,2.9090707,0.08499188
122319.22,1.5689676,2.645668,-0.019139288
122558.945,-1.8880486,3.048327,0.0064894245
125742.67,-1.7882419,1.5311593,0.014499514
116595.71,-0.47829702,2.6446714,-0.090287544
115477.04,0.327892,0.5495012,0.72445095
115146.055,-1.2286087,1.8948978,0.45283857
132771.02,-3.0657218,0.32489997,0.021824218
132446.16,-3.1165848,0.22199878,-0.15759048
119252.27,-2.94885,2.6867287,-0.07408827
129503.02,-1.4740255,2.2122388,-0.12493297
118815.45,-1.7639037,2.0479677,0.31201178
123780.766,-0.2719493,2.0920312,0.081076235
126818.5,-0.39725134,1.4641745,-0.1736923
132700.42,-1.7321866,2.8921623,0.10197637
121885.0,1.3744147,0.75047696,-1.516521
130258.86,-3.1796796,2.4107513,-0.1939452
123325.445,-2.4726298,1.9700599,0.5196936
125484.37,-3.141086,1.0970631,0.006238513
134097.31,-0.7606418,2.4281332,-0.21830148
129787.695,0.06335637,0.78252506,-0.12676802
116770.92,-3.178818,1.4965304,-0.3572956
126318.65,-3.1460755,1.2014364,0.110313065
126284.61,-2.1506398,1.8557669,-0.19718261
121311.74,-1.1745623,2.5931013,0.08277063
128094.36,0.3902055,0.97928405,-0.4458679
131580.27,-1.6225538,0.924781,0.14062029
133672.2,-3.9098458,2.7414153,-0.0017799207
134748.88,-2.4944072,2.490202,0.023466762
115168.734,-2.64959,1.7791837,-0.02928719
117598.38,-2.2844107,0.69903094,-0.096473314
117440.61,-1.3301972,1.4834332,0.095956884
128359.36,-2.8801496,3.0711138,0.26738295
124361.09,1.3032365,2.0567493,0.27719054
134294.12,-1.3214269,2.533616,-0.2607758
134314.39,-3.462795,0.7072812,-0.35392767
123057.26,-3.6818216,1.3322045,-0.1813615
124761.84,-3.2599163,1.4599969,0.26216388
126003.4,2.5776796,1.5423553,-0.17453235
117007.39,0.66466033,2.4482913,0.018880628
119289.26,-1.450835,2.9782658,-0.019567208
131087.05,0.9960067,2.4693162,-0.17578632
130677.81,-0.032958854,2.9672961,-0.06847525
118114.09,-2.8307996,2.6338274,0.030065551
124755.41,-2.1278334,2.2380567,0.31610265
126516.41,-1.6556429,2.8919528,-0.07342285
124267.93,0.4155165,2.3654308,0.04350629
118536.0,-1.2908304,2.8761344,-0.056473818
134619.55,-0.8913686,2.9310462,0.08627743
118710.54,-2.561685,2.9185033,-0.07618019
116029.24,-1.4917055,2.5835338,0.019484961
122824.96,-1.7658235,2.9406867,0.08876807
133909.0,-3.252179,0.059337012,0.18516032
131331.72,-0.29255915,1.3468883,0.45266873
129865.31,-2.5540538,1.4705446,0.45171693
130696.05,-1.5429153,1.9416839,-0.71543753
119913.23,-3.2934759,2.3907666,0.011256143
126844.516,-2.1391943,1.3114147,-0.19186461
124396.09,-3.9329782,2.8264222,-0.067574106
116413.91,-3.0636353,2.5317795,0.25266203
122065.95,-1.5724281,2.8987885,0.021188894
124021.7,-0.8722042,2.8583834,-0.028097298
127600.836,-1.5328392,2.413418,-0.1514059
124900.6,-1.5162942,2.1794949,-0.037400387
115606.79,-2.343228,1.3688302,-0.12168424
126032.086,-3.242643,1.1663824,-0.60345685
117538.164,-1.7520583,1.4997435,0.14240825
116189.49,-3.017868,1.1807644,-0.11974221
126724.78,-2.3242822,2.4735246,0.15434115
119144.64,-1.1767986,0.26086968,-0.18744475
127416.95,1.8655896,2.4524994,0.22941905
128678.3,-3.0707006,1.2722999,-0.21365097
116687.31,-1.8192383,2.6330633,-0.0023270384
117279.81,-2.9487143,2.8068583,-0.2647299
117562.03,-0.16447982,0.7261941,-0.004013687
124530.805,-1.352993,2.7541769,0.003357503
119789.5,-4.0467033,1.1801828,0.2315503
127608.66,-1.9824418,2.8077953,-0.7474743
129309.98,1.6276052,1.5251037,-0.16839337
130952.84,-3.0306036,1.6430515,-0.26347744
117663.98,-1.4665774,1.8088524,-0.34733993
122459.18,-1.3954585,3.064805,0.0014151755
119025.13,-1.8810221,0.86926216,-0.2482684
126623.76,0.9380723,2.1888468,0.11107772
124940.22,-3.1704972,2.8604817,0.10043276
115947.24,0.4382121,0.8769182,-0.025637057
128650.89,-3.505178,2.643483,0.02854876
126428.01,-3.6539485,0.18399084,-0.19784863
128251.93,1.3714176,0.6305756,0.14078538
122138.18,-2.6394255,2.1737823,0.050882846
118276.8,-0.5467833,0.41556406,-0.013414815
116999.83,-0.3827309,0.22832792,-0.2233486
128443.81,-2.8230772,1.9635168,1.2638197
126434.58,-3.0838945,0.76159763,-0.08763122
129396.09,-0.73869914,1.517973,0.3005217
130878.78,-1.8397406,1.0128548,-0.13162175
127234.08,-3.3481984,1.9256411,0.04731764
116467.98,-2.6484678,2.892758,-0.006348771
115091.17,-3.938094,1.4563994,-0.004640369
132801.84,0.6886647,0.77752286,0.009118928
120950.18,-3.5004969,1.5402024,0.14306444
129413.055,-3.265324,2.6341953,-0.19922894
127856.625,-2.2928448,3.1612337,0.81559855
121780.94,-3.0408487,3.0051432,0.6646345
130560.0,-1.3786752,3.1762974,-0.11627206
119603.72,-1.6067384,1.6583325,-0.016873337
116264.96,-3.4783227,2.9040189,-0.0736967
126558.77,-1.2386281,1.5556306,-0.3897347
121369.914,-3.4424055,0.59515595,0.011602413
126518.57,-2.688183,2.1459832,-0.052035786
127035.37,-2.5915372,2.7601266,0.2839705
119329.21,-3.5234034,0.6029616,0.013859423
131655.19,-1.8097316,2.5792785,-0.25864485
118829.59,-0.47076592,2.7928486,-0.17354599
132857.97,-2.1692538,1.5074128,1.5339016
117209.78,-2.5728383,0.95709556,-0.22884601
125077.484,-0.15082176,2.727795,-0.17979732
120119.43,-2.484479,2.6450307,-0.11079612
133514.89,-3.689475,2.4796717,0.27049282
119259.766,-2.7671785,3.1290667,0.0030797725
132262.66,-0.20111348,2.2249098,-0.25289655
124771.31,-1.9473438,2.0733674,0.123324096
121350.13,-3.2013404,1.2756742,0.39098746
119525.195,-1.5028566,2.9079387,0.11170172
127934.484,-2.5962229,2.527792,-0.28843835
118409.98,-1.5909802,2.8733587,0.04218618
134742.17,-2.4381936,3.1206954,-0.16884185
131417.03,-2.7442539,2.3988469,0.17248483
117751.86,-2.90318,2.7221227,0.1652227
119686.85,0.6756944,0.18754616,0.04221121
128452.03,-3.855809,2.2994056,0.19092593
117585.35,-2.092828,2.8615324,0.056510173
121245.78,-2.7252767,2.4766479,0.24097706
124548.94,0.3847639,2.131486,0.70668334
126074.945,-3.620409,2.8818717,-0.117541514
124697.875,0.34781927,0.608712,-0.48288298
126570.76,-1.5732737,3.006709,-0.31543276
124794.98,-3.7768915,3.0093403,-0.4119737
121684.125,-1.7036718,2.5959659,-0.16776729
121751.305,-1.8316991,2.9145732,-0.08139062
133012.84,-0.9041233,2.5280094,0.15694144
131392.08,-1.9817137,1.1521057,-0.42435807
130779.016,2.7661622,2.3231814,-0.16133508
133873.27,0.044482637,2.5401263,-0.84761655
130916.164,0.31965417,1.9791903,0.09141366
118861.08,-1.3754592,0.7877835,-0.05443017
121068.484,-0.54896307,0.8002136,0.030921392
116880.62,-2.2680588,0.5720765,-0.3839068
120629.99,1.4975766,1.9698831,0.13097957
133496.03,-2.5261083,0.97686857,-0.2595743
133583.05,-2.1637135,1.4495298,-0.71739656
122626.74,-2.8706367,2.1287775,0.50918096
123513.08,-2.889043,2.6408153,0.11486165
122410.81,-2.2881813,1.7192808,0.02493051
131248.27,-1.9111423,2.625817,0.013712213
120888.32,-2.5631838,0.61773026,-0.21393436
124926.54,-4.0903196,0.42186654,0.11507621
117586.086,2.8668702,0.937621,-0.059774403
120549.625,-0.38705662,2.7687423,0.05303377
116031.61,-3.8058634,2.0890706,0.017588524
126417.51,-3.9464688,0.20764868,-0.09939485
132301.86,-1.7571021,2.7600615,0.07814993
121173.83,-1.6366751,2.420923,-1.0304847
124331.6,1.1985065,0.18380107,-0.005079911
121856.39,-0.506926,0.9631346,-0.21393943
125183.05,-2.6319695,1.8467184,0.18531588
117483.21,-2.8138146,1.5645763,-0.16120782
115917.945,-2.4360936,2.892847,0.02120141
128758.734,-3.459789,2.3429062,-0.051740475
132961.12,0.33338767,3.1024597,-0.105733186
115277.04,-1.472064,2.7798693,1.5510511
129252.87,-2.5428133,0.64149743,-0.10638222
129044.34,-1.4614763,2.8153481,-0.46969166
118697.83,0.17826256,2.2692637,0.051793516
124075.9,2.2683113,2.4288754,0.12456316
118175.38,1.1477232,2.4204812,0.05052108
127243.914,-3.0012133,2.832483,0.02465457
121357.2,-2.624897,2.7921445,0.11563882
117834.78,-2.102576,1.678252,-0.036494184
116895.555,-2.495568,2.7500453,-0.08719198
115189.56,0.1538112,2.6881158,-0.20296133
118175.04,0.5529788,0.1624938,0.102981806
125858.555,-3.4751918,2.3818593,0.01517775
118184.66,-0.6596785,2.920649,0.22871341
130115.12,-3.0260203,1.2889332,0.5453456
115540.24,-2.6154866,3.0139446,0.040326692
132989.17,-3.901411,1.7420537,0.4221672
125769.555,-2.4222438,0.66991425,-0.01580324
124848.86,-1.4455824,0.86483794,0.038559586
132483.1,-1.3596934,1.87062,1.7964138
115948.055,-2.2546418,1.8780967,-0.30947018
132902.83,0.20817102,2.432985,-0.6279249
131004.28,-2.612199,2.8582704,-0.3760198
118341.72,-1.7183818,2.1370056,1.0791329
129535.26,-0.4984454,1.8475744,0.10528411
130523.6,-2.072791,2.8871155,0.26974246
119737.3,-2.825591,3.0620825,-0.48473978
128347.24,-2.8334405,2.1361628,-0.17379035
128891.945,-3.7392569,1.7721875,-0.01694605
119409.16,-2.040584,2.8740442,0.16548435
123067.99,-2.645221,2.9806607,0.07155353
126366.375,-1.978201,2.822433,1.785199
130029.58,-1.2660366,2.3409162,0.2365882
124218.76,-1.3546696,3.1068072,0.15046066
134770.3,-2.3395946,1.8755264,0.12090379
116813.62,-1.315558,2.9927812,-0.1750622
117358.65,-3.5969157,0.69370574,0.12211305
130722.305,-2.698082,1.3500459,-0.084045455
125683.19,-1.8331363,2.941459,0.08784071
132628.45,2.1341448,2.6532338,-0.09372103
127167.32,-1.5423133,2.3504515,-0.07496795
120320.61,-1.0066282,2.3314524,-0.14964594
119818.14,-0.80730283,1.8823303,-0.1327586
134929.81,-2.0963812,0.6649166,-0.08250512
128300.21,0.7966404,2.9785218,-0.14007585
130938.26,-0.83553165,2.609569,0.04796131
130027.81,0.38200593,1.3370488,0.22550519
127835.02,-1.16756,2.9791317,0.2068555
123028.17,-0.5499649,2.821437,-0.049871452
116784.83,-3.277264,2.8354733,-0.017075974
128069.016,-2.2063255,2.2819755,-0.015024283
125206.125,-2.0729003,1.4881781,0.018826393
116855.414,-3.088059,1.5200614,-0.53342193
129581.97,1.5176264,2.6773357,0.038188282
128478.8,1.5267118,2.2314465,0.29896617
134829.84,-1.8082145,2.817305,-1.341821
130233.88,-2.4161386,3.0029855,-0.22417614
122768.2,-2.457377,1.4535117,0.7835129
115845.805,-1.5027055,2.8985567,-0.0068550636
133678.83,1.8707474,3.0806987,-0.21997859
122541.82,0.54653704,1.3136656,-0.02704657
116945.266,0.6002539,2.4615705,-0.14734721
127302.78,-2.2084856,3.0045774,0.34572688
126941.9,-0.8554954,1.281485,0.15083018
124125.625,-1.7502701,2.3425307,-0.06476432
120655.19,-1.7349851,2.1232498,-0.21471958
126390.12,-1.3056576,2.5666442,-0.027007235
117148.945,-1.2148387,2.4453323,0.028479028
117300.98,-2.30653,2.201966,0.5151057
120486.695,0.44587302,1.3187664,0.50531304
124030.586,-1.3919548,3.0457187,0.023282006
128312.375,0.1485852,2.889574,-0.8735858
129533.695,-0.705494,2.7560015,0.00844844
120910.45,-1.6914672,1.9124407,0.040428605
125902.18,-0.65233445,2.5995183,0.40452355
116487.73,-0.69260055,1.5209122,1.5028887
119067.69,-0.4390342,1.4806545,0.19735485
133787.39,-3.828584,1.6701382,0.29255572
121620.21,-2.2054904,2.6375546,1.4235584
116505.516,-2.9468737,3.0033708,0.0036519216
117501.3,-1.2450461,2.5033765,-0.14257275
134166.6,-2.877875,2.6292906,1.8062506
133415.4,-1.2124072,1.0863048,0.08009524
120045.9,-0.39958468,0.4289642,0.01068459
119766.63,-3.422795,1.0842168,-0.027820759
124240.76,-2.2796555,1.6881357,-0.4281447
124585.62,-1.7678317,0.8323203,-0.19901021
127545.21,-0.35601163,2.5086234,0.32386243
119615.26,-0.75439537,2.6272,-0.08639067
115356.09,-0.68002594,1.3685088,0.13345471
118065.78,-3.5427473,2.963039,0.049549617
118175.6,-0.7617543,2.5215843,-0.020468343
116947.18,-1.7542573,2.5128953,-0.1630405
121889.57,-3.3223112,3.0985332,-0.015016535
122807.3,-3.6412091,2.966575,-0.08509469
117050.586,-2.2962778,2.7963328,-0.03951436
127682.4,-2.0431366,2.9148755,-1.078966
120131.09,-0.7796485,3.101503,0.060562897
129632.23,-2.664564,2.737191,0.26969716
133323.39,-4.1906166,2.826514,-0.024488287
116120.55,-0.36605138,1.5747429,0.19752948
116912.27,-3.198354,1.1637561,-0.030022044
121581.23,-3.448911,2.8515818,-0.26859728
134228.33,-1.5234596,2.7271867,0.11570736
120069.28,-3.1099672,0.4290893,0.037797313
115472.04,-2.885197,1.9054351,-0.17793933
133303.56,-2.2935944,2.5238054,-0.16427985
123387.94,1.8643291,0.44631487,-0.013288465
125935.54,-0.23033623,1.9469795,1.0277222
131328.44,-2.8915975,3.1158412,0.058301713
121287.56,-2.1260588,2.8045304,0.047107853
120921.63,-2.7415574,1.003679,0.07575882
126260.18,-1.9237789,2.5311756,-2.6060438
118208.48,0.55304766,2.781757,-0.09465405
131132.23,-1.6456761,1.9650089,1.019118
132343.34,-0.897219,2.3550568,-0.17807193
117973.68,-2.1570718,1.7973291,0.5980173
119921.43,-0.29850772,2.587261,0.09431494
119102.76,-3.0307796,1.5313677,-0.21757258
131955.58,-2.0980544,0.3192652,0.15918297
124010.125,-0.28352335,2.3087275,-0.20803826
133051.81,1.228635,2.5276546,-0.22128351
134884.05,-0.713261,2.616348,0.24646194
130646.72,-2.9266021,2.8009667,-0.12063917
127203.52,-1.3023789,2.959304,-0.038385257
115462.41,-0.3595335,2.7257802,0.22136962
121026.43,-0.6619661,0.34363756,-0.07077606
121109.46,-1.4400351,2.4360695,-0.1468877
121227.75,-2.2223816,2.6167262,0.08598719
120026.164,1.444151,2.6520958,0.086484835
127512.95,-1.9472111,3.081195,-0.0554067
132911.39,-3.2905273,3.0101824,0.008692795
127433.78,-0.010260853,3.0003893,-0.13406143
122644.91,-2.5481777,2.9865308,0.15463258
127898.98,-2.4517412,1.1444803,0.15239108
116597.06,-0.6804981,2.624017,-0.7716789
126509.82,-2.315309,1.6715872,-0.21781306
117780.0,-0.8585606,3.0315158,-0.061885394
126257.734,-2.7374964,2.804601,0.12295876
130463.4,-1.0712137,0.47276154,0.10873786
132106.44,-3.2038267,0.98244244,-0.11925111
124170.97,-0.85274255,1.7957915,-0.42046744
127415.62,-0.92346954,2.87753,-0.8421099
129579.88,-3.2810154,2.4509487,0.058781486
126492.77,-1.8392482,2.8430054,-0.19897832
115875.0,-0.03991583,1.075434,0.42986083
118811.94,-0.57758963,1.2808297,0.34583414
115142.875,-0.18193322,0.94773436,-0.066074006
124589.38,-0.1814886,2.2395794,-0.1610642
115152.86,-1.1610204,0.9500786,0.18154387
127380.54,-3.1530373,2.4811203,0.07098197
119739.305,-2.5106103,2.3676503,0.14539893
115046.016,0.18342072,2.409957,0.045222145
115140.03,-2.2940283,2.4415283,0.04555232
122580.06,-1.4039388,1.7329069,0.2827237
132821.88,-2.8034117,1.8671302,-0.09904619
115500.81,-3.424593,0.1372595,-0.07935115
128798.42,-2.637893,1.1019456,-0.30650812
125206.15,0.24120909,2.03835,0.25430992
119175.63,-1.3625065,1.5855974,-0.06371806
129080.39,-1.9348488,1.3978244,-0.72298515
120635.38,-1.0410222,2.8674955,0.033014502
127233.86,-2.1698058,2.7002068,0.77557486
127385.41,1.9958829,2.1943197,-0.29640165
115443.76,-2.7950075,1.3149254,-0.04434008
126660.63,-2.7434368,0.54563284,0.41935354
132486.89,-2.5851104,2.0043588,-0.0034886207
124699.71,-3.1030223,2.4860096,0.1570517
120106.62,2.3149676,0.24566765,0.023640195
134687.16,-2.5604427,2.5664215,1.0583024
121778.945,-3.4076393,0.06589055,-0.021669261
115602.98,-2.1310644,1.0398102,0.123592295
117336.24,-3.3645067,1.5333519,-0.2122641
119126.875,-0.75301224,0.65826374,-0.0107042575
131541.98,-2.1725433,2.2391348,0.5558785
118455.45,-3.1583672,0.31528497,-0.06772936
125987.7,-1.3135372,-0.019350566,-0.087087974
118521.56,-2.3474433,1.5902404,0.18103966
124223.58,-0.72673655,0.7036115,-0.14932172
115290.086,-2.5855844,1.2196058,-1.1412319
123793.67,-2.2342505,2.3239238,-0.003251119
120629.46,-2.053632,2.082057,-0.0011544304
119878.016,-4.012087,2.9012702,0.13811177
132396.75,-1.8387175,1.077235,-0.40514427
132166.9,-3.4328642,1.2353402,0.13062914
116209.11,-3.4215007,2.703993,8.433242e-05
127258.055,-1.0132841,0.30834374,0.08838425
128189.41,-0.022528553,0.77217954,-0.1559396
117119.89,-0.614919,1.9187771,-0.53424054
117140.33,-0.40161392,1.7556908,-0.33468738
127157.59,-2.6347759,0.50815934,-3.0511394
121066.91,1.8397152,3.0962944,-0.02990225
131115.12,-2.1770115,1.6378263,0.2522472
126363.36,-4.33888,1.6393855,-0.2345693
127503.266,-4.0367475,0.7718016,-0.6657005
130267.28,-0.9156433,2.043212,0.18905094
120935.82,-1.1625429,1.4807457,-0.104418136
118100.11,-0.7499422,1.115086,-0.48144904
119828.29,-3.3439496,2.8384094,-0.15636006
115964.41,-3.0310125,2.4845397,0.029200176
128561.63,-2.0370402,0.6824233,0.032854185
131002.67,-1.7462324,2.8697379,0.25849795
116714.445,-3.2049632,2.8374684,0.13103917
132242.03,-1.7681162,0.4633855,-0.008932085
131397.72,-1.7543248,1.9682487,-0.26099038
116088.3,-1.6954585,1.5794685,-0.5308857
128454.51,-2.027599,2.4018242,0.07906298
133126.66,-1.5499285,2.9189765,0.023419084
116061.25,-2.8972442,2.2624526,-0.2200522
126062.56,-2.041981,2.5967476,-0.6163693
116237.11,4.5000043,0.7257255,-0.12192084
124748.45,-1.7052871,2.9480329,0.08096002
120019.625,-1.608434,3.0574813,0.0897884
130166.875,-2.1985826,2.9976468,-0.0018824307
122130.45,-0.48123273,0.8937196,-0.49260235
121884.69,-2.9876761,3.0221226,-0.15635559
121847.21,-2.6490188,3.0637615,0.5964105
134589.73,-3.4333332,0.5111325,0.12011053
119568.13,-3.6944437,2.8404381,-0.08337258
122043.93,-2.9475791,2.7737224,-0.02581347
128454.18,-0.2641406,2.8181486,0.023960242
120413.25,-1.6357734,0.7482586,-0.33749923
123310.69,-3.047586,0.9902041,0.009067076
126459.234,-0.27796432,3.0701067,-0.05221637
126964.164,-2.264667,2.2400815,0.043512847
123345.95,-0.16803649,0.6150527,-0.08127798
126155.35,-2.0652862,2.1699212,-0.14037624
117673.27,0.26642537,2.009057,0.16509576
117178.95,2.8696716,0.20014155,-0.09941451
120640.25,-3.369449,2.5946293,0.05366075
117485.086,-2.4827585,2.3525426,-0.29378644
125822.5,-3.0223446,2.3692133,0.21738425
134018.06,1.568847,1.7205504,-0.20081249
130194.25,-1.4200814,0.92348814,-0.0062265936
127263.61,-2.8519082,0.94014066,-1.2363607
116036.13,0.41000465,2.6994145,-0.05999611
117459.74,-1.7510623,0.49575314,0.0070877974
128686.72,-1.5925304,0.3304541,0.39827758
124931.97,-3.3009233,2.2453585,0.12297366
115969.26,-1.7921246,2.169279,-0.11080178
123641.15,-1.5549203,2.852556,0.13690788
121558.66,-1.4866517,2.839731,0.00085137004
131074.28,0.021261143,1.051821,0.73012954
122625.62,-0.78126925,0.66420025,-0.043755416
126855.65,-1.2211792,2.8771048,-0.18676741
127647.836,-1.7876009,2.549282,-0.09982664
116532.23,0.8396786,1.985347,0.1718215
127180.88,-0.48850003,2.6903567,-0.24465759
127059.08,-1.3923922,2.5239246,0.14151666
132093.17,-2.8515646,2.1275978,-0.0886596
124526.15,-1.820662,2.5762742,0.55266434
125681.66,1.2724625,1.748114,0.686198
124127.03,0.07828597,2.0945375,0.18153076
129064.016,0.4058222,3.0621037,0.96512854
126837.05,-0.15977836,2.4358761,0.22312601
120254.45,-0.97071636,2.1940405,0.084065124
116330.51,-2.9807549,2.3119707,0.103744075
130697.11,-2.3829176,2.4689825,-0.03734317
131136.89,-2.9196362,2.4515152,0.1098619
119150.836,-3.1375713,3.0663986,0.0020481157
118355.125,-4.0599046,2.3617327,0.03421423
119759.195,-1.7360989,0.17033042,-0.11518647
134201.42,-1.7393522,1.4678352,-0.31379974
120606.76,-2.1022632,1.7634642,0.15390489
127078.97,0.076354206,1.6958543,-0.39609715
129279.73,0.04684939,1.4640455,-0.20399
119529.46,-3.0388112,0.14812987,0.08699798
130410.25,-2.4537928,1.0081547,0.20154287
116954.27,0.76897645,2.6224997,-0.076585166
119165.125,-2.9699545,2.7492745,-0.1317043
123471.05,-2.675711,1.75616,0.0007274044
123833.125,-2.0612247,2.2899709,0.0017614451
127322.92,-0.6301861,1.5473726,-0.6057571
129194.78,-2.526061,0.71523213,0.2935987
127745.695,-1.3407552,2.7439742,0.011558905
130950.52,2.0134916,1.6537021,-0.24729425
117857.95,-2.620361,1.845473,0.2915914
118980.0,0.0838302,2.9919043,-0.036743607
125335.945,-1.999611,3.090867,-0.16479836
117110.77,-0.75414634,2.526577,0.091345124
126631.35,-3.0748835,0.21623647,0.002566626
118088.12,-2.6515381,0.18576054,0.020126246
123129.82,-2.3333056,1.2865175,0.20977406
130274.94,-1.8133717,2.4624774,0.22437342
124515.266,-1.8115635,2.3467493,0.454738
121337.0,-1.9859499,1.75147,2.84183
129338.72,-1.0641555,1.6274883,0.10658813
132869.58,-1.8249289,2.7722747,-0.06505844
132266.61,-1.9359316,3.000864,-0.106842324
119077.84,-3.6872106,2.9171007,0.07294218
130260.23,-2.8303185,2.971605,-0.05288537
120214.5,-2.4441776,1.872735,-0.19092146
118755.73,-2.3076615,1.826276,-0.6050023
125713.06,-2.0871377,0.8091788,0.050832782
122434.02,-2.8622353,2.8465784,0.6639974
125987.45,-1.6403168,0.18605925,-0.1781366
132654.7,-0.59433734,1.2654201,0.21504737
125160.82,0.7453957,0.27210978,0.055332497
119903.7,-1.2766759,1.9919717,-0.31188396
130685.875,0.8024429,1.3600731,0.3355444
132578.33,-1.5554146,3.037291,0.11924455
130723.31,-1.2147151,0.40825766,-0.5574665
126333.95,0.18271434,3.043362,-0.11803798
125383.766,-2.150919,2.3109245,0.4471159
128679.055,0.29916793,1.8500619,0.83419216
129460.445,-0.7764762,2.592004,-0.045591954
132156.84,-3.1405106,2.869663,-0.014825222
124633.48,-1.9002271,2.4297886,0.0062367255
116489.94,-2.7452157,0.51272744,0.037783608
116765.336,-2.2064629,3.0942874,0.08071745
131497.02,-1.4562552,2.3030994,-1.0095645
121020.12,-2.1053638,1.1430253,0.1866336
133235.34,-3.2925858,0.48541042,-0.23212484
127088.85,-0.38507903,1.8972956,0.03854528
134148.62,-2.3560772,0.2943999,-0.02672265
117270.23,-2.7367043,0.5146609,0.11583311
116283.84,1.2078218,1.2949802,0.154511
134259.9,-2.2994509,2.9541152,-0.16817196
118949.72,0.10592446,3.16965,0.06875059
129619.734,-1.4417915,3.1448944,-0.017496444
128603.11,-2.910035,2.6902852,-0.78776467
120569.19,-1.9086368,3.016365,0.080645934
121733.93,-3.521281,2.9463706,0.08200836
118382.984,-0.36256117,3.0874429,-0.0016112558
120890.6,-1.7365656,3.00819,0.08681382
115928.625,0.9331859,2.3906329,0.14738297
117404.01,-1.7382728,2.8761027,-0.06701925
133278.56,-2.393773,0.68282604,-0.16709858
126574.625,-2.9895592,1.4781792,-0.43788373
122339.71,-2.905956,3.0914626,0.091385655
130139.914,-0.3634084,2.3618288,0.06265362
123932.6,-1.3688549,0.37223434,-0.11660134
127038.016,-2.7554686,2.675423,0.37082037
123506.01,-3.5870714,3.0643156,0.03926881
115697.95,-1.4072047,2.163995,-0.07913123
115659.555,-2.3375201,2.7852573,0.026965814
131536.14,-3.6909163,2.5694199,0.021126911
119896.59,-1.1025449,2.3782039,0.3894635
119573.516,-2.5976124,2.045521,0.30161655
118268.13,-1.1798583,1.4052938,0.031944703
133466.23,-2.8789053,1.9053692,-0.37622452
134114.25,0.9674473,2.9809437,-0.23632507
121114.74,-3.3308349,2.9678884,0.11104911
123853.836,-2.6832283,1.9455179,-0.5961232
115927.1,-0.66169673,2.8169222,0.07423488
118465.61,-1.6429657,2.2369084,0.01970786
123636.055,-2.0068622,2.4895463,-0.297641
119666.58,-1.1804268,1.7633381,-0.13550194
130230.46,-1.27589,1.0187035,-0.0025976175
130980.445,-1.6208756,0.97887033,-0.019105019
121050.79,-3.8368413,2.4417613,-0.041306794
128902.3,-2.5613415,2.9545257,-0.3477422
128806.34,3.0888474,3.190857,-0.15573815
131801.22,-1.8649942,3.109938,0.16771811
116621.91,-1.2004133,2.540761,0.061989695
120965.03,-4.3467526,3.1323037,0.067851245
134459.8,-2.2189267,2.514033,-0.067263
117092.05,-1.0793606,2.9775767,0.04147099
119903.734,-2.1335046,2.690233,-0.13211016
116469.14,1.3851264,0.7386161,0.14478268
127172.28,2.6752324,1.6282015,0.021545295
115306.086,0.30619967,2.9138656,-0.08233437
125230.71,-3.4969532,1.6072029,-0.0031471192
134863.86,-3.6647463,0.6907087,-0.057492957
117918.945,-3.0444205,2.2431006,-0.09870827
116801.38,-1.3912047,2.5829859,0.32889554
115532.336,-2.1358156,2.4699507,0.3293181
119769.24,-3.2112148,3.0664558,-0.01143345
125787.96,0.47876164,1.0637949,0.3025314
115747.73,-0.43879792,2.3331583,0.2238543
133522.25,-1.918669,0.33158427,-1.0187211
120781.125,1.5012258,2.8854647,0.08732458
115207.8,-1.3049957,0.8771741,-0.25760278
131946.88,-2.206461,2.9320316,-0.054579467
131467.89,1.4517769,0.3170823,0.061483104
117206.734,-3.7699392,1.1571319,-0.012031226
122841.22,-0.5007016,3.0935497,-0.084512115
120516.62,-0.45630023,2.2634761,-0.09618187
117889.805,-1.2343634,2.5649755,0.22084814
115904.734,-1.667426,2.834504,0.06335868
120394.33,3.8600545,1.6406075,-0.014268867
119970.38,-1.2538258,2.9580903,-0.028504955
124515.65,-2.830192,2.9465377,-0.18390904
122933.94,-2.9302046,0.4269725,-0.14260761
126093.56,-0.40750116,0.5335094,0.34486926
119588.86,-2.9952633,0.12873425,0.01195941
123519.25,-0.32480508,2.4461293,-0.017623987
134788.84,-0.9014022,2.5512993,0.20445547
116758.39,-1.2988353,3.0217693,0.7055122
118038.49,-2.3388855,2.111629,0.14976992
120642.766,-1.1983218,3.1038609,-0.11416375
124490.984,-2.6727698,2.6808777,-0.041892353
123950.13,-1.941741,2.7789104,-0.715096
120977.13,-0.3071819,0.90759736,-0.058074642
131439.9,-2.4331396,0.43643925,-0.025072059
120118.7,-1.2136103,0.27280924,0.008504462
122843.21,2.2621593,1.1191428,-0.02462596
124421.98,-2.233208,0.2344445,0.057763536
130265.25,-3.8148415,2.0557342,-0.037492763
123256.82,-0.4496222,3.0307553,0.057252776
121064.16,1.7908435,0.8616503,-0.43285954
123053.4,-1.0734472,3.027249,-0.003360185
124851.16,0.63896567,2.1277797,-0.10086039
128597.69,-0.13707174,1.9530971,-0.17114207
115049.27,-3.0818233,2.8790667,-0.09824251
126078.29,-1.2197971,1.1343378,0.12557635
119709.266,-0.13608262,0.86986506,-0.12881911
117958.23,-3.1437042,1.3848525,-1.5021392
127538.03,-1.6623728,2.0167098,-1.2143035
126680.11,-1.3193811,1.0753113,0.12594526
126343.0,0.32617033,1.7540752,-0.281074
121796.83,-2.6034408,1.5293032,-0.19451407
128476.79,-2.5406735,0.45374253,-0.2686688
132958.44,-1.4208673,2.7785013,0.0725083
117221.15,-2.2528746,0.6183005,-0.011344648
121175.5,1.0431647,2.4430833,-0.28623497
120562.01,2.3530843,1.2847338,0.14349057
122552.55,-2.7499688,2.2900274,-0.073690146
115663.055,-1.0555271,2.4772487,-0.028397974
118576.875,4.132071,0.6413486,-0.067404255
119799.01,-3.4917831,2.9340029,0.09816443
115951.03,-0.18482554,1.8358907,0.14318065
118745.25,-2.2576888,0.8683467,0.13767849
129514.016,-2.4718876,1.0820079,1.3732724
126291.336,-1.2363397,1.5089254,-0.3019214
132274.95,-0.97940606,2.8287904,0.029261563
123666.34,-2.2920072,2.3071795,0.07272167
129703.484,-3.1455185,2.3342469,0.8191703
116996.81,-1.4473696,0.41048133,-0.057429783
129883.266,1.2535133,1.7890644,0.1919838
116353.42,-0.0823224,1.4715517,-0.01549273
131510.14,-1.5824434,2.1929777,-0.011170917
115349.305,-0.45263234,2.6820886,0.007875099
124128.0,0.6226801,2.4230669,-0.2035299
116132.11,1.4786047,2.6675534,0.09161273
121936.8,1.3301724,0.75482506,0.45042124
134416.0,-0.49545598,2.6876526,-0.17177501
124710.95,-3.2186515,2.7747858,0.21187791
119028.4,-0.3545045,2.4154973,0.046721056
117092.9,0.26385027,2.1954806,-0.11802784
115053.02,0.4385186,3.0878885,0.03186067
134340.36,-2.4459138,1.5157673,0.3069459
133741.38,-3.3200681,2.390495,0.32489884
117134.91,-2.1910446,2.2068405,0.27423802
122310.445,-1.921902,1.8090148,0.43774813
117431.02,-2.3141975,2.2450662,0.16222906
127267.766,-2.1791651,3.0730875,0.058270723
117158.36,-2.894616,0.5970358,-0.46124172
131200.66,0.46042138,1.8142564,-0.41672257
116153.0,-4.586632,3.009703,-0.045991566
119979.055,-2.6108608,3.073183,0.075902455
117352.84,-2.3865573,2.59845,0.06531233
123158.2,-2.8350594,2.68518,0.18105933
133909.73,-1.4527216,3.0635147,-0.019416125
122580.766,-1.2183282,1.8918794,-0.012507124
121589.32,0.3861987,1.8079693,0.19932161
128120.94,-2.6431766,2.9606347,-0.059253808
115885.234,-3.2371535,2.2183697,0.1503212
119309.85,-2.6515443,1.6134673,0.08382315
115486.625,-1.4508044,2.8749385,0.15574709
117185.125,-3.2195485,1.5341839,-0.017368605
129368.695,-1.9524847,0.0077867974,-0.010577908
126876.94,-1.4457474,0.9906432,-0.012705886
125179.586,1.3972638,2.4791517,-0.09884326
117491.305,-1.7705983,1.7119892,-0.37779287
123954.695,-2.1804545,0.58034575,-0.14172108
126689.31,-2.3964128,1.013384,0.22435255
116363.38,-2.6655757,2.9782953,0.10038747
124781.63,-1.1153386,2.6328204,0.01775123
119251.36,-1.2320477,2.6317835,0.1284812
116917.945,-0.995766,2.4733255,-0.2797214
123366.81,0.39784166,2.1692843,0.15140888
132334.75,-2.9559286,1.5365773,0.22267306
129351.36,-2.0513237,2.2637799,-0.75673866
118372.18,-1.9280264,2.8745806,0.08235821
120783.95,-0.7662229,2.967252,-0.2986816
119059.84,-2.450928,3.012318,-0.040326096
127062.09,-3.6380515,2.6721082,-0.1576602
133206.08,-2.3514388,3.060958,-0.04001022
121194.66,-0.4455672,2.3997705,-0.031026285
117190.44,-3.4158278,2.6047788,0.45251733
133064.47,-1.7713791,1.6869504,0.48706084
125346.56,1.7717146,2.5616682,0.020623896
119407.125,-2.708649,2.6730702,0.0049285297
132002.61,-0.8128653,2.4867764,-0.14875345
118698.03,-0.6503252,2.9317594,0.056771215
119288.086,0.8028142,0.26930776,-0.038559884
131186.25,-1.7553178,2.9741383,0.03577453
127012.8,-2.4192793,2.7799444,0.124027364
124435.29,0.11360503,0.4339442,0.09669115
119618.68,0.855544,2.9853492,0.16839635
130853.21,-2.368526,2.8781931,-0.32532498
122146.84,-1.1238091,0.13730842,0.021015462
117894.13,0.09032361,2.9531112,-0.09779879
122793.766,-1.2048118,2.4237602,0.41776046
129674.06,-1.4530898,2.2474313,0.20263472
133987.02,-3.3846714,2.620676,0.13481179
116828.95,-1.4929942,1.0719572,-0.37798178
120054.47,-3.9105246,0.806019,-0.18285206
123531.19,-2.7711787,2.4131212,-0.19845803
127275.96,1.0907676,1.1280738,-2.7725902
121493.54,-0.54197747,0.6265401,-0.22581033
122228.8,-1.2580678,2.9097955,-0.17004158
129817.22,0.5678268,3.0751457,-0.1827847
131047.516,0.27649578,1.8786458,0.035120133
125486.2,-2.5734534,2.4877362,-0.24312113
127730.08,-1.7172163,1.4727337,-0.5196924
131008.06,-2.021322,1.6549157,-0.107893944
121156.234,-1.7016202,2.9916205,-0.25507697
129202.42,-0.6740939,2.5568607,-0.07658129
132481.34,-3.840744,2.269401,-0.18704544
115431.26,-1.3304971,2.142098,0.21869305
121681.78,-2.3182168,1.671952,0.15019545
116568.84,-1.78468,1.4734315,0.47902158
128540.96,-2.458027,3.1203523,-0.004320025
130040.71,-1.8357528,1.3598942,0.30904377
125546.03,-2.749618,2.7062435,0.32504725
122880.586,-2.2767687,0.12820263,-0.14966531
116760.23,-1.1765926,1.3518151,-1.0673177
131624.14,-2.2927809,2.9782073,-0.08734604
118950.51,-0.20784315,3.054385,0.07765824
119281.11,-2.9188895,2.849727,0.058992464
118238.0,-2.2883983,1.3432724,-2.3200922
116914.34,-1.1345267,2.3955476,0.23730041
115554.375,-2.180251,1.9067036,0.10759178
132272.64,-2.054922,2.2700634,-0.14119661
118487.266,0.91868854,1.5625228,-0.32989353
118280.82,-2.5136342,3.0809245,-0.023763863
134516.67,1.3460226,0.057152856,-0.20526035
125919.234,-2.8827746,2.503764,0.7060391
128825.49,-1.1582679,2.6052306,-0.32301283
134468.0,1.481694,0.6786243,0.30945557
121621.18,-1.0501847,2.4544766,0.188924
128349.37,-3.2647429,0.0872302,0.14665885
122313.27,-3.241904,2.3624518,0.08040575
121066.555,-0.5505769,1.7087083,0.33469632
128477.0,2.733749,0.31661835,0.25521702
122436.71,-1.5655569,2.188164,-0.097766906
127513.1,-2.8257816,2.7883847,-0.98994225
115387.61,0.8075608,1.0934275,0.24238181
122825.43,-3.4517052,1.1368809,-1.0181653
115142.26,-2.1203356,2.764364,0.031791534
124209.37,-1.5671539,2.9352117,-0.017456513
133516.61,-1.8878647,1.2262601,-0.012073542
129488.79,0.9634832,0.6999388,-0.3265265
133864.39,-2.1801584,2.940561,0.04179521
119823.06,-1.5420792,2.0299163,-4.41804
121393.28,-1.2565011,2.419769,-0.032453977
129780.445,-2.6204314,2.520127,0.047146592
115489.27,-2.6987164,2.376812,-0.36175212
126493.7,0.029122872,2.9746017,0.25122747
121063.67,-0.6298568,1.6009082,-0.16246507
133060.27,1.6228869,2.2309043,-0.021668665
134662.61,-2.2549334,2.7459767,0.17890841
134118.75,-0.88169634,0.7327891,0.111847736
126412.1,-1.0906615,0.7683491,0.19694065
132736.11,-2.1227922,1.7865217,0.17111048
124107.79,1.7665987,0.1980335,-0.0044559105
116324.96,0.45062926,2.8063097,0.03910372
118246.484,-1.580661,1.3024657,-0.22423306
115926.02,-3.4821203,2.9143023,0.5345981
116228.43,-0.6518247,3.0921338,0.2277634
131849.1,-0.2874475,2.8422883,-0.14176846
121921.79,-3.8358717,2.7747388,-0.21207339
129041.2,-1.5203062,1.9623169,-0.15628377
124066.59,-1.4781077,3.0027163,-0.3850365
123524.96,-2.7366984,2.0832832,-1.9408219
121783.53,-4.130642,0.40892234,0.03110734
118896.3,-1.4173261,0.7874719,0.15833367
121644.02,-2.7924814,0.33354396,0.087740585
119236.91,0.21869363,1.8194944,0.0028872679
125752.73,-0.56974167,3.1110275,-0.0365517
124919.89,-3.2702312,2.6469128,-0.6174814
117991.914,0.07645408,1.8580593,-0.27357766
121924.81,-3.17164,1.7879345,-0.23950528
124190.55,1.680501,3.0187285,-0.058295757
125270.09,-1.8356947,2.4326189,-0.19937526
132328.72,-1.1991856,2.7405798,-0.017168948
116255.23,-0.7508838,1.5142968,-0.10098435
128867.266,-3.8145068,1.0967456,-0.025115864
121342.03,-2.3277855,2.0712721,-0.060603425
125453.01,-0.21018992,0.9754768,-0.2384456
124000.88,-3.4237137,0.5910399,-0.124666564
123528.17,-0.51720685,2.866615,-0.14349712
133517.1,0.5141437,0.7793505,-0.60803944
122675.336,-2.5504084,1.699665,-0.21659009
125037.06,-2.7353036,2.9102464,0.12700611
124157.44,-2.443294,2.5579102,0.43315545
116308.3,-3.483586,2.5306938,0.2658459
121608.82,-0.9116651,2.450788,-0.00056708336
115791.766,-1.62597,2.7678092,0.110793434
133203.86,-3.9025242,0.37699217,0.023277238
131154.95,-0.6896262,0.98427415,-0.10703066
132359.28,-3.3149257,2.6551106,-0.21185288
118802.516,-2.8934379,2.754293,-0.013004178
123415.766,2.9208632,0.009912532,0.07840919
122770.54,-2.822152,2.9024947,-0.68000627
116911.66,-0.27081448,1.5676401,0.7234247
119534.164,-1.2585541,1.7025245,-0.12783693
134558.94,-3.7630892,3.1295812,0.05360413
127984.055,-0.39324212,1.7873464,-0.84120846
129967.82,0.8150027,1.9468352,-0.4909938
126096.6,-1.9324645,2.3666873,0.024885813
125882.97,0.5907049,1.1349498,-0.059602164
133977.6,-1.6903675,1.991385,0.12112013
122214.93,-1.8238492,0.37385264,0.02876272
124896.77,-2.93234,2.1136854,0.63218117
121633.7,-3.6818345,2.8244703,-0.023402695
131814.56,-0.4850663,0.39504397,-0.60793334
122128.52,-3.5795207,0.8458225,-0.16937585
132280.86,3.449572,2.170114,0.1723263
130400.02,-0.61484253,2.8400354,0.17486045
124975.65,-2.4129918,0.9355357,-0.30196938
120938.39,-0.64238596,1.4672283,0.21686335
123077.945,-0.87589175,1.7429429,-0.22855964
120134.16,-1.9739407,2.6674695,0.19894555
115691.27,-2.7140763,1.956086,0.4859845
121302.914,-3.0183794,2.8191679,0.3443704
122758.21,-4.099068,2.361403,0.058800556
129936.625,-3.3843205,2.8257225,0.09876876
123461.79,-2.7955613,2.4326818,0.25072148
127394.82,-2.4859743,2.644909,0.24115407
124470.68,-1.2678496,1.3543704,0.46664765
134757.4,-1.8356433,3.0480356,0.040614553
118036.016,-1.3922158,0.77625185,0.013834391
119299.875,-3.5584092,3.0340319,0.56487495
133032.34,-0.5155671,1.761074,0.2608348
129712.47,3.8963933,1.1327935,0.92773324
123429.94,-2.9812348,0.48654363,-0.0050954064
128227.945,-3.0146987,1.3449602,0.26990816
117835.7,-1.9797868,1.4305183,0.07012673
115285.16,0.042997565,0.27530107,0.15870439
118132.945,-2.232137,2.5726268,-0.1321805
133631.72,-3.1967456,2.6863866,-0.019791896
131902.56,-3.9308703,0.17408228,0.027585642
126750.79,-2.9545794,3.0446014,-0.57994395
133866.19,-4.344435,0.3644555,0.015110403
123898.3,-2.5082786,1.8551406,-0.19359416
115646.0,-0.5337517,0.55829686,-0.077739
117416.74,-1.8922741,2.9379165,0.07228838
122218.76,0.18049327,2.3096757,-0.17993589
116547.7,-1.3396353,1.6826891,-1.8473595
115121.53,-3.8575146,0.4264282,-0.08511913
132918.98,-2.0328274,2.8235517,-0.13918336
118100.43,-3.0811431,2.059659,0.012010666
119543.945,5.0591545,1.8786954,-0.1121356
118958.51,-2.629198,2.6816492,0.23876475
122205.19,-1.169947,2.5167823,-0.24404909
131575.61,-2.769996,0.5037131,-0.09390281
130014.445,-0.35939437,1.3007109,-0.22260034
122851.19,0.49078825,0.15566699,-0.08768486
122654.25,0.84928817,2.3023477,0.05804365
128553.97,-2.720274,2.777463,0.087131485
124917.52,-2.8226526,2.1708727,-0.21544908
116171.45,-3.4019933,2.7256854,-0.011246608
125627.984,-2.5237024,2.9836855,-0.019423574
120615.18,-2.7226074,2.35208,0.32338265
121215.26,-2.592625,2.8411946,-0.04962948
119214.14,1.103379,1.2773739,-0.30205995
123958.266,-2.604316,3.019515,0.10890474
116092.1,-1.7285403,2.9661698,-0.046112254
129839.64,-2.953565,2.3690603,-0.19947001
125514.24,-2.6761105,2.9274707,0.17473231
128029.2,-3.1092944,1.0749311,1.1322773
134984.16,1.1432239,2.3342237,0.21721677
119193.21,0.8977301,2.6773589,-1.7216935
121013.43,-3.0237966,2.019104,-0.8396997
124734.57,-1.3798972,3.0210414,0.14501034
120946.914,-1.6578516,2.8120134,-0.050763648
131904.47,-0.13074847,2.77419,-0.06439004
131241.7,-3.236036,0.18320929,-0.067984745
121018.98,-1.9081639,3.0351279,0.028449826
122760.22,-1.5295184,2.952692,-0.04853495
125856.53,0.14592777,0.7603507,0.2874511
116817.38,-1.1543227,2.0946898,-0.6605431
125077.87,0.9057788,3.0507045,-0.03391534
124455.51,-3.2759604,1.8916248,-0.28403428
117702.15,-2.2675698,1.5294801,-0.11036551
133812.83,-1.7177714,1.9823982,-0.33987516
126713.24,-2.0520997,2.525214,-0.14240736
128685.76,-1.9267284,3.0457692,0.058812477
115636.96,-3.3794434,2.27342,-0.3108943
122555.27,-0.9721085,1.2118258,-0.0020719552
129122.0,-3.1345088,1.8377339,-0.15906644
128730.945,-2.6413994,0.9650208,-0.04433859
121091.16,0.7157411,2.7975984,-0.18940972
124217.3,0.4864708,1.5633503,0.92658657
117586.01,-2.0342085,1.3535522,-0.024464449
125568.625,-2.0428755,1.657132,0.17939651
124242.03,1.3422658,0.85980046,0.35176483
119363.97,-2.931223,3.020589,-0.728456
133535.22,-2.4768448,1.0188783,-0.03398388
120453.414,2.457147,2.476639,-0.04462049
126345.3,-3.6000183,2.4092124,-0.32527164
117494.945,-2.1178062,2.769974,0.54146093
118731.69,-2.5847805,1.8861718,0.21787535
133894.33,-1.7316836,1.0095826,-0.3308495
129359.266,-1.9258764,2.8022053,-0.21387924
125033.875,1.8645984,1.7122066,0.3616201
121444.89,-0.4259902,1.659045,-0.41428792
134454.03,0.15781318,2.0877802,-0.4995829
123084.016,-3.3071556,3.1025026,0.033481758
119322.33,-1.970472,1.764323,-0.21662168
123074.31,-0.5563629,2.3078303,0.17742379
124031.15,-2.2491279,2.200248,-0.10692308
119758.19,-2.2154095,2.5344114,0.13811654
132031.47,0.06844874,2.5563245,0.12781845
120726.53,-1.978383,1.7555758,0.16021521
121094.836,-3.795665,2.7229133,-0.07242933
127792.836,-3.1575916,2.2147238,-0.07572009
118955.2,-2.5102339,0.056741964,0.32846108
131671.52,-3.7166674,3.0348709,0.22744514
127132.89,-2.778025,2.7400355,-0.23264633
131049.016,-1.7698796,3.0513134,-0.013957463
133284.17,-0.8733686,3.0545998,0.03761077
121135.59,-0.5308081,2.9594104,0.020164985
123216.27,-2.466911,1.7932215,0.003371211
122949.11,-0.6961255,0.4795898,-0.019102635
127291.5,-2.5971699,0.23212336,-0.008164451
115027.234,-3.9082575,1.8246858,0.025941309
115133.5,-2.184464,1.9552054,-0.081124514
130774.664,2.2425723,0.28674304,0.058993656
118922.586,-2.0360377,1.7638569,0.0036739733
134533.61,-3.6025434,1.4514133,0.03022468
123303.586,-3.7166028,0.20401321,-0.27259248
128069.76,-2.9725685,2.723441,-0.20020367
126362.13,-1.410262,3.1163833,0.074519165
118125.89,-3.331319,2.9172583,0.108264655
126245.25,-1.9167262,0.7870696,-0.06640359
132229.34,-0.69151187,3.0202577,0.12726776
116330.64,-2.396469,2.3228288,0.12688692
115589.49,-1.5457044,3.071827,0.3549516
117278.53,-0.7045059,2.508198,0.2758591
123387.43,-3.3759153,2.9931867,-0.57545704
119451.65,3.0121787,1.9421422,0.18842754
118127.02,-1.8939197,1.1480852,-2.5712128
119471.77,-3.3253574,0.17819756,-0.08251466
120495.1,-1.2431816,1.313792,-0.056573346
122832.31,0.24216412,1.1461743,-0.70252514
121044.836,-2.9368591,2.6892924,0.057261713
117626.52,-3.205027,1.2051208,0.018732823
117879.07,-1.4817075,2.4476235,0.3980362
128299.0,0.2463397,2.4349713,0.14855647
116490.65,0.5226684,1.4542168,0.33577147
132759.05,-1.02309,0.57768893,0.18250221
127408.62,0.52804047,2.937831,0.07210661
131007.02,-2.9118938,2.5582783,0.7145909
121455.234,-0.17616135,3.1226034,0.0876929
130585.766,-1.1760939,2.346773,0.037735928
129987.19,-3.868506,1.3485626,-0.17994095
122976.2,-2.1390488,3.1084323,-0.06309168
129486.11,-2.9158366,2.7441347,0.023107978
121907.57,-3.2422945,3.0640244,0.019353248
128563.516,-2.2983446,3.0816243,0.1493861
116374.44,-0.5856749,1.2986223,0.23086016
115814.16,-1.5287572,0.2982186,-0.039727423
126057.08,-0.27325425,1.6851081,-0.037458792
117711.81,-1.3464338,1.895699,0.039052468
115361.16,-2.305256,2.4430876,-0.5918786
123372.26,-3.177016,0.38623378,-0.058891743
126123.48,1.2513753,3.112062,-0.1067127
132775.9,-2.6192825,2.3924983,-0.12091154
119041.914,-2.8085105,1.2122623,-0.17229918
115869.3,1.0506542,0.29332268,-0.054810114
117099.1,0.31425735,2.091619,0.05290563
132183.69,-3.1507518,2.548735,-0.07392795
126840.88,-2.2601676,1.5993515,0.5401891
119036.33,0.3609225,1.3558611,-0.28203323
125242.04,-1.3315217,1.9400221,0.23340741
124738.65,-1.4510044,0.5277881,0.026179705
127146.09,-1.6681988,2.541966,-0.1316733
118358.55,-1.0113641,0.8473671,0.026785228
116694.05,0.2098121,2.9175127,-0.07695587
128311.19,-1.7583895,2.329895,0.021955336
117707.1,-3.9657779,1.5278784,0.18793584
127945.65,-2.8422003,2.6699502,-0.008395695
126386.49,-3.4574845,2.3756495,-0.24283566
132883.28,-2.2395391,1.5709436,0.052426457
123500.81,3.07786,2.7741723,-0.0493741
124877.04,-2.1649077,2.5712814,-0.33824483
126962.83,-0.7654353,0.43973267,0.10399797
125000.25,-2.0944521,0.8630402,0.19899024
124191.95,-2.1163983,2.8501883,-0.62013024
121233.234,-2.9247127,1.6977334,0.75144273
127052.625,-1.6197073,3.169433,-0.17452282
130761.625,-3.0089734,1.7796167,0.081688315
118258.59,-1.1817873,2.407909,-0.3005363
120893.11,-3.5748959,1.767205,-0.053148795
130209.38,-3.273685,2.6549633,-0.32855463
118249.02,0.62114686,2.3466175,0.2555615
126278.22,-2.868486,1.3236426,-0.22526889
123193.97,0.63574964,1.9702926,-0.30091625
129839.53,-2.544347,2.507534,-0.09054888
126993.414,-1.4089622,1.7999089,0.028082697
133339.4,-2.0223362,2.7654197,-0.0823448
125978.81,1.3396869,2.5210757,0.25853193
130312.375,-0.588457,1.2699426,-1.1650127
133943.06,1.3877907,2.470229,0.117029265
116547.86,-0.94217867,0.8645509,0.082997106
130209.3,-3.128588,0.61550504,-0.185967
131885.7,-0.822956,1.8706177,-0.25123045
115106.805,-2.8825183,2.6647253,-0.04552461
119860.89,-1.9508529,2.1075227,-0.14735019
121330.36,-1.0357761,2.2345486,-0.575325
121511.48,-3.000328,2.602818,0.42097464
128274.72,-0.19851425,2.2061927,-0.48955297
124128.35,-2.02017,0.5000654,-0.095320076
123096.84,-2.6340485,2.976631,-0.02677897
127280.34,1.3823118,2.618411,0.030438045
130635.31,-2.227848,2.8987803,-0.33417153
131828.7,2.0378907,3.0932212,0.12347071
117966.01,-2.4498448,2.5585961,-0.08236417
132447.62,-1.482576,2.0519881,0.05137096
119450.3,-0.33527258,2.741399,-0.12780713
125191.05,-3.9334738,1.4223478,-0.19139735
133864.1,-2.751773,1.7901912,0.14277837
121701.484,-0.42354217,2.249223,-1.3866545
125444.69,-1.5761973,1.407747,-0.2898398
133820.1,2.3626127,1.8633739,-0.27473924
115184.055,-1.8693901,1.5839396,0.02944453
125975.14,-3.0341768,2.8823295,-0.10959251
127332.93,-3.872729,1.7234493,0.027293012
134717.98,-2.3220525,1.2344072,-0.29282898
115770.69,-3.6036062,2.9680302,-0.009679455
128564.94,-1.3619483,0.9909462,-0.11116801
125466.46,-2.6408584,0.28486782,-0.04401765
121163.85,-3.305631,3.0587797,0.22860791
126209.61,-2.6808574,3.0183284,-0.021943117
123314.05,-2.4098678,2.633382,-0.09839299
120919.26,-1.0283828,1.7600281,0.36749595
120736.88,-2.6529381,2.805729,-0.002679864
117002.24,-1.7700136,2.909236,0.11639096
118927.39,-2.56944,2.9828806,-0.04809451
133273.27,-3.6812105,0.7809059,-0.080418564
118894.79,3.8906212,0.7629261,0.32616174
116972.37,-3.8629265,1.993678,0.017835265
117149.734,0.6235522,2.7886455,0.03400206
124082.22,-1.7900552,3.0144832,-0.029402215
118756.06,-1.2532758,2.5594163,0.0016327115
116755.84,-3.8996441,1.5823187,0.06765397
134388.66,-3.5591223,2.8459153,-0.100200325
132332.02,-0.69703025,3.1308973,0.0016690667
124837.516,-3.843588,1.0866523,0.16023965
121500.11,1.0718054,1.2679712,0.30503514
118273.06,0.36748788,1.3797024,0.78845483
130420.14,-1.8867037,3.0497544,0.04961935
127962.62,-3.2095652,2.3543658,-0.016859034
116328.266,-0.9407039,1.3218969,-0.07802746
120869.06,-0.098221846,2.809988,0.02537333
119852.46,-3.0179875,2.981912,-0.062308546
118446.35,-0.3192936,2.6032917,0.0415586
118082.09,-2.8736644,3.024223,-0.19178444
132986.16,1.3964869,2.8964243,0.106041014
128527.95,-1.6975504,2.637383,-0.067164965
118323.49,-2.2675142,1.6308695,-0.030191304
122642.44,-3.5100546,2.8424242,-0.50016606
133923.98,-0.25904927,2.86191,-0.17477193
124865.29,-2.0894465,2.5619123,0.54408866
125370.06,-2.7797458,1.4333202,-0.6428455
131470.16,-1.3372489,0.16497271,-0.11071476
125884.53,-1.3547742,2.3520205,0.0657033
119037.08,0.14967282,2.713375,0.30363753
124079.7,-2.9589906,2.0829053,0.10974985
125924.625,-2.2890117,0.8975908,-0.7545698
126674.02,-1.8976189,2.376105,-0.0987178
119578.69,-1.5130934,0.30512473,0.06960643
121297.12,-2.8162506,1.6362469,-0.3887522
134389.12,-1.4724643,1.0739725,0.18483491
122137.64,-1.0573858,2.7324085,1.296763
120437.85,-1.6169167,1.3395945,-2.4070375
132899.53,-1.6396432,2.2671697,-0.10785759
130782.914,-3.4367306,0.79250735,-0.23233493
132598.5,-3.6138384,1.652831,0.24220182
127702.164,1.1736962,2.528141,0.09656658
124117.72,-1.9596052,3.0174966,0.0752868
129490.75,-1.0379546,2.4824836,0.16034395
134489.4,-0.9164523,3.002559,-0.00039245866
134898.61,-2.9270697,2.8599784,-0.06907421
130576.71,-0.96788365,0.8831812,0.14190465
126410.79,-1.4551504,2.1942708,0.33243275
117940.92,-1.7706397,2.7314372,0.0073101013
128276.81,-0.8341127,3.0507553,0.04362251
116760.19,-3.2727764,2.8454452,0.14907618
130705.016,-1.2619475,1.5872829,-0.49464422
130714.19,-3.3190935,0.23107211,-0.09488679
117685.586,0.46940207,1.7083493,-1.1427348
121922.74,-1.0222008,2.9485774,-0.01119267
124767.6,-2.4013531,2.6353242,-0.26835948
130637.56,-1.7122431,2.4363823,-0.24877378
131419.47,-1.2932212,1.8052354,-0.14927912
116160.11,-2.1229281,1.1470168,0.11824031
132807.94,-0.55185914,2.7021835,0.21609929
116397.14,-2.2169476,3.1247911,0.1793983
117546.82,0.58567387,0.7132898,0.10308849
119047.75,-2.07689,1.014418,-0.064406134
124846.0,-1.1813978,0.99431115,-0.46356133
130597.1,0.07754722,2.0080438,0.38105172
117697.336,1.3552616,1.0669059,0.10948107
129799.88,0.77082247,2.9909105,0.035397865
116150.2,0.65203655,2.2054281,0.16974805
128965.56,-1.9870013,2.8678336,0.007159316
120222.64,0.43817353,0.16138357,0.11459882
127377.35,-3.177885,1.6451967,0.87149215
123910.51,1.4554311,2.5788984,0.3095134
120195.484,-0.7927986,2.260596,-0.033648636
116503.83,-2.463742,2.4795895,0.09240837
131302.12,-0.89328283,1.5111728,-0.42588142
116691.195,-1.6464823,2.5639524,0.09693193
121124.52,-1.0636413,2.7771058,-0.36079705
117848.12,-1.2590597,2.9983778,0.10722167
132761.14,-0.0804509,2.9653459,0.039069153
116942.37,-3.0933108,2.8745558,0.06227398
131526.77,2.6320426,0.5857287,0.6306238
116478.95,-2.8547442,0.7813409,0.11674677
119795.52,-0.26374108,1.1143775,-1.3475367
127546.43,-2.161598,0.8871297,-0.14927286
127489.12,-1.5356525,2.9831226,0.0028425688
128235.04,-0.6213235,0.67849153,0.011180453
115231.97,1.552483,2.441868,0.048290294
116535.2,-2.0329866,2.133242,-0.035779297
131893.86,-2.5049496,0.9999065,0.13673444
124240.78,-2.9121447,2.8664367,0.042963345
115055.4,-1.8167654,1.218359,-0.2984572
128151.586,-1.1413624,2.983239,0.020478474
128785.66,-3.8958073,2.4743054,0.70310086
130417.24,1.6650758,2.7298887,0.03658388
120563.67,-2.6492076,3.0702355,-0.009003902
117115.12,-2.9359038,0.6319538,0.08765655
116536.164,-3.2576344,1.3138971,-0.18704008
127070.02,-3.209539,1.2998458,0.34274632
125786.3,-2.247263,2.9708443,0.040706336
122816.66,-0.009560678,2.3016944,-0.206441
128695.445,-0.62414694,2.853342,0.08579587
121488.805,-1.2883544,3.1644795,-0.05963822
134839.38,-2.3370035,0.14554511,-0.010090091
120405.89,-2.992258,0.6201451,0.027110638
125587.625,-1.9282128,3.0282683,0.06500242
116679.09,-2.7527697,3.0067594,0.0266112
129867.87,-3.3517213,1.9372553,0.10067235
134721.06,-0.5049016,3.074809,-0.10856086
123569.86,-4.228136,0.7068825,-0.15597832
128418.21,-1.3353671,3.0156534,-0.12680647
125588.87,-1.2199663,3.0540352,0.013215159
130885.195,-1.1503841,3.036044,-0.11545436
117423.375,0.90494883,0.725968,-0.23435831
133761.56,-3.0018497,3.090091,-0.15534627
132743.61,0.43883547,0.9589634,0.21149349
126151.914,1.4703652,2.359936,-0.31101647
117782.42,-2.0509534,2.4272804,-0.09685087
131213.08,-3.2326558,2.6411037,0.09276775
117227.02,-2.8602362,2.9891427,0.035550438
123785.67,-0.1629703,1.9677973,-0.13257444
117876.55,-3.2612023,0.37431443,-0.0039800135
116166.15,-0.98425215,2.737501,-0.010584762
121408.5,-3.5308821,0.10465896,-0.22012371
131872.92,-1.2994108,1.0931169,-0.30525297
133046.06,-2.6165178,3.102132,-0.07872357
120766.79,-3.87912,0.09661584,-0.06422465
129275.07,-3.9060209,2.5562184,-0.09293909
131286.83,-0.00036472472,2.1383398,0.13861062
121558.71,-2.9444897,2.4102154,0.112759
130594.82,-3.3982513,1.892448,0.11006394
118462.1,-0.18064137,1.9756025,0.46845648
120064.18,-2.8234143,2.9667728,0.050552666
123439.09,-1.7096032,3.0522482,-0.11696162
115202.34,-2.6232324,1.5965557,0.06307797
132292.64,-0.7584986,0.30403298,0.5180004
126568.7,-3.32749,3.0895407,-0.15213032
117216.84,-2.3178294,2.9934287,0.1706325
118764.72,-0.38853756,3.0810635,-0.052928578
126267.586,0.0837503,2.5533323,1.3697537
134561.2,-1.1715695,2.6323786,0.025700528
118627.68,0.3185793,0.47516698,-0.037859894
121585.44,-0.16982155,1.5108505,-0.08213084
115487.12,-1.1969849,3.0595033,-0.11228698
120962.17,-2.9387643,2.8418458,0.2480145
120484.7,-3.0230584,0.352072,-0.33276471
129318.96,-0.3769666,2.458307,0.82311034
119990.484,-0.48658305,2.5678236,0.37944016
124946.79,-2.1208408,2.7981303,0.097085096
134333.14,-2.323878,1.4640238,0.45454967
121070.0,-1.1721622,1.9549552,0.0816162
124137.47,0.50928897,2.912292,-0.050059784
121660.81,1.3941435,0.14252444,0.14851595
130076.97,-2.2489061,0.6440993,-0.011788064
117172.42,-3.2130222,2.9336622,-0.1358342
128778.375,-3.617908,2.6567454,0.10082194
130352.66,-3.206453,2.6474366,-0.358858
131624.34,-2.9711316,3.090166,0.05067544
130121.46,-3.2917917,0.13262616,-0.029649552
116499.76,-1.3042328,2.704595,-0.06634428
120090.07,-3.2909923,3.167721,0.040783815
125095.22,-1.9606812,2.1188812,-0.070419066
132444.53,-3.5820808,2.6571436,0.08014172
115743.51,-1.1199841,0.24266933,-0.078580834
130890.24,-2.28085,1.7198998,0.05671579
118086.82,-0.3307144,0.45896593,0.02186117
131683.58,-0.3903033,2.3982663,-0.09389149
130959.2,-3.5628383,2.7734823,-0.069069445
132404.16,-2.5918217,1.4145527,0.644986
129907.91,-4.479307,0.82972145,-0.23752926
121672.55,-2.043236,0.7701249,0.24530752
131781.2,-0.8067807,0.6129693,-0.7314291
121699.57,-1.9254296,2.4202049,0.26223123
131683.0,1.0855113,0.27982172,0.034146883
128850.836,1.034755,0.12902726,0.05688803
122535.13,-2.086652,2.5289147,-0.5034136
122733.28,-1.2488701,1.2841651,0.07097363
131463.8,-2.4818804,0.93203074,-0.4039842
115756.08,0.6370866,2.7713392,0.035834722
121208.414,-3.0242274,3.015068,-0.2354439
121406.21,-1.7889376,1.6580012,0.48603278
123116.42,-3.3884902,2.8100672,0.0066974247
122153.61,0.36178797,3.157759,-0.15801392
126392.08,-4.0391164,2.1331594,0.077561095
124008.75,-4.00417,2.7037926,-0.015654244
129192.13,-2.0088568,0.2799668,0.034151055
126996.02,-1.2959038,2.4743123,-0.31032664
122842.03,-1.114522,0.80633837,-0.24016204
133155.77,-0.23150651,0.7562468,-0.024187611
127539.97,-2.021231,2.4625757,0.40393412
131161.38,-0.88899565,3.095469,0.7253992
115459.8,0.81166124,2.3561146,0.21589309
118227.47,-3.056838,1.3905965,-0.10396399
134509.89,-1.7281414,0.41224408,0.02140941
124752.61,-1.7805014,2.2713754,-0.39676437
129174.74,-2.3495321,2.9221952,0.040324904
125569.28,-0.19876601,2.9424748,0.54086256
115265.99,-0.6389722,2.6589122,0.04360344
122386.34,-3.2411423,1.1889563,-0.04342285
120026.3,0.26281118,2.3640435,0.27031878
120617.38,1.6597258,2.1240063,0.039802816
123657.11,-2.5055218,2.8673654,-0.117603794
115098.09,-3.464973,2.7531705,-0.41996235
123340.91,-0.48037103,1.4281056,-0.44312248
118801.49,-2.6139016,0.06406656,0.00021336401
122682.266,-2.6986663,3.1078265,0.9630682
128853.96,-1.5415642,1.0500402,-0.536322
118633.38,-3.9546788,2.2301629,0.263183
119430.8,-2.4300625,1.8968208,-0.07759864
121045.086,-2.5761654,3.0113347,0.12905632
120764.9,-1.6431121,0.6421435,-0.050713286
115436.75,-3.0597353,0.89270496,0.05245864
131414.19,0.14044382,2.9866123,0.09038856
133025.75,-1.984514,1.518485,0.045455176
120556.26,0.7925902,2.8751473,-0.053463776
115171.7,2.8918238,0.60564935,-0.1469786
131199.08,-0.3387063,1.5661769,0.15004884
126061.89,0.63076955,2.1791852,-0.32119983
127501.12,-2.814383,2.7200527,-0.25439158
117583.33,-0.6953206,2.5584962,0.10550403
119214.1,-0.5147881,1.4044144,-0.035522424
118748.12,-2.008102,0.50435376,0.062214978
117205.75,-2.445989,2.9335508,0.05275842
124528.41,-2.8223083,2.7631693,0.10423517
128560.58,-3.1109817,1.9382627,0.5442513
116755.83,-2.690236,1.9476829,0.05111111
118309.83,-0.6247989,2.7877557,0.051546182
119981.55,-3.9906077,3.0128415,-0.0938152
130450.0,-1.1983514,2.6428905,0.007296989
118942.195,0.5608753,3.0188704,-0.10533805
130197.26,-1.7244054,2.8828797,-0.0436833
131222.0,-1.7672904,2.1740894,0.1559819
134295.66,1.106407,1.6602715,0.1997269
123923.984,-2.937516,1.3864636,-0.04343507
128375.75,-2.402586,2.799358,0.015587194
123698.52,-3.2040505,2.6169748,0.2374351
116549.27,-3.1549,2.9268215,-0.012008281
124781.766,-2.1528354,1.211276,0.12553582
115187.766,-1.6514994,2.9084094,0.12883937
125269.79,-1.895886,0.10329781,-0.06596196
118452.72,-2.4381857,2.9428391,0.0010492384
134424.25,-2.0578241,2.4922776,-0.058554713
128179.46,-1.0136226,0.79002523,0.6155984
119569.72,-3.216723,1.4096797,-0.013656489
128828.2,-1.7090648,1.5150275,0.083112136
125949.305,0.8622888,0.33789194,0.16093814
129202.48,-3.3193867,2.777053,-0.6800501
124925.36,-2.7542844,2.8610334,-0.058015343
118476.02,-0.4400409,1.0172584,0.22963242
120846.586,-0.21231008,1.24975,0.2083282
128852.82,0.8832913,1.888254,0.17827845
118961.78,-3.5981522,2.370806,0.22922416
127847.97,-2.1493013,2.9557955,0.023635428
123246.2,-4.60408,0.09578532,0.061933074
129448.61,-2.276957,2.6323059,-0.0057992693
122343.63,-1.5051239,0.753836,0.011063043
132751.38,-2.3649566,0.56243396,0.050524656
132805.77,-3.7295508,2.3988333,0.28432095
129346.664,-0.6519907,1.1492634,1.0223817
117678.65,-2.1907878,2.877934,0.122203045
115529.57,-2.15953,1.8980832,0.15052503
117242.86,-3.478906,0.3148439,0.007701666
124549.98,-1.4413569,2.4488885,0.15469755
129675.54,0.12955098,2.926225,0.009679157
120134.16,-3.7036335,2.8088176,-0.07285517
119429.52,-2.1619813,0.21591583,-0.014411606
122259.17,-2.6933973,0.597269,-0.058399457
134447.2,-0.07271867,1.0062822,0.13887225
132690.64,-2.9160364,2.7946951,-0.0758366
127829.586,0.33994892,2.3610013,0.85834044
121249.195,-2.0400786,2.8261142,0.014978094
125728.04,-0.9661038,1.9284006,0.5014534
130726.34,-2.2190104,1.7090883,0.114611335
125949.87,-3.2353375,2.9349675,-0.018093029
115820.45,-3.909189,2.2098358,0.06905335
119090.484,-1.1092081,0.49230814,0.042369146
117840.91,-2.5997818,1.093626,-0.08573598
129964.54,-1.8120964,2.574614,0.27805352
118047.42,-1.5527413,2.1424246,-0.21623845
121518.625,-1.3087717,2.3409755,0.22948521
132861.77,-2.0921397,2.3981056,0.3414
117931.68,-0.5358157,3.0087628,0.2660193
123388.016,-2.4808538,1.5051093,-0.14120585
134393.69,-2.8001738,1.8132048,-0.7618809
116688.55,-3.0215054,2.938332,-0.02911316
129852.086,-1.3755308,2.0293417,-1.4977334
123949.26,-4.079872,2.0401561,-0.2128321
123706.72,-1.0188962,0.3859789,-0.21627332
126767.55,-3.6675065,2.6736221,-0.3688721
121082.11,-2.926635,2.9203894,0.11624256
122762.85,2.412588,2.6827934,-0.05969126
115140.18,0.12186111,3.163292,0.07100164
119288.61,-2.34029,2.955687,0.22077781
118011.74,-1.9502492,1.951706,0.27117047
126324.58,-3.9696708,0.9915545,0.048853505
123397.97,-0.56295,2.2103004,0.4308311
125607.414,-3.2653239,2.075451,0.11846977
117717.21,-3.8750024,2.9859717,-0.18163535
125967.16,-1.5586344,0.89238846,0.12427649
117600.81,-0.5138045,1.3681661,0.3611928
134356.19,-0.75393075,0.70651764,-0.2678952
126190.16,-1.5775405,2.7582986,0.06795971
133829.97,-4.6125703,0.6048921,0.07457281
126593.445,1.3369606,2.931589,-0.1355082
125643.35,-2.0015988,1.1513892,-0.09851517
119284.65,-0.7470936,2.4635735,0.15279217
130625.44,-2.8123863,2.099975,0.2559483
119799.89,-2.3631585,3.0562527,-0.40668908
120563.72,-2.7581234,0.40999964,-0.023368424
134551.6,0.6192058,3.1942098,-0.24015012
132942.73,-2.0020192,2.0701337,-0.23423256
123218.03,-3.690399,2.9313667,-0.028317219
115145.15,2.4139786,2.0770624,-0.1931424
130387.11,0.11383682,0.5985046,0.25337303
123281.03,-3.6387434,0.88037527,-0.12347339
133444.05,-2.0011663,0.18435693,-0.009255409
127123.72,1.1157267,1.900111,-0.08861192
130704.04,-2.214261,2.6185386,-0.029018696
122430.57,-0.658688,2.0065517,-0.3224529
128806.28,-2.5169895,1.5724446,-0.0020570555
118586.58,1.0062872,1.699297,0.147973
116171.164,1.2832631,1.933519,-0.16705507
129999.8,-0.09870574,2.3276331,-0.51100796
131630.05,-0.68040067,1.434686,-0.7208199
118688.734,-2.836765,0.85226303,0.05065041
130947.71,-0.61862236,1.7992967,0.25999746
128003.92,-3.229382,2.918213,0.10922062
116117.65,-3.5338821,2.2184267,0.03130938
121118.664,-2.6696334,3.0801096,0.3379045
125080.49,-0.8217637,2.1451325,0.070252486
124592.2,-2.7222083,2.1240573,-0.04843333
132691.22,-1.7254806,2.2311506,-0.285074
123216.81,-2.2011914,1.9231093,-0.10314779
134715.62,2.0622365,0.13762644,-0.14457259
131168.5,-2.0528495,2.9987867,-0.014429486
124750.83,-2.4128428,2.7614722,0.100460775
128465.76,-1.050827,1.5555388,-0.2359657
122192.555,-0.8706616,2.6971176,0.25159937
118809.5,-1.8950204,2.104072,0.22859837
117452.56,-2.608661,2.5724556,-0.04663106
129985.12,1.2085947,1.8318899,-0.062219746
128942.42,-2.985892,2.1746967,-0.3322581
122520.48,-1.8709079,2.100173,0.046073217
132723.48,0.80887365,1.9451319,0.3138814
118030.77,-0.5877382,1.7027273,-0.14970495
132797.67,-3.5755904,2.6270893,-0.0072624222
129873.04,-1.0972449,3.0814188,0.013187743
123141.05,-2.1881437,0.83500874,0.5727658
126644.555,-3.2885096,1.7754898,-0.118801735
130020.555,-1.304841,2.58568,-0.31348208
125671.18,-2.2189686,2.939906,-0.15929888
119549.125,-2.3812342,1.973405,0.14577262
134206.16,-0.7473185,2.9532526,-0.15916687
130705.75,-3.4131896,2.4386747,-0.23662753
120760.375,-2.598396,2.9863114,0.0635631
115749.72,-2.8417346,2.230785,-0.01682566
125412.47,-2.9472065,2.312641,0.27753145
125358.56,-0.21871188,0.76540947,0.14908095
120341.3,-2.1434748,3.1029904,0.13884006
119070.86,-1.7478366,3.1140044,-0.014514713
123587.32,-1.4924673,1.4871019,-0.20879605
117228.24,-3.0555277,1.2065398,0.21197028
133856.06,-0.37986922,1.9837562,-0.10866426
115843.234,-2.0805998,2.648952,-0.079953395
122889.44,-4.2318516,2.8792245,0.03704458
125405.3,-2.9766152,0.13461041,-0.005714341
115554.01,-2.814128,2.2008448,0.15025802
123433.625,-1.2576704,2.6440387,0.12001874
124854.44,-3.699209,2.8776832,-0.3316666
123570.055,-0.48569828,2.2392566,0.17346166
123399.49,-1.9750463,0.0626714,-0.1448831
123558.54,-0.22273865,0.2132266,-0.25796303
130071.7,0.66641265,2.6598597,-0.047106363
120488.68,-0.16313528,2.9121733,0.02708382
133373.69,0.41041863,2.0497732,-0.7912306
122507.76,-2.0513258,1.9539098,-0.059310723
116186.164,-1.1461576,2.7170472,-0.028993368
124031.016,-2.0444815,2.7613828,-0.01746307
119619.664,-3.0447547,0.81544703,-0.13894974
116091.266,-2.3161674,2.8127618,-0.10545039
117267.46,-1.1790751,0.68768764,-0.14726557
134651.81,-1.6576425,2.3763056,0.023586556
131153.45,-3.5676215,1.701057,0.019211998
117833.6,-0.804759,1.8649721,0.45051542
131197.08,1.0067335,0.38933346,0.13214593
128215.92,-3.9065585,2.3405855,0.78494084
124628.984,-3.4666796,2.5417187,-0.0066554076
115123.414,-1.8640133,2.9220996,-0.0017709809
125392.83,-3.3792224,2.2207327,-0.061407413
120456.12,-0.44542047,3.173762,-0.16011925
133091.05,-2.2892058,2.5779757,-0.039643984
121390.33,-4.0957932,2.5663042,0.1099805
132542.48,-3.5054722,2.2687187,0.14975978
119215.164,-2.2584403,3.1728847,0.037567858
125644.31,-2.469723,2.0045614,0.13902244
128035.04,-2.0181828,2.4884975,-0.3139112
128311.12,-2.29826,1.0168267,0.021294383
134508.53,-3.2080758,2.4234724,0.06446484
119556.25,0.07902679,1.8850565,0.12819274
125020.17,-2.5663915,1.6059582,-0.07487915
115691.27,-0.027737675,0.38228166,-0.10339036
124834.29,-1.6040207,2.2996063,-0.10901709
119849.77,-2.241182,3.1360843,-0.4445588
116836.125,-2.4897099,2.9752233,0.0274879
126724.89,-1.393546,0.81157905,-0.79825824
126499.28,-4.2190638,1.8266194,-0.16162235
125188.5,-1.4335358,2.651046,-0.055612314
116639.4,-2.7766852,0.22817978,-0.095902056
124716.875,-0.31383926,2.9524455,-1.2641124
117725.21,-0.32635456,0.6340162,0.30394208
125484.945,-3.3213046,2.0404508,0.16538303
121541.93,1.2536305,2.93317,0.18177511
123818.82,-4.025022,2.5253792,0.42090908
124917.49,-0.7005284,0.523466,0.056085233
132634.36,-2.5156415,0.17389227,-0.0011279089
131809.6,-3.7475433,0.11256339,-0.049256094
124042.53,-1.4654635,2.625756,0.123122655
115806.94,0.06701705,3.053313,-0.14786752
132644.33,-3.2340543,1.7022573,-0.5028117
117501.15,-0.19702367,1.539881,0.33761844
127908.445,-3.6949859,2.4062028,0.66100734
115407.62,-0.67584455,2.4277825,0.15263483
121026.03,2.5225391,1.7956761,0.20605986
117698.766,1.9055007,3.0730321,0.03648554
115472.56,-0.023569688,1.3328618,-0.020843219
117537.43,-1.3132703,2.0745425,-0.028518662
118231.65,-2.5888155,2.1911175,0.29233342
134340.44,0.53738344,2.7921412,0.12112073
129126.84,-2.39676,1.862571,0.10545933
119613.92,-2.2035,1.8503671,-0.20032825
121531.69,-1.9570225,3.089684,-0.0056687477
121680.48,-1.8914279,0.28842434,-0.18548752
120876.52,-0.83201593,1.4506192,-0.202936
129078.65,-2.169414,2.9065435,-0.13690609
124073.17,-0.22728273,1.370038,0.025437698
115402.98,-1.3217038,2.6772277,0.053502217
115023.77,0.9936248,1.994654,-0.94073623
120546.664,-2.9907496,1.803991,-0.035595138
129389.32,1.1251048,2.953963,0.07203985
123921.9,-2.6954238,2.8142989,0.0105791
125565.84,-2.567335,2.7196856,-0.10386566
127756.125,-0.7201033,1.9084016,-0.81844884
121285.29,1.1787169,0.28191194,-0.93854296
115888.66,-2.7798328,2.9883373,0.041950762
128351.72,-0.11607579,2.5874,-0.046850387
118688.41,-2.7181196,2.9487946,-0.21967076
125198.39,-2.2473888,0.13506752,0.06449702
121659.234,-2.998079,2.641582,-0.120545
133278.11,-1.4488361,3.0484717,0.25681308
120481.78,-0.86322695,0.7520393,-0.12485728
134982.7,0.9954887,2.8800962,0.07190218
131167.28,-1.2577193,2.2745793,0.18581949
118666.23,-1.4770555,2.617574,0.26752895
130791.805,0.6200847,2.4379873,-0.2530327
121979.14,-2.7896888,2.996152,-0.15586717
133565.83,-0.8349789,2.9284241,-0.016260661
134951.58,0.9597168,0.6278719,-0.46373087
116425.09,-0.5961665,2.7014709,0.17898111
118555.28,-3.054984,2.9761178,-0.13013208
133236.3,-1.8160101,1.1504377,-0.031050125
131701.95,-0.7003655,1.244454,-0.13714746
120463.445,-3.4051633,0.96766686,-0.054261506
123756.875,-4.2274923,2.927336,0.020575024
120817.19,-3.6187742,2.8627913,-0.29105234
122344.72,-0.6955717,1.4246222,0.6431688
125811.44,-3.3886955,2.5200346,-0.49656302
120069.74,-3.7414787,3.0431404,-0.20311688
121083.55,-3.03894,2.025541,0.30324957
117406.84,-1.3859081,1.2623042,0.03769242
122434.01,-0.0826637,3.0581195,-0.20061581
127236.32,0.4492661,2.6648817,0.122847304
134752.14,-2.9613912,2.3037686,-0.43663484
126759.3,-2.2205524,3.0379126,0.01582857
116335.32,-0.9583264,2.7370913,0.16270943
125881.055,-2.3475876,2.8525722,0.6503254
126212.34,-3.235766,1.0042816,-0.2830178
122917.77,-3.0906837,1.0795175,-0.29554462
119500.43,2.3271906,1.2296884,-0.16627553
131695.0,-1.8068975,1.9536179,0.5286025
119464.35,-1.1081102,2.6801302,0.05065935
117460.56,-2.0008883,0.61263275,-0.10250352
121923.65,-3.2230444,1.4746691,-0.037675437
125044.05,-1.9712689,1.2044324,-1.3688195
117354.43,-3.1703312,2.0628362,-0.02377191
116880.33,-3.4309278,0.77548194,0.09680021
129695.4,-0.83894604,2.8003693,-0.21992585
128124.65,2.5614803,1.9148473,0.32648
129387.2,-4.2639413,3.0069308,0.1497413
116823.7,-0.8424996,1.3856783,0.2830038
115847.32,-3.7125132,2.6188784,0.20504907
121422.2,0.99420893,0.22853933,-0.053877093
125244.78,0.22433394,3.0409458,-0.041458175
118439.32,-1.2489218,0.84224695,0.11611323
116727.414,-2.4318187,1.9250023,-0.30013612
121207.125,-0.81114227,0.80312574,0.67497915
125948.88,-3.1915898,0.2527288,-0.030617436
117590.57,-1.5553643,2.7112029,-0.037531205
120920.2,-3.1465592,2.951338,-0.1005007
128973.55,-2.7727754,2.0989437,-0.3416503
125147.945,-0.1714709,0.92600083,0.22458498
117506.445,-2.6566992,2.6577256,-0.3971923
123453.305,-2.5967994,1.6996115,0.49904203
115548.91,-1.857473,3.000398,0.1067717
125337.414,-2.3416717,3.0188973,-0.27268308
124182.09,-3.8706872,1.8979723,-0.36715356
120321.875,-2.3811612,1.398643,0.2486534
123157.305,-1.5836915,2.8838696,1.4515091
120262.09,-2.507419,3.0395474,-0.035609737
119951.57,-3.8943553,2.5677245,0.0153595265
125389.38,-0.5087996,1.1812456,0.097473085
124323.92,-1.5697463,0.6766359,0.12655972
124392.66,-3.0534344,0.9480265,-0.344759
119427.59,-3.1969867,2.736061,0.130917
126761.984,0.46040073,1.9867452,-0.31769842
129817.61,-3.6527352,1.6724464,-0.041945696
119259.65,-3.509372,2.5192964,0.35699522
124747.586,-2.4444191,0.3654196,0.11374179
116472.56,-2.043979,2.8692198,-0.490517
131355.25,-3.3871417,1.8600634,0.45117936
124655.52,-2.9566534,0.05379488,-0.08922579
125266.14,-2.471285,1.1082808,-0.008179053
124763.625,-2.1633403,2.6189466,0.09065735
133295.4,-2.4667585,2.729431,0.03127839
122662.85,-0.29184452,2.5882933,-0.3078196
131741.61,-0.7729233,0.67618966,0.10408141
129975.54,-2.7752569,2.9563015,0.2680469
132910.94,-2.222149,2.1971357,-0.06850832
118774.88,-2.4333248,1.8741534,0.020937983
125961.54,-1.8203459,0.5831919,0.44903737
115820.99,1.9598863,2.23386,-0.21166782
120737.695,-1.7725466,2.4093707,-0.121495605
123680.375,0.25711232,3.066022,0.024956139
124711.48,-3.6741273,2.979715,0.0044702142
115159.516,1.2061226,2.4755914,-0.28197634
116090.79,0.2955076,3.067938,0.0116489
122393.36,-3.1571221,3.0467477,-0.94811994
124878.91,-1.1348039,2.2397327,-0.5852524
121325.7,-3.3603876,2.9158757,-0.04130411
120901.0,-3.7542434,2.2391806,0.580975
132609.75,-2.8231795,2.7978265,0.01214953
127813.27,-1.5716817,1.9522091,-0.10200349
117834.85,-0.83408755,2.6760905,-0.39042872
115616.16,-2.1922035,0.45738626,0.03885281
129691.44,-1.6654216,2.2804244,0.1545855
120492.914,-2.638081,2.0918427,0.45419803
117469.336,-3.1837754,0.99972326,-0.03660921
121964.49,-0.8224708,1.3966936,1.5119507
116069.375,-0.6019549,2.3755107,-0.1716734
115711.47,-2.7940195,2.4069352,-0.14817385
130131.98,-3.0658407,0.9359022,-0.031506952
119794.305,-0.56890166,2.3085964,0.31617776
124017.984,-3.847279,2.9729402,0.003420678
133697.28,-0.057524215,2.2548363,0.03478221
119484.3,-0.8129008,1.1378498,0.07978652
127616.195,0.9627248,2.6726246,0.056390975
118843.19,-2.1100247,2.7115123,-0.13634288
129809.53,-2.2952716,2.3455665,-0.055540796
134770.39,-1.6077472,2.315419,0.00019935827
116843.94,-2.5076897,2.4448524,0.010011123
132921.55,-2.1455197,2.8880892,0.09817992
115414.516,-1.1021227,1.8681704,0.6749595
118511.35,-1.5016291,0.94619787,0.9239016
121905.31,-1.1694021,0.12871064,0.01913154
116229.48,-1.764033,1.4176787,0.24959983
121412.766,0.0379789,1.7400681,0.0007303843
124081.055,-2.3448617,3.030493,0.06932751
128324.4,-1.6903768,0.58871216,0.18933284
116657.586,-1.814212,2.4040427,-0.034036327
116026.71,-1.9831074,1.8166398,-0.6130386
117268.42,-1.0237082,1.477831,-0.18905571
129274.6,0.94492185,3.1202123,-0.023192609
133908.73,-1.0107118,2.9432366,-0.6502015
121838.15,2.6551597,0.74462557,-0.31676152
128348.78,-2.2018461,1.7370553,-0.17207986
119879.06,-1.0305805,0.53138965,0.12705857
122665.086,1.8689331,2.5962536,-0.07146055
122531.37,-3.9230306,2.9704506,-0.10485947
133494.27,-0.22921416,2.0568929,-0.10478497
126311.63,-3.143157,2.5061793,-0.008592371
131435.0,-2.3868246,2.9245925,-0.8048317
118117.266,-0.23977602,2.3291142,0.085142076
125585.27,-3.2578197,2.2726567,-0.18381518
125883.516,-1.6830072,3.020746,0.12919697
128207.72,2.1401725,2.1614347,0.35452545
121884.22,-2.3012857,2.893524,0.11493734
125017.12,-1.8078399,2.8281322,0.6274395
121237.1,-2.4033422,1.6703265,-0.117507845
118742.766,-1.5805684,2.1605647,-0.05681234
126177.56,-0.48552436,0.14045656,0.06517168
116289.39,-2.9334495,2.355454,0.12701386
125474.74,-1.542393,2.5700502,-0.017455619
126172.86,4.030096,0.6032311,-0.12738755
134003.2,-0.48267406,2.9774613,-0.02219373
116614.64,-2.950521,1.7146024,-0.07774317
116425.555,-3.0049107,3.014554,-0.29732126
124774.26,-2.7502506,2.5257988,-0.21402705
116324.02,-2.8130672,2.6349785,-0.1092233
131606.97,-3.6273744,2.9313424,-0.1511553
117356.555,-1.0238601,2.8177106,-0.09347906
126590.05,-1.9045876,2.3092759,-0.23407432
128364.41,-1.6391083,1.3249613,0.025161754
122821.56,-2.3372152,3.013091,-0.28764746
117928.15,-2.4798887,1.1794934,-0.42642167
126410.55,-1.9108241,1.6507167,-1.0629554
131479.14,-3.2641432,0.3222113,0.11694344
133240.61,-3.93497,2.1500266,0.18437481
130206.945,-3.8216827,2.7708354,0.12784468
130976.64,3.541673,0.112994865,0.046373
131416.34,-3.3982332,2.9471066,0.031219982
134499.53,1.6773304,2.0452838,0.14578095
120194.97,-1.5845336,2.7771354,0.022319485
118540.57,-1.8044871,2.349147,0.8061658
122438.59,-0.11561291,1.4683012,0.1387465
117044.24,-2.6821244,0.009604367,0.0144422995
128057.16,-1.0911775,0.58912456,0.1341556
119762.086,-3.938958,2.370251,-0.13202941
117254.36,-2.4923134,2.4252455,-0.0019923907
129992.375,-2.5307915,2.7092142,2.8162615
130750.97,-2.315868,2.874188,-0.604274
118630.984,-1.5212572,3.136425,0.00931918
120354.766,-1.2713329,1.4522303,0.001498614
122289.25,-0.8899383,3.0493479,0.05887029
124962.89,-3.4304516,3.0213213,-0.10357988
125869.234,-1.245488,3.0551515,-0.319613
118715.36,-2.7001188,2.5511582,0.5516547
132660.6,1.4313916,0.5571563,-0.20836963
133602.45,-4.123494,3.0081086,0.22394192
116631.86,1.1759961,2.8125696,-3.0035734
116757.336,-2.4181883,0.5221515,-0.07706523
125345.87,-2.6444457,2.2779706,0.02183733
116611.08,-3.438616,0.77465993,-0.0825087
126989.484,2.4251628,2.4747863,0.2984751
122757.06,-0.7508666,3.1190534,-0.062043928
122842.09,-0.93591636,1.337925,-0.001870213
120887.0,-3.7554736,-0.008436362,0.08031456
129639.57,-0.46329474,1.9592756,0.33028063
126852.3,-0.84869653,2.3035417,0.1223127
120561.36,-2.270314,2.6556027,0.05375134
116717.016,-0.28467986,3.0942008,0.03692121
116316.11,-2.722791,1.5331911,-0.0940375
123672.125,-2.009879,2.4898117,0.044550464
132235.44,-2.6519566,2.9031408,0.10710605
127281.625,-2.832635,2.6515532,-0.1535294
119412.03,3.4065788,0.7331151,0.64059174
133801.77,-0.25377986,2.1338663,-0.1129381
117771.65,-3.5138319,1.8793411,-0.040458106
125611.445,-2.5919638,3.0181503,-0.021126315
123952.47,0.5299636,0.9516036,0.02596634
128138.29,-0.873888,2.7540548,0.015417933
134164.33,0.67147195,1.3830879,1.5098593
125694.2,-3.1991634,1.5783387,0.148479
119677.375,-2.549987,1.8178737,-0.14392059
127022.87,0.53392565,0.41882995,-0.15356755
134136.14,-2.3882189,2.9675386,-0.12213987
130212.36,-1.4442152,2.0981004,-0.6444505
129891.0,-2.6481693,2.863242,-0.040462278
134793.38,0.76424843,2.5071015,-0.34751573
134583.17,-2.0300968,1.7592769,0.030899936
127707.16,-2.6426613,2.7165458,-0.43327346
115749.75,-3.904029,2.7210188,0.074841596
129229.984,2.0992422,2.4876976,0.34711313
118918.38,0.40204614,1.5950807,-0.58598727
119692.73,-2.9616396,2.7451112,0.106989235
126356.305,-0.5303955,2.7732892,0.035813864
121837.33,-2.6257632,3.0233464,0.013338529
122150.945,2.0955184,0.15520242,-0.06709017
122516.87,-2.505386,3.098456,-0.32609677
124370.266,0.576988,2.4155648,-0.2534821
123706.45,-2.536252,2.8656602,0.10129814
130153.33,-2.340766,2.799776,0.016477602
116218.42,0.10812142,2.1174276,0.24935727
127905.8,1.1447303,0.36798203,0.18846568
121051.5,-0.59666413,3.130342,0.063594095
127714.88,0.2629727,1.6928207,-0.1677056
127143.86,-2.9618022,1.4983203,0.33501458
129118.16,-0.8933293,2.0031016,-0.06076494
129980.79,1.5939156,1.7656952,-0.059194803
124555.91,1.2384367,2.6177337,0.08929612
130568.11,-3.1542463,2.6853178,0.29852337
125995.414,-0.18291134,1.4661281,2.149943
119394.79,-3.0920768,2.2980783,-0.052575156
123701.16,-2.0802395,2.523188,-0.91811067
131200.06,-1.7871996,2.7331326,0.075646184
117138.484,0.58535147,2.624901,-0.28053194
128092.945,-2.1108954,0.6734748,0.0066998084
119507.86,-2.2005134,3.1154659,-0.14527825
116119.78,-2.805649,3.0034695,0.2546389
116408.28,-3.3222454,2.4831295,0.33994877
124331.93,-2.3357432,2.6332216,-0.072850995
126916.8,-2.0876167,2.4669375,-0.9931165
120927.26,-1.7944894,0.795647,-0.099163905
