HiggsM,DNN_score,DPhi_jj,OO1
133568.98,-0.16409047,0.33353424,-0.5329541
120745.48,-3.022323,2.359,0.6329455
125156.71,2.0684528,2.1229568,-0.67726046
124986.39,-2.3295147,2.6207356,0.44571
117646.29,-0.50417686,2.989523,0.68614477
132284.64,-2.9138205,3.0621727,-0.4332347
127033.77,-1.6118925,0.0130370855,0.79345185
130464.414,-1.2411387,2.664624,0.63274187
115015.0,-3.807093,1.0879542,0.38761854
117436.17,-2.6461933,2.3093228,-0.8631643
134638.2,-2.5697732,2.8050377,-0.53912437
116958.63,-2.4937782,2.669141,-0.4307934
124439.31,-1.7632284,0.56881404,0.48423138
121428.39,-0.72615165,2.0677447,-0.7097253
123217.625,-2.513929,1.3782151,0.21337263
128099.53,-2.8108091,0.541256,-0.6030204
122749.08,-0.8951336,2.4238024,-0.55240285
118294.35,-2.012594,2.802167,0.5186316
127140.375,0.2772103,2.2790792,0.6835047
117531.09,-3.371648,2.8599885,-0.4719534
118415.695,0.7119642,3.0206006,0.44380823
134163.42,1.1440852,1.7601795,0.6550227
117799.766,-2.9030054,1.3211315,-0.63394034
131530.17,-1.1297466,1.6494209,0.8271328
130539.3,-2.511634,1.8642731,0.73963106
129957.81,-3.2955928,3.0815668,0.6413178
131456.42,-1.434319,2.4504604,0.55137914
129826.38,-0.10262974,1.369749,-0.88594335
134427.52,-1.0308076,2.2346182,0.7550049
120383.08,-1.630328,3.0200062,-0.51843166
126277.125,0.35211334,0.15458488,0.41487858
123919.4,-0.31262884,1.6144047,0.90539145
134906.83,0.3135506,2.9713326,-0.5455927
125257.33,0.19680543,1.8468885,-0.7954246
124867.48,-3.3999457,1.727609,0.3791808
124449.14,-3.6608963,3.1167579,-0.5329698
122250.56,2.168772,3.05987,0.6177022
117005.05,0.783516,2.0784774,-0.604847
121079.01,-3.0458462,2.4660296,0.73513806
118558.67,-2.834431,2.5932415,-0.7914387
122950.45,-1.7291672,2.613472,-0.5548773
115660.055,-3.6078386,2.4053416,0.569441
117159.78,-2.1090984,2.4439125,0.52663916
122615.555,-2.0627024,2.1423771,0.6457702
117310.5,-1.8675202,2.8047762,-0.43453264
119362.58,-2.5724766,0.07205987,-0.44243
120124.414,-2.4715438,2.8654525,-0.8841842
127104.195,-3.997651,2.8574314,-0.79620606
117156.805,-2.8073626,2.0908155,0.7867454
130859.22,-1.9828591,2.1920223,-0.5786236
115854.65,-2.5505526,2.1499155,-0.444388
122114.97,-1.9523892,0.97178173,0.7570528
134401.64,-0.7810475,3.124576,0.47457898
131495.92,-2.0538473,0.7875181,-0.54900306
131819.78,-2.1259527,2.5866108,-0.55286866
124608.79,0.40108836,2.765746,-0.5554834
115321.69,0.122444205,0.27878666,-0.5003562
116242.31,-3.349872,0.45349622,-0.49971333
115417.375,-2.036843,0.57010067,-0.59337264
123902.055,0.4994898,2.3915672,-0.6291375
129667.17,-2.3458462,1.046694,0.841518
116149.625,-3.5058212,0.44448543,0.8776125
121736.734,-1.2666051,2.8182921,-0.49669167
126107.38,-3.1316297,3.1249347,0.40250418
129252.89,-0.85678715,1.9760883,-0.907026
134827.53,-3.0030532,2.9437323,0.64483535
127934.9,-1.3036078,2.1098917,-0.7583655
124511.95,-1.5520409,2.9979334,0.29751065
127682.79,-2.4764805,2.7076805,-0.48510417
115902.805,4.1771584,1.7953318,-1.2428116
115570.08,-2.7403173,0.75847745,0.7471131
129949.08,-0.65297407,2.5622804,0.599915
131624.88,-1.7398525,1.7783674,0.69523954
127808.91,-3.0657032,3.0740814,-0.48358518
124398.164,0.13490954,0.82057,0.72301406
121487.445,-1.8301963,0.052972317,-0.44993398
124145.8,-2.2260914,3.0261817,-0.54904234
128844.38,-3.0482032,3.0188198,-0.413925
131023.164,-3.2803285,2.439255,-0.69056004
116816.625,-1.553881,2.5589879,0.99684584
133311.77,-2.4197974,2.9163773,-0.6199577
115821.02,-0.1728875,0.53238356,0.5892795
115198.5,-1.5232979,0.9031846,0.606609
117437.62,-3.153978,0.13329208,-0.556866
115705.62,-2.6652813,1.8200449,-0.6823039
132794.53,0.4832686,3.0128663,0.91776264
126194.055,-3.369962,2.8064697,-0.32191268
124979.41,-2.4897423,1.8092443,0.6393277
124141.31,-1.8323232,2.5175655,-0.184933
134598.22,3.1496446,1.9625385,-0.56440306
121056.74,-0.09132192,2.8518896,-0.2876396
122207.31,-1.6529417,2.2747161,0.7217738
129690.016,-1.615478,2.7609115,0.3143667
116981.94,-0.6884912,2.77171,0.6691186
123079.74,-1.0994064,2.2362242,0.49119383
116941.086,0.88978744,2.606667,-0.7384921
115421.85,-2.440404,1.7799145,0.6740031
122955.0,-1.9962574,0.19358706,-0.32911736
124072.81,-1.8636816,1.7980152,1.0696627
121405.6,-2.4024293,1.161237,0.7710826
130246.72,0.36546686,0.9946114,-0.53792626
128725.27,-3.5385215,2.9201133,-0.7316062
122053.46,-1.8775932,1.3668145,-0.50628895
121137.09,-2.3030467,2.463424,0.2160526
120604.63,-1.4993584,2.9161048,-0.6918872
121450.77,-2.0754745,3.0058925,0.71865916
115814.8,-2.7091637,0.5156863,0.66671896
119824.1,-4.0446486,1.7303864,-0.62574196
118063.36,-1.2788228,2.489911,-0.6942221
116562.2,-1.5767071,1.65339,0.6409656
124127.96,-0.90202814,3.0861406,0.50337094
133758.0,-3.5477002,2.2491107,-0.52098095
121294.31,-4.155369,1.0104102,-0.39838383
118192.625,-2.9154913,2.549559,-0.94446516
128334.82,-3.8037255,2.7297492,-0.57349443
122515.9,-1.9611672,3.0075126,0.53569376
116389.42,-3.380609,2.9677434,0.21520998
115115.19,-2.362926,1.8301249,0.7676371
122619.57,-2.6327019,2.5004396,0.5767704
123013.41,-1.068227,2.8427627,0.7827009
119851.5,-1.7605814,1.5537518,-0.65982735
116081.055,-2.5308444,1.9579678,-0.52154106
126506.7,-0.07989091,2.207569,0.620925
122607.92,0.6052539,1.2134917,0.5708297
124858.25,-1.5389442,3.1031134,-0.56955445
116128.44,-3.6781366,3.0728023,-0.38864943
115221.016,-3.8018663,2.562911,-0.51174456
124229.26,-2.9871366,1.7078387,0.8490799
121628.89,-3.2539413,2.7029374,-0.46391657
121675.234,-2.2954547,2.928034,0.4998897
123165.586,-2.94551,2.7915661,-0.47365937
118770.55,-2.0967593,3.0351844,0.6309314
123878.016,-3.4881828,1.0844887,0.97979283
115703.29,-2.050553,2.905956,-0.39194798
115439.04,2.2247674,2.9545324,-0.51841927
123142.11,-2.898607,0.61131895,0.55845106
122701.984,-0.7599833,2.6686466,1.0129085
119738.39,-3.260586,0.5757065,-0.78164023
125114.5,0.10422212,2.3623781,0.4413975
134860.8,-2.1896794,2.2464626,-1.275409
130461.32,-1.3083123,2.754671,0.56377727
126413.93,-3.4009628,2.8842115,0.65912426
124904.13,-2.796186,1.5331175,0.5173106
123411.664,-0.7023413,1.197386,-0.8716892
131569.52,-2.5704877,2.7770138,-0.7719924
123941.51,-1.7816157,2.791553,0.5298505
124629.69,-1.7796531,2.0848331,-0.8326886
116829.87,-2.446527,2.4119985,0.7703646
126507.77,-2.8115115,0.3054402,-0.33706915
118565.03,-2.2115953,0.2554891,-0.6361735
133592.16,-3.8851976,0.8233024,0.60318506
120111.02,3.5445619,2.3249853,-0.9479179
133776.23,-3.873188,0.53359646,-0.5464805
123037.914,-0.5076777,1.2596143,0.80200577
123585.516,1.3431312,0.17088842,-0.48857027
127199.086,-2.7146242,1.8516511,-0.9233717
115494.44,-1.9057043,2.6380239,-1.3925586
120954.086,-1.4669161,2.3590083,-0.6125258
115766.14,-2.0541604,1.9796872,0.7546554
128030.086,-2.286179,2.974085,0.5770968
132874.23,-1.2508196,1.4904132,-0.54200214
134802.38,-3.0590205,1.3579966,0.41851386
119704.445,-2.3901577,3.077807,-0.48391885
126018.41,-3.6724613,0.3832736,-0.57258207
122180.79,-3.157746,2.311668,-0.6558697
116540.37,-0.59683025,0.15512004,0.37974048
125992.99,-3.2694213,2.8965254,-0.6732873
123264.4,0.4369814,0.56642705,0.9615791
118792.75,-0.096697286,0.3457141,0.39855558
132041.16,0.2336318,2.3544476,0.86309016
122063.53,-2.6575806,0.5581671,-0.61486846
127865.22,-0.26476812,0.9853749,0.6913906
126289.97,-2.7765756,1.7427018,-0.58029497
116596.71,-1.9715989,2.8359132,-0.91315585
118739.15,-2.9715545,2.1215487,-0.3756734
128456.06,0.99698234,1.1355684,0.64958495
118941.805,0.8585953,1.7246301,-0.6985319
127285.27,-3.625973,2.4005456,-0.5660876
126563.64,0.00017701012,1.3988957,-0.6459964
128063.61,-2.7093542,1.3741314,0.74540937
116900.9,-2.68981,3.0073652,-0.32082978
131287.45,-3.1655185,3.0235822,-0.6671526
134048.2,2.8335264,1.4695112,-0.7925733
118169.68,-1.8484079,2.3107781,0.84801584
115750.5,-1.0408635,1.8718396,0.6744846
122126.39,-1.6553477,2.819022,-0.45280606
130580.74,-0.19149975,2.1300607,0.58438563
128482.01,-3.2878344,2.8116307,0.59607804
134154.69,-1.1341873,2.2859132,0.32580972
115520.125,-3.061239,2.882252,-0.60705173
115011.14,0.6084602,0.047571957,0.40685087
118042.58,-2.841265,3.0757213,0.47862074
117713.53,-3.4532826,2.9482708,0.5971054
131665.56,-3.1573505,3.0852087,0.699189
122506.02,-2.0156474,2.1320477,-0.5225172
129092.3,-2.9709804,2.5378373,-0.5525612
120837.445,-0.7618917,2.5023253,0.45460725
124892.0,-1.6471455,2.150654,0.63861203
115635.07,2.812212,1.0596838,-0.8361248
126671.57,-2.8660061,3.0889308,0.89471686
129485.86,-2.5043316,2.5347843,0.6360712
130685.26,-2.8915486,2.7807152,0.6521841
125968.2,-0.1004875,2.6714559,-0.52025586
120426.4,-2.522224,1.9627215,0.7624167
123399.02,2.1252306,3.0829506,-0.52790636
121914.95,-3.6378748,2.8854103,-0.2968836
116273.305,-3.1722882,3.0777264,0.73523575
131367.66,-2.7802327,3.0411036,-0.49441117
118084.48,-3.7362235,1.0787035,0.5070685
128036.58,-2.8525195,0.10314751,0.16421309
130927.06,-2.4768965,1.9580729,-0.41452244
131063.83,3.8523226,1.2853608,0.78351676
123489.96,-3.9296126,0.6649804,0.60638666
119535.25,-2.2170272,3.0412488,-0.51833415
126013.94,-0.12868263,2.4269307,0.757792
116366.664,1.5245917,1.5881228,0.6286657
130496.875,-1.1630343,2.729751,0.5976146
130899.29,1.9556053,2.6622698,-0.58705884
123362.55,-1.3966597,2.2513316,-0.709851
128144.5,-1.5061799,1.0620226,1.0075309
120214.26,0.18629271,2.5414684,0.6482074
119796.74,-1.1457415,2.877599,-0.41814563
120829.1,-1.6192224,0.5980743,0.5030509
132986.55,-0.47297168,3.0785744,0.6098174
131405.34,-3.5967247,0.31393242,-0.5240422
123532.94,-1.9439393,2.9142504,-0.45964622
118676.84,-1.1115754,2.2644582,0.8042046
127779.42,-1.6314477,0.52477086,-0.6124394
116897.07,-3.1223512,0.2911446,-0.49752852
130221.1,-1.7693126,1.4346797,-0.67111415
128073.09,-1.7354639,1.3107992,-0.54305303
126799.19,-3.8210394,2.4638803,0.26718345
122002.46,2.2708738,1.2636669,0.8612043
117573.766,-2.8501458,2.4742954,0.49182233
123643.51,-0.53042394,0.14854908,-0.32245892
119144.414,-4.002673,2.9740481,-0.35873264
122848.67,-3.1514537,2.3377876,0.73124266
130053.35,-2.2555792,3.1033084,0.5892362
125369.195,0.02172074,0.07484436,-0.32826373
129871.52,-0.15046233,2.5320218,-1.2342709
116954.875,-0.53407323,1.4455024,0.5454578
132369.7,-2.8094728,2.6180623,-0.72306615
116851.73,-1.2686934,1.6579772,-1.3009052
134534.05,-0.8653218,2.2875142,0.48648143
116941.0,-1.786268,2.752334,0.8694087
118703.63,-2.493323,1.9900203,0.8701143
124081.49,-1.6082509,0.311815,0.6107269
129127.55,-3.1459424,1.0701632,0.5247822
127565.125,-1.6516625,2.5179913,-0.8046935
118497.99,-1.5756435,1.1567682,-0.77267855
121174.17,-3.2017553,2.1589692,-0.7854135
121805.52,1.0059831,3.0567281,0.48931557
122194.3,-0.43270683,3.0796657,0.6601446
123011.45,-0.5175673,0.2833804,-0.3413285
129625.01,-1.4960572,2.639114,0.27601817
129917.62,-1.3714998,1.4137368,-0.54118586
128428.016,-1.1235818,2.5910738,-0.3140189
122101.51,1.8894744,0.16192317,-0.42171425
134306.17,-1.9634562,2.82837,-0.60619766
115309.26,-1.2450157,3.0062766,0.4799152
116132.64,-2.973519,2.7011912,-0.86399496
116830.78,-3.0175533,0.43474793,-0.7103233
117195.73,0.25609097,1.991647,-0.84938896
118122.9,-0.17420995,1.3817059,0.5906798
122514.47,4.8485036,1.8243839,-0.68568367
116103.625,0.49493587,0.15427983,0.36921823
118239.92,-0.28023103,1.8678854,1.0640311
118920.69,-1.257698,3.121685,0.7593215
131570.5,-0.83098626,1.746529,0.55602324
132322.4,-1.8182023,2.8979383,0.4658874
128708.9,-3.1335173,2.2647815,0.48247957
127433.984,-1.1926318,2.4864993,-0.62246186
125173.83,-3.977229,2.6623676,0.5783785
131131.4,-3.3092284,1.1391032,0.71324694
119276.414,-0.45052823,2.0901446,-0.9537041
125506.61,-1.1888663,2.6978815,-0.64468044
128148.19,-0.95894027,2.4570436,0.48830184
129648.805,1.7673615,0.15353549,-0.5044621
127548.875,-3.719593,1.5435928,-0.667699
128326.52,-2.3293428,2.4644566,-0.58164793
121149.48,-3.801574,1.3699412,0.3262334
134308.97,1.0577505,1.2795099,0.7279141
130248.65,0.15926531,1.2311049,-0.8033331
118579.28,-2.3913019,0.47976422,0.3995756
127298.38,-1.1955404,3.084145,0.295573
127922.22,-3.7288966,1.130683,0.49329355
119268.36,-2.2220297,2.0074587,-0.49400166
131365.34,-3.4132574,1.1761707,0.636892
134819.34,-2.9057477,2.0477228,0.77712
125754.89,-1.5615196,1.4989215,0.67439437
128750.19,-1.712281,1.4253659,-1.0024818
115695.72,-3.8427424,2.8885741,-0.30819127
127971.75,-2.2193573,1.7622315,-0.70926166
119016.4,-3.9592993,2.5882537,-0.81819075
117113.08,-2.08207,3.138423,0.36555508
119166.49,-3.0128036,1.5971478,0.34088588
132745.86,-4.270779,0.75988835,0.51237535
122622.82,-1.3726629,2.6417892,-0.44508958
117728.28,1.7132652,2.5343747,0.45685786
118811.0,-2.255167,2.3800156,-0.67806315
121362.2,-3.555785,2.762873,0.81092304
122115.59,-2.5042534,1.8468878,0.5317937
118405.46,-3.0574849,3.126138,0.41854241
125019.41,-2.6801074,1.0255735,-0.49013382
133919.56,-0.9505189,2.4003973,0.6008685
134971.86,-2.7382653,2.5125852,0.7314185
118387.26,0.97059447,1.7267907,0.7419541
115965.12,-2.2711134,1.8874611,0.816348
127580.64,-1.8299701,2.7092001,0.50516015
115443.32,-3.5267951,2.9639428,-0.50584066
126941.78,-2.212398,2.976341,0.41835147
125870.445,-3.0326414,2.626216,-0.46114537
122164.516,-2.6815932,1.339501,0.65477484
132622.69,-0.6717497,0.24543059,0.4112054
117559.664,-2.6385548,2.898439,-0.5192236
116618.125,-0.5699057,1.6657044,-0.7655952
122598.07,-3.8423846,3.032076,-0.7936816
127178.49,-2.2343671,0.16260207,-0.44792843
125265.44,-1.5827584,3.0423157,0.35034597
134500.52,-0.4703845,3.0258164,0.4769469
117769.766,-2.698269,1.9206265,0.68659955
126241.8,-0.41605118,2.7795076,0.40538698
125281.23,-1.9374269,1.3313107,0.6181879
125738.92,-2.289806,0.1379435,0.40080068
128076.36,-3.226107,2.5993786,0.9454904
119365.805,-0.7366575,1.8645039,-0.694948
121341.8,-0.8137567,2.2183118,-0.7229072
129094.77,-3.7588274,2.895787,0.54837406
115843.37,-3.0372488,1.6559786,0.57229465
131534.77,-3.8688924,0.78831553,-0.49919528
118092.97,-2.5811045,2.7260456,-0.8114457
122597.266,-4.201251,1.4844446,0.27976844
124498.0,-3.1279166,0.6107961,-0.52550596
121899.73,-1.9913524,1.9412429,0.944992
133612.48,-3.804817,2.5148299,-0.34787485
128893.91,-1.8969464,2.2848568,-0.59571314
132268.5,-2.4025779,3.045683,0.8058335
124524.75,-2.1000755,1.6987183,0.88695925
123601.34,-0.14231107,2.4363673,-0.68973976
125320.83,0.49671632,0.2193057,0.62194765
128681.195,0.2268443,3.0533853,-0.78632224
133785.28,-2.573721,2.8258877,0.56763405
121827.65,-3.5278726,2.131248,0.41735354
123740.836,-2.5280435,2.9698842,0.63029546
121462.67,0.008217454,0.2013104,0.3561806
127780.24,-2.6129544,3.0817013,0.54097784
132565.77,-2.613662,1.4532954,-0.6483539
117320.36,-2.8531933,1.0370655,0.7985985
128171.56,-1.23513,2.5003629,-0.92502946
130468.04,-2.3248096,0.87501574,0.5195238
134833.31,-3.732451,2.5066361,0.53807616
122707.55,-2.072214,1.5037549,0.63782966
120293.96,1.0198205,3.0556428,-0.31821862
125024.41,-3.2645164,1.4838536,-0.9418233
125237.74,0.0749359,2.995566,0.6089925
131461.28,1.0073063,1.4647696,0.9132556
125820.836,-0.85631675,0.24933839,0.43802214
121947.56,-2.319531,3.0632563,0.37264043
115784.01,-3.8126004,1.4108233,-0.77534026
126031.43,-3.0950577,3.0340343,-0.6755754
131968.14,-2.5969796,0.3040228,-0.55692667
131383.98,-2.6847768,2.2778246,0.95194656
127709.56,-0.9197739,1.7668945,-1.0106038
131779.88,-0.882348,1.2090175,1.0048797
134639.48,-3.2533083,2.7023847,0.8233465
132116.06,-2.081533,1.9255203,-0.95790046
118978.55,-0.40575194,1.8338283,-0.85324913
119190.22,-3.0090587,2.731916,-0.4856217
119259.89,-1.1214194,1.8598027,-0.5155992
134174.66,-0.56557035,0.7679963,0.71977526
132710.83,-1.9809909,3.0868464,0.66472137
127812.15,-0.7449877,0.9979764,-0.89574873
126307.41,-4.5351562,1.3661652,0.65828407
117011.97,-2.488374,1.2464666,-0.6056486
126461.625,-2.065901,2.559971,0.84177685
133231.94,-1.0388573,0.5775825,-0.53052366
122533.52,0.1528425,1.9021897,-0.6948152
122671.38,-2.0004833,3.0645585,0.6235946
119364.086,-1.9632448,3.0373278,-0.6075535
115795.51,-0.49609134,2.583706,0.7198341
118329.92,-1.776461,1.6409416,0.89867085
127900.41,-0.90589136,0.977907,-0.6939029
116567.15,-3.5958729,1.6376503,0.9937517
115011.87,-3.4545887,1.6455069,0.90638244
123922.99,-0.513154,2.522459,0.9240499
133635.48,-1.822783,2.9312549,0.6312891
117299.14,-1.5319105,2.5874536,0.6152878
128169.73,-3.4286993,2.5313082,0.36713058
127636.35,-1.566294,2.2276957,0.7690085
121807.73,0.2775773,0.9867934,-0.70982414
131698.44,-1.2336056,3.1067042,-0.7437145
123640.164,0.5422307,2.998403,-0.51080036
129286.266,-3.156696,2.7913337,0.8794829
127089.51,-4.144065,2.4157662,-0.23265466
121815.45,-3.3453162,0.38856304,-0.5908771
130999.9,-1.2465088,2.7628,1.0831213
118302.33,-2.9766352,2.1663723,-0.7502997
124078.375,-1.5279009,3.050162,0.30921078
116224.75,0.111861125,2.051696,0.6059115
124801.44,-4.040447,0.35708678,0.543855
116938.51,0.5724297,0.15042019,0.37119353
132562.14,-2.732128,1.8789568,-0.57745916
115273.336,-2.4251103,2.8583882,-0.84660816
134810.56,-1.3381103,2.408071,0.6387934
131816.3,0.75724375,1.8886569,0.6006681
131431.56,-3.417708,2.6009955,-0.57400465
122350.58,-1.2610427,1.9511763,0.4739421
115137.74,-2.2579093,1.413626,0.66081285
126700.82,-2.0183136,2.955707,-0.55774236
120552.52,-2.6801758,0.011674881,-0.6963444
122918.12,-0.632625,0.59406346,-0.9697503
131105.8,-4.0282283,3.0508466,0.61388326
124325.07,0.53832835,2.12843,0.5111532
130340.08,-2.8576488,2.534136,0.7033046
131085.56,-2.4507713,3.0527923,-1.0308992
122644.86,-2.3354042,2.1461644,0.8193406
132527.0,-0.9018377,2.5394094,-0.63763934
132370.95,3.2012436,0.18503523,-0.61953515
116283.26,-2.2266636,2.225847,-0.586228
130834.66,-1.6669339,1.5188491,-0.6994116
121498.14,-1.995262,2.6701832,0.58670783
121497.26,-1.5465025,2.2535195,-0.5083515
133869.33,-2.2037163,0.7464465,0.61391425
124872.95,0.9381651,2.853229,0.4334489
121785.3,-1.8062114,2.869691,0.33389264
124792.71,-1.4436259,2.9636688,0.45125243
115934.945,-1.1692594,0.7790165,0.5847579
115784.07,0.70955426,3.090261,0.38271806
122811.99,-0.9296361,0.4260615,-0.57553595
128362.22,-0.15882275,3.1248136,-0.53931135
133553.83,-2.4953766,2.6641948,0.6864965
127211.32,-2.266706,2.4082034,-0.19360724
130463.87,-3.6923678,1.1267323,0.8846139
122504.766,-3.1861935,1.5187602,-0.5815337
115814.89,2.6581764,1.7804121,-0.71181774
117434.805,-0.8533902,2.1500401,1.073692
123377.65,-1.7384996,0.74513066,0.62658614
125480.09,-1.717426,3.1413527,0.38654134
127313.89,-2.5919135,2.9730759,0.52659017
119996.125,1.7639022,2.842848,0.37323818
119870.99,-3.7807207,1.4421457,-0.45028555
133906.27,-1.8382313,2.698398,-0.61658734
133244.39,-2.0399177,0.66967463,-0.56725067
125923.23,-1.1037756,2.5979092,-0.68887204
128664.34,-1.8463516,2.927286,-0.2968771
128905.81,-0.60787314,1.311025,1.1281044
125409.75,-2.0533774,2.3989074,-0.8261442
128051.1,-1.3486325,1.0625712,0.49790037
131770.28,-1.5473155,2.97206,0.9385352
124055.38,-0.075044386,0.5335226,0.48114574
117952.15,-0.49660558,2.7562566,0.5206283
130715.266,-3.5978928,2.097649,0.6447954
128598.78,-0.4343095,1.1265489,1.172918
115367.93,-3.123872,2.5282483,0.7005745
116371.53,1.1329194,0.9890482,0.5881176
116042.6,0.030000098,2.9851944,0.48296204
128634.11,-0.13881253,2.8975115,0.7941705
115793.75,-1.3016721,3.0174122,-0.4135413
121663.54,-3.3490324,1.6981536,-0.4150315
120455.61,-0.61176527,1.3781894,0.6294044
130986.16,1.0960572,0.39656675,0.57611144
122465.375,0.059805024,3.0406015,0.3298293
133495.28,-2.6674278,2.3195226,0.7075849
128180.63,-3.8338244,2.0885315,-0.67360187
121389.05,-2.093855,1.360495,-0.55473334
119690.06,-3.717118,2.247143,0.59190726
129103.41,2.032881,0.26229513,-0.6138835
129633.266,-3.4233232,0.98214567,0.5051371
130995.47,-2.4150753,2.8282006,0.7806708
116727.33,-2.7741127,1.6920227,0.6254935
116609.03,-1.7665814,2.950002,0.46987873
117780.445,0.5093402,0.020137906,0.42331296
115934.664,-2.0182915,1.0819181,-0.5630262
119751.04,-1.2011875,1.2025279,0.5712378
131174.45,2.2390614,2.970821,0.43308958
117622.016,-1.031665,0.83657223,-0.33242512
119339.99,-2.2399032,2.3028808,0.62382954
124177.195,-1.1746483,2.7939792,-0.72369
126498.77,-2.1048512,3.130709,-0.4393513
131033.555,-3.2356682,1.5195516,-0.6208478
122087.74,1.0582849,2.9751947,-0.6693394
120490.59,2.2355568,1.931683,-0.87012994
131404.25,-1.1628978,2.4530632,-0.34854844
123338.41,-3.378041,1.7661206,0.61728275
122484.664,-1.7212899,1.005171,0.7690867
133331.36,-1.2143372,2.637418,-0.6705428
119703.39,-2.052575,2.3777857,-0.37231675
132169.05,-1.6028794,1.9653883,0.50177026
118105.766,-0.270452,0.04769826,-0.40831274
118872.8,-1.4758354,2.6540334,-0.5564213
119059.38,-2.2132635,0.79386497,-0.5484629
132741.47,-1.1437051,3.0403526,-0.6131657
125352.12,-2.5813801,2.6619356,0.28524673
115020.52,-2.2454157,2.8712447,0.37779865
130457.8,-0.09740459,2.7764163,0.8745245
122516.555,-1.8471024,1.9643792,1.0437654
116443.98,-2.8004293,1.0488387,1.074317
122182.95,0.10683769,2.9414203,-0.6005116
133834.94,-2.2557893,2.5337954,-0.70200163
115471.79,-1.4378694,2.045414,-1.0377873
118253.86,-1.585948,3.015789,0.41068968
118516.56,-2.9949603,3.0384383,-0.2875063
131039.06,4.278507,2.3345132,-0.9712774
130865.19,-2.9010563,0.44722438,0.4667802
115398.87,-2.2316525,2.737181,0.5000981
127550.27,-3.1170464,2.9170394,0.33264256
129778.29,-2.3176148,2.2667918,-0.72844243
116843.13,-2.1450958,1.48054,-0.67040956
117963.51,-1.3726237,0.11071491,0.40309536
126934.94,-2.6789548,1.9866301,-0.54691637
120665.125,-1.4822551,2.658322,0.20486528
126354.95,-2.1957202,2.6600974,-0.65980834
131308.17,-3.7295818,2.9296467,-0.40845227
123934.58,-1.7278829,2.5946941,0.7805493
116379.49,-0.55345905,2.2693086,-0.9843941
119147.445,0.58364767,2.3201714,0.8479591
122459.34,0.40120056,0.20664024,0.66911584
131135.53,-1.8461848,3.086833,0.6115826
124186.43,0.00650337,1.9816034,-0.59069353
129633.555,-2.5575154,2.4867573,-0.5201976
128314.13,-2.8603332,2.692635,0.4962374
119607.5,-2.8675392,2.629131,0.64815456
132795.77,-2.7476645,2.7697253,-0.65624034
121283.375,0.096322104,1.6401161,-1.130802
125837.4,-0.62409896,2.0763376,-0.32647485
115661.97,-2.5865855,2.3662608,-0.7015522
130886.984,-2.6488092,2.1251457,-0.70619166
124662.625,-3.1588721,2.1730034,0.90692246
120300.4,-3.2439969,1.4367443,-0.5850407
122506.945,-1.0152502,2.872353,0.15433486
115542.15,-1.1237295,2.5781004,-0.4074574
116858.9,2.4483483,0.74045175,-0.6408666
121323.484,-2.7855027,1.6122699,0.61715955
121153.664,1.4317533,2.3364515,-0.55364805
126700.95,0.972261,2.1828825,0.6896196
125661.695,0.104697734,2.5128975,0.6129858
128885.03,-3.1392279,2.50474,-0.57556146
121849.02,-2.7977326,0.32254812,0.4399616
119162.84,0.017140234,2.9324615,0.44958046
130510.49,-2.0437348,2.5371046,0.60656756
125322.234,0.12133224,2.7497516,-0.6932392
131355.31,-1.979604,1.7844476,-0.8527783
124800.516,-2.8975904,0.14698964,0.3692833
116959.89,-2.3639522,1.2667342,0.5888614
129933.46,-0.61540854,1.3953602,-0.8042244
123754.79,3.2903934,2.0747366,-0.7873869
134635.0,-2.395928,2.9251196,0.55706125
131231.77,-0.5632353,1.2621099,-0.73551595
127380.99,-1.1880972,0.8348863,-0.49059337
133106.58,-3.6683683,1.6235095,0.83245814
124465.625,-3.54066,2.4533052,-0.463862
134392.1,-2.8260248,3.065593,-0.7210652
132611.03,-0.6835112,3.041803,-0.39898396
130764.484,-0.6948374,3.0527332,0.68911564
130214.234,-1.6245322,1.6923065,-0.7083642
133544.39,-2.7757697,3.0365338,-0.6289283
132213.4,0.26392922,3.0365012,0.5189547
124456.75,0.60121244,0.12766749,0.43200573
120523.266,-3.3622823,2.2907877,-0.16080184
132945.69,-0.5670583,0.8442068,-0.5721519
132222.06,-2.0629628,2.7661052,0.61299026
131871.16,-1.0668999,0.9974787,-0.8113864
123593.73,0.0011548286,1.8078573,-0.8487001
124232.516,-2.7654614,3.0159287,1.0508237
122808.74,-2.8079276,2.3096838,-0.845076
130985.234,-2.289505,3.022611,0.63069427
131696.28,-2.2378337,1.4298437,0.6268601
125486.74,-2.1229138,1.0350316,0.5205331
129591.92,-1.0444355,2.1028607,0.45618775
123708.09,-2.6983101,1.2543045,-0.7467219
115646.77,-1.3243357,2.7498758,-1.1880902
116828.875,-1.7668824,0.61706805,0.5258209
128350.266,-3.1667693,0.4279338,-0.24834314
133846.1,-2.4690106,2.858756,0.3161427
120886.57,-1.9372991,1.1077067,-0.6739777
115763.3,-1.8601593,1.4537876,-0.58110756
115434.305,-2.3517144,2.8090053,-0.5997843
126226.98,-2.9538147,2.6483886,0.7643877
134009.44,1.9653938,1.2717813,0.6216517
123415.766,-0.52729595,2.3464353,0.7330364
127504.79,-0.7210676,0.36653268,0.67960256
128865.52,0.71934336,2.19569,-0.54981965
115491.61,-1.9954869,3.0581973,-0.52553505
115764.39,-1.7434754,0.3938532,0.51757044
131690.42,-3.1830313,1.1188613,0.9527207
117506.9,-2.1824646,3.0740666,-0.4115022
126862.03,-1.6227444,1.9721994,-0.66241026
134150.27,-3.9696288,0.6195195,0.5993804
125726.164,-2.3614173,2.849651,0.35205626
131044.27,-3.402086,1.3288785,0.5905157
131332.16,-2.6352026,0.9982643,-0.94611007
123436.41,2.8017435,0.027757645,-0.40863618
115196.06,-3.8561904,2.3485644,-0.5979838
125705.61,-4.3251805,2.113353,0.84977823
117478.07,-1.4551692,2.6076791,0.66986275
123183.73,-2.305702,0.34445274,-0.92059547
125095.04,-3.5595944,2.433174,0.39611676
128324.01,-0.91740793,2.1470938,0.62078035
125769.66,-2.788195,0.855245,-0.9057278
122862.82,1.894764,3.1343732,-0.33794257
130833.21,-2.416327,2.1904826,0.71639985
119007.53,0.54521006,1.1951832,0.5707173
124432.19,0.33820072,2.3997645,0.6831434
125860.23,-0.6680465,2.9055064,0.8537526
121347.31,-2.7928333,2.5949678,-0.5847465
122975.75,0.45755148,2.8216257,0.49888724
134267.77,0.63240045,0.17997378,0.43626806
133957.66,-0.42252222,1.7400316,0.61481255
131606.08,1.9103547,3.0091798,-0.32121268
126454.67,-1.2867719,2.1729188,0.597449
131772.11,0.044789523,0.77373457,-0.5039071
126792.1,-2.9293144,1.7949619,0.9285619
115432.02,-0.61205083,0.80164003,-0.6081614
126571.91,-2.9643848,1.2066691,0.640832
121057.23,-1.9633881,3.060033,0.6297134
118067.48,-1.5029263,3.0649717,0.5518197
116442.26,-2.2004144,1.7579702,0.7152299
129534.85,-4.2818933,0.7899618,0.7344441
126663.04,-2.3257654,0.5842675,0.75171477
116829.445,-1.8090291,3.1224418,0.5401076
120236.17,1.732199,1.1025347,0.66637176
122724.25,-1.3250839,1.2482196,-0.5687023
115339.1,-0.20788302,1.3863523,0.7738852
131695.12,1.3737037,1.2796351,-0.59470373
126326.18,4.976945,0.21402413,0.46351525
117675.39,-0.14792046,2.649849,-0.56770164
121593.08,-1.4658691,3.1094236,0.36687705
133353.03,-2.576464,0.6492596,-0.5459597
118961.03,-4.152747,2.4682949,-0.38962132
117121.03,-1.8251489,2.0054789,0.49761277
121173.7,0.92086667,2.4193227,0.43407068
132728.44,-0.95135874,0.1522949,-0.26090163
118570.016,-2.1861136,2.526018,0.7914513
125266.77,2.4446504,2.1855206,-0.55055046
115534.77,-1.6907302,2.478981,0.49194527
118271.39,-3.5068371,1.3426708,-0.6401771
118910.98,-3.9710336,3.0574615,-0.35949668
130886.65,-1.5004841,2.8545384,-0.65304357
116072.18,0.7074319,0.49236453,0.74068886
119534.4,-3.0033567,2.4785767,0.7027975
120077.0,-2.5877101,1.7213484,0.9820117
115664.62,-2.8520694,3.1096187,-0.5411481
128287.74,-2.618956,0.66464484,-0.52010554
118464.695,0.59234744,1.1906768,-0.5972224
122233.73,0.040462434,1.3997838,0.61463463
130807.055,-2.1861367,3.0390003,-0.21272044
120832.86,-1.8857453,2.103305,0.75218546
127386.26,-2.044434,1.9940548,0.8671498
116818.76,0.90936744,0.7145857,0.8078589
131203.52,1.6944371,1.7854003,-0.9671744
124236.266,-0.5888418,1.7814755,-0.6610959
122279.484,0.44430265,2.181044,0.8528409
128898.24,0.9139238,1.381289,0.6162293
131112.25,-1.7613772,1.6637933,-0.6317463
123172.07,1.300875,0.45310116,0.8358178
119390.484,-2.9672163,2.8718033,-0.5385847
134236.55,-2.0582798,0.93498766,0.523358
122670.53,-1.0562298,3.0424685,0.59285176
116078.16,-2.5623693,1.9554476,-0.55099994
119354.95,-1.9957414,2.8426144,0.546423
129592.91,-1.289399,0.21555161,-0.41412184
118322.305,-2.2453797,1.0079259,0.61042184
126192.336,0.23458903,0.80860233,0.5896426
127976.305,-0.07715452,3.053072,0.52381885
118351.64,-3.4962218,0.16152841,-0.7473633
115128.9,-1.0714071,2.2786767,-0.62142295
130943.4,-2.1246634,1.8639944,0.60351264
134301.89,-3.6420457,1.8631434,0.7558979
132187.28,-1.7531407,1.7782756,0.5726202
133319.83,-1.4219823,3.0554476,-0.53297836
131308.48,-1.955445,2.7118998,-0.46706033
126558.14,-0.06307634,0.40794826,0.67005986
118394.01,0.009059277,1.6281507,0.4965938
126567.61,-3.2417746,1.83597,-0.82123405
134317.6,-3.3529713,0.55318826,-0.5157254
133500.92,-0.9599938,3.1078677,-0.7824465
125408.59,-1.2859777,2.6643085,-0.583267
133817.25,0.15201323,2.013974,-0.52960753
122360.37,-1.7038989,2.8878708,-0.7989675
117616.04,-2.5811808,2.6689882,-0.81767577
120052.01,0.3505855,2.7955306,-0.7283421
117253.95,-1.8467202,2.676835,0.6931683
121954.98,-2.104968,3.1393661,-0.44599196
126533.33,-0.60809064,2.3775747,-0.92033666
126640.3,-2.2671077,2.9540765,-0.5192686
116969.93,-2.3384008,2.996059,-0.5389853
117079.12,-0.31995314,3.0499327,-0.49073434
123876.516,-0.13102555,2.881816,0.69225943
115049.984,1.4135858,2.5964313,0.413982
131265.19,0.24688035,2.178345,0.5537156
119867.43,-0.2335296,1.7183216,-0.8513756
120845.234,-2.6975238,0.5365682,-0.61243445
123054.65,-0.9252054,0.16337979,0.52199215
126044.62,-2.4874601,1.405161,-0.7651671
129382.17,-1.5287626,2.8480787,0.70016426
127633.82,-3.3939302,2.1149333,0.580951
116265.17,-0.38065132,2.7347178,-1.2126569
121969.266,-1.3036271,1.883433,-0.8066726
124910.16,-1.6503072,2.626423,-0.694697
126662.016,2.0947232,2.5776443,-0.59557253
123411.664,-2.1589599,3.1088307,0.50134605
129902.02,0.09495793,3.0027647,-0.786633
120090.33,-1.7868412,2.9229908,0.4305969
128188.57,-2.062788,3.0681508,0.30489674
126421.37,-1.0852387,1.057919,-1.1064714
126038.72,-1.6133243,2.8039985,0.4766471
119255.7,-4.6179085,2.0741456,0.45555556
115350.46,-3.0020356,1.6732849,-0.44876516
132848.1,-0.675697,2.9194925,-0.6805323
116632.72,-1.2269437,2.3671956,-0.55247784
119620.01,-2.639555,0.40675783,0.5253194
120484.58,1.5621147,3.1183946,0.36171338
134601.5,-1.6949995,2.7030106,-1.0169626
115680.92,-0.6549778,2.1289062,0.60188484
117585.67,-2.0841107,1.425666,-0.3642343
132429.11,-1.5744241,2.705359,0.6627068
134072.75,1.3859149,1.814323,0.90870976
120981.42,-2.7166603,2.7088075,0.37109628
124995.88,-0.2105242,3.0488176,1.0586455
115506.53,-1.2924378,1.3847282,-0.51252425
130921.93,1.9186987,3.0171337,-0.37404042
115200.945,-1.3609892,2.6864085,0.7225043
129988.9,-2.3881621,2.2383323,0.50591356
127230.445,-3.4603722,2.0026298,0.58769596
127379.34,-1.4166266,2.405476,0.7151666
118507.805,-1.418777,2.9470265,-0.5937246
117254.29,-1.6219859,1.9418056,-0.95055497
116470.47,-3.7938707,2.5316083,0.57908213
129514.23,-0.71301323,2.7552292,-0.8092762
132447.33,-2.5621839,2.4486475,0.63439494
131165.92,0.029247971,2.9678764,0.35277623
130712.73,-2.6967204,3.1072032,0.4762995
125506.29,-0.1936874,1.8782327,0.7941239
116348.85,-2.9291234,2.2928286,0.85496366
117938.81,-0.3823576,2.0818305,-0.72981817
124386.75,-1.0553226,2.9955044,-0.4831351
131553.75,-1.7495867,2.8618405,-0.713921
122283.32,-2.0525994,3.0897422,0.4469383
115129.09,-2.678012,2.6868544,-0.6637598
115657.945,-0.07439882,1.6556588,-0.5234388
125198.03,-2.22748,3.1171923,-0.57290256
122823.8,-3.737759,2.7240074,-0.82676315
124398.07,-3.6937215,1.9383554,0.8495398
126175.016,-3.1235602,0.4641799,-0.724262
122146.95,0.16652726,3.1103375,-0.41229394
115961.95,-1.3689058,1.2745683,0.68940234
125905.766,0.06441284,0.11117756,-0.45113635
129952.42,0.7799994,1.3770833,-0.83136773
134280.4,-1.7422354,0.81508327,0.618666
115675.766,0.72874826,2.5383725,-0.64315325
132406.17,-1.7622448,2.7635329,0.49916092
130871.164,-1.323703,3.1105862,-0.46019742
121667.195,1.0895492,0.92719984,0.6390513
127444.37,-2.647904,1.1285719,-0.8672259
120979.28,-0.9889521,1.5953184,1.1464058
115157.52,-0.7419281,3.0001073,-0.5640624
119668.8,-0.33459002,2.677197,0.17255616
127468.63,-2.3158875,3.0432005,-0.39606023
122096.42,-1.8450229,0.08495641,-0.7240598
126109.03,0.5040016,2.0173576,-0.69162285
117847.57,-1.005934,1.868093,-0.43999028
129230.98,-1.7088627,3.1035905,-0.5430039
125793.97,-1.6452518,2.319669,-0.7482303
131339.42,-2.2041242,1.700975,0.7954579
116071.83,0.32196134,0.1817643,0.46510205
121518.27,-3.2755024,1.0834702,0.5020415
123288.26,-1.8311985,2.063843,-0.4547671
128160.84,-2.1664503,2.7025793,0.5039782
128070.82,-1.363641,2.6328337,-0.9018741
125845.53,0.69492185,2.1970894,-0.84205145
120653.8,-0.6337388,1.9974158,-0.9152004
130234.66,2.5290918,2.3084276,-0.5724606
117520.516,0.440028,2.8112955,-0.73267055
129137.13,-0.3576497,1.3122149,-0.69675535
128827.54,1.3356287,1.172744,0.7732253
126704.555,-2.9802163,2.9541006,-0.7071592
130471.875,-4.138565,3.0824924,-0.33037803
121773.18,-3.4203827,0.054005206,0.6076621
116341.48,-2.905165,2.2431757,0.7042397
115682.484,-1.5626547,1.2384486,-0.18919401
120178.95,-0.1676375,1.7815454,0.68157876
132638.45,-1.1225125,2.225098,0.66674685
116729.03,-0.19570164,1.8852344,0.70672995
129190.695,-1.8305019,2.487203,0.4274915
129389.88,-0.7533404,2.6632104,-0.5918605
117396.0,-3.2794347,2.1371615,-0.56548345
118441.266,-3.3554454,2.5096118,0.64551
133367.22,-3.78643,1.8159488,0.75116706
119976.48,-2.2271094,1.9237099,-0.52639514
133696.69,-2.3413513,2.3187456,0.7545365
130027.445,-1.2614709,2.145965,-0.6002165
117995.85,-2.8730228,2.583559,-0.8739559
129662.33,-3.1780174,1.2441744,-0.45512426
134447.55,-2.5998423,2.473776,0.6448741
122676.03,-2.059626,0.9641364,-0.6763084
133538.7,-1.5982273,2.9922142,0.4866648
122931.46,-3.3804886,2.2898626,0.59494513
120555.59,-0.87296313,0.44915533,0.514091
118287.43,-1.5798477,0.81616503,0.66296595
121092.805,-3.3674471,2.3147566,-0.74163073
131601.06,-2.6784015,2.1655517,-0.7916345
127367.52,1.0563768,2.91945,0.60242695
129505.805,0.89900166,2.7849007,-0.66800386
125439.74,-1.3074287,2.376725,-0.70568633
116401.87,-2.3824844,3.0730147,0.38641664
124077.22,-2.7405148,2.8590426,0.34453934
124319.66,1.5078249,2.2554488,-0.61246574
129342.305,-1.0209715,0.11290836,0.33415213
124341.836,-1.9453795,2.8533406,0.8076327
132127.92,-3.3992434,2.464011,-1.0984061
119207.79,2.215223,3.0946667,-0.36650726
126567.95,0.5724779,0.14428759,-0.35031024
122672.805,-2.2438445,1.4650513,-0.6172106
116727.516,-3.7491524,2.9825625,-0.5659744
115557.14,-0.073669486,1.085954,0.54725176
120500.016,-1.6022112,3.0920997,0.5208644
131497.38,-3.1380758,2.4944925,-0.6879221
134084.67,2.3616111,3.1231384,-0.32845065
122407.84,-2.841356,3.1173553,-0.5484178
115091.49,-2.8383765,2.290547,0.54355216
128206.55,3.2524853,1.541026,-0.7118559
116655.11,-2.753417,2.6865473,0.6903608
117664.77,-2.9220662,3.0576742,0.42004493
133609.78,-3.3907344,0.01919049,-0.37185368
123520.97,-2.6517837,1.7299947,-0.6923092
122412.01,-2.3362532,2.9370525,-0.5060334
126564.99,-1.5624824,2.2935243,0.7413354
131615.58,0.30344236,0.6097277,-0.51997167
119397.89,-3.5149107,2.8057568,-0.5265521
126053.24,-1.7958629,2.231496,0.6030295
134844.17,-0.9536377,1.7221669,-0.7534195
122843.51,-3.3697689,1.2557433,0.9399152
118973.37,-1.5541953,1.6406338,-0.9391253
125594.625,-2.4562256,3.1137922,0.23966755
120671.734,0.632151,1.7652391,1.1419525
117902.78,-2.427141,1.9400703,0.82854575
132351.8,-1.0486214,1.4858668,1.1989046
123559.31,2.1456575,0.14651743,0.4040424
116556.875,-0.4848115,0.21221665,0.4342809
115645.27,-2.6394746,0.26228574,-0.46353617
128210.836,0.4455257,2.3685977,0.5584392
120831.0,-2.7089603,1.3004503,-0.6722597
117662.53,-0.57790446,2.649309,-0.62802196
131304.75,-2.6974819,3.0960917,-0.4098639
131826.19,-3.4006126,1.8242006,-0.54016113
119232.01,-0.8850297,1.9429471,0.5924408
124915.46,-3.787098,1.2546239,0.7665896
131835.11,-1.4705968,1.2829393,-0.50597787
120799.16,-1.9003764,3.013168,0.31508383
119689.04,-2.6964855,3.1413374,-0.7665664
122872.3,-1.2069061,2.0967042,-0.65238976
126541.67,-3.2569366,0.2745974,0.6581701
116356.97,-3.1520233,2.5305057,0.5900984
128749.46,-4.08535,0.878894,0.6050305
131018.31,0.20367454,2.295495,-0.59623724
123739.76,-0.34646958,2.8980513,-0.4278122
134549.6,0.039937507,2.8264256,0.68801033
116868.0,-3.7203193,0.6199787,-0.25247356
124935.266,0.36776248,2.9865475,-0.52251446
134406.66,-1.8204775,3.0950053,0.8169264
124247.21,-3.2523088,1.2289063,0.5992589
120520.03,-0.411533,1.8268707,0.6658399
116555.02,-3.0800576,0.8519991,-0.7556459
115881.9,-2.6256874,2.9905417,-0.3046954
119445.375,-3.2522645,2.8397424,0.6900884
119068.805,-2.9984493,1.5143895,0.5942576
131304.14,-3.3106444,0.6900754,0.529816
128152.125,2.3255417,2.8414054,0.44263715
115973.4,-1.8997986,2.6659915,-0.6455411
133976.3,-0.82313806,1.6961653,0.7603955
133338.47,-1.085336,2.5711234,0.51194257
117843.83,-3.1921692,3.1174688,-0.5345515
134047.6,-0.40999448,1.7790799,0.77147794
119702.32,-1.9086093,2.4539616,-0.46953148
131149.58,-0.44286284,2.8354204,0.4937452
124195.3,-3.1313913,3.0540502,0.6934689
126575.484,1.1660124,3.1382527,0.36824134
125065.58,-1.3456986,3.1206136,0.791881
120342.94,-3.728739,0.2722788,0.44885823
128734.78,-3.298625,2.9110274,0.43335533
119664.49,-2.2459683,1.3789315,-0.6060455
120355.2,-0.7982364,1.6645014,0.50661814
117576.66,-1.4286385,0.9481187,-0.8168425
118174.35,-1.2113222,2.2618167,0.7433878
120746.98,-2.9422324,1.8094926,-0.5837294
115334.664,-2.6004496,2.2570386,-0.30882147
125598.0,-2.6956086,2.068487,0.9692759
123365.77,-3.9934318,2.686434,-0.6779155
121090.2,-1.0946603,1.8812186,0.6985343
126140.02,-2.0446165,3.026313,-0.66429347
132919.72,-0.81163526,3.0926309,0.43674183
118828.73,0.179229,2.0843453,-0.56460875
119907.445,-2.4117644,2.2616606,-0.6490455
130765.0,-2.3174279,2.7117062,0.4276865
121652.05,-1.9263542,2.751332,0.91043437
127814.25,0.33137763,2.3139231,0.6971695
121695.875,-1.629843,1.9145192,0.78454936
122127.195,0.55808,2.9836283,-0.54124546
116580.61,-1.2678428,3.029155,0.62567055
127506.23,-0.058812555,0.5190723,0.51613075
117508.99,-1.9064041,0.42098892,-0.4130138
123879.75,-3.2078788,0.2879138,0.50928533
127541.086,-3.4980633,3.0791082,-0.7831247
126509.94,-0.029840833,2.874335,-0.53182876
128849.05,-2.2173512,0.4695726,0.54642826
134211.42,-2.6040094,1.271551,-1.1205552
117395.766,-0.9726346,0.7950605,-0.7815352
116703.51,-0.4242946,0.08297765,0.6164474
128837.195,-2.267754,2.0535884,-0.49150926
134422.31,-2.3301675,2.726482,-0.7386628
125833.37,-2.4293847,2.9559615,0.7243371
131747.12,-3.1310618,2.8759768,0.29158664
128258.64,-3.2186472,2.0087447,-0.44882676
123666.44,-3.5169628,1.8982242,-0.56077397
128987.016,-2.7284513,1.2361389,-0.6976939
120901.29,-2.1321769,1.0034553,0.5696624
128118.86,-0.6522019,2.7338784,0.59547013
119702.94,1.9197695,2.1977713,-0.82364964
119781.43,-2.8647456,2.6832395,-0.5260111
116299.234,-4.1498184,2.321572,-0.6648706
134215.33,-3.4622755,2.8882387,0.36745816
116125.945,-2.0660622,2.629437,0.5360427
127664.42,-2.9984686,2.8001313,-0.7405279
116222.03,2.918385,1.0098964,0.6025424
121147.35,-3.1454122,0.7526074,-0.75212723
115901.69,1.4053906,0.42274165,0.5910816
129692.984,-0.6910752,1.1492664,0.49984756
131239.77,-2.4125366,0.35401917,-0.65272415
127427.47,-2.3688536,1.0476838,0.61126673
126121.69,-3.4104588,2.0545156,0.55225164
131256.2,-1.8653876,3.0309165,-0.53103787
115004.26,-3.0903506,2.2222152,0.52234155
125414.98,1.3973775,2.1489828,-0.6486139
121259.31,-2.0588443,1.6376245,0.50755227
133656.78,-2.4882247,2.9884655,0.55061454
126721.445,0.6091769,1.0564855,-0.6479875
117781.234,-1.7925324,2.8720007,0.35280722
115182.38,1.2465204,0.32913494,-0.4546364
125964.73,-2.6566572,0.058391333,-0.40941226
122751.57,-2.352469,2.2811828,0.87552434
124975.11,-3.1463082,2.0859797,0.4571398
126709.67,-4.0840487,3.06073,-0.32329485
115225.2,-2.6811311,2.3872821,-0.72523445
128414.586,-3.095828,2.0418446,0.46918026
133227.56,0.34835505,2.2215517,0.6476016
116691.445,-0.34066844,2.8274834,0.5134965
128540.17,-1.7682965,1.6703194,0.36788607
125682.6,-3.341032,2.9761267,-0.90289366
126225.05,-3.2826705,2.3011994,-0.5838379
125671.81,-3.7185793,1.7801592,-0.74405974
127705.266,0.8723954,2.7515543,0.7578561
120339.6,-4.00358,3.0982528,-0.5288433
121826.26,-1.6941246,0.7645465,-0.5162962
115864.984,1.0330057,0.9916937,0.54102486
126932.016,-1.767141,0.82865834,0.52199733
115281.445,-1.1541903,2.3101344,0.7142399
122211.625,2.4798927,2.255296,-0.7031216
122319.01,-1.5558608,2.8131316,0.55849445
115087.7,-2.42365,0.77448255,0.50253326
126164.21,-1.6622478,2.2516122,-0.6588475
129246.08,-2.299566,2.1860628,0.41792578
116664.37,-1.2209828,2.2423723,0.5554598
128774.62,-1.1112237,2.3293629,-0.734215
126650.86,-4.188998,1.0661474,0.49948484
131894.86,-2.6330395,2.1564035,0.74764293
130328.07,-1.2482166,0.41068935,-0.5192017
128688.16,-3.1400256,2.2720516,0.58692926
128519.1,0.37390524,2.650107,-0.6352162
123642.5,-2.24375,2.8527827,-0.8042833
122053.68,-2.169758,1.6014154,0.6022332
133950.31,-2.622803,2.8773036,0.49469307
132808.02,-1.6991225,2.670403,-0.51136607
129241.18,-0.4949375,3.1065984,-0.59733135
116893.54,-2.0218048,2.2930272,-0.6755864
125908.695,1.678581,1.8990567,0.8574414
133939.66,-1.0794336,0.13700104,-0.3821775
123851.5,-2.6259656,2.7708654,-0.6384674
123041.21,-2.1967905,0.40782797,-0.42215294
129147.28,-2.7663026,3.0347548,-0.38552144
129775.15,-0.3442752,3.1194086,0.5790111
128768.54,-0.8675226,1.4602004,0.5795584
117358.88,-3.7773511,0.78971523,-0.5293916
134450.55,-1.4887486,2.865482,0.8597556
130963.43,-1.8831266,2.6101189,0.6295915
116373.04,-1.7666792,1.568758,-0.65677875
121905.85,-1.8282032,2.9687066,0.54697555
130460.47,0.070958905,2.7856314,0.6595671
130523.484,0.25295594,2.887015,-0.33859274
116509.41,1.6231886,0.7664972,-0.71243525
125594.26,-3.538907,2.9823668,-0.59928346
117256.67,-1.7016335,3.0311627,-0.5361528
124437.484,0.61916333,1.5489026,-0.764467
128940.98,0.32424274,1.5677917,0.6280858
129677.266,-3.0804415,2.3079374,0.9266077
134702.3,-0.49305925,2.9767783,0.2662196
123560.77,-3.6717548,2.6131158,-0.49797958
119083.234,-3.1185396,0.5536239,-0.6927541
120433.49,-3.6082897,1.7568738,-0.6048928
133172.36,0.3208753,1.2302349,-0.56206846
122239.35,-2.029911,2.992077,0.31652904
116256.914,0.14175467,2.88646,0.5573452
124320.99,-0.9073902,2.2266655,0.5272376
127179.76,-0.3879678,1.0302625,0.72630465
119602.84,-4.027257,1.0221224,0.66799825
127191.34,-3.72687,1.4817101,-0.51635176
126366.21,1.3506575,3.039974,-0.61768997
116079.305,1.3181678,2.586369,0.5860822
115745.09,-2.4137053,1.8129231,-0.5247881
119531.33,-2.4588344,2.6621249,-0.5749004
120778.38,-0.59594434,1.9899173,-0.72176284
126848.18,-2.0413105,1.265258,0.57938445
124506.1,-3.19316,1.144605,0.6179684
128700.66,-2.0899885,2.6519768,0.6175163
116997.27,1.3823607,1.6284983,0.9925096
128879.91,-0.34419498,2.1849747,-0.5991006
116259.77,-0.05106765,0.55470014,0.75312495
122681.04,-2.1197941,2.770901,-0.4197593
127282.53,-1.3851867,2.457082,0.6274766
130217.42,-1.3085966,2.4775357,-0.65559417
132612.72,-2.7859037,2.732259,-0.69889617
122173.16,0.4200018,1.8018141,-0.6675768
123335.11,-1.06031,2.212861,0.6582484
125582.88,0.06126921,0.24872208,-0.4591365
118590.09,-2.1956568,2.8194609,-0.40232706
131096.05,-2.440411,3.0251093,0.5065224
122177.945,-2.9861925,2.1182044,0.7408202
129759.47,-2.7464168,2.2977412,0.8678783
115818.64,-3.3351862,2.8592737,-0.60843694
120102.43,2.8524113,2.5378563,0.5115208
116762.96,-0.0677956,1.8967147,0.6519477
119357.21,-1.1863868,3.1042829,0.5091475
126082.63,-0.7964826,3.0365548,-0.6384135
117805.26,-0.6745353,2.4663258,-0.76993996
132390.34,-3.2575743,2.54734,-0.9103178
133326.27,-2.861169,2.6959784,0.69928586
134010.02,0.6913947,3.1254826,-0.38072604
128466.35,-1.485683,0.004139185,0.49924558
126255.37,2.1453528,1.9845562,1.0407491
124790.17,-1.6064172,0.3848083,0.34110206
121106.31,-3.8084774,0.62756777,-0.5195782
132492.17,-4.041637,1.8087686,-0.5545122
129004.0,-2.3112168,3.079936,0.45232934
129269.22,-1.4897695,2.3206365,0.9506669
120210.49,-1.7074034,2.8115604,0.5701981
123539.484,-1.3454387,0.1128546,-0.3683343
127099.78,0.4947128,2.5426586,0.67736816
115278.484,-1.8486619,2.8782468,0.54576737
116180.7,-2.1045508,2.4765577,-0.71217495
121509.81,-1.4898062,1.0505234,0.79682726
131895.61,-2.3373153,1.801383,-0.848559
116945.88,-1.8867078,2.0158587,0.6684365
129778.61,-1.7330292,2.3392448,0.636003
124408.41,-0.012403563,2.871981,-0.43881938
126071.38,-4.2897563,1.270356,0.7596504
130299.79,-3.1714199,2.7840557,-0.39937308
119635.25,0.5478014,2.9839616,0.676214
123131.53,-1.5295874,2.1209931,-0.41303772
123279.31,-2.7748091,2.8209436,-0.15360846
131361.06,-3.1488588,2.7040777,0.8061284
125969.86,-4.0802946,3.122248,-0.3846735
119389.75,-0.9847777,2.9184859,0.70604056
130583.54,-0.3384296,2.357318,0.6745291
124512.9,-0.1377275,1.8032902,0.52734023
128662.625,-1.5641452,2.782106,-0.4528466
133147.36,0.52290493,2.3175542,-0.987754
127162.445,-3.5202196,2.2912612,-0.30500433
119091.18,-3.2942986,2.6705484,0.5920363
120914.1,-1.2834914,0.038132012,-0.39024764
124500.41,-2.436106,1.8620205,0.706026
116722.88,-0.39643812,2.9635112,0.4975593
124100.93,0.80380744,2.0733113,0.55388623
128025.72,-1.0927362,2.779572,0.66909724
125413.34,-1.8225868,3.0090246,-0.6567118
130623.36,-0.28182146,3.1179285,-0.40695277
121203.63,0.80471927,2.3306928,-0.648109
126269.04,-3.0994432,1.4048765,0.66444904
130599.53,2.038639,1.8661612,0.62677056
126799.055,-3.016822,2.874766,0.4762442
132746.9,-1.2475879,0.8959055,0.59988284
116952.7,1.8521149,0.24122953,0.7036125
115650.945,0.5376785,2.9864469,0.593764
124760.266,-2.264872,3.071949,0.65755045
125161.39,-0.22666514,2.8219113,0.617101
121227.32,-0.3497496,1.5225356,-0.6560739
117171.375,-1.889364,2.873863,0.46718106
118745.07,-2.9315054,2.9139478,0.38783932
124233.22,2.0412028,1.9311671,0.6381757
115743.51,-2.1507823,2.949807,0.5457198
124425.266,1.728069,0.18962908,0.4340812
127142.11,-0.15444188,2.6680574,-0.3913842
132164.14,-1.4917762,2.2645822,-0.24037632
133141.27,-1.7740728,1.7249556,-0.7226281
133712.84,-2.6379435,1.4209248,-0.8035862
118563.766,-3.6015658,0.09708643,0.6899461
123460.44,1.3015825,0.60529184,0.4770484
123294.44,-0.60677963,1.3218884,0.675491
130134.23,1.1202992,0.8331058,0.7185222
119205.55,0.06267147,0.8069496,-0.7573817
118241.14,0.7789191,2.64934,-0.67482007
130205.94,-1.1847014,2.752517,0.46283337
123624.22,-4.18059,3.0800338,0.5214808
130398.31,-2.078374,1.9569356,-0.7731799
133193.86,-1.9238883,3.0838056,-0.5542953
129950.17,-0.33330858,2.3790815,0.7269485
117359.445,-2.2150266,3.1184037,-0.52388483
126122.23,-1.7795978,1.5093013,0.830202
122223.46,2.1172433,1.3544022,-0.64773977
119263.695,-0.4998638,1.6105238,-0.4963008
126058.42,-2.6785026,2.6063235,-0.59047747
127695.266,-0.88572943,0.53603315,0.8636995
120185.75,2.2085447,2.5418842,-0.676828
131826.03,-0.74786764,1.1144931,0.6829463
115755.28,-3.5835154,0.92490876,-0.36786768
128064.93,-2.9566002,0.30201948,-0.58483577
134426.2,-3.4326284,2.8984678,-0.5197237
125295.86,-4.0463552,2.2047372,0.3439159
120910.41,-3.1277006,1.9865266,0.44636783
118995.87,-1.360508,1.0040182,-0.6388632
134132.31,2.034388,3.0854664,0.426486
128490.76,-1.0844171,1.1722134,0.6440773
131784.22,-3.4498496,1.7118486,0.6587361
120228.0,-2.1210487,1.7472439,-0.7094576
124159.99,0.13941595,0.08637428,-0.27204934
122126.586,-2.1682744,2.4993014,1.0112396
116730.81,-2.2639606,2.4424043,-0.5798116
119676.35,-0.6057444,0.024842024,-0.66196233
132763.88,2.8396645,0.118181944,0.50276315
115279.03,-1.3274752,1.8803986,-0.78882
116133.766,-1.3542703,0.7955396,0.5689866
124770.59,-1.9334792,2.3667245,-0.89585316
120573.266,-0.54847896,1.6963792,-0.8110577
119259.72,-2.7675169,1.4807339,0.9729547
133535.05,-1.2796825,1.5034889,-0.7640094
123010.44,-2.0758073,2.7751389,-0.66967446
126831.28,-1.0414683,2.3492372,0.5321425
118312.68,0.76153356,2.6406984,-0.46547952
119715.84,1.5570227,0.38001084,-0.54139423
125989.44,-0.25974926,1.9898889,-0.6304168
122794.42,-1.2918605,1.991907,-0.635219
122283.92,-1.8298997,1.5727953,-0.9495425
119277.0,-3.4028642,2.7651653,-0.5703125
123248.195,-1.3291869,1.9190953,-0.8215908
127322.47,-3.4299562,1.7085922,0.53151286
128965.37,2.4658222,1.0536327,0.55651283
130986.67,0.83874387,0.54846287,0.5183909
128262.78,-2.3815022,1.9887483,-0.5668272
118907.016,-0.5399801,2.7369463,-0.50398415
122572.06,2.728768,0.96244776,-0.6053373
115745.2,0.5098936,2.9806657,-0.4874022
120795.43,-0.85056907,2.7848613,-0.45317325
127602.65,-2.1781905,1.0006729,-0.46728125
131526.61,-2.393149,1.8572998,0.77953845
129980.74,2.1160662,1.6749505,-0.61609435
116810.51,-2.7955759,3.1279907,-0.7971761
121288.27,0.32460332,2.0009387,-0.8554637
120464.15,-1.8246062,2.4112215,0.41471824
122695.516,-1.3572116,3.034736,0.4866759
130854.305,-2.779677,2.6851084,0.7794067
117278.664,0.2532744,2.1898918,-0.6023377
121580.92,-2.791416,2.8520026,-0.82114375
134127.89,-2.37917,1.8622873,0.8516908
134825.88,-1.6327465,3.1383784,0.47638938
116976.336,-3.157068,2.7875748,0.7269804
121433.09,-2.8577063,1.9517952,-0.62200856
120092.18,-2.5487247,2.0955768,0.559344
130729.16,-2.833572,3.0623133,-0.51441044
127666.94,-1.1512679,1.9219035,0.6634769
131216.77,0.17290176,2.1796649,-0.6596637
117121.61,-1.0303088,1.307704,1.2157161
125396.0,-2.3958197,3.1021752,0.25952962
128813.766,-0.9348075,2.0720916,0.58773154
119056.58,-1.7539773,2.360455,-0.5794004
130918.11,0.1449995,1.9518179,0.7383171
134128.08,-1.7824091,2.6095219,0.66106457
128354.945,-1.2446389,1.0947363,-0.72074336
120421.89,-4.099168,2.0694,0.7231568
121014.93,-0.6087369,0.1841811,-0.5480824
126359.98,-2.0561967,1.5796459,0.5254615
134400.08,0.2439952,2.553219,-0.664561
126036.586,-1.2163569,0.033441722,-0.2567719
126730.11,2.0739121,1.7395991,-0.67875046
120309.14,0.14445004,2.7418838,-0.4985551
120720.36,0.044695478,0.5324004,0.5925055
132796.23,-1.3717228,1.5679858,-0.80444247
127026.59,-0.94241494,0.03460622,-0.3541025
125885.805,-2.7891092,2.272555,-0.899556
121698.484,-1.7884638,2.7381952,-0.73345894
120318.336,-2.3288937,2.0384936,-0.6876462
115312.83,-2.4793892,1.8079722,0.43015543
133508.52,-3.717595,1.8986778,-0.7078654
129392.39,-1.6005533,2.051565,0.5623777
119362.83,-2.7994752,2.2513623,0.3525305
128371.84,-0.34091315,0.49676406,-0.547359
129216.61,-2.3192923,2.4203784,-0.6709941
133120.36,0.5289025,1.6573327,1.4134634
130059.52,-2.7129633,2.500208,-0.8112956
120647.58,-2.9924293,0.90743077,-0.403861
116023.94,1.2837453,2.7558103,0.4915413
123754.945,-1.7231197,0.4710822,-0.7698323
130972.4,-0.56388205,0.5549717,0.7825719
125186.016,0.9345868,2.8921435,-0.6851394
118613.97,-0.10389812,2.1575089,0.5641157
125059.95,-1.5487916,1.8203708,-0.8757974
129432.81,-1.4414858,3.090179,1.0114405
126251.07,-0.89706653,2.783802,-0.88503635
118724.29,-0.44465342,2.7603216,0.6304867
125117.96,-2.3607564,1.9488358,-0.88802636
126696.27,-1.094737,1.8341227,0.9838272
116042.44,-3.811936,1.9960911,0.6647365
127587.664,-2.833572,2.8642778,-0.61835337
129945.54,0.70048153,2.8131273,-0.7444674
116553.22,-3.7829778,0.99490315,-0.544
133794.44,2.0052438,1.6502833,-0.7611003
127567.03,-3.7334907,0.5686878,0.49298513
121691.48,-0.73415333,2.4027708,-0.4485227
119029.84,-1.1688973,0.6110853,-0.80348223
131486.27,-3.4788444,1.969791,0.3138688
131460.14,0.18428999,1.7290993,-0.78626204
127633.25,-0.045002136,3.0752077,0.48098606
118176.36,-1.2307663,0.010029614,-0.15611164
130942.336,0.25405085,1.7014691,-0.81694025
133262.25,3.9861982,0.21678078,0.45965207
117508.13,-2.1243756,2.481485,0.48921978
120578.06,-3.5670207,2.5736053,-0.74197716
119828.42,-2.881516,2.892221,0.34767
131834.56,-2.6673896,2.910177,0.6425905
123329.234,-1.8524824,0.6866614,-0.6993343
121111.1,-1.7288197,2.0848498,-0.824893
133097.2,-1.1539376,1.9404002,0.7282934
120469.44,-3.2343223,0.5992156,0.47161976
122854.12,-2.32773,1.9949892,-0.8904501
118663.82,-1.8288584,3.0523217,-0.4636673
115819.984,-1.9647505,3.1128693,-0.35470065
119327.66,-2.1410916,0.124773175,0.23395088
132494.56,-1.6171354,2.1145473,0.6486691
131696.42,-2.2864218,0.4726438,0.3141779
116466.26,-3.3440707,2.5988798,0.7163167
117807.52,-3.4915476,2.0604255,-0.7177542
121976.555,-1.4229039,0.274261,-0.52619964
115964.42,0.15471728,0.660617,-0.68250096
119405.71,-1.7972481,2.5278537,0.71163
124692.48,-0.83404857,0.6059876,0.81536067
126678.42,-2.0255995,3.1070528,-0.639931
118585.25,2.7160597,2.5414438,-0.7983266
129556.18,-2.912706,2.7843926,0.7156472
123022.83,-3.183189,0.006287217,0.33717316
128105.74,-1.2144024,1.8067032,0.5646039
130448.016,-1.6630372,3.0726671,0.7694674
128875.5,-1.4527227,1.4059576,0.6129883
125948.266,-1.5651953,3.0899286,1.1680876
130459.836,0.5856993,2.40635,-0.78260446
116306.695,-1.3494061,2.0085988,-0.54114527
125507.02,-2.7747297,2.9047065,0.6826937
116041.9,-3.4937017,3.0657659,-0.46431014
117756.484,-2.4201815,2.8632355,-0.6199782
118375.29,-0.85789067,0.21708,-0.40936765
122503.11,-0.8782469,2.8254158,0.5430526
122407.23,-1.6068416,0.5535058,0.6528757
123170.19,-1.5014611,1.1588086,-0.6130289
131686.98,-2.299821,2.331891,-0.7622459
121745.516,-2.4279327,2.7830238,-0.17663878
121352.36,-3.4226096,2.0113926,0.4239277
120514.73,-1.2449969,1.8721951,0.58388805
117766.92,-1.033596,2.2914636,0.63049877
123172.74,-2.467576,2.0781436,0.3436814
116390.73,-2.5922039,2.712279,-0.23966561
126558.49,-2.5969777,2.8446593,0.7047056
126648.91,-0.103278466,2.4637392,-0.6688659
128538.18,-3.6853936,0.2745359,0.5730539
125123.98,0.1302692,2.7574763,-0.61675566
132348.55,-2.5380368,2.8529835,0.5992953
121401.18,-0.5225716,2.0563881,-0.8549447
115263.67,-3.1679564,1.1427029,-0.36253923
134255.16,-2.2067442,0.66729105,0.60692346
116041.95,1.3817446,0.44008604,0.5124769
116695.25,-1.2797738,0.8644242,0.89100015
130011.8,-0.0431269,0.7769613,-0.49416405
120008.445,0.41452682,1.3034427,-0.6604221
115550.77,1.9956945,2.2991772,0.6785885
118774.95,-1.2753361,0.7852121,0.40252465
117409.17,-1.6982741,2.7591658,0.50977004
127084.43,2.687406,0.11290085,0.48746532
124689.76,-4.1782484,1.9699429,-0.5910338
133894.17,-3.987807,1.7851951,0.56286657
124327.445,-3.58908,0.2189064,0.54878557
120289.9,0.90759605,3.0377479,0.50824946
123307.81,-1.4186106,2.912859,1.0018967
132167.2,-1.2071737,2.0341344,-0.64322376
123080.99,0.2684298,2.3096135,0.65085226
118207.15,-3.9115381,0.25637853,-0.5621091
123912.66,1.5562986,3.009667,0.47308373
122878.305,0.17701735,3.1352358,0.5539127
121566.305,2.5807636,1.2608453,1.0584292
132767.06,-1.3007653,1.9908286,0.61464643
121842.055,-0.3215202,3.0648894,-0.39115977
134597.69,-3.2195678,2.3111682,-0.66991246
132230.22,0.2546859,2.8899312,-0.7175258
120177.23,-2.6756094,2.8693202,-0.3718842
134622.92,0.6976981,3.0242584,0.48757344
125564.93,-3.3081255,2.4615173,-0.5223737
130508.375,-1.5089263,2.104084,-0.6163882
121667.03,-2.6960588,0.9371227,0.5433715
129939.52,-1.8503143,2.1302276,0.9557216
116316.516,-2.3588784,1.1930197,-0.49303144
115618.67,-3.341545,2.455981,0.49891573
129134.4,-3.1764705,2.8327198,-0.43561566
130653.99,0.2139336,2.5711446,-0.72687274
115075.22,-2.0443292,0.7022876,0.59019667
115778.6,-2.969852,3.0529537,-0.5440054
116368.35,-1.2238846,2.017639,0.71023744
119068.0,-3.8989596,1.7639035,0.4358396
131662.83,-0.7786191,1.0886042,1.0484422
118331.85,-3.6816149,1.1275147,-0.7276626
129297.516,-3.55712,2.9861736,-0.63591135
133173.14,1.1838841,1.9032904,0.69130826
125032.734,-0.90817845,2.7579985,1.0732261
127091.33,-2.7352474,2.9418745,0.9670137
119544.87,-1.7243384,1.8440908,-0.49056563
115257.46,-2.4270592,2.965146,-0.42585596
132457.12,-4.045031,0.27467644,-0.54357374
116680.81,1.2078984,2.3706887,-0.88849497
121300.42,-2.2476647,2.6103368,0.53387004
133762.62,-0.9443918,2.6981192,-0.73372966
130427.91,-4.1244893,0.061009645,0.5963138
126184.336,2.352726,1.5262783,0.74247944
122170.8,-2.139169,0.26835698,-0.3461621
122413.28,-2.53582,0.63735604,-0.64711654
132916.67,-1.7826042,3.0837069,-0.49494776
130415.2,-1.1482114,2.8922906,0.5579062
126118.91,-4.1758127,3.082921,0.5160551
115498.23,-1.6402938,0.57761836,-1.2840217
115366.484,-0.32125905,1.3819634,-1.0633992
127544.375,0.32211217,0.76530135,-0.49850136
127281.0,-0.74381155,2.2291913,0.5968197
134245.12,-3.096375,3.0019095,0.49963614
117456.664,-4.2497225,0.010917902,-0.35038787
122554.62,-2.368522,0.896955,-0.66728663
119149.39,-2.2467563,2.6365948,-0.6374118
130578.94,-3.0687442,2.65116,-0.5124816
116528.71,-2.7148573,2.0610886,0.61648124
118357.57,-2.7191312,1.9791318,-0.5099598
131934.2,-2.2122567,0.93741995,0.94749457
129932.76,1.5155685,2.0712388,0.75327325
117173.805,-0.95378894,1.8669419,-0.50052035
126073.734,-2.6991012,1.3686588,0.55547506
130914.6,2.9379997,1.7764821,0.63817817
119677.86,-2.40935,2.3654182,-0.7189378
129425.34,-3.430905,2.2970383,0.56669724
120303.67,2.284614,1.4016058,0.60323524
122906.336,0.92606705,2.520425,0.7400838
124487.44,-1.9173725,2.1361513,0.6436042
119111.5,-0.42788196,2.5050774,0.5240329
131572.95,0.8366384,2.839899,0.62734276
130305.836,-1.1525398,2.2167218,0.6417558
117624.06,-2.5426037,3.0150144,0.19283417
118981.73,0.028577536,0.66397405,0.58616585
115656.95,-2.4418626,1.6213498,0.60075676
128756.64,-3.477933,2.8086712,0.49992052
117541.5,-2.112867,2.4962592,-0.4616181
133942.5,-1.1864772,3.1264987,0.46901602
116026.97,-0.66465,2.0311882,0.7723671
131000.28,2.0586433,1.9974556,0.6058928
132315.05,-2.3728414,1.3891501,0.74616575
116690.29,0.14529707,1.1169149,0.58856976
128504.83,-2.2669232,2.5389197,-0.8694539
126909.266,-1.7431546,2.7919788,0.5722742
134377.4,0.68229395,0.20331967,-0.3627174
125200.52,-1.2488543,2.0286212,-0.76509285
116494.0,-2.2752006,2.261226,-0.89667326
119469.41,-2.5550787,3.0666754,0.915648
125625.08,-3.069203,2.5594084,-0.61808044
121746.29,-2.3010638,0.035181284,-0.43806404
133296.84,-2.9409213,2.9720051,-0.743598
124155.67,-0.80376345,2.9431672,-0.7698169
132601.84,-1.909647,0.7581535,0.8850826
125750.59,-3.3136308,1.7149742,0.9441999
129870.266,0.69052625,2.862004,0.4936848
123409.95,-2.3702872,2.9524212,0.4514846
133028.44,-1.9141171,3.1000278,-0.13220812
122496.19,-2.6224825,2.9980192,-0.6036459
130347.98,-2.3042407,2.679481,-0.8646534
130034.04,-0.6297097,0.36733627,0.5237292
127095.13,-1.3008496,1.1297926,-0.84111685
122593.2,-2.4957423,2.0755115,0.4892884
131092.17,-1.9094216,0.049883604,-0.43158007
125495.96,1.0831333,2.0230274,-0.73346436
131959.31,-0.46027744,3.1409402,0.62804353
126759.445,0.16298822,2.407885,-0.58040535
118219.02,-1.8884943,2.635172,-0.6463458
122354.32,4.9003444,1.1988484,-0.8186281
131911.28,-2.0409045,3.1238403,0.43643475
128141.74,-0.279824,1.7843552,0.5319504
126224.55,-0.8420766,0.71528137,0.7548895
129565.55,-1.5163001,1.9596707,0.7601465
129993.414,-3.3517237,0.97620595,0.51846933
131200.06,-1.7387278,2.6930068,0.3193874
123124.44,-2.433978,1.9081264,-0.22503771
125697.414,0.43557933,1.9642816,0.5397361
132166.17,-2.73192,2.8789294,-0.6286399
121623.04,-3.099068,1.3817443,0.6697824
123828.055,-1.3676856,3.0225556,0.53056246
126113.09,-3.549206,2.8156636,0.55145484
133092.33,-3.3245778,2.850113,0.83200455
133515.56,-2.370957,0.44393548,0.32001826
123699.945,-0.99105644,1.7835013,-0.71583474
119814.66,-2.4585059,2.565956,0.45909917
132813.19,-2.9815896,0.7585851,-0.6085644
116019.945,-0.43907765,1.8780181,0.5378389
123936.54,3.0635214,0.054177523,-0.19241259
121964.14,0.26909208,2.2788258,0.6299515
115578.89,0.09658482,2.6141903,-0.5797583
116658.51,-3.1392915,0.581864,-0.19526681
117954.93,-3.701265,2.1550777,0.5288573
122824.414,-3.793836,1.5122699,-0.64436346
124178.5,-3.0025167,2.9765644,-0.6837602
121288.04,-2.118866,2.8898528,0.7384866
124970.836,0.47216064,2.5630324,0.5805859
131559.39,-2.5933018,0.9654727,-0.64911366
134073.38,-3.5089464,2.1904519,-0.8034924
115381.875,-1.2773774,2.9532948,0.7187199
122638.36,-0.49084607,0.30539036,0.50255454
121805.62,-1.0019289,2.9646556,-0.684336
133417.06,-2.3129401,0.06442684,-0.54139084
127944.195,-1.6464516,3.1164017,0.4250627
122923.07,-3.7083585,1.9951712,-0.4528536
125623.25,-0.032752715,3.1268768,0.43557948
131341.23,0.5183012,1.5371033,-0.56949836
120513.41,-0.043891456,2.7847722,0.63799006
123321.82,1.6371723,1.8768682,-0.6844617
122554.03,-1.9912177,3.060787,-0.33875856
115799.05,-3.4020762,0.1698699,0.6617408
124638.36,-4.109315,3.0799632,-0.5483903
115174.03,-3.558474,3.0900543,-0.5620095
115045.055,-2.0339532,3.0671062,-0.279038
123098.31,-3.3736713,0.48024023,-0.7317687
117544.125,-2.1191792,2.792834,-0.58578193
124549.58,0.42017913,1.5021052,0.65249586
130615.945,-2.3806984,1.2867241,0.5495299
128499.984,-2.0055013,2.078374,0.7044371
130470.44,-1.9508756,2.389143,-0.837405
130312.42,-1.6442962,2.2187421,0.58282655
124667.625,0.68912745,1.423222,0.5672581
126155.95,-1.0427313,2.7001197,0.4213573
130458.61,-1.5290645,1.839613,0.6775087
129367.43,-3.4687896,2.3212233,-0.54926306
115959.83,-1.0726111,1.5487595,-1.0550239
123862.68,-2.7334073,3.0511024,-0.18029064
122300.97,-3.3156075,3.044767,-0.39104664
118294.91,-0.6246863,1.2508467,0.6963506
117861.13,1.7533592,2.9396124,-0.5570325
133263.34,-2.1564124,0.47888646,-0.643033
115379.12,-0.57699233,0.15992391,0.47336218
123683.5,-1.1025772,3.1341512,0.64682937
128365.17,0.6252974,1.6632591,-0.7669702
121260.42,-3.1296136,2.812601,-0.74687594
117525.375,-1.552381,2.5394099,-0.77718693
120189.33,-2.2637036,2.5196462,0.38764265
119554.59,-2.8099575,0.1796078,-0.49877274
122364.66,-0.43069503,2.4603882,-0.814186
120328.4,-0.52395207,2.8803258,-0.6143829
127024.64,-0.8654488,2.7308435,-0.64331883
131683.39,-2.223066,2.0258198,0.35764638
115520.99,1.708587,2.1440494,0.7296934
131560.98,1.4972483,2.8507013,-0.46090356
124367.72,-2.0263047,2.3975163,0.48491555
124298.47,-2.2825701,2.425365,0.66243124
126609.52,-0.6579062,0.4528075,0.55472994
119830.27,-3.7390332,1.0889257,-0.6702215
129780.59,0.17012896,2.9849606,-0.37498444
116645.06,0.17213371,3.1063764,0.4611097
118771.234,-2.4667711,2.5411425,-0.44571334
123404.5,0.789475,2.009132,0.62483096
119062.23,0.95398897,0.7605378,0.8283191
120211.664,1.0451224,1.9574049,-0.9436101
125528.77,-2.8203375,2.1910791,-0.7297875
116100.89,-0.060518987,2.469913,-0.8313301
115270.48,-0.4762652,2.0481455,-0.75584847
119039.56,-3.5246708,2.1650977,-0.5824724
116709.39,-3.1581182,2.1830735,0.50526327
130222.4,-2.163028,2.1151485,-0.55405563
130860.445,-3.46005,2.7909558,-0.82932425
115248.69,-0.113305464,1.4324656,0.7526612
118144.57,-0.21025607,2.4704943,-0.5597668
120597.805,-3.4667587,2.5820165,0.65827745
123799.83,-0.31102774,0.50280535,-0.5060944
117774.22,-3.559466,2.4232454,0.78429854
120374.67,0.40485322,1.007254,0.5301033
121201.56,-1.452264,2.4017506,0.6371682
117001.92,-1.2024447,2.697361,0.46118504
128644.48,-1.1613506,1.9070791,0.7822727
122711.6,-1.7787801,2.7441683,1.0070426
128743.39,-0.4216351,0.70694804,0.98283744
119014.03,-2.4101143,2.7484875,-0.822635
120242.62,-1.9596938,1.1816497,0.85569346
121939.266,-1.8021536,2.5602582,-0.9330029
126171.5,-2.1621184,2.3386714,0.7586553
115079.85,-1.0383006,1.9758881,0.64103234
117292.8,-3.8558457,2.8069608,0.5342767
118098.51,-2.6153786,1.8805484,-0.8297638
124372.04,-1.834958,2.8036149,-0.59369785
128712.08,-2.8751948,0.7236228,-0.6160957
120734.2,-0.16224483,1.2370389,0.9709232
128644.76,-1.7953635,2.6610496,0.3699954
115948.34,-1.3769416,3.136836,0.99910545
129145.305,-0.7343195,3.1361048,0.5954366
124365.48,-2.9950087,1.6774535,-0.80640703
120236.51,-0.90056056,2.9986973,0.45321918
122677.07,1.2016566,1.8269678,0.618479
127052.93,-2.346201,3.0480883,0.40700528
116937.42,-2.3445466,0.6744184,0.77706385
118195.73,-4.16103,2.0589387,0.33280578
123900.42,-2.4138923,0.28659678,0.29453328
115679.36,-0.71989757,2.7605984,-0.5001685
123180.04,0.45816317,3.1108437,0.4070967
131367.86,-1.6513381,2.7475438,0.5426364
126124.484,3.8973584,2.2613106,0.6085238
125193.88,0.22506537,2.5830607,-0.6923168
127376.23,-0.8395157,1.2346998,1.0258754
119159.805,2.5002198,2.7360497,-0.6600366
127506.21,-3.070006,2.8783717,-0.37387222
123309.24,-2.5098033,2.1453269,0.5060733
115843.71,-0.6483939,0.46277,0.7283664
127663.81,-2.2189138,2.7824254,1.0562135
132553.05,1.9880251,2.6985078,-0.6312547
120699.164,0.39094332,0.108342886,-0.2284562
124583.016,-2.4904199,3.098033,0.4159143
131440.62,-3.1376772,1.2582701,0.795487
122733.0,-3.467499,0.40448287,0.7191101
134433.52,-1.7888237,3.053752,0.555971
120921.06,-1.4262147,2.6228719,-1.1053799
119381.46,0.20537978,2.2556915,0.75752175
123785.23,-2.7446287,2.7874053,-0.5669793
126348.93,-0.9677421,2.4333346,-0.6570436
117296.52,-0.974423,3.0133142,0.4554467
121466.24,-3.4276125,2.5872438,-0.4463784
116374.46,-1.2198533,1.931043,0.6785966
116203.375,-0.7756687,0.60572696,-0.58892363
117548.56,-3.3489497,2.277069,-0.31417572
115329.52,-3.5963485,2.1674833,0.5043948
133045.31,-1.7691697,1.4933459,-1.0078162
118865.234,-4.000797,0.7390211,-0.5161728
117767.734,-1.6240864,1.7509418,-0.5125223
120376.73,-3.0354996,2.2122686,-0.73285306
117393.32,-1.9571092,2.719613,-0.5095147
121544.3,-1.208184,0.27420688,-0.304769
131022.75,-2.7955139,2.6879075,0.32159084
126627.86,-2.5640996,3.0719523,-0.507936
121129.38,-0.6710243,2.4384875,-0.91553515
121002.62,-2.5235288,0.75595903,-0.5683109
120785.945,-2.982968,1.5244496,0.61243373
115840.516,-4.1056786,0.44737256,-0.613007
130201.85,-1.6870537,2.6514084,-0.54456025
128466.195,-1.9099208,3.1034288,0.4104157
133326.5,-3.8918664,2.3599656,0.93216985
127793.055,-2.924249,2.5747025,-0.80590546
130208.81,0.54640055,0.6177138,-0.5290143
130137.086,-3.197049,2.6381097,0.72345066
117565.02,-0.92475533,2.334926,-0.4731451
120402.41,-0.82106954,3.0641932,0.39210728
115673.42,-2.3487997,2.4999275,0.75718665
118195.664,-3.0307345,2.7125075,-0.5057405
119373.22,0.20258668,2.4597526,-0.67412865
124796.5,-3.0337896,2.8048139,0.6900295
129416.94,-0.95853895,0.39011455,0.44505933
125660.67,-1.3097908,2.5237672,0.6975565
117209.33,-2.8202918,1.1368006,0.50478995
124643.05,-3.4872303,1.738146,0.52270865
115044.98,-2.8262553,3.0697033,-0.48642525
132245.75,-2.4203575,3.1165726,-0.23152457
120779.3,-2.97619,2.9196618,-0.44235826
129395.07,-1.7852322,2.7707613,-0.51473576
134992.47,0.13612305,2.9972842,0.32491076
126544.41,-1.7413615,1.1784707,0.61945635
129443.45,-1.2046584,1.2009443,-0.9844183
130556.78,1.9356996,2.3148544,-1.0016778
116324.73,-2.2538278,2.7350335,-0.5580806
129012.9,-3.052308,1.3925894,-0.5365393
126787.25,-3.0118067,0.25925827,0.45255667
122567.2,-1.590801,2.689072,-0.5544616
115401.24,-1.4737718,2.7479644,-0.25253707
120574.6,-0.2290005,0.96357644,-0.72625977
123945.4,-1.2835234,1.3854865,0.7046701
117911.96,-2.6998715,0.74410594,0.47150654
117097.55,-0.14437942,3.0106356,0.2258997
123366.15,-0.56418663,1.182372,-0.6710037
123304.555,-0.29992232,2.8297544,0.45362505
121551.12,-3.0331109,2.008502,-0.35700098
125368.734,-0.38688308,2.5630257,-0.772717
124118.75,-2.913385,2.1505773,-0.55119246
119499.16,-2.6806557,3.012554,0.87971914
130675.43,-1.7495152,2.434034,0.51275307
122348.79,-0.9934551,0.2100991,0.5868965
121478.516,-2.9290369,2.380314,0.6241556
125254.9,2.443712,2.0855205,-0.75547624
118507.57,0.3177973,0.56554663,-0.65079665
121785.34,-3.0566304,2.1293905,0.69069743
122587.56,-0.93917805,0.15818673,0.35830975
115540.914,-1.0861497,0.9586414,-0.5557183
122864.06,-3.8096876,0.11561644,0.28916553
130514.03,-3.545994,0.5207189,-0.8749082
128119.01,-0.011191352,2.8456194,-0.6928963
121717.195,-3.5673935,2.6647816,0.53918386
119635.266,-1.9274927,2.9878078,0.48528162
120957.37,-1.2247902,2.4406886,-0.7170027
117891.766,-3.3452072,3.067421,0.5391511
117991.18,0.22951171,3.1330214,0.4195644
132475.98,-3.4975636,1.5773797,-0.946869
116195.48,-0.6204328,2.2736995,0.5294545
124652.516,-0.2631391,1.235531,-0.63493013
124829.516,0.33617628,2.988448,0.60306567
126167.95,-3.3329182,3.0265813,-0.4928784
124118.234,-3.2038102,1.3519477,-0.55418456
115452.914,-2.4297457,0.8671616,0.5181838
127540.44,-0.09773546,2.1633575,0.524535
117643.89,-1.6732453,2.604994,-0.35639006
117079.83,-0.20174691,0.14778644,0.32640645
127608.49,-0.89161026,0.5398333,0.6745098
126350.414,-3.480136,2.3340054,-0.49753517
134242.33,-4.1780014,1.250014,0.41041595
116924.46,3.1382399,2.3197806,1.0672691
125116.02,-0.18818265,1.6733123,-0.7058864
123393.43,-1.4639368,3.0278945,0.57112145
129403.09,-2.4002073,2.59127,0.48266092
124010.59,-3.061383,0.6467286,-0.67933816
126674.164,-4.2553806,2.016861,-0.4014973
116438.164,0.7792596,2.8131227,0.32809618
129889.945,-1.0929967,0.33480668,0.4354013
128084.59,2.3476825,2.2494001,0.6841736
129642.38,0.90851015,3.0322256,0.53222966
122210.766,-3.3845572,1.6197319,0.5439994
128927.6,-2.989347,2.1626174,0.6473442
125055.5,-2.9309077,2.9568713,0.53892004
120381.4,1.3827842,1.5197548,-0.6377003
127991.06,-2.5785043,2.9467754,0.4315557
115292.83,-1.7161258,3.1302338,0.62697667
121455.73,-1.121947,2.4602907,0.72269815
128239.96,-1.1921448,2.4607472,0.6628378
115744.336,-2.607642,2.0401375,-0.67064315
117784.03,0.36113483,2.1240685,-0.54058707
127337.97,-1.0668789,2.100821,-0.8240927
125340.84,-0.6033578,2.8164415,-0.41985402
118648.75,-1.3155067,2.8875306,0.26660764
134686.1,-3.2409146,0.12708974,0.40421173
118724.86,-3.393139,2.8988268,-0.49867973
121169.49,-1.745684,1.9833597,-0.44955808
121103.055,-2.0900152,0.19453943,0.41520166
115153.125,-3.7198877,0.88579965,-0.489003
115318.08,-2.5979474,1.817575,0.55647206
122265.016,-2.1995866,3.0738306,-0.5027611
124927.66,-2.8545196,0.59889036,-0.4945079
134520.69,0.28617993,0.56212187,0.7031558
128001.93,-1.8568106,2.477594,-0.87040955
123554.36,-4.1764235,2.2549975,0.74050707
116751.51,-3.1791255,2.99782,-0.4955057
128116.54,-1.7487497,2.0533988,0.77464205
123156.26,-1.6747165,3.0166638,-0.21524504
120490.75,-0.4596593,3.1085892,0.7299108
131987.05,-2.6080225,2.1957352,-0.783017
120704.664,-1.742927,3.1099496,0.38453862
125464.914,2.6046457,1.0052259,-0.55443716
128997.56,-1.0107778,3.0777216,0.49680614
118941.17,-0.47664633,2.5061188,-0.6506152
122103.45,4.0680904,2.4733653,1.0612513
131909.16,-0.7388052,2.262258,0.5380488
122925.445,-0.9579512,3.0833364,-0.5598648
128993.67,-3.3121145,2.144869,0.61876416
119103.71,-2.059845,2.9948497,0.71502274
119600.266,2.4554238,1.695161,0.61657417
129585.62,-0.32193848,2.8664474,0.5208705
121515.13,-2.4783406,3.1342509,-0.33374333
122516.74,-2.9928465,2.914941,0.28236538
127444.7,-2.4370282,3.07313,0.71755147
124024.945,-2.725857,1.9398377,0.5343969
128159.15,1.1148599,2.4570332,-0.80377805
120037.8,-2.3940408,2.03303,0.4692116
122927.08,-0.22734614,3.1249013,-0.42039567
115259.49,0.3560434,3.0972276,0.645032
119670.03,-3.2724712,3.1317031,0.32077557
122078.414,1.0271281,3.0041695,-0.796107
117824.664,-3.5776687,2.0347152,-0.43214902
131130.67,1.6945078,0.3283118,-0.64041144
115704.086,-0.67606074,2.4464676,0.47714046
120415.82,-2.3759398,0.49925494,0.46554568
117953.16,-2.4742448,2.172856,-0.2798433
117652.55,-1.508616,0.82952434,0.43933013
132337.52,-0.49817765,2.1438608,0.53185564
119038.445,0.52678305,2.7092113,0.3976453
133532.17,-1.7132442,0.60058117,-0.5539162
122777.2,1.2961229,0.2595979,-0.69940853
118161.71,0.6608142,2.2694526,-0.7041773
133952.12,4.558616,0.665086,-0.71786666
132134.64,-2.4833634,0.90649253,0.33336487
125582.91,-2.583274,2.3200378,-0.79344934
134689.39,-1.1749797,2.9857652,0.4658849
124497.46,-1.0078008,3.0588045,0.49313447
124804.89,-1.6713167,0.6937462,0.48604682
115960.87,-1.6311754,2.935647,-0.38207504
132119.77,-4.3591385,2.0173562,-0.812498
124898.42,-3.108392,1.7382163,-0.6451816
130826.2,-2.3095646,2.4617243,-1.0513253
119471.7,-2.1810355,2.864078,0.44602507
117056.53,0.13784257,1.3868996,0.6437962
123762.914,-3.3184073,2.389647,0.43239155
127622.87,-3.5081422,0.66515523,0.48956054
120499.086,-2.4789417,0.09715605,0.41843387
118080.99,-3.1942825,1.0114205,-0.517937
126916.3,1.4140289,0.3663001,-0.80377096
123096.49,-0.108592026,2.6850936,0.42779064
124344.21,-1.9196316,3.0619552,0.64871657
134778.94,-2.3245416,2.7903435,0.80368584
116040.42,-2.7591584,0.35153866,-0.4782841
123734.22,-2.1345928,2.376966,-0.9716813
118316.06,-2.5405028,0.6951673,-0.91868705
128831.43,-2.1880312,1.459476,-0.6668474
120257.414,-1.8679544,2.8378477,0.38438955
116007.836,-1.626296,2.305806,-0.5707573
118804.945,2.3723779,0.16132963,0.4043617
121315.5,-3.6616125,1.6284062,0.82298774
134181.39,-0.9194303,2.8350477,-1.16381
121653.91,-1.5896844,1.6829897,0.49463525
119472.09,0.8108856,1.6145636,0.66523194
121389.9,-2.0544574,3.0698018,0.62641007
129957.97,-2.6886675,3.0196338,0.6491016
127150.71,2.1952324,2.2129474,0.8148806
133869.52,-0.22717378,3.1086364,0.44477513
132691.27,-3.293183,1.1916581,-0.24922663
132416.53,-0.16684319,3.0905356,-0.24165861
119034.68,-3.1828842,2.1403587,-0.7948591
126534.414,-2.5261567,2.879527,0.46403015
116640.086,-1.7661219,2.3556914,-0.75527334
117798.98,-2.9958699,2.9157639,0.7311406
123826.7,-0.14705403,1.3757902,0.8307698
124126.77,-3.2685695,1.3117188,0.28590578
134744.98,-3.1985795,3.0100381,-0.7013776
117897.47,-3.3919625,1.8632118,-0.63057274
128006.09,-2.5042694,0.20329833,0.44421357
126047.32,-2.8578594,3.0516825,0.42978424
115361.07,-1.7855178,1.6704869,0.7059077
126610.03,3.2905114,2.1739202,0.59059286
116246.13,-1.6913913,1.3801724,0.45908055
132760.39,-0.7844409,0.33269072,0.36521727
122014.49,-3.3039815,2.9078271,-0.52013254
132470.08,1.2047622,2.681745,-0.69034886
117088.14,-1.88149,1.7831892,0.7132077
120305.96,-1.521539,2.2587602,0.68051994
118810.555,-4.3737607,1.4136629,-0.44307697
122793.75,-2.6422884,1.9649663,-0.65886194
133506.19,-0.23517697,3.0954392,-0.29954547
116342.7,1.058618,0.16704905,0.41005832
128078.18,-0.62981546,0.8258114,0.6537878
118474.42,-2.8705132,2.1675987,0.7871156
126177.766,-3.138977,1.1534129,0.79488516
121320.67,-2.316947,2.330298,-0.53537035
127777.94,2.1745622,1.4455044,-0.62500143
115419.15,-0.57768387,1.2732481,0.5600332
130673.25,-2.06868,2.4266157,-0.5978226
123469.414,0.1563718,2.7909613,0.7663583
130002.836,-2.0953374,2.9498804,0.36868417
125020.266,0.7306912,2.8905587,-0.44014725
122727.51,-3.3691168,1.3322701,0.38649207
127924.44,-3.6538599,1.6553756,0.80160886
133194.8,-2.6211805,1.1730446,0.47164866
119251.914,-0.7085847,0.18437135,0.30640775
121691.086,-3.4151397,2.8318543,-0.66190785
126162.12,-3.4307272,0.66396725,-0.36084116
117353.73,-2.930734,0.30382863,0.42106438
115347.82,-3.960093,1.9970781,-0.54527295
115980.4,-0.26869953,2.7716079,-0.5319615
122915.73,0.70814514,0.15603083,-0.80964357
127752.89,-2.0887136,2.0641713,0.8634447
133923.53,-2.9784286,2.903366,0.66736126
129755.65,-3.0544493,1.2128074,-0.43310878
117000.55,-2.735496,2.9099777,0.3097591
132230.45,-1.4775996,3.0064855,0.6744056
123129.74,-2.9865243,2.389663,0.93833864
123860.92,-1.9102156,1.3047855,-0.94680697
126785.24,-2.3148525,0.92735845,0.3746764
133597.33,-1.2564869,3.0734267,0.45495
116585.414,-0.40429515,2.5990388,-0.3064816
125518.43,-1.987206,1.386038,-0.8420736
117877.84,-1.7340584,1.1628897,0.5372635
132406.89,-1.2107925,3.052431,-0.16276418
125147.0,-0.47548336,1.8488413,-1.2032669
116103.375,1.0638063,2.6683393,-0.7831047
133023.5,-1.5148647,2.2298079,-0.7692503
127910.375,-0.6489206,1.8962206,0.87586546
121147.54,-2.2487795,0.19156027,-0.39330623
116668.1,0.41784677,2.4955275,0.7784279
134148.52,-2.7538152,1.8632534,-0.46146703
132978.47,-1.6929102,2.6298485,1.0134981
130674.17,-2.3013458,2.1764164,-0.5917022
121255.13,-1.4309863,2.8785195,-0.36715028
119921.016,-1.0687618,2.9293928,0.6813757
115756.05,-1.5058644,2.1273715,0.60245395
115081.39,-2.5958297,1.5272453,0.63249606
116858.195,-2.8241084,2.5270138,0.36042994
133284.67,-4.021946,2.860617,0.677352
132410.47,-0.8170634,3.0694509,-0.47313616
125469.9,-1.3496529,0.27468288,-0.60414094
130266.51,-0.11833632,3.11483,0.28577033
117682.25,-3.7018769,2.8429565,-0.4829006
121951.9,-2.0733697,1.5461178,0.53626007
124953.7,-2.715566,1.0150764,-0.79488903
132553.12,-2.7711775,2.69857,-0.6748287
119179.15,0.7744063,0.67813486,0.6119707
133578.5,-1.626255,0.6299319,0.50901103
118185.01,-2.6073048,2.9986231,-0.07059282
117437.27,-4.5411286,1.0631164,-0.5558988
126318.1,-2.7621624,2.4986732,0.25576413
131264.7,-2.193543,2.723353,0.4840007
130452.0,-1.4581013,2.4109652,0.38593033
124117.125,0.9645478,3.1331744,-0.43762276
130172.375,-2.7204864,2.9165485,0.6323095
117313.58,-3.6844144,2.53033,-0.68868107
120403.76,-2.1194339,2.3503432,-0.60882556
128661.39,-1.4585922,1.7988353,-0.6589315
129773.734,-2.2731986,2.3744624,-0.66291857
117161.5,-1.3589764,1.054959,-0.94670784
122706.67,-1.3028195,0.008005798,0.6592805
130108.11,-4.6948586,2.2880929,-0.72540015
122858.76,-3.6386917,0.7126606,0.7773563
117134.79,-2.8232617,1.1753197,0.7248845
119225.86,0.6269153,0.2300036,-0.16301787
117101.44,-0.94347304,0.21114975,-0.32419056
130998.14,1.1732975,1.1990724,0.67784804
125779.1,-0.10114968,0.6419313,0.52817374
117713.26,-3.9898589,0.5562712,0.55643356
120314.82,-2.404362,1.0146707,-0.65114415
118360.234,0.5224119,3.0336347,0.5788636
120073.97,-3.2563517,2.560892,-0.7181643
131105.52,-0.3935637,3.1306639,0.4895957
123444.85,-2.0502605,2.313179,-0.29360837
123102.266,-3.9600053,1.833374,0.47685653
128631.02,-2.091766,0.37927008,-0.46385726
115047.03,-1.551612,2.729954,-0.6625114
131646.56,-2.0137491,1.9661622,0.7037238
129903.695,0.15380266,0.11960101,-0.6580731
116179.945,0.7147607,0.8316813,-0.5435682
116059.3,-2.7848198,2.0112824,0.9593194
116869.77,0.07292744,2.1490703,0.6339205
117926.07,-2.7937243,2.0051496,0.9977981
124432.61,-1.9560034,0.17071813,-0.6626815
130905.54,-1.2259741,2.5866232,-0.58456916
116886.625,-1.8664244,3.0825217,-0.55237097
126559.21,-1.8758478,1.58502,0.6367874
123459.055,-2.412614,2.2558184,0.7139912
126964.72,0.16168936,2.5453713,0.87423587
123725.13,-3.0925655,2.9120405,0.31507897
120960.82,-3.3825145,0.071361065,-1.191335
118236.03,-0.8255098,0.032476425,-0.29286888
119361.875,-2.900887,0.05593109,0.7743483
128711.19,-1.318074,2.9104018,0.39774597
116277.445,-4.0759687,1.6940657,0.5722546
123236.2,-3.6226451,1.3796846,0.60709906
133867.55,-2.4774456,3.0119975,0.77378756
120390.3,-2.8272703,2.4852428,-0.9732461
131265.62,-0.8023682,1.6867852,-0.70317197
121196.164,-2.9244397,3.074702,0.64869696
123092.164,-1.3219514,0.6296344,-0.7143727
121006.31,-3.8306746,1.0630292,-0.36841178
134156.9,0.81209564,1.9946526,-0.52199024
125026.125,-3.1242812,2.9593434,0.84132725
124979.984,1.0495347,1.59517,-0.82333547
115174.49,-0.948876,2.2750573,0.9571543
115747.95,-2.1771128,0.4694953,-0.49051908
115819.03,-3.931993,2.4299068,-0.5413923
126144.63,-0.8793926,2.8731453,0.26983103
121061.06,-1.7424406,1.8861247,-0.80976194
119112.336,-0.13148744,2.8190486,0.45300597
133664.17,-3.1815176,1.7300022,0.5499856
127270.695,-0.75037086,1.9829576,-0.6431015
115061.77,-1.1303651,2.9726777,-0.28956404
116039.18,-1.5288008,3.02408,0.51459235
128138.51,-3.846494,2.4923398,-0.727326
117963.945,-2.7154665,0.68153363,1.2151862
115948.39,1.6908932,1.0118091,-0.6369166
115038.836,-1.1360798,2.543038,-0.8624982
121377.01,-2.1422994,3.0784504,0.35524863
128418.95,-2.508485,3.0583403,-0.44408965
118345.71,-1.0059311,0.4897387,-0.5230871
130559.2,-1.7290007,2.3956447,0.7248949
131379.4,-2.9459233,0.05600357,0.18849687
128784.87,-1.5347112,2.4569364,0.31444237
124349.9,-2.2069447,0.8832246,0.49933487
130291.77,0.8428204,2.6384888,-0.7586905
118827.91,1.3099257,1.8687522,0.59375787
132860.72,-2.179993,0.4510451,-1.0875132
128820.52,0.7036393,1.7330458,0.6981147
125329.54,-2.274606,2.5099008,-0.5485802
117174.83,-2.753255,2.9765334,-0.47652087
120135.336,2.6207817,0.7201956,-0.5638107
119649.34,-3.5705192,0.5655278,-0.25885704
131039.336,0.91166943,1.9277191,-0.8029538
130760.305,-2.2822764,0.2217269,0.41338024
115611.695,-2.1283557,3.0094166,-0.55206627
131679.5,-2.2976875,0.13242936,0.26626304
120135.21,-2.0530303,0.29807806,0.53826433
120715.48,-2.8491368,1.6184411,-0.8258249
132753.28,-2.2666156,1.991059,-0.7953881
115584.2,1.0915252,0.016888797,-0.23767364
127187.625,-0.34272668,2.9492218,-0.58158565
130246.76,-4.184573,1.613735,0.61507875
115873.29,-1.5142343,0.23115325,-0.30884454
128855.58,-2.4628167,0.025643826,-0.84064984
128347.3,2.0349948,2.8170743,-0.5774529
124537.3,-2.260597,1.8324865,-0.3765037
117994.92,-2.8096225,1.5616362,-0.79089236
121246.04,2.7898586,2.598226,0.5159388
116757.61,-2.2053778,1.0964035,-0.7545035
127299.19,0.045444738,2.003649,-0.68303436
126221.8,-1.4601178,3.0267262,0.4624914
123896.33,-2.057499,0.64997786,0.57164854
133766.56,0.26704094,2.849808,-0.5415175
117957.16,0.6157034,3.1034517,-0.24792595
127957.99,-1.6974877,2.6279714,0.4617856
129440.07,-3.2465882,2.3728619,-0.52424467
134088.73,-0.3166082,1.4598526,-0.8106144
116910.484,-0.6160565,2.6909184,-0.5736372
127405.57,-1.0260761,3.094812,-0.5321393
124419.31,2.0544944,2.539556,0.752874
128111.53,2.468485,1.8117485,0.71634716
128028.63,-1.8903302,1.2425361,0.7743208
116635.55,-2.8561954,3.1277235,-0.24416202
119508.53,0.16432594,2.7710793,0.7121799
122979.39,-0.31354463,2.192925,-0.85379195
122053.586,-3.2865512,1.4225311,0.5098921
130251.07,0.2721831,2.4361718,0.81389546
131818.86,-1.9747913,3.0844972,0.3152056
129463.625,0.428822,0.6191921,-0.58111393
128150.484,-3.0023735,1.0143855,0.6574871
120444.984,-1.0428935,2.0171266,-0.65526694
121543.48,-4.012065,3.0660312,-0.46963868
132310.92,0.6293064,2.916912,0.6690325
116981.914,-3.2445176,1.9595999,0.6021101
123205.76,-1.0810803,2.9796278,0.35725594
116203.68,-2.1637208,0.8871954,0.4336712
117137.13,-3.2532372,1.8887203,-0.51796466
123400.0,-1.9528897,1.3761683,-0.66425747
124305.555,-1.4709473,0.9020108,0.7176921
129347.37,-3.0116677,2.1347487,-0.62565047
124686.92,-2.3261275,2.129393,1.0235031
133171.75,-2.0718582,2.7712345,0.52552366
130515.34,-2.9897203,2.9243116,0.8150018
119515.86,-3.893805,3.0434678,-0.37847322
125579.18,-0.13607651,3.0725543,-0.48217118
131242.86,-3.9110723,1.1644396,-0.4838619
122802.125,-2.7472582,2.9637227,-0.5105682
118274.055,-2.0632992,0.7222464,0.5879092
132980.2,-3.2798328,0.6581826,0.44837433
128929.44,-2.2553444,1.5101486,-0.8007297
117552.4,-2.406126,2.172543,-0.4773539
130953.19,-1.8430725,2.6044874,-0.55842876
133890.5,-2.9462254,0.032370925,0.5225374
134376.25,2.0285962,1.8014417,0.60540533
130925.68,-3.3864677,2.9743624,0.41551992
118560.73,0.72234917,1.0853212,0.59412575
121548.31,-2.2549086,3.0673733,0.49713483
116150.02,-0.64360994,0.51798415,0.834253
126368.36,-2.492628,2.5938735,-0.4057204
122162.66,-1.5288011,2.4994144,-1.2790555
127042.26,-1.4492674,2.457768,-0.8020721
133265.92,-2.970437,2.946045,-0.7403829
134759.77,-1.6574299,1.7740896,-0.75387776
120578.45,1.4096204,0.8261435,-0.59918845
116943.29,-2.6038134,1.1768528,-0.42649564
131001.055,-1.0950831,3.096613,-0.41124493
125002.055,-3.159936,0.17580065,0.6564759
116713.72,-1.5338327,2.039677,-0.49954653
116142.73,0.01929327,2.0182467,0.6333727
117906.1,0.21799171,1.8567995,0.8169886
127826.24,1.8052589,0.7820921,-0.7054385
130917.53,-0.03553598,2.9450412,0.3309945
130395.89,-2.7019036,1.0246372,-0.7540844
127615.26,-1.9225366,2.369343,0.69047314
118488.4,-2.9167795,3.0570002,0.44255683
129394.945,-1.9507514,3.0734575,0.2707451
128807.266,0.33844608,2.995106,0.6843067
123502.055,-1.2741826,1.0559258,0.63094884
134665.47,-2.2951465,1.5954777,0.71108776
120584.555,-1.7777401,1.0403473,-0.26492548
119647.15,-2.168476,2.6032035,0.6156894
117717.734,-3.7043452,0.43261147,-0.5970712
118196.33,-1.779317,2.2242591,0.43587026
126187.305,0.92222893,2.898843,-0.46722734
124299.17,-2.8937342,0.20650911,0.4807105
131306.61,-2.6581647,0.025847137,0.5384503
124768.45,-3.05371,2.937314,0.44309366
131650.86,-2.3889403,2.6040626,-1.0520211
126677.766,-1.4956319,0.5116166,0.31819096
122628.055,-1.0377415,2.9484184,0.79958266
119701.26,-1.3552576,2.8227792,-0.6825831
117488.836,0.9393878,2.2877638,-0.58485126
116071.52,1.9615772,0.91395235,1.1324009
116954.26,-2.6721082,1.9259683,-0.6496455
132726.1,-3.4736605,2.1170535,-0.65349793
116929.26,-0.6037563,3.0901306,-0.86105424
125895.29,-0.017711401,1.8785039,0.77249473
123073.19,-2.0915473,1.5282573,0.4886394
115245.17,-3.2536488,0.41605067,0.4808347
122853.31,-0.68149304,2.8922298,-0.6019472
118071.125,-1.3468635,1.7866228,0.76546603
119037.16,-2.6958597,0.75352347,0.417468
117009.195,-2.896509,1.9130135,-0.6955909
125812.875,-2.5754862,2.5779328,0.16455123
125291.06,-2.079351,1.3201915,-0.78799194
133142.5,-2.38075,2.973783,-1.1645637
118575.49,0.01849068,3.0723298,0.5320433
124628.69,-3.7272048,2.8550239,0.5212015
123223.34,-2.8395889,2.6049876,0.4707565
128990.39,-0.705537,2.5590863,-0.5858901
132942.36,-3.870428,0.35062885,0.44610327
119984.76,-2.2218323,1.6004235,-0.36797032
129212.33,-3.1367276,2.3029597,0.93537295
130007.16,-2.7234354,0.5603494,-0.65049064
124217.14,-2.218703,0.5876532,0.63384575
125344.2,-1.599885,0.79388905,-0.70279074
116723.23,0.7792823,2.2087104,-0.59000593
118330.805,-3.4819024,2.31881,-0.2590563
129625.266,-3.2206833,2.7033823,-0.53310895
134266.16,-3.1805265,2.8611646,-0.80086946
116260.44,-4.2276697,3.031689,-0.4606927
121541.38,3.8357997,0.54330397,-0.5345148
121075.33,-2.7771327,2.3068337,-0.7859175
117343.23,0.11699181,0.68061525,0.6026125
123272.875,-1.2798325,2.8204813,0.50078756
122911.77,-1.4628392,2.4689782,0.77733207
129538.98,0.6950633,0.49409962,0.58685285
116028.49,-0.5670447,1.6397504,-0.9163321
128935.08,-2.9536922,0.3977729,-0.6261267
129128.13,1.2328806,0.12012589,-0.3320598
127110.18,-2.213483,2.9416075,0.63185436
121487.445,-3.614743,2.728126,-0.43838352
116257.28,-4.0073924,3.0948396,0.56789523
115379.305,-0.17549124,2.8248663,0.60995764
134736.77,-2.566033,3.0299282,-0.547426
127826.16,-3.7354,2.8054476,-0.6092167
117581.6,-0.5552433,1.9152542,0.64765924
116553.98,-0.63945335,3.0081153,0.6349701
124354.664,-0.8258469,3.1402864,-0.36084998
119325.24,-3.7308462,2.0452938,0.5858939
117493.32,-3.7166028,1.7771517,-0.81799203
127831.125,-3.1162558,2.7793949,1.2210163
116435.24,-3.71492,2.6911013,0.55233717
122243.734,0.17139842,2.9173353,-0.4511225
122629.13,-1.6745845,0.09714973,-0.2917369
128436.6,-0.79935735,2.6811323,-0.54356134
131614.97,-3.3089864,1.00149,-0.6770799
115408.88,0.14027376,1.665023,0.7230183
131884.44,-2.6685753,0.8921277,0.90768224
132625.78,0.2800824,3.0443008,-0.45398703
123466.414,-2.3409615,0.003770113,0.560031
128693.68,-1.4650754,2.3439937,-0.72157216
118469.16,-1.2021499,0.17773461,0.38366228
129651.68,-0.87280476,1.4557574,0.99301153
132346.53,-0.7334352,2.9644282,-0.5193245
128554.414,-2.6226656,2.0443518,0.7054613
122552.82,1.593669,0.95544326,-0.58448976
134252.2,-3.7242045,0.9337137,-0.61646104
122447.96,-3.352852,2.2174926,-0.28434128
119539.39,-3.8547065,2.24316,0.9359545
123008.516,-2.3105688,2.1366448,0.5758117
129696.07,-2.7662756,1.3797965,-0.8578718
130619.72,-1.0920551,2.7652254,-0.4645664
118391.27,3.127532,2.2278078,-0.58263034
128833.63,-3.3240383,1.2579372,-1.1086185
129019.53,-3.0449338,2.771833,0.549118
117542.02,0.95718783,2.49882,-0.86080813
130143.59,-1.1840383,2.1900556,1.0137835
119686.25,-0.85597444,0.34803206,0.46148238
123340.95,-1.3364866,2.8607216,-0.5900227
125363.46,-0.8944868,2.43287,-0.82500625
122218.9,-2.7066414,1.4826534,-0.59365815
128349.34,-3.8547268,1.712423,-0.8130609
115159.19,-0.31840715,3.0803847,-0.3320015
119167.51,-0.6209222,1.3927228,0.58593243
129153.55,-3.7027268,2.9885676,0.8386501
117033.664,-2.5474048,1.976507,-0.6564518
130094.055,-0.43663415,2.8995337,-0.5365338
127951.305,0.5683466,3.075339,0.45678324
120713.63,-3.1896298,0.7870245,-0.52753234
120139.164,-2.157266,3.0393941,0.5662868
117801.48,-1.2916834,1.2637148,0.5393787
120057.75,-0.5106021,0.18098378,-0.4589385
125549.02,-1.6720253,2.765881,0.8545022
127948.445,-1.4947815,0.9660614,0.7792826
129245.02,-1.9727054,3.1076248,0.4643739
132356.48,-1.079168,0.72970223,-0.7753108
132304.69,-1.5959586,3.0694685,-0.40349805
115006.11,-0.44080198,3.0539675,0.49470076
124191.59,-3.1040437,1.0487715,0.73007697
122372.08,-1.2598591,0.29849,-0.58841777
132094.28,-1.6603335,2.2589173,0.67109525
132809.56,-1.4459138,0.16221046,-0.6149398
116855.945,-0.85729676,1.4026824,0.6415977
125757.58,-1.1966562,1.3566399,0.7517051
123070.01,0.5224798,3.0300796,-0.40108466
123924.41,-2.2652802,0.06668031,0.29719448
125842.92,-2.258011,2.7793245,0.5173053
128338.56,-3.4891257,2.6667922,-0.5695588
124663.125,-1.0736529,1.9877653,-0.42068782
133344.66,-0.53048664,2.245763,-0.61476535
127859.73,-1.9141123,2.5628834,0.65197235
122785.55,-3.1259239,0.8369864,-0.48903102
117433.66,-1.2175298,2.4768445,0.57407093
125298.39,1.248211,1.154241,-0.5515224
118728.305,-3.3421779,3.09004,-0.64322317
127046.195,-3.0026052,2.4694214,0.7840989
124018.195,-1.0116051,3.111342,-0.63843447
132254.95,-2.99406,1.9900889,-0.6314999
133947.5,-1.0713786,2.0660167,0.6101563
118645.42,-0.3240546,1.8160375,0.72171414
119098.07,-2.6352694,0.81112736,0.55074114
119566.5,-3.3120196,2.2664194,-0.36457258
120304.86,-2.813145,2.018456,0.60355926
133731.86,-3.2131183,3.036803,0.71537447
115180.89,-2.9017706,3.0138867,-0.6836111
121935.59,-2.0069096,2.896983,-0.4290909
118633.76,-0.277478,0.46434855,0.6304068
116233.38,-3.6304147,2.3726053,0.6503576
118193.65,-1.3558475,3.0619185,0.6388962
123513.555,-2.7546728,0.5552554,-0.49375817
133592.42,-1.8718591,1.8903395,-0.5966789
122217.445,-2.4378674,2.510822,-0.6170808
120243.734,2.1783893,2.262549,-0.5746334
118085.34,-1.2373959,1.9630847,0.6516545
128092.92,0.84803295,2.7938476,-0.6179163
116258.54,-2.601796,2.9080937,0.50479287
124557.984,-2.8968668,2.4374201,0.66473293
119087.15,-2.3391914,2.8074706,0.82022595
134329.38,-2.1848702,0.12233341,0.90698487
125349.2,-4.1146874,1.631988,-0.7280823
120608.22,-2.2026386,2.051077,-0.7137548
127082.62,-1.287087,3.063345,-0.6312546
125759.45,-3.7361226,2.0335398,0.68205005
134808.58,-0.55239123,2.2004783,0.65675634
115539.01,0.13615364,2.0557256,-0.64285386
122686.65,-1.2879195,3.108201,-0.77046853
131501.06,-0.7785129,3.1016045,0.33147323
131794.84,-1.2522495,3.1360712,-0.7479826
130645.75,1.0717142,2.7694519,-0.6147185
126664.266,-1.9862461,1.9328173,0.83536947
132016.55,0.5988518,0.57800937,0.7125811
118865.7,1.9160396,2.8768542,-0.5939732
132513.34,-2.10979,1.2199283,0.9099761
122696.9,-2.7195408,2.0667686,0.54006195
129110.27,-2.9240117,2.933522,0.95445925
116705.43,-2.7095773,2.6575778,-0.7407324
120412.06,-1.210943,2.8349767,0.60267764
128513.01,-2.4996362,3.0835066,-0.61122465
122085.54,2.1255927,0.5904198,-0.53813887
132229.83,-0.93185854,1.9269601,-0.7314766
121377.586,-1.3249749,0.97609574,-0.6726831
116088.57,-3.987105,0.2158497,-0.57452744
117460.55,-2.046325,1.3303047,0.27522358
123271.95,-1.8162934,2.9749553,-0.32756087
115989.5,-2.1986377,1.6973389,0.5716285
122904.37,-1.5723705,2.5410788,0.84078795
129261.75,-0.3198829,1.7336031,0.8081527
132764.45,2.3320217,1.5556787,0.99881405
115109.766,-2.4562886,2.9908938,-1.1026496
116251.234,-3.8048773,2.7212229,-0.34758538
115936.195,-2.484226,2.100254,-0.5695205
121044.57,-1.8911204,3.069467,0.6278289
121304.2,-0.41495708,0.3789488,-0.53003913
119738.56,-1.8319188,2.9452069,0.29913938
115342.98,-2.2718723,0.4892254,0.5345785
119960.71,-0.36076993,1.8013906,0.54935145
123995.375,1.4276481,2.405899,0.6529542
118016.766,-2.166187,1.0873455,-0.86100584
116085.9,-2.7778497,2.7096496,-0.54796267
117119.74,-2.3424664,2.3893793,0.49613586
115453.94,-3.450948,1.3977027,-0.5209066
122955.29,-1.7639166,2.844427,0.41984108
125030.49,-2.6761067,2.5547347,0.7247604
134403.75,-1.6554086,2.8724446,-0.21830425
123489.94,-2.3225315,2.6774523,-0.56555194
118679.664,-3.3809175,2.7061038,-0.37744337
129873.3,1.0100634,2.0098875,0.7116321
129891.36,-0.5838569,0.59726864,0.8396734
125750.58,-1.3807309,2.4794645,0.64335287
118241.4,0.8645458,3.0595374,-0.7007895
118601.28,-1.9317818,1.6573088,0.80178046
124546.734,3.0870252,1.5977309,-0.6175703
118433.09,-0.694828,3.0679708,-0.6042936
116321.1,-1.4361038,2.831256,0.8775564
133909.12,3.5965202,1.4799335,0.7200451
116114.78,-0.8105835,2.3066936,0.71568805
118780.38,-1.5104989,2.3746274,0.6565503
123033.81,-2.4062603,1.9147514,0.8065026
126769.01,-2.6678216,0.21513653,0.4670275
115695.46,-1.8934207,2.5379438,0.6744988
126084.24,-2.932188,0.44634724,-0.39373574
118022.3,-1.4599613,2.4826262,0.40177324
115819.414,-1.1140064,2.990858,-0.8197053
129443.27,-0.90729517,1.8036114,-0.5434522
115924.57,-1.4232649,0.27576837,-0.49498087
131682.11,-0.22725628,2.811222,0.4549202
117892.22,-0.1164005,2.8235645,0.3668317
132991.06,-1.6603974,1.2968428,-0.58249646
132135.48,-3.2813556,0.44758153,0.51325923
117593.02,-2.7597332,2.8382716,-0.5273629
133004.33,2.3016639,1.0502335,-0.5523337
124793.73,-2.104419,2.272829,0.58375454
117776.82,-2.8439875,2.7272093,0.7040308
131479.55,-1.7267137,2.8589194,-0.48412567
128988.69,-2.9061694,1.2193313,-0.52541345
121884.81,-2.024891,2.1452508,0.7033893
118023.836,-2.3186889,1.6797975,0.63990307
126842.695,1.1261683,3.063571,0.37989545
134085.5,-3.0717778,2.979019,-0.7614697
122803.234,0.8127272,0.9054182,0.86432
122898.016,-2.7686949,2.5441563,-0.5338199
116932.43,-1.9488302,2.7114425,0.83988386
115001.95,1.2508153,2.7707553,0.7217188
120574.37,-1.7450095,2.6699157,-0.83070165
117811.32,-3.305449,2.7105873,0.4898509
123063.91,0.67412806,1.2343922,-0.5644345
126445.32,-2.827561,0.5504675,0.5887578
134845.86,-0.9850467,2.9840872,-0.46650627
129313.34,-1.8565588,2.6108701,0.7138406
134253.19,-0.5275016,2.796152,-0.6069137
126794.85,-1.6828883,0.5299232,0.64333576
119770.15,-1.5860574,1.2420188,-0.5910701
116357.98,-2.667472,0.33081734,-0.4341168
120147.805,0.4245883,2.7564216,0.6302419
133375.17,-2.881998,1.116103,-0.5660443
115652.13,-1.6809925,1.7265972,-0.41243145
121714.445,-1.3370275,2.8061488,-0.73714215
127602.02,-2.7225063,3.0015166,0.6196614
120278.875,-0.8985018,1.4351293,-0.514705
129943.07,3.4576614,1.3736066,-0.6551701
118008.51,-2.5317724,1.0413214,-0.6348549
121197.2,-3.4916432,1.48656,-0.6546564
122891.7,-1.7026767,2.3099933,-0.51459783
117807.17,-2.1364982,0.18976045,0.41546372
123738.195,-2.3131583,2.1838229,-0.5455031
129881.25,-3.346989,0.51362884,-0.640327
133206.86,-2.734807,1.9887851,-0.6168485
127029.414,-2.1112993,0.54071116,0.5492847
129200.85,-3.081659,1.3020492,-0.52184933
131559.11,-1.1978652,3.0372481,-0.9092763
132848.45,-0.056173958,1.2209129,0.7083051
131794.27,2.415067,2.9606247,-0.83688235
121238.6,-1.9627335,2.840707,0.3344008
123034.29,1.6796985,1.8480493,0.6869139
131577.12,0.6460662,1.2537158,0.6001875
117524.53,-1.1839237,2.6827435,0.40369838
126116.34,-0.4028677,2.8406193,-0.4879955
116282.64,0.8051592,1.2066863,0.5357435
130706.88,0.20551655,1.4986887,-0.69970924
115379.07,-2.977758,1.1114691,-0.7114803
115040.16,-2.4304142,2.6657422,1.1345036
124892.27,-1.584601,2.44921,0.6897255
115604.35,-3.3080769,2.533188,0.4638861
130911.78,-1.3899498,3.0960472,0.525507
132848.66,-2.786264,1.635383,0.8354399
123967.86,-2.7652621,2.3878093,0.51032674
131279.23,-1.3294784,3.0786593,-0.5166794
116556.805,-3.577563,0.9477247,-0.5575074
123017.734,0.4069792,2.3499277,0.56565464
131948.89,-1.0932959,1.2329019,-0.69545686
133662.1,1.3540109,0.58792233,-0.8944047
119863.2,-3.534245,2.8190804,0.46540737
127193.31,-1.340128,2.8944733,0.50231653
115602.11,-0.2502516,2.019649,0.9473905
132632.95,0.45548093,0.31312013,-0.8173268
132166.33,-2.23838,2.2588134,0.3410577
118259.98,-0.6253236,2.810834,0.57108
117055.664,-0.56765616,2.2799225,-0.9839223
116660.77,-2.8099444,3.1016145,-0.59941435
122852.055,-3.0767102,0.20191407,-0.5005075
117733.73,0.45385596,2.2684445,-0.65534186
117609.73,-1.9231582,2.6581125,-0.51303387
125777.734,-0.7455706,2.8987644,0.5033185
121096.86,3.408023,1.1864867,0.7291493
116287.46,-0.33909646,3.0838506,-0.29811367
121905.61,-2.3799975,2.7679706,-0.75693387
118856.88,-3.6187844,2.262488,-0.6129784
121555.87,-2.1939976,2.6158004,-0.4989251
118434.77,-1.8823398,1.7216736,-0.83256626
126698.71,-1.0635664,0.72022593,0.8957744
119346.44,-1.6501367,0.065029144,-0.4371025
130195.87,2.6241016,1.1800445,-0.60135096
116201.15,-1.9371825,1.905964,-0.7248403
115209.805,-1.4435253,2.9070609,0.58603674
127565.06,-1.4064795,2.9944224,-0.42643368
133935.16,-0.77342474,0.7416666,0.69297004
118695.37,-1.3336008,2.8597527,-0.66674805
125417.09,-0.6449596,0.9806086,0.96490616
129323.06,-1.92716,0.12893236,-0.60240567
132625.97,-1.4836626,2.0685966,0.9248803
130609.64,1.3072723,2.384281,-0.6955915
130143.34,-3.4162352,0.81227416,-0.90554565
132858.58,-3.747758,2.540362,-0.6125707
120893.22,-1.450758,2.9548285,-0.706857
130372.664,-2.9389584,0.9269528,0.5703006
131125.17,-3.7437785,2.1348467,-0.4287091
129181.73,0.3189463,2.488863,0.6561397
116613.8,-3.738429,1.4470718,-0.79838914
115428.484,-1.7744379,2.953469,-0.46352983
128933.03,-3.0759242,1.1622907,-0.79823816
134104.22,0.2663842,2.5329077,-0.55688554
117670.07,-3.0066938,2.910167,0.5737894
131164.44,-3.6533618,0.67258054,0.55662394
131859.14,-0.4930649,2.711111,0.610411
128845.234,-1.2045935,2.109682,-0.70801824
119746.69,-0.76010233,1.2426986,-0.77963024
130389.016,-2.8926978,2.8105147,0.7861489
125913.07,-1.4478834,1.8778377,-1.0345911
133873.25,-2.487958,2.2186897,0.6055217
122755.39,-0.3059021,0.32598346,-0.5963563
131619.62,-0.8634058,3.02346,0.6649598
116478.6,-1.2410502,2.0339568,0.8782786
124041.97,-3.571978,2.1156363,0.52491516
115353.84,-2.5984566,1.3098758,0.9673602
123118.45,-2.2771323,3.0194035,0.22229296
121025.94,-3.618456,2.7942748,0.54372245
125602.1,-0.8486281,2.9478464,0.58328235
118710.83,-2.3930085,0.7185799,0.63397026
123272.9,0.5606557,3.138358,-0.21615084
131228.42,-3.8173711,1.4677572,0.55412185
128604.12,-0.017111497,2.5005162,0.6607033
119742.59,-0.40447387,3.1109788,0.53329194
121058.19,-0.021117246,1.3771307,-0.75177777
128456.88,-1.594038,3.0146055,0.6429786
120615.05,0.7061419,2.7178035,-0.5045034
126455.76,-2.6969755,2.1142585,-0.571446
115194.57,-3.4537914,1.9072185,0.8295845
132600.05,-1.8030678,1.5344882,0.83665913
134304.25,-1.1569942,2.841144,-0.6097481
116032.7,-0.83111644,1.7002131,-0.8284526
123529.35,-2.47514,2.7032642,-0.58660287
132744.16,-3.9347503,3.1038334,-0.40424106
132650.27,-2.792912,2.90935,0.3916657
123189.3,-2.9901521,1.170366,-0.6209097
119117.266,-1.3928558,1.5661833,0.70915014
132698.08,-1.600082,1.8632678,-0.92332536
132841.62,-2.0871656,2.3366609,-0.33481082
115833.1,-1.6656328,2.8117118,0.6390924
125504.17,-2.180453,0.88544035,-0.60996234
117666.0,-1.0266572,3.1348543,0.4918583
127429.96,-0.9335289,1.3246514,0.64847684
134059.1,-1.2793394,1.3602201,-0.5156618
120165.28,1.4059091,2.1670861,0.7173246
115543.61,-1.8405671,1.7070453,-0.78945994
115893.54,-2.5615797,2.664491,-0.3390841
134603.92,-1.9438072,1.9757243,0.50967
127018.73,-1.9341538,0.28063446,0.6457141
131821.77,0.56141096,2.7623088,-0.82008
123812.12,-2.982045,1.595473,0.6727167
126840.8,-1.386995,1.2316287,-0.6388507
115646.87,-1.1508198,1.4349965,-0.6621007
132555.39,-2.8613536,2.9577522,0.45193058
129723.805,0.91384345,0.8570958,-0.5642116
127159.945,-0.15749334,2.572338,-0.45056424
115922.62,-2.0362637,2.246474,-0.5562976
119447.42,1.4120535,2.8399558,0.5702994
125176.17,-2.8304904,1.3519212,-0.8441378
124990.94,-2.5379095,2.7858217,0.43826205
124603.28,-0.2700362,1.2093735,-0.78903806
128051.74,-0.27608645,0.59483993,-0.62113273
132438.16,-0.90454,2.857426,-0.577824
116895.016,-0.13370566,2.2379835,0.8410887
127920.53,-2.905047,2.5383742,-0.42367753
125824.86,-0.008157474,1.9453723,0.8631672
131052.414,-2.9221215,2.6634321,0.59566253
134945.62,-3.5978181,0.32619596,-0.41050696
123709.734,-3.6168313,1.1311039,0.48898408
123641.53,-2.7894447,3.0251966,0.54285145
130665.27,2.097128,0.18904197,0.51954865
123868.14,-2.881182,3.0574875,0.3750684
128655.63,1.6684,0.39945495,0.41612342
133793.6,-1.6322459,1.1338732,0.80320436
123081.82,0.6178855,2.905961,0.47849962
129998.63,-3.0635047,2.3332438,-0.84330356
117005.664,1.1086175,1.7383542,-0.5992653
134086.92,-0.9125268,2.5779135,-0.7513498
132796.03,-2.39601,2.9535866,-0.4650227
117919.5,0.5801189,1.4202064,0.9048487
116235.25,0.41668272,2.2029934,0.75497204
128048.73,-2.2546353,1.9976532,-0.47388878
126951.484,-2.8190832,1.8009427,-0.9982366
134896.53,-0.39067945,3.056347,-0.49538276
122212.89,-2.1654701,3.0585113,0.6091198
123906.37,-1.0482093,3.014573,-0.43481395
128238.055,-3.020692,2.9503465,0.53225225
116866.586,-2.9901073,2.8293529,0.8562719
126009.36,-1.1970645,3.115504,0.34531108
122873.6,-1.1558064,0.3936174,0.54993844
121295.07,1.4443011,0.92162025,-0.6065261
129563.51,-2.7509153,1.8391987,-0.86439914
123116.75,-2.074619,1.4011397,0.5566381
119861.08,-2.013066,1.4943427,-0.9824886
128531.44,0.23077825,2.7479734,-0.6396999
116698.5,-1.7493787,1.6614771,-0.6345204
126321.65,-2.1593819,1.9654249,-0.60824084
118465.93,-1.4972444,2.5057847,-0.58606875
118118.43,-0.9995949,3.1307247,0.51295143
125150.36,-1.9986241,2.5748377,-0.4652445
128475.6,-2.0364194,0.6198731,-0.52038306
121069.18,-3.4114015,0.053915024,0.36803344
128180.45,-1.9502236,0.17561404,0.6714645
129815.4,-2.209921,2.23107,0.53255796
118780.87,-2.105367,1.9345431,0.8474657
129022.664,0.33110613,1.6926833,0.71415824
117861.81,-1.4888098,1.3172028,0.5575948
132657.25,-1.4293212,2.1684122,-0.6049699
126614.51,-0.9850205,2.8960543,0.41941053
126601.39,-2.2152526,0.31863815,0.23940761
120773.02,-1.7556549,3.1046805,-0.48385543
126602.4,-3.474266,3.1266155,0.39796373
118638.03,-4.2972226,3.1154456,-0.32620528
128544.98,-3.7937174,0.31506383,-0.51538646
133129.4,-1.7716348,1.591896,0.9185958
115027.71,-2.6452723,2.4351678,0.7392818
124416.57,-3.9792912,0.28610617,0.6045699
121074.11,-0.28203315,3.1273296,0.6692248
118935.01,-3.389388,2.172623,0.24655902
126933.06,-0.034988865,0.27080393,0.46336055
128508.484,0.523578,2.549288,-0.54064846
127270.49,-1.7305188,1.1460618,0.5196006
130934.79,-1.6906977,2.5530112,0.57604283
125058.055,-2.5837886,0.68717885,-0.57303554
131409.39,-2.9675417,2.072324,1.0422894
128451.05,-2.8825758,2.8780022,-0.46750298
119418.055,1.202446,1.7703078,0.6851479
132356.88,-0.8411541,0.023471355,-0.4042095
126576.086,-1.40825,3.0364103,-0.72553104
116599.77,0.5070533,0.7574353,-0.5886283
116032.28,-0.14874795,2.7079859,-0.39233372
124086.33,-0.85989296,2.6331065,0.44400945
119914.055,-2.7710226,2.71645,-0.74210435
127723.586,-0.8933616,1.4883732,0.8129017
122471.8,2.2700906,0.8201154,-0.8353851
116832.24,-2.1380184,2.983036,0.7225666
127301.84,-0.5162712,2.4809902,0.6872426
130124.76,-3.2033322,1.9876468,0.85943216
122315.46,-0.45852903,2.6072745,0.6705902
132943.98,-2.0411463,1.4267677,0.6334506
124071.46,-1.9337158,2.816702,-0.6326642
129275.71,1.9588355,2.238095,0.73168117
132381.2,-0.032572888,1.0426688,-0.60973525
117785.42,-0.06859375,0.34817615,-0.61869895
121963.85,-0.14562206,2.390067,0.9896337
121013.91,-3.3411226,0.0112531185,0.33445266
123205.55,1.9673897,0.82944965,-0.5421338
116704.6,2.0051782,1.888222,-0.78338903
130330.12,-1.5904007,1.6851931,-0.46838874
116946.12,-1.2704632,2.584392,0.6011869
134236.6,-2.545162,2.5123632,-0.69779134
122907.75,0.52501655,2.9073782,0.3473521
127546.51,-3.0457897,2.769035,0.82720065
127092.12,-2.413155,1.9235623,0.8021873
120438.75,-2.3121405,0.02540946,-0.40572745
131721.78,-0.3635602,3.0437136,-0.33487824
116892.16,-1.9098669,2.9084876,-0.5173373
129777.43,-2.9291592,0.26421314,-0.32079816
125035.5,-1.2700466,0.13012934,0.48629767
121545.55,-2.371094,3.0921025,-0.7269304
130729.96,-0.18079089,0.93232524,-0.5657137
124737.34,-3.102966,2.999328,-0.80099005
130104.71,-0.29708686,3.078443,0.6143886
118757.45,-2.543652,2.2671733,-0.67395055
115382.87,-3.290501,2.6345158,-0.496076
116980.12,-1.0720567,2.8157568,0.46454835
130789.54,-3.5606484,3.0942223,-0.56640214
128150.97,0.66372764,3.11328,-0.440459
116604.5,-3.3391519,2.5637414,0.57956165
133886.98,2.6612887,2.9150991,-0.49089012
117179.23,-2.1535783,2.1187317,-0.6426675
133142.38,-0.2983859,0.32512248,0.54165876
116068.77,-1.1078019,1.8652208,0.57866365
133386.7,-3.7153583,0.8807433,0.87925595
134553.27,-1.4681271,2.3667984,-0.7199438
134593.16,-0.8984566,1.7677261,-0.5096091
118132.01,-2.0576127,2.53733,-0.73870873
125881.9,-2.2374296,2.8227468,-0.503513
127611.1,-2.7279832,2.7084258,-0.7320649
119651.8,2.7920442,1.3417662,-0.8721805
118067.734,-1.8729688,0.60190165,-0.61372113
125595.77,-0.9105954,2.343355,0.7080674
128200.3,-0.3294643,2.353859,-0.7741593
119959.39,-2.4261003,2.5643895,-0.49899498
115149.836,-1.2148969,2.873292,-0.5598116
126902.52,-3.3446941,2.22767,-0.7154719
123649.29,-1.8584114,1.5506071,-1.013405
131713.86,-1.8379164,2.7653656,1.2926937
125009.85,-3.016687,1.7370116,-0.6408566
115906.97,1.572431,2.3653612,-0.75206566
133803.83,-2.2826328,3.1112742,0.69577336
120570.51,-2.1958253,1.5113857,0.45193893
124584.93,-0.43706968,2.4745033,-0.6841963
132018.16,-0.9849317,2.4407032,0.7483671
124342.3,-0.32234755,1.2549189,0.7701267
133487.77,-1.6719859,0.6689336,0.5277498
120912.99,1.8055156,1.8716763,-0.6568136
132372.48,1.2008694,1.6059719,-0.5843478
124050.12,-2.7550194,3.1173303,-0.5214941
115091.78,-3.16737,3.0796297,0.4848272
132306.67,-2.702477,0.9156326,-1.0688372
127742.305,-3.1913967,2.53734,0.46763843
119149.34,-0.28752163,0.668735,-0.69667435
120392.67,-3.5802155,3.067613,-0.49503002
118470.49,1.1038444,2.6996913,0.7016721
121784.44,0.4310645,1.7217108,-0.7447298
127539.14,-2.333178,0.3974437,1.0568281
129510.57,-2.368795,2.0070865,0.5963431
129418.66,-2.4306986,2.8029628,-0.41737986
119917.42,-2.6998594,2.935543,0.31452915
116375.15,-0.92003316,3.1043644,-0.437809
118648.375,-2.192949,2.118639,0.9526468
129491.9,-3.0857797,1.0546048,0.8909176
120834.65,-2.4200006,2.9540963,0.60397035
118731.28,-2.4095364,2.7907197,0.39882535
130624.016,0.69242316,2.824276,-0.44608432
133355.27,-3.1510432,3.0116868,-0.8081892
115560.89,-1.2118047,0.9105128,-0.47299737
120935.09,-1.8079478,0.10566199,0.40845647
123628.96,-1.351498,0.93967056,-0.67652804
118794.51,-2.470847,3.0065465,-0.60905665
122985.195,-1.316078,3.05659,-0.55011886
117795.23,-2.9305754,2.5456998,0.7448933
131653.84,-1.8354322,2.0527864,-0.72014254
119773.57,-0.35128957,2.7048917,0.64196265
130265.83,-3.9340003,2.5857236,-0.52005744
119195.04,-4.563294,0.1862678,0.861064
119209.97,-1.2890654,2.645964,1.4500784
116199.81,-2.22064,2.531287,-0.48423344
120754.05,-0.9510482,3.0837169,-0.4926189
131016.46,-0.5241819,2.6622186,0.63637537
125733.86,0.4962665,1.1429298,0.8282407
115093.63,-0.47988737,3.0660398,0.35291767
115657.68,-2.2156413,1.6704532,0.39063382
120834.18,-3.0515532,2.5878737,0.39439338
130418.555,-1.9706448,1.4300102,-1.0899495
120840.09,1.7930932,1.7399297,0.7472754
115505.47,-2.9250884,2.85598,0.43479255
123874.14,-3.3183384,1.9548993,0.62871116
117057.3,-2.1011286,0.33836305,-0.57194847
121769.945,-2.90534,2.518673,0.8126384
134969.03,2.2396188,2.4920425,-0.6873571
130229.01,-1.5975795,1.3897948,0.8217594
128281.586,-3.583046,2.7913656,0.3853317
121118.61,-3.9339612,1.64064,0.79487926
129858.52,-0.64418817,1.7416804,0.5257018
125883.2,-2.6576118,2.9608533,-0.6259204
126753.945,-2.816508,2.9644136,-0.7206899
122552.22,-3.2688103,2.2332215,-0.6183626
120313.99,-3.6245298,2.8259444,-0.4438152
133229.8,-1.3213495,2.4714117,0.47692028
130539.42,-1.5710377,2.2790024,0.45274928
121853.15,-1.4610898,0.111212134,-0.44708794
126075.74,-0.75442636,0.5622413,-0.7216807
121319.67,-2.859419,1.6963931,0.6752274
120211.24,-3.1201134,0.58453107,-0.7232347
119416.38,-2.8126338,0.5801512,-0.482088
120554.01,-3.1273577,2.4140038,0.7042554
127238.82,2.236417,2.8268585,1.0421184
125029.664,-1.1490098,2.5970035,-0.4876547
129963.3,-2.2928174,2.4648097,0.60385025
126272.74,-1.6375084,1.9139936,0.7019991
117339.016,-2.1602213,2.0879073,0.6428231
121427.77,-1.4356006,2.3946714,-0.37578326
119830.87,-0.52135396,0.36304927,0.38570464
117574.805,-2.755928,2.6555545,-0.4765136
125611.42,2.4847667,1.3369542,-0.68883204
126775.28,-3.6312997,2.5558572,-0.7497239
121174.15,0.094973214,2.5942104,-0.5430058
119083.53,1.445258,2.3772619,-0.7310935
116139.09,-2.9268801,3.0565233,0.7315101
126846.8,-0.52491933,2.6489444,0.57206327
124013.81,-2.0223,3.1233163,0.5604858
123237.73,-0.790322,2.876253,0.38937065
127651.71,-1.6381327,0.3237518,-0.5108289
127392.57,-1.0915258,2.3807034,0.85292834
133844.08,-2.1669319,0.60274047,-0.6934354
134931.02,-3.016859,2.1420016,0.7359472
129242.164,-1.3510424,2.8057299,-0.7516641
116635.21,-1.6510663,1.4895952,0.726259
124694.49,-1.791001,1.2253025,0.9170844
119012.9,-2.8538964,2.6418133,-0.8995555
129021.36,-1.7878201,2.9958487,-0.7775675
116612.62,-2.100957,2.9078598,0.23526612
132439.19,-2.5452332,0.63632447,0.49241588
122659.45,-2.9050343,2.968079,0.57092094
124646.055,-1.6898376,2.4218857,0.73628366
121255.84,-2.4847374,3.1062212,-0.6108379
115539.58,0.04179949,2.575398,1.1505421
121815.67,-3.597703,3.0171537,-0.4939344
123785.99,-2.111067,1.519376,-0.623272
118614.06,-2.276461,0.48021466,0.5318006
119083.16,0.4811587,1.8583804,-0.58470833
123387.17,-4.2179713,2.9566326,-1.0075744
118650.266,-0.38738582,1.6782144,0.609998
134259.61,-1.9529877,2.991772,-0.56106216
116305.84,-3.5958335,1.2995785,-0.50520617
126170.55,0.93951106,2.7701201,0.3658076
131873.9,1.5160365,2.7618039,-0.67302066
115521.336,0.09383091,1.6167738,-0.98253167
115089.03,-2.475328,1.875908,0.6906589
123177.3,-1.8180631,1.5981965,-0.5492958
120043.42,-2.6137803,0.8092726,0.68943965
119912.52,1.3551277,2.4005616,-0.6267406
120143.32,-1.2571706,1.3645529,-0.7408149
119447.516,0.17049693,1.8935486,0.7010289
118156.74,-1.7426828,2.671421,-0.8958178
117813.9,-1.9437267,3.1232312,-0.6311267
117020.81,-2.8411252,0.50724673,0.46974355
131850.78,-1.3242255,2.3753557,0.67261016
129523.82,-1.2647575,2.6407783,-0.6695719
123451.164,-2.813995,2.7759228,0.5687855
133295.06,-1.8420786,0.6780224,-0.6090582
127652.39,-2.8545318,2.6852343,0.66722167
125489.09,-1.4270171,1.8936751,-0.7222728
126108.69,-3.5477974,2.580763,-0.4985765
134393.86,0.51782656,1.8156099,-0.7723553
121124.51,-3.1572244,0.28306103,-0.631088
133146.88,-1.7282563,1.9857163,0.7385449
122422.46,-3.0981426,2.6360154,-0.713207
129899.19,-2.9172578,2.783936,0.6460835
122276.66,-3.598984,1.6785568,-0.5668395
121708.09,0.049821373,3.0636091,-0.3662099
133276.44,-0.6096358,2.8211884,-0.7783085
118153.06,0.6835053,2.5213149,-0.43080667
123176.77,-1.933756,2.2642472,0.58751106
117105.234,-1.3297122,1.5233334,0.2558827
115948.02,-3.1760757,2.2257564,-0.79942346
118577.086,-3.7941868,2.392228,-0.41850668
118857.625,-0.27548173,2.7989295,-0.52359015
129352.375,-3.3729236,0.17366695,0.3371326
133089.1,-3.795808,2.809037,0.58551115
125897.13,-3.0264297,0.47522843,-0.575596
128793.68,-0.7219236,1.892959,0.5554221
132706.81,-4.1097226,1.9542356,0.6794569
126800.77,-1.2904391,3.0769954,-0.43860376
122608.586,-2.9577734,2.2574515,-0.65208226
129055.38,-2.0074074,2.9186962,-0.47467682
119588.34,-2.3421853,1.6409212,0.56752557
119095.09,2.4962506,1.8091471,0.81003106
115164.06,-2.484048,3.0936246,-0.57050025
132792.45,-2.3642929,1.2648766,-0.76879287
125202.266,-3.1399643,1.1621038,0.6065974
116906.016,-1.4189135,0.18277848,0.5409696
131585.97,-2.8761876,2.0645802,0.6247248
132990.38,-1.1360086,0.6802414,0.47400048
115158.69,-3.1653259,2.653667,-0.52596503
118593.52,-3.109264,3.0986843,0.57938904
127945.33,-2.5494466,3.0050192,-0.57149327
118810.43,-1.5768274,1.0416969,0.63020825
119098.516,-2.7476296,2.254461,-0.7455455
132962.16,-2.5731707,2.3481734,-0.7064467
124126.17,-1.5192323,1.3274021,-0.64997286
119107.77,-1.9656845,2.7168212,-0.5452097
128730.336,-3.2544978,2.1710865,-0.4283053
129056.945,-1.686432,1.6897762,0.60562086
116382.29,3.072409,1.5673463,-0.98225623
119258.27,-1.7209601,2.2310562,0.7318415
127638.18,-1.3236113,0.1275599,0.45591184
131144.05,-0.40366024,3.020189,-0.22479936
128078.07,-3.565323,2.6226566,-0.59473276
134549.39,-0.46334004,2.1095343,0.5738587
133788.45,-1.7322822,1.7900623,-0.79418087
129458.56,-1.2513738,2.830203,-0.6149179
131565.19,-3.4694903,2.8021755,-0.76402307
122413.89,-2.283313,0.66205627,0.8161594
127622.46,-1.6778736,1.79821,-0.78964406
116827.04,-0.5519035,2.2736294,-0.8349562
127548.81,0.44473928,1.6552157,-0.569825
132388.56,2.210308,1.3220412,-0.6894055
134507.48,-1.579545,2.209832,-0.45178607
116967.46,-1.0869234,0.6869817,0.52647084
127670.016,-1.0539312,3.1096675,-0.6235606
116789.1,-3.509497,2.9362268,0.7279743
131983.94,-2.2531822,1.1120448,-0.50830233
133741.0,0.4169586,2.648153,-0.5274053
131158.89,-2.625613,2.905273,1.0856118
131273.3,-2.2426124,3.1250236,-0.5429332
123687.84,-3.0991712,2.9320867,-0.60511297
130884.04,1.2840568,2.086674,-0.681611
125304.83,-3.0844553,3.0995765,-0.38918072
126903.89,-3.577047,2.6678493,0.20718054
115126.19,-1.6594177,2.1666598,0.55473715
133924.95,-0.5020272,1.2689689,0.9997355
131247.02,0.38284513,3.0881324,0.75140077
128984.27,-0.99354523,3.09269,0.49641111
122443.16,-2.1667547,2.6344697,-0.75628936
122230.77,-2.5296323,0.20592993,0.5874588
131734.8,-4.284437,2.8091185,0.6738768
118304.15,-2.0873685,0.5722192,-0.55363107
118819.664,-2.0238252,2.5183375,0.5957704
120403.21,-3.1203842,1.9360583,0.48222077
128523.05,-2.117724,3.020707,0.64573854
115929.1,-3.6047165,2.6440601,1.0766511
134980.38,-0.29574066,3.1298928,0.47699034
122503.44,1.5309749,2.1375356,-0.8750837
119246.79,-1.1906915,1.8597349,-0.69529796
126932.18,-0.13093968,2.4196618,0.7991373
125007.75,-1.7902105,3.0975509,0.5445689
122591.65,-1.8651541,2.6339984,-0.46225926
116197.94,-0.8613105,2.311122,-0.5931341
120916.65,-2.597407,2.0251164,0.7261085
116617.58,-2.9360445,2.9751344,-0.71225595
117537.625,0.41587085,2.4649622,0.5220844
123265.41,-1.1891708,1.4513806,0.6732831
126861.98,0.51613957,0.7056404,-0.840131
123657.016,-3.4902081,1.8880355,-0.7234581
126619.04,-2.7891722,1.0561147,-0.65067655
117907.06,2.885875,2.907609,-0.55520964
127031.36,-1.1390867,2.1924179,-0.7183175
123414.86,-1.2288935,2.6506507,-1.0266126
126578.484,-1.8439873,3.003246,-0.554535
117439.98,1.919589,1.0497614,-0.80295545
127670.1,-0.52805173,0.68972754,-0.5379215
119441.07,-2.9443343,1.050756,-0.95574355
115203.61,-1.5570489,0.44447523,-0.6597661
124193.86,-0.5927508,2.9835784,0.38615093
131939.86,-0.043250438,2.4668279,0.28126803
119527.92,0.7116781,1.9621863,-0.74159825
119355.375,-3.017888,0.8312146,-0.7316285
121160.29,-0.076539375,2.8232944,-0.38099322
119864.38,-2.3758564,2.4166527,0.82427055
131736.0,-0.69461656,2.995654,0.46776474
123366.375,0.10736078,0.23703969,0.48352364
123474.086,0.67222196,0.2538165,-0.4537737
132672.86,-3.827064,2.6998296,-0.72771263
128280.37,-3.601156,2.1842608,0.7261016
133319.44,0.6942671,1.8042136,-0.6233741
121698.61,-2.7396355,2.9425375,0.6100244
115436.55,-1.9312419,2.593607,0.6541069
121814.92,-1.1830455,2.4164162,0.44814804
116283.84,1.2525979,3.1066222,-0.6029615
118951.96,-2.7767577,3.062514,-0.5315721
119215.77,-1.957466,1.3568118,-0.5877338
118908.01,-2.134258,1.8478765,-0.7555389
126379.164,-1.1972804,2.1653078,-1.0118327
121541.12,-1.4376649,0.6435278,0.3151672
123148.914,-1.2992574,2.4144642,0.66394854
121079.91,-2.2153463,2.774739,0.35725278
120132.39,-0.033710144,1.5800407,-0.6589876
115043.266,3.6905148,0.29300642,-0.40478083
122437.63,-3.1904743,2.821446,0.46123043
123647.36,-3.1830447,2.77623,-0.24904537
129666.43,-0.47569722,2.9257042,-0.40903914
119717.164,-0.46561304,2.5973685,-0.59336215
117426.1,-4.088595,0.8948293,0.6083478
133299.34,-1.0913613,2.5617173,-0.59436077
117401.78,-2.1715503,0.24280475,0.5256793
126252.64,-1.5424709,2.5491328,0.32802993
118830.34,-1.498858,1.5982759,-0.74101555
119240.1,0.9193713,0.5483999,0.59289527
134593.27,-1.5974277,2.7127504,0.8382665
132810.12,-2.9245265,2.1056569,-0.59867865
129691.1,-1.6039515,0.5145184,-0.5910887
133154.72,0.114102826,2.818729,-0.4663021
124632.836,-1.6501778,2.4514625,0.6006643
116606.945,-2.5495424,2.2411988,0.5463118
124179.555,0.7297864,1.7104588,-0.5679144
123021.75,-1.9649736,1.9731543,-0.65729815
118057.33,-0.37748694,2.845753,-1.2669466
131009.85,0.6711957,2.2941039,-0.6516814
125426.57,-0.47608018,2.6207328,0.7629641
133879.62,-0.98309225,1.2857467,-1.3581275
122410.5,-0.65395105,1.9292376,-0.5293746
122636.914,-0.3894682,3.0816185,-0.36334965
134289.23,-3.216953,1.2496485,-1.0123178
122173.19,-1.7846168,1.1306814,-0.5136562
118015.5,-4.5956707,2.389157,0.5739807
122319.65,-1.0727468,2.3720067,0.5317231
125608.32,-1.5040674,2.9063346,-0.52968514
130264.91,-1.6850102,1.3494258,-0.872051
127860.625,-2.6655333,2.1164296,0.53649056
116475.76,4.91462,1.8339661,-0.80285966
122231.27,-2.5045063,2.8538191,0.7828808
127362.125,-2.3428888,0.5387019,-0.5682845
118142.71,-1.0035938,2.9787586,-0.40888375
124630.984,-1.5201367,2.8745122,-0.64869905
124177.336,-1.411758,2.919384,0.7931835
127516.65,-0.9402691,0.17050284,0.5079465
121117.64,-2.66628,1.6005948,0.8140951
129010.8,-1.8727108,3.1015239,0.3621844
130878.13,-3.2418015,1.0536187,0.42198554
119126.875,-2.0434933,0.19799829,-0.5105601
116465.99,-2.3157146,1.527266,0.7791389
119831.33,-1.781187,0.31789958,-0.47055888
123987.78,-1.7642546,1.1122134,-0.92404014
120627.92,-2.7808933,0.8025285,-0.4879627
116455.836,-2.260649,3.1282341,-0.87446654
121633.67,0.8676742,3.131702,-0.535397
123035.51,-3.2658942,2.9812071,-0.282414
129341.086,-2.7028916,2.8324397,-0.23947091
131111.48,0.462751,1.311067,-0.60209
122436.75,-3.3321981,2.9700546,0.4305455
119518.38,-0.71942014,2.838966,1.2199271
121498.35,-1.0369121,1.9439046,0.6628949
127302.56,1.7631326,3.1176996,0.2945547
121728.414,-2.824642,2.773994,-0.4288234
122215.22,-0.87031597,2.9855719,-0.42103922
124361.47,-0.27772138,1.9821644,0.50614095
133076.67,-2.7151284,0.1059798,0.40950927
125937.25,0.4747061,1.8716638,0.5851399
115876.13,-1.3096316,2.424586,-0.5465311
126295.08,-2.5713804,0.26384526,0.74680287
122084.28,3.342483,1.3312194,-0.6800542
127143.01,-3.726116,2.2168314,0.5498249
125640.07,-0.45676914,2.9642022,0.42614776
117864.266,2.2193704,2.0375972,0.7672673
131338.52,-3.7023752,0.73872566,0.690526
128600.16,0.9990091,2.3656967,-0.64761436
119363.21,-0.13282068,2.9539022,0.8657716
125159.984,-0.5883333,2.267756,0.62464744
131150.66,-2.6508543,1.1635966,-0.4982315
129495.39,0.043161936,2.4494724,-0.776234
131346.98,-3.0560722,0.83629704,-0.53081304
118088.875,-1.767133,3.0799694,0.38487735
118970.695,0.56865597,1.4991474,-0.7710948
128974.766,-2.408291,1.2542406,0.69737536
115457.12,-2.7042525,2.6771412,-0.8860417
131563.08,-2.7853715,2.181727,-0.8014088
126762.555,-2.6558993,2.0747972,0.6943763
133907.78,-3.4174333,2.81732,-0.6199486
133172.83,-2.9796627,0.4719239,0.4947941
123116.39,-1.8986017,2.086199,-0.9485094
115507.19,-2.900634,2.1705976,-0.4441224
122787.85,-2.7510223,2.4180603,-0.30147815
134898.72,-1.0458883,2.9260192,0.50353116
129853.1,-0.76935077,1.6766385,0.5270775
134712.52,0.4385183,2.195915,0.6101426
118089.4,-0.44861442,2.4975166,0.45415515
122827.98,-3.314722,1.5359082,0.6857261
132506.36,-3.966704,1.9898506,0.6187687
119847.94,0.60174376,2.6443954,-0.40379435
131617.36,0.4138794,2.4874303,-0.6719017
121737.36,-1.7447588,1.9335705,0.41231745
131202.89,-1.294293,2.6433678,-0.9408213
121465.01,-0.08419598,1.7411873,0.6258164
130002.805,-2.2582774,0.8256827,-0.48638844
115275.11,-3.068666,2.3800027,-0.2960409
130453.945,1.4802029,2.3669963,0.7655302
124752.15,-0.81076163,2.306354,0.99874187
132917.11,-0.07660559,1.5255815,0.7573537
120500.0,-1.641606,3.1353004,0.60693705
122557.29,2.4001608,0.07129502,-0.37922785
115905.17,-1.2863982,1.531638,-0.7675113
132025.77,-0.018697953,0.08215535,-0.32037959
129377.48,-1.7743897,2.4897544,0.5371524
120371.336,-2.9133928,2.2926762,0.22541898
128872.336,-2.4123015,2.968278,0.36479387
129784.414,-0.25598314,2.052644,-0.79629564
120531.12,-2.343447,2.193966,0.7070004
129361.164,-2.0880473,2.9880743,0.2263368
128761.83,-2.3673148,0.79912233,-0.75179964
127995.94,-4.004693,2.896807,-0.41466692
116938.19,-2.218707,1.9384608,0.710229
122348.1,-2.824035,0.3915887,-0.6333991
129648.98,-1.1050456,2.1011486,0.47681126
128214.164,1.0189248,1.3299634,-0.7263486
130469.13,-1.1813552,1.9269824,0.88114226
116690.56,1.0147908,3.0832028,-0.44880834
129982.805,-2.7805429,2.8290222,-0.6276745
122870.125,-1.368354,1.2372073,-0.61750424
122386.15,-4.348901,2.593421,-0.39703506
133925.11,-1.5550792,2.3521547,0.63564646
130434.33,-4.3635216,2.98501,-0.62172025
117020.52,-0.7857009,1.9865134,0.69644827
125443.695,0.23521449,1.7386492,0.6614145
127387.89,-2.186468,1.2788199,0.63287246
133880.73,-0.99649936,2.566052,-0.55304754
125967.516,-0.44141516,2.2105258,0.66350305
124428.63,-3.7082286,1.0946656,-0.49063453
130807.836,-0.1302991,2.8160977,0.59836733
115337.31,-3.2286751,3.057932,0.48995325
130367.16,-2.155201,1.6068984,0.9871195
132591.55,-0.2940679,3.0043316,-0.3565481
116880.586,-1.2364354,2.6386065,0.44606626
124735.984,1.8326936,0.8385885,0.63772404
115397.6,-2.3161464,2.8471823,0.7621609
128882.39,-1.805139,2.6782942,0.8235158
115212.32,1.500352,2.8173454,-0.5440882
128073.375,-4.4661303,1.8482955,0.6088327
115764.2,-3.4740922,1.8804607,-0.67436475
131629.3,-0.8186104,2.675469,0.69863397
120182.28,2.2608447,0.6505509,0.5092871
129046.24,-0.5391464,1.7289,0.72671974
117061.625,-3.4597116,0.8888025,-0.49691895
133423.77,-3.0074863,0.45543146,0.5248038
127213.586,0.038971912,0.09777558,0.41928032
115792.18,-2.5590353,2.027213,-0.43143705
123873.95,-1.6488689,0.12106514,0.44272858
124073.09,-2.2018635,0.42634684,-0.5402325
117114.14,-2.3310914,2.8736072,0.4152971
115414.27,0.56540513,2.9990957,-0.40021464
120954.42,0.034676056,0.86383206,-0.50796616
124992.98,1.5694896,1.4567525,0.67080075
121144.29,1.0441324,3.0269678,-0.30391195
124043.08,-2.5641725,2.1506007,-0.77745116
122808.86,-1.5983808,2.0738707,-0.8823296
127932.98,-3.6446588,1.6808445,-0.50495964
118571.56,-1.5539459,0.42957234,0.36121386
122838.96,-3.4458401,2.5698583,-0.7530814
118154.79,-2.833156,2.13214,0.67919374
130154.95,-2.054957,2.5466595,-0.58345205
117432.62,0.086608864,1.5074137,0.76183546
121426.09,1.027288,1.5609058,-1.1449429
121925.01,-2.6213856,2.9833941,-0.53463453
119482.05,-2.4002585,1.1729779,0.66009414
124924.66,4.518918,0.5924039,-0.56546015
119052.43,-3.6306348,2.1032426,0.7289262
125478.63,-1.7149113,2.5728397,-0.3543407
120616.875,-1.400198,1.6481471,-0.61074096
115121.875,-2.2324739,2.0728424,0.7057034
116873.984,-3.4809456,0.04238546,-0.6982306
131960.23,-1.2802746,0.51575625,-0.60066825
117217.62,-4.0627236,0.9307014,-0.6441211
129083.35,-3.4578886,3.0495527,0.5174585
128490.336,0.30208224,3.088364,-0.5334213
120376.14,-2.7140412,1.6658839,0.4564499
118153.34,-0.06699132,2.557317,-0.5122568
125756.37,-2.7499053,2.7328172,0.68469745
130166.14,-2.3177266,0.71939826,0.6725216
120776.46,-1.285182,1.4102184,-0.7271244
126361.81,-2.8421657,2.317982,0.8199651
134916.16,-2.0823724,2.1589658,-0.74524796
118816.3,-2.8283095,3.1280482,0.509848
122659.586,-1.1788428,1.5477448,0.64453524
122269.72,-2.7405694,2.8507,-0.67230046
121470.625,-3.5700023,2.1917055,-0.5833465
126865.58,-1.1258394,2.467566,-0.6054843
134685.78,-3.2106202,1.5552124,0.70679975
120884.64,-2.9799693,2.6702826,0.5995397
132157.9,-3.4149814,0.6668682,0.50296605
117182.19,-2.6583037,3.0099294,-0.6342751
116783.555,-2.5384502,1.2562915,-0.66629696
129529.95,-3.1684422,2.7148185,-0.6952468
119091.41,-0.5439207,2.8055499,0.5862623
117136.11,-2.1458876,2.175347,0.6710771
115409.586,-2.3213694,2.9028025,-0.5346577
122760.836,0.029146548,3.0309587,-0.41380566
130057.98,-2.6450338,2.1737885,0.3639132
125769.4,-1.1017038,2.2162366,0.626749
126756.984,-1.7774614,3.074866,-0.3230415
125143.64,0.041557085,2.826195,-0.4741951
121165.36,-3.2664595,2.0902352,0.8206513
128578.63,-1.2606304,2.992584,0.54983926
116377.055,-0.19096962,2.9958746,-0.9607997
121691.29,-2.5418987,0.18359387,0.53125536
115931.195,-0.19883132,2.3050637,0.7542151
127236.85,-2.5354476,0.6480795,-0.49550787
130094.65,-2.7403893,2.5511565,-0.67917436
134546.33,-0.5713891,0.06716943,-0.39579132
116071.8,-1.0447829,0.3914821,0.76655555
122652.29,-1.4373225,0.042351484,-0.40433747
117326.47,0.24213718,3.0920238,0.5617279
129691.484,-1.7424723,0.5116178,0.5795535
125277.05,0.0902574,1.9868357,-0.70485073
115207.914,-2.8193688,2.8627405,0.64070934
118766.26,-2.1843028,2.663688,-0.51187944
118392.734,-2.762507,1.3904196,0.42807198
124196.25,-3.7542875,2.0052397,-0.83760583
115690.22,-0.24173507,2.3040836,1.0957929
125354.67,-3.0760758,2.7563066,-0.97312254
125230.234,-1.4190322,2.6798227,0.46554524
121373.57,-4.5476556,1.900965,-0.73802495
130286.164,0.035200756,0.88932097,0.81798136
134147.36,-2.9588091,2.3394141,0.5625453
117765.68,-4.2133937,1.8577578,-0.60928315
117818.58,-1.9277432,1.9481487,-0.7174373
117962.875,-1.0972906,0.078944206,0.6875476
121499.05,-2.265471,1.6236157,-0.9345985
116477.74,-3.7546687,0.4490937,0.42024943
117167.15,-1.9290805,2.2244508,-1.0519198
126678.03,0.13392867,1.6827642,-0.6438806
115718.23,-2.654801,0.47162157,0.67842376
127044.26,-2.7594042,1.0595062,-0.7861812
128288.62,-0.5944591,2.1438878,0.35904792
124499.85,-3.1670334,1.0732212,0.5143238
116465.266,-1.5203719,1.6275505,-0.6069517
132024.34,3.383558,1.5085099,-0.7639093
115747.2,-1.9645456,2.6413474,0.6178788
117392.08,2.2923276,0.77862287,0.5965199
118773.04,-2.5978281,1.5326405,-0.5218921
126084.19,-0.260362,0.98162174,-0.68077654
125973.1,-1.640383,2.7862105,-0.516011
126153.38,-2.5651147,3.0514107,0.37362167
125871.5,-0.8579361,2.945031,0.65314394
127536.47,-1.6994492,0.29153514,-0.4792293
130505.12,-1.5254333,3.0616403,-0.25713164
122171.44,1.1756115,1.3774331,-1.0515423
131604.64,-3.6973634,0.7508702,0.43480447
117150.38,-2.0098522,1.670688,1.094553
129994.13,0.11473192,2.1785936,-0.43134856
119942.54,-3.3841107,2.8521843,0.7983765
122595.99,-0.14863107,0.89203334,0.6547495
134851.27,-1.51883,2.8714466,0.6395804
119075.2,-0.12150002,2.6604187,0.448643
118068.1,-3.939053,2.0404038,-0.57576215
127935.35,-1.7232869,2.2744772,-1.0451039
127337.26,-3.1607077,1.6036161,0.73861
115548.86,-2.9957597,1.4077164,0.65342414
132559.53,-1.593083,1.2543162,-0.93300337
122916.72,-1.6068842,0.51672935,-0.59361446
132034.06,-3.0227058,2.4358938,0.36094642
132129.17,-2.1872435,1.7374909,-0.5903646
120891.016,-1.2482243,2.8486018,-0.39208654
127018.97,-3.9275608,2.8978326,-0.39492425
125640.26,-1.8332016,2.315198,-0.44920328
134494.84,-3.9390795,2.4900243,-0.5231688
120489.3,-2.1914744,1.9439121,-0.64269644
123586.03,-3.1595747,0.15835148,0.5379231
115052.14,1.1273389,2.8620505,-0.65026623
122104.51,0.6634491,1.8074803,1.0161089
127528.34,-2.2763793,2.0811262,-0.5782921
133108.38,-1.6180136,2.6776457,-0.20342916
119043.5,-2.1122744,0.9827346,0.61998945
134241.4,-1.888939,1.5524875,-0.68202597
119189.95,-1.1806303,1.3556856,0.63203675
133067.03,0.28186142,3.014356,-0.53368914
118026.414,-0.05350979,1.6440046,-1.0317922
117305.26,0.051195364,1.8747525,0.92839473
126861.734,-0.24841838,1.9222759,-0.6682471
133005.42,-2.5025904,1.7810848,0.44906935
133247.39,-3.1707497,2.8612595,0.6297985
131824.08,-1.1256554,3.0025237,-0.48305985
134604.4,-2.1871283,0.26505995,0.41523388
116096.94,-1.3644252,2.8211758,0.5209613
128030.13,-1.1119534,2.6614385,-0.7141158
130488.13,-0.8777886,0.5635672,0.51041794
117364.0,-0.5452861,2.0969024,0.73205984
120322.21,-2.785431,2.8802493,-0.46026924
117396.51,-0.31118947,1.1231749,-0.61328393
120411.71,-0.8201654,1.4999511,-0.6100354
131646.61,-1.1357746,2.0258973,-1.0239329
120292.836,1.3066207,2.3723488,0.66439915
121027.664,-3.1079216,1.0796574,0.7760979
115485.445,4.1810412,0.6039867,-0.52463603
131947.61,-0.80645347,0.82248837,-0.6258116
118684.31,-1.4561684,1.520824,-0.8816114
133596.05,0.62332195,0.43703014,-0.4424939
117897.85,-1.1429534,2.9780269,0.52531
115872.87,-2.2905247,0.66679835,-0.41914698
129946.945,-3.1984143,2.96976,-0.5825995
117797.67,-2.1725478,2.956058,0.3691058
126822.195,-2.785332,2.9483716,0.42095473
120692.13,-1.524954,1.639627,-0.57427603
116207.664,-4.0627494,3.040095,0.37937406
132889.69,1.0835215,2.5563767,0.5890217
124416.805,-2.4559033,1.7040278,0.5260993
115304.43,-2.8222682,0.6149136,0.5180305
116008.46,-0.67611724,1.0907885,-0.7619562
121878.984,-2.7205815,2.744002,-0.5582033
115019.08,-0.26578498,2.4694166,-1.2488486
128982.21,-3.0366404,1.5745442,0.78373367
120739.42,-1.5711248,1.8987987,-0.8929284
126620.48,-2.316902,2.8565207,1.0464534
116202.39,2.0855978,2.6711915,0.57782596
118397.11,2.1018195,2.8664098,-0.5149297
117003.31,-0.15943286,1.8059691,-0.5624607
115752.59,0.044302676,2.7348232,0.66996294
125020.625,-2.329391,2.776026,0.27749366
126446.77,-2.5537288,1.2645847,-0.42061207
126886.07,-1.4940867,2.7866,0.76416993
115316.34,-0.5556933,0.911635,0.803343
134484.05,-1.1271766,2.7921953,0.5763917
131521.58,-1.1318039,2.2684424,0.5155994
115616.04,-0.38209736,1.7354593,0.6661168
126485.195,-1.8906493,2.9910212,-0.5433988
134359.94,-1.8269941,2.6921694,0.4961509
125505.66,-1.5999479,2.864682,-0.7988927
120195.18,-1.8609464,2.4509764,-0.62660056
130151.8,-1.43776,0.7708197,-0.64385134
117493.94,-1.3001567,3.1396544,0.5253562
129405.57,-0.67873764,3.0358872,-0.707783
129213.01,-0.84724224,2.2049954,-0.807562
125134.23,2.0390337,0.8540073,-0.5834277
115046.12,-3.144632,0.95630676,-0.8523914
121742.71,0.68368524,1.7404602,0.7617075
124887.08,-1.2755566,1.1014242,-0.63495445
128613.62,-2.9461935,1.7118595,0.52012116
133814.67,-1.5484719,2.7993398,0.5017057
132418.62,-1.2787429,2.732295,0.6735219
125573.51,1.1167719,2.7028646,-0.29672736
128897.16,1.1802883,2.7780118,-0.86239415
122849.7,-2.8730693,2.1644588,0.65178925
116395.73,-0.9499343,2.9200978,-0.8067819
128764.03,-2.9608135,1.074403,-0.7744033
117677.12,-2.186062,3.123427,-0.6093105
123613.93,-0.37445644,2.6702363,0.7755482
120689.42,-1.1597922,2.02455,-0.7258015
121887.2,-1.2376938,0.87899643,0.63453025
130660.18,0.4912817,2.7693675,-0.6537147
117541.62,-1.8662145,2.5395403,-0.520916
133547.5,-3.2690382,2.868412,-0.66842943
134683.61,-2.0337114,2.5824187,-0.40980032
119881.58,-2.9844756,2.6856058,-0.7673408
118089.81,-1.0970153,1.906415,-0.700094
130211.07,-1.0774136,0.13528937,-0.8317636
126824.39,-1.3219453,2.0811853,0.71000665
115789.12,-1.5522093,2.6434922,0.7167569
116638.68,-2.537043,2.795538,-0.57790387
132522.38,-0.11352431,3.0912383,0.37064284
116497.18,1.3426111,2.2942572,-0.9455423
121408.67,-3.1580484,2.3301187,0.58735013
122410.92,-2.2067409,0.8478823,0.58060306
122947.625,0.30754572,2.9871917,0.4650538
116708.086,-1.5172123,1.9786786,0.7438647
127766.98,-1.4396279,2.5286732,0.46922997
120576.03,0.18559608,2.110501,-0.51084566
124201.945,-1.4802561,2.8456075,0.55339545
117984.0,-0.18950106,1.360894,-0.88103676
131566.06,-0.39198482,1.2982247,-0.8577965
120402.3,-3.3111098,1.286268,0.8745975
122575.99,1.918832,0.8865229,0.68027395
124820.125,-2.7066758,2.0157647,-0.42658746
123178.41,1.3552613,2.0009859,-0.6578821
123341.29,-4.3258986,0.5042783,0.22711584
132650.08,-1.3747847,2.3008716,-0.554905
134475.52,-1.1269845,3.105228,0.5252904
131132.73,-0.9203718,2.5020177,-0.64000165
117286.67,-1.5676827,0.9486985,-0.48457745
116258.46,-3.298873,2.8337493,0.5627283
124515.9,-0.362456,2.7590747,-0.95080346
115856.34,-0.012033635,2.128751,-0.633501
125406.04,0.4887423,2.6238835,-0.65431243
121177.42,-3.2391493,0.5430395,0.62505895
119754.02,-1.4926234,1.0853969,0.5525207
128429.16,-0.5315368,2.5603518,-0.53222996
124203.305,-1.1153352,2.3955626,-0.64500296
127242.97,-3.4196072,0.8281944,-0.6520472
124252.93,-3.808206,1.9333706,-0.7601129
126991.11,-1.3929806,2.99744,-0.5555465
123958.59,-1.7647129,1.3103504,-0.6046451
116086.4,-3.4164114,2.8728287,-0.852281
131724.47,-0.46067268,2.5424898,-0.65247476
123399.98,0.4377721,2.6513124,0.6962991
121329.42,-1.7249115,2.182075,0.74748176
131397.94,-3.4039571,3.07417,0.5111545
125059.266,-3.3298922,2.207459,0.587144
130087.86,-2.9349675,1.4691576,0.5017191
125650.39,-1.8177581,3.0165071,0.5738617
117006.47,-1.6570917,1.9169534,0.78290707
134477.27,-1.7678946,2.6656573,-0.53431934
117766.695,-0.8801957,1.3721311,0.831359
133932.67,0.37454972,1.869799,-0.6174601
126200.86,-3.481527,2.4012678,0.6439326
132526.9,-0.9713589,2.860084,-0.31725168
116745.125,-3.568351,0.7430313,0.5654752
117218.96,-2.2110713,1.7464174,-0.4192693
132316.7,-0.6097784,2.0363402,-0.72604954
117117.32,-1.6322777,3.0462337,0.52894527
128165.0,-3.5411525,2.9627943,-0.27630326
118941.06,-2.0904744,2.4929998,-0.9761805
117784.11,1.5607955,2.9066563,0.7843441
134306.6,-2.4197333,2.377483,0.85516065
117454.66,-1.8265649,3.0430465,0.40025914
134230.38,-1.1463321,1.8649322,-0.7693071
123964.86,-0.7514126,2.5077515,-0.6653972
125177.445,1.1484305,2.1021543,-0.7945018
126366.4,2.2922165,0.1335237,-0.44020635
119492.04,1.6732202,3.0203884,-0.41621065
118410.625,-2.2764506,0.8485869,0.67169875
116761.09,-3.7568,2.6940408,-0.51436114
120019.805,1.8523449,2.654056,0.4357489
122503.28,-1.1164471,2.5169764,-0.7391809
129176.086,-3.2361424,1.899938,0.46851116
119623.9,-3.4920297,1.8213438,0.5823574
133464.7,-2.2790112,1.9293541,-0.8597783
125118.21,-0.7956674,1.676145,-0.7721266
133009.73,-3.2796783,2.4615674,0.56689054
129570.63,-0.8409653,1.0547477,-0.81360936
132732.75,-3.5625854,2.020277,-0.37941864
129855.08,-2.4307344,2.180663,0.3246777
119745.22,-3.2310038,1.2823656,-0.56652814
120402.14,-2.7086694,3.0760067,-0.58664364
120350.875,-3.4622266,2.362685,-0.53123194
115423.734,-2.5654383,2.150876,0.6167033
124506.63,-0.39934757,1.3932936,-0.71318907
125081.72,-2.9198859,2.7857533,-0.45723745
125204.21,-1.5385886,2.8724422,-0.34399444
115889.24,-3.0456545,2.8608007,-0.40573123
130400.734,-3.7663453,2.603753,-0.6662983
124809.64,-0.15770666,0.12067032,0.4125907
121593.68,0.8176416,2.9165614,0.5887982
125548.14,-2.9128516,0.023979843,-0.4554279
132379.64,-2.1228616,0.2453022,0.79330975
121077.1,-0.6740189,1.1250196,-0.57800794
128188.61,-2.5920074,2.268527,-0.6092847
120382.98,1.3839021,2.905911,0.5035172
125158.15,0.7449345,3.0498576,-0.47151467
129605.54,-3.379577,1.9571459,-0.6234771
121122.05,2.4023504,1.0613334,0.9606504
131085.0,-1.7067739,2.7108908,-0.23977636
134997.33,-3.2913299,2.0013928,0.50803995
131701.52,-2.7311468,0.5158341,-0.55066305
134418.6,-2.8848674,0.43588066,0.5766066
120748.8,-2.3020551,0.22890723,0.40155396
127856.8,-0.30750662,3.1154416,-0.48111707
115942.43,-1.3303795,2.8869517,-0.5594244
122195.91,-0.2405976,2.0010765,1.2466719
117522.22,0.22828606,3.108426,0.65803117
115779.2,-4.2001123,2.4601665,-0.6988874
124480.19,2.5141375,3.1205199,0.71989346
124830.11,-1.3965477,2.7704916,0.34726954
123088.555,-3.2235425,2.5639253,-0.64380985
127792.6,2.1145167,0.34855437,0.53265315
118756.87,-1.1313009,2.2244034,0.49111134
121083.93,-1.9207076,0.67805165,0.5638129
132843.69,-1.8821518,0.8436973,-0.5861129
119743.64,-1.9408675,1.1637124,-0.26827633
130532.97,1.7156117,2.1999915,0.69457704
121094.53,-0.7825089,1.590013,0.49334714
133736.73,-4.146166,2.5333283,0.64579153
120709.195,2.1122413,2.4939172,-0.6460299
120333.414,-1.53559,2.3734732,1.0145532
129526.695,0.17895633,0.54703027,-0.6523752
134997.62,-2.9792364,0.90592045,0.5689651
122147.625,0.098484255,2.1758232,-0.6320784
120733.766,-3.0884733,2.036906,-0.49908534
128068.836,-0.08546902,2.837991,-0.5914902
131673.17,-3.7925751,2.2114766,0.48807368
127021.01,-0.82627183,3.1025124,-0.65402806
132759.83,-2.069548,1.4455721,-0.41950274
115551.56,-1.85926,0.1954068,0.6638809
125893.68,-0.36610815,0.52975905,0.9840018
126278.625,-0.683364,0.09084001,0.4068255
121973.03,-2.472543,1.2401484,-0.75469077
117361.54,-1.6245816,2.5694315,0.23753628
116070.42,-1.1792598,0.76929814,-0.55804074
115568.234,-2.104992,2.400464,0.6024635
121598.18,-2.5459468,2.0910518,-0.8752771
124188.734,-1.0076896,0.0710814,-0.43506122
119487.98,-3.7131577,1.6510569,0.29247367
123044.56,-2.1551814,0.58541024,-0.8688042
128319.305,-0.07865144,3.0321312,0.4626885
125158.86,0.5531783,1.3774387,0.65654176
127593.484,-1.0669298,2.4539864,0.44009045
115775.5,-0.2983904,3.056147,0.67569757
130232.23,-3.3646917,1.3935145,-0.86667854
118491.55,0.14849366,2.4663746,0.4981339
118643.54,-3.4315195,0.09144044,-0.5172861
125848.42,-1.1580856,3.1129413,0.5033313
131093.47,1.797442,2.8553114,0.5227724
117453.695,-2.287041,2.857597,-0.79517967
126602.2,-3.0604222,0.35501218,0.5123462
127297.16,-3.6422765,2.419639,-0.59703296
123336.81,-3.0542243,2.1775732,-0.49296024
125060.42,-2.0630884,2.812087,-0.38542554
118567.64,-0.17836882,2.7194793,0.3828759
119008.14,-1.6180243,3.0515523,-0.57288027
118664.27,1.5190823,0.52786404,0.48947284
124978.34,1.2139204,1.8524173,0.5935752
124780.945,-4.1634455,2.032249,-0.49026814
121215.695,-3.8386693,0.55571175,0.60861117
123091.68,-0.70715404,2.299873,0.64117205
134307.73,-0.31394172,2.7724576,0.79697496
129835.45,-3.763613,2.7076204,0.4218817
126005.61,-1.4342194,2.6115386,0.586467
121943.32,-3.8846037,2.7161007,-0.42972234
124735.47,-1.3352467,3.003548,0.625663
115464.164,-2.246179,2.9263766,0.64045686
118620.73,1.3192388,2.7616293,-0.57606465
122628.11,-1.8138022,0.7060697,0.6952828
122603.18,-0.5569281,1.1265416,-0.6158007
120289.87,-1.3504866,3.0929894,0.51046854
120554.33,-2.4337792,2.4420338,-0.53320235
117559.3,-2.7598555,2.2563424,0.6722861
119502.43,2.439163,2.4970882,0.5124297
118744.48,-2.0132341,2.720076,-0.23793592
117694.66,-4.240793,2.8587995,-0.40562806
115475.44,-3.6083066,1.0953711,-0.35023174
119336.32,-0.59225756,2.8935127,-0.37317505
121421.96,-2.1439993,3.1413572,-0.58955276
122554.09,0.058850337,3.121611,0.44510123
122604.88,-1.1663116,2.3714,0.30135992
116619.83,-1.4990128,2.0111563,0.5313758
128461.54,-0.95744604,2.9953623,-0.41852596
121844.664,-3.333509,0.030031323,0.5357839
132110.95,-2.6195872,2.9403567,-0.4070822
132828.64,-2.101538,0.059871435,-0.45339933
131079.33,0.8739417,2.0087557,0.6828713
128599.6,-3.0056572,2.3288932,0.7641442
119431.79,-1.5401076,2.385667,-1.0249237
130413.69,-2.6465328,1.7432315,0.863824
121887.14,1.1608554,1.8865494,0.5517132
117097.586,2.778462,2.2018032,-0.77570313
131532.53,-3.0130558,1.6459591,0.95589197
131659.38,-2.4737132,0.5029998,0.568191
134500.45,-2.6570845,0.8483491,0.6918406
132229.86,-1.6003648,3.0297024,-0.58905673
118149.7,0.68483603,2.6713321,0.7046799
132092.27,-0.58808565,0.16439956,0.39676172
118385.07,-2.0817132,0.9685505,-0.5686357
115064.5,-3.5510015,0.063571215,0.7591667
122749.04,-3.7077327,2.228759,0.49313405
131715.88,-2.4953303,0.052259564,-0.30145705
118624.54,-2.119542,1.1470361,0.9062097
129858.375,-4.1348157,1.2990556,0.5404825
126406.52,-2.380653,1.7446727,1.3569555
125562.35,-1.5974364,3.0296164,-0.4054979
119566.22,-2.4950528,2.7385988,0.7968024
124255.53,-2.7024312,2.4052334,0.5199221
129712.914,-1.6048474,2.3400078,-0.8762823
132348.33,-2.1567335,1.8601356,-0.66926515
116961.49,-2.5911455,2.1088152,-0.6661744
123796.125,1.3940988,0.68249404,-0.63978446
130625.04,-2.0110326,1.9352782,-0.68941224
119361.75,-1.5981189,2.753655,0.5303183
128847.98,-2.1460848,0.707249,0.99448013
117142.0,2.4285357,1.8407118,0.6142429
123735.54,-2.8796582,1.9828998,-0.3260587
118333.88,-1.635368,2.1976385,-0.7470333
129426.13,-2.9034443,2.3334875,-0.33481017
131099.61,-3.2022917,3.0707803,0.57000256
119556.445,-1.5694731,2.3315935,0.76447374
123840.56,2.3739643,2.1862884,0.55559075
118104.49,-2.9067214,1.9667412,-0.5331563
128025.35,-1.0901918,2.8785667,-0.27258357
118885.01,0.90026486,2.3142228,-0.808944
129104.21,-2.8955336,3.0314207,-0.7540609
132634.53,-0.99930894,2.3813546,-0.7953764
122911.93,2.4551408,0.5443774,0.563609
126293.6,2.9408586,1.5130076,-0.67826027
134765.8,-4.546784,1.6175917,0.5936003
120581.84,3.4629881,2.836106,0.27251247
127016.336,-3.209851,2.55102,0.57925344
124775.89,1.4581645,2.14532,-0.5373185
124902.47,0.44365716,3.0442362,-0.44999585
131192.61,-2.7811625,0.98108786,-0.6633806
117867.625,-3.1868184,0.6424693,-0.3010228
131104.05,-2.7974763,1.9268656,-0.66018754
132151.06,-1.455904,1.9877887,0.53215855
115047.98,-2.8574812,0.41594672,0.5959242
119863.57,0.47722313,3.1089132,0.35265303
124041.695,-1.5794113,1.3706445,0.6327934
120206.83,-0.31310618,0.7363664,0.59597033
115128.74,-0.9462829,1.666961,-0.5566931
118172.29,-1.0288186,2.328261,0.9054382
133062.16,2.5555353,2.5050359,-0.8298601
125956.06,-2.885614,2.1894612,0.61870414
129754.19,-4.4930654,2.8396053,0.76369977
118746.125,0.78800535,1.315278,-0.8143448
118795.37,-0.25707567,3.0659785,0.6042243
122324.11,-3.3338058,2.4249444,-0.38716894
117084.97,0.91491383,2.692207,0.7866407
125109.08,-2.0374956,2.7859082,0.7439092
119897.375,-2.872879,1.2971493,0.6660777
124179.78,0.41151175,2.4756935,-0.5354392
133362.52,-1.4114981,2.0411613,-0.9059393
125906.03,-2.8072476,0.70655495,0.7105121
116814.91,-3.172796,1.0190809,-0.33218703
126056.055,-0.7129184,0.9328139,0.89153683
130453.14,-1.5631044,1.5356112,0.668582
121343.82,-1.4197737,3.117682,-0.53965014
125954.32,-0.7206457,0.5904268,0.4738127
115263.195,-3.7763538,1.2788295,0.56252617
132642.48,-1.0559919,3.0910933,0.6587616
126577.445,-2.150925,3.077408,-0.5690483
131552.23,-1.8078083,2.8388271,0.51388913
119104.39,1.7625988,1.6586415,-0.59204745
126937.53,-3.079233,1.2728093,-0.59339285
131037.11,-3.547145,2.2258377,-0.3876741
129880.25,-0.48913595,2.3420432,0.7032304
125229.766,-3.3852139,2.1522155,0.7175722
121757.58,-1.0069853,1.8647323,0.7129662
125865.57,-1.7352746,2.1666355,-0.75728035
120692.67,-1.8573604,0.20506006,0.52650565
121837.5,-0.46622154,2.9444096,0.4503501
128193.25,2.0446024,2.4562778,-0.61728275
127703.48,-2.9411545,0.48044115,0.78927356
131051.266,-0.9898915,0.7940409,0.5749396
121173.516,-2.9201546,0.14518023,0.548798
132420.75,-2.8647218,2.4295602,-0.473738
121788.51,-2.1000311,3.0187404,0.6091967
120572.15,-3.3988538,1.1713656,0.48898888
124285.97,-3.4468083,3.0145233,-0.6172088
120599.64,-1.7617105,2.4481184,0.74253106
124607.49,2.8492105,1.4303426,0.57136333
119793.79,-3.3267267,2.9204154,0.56074834
125466.016,-2.3550417,0.4575076,0.6324788
118317.84,-1.4067066,1.7839246,1.1123339
133673.27,-2.3777335,0.871904,-0.66765124
118019.71,-1.9535744,2.7775395,0.18462627
128569.51,-0.32764807,2.8815603,-0.46128738
118699.38,0.64069897,2.3940165,-0.5681412
127967.35,-3.1107712,0.15300298,0.49902493
121039.88,-1.7089645,1.4637997,0.6565799
122171.805,-2.1278079,2.7305171,0.25590938
129714.8,-3.040919,2.925989,0.6919785
133113.03,-2.8383777,0.8099363,0.67386174
125797.11,-0.2555159,2.342842,0.78237283
128817.625,-2.727557,2.9969802,0.51536673
124596.625,0.32875615,2.4362772,0.98065096
124734.34,-2.0068552,1.1967862,-0.8492018
133711.12,-3.7502513,2.2115972,-0.54147166
116901.17,-3.4087813,0.36253524,0.43579036
130843.98,0.22701378,2.5483928,0.7458536
126701.04,-3.8180807,2.9055483,0.39614826
133880.55,-1.5942843,1.890407,0.786256
122726.8,0.15145439,0.48920625,-0.567188
121724.28,-3.1024985,2.2792964,-0.5785717
127041.26,3.363064,2.1118262,-0.59747183
120914.516,-1.4991608,0.39350766,0.4557458
115995.96,-2.010742,1.0954403,0.8411292
117289.95,0.91583896,2.871131,-0.53834885
123414.51,-1.0765849,2.8843324,0.2661289
116468.07,-2.924068,3.011964,-0.83293426
132924.88,-2.9711285,1.0117303,0.77275527
131177.48,-0.93332535,2.916733,0.43698925
122371.9,-0.7422372,2.9519382,-0.5893511
121562.03,-3.3587725,1.7968173,0.66838163
117123.414,-1.5457854,3.0531747,0.45617974
134704.72,-3.9392507,1.7312849,-0.59416497
119960.86,-2.8041604,0.75764066,0.5969704
122353.555,-1.5663077,1.5446427,-0.82040477
116864.37,-0.3146814,1.8249648,0.7802806
133326.73,-0.33189,3.0538354,0.65996677
125777.09,1.0000027,2.917387,-0.45110115
120605.97,-1.6935694,2.1028461,-0.5332837
124560.25,0.54969317,0.5227773,0.4637349
117201.875,-3.2813396,1.4534518,0.7878629
127289.69,-3.4170508,0.60021263,0.55219674
125306.21,-3.2740746,2.2338781,0.6926587
123636.11,-0.69263434,2.0610518,0.6658692
132383.14,-2.9593647,3.1077478,-0.5250832
131533.73,-2.1320996,2.607352,0.7095158
115874.875,-0.27188167,2.6135445,0.339835
121364.734,-2.8222358,2.7005565,0.54575413
129164.21,-3.0206301,2.9707322,0.68672156
130116.06,-3.269062,2.83131,0.3362049
123350.12,-2.1926455,0.83002526,-0.6411662
121664.82,-1.7650739,3.1277359,0.42818537
133309.88,-2.4703195,0.08150232,0.39741415
133356.45,2.0075493,1.6175346,0.6610928
116138.98,-0.97462004,2.5317419,0.83442336
117365.09,-2.5887334,1.6889124,0.68637466
117593.914,-1.031725,2.1308293,0.819585
121351.69,-3.4924128,3.138382,-0.6461237
115366.96,-0.3002742,2.0862675,0.73433965
125832.7,-2.3250926,2.9486985,0.3891415
132940.58,-1.1657231,1.6827921,0.6625766
118473.68,-0.23706287,2.9142034,0.7356784
121016.55,1.3269135,2.8370543,0.74453413
117191.15,-3.2858198,2.5478413,-0.47768793
129834.69,-3.435348,3.0140128,0.9567476
123936.055,-3.0040188,2.8739076,-0.44407704
121161.57,-2.8355794,2.9596517,0.59761184
118253.78,-3.4143393,2.7171338,0.53013724
118069.74,-2.8500054,2.9121978,-0.8646313
128911.9,1.2433712,1.773118,0.78165543
120229.39,-3.0268657,2.8866708,-0.7566765
131678.53,-2.0935912,2.5923629,-0.69119567
115956.016,-3.8852196,1.0532461,-0.712291
131155.95,-2.139062,2.867394,0.5206988
120904.086,-0.70080763,2.5048914,0.6610072
116443.58,-1.7143947,2.5940282,-0.5758651
118407.0,-2.9794178,2.2810662,0.82316905
120092.78,-1.2983955,2.4292078,-0.64350396
116174.805,0.79045725,1.2735583,-0.9100318
116495.92,-2.5372634,0.5858995,-0.5462606
126583.76,-3.1303396,2.6978092,-0.5440723
122140.19,0.17300183,2.8665442,-0.5498354
116584.57,-0.7030467,0.13029814,0.4782045
117529.3,0.13531123,3.0091817,0.64169407
116315.92,-0.71215844,0.9605846,1.4232476
116871.74,-0.7775289,2.2381763,0.7350949
134642.23,-2.5288439,1.007621,-0.61835295
134872.77,-0.57608145,0.68777984,-0.6583689
119201.336,-1.3600343,0.10269344,-0.4025233
126914.92,-2.5421882,0.19514781,-0.52254343
115353.64,-2.1419024,1.2037233,-0.42770115
116353.32,-0.23441653,2.1060982,0.75477153
126521.55,-3.235349,1.7899668,-0.618845
117368.5,-2.0058153,2.2989614,0.6279955
119297.25,-3.5655868,0.5821968,0.6317004
118412.67,-1.0527413,2.7106376,-0.5559497
122473.31,-2.7831068,1.6169796,-0.67282474
116060.555,0.3316471,2.5796294,0.73270667
126482.5,0.89181113,1.9500314,0.6235879
128632.09,-2.458109,0.6585925,-0.6643638
117876.94,-1.9176115,2.778427,0.65794814
125673.02,-0.7639165,2.636088,-0.621736
125117.98,-0.19437939,0.41972995,0.6716636
130847.63,-2.2039533,2.9860055,0.3393689
134425.11,-1.614741,3.1091754,1.0206226
126787.66,-2.1817021,1.429744,0.2651493
127061.445,-3.5706208,1.1064804,-0.71546406
120071.33,-2.501361,0.05011356,0.68995064
115120.61,-2.077998,2.9674006,-0.24786681
116335.734,0.1797345,2.137293,-0.8179439
127176.305,-4.016345,0.71652174,0.5558326
131390.67,-4.2579775,0.011656046,0.600974
124480.53,-1.6008037,2.0420341,-0.5084186
121119.625,1.0877745,1.7109915,-0.7571301
117910.69,-1.0890173,1.8276708,-0.72136164
132261.47,-4.2956786,0.45485365,-0.55137247
134750.61,-1.0999756,2.7789192,-0.3534885
116491.86,-3.7732608,2.509793,0.906505
118986.1,-2.635708,1.558394,0.6817094
115965.51,-4.082139,2.671514,-0.19612205
120188.25,-3.121298,1.6199244,-0.66468817
119943.3,-2.8893356,2.8297384,-0.88909316
121905.06,-1.6222049,1.8135104,-0.88626933
117821.836,-2.208523,2.2473106,-0.6770157
122044.02,-3.9549015,2.167823,0.3868436
115656.586,-1.2962978,3.033587,0.2582957
116506.92,-3.5395103,2.7486799,0.47969213
125486.73,-0.3984897,2.5582392,0.6109439
117391.33,-0.556159,2.25471,0.7947575
129836.9,-1.0712667,1.8122742,0.87603354
132305.92,-0.5274055,3.1297455,0.59081084
115631.27,-1.3764083,2.7750282,0.40253285
116114.164,-1.1116097,3.1133325,0.4324967
127426.67,1.3750811,0.43572783,-0.5612215
128353.734,-3.1729968,1.8348268,0.771853
122211.29,-1.7430208,1.3157291,-0.6960977
117794.17,0.24597472,3.0525563,0.50152385
123083.28,-3.2683034,0.63473344,0.8624571
117070.69,-1.9743786,1.2746187,-0.7116786
132798.23,-2.5420084,2.3166997,-0.43296212
121654.836,-1.8213823,0.7554058,0.72958434
124754.42,-1.8342794,1.5053358,-0.52350545
124900.305,-1.0861937,2.1180446,-0.8937503
123133.54,1.0900327,0.18095484,-0.49300364
116841.94,1.8148017,2.6029744,0.543669
131618.14,-2.1813962,1.4289211,-0.9453486
125292.055,0.1923375,2.757101,0.63713306
131149.27,1.4019188,2.777101,0.6042611
125315.69,-1.4648108,2.9976132,0.47939715
117108.17,-1.4042747,2.866951,-0.21525699
133112.6,-2.199935,3.120146,0.5490316
122646.25,-0.093069546,0.40022278,-0.48945886
117948.39,-0.13659418,2.6749275,-0.612555
133892.23,-3.2380126,1.8540334,0.8922594
121187.61,-0.032311402,2.973158,0.665422
128338.19,2.0879047,1.0389277,-0.79258895
118390.64,-4.160693,3.0086255,-0.38440096
122031.85,0.09633683,0.495165,-0.6781633
129545.67,-2.1265407,3.0272326,0.45739174
121462.97,-2.517813,3.1203382,0.49943534
133381.03,0.33067825,2.993111,-0.40430707
128882.72,2.2751658,1.441126,-0.56819576
125100.58,-0.120471664,2.1907759,-0.86291313
124621.766,-3.3481252,2.458963,-0.565764
115531.055,0.6969812,3.020284,-0.40679836
117696.914,0.77737117,2.896459,0.46783957
121362.016,-2.719597,2.2092512,-0.69201005
121173.45,-2.7842274,2.1393147,0.5373702
132255.89,1.3702475,2.7787838,0.5968534
115455.42,1.8215163,1.7329311,0.79980654
122098.414,-0.52214,3.0981696,0.75206655
129257.58,-2.836538,0.39420533,-0.49239424
123437.85,-0.32279935,2.7136831,-0.5734468
119586.34,-2.8217235,1.8965085,-0.9450847
116204.38,-0.61533487,2.887063,0.67497146
119346.29,-2.8265243,2.991126,0.5867412
132797.55,-2.1689186,0.9943206,1.0075243
130463.12,-1.2736145,3.0243027,-0.19958155
117017.65,-1.5631584,1.3020849,0.77522343
117469.875,-0.765847,2.5671415,-0.6649053
119192.45,-0.82152516,2.6029553,-0.7220129
121141.06,-3.6690347,2.878938,-0.6114611
119556.8,-2.0664718,0.7438603,0.47814667
126268.77,-0.38170004,0.60869884,0.5130981
122355.36,1.634947,0.3891148,0.6768549
117648.6,-3.713023,1.6306208,0.7264782
121294.35,-1.7303162,2.7252955,0.3626138
115810.29,-4.1889205,1.3334076,0.3878537
120712.61,-0.8271713,0.79071665,0.97522855
126273.64,-0.27279195,3.0784702,-0.8963075
123854.73,-1.4897761,2.5683303,-0.15539834
124025.875,-1.3855553,1.524358,-0.72620445
126253.22,-2.8087256,2.0142024,-0.4805093
129725.58,-1.9135892,1.8462871,-0.5826537
127456.62,-3.6062522,3.0869133,-0.5414139
132805.47,-3.2008772,1.9540508,-0.79290015
122007.4,-0.9631552,2.351198,-0.72541964
134214.75,1.842077,2.6210282,0.8201233
117947.914,-0.9268003,1.7439153,0.49922216
120884.65,-2.1865726,1.7118402,-0.5499355
115268.38,-1.6684133,2.4971476,-0.4264906
124066.08,-3.009532,0.28991652,0.63476235
116394.766,-2.8914094,0.87635434,0.6136924
132178.44,-2.970038,2.7014914,-0.63406837
131069.89,-2.3186412,3.0199158,0.6475301
125450.05,-1.2305908,2.103696,-0.5502032
132072.3,-2.4982915,1.125784,0.8294806
119463.59,1.1526866,3.0895188,0.5614343
131975.89,-2.0406334,1.9038732,0.8303821
121191.19,-1.893212,0.6852232,-1.0434076
127868.234,-2.095368,0.8078505,0.5190024
115537.64,-1.3324677,1.2155932,0.5958369
134940.78,-0.58721334,0.2537701,0.5354166
121885.29,-2.6665764,0.2858211,0.25580823
124509.484,-2.998084,3.0924263,-0.6999461
116966.734,-2.3462398,2.9159026,-0.49817944
132998.23,-0.15185554,0.8495045,-0.66256213
117392.23,-2.577067,0.34801197,0.30823225
115586.414,-2.2413354,0.39108172,-0.3877375
125212.38,0.23887496,0.70485145,0.6735036
119309.164,-3.2184548,2.5813377,-0.64236706
121021.51,-1.6460973,1.830349,0.8593079
131756.08,-1.0587908,1.4799068,0.9073159
115534.43,-2.359306,0.9184058,-0.78521484
130426.43,-3.4368982,2.0308988,-0.69900036
119496.41,-0.071664914,0.01632452,0.35522336
123189.914,-2.1530292,2.5172098,-0.47997993
118293.96,-1.7326832,0.5564668,0.50490266
118311.805,-1.8708482,1.7247076,-0.76111096
117211.39,-3.8639379,0.5717361,0.5630146
132657.52,0.52426416,3.0610416,-0.46310925
120824.1,-1.6960651,1.255453,-0.46845844
126362.195,1.3774804,2.1459787,-0.7318852
129578.21,-1.2911326,0.18592119,0.5697682
124368.9,0.19256122,2.071445,0.5359332
115996.65,-4.098488,2.73456,-0.7905603
127466.35,-2.1982052,3.1322415,-0.660585
116733.875,-3.4341762,0.6610261,-0.6366947
123131.82,-1.1523603,2.1662178,-0.6921757
121363.92,-4.004107,2.2657714,-0.83478427
124153.56,0.06329157,2.6233952,-0.85355353
122778.555,-2.549619,2.5347142,1.0614138
126867.53,-0.30191618,3.079568,0.5875983
115131.75,-0.8022971,2.3464098,0.49250293
121337.35,-3.3149629,1.9373127,-0.5328804
115695.18,-1.9451903,1.9627348,0.8100228
127976.4,-1.9442792,2.683796,0.5067065
117334.8,-2.447158,3.0919445,0.4548077
122792.58,-2.4587443,2.370582,0.39385816
133148.53,-3.9544384,0.9572722,-0.65943843
115212.15,-2.9296722,2.2675486,-0.3621768
134071.28,-1.6242088,0.8455192,0.9368143
134221.16,-2.8384607,2.12761,0.44732323
118866.84,-2.5965457,2.6304712,-0.46516183
132749.75,0.2373602,0.92298317,0.84999514
132487.64,-2.8924782,2.176488,-0.65901166
132490.02,0.23021857,1.6081178,0.59303564
120163.16,0.6767806,0.6794741,-0.5996298
120739.97,-1.128417,2.750359,0.52600604
126503.0,-1.6991788,0.29957122,0.8620731
119009.945,3.8251977,2.269086,-0.608782
120843.24,-1.9224665,1.9459786,0.81686157
126012.98,-1.6324915,2.6802998,0.93577754
132655.47,-2.848294,2.8813202,-0.3872723
132603.52,-1.5248786,3.0707493,0.3750471
132059.94,-1.5426929,3.0972874,-0.49636656
115438.805,-2.3405988,2.167895,-0.6971733
127497.6,-4.5387826,0.7662927,0.65594965
129193.82,-1.0192151,2.9007454,0.51235104
124128.75,0.07646911,3.13132,-0.6076064
115824.5,-2.7035422,1.9440919,0.93871075
125985.336,-1.0393207,3.0970652,0.6471724
134481.75,-2.9535532,0.8485347,0.6071444
115615.805,-3.042173,3.008498,0.4446906
115142.51,0.03107205,2.2303681,0.62212825
119191.27,-2.6866395,2.914923,0.56573904
120641.72,-0.79869,1.3058094,0.6696835
131947.98,1.2910782,2.0293548,0.99351966
126379.84,-0.9712868,0.51640224,0.3542919
130550.48,-3.4239287,3.0324473,0.5706074
119636.36,-0.1946808,2.829168,0.6956664
116251.14,-2.1993275,3.0322526,-0.9802997
119518.56,-2.8419957,1.901022,0.68332595
127271.164,0.8842655,3.0270705,-0.31528258
130149.6,1.8364522,0.967008,-0.7800316
127370.88,-4.243614,2.8478332,0.6265896
116750.17,-3.3284557,1.0302234,-0.58968765
124762.53,0.5072583,0.0037739873,0.49837017
131893.9,-2.1240966,1.3516586,-0.5200138
122302.38,-0.35211024,2.154784,-0.74197954
115442.805,0.71480376,1.6111107,-0.70773345
123358.95,0.70081896,2.8925843,0.30951375
131541.27,-2.1502204,1.9964622,-0.4001764
119519.086,-1.8425496,2.110335,-0.83379865
124720.055,-2.1961846,0.11546579,0.20964046
121185.86,0.014407183,2.658739,0.57228905
118435.99,0.24170533,1.6137683,0.7299312
121647.016,-0.49993357,1.6801921,-0.68875575
115887.53,-1.5768973,1.9591017,0.95402974
126613.7,-3.0126243,0.8885858,0.49200666
127135.71,-2.0882747,0.28182417,0.5141346
124285.7,-3.8397417,1.6617951,-0.8223578
115073.164,1.9141588,1.63939,-0.6607647
122277.19,-0.5032148,2.3492029,0.67877173
123512.19,-1.5632825,2.4839628,0.6101534
115526.3,-2.8762913,2.885954,0.5362398
124110.266,-0.06512832,2.2497828,0.6883524
129554.9,-3.876867,2.108674,0.53464407
127143.125,-3.0036652,0.8727089,0.6397491
115391.414,-0.829936,3.0848372,0.33565477
120748.36,-2.3188748,2.491506,-0.53097713
117844.97,-2.9846303,1.4193779,0.96225464
122428.35,-3.9886272,2.3349447,-0.49737927
124087.98,-2.3322263,2.867539,-0.54804176
120264.46,-1.2598798,2.2093616,0.7732061
133327.3,0.4804707,1.0850655,0.7112912
128423.805,-1.5696657,2.261474,-0.64730114
125489.76,-2.024522,2.9645634,0.5066283
130577.63,-1.3341238,3.0145173,-0.40813673
120823.375,-3.8760526,0.17769343,-0.43794528
122578.35,1.0232676,1.7975751,-0.7798321
126585.23,3.0489109,0.684566,-0.6368949
128430.77,-3.4706802,2.3867128,-0.65965945
128840.95,-1.9375056,2.60927,-0.8195389
115231.37,-0.84785056,3.135913,-0.59555596
132444.48,-1.7144895,0.39241242,0.46685132
117875.03,-1.4917157,2.7274346,0.7121449
117845.75,-2.6844933,3.0320547,0.50032014
134802.92,-1.3543775,2.5058465,-0.532513
130566.14,0.20769762,0.043665648,-0.45026845
126137.945,-3.3242958,2.7604709,-0.6896396
116514.664,-1.7835416,0.590745,-0.47964314
123750.305,-2.4381125,2.2569895,-0.7657874
131067.21,-2.6499448,0.5444379,-0.584571
121304.13,-1.4315634,3.0910685,-0.61859226
129643.086,-2.7373195,1.9594384,0.5144386
134655.88,-0.92272264,2.7179651,-0.61826855
129024.055,-1.0191056,2.1320972,0.53733414
125019.09,-3.4824963,1.2150651,-0.5780367
117527.22,-2.176303,1.6830041,0.42017055
117685.875,-3.6395004,3.0955215,0.41262725
119168.56,-3.6606367,2.74507,-0.63897777
124320.65,-2.4939177,2.7314045,-0.7065974
115732.836,-2.7966154,2.9371526,1.2080834
132930.42,-1.8826277,3.1180215,0.5677639
130944.23,-3.5906405,1.7972598,-0.77614087
131349.89,-1.905635,2.735672,-0.3589561
132802.11,-3.5660923,2.5194428,0.58684963
133995.92,-2.4164855,2.4972215,0.57453114
121918.16,-1.9573067,2.3179662,0.5416001
124814.07,-2.6274586,0.3424617,-0.53503925
128685.555,-0.31179368,3.0530136,0.90712583
121461.98,-2.7838626,1.0585068,0.4602578
128131.45,-2.0075731,2.020899,-0.8754918
118588.87,0.46369708,0.5952973,-0.5294561
132085.22,-2.7055166,2.491435,-0.5795535
117494.07,-1.775088,3.0963514,0.73783904
130753.375,-3.076144,1.4151058,0.76458883
128584.43,-1.4489479,2.1084962,0.76329345
122191.02,-1.3384126,2.7678103,-0.7203423
134664.27,-3.3585126,2.5624251,-0.64775276
121725.24,-2.9877567,3.0336905,0.62758344
127868.19,0.71811014,2.9187715,-0.40298298
121493.914,-3.973611,2.3784895,0.33468768
124134.66,-1.6165274,0.87165433,0.89443153
126844.33,-1.398562,3.0610564,-0.299983
123652.58,-1.7812008,1.0520144,0.582033
118585.34,-1.2524302,2.4085789,0.5422787
129698.63,-0.5174439,0.0738163,-0.33165163
115446.555,-0.64784026,2.1340241,1.0256969
125891.31,-2.531293,2.9213047,-0.2993893
129141.766,-1.7823571,2.4843245,-0.47503027
124978.39,-0.12430161,1.9872036,-0.6060047
129541.234,-2.6168687,1.9614496,0.86183316
125798.24,-3.496477,2.1005447,0.4495319
121210.41,1.4823601,2.7748237,0.34177676
124343.82,-1.8246455,2.161891,-0.6370095
119682.78,-0.9796065,0.5091102,0.66975296
118871.24,-1.7791466,1.3095694,-1.1038638
123263.35,-3.2791643,2.9101772,-0.47965163
123169.43,-1.1700461,1.9235808,-1.2071674
117715.59,2.271549,0.19695136,-0.5341264
129176.17,1.3424268,2.848628,-0.8312647
134191.55,-2.5977013,2.6043751,-0.7025449
118539.65,-2.9983943,1.4830047,-0.9170965
118598.38,-1.0956513,1.5683924,-0.8679054
127359.24,-2.9825022,2.2506557,-0.7137055
133957.8,-0.002764825,3.1031923,0.37543437
127536.43,-3.631654,3.1066175,-0.403745
117390.12,-0.6200339,2.8065872,0.57094735
115517.83,-1.6846652,2.9202342,-0.32787728
132087.42,-0.5858871,0.77955186,1.3931605
132238.16,-2.8279285,3.0818963,0.61082464
118336.84,-0.04254309,0.74132967,0.6661264
116981.22,-1.7502471,0.91271555,0.5163606
134108.0,-1.2061877,1.8492315,0.72541803
131002.375,-1.7548519,2.4321685,0.5979466
117887.664,-0.68293655,3.0390968,0.43393674
123087.69,-2.6704953,2.227624,-0.47905952
118580.055,-2.1246521,2.5510929,-0.7022696
123786.28,-3.3274503,2.7480168,-0.64527446
122714.016,0.20338763,0.5862589,-0.5151034
120741.65,-1.0008391,0.21645331,0.5418191
119591.16,-0.5204338,0.46927333,0.468164
131967.61,1.1167322,2.756571,0.25376114
118560.5,1.3879879,2.0508661,0.68420416
128571.414,-1.5441072,3.1351857,0.41452828
130236.92,-3.461833,0.154639,0.46167225
126895.96,-0.46404523,2.2559924,-0.63460404
120334.586,-3.8935673,2.1427717,0.838184
122101.984,-2.0831203,0.4202363,-0.6281757
115063.77,-2.0967832,1.276042,0.6157795
131416.2,-1.3997844,2.400253,-0.6965835
127946.03,-1.4251828,2.8388977,0.47666222
119801.87,0.19505724,2.3595517,-0.7954253
125609.3,-0.15470046,0.13569343,0.24722815
124813.89,-2.1529984,2.5816393,0.5449956
119136.92,-0.09169978,1.3952893,-0.6422894
124999.24,-3.0935957,0.98530436,0.36702782
125261.98,-3.2164252,1.9330148,0.8617665
121543.94,-1.7861972,0.47002423,-0.7197335
130411.57,-3.3578372,0.78832376,-0.50588393
122238.74,-1.1995331,0.7326656,-1.123928
126772.87,1.7916148,2.2562323,-0.669286
128013.28,-0.27975178,2.9314091,0.7186531
128631.84,-1.2671669,1.2300605,-0.88740134
116558.01,-2.040578,1.6392161,0.87602663
126484.586,-2.076295,2.2916741,-0.36563405
130837.82,-3.1974454,2.946075,-0.5354546
133363.53,-2.5856867,2.7253559,-0.5754022
123683.586,-2.4039104,1.521585,-0.26615727
122401.62,-3.4857795,0.5598035,0.864877
115999.63,1.0460408,2.7342234,-0.45851704
121156.03,-0.3503158,2.3667712,1.4645984
122440.05,-2.0004485,2.940112,0.76280713
126199.45,-0.16298063,2.7672715,0.45970723
115503.11,-3.1804655,2.4994676,0.54313624
125068.01,-3.5547593,2.8594985,-0.62685525
116679.31,0.5226565,2.8486354,-0.9756548
120445.766,-0.44138244,3.1223545,-0.49621966
131956.53,-2.5969193,2.260267,-0.6611011
120443.0,0.17078379,2.662651,0.47554463
121119.28,-2.3276026,2.8011143,0.71272993
116040.6,-2.7906456,1.5188521,0.677537
119451.516,-3.2106767,0.41269767,0.5721208
121853.39,1.488066,2.1659684,0.57000536
115116.586,-3.0325096,2.3622556,0.24989831
115197.875,-3.8579762,1.2710316,-0.60313404
134643.3,-0.095695026,2.4859416,-0.7391256
132089.39,-3.3084385,0.2750888,0.47580913
118140.93,-2.754721,2.1976345,0.7545387
117801.51,2.104982,3.0663264,0.21940188
134114.7,-0.2411205,1.1467607,-0.52670795
127507.88,-1.1968734,0.12546456,0.29434276
116705.87,-1.396995,2.9281402,-1.2919152
115008.7,-3.3720784,2.7269902,-0.813052
118613.63,-1.6520913,3.0462503,0.5120389
115328.08,-1.254591,1.9539038,-0.7245983
128753.71,-2.3661861,3.049626,0.48763046
132062.34,-3.0930753,2.2655587,-0.70524496
121649.37,-1.7440764,2.2399392,-0.37115932
133737.7,-2.832144,3.1218128,0.6512127
130712.0,-0.46566004,3.024524,0.37585783
129616.06,-3.1798897,3.088772,-0.604068
133983.23,-1.3842524,2.6645799,0.50894964
118094.484,-1.0414245,2.8201861,-0.60293233
134183.39,-1.2721757,1.3616076,-1.0325651
126533.875,-3.459387,0.1379112,-0.6898131
117038.22,-1.5291483,2.6627083,0.39833
126399.76,-2.4318173,2.452119,0.5541442
123555.41,-0.80479044,1.8101183,-0.6267488
119301.1,-1.3134476,1.1623205,0.4758344
127211.86,0.16930532,2.3120735,-0.7410038
125225.99,-1.914419,2.3673947,-0.68596816
119865.695,-1.0010253,1.4789995,-0.7575408
121543.43,-3.4273558,0.3647393,-0.26780933
132431.61,-1.9035124,2.523944,-0.7207291
130488.06,-3.3817928,2.8194017,0.5675779
134226.67,-3.6030936,1.9039608,-0.74407154
126930.766,-3.1101172,2.7293408,0.55098546
116243.82,-1.6169577,2.9535563,-0.29558557
133944.61,-3.1310518,2.469421,0.68641543
118965.5,0.7988097,2.9654722,0.59745246
125359.85,-3.4494317,2.4042282,-0.7454349
134635.72,-3.6766868,2.6829557,-0.7372694
119412.03,-0.24283984,0.52190834,-0.937127
125761.35,-0.54635376,2.0203319,-0.6836591
122517.85,-1.1637475,0.06648719,0.36017945
123582.28,0.76389474,0.7178242,0.44909614
132732.98,-1.7705646,2.6753387,-0.6044647
115847.75,-0.1266957,2.0250752,-0.46664402
128999.1,-2.5925775,0.99869144,-0.6517579
133852.73,-3.6574385,3.013789,0.4499908
124001.07,0.03191645,1.4807655,0.68060553
134104.88,-1.2048095,2.5429354,0.71033764
125376.59,0.25997353,2.0103602,-0.709034
133640.2,-1.3600657,0.16859114,-0.8623099
126891.4,-3.2405267,2.8219469,0.7692483
116583.836,0.95111346,0.7396785,-1.0657903
130604.0,-3.6413765,2.6935024,0.39934587
120280.63,-3.0237298,0.6258495,0.6152251
132943.5,0.0057711643,1.5135831,-0.57203794
123674.92,-3.3780644,2.9927988,-0.447277
126763.92,-0.6656686,2.4972835,0.42043364
125313.13,-0.18345554,0.3793217,0.5575292
123030.82,-1.9749142,2.1972547,0.62628335
117214.484,0.08663696,1.8657914,0.6731763
131119.78,-2.571638,1.9082867,0.6507106
124167.34,-2.7284083,0.64483047,0.86103535
133803.62,-0.38299224,1.1109089,-0.51408875
121371.48,-2.5147936,3.042632,-0.2518408
133366.45,-3.5286045,1.3297491,-0.58378375
129948.25,-3.0202262,2.386584,-0.5847533
125548.22,-2.3929667,0.88750577,0.67113745
117796.23,-2.532727,1.1459609,-0.77663785
123412.44,-0.3344067,3.1294425,0.3927114
117496.375,-0.77335835,2.3596735,-0.70798504
120474.96,-3.2051032,0.7036167,-0.5892286
130332.84,1.0099497,2.7507977,-0.468454
115048.836,1.6483709,0.8252489,0.57395846
126731.266,-3.2202754,2.665731,0.81557107
119252.04,-2.5275815,1.6326703,0.58989614
125145.68,-2.3074121,2.5710573,0.457584
130611.53,-2.823549,2.9798758,-0.39619803
127673.7,-0.8935156,1.8890903,-0.61883485
123064.17,-0.046349514,2.6505775,0.6003507
116333.54,-1.5409961,2.3826962,0.5097608
132958.95,0.09872211,2.2591467,0.832
118461.555,-0.3770683,2.430171,0.57634145
122313.64,-0.6874425,2.8497868,-0.5097244
117339.87,-3.8875341,2.6105926,0.4802618
131287.44,-0.18688278,1.2658602,-0.7530964
132484.48,-3.5515146,2.9472904,0.77051497
117736.89,-2.8053436,2.5353522,-0.45409447
116315.06,2.7832022,2.1649985,-0.64764506
117873.195,-2.0394483,2.874083,-0.45827553
126469.0,-2.4324956,1.7907178,0.64284104
122778.56,2.8766282,1.454337,-0.63080734
118041.97,-1.9469228,1.6044732,0.47062373
115088.93,-3.2855973,2.7298768,-0.5385002
120859.055,-3.0799181,2.052094,0.51408225
115072.45,-0.5380549,0.61581653,0.6634301
131727.42,-1.1414522,2.4799252,0.5330101
123363.89,-1.6836665,2.6970005,0.57477385
117605.56,-1.6659482,2.1624687,0.285668
117569.31,-2.5936606,2.246631,-0.5670789
116243.14,-2.86857,2.491768,0.6986486
127554.8,-1.6586505,0.31692934,0.5090544
121434.96,-2.758198,1.4410257,0.9848746
128647.695,-0.2271069,1.3664516,-0.6197667
120435.984,-1.8065497,1.4241737,0.850545
125744.91,-1.1710689,2.0066252,-0.48703033
119273.01,-2.367898,1.5687462,0.51165813
115785.56,-2.950503,3.0915174,0.8351444
122471.56,-1.3972855,1.8320997,-1.0141851
117804.586,-2.1062367,2.980277,0.66579735
116698.0,-3.153171,2.777396,0.5435139
123939.125,-0.73770255,0.33208552,-0.71437013
121050.99,-1.0517905,0.5499526,-0.5186527
119950.234,0.6494094,0.78459173,0.55564547
133911.36,-1.3388984,0.4257487,-0.5704212
118918.71,-1.5647366,3.0759509,0.5050562
117396.305,-0.90300393,2.9064353,0.7885378
127851.26,-3.2651024,2.6432025,-0.5787793
126336.19,-1.8418833,1.929891,-0.8729372
120460.77,-2.198373,0.3067577,-0.51814276
126613.17,1.6765714,2.9505706,-0.8061411
131536.22,-2.203873,2.8197687,-0.92084026
125383.05,-3.9510005,2.574778,-1.1456757
123093.695,-3.2847116,0.8890369,-0.51113886
133392.5,-3.5704424,2.7721837,0.64243734
131847.05,-2.0742974,2.9230084,0.45122877
130274.64,-0.6204171,2.804523,-0.5460527
117073.67,-3.0273445,1.5388639,0.8360855
118954.16,-1.6924015,1.5466688,0.709019
125961.87,-1.7805477,2.7394843,-0.6376821
121456.28,-1.1797683,2.219737,-0.84070915
118763.14,-2.8767884,2.7575238,0.57922894
131633.75,-0.86517084,1.5903229,-0.974001
131465.86,-2.73022,2.382098,0.48010322
132063.25,-0.9436655,2.7718759,-0.57299787
121534.08,-3.168107,2.5845199,0.36888182
117201.27,-1.5043626,1.261196,0.56549925
129445.44,0.19679554,0.5396487,-0.5699702
118554.484,-4.3623233,1.4560603,-0.68321556
131012.17,-3.5961373,1.059133,-0.6836653
131020.19,-0.7415946,2.9991934,-0.8590544
122796.08,-0.9331088,1.8767309,0.7690245
131391.8,-0.5496499,0.5478307,-0.3788529
128359.92,-0.9597537,2.3358145,-0.6881355
131891.89,-1.0909517,3.07786,0.65545774
123422.336,-2.4204879,0.52394056,0.6035893
131472.03,-2.2706547,0.24437553,0.7833038
116451.39,-3.0891063,0.19597435,0.6821794
121259.305,-2.5487905,0.8120059,0.8363285
128289.13,-2.9857056,0.25297117,-0.483881
130710.96,-1.2367631,1.6668358,-0.70529705
133940.39,-3.5611258,1.6410127,0.8689897
117429.55,-1.5749246,2.9290714,0.24868765
119053.87,-0.193035,3.0962064,-0.43037632
132891.22,-1.5402966,1.0289378,-1.0252693
118892.125,-1.5798687,2.9867055,0.5770367
134012.17,-3.301806,2.7303457,-0.58179414
126104.34,-3.4532695,1.6656531,-0.8138948
127216.04,-1.5257093,1.2203194,0.5206808
131487.88,-2.9194775,2.3040137,-0.59328187
120456.68,1.7409006,0.28551292,0.43181884
131778.2,-2.4523275,2.5986984,-1.0891376
129616.14,2.4386077,0.57430017,0.5358813
127372.484,-1.9381622,3.137537,-0.60117143
123658.78,-1.9542462,2.8671002,0.67123395
126371.19,-2.599508,2.9302912,0.42810485
119024.24,-2.259013,2.3872442,-0.49987745
129136.734,-1.1171495,2.9343915,-0.6208008
116817.71,-2.8655133,2.7088597,1.0299906
128704.27,-0.41718158,1.9552543,0.6334116
123709.12,-1.3441902,2.488938,-0.79298943
126888.69,-2.9909294,2.625428,-0.46155226
124730.17,-3.1866648,2.8760855,-0.68180555
116701.02,-3.4307895,0.22660494,-0.5864411
125802.58,0.088284306,1.164119,0.75216687
115021.33,0.68434066,3.020795,0.45618027
115510.03,-1.7660586,3.0763779,-0.54207504
127566.34,-1.8297557,2.9184873,0.44596148
115972.086,-3.722339,2.9171576,0.401932
126814.9,-0.8423031,1.4367341,-0.81042343
121321.484,1.8545566,0.7819146,0.65527445
127820.945,-0.6390875,0.030050635,-0.52475554
128948.56,-2.2609568,2.4997296,-0.6282117
132348.05,-3.2761936,0.6701819,0.53328717
118710.01,0.8654548,3.1373496,0.26739395
117175.93,-2.1809106,0.4534241,-0.5608882
134391.6,-3.005756,0.9660335,0.28466687
123890.4,-3.6885936,2.0710924,-0.5307918
117974.805,-2.145713,3.0997539,0.51950943
131746.16,-0.78955406,2.494879,0.5530803
134630.97,-3.4302304,2.0494475,0.5820623
124519.54,-2.3007462,2.8811352,0.41936284
122616.77,-1.6476938,1.8899847,-0.56525767
122149.79,0.87215483,1.4001614,-0.861159
115210.59,0.12527989,2.099495,0.62391895
122652.56,-3.3490562,2.4058778,0.36356604
130150.28,-2.52079,3.068076,0.5465238
121062.26,-3.0814633,2.223102,-0.7415398
132902.95,-1.9706526,3.1382535,-0.574405
123842.13,-2.9487102,0.5379813,0.4100523
119975.69,-2.8417683,3.121423,0.65767217
123069.75,-2.994407,0.47969985,-0.3630436
129565.11,-2.188259,1.7515098,-0.56696486
131444.56,-2.8645124,3.1069143,-0.5285273
121979.484,-3.3627605,3.133595,-0.40111858
117490.55,-2.505701,1.990879,-0.8184323
130242.78,-1.522937,2.8175218,0.65137905
123669.48,-1.2794429,1.5794811,0.7046401
116418.63,-2.5983076,2.0921721,0.6971837
132512.92,-3.45908,2.7859626,0.40255457
124403.03,-0.47159505,2.5939534,0.3631828
118064.62,-3.2671704,2.1310365,0.59510314
120812.914,-2.5690093,3.1324775,0.71900815
116764.49,-3.558496,1.2015884,-0.66263646
115553.805,1.740294,3.0976725,-0.38525352
115998.375,1.3775914,2.3122027,0.6299283
126414.484,5.583161,0.5427908,-0.6136463
128337.125,-1.8546401,2.933076,0.63391095
117784.58,-0.91355264,2.295412,0.6968637
122287.58,-0.15714225,2.924416,0.97678334
115565.055,-1.5294356,2.064935,-0.7031587
117457.414,-2.7245762,0.16317165,-0.21609065
117790.71,-1.56922,2.5526028,-0.9876485
123076.055,-2.0165513,2.5848148,0.90307516
123880.7,-0.26513574,2.6765833,0.5251918
117431.09,-2.0663793,3.1349452,-0.49385515
119786.875,0.7925004,2.804151,-0.4986759
119221.03,-3.523233,2.4484222,0.26877993
130437.31,-2.9840775,1.5676701,-0.64851385
120032.91,0.36329585,2.4335504,-0.5015197
115608.77,1.8815955,3.0899878,-0.41454908
132652.75,-3.4034042,0.8664871,0.51449996
126583.664,-3.0428193,2.9553096,-0.4955548
117737.92,-3.2960865,3.1160963,-0.41291067
127527.09,-2.4314456,2.7890325,0.80002576
123019.4,-2.016468,2.4751647,0.47581363
122251.72,1.667783,2.8469436,0.40341917
117507.21,-2.454512,1.7218014,0.3746831
120375.23,-2.742928,2.9349012,0.34224513
118981.06,-1.2867223,2.457881,-0.8051223
119243.22,-1.341555,3.1032243,0.32627785
129662.67,-0.45986766,1.2740408,-0.5445687
131448.03,-1.4249847,2.8895109,0.65053564
117901.56,0.0063060354,0.81567717,-0.63544047
121211.45,-2.2792618,3.0615091,-0.6082733
125190.35,-0.8166309,1.8898002,-1.0716217
129208.49,-3.0637286,2.277974,0.6439513
124067.27,-0.84026635,2.4197729,0.37093744
126065.234,-2.3570247,2.8684223,0.8068877
122175.76,-3.6865053,2.2803786,0.53052753
115496.695,-2.5262651,2.8115842,-0.27643967
126344.26,-2.5554137,0.520767,0.58674306
132134.95,3.0569246,2.2080324,0.6638116
117463.945,-2.7577178,1.9352667,-0.67036194
120960.65,-0.09511478,0.9827978,0.5547204
128136.75,-2.5046797,2.3294568,0.5182696
124534.69,-0.19195311,2.8331528,-0.6681012
130284.29,-2.7520726,0.7222378,-0.5306894
116246.516,-2.7025754,2.3814278,0.6354112
133036.9,-3.1960378,2.6458385,0.481467
132916.03,-1.2465018,1.7049836,0.72964853
122306.57,0.57408607,0.8603941,0.60565615
126871.47,-0.83123267,2.9420695,-0.45463952
116798.57,0.6820071,3.0219064,0.41346398
120086.28,-1.6353326,1.7892146,-0.8651437
120884.38,-3.438225,2.986229,0.81314886
119987.86,-4.179174,1.1997067,-0.54574716
128958.96,-1.2185868,0.12889296,-0.44927973
118782.69,1.9427623,2.7819886,-0.47405687
119863.58,-3.4872267,2.7473085,-0.6316799
118876.1,-1.7586489,2.0519288,-0.86006224
125215.586,-2.5518434,2.7229455,0.80904186
128513.13,-1.8761384,2.2293882,0.6632574
116377.336,-1.60072,3.1281996,-1.0629954
122960.336,-2.3287315,2.0471485,0.65860754
126579.37,-1.3780783,1.555028,0.68771625
119973.51,-0.34428933,2.8153367,-0.53898454
127682.39,-0.38454717,0.9912853,0.4673312
129992.055,-1.4697069,1.9132329,-0.8356429
116646.69,-1.35843,3.0635576,0.45835146
116124.03,-2.6878088,0.50359374,-0.52729446
122780.984,0.34036127,2.3519356,-0.9670282
124744.086,-2.5674477,2.9225762,0.51173145
118239.164,-0.45790404,2.4914718,-1.1986406
116898.09,-2.939879,2.5784304,-0.42982283
127701.13,-2.3276396,2.5150602,0.7265272
131703.69,-2.3594832,2.947353,0.547466
122513.42,-1.9998182,1.4442071,-0.79758346
134182.84,-1.2614316,1.9588928,-0.9761418
133796.34,1.3416356,0.52209437,-0.8465548
116770.414,-2.7828627,1.3345304,0.9272269
132247.4,-2.2980137,2.6187248,-0.2935706
123602.12,-3.5487244,2.275154,0.54935
119540.52,0.11641676,2.9368668,-0.7463496
129262.87,-4.134905,2.4496536,-0.5862685
128392.44,-3.0283947,0.6256879,0.8335088
118335.664,-1.4690719,3.1284077,0.80366147
132380.73,-2.9674687,2.667186,0.67594403
119904.13,-0.4139952,3.0958986,-0.42237404
124883.54,-1.0050182,2.5402846,0.64300215
117594.47,-3.208477,1.5180328,0.59052235
119715.49,-2.4238658,3.1189983,-0.43058494
131035.69,-1.9371737,2.6902575,0.36392832
119800.76,-1.9441061,2.6135817,-0.89084125
130496.32,-2.5996785,0.8381709,0.5507646
122620.02,-0.24753757,2.686973,0.49730775
117898.0,1.6215991,2.7437212,-0.50138134
125951.57,-3.0890577,2.7930381,0.28405267
131238.95,-1.3381132,2.9098084,-0.442332
121035.41,-2.3457882,2.8585253,-0.23702338
123247.67,-1.390995,2.2400026,0.6260324
124003.4,-1.5552547,2.046409,0.77160025
131251.98,-1.4552141,2.7702963,0.6147845
115387.34,-2.3292446,2.567685,-0.4328066
122777.734,3.593,0.91578037,0.5836749
126997.73,-0.40076485,2.4685988,0.5305697
117363.93,0.3636296,1.348168,-0.6394805
121584.016,-1.3806518,0.35538292,-0.7085094
121265.41,-0.9015753,1.6943808,0.7361436
127410.0,-0.3707007,2.4062028,0.6609189
116634.86,1.1688958,2.8198793,0.4869073
120669.8,-2.8470957,1.2484765,-0.56139326
118695.93,-3.0376744,2.4101655,1.0583642
120933.15,1.7840807,2.6118288,0.52248824
119187.37,-2.3376799,0.012954682,0.46760088
129064.445,-1.5269711,2.9869883,-0.5495327
131950.88,-1.0174643,2.9322615,-0.43794134
126749.375,-1.451892,1.8743597,-0.8500022
115791.625,0.4413606,1.2661519,0.5920363
118645.66,-2.0856433,2.5714402,0.67850816
132269.4,-1.3925371,2.816787,0.7859181
125027.234,-0.6364537,2.042268,0.66729665
123775.63,1.2596465,2.2994146,0.8738731
127548.445,-2.6122186,2.9636602,0.3720717
115515.21,-2.240061,2.4196973,-0.7817368
132319.75,-2.0376105,2.791338,-0.4715352
129657.12,1.520533,0.58891654,0.5636637
126658.88,-1.064963,2.4548378,1.1169492
129454.57,-1.9536079,0.68538654,0.4674532
123685.96,-3.1496587,1.7409687,0.8380197
124187.15,-2.5147817,3.0743642,-0.3339952
122306.06,-3.0620866,2.9153242,0.4372122
123134.13,1.0008974,2.965198,0.78634155
132031.73,-1.208591,0.116573095,-0.28576434
126779.88,-0.06384265,2.7108145,0.17952174
115825.17,-2.1945176,2.7415214,-0.85182697
119520.83,-2.454805,2.8636398,-0.5528703
116165.5,-1.4172909,1.2228364,-0.5047415
129027.164,-1.6882305,3.1328926,-0.72500896
126766.22,1.0560417,0.72887397,0.53570604
115015.27,-3.5038664,2.438114,-0.3254357
118623.89,-0.5262969,2.827398,0.470523
116631.88,-3.1342309,0.6248553,-0.5178316
118272.81,-3.801351,3.0220988,-0.43142366
118396.0,0.1048521,0.17196402,-0.49061984
131057.75,-2.6526043,2.4428563,1.0388564
123645.6,-0.4411151,2.2145705,-0.63299376
126821.53,0.46544656,2.9776194,-0.622785
133665.78,-1.4462516,0.29986125,-0.6390496
121244.56,-1.9467237,3.0686874,-0.34052083
127267.5,-0.7059045,0.75830865,-0.70864135
118739.375,-1.6874827,2.8033164,-0.49376032
132006.45,-2.6384227,1.418976,-0.6124816
125538.36,-3.0817745,0.5189589,0.6457157
132805.8,-2.7049134,2.6872287,0.3333777
119832.27,-2.4548583,2.8277707,0.5763478
115092.25,0.52378315,2.1562958,0.7041364
118249.02,0.20646054,2.6358988,-0.34667268
125449.03,-2.798109,2.6763058,-0.48804158
126945.99,-0.35363066,0.7048638,0.6115149
115110.74,-2.501906,0.5088741,-0.6994859
118000.11,-2.0857875,2.0927994,-0.5974655
125940.82,-1.9293065,2.7562935,0.74650955
126713.73,-1.8664495,2.0167763,-0.6261117
115239.78,-2.8240082,2.9033718,-0.5646236
129126.94,-0.76480377,0.29032815,-0.4505425
121794.64,0.19627078,2.6965866,-0.6730773
118375.83,-0.081928685,1.5386876,-0.6368208
134692.02,0.27479056,2.195025,0.6692639
130077.42,0.5756106,2.1445446,-0.7537806
120903.195,-3.499581,2.4374013,-0.5713451
119977.62,-1.5827621,3.0850837,-0.4539938
128549.85,2.8103073,1.8539402,-0.544769
134260.5,-0.47634512,2.3042586,0.6606735
117217.13,0.18539357,0.9187213,-0.81011593
116650.945,-3.244705,2.8108363,-0.67314637
124678.72,-2.4353008,2.8096857,0.48880413
116342.375,-0.07825509,2.5942936,-0.39705518
128772.59,-1.5273676,1.1987227,-0.5542332
122301.53,0.7487979,2.6639354,0.98061496
117537.94,-1.6199999,3.132296,0.5451799
120326.77,-2.3236475,1.7058716,0.72315013
124028.4,-2.565675,2.7764273,0.5684333
121941.94,-0.78658366,2.6736112,0.55166566
120049.45,-1.8952864,0.2873574,0.4040549
116237.91,-3.3862848,1.9701184,0.48096213
122510.98,-0.7507679,2.8922036,0.73932225
132550.12,-3.76773,2.6598127,0.4006875
123517.19,0.90177286,0.18369114,-0.6222364
126350.09,-2.3295004,3.0737581,-0.63251966
119602.086,-3.457632,2.925879,-0.28159025
119446.23,-2.4306884,1.7802197,-0.9095262
130383.38,-1.1390336,0.16408682,0.5390933
131894.88,-2.4612896,1.8335907,0.7651253
132378.42,-1.6791607,2.504274,-0.6290506
124539.88,0.0267836,2.9816525,-0.789422
129035.32,-0.5422723,0.21504277,0.4099003
122544.32,-2.7403452,2.3468165,-0.63469464
115943.97,-3.199752,0.5662515,0.56864005
116287.76,-2.1003506,1.7688191,0.87780994
115223.54,-1.6428745,2.8586755,-0.38496575
120684.62,-2.9264688,2.385727,0.7205204
116808.83,-3.439017,1.3267097,0.3779499
130173.734,1.9064394,2.3726022,-0.5956264
131552.02,-1.0441738,0.18893719,0.25551364
121778.44,-1.4281847,2.3373318,0.71186674
115617.305,3.3791368,1.9552753,-0.5518589
116979.56,1.2127874,2.6442437,-0.56989086
120170.6,-1.256184,2.3729975,-0.6588299
120826.91,-3.5143209,2.8326116,-0.67220604
116217.336,-2.075798,1.9732046,0.47211546
131733.92,-2.7348354,1.4445293,0.41680598
115545.45,-1.0255111,1.3574356,0.60882837
122516.25,-3.1681628,2.0503783,-0.72929484
126593.34,-2.3403974,2.146776,0.81202465
118436.23,-2.077083,1.7056903,-0.6011747
121229.76,0.08934564,3.0016296,-0.50996
117787.125,-2.941842,0.12053943,0.31652325
132079.83,-1.3214171,0.19466627,0.6364503
125539.41,-4.050715,1.0311826,-0.6839391
116027.87,-3.139415,2.6610749,0.469968
117569.13,-3.0451276,0.8956628,0.23762566
128448.1,-2.1279988,0.27236593,-0.51789075
119513.945,-0.33361325,0.12391156,-0.38830495
119436.87,-2.1092167,0.6737646,0.73286825
116786.44,-0.5582231,0.46003488,0.580792
116046.37,-1.0984565,1.0763731,0.6854054
124630.04,-0.8549396,0.82273495,-0.65339977
122308.94,-2.4521458,1.9881346,0.37404278
121720.78,-1.2386758,3.0184329,0.4378611
132795.86,-3.1786857,1.7359316,0.3744173
128254.63,-1.9758859,2.5200942,0.9071434
123715.44,-2.0613873,2.7874618,0.5260257
121455.17,2.9486735,1.8300914,-0.55355144
130106.75,-3.4403682,3.0649738,-0.6601175
123286.27,-0.9908908,1.2756379,0.9762743
117149.43,-1.4221886,2.3141954,-1.076017
127260.766,-3.0087228,2.3023806,-0.8756651
127303.06,0.04629178,1.4288554,-0.7269771
125426.85,-4.211781,1.5411959,0.6344497
117705.484,1.4268118,2.4052553,1.0336086
126719.63,-2.8697858,3.0598485,-0.28201482
129776.23,-0.8809242,2.800388,-0.79402906
123533.41,-2.173256,1.4345677,0.6016741
131875.97,-3.754062,2.9197679,0.833226
120063.83,-2.27098,1.5083758,0.75084174
130491.38,-3.3217902,0.5141332,0.4440093
122764.96,-2.4104903,0.4672103,-0.69534564
119632.14,-2.1265671,0.32316887,-0.73212975
127435.49,-1.7129116,2.685332,0.2657898
133438.97,-1.0257878,2.5051184,1.0028841
130722.75,-2.8707697,2.9258595,0.48979095
127537.414,-1.0804359,2.3389425,-0.754916
132500.22,-1.4879277,1.3651397,0.7586338
126633.44,-0.42289335,3.0099545,-0.64066863
118702.77,-2.2124786,3.0365798,0.80442584
122056.95,-2.1415637,1.7375982,0.8629595
120791.055,-1.1855841,3.032185,-0.4314724
119723.5,-3.6554294,0.9416941,0.284003
130492.94,1.3205167,0.25634313,0.6541634
120887.56,-0.478218,2.3789601,0.45967215
123222.53,-1.0650755,2.1368668,-0.55409616
120521.766,-1.6463261,2.0922728,-0.88418674
122808.85,0.41036245,2.4853733,-0.42280877
116201.02,-1.9650755,0.93901575,-0.6321944
118531.43,-0.23260096,2.1984599,-0.55722415
134565.89,-3.1837988,0.50556093,-0.54545
118212.98,0.6222118,2.566232,-0.69683075
115193.78,-0.77415484,2.2313862,-0.5623802
118010.55,-3.2462041,0.18807435,-0.62854505
116652.21,0.62187576,2.2928214,-0.7441371
117011.67,-2.0010424,2.980164,1.0897177
118817.805,-1.8507427,1.8192679,-0.5855076
116030.11,-2.9742484,2.5629685,0.18557549
130607.35,-0.011165072,3.0382276,-0.72136575
116786.17,-1.8085427,2.2993531,-0.39044693
129851.11,-1.5937113,2.753848,0.27170697
128033.97,-1.1775562,2.3389688,0.74850005
129161.625,-2.2381663,0.9874235,0.8934593
119400.06,-1.9898716,2.0920882,0.75717926
118323.055,-0.4095588,0.38424897,0.4284049
130606.19,-2.6847162,2.762011,-0.88389546
128218.28,-3.0687885,2.9796524,-0.41490218
120461.016,2.8353446,1.6667677,-0.60414493
115760.26,-0.91024953,2.07692,-0.5048803
122504.36,-0.68621045,2.7722027,-1.0606065
125178.22,-1.9733024,2.6795464,0.5109043
118784.63,-3.9919481,3.1246462,0.67443806
121563.45,-2.743843,1.0570483,0.6194189
118032.51,0.76812965,2.9434905,-0.36181304
117315.086,-2.954998,2.5785255,0.73881024
115193.72,-3.5323381,1.7894385,0.43594587
133545.48,-0.8614555,2.2069767,-0.6717213
117312.42,-3.0522735,1.7469181,-0.52767986
118463.69,2.0491853,2.561531,-0.60944
125000.5,-2.2035878,2.3953407,0.32925358
115210.02,-3.4660006,2.0701437,0.2963788
132311.14,-1.1102666,2.8027186,-0.31536737
121544.305,-1.3109434,2.977278,-0.30383903
133945.19,-1.1601402,2.9831197,-0.47233805
128907.875,-1.4216771,2.909857,0.91372424
129403.45,-0.66141963,2.1071994,-0.70634776
125933.64,-1.4986339,2.8771813,-0.2987191
121743.586,-1.9000381,2.6673183,0.69121355
131673.27,-2.7100642,2.9428918,0.53424096
131251.58,-1.8651656,2.903667,0.27812707
119015.66,-1.2035389,2.2195477,0.46153674
129260.016,-3.239931,2.0008078,0.3720454
120059.34,0.9202073,2.7814887,-0.46675387
129252.695,-3.7560737,1.0985733,-0.42364496
118897.28,-2.1518917,2.7067862,0.626205
120275.06,-3.4983802,2.4073355,0.5302804
119006.03,-3.2072823,3.011861,-0.41478345
122710.46,-3.0202174,1.5171212,0.88154685
124644.94,-0.57046,2.743134,0.6202589
116406.39,-0.95663244,2.1307247,-1.2256066
126084.016,2.6525023,2.0723352,0.66678876
127867.67,2.6097753,2.2193277,0.62259847
128562.03,0.50801814,0.8706899,-0.697112
128372.41,-2.8869863,0.18404853,0.388051
128507.12,-1.7772965,2.4935079,-0.449598
118859.51,-2.7162194,0.34790158,-0.44280127
119295.56,-0.29842952,1.873693,-0.57360166
116794.914,-2.648615,2.011826,0.7767215
127873.46,-3.195401,2.5058117,0.6623505
129243.016,2.3157206,2.2769272,-0.73765445
121324.79,-0.45879427,2.5350842,0.64205015
116427.57,-0.6122267,2.330327,-0.6941839
134198.14,1.4203289,0.3250612,0.4612415
133023.81,-1.4771568,2.5518875,-0.50631016
130617.305,-2.381024,2.6055505,-0.8467731
125575.82,-0.08323259,1.6301428,-0.65897125
131241.42,0.51624435,0.64410853,0.693041
129504.414,-1.7559805,0.15335518,-0.47508717
120915.8,-0.5614707,0.823212,-0.85734445
120389.266,-3.530808,0.1846447,0.5676393
115026.05,-1.6399117,2.3378508,-0.28770155
119998.46,-2.9771729,1.1562631,0.6539917
123886.77,-1.1128718,3.0334961,-0.45216197
128842.52,-0.79970306,2.703748,0.31991178
124035.625,1.8333719,2.274884,0.4961492
120432.09,-1.8809152,2.0237775,0.35698658
115943.86,-0.8435332,0.8106857,-0.6264138
119841.07,-0.27440202,0.6383505,-0.7781173
118076.08,-3.6817548,1.0471894,0.7492817
116624.03,-1.0229669,2.634688,-0.62536544
132411.61,0.5844047,0.3812483,-0.49577397
122486.03,-0.097941525,3.118822,0.36873686
126302.016,-0.60219306,1.9923434,-0.68610936
116359.836,-3.7472868,0.17965621,0.35337362
131287.75,1.0957083,1.282864,0.7299285
117123.77,-4.022751,2.1019177,0.5644374
131148.31,-3.9506042,1.773107,0.7797236
119339.44,-3.3434765,2.4824865,0.62542075
131809.9,-0.2964033,0.9854115,0.5724547
116698.31,-2.2634988,1.7825736,0.38010857
122252.55,0.08659859,0.7656162,0.7747991
133889.64,-2.258517,1.0715543,-0.60903114
118150.445,-3.6666045,0.46701008,-0.5452732
126603.33,-1.9078807,3.1052682,-0.6101027
121969.0,0.63824373,2.724606,0.8647573
117230.39,-1.1139673,2.8020768,-0.47800612
122036.8,-2.2022626,0.932919,0.55539644
133380.36,-1.4963336,3.1015356,-0.38139495
125527.75,-0.2763565,2.6463974,-0.67725706
119848.09,-1.2881316,1.7375302,-0.640602
115346.164,0.44099957,1.1787641,0.6879953
117631.22,-2.9715197,2.6492798,-0.44751194
124265.04,-3.2724774,3.1369097,-1.0697893
123044.336,-2.4136531,1.9033165,0.71449
130840.79,-2.5522826,2.5175335,0.6490844
133490.52,-1.081461,3.064026,-0.395575
134389.06,0.4232385,2.7495909,-0.3869779
116131.21,-3.8022845,2.035405,0.79410815
117056.28,-2.6403086,0.40418386,0.840801
119346.1,-2.9478889,3.0265617,0.44312125
118625.555,0.82299674,2.9363658,-0.66099834
128458.34,-0.43217325,2.5996385,1.2772598
132827.14,-2.913992,0.016483068,0.28608102
124289.56,-1.503888,1.354958,-0.6963761
132336.08,-2.071713,1.6853871,0.8141904
122970.82,-1.7707258,0.498919,-0.51850796
129564.17,-2.9190018,3.0936503,-0.74427104
118257.055,-2.223343,2.6834013,0.5889959
128257.73,-3.0492144,2.9408746,0.7804431
126228.48,-2.330145,0.45330817,-0.49556693
127963.52,-3.040228,2.16923,-0.6386706
125869.69,-3.6008363,3.1353667,0.4397095
117123.33,-1.5723315,2.939744,0.53046465
132520.72,-1.5638322,2.8452857,-1.0697453
126663.02,-1.6286845,2.573599,0.54360986
127053.39,-3.2435148,1.9615699,0.673663
123235.016,0.5266621,2.924569,0.5898389
131987.92,-1.8947536,2.3231187,-0.6845208
127711.86,-1.8106567,2.5211372,0.61911404
123342.15,0.48451623,1.6002259,0.56702316
129706.02,-2.03427,0.40050006,0.55363274
125152.7,-2.515127,3.109448,-0.60763055
122623.71,0.6147931,0.9894681,0.6751113
125228.82,-1.9158795,1.7226918,0.5328981
133395.61,-1.5390313,2.753263,-0.48598686
115605.65,-0.73557055,3.0505893,0.77656263
121297.01,-2.456342,3.0626988,0.7424987
134807.61,1.7433404,0.9943438,1.1935791
126547.45,-0.81262386,3.1363175,0.6206609
118668.13,-3.0788803,0.92689204,-0.6786624
131173.05,-2.9328134,1.9894723,-0.4930411
127760.81,-1.1671027,2.1771524,1.0620387
128071.76,-2.471837,2.2901237,0.735245
128552.92,-1.5662807,2.0916417,-0.58464026
118648.52,-1.9643579,2.104613,0.61885124
115294.18,0.51473635,2.368547,0.84850746
115039.65,-2.2171595,0.5492218,-0.62721354
118892.23,0.45625442,3.0343537,0.48390606
130397.59,-0.50307256,0.7822962,0.5478516
133118.28,1.3059424,0.4551022,-0.65615857
122849.83,2.3008726,0.34488988,0.5541974
133834.5,-0.19187981,2.2011814,0.56096035
121434.48,-0.40194622,2.0737062,-1.0689282
115999.11,-3.125849,2.3838272,0.6313589
123461.516,-1.3126137,3.1154327,0.2882674
130351.85,-0.42805386,3.031718,-0.5841538
121497.39,-1.8830923,3.0505972,0.9953868
125366.62,-1.8212225,2.3427925,0.43373224
119600.1,-1.9269427,2.8840687,0.31472817
132870.67,-2.3499382,2.5711858,0.6901162
119434.086,-2.7628186,2.433911,1.1119616
119153.11,-2.9686508,2.812768,0.6443071
130251.555,0.13880074,2.9346175,0.31587943
116726.78,-2.1017542,0.37552953,-0.70414025
125839.516,-2.7515109,1.1448934,0.86245215
127324.45,-1.212183,2.3937318,-0.6354324
115245.18,-2.3977783,2.5570972,-0.56307626
115317.805,0.924401,0.13256645,0.4874885
117480.45,-1.8029221,2.3922389,-0.7617703
119345.65,-2.3713706,2.8500948,0.85381436
118090.64,-1.1322815,2.2813845,0.7434919
126566.25,-2.38168,2.7507002,0.6796395
117288.81,-3.2943828,0.26889837,0.54339916
121460.14,-0.26108995,0.14657545,0.85091144
125048.61,-2.1086922,2.0444274,0.68511015
128009.09,-1.5734837,1.514678,0.5491194
123424.53,0.36132854,0.48004848,0.61480033
127430.02,0.78187394,2.03282,-0.65304774
128449.01,-1.1971052,2.3529854,-0.2828211
116808.39,-1.2101272,1.5063444,-0.61656
116520.19,-3.9157453,2.9189177,-0.45676664
124816.19,-2.4087896,1.7397826,-0.7726977
124827.85,-2.1532884,1.0037068,0.63682985
116453.945,-1.8722386,0.2511835,-0.67136633
116609.54,-1.3883822,2.659579,0.5694362
128630.05,0.027648445,2.5457704,0.45331872
119343.42,-1.3478589,2.7838912,-0.8315373
115462.05,-0.42923114,2.1603305,-0.5471348
116499.74,-2.946527,0.5299454,-0.5434199
122898.36,-2.7134464,1.1781025,-0.7042163
127357.16,-2.589583,2.827861,0.733929
126132.945,-2.1002758,2.9103498,0.68375266
127583.83,-2.522952,2.9244928,0.38558686
126754.6,-0.09974088,1.8033512,-0.80979353
127729.11,-0.41637355,1.3741043,-0.7110723
115938.95,-1.8955264,0.4231696,0.6926235
130702.22,-2.9019542,2.682978,0.5478489
132245.56,-2.5019436,1.4107827,0.6930518
122776.19,-1.1019465,3.1245613,0.5230481
126388.695,-1.3946599,0.12881061,-0.33430642
130693.08,-0.89967006,3.1372702,0.5924375
116141.24,-1.8870538,0.4989276,0.5984281
118469.695,-1.161944,2.5245621,-0.93420964
130943.055,-2.0004652,0.7886909,-0.69345313
120748.65,-0.29947862,3.00111,-0.59285295
119934.89,-1.450316,1.7335644,-0.6745271
119050.836,-0.6169334,1.3521171,1.0369047
123092.77,0.66334206,2.5530062,-0.6087512
120665.305,-1.8143052,3.140854,0.41959685
132357.84,0.73817664,2.345975,0.7148498
120818.945,-3.640332,1.722047,-0.59705997
115394.055,-1.9390404,2.835062,-0.44119632
117072.5,0.99037486,2.395708,0.71311873
119990.16,-2.887286,2.8764012,-0.5055087
115518.64,-1.9741819,2.562549,0.29359186
134602.25,-3.3840017,1.6752145,-0.6941058
133756.39,-0.89815134,1.2721888,-1.3109467
128695.92,1.4257263,2.4366393,-0.9235215
115589.46,-2.726432,2.2514098,-0.6899523
122755.88,-3.157712,2.1178315,-0.43209985
122417.72,-2.1738722,2.267064,0.45007938
123182.305,-3.0230234,2.199544,-0.6161876
123839.24,-0.37629238,3.0106912,0.45459175
133262.3,-2.8441832,0.89669037,-0.7267974
130491.016,-1.7646449,2.806843,0.9933306
132962.84,-1.8055063,1.7329582,-0.58857864
117626.71,-3.0608585,2.7159693,0.4660573
134734.08,-2.0505037,1.0646063,-0.6295994
133667.02,-1.4095771,2.3304398,-0.6254331
115401.44,-0.41429237,2.5801218,0.6519725
132487.11,0.6916478,2.3852453,-0.7227796
115988.53,-1.7236423,1.5850053,0.91693527
126998.06,-0.67002904,2.9360063,0.59905183
130070.375,-3.0684102,2.5734699,-0.37127122
130738.75,-1.2288644,2.9582078,0.47788733
121635.86,-2.1165545,0.5858283,-0.64711547
133122.19,-2.5821142,0.22117653,-0.760781
115792.84,-2.8151352,1.906546,0.65585434
116700.05,-0.84829026,1.5151033,0.71278167
130147.69,-1.7519244,2.7788386,0.4149618
128012.45,-2.7733793,3.1159432,1.0139276
129670.56,-2.0173264,2.5007305,0.62034
116987.18,-2.9201949,1.9546136,0.81660026
128597.25,0.27923566,0.64097095,-0.75090086
127865.31,-2.2193367,2.0435162,-0.44648954
116018.03,-1.6590583,2.060487,-0.5193531
119059.79,-3.0473094,1.154653,-0.7517669
115046.99,-2.5652478,2.7880561,-0.658909
116252.805,-1.2493745,0.91458493,-0.5813983
132146.6,-3.585987,2.5506067,0.81744695
121161.336,-0.8162178,3.0768976,-0.31162736
125926.05,-1.2392565,0.5173087,0.7677229
132507.97,2.2520468,0.87529695,0.52677864
126650.84,1.2996998,1.3215799,0.58368355
119904.56,-2.945396,0.014011681,0.5070355
120971.89,-2.4351459,3.0550625,-0.5712936
128203.58,-4.032239,0.735046,0.7709748
133961.05,-2.4263642,1.0163655,0.5983771
123182.49,-3.3934379,1.2362907,0.23115876
126708.516,-2.6845024,2.9582458,-0.7615687
117815.39,-0.21084385,2.4701862,-0.82531655
127254.41,-0.7185496,1.5156673,0.5305283
124239.89,-0.69432485,0.4793979,0.8505634
117718.695,-1.4585744,2.8029006,-0.67485106
121321.1,-2.632611,1.7021254,-0.39082575
134879.89,-2.715572,2.3625627,-0.6948604
133544.16,-1.7439922,3.1038122,0.45204955
134422.36,1.4342306,2.070842,-0.95585495
116334.266,-0.047063746,2.7988534,-0.47587726
124662.24,-4.2676744,2.2277675,-0.57520044
134899.42,2.1650147,1.8219247,-0.7592159
119907.63,-2.5388694,2.8987072,0.54177046
121435.56,-0.6225616,2.5274842,-0.76972497
122561.31,-0.48252234,1.9633769,-0.59652466
126430.52,-0.9998753,2.6014633,-0.71401995
125673.76,4.8295636,0.7281138,0.6044918
120327.51,-1.6267533,2.2778192,0.8246877
122302.305,1.4932866,1.4047275,0.61546
116711.37,-0.42019853,1.6908565,-0.57453537
130725.76,-3.4170077,1.5352062,0.7590839
116808.11,-1.5410038,3.019589,0.31929788
124286.35,-2.3594306,3.093175,0.4992759
116348.72,2.0129066,3.043871,0.23688102
117919.26,-0.08658275,0.85250425,0.6405086
119114.47,-2.1001701,2.3199575,0.44556707
126984.3,-1.789227,2.5075758,0.47597635
124837.57,-1.756433,0.45889962,-0.2889559
124434.83,-2.3038867,1.9471648,0.70774806
130628.07,-3.0629632,2.8948257,-0.45500427
134394.7,-4.1955314,2.056034,0.66965485
134155.34,-2.0815902,0.009904146,-0.2429252
130253.44,0.2988966,1.1688149,-0.7363869
116221.29,-2.3916512,2.8300412,0.7114204
131309.03,-1.2574731,3.0261478,0.45383573
127895.97,-2.0793376,2.7875845,-0.6151578
117081.46,-4.2591767,2.9479034,0.53720504
128668.1,1.12659,2.4342856,-0.67238146
118516.98,-3.302277,2.4852204,0.5779408
126008.73,-0.08323129,1.1486772,-0.5157966
125152.84,-3.6302269,2.6328194,0.7343954
130492.64,-3.774636,1.2570639,-0.28379723
120905.33,-3.7428393,1.4808371,0.930415
117186.914,-1.1385074,2.7566202,-0.58044994
115191.09,-4.3189783,2.596345,-0.83653235
120361.83,-1.8042823,2.8169901,0.251324
122039.24,-2.7714822,1.8645297,-0.702224
123178.24,-2.0073848,2.2698574,0.6968134
130087.96,-0.6499736,1.6978438,0.45413938
119969.63,-2.567241,1.8272852,-0.5270386
119134.48,-3.7042952,0.7040984,-0.65529853
115769.805,-1.2773868,2.0698676,0.57418054
123942.13,-3.9805074,1.0220352,-0.68288934
125072.66,-2.2854595,1.632452,-0.82796943
119858.17,-0.3404894,2.9022264,0.41634005
124272.24,-0.75043875,2.9236112,0.6186238
118147.53,-2.024629,2.7542334,1.0353523
119912.24,-2.7656584,2.6815157,-0.89220786
130349.66,-1.275639,0.8746432,0.834236
125462.47,-3.552675,1.2457649,0.60784465
121008.29,-0.070152,2.6682086,0.45427632
123845.1,-2.5931468,2.9559906,0.73868656
119310.68,-1.187873,2.067272,0.5991364
130163.9,-4.0498805,2.7991624,-0.653159
116841.92,-3.1754901,2.9404736,0.3644424
131615.34,-2.7411962,2.733147,0.44449925
118218.93,-2.0381334,0.038508654,0.62272865
122580.8,-3.1369758,1.9110246,0.487284
116521.99,0.5355779,2.150436,-0.53356886
123567.88,-2.3153393,2.8588521,-0.7174004
117431.75,-1.3158259,2.7442615,-0.35116646
123700.266,-1.1713169,2.9912794,-0.66884553
129229.305,-2.5020723,0.81675935,-0.6586542
117446.3,2.9763913,1.608001,-0.7023853
131791.22,-2.62246,3.0228045,-0.41879326
127711.36,-0.8206863,3.1171887,0.6246456
131540.12,-3.2953618,1.788873,0.55868465
130548.63,-0.5717142,2.5638788,-0.65377265
115185.67,-2.9857602,0.37470108,-0.7509425
119865.61,-4.2796106,1.6567771,0.6305728
117722.484,-1.4498247,1.6905086,-0.86842364
120871.984,-3.5290782,0.5730643,-0.56961346
118007.43,-2.2994075,2.758997,0.72406024
119385.086,-2.0997682,0.59600616,-0.5093687
125698.69,-2.5428662,1.4892117,0.4904734
126271.15,-3.8073013,2.2759762,0.68387884
124329.266,-1.9183716,3.11507,-0.4623833
118066.875,-3.2453701,2.8758671,-0.40585437
127577.375,-1.9879236,2.812749,0.34863597
121350.33,-2.753284,2.856764,1.2872497
128090.59,-2.0332155,3.051049,-0.6539496
126986.234,-2.647455,0.8247827,0.51313794
125263.76,-1.7058982,1.3295215,-0.7929259
129506.13,-1.2198063,1.5225265,-1.0104405
118147.516,-2.5585344,0.025228739,-0.46020666
120983.71,0.23358858,2.7707465,0.58706915
133400.16,0.81709605,1.1226376,0.5952305
126026.5,0.24878809,3.0952513,-0.36004928
119060.46,-3.7080815,1.6677026,-0.53465647
130900.13,0.6007136,2.458123,0.67211634
123730.16,-3.4044464,1.4838656,0.6247147
131588.75,1.7921578,2.0002837,-0.9887786
128934.65,-0.52082133,1.8410301,-0.4592765
134939.81,-1.0530233,2.3750224,0.56033283
122001.625,-1.6838591,2.7798228,0.579891
131816.95,-0.54818666,2.3261576,-0.5844726
131136.94,-2.0119705,0.61864245,-0.7024406
128897.5,0.6927407,2.1668003,0.5681272
126790.75,0.28041118,2.8071508,0.39183477
123964.984,-2.9910507,2.7525928,0.2288767
128313.586,-0.5389662,0.5360679,0.6040535
127242.42,1.8050563,2.381743,0.53514624
131962.34,-1.6456771,2.693331,0.51878035
117152.91,-1.0822998,1.3088188,-0.6411121
121296.89,-2.5825398,2.432891,-0.60645825
117223.66,-1.275633,1.3631277,-0.62155354
116911.71,-2.829661,1.3171004,0.4799393
120596.68,-1.2641852,3.1338682,0.294232
131336.36,-3.7241335,0.8253198,0.7841432
117258.34,-2.7512908,3.0812247,0.7657763
120914.79,-1.331743,3.0018678,0.43484485
117924.16,1.1024806,1.1486491,0.6578017
124468.78,0.5015632,3.0139236,-0.2775482
116968.29,-0.893326,0.28581798,-0.43586412
129162.516,-1.2306222,0.8755129,-0.47920865
127763.3,-1.5815308,1.1342909,0.63755524
117122.664,-3.2478375,1.6679182,-0.1825872
119935.67,-0.004972342,0.9984475,0.549317
130257.516,-3.579912,1.6525474,-0.6920209
117476.516,-0.030663637,2.6311321,-0.7337556
118388.25,0.28551325,2.2984886,-0.6826574
126931.664,-0.24780962,1.7732986,-0.8560115
132838.73,-1.5983368,0.36514902,-0.51343113
130746.3,-2.4612489,2.6823087,-0.3173571
123600.45,-3.1829066,2.29217,-0.59438485
133628.73,-1.8633237,2.0270777,-0.6610992
116915.84,-0.7887356,2.8098955,-0.585789
133652.4,-1.2194244,2.613937,1.2081647
123640.66,3.1125379,2.7516341,0.5741072
117237.45,-3.4650512,2.1727293,0.7845688
119320.73,-1.9351994,2.8040485,-0.4823235
130478.875,-1.1551979,1.2659452,-1.1198791
115101.53,1.5271137,2.4614272,0.5356595
128842.91,-3.9626899,2.322497,0.72022617
122804.26,-3.8417034,0.9894057,0.508028
128390.12,0.13060549,0.053679228,0.2611586
123347.98,0.91946334,1.9455619,-0.82331234
122340.66,-1.9402201,2.788261,0.8476991
126186.56,-3.5666313,0.45088595,0.47770783
121857.484,-2.35423,2.9920254,-0.47986722
129443.29,0.17876732,1.8684223,0.6363418
128849.336,0.91357845,1.3257114,-0.78584296
121118.586,-2.6466436,2.300068,0.64813244
126739.055,1.5680796,2.261801,-0.65823615
128076.5,-2.1871252,2.72068,0.62903047
126134.375,-2.986158,2.9382668,0.6292565
122186.305,-0.03293559,2.7614331,0.54216427
130135.47,-3.6798344,1.884819,-0.75828946
122419.84,-1.358053,2.3996263,0.68169034
125919.37,2.664488,2.2871065,0.55102104
130242.92,-0.6574941,2.0939407,0.7792603
115973.51,-3.4296172,2.718013,-0.8466978
121739.305,1.7782,0.15676582,-0.4069926
121460.586,1.9118713,1.2067621,0.6310653
115709.63,-1.0260905,2.891684,-1.1866407
133564.64,-0.702366,0.3935182,-0.50334924
132611.05,-2.9344616,2.6606486,0.4996916
133610.75,-0.2877489,2.9066849,-0.5277034
115301.55,-0.29233584,1.8620696,-0.8118443
129998.57,-1.6457402,0.5589429,-0.48245743
129240.97,-2.7918806,0.17505634,-0.3156838
117283.51,-1.8986865,0.18117523,-0.5195884
123959.49,1.8836076,1.9333057,-0.6332965
122788.16,-1.0423877,1.0908167,-0.9018916
133623.92,-2.7750304,0.23622638,0.5494629
130355.36,-3.3226602,2.5576909,0.7689361
124705.54,-3.6427035,0.5603007,-0.46018377
122831.36,-2.055661,1.5120659,-0.75850993
131707.02,0.7742629,3.1172485,0.34719017
125437.02,-2.1158845,2.2391555,-0.6565735
128887.91,-3.228356,2.8410034,-0.88104576
124467.97,-3.2534468,2.6184316,0.5970756
121521.76,-3.6212108,2.748134,-0.39169157
115433.32,-3.4432206,2.128788,0.83192956
134499.55,-1.9784014,2.1843915,0.80561143
115083.66,0.05521164,2.9784818,0.28914538
132604.98,-2.9269257,1.8995638,-0.7227272
123159.82,-0.3281803,1.6426971,0.64513016
130060.38,-2.9030657,0.43192375,0.59597105
121152.484,1.5773718,2.5029082,0.53589255
122947.8,1.0397857,0.7530155,0.52774173
126203.66,-2.8152611,1.0703474,-0.68713295
132229.14,0.7438865,3.0940993,0.56834024
119927.914,-2.7538161,2.9363859,-0.57022065
121240.34,-3.3212435,2.3408325,-0.58734
124269.67,-1.8605145,3.1344213,-0.46814743
118289.35,1.4360999,0.23954296,0.41420883
128029.2,-2.5757003,2.9122963,0.46523905
134539.03,-1.9830972,1.7820052,-0.69466186
130228.164,-1.2795867,1.8061498,-0.5492809
117331.63,-1.4351246,1.8358839,0.6635792
130981.79,-2.4379127,1.9398391,0.7303488
121927.85,-3.170823,1.9417913,-0.33238706
121296.43,-0.6021175,3.0110114,-0.53110635
126197.84,-2.3782482,1.8427187,-0.24403338
127461.62,-0.5436993,0.94374037,0.5171792
120850.58,2.3750734,1.6154609,-0.69922376
134057.44,-1.6456143,2.6923761,0.4328076
120019.31,-3.754758,2.8875895,0.3098083
129971.89,-3.0099895,2.1983552,-0.7008507
117021.58,-0.31223366,2.5943499,0.3867155
121101.586,-1.0237143,1.0099748,0.57707053
132451.7,3.276361,0.4792197,-0.5084149
125578.66,-2.936495,0.2086215,-0.4595381
128910.945,-2.786934,2.7535324,-0.46591967
125177.9,-2.1316118,2.9113219,-0.3211698
122540.24,-0.7187657,2.5764897,-0.3552063
116505.3,-2.2517529,2.054919,0.52854747
121268.26,-3.4265447,1.9270585,-0.5972036
122380.414,3.8670766,1.7729458,0.8284879
119075.14,-2.2199197,0.6408093,-0.56567925
124561.13,-1.0603671,2.179146,0.53348464
131041.78,-2.000199,1.8665476,-0.7965577
116283.33,-2.7411735,2.7992613,-0.63530236
115561.45,-3.1499026,2.7390506,0.7390733
130959.64,-2.6328702,1.773694,-0.93079674
119533.69,0.46209872,2.9378014,0.26747724
121824.97,-3.2784555,1.8363028,0.5443088
132564.81,-2.6491473,1.0192188,-0.5758782
122314.15,-0.82688284,3.0878322,0.49596646
117270.54,-1.1879565,1.2077321,-0.54854983
133088.64,0.06706292,3.0575044,0.40402234
129162.99,-0.69862026,3.0516877,-0.52682704
134376.39,-3.4001262,1.9311198,0.3030449
133993.66,-0.94812036,1.9789296,-0.4470747
133379.02,-2.6959157,3.0477018,-0.7183942
125253.52,-1.7040362,2.8836198,0.6534304
129815.68,-0.85644066,3.0043802,0.38418072
131500.25,-0.28032112,2.4466615,1.1584413
134096.36,-1.5052228,1.5053297,0.80445856
134610.75,-1.2467006,2.0810413,-0.5543307
117637.05,-0.8950929,2.870367,-0.49382278
118854.57,-1.1276022,1.9451914,-0.72603446
120443.54,-3.4890234,2.7938,-0.5277678
134022.62,-1.2724648,2.8110335,-0.53442925
116012.2,1.1073049,1.8556836,0.90138173
122856.625,-1.6177096,0.14092934,0.75216156
118458.74,-3.6681125,2.3489943,-0.5763827
131100.64,1.1055669,3.0685256,-0.54653835
123408.97,-1.6073546,1.821845,0.5845695
130444.945,-0.06880264,2.5612128,0.27977774
130381.695,-3.1468422,2.350843,0.54504186
133925.61,-1.6005529,2.8280976,-0.76313037
116110.72,-1.4965862,2.0674973,-0.674302
130589.02,-2.408737,3.1162388,0.38873988
120505.984,-0.29969457,1.970096,0.8655411
115965.26,-1.2282975,1.5899311,0.64459634
119679.305,-2.2181592,3.0473378,-0.6252543
117334.16,-2.8652856,0.83839667,0.5716712
123178.984,-2.1397219,2.1971695,0.97561735
126111.164,0.9416452,2.6774437,-0.68550164
121366.56,-0.42571777,2.2454257,0.68120307
126086.5,-2.302352,2.2334466,-0.58813244
115380.2,-1.4453126,2.6916323,-0.5646266
122809.195,-2.8252373,2.3897386,0.6452521
121843.78,-3.7984414,2.0268197,0.56514025
115911.016,-1.2487992,2.675597,-0.830467
127711.89,-3.8696675,0.6043837,-0.52964014
123857.766,-2.9746983,1.6663909,0.6206919
116300.16,-0.47893432,2.9767914,-0.4214062
119047.9,-1.1993239,2.3020627,-0.5413378
121699.66,-1.9580559,3.0768285,0.38465533
117233.94,-0.70259917,2.0563648,-0.664493
120283.18,-3.064662,0.7759271,-0.674491
133088.62,-3.3491495,1.1782594,-0.48916346
124909.47,-0.30893818,1.0198544,-0.63320774
115062.31,-0.47361895,3.1031246,-0.429093
121668.03,-3.222846,0.80458677,-0.6317251
129959.27,-1.65274,1.3884287,0.75875753
131639.16,-3.593276,2.1976233,0.64665025
125208.664,0.75267726,3.12622,-0.30659539
131354.38,2.5353508,2.0352597,-0.68449706
116139.54,0.40007555,2.3515377,-0.6452905
125826.39,-0.29295346,1.354528,-1.0324727
118765.26,-2.038333,2.66695,0.44546762
129971.14,-1.5918386,0.7454792,0.52033263
126043.67,-2.0546508,1.4460064,0.5975284
131469.77,-2.8844492,3.102424,0.5975785
132019.06,-2.378342,1.2743589,0.7867912
124921.586,-1.1338327,2.5173423,-0.7998658
118986.164,-2.4824364,2.2457416,-0.663663
119868.02,-0.5159414,1.3212407,-0.85201424
119423.94,-1.4076034,0.51729584,0.45325783
126415.95,1.6431282,2.9543471,0.5959081
123374.6,0.39244434,1.7653311,0.68079036
130098.65,-1.8835735,2.4903927,-0.5684172
134136.52,-2.5203245,2.3052146,0.6592129
120537.53,-0.6504481,3.0799394,0.5239732
118074.2,0.9857965,2.9796753,-0.52245486
126572.11,-3.6258755,1.8317791,-0.6664282
124941.44,-2.6839664,1.5792004,0.6407942
116934.64,-3.2178304,0.16743231,-0.48037872
128908.805,-0.014106601,2.2949717,-0.5213703
125961.49,-2.5235069,2.9770947,0.6771724
115065.836,3.9207428,0.86977124,-0.5674868
128710.13,-2.2459567,0.9171184,-0.6354715
116646.26,-0.5845368,3.0077882,0.3659313
117446.26,-3.3187943,2.1049576,0.5027619
116069.86,-1.9609543,0.37036312,0.78918797
120850.28,-1.6720679,1.8307257,0.67435503
119192.805,-4.095677,0.102432966,0.5540772
117457.18,-0.93125933,2.594442,0.58981395
119115.2,-4.155496,1.0002244,0.66688365
122480.96,-1.1376166,2.5922434,-0.47635153
117822.086,-2.955558,3.1010177,-0.34734732
129977.56,-1.370592,2.1997936,-0.72503847
131278.28,-2.6426253,2.084738,-0.71333253
123022.98,-1.2837955,2.6717825,-0.36177638
120845.89,-2.3269155,0.9585202,0.4070358
116570.29,1.0369368,2.7749481,-0.8072941
134033.14,-1.779313,1.6264292,-0.53035617
118809.11,-3.0559669,1.3201772,-0.5606495
132598.42,-3.68205,1.8809099,-0.9229008
127401.68,-0.6165879,2.7637665,-0.56731397
127113.42,-1.0546272,2.8766096,-0.5094251
125826.34,-1.6893328,2.5044904,-0.68011576
134261.16,-3.193487,2.5557342,-0.79400593
122982.58,-1.8208771,2.3629308,-0.33091426
123854.45,1.8393161,2.7424955,0.38790795
119854.336,-2.2611022,2.0435061,-0.81236315
118780.56,1.2431453,1.3879886,0.56328994
121169.68,-3.2177565,2.0741496,-0.687552
127970.13,-2.7147014,1.2363334,-0.6262357
133611.81,-2.4332867,0.5166407,-0.74773794
116659.86,-0.037786357,2.402483,0.8464879
130121.28,-1.2357559,1.2633054,-0.70418334
123077.695,-3.8618696,3.1038113,-0.45118892
127955.19,-0.83659947,1.3097293,0.7112981
126149.8,-1.5524589,2.9568357,0.63731974
123981.11,-0.9792926,2.407788,-0.47069144
133310.69,-2.8679578,1.261414,0.69525635
125313.875,-1.8802468,1.2912797,0.79251504
120628.414,-2.1573665,2.5928395,0.68571377
128036.734,-2.0081081,1.6585596,-1.1227219
125320.61,-2.101451,1.985194,-0.4645915
123719.94,-0.8903043,0.10886461,0.37490588
120283.734,-3.4554908,1.7049651,0.90763956
117290.805,-2.0191982,2.4868443,0.5219151
117752.01,-3.725343,3.0820134,0.7220676
133835.11,-2.9792864,2.7642138,1.0974083
117804.414,-1.9538606,3.137848,0.57621247
119466.64,-0.4139917,0.041142225,0.35185143
127776.46,-3.0178633,2.706566,-0.53129935
124050.4,-0.8266104,2.9837582,0.61991477
115010.44,-2.6099331,0.54780805,-0.5432529
128896.16,-1.4802659,0.14295459,-0.39253616
132045.22,2.6020412,2.4635003,0.57166135
129953.06,-2.042889,2.356531,0.49407598
128355.3,-2.6501968,0.1675595,-0.27129778
134781.89,-2.214842,2.2565556,0.7393195
119238.08,-1.2257178,1.6742727,0.70372653
123793.78,-0.31961316,2.6333442,0.9831382
118159.836,-2.5474932,2.5198011,0.4210822
127321.5,-0.9395102,2.3839462,-0.5401003
118047.516,2.4232311,2.4739506,-0.7114222
123691.73,4.083994,1.3157327,0.747765
118997.32,-0.9579886,2.302776,-0.64789426
126982.17,-1.8204056,1.623051,0.70674735
129361.87,0.5344903,0.34348685,0.48533162
120737.01,-1.9438263,2.3491366,-1.085651
131084.77,-0.9543686,2.5496268,1.011583
133763.06,-1.0310768,2.9253669,-0.6792959
118213.16,-4.255898,0.8088232,0.5602536
120276.63,-2.2397761,0.112069905,0.37343767
129696.45,-0.87579685,2.3997288,0.65649
117993.055,1.0205728,2.029233,-0.6633267
129772.61,0.25260887,2.9818983,0.58925986
127977.0,-3.2775965,1.3675878,0.5422621
134735.5,-2.7991097,2.9070582,0.53259706
126759.14,-1.1870399,3.1188726,0.47262216
116051.83,-1.4446167,1.051061,-0.55549824
134351.1,-3.4993017,2.1588438,0.4736045
120846.87,-2.3006456,3.0086453,0.36340037
117597.45,-2.104535,0.21295431,-0.524757
133675.22,-2.330928,1.8286803,0.56143415
125417.14,-3.3067384,1.5934397,0.89550215
116443.88,-1.9693806,2.7636814,0.5559422
120449.72,-1.7153844,2.2049963,-0.59994924
124284.95,0.6057042,0.43210548,-0.5889866
119266.78,-2.6870375,0.4891473,-0.38652962
118394.42,-1.1849593,0.67390615,0.5445292
119958.195,3.0864015,0.295655,0.43557504
115933.53,-2.011302,2.7691708,0.44952384
131735.08,-2.3261418,2.7649696,0.48863083
122087.234,-3.0398881,3.015191,-0.8205552
133565.16,1.8922465,2.7554939,-0.75220007
116078.35,-2.1770582,3.0348666,0.33568355
119512.67,-3.5076911,0.7588175,-0.54317707
122863.37,-1.2135829,3.1302505,-0.6426007
132645.11,-0.9785231,2.1436343,-0.44430575
120178.984,-3.037073,1.7376091,0.54041773
129861.234,-3.3899813,3.1134968,0.46740147
123999.55,-4.1229353,1.3282291,0.71296597
128977.33,-2.6960943,2.5012395,0.58905756
121202.99,-2.153887,2.682481,-0.43859583
122975.61,-1.6486813,1.6641463,-0.8064877
116518.39,-3.190072,2.7667267,0.9307413
128477.8,-2.2790124,2.5675426,-0.64852935
125195.25,-2.696893,1.7137129,-0.7727235
123696.67,-3.7403712,1.3014259,0.549514
130612.99,-2.7864125,1.2418292,0.90328956
118613.61,-3.8192775,2.0083528,0.69043225
123133.33,-2.0191066,3.0438383,0.5099714
125739.57,-2.8224108,2.8621283,-0.64399964
127433.805,-1.4005675,0.7573008,-0.61223763
115650.87,0.6894918,0.94746137,0.8082306
115820.49,-2.2363777,2.1043124,0.55876505
117718.49,-3.8813903,2.8431637,0.79968417
129461.836,-2.902528,3.0336359,-0.39692914
120014.164,-2.9508743,2.6444738,0.6570449
116190.06,-0.37975666,1.2652355,0.64098406
124008.06,-2.6919582,2.9822814,0.3356248
123583.11,-3.6633987,2.9352527,0.5534999
122683.92,-0.86900353,3.127998,0.46139663
122130.75,-3.6875734,1.4670618,0.58618253
131475.16,0.037308633,2.8882017,0.7163165
117222.88,-3.6753511,2.9640718,-0.45137528
125175.46,1.0870125,2.676584,-0.63543683
121134.68,-2.318975,0.6188885,0.5190049
129808.84,-3.04641,2.8859353,-0.56859666
116412.45,-4.3687644,2.302166,-0.3190431
122322.914,-1.8021499,2.1481018,-0.6915777
118606.586,-2.455021,0.9979943,0.75204086
124579.14,-1.6288055,2.829177,0.5326596
123431.11,-1.9731289,1.7444618,0.6485193
133627.83,-1.6449171,2.5447114,0.53546906
129897.6,1.0798404,1.6784121,0.66665554
119378.516,-2.435639,2.5865755,-0.69995683
116250.336,-1.9927108,2.2906566,-0.5293075
130076.91,-2.6672587,2.804698,-0.70678097
125837.4,-1.2948605,3.1154275,0.46697617
123583.15,-3.1850934,2.9593277,-0.18376249
118759.21,-2.0898998,0.70769656,0.595811
134067.19,-0.3019025,1.8406268,-0.5435281
124939.3,-1.4863646,1.633384,0.51233166
134976.89,-3.8344765,1.2814832,0.7826067
132193.81,-4.0381656,1.5654781,-0.6630461
119292.45,-2.5253534,0.76318395,0.5035118
126255.625,-1.7154317,2.67376,0.42047638
120722.57,-2.7732284,2.8979082,-0.46773925
116191.6,-0.78270173,0.5002979,0.41501012
117477.31,-2.0002615,2.6990685,-0.7883246
117475.97,-1.7549484,3.0278,0.7987615
120755.21,0.57184213,1.3875457,-0.5701864
119956.836,-1.6536824,2.3835387,-0.6477571
128165.21,-2.8994296,2.5609813,0.8805684
131978.36,-3.545069,0.42542267,0.52696633
122860.01,-2.2716367,2.819621,0.13256046
130390.92,1.3964977,3.0378978,0.21279472
129143.305,-1.679675,1.7473605,-0.5782963
118336.78,-1.8063458,2.6377156,1.3378516
132589.89,-3.5697958,1.0196221,0.5187723
130539.56,-1.6048367,1.1997845,-0.60509294
128733.336,-1.6349087,3.0448332,0.50610393
125800.37,-0.5631695,3.0385828,0.32926697
133128.92,-2.0712564,3.1154895,0.5176869
125687.03,-1.5073112,2.9404013,0.520924
130670.516,2.1321607,3.0418324,-0.48566934
131685.66,1.5851336,0.362823,-0.5439003
126218.43,-1.3364013,2.6193094,-0.3791786
116932.28,3.341528,0.87944525,-0.7130873
120348.94,-2.9982219,1.6490071,0.86540645
134118.52,-2.7923267,1.5936093,-0.71791834
123553.49,-2.859467,2.8622763,0.6158396
127112.78,-1.0549892,3.1172268,-0.8899383
127686.52,-1.178821,1.6004283,0.6643679
123212.336,-3.2342644,2.3060732,-0.5591146
123477.03,-1.8445394,0.44742012,-0.49778655
115336.22,-3.2702339,1.0279001,0.79641
116733.78,-1.6336969,2.0806503,-0.7306875
123522.84,-2.6429424,2.0052958,-0.7047027
127527.93,-1.40329,2.4134562,0.63543516
122942.195,-2.0316758,2.8110871,0.7831581
124312.66,-0.031515535,0.64439285,-0.5300376
122145.36,-3.40177,2.871597,-0.4361186
115128.36,-2.852531,2.4336324,0.74085206
124668.89,-1.8293118,1.8610902,-0.652203
126232.016,-2.1613252,2.9026155,-0.5605453
118071.31,-0.43654275,2.554645,-0.8851849
127677.91,-0.9576901,2.9163237,0.45808107
115143.03,-3.1486857,2.5469632,0.6798343
121767.43,-2.651229,2.3934462,-0.29575744
119148.516,-1.7082038,0.80713314,0.7483608
118114.87,-1.4168887,2.2205245,0.95660377
119618.57,-3.5615697,1.2215232,-0.63280755
132440.83,-1.9145043,0.81730825,0.5851781
134321.75,-2.6991556,3.0544484,-0.3876453
116439.375,-1.1368325,3.015136,0.563656
116230.79,-1.0834732,1.0174906,0.5697482
131886.6,-0.8828191,2.0646276,0.641866
115516.95,-3.4750652,2.8034604,0.9357417
129995.02,0.8096779,0.26581842,-0.5589937
130062.984,0.72185886,0.26724583,-0.464806
120364.28,-1.1408538,0.74602467,0.54838836
125014.11,-3.2765224,1.4109184,0.5880832
118670.74,-1.9646335,2.7025564,0.54143316
127013.39,0.56648904,1.1647451,0.5304665
127616.79,1.2694448,0.09320724,0.44828504
129896.15,-2.403669,0.0037362576,-0.6021884
126230.984,-0.70395553,1.4453386,0.57169646
120961.22,-1.96619,2.9904442,0.58979714
129916.24,-0.50602704,2.920864,0.49796477
117978.01,-0.60179967,3.07361,0.43042886
131944.02,-2.706057,3.0227642,0.36458015
122493.34,-0.110183775,1.7065929,0.68329626
115364.305,-1.3024368,0.3599031,0.47295493
126143.9,-2.9527009,2.9860668,0.41238165
129313.09,-1.3246847,2.610704,0.5482731
124126.125,-0.44757858,2.684403,0.82984585
122049.5,-1.862924,2.8748538,0.8769537
115618.88,-0.20514408,2.222549,0.73920894
122456.43,-1.9848967,2.914865,0.550861
133832.78,-0.9501874,0.63705504,-0.66037834
121749.82,-3.3538609,2.874341,-0.88667077
122315.484,-2.8218586,0.54343534,-0.52272135
116249.164,-2.9148383,1.4805083,-0.63849396
122838.05,-1.8203275,0.321384,-0.44710582
130106.05,-2.1017373,2.6017685,0.56192553
119070.36,0.38675117,1.74413,-0.7140611
115610.38,-1.6543032,2.7307007,0.4620818
115772.99,-3.9706986,2.1947138,0.48923814
120184.375,-2.312105,2.5299797,-0.81452245
126572.49,-2.4821837,2.863593,-0.52499574
119606.36,-3.1696,3.1388273,-0.32161343
131968.33,-3.1185153,0.56601,0.47305602
134087.2,-0.6592215,2.8980224,0.4994794
115803.89,-0.7709773,0.77658015,1.0515511
124728.67,-1.8402418,0.3194091,0.67269135
133278.48,-2.4820223,2.7540824,-0.95747876
119392.625,-0.17320718,2.5311878,0.726799
119400.4,-3.5205333,0.7539666,0.6158628
129656.93,-1.8096753,1.8825984,0.5073864
127559.1,-1.2505823,2.7789488,-0.5869051
134307.5,-1.3346114,1.9600387,0.29058674
130055.66,0.51788765,3.053927,-0.40386721
126984.72,-3.5952542,2.2034116,0.32389864
119146.31,0.39756018,0.35866225,0.45399028
125295.15,-2.9921725,1.0458859,0.56529796
118755.84,-3.5170817,1.948315,0.684029
118297.6,-0.26777405,1.590807,-0.53862673
117333.99,0.0127482945,0.045439243,0.36204356
126803.4,-2.238674,3.0870724,0.46863127
133376.31,-2.997567,2.9051685,-0.5382394
118059.27,-0.75313246,2.8948512,0.4837946
123941.91,-1.0793257,2.8441904,-0.72279996
119992.06,-2.57483,2.4179606,-0.53544676
127567.7,1.3720382,2.718278,0.81935537
126428.11,-2.6854424,2.8415854,0.31806776
125264.75,-2.8937707,2.7921202,0.70609915
121885.34,2.673254,2.8888962,0.35462233
133191.64,-2.5751557,1.8756553,1.0540899
121670.055,-0.53851914,3.0572205,0.50716776
119420.89,-2.8891544,2.0292704,-0.8648358
116251.93,-0.9875099,1.759402,0.6101217
131127.56,-2.0130832,2.3905997,-0.6173025
118948.234,-0.22708347,2.6504328,-0.5635411
121588.73,0.04112129,2.9268956,0.55922806
131779.48,-0.14804438,0.82593465,-0.8218565
122531.57,-2.8117633,0.9031132,-0.6237705
119303.086,-1.6501266,0.050578,0.34689412
130050.18,-2.888787,2.6521196,1.0387921
116222.33,-1.8255888,0.6111759,-0.52841455
128450.57,-2.9568155,2.9334679,-0.61158997
116408.62,-3.0065877,1.2695192,0.6027405
129008.875,-3.8737433,2.8366876,-1.138478
133372.27,-0.26168275,2.7013984,0.7061039
117147.766,0.2550234,2.91678,0.47562492
125086.57,1.1239496,2.0436852,-0.6796138
129242.93,-2.7754896,1.5161917,0.64332455
125709.35,-2.3279655,1.7565191,-0.7016274
119470.734,-2.589243,1.9707538,-0.37211224
115440.78,-0.8004594,1.806931,0.5776809
117390.914,-1.4099625,2.5549874,0.4861813
117601.28,-1.9866807,3.136376,-0.7078654
116210.11,-0.51095086,2.6319106,-0.36406225
131448.05,-1.2644405,2.137878,-0.8123034
133878.94,-2.821568,2.9931211,0.634928
120303.65,-3.6892498,0.22142673,-0.5282897
124931.78,-1.9212877,2.716757,0.23346934
128142.31,-0.13290101,2.9884267,-0.8597278
115391.41,-2.5909386,1.3544079,0.68889815
118873.875,-4.0970173,3.0546527,0.39483026
130621.25,-2.5183454,3.0904825,-0.879858
122540.39,-2.47689,3.0766125,0.6865708
126628.54,-3.2986243,0.9153015,-0.7763786
115237.45,-1.1861963,2.838257,-0.5241024
119711.09,-3.5107498,1.9690813,-0.96129644
118927.96,-2.393076,1.9463729,0.9216447
124372.64,3.1517391,2.1774156,0.6663947
116066.016,-1.1383395,2.6438012,-0.6239457
131952.16,-3.5030525,3.1375823,0.29824114
124579.29,-2.5224118,2.2510238,-0.73554397
119804.56,-1.6765112,1.4521984,0.5545347
118550.39,-0.33247262,0.5139764,-0.4722448
116084.52,-1.1436598,1.6179585,0.6628816
133037.17,-1.8695688,1.5369216,-0.5973501
117780.83,-1.7729204,2.9173796,-0.7564729
119541.02,-3.4446993,3.135574,0.5719305
127356.83,-2.3989973,2.7160008,-0.8979991
134952.81,-2.2832174,1.8799962,-0.8380874
125959.2,-0.50619715,1.2287673,1.1841344
133198.69,1.2833852,2.7240474,-0.66655314
126872.59,-2.8973396,3.0888014,0.4195822
117448.55,-3.0946097,2.7764084,-0.6440594
120549.805,-3.9433851,1.5431106,-0.5091116
123202.94,-1.7913282,1.5181332,-0.3279179
120198.75,2.615715,2.4156015,0.7606197
116821.32,-2.7322803,3.1186523,-0.573837
124648.7,-0.9940475,2.7418315,0.49885863
126291.945,-2.1331573,2.5180542,1.0964444
127400.3,-0.5191619,2.1004128,0.63307935
122605.195,1.4186827,2.955805,-0.38156524
122992.32,-2.5991313,2.7019176,0.541614
122575.26,-2.9312954,2.0625334,-0.6766199
126920.445,-2.066715,1.1563331,-0.6514538
127885.87,-2.3422327,1.7417028,0.32396552
128455.14,-2.8330216,0.46316403,0.6593568
125616.16,-1.0538726,1.0212022,-1.1000202
128345.39,-0.9449309,2.593396,0.44783318
129788.91,-1.6858188,1.0513651,0.58263737
116303.6,-1.4520466,1.6770878,0.81966704
132832.7,-2.0444071,2.9275692,-0.59345275
125768.305,-3.0177329,2.413964,0.46211565
133656.38,-1.0612174,3.0533206,-0.5496517
117233.42,-3.0792048,2.821497,-0.6434218
118953.68,-1.5175629,2.986833,1.035313
126566.35,-2.4331746,2.6268415,-1.0008792
118601.62,-3.4588861,1.848302,-0.90021944
120233.27,-1.3378072,0.42612457,0.48561284
117516.19,1.4182194,0.23279548,-0.6574867
124036.87,-2.2517667,1.478379,0.6512873
130376.29,-1.819152,1.8891695,-0.7176739
123537.44,1.1580523,2.095404,0.81944436
115209.41,-2.1262507,2.3635328,-0.74691695
120676.16,-2.8739958,2.6926043,-0.24489033
116234.3,-2.762859,0.8924061,-0.64240557
126277.28,4.681736,0.64128625,-0.6214853
130645.19,-0.29308417,1.6123729,0.98386884
115350.09,1.453187,1.9063472,-0.6358067
123370.55,-2.577027,0.62405205,-0.54971266
118574.44,-0.07608751,0.4037608,0.5594684
129636.375,-3.056131,2.4413967,0.54582924
120915.836,2.21298,0.8704866,-0.7570843
115018.05,-2.2909415,1.7343842,-0.77084225
130870.64,2.9696097,2.5952923,-0.6387107
117702.41,-1.3441544,1.8610117,-0.46804863
122692.36,-2.5265276,1.9332135,-0.32058403
133449.53,-3.9704978,2.5961013,0.7512242
115859.42,-2.8391647,2.506982,0.63846076
127536.234,-0.0018191781,3.0093825,-0.7845149
133050.94,-3.0186832,2.9420009,-0.416206
119413.04,0.8077422,0.65236664,-0.54745483
117198.45,1.6524818,2.5757658,-0.4078876
122879.03,-1.6994041,2.3858933,-0.7021103
123198.36,-0.37610292,1.4339566,0.7920532
130060.555,-3.6740584,0.273497,0.19061694
134918.27,-1.138813,2.3091354,0.94092596
129164.04,-1.7130116,2.7975156,-0.50030047
115478.88,-2.19638,2.8240755,0.3211887
124963.98,-0.5708415,0.7645691,-0.5859279
116969.46,-1.9491769,2.8692493,0.35778788
116089.055,-2.0986707,2.9872928,0.52373713
119382.42,-2.9474163,1.2736104,-0.8584921
125116.164,-2.4256048,2.9299178,0.9883647
131018.37,-3.37896,2.6740935,-1.1104084
125253.06,-3.3917952,1.7170573,-0.54993284
120595.61,-2.617535,0.8140226,0.7229853
116729.62,-1.5130663,1.6411173,-0.769032
132592.9,-0.5615028,2.910984,-0.30867445
121327.19,-3.1892638,1.654053,-0.41177583
117376.31,1.0863868,0.2116872,0.4866405
117461.29,-2.6929314,1.9120852,0.60996056
128791.43,-1.3312001,2.8360486,0.55513936
130429.6,-2.2901182,2.1836352,-0.45238388
124537.734,2.5805721,1.0704975,0.77818507
119927.23,-1.3501062,0.6981567,0.6319368
132355.3,-2.1596565,1.063279,-0.636931
132988.88,-2.5226748,3.132931,-0.42674035
130054.56,-2.5549676,2.9755092,-0.46946368
125507.31,-3.604064,0.50314474,-0.49413064
119883.65,0.30820435,0.3274815,-0.5704982
121788.945,-0.29422033,1.604299,-0.6857643
117063.914,-0.8736396,0.8238437,-0.7559785
125409.31,-1.8066311,1.8684424,0.74760634
127481.33,-2.8327515,2.67642,0.6192384
134722.6,-1.6192613,1.7959756,0.67570895
124323.54,-3.6483796,1.8896718,0.6934386
125786.38,1.1788465,2.8767374,0.43783936
123042.07,-2.8124247,1.017374,0.6080256
121415.055,1.4192705,0.26082534,0.44086358
130795.44,-1.9799818,2.5758388,0.5970504
116828.71,1.5182313,1.6538959,-0.7261622
123526.71,-1.611477,2.4162767,0.29410112
134379.03,-1.942526,0.77227056,-0.82667536
116297.11,-2.9979572,0.5547722,0.48734042
128196.42,-2.8935025,0.56301296,0.73898035
115806.03,-1.4043205,0.35397664,-0.63922554
115365.03,-2.6664324,2.7962236,-0.9254175
124186.61,-2.3920302,1.6398084,0.6531606
123782.57,-2.365232,2.7839718,0.48193735
132556.3,-2.9021559,2.1993032,-0.84275985
128964.01,-4.1107626,2.8285382,-0.44531143
127713.945,-3.1527202,2.4374237,0.75610656
122104.945,2.282038,1.597197,-0.7414947
115701.555,-1.806917,2.6976392,-0.71890926
123779.85,-0.4085543,2.5077302,0.44912386
119355.64,0.9953589,1.7507448,-0.6510936
132420.17,-3.5284572,1.3496393,0.6304645
115911.64,1.9203761,2.5009606,0.6946578
117589.086,-1.4707948,0.86795485,-0.48062754
121931.57,-0.29925302,3.1014702,-0.67706513
122602.26,-2.8948216,2.6738868,-0.56105727
126647.805,-2.0720117,3.046188,0.46093
118071.26,-3.222996,1.9271812,0.63037854
117661.06,-1.6899341,2.921611,0.55196553
117594.53,-0.9312012,2.5702586,0.5630223
132266.19,-2.150558,2.4113395,-0.56755096
124964.07,-0.39608827,0.729496,1.3455169
132739.36,-0.92678833,1.826326,0.71357554
116658.1,-3.4087408,1.109662,0.8690993
117371.625,-4.264031,3.075114,0.5507959
124685.66,-1.7512779,2.61948,0.76892066
121375.85,-2.3627274,2.114264,-0.8444064
118554.75,-3.5426943,2.642048,0.7300897
126105.37,-2.3858087,2.357609,-0.814843
115234.18,-2.693367,1.8634033,-0.3706622
118611.06,-0.115326665,2.778381,-0.63499504
131383.9,-2.5762563,2.4527233,-0.6548016
118409.48,-0.28804097,2.521797,0.51305574
117280.72,-0.76144063,1.8669404,-0.98398334
129235.445,-2.4211495,1.7640299,0.4527705
118516.41,-3.175707,2.234901,-0.89722586
127613.484,-3.498404,1.5276628,0.78214806
134017.62,-3.5974917,1.7417774,-0.6074411
128136.91,-0.3392183,1.0094349,-0.5760167
119687.35,-3.182215,2.0315416,0.4257386
115396.766,-0.44723314,2.2659383,0.7362069
122681.695,1.623293,0.056496922,-0.3903465
118350.914,-1.1752502,0.17645288,0.26606882
120383.41,-1.6817656,3.0804412,0.5256573
116842.23,-1.7906066,2.3503234,-0.7788491
131492.27,1.2459846,2.7275698,-0.55715966
115343.266,-0.348369,2.4835577,-0.82420814
121647.5,-2.632905,2.8926728,0.42735252
124375.75,2.3392673,2.3687863,-0.6725947
122803.99,-3.0136495,0.114859104,0.28724778
126024.39,-2.5142844,2.8498447,-0.62796044
126835.4,-0.82617223,2.7825375,-0.8986178
133527.06,-2.4100313,2.400787,-0.9558241
126808.47,-1.6365488,2.5434318,-0.56857467
119825.28,-3.0389936,1.9411569,0.45931724
130028.2,-1.222289,0.46235478,-0.6772951
131687.31,-4.16599,2.7622247,0.6624272
134423.73,-0.37720433,1.1434989,0.9628275
123289.7,1.6150442,2.80263,-0.7068811
124410.18,0.124024704,2.4506936,0.5852209
125768.1,-0.51023346,2.106686,0.8917237
115185.24,-3.195639,3.0052543,0.50602764
130995.23,-2.8088007,3.0599496,-0.19900551
123483.25,-3.6470647,2.714507,-0.4639743
115500.25,-2.7632396,2.8241615,0.4939469
123849.445,-1.1262689,0.92098033,0.55488944
124771.734,-3.4325027,0.85246193,-0.68323463
130818.84,-1.8790687,3.118804,0.26041767
130096.84,-2.3365097,2.6822734,0.46006954
129576.69,-3.6269505,1.8258471,0.41727376
132145.28,-2.7000806,2.3519619,-0.6372622
124297.26,-2.1381764,2.3433619,0.697466
124598.18,-1.9400892,0.21604407,0.9653597
126535.53,0.37809363,0.06425083,-0.30577815
132470.92,-2.4252827,2.925612,-0.89265287
119671.516,-2.7620451,2.188918,0.33158004
118463.67,-2.1165986,0.076532364,-0.4960287
117571.19,1.8572,2.849565,0.4958238
118352.1,-1.9726377,2.2748876,-0.8372208
130414.22,-2.6776865,2.574225,-0.5691695
120851.95,-3.426543,0.9292243,-0.5490206
128354.75,-3.264884,2.9116158,0.5530428
121212.64,-3.9192345,0.6711321,-0.64064837
125086.95,-1.5757074,2.593876,0.7660023
122221.49,-2.3139012,2.3080015,-0.94662523
118145.65,-2.5336637,2.0598085,0.7837556
122763.234,-0.56399125,1.0959926,0.96782565
124254.375,-2.6367936,2.6601655,0.6276292
118914.44,0.527673,1.0848626,0.7568737
116082.875,-3.4986687,2.6226277,-0.2897995
130204.69,-2.89487,1.4626575,0.8444356
126781.414,-2.7161849,0.7644154,0.6630366
119259.21,-1.8129249,2.9357529,0.41535676
129906.2,-2.0424173,0.007855296,0.5176148
119258.13,-1.5213654,2.6300256,-0.59959596
122740.74,-2.4691823,1.7653799,0.43544403
124507.586,-0.73903805,2.7374976,-0.61741257
125875.766,-1.0036756,1.7679975,-0.72625643
128339.484,-2.1374865,1.1932396,-0.5865606
132814.8,-1.9084324,2.2166364,0.7620646
125192.76,-0.40980366,0.08022618,-0.32448447
129322.62,0.5687039,2.1988606,-0.76311386
121627.734,-2.816157,2.9981794,0.7134494
122033.195,-3.3921468,3.0621572,-0.6102903
129406.6,-3.8354285,2.360191,-0.51051533
130563.71,-2.4193757,0.6799202,-0.31724638
133967.61,-2.1551006,1.9574653,-0.44866756
118189.88,-2.4971945,2.7406762,0.497661
119366.266,-3.3875709,1.5513741,-0.64602685
117595.1,-3.0348203,1.3610859,-0.605708
122411.61,-1.3478142,3.0934234,-0.58676
130507.81,-2.379609,0.51046795,0.45641285
119830.336,-3.6741211,1.0611781,0.6764425
120815.98,-2.8689687,0.07154274,0.33101225
128234.35,-3.0849102,2.0625625,-0.696378
118028.016,0.6461811,1.093434,-1.0387797
124495.65,-3.390372,1.0887172,0.5075532
119855.625,-1.3720027,3.086196,-0.6035328
117581.54,-2.6282418,2.7626996,-0.589514
134965.2,3.6906996,2.7615736,0.55391884
119926.13,0.30447876,1.9517493,-0.69219357
127904.82,-3.3607187,2.2685099,-0.4569263
118521.31,-1.2801086,1.9586033,-0.73042387
117326.625,-1.9422885,0.37190974,0.7459302
125465.07,-1.7494344,0.78983104,0.67732567
116953.95,-1.890619,1.9349594,-0.748419
119741.97,-3.3279738,0.252743,0.5401449
120999.09,-2.8354917,2.6577032,-0.25573814
124200.21,-2.022025,3.1310523,0.59092635
129993.11,-2.9192598,1.5394003,0.5357111
123377.39,-2.6530838,2.591742,0.82642996
119137.59,-3.5729318,3.0085123,0.5112263
127762.27,-3.1435544,3.019927,-0.42954746
127972.99,-3.0055287,1.9838605,0.68774974
129975.25,0.5210106,1.9378707,0.8080534
116287.42,-2.7190745,3.07363,-1.0752114
127509.81,-3.541325,2.838108,0.66076934
126442.32,1.2623878,3.011546,0.5842975
120351.09,-0.9993255,0.70683855,0.49402642
115124.07,-0.6935603,1.6757324,-0.7001415
123636.02,-2.469513,0.3639429,-0.603849
133459.0,-2.998002,2.631706,-0.6965525
134870.92,0.97493774,2.4552965,-0.64818585
122253.03,-2.7851558,2.5792813,0.68900436
133032.48,-1.4568645,2.9002564,-0.34316552
128445.88,-0.028395118,2.9778621,-0.60215575
118563.14,-2.3766758,3.0970144,-0.31155026
120341.516,-1.6012323,2.4292836,0.3000617
116550.03,0.26098788,2.922833,0.3905015
121130.83,-2.7116117,0.46113908,0.69129825
117389.12,-1.1655632,1.1113108,-0.6259736
122183.44,-0.7629493,2.6450603,-0.56997114
123903.92,-3.6116092,2.931132,-0.54497683
117975.664,-1.9959264,1.7877616,0.6661626
133824.75,-2.9655266,1.5941199,0.9048386
118220.99,0.37529895,2.712737,0.5033833
120380.36,-1.9995115,2.6993897,0.4438075
127500.164,-1.5455849,2.1989067,0.5250335
124107.12,-2.7665222,3.0707,0.30136058
123150.65,-2.4777105,0.32193524,-0.39227653
119603.81,-3.9784186,2.9778464,0.44824934
117094.6,-2.9268804,3.0845354,-0.3860651
126177.95,-1.6379148,2.884359,0.7471609
130555.33,1.9027909,3.0154557,-0.67655504
118066.77,-1.2852633,1.1295074,-1.4221435
115424.93,-3.836573,2.2785332,0.2974422
129928.41,-2.2218022,2.7770975,0.46436715
116433.8,2.429028,2.7069788,0.58113134
123651.87,-2.9076345,2.262582,-0.66474324
130281.234,-1.67379,2.8273497,0.42805213
119501.17,-0.019704202,1.6080552,0.78163356
116561.45,-1.9429406,2.2761116,0.3721107
119021.43,-0.20817518,3.1279166,-0.42182136
117364.63,-2.44313,2.932707,0.50488454
131625.08,-1.9607404,2.636441,-0.5020206
126931.64,-1.7635951,2.9600737,0.57620007
118089.86,-0.7699499,2.2312953,0.6826162
134128.78,-2.628046,0.10628986,0.21449727
132788.66,-3.7624538,2.8431993,0.7219007
126412.99,-1.1666917,0.69587564,1.015126
130372.75,-0.7061916,2.5834823,-0.5750198
126039.62,0.117499754,2.3161066,0.6098164
118346.65,-2.2362745,1.9519163,0.7398154
120993.17,-2.5324605,1.6579198,-0.67064434
120954.39,-2.7840867,1.9301633,0.7267351
116675.805,1.238573,1.8127689,-0.5616772
123671.586,1.1755749,1.7356449,0.8328414
129608.86,-3.9888325,0.41996783,-0.6238188
134313.62,-1.2853146,2.5530097,0.7445228
119763.38,-1.6116561,0.09320247,-0.73182136
122986.63,-1.8566304,0.2272613,-0.3436785
127770.82,-2.5861046,2.661278,0.6281359
133735.75,-0.20836912,0.67383087,0.4886094
131897.25,-0.87241954,2.773403,0.3762703
118884.0,-1.8792324,0.18662262,0.6315889
125640.52,-0.9225264,0.48234093,-0.7268027
130993.97,-2.7076406,3.0076053,0.43533736
130449.17,-1.7787364,2.3409147,-0.59016675
120369.12,-1.1562951,2.9797862,0.7812995
115581.984,0.18517923,2.7981179,-0.46707913
123315.0,-2.106609,1.6830425,-0.79788077
127842.53,1.999615,1.1236682,0.6215231
119817.086,1.3196262,2.7280822,0.41739866
121881.69,-4.34555,2.2378345,-0.6901039
128333.54,-2.5877774,1.3834109,-0.8087075
132161.38,0.07341705,1.4668198,-0.700313
115626.05,-0.9363436,1.8811069,0.8197828
119244.65,-2.67356,2.9112973,0.7086578
130303.81,-0.5048022,2.892946,-0.25218287
126703.0,-1.7996418,2.9611535,-0.6636663
133325.67,-2.566894,2.147497,0.6095617
123311.945,-1.5051137,2.9459763,-0.18824814
120219.266,-3.5688686,3.0584748,-0.58146244
134232.9,-2.500258,2.9080334,0.48214835
118186.164,-1.6506246,2.915279,-0.50099105
125200.51,-3.839761,0.20654035,-0.58427596
126293.23,-1.4872679,1.5346473,-0.5898678
116085.2,-3.26719,2.7750466,0.8224804
119035.83,-1.1241553,3.11924,-0.34364498
133239.67,-2.476038,1.5419396,0.95750576
117182.63,-0.27065787,1.9033382,-0.7588373
130105.875,-0.10934702,1.8903633,-0.5578905
121642.695,0.9485754,0.044119406,-0.6520298
134862.44,-0.17225413,3.053599,-0.8097307
120420.48,-0.3932314,0.05102825,-0.36438015
127746.85,-1.9888091,0.9901326,-0.8402804
123102.836,-2.561121,0.37799263,-0.44379938
121399.805,-3.3522604,3.0861871,-0.63317066
121995.62,-2.0400224,0.1652435,0.6510557
125313.13,-3.7307436,0.7179171,-0.64233
117681.12,-0.36428177,3.128329,-0.40754393
123841.99,-2.4690425,2.01802,0.75444674
126229.04,0.42615306,1.6924987,0.5789592
121942.375,-2.0714076,3.1211746,0.49287677
124594.85,-3.3046582,1.9013735,-0.74273205
121699.5,-3.3236296,0.6041937,0.51031435
130159.57,-1.4131706,2.294051,0.41463956
131811.52,-3.6706676,2.7008512,0.49213463
128400.85,-1.0192268,1.7441472,0.6474716
118660.984,-2.2218928,2.8289478,0.5452007
125207.37,-2.9893975,1.2820301,-0.7694718
134454.23,1.3899058,1.463046,0.6303882
123593.56,0.9655695,2.4775226,0.44951415
116778.99,-1.8804518,1.6702014,-0.7725002
133113.1,1.6261537,2.3659115,0.5816357
115230.76,-1.7253445,2.8698812,0.67880166
132444.02,-0.4869515,2.6471782,-0.7826047
134488.45,-1.6231155,1.6283673,-0.6142246
122162.09,0.87889314,0.86100614,-0.6202811
122438.44,-2.117272,3.0308092,-0.52248675
122619.37,-1.983985,0.5020007,-0.50980264
124448.22,-2.9539356,1.1372246,-0.8191519
131044.04,0.45920464,2.6789653,0.3791306
121031.15,0.1313187,0.37900805,0.72387415
115476.73,-1.817097,2.0193453,0.7638251
129599.82,-3.0052152,1.6044153,0.40225908
127292.695,-3.0370157,2.9728553,0.35044718
124530.16,-3.177329,1.7828405,0.77683485
115408.805,-2.0057504,2.9743829,-0.75738573
118356.57,-2.4025605,2.8574932,0.6217089
124589.24,-1.7031413,1.3557111,-0.51558286
118503.33,-4.084116,1.6808736,-0.7496621
126099.04,-0.2597168,2.3823452,0.5191295
123100.03,-2.446539,2.476159,-0.5189474
115176.55,0.07638739,2.8988962,-0.25327298
132092.12,-2.6975493,2.6108391,-0.47605518
127087.24,-2.5738266,1.3181118,-0.65148944
129651.89,-0.58687747,1.9908638,-1.3625363
124676.12,-3.0838168,1.6733093,-1.0076324
127599.96,-3.6767871,3.1025684,0.3214783
123055.53,-2.2819297,2.1340415,-0.6125518
120537.63,1.7159649,2.7690537,-0.4770847
121471.71,-3.5299432,1.5808773,-0.5265222
121460.13,-0.24699917,2.5721424,-0.41332373
129581.164,-2.1427596,2.7973948,-0.51989335
132868.22,-1.4524863,2.7102525,0.508099
117692.81,-3.2692528,0.6734004,-0.6551627
116149.484,-3.4387329,1.9240777,-0.735063
123598.7,-0.28730887,2.9206166,0.45050615
131369.64,-2.8115194,2.7210677,0.60589564
119615.85,-3.5211504,1.7729418,-0.57674026
126559.43,-1.7780269,2.2142568,1.1132649
122516.3,-3.433899,2.0766706,0.32905602
120485.234,2.5557845,0.18772697,0.4431237
120086.5,-3.2289212,1.881731,-0.7990303
118535.71,-1.536656,1.0506461,-0.5445528
134791.94,1.1718137,0.9995014,-0.80466056
134986.56,-1.9850279,2.9385068,-0.5266097
118979.53,-1.3150158,2.5136747,-0.70619494
122523.51,-0.6904883,1.5376798,0.7281806
115492.2,-0.56657714,3.0802224,0.34726995
118245.69,-3.8548515,2.5699668,0.6988933
118100.06,-2.998799,1.4392197,0.6695188
128655.72,-0.53494936,2.3016477,0.79160005
125743.63,0.9433438,0.67014295,-0.76529944
121611.93,-0.9760288,2.4011197,0.86187553
134162.28,-2.5567467,1.7427628,-0.7053304
132077.62,-0.058643404,0.87364864,0.50102913
121764.32,-1.105151,1.4699239,-0.4704868
126827.305,-4.7822785,0.15740192,-1.1601646
115997.336,0.5343783,0.8356362,-0.69198745
117952.97,-2.5655808,2.5604146,0.3046034
133983.47,0.32740918,3.0134706,-0.55921394
120450.39,1.0850402,2.6523361,0.6377906
123113.836,-1.7334379,0.19138432,0.94753534
131560.39,0.8259665,2.8343031,-0.5273404
131174.05,0.63807607,2.8257792,-0.48052126
125718.03,-3.4400852,1.5694528,-0.83321476
115535.16,-2.9634576,2.65294,-0.6900064
119118.91,-1.0940028,2.7112446,-0.32640022
133867.06,-2.5032964,2.1936338,-0.57674325
127654.56,-2.5266595,3.0274124,-0.383921
120118.82,-0.60051984,2.6399794,-0.7520835
119674.95,-0.7867526,2.3304586,0.60517377
116458.85,-0.6388733,1.7357192,0.3754902
132476.53,-1.9504424,2.8061354,-0.57609755
122028.71,0.911252,0.13977301,-0.4428608
126812.14,-3.6955252,1.4381155,-0.7559419
125537.055,-3.231248,3.0002081,-0.9396995
116499.734,-2.8141952,2.0646102,0.6982762
127140.484,-1.5441356,2.8172305,-0.66661745
125176.08,-3.2262287,0.52351767,-0.4922134
121047.3,-2.7364707,3.0650284,0.84817946
124651.55,-2.8833795,2.9032788,-0.27448556
123311.62,-2.6941473,2.9491131,0.67426527
115012.6,-2.0604253,3.0654664,0.37218305
132412.64,-2.0093243,0.33570862,-0.705235
117867.516,-2.0632265,1.8592186,-0.5283024
125453.516,-2.4187384,3.1386535,-0.22192031
126116.26,-1.9766927,2.9168177,-0.71933407
118464.36,-0.87108374,2.7820997,0.97691315
124217.14,-2.8579595,2.9080677,0.6883201
128877.16,-2.7837937,0.99184126,-0.4494833
128286.695,-1.6107816,2.0582423,0.85131085
116836.45,-2.0727994,3.0688703,-0.8215589
134480.27,-1.2732358,3.084997,-0.4315556
130615.12,-3.4848268,0.6234995,-0.6469923
118802.46,-3.8745513,3.018354,0.36599052
131130.06,-1.51761,2.478287,0.69247264
119070.28,-2.8213575,0.6622461,0.5929493
127422.41,-1.8798741,0.62477624,0.3876145
122540.57,-2.418915,0.5678933,0.4906702
130898.516,-1.4853176,1.7664995,-0.36636838
121967.09,-1.9282331,1.0995301,-0.54702646
128850.23,-1.5838441,2.984478,-0.43782014
115489.49,-2.3538678,0.96175534,-0.69250625
115590.73,1.8242939,2.8987756,0.5132699
115089.68,-0.11021658,2.918604,-0.60654634
130492.445,-1.9341601,1.8707771,-0.68425465
129536.47,-2.8977683,1.6441405,0.96226007
122226.43,0.06297228,2.7288156,0.55346096
127233.16,-1.5299003,2.9388723,-0.94154537
119553.91,1.0019183,2.7140849,-0.61761385
130778.336,1.6147044,0.98681116,-0.7845902
116509.37,0.6067415,0.1980871,0.5011469
117181.48,-2.6617208,1.8699883,0.6035675
125523.58,-3.3709888,2.6536071,0.5601645
122327.66,-1.1106001,3.0723798,-0.32035357
116891.984,-2.7619836,0.6386013,-0.7916394
127653.48,-2.3031697,1.3196452,0.9865813
125401.625,-1.8165263,2.3849177,0.61841446
122170.87,1.3765947,2.148541,-0.6063441
126733.94,-1.6216284,2.8878403,0.24117784
116033.48,1.4493395,1.8290367,0.9497549
129504.16,-2.1562424,2.8692427,0.4059851
124290.35,-3.4226084,0.36597472,-0.560712
124521.02,-2.2545662,1.9603612,0.77840096
123726.5,-3.0737147,2.6925678,-0.3238308
119554.086,-3.350864,2.5722678,-0.65464216
123176.75,-0.2364268,0.7518083,0.5857409
126428.984,-0.19091932,0.15276308,-0.47666365
127182.89,-3.3015275,1.5489246,-0.58773655
124989.766,-2.6157186,1.5626074,0.81688267
132360.08,-1.3233308,2.8434536,-0.33266896
134976.47,-1.813474,1.9378275,-0.8448859
122873.35,-3.6571424,0.13942885,0.35048276
116245.85,-2.4107723,3.0646758,-0.42952242
120349.13,0.4123695,2.322765,0.6620954
117345.24,-0.033297494,0.39868644,-0.5459259
115401.14,-1.5325335,1.8906004,0.5746035
119286.57,-0.13933536,1.2441725,-0.65920514
118815.63,-2.536552,0.45403624,0.459091
130888.055,-3.9386706,0.33030158,-0.5098733
129362.48,-2.1711893,2.88023,0.6225532
118173.73,-1.6836895,1.9694351,0.82905054
133539.33,-2.8320928,2.3606706,0.86944395
121119.234,-4.260888,2.9871743,-0.63523495
123999.98,0.92807865,2.9288783,-0.28717124
130100.71,-1.3816948,2.5487657,0.6105355
122843.57,-2.8307562,3.0130594,0.60041434
125644.26,-1.3934554,2.7434237,-0.8624207
125249.42,-2.2028663,2.7193244,-0.40033403
119073.98,-3.268131,2.0753725,-0.4241191
119470.56,-0.92296153,2.6644976,-0.75993544
134761.62,-3.2010815,1.7741336,-0.47204968
122226.97,-1.7708142,2.2929456,-0.16947667
116580.95,-2.4637449,0.8089516,-0.6269995
134307.8,-2.1183867,2.7972727,0.6009831
130188.88,-1.8442996,3.1204014,-0.5068175
119776.586,-1.5244418,2.7092533,0.6082954
125905.35,-2.927341,1.8937733,-0.7102891
122801.53,1.9864211,0.09907079,-0.3051638
124414.53,-3.5577538,1.5812745,0.7047215
122115.26,0.6662209,2.5589645,-0.6811767
118703.44,-3.0054762,2.9879491,0.46886376
132482.75,-2.4460788,1.8957462,0.8503863
125137.64,-2.1914,2.0593553,0.9974024
119960.0,-4.00972,2.7076378,0.59776276
128497.08,0.85474163,1.4577998,0.7671894
132673.08,-2.8135731,2.7322865,-0.50291014
118597.234,0.10886404,3.0496998,0.46083012
118532.03,-1.3245836,0.52844614,0.6634353
116467.836,-4.316682,2.9153655,-0.47759584
117232.164,-2.5616426,1.5153522,1.0415629
131813.08,-3.546172,2.0852988,0.64759046
123799.51,0.10271423,1.3653176,0.7505919
115267.97,1.1043772,2.8798332,-0.5535699
125307.664,-0.14354102,2.9891274,0.48459077
128906.945,-0.69793373,1.7785573,0.8817718
124666.414,1.1070648,2.5852857,-0.55961335
123165.53,-2.1230435,2.9377556,-0.273095
118035.45,-1.7997557,2.927874,-1.0339823
129472.81,-2.5849366,2.2667692,-0.9826932
118985.164,0.6812286,1.2943773,0.7407796
132162.03,-2.9705727,2.2677028,0.73437524
133914.33,-1.7336756,0.43420607,0.49205098
117760.17,-1.7612995,2.978238,0.47477657
133933.12,-3.432762,3.026442,0.3597794
134054.53,-1.2916515,2.6568727,-0.8758685
118611.5,-2.6335988,2.450017,0.28767204
121956.51,1.5026902,3.0237772,-0.15292732
119226.53,1.1463794,2.844832,-0.5893317
121019.64,0.13617454,2.6414933,0.5934219
131210.8,-3.395615,0.6065496,-0.8947408
117505.27,-0.39374995,2.7378693,0.24294765
129313.62,-0.8468704,3.0011697,-0.5626338
125859.5,-2.6124184,1.5460894,0.59337395
126636.336,-2.0185237,0.6031079,0.48778534
122226.56,-2.9158251,0.22857475,0.738679
123248.16,-1.930135,0.5292862,-0.5163507
129962.86,-1.7753044,0.13093972,0.4202459
116370.74,-2.2127585,1.0257761,0.6671588
119534.375,2.11059,1.7656949,0.6100332
131890.22,0.5263837,2.9570985,0.335734
128910.87,-1.372853,1.7081623,-0.5617476
120140.46,1.1800286,1.419632,-0.74714524
124016.41,-1.7191389,2.3260272,0.6523983
129343.836,-1.3018364,2.3528385,0.7289887
120920.7,3.272622,2.2915616,-0.74554485
131247.19,-0.88450176,3.0718696,-0.7352109
126114.39,-3.5154862,2.5798466,-0.6295679
120250.21,0.38856602,2.8800883,0.63927567
133177.19,-1.6000606,1.4659406,0.73147446
120790.95,-1.0464073,2.5895681,-0.48849124
126506.13,0.37178513,2.8672848,-0.78562105
124792.57,-2.4495597,2.1748753,0.4225015
116129.945,-2.9728494,1.4649557,0.8923362
128476.57,-2.5481772,2.280621,-0.85008085
131472.08,-4.2325735,0.41068918,0.43179828
124758.984,-0.25290814,0.19598156,-0.6876335
123029.04,-0.14459759,2.967416,0.5405345
129336.33,-1.8877506,0.11611551,0.37065828
118972.57,-1.5991117,2.8809195,-0.46099716
121169.46,-2.5485513,2.608211,0.90671504
116048.484,-1.5073464,2.5657594,0.688441
130188.12,-3.8563325,2.6367524,-0.61381924
122946.71,-3.4897091,2.7555263,0.62357974
131242.36,1.3848605,2.438383,-0.4257468
115494.71,3.573912,1.5605131,-0.62367386
127997.83,-2.1062593,1.4914671,-0.88710654
119769.79,-1.7122635,1.6810417,0.45951787
115341.8,-3.8087537,2.6143627,0.7469773
115006.67,-1.3377585,0.6056934,-0.68900675
118076.42,-1.1042869,1.6719697,-0.70318776
126609.49,0.7338515,3.0956883,-0.6934917
134629.88,-3.1739044,1.9591367,0.7080465
118809.1,1.8210509,1.8626709,-0.726081
117948.69,-3.5715103,2.1049106,0.6614364
119045.195,-0.7099769,3.035275,0.5106167
123984.69,-2.2653768,3.0800724,-0.78613186
121193.84,0.8781794,2.6619766,-0.5185023
123981.18,-0.14936501,0.06900835,0.55774844
116698.305,-1.6448109,2.9628825,-0.66074276
118671.195,0.15122813,1.3067704,-1.097608
115562.48,1.8040485,0.008977652,0.16708998
131876.42,-1.3769183,2.3004801,0.84502846
133603.9,-2.198615,1.9025362,-0.7795211
128966.51,-2.1133912,2.487224,-0.8389645
134754.62,-3.6552453,1.1819932,-0.32313618
126557.13,-1.366089,1.7279875,0.790607
115641.79,-1.3030305,0.9442781,0.65406245
116290.35,-3.2858934,2.0097556,-0.90041625
127051.03,-2.9355962,0.9263036,-0.5291022
118573.08,-0.218375,2.8205345,0.6564114
123817.38,-2.4376016,0.5713804,-0.5793392
134485.56,-1.9313629,2.6267815,-0.58789384
124690.6,-2.266514,0.43236566,-0.55663544
120060.92,-2.440063,2.802718,0.43847105
125703.445,-2.538459,2.6413667,0.5470029
124634.484,-0.5845524,2.7973163,0.43161607
119806.33,-1.7716417,0.5466759,-0.5428782
127207.48,-3.1342394,0.3284294,0.56397843
119583.09,0.26336426,2.5414343,-0.56261677
123720.86,-2.9770627,0.5630872,-0.49707747
115913.42,-2.579114,1.184611,0.7851396
118354.67,-2.951901,1.1008004,-0.67825717
123125.38,-1.1230567,2.9141915,-0.46236548
125215.41,-1.2119269,2.097641,-0.82143027
121927.32,-1.2526097,2.4388168,0.7273696
134527.42,2.3647492,0.7517768,1.4754462
115692.18,0.72424734,3.034276,-0.5605135
121652.32,0.80010194,0.56903434,0.614725
125310.39,-3.48687,1.5354162,0.85833687
124791.734,-0.819712,3.027683,-0.28159305
126469.695,-2.3010836,2.4658508,-0.52405524
132221.69,-1.5020739,2.3789325,0.97762567
115426.66,0.8882378,2.7767212,0.709662
115045.65,0.2398194,3.0428278,0.8700358
116787.33,2.2824032,1.0633241,0.5881556
132193.81,-2.1908674,2.532754,-0.8145021
122550.67,-1.3875058,1.5096318,-0.9440218
134350.39,-3.4154692,2.8517249,0.38594037
134898.8,-1.2891489,1.815808,-1.0542212
127201.26,-3.5765374,1.1490109,-0.655631
122858.32,-1.6322981,2.0190227,0.8691798
122926.79,0.17989194,0.15532327,-0.44715488
116327.59,-3.7154677,2.6453867,0.55645263
117655.71,0.16634871,2.9579554,-1.088988
117350.72,-2.9254794,2.3934476,0.55403626
124503.484,-3.647926,2.514797,-0.5568979
117541.01,-0.1858559,2.7912848,-0.47717404
123138.58,-2.825741,1.8580477,-0.808935
120646.78,1.8599001,1.1718894,-0.5859307
122593.79,-0.579536,3.0708745,0.7583521
127212.67,-2.4271286,3.015607,0.5968677
133378.0,-2.8997726,2.4148142,-0.45638135
122144.14,-1.5875347,2.8133264,0.51924586
121278.96,-4.124784,0.5566261,-0.8709466
128442.35,-1.4254795,2.3962266,-0.7498822
134086.7,-2.1447964,0.48165065,-0.4753648
123906.65,-0.935579,0.09086418,-0.81268597
125377.4,-2.3869483,2.4286869,0.4443777
126480.32,-0.14855832,1.9408481,-0.66015023
132323.31,-3.5008926,2.673371,0.7384569
121487.445,0.32275206,2.7273898,0.47357562
125824.5,-2.5723124,3.0861955,-0.6917601
123990.31,-1.9222846,0.22880864,0.62167907
134434.66,-1.8508356,3.0481544,0.57240367
131642.36,2.7459679,2.397046,0.5518617
134998.48,1.5302088,0.69499445,-0.7325998
122633.99,-0.61737794,2.7950962,-0.4808825
122563.22,-3.6780598,2.87126,0.37996018
126251.02,-0.7943447,2.4671228,-0.37517524
133665.67,-2.2147338,2.5188866,-0.6278075
126035.195,-3.4154534,0.67752266,-0.627418
134669.97,-0.4921733,2.428716,-0.8234991
115507.484,-1.8564035,3.0561814,0.4028963
130700.54,-2.5603542,0.7817598,0.48735854
120246.99,2.7217622,2.2164226,0.59924865
125281.99,1.0030041,1.618321,-0.5913148
118285.72,2.0806992,2.352184,-0.5623907
126232.24,-2.399902,1.4196944,-0.4970432
119296.664,-2.4727943,2.2913368,0.53420645
125936.49,-1.9368377,0.31008682,-0.45499298
119256.44,-1.3577063,0.12736416,0.47912717
131492.4,2.9011552,2.0555007,0.55848646
116549.336,-1.1211708,2.3554244,0.6191408
133825.38,-3.1590369,2.9866555,-0.6774321
132763.05,-2.0310764,2.3117235,-0.64177364
117587.195,-0.5903098,0.4063407,-0.83768725
117383.91,-1.2115053,0.04464817,0.6250885
115968.125,-1.8249605,1.1564927,0.53223723
127983.7,-1.2550141,2.2999127,-0.66764885
128680.33,-1.0418801,0.76690054,-0.8143064
130742.766,0.4510326,2.9729671,0.5228813
133235.62,-2.4038198,2.998672,-0.53624976
133116.14,-1.4877907,0.90899706,0.6376422
115205.15,-3.3616965,2.936102,-0.46964258
127691.75,-2.5320873,2.901331,-0.3793585
115119.61,1.3722973,0.14068472,0.37863195
115891.64,-2.7219896,2.0334098,0.39039898
126440.66,-3.7189794,2.6991048,0.5668303
115075.64,2.698204,2.1053581,0.6294356
116842.36,-2.376069,2.2265623,0.7195709
123392.91,1.0224859,2.0850103,0.86875623
126230.414,-0.26106519,1.8149004,-0.62893635
122407.37,-1.2312329,0.5959828,0.8804476
125026.31,-2.55369,0.31947267,-0.56855106
123494.53,-1.1895784,3.0788236,0.752974
126879.94,-3.3637257,3.020545,-0.94855964
125358.62,-2.4581728,1.5421643,-0.5749993
119388.164,-2.371158,2.8181477,-0.5031474
121177.45,-0.25392276,2.501773,-0.79563284
126392.27,-1.9165779,2.1475472,0.82815254
117312.09,0.5072847,2.9175634,-0.5089373
134404.4,2.2493362,2.7056832,0.5271035
134490.78,-2.8708937,2.7064116,0.82502943
119710.195,-2.3005185,1.3600934,-0.54020756
133149.06,-1.6406968,1.2492319,-0.81559736
132823.47,-3.019248,2.6769974,-0.4428581
120494.4,1.8289207,0.76871186,0.66078585
125084.74,1.2874885,0.645519,0.6228785
119708.72,-1.4087769,2.9287484,-0.57016057
126545.77,-0.55421114,2.2631176,0.506271
131001.14,-2.7210417,2.817766,-0.94035697
131829.5,-3.5554774,0.7413475,-0.59842736
132003.11,-2.583871,2.8565729,0.6315421
125066.5,3.638476,1.863966,-0.77131456
117318.07,-2.53646,0.7774327,-0.35743874
134125.1,-3.0625956,2.0844934,0.78019935
130902.33,-3.516056,1.3321342,0.4311369
119996.516,-0.28851345,1.215081,0.5102135
130257.89,-1.5965463,2.739815,1.158733
123197.83,-1.7852107,3.0366352,-0.46855682
118555.695,-3.2364388,0.12034418,0.83884346
121808.07,-3.350858,2.4009945,0.62754655
129246.8,-3.464839,2.3208504,-0.752315
119969.586,-2.0700612,3.1342785,0.36690527
115156.266,-3.0612953,2.8293705,-0.624147
128263.07,-1.4834538,2.5401843,0.30404347
134484.06,-3.5675871,2.544248,0.6778277
132436.77,-3.4649348,0.78580827,-0.6893322
127227.36,-1.5925647,2.237668,-0.5750794
133288.64,-1.8579024,0.32894707,0.6348109
120187.7,-3.570208,2.2011278,-0.65995425
129233.83,-1.5049233,2.340717,-0.5900892
121548.97,-2.960951,3.0248957,-1.1571716
133775.56,-1.1170189,0.09461331,0.37772804
130071.78,-3.5601122,2.5098338,0.48937842
124237.47,-1.3331083,0.14641953,0.68934035
128246.03,-1.4152422,1.5881336,0.49801898
129191.69,-1.3763206,2.9946022,0.84157
123987.805,0.08356297,0.68891263,-0.75117415
123097.08,-1.2198825,1.7474405,0.7465168
118445.74,-0.13180918,2.7525642,-0.37988424
131420.52,-1.8083603,3.1179075,0.29603794
125844.15,-3.6843326,1.4415156,0.28631616
130900.125,-0.96576697,2.0560215,-0.6827403
127848.875,-2.4962673,2.2435799,-0.5422825
123538.41,-2.4611742,3.126103,0.7056062
126994.6,-4.0369873,2.1564958,-0.59356797
115820.0,-2.907832,2.624202,0.5641066
134440.12,-3.1349304,1.7184415,0.24773578
122135.76,-0.22834294,2.4187331,0.6126604
123713.99,-3.3063102,1.4027622,-0.6977525
124430.17,-3.1114936,2.9848747,0.9179235
117375.24,-1.7543502,2.048762,-0.6506565
115728.23,3.2270525,0.8270668,-0.8292929
125730.34,-3.690645,2.615084,0.6516602
118123.266,-0.5803822,2.7227914,-0.59956354
122965.41,-2.6825743,0.9138978,0.4876851
130223.14,-0.8583969,3.066749,0.3975197
121420.15,-1.1324428,3.0783596,0.5415247
118785.6,-3.1209276,1.5888393,-0.90301245
125471.805,-2.2472658,2.5874386,-0.4843478
116195.46,-1.653826,2.388914,0.6143956
132648.31,-1.3564361,3.0265222,-0.7784003
125436.94,-0.7853466,0.64387155,-0.62345225
116719.44,-1.692513,2.9888082,-0.4658682
115227.336,0.0035304618,0.580328,-0.6190119
130729.13,-1.8375411,0.34759295,-0.6415886
126063.16,-1.3137028,1.418347,0.708001
123832.875,0.78607893,1.9609485,-0.98565555
119276.14,-3.8854668,2.350833,0.7455121
121472.055,-4.267157,2.0978951,-0.66966206
116981.195,1.4719107,0.33457172,-0.6419962
131272.8,-0.24207115,1.6288346,0.9624933
119246.11,-1.0403066,0.63050795,-0.5479443
117373.1,1.3559616,2.7128668,0.5782058
129638.67,-2.2905514,2.0728195,0.3774528
123295.72,0.25770128,1.8441215,0.52054864
129760.125,-3.302619,2.9731953,0.7573534
130841.59,-0.49462906,2.982574,-0.4306471
115352.85,-1.2463013,0.30399275,0.6692052
118473.65,-3.7993433,2.75117,-0.4619533
122561.836,0.80179125,2.4153237,0.50860035
122701.82,-3.335568,2.3974607,0.7641906
124823.39,-2.8393474,0.111453295,-0.43627703
124146.53,-0.42703187,2.7667217,-0.22183663
116304.05,-2.6679764,1.6839398,0.8140257
133103.45,-2.0694299,2.4023724,0.6318059
126102.33,-3.3064215,1.6708466,-0.7839717
126578.93,-2.2441876,2.7163255,0.7095494
124046.25,3.162291,0.09951663,-0.32549313
120482.92,-3.7787526,3.0477242,0.5739388
117400.57,-2.1453497,2.3102312,-0.5988048
126162.375,-1.6708522,2.693699,0.32804927
118490.86,0.7491366,0.426029,0.71183324
123963.79,-1.302507,2.5890691,0.5459174
125923.85,-3.1825836,2.5790284,-0.6711779
127808.25,-2.9684343,0.05360341,-0.6621711
130790.53,-4.0400834,2.816828,-0.5408609
116710.57,-3.1210356,0.6504952,-0.76002914
134677.7,-0.8671875,0.084759936,0.46730852
134253.97,-2.83471,2.2059383,-0.68207234
117493.44,-1.5640566,2.1304321,-0.4521921
126437.03,-3.4762259,1.0562875,0.62626284
130331.19,-3.340054,2.9420316,-0.5712849
116398.47,2.4309716,1.6947557,0.5336506
128002.47,-0.68964297,2.7062988,-1.0335406
115573.56,0.47347465,2.9574633,0.48093888
116539.06,-1.1355573,2.1078703,0.66057307
126656.09,1.5273541,1.3630915,-0.77750355
116245.336,-2.802981,2.801373,-0.830322
121187.16,-1.2583411,2.862413,0.6289143
115875.86,-2.8666368,2.31886,-0.27430212
118208.53,-2.5448685,1.0110325,-0.678213
117763.74,-1.6072307,2.7084122,-0.54771894
130099.18,-2.2529888,2.1803389,0.6696469
117043.64,-2.7331722,0.7377171,-0.49795997
118301.21,-3.213783,3.0101886,-0.5007309
115866.68,-1.9403204,2.5809488,0.45533636
115192.49,-2.8174956,2.165593,-0.34517235
130269.3,-1.2108146,3.1332023,0.62947804
128516.875,-2.830063,2.8534174,0.4878233
116925.94,-1.1778046,1.4678268,0.77314013
131058.51,-2.5874875,3.0756314,0.50236607
127982.07,-1.3620546,2.8900924,-0.38676265
125431.88,3.0101848,2.1462693,-0.57754755
125018.914,-1.5246106,2.9671469,-0.35341164
125117.65,-2.3007302,2.2005248,-0.6158302
130942.59,-3.3002622,0.16399491,0.61528385
123664.836,-1.9628628,0.69131374,-0.48448336
121486.055,0.36834165,2.8769035,-0.48342615
128361.086,-0.50624377,2.303923,0.864992
117470.27,0.45687228,3.0830805,-0.401681
128728.54,0.17457326,2.7955723,-0.5301362
123785.03,-1.3961601,3.0974607,-0.56068414
129571.36,-1.550133,1.2350842,0.8504311
120451.914,-2.4485872,2.1449194,0.71008396
133000.25,-1.5356394,3.0681117,0.53251237
117329.89,-2.5905147,2.074664,0.4897746
132977.66,0.557307,2.858384,-0.405172
124612.43,-1.0881859,1.8074545,0.50365376
134659.34,-3.0159674,0.50335455,-0.5324035
121036.08,-2.6254718,2.600203,0.65591866
116830.83,-0.37292916,0.9986337,-0.68077844
119099.33,1.4372042,1.5388199,0.79902
123372.56,-2.537433,2.499123,-0.97998023
125685.66,-3.6662738,0.33202922,-0.47198057
127804.72,-3.3143375,2.6592085,0.6305308
124230.72,-1.8848913,2.4785757,0.41459128
116848.23,-1.7236085,1.7154977,-0.54396397
126302.19,-1.57548,2.5516896,-0.22344598
124477.41,-2.8159814,1.625578,0.6221645
125264.91,0.09962028,2.693489,0.49910742
132810.56,-3.6222534,0.8971346,0.45068368
122752.65,-0.91312516,2.269002,-0.5915583
119953.95,-1.7934928,0.6273725,-0.7380631
127190.82,-3.382737,2.3160088,0.7331875
126343.05,-0.15264545,2.0293765,0.44865578
129300.39,-2.1226954,1.9363703,-0.8480228
131041.52,0.5484621,1.9663634,-0.7180371
126263.11,-1.1795778,2.497583,-1.2796497
118868.84,-2.5267415,2.331489,-0.4589772
128977.54,-3.7681756,2.0435302,-0.48404655
117858.805,-2.1114035,2.8180273,-0.46510723
123422.72,-4.539371,2.7197676,0.29067114
118846.555,-3.8647015,0.46318507,0.5352222
116036.664,0.24019693,2.4649515,0.7140752
115161.83,-1.6319983,2.859106,0.5897908
118397.81,0.33545688,2.9174767,0.49946406
115625.39,-2.1164587,2.6082935,0.84230655
129914.19,-2.6138136,1.4407434,-0.6313756
134478.94,-2.7772186,2.7541904,-0.4646241
115962.61,-4.627921,0.01102519,0.21700838
134903.23,-1.4562194,1.5476342,0.63113844
128682.86,-2.9025195,0.8020897,0.77485937
125402.1,-1.2125683,1.7623531,-0.7133873
131392.84,-1.1895306,1.0251563,0.6495417
131898.75,-3.506777,2.633518,0.27675042
116724.125,-1.7888072,2.5098474,-0.53398454
131151.69,-2.6084332,0.44185078,0.6537023
126397.91,-0.28052697,3.133029,-0.40859112
130609.25,2.1771781,0.8556895,-0.71004117
125643.2,-1.7916151,2.509792,0.52806795
121192.984,-0.50079787,2.6990182,-0.6600107
123447.31,-1.1865536,0.63601375,-0.6192266
123906.65,-1.6777067,2.297403,-0.58643275
129335.55,-2.5705948,2.7672827,0.5501268
118806.92,3.224184,2.3252373,0.5223074
133256.11,0.005476116,3.0624962,0.59710324
115516.58,-3.1660724,1.4705454,-0.5994299
131717.56,-0.8427706,3.0679169,-0.27549037
134441.6,-2.8664782,2.2679958,0.7555348
127034.96,-2.2322586,0.5046049,-0.48830086
134426.02,-3.5685213,0.15546054,0.60782105
128924.875,-2.9523213,3.1195717,-0.5888364
121403.8,-1.3167728,2.6844153,0.940061
124137.21,-1.1941439,2.3844209,0.6907959
126834.79,-1.9683744,2.409657,-0.54525346
132919.16,-2.992736,2.8673115,-0.60807854
127465.9,-0.8633225,2.9106936,-0.36342895
127424.87,1.1945847,2.263863,0.51779217
132089.97,-3.2091997,1.4507071,-0.664918
127950.516,-1.9514915,2.9623668,-0.57895327
123092.1,2.1887057,1.3287842,0.64088947
132752.48,-2.1084514,2.9686015,0.4559654
118265.15,-3.4039934,2.522149,0.35576975
116375.12,0.13922586,2.3336174,-0.4711111
134845.94,-2.2927406,2.0581174,-0.6496167
130061.31,-2.8713558,2.9713905,-1.0555078
121255.54,-2.7899804,2.9659617,-0.75634885
132330.8,-1.9371853,2.9920888,-0.78217876
130576.445,-3.796486,1.884952,-0.5532025
123068.98,2.1505742,2.5794392,0.47151208
127065.16,0.7426252,0.9334614,0.63092107
128582.516,-3.587977,1.0769207,0.5854741
133997.2,-3.100181,2.6239498,-0.60735214
130199.305,0.894391,0.73613155,0.57553625
116130.34,-3.9788399,2.4840636,-0.85153294
131005.28,-1.6809214,0.71756244,0.66782105
120786.984,-0.7053575,2.2060058,-1.0558814
123047.18,0.108311035,2.425139,0.6003003
123787.875,-2.0644627,2.6727328,0.6841725
116830.08,-1.6075376,1.4281316,-0.59828573
134288.3,-3.4746675,1.3318764,-0.7592707
123722.59,-2.7334943,3.0208106,-0.44747293
118613.65,-2.2101343,2.610467,-0.40675783
118481.016,-2.2715795,2.752171,-0.4375956
119695.02,-2.0177944,2.9204664,-0.68646216
127010.46,-2.3030179,2.3433325,0.5796854
120455.3,-1.6632643,0.32035553,-1.0132253
128157.23,-3.5676599,2.5456688,0.46468076
116206.65,-1.9728444,0.82187206,0.5658698
120071.6,-1.2971728,0.16039038,0.17815094
116838.51,-3.4475925,1.6768913,0.685472
118889.21,-1.332394,2.6178367,0.57444453
129795.89,-2.3434937,0.78880024,0.9189986
122725.4,0.7403503,2.0425367,-0.5595655
123963.86,-2.840554,3.0137045,-0.309664
128476.66,-1.1816018,2.9860091,0.7652331
118703.82,-3.0472908,2.0709093,-0.5624013
116092.55,-2.868829,2.1595623,0.66593087
130858.336,0.037324484,2.8746338,0.6098125
126209.79,2.8398504,2.6488576,0.5626335
123214.49,-2.6926358,1.5453233,-0.594666
134958.75,1.4612311,0.48426223,-0.59880006
133812.66,-1.3826312,2.2061474,0.71712756
131478.75,1.2396454,3.0066633,0.3783297
122996.7,-3.7444122,2.5480459,-0.44576952
122742.7,-0.2588572,0.3220945,-0.64523923
126546.945,-0.01487596,2.091696,-0.57033664
134497.61,-3.4304695,0.3513496,0.50930405
128115.555,-2.4370327,2.1487463,0.4650885
128063.516,2.9109516,1.5131094,-0.90609676
117721.11,-2.649068,2.52278,0.16311006
132839.14,2.6780596,0.5177651,0.77478653
119971.95,-4.1416397,2.5525937,0.55570483
125589.95,-1.8961514,1.7340521,-0.3086684
129600.51,-0.31717795,1.1145605,0.73531836
132787.06,-2.1400661,2.6400774,0.9165835
126925.9,-2.9142985,2.4881613,0.76251364
133487.7,-1.2197615,2.0823028,-0.7697439
128143.72,-3.556362,1.926984,-0.3015172
122596.836,-1.7069672,2.208915,0.6426591
129137.69,-3.4863322,2.5808058,-0.6970885
131064.04,-1.3478009,2.6633127,-0.63118994
115462.805,-2.3144448,3.0051293,-1.3190907
121778.86,-0.7543182,2.355265,0.68329924
132580.92,-1.207095,1.8425989,-0.71477306
127810.234,0.3888594,1.2665904,0.697318
133788.8,-1.605178,1.8763858,0.62814206
116997.83,-2.5021112,2.5151753,-0.6171004
120281.766,-4.2649503,0.77997506,0.62783843
131479.17,-3.2202384,2.9233816,0.5707885
128137.875,0.4831833,0.39926124,0.8008618
130642.45,-0.51930344,2.5254436,0.8414669
117394.42,1.8214043,2.2079253,0.73059183
131404.89,-3.2822795,0.8588765,0.5442955
117864.06,0.16885243,2.1219785,-0.5996968
117096.73,-2.819097,2.0454245,-0.5843944
128199.58,-0.7855364,2.8711767,0.35689893
125867.766,-2.0521047,2.3852243,0.500609
118335.4,-0.80728227,2.9749577,-0.42825425
128044.94,-3.3520184,2.4661443,-0.76057315
118842.81,-2.3214135,0.8919222,0.682868
116166.83,-3.3352525,2.881124,-0.61111444
132168.67,-0.7432094,3.0810525,-0.6908516
116022.266,-2.32029,1.4636495,-0.9270598
132914.19,-0.79083234,1.661108,0.6051991
129545.805,-0.3317749,3.0950563,0.2966607
116743.8,2.153788,3.0952446,0.28983045
117007.945,-4.360599,2.6066117,-0.6142095
125973.42,-1.6572027,2.772156,-0.5749612
116807.33,-2.4861183,2.8941696,-0.2099256
130517.59,-0.10571042,0.84154725,0.6645647
130810.695,-2.3846755,2.4247642,0.63597435
117349.836,-0.89977807,1.1937739,-0.700728
120178.805,3.5390913,2.5224955,0.58618253
118077.914,1.3358513,0.43219566,-0.40360692
117245.43,-0.23511015,2.6972177,0.5426631
125976.266,0.5521168,1.438202,0.8208558
121638.28,-1.400759,3.1270204,0.4915538
126992.164,-0.42963022,1.7999609,0.88333976
129835.664,-0.4826556,0.46708584,-0.5794406
122649.26,0.4540563,0.3567742,0.59732234
125634.445,-0.5481809,1.6639045,-0.62687784
116855.0,1.2280928,3.0911584,-0.44406095
131589.19,-0.9906916,2.5016031,-0.5054151
127509.586,-1.1109327,2.3470576,0.730053
118225.88,-0.38483125,1.260673,1.111952
133035.39,-0.94381046,1.0941224,-0.71315813
130697.85,-2.502754,1.6747324,0.73981905
117119.52,-1.710363,1.9231739,-0.7576842
122999.086,-2.898459,0.03366913,-0.29202887
123734.58,-1.8406221,2.2847326,0.5236675
117204.414,-3.999477,0.5897846,-0.455047
127732.53,-2.8687494,1.9008842,-0.60210055
117996.734,-3.1786718,2.335753,0.7203679
131966.69,-1.2951221,2.5747857,0.3736825
123305.25,-1.638596,2.944677,0.65778375
125763.21,-1.7668662,1.9032017,-0.5911884
119745.945,-1.2383134,1.4137087,-0.5264418
128049.2,0.43573534,1.8423792,0.5369792
118300.68,-3.0717757,2.108152,0.4501994
131808.14,5.566611,1.4793562,0.8889621
126097.3,0.4622482,2.2889159,0.5526582
131501.78,0.8972697,0.32126004,0.44210052
131993.94,-3.5846632,1.5024719,-0.57920897
120136.23,2.428608,1.9505789,-0.6882886
123223.09,-1.1878599,1.935646,-1.0059004
123321.766,-3.531444,1.7534113,-0.84653383
131918.55,-2.189484,2.8735087,-0.48969924
127949.305,-4.257771,2.8702536,0.24438243
121914.18,-3.253053,2.751507,0.742353
124357.32,-1.1134171,2.1403399,-0.6972603
116251.73,-1.5033541,0.62879014,-0.46726546
115055.77,-0.100158885,2.8410954,-0.41173506
127471.96,-0.025869355,2.0224893,0.6615403
115439.69,-0.40995505,1.9740862,-0.7261232
117421.93,1.0784427,2.802103,0.38373402
125346.76,-0.21847564,2.585255,-0.7348716
128746.8,1.1550452,2.8781803,-0.2829244
126405.89,0.43240318,2.891836,0.7476281
116712.41,-3.0584168,2.9922645,-0.44682702
115571.555,-2.3414114,2.422423,-0.40498954
116084.25,-0.8141184,2.0437877,-0.68320644
121646.45,1.7509768,2.9106483,-0.7526281
115966.91,-3.2355776,2.4441822,0.529718
129252.44,-1.5965501,3.107092,0.6248539
123692.016,-1.0482326,1.4440271,0.78151405
132273.02,-0.90895444,2.2747471,-0.4222875
122027.61,-1.5131252,0.77209246,-0.49686646
119032.63,-0.9321971,2.9199595,0.5406924
117416.51,-1.7241619,1.734178,0.63095796
130010.125,-0.7257495,0.38557875,0.75137174
118125.99,-2.8306482,2.4436145,-0.64946675
131937.6,-0.0072786417,3.1380079,-0.49503827
119890.125,-2.580243,0.8940152,-0.561056
132869.95,1.7329369,3.0241277,-0.6072088
131571.75,2.3226945,1.7938377,0.63599914
130473.61,-3.4417963,0.15215707,-0.8780619
117412.29,-1.0184089,0.39240178,0.42167512
125779.7,-1.5341432,2.0880218,-0.6095707
119480.31,-1.6571242,1.0550991,0.6255979
123707.01,-1.5281199,1.0715535,0.42308494
116251.52,0.021062512,2.600336,-0.6231223
122144.34,-1.9114411,2.690322,-0.978105
115679.52,-0.67232937,0.27721977,0.52156955
115197.586,-1.4203968,1.8008441,-0.9707117
130353.17,-2.372061,0.6467215,-0.8118402
118328.14,-2.9721222,2.350063,-0.61925316
131237.17,0.89584434,2.6831057,0.5304383
130219.83,-2.056577,3.1393766,0.5150536
117574.46,0.34438443,2.9171748,0.72012466
120140.695,-3.821626,2.8005998,0.67531204
116887.23,-3.4108405,0.6899842,-0.5422956
117483.31,-2.43061,2.349964,-0.69310135
119384.99,2.5550106,1.3673586,-0.6957406
127611.016,-2.534689,2.9742308,0.63779753
125438.836,-2.7577891,1.4821414,0.630882
134920.8,1.0240861,0.5236834,-0.7795538
122885.82,-3.4189513,2.5339348,0.88253766
117602.97,0.28078908,1.2413371,-0.5701536
123164.18,-2.04036,2.1117735,0.57107383
130349.41,-2.5520298,3.1083248,0.45459753
125749.734,-0.90616804,2.7553277,0.6324477
121261.81,-1.0956461,0.9803787,-0.67468935
129977.164,-2.9348857,0.37430817,0.5920173
123655.88,-3.4657118,1.062687,0.7056605
120777.2,-1.8202051,0.8326173,-0.77727664
126012.8,1.3419993,2.1135073,-0.84672475
126879.64,-2.0015087,2.082207,-0.7185249
126609.11,-1.0401793,2.4626417,-0.7873347
125660.02,1.8499978,0.18736017,-0.37829435
127756.58,-1.4801918,0.6654737,-0.6224665
125318.5,-0.3734449,2.6026351,-0.59972316
125812.83,-3.7228005,3.099298,0.32425547
127826.234,-1.9546214,1.840871,0.72321147
130005.12,-3.7922761,2.8281825,0.64993346
115235.76,-1.6504512,2.0959682,0.39337292
128479.56,-2.0799658,2.4926367,0.78264576
119499.89,1.6093503,2.8140364,-0.6032275
118528.77,-3.6861503,1.300799,-0.39563397
124959.88,-1.5935884,2.308003,-0.7888289
120913.74,-0.95668286,2.2360153,-0.65442914
121250.32,-0.766884,1.0765187,0.5712106
129322.09,-2.5551567,2.9887588,-0.680794
122110.58,-3.4908588,1.5800966,0.8711006
133871.45,-1.3232586,2.8903246,-0.66392785
121481.91,-0.54311764,3.1089678,-0.93964344
122242.94,-2.4516678,2.0488124,-0.59920377
122768.61,0.31599483,2.6761749,0.3136346
116735.086,-2.4897454,1.4953183,0.97224015
133541.0,0.23622894,0.1819197,-0.45117673
130987.75,-2.3902273,2.2361915,0.67092264
120288.26,-0.94302315,2.3950057,-0.6321863
123115.53,0.8296336,0.52928865,0.7975028
127806.35,1.038665,2.885939,0.76146555
119670.92,-2.5559025,0.31437284,-0.4923806
130704.414,-0.76904607,2.8605137,0.42357105
119406.79,-1.3176724,3.0759425,-0.55883175
122166.66,-0.7616619,2.8163779,0.5074596
125993.72,1.8617473,0.28285694,0.68059534
121844.76,-2.4165947,3.0355716,0.52670515
133305.03,-0.3408611,2.2709723,-0.7484327
115685.94,-0.41291162,2.9825077,-0.33090913
127311.555,-3.5333033,0.32137322,-0.48185894
122152.164,-2.9057324,2.2008193,-0.9201721
128273.22,-0.9777282,2.8269155,0.48938838
119192.945,-3.2265894,1.9158065,1.1806773
129109.18,-3.7939243,3.0608563,0.7709492
130119.1,-2.5819197,3.096249,-1.0840343
129933.73,-1.5499023,0.7418437,-0.4603689
117318.09,-0.3200212,3.096547,0.43288812
117875.38,5.894961,1.1750124,-0.8585193
125733.234,-2.6758943,2.9108174,0.37433562
117298.96,-2.976742,2.3405669,-0.8913902
115248.1,-3.4586558,2.5638514,0.6627717
125227.68,-1.7309225,1.6102653,-1.4704785
123939.99,-2.2040727,2.3590844,-0.52278316
130661.42,-1.8192487,2.1500454,0.88838744
127502.984,-1.5597758,2.4358106,-0.9755232
118971.52,0.8510678,2.5010607,0.78514
131823.77,-2.945448,2.0015044,0.883863
134446.4,-2.6079967,2.5313902,-0.976427
122023.016,-3.9170527,0.1445992,-0.5584167
129004.984,-2.6845884,0.21950024,-0.4574221
125268.52,-3.3496032,2.9673362,0.48219186
119108.13,-1.6020315,2.7949915,0.922996
128464.11,-1.9518344,2.6527934,-0.6470566
117061.164,-2.2454188,1.4347738,-0.5447306
124406.64,-1.7122765,1.1440829,0.49600682
124756.805,-1.8302528,1.7488369,-0.60214573
116450.6,-0.18037976,2.1734138,0.6033505
133888.47,0.5247011,2.4442532,0.6043735
122536.6,-2.3969035,2.881309,-0.4505844
123603.266,-3.254528,0.18425405,0.29812965
134181.22,-2.3624806,2.3019087,0.51711386
134858.25,-3.903076,2.7187533,-0.54965824
133617.25,-0.86102724,0.94026077,-0.7640911
127942.43,-3.6964526,0.25316525,0.50179183
119251.93,0.30557537,2.2556126,-0.5150667
120447.266,-0.09224019,3.0961812,-0.3295204
121225.305,-2.8650813,2.899507,-0.3206277
123530.68,-0.13635826,2.4433868,0.83677745
124867.72,-3.0555038,0.700212,-0.76562566
117498.59,-3.1876938,1.6054032,-0.59482265
119124.36,0.33986375,2.8318577,-0.4792771
128404.9,-2.096122,2.0740907,0.85655254
118235.664,-2.9588306,2.5194666,0.7610732
124963.39,0.36460707,1.7980436,-0.7084044
120218.086,-2.6166883,2.662254,0.46706536
121096.6,1.4604903,1.5536944,0.692354
120720.93,-1.7684867,2.4229875,0.8665942
120657.44,-2.5197616,0.96097404,0.67782146
115950.42,-0.3262037,2.618249,0.7764882
118002.0,-0.13299339,3.0918965,0.6376835
130884.84,-2.7690358,2.713099,0.5388763
124425.16,-0.23625188,3.0668557,-0.39391357
122081.62,-3.2879674,3.0578537,0.34167087
132993.58,-0.10947968,3.0829296,-0.35845378
125905.08,-0.21931694,0.059107304,-0.29545152
126297.78,-1.4210397,1.6807659,-0.59799516
130731.445,-1.3656601,3.1282196,0.5456234
127619.07,-2.6694398,2.4102888,0.52457863
132916.34,0.38846838,2.732608,-1.1006672
133126.69,-3.1529796,2.879125,0.46842074
132129.08,-3.4892833,1.4667428,-0.64836806
123449.26,-2.1704538,2.7896736,-0.74217856
132948.28,-1.8997157,2.0444098,1.201714
120542.21,-2.974466,2.8952186,-0.9359913
131000.64,-0.82582885,3.0297701,0.520108
115883.42,-2.7307093,2.5106418,-0.5288491
117587.984,1.2062113,2.1400523,-0.6364763
127136.34,-3.1138344,3.0139098,0.4871276
134792.69,0.33294284,2.8888335,-0.51579636
120413.586,-0.9075403,2.827829,0.5191725
120454.0,0.10688611,3.140488,0.46880457
115123.086,-4.2495694,2.5003374,-0.3983658
116814.984,-2.4499035,1.3664424,0.8729103
124887.78,-1.5832528,2.2203505,0.412105
128360.016,-3.4794376,2.9393156,-0.30459708
132662.39,-0.9287903,1.2141169,-0.5834122
116608.31,1.3510208,1.1556983,-0.6366609
121154.73,-2.7922006,2.548862,0.5434618
121183.41,2.5499992,2.57035,-0.7092417
129984.36,-4.2216907,1.4731857,-0.5763286
116908.45,-1.8857774,2.2968283,0.8441398
116094.36,-1.2058855,2.5892634,0.64604944
130603.914,-3.4160545,0.2352755,-0.5999717
118849.58,-2.4735382,1.2966076,0.4007835
124640.664,-1.8257023,0.23898888,0.3648526
118358.81,-2.8178785,0.4231887,0.6421331
115851.52,1.2856398,0.097162545,0.47492728
121452.445,0.02529055,2.8855507,0.51113284
126027.89,-2.159356,1.620213,-0.315377
129908.87,-1.8889117,2.7530227,-0.27268243
129062.75,-2.2903712,3.1321282,0.8398111
127450.766,-2.3616965,1.4065635,0.8365591
133354.4,-1.9022074,0.08039947,-0.37967342
126756.734,-0.8537256,3.129333,-0.5143815
118528.09,1.4896555,2.9760025,-0.5378106
118257.39,-2.3430154,2.924518,0.5840912
131033.32,-1.1699806,3.0933032,-0.7431054
117857.74,-3.4266398,2.3683417,0.36073136
128450.96,-4.2894416,0.98806953,0.65224844
116536.59,-1.4475533,2.183947,0.57535434
118851.836,-1.4139124,2.3172135,-0.9638679
119673.57,-1.8669955,1.6980226,0.66321313
122111.25,-2.8076138,3.1337576,0.6386433
118668.945,-1.5693436,2.756423,0.7838941
121377.57,-2.5085247,1.6517869,-0.677555
123206.68,-0.5886805,1.9884558,0.5869137
121532.82,-0.26448053,1.7112902,0.5578682
119154.164,-0.42748547,2.8762608,0.3906532
117820.984,-3.0688303,2.8236418,0.50089175
120534.76,-2.5243943,2.6585648,0.90742606
122924.63,-1.8242822,0.5229769,0.53992397
126812.73,-3.1284792,2.7741525,1.004425
117718.01,-0.56227237,3.0353694,-0.73284465
131632.34,0.6214398,1.901689,-0.66587675
130361.99,-3.2127383,0.6287808,-0.54647195
126600.125,-2.1043582,0.08811283,0.50490797
127020.42,-1.4312748,2.5256531,0.7637685
117802.266,2.3242264,0.3471559,0.55429727
120306.8,-2.1723068,2.2642643,0.73505145
118457.055,-3.0721636,2.9626446,0.77515227
134886.5,-1.5086561,2.8344877,0.26466903
134275.12,-2.7187495,3.031636,0.39052007
116854.94,3.089367,0.9553305,-0.57599765
119365.02,-3.7585683,1.3357106,0.54933363
115874.984,-0.47772235,0.6280519,-0.66796565
125400.734,-3.1151488,0.4064163,-0.563222
120212.62,-0.4540967,2.4782786,0.9153863
121022.54,-2.2583225,2.1658554,-0.54455656
132023.23,-1.6922026,1.2573007,-0.5364557
132299.0,-3.6375732,2.2614095,-0.35169917
125586.89,-0.9007927,1.4381661,0.662127
134840.72,-3.4263642,3.0445714,-0.70305276
122616.21,-1.0045736,1.0117514,-0.57007825
125113.445,-3.5603113,1.2389905,-0.69671386
132900.36,-1.8013308,3.1391335,0.25731036
130897.18,-3.5850759,2.9597862,-0.47347426
128038.836,-2.1940541,2.4535532,-0.84822106
115024.05,0.16550277,2.746314,-0.5195271
129277.9,-2.619944,2.6420808,-0.47340405
125051.42,-1.9096816,2.8189151,-0.25762084
134754.14,-1.4342428,2.8525944,0.6158038
117145.98,-3.51272,2.6779075,-0.54137087
128958.75,-2.4868684,2.9987297,0.68724287
127747.54,-2.4089172,2.3030708,-0.7779225
115793.98,2.1688385,0.052672863,-0.30481052
128177.95,-2.2410417,2.5972154,0.79872274
116564.016,-2.2468336,0.25910115,0.40774742
121994.81,-3.1541226,1.696357,-0.62763745
134509.3,-1.5872716,3.0967898,0.78643465
127933.945,-2.2070427,1.0136325,-0.6973736
124824.11,-2.415744,2.8257535,0.6190203
131261.56,-1.7784864,1.4562006,0.708516
117525.195,-1.5799339,2.9976654,0.4933614
126503.13,-3.9649887,2.6256561,0.36683223
129836.52,0.25123346,2.2333353,-0.674776
124249.13,-2.556429,1.2676024,-0.9771569
117446.945,-1.549544,2.106852,-0.3242383
118704.266,-3.362154,1.967108,0.7077434
119570.64,-2.022968,3.0230896,0.43186158
133368.77,-0.3960765,2.5815265,-0.36206794
123661.18,-0.37904575,1.3476728,-0.56348324
127471.68,-3.5330307,0.52084124,0.5009722
127065.125,-3.474396,2.5557532,-0.5153962
123920.516,-1.0199021,2.1477218,1.0485651
129964.46,-1.3790693,1.8157505,0.7749544
117923.664,0.14639919,2.8865523,-0.50939494
128580.97,-1.7676347,0.9140626,-0.58889806
119847.99,-2.0181513,1.3486131,-0.79823786
120578.055,-0.316095,0.9665528,-0.6609683
120294.46,0.17104252,1.7092476,-0.55164653
131831.39,2.720008,0.07400996,-0.4047936
117044.27,-2.7129037,2.7158298,-0.63936836
132915.94,-2.7967706,0.76175964,-0.32934612
134374.23,-1.1993763,2.429782,-0.6523765
119627.86,0.7205753,2.7319129,0.5475774
117130.47,0.22980656,2.9191227,-0.61593974
131902.19,-3.299135,1.1670222,-0.8062937
124632.53,-0.14343148,3.123718,0.32185137
133697.3,1.8708559,1.0287802,0.7241043
132203.28,-2.8541863,2.7925582,0.7239878
129774.68,-2.2521274,1.7028732,-0.5056015
128025.36,-0.025444092,0.1050961,-0.4606084
134850.77,-1.7259176,1.5869255,-0.7873548
115525.73,-2.2906957,2.7859855,0.6305936
121156.445,0.4272296,2.8902402,0.54046756
116354.15,-1.3554742,3.0803914,-0.43546033
124175.92,-2.2666192,3.1171427,-0.46423587
120718.53,-1.1105555,3.1339915,0.5085136
124083.93,-1.9767213,1.9105008,0.6705341
127116.47,-2.3743384,2.3909688,0.55617476
133236.3,-2.231672,2.8105974,-0.50919116
124296.62,-4.1182957,2.4172869,-0.70775497
115335.555,-1.1796138,2.2239718,-0.38958526
117602.88,-0.017793855,2.8187425,-0.45062906
120006.58,0.5676033,1.5131569,-0.6626256
115406.71,2.667142,1.0137131,-0.7499127
119846.1,-0.40219367,2.8882096,-0.837389
115491.266,2.4963348,2.4645736,0.79106665
133809.53,-2.6132514,1.6229111,-1.2401665
119037.164,-2.534905,2.949322,-0.7443694
126719.1,-0.9608302,1.7115998,0.93905103
123667.875,-2.2307951,1.0979828,0.52868474
126643.45,0.29561803,2.2242165,-0.5507117
119339.06,-3.9326952,2.8120158,0.62170064
129341.17,-0.4224471,3.031195,0.50432086
130596.1,-0.9368756,1.9676697,-0.74266714
129002.81,-0.014268503,3.0310853,0.5384624
129094.01,-2.6168113,2.4505718,0.86757463
116995.24,0.7817286,2.856648,-0.7740041
121135.53,-1.4047929,2.9159467,-0.38873652
115580.46,2.252905,3.0256948,-0.5048605
118175.94,-2.867639,2.5249379,-0.71751827
123694.47,-1.7690232,1.7665067,-0.67416674
129283.914,-0.6909959,0.99277073,-0.90083516
128587.805,-1.1665368,2.4718654,-0.40876862
126922.09,-0.19491698,2.890374,0.4131942
123464.23,-2.2591565,0.8629594,-0.83031243
115658.125,-0.40102285,0.25116777,0.5463094
121394.38,-0.7280906,2.5482264,0.6798361
119562.984,-2.8051078,3.0445995,-0.52147406
128416.1,2.2993991,2.2277362,-0.7352324
117796.99,-1.8126196,1.6068211,-0.54494834
122820.7,-1.9692817,2.660658,-0.35533828
124294.516,-3.5985484,1.6632144,-0.3277248
115363.164,-1.0570723,2.5684881,-0.47617605
118493.12,-2.648205,3.0357246,-0.5031266
130850.99,1.4510562,2.9271426,0.7576485
126402.266,1.1790683,1.7506251,0.5732909
125769.61,-0.6276619,1.1604171,-0.59745723
123447.086,-2.7372265,2.8710911,-0.6479655
122836.24,-2.902879,1.5505449,-0.7035554
118488.3,-0.2150538,1.13573,-0.6211488
126189.78,-3.1182356,2.837369,0.689271
116271.83,-2.9839969,2.641179,-0.47499216
124924.76,-0.35157722,1.723186,-0.69223744
117671.164,-3.0795386,3.019354,0.6239647
134515.02,-1.3035791,2.8422005,-0.7198879
127224.195,-3.5723205,1.6457738,0.6859495
120200.7,-0.8636921,1.3752059,1.0533761
123446.11,-1.850581,3.1076043,0.89239687
125224.22,-0.9733481,1.7931497,-0.76317817
121873.87,-2.4704337,3.1163616,-0.27612484
120600.695,-1.4225483,2.6443834,0.8431908
127203.45,-4.145214,2.3286881,0.7900621
130837.945,0.6508391,3.0852637,0.4453679
121027.61,-0.36028755,2.6158009,0.638151
121242.95,-1.289061,1.7363276,-0.8807769
129074.836,-1.9788754,3.0597553,-0.34781557
127102.43,0.30812314,2.9723547,0.5711202
121421.14,0.14187509,2.6657155,-0.49899268
134009.25,-3.0435176,0.5780208,0.5096414
117376.68,2.237453,2.4986625,-0.6202694
125889.27,-3.5951004,0.6615208,-0.48858613
131025.43,-1.8646281,2.801754,0.5859963
129443.42,-1.7737219,3.0696008,-0.5566956
117320.44,1.184362,0.53401923,0.7320667
117903.05,-0.12424667,2.9618561,-0.7186162
133486.38,-1.0580069,2.3838644,-0.5337192
124477.92,-3.3943744,0.7383467,-0.524291
125450.84,-1.6802851,2.8524067,0.4222621
125358.27,-2.885278,2.1875503,-0.95849895
134634.62,-1.7520989,1.7620716,-0.34118563
128756.15,-3.9438426,2.6459157,-0.31966257
130391.945,-1.5969716,2.5868955,0.4671577
120403.72,-0.21516488,2.7619095,0.69805306
115072.79,-2.698788,3.1068,-0.5172806
123605.42,-2.716456,0.018627286,-0.58832777
120944.35,0.025891522,3.0462475,-0.43906078
123438.91,-1.3300235,2.7488003,0.7120374
118117.41,-2.1293488,1.7456242,0.6119867
116511.91,-1.2465265,2.7036607,-0.45695877
119820.875,-0.07147411,2.6098492,0.6638967
120817.78,1.222939,3.0447123,0.4706326
118172.94,-1.9426625,0.3992324,0.61372286
125704.82,0.62734085,3.0055883,-0.99305296
131814.8,-0.012738614,3.0123115,-0.3592344
117345.54,-1.2477735,2.1201303,-0.7773984
132358.75,2.2930243,1.1473008,0.72187406
118797.85,-0.019563299,2.0314782,-0.9680354
122150.125,1.1690526,1.9285975,0.9625544
117502.63,-2.6719491,2.2725735,-0.77525985
132147.45,-1.9074353,2.1607127,-0.67819154
121687.15,-0.4135273,0.26612175,-0.68163157
123758.76,-2.403711,2.0857463,-0.59698796
119111.36,-1.2490185,3.0054104,0.5728978
122386.664,-0.85015035,0.47314286,-0.47853738
132014.58,-2.8095982,0.121693134,0.51782674
131811.12,-2.195225,1.9773185,-0.5381907
115272.0,-2.4923642,2.4043002,-0.7894322
123706.03,3.3307483,0.39131367,0.58019507
129887.72,-3.9742785,0.8105874,0.6523314
127974.71,-1.9054376,0.28223777,-0.74881154
117430.81,-2.4284549,2.6143389,0.5942669
119161.06,-2.9973133,2.619948,-0.48372418
133153.6,1.2240353,2.2229924,0.92209405
120404.445,-2.7918098,0.076764405,-0.64894325
123958.45,-2.9509583,1.9756981,-1.0160264
134873.39,-2.2905688,2.5284197,-0.5757554
120625.83,-2.9388733,1.4237394,0.61572874
132555.02,-1.71264,0.81223404,0.50609857
123937.05,-1.5172315,1.1634693,0.7717925
126525.02,-4.312485,2.948717,-0.7995673
125066.0,0.21080038,2.4135401,0.3898803
121790.18,-0.5918735,3.0634391,-0.96010184
115306.17,-2.3247576,0.74086916,-0.4756484
119792.98,1.8446927,2.8726478,0.5012012
116803.05,-3.3622882,2.2892344,0.74947923
125719.52,-4.166377,2.5219703,0.45861137
121222.19,0.7589847,1.1018538,-0.74330604
128125.85,-1.7159816,2.7226858,0.7199472
117214.66,-3.937572,0.089978695,-0.6134335
118260.055,-2.7190518,2.1754255,-0.49977362
121356.42,-1.4907986,2.879577,-0.5056578
115766.44,-0.84467703,2.4882388,0.44400555
122904.27,-2.979481,3.0147111,0.5609266
116717.68,1.0475224,2.771965,0.61280555
120222.92,2.04622,1.4484724,-0.827984
116933.586,-1.7823473,1.657429,0.35995704
130618.41,-2.078221,2.3122144,0.636179
115016.766,-3.2658195,0.95971763,0.41904202
121668.42,-2.1569932,0.85674435,-0.4240223
127820.94,0.6050847,3.0521057,0.5220963
134827.02,-4.0414352,2.9314027,-0.89720756
129919.01,-1.3946868,3.1345224,-0.58707875
121987.08,1.5913185,2.4052806,-0.4571098
128108.03,-1.9683977,1.5658294,0.78120846
125364.98,-2.5804996,1.4461015,-0.7138465
128071.28,-1.3272978,2.0785787,-0.7665486
128095.32,-2.5999074,2.2547796,-0.6947576
119732.305,-2.0784578,0.8591304,-0.8751554
125104.35,-1.9908247,2.370555,0.549318
134001.44,1.7995069,0.3165989,-0.55365336
123112.74,-3.6401122,2.5190177,0.666602
131733.95,-4.1523876,1.8420604,0.5319284
118357.055,-1.387649,2.634129,0.63760614
128045.64,-0.49629113,2.2969422,-0.6897003
133910.4,-0.57032996,2.783079,0.64474386
123026.3,-2.2381198,1.7081301,0.5348628
123152.82,-0.8574354,2.6817207,-0.6609645
125953.95,-2.6262906,2.3848424,-0.7090261
124780.18,-2.6593652,2.8924136,0.57908154
121605.586,-2.534466,2.300272,-0.738615
120000.62,0.52555615,2.8285375,-0.2897158
118310.49,2.6256597,2.4824133,-0.67103124
132711.56,-3.2995853,0.7373925,0.6010759
122802.66,-2.2408383,2.8404198,0.6246599
127725.516,-0.5885753,0.87524116,0.6395376
129286.555,-2.1662161,2.6487172,0.55008125
118830.19,-3.3048887,2.79671,-0.71828365
121506.39,-1.5103136,2.7950585,0.54502416
121598.914,-2.5457716,3.1016498,0.41011566
129851.625,-2.5807745,2.6435308,-0.6404337
120989.67,-1.8219292,0.26613808,0.46769774
132225.34,1.5024803,2.522435,-0.49131364
122327.63,-0.34460738,2.87419,-0.17136163
125849.78,-0.28172067,1.9889748,-1.0943631
131725.23,-3.3310084,2.4246876,0.4684943
118566.67,-2.5904942,1.3190306,0.8364216
124420.36,0.010353309,1.1313363,-0.6887323
126370.95,-0.8678009,3.1352472,-0.7519929
116328.25,-2.6854649,1.4968355,-0.42455855
125239.77,-0.87730867,1.8765274,0.7890932
123096.98,1.2358285,0.9595144,-0.9162844
123799.555,-0.5245608,2.608939,-0.60052824
126671.99,-2.300496,0.027830482,-0.4068288
128684.71,0.7030944,0.7850344,-0.6873642
128570.19,-1.7376825,2.20227,0.7930887
117010.086,-3.7556047,2.1092684,0.74573684
128151.22,-1.9038318,3.0523176,-0.6202552
118942.59,-3.4304018,0.87812614,0.3654905
121083.06,1.2623992,3.0804768,-0.3676476
130224.85,-2.9415584,0.85572827,0.50420684
124932.58,-0.84452784,1.1887088,-0.6853672
131984.67,-1.7877709,2.712375,-0.5397069
121058.125,-2.5309262,2.1139886,0.5340159
117237.11,-1.6405716,2.1978033,-0.4472688
132930.06,-3.3799443,0.31578207,0.55472064
116511.26,-2.9847746,3.0098977,-0.6448827
122464.45,0.4625952,2.5690715,0.5575794
126536.56,-0.68138427,3.0761454,-0.33151376
117082.66,-0.49056128,1.8044927,0.6779877
129520.766,-2.6259475,2.8145795,-0.6853279
128931.51,-3.224904,0.7030549,0.51553303
124429.17,-0.51720864,2.727272,-0.6941756
121728.805,0.48003402,2.0203953,-0.9580568
119132.19,1.8241096,2.3918996,-0.6028889
128907.33,-0.49236637,2.238848,-0.5926951
126812.35,-2.8399534,2.4748704,-0.56845313
116709.29,-3.2699423,2.9543912,-0.32956272
131158.83,0.54740304,2.5517542,-0.63087714
118800.695,0.076073684,2.3297865,0.8937601
132097.61,-3.8631282,2.0768473,-0.7880308
133334.67,-0.3861788,3.0829158,-0.5146315
119771.08,0.57717514,2.5448394,-0.70004237
119233.484,0.6990685,2.967887,0.48473412
134720.9,-0.9267674,2.418181,-0.49015856
124139.76,-2.5080147,2.9750047,-0.29538023
115080.44,1.7805119,2.645159,-0.89553
116033.92,-0.50851893,1.5023646,-0.59965277
115303.57,-1.1127477,2.7345583,0.79506123
129777.17,0.07116765,3.0343668,0.36463046
124010.84,-0.47288013,0.019350767,-0.3172658
125141.34,-1.2775046,2.9336166,-0.9144138
132779.08,-2.8764715,2.0064666,0.5781778
124193.46,-4.1665535,0.47249496,-0.53541553
126773.16,-0.4327853,0.062764734,-0.6726904
117362.9,0.63982207,0.61133564,-0.5312606
122578.72,-2.9298723,2.3583539,0.37010437
130308.51,-3.9764504,2.8475337,0.3663903
115790.12,-3.2487786,0.8188713,0.6173246
127572.04,-1.6937858,2.745864,0.6761414
129989.93,-1.781071,0.9255336,-0.71142536
126852.28,-3.4149325,2.6770754,-0.19004503
126922.58,-2.7985501,3.1256747,-0.5754765
118476.93,0.87397575,1.1138557,-0.61712414
130261.01,-1.814016,2.3774228,-0.24120003
129840.3,-1.9884737,2.809076,-0.49580374
134827.23,-0.8941401,2.264114,0.64811766
131440.69,-1.7776995,2.157651,-0.985596
125400.82,-2.214341,3.0660734,-0.72095644
120235.74,-2.3730948,2.1936421,0.28228137
120304.586,-2.434929,2.804471,-0.11908139
123632.26,-0.79318124,2.1614864,0.55691934
124200.29,-0.80256695,2.8323836,-0.79492843
115949.07,-3.5428665,2.6211886,0.4412693
122588.25,-1.4122947,2.57295,0.36213797
132077.67,-1.3836068,2.822025,0.48074436
117165.46,0.66489327,0.26542753,0.5595556
127717.16,-2.6036677,3.1169755,-0.5263373
118693.914,-3.5876243,0.47449017,0.5722259
127079.945,-2.6300697,1.3206697,-0.6564398
130947.64,-3.7840369,1.7503073,0.6613647
133371.39,-2.8092592,2.2331862,-0.83999753
122246.29,-0.580587,1.3229283,-0.80117273
126777.98,-1.7415578,2.7445781,-0.5856856
117944.336,1.5755347,0.61001116,0.52037024
127960.58,-1.4642736,1.5834358,0.65676284
122424.54,-1.674413,2.5995388,-0.56572556
123065.32,2.2114692,3.0375466,-0.4312603
124638.164,-3.2930803,0.3077321,0.59366256
126039.555,-3.7645981,2.3185682,-0.57130605
126015.55,0.85337526,2.083483,-0.7098041
126307.41,-1.9770342,3.0739439,0.615004
122987.164,-3.6903808,2.8115559,-0.2241744
117063.8,-2.671828,2.8058357,-0.7001216
123176.414,-2.413246,2.2626426,-0.18382004
132177.84,-2.2483065,0.84813935,0.5557023
125502.77,-3.7828205,2.2286236,0.5875287
121565.836,-1.9129157,1.6594007,0.86888117
118730.18,-0.34325424,3.015249,0.49466702
127363.445,-2.36894,2.8860888,0.34512123
127838.26,0.35246116,3.0773623,-0.42846078
133180.92,0.9780704,2.933621,0.44529673
118093.53,0.56315047,2.1402555,0.82136476
131969.06,0.32661432,2.6414268,-0.7088234
130682.9,-3.6948812,0.202393,0.4234206
121204.16,-1.6533936,0.6319111,0.58537275
119624.6,-0.13696061,2.8841183,0.46863678
123649.195,-2.3785708,2.6413598,0.8224571
134070.1,-2.1366816,1.669081,0.6429283
119478.2,-2.8272612,2.9304547,0.2873662
121921.79,-1.4109919,1.9331968,0.74249583
119811.53,-3.024597,3.1264887,0.9500828
120029.87,-2.6402564,0.5563631,0.3201057
122620.2,0.9817979,1.8549631,0.6338914
116663.24,-4.1543126,1.9893956,0.62128365
130211.35,-3.309036,1.8887575,-0.6808409
115491.03,0.13615489,2.500303,-0.8455702
128403.555,-1.1967269,3.0857863,0.31558245
128842.484,0.6423606,1.459874,-0.51918715
132575.08,-1.5779068,2.9969618,-0.6776996
126809.336,-4.038499,2.9427922,-0.84593934
122785.93,-1.8863188,2.7914484,0.6525598
134675.17,-2.6918356,0.9229691,-0.43935758
121515.56,-2.561462,0.65973437,-0.58718055
117907.26,-1.964981,2.9688394,0.5655118
116950.086,-2.1933753,2.7344623,0.6130244
120925.18,1.3329037,1.2391748,-0.59664744
126686.88,-4.2098618,0.28506756,-0.5064298
125646.11,-3.4898195,1.03254,-0.4759908
129594.805,-3.5279198,2.7588038,-0.5641612
129649.9,-2.7949545,2.6265883,0.5531462
128048.57,-3.003589,2.20917,0.32227913
122331.07,-0.1704502,2.1190085,-0.7869331
133444.77,-2.0109568,0.80874825,-0.54681385
122102.625,0.8357333,2.3617785,0.7141866
125515.8,-1.7222689,1.965896,-0.68149596
119722.49,-1.9846592,0.60311073,-0.35844964
119952.94,-0.9631403,2.9217317,-0.5851993
130569.64,-1.7449234,0.68965816,0.6617593
124069.99,0.74906564,1.628942,0.76940984
132297.89,-3.3296375,2.2145822,-0.66993964
119699.11,-1.5297714,2.6368692,-0.50795794
121152.26,-2.1040316,3.1164794,-0.6529416
132533.62,-2.220612,1.025296,-0.95613897
134616.75,0.15770842,2.782881,0.3489723
126387.984,1.9789717,1.9445424,0.7518474
122843.97,-3.2268584,2.0053577,0.45411804
118670.53,-2.8199668,2.3680196,-0.9016291
131074.3,1.496916,1.9973918,0.89579576
115107.984,-1.4540722,2.0681834,-0.6723813
133085.08,-3.4957712,2.5214283,-0.43749362
132490.05,-3.8555574,1.9677271,0.30490127
126786.164,-0.2788138,2.0118148,0.8884946
118151.0,-2.694529,0.18398732,0.49379137
131604.95,-3.1801069,1.8100945,0.7234745
130696.31,-3.259238,2.1733692,-0.73534787
126572.65,-2.9915009,3.0838313,0.5722194
119335.8,-0.7967536,2.9401307,-0.54985356
121076.66,-1.6776279,2.7555103,-0.85837495
118224.1,-2.3465002,2.851264,-0.4698957
118880.805,-2.477914,0.47248113,-0.517519
124892.49,-1.7199347,2.5340436,0.5579172
128386.93,-3.2745438,0.9821036,-0.5605179
119426.57,-2.5255778,2.9627614,-0.43567306
123294.74,-2.8404505,1.2719941,0.57524735
131970.78,-3.669785,3.092307,0.6178011
126411.17,3.465436,1.3268343,0.63494647
127641.15,-0.49566072,2.8692238,0.56091213
130194.83,-1.9474815,3.1047146,-0.36830583
130009.266,-0.7032766,2.4243188,-0.6660411
119982.34,-2.103976,0.9126482,-0.7946877
125851.46,-3.9096353,2.4399083,-0.968312
124339.87,-0.99361694,1.1904169,0.6470082
117605.66,-1.7049769,3.0477972,0.46501693
121247.38,-1.1517092,2.5314472,-0.5634896
118510.7,0.17119622,3.139237,0.78117204
128668.375,-1.4754049,2.8718839,0.44311637
124887.68,3.267987,1.1800121,0.95887077
122452.805,-1.4990952,2.1995983,0.6101547
125891.22,-2.9924712,0.75440776,-0.70259655
133390.39,-3.4454436,1.3917122,0.537707
120639.66,-1.213841,0.8128735,-0.6758559
128447.445,-1.4032326,3.0295024,0.41589692
120130.75,-3.7875304,3.0108929,0.6214803
133107.8,-2.012804,0.5861753,0.66266364
132645.69,0.35657275,0.8475634,0.6491411
117513.72,-1.8454227,2.9770098,-0.3193624
131488.4,0.8456925,3.0458329,-0.4680955
132013.61,1.6793234,1.3982798,-0.9638217
125357.56,-2.3846307,0.29598457,0.75010425
133099.03,-0.64576256,2.875727,-0.37554038
123225.82,-2.0480833,2.982316,-0.7807549
119397.125,-3.2031972,0.32869017,-0.5426371
119585.22,-2.0819845,1.2764305,0.6988158
118161.234,-0.11590945,2.990235,-0.70221835
116517.01,-3.9951005,2.892547,-0.50583893
124314.266,-0.5491716,2.5352302,0.44614497
126593.74,-2.170115,2.2125542,0.6045134
121605.63,-2.1199443,3.128676,-0.8979871
120966.05,-2.2850635,0.48648572,0.4999103
125528.37,-1.1394497,2.6414518,-0.69787836
122956.88,1.3309401,1.295967,0.6473884
130927.21,-1.2111263,0.38756204,-0.37693322
115707.91,-3.3258228,0.2685178,-0.41046676
123274.484,-2.0167377,2.569528,-0.3091725
127687.766,0.37658432,0.13079882,-0.43948215
115905.39,-1.708827,1.9974885,-0.6812843
133884.16,1.3530892,0.17767191,-0.6241017
134629.58,-1.9238769,2.9040723,-0.5068487
134986.77,-2.3481529,1.7606889,0.78423077
117645.11,-1.2068872,2.3884087,0.69305533
117570.625,-0.55172,3.100892,0.48333925
118748.11,-1.4432241,2.5492873,-0.7789991
131983.97,1.886562,1.5872788,-0.78097504
133735.4,-3.5714574,2.8277483,0.7693413
123580.75,1.2181077,0.34252,-0.74174905
127925.32,-3.5066333,0.2707293,-0.47001246
134628.19,-2.9314966,0.89298725,-0.9347005
130796.39,-0.22923884,2.9748259,-0.58900684
121414.79,-1.888496,2.436477,0.54676336
122841.77,-2.9507158,2.6175985,0.5813513
130354.02,1.4910581,2.2928562,0.45278475
125694.83,-1.7782873,2.540986,-0.45494804
119646.8,-1.0058068,0.33662754,-0.77007604
133238.38,-1.4626987,2.9670186,0.46596578
115096.57,-1.3971094,2.6927104,-0.4197853
118214.305,-0.66991186,2.8649547,0.4095656
126152.1,-1.816991,1.8201624,0.70414
125675.48,-2.5328867,2.7016165,0.36056063
126264.37,2.3307476,2.8414657,-0.86897755
128102.836,-3.1029782,2.6792426,-0.5206918
127230.875,-1.0637169,2.368326,-0.42128202
123712.31,-2.0469441,3.088157,0.5679111
124887.21,-2.5679579,2.3313167,0.927939
118071.625,-0.8357292,0.29124498,0.5244323
115808.26,-3.1704664,2.37105,0.4477533
117313.42,4.052599,1.0324287,0.562646
120805.24,-2.075181,3.116129,0.6223255
131600.11,-0.8081135,1.7148335,-0.7961771
134186.38,-0.8862853,2.543631,0.86992097
121935.65,-1.3121235,2.7417269,-0.8237024
134911.45,2.096779,1.8384446,-0.72394603
116817.35,-0.9318386,2.4941483,0.7426101
123822.55,-4.150227,1.7758478,-0.64157087
116003.1,-0.8384158,2.8995447,-0.44415513
134934.66,2.4845402,1.1729634,-0.7589133
130797.81,-3.4159563,0.12450051,-0.43325546
125774.69,-3.2226558,1.5453149,0.4701099
119793.17,-1.2505251,2.9711797,0.39396578
127920.195,-1.523579,3.0971777,0.38896182
118205.414,-2.3027453,2.2909656,-0.47618103
127355.086,-4.110975,0.31197333,-0.8579096
126136.734,1.367959,1.7825989,0.7240924
129375.38,-1.7035214,0.35807884,0.41724005
124661.73,-1.2403122,2.7127097,-0.3508698
116095.78,-3.0972352,1.6810262,-0.8712376
120522.04,-3.9523375,3.0524967,0.40757468
122117.05,-3.1539178,0.82720155,0.7015811
121692.07,-1.0768703,2.2522259,0.6105603
120409.48,-1.5626409,2.8911927,0.2276685
121049.95,-3.3706331,3.1246803,-0.53243846
127646.9,-1.5411935,2.0812824,-0.6514979
130743.07,-3.006921,1.2498853,0.76133466
132009.81,-2.8166027,3.0905683,0.32784832
121935.22,-3.9963417,1.393109,-0.58224934
118306.48,-1.7494903,2.7157595,-0.48837823
119278.414,0.77091116,2.228373,0.57774836
122745.16,0.9490158,1.7617853,-0.7518892
115871.086,-1.6495856,3.091558,0.5741483
115574.86,-3.067293,3.1120472,-0.48438326
120634.164,0.80465627,2.693321,-0.528592
118698.23,-1.7797893,1.5940279,0.32559446
126419.14,-0.051455133,2.862593,-0.6292711
128501.26,-2.649068,3.0768702,-0.5279436
133892.56,-1.900925,2.170905,-0.5895864
115323.87,-0.96769273,2.6391463,1.0202515
121116.52,-0.40404925,3.1235726,0.4377582
117115.375,0.095457464,0.36679602,-0.4585027
123833.66,0.12112009,2.7043924,-0.65075433
125843.36,-2.0651178,2.9774377,-0.6261636
117608.41,-0.25258267,2.7465618,-0.5987067
131560.95,-2.863792,0.25466275,-0.30487937
134964.27,-1.2298142,2.4978933,-0.7102331
131066.94,1.7421392,0.31422496,-0.49825615
122544.484,-2.6461735,1.8409821,0.79778904
121941.59,-1.6915148,2.9834235,0.38134852
122358.84,1.2298096,0.8579836,-0.5983345
118059.67,-4.012353,2.189542,0.9205951
117006.625,-1.9610183,2.28573,0.8303055
122387.125,-3.0222037,2.7892838,0.6061732
130415.51,-3.2376575,0.58796906,-0.626438
123740.69,-2.8532019,1.838194,0.47511286
115450.96,-0.98341155,2.580873,0.8114688
128442.8,-1.0226533,2.8478947,-0.25097278
117884.62,1.5183576,1.6625308,-0.90606326
134987.55,-3.279134,2.999208,0.5665508
127140.914,0.076709054,0.73777604,-0.67334414
115098.61,2.7488096,2.651205,-0.5586964
126430.35,-0.06841451,3.1136997,-0.58821106
125105.5,-1.3571123,2.2771916,0.40490115
123756.62,0.8570377,2.2682657,-0.23544072
116962.21,-1.6670878,2.9785438,0.2855588
131476.02,-3.405188,1.6947801,-0.6127978
134728.8,0.8330909,1.9114419,0.6495495
119289.77,-2.7941897,2.546543,0.90763587
119173.01,-0.99358904,1.0974209,0.5685924
131885.02,-1.7692789,1.2628413,0.63553506
124901.03,-2.8908193,2.144701,0.7479804
124741.805,-2.5857625,2.8416173,-0.7309074
125339.05,0.61274445,2.147517,0.68057674
120925.85,-2.986695,2.4837532,-0.6159241
126288.95,-1.8004718,2.3701673,-0.64798224
123526.375,-4.525231,0.029841661,-0.42239693
134498.73,-0.9757652,2.773461,-0.7015202
117467.0,-2.2018337,2.463508,0.4704334
116849.625,-3.5060573,0.40970802,-0.33083665
115441.695,-1.4432226,2.9023068,-0.40538263
128677.6,0.31407547,2.464999,0.6093573
119674.484,-0.8547676,3.090943,-0.48613635
124868.71,-1.5189252,2.200171,-0.7772281
127111.31,-3.0309954,2.4028609,-0.52496445
117627.484,-2.323968,2.3345585,-0.19109216
128427.195,-3.047955,2.443928,0.68710154
127094.055,-3.2188714,1.064275,0.45566776
120319.96,-0.0712413,2.9143455,0.86036825
132749.39,-2.163059,3.007747,0.4865414
128272.76,-1.1302619,2.5679348,-0.7178969
126313.875,0.39446235,0.53960514,0.5403499
128361.164,-3.1441855,2.1758044,-0.5085863
115232.64,-0.105512545,0.737067,0.8934608
122850.75,1.8277973,3.0190737,0.32032797
126789.336,-2.0368505,3.1333156,0.5347796
119095.266,1.7043283,0.9793707,0.7280979
132027.0,-1.9878049,0.6049179,-0.6095699
116574.695,-1.2605703,1.6389143,-1.2488931
122598.66,-2.0060337,1.6888994,-0.64042526
116241.55,-0.25501704,2.9307234,0.50043637
127538.38,-1.9158795,1.9657012,-0.80666685
116071.555,-2.3815858,0.35653734,0.5160932
118079.4,1.7925323,1.5267053,0.67175627
122850.54,-2.7826016,2.2740505,0.40079027
121568.27,-3.6208463,2.6924837,-0.7243502
121571.12,-2.2830136,2.0895846,-0.77489305
116018.76,1.173363,2.2084544,0.7483096
117976.24,-1.7204218,3.0849211,0.36353785
132534.89,-3.8079846,0.5863993,-0.48845968
118430.836,-2.778228,2.59774,-0.5802049
134618.78,-3.8428295,2.8180351,0.4687026
126595.195,-1.7682508,2.7371714,-0.45552978
122256.57,-2.3431914,2.3835795,-0.7846332
123191.34,-0.2619412,2.6663618,-0.54076564
122316.29,-3.1297143,2.054435,0.6903059
134918.16,-1.1407309,1.0727243,0.6137648
128431.195,-3.4444773,2.0255675,0.550711
134216.61,-2.944069,1.9911882,-0.50303674
119779.31,-2.6458664,2.1981668,0.38830787
131861.77,-2.216575,0.57471514,-0.49390337
118224.72,0.13808173,1.2949792,-0.5300553
123365.46,2.004629,0.74450886,0.582441
132145.12,-3.768182,0.9953706,-0.6967736
131927.34,2.4685624,0.2757548,-0.4631992
118779.41,-3.6996653,1.8575327,-0.39421475
130378.8,0.30160624,0.23394775,-0.5639673
115778.29,-0.27809787,1.9587978,0.7258789
115523.86,-4.325549,0.61998326,0.74058896
122996.9,-0.8348099,1.5695884,0.6760006
120846.41,-2.760252,2.5984142,0.6363094
122134.49,0.39176336,1.6702938,-0.9133598
116819.0,-1.1987134,0.12795976,-0.38418472
129920.96,4.363758,0.47869742,-0.61686677
128932.336,-2.4569826,2.0239673,0.87759453
116231.14,-0.44666505,0.4607966,0.42898646
115242.97,-0.47849295,1.7356323,0.5133178
131273.22,-0.79192156,1.6078176,1.2205979
128086.33,-2.6360188,2.7393827,-0.74757755
115964.73,-0.91166085,2.9202414,0.6611104
134597.84,-3.5857136,3.003724,-0.44735354
128357.09,-1.9693217,2.7668023,-0.8132299
132414.1,1.3537687,3.0057364,-0.39160165
117470.28,-3.7024136,2.462453,0.16548984
125742.5,-1.9070864,3.0328598,0.5556962
118299.63,-1.4792551,1.8063242,-0.6644789
120801.74,-2.6914556,2.2787192,-0.6392849
126017.15,3.0902061,0.11110997,0.35971263
133050.48,-3.312247,1.7330841,-0.33735216
127349.81,2.7616627,1.1330667,-0.56541985
118915.29,-2.3153145,3.0865831,0.4353077
121228.305,-1.0335153,2.302165,-0.42910236
125795.45,-0.23567945,3.0272174,-0.5211764
134334.4,-2.47061,3.0807102,0.3877352
128602.76,-1.2298281,3.1388438,0.33182925
130509.47,-0.73830026,3.1038356,0.45314097
118918.02,-3.1551323,1.8747369,0.63589096
116451.69,-3.2072947,2.1727164,-0.45726818
128982.43,-3.0080292,2.63887,-0.9906144
134033.06,-2.9562716,2.1956546,-0.6176269
123003.85,-1.7883959,3.095104,-0.28013217
121928.25,3.9914994,0.8280927,-0.6384125
116302.23,1.765166,2.971362,0.4750221
124610.945,2.593716,2.0335808,-1.0010557
132766.88,-2.4516702,3.0467937,-0.6406808
118133.336,-1.6617694,2.5169022,0.46844923
125597.45,0.9552628,2.2723064,0.69469726
129561.914,-1.3834438,3.0434284,0.46594277
118840.09,-2.444092,3.034879,-0.6049815
117068.875,-1.5396317,2.3244727,-0.6062945
115226.1,-0.8452269,1.0124804,-0.7352846
121440.53,-1.1089572,3.1291335,-0.7283561
132561.12,-3.2470953,2.2253497,-0.6540728
115718.555,0.28827336,1.856176,0.545183
131197.77,2.1757293,0.18986611,-0.5281631
129375.75,-3.991245,1.7141459,0.81873065
119264.16,-2.1398928,1.0691475,-0.49051318
117359.97,-1.5369027,2.7075338,0.5503406
115996.62,-2.6016934,0.5847933,-0.65006006
123941.01,-3.7107923,2.809441,0.6614044
130729.336,-0.21230534,0.47755945,-0.57457393
124213.18,-0.28622267,2.4932134,-0.6546611
124953.36,-3.0303357,2.8613,0.75576925
133691.58,-1.0072479,2.8763664,-0.7615711
122562.164,-0.7181576,0.12156003,-0.18989486
130637.555,-3.1554654,0.29541004,-0.49165392
124894.3,-2.293049,2.9354537,0.6089204
127716.086,-3.8535957,2.5531986,0.5519783
120807.89,-2.2140913,2.9096496,-0.6243742
126072.625,-2.8271048,2.5098913,0.6916784
129301.71,-0.50573117,2.7541127,0.5423716
125892.09,-3.2554255,2.339091,-0.22097382
131914.22,-3.2781656,3.0033188,-0.6618332
118141.29,-3.630031,3.016072,0.7780609
120313.98,-2.2385287,0.42866874,0.4005589
120889.336,-1.8531469,2.7447774,0.88010347
115128.66,-1.501278,1.7933742,0.61309373
116130.16,0.77928424,2.9435391,-0.35032955
119143.37,-2.9265668,3.0907238,-0.6165766
116155.76,1.1524328,2.7697449,0.47837138
120668.58,0.3395296,2.6621623,0.7288001
118819.41,-1.6948357,0.3213122,-0.5250647
120957.38,0.45680058,2.6602921,0.6922642
130258.93,-1.1936178,2.4383562,-0.3021439
127313.0,-3.3305848,1.8831655,0.70738995
120805.79,-3.5198154,2.5171444,0.81782126
128143.234,-1.6413716,1.654597,-0.5532186
131890.42,-2.4608724,2.983901,0.49838609
123760.15,-3.2999778,0.9180014,-0.545392
131546.48,-3.026996,1.6272877,0.7047693
120363.14,-2.9460545,2.3245296,-0.7073515
129901.74,-2.2815635,1.5719867,1.0303686
119096.52,-2.968071,1.4625986,-0.48550203
124662.17,0.8537388,2.8608243,-0.613346
128865.3,-1.5637165,3.0387478,-0.5632223
120130.26,-1.101133,0.1281473,-0.6173146
117967.22,-1.1330452,3.032586,0.4786513
129483.76,-3.8851252,2.0589511,0.3247576
116335.01,-1.3718455,2.766378,0.89681804
120140.125,-1.9094723,0.2573135,-0.51960427
118604.57,-0.7987518,0.7357397,0.64079785
131050.02,-3.81014,0.9794014,-0.43742165
121483.1,0.7394714,2.7703648,0.64735025
120906.06,-2.1742308,1.8024206,0.620765
117819.516,-2.1091685,0.6258437,-0.6829095
118453.02,-2.1342978,0.33265924,-0.516594
128787.76,-2.279719,2.8816268,-0.73444456
115004.45,-2.5298383,1.1249195,-0.39001286
121876.55,-1.3815755,3.0466106,-0.98334956
115726.51,0.68884456,2.6033304,-0.67364335
128571.28,-0.04023502,3.045788,0.73904413
119012.81,0.055539515,3.0288486,-0.82724255
129333.01,2.2499325,1.5701703,0.7811005
124108.28,-0.696017,2.9886515,0.500107
116449.31,-0.056799848,1.841124,-0.65385556
124673.0,-3.2201343,2.168542,-0.6074566
117884.0,-0.9379104,1.9996166,0.71094525
118863.48,-0.89587957,3.0417128,-0.52492076
122594.76,-1.1189609,2.3593097,0.79544324
126335.836,-2.709949,3.0831897,-0.3476776
130331.91,-2.1806414,2.1283476,-0.6902058
130675.375,-1.0842663,2.2291248,-0.7673462
125155.766,-2.2583373,1.0878352,0.65338624
116960.69,-2.578511,2.5572221,0.5345016
116682.945,-2.263806,1.8934169,-0.69832605
132997.83,2.7298036,0.7610835,0.51037973
119132.984,-1.5036695,1.9761502,0.5830049
131806.9,-2.0138042,3.0241392,0.6325802
119927.76,-1.6709486,1.2722493,0.48811135
133140.19,-1.9382471,3.065128,0.5361562
134570.38,-1.8842391,3.1030946,-0.55101377
122882.55,-2.2032828,2.8517332,-0.5945964
129451.1,-1.3436431,2.0914464,0.48113963
117887.04,-3.8398237,0.22451615,0.40044978
123043.34,-1.8826505,2.005423,-0.43235177
127715.89,-0.81052506,2.247081,-0.7328121
116319.414,-2.1926885,2.98416,-0.54067
134005.47,-0.5338663,2.6788912,-0.3622698
117732.37,-1.5535587,2.6042118,0.2604397
119023.83,-3.4853907,0.6232256,-0.515336
124106.93,-1.7137579,2.7796721,0.6717832
132890.27,-0.9821893,1.1155059,-1.096143
126406.15,-3.6447606,2.9713361,-0.46523878
122142.836,-1.9124193,1.997222,-1.2480192
119349.1,-2.566277,2.542959,1.0309741
118431.445,-2.6410627,2.104803,-0.41787028
118324.42,-3.75552,1.2616018,-0.44141817
133405.92,2.735116,0.20858216,-0.6554887
132346.27,-1.2326999,2.3521726,-0.900588
128460.586,-2.5700934,2.9343677,0.52326846
123678.52,-3.8314185,2.8423638,-0.5234892
126597.67,-1.6979666,3.1310167,0.6826254
116191.92,-3.1626682,2.8917453,-0.6907306
134824.89,-3.0914698,2.652678,0.6031232
130971.1,-1.9271516,1.928289,0.78453624
118045.21,-1.7562995,2.2601163,-0.85409415
125912.586,-2.9237492,1.734803,0.47194314
132717.23,-2.4784176,1.958988,0.6773841
133710.53,-0.3704709,1.906409,-0.70413357
116478.734,-2.067845,3.0462182,-0.3726669
130026.37,-2.7620826,2.4360049,-0.8420858
115412.945,1.687233,0.8410437,-0.9786103
131250.47,0.73301846,2.7557042,0.53573686
124307.14,-2.811761,1.1568937,0.76832676
127221.664,-2.3330035,2.5675783,0.5248892
115146.34,0.8786272,0.60858667,0.42178148
128567.01,0.10965851,2.8158586,-0.53965294
121562.99,-2.0868726,0.36826986,0.5269794
116946.09,-3.6774707,2.0977225,-0.6516228
124952.98,-2.7055037,2.7903333,-0.6864313
120194.8,-2.522929,2.3293543,0.27347347
118428.89,-0.4543174,0.72889507,-0.62779516
115695.65,-0.59608483,1.0873094,-0.2764425
122086.164,-1.3282099,2.3290823,-0.6567465
117118.96,-2.0475602,2.5430188,-1.0458065
130079.78,-0.8081842,2.9329505,0.50739723
116204.91,-3.4912043,2.784001,-0.39460403
121300.29,-2.1662688,0.53328156,-0.5314703
117793.43,-0.19750892,2.6839173,0.47443345
127752.04,-0.139952,0.69760776,0.67429394
123628.62,0.062074278,1.3758297,0.6888415
123126.8,3.7392166,1.7875285,0.7131072
129282.695,-1.5986085,1.2076905,-0.94386536
131021.44,-2.4990819,0.54795784,0.8638497
126138.05,-0.38530123,2.6347332,-0.4579222
115404.8,-2.5016742,1.5688721,-0.96043575
117972.93,-2.3263614,2.7434046,0.6524131
115701.94,-1.1135861,2.7701952,0.73749584
125023.38,0.73113394,3.108527,-0.6235185
124207.36,-2.6896057,2.0700176,-0.6894347
126067.68,-2.7704203,2.5846477,0.6721842
121497.61,-3.369916,2.3979828,0.8695678
117673.16,-2.9725957,2.373867,-0.47730216
120136.43,-1.9819412,3.070784,-0.8427795
117263.44,0.85517573,3.0344667,0.4033742
125446.414,-3.697613,2.0174248,0.33356607
119739.34,-2.493613,1.2058663,-0.63660246
117967.55,-0.2560362,2.1454077,0.6782351
121239.82,-3.0708752,1.066666,0.33540484
122344.24,-3.4797802,2.7622054,0.54124725
133263.81,-2.062134,1.5481114,-0.8035881
121559.32,-1.0554092,2.6847277,-0.7142989
121650.266,-1.0038046,1.8621051,0.6837581
127413.85,-1.5456436,2.327151,0.8630738
128189.92,-2.3664613,2.5096827,-0.7042682
134930.77,-3.5975764,2.0014002,-0.54383224
118632.68,-1.0265284,2.2118678,-0.31990933
117801.08,-3.3151026,2.130788,-0.79364514
119025.125,-1.4753469,3.031601,0.24062903
125959.25,-3.5662522,0.36244082,0.499725
127576.12,-3.4725504,0.27796793,0.5451811
132042.94,-2.9523404,2.9356632,-0.49871796
120900.516,0.0700226,3.0467422,0.45454273
119401.39,1.1852344,0.8642104,-0.5910964
122495.18,1.559629,0.544932,0.62284803
125947.41,0.32939994,2.9914837,-0.35292277
117135.695,1.2156082,1.4051268,0.9153219
122573.45,-3.016823,2.527673,0.5347071
125359.39,-0.25826806,2.9969797,-0.8928769
120263.05,0.094935276,1.0226158,0.5996824
124209.58,0.031110184,2.8582287,0.6431524
129550.57,-3.0778425,2.7003222,-0.6939986
127272.85,-0.7033581,1.7775873,-0.66709435
124583.62,1.5058457,1.4389735,0.83824056
133813.56,1.0596373,2.4859743,0.54392016
127542.93,1.4929363,1.7818426,0.71676815
122678.37,-1.9308283,1.9238544,-0.73830354
123818.45,1.4293847,1.9534498,-0.6790162
116034.41,1.2450168,2.0094101,-0.65681916
120688.11,-2.201641,2.6730485,0.5518369
127238.19,2.2641463,2.129728,0.8184875
121196.71,-3.6232634,2.8369682,0.47036806
129030.04,-4.6321874,2.582032,0.68970644
117597.77,1.2047985,2.6184177,0.44215482
120562.98,-0.6289756,0.512819,0.66679955
128214.516,-1.6618328,1.5676174,-0.98853713
119356.29,-2.7135198,3.0189576,0.6774159
127356.52,-1.6106032,2.1270154,-0.6974866
128658.95,2.04244,3.0154786,0.159433
130143.62,0.9191727,0.35203087,0.59835106
120175.66,-3.5048373,0.97251457,-0.6336952
115087.945,-1.3040708,3.1073034,-0.39215675
122174.78,-3.2254493,2.8079264,0.37356228
126733.68,-1.6343642,2.0952635,-1.1388245
119136.05,-1.0097743,1.342123,0.70875704
131962.89,-3.7193103,1.6881871,0.775256
116238.62,-2.6142104,2.4618378,0.5343508
122325.87,1.1846802,1.9183097,1.2226416
119483.97,-2.4016562,1.8720373,0.70754045
133898.72,-1.2152108,2.4941807,0.9508958
134248.02,-3.1051905,0.55356514,-0.26980945
115322.375,-0.831573,0.5035122,0.52193224
134680.72,-2.5778341,2.7803447,0.40922657
117512.555,-2.8672903,1.3029015,0.6505737
129753.055,-4.155564,2.6898875,0.4874765
129466.16,-2.5740485,2.190979,-0.64088327
127441.93,0.9209164,1.8429027,0.6784039
115920.07,-3.9536376,2.1235344,0.8389744
116150.28,-0.851705,0.009411693,-0.61994
124536.67,-1.211204,0.20756817,-0.5102218
133953.55,-1.6874595,3.0309298,0.3223098
121492.484,-1.207135,2.3858716,-0.72343206
118607.25,-1.5850302,0.05677104,-0.49175376
127073.79,-3.9312842,3.0952454,-0.6003854
119381.836,-1.376157,2.2588737,-0.5506109
130641.93,-1.8809617,2.3374674,-1.0486859
128240.414,-2.1341646,2.6371171,-0.686792
127772.984,-3.1053128,0.7447847,-0.5415059
118252.43,-2.6414394,2.8047888,0.3651354
124323.555,0.32044563,1.3134083,-0.6260822
122185.28,-2.4663196,1.6728363,-0.8586711
123790.31,-0.606116,2.1303923,-0.6201133
120671.83,-2.4387064,1.7338955,0.9420013
119493.15,-1.6561627,2.119256,-0.69538546
116323.984,-2.3053176,0.77586627,-0.6013616
131850.27,-2.6284528,1.6191591,0.5641065
131267.77,1.1270487,0.3552699,-0.54823464
132990.23,-1.4275165,2.9253695,0.3254194
119252.3,-2.4250662,3.0367332,0.43913925
126826.125,-3.0543115,2.4619665,0.9079338
119902.43,-1.431054,3.0396721,0.72923833
127546.97,-0.8894409,0.8091257,0.5192393
116077.664,-0.34713635,0.5587188,0.6225346
115325.484,-2.5073798,2.7430515,0.65156114
130859.234,0.2759364,0.7087532,-0.49280667
123241.4,-1.0735159,2.5709143,0.5914873
129945.95,1.4508786,2.0118067,0.58371246
127354.96,-0.45143119,2.94703,-0.4006
131662.08,-2.0160007,2.9820316,-0.3977052
123278.56,1.3316886,1.5851305,0.66524523
124832.016,1.031236,2.919725,0.5361665
117919.695,-2.7146916,1.6128043,-0.8443826
121425.414,-2.9642386,3.1391063,0.6588245
121855.89,-0.6406581,3.0197308,0.5275088
116844.49,-3.453621,1.4134748,0.20205894
124401.44,-0.7884776,2.958683,0.3381318
118196.5,-3.649425,2.8780477,0.53049475
134638.03,-2.060997,2.3578367,0.37445825
126789.07,-0.56018573,1.5146319,0.5441296
126765.76,0.24198249,2.446733,1.0576134
118651.016,-2.4883797,0.06362295,0.4897714
121834.266,-1.9487284,2.0652616,0.7128255
125413.484,-2.860074,1.2088624,0.58887726
121188.52,-1.3651657,3.0969872,0.498282
129549.61,-0.7753322,3.0095584,-0.59502286
125776.72,-1.7202713,1.5656501,0.72784376
128595.0,3.382634,2.3062146,-0.82059795
118095.664,2.346276,3.0445082,0.4549696
132713.5,1.7227234,0.12850475,0.47082785
115255.17,-2.3675423,1.7168679,-0.69720936
116874.28,-0.6271522,0.96422607,0.49032468
128046.49,-2.5072374,0.40162373,0.4928551
129770.34,-1.4125599,2.3978238,-0.68450993
127190.55,-3.7283692,1.8707143,-0.67432004
116806.98,-2.2228084,2.6285343,1.0556858
117010.04,-3.4467416,0.6957668,0.5299255
119911.586,-1.2067256,1.9292153,0.3623722
123870.97,0.40033472,2.9057622,0.7307219
130740.375,-2.9891195,1.9455166,1.017672
129151.695,-2.9767327,0.22129035,-0.33310416
134230.7,-3.53715,1.2020249,-0.69883794
134389.11,0.10661173,3.115448,-0.62574106
125738.95,-0.62846714,2.5645027,0.7389678
128141.95,-0.8457786,2.7812119,-0.31591466
125145.16,-1.0099231,2.617208,0.7504425
130418.66,-3.989791,1.0624814,0.54824144
129045.14,-2.4481928,2.6031384,-0.7810844
133394.75,-2.7945375,1.9722663,-0.40202233
134550.19,-2.8269072,1.2976607,0.5837089
120482.06,-0.13993967,2.9780805,-0.32953918
126879.086,0.5643913,0.31804323,-0.63337785
131417.16,-1.3477796,2.9675841,-0.56469405
120498.76,0.34587842,2.3958688,-0.4428004
122775.28,-2.5446427,2.2856607,-0.3718057
128985.96,-0.9267473,2.8031087,-0.52471876
124229.2,-1.4210148,0.16680694,0.38665295
130264.16,-3.5695097,2.6881804,-0.58433634
126704.41,1.3066746,2.327904,-1.0331779
131486.39,1.1712325,1.1139114,0.57539517
128903.805,-1.186244,1.4867955,-0.65185076
121141.805,-0.642867,3.0941331,0.33309537
134804.34,-3.5344634,2.9941914,-0.36815414
121400.92,-2.7003477,1.5720832,0.73609346
124488.12,-2.8282135,1.5443773,1.1621207
133222.34,1.4209642,0.21372184,0.42401642
129127.84,-0.53580564,2.3583045,0.69789356
132407.19,-0.021079382,1.2528117,0.6944103
115596.43,-0.7697871,2.250684,0.4734062
129290.195,-0.5710875,1.5690337,-0.74394655
125299.695,-1.3578948,0.338022,-1.0432715
122965.99,-0.65358305,2.846894,0.21537417
124123.0,-3.5446403,2.0747988,0.80208826
116513.87,-1.8563683,2.1620212,0.7507875
120488.12,-1.1106985,0.08217716,-0.52595806
125479.08,-1.7561228,1.1435742,-0.706603
119680.766,-2.8322444,2.6409147,-0.6368196
117735.9,-3.2643862,2.2383218,0.9679786
121798.84,-3.478428,2.9804077,-0.71817714
115261.01,-3.472607,2.5813193,-0.46228153
115439.86,1.3385544,2.8935719,0.6173704
128641.36,-3.2395077,1.8025012,0.39729768
128689.33,-0.58326316,2.9480247,-0.47275174
128999.8,-1.7781296,2.689771,-0.4673283
122200.46,-3.9626594,2.8315651,0.91427606
116245.28,-2.0251513,1.1213431,-0.81410843
122781.5,-3.520446,3.1216595,-0.57575375
132005.61,-2.5361407,0.18011183,0.5339699
132748.25,-0.8164673,1.3238604,0.7088087
118820.11,-4.206927,2.5989254,0.6920245
124064.445,-4.0435615,2.3430245,0.7070289
121229.74,-0.0061036875,0.49467516,-0.63549215
133624.98,-2.1143014,0.041415155,-0.25106004
126312.195,-3.0100539,0.5527364,-0.6481189
119084.21,-2.0880666,2.6697588,-0.6360733
115822.484,-4.256077,2.4106677,-0.66659766
120400.7,-3.3571825,0.11889665,-0.5534621
128629.09,-0.30846274,2.8624082,0.60869145
121287.63,-0.03259198,1.3500842,-0.5372027
115073.6,-1.5145879,1.3790487,0.87543195
118412.766,0.4890095,2.802963,0.54027253
133455.22,-2.3521066,3.1047707,0.49123052
127844.68,-3.5382173,2.923316,-0.82981604
119855.85,-2.947155,0.588415,-0.50846446
120573.195,-0.41019174,2.605491,-0.75215644
127011.375,-1.5178291,1.0595689,-0.53829235
119832.22,-3.8670495,0.7919383,-0.4666162
129237.92,-3.0989609,1.0371662,-0.68749624
126424.02,-3.6925266,2.5563266,0.72093546
126445.08,-2.040621,2.9484773,0.6008299
122468.34,-2.2644286,2.8451507,-0.47463575
125287.84,-2.3072386,2.864492,0.5196473
127334.42,-2.9049585,2.7686408,0.42447928
125734.73,-1.0128901,1.7439749,0.66141224
120049.96,-1.0303197,1.9917103,0.71463686
130798.53,-3.2225559,1.9557302,0.6678881
128720.99,-2.8846948,2.4480138,-0.42713135
116677.3,-2.4484596,3.113939,0.4170152
133505.23,-0.930147,1.5841956,0.60536224
129304.7,-2.8107793,1.493341,1.1162002
131870.12,-1.3862336,2.6657605,-0.49486217
126356.53,-3.1494257,0.1480298,0.40323398
130988.81,-1.6821282,1.4561558,0.7484009
129344.75,-2.2865944,1.6507134,0.61787045
115771.414,-3.1723437,0.4619125,-0.67373043
121500.3,-2.2450778,2.8180108,-0.58356214
126032.74,-2.658326,2.7433362,0.59304655
130063.43,-3.7515428,2.424548,-0.76261663
115563.52,-3.2103007,2.4140513,-0.7534211
121586.28,-1.2535986,2.4979293,0.7432555
128918.61,-1.4575576,1.3720797,1.411803
134872.67,-4.0212083,0.5398905,0.6080778
123468.47,-0.28369904,1.3658513,-0.8498533
134003.78,1.1347862,2.6293068,-0.66623557
124226.19,1.7533034,2.2762103,0.95440376
127825.04,-2.2416286,2.5233307,0.44494444
126296.84,-3.6456254,0.40164423,-0.6709899
132744.52,-2.161429,2.2941372,0.5093802
119990.195,-0.20506783,2.3440034,-0.760919
132634.69,-0.97656924,1.160077,-0.9764329
127094.195,-3.5527449,0.7617154,-0.5574565
118828.086,-3.7917097,1.3310916,0.6323358
119938.92,1.4942428,2.2005584,0.8454558
120785.67,-1.9461682,2.1199398,-0.84840894
115374.29,0.4457271,3.0836463,-0.5830893
131232.66,-2.3618662,1.7149819,-0.40500548
117346.85,-1.6031457,2.0000112,0.5611762
124013.98,-3.2891214,2.341078,0.97222614
134583.69,-2.5043778,0.67730165,0.4973945
126038.29,-3.3220847,1.9019568,0.739369
132334.55,-1.0207504,1.8931801,-0.86732876
116873.69,-0.5068421,2.5069225,-0.65958345
117261.75,-2.5284169,3.1362803,0.52541804
129055.81,-2.3498142,0.90921533,-0.5969648
130375.58,-0.60365784,0.8299163,0.7663997
119880.23,-3.0767136,1.8394,-0.67887604
119823.29,0.9777397,2.9305372,-0.5232671
117307.92,-1.7259429,1.3634623,0.8987401
122317.89,-3.351175,2.7959752,-0.5169621
127421.65,-0.55088943,2.7414904,-0.5640958
125126.664,-1.3383838,2.9965296,-0.5375574
128494.83,-1.8013048,2.9936762,-0.6271719
127236.484,-3.0642,2.699703,0.2775342
118080.2,-2.4018986,2.8981361,-0.6928909
119763.77,-1.9024366,1.9169426,0.3468921
118380.99,-2.8858995,1.8832536,-0.45907757
134426.14,-1.8416035,2.9685717,0.7805136
117151.516,-2.3542397,3.0436304,0.26683825
118086.17,-0.21055333,3.0162313,-0.64740634
127460.91,-1.2024971,0.41455203,0.49327135
122448.26,-1.3296698,3.0533829,-0.24921523
133403.0,-0.5429737,2.8183992,-0.55468994
134286.42,0.22544108,1.777159,0.6221785
121731.22,-1.2973398,2.835707,-0.68590146
133170.81,0.84735614,1.489358,-0.57881427
132144.84,-2.333714,2.9889193,0.5425345
118551.91,-1.8402764,2.414273,0.52618426
118466.62,-2.4672706,2.245318,0.4556652
125771.91,-0.5829464,0.97872376,-0.71624714
119485.945,-2.3084311,0.6414349,-0.45801133
123846.33,1.2091824,2.862126,0.9457763
118816.74,-1.5614743,2.6431866,0.7169032
122609.2,-1.0796775,1.3286592,-0.6956148
129845.086,-2.0494483,2.6895657,-0.6342702
126269.805,2.6045825,3.0776362,-0.24970146
117172.72,-0.92097604,0.24432662,-0.51046443
127168.36,0.3647381,1.9821079,-0.7119168
121194.97,-3.536285,2.434963,0.5043933
122205.99,-0.39773434,2.972115,-0.7333663
131878.05,-1.7781874,2.0863185,-0.7280581
117497.945,0.3708229,3.0650148,0.7101025
118959.77,-2.1286626,0.2410034,-0.46190593
118210.46,0.11555054,1.5415359,-0.56397235
132290.94,-3.273346,1.8180795,-0.6674246
116215.75,-2.3247623,3.0049608,0.5004299
116040.97,-4.059196,1.0413964,-0.5496525
121954.34,-3.351346,1.7498507,0.8953182
133942.67,-1.7759231,1.7396196,0.7958972
124597.93,-2.8304577,2.426687,0.6061383
119593.266,-2.1001568,2.6893466,-0.35740346
132706.28,-2.8539772,2.8747387,0.6461929
127259.195,1.767241,0.8441482,-0.87502956
122890.72,-0.36993778,2.964183,-0.46019924
117013.31,-1.1664668,1.3792572,-0.81389683
117685.94,-1.1741015,3.0676491,0.3793074
115910.84,1.8880806,1.4706148,0.6065164
129652.73,-2.1218293,1.2797995,0.66472113
115994.336,-3.4240565,2.886592,0.34427077
119415.4,-0.898754,3.0039027,0.6417302
128401.016,0.38815907,1.0805199,1.0956527
129185.055,-3.0537372,2.1148226,0.6251442
125313.58,-1.2357696,3.0457773,0.4292055
133574.25,-0.45999858,0.87815785,0.823919
124302.57,-2.8409972,1.4303387,-0.55396473
116233.86,-2.3607848,1.5407314,0.7853015
118876.0,-0.104410104,0.14895272,-0.5240237
115440.64,-2.3575568,1.8630298,-0.5381675
120417.15,-3.7027974,2.0591674,0.4478911
127260.49,1.1948205,2.547628,-0.7295934
128578.93,-2.003014,2.5312855,0.8717345
132522.34,-3.5859897,0.029604077,0.50586396
128781.04,-3.574992,2.8780746,0.59163934
119514.16,-2.6716104,2.8011625,0.71926093
124772.15,-0.62450767,2.9505417,0.349501
126599.016,-1.0392936,1.9049942,0.6006985
119907.79,-2.3614807,1.1887932,0.9816939
128247.016,-0.44333538,3.0536742,0.48303285
116737.875,-1.4856943,2.6974504,-0.4861468
120350.02,-2.5202217,2.633277,-0.7419001
115849.42,-1.3055358,1.8384287,-0.9033061
115612.93,-0.592406,2.9579327,0.49761644
127483.18,-1.5619378,2.855598,0.72983104
123589.94,-0.38100907,1.5527952,-0.57925653
118566.75,-2.692775,3.0038795,0.546738
133006.34,-1.5518384,2.5613825,0.65099496
117880.18,-3.474246,1.9057164,-1.0194545
132942.0,-2.921591,2.8470287,0.5833662
127392.89,-1.3407174,2.5667598,-0.51534265
120775.25,-2.3136318,1.0432732,-0.7178048
128918.875,-1.2737861,2.2112377,0.46632993
125974.04,-1.2494539,1.1586374,0.65363705
120478.81,-1.8190991,0.36941957,-0.5533083
120390.12,-0.21928132,3.037156,0.45120955
133509.84,1.0052087,2.7658987,-0.3520816
120493.67,-0.8043426,1.8296411,0.7843232
122083.01,-2.6557608,2.5920901,0.65275323
120911.52,-3.602197,2.210178,-0.57869375
125641.055,-2.5609043,0.059844434,0.4373338
115438.445,2.0644727,1.3644478,0.76605016
121997.07,-1.0177559,3.019574,0.64334065
130828.26,-2.5145826,2.9049695,-0.86815596
121293.445,-3.4167185,2.4703293,-0.569105
124458.336,-3.079934,2.2946835,-0.71081734
125029.79,1.0241977,3.0806584,0.5050197
119946.62,-1.9159441,1.532586,0.98512775
119740.94,-0.31634,2.6883798,-0.7598632
128158.86,-3.4677968,0.4317009,0.5054735
122377.17,-1.6262715,2.9825437,0.60124373
116740.6,-3.1355548,2.3583536,0.55929315
119392.54,-1.5239332,2.516353,0.6476961
117216.41,-3.2928991,1.5506703,-0.62926054
130333.984,-1.4928815,0.4312509,-0.5399352
118135.35,0.6923131,0.112479925,-0.36950547
117139.75,-1.5610693,0.9570208,0.7088597
117866.09,-3.3162248,1.8989527,0.73879385
127477.52,-2.814959,2.5240686,-0.56825536
124846.49,-2.485377,2.936901,0.7459214
130290.59,-0.020557215,0.4400159,0.85607696
131348.67,-1.5297638,0.32340503,-0.5084408
121438.25,-2.5700731,2.0716343,-0.49543092
119905.89,2.3937278,2.8438308,-0.61564904
117766.46,-2.4428065,2.6635783,0.47275662
122431.56,-3.0015574,0.7063135,-0.60884327
128940.67,-0.8557887,2.496445,-0.56520873
127385.77,-2.746806,1.6022979,0.66627234
131385.97,-0.5712532,1.5528435,0.66103345
115876.05,3.3117585,0.06297469,0.28986257
117451.945,-1.2569929,3.0371287,-0.57961065
120839.2,-0.85021305,1.0384846,-0.73752326
131378.38,-1.0966563,1.4441733,-0.6654213
121552.35,-2.1744463,2.8812144,0.40288165
126230.99,-2.621173,3.028406,0.4702418
123395.71,-1.1749966,0.5845492,0.5642933
122482.06,-0.9695312,2.9238517,0.48308024
121333.82,-1.0673884,2.2234745,0.7956798
118047.39,-0.6095343,2.9747853,-0.43511847
133018.4,1.8367178,1.9041514,-0.9090915
124322.18,0.07370612,1.2751422,-0.6476227
120248.62,-0.9457697,2.5215397,0.539858
115899.67,0.28595534,1.838376,-0.4876101
116199.3,0.28552625,1.4729228,-0.54168844
124744.49,1.5462034,2.9084415,0.52367
117527.98,-3.9205608,0.3992945,-0.48194042
121758.14,0.37830892,1.51217,-0.55435646
127611.0,-3.0404835,1.7689503,-0.7738659
124381.0,-0.8554352,0.0046721697,0.38549924
117908.98,-2.6484644,1.2285595,-0.4252533
115930.08,-3.2104669,2.371728,-0.79922336
119594.38,-0.10084326,0.64509463,-1.0076724
131296.12,-0.5994322,3.0489016,1.0655262
116080.8,-2.8526354,3.0457487,-0.77910674
129592.086,-0.42015845,2.7095575,-0.5999765
127919.17,0.31359512,0.1180079,-0.30361074
121509.07,-1.4674132,2.0126464,-0.6563953
116042.14,-0.5674056,2.5690832,0.5195255
120655.6,-1.3373706,2.8850403,0.43903115
129860.82,-1.9744394,2.8705602,0.5341426
115627.33,-0.7531087,2.311716,-0.42346847
115648.03,-2.3891122,2.8528738,0.64690393
126181.484,-2.4790528,1.3181727,0.8940049
121545.81,-1.0696452,0.8860431,-0.7656914
122748.2,-2.119562,0.7008302,0.51401967
126780.73,0.6883149,3.036628,-0.5071967
124016.72,-3.7353365,2.395868,0.48821092
132659.19,-1.6538767,2.648701,-0.5564888
125077.84,-2.6604288,1.2778417,0.54822254
117764.66,0.59678584,3.051094,0.40532935
116995.71,-3.1408026,2.5478792,-1.0221453
118027.29,-2.2973595,2.66156,-0.61343503
131820.69,-0.512274,2.6738331,0.5990884
122892.0,-2.1317186,1.908709,0.51067346
118208.73,-2.2308292,3.0874026,-0.53401536
120475.914,-2.6193125,0.013298035,0.24188703
128429.27,-3.6751282,2.6805573,-0.55600375
117353.95,0.31406257,2.902711,0.53493315
124857.375,2.0117383,2.5055382,0.6398756
131497.8,-1.2980423,2.94122,-0.7169355
117833.7,-2.2283256,2.9037066,0.25724018
115849.42,-1.3506007,3.1041806,0.45424858
119466.48,-2.4518042,0.5304764,-0.5040177
118082.44,-2.3891027,2.687845,-0.83177054
118176.14,0.48732182,2.3859873,0.5109325
117429.99,-2.7769046,1.4958265,0.5789456
130274.43,1.1477618,2.7717426,0.6868586
123865.19,-2.339569,1.6994345,-0.8026805
127637.7,-1.5246999,2.4377453,-0.58198965
126265.945,-2.5690072,0.6919694,0.495129
119629.76,-2.6311634,2.7199957,-0.26982448
119349.68,-3.9717784,0.47635514,-0.52623254
123431.94,-1.2955958,2.6688304,-0.6462273
120761.695,-2.7406633,2.4377515,0.50045574
117143.914,-2.7385721,1.0850141,0.70019615
119997.34,-0.73772275,2.08177,-0.7767305
132413.89,0.27291587,2.180179,-0.6052587
125759.805,-0.13706575,0.9706555,0.6979907
118195.52,-1.232343,2.6609795,0.80121225
130260.39,-2.3310864,2.8478713,-0.56563354
129997.85,-2.4260907,2.8578923,-0.5949201
128515.15,4.1591105,0.697142,-0.8428964
133318.02,-2.5486925,1.471741,0.19084424
122769.34,-2.109344,2.4240143,0.42997587
115351.875,-1.5368329,3.0953157,0.503024
122884.586,-1.6553915,0.2665317,-0.6541751
119984.77,-0.11124644,2.7139328,-0.48884308
120805.414,-0.21509157,1.7282182,0.44289067
134657.36,-3.5230622,1.4507109,0.7089088
129170.86,-3.4485946,3.1357367,0.7631395
119713.484,-0.13835771,1.9414642,-0.51983243
115933.57,-0.72677857,2.6733222,-0.63552576
120424.586,0.32356957,1.4900595,-0.5403218
124574.39,-1.7795434,0.6404971,-0.6270897
116774.02,-2.705691,2.2696238,-0.6757833
124196.66,-2.344456,3.1229274,0.49476188
121307.44,-3.5667272,0.17979246,0.52623737
123220.11,-2.85915,1.0062065,-0.5307842
122272.586,0.084986895,2.7298436,0.45241997
128988.55,-2.8735006,0.3477376,-0.4300308
133747.22,-0.4641658,0.9157594,0.5282389
121071.805,-1.2294556,1.253472,-0.52237326
119087.445,-2.3486958,3.0346057,-0.85121524
116468.72,-2.697554,2.413458,-0.48056042
115946.91,-1.8112543,2.1737275,-0.51864326
126337.58,-0.42230242,0.22169828,0.4567508
116218.61,-3.384725,2.9452498,0.6510124
119507.1,-1.1232792,0.9709036,-0.5453105
117426.29,-3.3086288,3.1271324,-0.3062459
119803.07,-0.14648014,1.7762036,0.7846488
134370.5,-1.3956786,1.7408378,-0.7740363
134314.22,-1.2282624,2.7963085,-0.35234913
127387.82,-2.608023,0.86837786,0.6090548
125664.625,0.6918788,0.7651915,-0.8768484
118400.95,-3.3471842,1.8790966,-0.15875705
116928.81,0.82497275,1.8360752,-0.7765203
116495.266,-1.6911676,2.7239826,0.6586944
125593.23,-3.7936277,2.9307773,0.56576294
129567.91,-1.6128771,1.595633,-0.8868131
130542.71,-1.1774163,2.5486326,0.6736089
121994.984,-2.9063785,1.4834385,-0.406559
124125.18,-3.0298467,1.8013257,0.62409997
131233.8,0.7014261,1.7863063,0.5573261
127396.96,-2.3646445,2.9058206,-0.49364075
118707.56,-0.6234693,3.1323113,-0.44859436
117191.97,-0.1339541,0.4996568,-0.81696177
133195.64,-3.1825347,2.9229112,0.82658505
115338.19,1.622031,0.24248981,-0.4711291
115726.234,-2.7869842,2.1105828,0.60422117
123359.164,-1.9731286,1.6809698,-1.1077193
121716.15,-2.9296205,1.5200591,0.6208732
128663.61,-2.6259303,0.4882853,0.65603536
130260.47,0.446262,1.1337279,0.8030084
126736.02,-3.2655218,3.1406708,-0.64100975
131149.11,-0.7611887,0.9959741,0.7715656
128155.26,-2.9303133,2.753143,-0.7860859
120107.08,-1.788487,2.412795,-0.4675277
115168.305,-2.0679245,0.69061136,-0.7283447
133484.06,-2.9043684,2.878434,-0.637487
125158.8,-0.1668775,1.9126298,-0.7068466
116480.35,-3.5206926,1.3761184,-0.4742456
128773.57,-3.3892677,1.0944784,-0.6788841
116030.086,2.3341773,2.3082318,0.5967651
121371.75,0.27642605,1.7601526,1.1268162
118901.9,-2.4205024,2.8913107,-0.50887936
119184.77,1.0407175,2.7801347,-0.57432514
131930.05,-2.463005,2.9402678,-0.3521462
122795.47,-0.21009287,1.6121715,-0.5401041
123562.83,-1.6730456,2.3638988,-0.7642131
118334.92,-3.3347929,3.1382217,-0.48770607
117193.18,-2.4332902,0.31553227,-0.56262076
123040.06,-3.1212158,2.3558724,0.3895899
117457.79,-0.37756935,2.7751472,0.6270248
123350.4,-2.434649,1.6337484,0.5817992
133385.56,-2.811962,2.2590382,-0.8517906
120320.555,-1.0798464,1.7874824,0.58131665
115031.85,-1.4694339,0.50411487,0.67692846
130291.586,-1.3419751,3.040601,0.3188645
117957.83,1.1775349,2.107991,0.49276167
119660.625,-2.0694969,1.2251948,0.71504205
127694.57,0.70403194,2.6370373,-0.7683676
118392.6,-3.6570144,0.9155264,-0.41342244
118902.69,-1.8091749,2.4550254,0.69430184
134473.94,-3.137134,2.5986962,0.91413337
129839.34,-1.6190332,0.5489758,0.39824688
129610.55,-2.6520522,2.823033,0.34356228
130588.77,-0.95035464,2.7648823,-0.47768393
120751.06,-1.47118,1.9739002,-0.38119793
117940.54,1.4711342,1.268384,0.7722061
119616.22,-1.7636887,2.5380268,0.9174475
125046.85,-2.4260693,2.9931412,-0.43385762
119467.586,-1.3029345,2.7726715,-0.5217418
133841.11,0.5521374,0.102509975,-0.63327086
126270.22,-3.038839,3.1408868,-0.17919305
134361.88,-3.2111478,3.0127172,-0.77553874
129715.2,0.4108272,0.70566595,-0.7886668
133638.6,2.910081,1.3022766,-0.64854264
119447.13,-1.5689962,2.7712584,0.64520323
116119.836,0.96042395,3.0409348,0.56862766
118031.37,-2.263258,2.9990623,-0.43043783
134678.39,-3.3103495,0.96591985,-0.745954
119420.02,-3.4644933,1.4909444,0.8112148
134223.8,0.28672892,0.38908893,-0.5087579
133710.78,-3.2943425,1.493605,0.87571996
115573.625,-0.33771273,3.0885746,-0.29216644
131859.14,-3.2637687,2.9744825,0.7446275
119003.84,-2.074477,0.7480063,0.49181715
124835.43,-1.5655774,1.1681869,-0.5362536
115554.484,-0.49065056,0.29011524,-0.66410786
127208.39,-3.2516837,3.0292435,-0.42811674
128821.84,-0.6434416,2.682014,-0.5492292
124265.14,-2.8078382,2.9096217,0.63392377
120902.0,-1.0631346,2.8600183,-0.6597975
118468.44,-1.1286402,3.0891912,-0.5644955
118579.16,-1.7230631,0.05467625,-1.0800488
121854.28,-3.4057884,1.7916496,0.9493653
119965.89,-3.3708928,2.1998918,0.73120415
116619.07,-2.1703494,2.8297167,0.44720656
118337.195,-3.0818307,2.9769297,-0.7965543
128809.6,3.4259274,1.035488,-0.5928243
116298.445,-3.4176993,1.0890495,-0.6530486
129754.48,-0.4226086,2.5643873,-0.64445776
119698.15,2.1647384,0.3599906,0.54143083
129736.94,-3.305711,3.0451443,0.5484597
124602.125,-3.0433736,1.0808798,0.7141257
129542.64,-0.3718276,2.619883,0.6466053
129169.875,-2.6412427,1.8479161,0.5858234
120280.875,-2.6429849,2.1459403,1.154247
126655.07,-1.8498166,1.4297651,-0.5271053
125911.29,0.6932713,0.17652047,0.8360696
118155.53,-2.1956549,2.6631014,0.40421838
119135.4,-1.1811725,0.14942318,0.32001218
124405.195,-3.070248,1.6487476,0.80731374
119536.77,-3.3201718,2.5081868,-0.48046
115482.8,-2.1671832,0.61295336,-0.4549612
129703.375,0.43681297,0.97903264,-0.7804768
115386.336,-3.1570408,0.3465557,-0.53044444
120190.66,-2.9045775,2.4877498,0.7753731
117466.06,-1.5849651,2.861906,0.35578004
120321.91,-4.4370966,1.9508208,0.25749117
126175.625,1.2620573,1.4854689,0.8722172
128213.98,-2.521988,3.0476367,-0.7233583
131012.67,-4.087278,0.7765569,-0.5263837
118455.55,-0.95215154,2.70407,0.59972095
125772.82,-2.8321877,1.8739029,0.58709717
118740.01,-0.7030765,3.1205974,-0.49792635
121836.766,-0.19812034,3.0381691,0.56178653
125016.14,-0.88973564,3.0356202,0.45579478
127645.41,-3.675678,2.8186958,0.8468276
123304.08,-2.9398146,2.385791,0.95895076
127446.35,-3.40822,2.9074852,0.48376396
125256.234,-2.5964565,1.9296489,-0.53814954
122420.38,-2.06194,3.1208107,-0.41454017
123913.24,-2.5513296,0.53447723,0.5974163
115252.14,-3.725078,3.0544353,0.46461076
124701.56,-2.9287617,2.4801388,0.88712615
115016.336,-2.6853,1.2337744,0.58595157
122742.625,-0.52387697,2.8051147,-0.6952358
116921.26,0.07730319,2.9308293,0.6178478
125345.87,0.73597866,1.6796668,0.52971977
123484.5,-0.31837642,2.8058112,0.7347589
127940.484,-3.0823817,2.2468436,0.96330005
129912.64,-0.047236886,2.9741673,-0.3284179
130400.08,-2.3228197,2.4332511,-0.6782475
126978.695,-2.7391071,2.1643105,-1.0224708
123511.51,-1.2899295,1.9948372,1.0156933
129563.33,-1.0639745,1.9612603,0.72623116
126978.04,0.8281538,3.0813406,-0.50082254
128619.0,-0.24700741,0.77776825,0.60811895
118914.83,-3.1070418,1.7885306,-0.62113625
115419.21,-2.799265,0.80999863,0.5078012
120320.28,-1.8486464,2.5063791,0.7906204
121264.336,-3.2242377,1.66934,0.6509083
132762.75,-2.1874444,1.8089348,0.77752334
123540.5,-2.8005412,2.9713635,-0.43449542
126673.625,-2.6832345,2.1394699,0.917386
131325.05,-3.6561306,2.947156,-0.80016524
130916.34,-1.4020108,1.6776268,-1.3492131
117775.65,-0.33380798,0.2983734,-0.41799742
133775.1,-2.7440338,0.035857737,-0.3087587
133101.44,-2.568115,2.8100793,-0.30514526
130948.28,-1.2450099,2.7185795,0.45061785
116992.305,-0.18075396,2.2574396,-0.80624413
131817.11,-3.2844715,2.4439244,1.03587
118266.414,0.79509175,2.4229584,-0.89329195
117707.56,-1.2717385,2.755614,-0.50623906
125907.03,-2.8623545,2.6719034,0.76512516
120784.68,-2.1600168,1.573587,0.66606355
134992.86,-0.9373756,2.7401304,0.8048399
132396.69,-1.1131021,2.9386551,0.36886317
130757.82,-1.0540997,2.7655787,-0.6263675
128738.04,-2.4220772,2.6889265,-0.8409134
124394.016,-0.5424931,2.7726402,0.5324496
123487.65,-3.7503624,2.4156668,0.7775971
125877.03,-3.5427108,1.947399,-0.6569181
122196.66,-1.1769032,2.6030166,0.6979087
126527.27,-2.1344838,1.6352129,0.7785536
122819.78,-3.0839264,3.0481048,0.91016674
124278.25,-1.3492756,0.73492473,-0.48335275
119945.4,-2.4523838,0.98132944,0.60385233
118169.05,-0.9958294,1.3381727,0.53604084
121156.23,-0.39046004,0.077002525,0.51790696
120081.81,-2.7806995,2.9893014,-0.36171868
120875.61,-0.28274068,2.0978155,-0.9145828
123493.58,-2.7283933,0.051683903,-0.5902006
128667.8,-0.60638684,2.7377295,-0.60852647
118297.05,-1.9131733,2.6609962,0.6554376
125326.3,-0.7704782,2.2473283,0.70276463
129764.56,-3.8351707,1.2245803,-0.8187012
117966.76,-2.4806206,0.15207589,-0.6007964
124834.93,-2.2066758,2.01541,-0.46620858
132811.7,-0.7240805,2.2200239,0.6969888
132012.42,1.5641397,1.4838718,0.9686866
121383.96,-2.8338735,2.2784972,0.7205323
131453.6,-3.8648543,1.1528417,0.43725452
117226.89,-3.1923258,1.7718118,-0.72210634
124984.71,-0.44039342,3.0121605,0.45801494
123301.12,-1.2460427,2.6199765,-0.5419209
127585.41,-1.1887776,3.0986075,0.34699002
120344.81,0.2014723,0.77866834,0.9247247
122998.37,-3.1756473,0.8092451,0.43402752
117057.33,5.8695393,1.6040207,0.80154365
116312.87,-0.95207965,1.7045344,-0.95211905
129381.945,-2.440686,2.4364228,-0.91426104
122227.37,-2.3335495,2.5531504,-0.6702907
120754.27,-0.61066276,3.1159534,0.36144415
128206.33,-0.041300397,1.3460813,0.612369
127518.336,0.20934467,2.614605,-0.6413757
122297.62,-0.8653435,1.2570362,0.9612937
116275.72,-0.2846532,1.6727393,0.5498533
120097.41,-3.1460497,2.827036,0.48329207
125446.23,-0.8086463,2.0671756,-0.7449227
117074.2,0.21229726,1.7883912,0.65446526
131692.81,0.07592099,1.9259616,0.8478744
117961.945,-0.83054775,1.8995528,0.7511956
134254.1,-0.6515655,2.2901902,0.738846
122324.29,-2.112217,2.45052,-0.37673244
115230.28,0.24750172,1.1035264,0.7166984
116545.664,-1.6191188,2.0217874,0.61193144
117564.42,-2.7705882,3.0232582,0.75807065
132525.6,-3.2096095,1.7309866,0.7919489
124815.87,2.4272468,2.9317255,0.7531675
133430.05,0.7862736,0.61343396,0.5001246
130407.69,0.16041014,1.9059556,0.6636283
127792.52,-2.9917197,2.0670233,0.6749517
120761.305,-3.3395274,3.0863256,0.741314
127941.37,-3.347168,1.7411565,0.75428987
117278.75,0.8129743,2.6102087,-0.63294727
130879.12,-1.4651395,1.2646198,0.69104755
117467.695,-0.60432804,2.747731,-0.6781
132459.56,0.70343184,3.046839,0.57469755
119643.02,-2.1577373,2.6836922,0.66589147
116107.19,-1.5036069,1.0537826,-0.47239074
121573.805,-1.3902509,3.1223493,-0.5341273
116357.79,-3.231375,1.6564413,0.5777809
133708.52,-3.7580116,1.563021,0.5006657
118297.19,-1.427571,2.9897952,0.40790784
115359.83,0.77194506,1.6566547,0.6299415
131836.48,-4.544549,0.44223785,-0.47963992
122732.945,-0.7962754,0.29338193,-0.38555965
117794.95,-2.3015823,1.267364,-0.91607
118968.57,-3.8983238,1.8479553,-0.63110274
123634.81,-1.587991,2.9597988,0.48224866
130576.53,-1.6455946,2.8401723,-0.32793733
133640.77,-1.7960564,2.871898,0.5683785
124721.54,-3.5232663,0.8139681,0.6035732
116559.79,-1.9653307,1.9123753,0.9868732
122278.86,-2.010881,0.027067184,-0.39825884
124323.28,-1.8025141,1.909739,-0.7629601
123473.26,-2.6063206,0.03356695,-0.6666037
123818.96,-3.4792788,3.066826,-0.58140945
117600.52,-1.1837385,0.8404095,0.82485414
123313.73,-1.5752776,2.921369,0.45950842
125989.67,-2.9829748,0.8387337,-0.55368376
121956.74,-0.45314783,1.7296406,-0.5666518
130191.016,-1.9194536,2.5435548,-0.3221677
124667.984,-2.6769702,2.466504,-0.69824797
131692.53,0.47064626,1.8055426,0.85410017
126013.664,-1.0336082,2.454706,-0.8993717
131579.84,-2.5210063,2.543134,-0.50751066
126299.44,-1.2936031,2.6599627,-0.70982444
128980.8,-1.314327,1.3373499,0.6483626
118354.85,1.3307091,0.5858631,0.7161679
132477.52,-2.9367154,1.7728443,0.51421213
121380.85,0.21193114,2.5022159,0.65521836
123182.78,-1.5676177,2.1108797,0.70240897
124709.73,0.07658252,3.0039828,-0.643855
119642.055,1.355532,2.6496427,0.4425652
123700.19,-1.8867475,2.9658027,0.3359506
130860.57,-2.4754157,1.8934537,-0.6521626
115016.26,-3.9335666,1.2116956,0.63821584
118095.85,-2.8245485,2.298829,0.76816934
122114.57,-0.98809516,2.915135,0.31120676
121472.42,-2.8818505,0.07233119,0.4651053
123632.22,-0.5317407,2.4601648,-0.8518146
130852.31,0.049489688,2.4967012,-0.5744732
120619.4,-3.124546,0.41634357,0.33755225
122943.29,-1.5446013,2.8764114,0.32037672
122096.34,-2.043344,0.65643716,-0.5013253
132369.69,-1.3776685,1.668753,-1.0399948
128619.24,-3.9796488,3.1135545,0.45230976
126283.75,0.65821636,2.6210065,0.73784924
117065.03,1.1497388,1.1523602,-0.7440661
123066.23,-4.0952306,2.8217516,0.44982395
128335.41,-3.3259308,0.18293762,-0.36136508
120107.95,-1.3978018,2.8367755,-0.5602202
118319.26,-0.6519161,1.448682,0.7063156
115081.66,-3.4626172,2.9027886,-0.6396291
123596.61,0.20902553,2.772483,0.7157923
128265.58,-4.005622,2.511193,-0.700775
117948.836,-0.032384295,0.07953048,-0.38216403
134796.08,0.8639955,0.04236476,-0.39908564
132214.5,-3.5493686,0.19024491,0.75804794
131707.23,-0.11763679,1.5669093,0.72521234
132582.44,-2.656451,0.6133265,-0.7647377
117894.6,-0.09322578,2.5939827,0.6465387
124175.94,-3.481445,2.531564,0.5940826
118859.97,-0.34328407,2.494167,0.5996543
133634.48,-1.3372782,1.5989208,0.5055687
117003.96,-2.2339857,2.7487142,0.36383742
117423.2,-1.7818135,3.0197632,0.44343954
116934.46,-0.037864603,0.23702449,-0.60972595
117751.125,-1.0936551,2.9865468,0.23832008
122669.72,-3.0954885,3.1254344,0.6166248
115107.28,2.3018475,0.4691112,-0.4921601
119380.805,-1.9094695,2.8151128,1.009096
125656.61,-2.0930254,2.2387674,0.8776287
120330.03,-3.4053426,1.4524342,-0.45315504
116421.22,0.6044681,2.500149,0.6908386
134986.92,1.4360993,0.32793462,-0.42079824
134852.55,-1.7446498,2.5678148,0.29110953
116840.65,-4.0440083,0.8412321,-0.73305607
119273.22,-2.5494814,0.93957037,0.47842905
122609.38,-3.4882786,2.568381,-0.8514771
124308.28,1.7722477,2.8052118,-0.6905346
127183.34,-3.4979002,2.2021012,0.48853263
125380.46,-2.2687871,2.0581043,1.0366943
130011.13,-2.3831303,3.1017194,0.5972524
132784.89,-0.21358505,2.7259111,-0.6006827
122452.55,-2.7032037,2.219461,-0.6973636
130539.05,-2.1376505,2.6935642,0.8681368
131667.1,-3.2209692,3.0686858,-0.9613235
130145.4,0.78299487,2.344493,0.6812318
129052.85,-1.0943758,2.4861484,0.45771608
116179.4,0.7745804,1.0227067,0.5677379
125829.96,-3.0680113,0.64917755,0.5830229
129637.26,-1.4094009,2.2826777,-0.31273502
117650.72,-2.7562976,1.7451127,0.68322766
123637.48,-3.3853881,1.0009394,-0.6162236
122478.45,1.892479,0.8333335,-0.56923556
122045.57,0.34577745,1.4454451,0.59491956
125678.016,-3.269557,2.2228932,1.3029877
115035.56,0.15919374,0.9988513,-0.5826845
115644.44,0.04777212,2.7109342,0.38881618
133528.64,-1.1412698,2.8090975,-0.54169345
118203.62,-1.0558091,2.8630123,0.5086982
129574.36,-3.6133473,1.1922344,-0.5201241
117977.016,0.5251754,2.7239363,0.88794464
119974.25,-3.593145,2.857328,0.6087649
131104.86,-1.8502603,3.0140486,-0.52210176
121114.99,-1.6882769,2.9393647,0.54296887
116225.21,-2.8409712,2.737274,-0.4460972
119641.75,-2.011324,2.9255934,-0.4088096
126171.86,-1.9517206,2.6407783,0.70236284
118400.09,-3.070773,2.0631738,0.68962157
117243.54,-3.6981542,2.933265,-0.5538979
126549.484,-2.3674395,2.0962,0.9115262
123949.55,-2.182364,3.0564034,-0.6594716
121238.086,-2.2468386,2.925875,-0.7512466
134286.55,-3.2495368,3.0116255,-0.1975082
117695.12,-1.5499651,2.713008,-0.49926847
126601.16,1.1521301,1.0502582,-0.8377139
122677.16,-2.374609,3.0130029,-0.12745917
115183.04,-2.6065884,3.0109558,-0.5450254
115597.945,-1.4499438,3.053345,0.788098
129065.17,-1.5700418,1.4270312,0.9254976
121430.305,-1.2490734,1.0691708,0.68999046
119571.64,-3.1411777,0.49245632,-0.5698708
115023.86,-3.9653814,2.702255,-0.7949368
126458.55,-1.9092236,3.029735,0.69375193
126881.44,0.61927646,0.9670833,0.7736861
126367.6,-1.3918113,2.0101068,0.81634957
121304.6,2.4393501,2.0317152,0.88465834
133948.8,-4.270958,0.07296413,-0.44429225
118132.79,-1.3903371,2.8080456,0.7481616
117452.24,0.14857504,2.5259337,-0.687566
116620.836,-2.7911403,2.7063327,0.49405015
127508.09,-3.84194,1.0933301,0.75846076
122984.66,-4.186447,2.4740663,0.65845513
116418.62,1.8457485,1.9105642,-0.67996544
115639.12,-1.5607433,2.7076209,-0.6181187
119556.94,-3.05839,1.3266408,0.81046134
125344.31,1.9711671,0.2766571,-0.5022961
121978.695,-0.60379326,2.586896,0.43491745
117163.16,-2.469296,2.932274,-0.49633285
123873.83,-2.0247324,2.3105772,0.4198388
117470.41,-0.59091294,1.2647424,0.6390795
116777.49,-4.3049903,0.4021178,0.7688289
126716.35,-1.8272041,2.5757275,0.7126703
116309.18,-3.3735497,2.115624,-0.6938473
120024.8,0.62665564,0.2539612,-0.51767945
118378.484,-3.7228878,1.3454664,-0.6819853
129380.016,-3.44956,2.990676,-0.59482545
116880.32,-4.016853,1.5922428,0.3480841
134948.83,-2.9633605,3.1268084,0.49557546
119640.91,-2.2961006,1.9796401,-0.7182851
125842.51,0.1861695,2.1666746,-0.8312631
119443.92,-3.8054338,2.8971066,-0.29257858
126323.805,0.54694504,2.1353745,0.6615944
133007.38,-0.340985,3.1376731,0.32929164
118128.98,-3.35021,1.4363848,-0.46129614
116393.58,-4.2337117,2.1631672,0.589054
132787.34,-2.6280813,1.2331946,0.60772777
116119.6,-0.6045345,0.05488181,0.3817173
116394.82,-2.7647033,2.333555,-0.65152466
117059.96,-3.686601,1.7395301,-0.60860765
127013.34,-3.5091383,0.7059098,0.66654795
123857.68,0.27424538,2.987496,-0.6929868
128519.86,-3.5345178,0.30632043,0.63444704
131131.42,-3.282021,2.975078,0.36800632
118517.22,-2.36914,0.44379973,-0.965739
132380.05,-3.680945,1.8637979,-0.7771626
126826.26,-1.4513571,2.5512128,-0.6759831
122684.35,-2.0819867,2.922382,0.23701465
123692.914,0.07311504,2.7927303,0.8158856
119864.36,-0.8751615,3.080017,0.23006715
119738.14,-0.6710341,2.9523754,0.96513224
126559.72,-3.6541805,2.5000677,-0.40720493
128380.766,-2.7011063,1.7158351,-0.8287323
117487.4,-1.5358961,3.0861123,0.5128022
124665.89,-2.093099,0.75003934,0.63750595
128982.26,-2.003816,2.9346538,0.5997311
115840.95,-2.4242578,1.9990623,-0.6719052
129881.9,-2.1178591,2.895021,-0.7798542
129731.766,-0.57680786,1.01187,1.0546972
116855.19,0.50149,3.0644855,-0.29360393
126341.62,-3.1319242,2.5306563,-0.6869599
126932.484,-1.3441896,1.9518629,1.2036724
129999.766,-1.5524381,0.7114587,0.85473686
134329.55,-1.2723718,1.3004403,-0.7022438
131014.016,0.25433588,2.0978894,0.55992556
119512.2,-1.1737828,2.7966907,0.52849144
118887.64,2.3338037,0.077735424,-0.31521887
131332.22,-1.573483,0.27594995,0.67977923
117045.21,-1.0983957,1.4606069,-0.57316685
131655.31,-0.9902279,3.0778313,-0.61084956
124734.39,-4.18547,0.71355873,-0.50833875
133132.86,-1.5731184,2.6525526,0.69363266
129893.23,-0.869193,1.9130341,-0.69617903
133553.66,-2.0351787,2.644732,-0.39094162
124168.26,-3.8667297,3.017046,0.23632425
123038.055,-1.7166009,2.7505732,-0.46092498
120559.984,-1.8302335,2.7834973,0.3775374
117731.89,-1.1546493,0.42273736,0.3657096
127819.08,5.014781,1.0510206,-0.7307131
126382.195,-3.9025764,1.269066,0.665968
121001.21,-0.9530273,2.871716,0.38463932
125406.34,-2.6877415,2.169522,-0.78523964
119978.81,-0.79386425,0.026699066,0.60006094
123090.52,-0.12907264,1.9390941,-0.6079114
122504.51,-3.469856,1.2403808,0.63106555
134003.53,-1.2670375,0.3927275,0.56241775
132250.92,-1.79449,2.6880438,0.325903
120695.586,0.73500305,2.7258687,-0.64378154
134147.73,-1.1337363,2.7318792,0.58741903
128540.93,-2.60795,2.9789515,-0.513785
128468.98,-2.1413682,2.328786,-0.7506604
128782.664,-1.9764327,1.7471756,-0.6374694
122155.48,1.1928371,2.9913561,0.17203239
121349.53,-0.89684796,2.9528809,0.4042945
123249.664,-2.8677924,2.3203318,0.6379745
120605.71,-1.644771,2.6051548,-0.53086853
127718.3,0.6992959,1.5632715,0.920904
129508.08,-1.2016015,1.9786596,-1.2550048
131282.9,-1.6730245,2.5430894,0.73835355
120709.2,-1.4188809,2.5893757,-0.7764033
130365.07,-3.4819696,3.089416,0.4059115
119306.12,-2.0893195,2.7944164,0.43655622
126191.9,-0.5685314,3.0016751,0.7974722
134111.1,-0.7750783,2.0323713,-0.53316665
125324.65,-2.8420486,2.0464787,-0.952018
125516.836,0.7397189,2.6780457,-0.44427973
125636.45,-2.3158631,2.560395,-0.6227798
118584.18,-2.6496117,2.8540087,-0.86007845
115446.18,-1.494709,1.777014,0.73308706
134287.3,-1.0973858,2.5976756,-1.1835679
122074.0,0.05547061,2.6262975,-0.72789687
118410.37,-3.458652,1.1460857,0.5313324
131745.19,-0.63845986,2.0495536,-0.48174086
118583.25,-2.6180093,1.6561348,-0.5416364
131689.67,-0.67078704,2.9232705,-0.4896685
125208.68,-0.7421379,1.7132859,-0.59035504
122976.67,-2.0867424,2.1002762,-0.5788515
130353.06,-2.9269927,1.1449325,0.75740755
131280.89,-1.7004807,2.5873375,0.42523083
123323.36,-3.3506966,0.6601251,0.53703254
123899.36,-3.9320104,0.833766,0.4950139
129931.45,-4.3824844,2.4610999,-0.6970534
116868.1,0.22768635,2.8614821,0.89753693
125355.664,-2.1734195,3.0876157,0.80692554
119280.9,0.29328275,0.39646685,0.7229386
129466.91,-3.3673062,2.7913854,-0.3454889
130143.81,-2.8205104,1.9886068,-0.6827192
125435.48,-0.5738394,1.2813437,1.0229263
117410.375,1.8098876,0.40947878,-0.52548146
115090.83,-1.6250623,3.1199737,0.49937743
123721.83,-0.37017986,1.9541204,0.6862689
121000.46,-2.1065245,2.8355734,-0.33924606
123530.79,-1.0781912,2.978992,-0.4016645
123829.68,-1.3231698,2.7290573,0.47966284
130638.734,1.8821417,2.9552064,0.4568556
130199.81,-2.670288,1.8292673,0.77242416
124383.42,2.800662,1.1031823,-0.5498965
125507.875,-2.4596894,2.9744616,0.45657414
115816.93,1.3795121,2.8241665,1.1221133
118857.516,-2.5099385,2.0613377,-0.72520405
119450.9,0.13395557,3.0264492,0.30622995
122516.94,-1.0449909,1.3682932,0.6047833
121139.21,1.2318856,0.7618599,-0.698411
117859.984,-2.672165,3.089011,0.5370027
117750.37,0.6874778,2.0925546,-0.61119586
116610.37,2.928869,2.2768247,-0.5475742
130839.91,-3.8949172,1.0034842,-0.68773526
128866.39,-1.2888848,2.8542407,0.61764926
134904.69,-1.8158793,3.0524416,0.5323952
123547.61,-3.2943592,2.1995955,0.7195896
122734.57,0.9132045,3.0696073,0.20191562
116838.17,-3.5768204,2.5729213,-0.5490658
117063.85,-2.882638,0.8001636,0.66949075
133786.75,-0.018408738,2.4844918,0.6305749
128261.31,-0.76125956,2.4127028,-0.79975533
126126.22,-3.576309,0.92237306,0.5598419
120363.62,-1.0798823,2.7881074,-0.8089602
126061.28,-3.5872378,2.1757007,-0.60573286
123768.27,-1.9947773,3.11837,-0.73607266
117867.3,-1.2726659,1.8692927,-0.743278
125506.86,-3.5777035,2.5052428,0.7115889
121976.38,-0.6089719,2.733534,0.62289673
123047.055,0.034832068,1.6803454,-0.7340142
124939.81,-3.550013,1.4929717,0.8050819
126394.7,-1.2843591,2.9789646,0.23740575
119023.45,-2.9442358,1.6087263,-0.47044417
129153.87,1.0490009,3.1301773,-0.4267026
123000.51,-1.4045956,2.0298505,0.45086056
129590.484,-3.1007872,2.9875343,-0.7396973
117272.89,-2.0951595,2.7153153,0.75098056
132051.61,-2.8343287,1.6049025,-0.47649622
122522.875,-2.4872935,2.284153,0.56735647
132260.95,-2.5264053,1.766833,0.65254587
129056.59,1.9819816,1.3565863,-0.7780299
130808.59,-3.8379908,3.0808609,-0.64727837
129185.12,-2.973185,2.4299853,-0.7645344
129077.49,-0.88526595,2.24187,0.6613341
118294.3,-0.89065045,2.646203,-0.23520072
130453.3,-3.9796116,2.0156121,0.6139942
131398.66,-1.9143072,2.9238908,-0.46611083
121554.875,-0.9854702,2.9676454,-0.4337358
127356.12,-1.9298705,1.3351063,0.5234843
120437.51,-0.95109475,0.33882147,0.69903255
119792.695,-2.3583732,2.768896,0.32341146
117380.8,-1.0608282,3.010583,0.5415472
126604.05,-1.4335306,2.5755525,-0.8684151
125601.72,-0.5375599,0.11185765,0.5296144
118588.56,4.4248457,0.3300147,0.48830754
123946.16,-3.4465957,1.8165421,-0.31598526
130397.88,-2.1658669,1.1246767,-0.5551392
115458.3,-1.9202787,2.6795027,0.24022844
129110.13,0.65439975,0.8227247,0.5890646
118882.625,-2.2726717,2.797227,-0.5758827
117234.32,-2.2130206,1.5224513,-0.6332155
123330.19,-2.4497256,1.7657667,-0.6654908
119618.336,-2.874302,1.9032031,-0.971885
125400.91,1.68578,0.91758513,-0.5093646
119494.266,-2.330887,0.059185028,0.39326254
126430.95,-3.120175,1.9368007,1.1210579
132623.94,-2.035021,0.20430481,-0.29845536
122885.69,-1.7904066,3.0780463,-0.5249256
126624.87,-2.0447257,2.598828,-0.47637683
134765.66,2.7183151,0.69602275,-0.5916882
123242.414,-0.32204467,1.0347503,0.5277414
118903.734,0.35027236,2.6162748,0.5684566
134578.11,-2.1804533,3.1320188,0.6052315
116565.0,-3.3214564,3.017963,0.6064692
124322.66,0.20315386,2.334418,-0.79925835
127015.13,-3.0680046,1.4207182,1.2081764
120447.86,-1.2419225,2.6884184,0.63298625
131594.67,-2.2785456,0.4667437,-0.5986356
119137.51,-0.37897193,2.8159056,-0.39294338
116484.33,-2.045822,1.832724,-0.5095593
123202.98,-2.1490092,2.8736258,-0.6597392
130088.484,-4.1671705,2.444178,-0.84305304
120937.87,-2.3660002,1.4327145,0.49703762
126005.21,-2.4570315,1.5351743,-0.76465917
127589.55,-0.25296956,0.51268804,0.7988035
134515.55,-3.2535043,2.933974,-0.8776334
118443.71,-2.7997189,1.3216414,0.70577496
121761.625,-0.78687704,0.6436994,0.4689601
130057.04,-2.889783,1.0008907,-0.53418463
131273.31,-1.9107608,2.9377668,0.25949618
125398.375,-3.81771,2.3608341,-0.5174785
127130.766,-1.1802692,0.35756993,-0.6441571
118155.375,-3.2686617,2.7171,0.55053884
127122.305,-3.4587479,1.8000245,0.6539267
133935.23,-2.6318815,1.8805071,0.656402
117571.63,-1.6311176,2.5247421,0.41378483
132078.12,-0.0016908031,1.8888419,-0.58881944
130239.68,-3.4366043,2.474544,0.72575516
126844.03,0.814279,2.3900692,0.6273758
132803.72,1.2233323,3.0218468,0.4464661
130149.516,-3.3085673,2.7046833,0.75272244
122192.28,-3.2083197,3.001768,-0.61520755
123184.36,-2.9384167,2.9594169,0.5329222
127062.45,-3.4478154,0.68872076,-0.35952854
121412.555,-0.98967135,3.1354642,-0.611893
118382.31,-2.9724586,1.0482845,0.44342792
133229.78,-2.3641853,2.7544708,0.2843704
134125.88,1.5009627,1.4844316,-0.54136163
124703.41,-1.7764364,3.013533,-0.6721461
115174.67,-1.8537364,2.8498545,-0.5589894
120688.766,-0.409261,2.0303326,0.70966023
117129.77,-0.65814036,1.2946782,-0.5659721
119641.55,-0.4216587,1.7344975,-0.69862425
115372.48,-2.0697997,3.0107536,-0.83986866
132870.81,-2.0256305,3.0613103,0.46820062
134472.56,-0.9743741,0.02799511,0.708101
125678.21,-1.8753978,1.9704207,0.8873692
121251.61,-0.4424873,3.1329055,0.44631004
126597.39,-2.3722587,0.80335146,-0.6235792
119922.6,-3.220469,1.9539887,0.5867354
117816.49,1.1798137,1.67831,0.7243615
124913.664,-2.1240802,3.1320438,0.76276356
129032.24,-2.8048763,3.043363,0.9920352
122800.69,-2.6268609,1.0946116,0.6248656
127784.42,-2.3584108,2.7328424,0.4784809
119199.53,-0.98152417,2.1316078,0.9408078
132443.73,-2.552786,2.2742455,0.54075307
115233.29,-1.6201729,0.22166228,-0.8065603
126542.664,-2.698209,0.8356161,-0.7420934
134093.44,-2.8855774,2.8663213,0.7163537
118833.805,0.08914295,1.2899003,0.60532725
121804.95,3.4928703,2.1970475,0.9485023
121620.89,-1.4151734,0.40710688,0.44408712
123939.54,-1.981257,2.372826,0.26996198
127224.46,-2.41428,3.04866,0.6640102
134077.47,-1.9884663,2.1333556,-0.53452927
117811.29,-1.0978417,0.24575031,-0.56715906
125761.23,-0.5523272,2.7247126,-0.5894492
133520.86,3.1969965,1.2546797,0.5611067
133693.27,-0.7981133,2.4046347,-0.59359366
118054.92,-2.1007988,1.9634145,-0.7707647
128248.38,-2.1267595,3.0972528,-0.3491011
117618.555,-1.5827377,3.0997248,0.49144208
117037.08,-3.7822251,0.616572,0.63631296
118331.875,-2.67119,0.37398148,0.75993
123178.664,1.4048345,2.0092428,-0.8215149
124551.984,-0.6260264,3.0003319,0.6929648
118632.86,-0.71471065,2.0463986,0.81971157
130022.055,-2.6651254,3.0693102,-0.42406788
128873.18,-2.0525765,2.5651102,-0.4426998
132948.06,-3.0266898,2.849461,-0.6301902
130188.945,-2.3106565,2.031161,-0.6490218
119094.16,-4.2827888,2.194591,0.63542885
133124.97,-2.4008703,2.603405,0.46451414
122248.11,0.24984635,2.0050282,0.9474146
116800.01,-2.773964,1.9406924,-0.30021384
127208.58,-2.035996,1.6644765,-0.4348197
122689.56,-2.5914404,1.9787803,-0.60887223
116042.22,-3.3260796,0.22239184,-0.5235513
120415.81,-2.1433,1.0314362,0.23133516
123939.7,-0.07989381,2.197606,-0.6690622
127865.76,-2.6124022,1.5210552,-0.3791729
115975.39,-3.5275059,3.0650418,0.87310416
116844.34,-1.5484153,2.2180395,-0.6145909
127733.555,-3.024855,1.3736362,0.7317916
126267.586,-1.3465798,2.9887555,0.8419487
128425.63,1.2550813,2.9850113,-0.6994121
118643.02,1.6861706,1.1411405,0.89383215
130813.58,0.7235469,0.08698952,-0.30200583
130843.06,-2.672134,0.1399768,-0.36750123
123701.55,-0.93036413,0.012925744,0.426636
129159.57,-0.701533,1.7075833,-0.96202576
124318.72,1.1425306,1.9507674,-0.52046466
115221.33,-2.9143872,2.4910567,0.7834382
116509.08,-0.5142239,2.4783602,-0.39227274
123620.805,0.89912206,1.2636153,-0.56047773
117368.57,-2.7779968,0.3033701,0.5600258
132045.31,-2.7774584,1.2112112,-0.7935999
126056.65,-2.4468017,2.7530456,0.7348871
117699.51,-2.835667,2.1335058,0.665072
123796.28,0.107393004,3.1170676,-0.51435524
128773.55,-2.6088939,2.519324,-0.8937202
116390.836,-2.8164525,2.8131952,-0.7683714
116058.66,-2.709705,2.1758456,-0.7833328
121409.18,-0.81697285,2.6811323,-0.5979359
118563.51,-3.195301,0.15685785,-0.65640074
121820.77,-2.4820557,2.6450932,-0.6289086
124380.44,-1.494718,1.9534764,0.7129533
119388.984,-2.3982847,0.21270895,-0.43158868
130024.82,0.39971617,2.7434413,0.4572898
126829.14,-1.6257424,1.9120691,0.68139464
126489.414,0.6748439,0.3842132,0.5938615
118112.805,-2.6261723,0.6159378,-0.7293129
116539.53,-1.5447658,1.298004,-0.72409767
121208.11,-2.114597,1.8891664,0.7051483
128589.625,-3.673759,2.564884,0.8821737
121486.27,0.20331554,2.6960495,-0.47075278
128868.8,-0.88333493,3.096564,-0.40117398
128639.77,-2.3305857,2.127841,-0.7907699
124906.3,-0.03400197,2.9550664,0.38999915
123081.28,-0.22442952,2.9799817,-0.46940336
115393.17,0.19754684,2.1655614,-0.68909746
115333.18,-2.0133467,3.0674772,0.6490875
132238.14,-1.4624704,2.4164968,0.52763104
116528.336,-2.7522495,0.26016855,0.41842118
118264.35,-1.9665911,2.3847024,0.78929615
127386.555,-1.8029709,2.3881536,-0.43861875
129684.18,-1.0350821,0.5069092,0.61148804
120860.44,-3.0419385,2.9567738,-0.41167778
122196.26,-2.3636713,2.0179648,-0.4284674
122261.08,-3.1279676,2.8386254,-0.40269074
126232.97,-3.3058784,2.6091278,-0.7003807
129391.2,-4.2036777,2.9240584,-0.45145082
122549.5,-0.0671958,0.2796843,-0.48384187
121746.78,-2.5215034,1.8839529,0.8195037
128657.28,-1.451259,0.092608094,-0.3009639
115339.32,-0.12860243,1.4975045,-0.74050456
122179.13,-1.7752832,1.4964477,0.97823954
116379.914,-3.5580287,0.27233768,-0.5611262
127506.89,-1.9625278,1.519486,0.7013699
122620.71,-2.1013072,0.7747936,0.8648806
115371.66,0.41167283,1.9601213,0.85598093
122440.555,-1.0018551,0.15021455,-0.26237825
134233.77,-2.3307836,1.9355353,-0.6011359
123487.71,3.2870595,2.210581,0.9804736
115819.52,-2.453458,2.8456557,0.69734776
116807.09,-2.0314,2.6936233,-0.81018734
129152.82,-2.558728,1.6487341,0.45446217
119143.8,-3.517,0.5677117,0.68291616
120535.48,-1.3353359,2.9580457,-0.35905465
117950.71,-1.0372486,0.84673965,-0.64545476
116036.56,0.57753694,1.1811175,-0.6329827
129499.93,-1.0590919,3.1007085,0.5732341
118802.48,0.014854186,1.7517143,-0.59676415
121695.02,-1.2742755,2.0693355,1.1653559
131934.17,-2.0991955,2.473068,0.5710804
120296.03,3.297638,1.148225,-0.7182261
133491.62,-2.959822,1.773326,-0.75911885
115658.73,-3.5459108,1.4985316,-0.905563
116060.58,-3.3075695,0.35603857,-0.8000869
120462.586,-2.9067085,2.6984766,-0.35903603
119105.6,-2.9018674,2.508209,-0.32975355
128818.96,-1.9316895,2.1478837,-1.06173
131150.69,-0.3491887,2.6777518,0.54776895
125206.266,-1.4859753,1.2401881,0.7317201
128848.18,-4.2791057,3.1353953,0.29812267
121008.65,-2.7111645,1.8630205,0.56014335
116585.805,1.4787861,0.9820808,-0.63904357
118349.7,-0.72811943,2.7438462,-0.49385393
116383.48,-2.1035626,2.2719004,0.50962526
119452.81,-2.5648336,2.0476077,-0.35461515
130256.52,-0.15804476,1.7946494,0.8597989
125064.164,-2.6525676,2.8879561,0.7835878
129676.4,-2.612594,2.2938037,0.7098602
127708.93,1.6886245,3.0837348,-0.59085447
119553.234,-1.4407538,2.0061667,-0.6669607
119765.734,-1.9203979,2.8297386,0.42252746
134160.16,-2.2647808,2.9789457,-0.4920653
131918.58,-2.1278691,2.29826,1.0275571
131646.77,-2.876263,1.6685001,-0.8011335
129986.49,-2.2775054,0.9482666,-0.81807756
126380.09,-0.3998365,3.0728664,0.45653632
123152.836,0.28974304,2.529777,-0.76220095
130603.234,-2.359767,0.97274816,0.82065064
126109.484,-3.3103018,2.2702146,-0.67012775
131050.26,0.65218675,3.016573,-0.41229862
133888.6,-2.4852965,2.01165,-0.74948335
126457.24,2.4490027,0.16948462,-0.644726
120422.65,-1.6505377,3.0977588,-0.5916477
122941.8,-1.620124,0.8655791,0.5090748
123376.74,-0.6864221,2.467524,1.0317521
129462.94,-1.8310393,2.432229,0.40504187
126425.68,-0.58490556,2.418985,-0.5417312
132241.0,-3.0995998,1.3633368,0.54993236
128842.62,2.0910897,1.8009346,0.71280843
128988.54,-2.6877785,2.4225183,-0.6159026
118770.57,-3.1620736,1.4001819,-0.84180945
126116.39,-0.28506076,1.3939983,1.1384408
123956.43,-4.1959352,2.3174922,0.7593936
117658.01,-1.4915987,2.5725667,-0.6208254
127576.18,-2.1334643,1.1738905,0.6326439
118953.24,-0.55270404,2.898096,-0.5339792
115387.83,-2.194586,0.96386695,-0.60339946
125013.29,-2.9654515,1.9209913,0.46028855
119926.71,-0.11710647,2.930489,0.30518606
129991.0,-2.4423125,2.4280515,0.8000448
121849.15,-0.86965185,0.028127015,0.4137001
115059.54,-2.9326673,2.87574,-0.4723285
122094.586,-2.0253565,0.11527991,0.27648464
127147.32,-3.6973903,2.88949,-0.47832614
124346.83,-2.317832,2.7189927,-0.7230856
129403.03,-0.31629622,1.6202662,-1.1585201
127094.5,-2.1340692,1.7048926,-0.5914519
128997.7,-0.6123081,0.6454319,-0.5522948
118483.13,-2.9851363,1.1502926,-0.3318543
121883.47,-1.5486935,2.908265,-0.73615366
120855.44,-0.03782449,2.9947758,0.4543282
134112.7,-1.3945428,0.47350788,-0.5843965
122203.64,2.054755,2.3407981,0.5339479
120233.9,-2.4315681,1.8648448,-0.7754262
118960.414,-1.3290458,0.51487523,-0.46385726
125149.35,2.7492049,2.4124737,-0.7123874
116782.664,-3.2370336,0.3308599,-0.4722837
118600.0,-2.584136,2.233933,0.52071387
126700.87,-3.4523404,2.7714353,-0.3840618
133015.45,-2.1954548,2.2125306,0.8419634
121325.945,-1.050656,1.2392421,-0.72602415
128642.07,0.15615758,2.7862976,0.62764335
129378.336,-1.602863,2.093578,-0.5300398
126461.38,-1.4090756,2.166414,-0.6914681
130712.7,-0.9713232,2.4867108,0.5692657
124601.07,-3.8804936,2.5035992,-0.1659603
127371.875,-0.12249266,1.7818664,0.67902076
122161.734,-0.2503936,2.4117565,-1.1803964
123772.13,-0.30896366,2.9186516,0.67663634
127519.92,-2.0065145,2.4332738,0.6776662
129633.03,-0.73371565,1.3637398,-1.1498274
116438.266,-2.182275,1.4115056,-0.33577907
119872.19,-2.4861364,2.3694618,0.33962527
127786.63,0.15751211,2.1559663,-0.6066578
122904.71,-1.2217221,2.584572,-0.46520293
126346.56,-1.4964261,1.4250442,-0.67009515
119284.48,-4.4411783,0.23084044,0.7206645
116715.49,-3.2994118,1.2529603,0.3783435
131960.02,-0.30122244,2.5658658,0.56605554
133194.55,4.2812133,2.0796158,0.8628622
123759.77,-1.4928414,2.0845175,-0.7313446
117372.0,-2.4129336,2.9793804,0.8055094
118116.945,-2.037759,1.8565313,0.57152444
123101.91,1.4539936,0.36230183,0.5872076
118751.52,-3.4508579,1.9420614,-0.7821649
124774.79,-2.261948,1.1900692,0.5217105
119044.76,-3.2516558,1.5770454,0.35458684
126602.42,1.00986,3.0481863,-0.56098014
125943.99,-3.773677,2.5864234,0.5327249
124761.52,-3.6817365,2.516873,0.59917533
132165.73,-0.6961463,2.701339,-0.6182048
123086.57,-3.5420823,2.983457,-0.350282
121574.18,1.2516588,1.0245491,0.8466812
131191.38,0.5263107,2.847064,0.60718673
124942.07,0.40201274,2.320183,-0.25917158
127124.88,-1.5075405,0.6844956,-0.53664
116851.48,-1.3839052,2.8252385,-0.21034823
122528.516,-1.3372439,3.111946,-0.680472
126551.125,-1.937899,2.9609432,-0.9680727
119459.84,-2.4822495,3.0211287,0.63763744
120545.84,-0.88857967,2.9651535,0.27036276
118149.164,0.39373392,2.7724206,-0.71990526
126671.305,-0.7128835,2.9570584,0.68618304
121062.06,-2.677232,2.8701918,-0.5320474
121669.99,-1.7857984,0.9310552,0.50597876
132796.62,-1.0369925,1.8059344,-0.5624131
117046.01,-2.5081172,2.4126573,-0.66305286
121930.93,0.51071215,0.09040332,0.5303081
133363.58,-3.6672633,2.0737307,0.5642473
122475.42,-2.054251,0.11241865,0.43068507
124505.74,-2.5072014,1.4988043,0.9308363
120503.836,-1.1302838,2.136517,0.7708687
115870.33,-3.0352216,1.0628797,-0.66865706
116024.234,-2.8772874,3.0223022,-0.5116442
116410.73,-0.055633962,2.5825276,-0.29712394
125427.05,-2.4463346,3.0723376,0.5202465
121539.44,-2.2930202,2.4372578,-0.6842261
120096.46,-2.8470702,1.8422276,0.92953336
126759.65,0.57835025,3.063934,0.51169103
117057.99,1.8619049,0.89261377,0.5458428
115747.17,0.47375387,2.6931105,0.7452024
115501.21,-3.0744064,1.9417421,0.3507313
127560.53,-3.6933336,2.5863404,-0.8312478
120436.31,-2.8233001,0.60232836,-0.5697561
126285.04,0.86399204,2.510221,0.9947734
132931.77,-3.7196655,0.05532098,-0.26853466
133644.66,-0.020618973,1.5712503,1.0618422
116599.17,-0.63640517,0.6243149,0.6687258
127555.49,-2.068455,0.024807692,0.69999886
125155.77,-3.2004156,2.5636854,0.7238649
116828.27,-1.164736,2.7689962,0.49842662
129856.31,-1.1871184,2.5897098,1.1240368
117251.68,-2.0620718,1.0445446,1.1274732
119116.586,-3.7531583,0.51853776,-0.6921686
134435.9,-1.1570796,1.7161326,0.5843706
127966.984,0.6864611,1.6930062,0.69531095
117776.42,-1.3679464,1.1705822,0.5629967
118630.61,-0.1270438,2.4658573,0.46154183
123671.81,-1.5076909,2.592784,-0.68738097
121763.836,-1.278197,1.9725742,0.71640396
117309.35,-0.56852955,2.0521286,0.7787348
123735.17,2.5750544,1.1955563,-0.8560183
125441.16,-3.2399294,2.7656963,-0.7654029
134348.95,1.0222168,0.951297,-0.7585194
124903.05,-1.4820498,2.7971134,0.30137527
131018.95,-3.5303254,2.5741718,0.9638666
118295.84,-2.7241652,3.093466,-0.5813366
115632.21,0.4867052,3.0575223,0.9595811
118001.4,-2.6982763,2.7011955,0.5424689
129028.39,0.02963944,0.65203536,-0.67534935
133942.08,-3.6558678,2.242673,0.50025946
118366.22,-1.8071463,2.2413018,0.881961
131823.56,-0.6888258,2.267883,0.91416526
116034.02,-3.5145693,0.18669248,0.3998216
129461.34,-1.453702,1.1416894,-0.81777656
120567.42,-2.3614035,2.1565356,-0.8330596
124620.1,-2.3625124,1.9541159,-1.1651665
121254.22,-0.96129423,0.40849257,-0.48477703
126847.18,-1.339604,1.5693691,0.5521095
123751.75,-2.030602,2.5327957,0.51745325
134323.44,-3.1267426,2.594038,0.6742973
123089.766,-3.0771232,0.1302743,-0.52372336
115344.46,-3.0039437,0.39714015,0.6362885
132618.2,-0.7621774,1.9807959,0.9295705
130759.3,-2.2379677,2.8305383,-0.60300434
134662.7,-2.9364696,3.1371279,0.84325355
126750.59,0.97898847,3.119257,0.42071837
129614.77,1.0843768,0.9759518,0.78549135
128303.516,-2.9393167,1.6203603,0.71138567
131265.94,-2.9811935,2.8193738,0.61633813
123535.48,-2.5092907,1.1147168,0.37848815
134702.23,-0.24050838,0.2573123,-0.49536714
133209.44,-1.1579233,1.2322509,1.186095
127197.62,-2.9303505,2.3763576,0.70418906
119515.66,-3.1386375,2.997603,0.5047807
116685.89,-1.7648352,2.2209325,0.8487371
123400.61,-1.6415653,0.64017516,-0.64760274
116821.38,-1.9686638,2.690895,-0.37775457
122323.11,1.0200455,1.4063728,0.64065546
126222.08,-2.7054448,1.0946143,0.46924624
115200.33,-2.2650635,2.6876123,-0.52196354
121573.695,0.93565196,1.0543789,-0.9662032
120911.69,-1.5354664,2.9910915,-0.5952646
130969.375,-1.1538856,2.9752693,-0.4472368
127177.234,-3.8057268,1.1557559,0.36572665
115299.93,-1.4559687,2.9766412,0.673885
132952.11,-1.1357446,0.22268707,0.50022006
123845.14,1.8761588,1.9548708,0.8327402
128802.24,-3.5450761,0.3995845,0.4605175
121446.9,-2.4731188,2.328528,-0.86954075
121272.78,-3.2574124,1.9050925,-0.6463736
134575.48,-2.0678413,2.4388826,-0.383727
123581.12,-4.0286026,2.38498,-0.5613279
128631.8,-0.3016481,2.4266546,0.7712614
134058.0,-3.0604463,1.252456,-0.5902532
115617.34,-2.1611075,0.8453098,0.49742043
126227.6,-3.5610576,0.33104992,0.40637705
119933.95,-3.9128428,0.21195984,0.613723
122659.21,1.0370753,2.621615,0.50345844
121224.43,1.8771114,2.7276294,-0.7634042
118809.84,-2.1831276,2.267692,0.45546287
130820.086,2.0336523,1.6361408,0.6929993
115530.06,-0.96202,2.1806116,0.83087766
117271.27,-2.212903,0.3399735,0.4686768
115604.38,-2.2852447,2.5861087,0.41483057
116083.555,-2.3465455,0.31624746,-0.57400346
117586.19,-1.1647114,3.0454702,0.61963755
124219.914,-3.1286187,2.8310752,0.666909
127840.09,-3.781977,2.2463923,-0.20403384
115517.76,-2.9761128,2.9652698,-0.6846295
115382.57,-3.1263194,2.4334223,0.32270312
129678.64,-0.93141884,2.7991815,-0.5653504
122871.08,-3.4125795,3.025151,0.51135105
126699.4,-0.04191779,3.1369584,-0.48997253
121148.53,-2.7189848,2.6724365,-0.38125536
132662.58,-2.584734,2.5045526,0.9941299
128106.35,-4.001793,1.0390768,-0.7336808
122862.25,-4.294693,1.1476406,0.5308081
130266.39,-1.7476959,3.063907,0.45535353
119775.38,-0.35478216,0.48159885,-0.5707986
130456.1,-1.5727627,0.10696101,0.7737125
121795.98,-3.1828449,2.8619902,-0.62487143
131905.6,-3.8882084,2.1552062,1.1767923
121713.11,-1.6870414,2.0569751,0.47549322
123531.4,-2.3213687,3.135838,0.33868635
117884.69,-2.3918183,2.5482833,-0.59145844
120154.18,-3.387105,2.9355328,0.37973577
123483.625,-0.16331372,0.068164855,-0.32947385
115547.02,-2.8696997,2.9130335,-0.47908437
117797.875,-0.22061956,3.090869,0.569902
120639.42,-0.23633,2.6780305,-0.7584743
116655.99,-1.2565045,1.3147463,-0.687814
116242.94,-2.8867326,2.8129854,-0.3207194
130196.53,-3.686039,2.0448902,0.35293782
127763.1,0.30949023,2.990821,-0.3448749
125208.11,0.18957454,0.8591712,-0.6610565
116827.37,-3.4973354,2.6620426,-0.7281339
127694.78,-3.3958025,2.5542626,-0.53174996
130506.055,-3.4250002,2.67779,-0.7365447
128934.94,-1.1652272,3.0677562,0.41307047
132739.94,-0.42250422,2.1172295,-0.6800994
121579.516,-0.4164538,3.0481036,-0.41928226
117400.09,-0.19954734,1.0355982,0.6245789
124798.76,-0.991204,0.3182398,0.6748604
130364.8,-1.9510494,1.7234646,0.543832
122022.54,-1.6220906,2.9110048,0.4074467
130686.21,1.7921888,1.1695472,0.89584744
122298.86,-0.5315702,3.0374699,-1.0475756
127537.46,-2.0157893,1.481333,-0.41870275
115206.5,-3.5992866,0.9528415,-0.79702806
123165.48,-2.7073216,2.5302925,0.92421806
130182.34,-2.1047971,2.0618548,-0.61420333
123980.945,-1.9252956,2.120357,-0.59860456
124412.09,0.9387998,2.8240478,-0.6468249
122949.43,-2.3440802,0.5265857,0.45510596
130315.32,-2.8068805,1.9086936,0.7129544
133134.33,-1.105513,1.8343574,-1.0067393
115263.914,-1.819189,0.3596686,0.72626066
118683.76,-1.8540189,2.0221622,0.8637333
127392.266,-0.29443505,2.6167831,-0.43447623
115872.32,-3.2423313,1.2485868,0.6467607
125889.01,-1.311789,2.447327,-0.69199777
122342.625,-3.1780736,2.6917245,0.539971
127155.164,3.5975294,2.6701646,0.83659244
132461.67,-2.6274068,1.4424031,1.0845721
133437.72,-1.5645629,1.9778235,1.0738529
130946.93,-2.2393303,1.5011922,0.70110613
121053.52,4.256807,0.9840584,0.7188959
129065.086,-0.011467211,1.6187383,0.77350754
125901.07,0.43182993,2.0031333,-0.79499084
122920.28,-2.464793,2.9095953,-0.6085524
123877.84,-3.4722972,1.7275769,0.6848762
118313.1,-2.7639759,0.78655845,-0.7441176
133223.75,1.1329234,3.032573,1.0562556
121781.664,-0.6747266,0.7962304,0.7924201
130522.09,0.92510813,1.599539,-0.7579904
123133.28,-1.030129,2.1215303,0.7618857
121361.36,1.9550619,2.2248292,0.8511417
123748.125,-1.2597618,3.0212686,0.52466774
117775.91,-1.2401148,2.2813587,0.60705096
117117.94,-2.610945,1.0322483,-0.8408357
117183.95,0.07900949,2.3983548,0.7120182
129219.81,-2.8124669,2.4389188,-0.7785227
125145.76,-2.8738477,1.6459103,-0.40197057
118231.45,-0.6994225,2.8967853,0.60914695
115068.59,-3.2211678,1.3417149,-0.5074653
120210.33,-2.4216754,1.582767,-0.4304829
121242.25,-2.4604506,2.8378825,-0.114692025
132791.47,-2.4690979,1.7992393,0.6539913
134923.45,-3.3967314,1.5368311,0.68141294
119422.305,-1.6089921,0.91000974,-0.96735376
133295.3,-2.9275115,2.833857,-0.3285329
118024.34,0.0045363377,2.0124195,0.5838529
118394.73,-1.7488647,2.4349875,-0.6933973
127248.46,-1.3274153,1.6755157,-0.6075902
121540.82,-3.6921322,1.3352855,-0.6436036
129472.96,-2.4543157,2.148815,-0.6656041
134289.03,-3.353826,2.123343,-0.6513652
131704.34,-3.4178467,2.221327,-0.66025126
126496.92,-2.9530911,1.4183714,-0.52554214
127689.2,-2.0533888,2.4394693,-0.8408515
131641.78,-3.530716,2.535806,0.68010145
128844.43,-2.0724006,0.8511973,-0.6242246
133844.58,-0.32133853,2.7696538,0.62739867
132434.2,-2.7466226,2.8239336,-0.5603429
127932.98,-2.889607,1.1937689,0.62380695
123304.734,-2.0702317,2.9905481,-0.2970459
126826.57,-2.588211,2.5368752,0.79757226
131973.0,-1.3462873,1.1294996,-0.5772936
116488.21,-3.162738,1.739936,-0.8123686
133579.52,-2.267466,3.1163433,-0.41635796
124213.24,-2.5765042,1.6091965,0.6783077
131466.97,-1.1972076,2.7728302,0.37710154
131492.6,-1.2828537,2.0791843,0.7215081
120451.72,2.4242907,1.8711194,-0.95501876
121004.164,-0.37756813,1.4284323,1.0087858
116019.086,-0.15571804,0.9894928,0.59391403
128618.13,-3.6053743,0.7963617,0.68974245
130283.625,-2.475605,2.0082593,0.27867806
126487.21,-0.31246427,2.5481877,0.68089855
118076.086,0.41920862,0.5150492,-0.4092311
128523.3,2.0280313,0.07251263,0.32162917
124695.875,-1.0695162,2.992503,0.5726162
126777.44,-2.3302054,1.9036257,0.694356
119747.38,-1.0403589,2.0808797,-0.78459525
133348.06,0.23649502,2.2270522,-0.70249724
127427.99,-2.7411773,0.17338221,-0.43295193
115093.984,-1.5485805,0.40684992,-0.20772927
126339.08,-1.9283592,3.0004973,0.71700656
121997.445,-2.4139237,0.60903716,0.6845801
119360.99,2.756383,2.0920546,0.74896294
118330.44,-1.4571246,2.8562658,0.60240227
121158.08,-3.0166855,1.2149211,0.80851007
123900.33,-2.3041663,2.3386197,-1.1069075
128766.734,1.5476627,2.7930088,0.5014833
118379.13,-2.452662,3.0205455,-0.5944648
115130.57,-2.6479075,2.4110649,0.93269634
127251.58,-2.715343,0.61223495,-0.49694827
117205.5,-0.8707457,0.61882234,0.49429342
127432.2,-3.5085733,2.983064,-0.56583506
129624.44,-1.0228388,1.9809039,1.1192719
121788.07,-3.3598738,2.7997274,0.54998344
118795.12,-2.5338786,2.6999245,-0.4061081
117130.94,-2.754453,2.7910063,0.78489494
118637.734,-1.728098,1.8845525,0.5656122
119201.71,-2.1942697,1.7501123,0.8297396
118422.1,-3.3894916,2.934699,-0.48597968
118352.24,-2.671445,2.0726802,0.55812365
125987.16,2.151177,2.7281244,-0.41596073
124487.02,-1.5130333,2.7444074,0.4768059
127468.7,-0.85292035,1.3126185,0.6439118
115911.39,-1.8868439,2.0708752,0.4446801
125518.21,-0.902853,2.7792733,0.8416537
122358.23,-2.0938113,2.4551044,0.9448893
120938.125,-0.79039955,2.3990085,-0.26458174
124431.305,-2.9270158,0.17856467,0.47150603
123256.24,-3.1823204,1.7025878,-0.4574447
121511.37,-2.562975,0.024294138,0.58901197
129136.67,0.4005575,2.5646966,-0.73918366
121893.95,-0.9288237,2.820609,-0.7254187
117829.76,0.656987,2.0485988,0.7580585
120537.95,-2.544355,2.7685397,-0.66191435
122664.88,-1.4995179,2.064667,0.6041091
118483.86,-2.9149368,3.016385,-0.69561744
121193.555,-2.3399942,1.4673816,0.7073568
119789.72,-0.2785695,0.23886877,0.5592002
117848.65,-1.0842203,0.40688524,0.4820908
133437.16,-1.9631292,2.7688959,-0.5754687
126066.625,1.1792253,0.45090315,0.43704638
127999.234,-3.157342,1.8753879,-0.6383831
128691.836,-2.3302693,2.6862133,0.21152751
119444.14,1.7762761,1.8763639,-0.57672286
116889.586,0.6332759,1.6360264,-0.54942876
123982.32,-2.1676266,2.206924,-0.92780894
128796.3,-3.892438,3.0931811,0.7089321
119035.08,-3.2582934,1.6426303,0.47685543
129016.836,-0.6141347,1.0677989,-0.9126482
126452.4,-3.294036,0.37247774,0.7128789
121969.52,-1.4065925,2.3344197,0.4809285
126170.42,-2.6534824,1.4873936,0.63881963
129633.53,-2.1467478,2.5363328,0.18755287
123399.55,-3.6067393,3.0246768,0.32697588
117418.766,-1.6899558,2.0788584,0.77863836
131282.55,-1.6685815,0.28946805,-0.27315968
115853.1,-0.7306411,2.4494128,0.53516626
115273.836,1.1846383,1.6345277,-0.6836217
129566.33,-4.2653165,2.6249986,-0.5367271
116163.03,-3.8707871,1.709885,-1.0087816
117603.625,-3.1472108,0.3874179,-0.61696506
122997.945,-1.0543481,1.2193638,-0.76695776
125179.945,1.3602252,1.6857172,-0.6469407
123176.05,-2.4098163,2.9786,0.8692262
129420.4,-2.629439,2.216672,-0.58738166
118908.2,-4.030381,2.914326,0.53309035
118109.89,-1.9560829,2.1022413,0.6462964
126124.3,-2.970322,2.693602,-0.7365127
123464.93,-1.2935656,2.8463604,0.4297377
121006.89,-2.9060397,2.917974,-0.74002904
126236.66,-1.4947276,2.8705893,-0.48079905
121875.234,-2.876093,2.602205,-0.51871663
132722.14,-1.2316756,0.5890467,0.85696125
134755.56,-0.9987157,1.7740182,0.5835539
116805.5,-0.211849,2.7254882,-0.33338532
131024.38,1.166129,2.8172684,0.49367478
123671.164,-2.126141,2.6278987,-0.55024153
120120.05,-1.3275794,2.9661882,0.4313756
117455.53,-3.999447,0.26859128,-0.43093508
130342.76,-2.6901681,1.0977,0.53188795
123444.055,-0.8965474,3.0518467,-0.51361597
126688.34,-1.6160148,3.0629864,-0.671822
123447.17,-1.9245085,2.9706764,0.4819587
133760.98,-1.5510571,3.0685182,-0.5035275
118580.43,0.20029257,2.9179666,-0.57210034
117467.445,-2.8396652,2.4103332,0.5591126
132871.16,-2.4192295,1.4368572,-0.94302064
122314.62,-3.3540328,2.572744,0.65606934
131303.66,-2.3904617,0.9594407,-0.68546456
133608.14,-3.7941055,0.051325798,0.4880119
121591.414,1.5357507,1.4518976,0.6820678
118471.76,-1.5894421,1.8472975,0.73052514
128527.125,1.0689533,0.5827204,-0.577816
116761.37,-1.7966253,1.9858774,-0.6182019
120496.36,-1.9725318,2.7762165,-0.82271665
125920.7,-2.100183,1.0043273,0.62056035
128151.92,-3.2897863,1.6743046,0.6846105
119461.19,0.23752481,3.0958836,-0.45917386
118728.555,-0.9579606,0.083070874,0.5382104
129037.75,-1.9465278,1.8673772,-0.7555638
118092.98,0.7685005,1.9512395,-0.71999055
116281.28,-1.9852414,2.9469342,0.65995425
120925.164,-2.9746575,2.4135234,-0.65576065
117674.016,-1.3058544,0.721106,-0.67961216
118857.21,0.62339044,0.52789533,0.6217339
132777.81,-3.8064916,2.7163296,0.54170865
119140.086,-1.2310733,2.712656,-0.44929132
121090.33,-2.782549,1.4779698,-0.64963746
124578.336,0.06238031,1.3334469,0.9207997
125922.69,0.55766064,1.0564159,0.62483567
131745.69,-2.8947866,2.8404393,0.70413435
132436.06,0.06722466,2.7267666,-0.36899582
119659.47,2.6774862,1.6830823,0.68345845
117115.4,-2.7803113,2.7316499,0.534048
126976.7,-1.4839256,3.0840797,-0.82470065
124171.016,-2.4174662,1.6263735,-0.86909026
131723.77,3.388958,0.9693856,0.77220446
131128.42,-1.8777845,1.8932796,0.64022464
131736.44,-2.3618195,1.1181443,0.6688353
126250.516,-1.6434892,0.068213224,-0.31170988
123927.63,-2.6114404,3.093645,0.17462058
131605.9,-2.8607926,2.9777043,0.6274446
125011.52,0.7754007,2.1807837,0.8020127
131553.75,-2.850123,0.15906334,0.5095696
115382.43,0.32672516,2.833748,-0.52839863
122536.67,-0.56480485,2.7588894,0.423281
130158.625,3.1751332,2.1903589,0.6858454
132784.19,-2.008151,2.382295,-0.85581255
125988.23,-3.1935866,2.1287787,-0.84198713
132392.5,-3.3623905,2.3908677,0.42210457
133876.42,-1.0250442,2.522423,0.61851305
115422.805,-0.2681448,2.664546,-0.6530449
118315.1,-2.1029723,1.066181,0.85359865
123672.48,-1.7956187,2.217133,-0.58844024
127388.41,0.75611377,3.0708618,0.47695705
125473.06,-0.61660904,2.871123,0.62491655
130205.164,-1.0413903,2.874208,0.43570632
119841.13,-1.3791229,2.5008206,-0.3732132
117969.73,-2.238377,0.07511282,-0.15223219
127301.42,-0.5991164,2.665186,-0.37454277
122503.08,-2.739538,0.4417317,-0.5381024
126898.17,0.13986993,2.4408236,0.66712385
132677.77,-2.0354018,2.1817484,-0.92448884
124933.95,-1.6033539,2.6106138,-0.75410575
121298.94,-2.124837,1.6675271,0.7476919
116675.88,-3.377657,1.8050601,0.6183616
132606.66,-3.9321482,3.0413764,0.6334176
123863.88,-2.971981,1.1226437,-0.780389
133311.44,-0.31511244,2.8793569,-0.57430404
122538.09,-1.034678,2.9985948,-0.75083095
115294.47,-2.1488554,0.8290577,0.5897247
120349.93,-1.868122,0.0043172836,-0.6347908
132316.31,-0.28766236,0.14181824,0.7013836
129260.43,-3.258178,0.50511086,0.671314
118697.73,-3.7476072,2.8953483,0.5530157
116072.28,-1.7764955,0.6921085,-0.8773406
134638.44,-2.9724243,3.1069198,-0.72672534
129054.87,1.3160124,0.4167323,0.55284166
132053.67,-1.1911324,2.8754394,0.6033991
118832.34,-2.6224437,2.9458845,0.61505306
125019.73,-2.0083847,1.0763172,0.58775663
125918.86,-3.795456,2.962605,-0.6456013
134901.8,-3.4538147,1.5506687,-0.68217015
123623.54,-1.8357974,2.614734,-0.6906535
119703.14,-3.5473123,2.9218962,-0.32551333
124751.74,-0.6250166,2.0537603,-0.65950096
125399.664,1.8449893,2.417368,-0.92560244
117462.97,-1.6356002,2.2480106,0.65885645
126921.945,-4.4156303,1.1338512,0.4272021
132776.75,-1.1070235,0.48382902,-0.6721759
116809.22,0.9670507,0.3196082,-0.59042263
120595.72,-1.489128,2.587539,-0.5891288
133618.17,-2.0689452,1.6752567,-0.8131723
126766.56,-4.006974,2.2528143,0.46754307
129547.41,-2.645827,2.4340723,0.59774464
124906.17,-2.524394,2.5075397,-0.65596884
117364.19,-0.026410092,0.29703587,0.454221
121036.055,-2.2552302,0.009263873,-0.31137514
118933.19,-2.9607646,2.2586353,0.64191043
115712.46,-1.3490481,2.1186168,-0.9113707
125191.57,-1.3112904,2.1440907,0.33130148
116691.93,0.49352562,3.114512,0.7446778
122819.67,-2.1699975,2.9599268,-0.5733522
117322.125,-0.045494497,1.8718157,0.6657427
118033.04,-0.9738483,0.05841112,-0.28795618
117415.66,-2.2114816,1.9330043,-0.63558
122838.76,-2.4795756,3.1140873,0.691374
131654.38,-3.83801,1.7169193,0.68421257
123267.81,-1.4942769,2.9523869,0.44865733
117735.39,-1.4520358,0.2900579,-0.46570647
128801.266,0.51381654,1.6439534,-0.7398664
130018.414,-1.1020792,1.1749178,0.61117375
124962.03,0.24473615,1.9604408,0.5913371
130991.234,0.6716553,2.8557925,-0.36211786
127796.35,-1.5492771,2.2966363,-0.7223909
118070.82,-1.5534105,3.097937,-0.4745336
127762.65,0.8587862,0.9164022,0.5193911
130921.18,-3.5735395,3.0546112,0.3415036
129720.375,-1.0658911,0.90969294,0.8328793
116137.805,1.2366158,2.8099177,0.34782505
132085.36,4.641803,2.041208,-0.70787674
128680.19,-2.6933196,1.8918582,-0.7846279
116302.34,-3.3151453,0.63872814,-0.4730595
134698.9,2.7796047,2.7430115,0.80434424
129304.1,-2.4248085,2.8616662,-0.76159126
132717.84,-0.7192959,3.083241,0.34286788
120931.09,-2.9690304,2.9224646,0.50703776
129761.51,2.6736119,2.148875,1.0847074
128198.31,2.3869214,2.8826058,-0.62289655
118434.61,-1.200467,2.4406443,0.506011
122198.35,-1.2617016,2.4616532,-0.74964964
124950.25,-1.9161016,0.700928,0.69832265
120155.484,-0.7076318,2.5627787,-0.5885723
122742.02,-0.002065167,1.8287807,0.89848846
131444.4,-1.4277245,2.6331189,0.7194514
116216.36,-2.8959248,3.072246,0.53896326
118421.82,-2.7287939,1.1508173,0.8192593
133479.98,-1.1702946,2.1048262,0.72064364
128660.2,-3.0971897,2.9465437,-0.9642145
131141.7,-0.9652539,1.0592182,0.81861687
116812.18,-3.5510707,2.449103,0.69821626
117093.99,-1.2758399,2.4202523,-0.727135
125526.13,-2.465053,2.0948412,-0.49700004
126457.164,-2.8093264,1.8516914,0.6228206
115114.3,-3.6825104,2.8463593,-0.5383912
115101.22,-4.5395036,2.0244818,0.5674252
116988.484,-2.7337968,1.6760423,-0.6120364
121053.48,-3.0969143,2.5093482,0.8082045
118722.125,-2.0018668,2.889629,-0.93162614
134958.19,-1.7905947,1.4042747,-0.8002227
130300.21,-1.5938236,2.5444882,-0.7093942
132369.0,-1.9982504,2.855544,-0.58806264
129096.016,0.059432942,2.846229,0.68989253
125366.94,-1.3736497,0.8938951,-0.49617216
115858.86,-2.649571,2.0276716,-1.0119892
124763.734,-3.7086406,1.6350701,-0.61234224
119643.62,-1.3490906,2.9759457,-0.47724622
126588.016,-2.2170787,1.3790267,-0.5792618
127021.945,-4.1035714,1.3443774,-0.62988377
134722.1,-1.9204922,2.9678123,-0.58500236
124868.555,-0.047608193,1.2354372,0.68486387
116457.36,-3.0794322,0.16571999,0.3786892
118050.28,-1.2359163,1.8635223,0.9090945
128860.79,-1.7858049,0.109766364,-0.96504617
131895.47,-2.4417782,1.0863143,-0.64918965
122429.42,-4.2265983,0.95540583,0.48950973
131506.05,-1.9529135,2.507798,0.79425263
123438.164,-0.030367808,2.841548,-0.43805557
133906.75,-3.0936253,2.9277754,0.35169944
120082.914,-0.2412519,2.8259213,0.50553316
124534.5,-3.0694244,3.003913,-0.6591437
125032.08,-2.5836298,2.7702,0.5635551
116112.19,-1.8105131,2.71111,-0.5891283
121718.85,-3.2925482,1.2852558,-0.2811005
127072.19,-3.522655,2.5298967,-0.65801543
125012.914,-3.18532,2.1083841,0.7911224
119053.766,-2.8393157,2.4196959,0.7896134
129596.93,-0.076096065,2.687646,0.7378316
115951.38,-2.1150193,1.1909446,0.7918967
130698.664,-0.93291533,1.092976,1.0763903
134196.75,-0.31905094,0.6878115,0.58519036
120931.21,1.5403876,2.580794,0.5778555
122484.375,1.4341922,2.7190616,-0.5873883
118101.4,-1.6830474,3.006582,0.8929799
117197.875,-3.781566,1.7629673,0.57585853
118944.83,-1.8392388,2.7767928,0.40804476
119334.0,-2.924721,2.2649837,0.71640366
124049.05,-0.23171833,2.1095889,-0.52742445
134305.56,-1.3672308,2.2674274,-1.2954382
131791.33,1.0984762,2.5707083,-0.7082867
115117.68,-2.8375444,3.0411832,-0.68252176
127024.7,-2.9796488,0.43113947,-0.4979775
124367.375,-2.2064142,3.1239655,0.7640764
121453.6,-2.584566,1.7370116,0.7949265
124462.19,-2.056999,2.3256528,0.6050209
127584.266,-1.54549,2.6727254,-0.6043477
134951.67,-0.4926279,2.3247335,-0.83464146
120635.62,-1.6799449,2.7301135,0.2769921
132127.92,-0.15892154,0.5797577,0.8719098
130067.55,-0.41890833,0.42157257,0.6411853
124842.836,-0.9239884,2.8989375,0.64079016
115090.73,-3.3598094,2.3288655,0.24178557
124591.49,-3.7730162,2.2558584,0.7737501
119575.63,-2.453685,2.8704863,0.43932238
122902.84,-2.9579942,2.7483482,-0.8632678
119327.22,-1.8604453,1.4159101,-0.61299497
116773.516,-1.9649013,2.8685489,-0.7715325
118454.52,-2.3135798,3.1139627,-0.67035866
118628.195,-4.401645,1.1291498,-0.51955825
123351.26,-2.1922853,2.3426306,1.1012218
119824.11,0.82268065,2.435128,-0.43118125
120871.63,-1.480565,2.3922894,0.83125615
125941.31,-2.8960645,1.6825418,-0.54428655
122521.92,-1.1720593,3.0133893,-0.59104687
120731.76,-0.5905385,2.6373935,1.1099921
129896.23,-1.1069001,2.4880137,-1.0042582
116134.57,-3.0558898,2.4051638,-0.81864256
133788.84,-2.2226431,0.89414334,0.5783152
128147.44,-1.3282254,1.9569967,-0.66527766
123413.25,1.2041099,2.0032525,0.53855455
118358.45,2.4389508,2.5739071,-0.48057392
120322.49,-1.5148776,2.5901966,0.7619568
131643.73,-3.6451762,2.2802682,0.69395953
119279.14,1.006981,1.9027114,-0.6055724
116931.82,-2.757117,3.0198262,0.41929626
131282.55,0.32884368,1.8940531,-0.6832282
122643.09,-1.8726155,2.8775582,-0.83833146
129059.375,-2.13623,1.1076776,-0.23729634
121894.48,-2.006649,1.0273598,-0.89377
124166.6,-2.8953443,2.8172336,-0.83896816
119166.03,-2.832493,2.573514,0.59077996
124373.85,-2.1338158,3.0361552,-0.42793712
115044.49,-1.9441129,2.1243155,-0.5121085
121060.625,-3.7449396,3.0706348,-0.47018248
128298.8,0.5637046,1.9586179,-0.5899504
121590.18,-3.05917,0.8251307,-0.38980687
124740.66,-2.295931,1.2480215,0.9078122
117558.09,-2.88342,2.1758053,-0.4067215
123011.695,-4.2413435,2.2862487,-0.4537932
128554.01,-4.0646715,2.9446828,-0.43313777
130169.945,-2.4231484,3.1079407,-0.36122027
117792.664,-3.8974183,0.15118343,0.32835442
124788.125,-1.6660646,2.0322666,0.6120816
130132.53,0.99988514,2.7588758,0.86295277
124423.39,-2.4547553,1.4793155,0.6691244
122379.25,-1.7957577,2.152892,-0.7707725
118640.61,-2.5633113,2.0954092,0.59405637
115759.164,-0.74854827,2.50709,0.63620234
127380.06,-2.8270514,2.95086,-0.6259564
120432.914,-3.5863113,3.1045985,0.45856303
127847.805,-1.7562716,2.7375107,-0.595678
118554.99,-2.2457454,1.5556405,-0.38947037
118043.77,-1.2192138,2.9554033,-0.27435073
128252.26,-3.0258713,2.9731264,0.8592715
125791.77,0.3122578,3.0861707,-0.38626537
122536.53,-3.705449,2.2300472,-0.64655924
118727.76,0.017934304,0.25080276,-0.98939
126050.88,-4.2852564,2.873216,0.4390733
132603.64,-1.773294,2.0367768,0.5565843
119736.71,-2.3328474,2.6113172,-0.9137999
120893.75,-1.709464,1.9951439,-0.5651318
121125.26,1.2140617,2.774432,0.35694692
122003.96,1.4123274,1.4955945,0.94388044
124881.22,-1.8977771,2.7606506,-0.7739118
122422.92,-2.0249054,3.0608299,0.5178344
122900.58,-2.8690298,1.0464144,0.97560775
121943.555,0.5943241,3.065903,0.24686547
120012.414,-2.7448137,2.816243,0.5987816
126706.664,1.0913163,1.6732281,-0.66791195
129853.15,-2.2210603,1.6161731,0.56632346
115946.516,-2.3771546,2.878638,-0.5677064
117862.234,-1.1214569,3.097041,0.6335486
131031.16,-0.27142838,1.4199967,0.700218
115071.61,-2.9262729,3.0944471,-0.4309842
115344.16,2.384461,1.6361063,1.133768
117648.55,-1.0399528,1.1445134,0.7907971
128271.945,-0.82502383,3.0506022,-0.49829945
122205.3,-0.8938616,0.48424506,-0.5648967
129370.12,-2.3766894,2.9347162,0.62052613
115374.94,-3.8954744,1.5977514,-0.8290962
118651.42,-0.45951095,2.985344,0.64170414
117070.48,-0.32921606,1.9298208,0.5272797
131490.23,-2.9717455,0.73414487,-0.432423
130369.12,0.11386839,2.528783,0.68018997
118229.0,-3.7475414,1.4713802,0.69985896
119964.59,-2.0437055,3.0929163,0.28827712
129274.63,0.07547759,1.707264,0.7640507
119987.06,-1.9074495,1.0241816,0.5124809
124984.86,2.9068165,2.347344,0.56219447
121305.39,-0.6912319,2.2808766,-0.47635576
132460.92,1.2082058,1.1868367,-0.5865219
123517.73,-3.4313715,1.8663535,0.68193936
120728.32,-3.6864183,0.4266191,0.6418523
130524.54,-2.2484312,0.27892065,-0.6784095
134503.16,-2.7372346,0.112685025,0.3253641
118192.27,-0.48795554,0.22408712,0.49058813
134362.7,-2.060881,2.4819415,0.6798615
120525.46,-4.4288955,1.0640993,0.3895158
118253.82,0.8391421,2.747104,0.79759187
121417.8,-2.9642315,3.075971,-0.6816508
115257.23,-3.1990402,2.8554351,-0.69872254
128633.48,-2.1700845,2.8893118,-0.82424355
130063.0,-2.3381236,0.18884873,-0.56736124
118922.77,-1.1488794,2.5764055,0.64935935
133716.55,-3.833646,3.1117196,0.40832672
134065.14,-1.598095,2.416961,0.69105947
126545.82,-2.7849734,0.90473735,0.48379862
134396.94,0.5284572,2.1000004,-0.8141719
125482.66,-0.81810814,0.87836874,0.52754056
116891.97,-3.318685,0.75859475,0.5590891
120235.66,-1.6603155,2.5463018,0.75609386
134755.4,-1.3370267,2.6276224,-0.88429695
128025.22,0.03507634,1.0837663,-0.5520427
120831.06,-0.83587706,3.0968432,-0.60794765
128483.695,-0.3873666,2.0246027,0.8691366
120431.66,0.004763327,0.45275593,0.6368589
117378.97,-2.1803863,1.6503468,0.44970265
125427.35,0.1197975,2.4708073,-0.635228
122679.29,-2.3771489,3.0567398,0.43372345
125361.93,-0.64697295,1.9478976,-1.3936949
133166.25,-3.4864666,2.9669914,-0.66758037
120775.85,-2.5097108,2.85692,-0.2487685
120425.07,-3.3747962,2.9363468,0.36508605
121806.03,-3.6414974,0.29891694,0.6293912
121145.94,-0.20973091,2.337411,-0.550872
125635.25,-3.9104333,2.287099,-0.5509335
115639.88,-3.72689,0.7069632,0.38011247
126536.3,-1.4742874,0.46124196,0.43077078
115016.18,1.8405324,3.1346612,-0.31849542
118087.945,-1.5984322,1.2319115,0.76892346
115949.37,-2.498323,2.6621816,0.5115629
120012.46,-1.1878301,1.0285194,-0.8980413
116521.3,-0.724559,2.890297,-0.7179206
122233.99,-3.559442,2.4582136,0.44883463
134692.12,-2.914642,2.4902685,-0.715007
115940.2,-1.2646031,0.40412575,-0.602032
119921.9,1.9988865,2.7136207,0.6025543
116469.984,-3.4047165,0.10828841,-0.20269236
129487.5,-4.1911116,0.10094011,0.77356577
129501.984,-1.5419434,2.5774753,-0.56024355
128236.0,-0.73251474,3.120427,0.59776044
120377.79,-2.6651254,1.618368,-0.45907724
128941.58,-1.6924778,2.661847,-0.49691498
116813.23,-0.84312737,0.77744985,0.6624378
133331.9,-2.866636,2.6355388,-0.81549394
123100.34,-2.9720328,3.1326334,-0.5310004
115323.914,-1.9693853,2.7188725,0.6361744
119827.164,1.2595375,2.4747598,0.6398932
124509.38,-3.3414407,2.173995,-0.72047085
125243.77,-0.27171108,3.0701842,0.6158391
116786.07,-0.7689716,3.087837,0.47359285
126414.99,-0.1034683,2.507516,-0.659893
116516.11,0.50896573,1.1052083,0.73976165
118288.555,0.6308129,2.503975,0.5256162
133127.4,0.39611116,2.9983697,-0.22142157
130933.09,-2.685076,3.0692182,0.56043035
128468.38,0.14545952,2.142135,-0.7779541
115409.32,-2.5646613,1.436432,0.74065524
127207.86,-2.4319246,2.6108463,-0.49934268
119513.1,-2.2896714,1.7608464,0.6552928
129307.09,-3.610709,1.5515053,0.55230767
132297.75,-2.6175258,2.2143202,-0.8570841
119842.81,-2.768876,2.944513,-0.2589061
119980.94,-2.1252463,2.3251696,-1.2108417
119824.22,-2.5494277,2.8858616,0.50103503
123063.31,-1.6749771,2.5633295,-1.2657288
124321.35,-3.923302,0.7319106,0.8596479
120811.25,-2.0552902,3.077517,-0.73024964
116854.03,3.111788,2.6030073,0.44890377
127528.69,-2.6350904,2.953503,-0.4479389
127865.41,-0.14289722,1.6382794,-0.59778214
117723.484,-3.342634,2.0942945,1.0053313
128394.96,-1.1258975,3.041786,0.6972576
125453.516,-0.363763,2.6871943,-0.42208177
121256.64,-3.2898557,3.114111,0.71596867
126090.03,-2.6267407,3.0795271,-0.7321103
129309.14,-1.1283863,0.7630268,0.5781275
118380.77,-0.93167,2.4393241,0.7305239
117562.76,0.11015418,2.3312552,0.6117343
125992.6,-2.1282442,3.0430388,0.5943554
121357.04,-3.5005734,3.0202818,0.5330759
131054.93,-1.6774387,2.54194,0.6660637
126969.68,-0.6901563,3.128351,0.44372442
128723.73,-1.281149,2.83052,0.62471306
122958.65,-1.4800856,0.18471992,-0.375322
133459.2,-3.3725698,2.3627758,-0.7133151
124370.125,-0.6756824,2.9362369,-0.50106204
120698.65,-0.8092819,3.1036904,0.335656
119367.71,1.2679539,1.3492426,0.6356384
115973.1,1.8507433,0.6491052,-0.6279848
129414.164,-0.84919184,2.9977677,0.5827078
125343.234,-2.9025037,2.4967985,-0.8297292
122752.4,0.023341997,2.5986247,0.85653514
117054.9,-2.0696294,2.873498,-0.6086474
115689.08,-2.0779986,0.9951869,0.6446507
133141.31,-3.0246124,2.4386976,-0.5493803
120109.3,-3.4589405,2.5242276,0.60316104
122242.62,-3.2505789,0.83944106,-1.0703973
117180.02,0.49232194,1.5048527,0.81875855
119641.18,-3.0487719,0.11336428,0.76815706
128251.81,1.5370712,2.9139378,0.6357256
133509.06,0.6453885,0.9748166,-0.71160656
119033.87,-2.1413646,2.930403,0.4176825
132405.03,0.3109186,1.3019211,-0.6081209
118615.09,0.08260108,1.3459351,-0.91469014
116911.07,-0.039555848,0.3273002,0.42108122
118675.93,-3.2263641,1.7542324,-0.57441175
125266.97,-3.5481086,1.3060366,-0.6645122
115935.51,-3.0998912,1.600236,0.71405935
120790.7,0.796784,0.46582794,-0.55682003
133207.17,-1.8787476,2.6164815,-0.5328327
119483.93,-0.99200743,1.5423659,-0.6176769
124265.44,-2.5036926,2.8771849,-0.551249
117096.27,-2.228663,1.2269453,0.4407142
127140.516,0.22957566,1.5219736,0.59034795
124271.93,-2.8771088,2.8689666,0.73075837
126957.24,-2.0488138,2.661226,0.63173664
122477.69,1.8048396,2.1179307,0.6864236
119283.8,-2.9342234,2.8676505,0.5185682
123306.18,-2.0812342,2.2656236,1.3909827
132527.17,1.9230646,1.1451327,-0.68989253
116378.02,-4.816157,0.29406977,-0.6415159
118000.016,-2.6301901,2.429752,0.43579286
133942.9,0.29655302,0.25008997,0.27369288
118194.99,-2.7796423,2.8965886,-0.46357104
115998.82,-3.9064565,2.4165354,0.7736227
131688.89,-1.3517675,3.014703,-0.7451696
125883.555,0.06875404,1.1432819,1.0433822
128310.45,-2.2226593,2.9345663,-1.0871187
121080.34,-2.8672957,3.066463,-0.6263208
130843.73,-2.5436769,3.0510218,0.5424004
120083.72,-0.51415306,2.2431476,-0.54731965
116518.38,-3.9926562,2.8239489,-0.5166582
123188.65,0.6798386,3.1152878,-0.22086737
131682.94,-0.5828217,2.8365855,-0.6991145
128315.09,1.4407651,2.2685242,0.52261674
132662.25,-2.5728488,3.1262455,-0.8007597
127730.23,-2.2018924,0.13987446,0.675923
131539.45,-1.4651281,3.0535486,-0.38379243
125229.27,-3.0482535,1.0673012,-1.1519153
134897.0,-2.0274227,0.4128449,0.57009035
129545.55,-2.46009,2.6286528,-0.49358445
119913.016,-2.004646,2.1539843,0.5265879
119475.51,-0.55914044,2.9767785,-0.4356704
124775.17,-2.5785224,2.1678493,-0.9157804
127796.57,-1.8706973,2.7234054,-0.41336212
121332.93,-3.9672186,1.8596547,-0.35948554
121319.445,0.86953574,1.5068034,-0.74909574
134012.03,-2.2824218,3.0700102,-0.3573377
116636.625,-1.0336581,2.536598,-0.5635315
122686.29,-1.6941649,2.9681585,-0.4380172
124593.33,-1.5005594,2.6630235,-0.32053253
115805.18,-3.7512436,2.7436635,0.5459591
117613.555,-3.083401,0.36430958,-0.5342621
119332.55,-2.1161017,1.5764846,0.48799682
130776.59,-1.2934384,1.4020376,1.135121
126036.05,-2.2840016,1.8936952,0.62120473
127137.83,-3.7574298,0.99493504,-0.55885726
133334.17,-3.0693383,2.4573793,0.7436721
125541.93,-0.4722991,1.8078362,0.47788316
128923.57,2.6023905,0.43535578,-0.5527094
129565.27,-0.45805442,2.882674,0.9859109
132872.78,-1.6489296,2.5320592,-0.5614117
124587.65,-1.1804879,2.9662406,-0.6769064
130246.34,-3.7795691,1.2166334,-0.62927586
120379.04,-2.7985022,0.94506663,0.5321871
130645.516,-4.375443,1.6723624,-0.743948
117072.9,-2.2229555,2.863417,0.2704454
134087.73,-3.6752188,0.6232745,0.6283361
131047.18,2.4420717,2.5568864,-0.73309934
130355.86,-0.06668946,0.25794268,-0.39042726
124548.26,-3.540761,2.5073328,0.5017114
118358.41,-2.5022147,0.6674278,0.8056531
126214.66,-1.8398268,1.8610127,-0.66805655
116127.02,0.9112956,0.83704114,0.5485787
128950.14,-0.8491476,1.1156524,0.63058937
123658.016,-0.2950538,3.1198292,0.2612079
120730.086,-1.6392026,3.041962,-0.5622129
119934.375,-1.573637,1.4706866,-0.7007867
132736.38,-0.007596604,2.794439,0.6424448
130850.0,-3.3682058,2.602794,0.43183535
123590.805,-2.275597,2.7315383,-0.5031562
134118.73,-4.3851933,3.121852,1.0216377
133980.45,-1.8080789,2.8004081,0.46028242
120530.016,-0.29692683,3.0475688,-0.3999611
128929.81,-2.3837373,2.86687,-0.40019846
128985.29,-3.1415718,0.48129869,-0.5146325
115538.76,-1.5047072,0.7517011,0.06792597
126917.67,-3.5513911,1.5666242,-0.6155647
117434.15,-1.0290537,2.4621356,0.66193634
120880.67,0.47171193,2.8205554,-0.38877463
133593.11,-0.33866298,0.8080713,0.6213105
117699.56,-3.7174635,2.0980997,-0.78652483
118604.96,-0.77415985,3.0002992,0.40669614
127504.05,-3.17481,2.713527,0.6453669
118192.99,-2.1466978,2.137462,-0.6814146
131438.08,-3.217752,1.5042424,0.6826332
121865.03,-2.917289,2.248663,0.49689195
118933.36,-3.0969813,2.6354659,0.44483364
130811.85,-1.785592,2.872851,0.7291514
123277.15,-2.8915849,0.87813497,-0.6257919
115091.805,1.1372697,0.2068665,0.4154483
115609.984,-3.444088,1.5075209,-0.67741555
123938.51,-2.3084793,2.6317291,-0.70070237
130243.42,-1.8003066,2.9378593,0.73398495
125931.62,-3.748834,0.9378016,0.46330914
120002.695,-2.65774,2.77415,0.48217314
115037.17,-0.8385096,3.0577025,-0.38667053
117338.47,-2.190835,2.1131945,-0.7974309
120438.87,-1.0595793,0.9800177,-0.73949367
132150.77,-0.2708977,2.8150544,-0.34088188
122523.59,-1.4337329,0.44704926,-0.5194811
124193.48,2.4961877,0.3960576,-0.651186
115621.76,-3.7909315,0.24086666,0.65132713
115066.55,2.5158114,3.1094887,0.42111832
132732.94,-2.4470756,1.4780782,-0.71967524
118287.57,-2.071851,3.090674,0.56373155
120661.25,-1.9431272,2.9507422,0.79047483
117488.64,0.4699188,0.25404096,0.6180206
120874.96,-1.0813057,2.3519042,-0.5056901
116365.56,-1.7467722,1.1499305,-0.4677056
115406.18,-1.8347113,2.8002155,0.7734153
130051.14,-2.6037426,2.808389,-0.69930273
118860.9,0.995496,0.26911843,-0.39066255
131516.83,-2.3375492,2.5017183,0.57478327
129241.95,-2.7554462,2.164775,0.81782335
120086.18,-3.7613149,2.7268608,-0.2898013
132973.56,-1.2575248,2.9760797,0.41256922
130662.09,-2.011314,2.6487017,-0.8982636
119265.27,-1.0790738,0.1903553,-0.48940456
123581.92,-1.3760855,0.45462817,0.4399355
118416.336,2.6756158,0.9733678,-0.64974827
124671.664,-1.9056596,3.110363,0.7272551
127065.41,-2.9288485,1.166602,0.62954015
122649.484,1.194444,2.435598,-0.5702488
129123.766,-0.8055505,1.9451405,-0.56189334
129998.59,-3.0975416,2.3991625,0.80804235
125201.84,-0.781724,2.7958899,0.76294917
131456.4,-3.6689425,0.22323656,-0.4802323
132970.64,-1.965927,2.9119313,-0.8239008
121317.02,-2.6962028,2.5236118,0.68726915
130455.93,-2.510033,0.2367537,-0.33594018
123827.43,-2.6457114,1.3250964,0.54612476
118053.58,0.6990755,1.8328828,-0.7371365
122713.414,-1.395335,0.7682532,-0.6491367
132168.31,-1.3385403,2.071193,0.3976725
127736.92,-2.4696527,1.3704177,-0.8130366
118039.7,-2.9105048,3.0252955,-0.38020107
123348.99,-2.575915,0.5410373,-0.2598427
120948.74,-3.8262892,0.46652806,0.7250724
122094.14,-0.40190417,0.83409613,-0.66562456
122424.48,-2.9881392,0.26162338,0.5485992
121146.87,2.6399524,2.2198231,1.3213978
122905.9,-3.3006687,1.0796651,0.26572758
118478.84,-3.443013,3.0966609,0.8158315
131792.88,-2.5319397,2.91651,0.47935864
116194.81,0.6322031,0.4704771,0.8513153
127795.75,-0.9293241,2.5351558,0.56697464
133715.86,-3.0625272,0.04545021,-0.4637636
115016.36,-2.7301872,3.0535455,-0.45734677
125628.14,-2.7788358,2.8224428,0.5367601
120994.15,-1.5257479,2.9770186,-0.40192917
120221.04,-1.5431889,1.5453998,-0.6568247
121054.56,0.20322868,2.7730455,-0.72584665
118854.03,-1.6877837,0.21084571,-0.5758171
116837.31,-1.5907332,2.3667057,-0.4681273
128660.85,-1.760483,2.701932,0.6656916
124106.26,-0.9783714,1.9608337,0.7515002
121869.266,-2.4488475,2.083218,0.7356085
127472.99,-1.9438736,2.7407577,0.56274027
123148.78,1.8761477,2.2986841,0.80767363
117631.195,-1.8101553,0.44745302,0.62913847
115875.984,-1.5200161,1.3075861,-0.74260485
118441.79,-3.5542364,1.4409795,-0.9532108
121201.94,0.65636855,0.43454266,0.46832436
118726.97,-1.699429,1.3808393,0.4795311
122313.34,-1.1452658,2.9984734,0.5715294
130041.95,-2.5705636,2.279192,-0.69678694
116977.71,-2.68275,1.4957824,0.8345655
126839.99,-0.49502462,3.1225731,0.460581
133531.66,-4.001894,0.5298865,0.59074265
117915.31,1.6290357,1.9795804,-0.75450283
130560.06,-2.226831,2.746739,-0.3394188
116687.984,-2.2244596,0.36825493,-0.5006389
120313.664,3.5068233,2.3662815,-0.7711849
133626.17,-1.4751936,2.993252,-0.28915352
124783.5,-3.3055038,2.3436685,0.63236934
121694.85,0.33899626,1.8297282,-0.7301351
118298.88,-2.837285,1.6550459,-0.6260697
127166.71,-2.930638,3.0467064,-0.6916394
120749.734,0.08247978,0.97425514,0.7731577
127750.07,-2.4142425,2.829873,-1.0273719
115046.78,-3.8585758,2.3843265,-0.3592563
117176.97,1.8219366,0.8415477,-0.5931616
119836.914,0.038744185,1.7136395,-0.6189926
115096.98,-3.8340862,3.0024576,0.7920997
126729.83,-1.5819954,1.1494553,-0.94081163
115599.53,-0.4430846,1.2381862,-0.7486764
133416.58,-0.68120134,1.8930616,-0.44047982
123806.16,-0.46323594,2.5169356,0.5502052
126343.88,-2.7999442,2.6343474,0.57643944
127321.08,-1.044304,1.5300438,-0.5372561
123375.484,0.37707147,0.7351366,-0.5667645
115733.445,-1.7830133,1.8827178,-0.5941366
120955.76,-0.3462963,1.6301556,0.6937114
123019.25,-0.44677433,1.3490623,-0.5321942
131353.58,-0.12899485,2.973314,0.20102498
121619.984,0.0017810686,1.1597475,0.80247873
129706.65,-3.2587633,1.9926794,0.680067
126094.125,-2.2285223,1.976979,0.92211276
133475.31,-1.2028307,0.7154703,0.5165563
115387.32,-2.739873,3.1132193,0.66666293
121559.5,-2.564098,1.1893138,1.0241925
120976.44,1.3909931,2.0522923,0.6173862
118900.58,-1.8324661,1.902804,-0.69573796
131462.88,-1.2617576,2.4205425,-1.095403
124904.81,-1.8225713,1.1282452,0.9067985
127983.625,-2.4476948,3.0207515,-0.7108742
129867.734,-2.2693057,2.1858811,-0.8852599
116522.56,-3.3607268,1.1197324,-0.6479257
118566.59,-0.8994965,0.9093616,-0.49291375
122404.03,-2.2620258,0.13336945,-0.23413539
117842.31,-1.2714661,1.5423291,-0.8096596
121086.13,-3.217425,2.7608297,-0.54000366
122860.484,-1.7275302,0.9087727,0.6107374
120867.93,-3.0474682,2.6316278,-0.6601353
119107.23,-2.7733517,2.266298,0.8881204
118025.47,-2.92482,3.1084201,0.6510213
121389.38,-2.9136496,2.622025,-0.6198893
126879.99,-2.2588522,2.4394317,0.89701414
115413.85,-2.6702783,2.9571292,0.45646048
127902.01,-2.718934,1.537977,0.81652915
115975.336,-3.6314142,2.074161,-0.77023506
121218.85,0.6486818,3.0573006,0.45735195
115200.445,0.3415238,1.073221,-1.0602853
116678.086,-1.9581381,0.3288684,0.40936375
117538.62,-3.1774592,2.6684866,0.3404484
126138.14,-3.7599773,0.9149916,0.51518774
134102.3,-0.08367337,0.3735958,-1.0222062
127544.15,3.4658923,2.0652218,-0.8274332
120077.445,0.8513792,0.12332451,0.41531578
121897.53,-1.3955528,0.38256794,0.88563967
127969.445,-2.4657767,1.4205496,-0.832761
119300.695,-1.4011815,2.5174823,-0.5442403
115206.914,-2.1177564,2.915908,0.67798036
131083.53,-2.5643911,1.9043835,-1.0231382
117534.1,-2.832118,3.09674,0.4444636
123844.44,-1.05575,3.1188288,0.7781504
132587.89,-1.9011093,0.28455806,0.5273338
126704.375,-0.146805,3.1003168,0.3245668
117774.76,-3.8248293,0.74344826,0.45860532
131388.94,-3.095139,1.2203664,-0.73646414
127352.71,-2.6505291,2.5599403,-0.61189985
115337.336,-1.9340457,2.605741,-0.7123699
124314.97,3.817675,2.0842416,-0.60946655
127125.625,-3.5710337,3.1386776,0.6077682
131452.05,-2.201725,1.2611315,-0.41976276
115664.11,-3.6716344,1.9758642,-0.62419385
124710.77,-2.6996076,2.982498,0.7276436
124199.0,-3.3867717,1.1013554,0.7509008
129981.93,-3.7454445,0.07335281,1.0305389
126037.89,-3.2527504,2.515595,-0.48174244
117729.625,-3.222089,0.57712555,0.47867683
126353.56,-3.7103913,3.0283906,-0.40998986
129407.945,-2.31149,1.853304,0.29185903
119345.57,1.8788426,2.1839244,0.7014101
125628.51,-3.7524655,2.09464,0.9061426
120533.88,-3.42999,2.1896348,-0.69792473
133005.69,-2.715853,1.6270528,0.85536826
121959.4,-2.3130133,2.8644872,1.0211408
118067.14,3.7263312,1.8938736,-0.62384915
117367.59,1.6328479,1.8741168,0.92662066
118078.375,-3.4035826,2.6594849,-0.74549353
119636.99,0.869161,2.226983,-0.90057963
132466.52,-2.5803177,1.6799171,-0.82559204
128444.086,-3.3116872,2.6623845,-0.43265733
115222.08,-0.00972105,1.104111,0.820401
116466.375,0.7415866,2.140374,-0.47312093
131848.1,0.5757538,2.1041126,0.5057371
132863.17,-1.8256899,0.33505213,-0.50580114
120878.49,3.1695147,3.0869255,0.4431806
115290.06,-0.13286112,2.583323,0.412478
118346.44,-1.6464937,1.5173762,0.6186725
123889.44,-3.0727606,2.1299677,0.36904147
120755.49,-0.6120496,1.3741344,-0.5974703
119834.555,-1.5832807,2.248326,0.7526081
127341.73,-2.9334285,1.9028233,0.8915753
121858.07,-2.538943,0.56363654,0.58290726
131005.19,-4.224098,1.6979363,-0.6216189
129209.83,-3.8004162,1.9590492,-0.541073
119012.63,-3.8184595,2.8560357,0.42236272
121068.75,-0.4499028,2.5156465,-0.56846786
132423.95,-0.041838545,0.86079776,0.76709175
115732.81,0.47729534,1.1741054,0.5116614
126672.625,-2.569755,2.2462604,-0.85163456
134116.4,-3.5868397,2.4856956,-0.79589224
129296.625,-1.3302456,1.927853,0.8214935
120613.34,-3.0886486,2.4033442,0.25851887
122952.2,-3.7457337,3.13263,0.8086882
117313.06,-1.8340299,3.093473,0.44041863
122057.95,-2.8245196,0.15616703,0.43481463
129553.66,-1.367774,3.0711775,-0.9309167
117891.23,-1.0059868,2.1902764,-0.57719064
127216.6,-0.45014447,2.9359398,0.3624619
116976.62,0.09741701,1.9980724,1.0273631
117358.39,-4.1139193,2.1627083,-0.58451474
131752.02,-1.0165838,0.79890573,-1.2844548
117080.984,-2.942058,1.4600405,0.8223421
134077.02,-1.6833497,2.8253262,-0.6402426
121285.69,-2.06207,0.015217964,0.32923555
118502.02,-2.5755973,2.9821754,-0.60573256
119256.68,-0.6995945,2.9142008,0.39109442
117263.88,-1.9934143,2.7945971,0.85124695
132542.31,-1.3873203,2.5979958,0.4884942
119382.664,-0.59425545,1.0316238,0.7052657
121251.14,-0.21481726,2.1288068,-0.9685639
116319.39,-3.548036,3.0414114,-0.6053288
119661.07,-0.8717653,0.90096045,-1.2045864
129113.06,-3.2134755,1.090341,0.6962376
115751.984,-1.4146636,2.325005,-0.6838546
125399.234,0.9941831,1.3639662,-0.645636
118198.63,0.0352591,3.0942886,-0.61253804
126317.61,0.35648978,0.9131954,0.59327114
120553.484,-0.36847854,0.047362983,0.41423178
124816.85,-0.8437688,0.9426534,0.72527754
134398.03,-3.339757,0.9845035,-0.53298664
122070.69,-3.5849118,0.7153254,0.5980004
129998.89,-3.4412906,1.8874551,-0.77870196
124699.27,-3.4264915,3.0194223,0.61043906
122894.16,-1.0404321,2.4339552,-0.83349
132595.53,-1.1479206,2.9065156,0.4007719
124805.77,0.70477235,3.0622485,-0.3875516
123598.01,0.27186903,2.2744508,-0.90886056
116666.805,-1.1714098,0.65905356,0.6157819
128482.04,-2.5045958,3.1268675,-0.58774906
126819.55,-1.7512329,2.5785444,-0.80177754
132348.9,-3.8408923,2.917669,-0.7654611
130210.98,-0.25739527,3.0528893,0.7686642
132591.12,-2.6648653,2.3242466,0.60305935
118720.625,-2.1996334,0.17790663,-0.63815355
123346.805,-1.205278,2.238945,0.46894136
117763.27,-0.7903828,2.5539167,-0.7923666
127345.36,-1.5933386,2.5629609,0.56853414
124106.46,-2.2619524,1.8892577,0.71503884
115513.8,0.5896647,2.9032297,0.74397993
127225.02,-1.7935508,0.7577763,-0.74302775
130460.35,-2.2023227,2.7369828,0.42932147
125016.38,-0.17508852,2.870167,-0.5524895
129005.28,-2.476625,1.4297658,0.5776179
130075.055,-1.7024332,1.662774,-0.67875314
133134.88,0.6251025,1.5309321,-0.5787252
119899.66,-0.049645875,2.741059,-0.3906849
117507.1,-0.8330294,2.9247808,0.77941275
123211.59,-2.7047794,0.35608977,0.6142265
117242.26,-0.74431413,1.9212694,0.62297505
117271.06,-0.044610728,2.7390041,-0.39397615
120126.35,-4.4952745,1.072433,0.5444742
126850.29,-2.2278652,2.8810856,0.58785117
126348.71,-3.6697161,2.8020163,-0.68422216
122788.22,-0.24037132,2.693061,0.3151087
131846.8,-1.987628,2.5752003,-0.7132741
131637.08,-0.15204468,2.0262654,-0.4945357
116802.516,-2.2317262,1.7242794,-0.5802824
117683.24,1.3127801,1.3482585,0.8617199
123001.336,-1.8267219,2.5142202,0.70731205
134716.67,-4.1439652,0.6879631,-0.50704193
123874.42,-2.8064744,0.511854,0.5107934
133645.34,-0.037058,3.1295514,-0.63037634
132574.12,-2.0582833,1.4905504,-0.73659396
122279.22,-3.7012272,1.5852787,-0.8811517
119659.94,-2.3530388,2.827689,-0.5441928
132994.3,0.3537186,2.8620012,0.39089528
130297.836,-2.6906044,2.5419273,-0.72074056
129574.5,-1.0971951,0.07610178,0.21766067
129208.37,2.1110928,2.9784253,0.6741559
115858.305,-2.1857493,2.3064466,-0.5175963
120045.01,1.892132,1.2977383,0.6157437
127535.734,-2.8463356,3.123373,-0.5512002
122396.46,-0.9403894,3.1279743,0.52493936
127327.1,-0.3425805,2.274622,-0.823814
120967.34,-3.0496888,2.6427522,-0.2946897
119945.26,-3.4470081,2.6972508,0.24618387
119688.98,0.17544137,1.2371701,-0.5568759
134460.12,-3.1557329,2.0875347,0.64585304
126896.51,-1.123682,3.0189323,0.8955334
120384.31,-0.08469538,1.9796481,-0.6609986
133276.62,-4.0271716,1.1610614,-0.5724798
131664.6,-1.9516242,2.431902,0.63714004
117401.96,-1.9064894,2.5352569,1.257015
120202.43,-2.4082732,2.9086714,-0.7160459
123648.914,-1.9864138,2.8460913,0.5866941
118765.27,-1.8448223,0.40227658,0.9579396
132469.12,-1.2243496,2.6860056,0.3586346
134563.69,-2.4284601,2.9391656,-0.69914824
128638.62,-2.1884704,2.9226587,0.43577942
119233.14,-2.279286,3.0121,-0.43218762
132856.69,-2.891235,2.376587,0.9132332
119982.35,2.3362849,2.3259127,0.9938231
118694.945,-1.4471359,2.8248596,0.56300974
116435.19,1.33463,0.47670424,0.6172194
115417.92,-1.3924586,2.207292,0.58017457
131504.64,-0.9497592,1.1507907,0.56126344
128980.44,-1.726712,3.0878737,0.6322731
117908.41,-1.8313183,1.1500614,-0.7511459
134651.66,-3.7927842,1.6094428,-0.62670875
123031.16,-1.4808291,1.2544904,0.6666207
123505.59,-3.6401877,2.5051057,0.68539476
122205.586,-2.056915,2.4211593,-0.6379142
129635.6,-2.24749,2.9649475,0.49159467
126278.44,-2.955004,0.098382235,0.37757742
123450.086,-1.4046892,1.9994657,-0.93490887
117626.03,-2.1469753,2.756959,0.49597728
125467.24,2.4387553,0.8247767,0.5556926
121529.305,-0.016961986,2.6467075,0.78239715
116545.21,-3.0007079,2.256182,0.6516193
115576.52,-0.08674642,2.730734,0.57430106
127084.4,-1.9096295,2.923391,-0.8775025
121203.59,-0.45260575,2.463071,0.5157856
132908.44,-2.4427223,1.7731018,-0.82088447
118042.95,-3.0047724,1.8854399,0.6494453
127126.17,-1.4844825,2.5894258,-0.65932786
117692.4,-1.777404,0.3318398,0.6018424
118183.164,-2.027621,2.925405,-0.37487385
126268.07,-1.7208036,0.68729055,1.0002855
115351.914,-0.18768354,1.075485,-0.7438216
120638.62,-1.6967984,1.9484475,-1.0207165
128098.164,-2.199817,2.2380757,0.37345988
116523.79,-1.7599277,1.9446088,-0.6914244
125215.99,-2.8404706,2.8922493,-0.98452216
123361.13,0.18452136,2.7273278,-0.58927166
127003.54,-2.6231122,1.3682224,-0.8281896
130922.75,-1.6096623,0.08519173,0.42440403
119265.06,-2.555336,2.711281,0.5903431
133248.05,-1.7252197,3.050938,0.4920102
125531.53,-1.2489513,2.628472,-0.47649622
128905.61,-2.6253135,0.2588454,0.4124127
131077.03,-2.8201678,0.43621755,0.54603386
133818.36,-0.72834337,3.0196755,0.6560903
126000.15,1.6684839,1.468952,0.5871062
133399.86,1.4089242,2.0603445,-1.249705
120536.914,1.8021853,1.4548483,0.78214693
133880.2,-2.5535514,1.9650457,-0.69978654
129856.34,-2.715097,0.5713985,0.49435195
132278.36,-2.224164,2.8358164,-0.4360897
120505.45,-2.834818,1.9465296,0.7590912
119000.55,-3.3760016,0.04013896,0.51382697
117172.305,-1.0393568,2.017067,0.75423175
116539.625,-2.0589697,2.5194721,-0.49949872
116093.086,-1.7936571,2.2286847,-0.64486665
124624.18,-2.2122774,2.726275,-0.9473986
133290.73,-0.8331321,1.0240877,0.49927548
126435.375,-2.913844,1.3403926,-0.65961415
128023.61,-0.86653364,3.1131177,-0.44912958
118045.4,-0.721739,0.00045347214,-0.75167745
119706.74,-0.08205225,2.399083,0.6031706
132240.06,-1.6273422,1.3424267,-0.61477935
121014.68,1.6259642,1.3648946,-0.7207701
123554.06,1.2943594,0.14941049,-0.36700732
129961.94,-4.294217,1.6034403,-0.7970964
119119.5,-2.271438,3.1341407,-0.74928105
126808.164,-1.5143837,3.1043565,0.67790294
124109.516,-0.26963344,2.7617273,0.25586316
115231.06,1.8137392,3.058553,0.65067506
122958.26,-3.5812616,2.9071956,-0.55022234
119943.75,-1.6126587,0.5886366,0.69794434
120965.445,-0.8661517,0.8243929,0.5866219
128354.414,-1.2222077,2.6090105,-0.6384786
116997.59,-2.19988,0.73499566,0.3237831
131585.17,-1.0268991,2.182395,-0.51875514
119625.18,-1.0378047,2.7537446,-0.76447135
133493.62,-3.2856383,3.038126,0.3645496
126018.01,-0.4816369,2.383275,0.4889967
130793.95,-3.5483768,2.82459,-0.5894311
117041.11,-3.0426886,0.6908611,-0.5287115
121103.77,0.43545216,2.1938126,-0.6277977
129456.03,-2.7765195,2.6744292,-1.0076829
125901.875,-3.0313437,1.1269218,-0.6994893
117859.5,-1.231624,2.8127425,0.4369698
117881.6,-3.2226887,2.8076847,0.60626185
127569.586,-2.95536,0.27637637,0.5616697
123303.055,0.36282405,0.96477926,-0.79725087
132113.53,-2.2816966,2.0794063,-0.559676
116937.22,-1.3627343,2.9280748,0.9070976
119679.62,-1.888227,1.2892313,-0.5098437
120091.93,-3.265502,2.0346625,-0.6915112
126494.92,1.8409263,1.1940919,1.2802296
116823.664,-3.3175986,2.1303573,0.7463338
123024.94,-2.4838023,0.124872565,-0.61208624
119974.27,0.017856905,2.6559377,-0.67705566
131629.6,-3.782497,0.7312134,0.67331374
115168.73,-3.2709372,2.6662428,0.90590805
115189.04,-1.2763091,0.6733744,-0.5293667
117767.05,2.335595,0.8830769,0.60450506
131398.2,-1.2847776,2.094875,-0.71345276
128882.38,-3.0649276,3.000967,-0.4956018
115614.664,0.20545036,2.2743034,0.8553525
132733.08,-1.0055963,0.037152648,0.35812142
123587.83,0.47652233,0.04859352,-0.65577644
133331.52,-2.9949186,2.2377067,-0.47186068
116471.28,-0.84175587,2.609905,0.5564952
124793.83,-0.049383078,2.7906377,-0.76790184
118971.15,-1.3846184,1.7738802,-0.4884029
127799.64,-2.1424704,0.49519825,0.5630912
126567.42,-3.0085433,0.92570657,0.70525646
128189.31,-2.7883782,2.8000174,0.64896333
129479.53,2.3487456,1.940906,0.6296717
131269.69,-0.5669667,0.53304416,0.61400795
127571.24,-2.815824,2.496976,-0.16552626
124873.66,-2.2696369,2.700607,0.33274007
130572.234,-2.1790261,0.20419216,0.43022135
125013.625,0.027956383,2.9557717,-0.7660589
119459.336,-3.0973847,2.4447527,0.4406765
120651.92,-1.8273218,1.551734,-0.75396407
132422.52,-3.5985394,2.9898593,0.5905605
119540.4,-3.3255346,0.679753,0.5547311
116680.51,-1.864878,2.4810257,0.78495985
119814.875,-2.3010302,3.0521998,0.44752282
133643.28,-0.44760275,0.79540503,-0.58400524
132481.84,-1.2453111,2.6943443,-0.5242222
133478.2,2.8986998,2.9663815,-0.519171
125327.51,-3.5825531,2.6773667,0.5470514
127157.375,-2.228979,1.405054,0.8908988
119830.914,1.6115493,0.25577694,-0.4079687
122320.7,-4.066003,3.0488622,-0.5772438
130364.055,-1.4237441,0.46269965,-0.6237834
123177.08,2.6735523,3.0551581,-0.35378554
124404.76,-2.3941934,3.052831,0.22573873
127053.54,1.3474516,2.9032583,-0.65597516
117591.39,3.6461303,0.45268923,-0.48874763
130543.414,-1.4114883,2.278866,-0.29509404
126030.71,0.25178105,2.4544148,0.884473
123278.73,-1.4710691,3.0151014,-0.43634877
125164.1,-3.348793,0.6753549,0.5595989
133532.69,1.4743059,2.6422713,0.7593858
128694.39,-2.5461736,2.6765006,-0.5316192
119432.57,-2.8934054,3.0586514,-0.39088166
126007.984,-2.9690287,2.368319,-0.7783935
115524.93,-2.8381836,2.563021,0.3742797
127911.58,-1.8933268,2.120546,-0.9204465
133344.42,0.4829339,2.3445249,-0.5704006
117590.46,-0.9939168,2.9725118,-0.5687596
115410.18,-2.3922303,2.535498,-0.6567325
119706.27,-2.3863902,1.8425736,-0.42195612
126199.664,-0.6992098,1.9045835,0.65318096
124433.51,0.54647046,3.0884802,0.44963798
120903.52,-1.3057146,1.4946613,0.72108674
127575.375,-2.229476,2.2150667,-0.7617814
126746.53,-2.7334259,2.6477737,0.6513209
117502.54,-0.7173732,3.0868301,0.42809087
120396.586,0.23728733,1.1170318,0.63962424
119186.875,-1.9819196,1.6530993,0.7165345
123941.72,-3.9942381,2.8777041,0.45482188
115458.87,-0.69158316,2.7923,-0.42714614
121097.34,-2.9149919,0.9136982,-0.5465724
118225.23,-1.8940126,2.63436,-0.415978
122926.11,-1.9910289,3.0699725,0.48974484
128023.0,-3.879611,1.0184757,0.5951803
120196.805,-1.0921785,2.3738432,-0.50707805
129542.2,-2.748771,2.3555975,-0.533003
115315.42,-2.5564663,1.9359554,0.55569094
115695.35,-0.14522864,0.90895534,-0.76823145
120439.05,-3.626513,2.439877,-0.7018723
118953.61,-1.9203398,1.3969347,-0.85134554
133411.47,0.7180012,1.8541868,0.60313237
126982.18,-3.3388774,1.5218335,0.60219383
129126.78,-0.94079554,1.6557094,-0.8102517
123238.59,-2.584219,1.0572838,-0.5136276
127852.1,-3.4139717,2.3676412,-0.54001087
132866.81,-3.0280318,1.9606181,0.53334266
117146.734,-2.3520696,2.467708,0.6449027
125046.664,-0.22786582,2.6133697,0.51581806
121412.84,3.202739,2.0302684,-0.8115631
115348.67,-0.7408851,2.6322799,-0.71328396
130948.67,-2.0191538,2.194933,0.7946943
116245.75,-2.3902125,2.7534819,0.82177645
132885.36,0.1195333,2.3479404,0.56094706
116137.0,-0.23951438,2.7552917,0.7760376
130561.12,-1.6692915,2.4043162,-0.3560357
129981.76,0.6123497,1.5712726,-0.95854634
117548.22,-4.202427,0.4460212,0.6376639
131432.69,-2.5618184,2.5552394,1.0075585
129490.76,-3.4851587,3.0512807,-0.5644462
122111.29,-2.9908211,2.3463502,-0.55557775
134192.47,-3.3552053,3.1368775,0.4877234
122146.46,-1.5930166,2.3812613,0.71244156
134886.7,1.2309653,2.908661,-0.41831928
128280.29,-3.20618,3.0842714,-0.58449984
133949.17,0.7647605,1.484454,0.6322175
116470.27,-1.9528261,0.938852,0.6229087
124202.54,-2.841384,1.8029547,-0.72358316
133782.38,-0.95813,0.35084528,-0.55208826
127899.71,-3.2146184,0.5214782,0.550341
118955.44,-1.7690324,2.483076,-0.80771816
122525.79,-3.0260677,2.2945666,-0.71612257
132595.27,-0.9958239,2.4620762,-0.69556785
125527.21,-1.3165636,3.0307624,-0.6061527
132450.55,0.989745,0.6027628,0.5238573
119997.87,-3.6075273,3.048723,0.4776585
133763.95,0.86742944,2.8292258,0.55431914
124851.44,-3.0361176,2.831878,-0.28327414
129660.44,-3.1368852,0.4092152,0.49925113
129195.43,1.0593038,2.12191,-0.73770756
122814.57,-1.3928745,2.8708322,0.6059438
124164.67,0.94991493,0.40891153,0.52252406
126334.33,-1.5780424,2.5276132,0.98569125
124638.34,-1.0723817,2.5206418,0.62814105
130189.06,-2.2023485,0.8617111,-0.52684385
125022.26,-2.4353588,2.8469427,0.51703006
116965.14,-3.1167157,1.38417,0.7660048
116539.66,-3.333245,2.939418,-0.46499828
131697.52,-0.8282925,0.11827621,0.52328473
130718.43,-2.340513,2.3841038,-0.8570325
127980.68,-2.6349206,0.021300793,0.42232564
131561.72,0.9929136,3.078165,0.3562137
128502.38,-2.607059,1.0924562,0.5026789
117413.98,-1.4924277,2.5340896,-0.7439647
120031.195,-0.101642765,1.3991789,-0.55849725
116635.71,-3.4377542,2.8163018,1.0855907
125388.91,-0.74110025,2.6328685,0.7455836
119393.625,-3.541706,0.53621006,0.56659716
122821.305,0.030438915,2.6563282,-0.7550436
126440.89,0.71137977,2.6087196,-0.696756
125905.67,-2.170646,2.1421812,-0.85561705
132462.34,-2.4195316,1.0447286,-0.4992695
117953.36,-2.518622,0.09029496,-0.3620234
132765.58,-0.29847547,1.4773943,0.67977333
122129.76,0.69478625,2.4350486,-0.54911125
130345.65,-2.0705795,2.81695,-0.5196801
133472.47,-1.3308454,2.3138933,-0.51837116
122675.18,-0.46376607,1.0809594,0.60351634
124414.33,-3.2689395,1.8220512,0.7402869
131912.61,-0.59421027,0.38051215,0.5381161
124521.91,2.2751634,0.101000786,-0.34780577
134048.95,-3.6059864,1.3903397,0.8639134
126205.91,0.82044226,2.2725751,0.638751
116781.375,-0.35991377,1.9064182,0.7500025
132936.73,-4.594635,0.24233544,0.55810535
118191.64,-2.5891004,1.2996972,-0.67127484
127429.78,-3.1355197,2.7310867,-0.21358003
120895.99,-2.8578238,2.1882582,-0.66883504
115923.445,-1.4887403,2.906091,0.5417897
127292.93,-1.6180178,0.041796684,0.33859348
125441.84,-0.5695943,2.240537,-0.74400085
129036.95,2.287312,2.0760148,0.721249
127429.766,-2.4088767,1.9474359,0.7347127
128240.805,-1.6599127,1.7914141,0.906074
134846.94,-1.7650973,3.0386772,-0.36947197
122389.39,-2.0819323,2.6521304,0.49524808
125901.58,-2.3436508,2.565006,0.5444249
133761.4,-2.7178729,2.883335,-0.38866
116066.11,-3.0333877,1.6786138,-0.5202545
125086.54,-1.7395718,2.4381256,0.44460794
132182.97,1.0655968,2.3146443,-0.57776886
118416.29,-0.22889827,2.91196,0.64781547
119765.445,-3.2098022,1.4551116,0.5870187
116824.016,-1.5996472,0.31950545,0.48824626
120768.75,-2.0674322,1.6288253,-0.60752493
118988.28,-2.8659706,2.6521742,0.84387964
118589.98,-2.469218,3.0648844,-0.51225495
126832.32,-0.7641783,2.9009306,0.4831464
122661.2,-0.7170159,1.1214343,0.5382202
115917.6,-0.25612906,2.4112844,0.7645058
118546.04,-0.9340059,1.5425845,0.547097
132776.88,0.8328638,2.8610618,-0.61827946
123728.62,0.47308588,2.7474885,0.83513755
130078.18,-3.0473998,3.1341038,0.4915596
122411.875,-2.8328307,2.9400778,-0.69196326
124013.234,-0.91739744,2.1260455,-0.8300748
115820.445,0.31506053,3.048436,0.44383872
117061.375,-3.1482718,2.39956,-0.49291456
117613.41,-2.2013185,1.3258921,0.4951971
115609.734,-0.65819633,1.4183122,0.53034765
128331.85,-0.11887797,1.2918086,0.7814793
124400.484,-2.5597966,2.806874,-0.6926788
120575.6,-3.6380115,1.26888,0.5867099
131724.78,-3.6734037,3.0140088,0.6557099
120629.2,-3.4941733,1.6494184,0.7694286
118340.11,-1.5615052,1.5290282,0.97312826
119700.63,-3.387613,0.2898916,0.48297706
122328.76,-2.0645804,2.4241219,0.87749225
117824.9,-1.0054892,2.9191034,0.41685304
120716.305,0.9456588,0.7780721,-0.649056
130946.23,-3.5311387,0.58115554,0.48314428
129939.3,-0.20117022,2.5381732,0.45592278
122335.18,4.3791556,1.3364626,0.8025139
130672.9,-3.764625,2.6672337,-0.65387094
133544.12,-0.42366114,0.7312454,0.66071033
128364.24,-1.5404055,1.8591155,0.60306275
130714.12,-2.6992202,0.13589627,-0.39384982
120747.0,1.5972606,2.3334744,-0.5671266
119557.2,-2.9934514,3.031617,-0.44816777
126317.04,0.59561837,1.0781058,-1.0711349
116129.2,-0.03061324,2.0447693,-0.66164714
120526.734,-3.6986697,3.1179712,-0.6736485
130989.68,0.3437258,2.5927458,0.6067864
117731.03,-2.075728,2.864678,0.38724196
124360.625,-3.0788116,1.0981508,-0.5954779
126384.87,-3.3235517,0.22576535,-0.42160577
132173.77,-1.3247036,2.752446,-0.6364813
132478.25,-1.6975733,3.0831711,0.673541
117270.77,-1.8921865,2.124147,0.98361766
133814.95,-2.2488246,1.0636553,0.9413081
120685.38,-2.293367,0.4912504,0.19421972
132617.36,-2.285528,2.9332826,-0.49522772
122524.02,-2.669042,3.0970337,0.5476842
121950.734,-0.95216453,2.4921606,-0.6771837
127761.57,-2.6565635,1.3621109,-0.95089304
127159.016,-0.12771377,0.53618574,0.7300159
121433.805,-0.56282806,1.8756791,0.69356805
119450.234,-2.5553417,0.76854396,0.50405365
131696.62,-0.48055524,0.081073165,0.34385276
130820.695,-0.38057023,0.91438895,0.7730343
117868.6,0.5321046,2.8516726,0.47481608
132580.19,-2.5039377,2.8301325,0.42632878
116883.055,0.01714445,2.4126892,-0.5443823
119231.93,-1.9794384,1.1798998,0.69261587
127791.87,0.94668084,2.2663507,0.6060497
116923.555,-1.870845,2.8158371,0.69647825
130958.52,-3.7085636,2.7099917,-0.8436727
123521.055,-2.6628323,2.856658,-0.63693684
133868.12,-3.2990227,2.1749804,-0.41476515
131452.25,-3.4421933,0.8042597,0.50926095
120715.125,-1.8357228,2.3935215,0.6328323
133675.86,-0.8768798,0.17444503,-0.6238434
118536.13,-3.3128755,0.5800754,0.6343864
131345.47,0.41860476,2.443026,-0.6778035
122066.33,-1.7400234,2.3812335,0.57216066
120366.63,-2.2339911,2.365735,0.5865538
128268.14,-1.4347634,2.6324642,-0.38951874
132311.2,-2.6951098,2.2449567,-0.59911877
120153.25,-2.65428,0.6941515,0.547271
117654.2,-2.180525,2.717548,-0.8201899
119052.69,-3.4161274,3.0520048,0.6398297
121624.34,-1.2134674,2.4907002,-0.52354395
130845.77,-1.2747331,2.9076712,-0.48535395
127623.28,-0.58541536,1.4893513,0.64688736
127593.234,0.28993014,0.59840643,-0.9284768
122775.305,2.6880386,1.9528978,-0.7505854
122709.41,-1.2266073,3.0928485,-0.23195596
131026.766,-0.6418647,2.2221994,1.1584524
128024.46,-2.5891147,0.695967,-0.7279214
119413.86,-3.3946261,1.2761122,-0.6474945
133730.81,-3.177685,1.8408217,-0.7179067
115994.086,-2.9812965,2.2511778,0.79246855
123620.555,-0.062439464,3.034577,-0.5754598
126294.37,2.2062309,2.6696303,-0.460782
121614.82,-0.88585895,2.3972604,0.46868756
133856.7,-2.7173717,0.3032086,-0.71805316
123358.984,-3.942758,2.3802679,-0.64651203
116799.99,-3.1638043,2.2767534,-0.55877876
126381.45,-1.4676584,2.4985435,0.8123888
122440.305,-1.8889385,2.9092584,-0.59588087
122173.0,-2.0685496,2.3834813,0.5719118
116383.82,-3.2747111,1.9182199,0.7713873
121082.82,-1.9571502,3.0599732,0.5065481
125266.1,1.9230901,2.2907248,0.60896224
118973.45,-0.48530343,2.5817928,-0.5705255
118223.22,-1.2512505,2.9078429,-0.42010972
122780.24,1.6736618,2.9837937,-0.40669376
130755.445,-2.0638719,1.6643503,0.553599
131224.8,-0.04326612,1.7824523,-0.7048704
115282.805,-0.7074312,1.8235734,-0.5053879
127562.03,-2.623015,2.636048,0.6786239
124869.664,-1.9141204,2.9979684,-0.5890891
119011.75,-3.544099,0.11488891,0.42083606
117046.1,-3.7062955,2.7984176,-0.31999055
132097.84,-3.8183372,2.8818314,1.0454247
133653.03,-1.9859439,2.9203653,-0.5656218
119085.98,0.4805335,1.135641,-0.6828236
123003.2,-1.0526898,2.8664894,-0.5130293
122512.06,-2.1192684,1.732726,0.4368103
117993.984,-1.5600373,2.8932433,-0.42109844
118509.12,-2.9110029,3.073801,0.71005464
132812.66,-1.6066737,2.705252,0.8473839
125453.38,0.0498952,2.5286791,0.6991811
131538.88,3.088158,0.63605064,0.5880445
125495.19,-2.4982524,2.974855,0.7123333
133923.27,-4.0979176,2.9615955,0.30612984
119803.305,-0.80082124,2.777392,0.4564504
134091.58,1.3534597,2.835028,0.50748545
133942.02,-0.8854966,2.3500843,-0.39013043
126199.766,-4.3906918,0.13037837,-0.47399977
125949.68,-1.5125153,2.0440388,0.72135067
115085.414,-0.9752729,2.5399032,-0.54798096
132967.33,-0.7768413,2.63733,0.87604916
115124.74,-2.9478383,2.5419493,0.7530179
122177.336,-1.0018386,2.4068885,-0.5961524
130818.625,-0.5653737,2.6689246,0.59965193
129722.2,-2.6149058,2.300697,-0.5579311
118812.99,-2.6688406,0.33482736,0.4789238
124283.57,-0.1467825,2.5852592,0.75165784
120141.83,-2.8988247,2.4509764,0.31731963
127629.266,-2.7587492,0.49420595,-0.493021
119303.914,-3.4837117,2.9385548,0.5412698
122140.77,0.4372683,1.8405051,-0.7684279
122504.52,-2.4259675,2.6483264,0.67828435
129852.266,0.7766378,3.0188122,0.365793
115847.31,3.4310017,1.8722162,-0.7357079
123980.18,0.37463298,2.934326,0.4560712
123384.914,-2.998659,2.6084645,0.6303461
125288.445,-2.5449898,0.11418539,-0.5710605
130130.586,-2.295825,2.5804567,-0.7400364
131860.95,-0.1920243,2.1120443,-0.7613923
126523.57,0.3189853,1.4257982,0.5988157
124901.76,-1.2416141,2.5610225,0.6649013
115577.16,-3.1466227,1.6842471,0.65498656
115902.12,-1.7369884,1.8292677,-0.80989057
117929.83,-2.826464,2.2058544,0.4134391
127710.555,-3.2376237,3.1375432,0.3176742
127494.6,-0.6074745,1.1646736,1.1028402
118019.26,0.2038971,0.92421126,0.61111754
124814.72,0.08291022,2.98698,-0.3476448
123622.195,-3.9102395,3.1398726,0.2470201
125136.76,-3.3858979,2.1477058,-0.67587405
124951.76,-1.1629387,2.6052744,-0.81227505
121013.74,-3.1516902,2.5830567,-0.6398381
127514.67,-2.2002602,2.7741117,0.43560603
125758.08,-0.44777256,2.4555151,0.5468025
124899.79,-1.8819182,1.9340887,0.4597694
130142.07,-2.4129145,2.9003274,-0.4563629
129107.75,0.55870384,2.923696,0.65280604
134608.97,-2.2343035,1.0115428,0.4967534
117885.98,-2.4066393,2.9859903,0.4401496
133879.95,0.16722298,2.7888968,-0.35292932
131221.34,-0.78512037,1.9583858,0.5699372
118833.21,-0.6560222,0.6049262,-0.53541166
122976.51,-1.1680498,2.7963293,0.8135973
134527.97,1.9310586,2.8585074,-0.43729138
115404.67,-2.3991795,2.9001057,-0.85995406
130781.89,-2.2397594,1.1344818,0.6022898
117265.44,-0.1055925,2.7573237,-0.5133234
131724.27,1.2805188,2.7422454,-0.5399532
134292.77,-2.9893568,2.8489203,-0.78884435
119461.07,1.4115915,0.123981416,0.5134975
122149.836,0.6519855,0.69585073,-0.4011386
115570.69,-2.9965584,2.6575458,0.55667865
116299.53,-1.3131713,2.181394,-0.49374238
118861.78,-2.4910276,2.6029904,0.8546607
116184.27,-0.96054745,2.7624955,0.4362367
122915.51,-0.95905244,2.8651354,0.5605114
116400.98,-3.3459442,0.110440016,-0.46221632
126136.57,-1.8083894,2.8496869,-0.73756313
120138.0,-0.79003763,2.6371045,-0.550565
134056.53,-2.8435373,2.1025445,-0.78008085
120403.37,-1.7783673,1.6675178,0.770071
120105.45,-0.5378572,2.0602367,0.7687027
125755.56,-3.821144,2.608448,0.4425427
125685.67,-3.8526452,2.6153414,0.4930618
129965.22,-1.2863332,2.8155105,-0.5214203
129660.03,-0.95347595,2.2343192,0.519503
128935.62,-3.058927,0.60656273,-0.47079998
122053.984,-3.046865,2.9683661,0.44778854
116780.53,-2.1055677,2.0330381,0.40133914
120573.83,1.8292285,0.12923062,-0.35390407
115718.97,-1.422142,2.4383507,-0.6014263
121090.25,-3.7444804,0.038860977,0.34839913
127605.8,-1.4809173,2.284504,-0.48111096
120558.42,-1.6526918,1.9033122,1.0448836
127128.91,0.7933664,0.1301847,-0.50908744
126405.0,0.09866065,2.2443964,-0.6013586
127897.02,-2.5450947,3.0212493,-0.35819054
117911.09,-3.1010134,2.8196878,0.88418275
125805.75,-1.1533769,2.5015569,0.7556846
128671.07,1.1065266,3.1269367,-0.30082124
122591.49,-2.3125198,2.682882,0.67754215
120343.03,0.014046968,1.3609991,-0.60581386
122702.88,-2.8082142,1.5573584,-0.7603787
134168.31,-0.5467706,0.44414723,-0.5907828
117418.16,-0.13073668,2.4205801,-0.61186695
128446.555,-2.3899908,2.872026,1.1647898
115013.35,-3.2230077,2.6923656,0.5676549
123497.46,-3.0050316,2.2285035,-0.6253072
134494.62,-0.44581553,1.0274758,0.6455703
133668.78,-3.0196702,2.944264,0.6183173
120400.734,-2.9180827,2.983922,0.25666398
118700.77,-3.890072,2.6741567,-0.69575626
120392.14,-1.7623359,1.1221778,-0.5363581
128640.17,-3.1455102,3.0327497,-0.85210323
119552.41,0.8296854,2.6193042,0.63663
131386.48,-1.7816424,2.8247638,0.526133
116076.3,-2.9714875,2.2546117,0.7164778
115336.83,-2.1221704,2.743483,0.93067884
118116.01,0.8334881,1.2222079,0.62161964
128483.88,-0.828899,2.7009282,-0.43947646
118914.62,-3.851515,0.7835598,-0.7337757
121015.945,-0.08048169,1.2054633,0.6826911
128184.945,-2.6987467,1.2309,-0.74053115
127215.97,-2.2748682,1.1489584,-0.50934356
130764.805,-1.5133775,2.757791,-0.53243506
117387.14,0.85245895,2.52293,0.8183025
134803.69,-3.1148448,2.4153233,0.515024
124502.53,-2.208125,2.951385,-0.7649919
130256.14,-1.847127,1.490454,-0.7801321
126935.54,-0.4747922,2.2993824,0.55877954
132911.12,-1.090861,3.0718977,-0.45963463
126620.92,-1.262219,2.8855677,0.43984208
127955.78,-1.4613484,2.3345323,-0.59764445
117924.5,-2.9966545,1.8082964,-1.013517
129485.37,-2.341621,0.90120476,0.5507559
130159.93,-0.26388893,1.8597083,-0.8162764
124037.16,-0.39410904,1.9493088,-0.67386395
119108.445,-0.97831005,2.6638865,-0.6546629
121166.54,-3.141101,2.1175194,-0.66768926
116997.54,-2.711495,1.9550905,0.84278107
125568.805,-0.047221012,0.7234497,-0.7342393
123630.805,-2.2966526,0.99512964,-0.7201734
123117.93,0.18283874,1.6704484,0.700007
125028.9,-0.7775147,2.1426396,0.7378659
117680.95,-3.514825,2.904744,0.87261826
126243.2,-3.2175937,0.0867753,-0.51622117
131393.52,-0.0814198,3.0856876,0.20167795
134883.44,3.6397686,1.3153789,-0.9913605
132727.16,1.1606346,2.55748,0.5058041
117565.87,-1.5300739,0.8816673,-0.5160248
116105.78,-2.404151,2.7085907,0.63626826
119992.18,-2.317371,1.9208014,0.7372238
123823.68,-0.11863747,1.0334762,-0.85452294
118143.28,-2.0937223,2.243627,-0.64178586
123420.96,-2.1041877,1.9899994,-0.72128785
132418.53,-0.40325078,2.934252,0.41020998
122549.086,-1.220628,0.23674077,0.46251512
123606.12,-3.5804987,1.5020155,0.81445235
115914.195,-2.721398,1.7053696,0.88454247
127065.695,1.4178771,0.2921605,-0.4804543
128583.58,2.7047005,2.077207,0.74943435
118938.98,-4.3102064,1.7665298,0.7400193
131957.27,-1.7032611,2.0820725,0.83588624
133409.6,0.5376041,2.7400613,0.5658406
126356.67,-2.282161,2.0154016,-0.87293816
118529.914,3.8636947,2.4022164,0.967156
123040.1,-1.3794686,0.908598,1.176231
124492.31,-0.0023652848,2.3917112,-0.53880984
118764.08,-1.8376338,2.8952515,-0.6332579
117274.55,0.41821727,1.5414648,0.6186062
130960.04,-3.7687728,1.0582927,0.3291299
117125.51,-3.0936146,1.8416445,0.24882856
123687.24,0.06198207,2.8356833,-0.567299
122053.13,-1.8638402,2.148151,-0.7456019
128872.3,-2.9014816,2.283755,0.44247594
119652.875,-1.7428617,1.3309846,0.87746626
115824.0,1.0524703,2.3871765,0.62513864
116301.945,-2.923206,2.2777276,-0.5565168
125468.8,1.0267779,0.67581403,-0.6840482
125042.2,-2.1895766,2.1171455,-0.6999248
133293.52,-1.4095294,2.9018347,0.5350713
119993.234,-0.46179396,2.801231,-0.54680276
119567.73,-0.9667284,2.9998982,-0.29102466
115545.89,-3.2899876,2.5434973,0.6657022
122156.81,-0.24464452,2.465552,-0.6163894
118228.56,-2.0278993,3.0098336,-0.77987456
130858.195,-1.774087,3.0745652,0.42118707
116025.195,-1.5121158,2.8139703,-0.59130347
118221.72,-0.9362052,1.3423551,0.82279783
116107.84,-2.6722107,0.7906215,-0.54211485
115684.27,-2.4647284,0.5451162,0.2488382
115576.305,-1.8648989,3.0263221,0.74949574
129202.93,-1.9008539,2.7381861,-0.7263751
125671.836,1.0028105,2.0255864,-0.77521694
132792.11,-1.1139798,0.12061703,-0.42957312
121465.27,-1.004205,2.386231,0.5215624
124639.266,-1.8123128,0.7134969,-0.8070673
134862.33,-2.4536333,2.5904734,-0.49907136
132786.53,-1.2527205,2.8721876,-0.6325092
116409.87,-3.2599356,2.8148098,-0.31309035
122642.266,-2.827042,0.61857086,0.59999454
132621.03,-3.102528,3.094439,-0.66865
133234.03,-1.5966127,2.755573,0.5874755
118896.94,-2.8548524,0.59989274,0.45251548
130555.66,1.2028289,2.4786386,0.7239677
123585.59,-0.34248874,2.372273,-0.8565337
115312.34,-2.385487,2.7398357,0.44538632
128879.1,-2.3094854,0.29188013,-0.64298266
131147.8,-2.011927,0.058580756,-0.2929179
115445.64,0.34247136,2.7942457,0.5639583
132581.52,-1.558704,2.1681018,-0.61482334
126210.15,-2.9545026,2.7596197,-0.8965623
117937.4,0.04624329,0.57083654,-1.150637
119315.24,-4.006569,2.159628,-0.35914758
121959.414,-1.7795451,1.4240172,0.54286486
133256.77,-2.8697531,2.885265,-0.5937327
128883.8,-3.1908996,1.3756794,0.6426046
125570.87,-2.8215995,1.017102,0.5283713
134002.81,-3.738169,0.19510198,0.3245185
131358.58,-1.9895482,0.7711838,0.9860557
121911.19,-1.3564388,3.073192,-0.6734424
118296.84,0.34332272,2.2832744,0.5642043
120226.07,-1.8515552,2.9979048,0.23603112
123718.43,-3.128671,3.0646274,0.4200232
117252.805,-2.9735792,2.240167,0.17841192
133746.98,-0.6322035,1.6065621,0.7480956
126556.48,-0.67858136,2.8220787,0.43063757
120952.15,0.21530345,2.9413788,0.43650958
129059.81,-1.0370582,1.6930742,-0.62152386
134674.34,-2.1721096,2.811554,-0.6874416
125057.81,-1.003423,2.5151298,0.44983864
126670.27,-1.7609205,2.555176,-0.7090536
131701.0,2.008904,2.0772398,0.70064455
123511.2,-0.9757083,2.9017067,-0.47466287
117541.72,-1.684073,1.4125707,0.57613456
133899.8,-0.7371146,1.8649192,0.62659127
115176.47,-2.252857,0.85932165,-0.6110396
125666.67,-2.7560146,1.1208004,-0.46365678
126360.89,-2.1992846,0.08541608,0.39159775
126615.57,-2.529328,2.8584368,-0.3650784
130941.22,-0.5858167,2.3760602,0.42980155
130611.305,-1.7967106,2.2726684,-0.6796418
124401.734,1.9610548,0.18929619,0.5034089
115481.875,-1.8107096,2.8241003,0.37108153
123940.586,2.5549448,1.5956688,0.7268573
133776.72,-1.9145823,2.5976593,-0.6192986
121184.1,-1.7923553,1.5806421,-0.8570662
121782.27,-0.8276656,0.98942053,0.5099526
118661.445,-1.7527051,1.6566807,0.5791087
121545.375,-3.0864866,1.5152965,0.5166754
134901.6,-2.0987315,1.2050462,0.63812745
124157.94,-3.0298676,3.1224327,0.8505688
125523.75,-1.4302521,2.8526955,0.9835414
133228.94,-0.44940343,1.9028385,0.6040709
134095.06,-1.987601,2.0156634,1.006134
120639.52,-0.9547443,2.3679757,-0.6816532
128053.18,-0.8913514,1.4236612,1.1983329
127469.78,-0.37812075,2.852294,-0.23648876
123159.82,-4.0505686,2.8418615,-0.35906938
127856.32,-1.8286287,2.782171,0.42188835
116282.22,-2.9721677,2.6195745,-0.7203776
127162.016,4.0862484,2.2486105,-0.5477434
118920.766,0.83362335,1.3016301,0.7338388
130316.125,-0.7971848,1.8752344,0.55133754
123363.95,-3.6220906,2.6301687,0.5377477
130526.25,-2.3265944,1.1286515,-0.57681483
117048.94,-3.0141976,2.1397967,-0.1983872
127559.836,-0.9933278,1.9940469,0.6375293
124942.11,-0.6159572,2.7862945,0.45646605
125166.01,-1.8151138,2.292895,-0.62619466
124030.18,0.6166746,2.9043643,-0.5362842
121405.78,-2.6087017,0.2978549,-0.29188547
115388.75,-4.1400585,1.2584882,0.81102103
134623.28,1.3884001,2.897024,-0.58846366
123554.484,-2.2655408,1.9065831,0.7558591
115718.81,0.5383926,3.0628283,0.2717706
118263.414,-2.6460142,3.1221406,-0.42470187
127014.66,-3.4447026,2.5806444,-0.7070574
115832.086,-2.328673,2.2476625,-0.78614146
117905.516,-2.3855605,1.6930574,0.49008358
116556.74,-0.24787714,2.4390066,-0.37846875
127211.164,-3.8213613,0.008314908,-0.42442557
115312.24,-1.9008332,1.9346646,-0.69994783
130876.13,-2.7467408,1.068501,-0.65498537
128040.9,-2.5937386,0.023686409,0.4616508
123025.21,1.1336969,3.0647752,-0.37945324
128855.08,-1.8491074,2.2098587,0.4503024
125293.484,-3.5447729,1.2278298,0.6074277
130741.74,-1.5164899,1.6690377,0.6152873
130224.42,-1.0172169,2.963132,-1.0869946
118176.06,-2.6346023,1.8916252,-0.6176907
133031.7,2.5089347,2.2520504,0.6943601
129828.02,-0.97488207,2.8068614,-0.44319275
120012.125,-3.2004654,1.4349093,-0.51115716
130291.24,-2.979977,1.6748706,0.39207178
120833.336,-1.9861773,2.5722396,0.3866267
119151.0,-0.8692276,1.4881878,0.60211444
129939.17,-0.86408716,2.2815037,-0.63475543
130919.17,2.1335545,2.2015681,-0.6336022
129433.9,-1.9808238,2.8377664,-0.5873083
121532.75,0.16202012,2.648342,0.54707605
128313.414,-1.5634389,0.34562755,-1.3192677
117869.71,-0.08430018,3.0527804,-0.45000467
125018.086,-2.3687785,1.7631547,0.34770977
116933.414,-1.1784009,3.0596397,0.59420216
116684.35,0.99006206,1.8829249,-0.6827563
130346.96,-2.7648587,0.35257202,-0.5424709
132348.84,1.9426925,1.541693,-0.574288
118501.23,-3.3720615,0.41553974,0.5525012
128007.77,0.6542397,0.25966507,-0.48631734
121567.75,0.9196008,2.85925,0.69215953
127423.625,-2.2966092,2.3399773,0.48769203
121945.01,-0.36598542,0.65205324,0.5221666
121709.61,0.47670782,2.8466244,-0.65974396
126349.02,-2.9996252,2.796278,-0.82806474
129875.664,-2.7825806,1.8292419,0.7292717
127614.41,-0.32981154,0.046876043,-0.30371097
117438.27,-0.8719477,2.6750503,0.36191162
116849.39,-1.1261818,1.1786087,0.85519755
116301.234,-3.468533,3.0599706,0.55484694
119896.92,-1.2601465,0.12843522,-0.21991654
116865.51,-4.203844,2.4249375,0.53349066
115644.81,-0.069646835,3.0599048,-0.5130316
124587.43,-2.0533447,2.9253347,0.6351895
117370.65,-1.6550863,0.99608535,-0.50944394
123645.41,-1.8187845,1.184182,-0.5609912
132759.69,-3.402666,1.9091476,-0.5730315
119663.19,-1.0975859,2.2059515,-1.0858985
119763.19,-2.00592,1.532968,-0.6891429
121375.46,-1.9900192,1.4361755,0.8104441
117585.06,-3.40558,0.62023354,-0.6180876
130967.93,-3.4178274,3.008604,-0.68906945
118727.4,-0.0002680184,2.81207,-0.5404641
118029.1,-0.64708716,1.8362787,0.57202506
128750.67,2.990418,2.5208254,-0.6997171
130554.92,-3.1728394,2.8952236,-0.413175
118555.75,-2.4330492,3.1335185,0.6477391
117079.01,0.17921087,2.1645324,0.62520176
115053.62,-2.3557038,0.4954648,-0.45733026
122718.234,-2.933765,2.9846268,0.15650594
129887.266,-2.7684386,1.8393744,-0.41367012
134603.4,-4.075687,0.5925559,0.49671483
120929.44,-2.475815,1.7859143,1.01573
117253.6,0.15156421,2.8208692,-0.4139212
116519.9,-0.6708402,0.47196084,-0.5582795
131433.62,-0.7780884,2.9591713,-0.6429672
119581.875,-2.148773,2.9400337,0.3714876
125961.99,-2.426856,0.2142086,0.5033074
118901.54,-1.224369,2.9467976,0.52132845
120064.45,-3.1770468,0.8547427,0.58891803
117481.445,1.1405301,3.1201937,0.711431
127237.69,-4.239937,0.9827131,-0.6010924
120263.32,1.2772089,2.9617143,-0.66955584
117596.19,-2.5218275,0.73155,-0.8280775
130352.2,0.32166722,1.9270576,0.7212435
117109.52,0.009271661,2.0697803,0.96851194
126816.31,-1.783375,0.32090974,0.510539
115094.086,-2.5465815,2.0087836,0.61288124
124136.96,0.8973564,0.5953152,0.53491664
130724.336,0.39008984,3.0268018,0.45905608
127482.43,-0.79661244,2.1005073,-0.8297732
120003.48,-4.2246604,2.2100146,0.47920114
115545.33,0.880263,2.9556189,0.41870236
120036.6,-2.149196,2.610839,0.5135411
123678.89,1.2200632,3.0230963,0.2817929
125314.555,-2.8177035,2.9184446,0.61604273
124512.11,0.21244581,2.7554445,-0.44074208
131927.34,-2.028323,2.725687,0.35527942
115538.664,-2.6468875,2.3972604,0.70769507
126412.53,-2.5080154,2.5688884,0.79679734
127569.18,-3.0731673,2.09921,0.6525508
127292.83,-1.3532224,1.6965276,-0.85448354
121387.54,-1.9756182,3.0795915,-0.7383692
115845.56,-1.2969487,2.3482022,-0.4275297
116535.13,-2.8752248,2.9737837,0.76869535
131362.34,-2.007008,3.0315676,0.5065152
117229.85,-1.9672921,2.9980001,-0.61143064
122281.52,-2.4299543,2.2932446,0.80903107
124673.34,-1.9562579,2.3027573,0.59299374
116534.04,-3.6483154,2.1821976,0.76959157
126100.02,-2.701469,1.6855923,-0.972552
126590.055,-2.773031,2.5531402,0.8016473
116371.32,-2.7101548,3.075174,0.65747136
115857.48,-0.8822006,2.6010704,0.5183268
122750.36,1.0265521,2.3119812,0.679275
119812.81,-3.2367506,2.9470224,-0.6644168
120625.91,-2.7512746,3.1153738,0.6457243
131053.59,-2.1809373,2.1729279,-0.6573675
134177.6,-2.9506996,2.9564152,-0.77368015
133980.34,-2.591055,2.8700616,-0.64803696
115950.41,0.87257516,3.1255085,0.20817123
133001.23,-2.3173327,0.6740296,0.4977403
134097.75,-4.078613,0.32749748,0.51559734
127404.734,-0.36353466,1.5540936,-0.5978736
119204.914,-0.5422296,0.51790404,-0.68578154
115853.62,1.8232766,2.1681085,-0.8661705
131723.97,0.996072,2.960165,-0.53794265
119234.33,-0.0026080613,2.8309028,0.73474413
126479.234,-2.5760374,2.568863,-1.3631699
116141.97,-2.7397277,1.3414984,0.62820214
133166.8,-1.6919858,2.2171752,0.54029995
123358.195,-1.4118124,1.6253047,-0.6230342
125239.59,2.3198218,1.906596,-1.0125875
118962.8,-1.9682496,1.5546423,0.48316258
117771.92,-1.4222242,1.9927945,-0.88069713
130354.45,-2.0075471,1.9769511,0.82904565
118339.35,-2.8230577,0.0803535,-0.50317353
119098.22,-2.621146,2.8447955,0.7204441
119943.95,-1.4255902,2.8405035,0.33718592
116669.65,1.7861747,2.4688516,-0.5484038
119430.03,1.4914442,2.9019964,0.6744447
115758.7,-1.2517502,2.3816743,-0.67882705
118412.11,0.023305777,2.8955455,-0.4869617
131851.34,-1.9263444,3.1140447,0.3743075
128967.31,-0.8128657,2.5042727,-0.69247925
125502.734,-1.2489651,0.55686474,0.9346546
115322.5,-3.274664,2.8780286,-0.52340674
131623.56,-2.818891,1.9447988,0.73697436
128856.21,-3.558148,1.471872,0.42531344
117781.17,-0.1563027,2.731186,-0.6750028
119247.46,-2.1150107,2.755704,0.7370061
123554.414,0.91948587,2.9733353,-0.6360528
115963.53,-2.5816152,2.68039,0.723487
129253.1,-2.2970946,1.71061,0.7858233
116429.36,0.7738253,1.9430976,-0.8699921
121686.67,-0.67463356,1.2042627,0.9777319
124426.39,-0.12065369,1.9599771,0.8041289
129509.19,-4.3635354,2.8696773,0.5563099
134431.12,-2.434708,2.8725178,0.5105942
124646.375,0.06425969,0.18890335,-0.7044353
118012.62,-3.8591125,1.2949878,0.60570514
118326.22,-1.8472201,2.7685766,0.81417316
119460.08,0.092150286,2.6901493,-0.83749694
134910.0,-2.0879817,2.5591965,0.6075934
128036.65,-0.7210813,3.1288953,-0.5417211
127169.0,0.96364325,1.0512823,0.7665227
125654.15,-2.2179356,1.7646886,0.7183438
122290.27,-2.9937255,2.1148388,0.75330913
120266.805,-1.2678834,1.0262344,0.850186
128821.92,-3.222169,2.0994234,0.8120942
129599.695,-2.0159044,2.8993547,0.52532196
134196.3,-1.1976359,3.0795085,-0.3330464
131857.69,-3.0448148,3.031344,0.67929435
117976.164,-2.1885324,2.6088328,0.5050215
122982.4,-0.8091624,2.7388206,0.5743623
133097.03,-3.2595248,1.0965382,0.5526607
119160.305,-1.408219,2.9878192,-0.39319724
125096.445,-2.4577272,2.169215,-0.3282568
122040.086,-1.745659,1.5663428,0.7420525
130384.81,-1.0319538,2.1847873,0.66577166
119265.11,0.72206575,0.28418863,-0.26954004
117335.92,-1.3185289,2.525713,0.7067837
125269.805,-1.2493659,2.6425054,-0.7025267
126297.516,-2.551769,2.6842527,-0.37913978
117403.21,-3.4248805,2.7560475,0.49158734
129143.664,-1.4233642,0.3898828,0.5581489
127986.99,-1.4161428,0.95279396,0.75262547
117874.67,-0.26565015,2.9902163,-0.78202254
124064.98,-1.0969526,1.7905598,0.7537036
131153.75,-2.3722005,2.0530756,0.39610714
122080.73,-1.9609618,2.6230214,0.6266781
123975.23,-2.468223,0.47877467,-0.58986586
134144.38,-1.8695968,1.0988867,0.8273652
128332.27,-2.1897743,3.0314255,0.22849357
125170.984,-1.368083,2.6968734,0.31607196
128203.24,-2.7635882,2.960788,-0.2638842
115304.27,-0.51173955,2.078371,-0.9088218
120293.35,-3.4685376,1.7989184,0.86725956
118862.42,-1.5657808,2.6359243,0.7022714
130917.336,-2.3310592,2.308876,-0.31026328
121147.125,-2.1411238,3.0415707,0.7302766
116146.875,0.9109566,1.1717808,-0.9555367
116372.85,0.54263765,1.9959456,-0.59514797
126698.81,0.1363152,3.115181,0.62999916
115674.97,-1.5784912,3.020019,0.43071756
133198.1,-1.5906644,0.07400131,0.55367464
118112.68,0.15053976,3.060837,0.4577754
129856.55,-0.13967876,1.9465481,0.63735974
128007.734,-1.5919567,2.9585092,0.89210135
125363.266,-3.2999024,2.3604944,0.5709076
116469.76,-1.0198734,2.9054556,1.0301735
128414.06,-1.8730731,1.3317747,0.5229052
122800.59,-0.82704496,1.6917787,-0.48384163
133657.28,-3.114473,3.007666,0.85127777
124890.234,-0.9818053,2.188889,-0.6721781
116045.16,-1.3455797,2.5095105,0.58911824
127794.46,-1.5105805,1.0055611,0.5370568
126819.29,-2.459751,2.2614455,-0.38797504
133031.4,-0.3290941,2.4463725,0.44755173
132179.44,-3.1666272,2.3824697,0.5721845
115194.734,-0.39195764,2.6300387,-0.57762897
125579.016,-1.5160904,2.4975529,-0.4997855
122256.73,-1.4580334,2.9032407,0.76096046
120990.734,-2.8586779,2.4068568,-0.67884713
118017.375,-2.0336437,3.0423667,-0.78774637
115936.91,1.9886446,3.1099157,-0.48164088
118564.06,-3.8009675,2.3317103,0.44406006
119681.25,-2.4489698,0.6758344,0.5345881
120023.89,-3.9143646,1.9653387,-0.45541245
132741.64,-0.4063659,3.032251,0.3588618
116627.66,-3.7632062,0.8301399,0.63889784
122910.75,-2.3497245,1.5793829,-0.5377508
133046.1,-2.604186,3.0910513,-0.47596383
118018.82,-2.848833,2.726914,0.8303855
129170.97,-3.2117505,1.2774074,0.6614998
134848.39,-2.7519255,1.8524122,-0.64602965
115241.54,-4.0197587,0.009331375,0.7161316
129398.625,-0.84295285,1.2897519,-0.52973634
127322.336,-2.2805386,3.0774293,0.520154
115661.625,-0.66410995,2.092585,0.58893526
133309.88,-2.87079,1.8078485,0.41449577
116370.195,-3.01049,1.9872442,-0.64765173
121372.43,1.707177,0.5677875,-0.59190315
129887.03,0.40469813,2.7889595,0.46934226
130948.734,-2.2152648,2.6182592,1.3103625
129470.04,1.9153479,2.2222562,0.5616354
120467.56,-2.4022171,2.464812,0.5388512
120185.41,-1.398751,1.13876,0.6188807
130559.234,-2.5472264,1.3986517,0.7133464
130092.65,-2.059623,1.654491,-0.72572243
131228.78,0.009021829,1.9733071,0.792952
129999.66,-3.084323,0.45346528,-0.5475331
117862.65,-2.211315,2.1079063,-0.8352948
129999.59,-1.5785384,1.7435782,-0.81882614
130061.79,-2.9971845,2.4249032,-0.59966534
126610.78,1.7772098,0.90983486,-0.8077877
126682.35,-3.8044908,0.8013425,0.8344497
128131.086,-0.735799,3.095592,0.31198734
132560.62,-3.3535783,0.07680828,-0.48708692
118670.23,-2.6455717,2.719271,0.7422649
124088.984,-0.19020213,0.66328305,0.50080675
132553.0,-2.3075006,3.0238414,0.6800738
123129.984,-1.7898289,2.8900385,-0.70062745
130876.99,-2.0587642,1.2483637,0.20857267
117414.97,-4.0918384,0.50354517,-0.5838072
120321.46,-0.09607067,1.6620971,-1.0355451
134972.52,-2.144967,0.87397915,0.70473003
134559.58,-2.083354,2.388425,0.6604504
126582.27,-2.7528005,1.8954839,-1.121416
128324.1,-3.1407337,0.22459006,0.5891935
115391.27,3.292593,2.2873657,0.62331605
131751.16,-2.6364396,3.0456953,0.44821754
127636.4,-1.6897625,1.5935555,-1.0920416
127533.45,-0.08293835,2.99561,-0.4486913
124286.41,-2.8718636,2.3823032,-0.96145606
123762.35,0.013799384,3.092544,0.3032892
124505.94,-3.2209942,0.66841656,-0.49985486
123705.51,3.0110593,1.691792,0.7798377
121903.805,-0.25579745,2.9768376,-0.52312183
131137.31,-4.3069835,2.0614722,-0.7994436
132120.55,-3.037581,2.9359794,-0.8455046
128161.34,-2.0107653,0.7985602,0.69587946
123795.53,-1.1041378,1.6494906,1.4249499
118373.59,-3.6475317,1.8207182,0.8460441
117856.0,1.0486653,3.0641267,0.54700977
131362.58,-2.1940703,0.7637742,0.8852289
119667.875,-2.514842,1.2547749,0.52098405
119757.84,1.3060331,0.2791497,-0.5369731
117332.7,0.7898385,0.04190743,-0.2583494
116860.77,-0.16170923,1.7227223,-0.5841657
131537.73,-0.9245836,0.3354218,-0.45904556
134501.92,-2.9644353,3.0130324,-0.30694154
117807.445,-2.4060957,0.3253687,0.61172664
124134.664,-1.3105747,2.9724119,-0.6442817
115954.65,0.54618305,0.22546247,0.546371
116960.055,-2.0682757,3.063703,0.90066206
127325.41,-1.9840416,2.0767903,0.9414693
116788.28,-1.2439685,3.1343799,-0.12606771
129185.5,-1.7753125,2.393075,-0.582868
133552.25,-0.21613806,1.378801,0.6346743
126855.625,-1.5447444,1.5219312,0.5130781
128772.555,-1.7445561,2.3519278,-0.6067198
121591.805,-0.054295547,2.9302268,0.45573568
122715.95,-1.683573,2.3985796,-0.6368422
118478.125,-0.8752984,2.5459073,0.61458594
124956.25,-1.9444661,2.5400512,0.56901896
123298.52,-2.1734004,1.8379459,-0.7136251
117747.72,1.3421888,1.8257531,-0.6168932
127518.82,-4.5399284,0.46508992,-0.5232757
129611.77,-0.3821207,0.74394184,-0.48556387
126915.766,-0.030858608,2.9445658,-0.42596024
129780.46,-2.3793907,3.1227942,-0.7753924
122612.09,-2.491063,2.69564,0.5628526
132675.27,-3.3694527,0.12588143,0.47990736
129322.43,-2.6578426,2.5967433,-0.48332956
127901.17,-4.436693,1.7908603,-0.38004634
127421.055,-1.0947056,2.7245388,-0.6954757
134934.7,-2.445395,0.35234407,-0.1406494
121076.27,-2.3438752,1.5063703,0.75152344
132391.97,0.23079717,2.474032,0.56118596
125372.76,-0.92511797,1.03665,-0.7777738
126395.84,-3.7034128,1.6171569,1.293997
118765.32,-0.95307744,2.5275517,-0.60427886
115156.81,-2.9492846,2.3910787,-0.74633944
128787.85,-0.28916088,2.2452013,0.80023944
129379.99,-3.8684833,2.7713394,-0.2755675
134596.58,-4.0009794,1.8128977,-0.53817284
134451.61,0.7892049,2.782932,0.7508585
115500.59,0.90927804,2.535844,0.60916036
115927.5,-2.083218,1.6555526,0.70355725
123167.06,-2.4989662,1.3554618,0.55475223
116291.09,-2.5669234,0.8459313,0.49012297
116320.695,0.20589745,3.0315864,0.6161552
131965.03,-4.452853,1.533024,-0.8982296
125140.58,-2.1986866,1.6328679,-0.69888586
116996.71,-1.4639511,2.4225323,0.5994305
122192.54,-2.8351073,2.4500937,-0.7457311
116388.14,-3.36199,2.8862703,-0.5475322
122072.86,-2.425499,2.05296,-0.68622416
125848.66,1.6068878,1.8464605,-0.58581823
127021.84,-0.6450369,2.6325784,-0.7776339
127838.24,-2.8802176,2.0410702,-0.6106518
125994.805,-0.31896853,3.1064823,-0.52729565
128912.93,-2.1012967,1.4907857,-0.5588594
115764.195,-2.5222883,3.093573,0.64774585
123044.99,-2.1334188,3.061008,1.0118643
131728.45,1.498916,1.5816591,-0.7100747
116915.17,-0.34423912,0.62217104,-0.57398355
116056.1,-2.0768223,3.0134125,-0.4320118
134916.28,-0.62296075,1.8881987,-0.6539456
122760.125,-1.3299013,2.8738084,-0.4391331
115921.89,-0.031058291,2.4800887,-0.54086924
122354.2,-3.9481063,0.37577033,-0.5360107
118714.72,-4.2661223,1.9357677,-0.17207174
118355.58,0.6389521,2.4902549,-0.4721018
116904.09,0.5602099,2.4326816,1.0114372
129393.92,-3.1901908,2.8365853,-0.4471729
124319.21,-3.3043466,0.35986876,0.70089024
119493.625,-0.8599282,2.9884899,0.5710964
132872.52,-2.7875683,2.4568691,0.56601435
118340.055,-3.1738555,0.066064835,-0.44623345
118520.414,-2.5543814,2.9904928,-0.3863102
119846.69,-3.2343345,1.8541198,0.9555819
128335.664,-1.7813433,1.3974735,-0.8896201
115353.61,-3.970581,2.4961007,-0.51370126
131319.81,-1.5079023,3.0637102,0.8134987
118173.7,-3.2477744,1.3269569,0.5045193
127659.16,-1.3576847,2.4126227,0.84318227
118494.336,0.57474095,2.3809595,0.59656215
131938.44,-3.5542226,2.4829297,-0.99952024
115944.17,-0.74525005,2.0250747,0.56114525
123098.98,-0.7371885,3.1231039,-0.57703763
123531.45,-2.831854,2.6321476,-0.7325104
134748.36,-1.9861723,2.995297,0.36614355
132290.55,3.494649,1.1496373,0.6887012
119454.04,0.45755124,1.727901,-0.69907993
121285.03,-0.6835078,3.0886571,-0.3840553
123589.48,-2.6112826,2.6847062,-0.59936476
123378.37,-0.910018,3.115118,-0.60162073
122492.016,-1.3263204,0.07630372,-0.65658444
123065.016,-2.038915,2.8407812,-0.26919702
120872.95,-0.89357555,1.7835131,0.737508
132458.44,-3.3895833,2.3025074,-0.13603085
123550.46,-3.212008,2.8400462,-0.5424224
133626.94,-1.0311328,1.6590433,-0.7852849
127970.016,-0.65910107,2.0542371,0.5386807
126600.38,0.70900273,2.658616,-0.8164958
126066.8,-2.632089,1.722946,0.55270004
132397.95,-0.7838334,2.7838724,-0.52102894
125517.19,2.3188272,1.4728595,-0.7219797
122891.336,-1.0093957,0.97701037,0.81615925
133190.25,-2.3660269,1.549265,0.81408566
125602.24,-3.6704507,1.3759251,-0.51256883
126608.81,-1.7701313,0.8849868,0.54930544
115595.21,-3.2941816,0.9235749,-0.58153796
119702.72,-1.6782347,2.3424487,0.45440012
126638.16,-2.9713244,0.8479239,0.68550205
123957.03,-3.0476186,2.7655616,0.83654666
117723.125,-2.804583,2.7069654,-0.5171732
119861.81,-1.7347794,2.9730449,-0.44328701
134509.66,-3.2488976,3.0028555,-0.602931
127118.38,0.43494463,2.061934,-0.6915006
115623.484,-3.4969792,2.4188933,0.47679427
118488.55,-2.0296733,1.6437255,-0.50767106
124620.79,-1.5980539,0.58084553,0.94246155
115359.52,-1.339996,2.5052974,0.5638744
117109.914,-1.9126984,1.7246935,0.9874237
132380.69,-3.6421833,2.4517837,0.7989568
119181.63,1.8301508,0.44396353,-0.79946333
121251.15,2.2877815,1.4483614,0.94754773
121230.53,-1.4976045,2.9301822,-0.6609892
117313.7,0.9462129,0.33283368,-0.45651293
118735.21,-1.5010344,2.1487744,0.92825276
116190.25,-3.4290612,1.6082009,0.69236946
130661.96,-0.4455764,2.8161764,-0.5905989
129812.586,-2.100612,2.8385663,-0.67150444
128611.37,-3.0450463,2.5052345,-0.81397265
116417.875,-3.7558045,0.99773675,-0.73701245
131313.08,-1.1044035,2.0753787,1.1361067
122101.4,-3.1946254,3.058774,-0.44624087
117962.34,-3.448005,2.4738882,-0.7840212
122987.805,-1.2518241,2.7482867,0.5935946
121504.51,-2.716855,0.95728296,0.45074832
120252.99,-1.2164047,2.0905027,-0.63036835
133635.69,0.8085726,2.463623,0.5093945
127517.43,0.9315989,1.5871618,0.68081397
118437.49,-3.6917415,0.94183373,-0.72723347
125571.625,1.4046041,0.070118606,0.58310485
121413.61,-2.4877446,1.8067819,-0.6517851
124147.086,-2.5376058,3.110745,0.43578807
133725.67,-2.3138895,1.7258142,0.8971236
127693.36,-2.106095,2.8345373,0.78158367
115356.07,0.13214307,1.8195968,0.8211016
126772.66,2.4222095,2.3352427,0.772287
133993.92,-1.7097508,0.5182581,0.2323575
125862.195,-2.6478028,1.5480283,-0.54625237
121235.63,-2.7954712,3.1280336,0.34377256
131220.22,-2.2603586,2.2462149,0.9576549
117465.98,-2.7252705,2.978126,-0.5797828
122705.5,-1.7266563,2.679967,0.5348226
125514.44,-0.96335787,2.8987546,-0.6392164
128397.125,-2.5751886,2.6974807,-0.6022577
115710.58,-2.9905045,3.1235955,-0.5884561
127315.66,-1.1922957,2.9511452,-0.4866902
133080.52,0.050831508,2.6093602,-0.4301778
120072.06,-2.584933,1.7886403,-0.7673322
122459.555,-1.7147899,0.58935916,-1.2208709
127530.41,-0.61057585,2.8098924,-0.20704652
118359.375,-1.103452,2.3675811,-0.7090159
119809.05,-2.5997932,0.41035998,0.4675544
116343.63,-1.4261496,2.9086702,-0.74195296
128355.734,-2.1349506,2.6572454,-0.5085678
128990.42,-0.5797464,2.3369207,-0.48932487
115469.67,0.4025413,2.8492863,-0.91331124
127803.58,-1.0575176,1.9926885,-0.95630485
130742.72,-1.9616954,2.3931742,0.6815728
115662.26,1.4770097,2.273306,-0.6740563
134723.02,-0.40942523,2.645309,-0.46312127
119031.26,-3.0688982,2.3294225,-0.7426731
115547.836,-1.4605011,2.7518296,0.46578625
124841.414,-2.6357467,2.223873,-0.40457687
116097.34,-1.0236185,1.3575002,-0.7868102
126527.87,-1.5047107,2.6414003,-0.36257374
120399.88,0.16054377,2.3214178,-0.65622556
117438.81,-1.3090905,2.9331872,-0.7221531
115915.266,-2.0707252,2.9332201,0.5029744
123884.37,-0.7787583,2.8742974,-0.48456508
121832.29,2.032105,1.7772254,-0.75126517
132275.3,-0.039721612,2.062198,-0.76269364
117349.016,-2.4650488,1.0531178,0.78394973
130489.125,0.8469542,1.7894756,0.82228243
116530.55,-2.8512251,2.7779102,0.8278266
116123.734,-3.118376,1.6334962,-0.58328784
134203.81,-2.3439808,1.8586614,0.616599
120129.49,-2.6515837,2.9225895,0.6692882
120150.51,1.080798,2.1182785,-0.57180876
123491.08,-2.8694046,1.9324073,-0.5892904
118745.88,-3.432228,1.8539379,-0.44414014
132131.42,-2.775968,2.2551486,0.8896647
131359.95,-0.7750976,0.6229885,0.5086668
124347.35,-0.8424384,2.4382558,-0.73702705
131784.7,-2.0400786,2.5159686,-0.648391
128523.98,-1.8956966,2.4756217,-0.47295535
120451.414,-1.7242078,2.9461737,-0.5082312
119793.66,-2.799057,2.5585873,0.35861698
125938.11,2.0798378,2.730736,0.854053
131774.67,-3.1382387,2.447996,0.43832207
130148.23,-1.6922301,2.6093807,-1.2019066
131879.48,-3.7783453,2.8302488,-0.43079337
132122.66,-0.15167835,2.7069788,0.5272741
121616.75,-1.6726353,2.7995903,-0.50865674
123856.19,-1.2071358,0.5776713,-0.37761158
121074.27,-1.6659033,2.0669916,0.51061887
121209.125,-2.5974648,0.8999846,0.48805067
125880.31,-1.608852,0.23560822,-0.53615797
118938.47,-2.9631817,1.170152,-0.8118892
116713.43,-0.586469,1.156358,-0.96110547
120883.68,-2.6658611,2.8292336,-0.7655546
120583.07,2.836492,0.9051938,-0.58739054
120278.56,-1.7590116,2.4638739,0.58608735
133099.83,-3.8762414,1.0068645,0.6530409
119687.25,-1.4442574,1.3729018,0.48969206
128228.18,-2.1216743,2.937122,-0.25118518
115092.12,1.8430787,2.3094296,-0.7060471
126651.0,-3.2572293,0.40622413,-0.48618189
119311.07,-1.1686792,1.1388686,-0.56781244
119315.87,-3.43049,2.1453876,0.575445
134840.73,-1.198191,2.573028,0.41017
120940.26,-0.6443473,1.7537577,0.68209386
119204.7,-2.9103045,0.28822064,0.44474563
119206.48,-3.1306584,2.5508404,-0.5873664
121695.06,0.9988257,0.50092894,0.40632674
121947.22,-3.230488,1.8408209,0.61287135
132372.05,-2.5381665,1.9891977,-0.63176084
123307.875,-3.6393182,2.8856173,0.5738964
119476.86,-1.8052326,2.7222357,0.6531542
126841.555,-3.7328217,0.9390726,0.6586563
129759.06,-0.6166617,3.075379,-0.23571813
129378.086,-2.750272,2.729888,-0.49483073
117371.51,-2.084805,1.1651034,-0.5255659
124070.766,-2.352207,2.9294424,0.28929237
115542.41,-1.4195148,0.46004134,0.56555986
132243.9,-2.690111,1.5537626,-0.30011937
131207.77,-2.4588418,0.18632817,0.5499103
122986.24,-2.9510467,2.9401522,0.56952125
119096.5,-3.0130258,3.0261524,0.52111727
130542.805,-1.54002,1.7863925,0.77195805
128541.61,-3.536886,1.0623678,-0.7853619
123903.414,-1.7649866,1.2095135,0.95664734
116254.71,-2.952553,3.1139176,0.6374773
128423.59,-2.973091,3.0508025,0.8678869
116028.59,-0.4775588,0.68058443,0.4711237
116339.78,-2.3631754,0.10408449,-0.3927717
130208.555,-0.7110584,1.6828926,1.0531594
118125.95,-4.0907555,2.198097,0.5793189
122807.86,-1.7192931,0.563018,-0.5257303
131270.08,-3.1113272,2.758257,-0.63773155
117817.79,-3.3155599,1.306577,-0.9187952
116471.9,-0.2622093,0.21539438,0.4314264
130745.484,-2.128473,2.8487115,0.33915272
117782.7,-2.409364,1.1862063,-0.72221667
119664.73,-2.6355617,1.4800893,0.35035357
117892.695,-1.011477,1.3742187,0.866847
116605.3,-2.067178,2.5578203,-0.4157793
134592.86,-2.3561225,1.400789,-0.73282677
129202.69,-2.4302306,2.5437915,0.8057462
117320.516,-1.2165139,2.0597475,-0.4526921
125398.29,-2.7525022,3.0673764,-0.6904337
127774.086,-1.0094134,0.036082506,-0.8199726
119023.914,-2.3373826,2.628888,0.813058
129625.625,-2.3667097,0.2068969,-0.15831494
118268.31,-1.475423,2.717643,-0.534427
124882.016,-3.538314,1.5194508,0.8049039
121425.01,-0.78803104,1.0068296,-0.6034097
126471.58,-0.5450558,1.6753802,-0.82587576
123064.875,-3.1350243,3.0852492,0.5954219
120300.24,2.8101995,0.17678106,-0.36977428
117785.17,-3.8002214,2.740674,0.46837884
121057.266,-1.2405493,2.5045283,0.58497673
125481.05,-0.3505906,2.7829437,0.6839138
124861.414,0.18647465,2.5511115,-0.63325197
123136.016,0.33265716,2.66969,0.6570907
124155.66,-1.2071898,1.1564229,-0.8325475
128704.53,-1.6174805,2.3934743,-0.66945904
118362.37,-0.31553409,1.9421042,0.48341396
120046.086,-2.1040368,2.4463844,0.5433341
119622.375,-2.5853047,3.0790448,-0.6926859
129108.23,-2.7832592,2.2583988,0.2768823
124738.28,-0.8881085,2.4783013,0.5998575
119065.96,-1.7402848,2.932601,-0.66964036
115265.09,-2.4570014,2.812386,-0.3625187
125620.45,-2.8249557,2.3697813,-0.87261426
118785.49,-0.9308579,2.8127785,0.78627306
120475.13,-2.148455,2.415323,0.7203992
127834.73,1.1329793,2.010128,0.7230746
124366.875,1.8584297,1.8710752,0.79902565
115899.01,-0.48714834,2.9379406,-0.34360346
129767.86,-1.6150001,2.9147494,0.9674074
126255.2,-2.976424,2.9693012,0.68261683
123608.234,-1.3553433,2.2944615,-1.1976554
127783.414,-2.8775425,2.0138783,-0.47660524
121494.53,-3.7572007,2.892899,-0.56457996
119597.87,-3.3419306,0.2888782,0.5646246
133375.1,-1.8045696,1.9128766,0.52883476
130383.1,-1.8522176,0.8939746,0.6013846
117644.52,-3.1265252,2.197051,-0.5338417
129055.1,-2.1379662,2.3823986,-0.6499806
116759.195,1.4595698,1.6635165,0.54936856
128637.42,-0.3586988,2.0295634,0.73242086
125353.61,-3.1002603,1.8209919,0.76636225
121064.31,-2.718951,1.3915402,0.8646685
120947.57,-2.7476265,1.2610626,0.3066618
131637.38,-2.8028305,2.9438353,0.5898679
119136.84,-1.5212071,2.7929206,0.62696856
125914.125,-2.8130898,1.9448527,-0.7323841
133976.81,-0.014790963,2.9939837,-0.21744013
120684.86,-0.5997962,2.2878945,-0.6607986
131250.02,-4.275003,1.0431181,0.61000943
122346.195,-1.8387206,1.6999265,0.5524867
128970.66,-3.2821162,0.3132757,-0.76015985
129908.72,-3.210199,2.1543243,-0.6117312
132076.47,-2.993871,2.397651,-0.8041828
115326.195,1.193567,1.3942455,-0.7184462
120568.69,-3.622475,0.32412153,-0.5242042
124824.75,-2.8345828,3.073856,0.818662
128423.914,-1.2525578,1.8424149,0.66976357
121235.805,-0.10335355,3.1331224,0.38098845
120123.09,-1.7326779,3.129482,-0.5190361
127513.695,-2.6810737,1.9911351,-0.69252443
123657.09,2.0562668,2.917347,0.92522013
131617.81,-2.4765832,2.1176286,-0.6762188
116298.52,-2.5165007,0.75226474,-0.6199196
119102.76,-2.0522323,3.0039377,-0.40113482
122916.55,-0.1339721,3.0933912,0.6685421
128702.45,-3.7413359,0.14061636,0.4940494
134221.77,0.5610595,2.2929556,-1.3470429
129097.35,-0.27649415,0.50664806,0.431426
133557.83,-0.57210344,3.0887673,0.4040925
129013.12,-3.0535674,0.3170643,-0.58977604
124997.04,-0.9579487,2.7948215,-0.6131995
131159.31,-0.21965939,1.7670889,-0.7944747
117439.02,-3.1029532,2.3763027,-0.6454048
128477.266,-1.9985043,2.7881823,-0.8873591
120786.164,-1.8071688,2.9584076,-0.5900958
126762.6,-2.0795767,2.4869547,0.8335882
125549.71,0.77865064,3.1062338,0.30447084
118658.87,-4.264666,2.9376698,-0.7204662
117629.05,2.3987463,2.5615573,-0.46230963
133519.89,0.0697458,3.1332982,0.38845074
117044.445,-1.6808596,0.3754325,-0.5656204
116565.8,-0.84172755,3.1098795,-0.34157267
118554.12,-2.9213655,1.3488566,-0.48130897
126529.08,0.36666387,2.6946104,-0.6855991
116165.09,-2.3418984,1.4609655,0.43413046
116210.33,-0.1207087,2.932214,0.19637707
123928.586,-4.35854,1.4127768,0.6327075
128236.86,-0.19315705,2.0792785,-0.70380205
125469.81,-3.2971017,1.4832262,-0.86560273
124210.555,1.674266,3.0067725,0.5799015
133344.47,-3.5926504,3.0956497,-0.51337445
121023.78,-1.8952844,2.2324667,0.70904154
134256.5,-3.408581,0.03362441,0.36982444
121483.31,-1.1649185,2.6876779,-0.32898855
119661.65,-0.47062743,2.3798745,0.6103309
120614.58,-2.2542002,2.481391,0.6669231
130024.92,-2.1689055,2.9629116,-0.40592554
124401.164,-2.8934414,2.900266,0.15733051
133470.58,-2.4404612,0.5937563,0.5101539
117633.51,-1.7699455,2.5721073,-0.69526744
121425.26,-1.3783395,2.8912597,-0.8479642
129988.414,-0.6203926,2.5607786,0.5040393
115953.41,-1.490506,1.0074811,-0.5922889
117340.33,-2.6011941,2.230077,-0.58835685
134960.69,1.1281556,1.9856747,0.65142405
116622.01,-2.535999,3.0795343,-0.65179175
126592.305,-2.7345753,2.461468,0.51132876
127350.586,-1.3099341,0.052047014,0.9000534
115086.73,-0.03437771,0.3487556,-0.74518305
129026.99,-0.67255145,1.6489487,0.75129807
121802.4,-1.4042273,2.8429737,-0.8003842
121425.72,-0.7330105,0.78264165,0.6164427
125306.61,-0.98803383,1.1722056,-0.8930634
122818.26,-2.658899,0.4343456,-0.44962442
133750.39,-3.4324112,1.0567645,-0.9234438
118805.336,-4.0486765,0.8305974,0.35147834
117814.47,-0.6647256,0.6102294,-0.5765653
122897.75,-1.3094273,1.791483,0.4907868
115360.305,-3.542496,1.064022,-0.43832353
120526.12,-1.5364189,2.8496575,0.5074213
117316.74,-3.2890823,1.4889468,0.72427845
124545.7,-1.0107222,1.6002902,0.68533146
125435.52,-2.3800614,2.4558794,-0.8063516
120023.37,-3.7303348,0.9192869,-0.852208
129898.86,-1.5608655,2.6368155,0.29235142
123721.94,-4.058551,0.76940376,-0.59763527
126394.32,-2.6776035,1.6258854,-0.7237233
121804.27,-2.804507,2.3383055,-0.34164354
134584.88,-0.40963072,2.6518564,0.44610506
118471.555,-2.7711134,3.0759244,0.39270595
123090.414,-0.32722557,2.8225584,0.5023266
127200.555,-2.4393103,0.06566161,-0.44771072
125363.38,-1.7326293,0.22512811,-0.88652176
116225.77,-3.8253334,3.1264548,0.54084927
131109.1,-0.84072715,1.2996008,-1.321343
134833.58,-3.1061115,1.4303491,0.73338324
115715.73,-0.6711376,0.9771442,-0.6201716
130404.98,-3.2167523,2.6254041,0.49751368
128648.414,-4.1384063,1.712819,-0.481465
124543.67,-3.650074,1.2642198,0.61018413
127354.24,-3.3182635,0.19584322,-0.9290741
119273.46,-1.2193253,0.49702913,0.4023152
128506.96,-2.2311275,1.0556821,-0.48695382
128761.76,-2.7391925,2.6544485,1.2559338
118510.82,0.8352646,0.5401999,-0.5319319
133279.05,-3.6628053,0.6880026,0.6752056
124148.86,-0.2190362,1.3251731,-0.631238
131605.33,-2.8538034,1.7310708,-0.4469452
124303.41,-1.5725085,2.5379624,1.2716683
118218.97,-1.6010528,1.218686,-0.45665
134699.47,-1.9715958,0.43436635,0.5472729
130057.75,-3.2211294,0.91760314,0.54204684
122246.016,-2.625774,2.6287303,0.52665395
121311.81,0.559943,0.6135911,-0.55787
128484.76,-2.1983826,0.41588342,-0.5716639
116627.9,-2.2272136,2.3199391,-0.4534439
133103.33,-0.31442156,1.3223289,-0.52867985
122720.9,0.5803433,2.8871193,0.33458164
121625.945,-2.532873,2.1159544,-0.821267
123378.04,-2.9426136,2.634167,0.59410065
115565.5,-0.82783705,1.3025595,-0.75473136
119831.96,2.2235017,2.7283013,0.50219303
121309.14,-2.93298,2.5625668,0.6392711
125459.02,-2.7239983,0.9873228,0.6746546
128529.875,-3.0535042,0.3591597,-0.36001652
120159.375,2.825134,2.3130715,-0.7870524
116682.82,-1.795957,3.073857,0.43740037
115703.016,-1.4981457,2.6447017,-0.64185214
121900.02,2.8442855,0.941689,-0.77404326
132862.86,-1.155987,1.6934696,-0.8274656
120081.43,-2.5038974,2.8617291,0.48388064
123424.64,-2.7715757,1.3410418,0.72963977
122460.87,-1.9335085,0.5020579,-0.74609077
131707.0,-0.78367513,2.9082067,-0.74604446
124897.516,-1.8646458,3.1209283,-0.52039206
130527.664,-3.4796548,1.3386369,-0.57179433
126394.12,-2.1391544,2.4173641,-1.0121208
116002.93,-2.7445855,2.770649,0.63217217
120321.71,-0.73000157,2.4951308,0.50449055
117829.64,-3.2667732,2.4095001,-0.40560904
129804.586,-1.9186008,2.8342865,-0.59984607
115254.75,-3.7367063,0.8012595,0.53986216
121384.445,-1.8710966,2.80356,0.92666686
126781.1,2.1327946,3.1295214,-0.34366515
121772.14,-1.6417645,2.8593426,-0.5550083
115437.59,1.6971699,2.716428,0.42811352
119952.95,-1.8636565,3.0099392,0.7819824
128359.914,-0.62378967,2.2278101,-1.0168953
119965.46,-0.9588806,2.1593246,-0.81384224
127349.98,-2.2010303,2.857643,-0.48391217
117181.195,-0.7060683,1.5673014,-0.49302715
122130.77,-3.4160683,2.6597223,-0.503125
117219.555,3.9117563,1.688464,0.6959414
124882.336,0.8759139,1.7419102,-0.8752381
118310.14,-3.787163,2.6235282,0.46047178
131199.08,-1.6262255,2.816349,0.71773577
119976.36,-2.6100373,0.27844125,0.45864114
121419.77,0.777034,1.9646373,0.5872042
126263.66,-2.339051,2.1464753,-0.7278897
131155.58,-0.48546517,2.6821728,-0.90529853
126385.86,-1.7300899,2.5252972,0.5332432
121717.445,-1.3682461,1.8457566,-0.37983775
125017.734,-2.6240754,2.0795224,0.42286196
118843.5,1.0624399,2.9904227,0.48720703
129654.875,-3.2338235,2.5166008,0.4874048
119006.195,-3.4043994,3.0052283,0.6022471
130343.836,-1.8624254,2.14944,0.57314354
126234.75,-2.6126618,2.3079941,-0.85866
133719.97,-0.73508835,2.9558768,0.34611544
127825.98,-2.6943858,1.0076832,-0.84743774
125217.125,-2.0759165,0.8120416,0.66734225
121164.96,-2.1940322,0.9670472,-0.6318517
134338.98,-3.1790943,2.6827679,-0.6034577
117903.19,-2.77086,2.622718,0.64292425
119134.09,0.033242952,0.50662756,-0.62499917
133473.23,-2.0881398,2.6830494,-0.31068507
131290.67,-2.580304,2.236629,-0.9659665
129249.07,-3.3784244,2.6254787,-0.57457423
125520.3,-2.0221772,2.4766002,-0.79977405
127500.016,-2.4457562,2.9602528,0.71041757
121775.086,-4.0762606,1.2194085,0.6617687
123948.87,-3.6071918,2.7316842,0.48238564
122373.28,0.9947928,1.4529274,0.79627377
123199.305,-3.4390514,1.8378049,0.60627323
124794.445,-1.1849494,1.202811,0.5351887
129422.81,-0.16654357,2.2020078,0.58616537
116152.8,0.56340325,2.7196212,0.5446435
116354.68,-3.2805989,2.8616412,0.4954989
116268.38,-0.20283976,2.9506688,-0.6312358
117732.96,-2.6487234,3.1191535,-0.38599136
127386.42,-1.1242338,2.9365108,-0.4644019
115637.96,2.4242518,1.7071722,-0.86916983
119310.91,-0.17345592,2.5490654,-0.38574767
117603.84,-3.489274,2.2026396,0.7493195
116937.67,-0.22713083,2.1195476,-0.64836806
123888.195,-0.9302128,1.3293879,0.9481632
128068.66,-1.3893154,0.107335806,-0.74881953
127173.77,-3.6328483,2.724181,-0.7496993
120011.766,-1.3883039,2.8209758,0.9828828
134106.89,1.835226,2.4080892,0.86363155
116552.95,-2.0271103,2.6778312,-0.46547133
129090.84,0.42733103,0.26641762,-0.71049035
118380.98,0.07913539,2.2671616,-0.5622218
130271.03,-3.6026003,0.5002275,-0.70671755
123796.34,-1.0904337,1.218871,0.6406559
133550.28,-1.3725873,3.0686448,-0.4028859
115985.95,-3.4213388,1.8894734,-0.73376286
115363.85,-2.3625867,3.0198147,0.5052498
115765.44,0.12501566,1.903259,0.7579935
115275.875,-2.4155679,1.3662375,0.5598296
131284.77,2.7476501,0.6514874,-0.5202597
124856.805,-1.4892367,0.24089885,-0.48288137
129046.04,-3.6522796,1.4669746,0.685241
132963.42,-1.3038734,1.4680126,-0.5698751
117126.24,-0.30862355,1.9164386,-0.68228215
117482.516,-2.873291,2.7291188,0.7757306
116604.23,-3.6075659,1.5073657,0.61169404
129140.51,0.30131707,2.5812044,-0.64256215
124437.445,0.91963464,1.4027059,0.6343523
134856.7,1.8450505,2.5507686,-0.55063087
130145.42,-1.5222297,2.8568785,0.68002
119845.766,-0.19611405,2.8304842,0.53546005
131602.9,-2.5290236,2.4904358,0.7625621
131018.97,-4.1188135,1.9533806,-0.26549876
131382.6,-3.3097808,1.8956819,0.51922464
126914.71,-1.0426489,2.3222108,-1.0714864
128888.49,-0.7643635,3.090713,-0.48347127
120004.42,-2.1975133,3.1035342,-0.763325
122246.87,0.6220308,0.7200339,-0.7685078
117497.29,-0.87124544,2.9408855,-0.23151538
120097.07,-1.2570647,1.4811624,0.6937376
128862.414,-0.69942516,1.3386232,0.87519866
130267.805,-3.3441048,2.7223296,0.6908156
121446.4,-1.577221,3.032331,0.46628985
128806.68,-1.8602574,3.0390058,0.34603867
119588.24,-0.22956108,3.0737228,0.5442103
118559.68,-2.3110363,2.7339702,0.4092971
120240.97,-1.2724285,2.855931,0.59203196
123801.82,-2.0972817,3.1365964,0.34179288
124945.28,0.6000881,2.4591086,0.44891882
125034.8,-2.5923378,1.4316332,-0.5917351
125605.37,-1.4966632,3.1250753,-0.6190093
119085.25,-0.57727015,2.4766724,0.594515
123065.4,-2.1281695,0.43261576,0.480923
120330.914,0.6892763,0.18179035,0.41303495
118774.414,-0.59415984,2.990307,-0.48473093
120675.59,-4.062156,1.461468,0.726681
122495.34,-2.9874783,0.81431186,0.49853233
127043.14,2.6008005,3.0644875,0.38041803
132124.34,2.812934,2.2025642,1.0636494
116691.73,-0.30020657,0.28535688,0.55309963
128437.81,-2.0999613,2.281946,-0.8352101
126098.78,-1.3888072,1.1333355,-0.50857586
119442.12,-2.2266006,1.910071,0.77004087
131808.58,-2.4349854,1.6773179,1.2118874
132316.86,-2.26223,1.6822332,-0.9615283
115436.75,-1.5160431,3.089759,0.84986854
127645.21,-1.6500527,1.766155,-0.5277889
125402.7,-0.54290867,0.3829162,0.60589457
131735.86,-3.7303154,2.0625417,-0.48628706
123609.64,-3.4613016,2.7997859,0.49283814
121226.625,2.7276943,0.3355731,0.5048617
134242.75,-2.919565,2.3111525,-0.9616447
116977.3,-2.8060925,2.6174917,0.3739063
131768.06,-0.7840253,2.7187111,-1.0215179
133027.64,1.8145306,2.721261,0.6237341
127421.6,-3.3955073,0.447588,0.72203106
128210.375,-2.3062956,2.3335817,0.5522763
118696.695,-0.62696266,2.654519,0.487306
131076.27,-4.5483212,1.7577183,0.7832814
116057.914,-2.8013237,2.6421928,-0.86047465
119092.08,-0.24716859,1.5814389,-0.6078714
123280.53,-2.1077087,2.390934,-0.58269775
131725.25,-2.697817,2.2250292,0.69232136
122986.89,-1.9128672,2.980506,-0.6686575
123842.26,-2.8575954,2.8608859,-0.4338244
132888.5,-1.7426702,2.9646688,-0.5468147
134007.25,-2.9226632,2.9967616,-0.5347351
133805.55,-2.5002637,2.5906262,0.6239134
134069.69,-1.7265822,3.0212772,-0.6318482
129414.914,-1.8001814,2.405402,-0.43339968
124294.42,-2.235278,3.092389,-0.53552157
127282.21,-0.6560709,2.5851169,-0.9227191
119158.78,-2.6172464,2.9431722,0.52929527
130414.05,0.9705153,2.585609,0.63438356
132010.78,-2.164195,2.847518,0.4380116
117270.31,-0.7873748,0.21653128,0.32018146
133396.12,-2.2337997,1.8914297,0.5208518
130979.96,0.79486394,1.2222706,0.66842985
126440.95,-1.0759447,2.100181,0.76896846
122948.14,-0.12720075,0.41836143,0.66625
128870.0,-2.1303172,1.7566189,-0.6141171
122691.19,-1.8335326,3.0490544,-0.3136306
118274.5,-2.1613944,0.72494024,0.62588334
117024.51,-1.1495076,2.9945323,1.0882152
116759.71,-2.831385,0.52599084,-0.4623639
125293.89,-1.4562932,2.8272812,0.7240649
119012.25,-1.8165228,1.9268634,-0.7088206
123551.19,-4.103873,0.56969374,-0.52981985
123067.72,-3.614785,2.8133862,0.6329428
120512.85,-2.2813337,2.9388483,-0.7517941
132776.48,-2.2897263,2.131638,-0.90870297
132736.86,-1.7823583,1.6510825,-0.7300913
126724.39,1.4197965,1.1480055,-0.6231029
125621.586,-0.5216089,0.8709791,-0.723958
125115.89,-1.2035531,2.3608289,-0.6785543
122274.55,-2.293253,1.9918635,-0.4428479
118322.04,-0.60586905,0.13568196,0.42218715
123869.87,-1.9566805,2.8546982,-0.6352831
121567.21,-3.2170634,1.4413768,0.76753217
119992.84,-3.052831,1.4916668,-0.769073
127619.875,-2.1289282,1.953157,0.4221973
117885.1,-3.5129566,2.0882425,-0.38843653
130011.875,0.8772104,2.4742365,-0.597051
118356.1,-3.4418886,1.5622287,-0.5311852
118708.99,-2.5610974,2.175198,0.4443886
126010.086,-3.507662,1.4143906,-0.37691286
125903.0,-2.569481,1.0692937,0.64795667
116931.23,0.8663336,1.7627211,0.5074126
131257.44,-0.82585686,2.6210032,0.6423646
125232.5,-2.9143414,0.80287397,0.58576393
131125.66,-0.7417873,2.9925344,-0.3988761
132157.61,-1.6634638,2.1934257,0.390517
134423.16,-2.9442801,2.2443628,-0.6525702
133190.1,-3.5968518,2.7350807,0.52969086
120328.75,-0.82163906,2.4321966,-0.69208544
117732.78,-2.3361938,1.2154227,-0.90887314
119669.88,-1.9688909,2.143761,-0.76367337
133140.75,-2.6424873,2.4210808,-0.54500693
127836.94,-1.8758397,2.9310596,0.6229799
132379.53,-0.10803467,1.9104425,0.6724494
132369.3,-2.1066253,2.696939,0.66125995
132323.02,-1.0944628,2.8549664,-0.67237556
123174.66,-0.48229244,0.58242977,0.4904808
119099.15,-2.9659355,0.62339187,-0.35255113
116331.81,-0.16174091,2.917054,-0.61979717
133428.88,1.0512191,2.5285814,0.54731786
132206.64,-2.1705844,2.3629544,0.81668454
130746.33,0.1854831,3.0169713,-0.36857688
134329.31,-2.5682821,0.0344975,0.16283932
117482.33,-0.31325254,1.4821528,-0.645145
133905.9,-2.9469094,0.10404587,0.5363702
118036.81,-1.653357,3.0590541,0.4965422
132874.94,-2.051741,0.27453947,0.63604575
119591.05,-1.9113665,3.0677223,0.89459765
126077.27,-2.3177695,0.78336656,0.89797336
125153.57,-1.4671836,3.082241,0.86290264
128510.336,-1.0284008,3.007238,0.58799887
117010.66,-0.96491593,0.18438125,0.39902583
126215.03,-0.15014507,2.720676,-0.6337442
116324.66,-1.6280253,3.077759,0.6403773
120382.4,-3.2904127,2.830031,0.51699144
130953.88,-1.6959599,2.318104,0.88132983
126050.93,-3.4952083,1.181069,-0.7288291
131609.44,-3.7596402,3.0588017,-0.6396802
115036.69,-3.6658916,3.094759,0.5483326
118133.086,-1.3894889,1.7968682,-0.4329823
117055.61,-0.5444019,3.0103257,-0.42926925
131815.98,-2.6599386,0.9523531,0.4235393
125356.82,-2.1368353,2.6029358,0.40708673
128295.0,-1.9017794,1.7094005,0.5199808
125673.88,-1.8271617,1.4219089,-0.43766186
128803.66,-3.375912,3.0397985,0.4476628
134256.14,-2.8938172,2.5219014,0.5453566
116976.23,2.3410695,0.96308017,0.5931158
119856.1,-2.5707207,2.6632147,0.78318495
126035.555,-2.6497397,3.0496838,-0.54790205
127605.625,-2.1415508,0.45869583,-0.6044806
117658.54,-2.1534252,2.930127,0.59233534
115772.39,-2.1462786,2.3357573,-0.7208493
117249.52,-1.6077595,2.7942767,0.57648087
129666.74,-2.1997423,1.9498668,0.668668
125892.63,-0.5839088,2.3495274,0.6083763
124081.05,-2.3463624,1.1996524,0.5624816
133997.69,-1.4572951,2.1392944,0.5064089
124621.836,-3.1080046,2.1650581,0.6968879
119222.62,-2.2621167,3.0779574,0.48228067
124254.02,-1.5035933,2.5863326,-0.6757989
120283.14,-1.8939214,1.2131926,0.5309357
132403.16,-4.2178435,1.8448169,-0.7606829
117840.7,-3.7572887,2.5453448,0.7008558
133016.25,-0.57723093,2.3758101,0.6499911
122849.22,-1.4985483,2.329719,-0.7327627
126662.34,-2.7266667,2.613715,-0.7596586
124597.63,-0.85678846,0.4225685,0.6094703
116145.38,-3.0968935,3.106616,0.55810195
117911.22,-3.521362,2.9869034,0.6270092
117043.34,-1.5327697,1.0720078,0.71374506
119080.586,1.9919854,1.6876658,-0.5613197
127713.664,-3.1556075,2.6667156,0.5747771
130144.43,-2.032063,0.63803375,0.47256705
124884.54,-2.740197,1.205447,-0.49995458
115422.42,-2.9824169,3.1361208,0.6645411
131928.98,-0.32454336,2.8934047,0.5738847
133375.36,-2.9075646,1.9583905,-0.74139595
120043.516,-1.0927244,2.8088984,0.27694073
117526.86,-1.9554731,2.7885025,-0.61853725
128708.7,-2.9896612,2.8081908,0.5380481
123304.484,-0.21739024,2.1253064,0.4965462
118958.19,-1.3898796,1.3473122,0.8048438
131283.12,-1.4558587,3.0953135,0.65535206
130872.49,-3.0229259,2.6838224,-0.6489407
117955.05,2.8458052,2.4844851,-0.64564055
131306.05,-1.7738298,1.7482754,0.726504
127996.95,-3.0717227,1.0175768,0.565267
120531.75,-0.09807472,2.5406842,0.86924446
125634.1,-0.5096717,3.0176148,-0.61101437
117053.95,0.30672717,0.38099062,0.8004653
124454.76,-2.9126372,2.8649862,0.52181625
117796.09,-1.878055,0.8726293,-0.52993864
119488.86,0.2941349,2.7910056,0.6344989
116348.38,-1.3729113,1.2305615,0.5051842
118525.625,-0.66623557,3.0953012,-0.8471768
116849.414,0.41761166,1.6566277,-1.0669105
131952.94,2.2957675,0.93305427,-0.6509198
123211.06,-0.16138187,2.9841287,0.61464834
122472.414,0.20908435,2.9145634,0.4931419
116631.336,1.5226645,1.0543876,0.6973374
120108.47,2.8571362,0.5255243,-0.520232
118074.086,-0.8477716,2.981304,-0.38831156
117582.836,-1.92656,2.941609,-0.7305128
121451.766,1.3568391,0.64057183,0.6838478
132180.12,0.7446517,2.760095,0.2997036
122597.805,-2.829836,2.998347,-0.6038783
116711.43,-2.4009821,0.2507441,-0.7028591
129010.75,-0.5213399,3.0995276,0.3790113
121305.51,-2.2397678,0.38517082,0.62787783
127883.51,-2.7598932,2.5863965,0.6661434
131304.39,1.0265776,2.5896478,-0.60013956
119579.34,0.29903132,2.1586912,0.61756444
115523.125,-0.07081843,2.1461635,-0.63610315
128872.96,-2.633829,2.5262022,0.67867357
115994.125,-1.241497,0.6205137,0.5910068
127673.0,-0.8441195,2.8922563,-0.49759778
134361.47,-1.9743059,2.2301779,-0.3775844
120150.97,1.1131426,2.754312,0.47852027
133786.39,-1.2536471,2.5488224,0.57482797
127011.36,-1.6930459,0.74129355,0.6985376
131536.16,-3.8542135,3.0989165,-0.5256201
118190.65,-0.11907092,2.1184347,0.45157662
132729.95,-3.171134,1.8926792,0.74800235
118790.06,1.0027525,0.61840993,0.58459634
118464.055,-0.6725373,2.669716,-0.5591139
133134.11,-3.0652874,1.61411,0.4491837
134615.92,-1.340894,0.40978312,-0.87390834
115089.97,-2.050692,2.6567543,-0.77023655
134275.3,-1.0800972,1.372643,-0.7420447
115165.09,-1.3608015,0.15552104,0.3478189
124335.05,-1.1529056,0.26969016,0.6582697
122781.43,0.2820436,2.5823956,-0.61728954
121273.4,-2.7023778,2.359796,-0.84173703
124292.16,-2.4820638,2.7454894,0.4294406
119587.92,-4.2308455,1.9668576,-0.47729623
128006.14,-2.5101047,1.1270978,0.5427865
131738.83,-2.7289855,1.2898922,0.75507617
122420.62,0.38735265,3.1314852,0.37324384
123676.11,-1.1926005,2.032029,-1.155077
125065.34,-1.497937,2.347569,-0.7729682
123096.5,-1.2261567,0.5449686,1.114948
125412.766,-3.6473393,0.39504564,0.6445473
124226.86,-1.7353288,2.9921486,-0.6260084
115836.24,0.9259148,1.2476053,-0.8307838
122283.09,-2.072513,0.2574129,-0.45966136
129579.14,0.007301314,2.8489788,-0.28435043
115138.61,-1.6007384,0.7064765,0.6884322
115181.42,-0.8221114,0.025647163,-0.110558726
125958.05,-3.0401611,1.7625735,0.8612031
133972.47,0.5400218,1.4723018,0.6905742
115436.3,-0.88042027,0.38451564,0.5052304
125427.22,-1.2616769,2.1304257,0.5997962
122935.375,-0.87710303,2.7566361,0.6301611
130068.38,-2.3834746,0.11607021,-0.339606
120027.2,-2.4425938,0.62923884,-0.550154
128914.055,0.7922371,2.8708544,0.46121097
119620.26,-3.3823233,2.7965705,0.58897644
126608.87,-2.6775305,0.17028141,-0.5046852
129464.875,-0.47453457,0.9918805,-0.6141422
115718.68,-1.019189,0.6393149,-0.48742417
120337.05,-3.9648602,1.3564069,-0.48128837
132063.83,0.2844265,0.06294489,-0.43503955
118391.6,1.1886383,0.54151094,-0.5284523
118118.34,-1.391189,2.4165692,-0.41298994
132698.25,0.82681453,2.2379012,-0.8113828
120226.414,-1.7359087,3.0792706,0.6553435
123314.625,-1.6750861,0.7876602,-0.7095429
129038.37,1.9639868,1.7873094,0.6347883
119607.68,-2.775053,2.9523995,0.5622443
116672.37,0.34043175,1.6895542,0.7578313
117620.13,-2.5926845,3.0193496,0.55801237
131883.69,-2.161464,2.7817273,-0.527429
133236.95,-2.23337,0.78676414,0.5127373
130733.82,-1.6000516,1.8357714,0.98389584
128987.56,-2.4239812,3.1373608,-0.72584337
118903.555,-3.0058057,1.7795293,0.50103605
126953.78,-2.8416963,0.160151,0.61010605
115809.484,-1.0111183,2.8594582,-0.53914976
127466.69,-2.8847082,0.36538887,0.471304
116260.46,-2.088489,0.3438306,0.5681898
123491.94,-0.34761053,2.820143,0.8666579
125084.07,-2.2485847,0.35928965,0.99887
126625.12,-0.72731435,2.100914,0.63961583
118074.91,-1.36757,2.8003535,-0.41993392
125812.22,0.5114634,3.0166879,0.72073686
134284.6,0.011574026,2.634601,-0.47488204
126859.984,-3.4505546,2.9473686,-0.73380035
133471.16,-3.6844025,2.6470113,-0.73284084
117556.375,5.1825795,1.1536005,-0.62240183
127201.0,-2.07283,0.8768296,-0.68187964
124722.33,1.3429915,2.6832535,-0.45357323
119273.63,-2.4440062,1.6149489,-0.643831
127637.89,-1.235828,2.7993624,-0.6273787
126399.164,-0.02830553,2.6648378,-0.7908473
127165.18,-2.8115518,0.8116339,-0.41190282
117199.89,-0.24357516,1.4760524,-0.72247076
127191.56,-3.0049076,2.7580945,0.97308385
121390.22,-3.6791236,1.7101492,-0.7094708
126698.74,-2.5652552,2.9080734,-0.51689637
130554.89,-1.8838487,2.3997262,-0.77386606
124034.26,0.8119481,1.1092364,0.6627826
117369.1,-1.0679413,3.0862257,-0.34981537
118188.71,-2.946595,2.9868119,0.6336969
134291.62,-2.7796097,2.5702124,0.5518578
127981.81,-0.67526215,2.533259,-0.77129525
126191.37,-0.6117486,2.3754725,0.63689816
123846.44,-1.0305476,2.8882997,-0.6883364
129989.96,-1.6674856,2.9482987,0.9862014
128641.36,-2.9792414,1.1707114,0.71603894
133281.56,-0.9765482,3.1009536,0.4011822
115290.055,1.1277772,2.9249592,-0.6498698
130319.805,-2.2027721,2.6131825,-0.50666577
118302.23,-2.8292525,1.7787064,-0.53835034
126681.15,-2.7696292,2.5724893,-0.58588886
123113.45,0.47305143,2.2717133,0.6819513
118206.9,-2.081683,1.9637456,0.6692251
121078.26,-4.1307683,1.2456553,0.6451124
120081.125,-2.715148,0.22661567,-0.3104436
131954.17,-3.4172752,1.88433,-0.7527837
126069.99,-1.3043711,2.680559,-1.1066062
134523.42,-3.115813,3.075521,0.6973477
134749.17,3.3142397,2.072483,-0.6452365
118411.51,-0.52455086,2.9104774,0.4800533
124455.34,-1.8019229,3.0225441,0.35735852
123913.07,-1.4532766,3.0989404,0.4093055
120907.41,-1.8921821,1.6682216,0.6275859
128113.55,-2.61243,2.8752918,-0.18955016
127911.3,-2.0672555,2.7862782,0.7304514
134316.95,-2.758912,2.6822934,0.3046217
115842.78,-1.7568736,1.2750236,-0.81847256
127548.92,-1.508316,2.0870953,-0.74160975
127873.81,1.276979,2.7969952,-0.45342883
115582.65,-1.1107728,2.0601733,0.5486325
128338.89,-1.2678882,0.820364,0.859983
116350.32,-2.3169818,1.2701982,0.95982516
121605.766,-3.379803,2.2550204,0.8599017
131638.25,-3.6839817,2.3598099,-0.8433806
117685.48,-3.2769403,1.9923626,0.63908654
119402.12,-0.18828186,0.5842007,-0.6102962
119428.09,-1.189469,1.1358656,-0.64456934
116263.63,-2.7277465,0.61492807,0.5268263
131068.38,-1.3815184,2.6501207,0.79399556
117438.71,-2.5461574,1.502956,0.7539177
123351.65,0.61374736,2.5188973,-0.51361674
119340.51,0.5205369,2.4944918,0.7892242
116263.84,1.8387505,2.48171,-0.6558466
127203.586,-3.2516754,0.66964746,0.5684827
123868.23,-3.054261,2.4561703,0.34046113
122148.85,-2.7459824,2.6839812,0.60955995
120020.484,0.21210347,2.5537977,-0.61575556
126484.07,-2.0136936,2.283094,0.47277126
130522.836,-3.0389555,2.0047116,0.99559015
122562.91,-1.3759563,0.5017736,0.54911345
124582.69,-0.08030735,2.109371,-0.8000739
117818.57,-0.29929063,2.178264,0.56126285
133002.1,-1.2600844,1.1308017,-0.7691763
117836.336,2.1237218,1.001416,0.64363533
123870.87,-1.4408641,0.41658747,-0.49479207
124752.37,-0.045827344,0.6193986,0.50790244
117708.2,1.0784261,0.8421118,0.5745967
120238.375,-0.8178731,1.8712484,0.62740904
122129.28,-0.50017583,0.014815569,-0.20070761
121746.52,-3.6516683,1.571032,-0.5562147
129686.914,-0.68330425,2.6412244,0.45090482
129898.695,-0.260633,1.8874953,0.5686327
128723.8,1.0201131,2.8043628,-0.30955738
122193.92,-3.0732462,2.915607,-0.46965867
128589.07,-2.0344808,1.740842,-0.27468163
130036.75,-0.2683993,2.9133918,-0.46585426
125837.09,-3.2486858,0.13920856,-0.5545233
117926.61,-0.66100097,3.0715942,0.4015588
124915.41,-2.0865965,1.1607294,-0.4950089
118157.984,-1.002533,3.109221,0.3254917
117045.53,-1.9488832,2.5211055,0.5729198
129975.19,-3.746135,1.3681623,-0.5302839
128673.59,-2.712182,1.4248171,-0.48073834
134186.73,-2.546153,2.8198562,0.946577
121165.65,-2.6570222,1.1434351,0.78850675
116231.31,-2.0051696,1.3779885,0.5222082
125554.64,-2.7125566,1.6644971,-0.62835175
133665.05,0.7831257,2.6002321,-0.5710206
134268.62,-1.2920127,0.42459336,0.20897996
116690.4,0.096850604,1.8913635,-0.7669823
132277.73,-0.8334486,0.5787751,0.53721917
117788.55,-2.0223804,0.8954821,-1.077775
125539.13,-1.3492913,0.8677137,-0.7229026
123650.22,2.4079466,1.8967209,-0.5329709
121286.84,-0.4310712,0.8470285,-0.8415143
121135.87,-3.5301416,1.4035708,-0.702424
120533.21,-1.3357863,2.3622735,-0.62076247
120852.06,-2.7305746,1.0396277,0.7473482
132446.2,-0.40168753,0.39293528,-0.4991785
130559.445,-3.609199,2.8122063,0.49800742
127867.89,1.2184829,2.043289,1.0861772
121401.05,-2.8112333,2.3990512,1.2536646
122238.48,-0.4829858,2.3362007,0.5923508
124152.18,-2.9562669,3.1326723,-0.3061852
126050.58,1.3486221,2.891972,0.6715716
125089.72,-1.3280032,0.09668642,-0.2440112
120827.93,-3.1587007,2.5717943,0.42586473
118259.38,-0.60214,0.31161785,0.47219932
134115.83,0.8325154,1.4378809,-0.5298048
115212.555,-3.3044052,0.1363458,-0.6297718
134437.8,-3.575992,0.8580308,0.40932688
119067.984,-3.192074,2.9347723,0.7492066
115886.69,0.6673692,2.0721664,0.9985819
121908.29,-2.7464638,3.0291386,-0.55643386
122064.22,0.40467706,3.0397928,0.46130309
130541.305,-2.6219206,2.8385677,0.56251395
117256.625,-1.2536502,0.6438987,0.5712684
132733.56,-1.9262761,2.50912,0.77002054
129701.05,-3.6969137,2.6433995,0.8833906
131898.12,-1.0751746,0.46285117,-0.56923014
127846.8,-3.8671653,3.0900462,-0.43559274
129229.66,1.4037458,1.927364,0.78665483
133811.78,-1.746014,2.644595,0.94510096
124056.59,-2.218375,0.0989244,0.33364
120515.92,-3.5922263,3.016262,0.88735855
117468.44,-1.2014928,1.4119604,-0.6502681
126598.484,-3.112367,0.8282938,0.5303936
115162.22,3.027355,0.12403834,0.42140988
134620.16,-2.5312152,0.9966357,-0.7882124
132928.33,-3.2748978,2.3428936,-0.23603675
130426.75,-1.8805743,1.9860741,-0.5801376
122040.22,-0.8149931,2.07984,0.71772224
119583.57,-1.0082076,2.292877,0.6818812
123173.8,-1.2624056,0.6649799,0.5878586
129899.984,-3.030822,2.2664492,0.7454019
129885.45,-0.135159,0.687878,-0.5238104
115248.73,-0.31593597,2.3325646,-0.61346793
116985.63,-3.1825044,0.5450344,0.50460005
132437.78,-3.283655,2.0448308,0.5638539
118119.38,-2.6760314,1.7969123,-0.5946947
117497.05,-1.0648854,3.1361108,0.47575566
115202.695,-1.9200804,3.082929,0.45378038
132193.77,-3.5773947,0.42421937,0.67553794
119720.03,-0.8808651,1.9151524,-0.52577394
121469.73,-2.3858247,1.4816517,0.9772556
118974.54,-1.3437457,0.8190648,-0.5842798
122872.24,-4.073351,2.269351,0.6533288
132030.94,-1.5805699,2.4459593,0.79625213
123337.97,-3.2019193,2.6116815,0.299104
126855.06,-2.2386081,0.5426518,0.57211494
133234.73,-0.4843067,2.470194,-0.4929623
115982.836,-2.7919838,2.8189049,0.67776334
119443.19,-0.8775411,2.827324,-0.48399875
131284.81,-3.8859813,2.9966612,0.4580307
124904.06,-2.0311286,2.700305,0.699694
119366.2,-3.5716085,3.0361416,0.8585243
118486.58,-1.5254922,2.7838984,0.38811383
131702.78,-1.2695738,1.584193,0.76157653
121385.2,-3.2496023,2.9016428,-0.67272115
134323.52,-1.4814737,1.3384217,0.70190185
131025.19,-2.618867,3.0349252,-0.17030644
118901.98,-2.3677812,2.2594318,-0.6547269
124945.38,-0.40891212,2.4794233,0.6675572
118692.48,-1.7785387,1.7872776,0.6662106
123282.83,-4.1215997,0.950861,0.5374527
129125.38,-3.1713064,2.6574183,0.41581362
117945.02,-0.8910234,2.3927925,0.63959897
120938.55,-3.892494,3.1219375,-0.50673723
126072.02,-1.1947261,1.8856568,-0.46101737
122480.32,-2.237007,1.1747191,0.6550514
115562.01,-2.4405553,1.8898747,0.6702152
118931.81,-1.4962233,2.8638902,-0.5182064
117062.93,-2.3524284,3.0531657,-0.4993112
120342.0,-0.4802175,2.850891,-0.5373085
122359.94,-0.36577478,2.9871488,-0.34654698
127142.12,-1.261464,2.0048106,0.7322763
121464.99,-2.454054,2.5761912,-0.91752887
122473.836,-2.6648536,3.0203576,-0.38098294
126982.914,-2.500373,2.8265336,0.53375614
123623.03,-1.3987609,0.53945255,-0.47928685
117459.555,-3.0846364,1.2601457,0.5725865
117482.89,-0.19713739,0.7031622,-0.49066788
118226.23,-2.7109754,2.4023352,0.5214675
130667.45,-1.4700133,3.0896602,-0.7145675
122156.66,-1.9069973,3.1270523,-0.3852312
134896.0,-0.23708487,2.9117997,-0.53564775
132529.02,-0.07890553,0.08698106,-0.47459275
117182.97,-0.81934816,2.3640745,-0.46624807
121842.45,-1.0662452,2.8224442,0.19682387
126824.234,-1.2976893,2.806359,-0.763779
125002.31,-1.8216962,2.6667461,0.63237995
134602.12,-3.004786,2.7898872,0.5351154
123413.35,-2.536758,2.4619255,0.85803473
129302.21,0.095321365,1.3406751,-0.6255962
127926.484,-2.013309,0.5641058,0.5423739
125225.25,-1.77731,0.45144445,0.9955885
124230.5,0.062402036,2.1584299,0.689057
131583.4,-0.70412946,2.3565934,-0.69526327
127996.414,-3.726741,2.387327,-0.56686944
134462.78,2.7136512,1.876183,0.6325727
119642.51,-3.0752265,2.322001,-0.8834402
118749.42,-1.8580058,2.3106916,0.7615015
120542.04,-2.6172714,2.7903364,-0.43210527
125178.83,0.49426532,2.800794,0.73507106
124264.83,-1.7053344,3.0079181,0.3479901
129388.53,-3.5826864,2.420374,-0.5097725
117781.12,-1.4078422,2.6438682,0.782496
125260.08,0.4161968,0.7010827,-0.62093526
119294.67,-2.3381567,1.3528144,0.7167314
116031.266,-2.7085233,2.1319134,0.5066838
128537.61,-0.42605814,3.042899,0.8574199
126837.92,2.8376174,0.5811062,0.5082203
132945.55,-3.008993,2.55212,0.74016756
123493.055,0.49442035,0.45762706,-0.5214673
118303.984,-1.11986,2.5304656,-0.81571996
130403.53,-3.2251353,2.7273583,-0.6594749
122029.75,-3.284472,2.932547,-0.59063745
131004.88,1.9394581,1.8946747,-0.6825476
119375.36,-3.074724,0.33186513,0.4850636
125384.08,-0.6116531,2.2782636,0.6526724
133794.8,-1.8208256,2.7129264,-0.57154197
118370.71,-0.71276283,1.6025854,-0.63286257
119809.164,0.1908438,1.5525858,0.7188326
118376.22,-0.6367634,2.543337,-0.8464955
130617.85,-3.3306322,0.06377673,-0.5890279
130167.45,-3.914532,2.8605514,-0.47660962
134521.94,-2.5334902,2.386805,-0.7821807
117726.92,0.4933722,1.5680163,0.51060355
125898.57,0.3309896,2.8849404,-0.27155307
122425.89,-0.34407347,2.9488294,-0.7461044
122205.35,0.48502007,2.33571,-1.1122288
132590.75,-3.5089884,2.8161066,-0.45219988
131096.31,-2.6807973,2.9261,0.66819906
115969.16,-1.6236411,2.4663532,-0.516512
120131.68,-3.336788,2.8750324,0.6402314
134174.62,-0.42062634,3.0566225,-0.74646026
118099.54,-3.247586,2.3150036,0.7194676
118992.56,-0.860358,0.9040575,0.465689
118106.16,2.0949557,2.4052968,0.48182878
124978.86,-0.85831165,3.0189972,-0.6382405
120587.95,-2.6616533,1.8097188,-1.1236916
124230.42,-0.566467,2.7188141,0.52796006
124352.125,-3.7450356,2.2861786,-0.5126265
134988.61,-1.526055,0.14609575,-0.2417758
133178.33,-3.3786395,2.821642,0.23900922
129490.44,-2.2266386,2.8525486,-0.6000343
122131.51,-1.1918584,2.1785572,-0.6313302
120951.85,-3.2197995,2.9381697,-0.5538685
117023.42,-2.168274,2.9176583,0.56938744
130178.2,-2.5928202,1.6333027,-0.47406575
128453.836,-0.104956634,1.2417041,-0.66185063
129757.47,-2.467423,3.066736,-0.73484457
118468.29,0.86572635,2.460176,-0.6736741
133300.66,-2.4748182,1.1902237,0.75191146
123923.26,-2.6358755,2.1960168,0.50169855
130449.45,-2.609436,2.1860445,-0.7382207
124753.8,1.2521008,2.7025185,0.32707685
131221.81,4.4056387,3.0900042,-0.65198183
123531.195,1.3789339,3.0211616,0.33385235
125145.06,-3.3422525,2.5053957,-0.3642219
116973.36,-1.0204741,0.71260697,0.37379655
118717.54,-0.38817954,2.4080296,-0.6752329
118287.8,-1.8136492,2.8873146,0.67390347
131862.77,-3.7990832,1.5921471,0.8451041
127547.04,1.0523876,0.60730135,0.52193785
119570.7,-2.4371529,0.23333168,0.7601849
118201.984,-0.82003814,0.1284411,-0.678646
124072.91,-1.2781718,0.6035361,0.96755886
115097.81,-1.8859943,3.060653,-0.5277713
125625.88,-1.3604312,0.91349757,0.5301087
118475.01,0.26542816,2.5030606,-0.5792614
121824.55,0.35739252,2.982278,0.78217745
132579.84,-0.18386823,2.4011023,-0.6459726
120227.42,-3.62093,2.4655685,-0.86078525
123929.64,-2.5546284,2.4347937,0.7676123
130055.195,-1.89087,1.9867408,-0.3592933
116938.54,0.85577255,0.13577425,0.5258696
122056.37,-3.4921165,2.9392765,0.51932955
118599.805,-0.7187507,2.5593722,-0.749927
130610.28,-2.9719584,1.6614599,-0.71022356
131773.5,-2.4685051,0.6748893,-0.87296045
127598.695,-2.0620906,1.2638535,-0.5439276
134781.78,-1.4561216,2.7434044,-0.13341372
132046.94,-3.1871066,2.522759,0.541653
123415.85,-3.7856731,0.81211287,0.49364048
133379.88,-3.2020392,1.8079973,0.8504451
133745.5,-3.5651267,3.0667086,0.34356686
134410.45,0.18875258,2.0131507,0.6014873
125376.29,-3.4128337,1.0534356,0.5300036
132956.81,-2.3784492,2.790909,1.0160863
119417.586,-2.453961,1.1282812,0.67701524
130593.86,-0.73369896,3.1255357,0.41351745
133948.73,-2.767668,2.1744795,0.5952778
131642.16,-1.9316382,1.1804752,0.5871698
120852.23,-2.9317615,0.9172555,0.867268
126080.41,-0.8750061,3.0402937,0.51870686
117820.8,-0.37438875,2.6958373,-0.6914904
129664.66,-3.1720972,2.2777977,-0.6958667
117963.62,-0.4373089,3.072323,-0.431363
123747.414,-3.9558852,0.30600113,-0.7638458
121686.34,-2.239501,1.5610018,-0.44858786
133616.89,1.3860297,0.19656932,0.5342181
118838.17,-1.9949924,2.656516,-0.28814116
125812.2,-3.3872933,3.1406338,-0.4308168
115102.8,-3.7098277,0.20629025,-0.4739304
116302.86,0.52222395,2.705289,-0.5024566
127546.49,-0.9818639,3.057141,-0.4389144
129931.12,-2.2632515,1.2040913,0.6491643
116088.57,-3.2285304,2.8229318,-0.552124
132661.39,-1.4622492,2.1139007,-0.689168
116338.96,-3.0451589,1.7649075,-0.85141766
116749.125,-3.1858642,2.104181,0.56765527
133232.52,-0.9681754,2.758281,-0.29369673
115269.84,0.19157243,2.611012,-0.4869214
122307.23,-2.4727435,1.3403234,0.6508682
132336.64,0.22849031,3.1003194,-0.4778289
115614.0,-1.4404835,2.6733394,0.63334125
125990.27,-1.4790622,2.642233,0.6058023
119081.88,-3.7405822,1.0409031,-0.379375
131473.39,-3.3296628,2.6154425,-0.59558797
122960.93,-2.9093618,2.8102822,-0.82891494
115021.8,0.7186511,2.9202237,-0.4378935
133487.2,-2.3747163,2.6737957,0.5374817
117899.44,-2.1833332,1.6072644,0.36004493
121647.17,-2.8906827,2.2251718,0.7156419
129875.63,-3.8997834,2.7001011,-0.6068628
132035.16,-3.2299945,1.4258556,-0.58512986
128638.63,-2.0922437,1.6864948,0.74793005
134889.44,-1.5714029,0.5002918,-0.7560134
122335.47,-2.0986552,2.6589942,-0.7432421
119780.984,0.5645991,2.538287,-0.77130675
124782.9,-2.918256,0.4621297,0.6774555
115329.445,0.5604263,2.5261903,0.5566552
128876.32,1.0588282,3.0200183,-0.58450705
123760.945,-1.4932553,1.7390388,0.9792312
131262.86,-3.0951047,2.574101,0.4393322
121752.02,-0.11084348,1.9869359,-0.6986109
115251.05,0.2180915,1.1609367,-0.80390966
115274.08,-3.3517988,0.968969,-0.79059285
119222.45,0.41228575,0.10250443,0.6782066
118625.695,-0.03473668,3.0043392,0.30888823
122821.445,1.8503433,0.66863537,-0.6026948
116771.18,-1.3058733,0.11413026,-0.6471602
132902.62,-1.4735223,2.9752572,-0.78650206
119377.89,-3.8032627,2.42447,1.0551535
129288.12,-0.6702325,0.99942183,-0.56347775
119566.93,-1.9864575,3.0381603,-0.53875536
127389.46,2.0417728,2.6168456,0.75038034
119156.41,-2.3370855,0.88366103,-0.54577744
120446.875,-3.97544,2.4425278,-0.47342563
123110.5,-3.7580159,2.8524225,-0.7948935
121412.516,0.0901013,0.87176526,-0.5101706
134510.34,-0.924331,2.5308015,-0.91265935
130904.91,-4.1457677,3.0749397,0.68290895
121758.52,-3.9679027,0.21662986,-0.28655446
130894.88,-3.216145,0.00064849854,0.3780074
128731.01,-2.20472,2.8691423,-0.72979987
127771.24,-2.4347258,0.31529415,-0.46770132
119898.54,-0.9210422,1.340414,-0.5060064
126390.02,-2.8722727,2.8854718,-0.5277238
128853.13,-1.7891129,1.812191,-0.9232918
128596.05,-2.9809408,2.1707196,-0.81754756
122759.71,-1.134722,2.8223577,0.50605774
123160.07,-3.1936896,2.9998958,-0.5572201
134418.34,-1.4741683,3.0027895,-0.5013294
118270.6,-0.6407585,1.9749508,-0.6222734
131508.62,-2.4949005,2.857995,-0.32597023
121380.586,-2.37512,2.2320368,-0.56414086
124011.69,-0.21430674,0.57686806,0.5738828
125405.19,-2.8786442,0.8840955,-0.5976564
118127.68,1.455885,3.001604,-0.43015334
129869.04,-1.7661673,1.3465878,0.5962657
118833.9,-2.4964983,2.0348828,-0.7452227
119136.42,-3.8854382,2.7257807,0.63336796
121075.586,-2.2165985,1.2725357,-0.70806956
132894.56,-1.4024726,2.782624,0.7638705
129326.28,3.4560828,1.454103,-0.66249883
128478.336,-2.1471853,3.0603983,0.6806526
118345.39,-0.08864021,2.0159974,0.6617172
123584.42,-4.069427,1.4161544,-0.42075837
124220.74,-2.8619642,1.5622975,0.49619114
115734.43,-3.5315845,2.9209762,0.8683053
119099.27,-2.0882437,3.1028924,0.49824145
128892.81,-0.94726044,1.9826734,0.5476005
121891.99,-1.6491183,2.9639773,-0.6028579
132833.44,0.3995942,2.2521424,0.5171115
120943.42,-3.5564432,0.10535669,-0.56719965
118055.836,-2.6748319,1.8247216,0.38641292
118144.79,-0.27396852,2.5634398,0.4854067
122728.195,-1.4130718,2.5373263,-0.3408832
117229.86,-3.0180576,1.1152589,0.9535031
122321.16,-0.6319711,2.4681382,0.7150311
115072.27,-0.41795966,2.8091707,-0.33207217
130122.9,1.3906922,3.094736,-0.44152054
120874.43,-2.1820285,3.1187115,0.38222656
132085.78,1.4029499,2.7958906,0.79185057
119393.23,-1.4053464,2.3867424,-0.76696277
116875.28,-0.8394005,2.4326992,-0.26628435
117274.15,1.2402558,2.6476228,0.34894067
128560.59,-1.1872079,2.903256,0.5891735
121241.945,-2.4920404,3.1195076,-0.8896799
125855.38,0.4229123,2.4605253,0.82712245
131440.0,-3.6798062,2.1620884,0.984046
117890.875,-1.8361882,2.9468212,-0.466745
116102.5,-2.0285969,2.5760517,0.6511302
121983.03,-2.0463324,0.4540708,0.6398282
118006.15,-2.6091192,2.6488316,-0.90785205
132262.73,-3.3588326,1.4786818,-0.9310416
124584.664,-2.7308314,2.1816778,0.7573637
127601.48,-1.4392676,1.8755338,0.85386544
116759.79,-3.614871,3.0543258,0.5872655
116920.516,4.6723127,0.5834907,-0.5999404
118108.14,1.6179836,1.9402375,1.0574805
126656.75,-3.0722816,2.7720368,0.70780873
122736.55,-0.7307837,0.5726308,-0.5507151
133091.72,-1.8406731,1.8214077,-0.6146428
120216.47,-1.8808693,3.03972,0.36426005
132518.05,-1.3728588,0.31202865,0.5228504
123380.42,-2.3801436,1.0393914,0.537067
121624.9,-2.5693007,0.856681,-0.34667352
115110.09,-1.7405956,2.828789,0.37385926
121290.32,-2.0845392,2.7036545,0.75928456
115797.016,-1.1916887,2.2837234,-0.60874784
121874.445,-1.9936576,0.89858556,-0.71311694
119113.67,-2.796425,2.872746,0.64493036
119212.38,2.8880413,1.518748,0.73338443
126965.56,-3.8806467,2.219758,0.391423
118048.625,-0.67134386,2.9398954,0.6501666
125393.95,-1.8798352,2.2099502,-0.7453441
115996.13,-1.1460574,0.91333884,0.6386212
127847.09,-0.27986097,2.591241,0.66187197
120968.81,-2.2496297,2.3462946,0.71272224
122458.01,-1.9344605,1.0516605,0.7339026
132220.23,-3.3443973,2.4763727,0.3169621
124028.29,-1.1668367,0.9118891,0.8492063
129301.47,-1.8762109,2.8893266,-0.5588508
128694.48,-1.230482,2.821665,0.59947443
117408.96,-2.224396,2.410699,0.30379832
115625.805,-1.7904648,2.9591994,0.8153844
129251.66,-3.4076796,3.0019245,-0.5694173
132034.12,-1.7906505,1.5689888,-0.60451275
126162.85,-1.5682656,2.7777035,-0.50008416
119752.875,0.016455414,2.7720482,0.43267512
124531.41,-1.656088,2.5956128,-0.6226276
132077.73,-3.6880767,0.35940516,0.4806079
117864.46,-1.0689826,2.8027387,0.71188015
116095.99,-3.4348116,2.4078317,-1.0942504
126519.336,-2.9591708,0.4672256,0.48356
120188.3,0.57022595,3.0950842,0.54310346
117708.09,-3.802487,0.85355663,0.6437267
131120.03,-0.88114494,2.4901497,0.23857865
126954.75,-3.6428053,1.3123405,0.45625016
115230.805,-1.5258758,1.6543792,0.61252576
124561.7,-1.7977324,2.5447376,0.66194415
126392.164,-3.4559915,1.2394806,0.7630262
115623.99,-1.637147,2.930875,0.40972763
119477.32,0.46990559,2.0539484,0.5167154
124403.05,-0.5352047,3.0530899,0.27433088
116526.57,-0.633766,2.9181914,0.52401483
133898.39,-2.5346448,2.6647615,-0.61651534
131929.8,2.00109,2.6184256,-0.5783666
117334.34,4.974725,0.56700385,-0.6560784
130970.586,-2.2499526,1.1989402,-0.71951497
125420.88,-2.7260678,0.26123554,-0.58495194
126022.016,1.8193235,2.4897044,-0.7174106
132222.97,-2.456141,2.0942144,0.7087548
126555.82,-0.39153364,2.6129687,0.6023547
132182.58,-2.8669662,2.5455072,-0.84670436
118799.6,-3.4232259,2.6410885,0.57092625
128568.88,-3.065686,1.9786549,-0.37788346
115485.5,3.6164498,1.4310014,0.6993727
115808.37,-1.6724342,1.6391723,0.68390375
127702.37,-1.9088045,2.6475453,0.7111411
126090.9,-1.4384242,1.0162258,-0.6150329
132621.3,-1.5898296,0.36271405,-0.4789439
130198.66,-2.4039104,2.5265386,-0.3458532
115135.055,-3.9860055,1.2465255,-0.4427654
134866.67,-2.4439363,1.4127179,0.6942769
130726.16,-2.1096246,2.9407396,0.6670753
132468.98,-1.7203408,2.8871539,0.6088144
127013.72,-1.4593529,2.4795706,0.40759912
125008.07,-1.6555755,3.083718,0.52267
122641.07,-3.9631903,1.1388241,0.48398027
124606.13,-2.9252496,1.9889275,-0.7990439
131211.25,-2.2800741,3.010157,-0.5227954
123261.67,-3.1525018,2.8838105,-0.75234836
116960.87,-3.5329664,2.6491582,-0.55402064
124177.99,-1.1787149,2.10599,-1.0565408
120988.5,1.1433551,2.031224,-0.6847205
125979.5,-2.559991,3.0258179,0.4879037
122795.65,-3.918691,2.208261,0.6983293
123704.1,-0.99372804,2.443391,0.7007958
126559.36,-0.30309972,2.724821,0.54343027
122527.14,-0.99134487,0.06910771,-0.38471746
128366.984,-1.0205697,3.0469294,-0.643901
133119.97,-1.6097056,2.169303,0.657768
116833.48,-0.3798377,0.7451937,0.59190184
124834.85,-2.206183,2.6144278,0.64957225
119756.18,-3.7313457,1.1659626,0.6367098
115245.35,1.3846557,1.248934,-0.9321224
129573.305,-1.2651106,0.74003345,0.95594364
132079.94,-0.78182673,2.6792977,0.78203636
117960.36,-2.7243326,0.82068926,0.6610134
118616.02,-0.25292373,2.4103692,0.5468866
121734.13,-1.331318,0.33727798,0.5572715
134879.08,-1.6650182,3.0571728,0.53786135
128748.47,-2.825646,2.5638351,-0.7262841
121904.63,-3.1428885,1.2562124,-0.563577
115673.625,-2.092636,2.3330646,-0.5756838
124256.48,1.1408244,1.7866163,0.5442217
124283.42,-2.0339017,1.8193954,0.8218112
128485.08,-1.1898348,2.8133948,-0.68057334
118339.82,0.03536704,2.2971797,-0.6601072
128496.36,-1.7530595,2.0879064,-0.64320016
120040.37,-2.663786,1.3334169,0.8169179
125884.3,-1.8185254,2.4782338,-0.96900237
119713.66,-3.1088133,0.42015222,-0.5400998
128323.13,-2.0180829,3.0347724,0.56074274
123874.33,-3.2108994,0.032326818,-0.3404069
133967.12,-2.4300964,2.7839193,0.8608074
115377.93,0.26389086,1.51622,0.73030216
129786.586,-2.2982562,2.741747,-0.38506213
121383.61,-2.0435815,1.5166812,-0.44584966
119429.21,-3.0474424,2.7629435,-0.5657851
127652.54,-2.1879077,2.971235,-0.57312196
115418.34,-2.448054,1.1823356,0.6835966
127336.61,-1.8216087,3.0503757,0.54287225
134737.17,-1.8908079,2.2903411,-0.80182534
129331.07,-2.6546643,2.4376535,0.3964227
116885.99,-2.0695655,2.0269372,-0.46328807
130677.43,-0.7897499,2.772781,0.49434444
123078.89,1.7789747,1.4744128,0.80862725
123458.11,-1.5209535,2.124308,0.7563703
130313.42,-2.912227,2.8215945,-0.53526264
125583.91,-0.31103653,0.93122745,-1.0902816
123754.76,-2.149601,2.5123615,-0.71984196
117104.61,-0.46201313,1.1890343,0.7938118
129165.71,-1.0230211,2.728306,0.4612779
121418.125,-2.833035,1.8967664,0.85667443
129682.75,-0.23897165,3.0281315,0.5199045
115156.79,-1.8141992,2.9838846,-0.43727738
119890.93,2.2682464,1.2925714,0.78296775
130164.82,0.22779514,0.27537125,0.6163019
123387.14,-2.509127,2.652839,-0.4414627
116366.03,1.0682695,2.4365804,-0.83830786
121406.445,0.30855867,3.05949,0.37284037
116268.26,-3.5419326,3.139076,0.4778108
116751.38,0.82288116,2.983476,-0.58558106
134200.55,1.8734771,0.8831239,0.6018322
116504.2,-1.4706542,1.4265736,-1.2778603
124519.836,-2.455123,1.7946472,0.33643034
119935.73,-3.0249329,2.7604635,0.8990714
117022.19,-3.0194755,2.7582316,0.66169846
126450.75,0.8219836,2.8493295,0.6581117
119546.43,-2.0916865,1.3298669,0.5335611
132686.84,-2.8460984,2.5209944,-0.46023807
119819.79,-1.2530583,2.563861,0.74408704
117358.25,-3.2401314,1.8677449,-0.6977737
134613.4,-1.7463534,0.59652865,-0.69713426
117079.125,-0.46172178,0.28373194,0.25363582
122060.28,-2.931139,0.9819183,0.73087656
123804.54,-2.756231,1.7756249,-0.8770121
119479.9,-4.0182533,1.1206393,-0.84877473
132831.42,-2.073307,0.61874413,1.0096977
130349.164,-1.1232469,0.45864064,-0.68325007
122938.516,-1.0806916,2.6410038,-0.6052928
119427.67,1.8447509,2.4694877,0.6111338
124960.484,-1.4513189,1.7747877,0.32592314
120482.125,-0.6134128,2.844507,-0.48666647
122899.32,-1.0325931,0.66848797,0.653751
124698.15,0.64974934,2.469291,-0.7250309
131525.36,-0.58096176,2.9854789,-0.3331652
115163.56,-1.1009492,2.932917,0.64816487
133877.66,-1.3538933,2.281958,0.4399819
115660.79,-1.8693265,3.000302,-0.42717725
133776.62,-3.244089,1.4374136,0.5993307
134304.12,-1.6141,2.718465,-0.3980184
117711.92,-3.0329967,0.56713796,-0.49621478
122614.86,-2.7577379,1.0808594,0.5949354
116668.78,-4.2774158,0.03231001,-0.4612703
129929.73,-2.71706,0.42795426,0.5946923
122988.625,-0.091021895,3.0898814,-0.49407977
124969.15,-3.098016,0.5262886,0.63107985
133918.8,2.257632,0.31569004,-0.6143138
120349.35,-3.554925,2.701881,-0.67012495
133555.8,-2.0655005,1.9387313,0.4417679
123247.48,-2.1193197,0.36855626,-0.5777638
123290.586,-2.0021033,2.765104,0.74518263
115797.46,-3.8638234,0.10038311,0.28336844
117308.914,4.6230245,0.7672579,0.63361806
130073.93,-3.8033693,2.8376207,-0.576927
119786.42,-0.1865878,0.82219565,-0.85863537
122878.125,-0.25306296,2.578797,0.61982906
118834.77,-1.7237056,2.4449458,0.2506834
131204.25,-0.9093934,2.8844917,0.39675614
120683.05,-1.1709548,0.9154781,-1.0231026
115368.43,0.7264893,3.0631022,0.55577433
134977.02,-1.3299928,3.1148815,-0.30906254
116598.195,-2.8409958,0.7248934,0.95334363
129241.28,-0.3944689,2.6066577,0.5972478
116485.97,-1.3733132,2.2833745,-0.8620564
119532.25,-1.1452274,2.9376993,0.3705726
119087.09,-0.6825776,1.1836901,1.0283432
121384.19,-1.6573876,1.026847,-0.5811389
120404.64,-3.284859,2.5268025,-0.34522974
124417.96,-2.7998843,3.0334606,0.8732857
115359.68,-1.1072779,2.2697484,0.72187155
117704.49,-1.5593364,2.6792312,0.61869115
118565.08,-1.0766232,1.8540716,0.80365115
122453.414,-4.2316337,2.447551,0.43352392
125306.02,-0.44534972,2.7480278,0.46905366
116607.164,-0.7782067,2.6329167,0.28625077
129562.01,-1.5812916,1.6018876,0.7710594
134606.19,-2.4217618,1.6749073,0.55723965
122827.4,-2.7307494,0.77509546,0.5446474
124296.65,0.04484606,3.0484216,0.5815243
134361.2,-0.99835885,2.8401935,-0.6746351
120403.89,-2.6308515,2.6032321,-0.7079585
130559.516,-1.1491199,2.7255144,0.7296008
121387.79,-0.3927617,1.4691198,-0.52389944
123629.33,-3.3527694,2.9191635,0.7906372
116172.32,-1.954025,1.6987271,-0.48950705
125354.33,-2.3051636,1.6007401,-0.6300665
119878.06,1.1381409,0.83050954,0.67879134
115820.12,-2.3728955,2.543196,-0.5731111
116936.8,-1.2721211,3.0070584,0.3064925
124614.55,-2.7103398,2.73686,0.66909206
123261.45,-4.593203,2.226554,0.33606836
127853.16,-2.6274166,2.9151816,-0.8169369
126287.44,2.6469707,0.92413104,-0.8238839
119301.13,-3.8904176,0.29516792,0.42038843
116084.88,2.071884,0.9392539,-1.0551169
134095.44,0.1605795,2.5803437,0.8020333
121331.86,-1.31797,2.507034,0.52012676
130673.27,-3.5600789,2.4143937,-0.35417816
117411.31,-1.7655275,2.5847528,-0.6143222
129285.25,-2.1576319,1.4282583,0.5182692
115205.08,-1.3897847,2.500644,0.7045969
128736.38,-3.9050663,0.7811245,0.46795136
126799.305,-2.8032355,3.0036008,-0.4711631
131201.38,-2.2086744,3.098566,0.48214182
123943.93,-1.3079562,2.1356468,-0.76712227
127720.92,-2.0650117,2.497697,0.5979174
121317.99,-3.5537577,1.7864255,-0.14602773
129648.13,-1.789124,2.7991602,0.53702146
119047.04,-2.0411592,3.0730214,-0.5972491
124029.42,0.13077056,1.8701677,0.863077
133014.5,1.5606644,0.36235833,-0.4721249
127672.516,0.58791876,3.0702116,0.8738835
126467.55,0.072728485,3.0971344,-0.41630006
121730.54,-2.7923794,0.27740157,0.87866414
131526.31,-2.6166914,2.9950092,-0.7296892
133216.45,-2.8324053,0.67058593,0.4961331
131012.04,-3.1195278,2.5116527,0.5114378
120390.74,0.44209674,1.2098846,0.76872104
117082.51,-1.6161479,2.6560333,0.6510802
116587.49,-3.0084467,2.8407738,0.7098349
117103.85,0.9835086,1.6522479,-0.98703736
130126.375,-4.138963,0.8577581,0.21066879
121411.52,-3.0381424,2.367837,0.47269645
119138.78,-1.6575595,0.44691634,-0.5719992
119298.11,-1.0414068,2.7256722,-0.59529763
119967.74,-1.9691526,3.0226252,0.51368064
117188.22,0.6654838,1.7497,-0.75988317
122428.21,-1.1022035,2.5745625,0.71465886
127342.05,-2.5318987,0.1506697,0.5064397
118027.91,-0.6035204,1.9567358,-0.45149407
134420.8,-2.480764,2.5764213,-0.8406163
115657.39,-1.8693515,2.013989,-0.36294708
123310.414,-1.6736451,1.3867066,-0.8433969
134770.31,0.17663726,0.10404706,0.39887294
123249.89,-3.1236954,2.4112241,-0.7108549
124305.08,-3.6915746,1.3762761,-0.43585363
130417.734,-2.7410479,2.7762473,0.54127073
133538.98,-3.0356886,2.6711485,1.4179224
122542.7,-1.64561,2.6990118,-0.5493688
129321.234,-1.4489044,2.996498,0.6020193
124994.64,-2.7376456,0.72906303,0.42162025
118911.83,-2.864159,3.0166354,0.4611986
120099.086,1.3805557,2.9184113,-0.5700943
116302.305,-2.608613,2.7863126,-0.54045886
127997.9,-1.5729876,3.1007957,0.47035864
127748.25,-2.4950657,0.25233853,-0.6903166
127267.66,-3.382181,2.8686876,-0.22800502
127805.62,0.7700576,3.0252113,-0.6611167
115931.16,-3.043709,2.7942104,0.64356816
122079.914,-3.383999,2.9176784,0.47794515
116690.02,-1.1188115,2.6021557,0.60793924
132481.17,4.7886744,0.09539878,0.39267376
118022.07,-0.008788888,1.218428,0.49892262
130751.56,-2.0613,2.189662,-0.64360493
115070.07,-2.2888513,0.15335801,-0.5318362
118740.56,-2.2843,1.3674176,0.71543103
119421.55,-0.7776729,1.192354,-1.2451379
118638.74,-1.584267,2.162163,-0.82236993
124669.125,-0.7383042,0.6608441,-0.51561326
126654.37,-2.7756312,1.8731173,0.7247832
118747.35,1.0823555,1.1228582,0.5016535
127040.44,-2.8072548,3.0068548,0.5188812
128248.34,0.5363121,1.1977518,0.56648004
128543.08,-0.92959845,1.3061938,0.83705485
120119.26,-1.2368801,2.1999843,-0.782747
117214.71,0.85638094,2.3406181,-0.7432615
119324.88,2.8835084,0.25352263,-0.37680617
130689.32,-3.7326374,2.0419118,-0.5989351
128456.6,-2.375034,0.38185883,0.5200146
116808.48,-1.2609206,2.4554012,-0.6999484
125086.54,-0.5832131,3.0794468,-0.25227237
116656.97,0.26091084,1.560177,0.8306699
117178.86,0.08593217,0.9059596,-0.94235265
127899.19,-0.32724658,0.081325054,-0.23265576
117946.06,-3.3426735,2.938358,0.57293504
124667.586,-0.36922428,1.2523831,0.73100626
122999.57,1.7848241,2.6512923,-0.29707497
124957.336,-2.3096054,3.0387266,0.7482304
116131.28,-3.3324103,2.6520946,-0.7975362
126871.52,-3.5005229,0.51716137,-0.6998155
119938.04,1.8965913,2.8434446,0.73723376
118775.914,-0.2885853,1.4559498,0.7292195
115676.23,-3.8249533,2.7408004,-0.4419244
134512.31,-0.6580626,2.665882,0.52454835
126646.25,-0.8791184,3.0589051,0.40703824
129643.71,-2.1104476,2.3159184,0.7105164
117109.625,-0.80628055,3.0575757,0.38743132
132900.33,-3.5465355,3.1195438,-0.9708649
116470.62,0.70771873,3.0883636,0.44669396
122906.75,-0.28931314,2.1525025,0.65632457
122074.47,0.035619583,2.964258,-0.562629
123324.34,0.62099016,2.1822789,0.7461422
126241.805,-1.9274781,1.6579173,0.7032679
123112.625,-0.39242482,2.195685,0.6914284
120572.14,-3.365856,2.6227515,-0.41929117
127271.92,-3.6404169,2.1159797,-0.9378878
126354.375,-1.030279,2.505152,0.95843214
119907.62,-1.2632272,2.5649064,0.53053933
117275.195,-3.4956431,1.878943,0.47941452
131398.08,0.62906027,2.3653975,-0.5648541
117675.63,-3.9684095,1.7546629,-0.746035
122385.695,-1.1750506,0.7409373,-0.6387012
126262.61,-0.73003376,2.618824,0.6244628
117490.31,0.3176406,1.5304719,0.7025097
122637.31,-3.7926576,2.4496403,0.6001722
117885.83,-3.4071634,2.2031147,0.6889095
133277.38,1.1561799,2.5637908,-0.62113935
118742.64,0.15482908,0.78094035,0.60333097
134299.92,-4.2330704,2.6587234,0.5644634
115480.73,-1.1794009,0.25129974,0.18062305
119055.445,-2.1475694,3.0941508,0.5717777
116114.63,-1.9959726,3.0824072,0.5833245
115047.81,2.5047033,0.96328545,-0.6378893
128059.85,-3.6035385,2.2273557,0.60922724
134967.2,-0.7865255,2.667451,0.613964
132387.3,-0.82158524,1.7418821,0.75325274
134550.0,-1.3350557,2.4753394,-0.8737284
122293.125,-3.0305407,1.956889,-0.6435071
117936.67,-1.7941604,0.017416015,0.4735244
132994.75,-1.2809682,1.8862593,0.9789003
133594.1,-1.0103235,1.9009371,0.70491177
125697.73,-1.622735,2.5209215,0.7734185
119422.9,0.031403888,2.1889155,-0.9758671
121136.1,-1.2268312,3.040092,-0.55583745
133501.78,0.7680489,0.35133815,0.5841368
125157.766,-1.7787424,2.078928,-0.76310915
131365.47,-1.6024855,2.6964254,0.66573936
121704.7,-2.9295633,1.0759199,0.5198515
119956.0,-2.8652444,3.1243162,-0.16020672
115474.18,1.2865344,2.1748633,0.7278408
126888.7,0.032184064,1.8512475,0.6783014
126934.25,-2.415427,1.9730273,-0.8402539
124836.24,-2.246775,1.7037104,0.4035668
132200.1,-3.0080082,0.8113654,0.6044147
115420.21,-2.4862328,2.9714832,-0.7789137
134476.89,-4.3044934,0.84977496,0.7007121
125121.82,-3.2972288,1.7061654,0.5513038
128157.25,0.16238247,2.64658,0.6402737
120898.86,-0.6898858,0.99195176,0.6776968
130943.67,-1.8798727,2.9807355,0.4565189
129503.09,-3.1980834,1.0455481,-0.6587869
118221.15,-0.74987346,0.90063983,0.83982486
121035.47,0.62010205,3.027715,0.4218389
124774.18,-1.3429568,2.505852,0.19916973
120191.945,-3.2376437,0.52713287,-0.7681594
126822.234,-0.835333,2.5846999,-1.3151057
129611.52,-1.8268414,3.070538,0.49477896
133005.81,-0.1746451,2.5621288,-0.45625308
122815.62,-1.7390436,2.7520041,-0.44477788
127133.07,-2.2919605,3.0956275,0.803892
133658.17,-1.4877928,1.305667,0.6006333
117687.47,-4.0666146,0.13980782,-0.5187977
117068.45,-0.38841358,0.8861395,-0.8431133
128222.53,0.812176,0.36945224,-0.5087702
126248.36,0.33971718,1.5651075,0.6700716
116463.65,1.5604947,2.4513798,0.52214116
128633.89,-0.9232925,0.025987387,-0.45508063
131082.72,-2.1093447,1.6082907,0.78240323
116771.51,-2.4109595,1.5716177,0.5782628
123471.195,-1.9989116,2.4807005,-0.58296245
123893.805,-1.0376855,0.3108125,0.66951966
118829.95,0.603835,3.1087263,1.0706754
121469.195,0.5954323,2.9619782,-0.20814563
125401.01,-2.1605387,2.929176,0.37237415
134879.67,-3.1535416,2.524077,1.3457882
115541.3,-0.6580135,0.84134203,-0.58213866
130667.99,-3.4916053,1.9781482,-0.5606575
122044.12,-3.3877094,1.882037,0.4309573
115732.04,-2.7359033,1.9466636,0.39663735
126238.984,-1.6548164,2.0218294,0.69163007
126753.586,0.77355134,2.900901,0.64645797
120493.7,-2.756005,1.2927772,-0.5762037
127835.36,-2.3839502,2.9274368,0.640731
126467.15,-1.471126,2.622392,-1.0300962
127036.836,0.08446205,0.6666992,-0.528738
133860.95,-1.5615319,0.42562956,0.5851164
120340.734,-2.2110462,0.3743046,0.67235357
120573.42,-2.1720097,2.4972353,0.64861745
122786.28,0.058248386,3.0837138,-0.5813017
119091.25,-3.1395485,2.2615125,0.31538072
130722.93,-1.3538247,1.4081666,0.8644588
117128.555,-2.4788127,2.7048683,0.5712918
117791.125,-2.781421,2.0439434,-0.54358834
126481.75,-0.9901908,2.6812716,0.5476321
116241.07,-2.9448345,2.316157,0.49639842
134679.78,-2.656492,1.3355143,0.5923577
124799.52,-1.8118246,0.13082719,0.43578258
118485.8,-4.1123247,2.5477195,-0.4914948
123370.79,-3.1966496,0.5155541,0.72190374
134907.08,-1.672687,0.9975954,-0.5091664
123263.984,-1.530863,1.833631,0.8186426
126026.37,-2.735515,1.9840938,-0.75246805
131614.89,-3.6143434,0.9511231,-0.6553005
126191.7,2.2331562,0.27827907,-0.6635651
132625.9,-2.9436433,1.3497074,-0.42268506
127083.766,-2.7514446,2.7884042,-0.49305668
126100.44,-2.9495876,0.77795273,-0.49701282
115513.586,0.13537037,2.8720725,0.45075494
118934.86,-3.2924337,1.3672404,-0.70493644
128631.54,-1.9519154,3.0485501,-0.27967042
132648.48,-1.4579296,2.2321372,0.29461193
123444.49,-1.5993625,2.8764338,0.43458515
116162.19,-3.6637378,2.776237,-0.38584068
116456.234,-2.1585743,2.8613238,-0.67223525
132158.69,-0.3186473,2.8701324,0.41839743
122860.48,-1.1482384,0.19286251,-0.52481425
134765.14,-0.8575588,3.1141288,-0.4898712
125738.61,-1.4134032,2.8985546,0.46520633
134874.25,-1.5178603,2.426356,-0.8048744
119045.07,-3.4645102,3.1264186,-0.46321687
126673.63,-2.3123116,2.6894586,0.5641649
132255.83,-2.0330896,2.5805938,0.67576414
119971.58,-2.012065,1.3224642,0.7927525
132828.98,-3.485847,1.8950598,0.5907884
123670.49,-2.1014256,2.4127173,-0.59816146
119699.95,-2.639069,1.7928562,0.90406674
133367.7,2.7891145,2.5030596,-0.51086307
124227.55,0.46217793,1.9787124,-0.61712116
119025.05,0.4295541,3.0336819,0.54937214
123134.43,-2.456695,1.8871624,-0.8760018
133647.95,-2.9597898,0.25581932,0.7594471
130519.05,-1.9105186,2.279164,0.49043387
115096.414,-3.984216,1.2841802,0.734003
129841.125,-1.9724203,2.0586443,-1.3537095
116811.66,-1.8582668,2.8500268,0.74990946
126872.42,-2.6650708,2.1989625,0.72436357
127135.125,-1.4577891,3.0885541,-0.3765374
117605.05,0.58690065,0.35392404,-0.42671698
128306.33,-2.7431993,1.4475702,-0.71117336
129366.53,-0.26343754,2.72814,0.6640352
132938.64,-3.1756465,2.96825,0.6267226
118665.95,-1.7438501,2.3605087,-0.8847594
119957.23,1.0567695,2.9949498,-0.49479833
127485.32,0.45806697,2.988366,0.5633414
119486.195,-1.7859956,1.9569203,-0.76332617
116939.04,3.897003,1.5370581,0.63647586
126161.445,1.5119299,2.9706643,0.5509789
131076.38,-3.4501052,1.0181167,-0.59176075
116521.836,-2.8885107,1.80942,-0.41286826
130621.29,-3.430516,0.23804861,-0.31080514
130979.24,2.8035252,1.9203234,0.7539215
120075.02,-4.0151997,2.1118462,-0.31418863
118691.32,-0.29602864,1.1493348,0.6521699
130018.08,-2.0896811,1.89495,-0.4662417
127246.99,-3.5085685,2.483442,-0.39174536
115848.336,-2.8585436,2.6778862,-0.39466688
116109.14,-2.9520192,1.8860695,0.73410827
115264.85,-3.5139694,2.9238775,0.62090063
129245.086,-2.7547903,2.5918047,-0.65074265
127062.14,-2.739719,2.551542,0.6565918
115002.56,-2.4481452,2.3142955,-0.6049832
133325.98,-0.50508696,1.5627059,0.6954031
125046.89,0.8373922,1.7575319,0.87731874
116347.914,-1.1337775,0.9110507,-0.91416764
122967.79,-1.1233602,2.8732047,-0.65442675
123295.586,-1.7821705,2.4354525,0.45658025
117111.29,-1.4251474,2.9904308,-0.6202651
118101.62,-2.8009162,2.3587012,-0.60570145
131321.77,-0.4897013,3.1160102,0.7305302
130557.28,-1.4865758,3.0918832,-0.39790058
116518.8,0.012117698,1.4774649,0.82788557
129794.14,-2.7574708,0.7203718,0.5023364
128720.26,-2.923802,0.032537937,0.2735719
121963.04,-3.5516775,0.47000575,-0.44656712
115680.375,-0.058133602,0.17836362,-0.6204169
117838.29,-1.9421588,2.8683996,0.43428093
121508.89,-1.3495435,2.701357,-0.3578324
127304.1,-3.011974,1.2874919,0.7356935
128636.984,-3.112931,0.29227388,0.3515553
133281.17,-1.1357614,2.3422844,-0.54315126
125031.6,-3.224317,2.250083,0.7543376
123525.35,-2.593091,3.0495462,0.75013804
128676.62,0.75873137,0.8150511,-0.52557874
124585.78,-2.9903166,0.19967157,0.49104533
134743.92,-1.931174,2.487336,-0.62988085
116928.44,1.2200414,2.7500832,-0.5380869
118519.05,0.22702937,2.578593,-0.6183599
124049.11,-1.2399898,3.0430057,-0.89631927
116899.8,-1.6209896,3.06315,-0.5689031
127132.2,-2.1258776,2.7808704,-0.42998582
125992.63,-1.8933368,0.6193025,0.36016047
116935.99,-1.4385958,2.7687902,-0.71062523
130210.88,-2.3722234,2.551332,0.6348978
123416.68,-1.6886654,1.6658219,0.6291268
133473.0,0.6619109,2.8118525,1.0740428
126508.586,-0.35214624,1.9082019,-0.83797705
124428.91,0.8374807,2.9821348,0.4018239
117847.58,-0.66748244,2.5977333,-0.74321014
119994.74,-1.5278957,0.9535584,0.6160879
127106.305,-3.0534794,2.7331495,0.49052826
117074.18,-3.510512,1.7277238,-0.95087963
126605.52,-1.9714142,2.3181934,-0.62006634
133701.47,-1.7827582,2.4731202,-0.90431666
131798.88,-3.7461646,1.5088688,-0.57727605
133459.5,-2.3331037,2.3557382,-0.5891755
121714.0,-2.6389008,1.1709383,0.55292684
115585.55,2.4120746,0.7968778,0.66718984
128522.5,-1.5092816,1.5981259,-0.9943785
115387.22,-2.80705,3.0073411,-0.6246821
115239.85,-2.8248382,2.9461484,-0.37762868
126253.11,-1.5109663,3.1110399,0.6216179
117171.23,-3.1073503,2.913905,-0.7635399
117919.68,-1.6610883,2.9758894,0.55798554
122976.51,-2.2463188,1.8647085,-0.55218405
133192.62,2.8631263,1.0600883,0.62924325
126879.586,-2.699027,0.6642385,-0.5696915
119466.42,-0.25708783,2.1445842,-0.6762242
134512.88,-1.7587867,2.8659213,0.65073836
131535.16,-3.0030541,2.135206,-0.98507667
134076.83,-3.318747,2.1536124,0.5784975
125054.27,-2.345278,2.0510933,0.7381964
128254.59,-2.0095522,0.28218603,-0.403232
127479.42,0.5316731,3.0170267,-0.80471015
126900.625,0.9762586,2.9346745,-0.45819354
123524.03,-2.4041169,1.1647342,0.85740626
121373.375,-2.5397432,2.7567563,0.8545398
130790.43,-1.8410019,0.340088,0.6153152
118439.336,-3.1921399,1.8677934,-0.5531291
134736.97,-3.5352263,1.8572049,1.0076886
133648.08,1.2779984,2.9929142,-0.424343
130082.18,-0.60611415,2.2173598,-0.6173779
121193.47,0.037135895,1.1858914,-0.9232198
130117.86,-3.646405,2.513235,0.53699094
124726.35,0.1584677,1.7442377,0.7229385
130325.33,-0.9087527,2.255742,0.63485414
115879.4,1.6167024,2.4680789,0.87281
124193.88,-1.9672033,2.6630347,0.535048
123485.05,-1.8992773,2.5601943,0.4450635
118807.83,-3.3313863,2.443921,-0.5134781
118108.484,0.39775553,2.9181352,-0.5736571
115011.01,1.7176344,2.4643738,0.5398745
127251.58,-1.0658927,2.8834827,0.5296702
115320.63,-2.9775302,0.8247149,-0.6688871
118622.52,-2.5599442,3.0615516,0.55457866
115509.01,-2.0330179,2.8598127,-0.47190884
124820.45,-2.2044108,2.1693397,0.6416767
129972.125,1.0280465,0.39228165,-0.47639692
115971.445,3.2668188,1.1157155,-0.63254356
134747.56,0.006755253,1.7133158,-0.5621987
115904.27,1.9675516,1.7504997,-0.67311066
121647.76,1.9214505,1.9691322,-0.7272874
133786.33,-3.5471177,2.67825,-0.35566753
121706.445,0.33921072,2.237887,0.6018298
134187.53,-3.733384,0.14642036,-0.6820038
133400.42,-0.8335869,2.9673274,-0.42147103
134413.77,-1.2181896,1.0804857,0.7055947
121916.96,-2.0645063,1.8935735,0.9680687
123212.766,-2.9973352,2.779151,-1.2982265
116763.91,-3.0373785,0.42504513,-0.663423
120207.95,-3.358201,3.1402013,-0.92477304
122536.49,-1.5169284,1.0311649,0.7750359
116188.54,-1.6701201,1.9916189,0.77293205
133724.25,-3.0764031,2.5609097,0.7152149
115102.66,-2.2323546,2.833538,0.5922582
117886.46,-1.3604238,2.3056173,-0.7227552
115980.375,-1.0724103,0.34208417,0.6923051
116006.06,-3.4346213,2.4393446,-0.8312257
115724.586,-2.4055648,2.8216033,-0.33149344
130218.84,-3.1588945,2.7630353,-0.5007961
131331.06,-1.6653274,1.514381,1.0031949
116819.64,-1.3994296,2.1851003,-0.66942817
117287.73,0.28839675,0.0909746,-0.40182325
118736.16,-1.9031792,2.361566,1.2552081
131850.47,-3.433649,2.7957616,-0.6643582
116837.74,-2.3482604,1.8371354,0.87116855
130662.04,-1.2178894,1.8461612,-0.5298057
116152.54,-2.8306453,2.078341,-0.8987988
127387.57,-0.13283566,1.5580854,0.84418064
121789.836,-2.8769433,2.768272,-0.449126
121569.94,-3.808857,2.9537096,0.5672827
126185.625,-0.2827127,2.0043712,-1.2792304
132388.8,-3.6331325,1.8743751,0.61062235
122362.06,0.045125846,0.25224128,0.48770088
133752.48,-1.6259025,2.1358774,0.69057316
125969.1,-3.3240876,0.53668463,-0.6544825
118945.73,-0.5479664,2.721808,-0.7281152
118307.91,0.18581419,0.19761008,0.52400196
133706.81,4.0605655,0.09008938,-0.59912884
115506.336,2.4363844,1.0760761,0.75176984
115047.76,0.30227152,2.1069553,0.70048594
125631.266,-3.8533974,2.931292,0.6215099
116577.84,-3.280382,3.0523868,0.49449387
131402.39,-1.4391705,2.9133894,-0.42313865
128878.23,-2.8067198,2.9238672,0.9629567
115287.43,-2.1538556,2.864872,0.816114
119607.07,-3.4183815,1.046479,0.9410142
118202.56,-0.5290867,2.4961505,-0.7005179
119032.76,-2.2748303,1.690745,-0.6444655
129358.94,-3.226185,3.025372,0.431179
128047.016,-2.0221646,2.6862414,-0.75473154
124277.7,-0.5552313,1.075527,-0.7868619
119339.664,-2.1076365,1.7459873,0.7310334
126010.914,-2.0841463,1.8823513,0.79607135
119928.125,-1.0082685,2.3897781,0.70648265
126206.586,-1.9960061,2.4878635,0.6920889
128928.46,-3.50174,0.42681742,-0.61565506
120754.26,-2.9676187,2.876223,0.6053502
122236.805,-2.4020376,2.7792706,-0.54782385
125620.42,-2.1085994,3.0570393,-0.79485154
115271.38,-2.4448876,3.1300778,-0.66824466
133685.77,-1.1435137,1.2541618,-0.9210065
118527.21,-3.190378,2.8675292,0.66496086
119211.98,-1.2952442,2.5070395,0.59039617
119800.65,-2.352412,3.0361295,0.48806974
128855.39,-1.6955012,1.425481,0.877402
128332.75,-2.9260736,1.2787038,-0.81228757
130488.78,1.2334795,2.3055153,-0.666087
116713.73,-3.429765,2.0794353,0.592527
121143.82,-2.4169445,2.621038,0.6045541
134040.94,-1.1076146,0.04879439,0.50229007
116053.21,2.369694,0.029718637,0.3238091
118150.3,-1.6336838,2.7219846,0.60532826
115141.71,-2.3105805,2.7008755,0.77548945
119226.76,-3.3590574,3.0962782,-0.68420863
132376.52,-3.7929502,2.1565068,0.6272515
131969.61,-2.531221,0.73216176,-0.6330182
123513.68,-3.2032745,3.1010737,0.90280837
131580.48,-2.192213,2.7865808,0.6114604
115354.52,-1.7974408,2.6019068,-0.35341582
121422.67,-2.6118927,2.8912082,0.5893223
118350.03,-1.7309622,1.7335165,0.77435267
124823.31,-3.4414082,1.7610558,-0.5571297
115571.08,-2.7240534,1.1837467,0.7169104
126289.516,-2.8258855,1.2208071,-0.59924364
115303.375,-2.7835832,2.5816112,0.5250046
119105.63,-1.2917426,1.905062,-0.43237236
116552.26,-0.101854324,0.7596792,-0.5785251
129604.445,-0.8285272,2.0987859,-0.7873409
116990.78,-1.2977997,2.839056,-0.32569128
125808.3,-1.4315311,1.0062801,0.46703187
134073.47,-2.1975691,2.6786258,0.29374278
115226.8,0.015895322,2.7053723,0.62227297
119929.52,0.892452,2.9247272,0.30503625
125954.84,0.5805644,2.7717726,0.79548746
117430.41,0.75519705,2.7831502,-0.55707324
117139.74,-2.291658,2.812289,0.41980764
132752.19,0.8290254,1.3587555,-0.607567
128642.62,0.5775793,0.92865306,0.94547653
131401.14,-2.3968866,1.9549541,0.7659978
117338.72,-3.1886027,2.6307943,-0.5904727
118498.2,-1.297513,1.9096987,0.80272245
115344.74,-1.9678153,0.77364576,0.68956345
134698.67,-3.1986773,1.4934125,0.51143026
133628.92,-1.8928326,2.7458947,0.3862568
131675.81,-0.29382083,3.101892,-0.44382745
124876.37,-2.6870315,3.0632544,0.5824473
117769.55,1.0425591,0.9554351,-0.8339184
115248.35,-1.0253494,2.674789,-0.6178638
122985.68,-1.3270172,0.014928579,-0.34800473
132221.52,-0.24007612,2.4738917,-0.35393128
132370.33,-1.8802354,2.428987,-0.44221762
123058.41,-1.3905808,1.4431367,0.77106595
131814.77,-1.8870664,0.38473344,0.38665274
115981.664,-2.7645774,0.27317536,0.50468266
123811.586,-2.8690765,1.0485835,0.4952733
129851.9,-3.1643064,1.7091291,-0.8849947
116244.3,-1.7646463,2.9719439,-0.5427964
126335.44,-2.69859,2.3675725,-0.77726656
129935.65,-0.89512575,2.2761037,-0.6269902
120565.07,1.1871808,2.924777,0.4520238
115442.15,-1.0553491,2.9345431,0.38364244
129019.664,-1.1886497,2.8011646,-0.4493745
115797.23,2.0859852,2.2534742,-0.68562245
132140.05,-1.6046541,2.6043644,0.6344699
118332.27,0.20786157,0.60821915,-0.5012379
127749.01,-0.4506255,2.8323004,-0.45978913
118110.73,-2.3283434,0.5722119,-0.79976916
117007.93,-3.2665899,1.567911,-0.6627298
130475.93,0.0250984,2.1589491,0.52548623
117630.45,-2.0239372,1.9668837,-0.908973
126460.53,-0.66520506,2.6986768,-0.5319373
130372.72,-0.7854636,1.7557006,-0.4142974
118084.195,3.0140333,1.5877814,0.9390829
124421.9,-2.6673458,2.5304232,-0.85393083
130016.016,-0.8425604,1.5187577,0.50580454
126725.71,-1.7797083,2.4987617,-0.41322803
128246.3,-0.80657023,2.7782683,0.39174154
132604.89,-3.073991,2.5136197,0.32167718
128681.2,-3.643485,1.4408861,0.66518223
118115.2,-3.5300863,2.0900052,-0.7114594
123038.49,-3.2146685,2.9322054,0.8700129
117144.05,0.36091673,0.6498349,-0.80558413
116210.45,-4.0679073,2.5040226,-0.35827622
128602.39,0.80276734,2.8188958,0.6078271
130777.28,-2.2701838,0.7831884,-0.5882106
117390.83,-0.26491562,0.69977695,-0.59645045
116795.336,-1.5101779,2.9870517,0.6846958
117847.836,-3.0092242,3.1077747,0.51105314
121012.766,-2.5893,1.3646735,0.62219095
121096.65,-2.542688,2.3884814,0.49927723
133240.48,-3.3137767,0.20247191,-0.6696905
124306.086,-1.2989985,3.0369046,1.0414166
125798.73,2.6423864,0.06914723,0.38628983
132994.14,-0.11235011,2.982737,0.66446036
124984.086,-2.8507137,2.9578128,-0.8544851
122924.586,-2.897409,2.0486832,0.5246759
132017.55,-3.0324216,2.9783325,-0.6065997
126753.21,-3.39683,3.0404181,0.83734196
120013.375,0.32522163,1.2976041,1.3528974
118965.78,0.7044855,2.617125,-0.60476434
115924.56,-2.4217055,3.0711048,0.5072078
126443.32,-2.535688,2.3099535,-0.44241753
119716.4,-3.2342098,2.6902997,-0.46166864
132981.88,-0.70025045,1.3544301,-0.7724878
134927.95,2.345813,1.5335394,-0.5918237
120257.586,3.5062976,1.2258488,-0.90392053
115838.43,-3.2673795,1.7694663,-0.8036247
124978.02,-2.461908,2.8109524,-0.48597312
116904.44,-0.7731753,2.8133202,-0.23222229
124102.84,-2.2574782,2.6507454,0.71356344
123396.99,-3.5137334,0.2623216,-0.4155393
133688.9,-2.6864893,2.1848807,-1.307485
134132.64,0.890752,2.110483,-0.67821187
132345.83,-2.6907039,1.7979035,0.5348571
115813.17,-0.68085366,1.8001521,-0.6351444
116597.75,-2.8811603,2.5133097,0.7444295
134283.28,-1.3650652,2.1818843,1.0456002
119541.72,-1.1067884,3.06924,0.43940285
122132.72,-3.3316424,0.6059769,-0.44124112
118650.305,-4.2145667,2.3543706,-0.74163324
125395.43,-1.5998918,3.0385244,0.5483161
116427.09,-2.2307923,2.0054924,-0.50459
117835.086,-1.1156536,3.092596,-0.48298737
121420.805,1.8342155,1.9319069,0.83009475
116098.89,-3.7315197,2.53316,0.6320223
122687.766,-1.9189306,0.42710382,-0.4112775
125613.34,0.654911,2.7859585,0.21880801
121625.08,-1.0108564,1.9710965,-0.77750444
118687.9,-2.405888,2.8896427,0.8903657
123349.31,0.2742675,1.7505542,0.73726875
125806.484,-1.0842408,2.626367,0.62174344
133422.56,1.3607825,1.4371935,0.64940876
129112.27,-1.8297908,1.1655656,-0.8424511
126859.37,-2.28532,2.570077,-0.816504
129605.76,-1.5799153,2.7496345,0.43558013
118998.875,-4.3360558,2.4027715,-0.555456
122733.03,-3.0116966,1.9534049,-0.7787503
117045.26,-1.970481,0.98376215,1.1412754
129551.19,-3.6438801,2.337545,-0.526296
118872.15,-2.5236037,3.037548,0.79316694
127405.42,-3.4265811,1.1000546,0.6243039
116540.12,0.17431192,2.4162323,-0.49495518
126214.25,-2.4139462,1.3494886,0.42554003
127552.84,-1.587087,2.5613503,0.5997319
115442.05,-3.642851,1.7999598,-0.76259965
124471.55,-0.8092601,1.9923496,-0.7840499
128283.92,-1.5257164,1.8883756,-0.6084982
119225.87,-2.522537,2.6988266,-0.412915
122937.68,-1.9277233,2.9396224,0.5646537
131916.22,-3.7624073,2.5821168,0.48313257
127983.56,-4.3020253,2.6888506,-0.42212552
115298.57,-0.12665682,0.59112483,0.5808882
131530.14,-0.61152345,1.9267087,-0.7184059
116802.65,-3.2444801,1.3357285,-0.51337713
128163.21,-0.48196974,2.4853044,0.43014643
134974.42,-1.0658561,1.3829203,-0.6308139
120543.4,-0.7625196,2.6951425,-0.6798403
132060.6,-0.18138024,0.7666459,-0.5106838
125369.49,-1.0321659,3.0022123,0.34240973
120579.0,-3.014597,2.9000027,-0.49777323
119393.3,2.1038377,0.5985937,-0.6209394
117849.18,-2.9311833,3.054826,0.8488908
124155.23,-1.7206482,2.8376815,0.49177998
130144.77,-3.0877404,1.0743783,-0.6843193
120200.8,-3.6782484,2.5150585,0.4756648
130543.94,-3.1938024,2.8317287,-0.68811864
120868.87,-1.9422157,2.553419,0.45378745
126202.52,-1.6163561,3.1205845,0.6556935
124945.055,0.6262952,0.59423137,-0.73787767
130133.64,-1.8670632,2.5894825,-0.8717027
131588.73,-4.1274223,2.7279382,-0.7547606
126525.11,-1.1141541,2.6549795,0.26879567
124563.58,-1.4390626,1.1135175,0.47601622
131563.78,-3.1975272,2.4358234,0.5413863
125365.34,-2.8649795,2.9614768,0.34993997
118419.46,-2.239543,2.955957,-0.397459
120894.164,-3.4902456,2.992309,0.53743243
126826.63,-1.1997445,0.39192867,0.5244846
125633.88,0.11976122,1.6257106,0.84277177
133394.81,-1.461011,2.3549285,0.78626084
134328.33,0.7619936,0.8080427,0.7340521
125116.96,-3.147622,3.1036072,-0.7043276
127926.195,-1.3428714,2.5914316,-0.35807917
121381.84,-2.648286,2.2899077,0.5350402
116003.72,-0.37566823,3.0474513,0.56563085
130070.625,-2.8371947,0.7259041,0.61282945
116565.71,-2.5283341,0.8264694,-0.5416232
116100.05,0.13364649,1.3945628,-0.68307674
123671.27,-2.1995795,3.0407004,-0.44307208
126328.76,-1.6908503,1.887397,-0.59481865
126498.69,-0.72692263,2.064509,0.6546428
124279.52,-1.1558193,2.4997163,-0.48495388
122424.03,-0.34485003,0.12310374,-0.42068374
119078.76,-2.1921031,1.2044568,0.68680125
125902.93,-2.927035,1.5325544,-0.5898208
123392.82,-2.738908,0.6269194,0.61682665
117519.38,-2.2625728,3.0966303,-0.5080679
115225.23,-0.41581228,3.1248171,0.43019217
120029.83,-0.952507,2.9787028,0.4402525
119730.64,-3.2996817,2.264804,-0.48249808
117916.766,-2.6222854,2.6251168,-0.8057264
125237.01,-0.538167,2.0384147,0.77633876
129263.71,-3.3489869,3.0130215,-0.54549986
133534.14,-0.40408024,2.518681,0.4761838
126206.44,-4.232533,1.5800769,-0.42559633
125629.57,2.1436453,0.4397285,-0.48554555
126553.26,-2.7023785,3.1218197,0.54447836
126085.73,0.93005514,3.032271,0.35618898
121442.9,-1.6193825,2.0162666,-0.7104805
131862.11,-2.1744487,1.918234,-0.6783013
116653.75,0.667663,1.6545777,1.0024797
116872.67,-0.7240627,2.3056266,0.53310895
118782.484,-2.1252937,2.940273,0.63461715
131995.05,-2.1194856,2.4777222,1.1007329
117779.96,-1.6332649,2.841137,-0.48684037
126191.83,-3.6420949,0.14153826,-0.29377973
131885.12,-1.1530977,1.3371537,-0.687507
123255.164,-1.5054841,0.37907088,-0.91317266
134442.28,-1.819524,1.1477498,-0.41218758
133625.53,-2.8037844,2.6734688,-0.92373717
134975.66,-1.3733946,0.9679986,-0.5310509
117090.516,-1.536333,0.105793595,-0.26469603
116532.18,-1.2971401,3.0571082,-0.706769
116827.99,-2.187433,3.0478816,-0.6111938
124606.04,-2.0705686,2.6613283,-0.49688962
132342.86,0.67407614,0.95659107,0.6844425
115360.3,-4.094177,2.4303064,-0.48237172
127055.91,2.3015559,0.6496289,-0.5030018
117159.16,-0.9407254,1.9782996,0.50704885
122632.1,0.65479004,1.7536411,0.6153354
115118.25,0.94806397,2.9140182,0.6576338
134905.97,-2.376612,2.345446,-0.64955485
131206.0,-2.0101638,0.6700808,-0.82562035
116029.96,-2.2916777,2.9856343,-0.5962767
124486.75,-2.655548,1.9253576,0.5459882
124362.0,-4.504351,2.5565004,-0.4272397
123499.7,-2.9037986,2.8458734,0.51095384
127906.09,-2.2715986,2.7715986,-1.1638466
127316.32,-1.3367151,0.68079305,0.5148073
119265.12,-2.5820587,2.7993946,-0.5580996
128907.22,-3.2491343,3.0699506,0.6653803
120786.84,0.069114,0.95308256,-0.24355836
125445.52,-3.5337474,2.542051,0.7100902
115789.63,-3.6348171,2.2182367,-0.56975603
130631.31,-3.8172262,2.541778,0.46247327
133966.03,0.7941656,0.8006822,-0.5664372
126959.4,3.321057,1.574575,1.0449868
132870.64,-2.9648168,0.27743196,-0.6110068
133305.77,-0.6747464,2.9112003,-0.6461709
121554.37,-2.094142,2.309095,-0.2772662
119086.375,-1.7383868,2.9046376,-0.6540338
121585.1,-0.718158,1.141384,-0.66358197
118725.914,-2.6454504,2.323061,-0.73300034
131791.05,-3.2807038,1.2958847,0.826154
115841.47,-4.0052867,3.1062896,-0.83108735
127894.336,0.51949465,0.9977642,0.5877189
131946.34,1.3354868,1.0261312,0.68973434
120314.21,1.0430738,1.5066494,0.62630516
130122.73,3.1170902,1.8999588,-0.67345506
124471.18,-1.9846114,1.9410692,-0.76065254
132306.73,-2.2672164,2.6629233,-0.44413677
126016.98,-1.7494138,0.9778509,-0.55988795
128102.21,-1.4526962,0.86854535,-0.6298089
126735.55,-0.48914373,1.5360501,-0.65338814
116042.25,-2.213221,2.9092078,0.658746
123882.94,-2.5697527,2.2615283,0.6955661
128122.91,-0.43281054,0.5781046,0.5080154
117131.234,-3.1833062,2.406158,0.3724098
134833.73,-1.8092576,2.955624,0.50183797
133414.94,-2.4186203,1.1942111,-0.6035675
130255.914,-3.035283,0.1285975,-0.1388573
127008.46,-0.43530515,2.6164951,-0.5734257
131695.92,-2.6069214,2.9840472,0.31367472
130244.92,-0.8200025,2.3764024,0.84537745
133153.58,-2.6151414,1.8494439,0.6344432
123091.58,-2.7648926,2.8352563,0.3914534
126982.1,-1.8233824,2.7876494,0.9596685
123559.09,-0.0048873452,2.3755093,0.66177315
128467.0,-1.1999223,0.29198074,-0.58135784
124029.04,0.91732293,0.12410486,0.44354418
128823.07,-1.0745292,2.864368,-0.30366898
132074.33,-2.63833,1.2431586,-0.46758577
118436.39,-1.7474985,1.491543,-0.97813845
120415.164,-0.8372531,0.4708444,0.55757916
120849.41,-0.5262143,2.273178,-0.74004227
129335.51,-2.2110214,2.2458043,0.5981072
126083.5,0.34889594,1.6044263,-0.6480643
127447.914,-1.4017076,1.1678298,-0.30453908
118819.11,-0.1017558,2.4095328,0.8103916
133182.75,-0.4678556,2.790661,-0.4091071
119258.984,-2.4311798,0.940942,0.4854443
122009.83,-2.8571057,1.463232,-0.73482513
126512.71,1.16504,0.61256975,-0.6296134
117774.58,-3.1575918,3.1215837,-0.6982192
125787.87,-3.4836154,2.9211245,0.51763356
132074.39,-1.2125849,2.6401775,0.6622926
118783.7,1.0889661,1.4947485,-0.71173054
128912.82,-1.051409,0.91555315,0.53010947
119156.82,1.0158207,2.497141,-0.6605044
129022.445,-2.5698707,3.0289645,0.40457562
122157.82,-3.0108936,1.6700318,-0.99473464
129004.6,1.6933768,2.1485443,0.6285053
115102.07,-2.5714087,2.1493318,0.5583181
119561.95,0.51271045,1.3591564,-0.78431374
132389.11,-3.191571,1.4651124,-0.6300374
115447.4,-1.631363,2.5354404,-0.7933414
118179.99,-0.90042764,3.0383298,-0.48768157
128684.6,-0.13602932,0.47747946,0.66914046
134078.58,2.2943108,3.0241418,-0.60836834
120081.31,-1.4800354,0.30314413,-0.57171017
121848.87,0.7730176,1.5459157,0.7840891
130150.766,-0.91239154,2.1354382,0.66987276
130917.17,-2.750567,2.0735676,-0.4580049
129676.55,-2.3027875,1.6187081,0.4388348
134422.53,-3.9875033,2.8193345,0.5245462
124278.52,-0.58863336,2.081246,1.2479569
130379.18,-2.0154989,0.044258937,-0.6117673
123027.69,1.0618738,2.4741683,-0.8296557
133237.61,-2.2161477,0.817847,-0.7842461
126805.95,-1.9439964,2.4367604,-0.7009376
128389.04,-1.9116317,0.42181897,-0.69480306
133083.3,-0.8589574,0.6845096,-1.1991394
126570.37,0.32284814,2.157328,-0.49716836
134101.66,-1.8875045,1.9233849,-0.68232405
119803.766,-1.4364474,1.073889,0.6052519
118378.37,-0.030707706,3.0726633,0.6130482
128698.46,-1.6307298,2.4470448,0.5968212
131415.31,-2.9413562,1.6884539,0.36107284
121709.664,-3.02882,2.9341493,-0.4898641
124702.58,-1.7427435,1.714204,-0.91843545
131249.44,-2.7229168,2.6654053,0.7060724
116767.89,-2.5743256,3.0144124,-0.67421645
132000.27,0.6818938,2.3989491,0.40408185
132332.88,1.091853,2.617532,0.7458065
115198.86,-1.7736695,2.3627577,1.0471653
126779.734,-2.5755205,3.0527675,-0.54763603
130481.836,-2.0283592,2.7929716,-0.6074277
129812.22,-1.3967957,3.1163692,0.7011274
119391.5,1.2421353,2.785321,0.4538964
118085.41,-0.7035506,1.9906175,-0.93803763
117935.9,-4.0989637,2.5080767,-0.9429677
133958.28,-2.8309975,0.52159065,-0.4270269
115498.86,0.49384302,3.1182523,-0.58686495
122973.63,-3.6361637,0.75424516,0.63074577
115305.04,0.17195626,2.7966821,-0.33548686
122042.6,-3.1086748,1.8242954,-0.661736
121608.28,-3.9526048,2.684379,0.43696696
120404.34,-3.2084036,2.9496422,-0.4107911
132718.56,-2.675695,1.6364238,0.71866256
116009.84,-0.54800236,3.1003757,-0.42512983
124941.91,-3.4461339,3.0735955,-0.13028665
120409.35,-3.1548123,1.254327,0.49206227
126831.01,-2.4028733,1.68673,-0.7928028
115168.664,-2.924533,1.5362833,-0.6713596
117773.76,-2.4935186,2.659845,0.37067685
130418.26,0.44515526,1.4447572,0.6269625
124660.99,0.6483025,1.138791,-0.7961741
130489.49,0.39311907,2.882356,0.3857914
121629.39,-1.395344,2.0069506,1.0639988
115694.03,-0.7400207,1.481671,0.52497655
133079.55,-2.709667,3.005419,0.55527365
131076.52,-0.813148,2.8234093,-0.391072
132264.19,-0.78332317,2.1374133,-0.84390235
116669.71,-1.6725895,2.3100173,-0.62949544
117308.77,-2.5971735,0.26780742,0.52692926
117025.586,-3.0661697,1.716764,-0.8782249
123708.766,-2.8929932,2.481562,0.6345754
128911.016,-3.2752974,2.8084183,-0.63028127
123765.195,-2.9166658,1.7031451,0.64559275
121234.88,-3.5386684,2.128273,-0.8699423
118816.984,-2.0470934,3.1408978,-0.47802383
124376.31,-3.5113635,0.4885466,-0.56236297
118547.664,-0.30745068,2.8738863,0.4407847
122347.12,-2.6777437,2.3653605,-0.71899813
124037.1,-0.2936088,2.899136,-0.37399516
128800.086,-2.3339744,2.5711133,-0.35949522
124424.73,-0.5387586,2.7285788,0.8024059
115386.9,-0.76413876,2.75809,-0.37451792
115051.08,-2.1955762,2.8785403,0.66088283
115384.46,-1.1458282,0.84811586,0.5411562
128035.61,-3.754645,0.22790575,-0.39232323
121003.46,-1.6317326,0.54641855,-0.6833317
130586.37,-3.7060316,0.793875,-0.8434423
123264.94,-0.23363388,2.562706,-0.64545166
126258.33,1.6324675,1.9270396,0.71939486
115643.18,1.0341283,2.6413882,-0.5633336
119887.64,1.2996594,0.025542408,-0.39187327
130100.9,-1.6884617,2.4615412,0.79301447
125370.39,-3.3336997,0.56727195,-0.5176472
119126.61,-2.613266,2.249703,-1.1206391
121801.12,-0.7447971,2.0565948,0.5177632
117103.875,3.0887678,0.59190315,-0.5734479
132938.44,-3.7712147,0.66796106,0.47789842
123773.35,-1.7245504,0.464432,0.5766279
131757.48,0.06446626,2.1430073,-0.7350754
132039.05,-2.5877051,0.060345173,-0.41723764
117154.82,-2.8477764,0.9504683,-0.38652778
125449.43,-3.4873855,2.5922182,-0.19417286
125329.336,-1.2153629,2.4930909,-0.59336776
116915.69,0.39152783,2.223688,-0.54919815
115693.21,-2.299809,2.1236222,0.61717886
120107.5,-1.9089122,2.9747407,0.5143124
134590.27,-3.1227994,3.0910916,-1.0408657
123574.19,-3.250922,1.9121878,-0.64968395
130636.164,-2.678982,0.24466693,-0.6667535
134398.77,-2.655487,1.7547828,0.7477608
123260.01,-2.8670459,2.8565598,1.0071326
119236.13,-2.2991478,0.21425533,-0.44656086
124747.74,-2.5698059,2.5091317,0.63719803
119678.016,-2.155501,2.6644847,0.49834797
130411.65,-2.5676358,2.8617387,0.3884392
122698.414,-2.8985376,2.9859357,0.5417221
121040.13,-2.1120787,0.80569446,0.64612997
115521.1,-2.058005,2.9646091,-0.34455943
134462.39,-3.5283358,2.4974394,0.70932573
120727.37,-1.5673801,2.8878362,0.66405225
126114.41,-2.8762739,3.084333,0.4340243
123365.7,0.7535615,2.7661314,0.4637727
126338.56,-0.39232317,3.0060084,-0.55244493
126253.41,-2.8964715,0.82378435,0.36208698
125444.555,-3.279813,0.8065654,-0.32218468
122600.234,-0.6184524,2.934586,0.6136487
126509.23,-1.6436864,0.52203494,0.5781194
130068.11,-1.80866,1.6626083,-0.85455996
128557.34,-0.82578695,3.0331476,-0.7077036
130339.33,-3.0687685,0.4869093,0.72855633
121512.695,-1.1893271,2.2094996,-0.8190805
129715.61,-1.0377549,2.8376718,-0.65598047
129009.305,-0.86090225,2.657896,-0.38030145
119779.27,-2.1465664,2.784819,-0.8314411
125766.984,0.067614466,2.5870593,-0.60732317
117980.23,-0.7971672,1.4579209,0.5718168
125231.37,0.09063387,1.7508271,0.62258893
126141.125,-2.037575,1.6877558,-0.6564124
126723.055,-1.5255426,1.3948667,-0.6620797
116233.73,-1.5890273,1.6511554,-0.88673145
134986.14,-3.8233402,2.737294,-0.32689476
127979.07,-2.282221,3.1388128,0.47649172
124603.17,-2.6835577,3.107533,-1.0613308
116368.89,1.6099702,2.8143144,0.6161872
133441.1,-2.631208,3.101471,-0.35245794
126830.46,-2.3137655,2.693315,0.45999268
126293.59,-3.0744581,1.1293384,0.53736705
121311.086,0.16947056,2.9798422,0.479901
123021.21,-2.4985423,3.1355774,0.44278815
130240.94,-2.8784056,1.2293968,0.492957
121785.79,-3.4290192,3.1170707,-0.43392077
134474.08,-3.1376526,0.23371601,0.54395217
122578.22,-2.9902875,3.014399,-0.49109042
124930.39,-3.882641,2.2943578,-0.1322491
130064.36,-1.7486348,2.6499012,-0.60117185
119116.08,-3.1719518,0.36567461,0.6757144
129641.375,-3.6314895,1.624994,0.5681977
123439.93,-2.9587343,3.1013072,0.5703035
125847.984,-1.8115976,0.19187403,0.6180965
128062.08,-2.4847178,2.1008742,-1.0202711
118682.305,-2.8274024,1.7969327,-0.5126032
130592.26,-0.86042124,1.783113,-0.773992
130289.91,-1.8054008,1.9495206,-0.81292516
133289.16,-1.5832723,2.9809098,-0.54570824
115547.734,-3.4169621,2.9267259,-0.85020137
129433.73,-3.535995,0.59650207,-0.5266679
133063.64,-3.45942,2.9481115,-0.74614185
131102.53,-1.0335116,2.6940312,0.6356303
121753.55,-3.1190388,2.159714,-0.5828762
127135.484,-2.888026,2.5305223,0.8589649
119447.13,-2.013021,2.6357644,-0.6160541
126838.34,-1.1259794,1.3049144,1.0804561
122933.49,-1.9481518,2.8724396,0.5726396
121474.75,-1.7232314,2.7644386,-0.70085776
129841.414,-2.688998,2.4170625,0.69165254
134512.39,-3.5649464,0.42437387,-0.49325243
134047.16,-1.077807,3.0948458,-0.3544101
117953.445,-1.6538965,1.6184218,0.80666864
120573.5,0.2248664,1.6376351,0.6929899
129926.92,-1.8413329,2.1448648,-0.579123
127227.555,-3.3883653,1.8114549,0.65446764
127126.1,-0.8507037,0.12843657,0.45078194
118893.98,-3.1601748,0.78936553,-0.31209263
115379.234,-3.7011077,0.8372476,0.5614968
120197.51,0.15383108,0.42838693,-0.52929384
120455.695,-0.5239564,0.99760085,-0.7568369
121160.77,-3.7163472,3.0593793,0.3139383
126311.93,1.3185877,2.9769244,0.62059146
132785.83,-2.5417717,3.084223,-0.5150382
123109.69,-3.3373225,2.6492674,0.46696144
120077.97,-2.354107,1.7353615,-0.8937543
117409.875,-3.6974282,1.9014378,-0.12088867
130673.16,-3.5893724,2.9928901,0.6972124
130365.01,-2.4369514,2.6665192,-0.891332
125254.51,-1.1838404,2.731637,-0.641851
133265.67,-2.4894142,2.9580777,-0.36184907
132812.06,0.17948547,2.0481415,-0.969963
129305.53,-1.3271959,2.2304592,-0.5740559
126217.3,-2.79335,1.9515393,-0.41699386
127805.64,-3.9197156,0.55261254,-0.5097724
122717.21,-1.5009376,0.52389634,1.0517521
130331.65,0.5151807,1.0602134,-0.84055513
122348.91,-2.1471958,2.3414176,-0.8987015
124559.805,-1.211431,2.3987987,0.47702053
116291.02,-3.0840943,3.1381695,0.76945984
123889.35,-2.2175777,1.6670603,-0.7389854
121599.375,-3.65109,3.1387014,-0.42395687
121179.73,-2.2065825,0.9042776,0.67475086
133880.5,-3.989703,2.6445885,0.45736083
129460.016,-3.0829866,1.9060469,0.9274891
126475.65,-3.1219127,2.8857534,-0.9909799
130972.33,-0.126523,1.2119368,0.8055104
115103.74,1.1535423,1.6196966,-0.5842698
126745.586,-3.1202831,2.502691,0.912735
131093.12,-1.6343366,0.6698694,0.5524598
120754.42,-1.6539348,0.95080596,-0.6302952
123478.71,-3.9689884,3.0758533,-0.74288565
115653.016,1.5692171,2.6317387,0.42956552
117866.25,-3.6590102,2.0053759,0.6357031
128189.0,-0.035820924,2.2149615,-0.78550035
118895.72,0.28876093,2.8256593,0.8496354
123058.71,-2.9911847,0.2217108,-0.4875862
123747.21,-1.6465194,2.6351461,-0.6345628
123416.12,-2.9469535,3.005705,0.8997654
128681.16,-1.0420105,1.3855022,-0.74804956
131647.92,-0.10541736,2.897924,-0.4545704
122286.75,0.10392681,1.584079,0.6742718
133921.92,-2.528984,2.7662213,-0.81064725
116939.56,-1.0988377,2.847895,-0.42465854
119704.1,-2.016439,3.136958,-0.6994438
117063.62,-0.33862033,0.46319628,-0.6772428
119977.35,-2.4415097,2.3167393,0.56867033
125210.87,-3.0712507,2.4110627,0.81280947
134192.12,-2.6623254,1.5744169,-1.2648824
115753.8,-4.0137086,1.240707,0.52046174
128786.1,-3.0721452,2.9319487,0.56021893
120499.55,-1.3125746,2.581678,-0.7480665
131858.77,-1.7946718,1.3297924,0.53694004
134000.3,-4.1690397,2.5244558,-0.46158615
119158.086,-3.4915442,1.6867054,0.668296
126801.91,1.5734615,1.1364993,0.6185213
126476.69,-3.2214496,3.0278234,0.6052252
120889.43,0.25726467,2.7680016,-0.59716773
125950.586,-1.8140746,0.0032055378,-0.39927757
116004.17,-2.5814211,2.5171936,-0.7517241
117059.125,-0.85594136,0.4219437,-0.7071194
125314.17,-0.0073710475,1.61481,-0.67713195
131949.42,-1.8329605,0.33068776,-0.4530204
118833.41,0.3399767,1.9764217,0.70007306
133593.28,-1.2447497,2.5930138,0.35907462
115088.84,-0.92781657,2.1938066,0.5895159
122349.95,0.44808626,3.0685709,0.5250674
115783.01,-2.7199192,2.2078075,-0.64825064
132762.11,-0.6245899,3.12733,0.32068682
124879.63,-2.0442495,1.2810321,-0.81596065
130288.44,-1.3701761,1.6981691,0.70104873
117233.99,-3.5695493,0.656342,0.8986097
132582.38,0.4470073,1.5934932,0.71260387
120983.71,-0.5041843,1.7721566,-0.757508
122765.81,-0.19970635,0.8008006,0.33046898
123236.22,1.7493154,0.44568765,-0.55522037
129390.17,0.7664394,2.5378284,-0.7587456
117113.7,-3.3534422,0.6737362,0.5586495
129284.95,-1.303065,2.016996,-0.5838552
118422.17,-2.730594,0.30074495,0.4553947
130238.67,-3.3717372,2.29653,0.41944826
129079.51,0.49529552,0.5633348,0.5593867
119465.32,-2.5012035,1.404234,-0.6703703
118099.414,-2.9899726,0.18628383,-0.33278093
119462.64,-3.9072292,0.29881912,-0.6226844
123842.516,-1.6843946,2.902224,-0.89173794
115160.2,-2.1302564,1.5456833,0.7080362
117014.914,-1.2103856,2.4235804,1.1723584
119678.266,-0.6904739,2.7282298,-0.6960386
134555.22,-1.7525662,0.038057804,0.689834
128220.414,-2.6732273,0.5816322,-0.76716685
125885.29,-1.0824336,1.0525873,0.50444573
117786.84,-2.6381774,2.637394,0.51286787
131637.25,-3.535125,0.10196972,-0.64407927
116116.78,-0.26058087,1.9435668,0.74561024
120643.45,-1.5428236,2.2860293,-0.8286254
116045.04,-2.2848473,2.4101067,0.34418243
117555.94,3.3269444,0.40457392,0.4905726
121272.17,-3.2513514,2.2970812,0.44438627
128420.17,-1.8024211,2.011711,0.616097
117096.92,-3.257686,2.5363352,1.0483905
124969.55,-2.0471294,2.9119084,-0.57086873
122998.43,-1.3573517,1.965615,-0.72439706
128143.07,-2.349434,0.40908194,-0.50575036
122240.95,-3.7759178,1.0958816,0.5460269
129943.16,-1.4780421,2.1235456,-0.6476218
116846.77,-3.5585036,2.958812,-0.5575725
118222.95,-2.087567,2.6238208,-0.523339
131689.39,-2.7741458,0.54950225,-0.47248438
119480.65,-3.1008806,2.7605205,-0.8752355
118548.83,0.014852424,3.1183848,0.3670258
122777.26,-1.0265411,3.0351524,0.3136812
115596.89,-3.6295853,3.0438297,0.5097675
115903.484,-0.6127824,0.8333583,-0.5023635
118576.76,0.7644102,2.5694442,-0.8529474
120065.48,0.6352002,2.8563008,0.42848712
129232.16,-3.8617914,2.6356974,-0.68874276
122594.03,-2.9971974,1.1521012,-0.6990352
119964.49,-2.9436367,0.6726377,-0.64432734
120457.77,-2.809653,3.0701225,-0.74168336
127686.94,-3.7956793,1.192328,0.6162576
121527.734,-1.0339109,1.3844988,0.7722337
116427.086,1.4224979,1.9213512,-0.8368493
129840.805,-3.4092472,0.5090451,0.55072606
133700.9,-0.015535241,0.7183904,-0.5976273
130951.13,-2.5880313,1.3715067,0.39595327
131050.2,-1.8172464,1.5672998,-1.0272408
125647.11,-1.899539,2.4554312,-0.75999933
121866.766,-1.6621219,2.8090358,-0.79083604
127505.24,-0.9619377,1.6993219,-0.6355665
119296.98,-3.1076221,0.45985413,-0.63994986
122766.45,-1.6795634,3.051632,-0.49503508
125679.31,-3.3723333,0.18507731,0.6187931
115551.63,1.2647644,2.4644547,0.52835035
127089.21,-1.6087123,2.7307723,0.4646434
125972.76,-2.6629405,2.6071496,-0.72546995
115888.93,3.2250977,1.8784965,-0.5657941
129288.56,-2.424758,1.809783,0.7402074
132490.61,0.211129,2.706635,0.6305438
120526.13,-3.5712695,1.0895375,0.61788225
123725.54,-3.2381551,3.119871,0.55533594
130910.12,-2.7153835,2.966139,0.38095102
124928.48,-2.94409,2.2880635,-0.5820428
124240.62,-0.784249,1.1983799,-0.53593105
125454.4,1.3725277,1.9879066,0.7263451
128990.3,-3.5842857,3.0032556,-0.37673458
133676.36,-1.3745401,2.4949791,0.54122645
118204.01,-2.7767842,2.60139,-0.56840485
134811.19,-2.6064048,2.5429828,0.6766806
124672.18,-2.3266737,2.1514812,-0.9359655
132307.14,-1.0383404,2.904757,0.3492526
125504.7,-2.499977,2.2712967,-0.6852752
128574.305,1.1474987,2.7975953,0.4506392
126951.266,0.4389855,2.41946,-0.5329873
122065.664,-0.86071223,2.478904,-0.6493347
119333.984,-1.1107442,2.4760256,-0.7516936
123943.125,-0.68020374,2.79991,0.5659307
134170.89,-1.2562847,3.074698,0.25446588
119222.5,-2.6845613,2.958057,0.29941326
124137.62,-2.709044,0.86434,0.6487111
127629.016,-4.1054206,0.9532174,-0.7383669
128408.35,0.9455059,1.5755363,0.663179
132116.77,-3.0891714,2.3253615,-0.5721442
122552.48,-2.0614047,2.6270475,-0.6080208
118632.14,-0.3322626,3.082271,0.2870716
123021.555,-1.0770313,2.9871378,0.9778738
120462.69,0.40448514,3.0015407,0.56103045
123252.07,0.09094968,3.017989,0.4240758
126281.74,0.41523963,3.1336422,-0.38056123
120769.11,-2.238186,1.7872328,-0.7369226
119542.51,-3.5040734,2.2910056,0.60763067
116556.27,-2.7520096,0.495561,0.39727074
119696.63,1.290175,2.861124,-0.5369199
117622.83,-1.0473719,2.4249976,0.61024433
120322.7,-2.4847038,0.34821695,0.52964205
121395.22,-1.7568853,2.0994675,-0.3711253
118853.47,-1.3933519,2.8798919,0.5620083
133750.7,-3.313369,0.8579646,0.6980806
118683.91,-3.378893,1.9726686,-0.5504053
121726.37,-2.517142,1.1888481,0.55663806
133675.47,0.3953614,1.8195676,0.5955389
121358.21,-3.1714742,0.187529,0.42000467
120467.21,-1.040322,1.7525651,-0.5905563
120681.22,-3.2502208,0.40369236,-0.5998332
124612.164,-2.3950746,0.0056816936,0.3353246
115366.85,1.7193812,2.2199755,-0.67769384
128137.195,0.122648485,1.8736011,0.76073027
121285.41,-1.8878032,2.298951,0.8090196
121438.44,-1.040699,1.1317741,-0.6728306
127858.76,-0.18324497,2.695119,-0.6269031
132941.25,-0.6197135,2.1800358,0.77409625
116969.4,-2.8282044,2.163322,-0.3559962
129967.05,-1.8101172,2.850136,-0.54870325
116458.34,-1.0998788,3.124006,-0.85137314
124199.85,-0.7166233,1.5649104,-0.74633133
120996.25,-1.9261429,0.44891548,0.6101535
128928.46,-0.6888362,2.3155031,-0.61857086
126875.57,0.46184215,2.5235605,0.7398118
125693.07,-1.2431426,2.377205,-0.67017907
123472.64,-1.7913892,1.9683436,0.72150373
125823.14,-1.3541538,2.9970126,-0.4840629
132018.97,-1.9928447,2.620238,-0.6946265
134629.31,-3.725101,0.12235105,0.5585897
130884.586,-1.999239,0.46291995,-0.5277323
123323.164,-3.459878,0.87842894,-0.6562412
128382.8,-3.1726875,3.131803,-0.8687749
120932.375,-2.1765225,2.0197883,-0.7269573
117507.47,-2.7758503,2.7992053,0.6056219
117304.61,-3.0510292,2.6009789,-0.32327726
121321.63,-2.0378976,2.6186028,0.60283023
132190.34,0.033493493,0.8095132,-0.530085
126325.42,1.0421861,0.04381311,0.3859555
128498.13,-2.830783,0.875808,0.5103623
116420.68,-2.0943723,2.812593,-0.6947398
132769.95,-1.4556521,2.4544437,-1.0087523
119176.03,-2.0011952,3.0354779,-0.58627623
125952.91,-1.3801948,2.9228067,0.54940134
130807.99,-1.6536562,2.8408167,0.5998852
121594.57,-1.830393,2.6760921,0.75212824
121714.945,-1.7943398,1.9306096,0.3551313
129979.57,0.47204176,2.608683,0.8184979
117153.62,0.292544,1.7700118,0.65980715
125329.35,-2.9341311,0.5193707,-0.43038082
121750.195,4.177404,2.2358608,-0.57465404
132032.83,-2.9550211,2.4169745,-0.5832589
128909.57,-0.6712262,2.8213487,-0.6904031
133702.33,1.315766,2.507051,0.5270333
123852.3,-2.8559976,1.6456617,0.71571445
125994.52,3.566601,2.1089287,0.8760651
122518.266,2.5284302,1.8651389,-0.523209
121310.086,-3.2979422,1.2006142,0.6224208
118525.47,-2.9289155,2.4411154,0.492555
133816.6,0.56115186,2.8213787,0.18271689
126473.695,-1.4557439,0.10590625,-0.3983395
123595.84,-2.733496,1.1040497,0.44252998
134273.38,-0.30378872,1.4069241,-0.54998296
133007.45,-2.5296073,0.40974808,0.98099977
116078.14,-2.4014947,1.3855424,0.5492828
131329.38,0.61678946,2.8466017,0.35658577
119372.31,-2.4815474,1.9745097,-0.6474303
117738.85,-1.7228069,1.9983885,0.6894208
125506.58,-1.2911292,2.6266084,0.39865047
134651.5,-1.8367647,0.97094697,0.5623995
126734.414,-2.0186033,2.1206012,-0.5792997
127249.47,0.45278344,2.7430797,-0.6667141
120884.08,-0.7670211,3.0200016,0.4696376
129909.48,0.9629148,0.2721092,0.6372551
119112.46,-1.9407939,1.0477163,-0.89259124
115786.04,-2.369377,2.7494788,-0.6304625
130749.51,-2.7918494,2.4446073,0.6695584
121981.516,-1.5538435,2.6425471,0.7021424
125958.83,-3.564975,0.12714916,0.49692345
122323.055,-1.5095232,2.189703,0.68960017
132421.5,-1.2621161,1.6560907,1.3426064
115445.08,-3.231362,2.4216795,0.7128818
116485.08,-2.7505295,0.09176916,0.69389784
129773.55,-2.3862736,1.1206169,0.38133574
117705.25,-2.2940695,2.777969,0.56490666
132236.52,-2.3375926,2.2750585,0.9030668
116887.1,-2.2857969,2.2524986,0.4011462
115137.03,-4.369214,2.7494402,-0.56795645
127622.91,-1.2306362,1.0391786,0.5412949
126144.4,-1.7642499,2.5589314,-0.40125328
124827.22,-3.8139708,1.3462162,0.6673541
134309.22,-1.5782107,2.4806652,0.4851461
120893.336,-2.174915,0.537709,-0.41740182
117049.54,-1.7025703,2.1714966,0.6292529
131448.55,-1.817672,2.9860134,0.39316922
115249.19,-1.8220822,3.0579739,-0.5683662
132763.73,-0.4916172,2.7391982,0.6591707
118851.375,-0.8110212,2.7894554,0.6428341
129377.94,-3.3240473,2.3359482,0.6534297
127330.484,-1.5962439,1.1163418,0.6692938
116734.99,1.3154993,1.2376968,0.76530147
124417.61,-2.304588,2.968915,-1.2604564
131515.53,-1.251173,2.2391143,-0.8355419
132404.58,-1.2050819,2.0567977,0.25981432
122556.62,-3.3326924,2.7954586,-0.24559347
118443.57,-0.07952465,3.0311925,-0.58218235
130544.914,-2.2742379,1.3266766,0.7316143
116930.875,-3.4353027,1.0944067,-0.5585937
129814.375,-1.7960446,2.128296,-1.0504138
128905.32,-0.22744812,2.1801538,-0.71079385
131410.05,-1.0037915,2.6776304,-0.57300264
117964.1,-0.8381197,2.4117897,0.82367766
122205.1,-3.6247113,2.820441,-0.81394994
125734.59,-2.9260044,2.3726087,0.66721964
133800.4,0.45310426,1.5784814,-0.67563164
129246.266,-1.2616634,3.0303264,-0.77556115
126881.33,-1.4531444,2.5802133,-0.753495
116102.695,-2.8201451,0.46266326,-0.7899162
124374.28,-1.6190951,2.7384672,0.40410295
133687.03,-3.3888419,0.20500064,-0.57698303
123840.94,-2.2991219,2.6631513,0.63309336
121937.21,-3.1057448,2.4251761,0.61723816
132309.14,-3.0760214,2.2780967,-0.4451527
130777.33,-3.1768334,1.9211079,-0.65621823
121304.42,-1.665886,1.7285973,-0.90596783
133217.67,-3.7776382,0.4406548,0.30109006
128131.87,-1.333376,2.5678492,0.45376816
127733.15,-3.3947322,3.113831,-0.50948584
127004.02,-2.7707233,0.9074435,0.6850333
120926.36,-1.4753354,0.048595905,0.45314574
123276.7,-1.9412283,1.6892593,0.52720845
130941.47,0.9364883,1.3600922,-0.7440573
133366.94,-1.092151,2.8268974,0.75625545
130043.75,-2.6893158,0.2952416,0.5336076
133840.11,-1.6319834,2.1028962,1.240177
119138.266,-3.9323256,2.450688,-0.5066144
127846.35,-2.7700348,0.8518872,0.710813
120624.2,-1.5159662,0.22519481,0.69598424
129881.516,-1.2769334,1.8696449,-0.5652693
118153.56,-3.0148094,1.0736871,0.55042636
134527.03,-2.0462537,3.140696,0.70561284
118378.41,-3.6433291,1.8362734,-0.23411916
115022.52,-3.3726761,1.3081845,0.60361105
123508.69,-3.8860745,3.010895,0.48191234
132612.58,-2.265215,3.089875,-0.66228646
123627.94,0.98276156,2.9207911,0.4366173
115726.65,-1.6285479,1.8738155,0.5397376
121152.27,1.6133574,1.2899055,0.7286452
131583.52,-3.3349116,0.8066768,0.6225271
117029.43,-0.17030956,1.7809929,0.58247143
132220.22,1.163152,2.6390994,0.79216117
126997.01,1.0078403,2.3012912,-0.53786933
123145.05,1.9641976,2.440961,-0.7247266
120388.48,-0.837014,2.9023924,-0.720463
129998.7,-0.12909786,2.044281,0.5478539
120515.6,-3.922933,2.7199867,0.5066923
130789.44,0.39517352,0.657892,-0.48828605
115756.49,-3.2405562,1.3328856,-0.8178502
117242.62,-2.414841,1.6148025,0.9367518
125710.734,-3.4898605,1.8620871,0.8098868
132883.58,-0.8469353,0.8657582,0.5838633
116680.22,-1.8480291,2.2233253,0.6663365
120064.56,-1.9439199,2.3843114,0.7454042
119175.875,-2.3546429,2.1521478,-0.5239505
129472.99,-2.852507,2.9321876,0.6620467
127850.9,-2.2895336,1.576223,-0.5516758
133091.97,-0.053565443,2.7720256,0.33853707
126078.39,-3.3314607,2.4173136,-0.49241763
118114.64,0.5812664,2.3292224,-0.87295455
122518.57,-2.6283288,2.4631007,0.5668146
124645.734,-2.5719273,2.8891916,0.4950213
133555.3,-1.5788853,1.4269836,-0.67261297
122539.44,-3.7053516,0.43568444,0.42265168
130578.445,-2.6672392,2.3477502,1.0509058
119822.086,-1.8926755,3.1231215,-0.6945474
129401.15,0.56766915,0.6194684,-0.6265624
123979.01,-1.7176518,2.7455108,0.29180485
116869.61,-0.90431404,1.7082299,0.47017726
132879.44,-2.1386423,0.0303061,-0.47676075
120344.21,-3.2209225,0.7963786,-0.44382352
120866.516,-2.8118558,1.4758886,0.522452
132393.64,-2.8648782,0.8164923,0.49184465
117218.14,-2.7487357,1.2364165,0.78900164
128629.51,-0.9403072,0.81138444,0.5191632
129377.6,-3.7137244,1.2449898,-0.49530235
127728.234,1.1011387,0.71858656,0.82505906
126419.375,-1.3551524,1.47171,0.741226
127725.83,-2.4166274,2.9448757,-0.47295275
120104.15,-1.554883,1.7439592,0.72632855
119835.91,3.0863094,1.1234578,0.78424186
120109.76,-2.1277564,0.78410697,0.49745214
117186.65,0.31419894,3.0064702,-0.38812426
131418.64,-1.1566662,1.1729273,-0.6127592
128330.2,0.7489813,2.5548058,0.79636973
116177.51,-3.6467793,0.81056345,0.69363534
116663.26,-2.443102,0.5125443,-0.4527573
134155.0,-2.2663138,1.6496332,-0.5292437
131105.95,0.19991557,3.0502436,-0.4338504
129512.055,-1.0296923,2.5316718,1.1023692
130729.67,-3.2878876,2.7260275,-0.4992173
124206.695,-3.1953208,1.3267368,-0.4925311
123434.41,-3.388744,1.3461614,-0.9161279
127780.83,-2.9716663,1.2649245,0.7339407
117714.82,-2.4072146,1.9057027,0.8908368
116014.36,-1.23363,1.6356972,-0.8842129
129789.11,-3.37965,2.9758072,-0.59335876
120467.41,-2.4452434,2.2560897,-1.0899543
130723.195,-1.3375864,1.6979867,-0.55252415
129751.43,-1.0309429,2.8488674,0.54846984
120995.11,-1.6534169,1.304944,-0.70231205
128793.14,-3.3661692,3.12928,0.42248753
129666.18,-2.2413504,0.322989,-0.5069718
119041.664,-2.7528114,2.5633798,-0.48265785
133358.56,-1.9098344,1.8286,1.0564388
131388.6,-2.9957244,1.1253239,-0.9592073
133633.23,-3.901345,2.2677393,-0.6242557
128013.2,0.038192198,1.3839644,-0.6174845
128912.3,-2.000265,0.6940683,0.46922362
122703.04,-3.2978141,0.5693476,0.88359004
120537.84,0.28822047,2.4558923,-0.43539092
130916.2,-2.7289028,2.908919,0.8683416
116357.48,-1.9822466,2.6052907,0.6455764
120834.82,-1.3097917,1.4185172,0.7773961
122185.39,-3.3912442,2.690009,-0.56101036
118353.03,-1.9365869,2.9857204,-0.5614966
130450.66,-0.3674146,1.9997301,-0.75289917
117460.46,1.0122592,2.0868604,-0.89571613
118187.64,-2.6112852,2.7871993,-0.5216062
123695.12,-2.097583,2.4741375,-0.78510135
133120.89,-2.206152,2.79086,0.3592002
121854.664,-0.49259382,0.7709437,-0.5317276
124112.6,0.24539475,2.4157257,0.57451236
129159.56,-3.8377664,2.8873832,0.6271052
125783.125,-3.0895357,2.5318592,-0.5708202
115306.38,-3.254798,1.201024,-0.58314306
123213.26,0.7917844,1.1839339,-0.6382068
126784.64,-1.9430392,2.5544505,-0.7956996
127676.41,-0.34000832,2.6978893,-0.44489303
122537.65,-2.3414717,3.0228045,-0.5919712
117156.266,0.57404727,0.50287414,0.5302735
119580.375,0.9280078,0.59284073,-0.58741534
128175.92,-3.0829535,2.994991,-0.47782907
116766.58,-3.2998,0.79762346,-0.5381411
124486.36,-3.5324872,0.16264522,-0.56831914
133630.19,-2.6921144,3.0615387,-0.53724766
126354.56,-1.025786,2.5414298,-0.57010984
116066.81,-1.2660041,1.3879168,0.79049
128225.01,-1.6009982,3.039181,0.4128188
132318.38,-1.6191671,0.7288718,0.6743135
115949.38,-4.3606625,2.4646869,-0.48096249
130356.8,-0.0426306,3.0551436,-0.35492554
125378.53,-0.030089512,2.9774132,-0.8502456
125638.41,-3.8967824,3.026176,0.4552239
125613.12,-1.5719763,3.000933,-0.6077485
118504.664,-1.2976415,2.279006,-0.97098553
119976.42,-4.1076446,2.370044,0.38203943
129215.5,-1.3064741,2.8907797,-0.6152911
123486.2,-0.75592417,2.9457388,0.47068274
115786.0,-0.8350348,3.1059535,0.47605696
121997.12,-4.1693397,2.957005,-0.6582017
115822.62,0.4732357,2.5177927,-0.7129136
132018.05,-0.012354259,0.43491757,0.6824405
126741.07,-2.0894485,2.1258175,0.42396662
129686.63,-2.4666705,3.010128,0.6329447
122809.14,-0.8322478,2.8445597,-0.43817854
117523.31,0.24573374,2.4377646,0.561358
117192.1,-3.5888638,0.57293224,-0.5341728
115919.875,-0.9020701,3.0224144,-0.56768525
134955.02,-1.4382907,1.1553018,-0.77214473
122144.8,-2.5715666,1.3923824,0.75242627
115997.71,-2.2968986,2.9999876,-0.5769202
119887.11,-0.9012263,1.0499071,-0.61203116
120686.59,1.4029827,2.6515503,-0.87357295
123224.4,3.0993316,1.622032,0.8225785
119017.695,-2.3790946,2.5340312,-0.6725722
133470.94,-3.006804,2.973105,0.44525713
126511.016,-2.7573204,0.2576766,-0.42919657
134286.23,-2.5540955,2.5918765,-0.6106528
122944.01,-2.4361584,2.121107,1.1315686
132502.25,-1.9901707,2.1467378,0.7783796
132726.78,2.0391247,0.024146259,-0.16590582
120299.33,-0.55490184,0.11571002,0.3539742
126672.08,-2.8330915,0.7154427,0.5313505
117331.76,2.118262,1.4380184,-1.375193
116162.16,-0.14031406,2.2405655,-0.5078366
119342.21,-3.5575998,2.2268357,0.6556341
117297.05,0.05637208,2.5960276,0.56464845
121165.36,-4.0907693,1.4025543,0.4310458
124641.305,-3.115279,2.1956935,0.6315752
115120.36,-3.871473,0.46039206,0.7180852
118711.38,-0.5737885,2.1820078,-0.29405165
129525.06,-2.1597695,2.9497433,0.69793075
134935.75,-3.4798844,3.055349,-0.5651713
134444.1,0.23963086,2.8796897,-0.7904618
118316.07,-0.40308753,1.8719018,-0.56389815
122650.57,-3.4161158,0.3502905,0.5064617
120237.53,-1.7135257,1.5040388,-0.76619744
134247.8,-0.25115287,2.59782,-0.54228604
120426.24,-1.4889944,2.8807716,0.9300685
127300.59,-0.63949144,1.745156,-0.9100189
118646.93,-4.5240526,2.113097,0.74905777
129685.64,-2.6679618,1.214139,0.79605055
129216.17,-3.2051814,0.5378547,-0.47180697
123825.49,2.3828073,2.6237779,0.49559993
123158.57,-2.3397806,1.5522908,-0.45707428
133480.8,-1.3005348,2.0188518,0.71759284
129440.66,-2.6104827,2.8144355,-0.51498055
123447.99,-0.7974321,2.3601701,-0.6329276
132949.42,-0.8067326,2.4410298,0.596632
124797.8,0.16332917,2.7759702,0.3521828
122757.69,-1.124636,1.9102895,-0.44877633
128288.27,-0.40560117,2.6132555,0.6944559
130229.87,-1.3657062,1.6194193,0.52110285
132981.36,-1.4607977,3.0039895,1.1146513
115372.84,-1.2727573,2.082409,-0.64133185
116001.09,-3.1046824,0.57833505,-0.6764174
116528.35,1.3467642,1.8464174,-0.54208916
122573.7,-2.9774015,2.9919462,-0.33725148
124839.07,-2.272563,2.0474048,0.67305267
126601.01,-0.92322195,1.5230206,0.8283065
116315.5,0.26840317,1.0023171,0.677279
123627.125,-2.1829102,3.0833516,0.32709977
126052.75,-3.6885705,1.6704808,-0.5690327
128565.23,-1.5745492,2.4280047,0.81988066
119510.72,-0.6615117,2.7784016,-0.7459059
133265.1,0.36237022,3.0285444,-0.51425433
126267.945,-2.2833807,1.2729343,-0.6002794
133450.45,-3.2460623,2.2260158,-0.82967067
133194.52,-2.0857258,2.190721,-0.5866615
129237.97,-0.5211808,2.6069536,-0.8302864
131539.34,-2.310496,2.4132757,-0.6461779
121092.82,-3.5662339,2.7117088,0.4864985
123088.68,2.5915213,1.8492286,-0.7810439
123733.45,-2.7407448,2.1530185,-0.39190793
133571.36,-3.3446813,2.1381173,0.6191414
117136.875,-0.29983678,2.3934975,-0.735903
115644.17,-2.9962275,2.218375,-0.47923785
127375.65,-2.9705663,2.1830351,1.0848322
123490.945,-2.40525,2.968863,-0.35702297
134309.31,-1.2541848,1.2491804,-0.7026702
117417.85,-2.4036548,0.8479706,-0.85320204
124566.0,-1.0760735,2.6569686,0.8760681
127555.664,-1.6557931,2.7802067,0.60420597
125021.32,2.2136276,2.077845,-0.69878536
115606.016,2.8081136,2.0065246,-0.5874709
129168.984,-2.179089,1.0013876,-0.6960306
119720.6,-3.153509,2.0504184,0.7476179
115268.92,-2.9606879,1.9781172,-0.2556025
118031.125,-2.7337275,3.1383338,0.6981133
115996.07,-1.6360093,0.94193685,-0.61279845
127992.65,-1.4653535,2.693433,0.6868923
134594.56,-2.0934017,0.9518447,-0.64150554
118351.49,-1.3477191,2.018397,0.75681305
127356.23,-2.2408032,3.0307293,0.5899336
130527.016,-2.0577273,0.5651363,0.5544481
121003.64,-3.6372128,3.101554,0.4495073
131279.23,-3.3799846,2.2298903,-0.5277904
121388.28,-2.2925766,2.277627,-0.76439965
132076.25,-2.5993738,2.4377313,-0.6334537
131066.37,-1.8235922,0.5701418,-0.73934484
129554.734,-2.1938052,1.3894244,0.8483581
134609.25,-0.13887765,0.46138555,0.75249106
129550.9,-1.3548975,2.241168,0.5956244
129038.26,-2.9378173,0.86353517,-0.66287553
124891.31,-3.3041985,0.8052247,-0.42102164
125883.27,0.6565623,1.1919177,0.6149517
115690.414,2.3572223,2.40389,-0.5585904
120660.74,-1.5624015,0.19362086,0.5319573
119034.766,-2.9150763,2.3121676,0.6925698
121709.98,0.95689684,2.057577,0.84683514
132359.78,-3.60461,0.8339292,0.7136933
123931.375,-2.313336,3.0004394,0.5033231
133546.52,-0.97862536,2.9362063,0.5924133
124764.336,0.59728533,0.9777387,-0.5233167
128502.64,-1.5117185,2.951375,0.7328179
129612.734,-4.3385787,2.6523561,-0.1985023
119866.88,1.6964744,3.0352166,-0.5241854
115305.33,-2.0320396,2.0179036,-0.5352641
125562.02,-3.799023,2.3607168,-0.6558503
126505.27,0.22281657,2.6524632,-0.519012
119113.36,2.2832463,2.682231,0.5158186
116198.945,-3.0532014,3.096769,-0.41781595
120022.1,-3.4464767,2.0243287,0.341694
132257.31,-0.861684,1.5385278,0.7775796
126665.82,-2.285372,2.4282207,0.57387
130665.81,-2.287893,0.08902168,-0.3894359
119303.336,-2.9304712,2.1335053,-0.9055663
126885.53,-1.847256,2.1162014,0.64963925
119192.48,0.6862015,3.1264675,0.37835574
134902.75,-0.18004723,1.500341,-0.4968565
124202.79,-1.1492958,3.0650787,0.51081985
124616.03,-2.6664891,0.18258578,-0.40310475
122942.6,-2.6397343,0.97292817,-0.43611577
125103.48,-1.0001267,1.572214,1.3691334
120192.305,-0.45981675,0.20163715,0.49986994
130624.37,-2.732072,1.2869579,0.72269934
120967.17,0.010140566,2.9694126,-0.8392307
122634.62,-2.1636684,3.0872312,0.45466128
121489.63,-1.9273984,0.9556587,-0.73558766
118780.02,0.7805803,2.922455,-0.5464603
117965.21,-3.216798,3.0741315,-0.9470746
117738.63,-0.34875584,2.382949,0.87404203
129901.58,-1.669728,2.3113146,-0.58255786
130481.6,-0.2354778,2.5141177,-0.7906813
115073.484,-0.9374521,0.8093485,0.5116524
134780.66,-0.7424509,2.9392676,-0.473525
124789.04,-1.107869,3.1034746,-0.61480635
121008.49,0.12211519,2.9632874,-0.32500622
132227.95,-3.8684888,2.6462388,-0.4449193
132420.27,-0.58736724,1.2241367,0.6018285
120605.62,-2.2497964,0.05398822,-0.3149278
125052.4,-0.0037276398,0.6219603,-0.57213706
125021.06,0.65975714,1.6725122,-0.6258245
119196.84,-0.99528944,2.1033375,0.78182614
117319.016,-3.897191,2.038654,0.74249995
129802.99,-1.9128487,1.6820829,0.9365135
115925.32,-2.2061949,2.8270621,0.84074354
130152.88,-0.42747706,1.9293191,0.6565663
115292.46,0.94704896,0.93587494,0.8403923
127561.85,-1.0859121,1.2793279,0.67869025
115593.516,-0.7199838,2.884432,-0.53343123
120867.26,-3.7892153,2.8361833,0.5698649
131234.53,-2.4366639,0.09722072,-0.26337135
117666.87,-3.1528416,2.576701,0.57247853
116933.84,-2.7957978,1.9995463,-0.804335
129128.05,-1.8979203,2.1297257,-0.63430005
134428.33,-3.201616,0.5119426,-0.49918494
130643.1,0.66137254,2.105208,-1.0241688
116275.95,-1.8787119,3.06715,0.5992164
122546.49,-3.8830042,1.51855,0.41862294
134774.22,-3.1656413,2.7870245,0.6181031
133351.81,-0.91297734,2.9674942,-0.61951125
117770.58,0.51754403,2.749951,0.6093808
126121.39,0.5606285,2.7125566,0.617273
132363.17,-3.246021,0.21778905,1.0341026
122430.65,-2.043072,2.9659011,0.26255122
133765.19,-1.3976976,2.4101088,0.75161344
119395.26,-0.1973043,0.8637464,-0.6157635
116405.04,-0.07561097,3.097165,0.4535074
129029.08,-3.5773537,2.885312,0.7337371
124281.98,1.4814097,3.101885,0.48741522
128036.25,-3.6329997,2.282147,0.36873722
121808.75,-0.75135756,2.4699461,-0.6243751
129802.805,-2.8100083,0.052883387,0.39444253
125021.32,2.0593429,2.7417932,-0.80373156
132020.16,-3.105639,2.8875048,-0.7609747
130543.23,-2.7575676,1.8630728,-0.4279324
130434.56,-2.074423,1.736361,-0.7940258
122518.586,-2.017856,0.9250105,-0.6710696
132600.28,-2.384504,2.191069,0.4600108
120273.95,0.24584216,1.9594984,0.6831284
123228.63,-2.1081448,2.0108078,-0.8452969
131290.39,-0.64986014,2.7743425,0.66676915
122717.52,1.2014002,0.9266964,0.9675598
125067.88,-1.3227856,2.5147145,-0.40175036
122884.78,-2.7147355,1.1386701,-0.6630894
127030.85,-1.891967,1.9639183,0.55191547
132739.55,-1.7714493,0.35126114,0.60399085
124619.98,-2.0867915,2.9330227,0.7025622
128189.516,-0.15531592,2.9797995,-0.33528903
116240.69,-3.1168342,0.72207355,-0.58614326
129047.35,-0.3790646,3.1136584,-0.4929437
119187.62,-2.6211662,1.3681706,0.9156187
118238.055,-2.061234,3.0645468,-0.42549255
132969.17,-1.8872583,0.50961494,0.46378377
118301.32,-3.8509753,2.1756575,0.25782752
123316.5,-1.4976443,2.4041116,0.71127605
120971.85,-1.658302,3.0751338,0.7335927
120661.02,0.37682822,0.012331247,0.1778786
131430.22,-3.1107867,2.6934655,0.6730338
116481.75,-0.46861318,1.4121938,0.55411553
127301.87,-2.8384516,2.7754958,-0.49928203
124532.01,-2.1433308,2.8053195,-0.7225327
118857.01,0.5205732,2.7827528,-0.8121502
119491.48,-0.9312966,3.0286949,-0.44893786
121297.48,0.8965088,2.989009,-0.49706358
120714.836,-3.347295,1.6598241,0.7577635
124468.4,1.7643415,2.6247149,0.71006584
130211.445,-2.438972,2.3946228,0.46896103
117022.875,-1.4605311,2.7081714,-0.46980205
128301.12,-0.9782039,3.1361172,-0.42004424
133694.12,-0.12543818,2.2609327,-0.42582828
115407.89,-3.4596791,2.3702087,-0.34809905
119078.46,-1.2703748,1.0254238,0.3159015
116784.33,-1.6604749,2.1650043,-0.683078
125517.66,-2.8036952,3.1057446,-0.31846204
126089.17,-1.1951348,2.7240915,0.54298306
120595.445,-1.4802635,3.1297247,-0.7370291
134987.47,-2.4818952,1.5984817,0.804364
122325.15,0.1635542,3.1220727,-0.6595385
129505.03,0.22491191,2.6909823,-0.42196748
127028.39,-2.8746285,2.4076922,0.6843346
123724.54,-1.5440959,2.2564514,-0.6113105
125711.11,-1.2345078,2.4538608,-0.8232916
124864.21,-0.3212811,2.3734953,0.7396912
134956.06,1.1425656,1.6075109,0.6764035
124560.78,-0.73534924,1.0193713,0.9393155
116728.82,-2.9330401,2.629787,-0.46606258
121483.125,-3.5353434,2.6839626,-0.8046348
115528.766,-3.6521583,1.3746378,0.63489014
120115.32,-4.015926,1.8726298,0.6918187
116849.87,-2.9083896,1.3547063,-0.91888505
133551.83,-3.8106327,2.1874585,0.5186997
130377.195,2.714773,2.181559,-1.2992227
124108.43,-0.6264532,2.244865,0.94045323
116696.08,-2.5374532,2.9192047,-0.5752142
117417.5,-2.52343,1.0672907,-0.51746565
122714.71,-2.448556,2.2823825,0.7752285
121432.46,1.0275052,0.49028748,0.5810055
133852.73,-2.632505,1.8991516,-0.8550594
125697.78,0.45357266,2.0384989,0.6726838
120858.375,-2.1851823,2.6271338,1.1763387
120969.86,-2.6970534,2.9346156,0.83165824
120292.71,-2.5209112,2.351198,-0.561463
127793.56,-2.5450337,2.5102131,-0.39584357
117018.72,-1.2764305,0.6328945,-0.5447232
129438.805,0.50227296,2.5906346,0.8138825
116825.625,-2.6790845,2.9437063,0.5793321
121055.664,0.41899952,2.6316614,0.5054887
130057.72,0.12827113,2.657221,0.60250723
121659.46,-1.9910774,2.7414827,-0.66968447
126331.914,-0.4187993,2.6912796,-0.3966485
115196.664,0.44871068,2.1275132,-1.3110322
132387.94,-3.0407696,2.9090164,0.36320594
120634.234,-1.3706043,2.880576,-0.70434666
120705.49,-1.5943168,2.1481051,0.6091001
127480.45,-2.4844885,2.647312,0.6509818
132137.8,-2.667935,2.8133597,-0.51653355
122526.03,-3.0364785,0.6691836,-0.60732126
131214.19,1.0446608,0.0041720867,-0.13967772
134788.88,-2.9494958,2.3258648,0.6962382
124024.61,-3.0976303,2.8404002,-0.6690443
129934.53,-2.5571647,2.6226704,0.575839
127276.47,1.9581902,1.5389686,0.5673801
126697.54,-3.5943007,0.32387424,0.33236542
130580.59,-0.2861926,1.5628505,-0.83871984
122543.125,0.43261388,1.7111615,-0.7121181
125654.016,-0.18237537,0.38391066,-0.5888172
121427.58,1.8407468,0.19374019,0.5143377
116464.37,-3.6491947,1.5853468,-0.6550895
119879.62,-1.3619251,1.3927219,-0.66897815
117862.57,-1.187242,0.015248418,-0.426264
130539.26,-0.3822395,2.9386394,0.16716479
128602.48,-2.13989,2.2591074,-0.27109796
127760.58,-3.7190068,0.5932637,-0.29675683
121277.375,-1.7927111,0.08210969,-0.3654241
121341.516,-1.3851851,3.053351,-1.1114832
117770.94,0.58306193,2.6748042,-0.49861863
129253.98,-0.6965504,1.9124529,-0.583163
127249.23,-1.5688426,2.8550532,-0.26304632
116201.59,-3.4549458,2.2776303,-0.89239687
125515.055,-1.8395195,2.7903821,-0.3942651
121672.63,1.1174875,0.98553157,0.8499086
120251.31,-2.5853574,0.09300637,0.44823873
122474.01,-0.78312224,0.7081122,0.69306856
120034.49,0.93096846,0.59914255,0.7948727
125510.36,-0.607705,2.9779623,-0.4554585
115095.8,-1.6261605,2.9401155,0.52991545
122076.67,-1.2589734,3.1329494,0.5267402
132457.92,-0.78708553,0.19409704,-0.46739593
134283.42,-2.1296477,2.486363,-1.0301443
134242.55,-0.6302669,0.30305767,0.5062349
127739.336,-3.2069714,2.9226358,-0.5065651
120221.99,3.1842806,2.1271367,-0.652983
124872.22,-1.699162,2.9285905,-0.3447843
132386.83,-2.6110518,2.3647408,-0.83380663
133571.08,0.6454464,0.031545877,-0.29012093
134728.0,1.5940202,0.10774231,-0.5423073
120166.17,-2.1060472,0.86664134,0.5768784
120873.69,-2.221193,3.1342182,-0.62201715
124463.86,-1.7823125,3.0392466,0.55314404
129800.34,-1.4834898,0.54058886,-0.5019388
124922.24,-2.947766,2.0706367,0.53626096
119179.9,-0.93432057,2.8766088,0.54621947
126537.44,-0.42078185,0.79501915,0.7153587
132848.62,-3.9756584,1.3815655,0.52617264
115422.41,-2.687143,0.011028051,-0.41720992
118561.375,0.7460624,0.6639106,-0.6341026
120085.08,0.08468606,0.7121877,0.5714254
134914.34,0.21416707,0.15408194,-0.38452068
118139.61,1.0381653,1.9782971,-0.577728
130617.46,-0.78753185,2.58916,0.6076589
130439.1,0.3333936,1.7463949,-0.5819
118045.66,-0.6356194,1.6181644,0.7839934
124628.74,-0.28223944,2.0035217,0.62749356
134267.11,-0.38907987,2.524263,0.44415325
121854.29,-2.497818,0.52449954,-0.4591962
115184.14,-1.8175995,2.5123594,0.5353766
129866.67,-2.2037172,1.5668566,-0.5492736
126469.08,-1.7340667,3.1127963,-0.69125354
120185.48,-1.9931495,3.1215494,-0.46825948
118633.37,-2.2748027,1.8830788,-0.5995961
118456.766,-1.1520115,2.9684415,-0.37528756
124700.58,0.53329825,1.9524865,1.4740819
124189.516,-1.1844053,1.8806925,0.6738138
121571.484,-0.04830174,2.2123902,0.77675825
129917.22,1.528835,0.9955487,-0.61355853
124447.26,-0.6828137,1.103883,1.0473017
132536.4,-1.4753823,2.730993,-0.30511153
125703.125,-0.79140866,1.5193466,-0.52105343
134928.0,2.4761057,2.9891,-0.5171833
130339.72,-2.8023114,0.5637743,0.36284086
126638.914,-3.2651074,3.1206656,-0.5808068
123240.17,-2.3578076,0.68802977,-0.4788901
125853.84,-1.0848981,2.6766517,0.8934673
132211.55,-3.0205586,2.0828369,0.779044
130197.62,-3.1135185,0.797987,-0.5744192
132238.5,-2.4739456,2.1676152,0.6175722
128187.484,0.44222048,0.59090674,0.4857204
116902.73,-2.7717988,2.7135844,-0.4747814
128339.72,-2.6369677,1.4528239,-0.5052394
118281.125,-1.5408638,2.064056,0.5862071
115993.01,-2.2922947,2.544517,0.7509475
118858.06,-1.6041108,3.0993106,-0.33573285
115756.59,-0.16554528,2.871877,-0.69105804
129578.0,-1.7438868,0.3913529,1.1276528
125582.02,-0.33192688,2.9660764,-0.3413172
126333.086,-0.7762514,3.1204746,-0.40319574
115950.336,-2.5860128,0.5387769,0.6510175
121059.86,-1.4346515,2.1552258,-0.7709117
127287.57,-0.5713704,2.2481441,-0.9102639
133742.14,-2.4962583,2.7824159,-0.72303665
116870.55,-0.4873515,2.9191456,0.6774651
132135.2,-3.3581684,3.0507874,0.64196837
128176.27,-2.5332556,2.0928102,0.29462868
133748.94,-0.8691576,2.4437397,-0.72054785
132977.23,-2.324885,2.9500384,-0.4267669
115907.74,-3.4242432,2.5613606,-0.34381887
133396.62,-2.9932492,0.071026325,0.54524094
132273.47,-2.0503428,2.007408,-0.67712003
115043.05,2.4189456,0.109029055,0.39525816
124435.12,-1.8627272,2.7855,-0.32046556
123839.625,-3.0155287,2.726946,-0.33092105
130758.32,-2.997613,3.1330826,0.7397361
128177.07,-4.0638833,2.782334,0.7661159
124270.16,-2.8589942,2.93742,-0.42758355
121547.6,0.59644824,0.43289852,-0.5472903
129457.91,-3.0314536,0.5745886,0.6912894
128579.98,-4.099113,0.7261565,-0.488372
127104.73,-3.1198778,1.132704,-0.6712456
123000.07,-2.3955657,2.387775,-0.47323254
118583.055,-2.7189326,0.15732008,0.41822186
132001.78,-2.7611482,2.992092,0.69832253
130924.445,-1.1828028,0.26511645,0.52081984
125281.93,-0.5365399,2.4340427,-0.71655387
122870.37,-2.943026,1.5194829,-0.93889254
116968.945,-1.2183007,0.023222387,0.41688466
133137.33,-0.5182059,1.7732838,-0.7061149
116978.88,-1.244842,2.7647088,0.66062844
134097.9,-0.597057,2.7583609,-0.6099085
129016.336,-0.75700665,1.4769847,-0.7441624
115230.52,-2.6338468,2.603511,-0.5033298
115823.04,-0.69884354,1.9755934,0.7259011
132927.84,0.7124582,0.81846386,0.6136487
129582.414,-0.55712485,2.5041347,-0.75520766
131353.61,-3.7886703,2.963386,-0.42988992
125512.58,0.6905215,1.7706971,-0.70847815
131834.19,-3.0897925,2.1636214,-0.57402307
130930.41,-0.7890304,0.05375062,-0.5917583
122047.26,-1.5455245,2.2293766,0.6065604
115277.75,1.4523097,0.51069856,-0.7736436
123204.19,-1.6377542,1.0650495,-0.7673956
118668.78,1.5774434,2.9170394,0.31657907
120794.3,-1.5164075,2.6121833,-0.50430757
123463.22,-2.1407049,2.95619,0.35340112
119943.61,-2.694961,2.1844795,-1.1304541
117070.73,-2.7173605,0.23892796,-0.14174798
127523.31,-1.1992978,2.591598,0.7141594
115648.06,-0.5560804,2.6871727,0.6597919
125223.04,1.1708026,2.6075172,-0.48677292
123146.49,-2.3553026,2.8850574,0.5848181
116060.27,-2.710652,2.7498293,0.69948184
126820.586,-1.3776811,0.4444214,-0.54233134
134284.42,-2.5048316,2.466337,0.5542094
123494.89,-2.766341,2.3200243,0.9144963
119468.28,-3.2037568,2.4543564,-0.69090444
125008.58,-3.5788329,2.665741,0.48021144
121610.86,1.0225979,2.7187657,-1.0260574
119734.11,1.7726319,2.324307,-0.6687024
117626.31,-2.7887783,1.2980697,0.5567138
120485.13,-1.4823081,2.8029122,0.69191545
130922.98,-1.8785,2.663581,-0.38222805
122000.2,-3.9122307,1.2033929,0.5168951
122099.22,-0.17402026,2.926756,-0.75959724
124856.78,1.9774212,2.5550017,0.597319
117809.445,2.227596,2.3580284,-0.6511443
127932.875,-2.4947083,3.0411255,-0.3890489
130872.81,-0.62732077,0.9244561,-0.76048535
118644.29,-1.7007192,2.376926,0.6884335
121881.52,-1.869671,0.99261147,0.79034865
120286.46,-2.6693623,0.29038858,-0.47278428
131320.16,-0.18137039,2.6560588,-0.55061716
117040.484,-2.1173897,2.497723,0.68197453
128793.88,0.19147587,0.6138778,0.7061612
126823.21,-0.81578684,2.9820538,0.543747
123137.56,0.35880083,1.5074904,-0.69422966
119108.46,-2.828561,2.8819757,-0.375216
121517.484,-3.9062605,1.5108618,-0.2478749
119329.6,0.12355072,1.4114946,0.57276255
118748.13,-2.1753066,0.14052987,0.9837867
129006.64,-1.2224811,2.5801532,0.40489444
124316.914,-2.16942,2.0651448,0.88924354
123612.08,-3.6707728,2.8705592,-0.5384281
120357.63,-1.1436374,0.3849368,1.016372
115885.67,-1.6441419,2.0024114,0.7130697
119019.33,0.68680406,2.8788512,-0.59832555
122149.05,-3.4469125,2.791724,-0.76761204
125682.68,-2.96999,2.8842812,-0.39344406
121266.76,-3.3110983,2.60171,-0.39998466
115988.46,-3.086324,2.8598194,-0.6734196
132206.88,-1.9517162,2.930497,-0.5354824
125331.89,-3.4272578,2.4883819,-0.28162885
124541.836,-2.340331,0.6734648,-0.56618303
125735.28,-0.1583033,0.90031826,-0.774728
131067.75,-2.5355422,2.5828085,-0.8091821
129176.31,-2.7511294,0.971132,-0.3425264
121799.35,-2.7013388,1.509383,-0.75905067
128873.45,-3.2220254,2.803534,0.8047906
133337.19,-3.0584607,2.0457983,-0.4510572
122803.164,-0.67575914,2.5600893,0.5283942
115183.09,-1.9638917,3.1166914,0.37510568
124337.125,-2.2915916,0.026013613,0.4995766
132921.9,-0.8469163,1.9655132,-0.900361
118871.99,2.690194,2.7111657,-0.55787635
131901.77,-1.5774028,1.989544,-0.9611403
126710.2,1.29846,2.700591,0.87693536
122701.06,0.6816635,2.4748166,0.6782382
129127.73,-2.2996228,2.5007453,0.47030166
134970.97,-1.5382245,2.7436051,-0.5839068
128366.32,-2.6687024,1.4184674,-0.75488627
127999.64,-3.5577757,1.4969127,-0.74464107
130334.87,-2.740873,3.073546,-0.4175701
129774.64,-0.7832002,2.5402784,-0.47899908
129470.5,-1.5746956,2.6792042,-0.47987458
119187.17,-2.124873,0.83708537,0.6503627
124066.96,-1.6818106,2.7244287,-0.5080644
124127.37,-2.8866932,2.7706265,-0.6320166
122767.33,0.22760384,2.2224455,-0.7182685
124698.266,-1.6757975,2.955439,-0.5474527
131731.22,-2.9034882,1.1600974,0.56662005
126620.69,0.26161897,1.9768627,-0.55631495
120792.74,-1.626196,2.833025,-0.79360014
121059.32,-1.6652323,2.561231,0.38756546
122037.71,-2.4020905,2.4407563,-0.65232337
130967.37,-0.98622704,2.8187544,-0.5976294
125746.57,-3.4475546,0.65054315,-0.5790127
121336.15,-0.71777916,1.5014398,0.9712663
129957.01,-4.0506883,1.1404059,0.283835
126056.195,-2.200688,2.346856,1.0877626
128567.2,0.5440906,2.7169185,-0.6083622
129424.484,0.0984849,2.65035,1.1763889
117838.31,-2.7021384,2.8058567,0.31908897
118309.055,-2.4250815,3.129062,0.5340491
118594.46,-1.9129152,3.1089232,0.28902468
116261.38,-2.695418,2.6525404,-0.6295671
123700.63,-0.096043505,2.6799545,-0.50038105
115579.42,-1.9019182,1.2747748,-0.39526328
115433.984,-1.3469783,2.9813612,-0.31858715
128299.67,-2.3963857,1.1928223,0.6237876
122968.38,-2.9243512,2.3625493,0.77129704
118431.22,-2.4082932,2.8225727,-0.62496257
120093.47,-3.8789165,3.0581677,-0.5572438
119488.1,-0.689558,0.56955206,0.6296016
117578.3,-2.6632087,3.1051512,0.3136853
117308.07,-0.391432,1.6907076,-0.58056194
117926.625,-3.006754,2.5659583,-0.96586204
119608.42,-3.8888247,2.2639713,-0.46092847
126868.7,-3.2285972,2.9694324,-0.31595397
119175.31,-3.1954231,0.92391527,-0.5188937
127935.31,-3.0027,2.6457918,-0.52480197
115344.664,-0.79490286,2.9543993,-0.60265005
121781.05,-3.9140546,2.5688584,0.3214102
128408.805,0.40899825,2.1700568,1.1191406
127488.555,0.041062713,1.0749738,-0.7398721
125441.71,-2.4644551,2.8885782,-0.9642154
121569.0,-1.4541472,1.8061277,-0.7835196
133096.83,-1.3276222,2.4021475,-0.70507056
133244.89,-2.2778432,2.7481701,0.5206735
119260.03,-2.523828,3.0208402,-0.5745884
120559.06,0.19569606,0.542039,0.6352668
121017.086,-1.3675699,2.1502452,0.98186815
134276.73,-1.6102941,2.8501253,-0.61112326
134820.3,-2.3025117,0.040762663,0.56056863
126843.63,-3.9931388,2.7946377,0.40757233
123400.875,-0.6449393,1.6243691,0.53285307
123541.79,-1.1770314,0.41437942,0.22936507
123306.03,-2.073437,3.1011412,-0.6893892
123676.66,-1.3251537,1.9741278,-1.0414885
126835.78,-0.24648044,2.982823,0.27268663
127384.195,-3.5455446,2.446217,0.5210834
127142.1,-1.9712485,1.2663236,0.6029829
130672.7,-2.7145932,3.0350597,-0.63494444
124687.28,-3.4999125,2.7469068,0.48319888
130481.59,-3.7889035,0.6478258,0.07154676
120502.22,-1.7475306,3.02292,-0.6066172
115366.836,-2.6569846,1.7240705,-0.71830094
132184.67,-3.0550332,0.40954953,-0.42715102
134081.78,0.8754599,2.1043217,0.8218944
118907.23,-3.3632944,1.3160408,0.8009865
121656.42,-0.055986594,2.8450172,0.720884
134611.52,-3.0751674,2.5049107,0.98243964
116577.06,-2.5045238,0.6860211,0.32370186
122263.33,-1.6607754,2.835761,-0.34965017
123859.05,-1.8712564,0.5320427,-0.46636704
115592.54,3.377158,0.7249989,-0.71719426
118778.195,-1.5531669,1.0956142,0.65461445
129233.98,-2.0593703,1.8944895,-0.52727365
134348.97,-0.5764619,2.8692126,-0.63130796
123423.55,-0.9900634,2.8095653,-0.4592179
130275.83,0.54341054,2.241859,-0.67976534
119152.164,-1.9367054,2.94283,-0.9160118
115846.664,-3.1522212,2.6805832,-0.6101226
122217.125,-4.0430446,2.3281016,0.7467523
128541.336,-0.3721791,0.8296701,-0.5562733
132871.88,-3.5500681,2.251001,-0.736649
120299.13,-2.8190062,1.8952802,0.6917398
129972.24,1.2833965,2.7312603,-0.47788048
118024.31,0.4543048,2.7589283,0.47703895
119763.96,1.5998329,2.5049412,0.847914
123469.87,-0.9893595,3.0797386,0.8383985
125331.86,1.8312808,1.0794377,-0.602323
122183.086,-1.7349774,2.809692,-0.6743667
118178.03,-1.7664847,1.0140843,-0.9482964
125026.56,-2.1691253,1.9259673,-0.8802418
122848.15,-1.7625889,0.7124228,0.62962663
133472.53,-0.63010997,2.0426877,-0.6421801
120801.73,-0.6343608,2.9175346,-0.50072116
124308.56,-0.24256383,2.8486261,-0.604684
116470.57,-3.601936,0.63796663,-0.34619
130955.42,2.41305,2.2628722,-0.7307971
125099.62,-0.006242287,3.06686,-0.116047144
117083.57,-2.0540488,2.5343091,0.39834663
115518.09,0.40782386,0.14468127,0.8935349
129308.57,-2.6334841,0.09984988,-0.29355553
120482.15,-0.2269905,0.6364244,-0.5199419
116394.64,-2.636148,2.8809023,-0.30038387
125269.484,-0.54280055,2.831851,0.8390341
132114.23,0.40649128,2.8037682,0.6250902
116786.09,1.4062564,3.0088172,0.5482292
121470.15,-4.0198374,2.4602904,-0.426471
122965.42,2.117323,2.1057134,-0.66449296
134534.38,-0.26287717,0.4189468,0.36115247
120595.58,-2.3268645,2.1965318,-0.9560495
122345.56,-2.9126532,2.3172076,0.69879144
123849.055,2.6272821,2.238209,-0.5753502
123416.59,-2.8772478,1.133288,-0.4302247
131400.25,-3.2370539,1.1209482,-0.5454807
123187.586,-2.0302918,2.5229235,-0.7124428
120059.56,0.51531696,3.0475905,0.26361507
127567.586,-3.2547815,1.9360455,0.73559475
127812.99,-1.5023175,3.0748556,-0.545142
125945.82,3.3067226,2.9451592,-0.38489687
116333.81,-2.6200666,0.47633386,-0.537958
131969.02,0.6924583,2.7044575,0.686032
126175.36,-1.1119026,1.7520584,-0.8278514
121811.32,-0.1720137,1.6122935,0.6598442
125533.58,-1.9826769,0.19908476,0.57341397
127277.445,-1.6293025,1.3054794,-1.0591229
118815.06,0.16398816,3.0649128,-0.41316158
133087.1,-1.159128,2.7096283,0.66442204
120361.28,3.038853,1.5953745,-0.74720705
130154.55,-2.8239818,3.008873,-0.534573
127639.98,-0.475338,0.15806907,-0.45800397
134235.69,-2.0772374,0.70746064,-0.49992153
131388.69,-3.2224839,3.1321738,-0.79107136
133157.6,-2.8334832,2.632118,0.6306285
120884.88,-0.336255,2.9732378,-0.5315103
118959.195,-2.499505,0.040339112,0.65546167
122111.88,-0.59224147,1.096243,0.6791899
124760.07,-2.496147,1.4313682,-0.59289724
121244.91,3.1803143,0.035663128,0.26238877
120540.234,-3.0307598,2.8567834,0.67827475
118349.84,-1.8444088,2.8018193,0.617097
123411.266,-2.4494708,1.9978555,-0.78723204
131489.94,-1.6412425,2.6365829,1.2008816
116700.2,-2.293268,1.4572964,0.85871387
126564.14,-2.8447373,2.3803687,-0.44847512
115675.97,-3.1642752,0.7767487,0.5856158
130745.43,-0.58202225,2.3555267,0.46824166
116851.81,-3.4608576,0.23242664,0.3656932
131332.72,0.75591135,2.4152064,0.9036281
115375.35,-1.8010042,3.1353936,0.53785014
130631.164,-3.5539937,1.2770239,-0.6477974
124907.555,-3.6780055,2.9512458,-0.49080533
132415.44,-1.498576,2.5635018,-0.52402407
129454.5,-3.2278528,1.8751322,0.7860935
126561.85,2.7677574,1.7272663,-0.59305656
129493.66,-2.629802,3.0240712,0.5987669
133101.73,-0.25030702,0.7243684,0.55293083
129587.48,-2.4260912,2.8142815,-0.6911823
130144.79,-3.2312925,1.5262703,0.8728608
117699.05,-1.7088872,0.18037176,-0.60233927
124958.57,-1.1540577,0.21620536,-0.46389648
119710.41,-3.5850158,0.56083465,0.8107302
123834.28,-2.0594106,2.7319043,0.7893188
125666.06,-2.5960982,1.8791175,-0.67666626
122807.98,-0.91508573,1.7538424,-0.5394153
116507.945,-2.5784492,1.9243131,0.93837297
128074.516,-2.7849355,3.124179,-0.44666964
124701.625,-1.8437494,2.8947568,-0.5669321
131070.36,-1.2566421,1.9770058,0.6123832
129183.09,-3.1984665,0.35318935,0.4737185
123834.31,-4.2404594,0.49641097,-0.63881344
129384.12,-0.9656845,1.1100494,1.0064511
118425.734,-2.241781,2.5357375,0.86971843
128055.38,-3.5910091,0.2271353,-0.39909697
127859.68,-3.343305,2.967499,0.6349398
115240.086,-1.715085,0.07837725,-1.0392228
122478.83,-1.8906038,2.8864892,0.82126755
122342.64,-1.7237779,3.1338716,-0.6336055
127625.05,-2.2139597,0.679019,0.49906468
133995.95,-2.191021,2.8291183,-0.5341359
118661.47,-1.6145616,2.6076627,0.7479325
125235.09,-0.30512422,0.58515316,0.73845196
121143.41,-4.1895943,2.3616319,-0.9065904
124956.586,-2.0182881,1.4132557,1.0769584
130949.63,-3.1060693,1.5143814,0.7154377
121713.36,-3.0916474,2.437387,-0.5211033
121944.01,-1.2193161,2.4340305,-0.6715975
123836.44,-3.193685,2.8825684,-0.521082
117995.1,-0.81656915,1.4904253,-0.564889
122820.93,-3.384406,2.9797482,0.43446034
116593.84,2.4139266,2.8785267,-0.7505666
117703.766,0.52228785,2.9830449,0.57265997
133475.62,-2.5530007,1.1205171,1.0626067
118632.016,-2.056424,2.5672283,-1.0671428
125609.12,-4.193165,2.405754,0.47513765
133063.95,-1.9844377,1.4465263,-0.59002936
115367.53,0.1725141,2.6879365,-0.79894876
129625.83,2.7751005,0.4462715,-0.5587364
128926.71,-1.1898057,1.7225894,-0.7581211
115923.97,0.33944106,2.2256062,0.8363532
117354.54,-2.6660583,2.4942722,-0.925503
133006.56,-2.613343,2.3580415,-0.7137619
117042.36,-2.599028,2.2605522,0.7146116
122755.98,-1.151384,2.9400055,-0.8645692
122685.82,-0.7331795,2.0153172,0.80783904
133564.08,-1.2641921,2.3553262,0.5919807
118903.836,0.68614525,0.20710671,-0.3268063
116684.27,-3.5060818,1.7899404,-0.6506407
120386.28,-0.5427614,2.6377923,-0.47387016
130508.19,-1.7918515,2.674049,-0.5316542
122139.52,-3.268445,1.4193634,-0.68961453
131339.47,-2.005795,2.9764822,-0.79748064
125944.96,1.2105263,3.0385733,-0.4776436
127144.945,-1.1507447,2.0670657,-0.416957
115370.59,-2.8424604,0.060121417,-0.7490107
133080.53,-1.8131217,2.4754095,-0.34109333
115088.01,-4.3454857,0.9736465,-0.5961273
130107.195,-2.9160442,1.2281022,0.58451724
116803.195,-0.46988815,1.0184178,-0.62184507
120311.195,-0.20851955,2.7368865,-0.63023794
120918.75,-1.7080382,0.24889088,0.73055863
133936.83,-0.06416945,2.8411818,0.5271718
130746.01,-1.6672924,2.3566515,-0.40974388
131769.33,1.1808424,3.0478394,-0.568498
120952.195,-3.4103057,0.06663394,0.3859859
132275.77,-2.1238303,1.4893229,-0.94646674
116618.74,-0.5470106,2.88776,-0.6743026
123593.27,-1.9111346,1.0885047,-0.7534832
124677.555,-3.505901,1.3927284,-0.6751418
122762.19,0.4768336,0.8488182,-0.50403184
116356.37,-2.8697472,2.2084374,0.8636676
134115.05,-0.0204808,0.71963745,-0.8673622
118849.37,-2.431683,1.8172454,0.7935968
129904.85,-3.4666145,0.9339528,-0.93317163
117848.32,-2.9193366,2.019782,-0.5468611
124441.36,-0.8206379,0.48029977,-0.49337664
124643.14,-3.125972,2.0558536,-0.72528666
119108.05,-1.4733744,2.7886605,0.50848114
125541.64,-2.014221,2.3123732,-0.44178823
117000.61,-0.9420519,3.0884573,-0.5540746
125646.0,-0.35786784,0.7255831,-0.73056746
119512.984,-0.21596289,0.25998044,-0.74303967
132798.78,-3.3318937,2.3557534,0.5534976
115522.58,-0.7784432,0.53144133,0.66821426
124420.83,3.239088,2.367157,0.86138076
124607.31,-2.0788672,0.9687972,0.63457483
133088.56,-1.0984555,3.0831668,-0.49479908
124416.54,-1.0691397,2.1730745,0.75081754
130078.516,-1.0100012,2.6643953,-0.50741273
123175.336,-0.15045775,0.035354137,0.354807
121699.39,-1.906511,2.149532,0.7395285
116438.484,-3.8959527,1.3032653,0.6843147
129647.914,-1.2754527,2.3419054,0.76812947
127162.05,-3.4715571,0.67416406,0.8607854
122823.836,-2.4209013,2.2115178,0.8551636
118304.5,-1.2310255,3.0658705,-0.19595928
116299.82,1.5289906,1.5109153,-0.64020514
117523.92,0.10628625,2.949049,-0.44583845
119323.266,-4.190281,0.9590099,0.5764724
121411.43,-2.3648827,2.6515388,-0.26116598
115391.41,-2.3093646,2.5111337,-0.6914614
115819.945,-3.502774,0.27250767,-0.36519897
125960.56,-3.2972543,0.49366856,0.4003825
126912.195,-1.6088668,0.33819425,-0.5283996
116257.984,2.4217699,2.7371278,-0.59131044
130790.15,0.75737387,2.2467673,0.90571505
122936.195,-2.3007777,2.4520254,-0.71186703
123187.586,-0.05506441,1.857554,0.760257
120156.59,1.0985135,2.687678,0.6913774
121991.45,-0.8688427,1.9136057,0.8724068
134247.75,-3.127377,3.0176864,0.46368593
125600.78,-1.0127153,1.3750166,-0.71221185
119080.04,-1.1216068,2.9618018,0.32588452
120056.74,-0.28698447,0.7621336,-0.6276351
122784.27,-3.3821478,3.1028533,0.62260985
128542.98,2.4534128,2.0499482,0.7997431
130638.0,-3.4033983,3.0944605,0.6201722
121935.67,-0.40552828,0.70958287,0.5358264
125826.01,4.1110153,2.4164655,-0.7971891
119105.8,-4.084691,1.7115229,0.5967053
129895.92,-3.761598,1.1458414,0.753294
124958.39,-3.1295245,1.147785,0.78613734
133124.66,-3.7377102,2.2841408,0.5537882
126059.01,-2.9988606,2.1228263,0.5830694
120181.44,-1.7167795,2.5087125,-0.5403282
121102.35,-3.7798715,0.68498826,0.6004954
125966.35,-1.9957767,3.0412648,-0.747208
118395.0,0.009007416,2.9166374,-0.43417916
128592.19,-2.095046,0.070562005,0.57390726
134894.88,-3.05821,1.1535233,0.64574295
132375.9,-3.025429,2.9098723,0.2457616
120764.125,-1.6471794,2.0720963,0.74384654
133059.64,-1.8564754,2.9278214,0.6285888
125015.164,-0.30238378,2.7365572,0.53625435
121934.305,-3.3522968,1.9458301,-0.544372
131919.22,-1.4462907,2.802942,0.7434002
124276.77,-0.64046276,2.6960936,-0.24251993
120151.46,-1.7384806,3.0573306,0.60399663
128639.195,-1.3276317,2.8386421,0.2942286
129888.53,-2.6522381,0.21249148,-0.32912332
132801.19,-2.7963936,2.7282698,-0.6946096
128002.39,-4.4668937,1.6432921,0.34658092
128617.09,0.43396857,2.6683528,-0.57511705
118704.625,0.20674637,2.9722934,-0.5330364
124114.39,-2.230425,3.080573,-0.55709714
126905.37,-1.273112,1.2724693,0.5192998
125794.77,-2.8399348,1.9015635,0.6975426
128305.39,-2.1926167,2.2718039,-0.8642411
127884.945,-2.2520795,2.5742736,0.3171037
125751.87,-2.9831433,2.9060996,-0.4823001
120353.555,-0.46890426,2.653138,-0.70084035
117816.79,-0.75758857,2.6197257,-0.5861255
118137.72,-1.7897562,1.685186,-0.4496383
125626.0,0.9011019,3.108562,-0.72530425
120327.875,-1.8416668,2.6136982,-0.6866667
120760.97,-2.0674965,3.0903957,0.6760108
132531.19,3.0538366,2.0729501,-0.87897015
123892.836,0.94079345,0.8678521,-0.57203656
124460.266,-1.7455257,0.74703467,-0.8757525
128233.48,-2.6019511,2.0038552,0.55961466
133435.38,-2.0976458,2.5526288,0.51867294
119090.305,-3.4038131,2.840561,0.56153506
131887.22,-1.0065747,0.3746426,-0.80284715
131854.52,-3.1349123,2.3809042,0.54878604
117352.18,-1.9399797,2.6732202,-0.3535199
128204.24,0.5327303,2.5587392,0.57308775
121003.66,-2.8636644,0.18334642,-0.5003624
130567.305,3.237281,2.2400768,-0.73071223
121371.95,-1.2050766,2.8901234,-0.74882996
128504.37,-2.2183616,0.15302503,-0.7225886
116055.77,-0.4955442,1.2424668,0.84617853
132446.3,-1.0281519,3.0740106,0.39049554
127102.445,-3.2632158,1.6793419,0.906345
115209.23,-0.033675313,0.6585654,0.89538634
121460.67,-4.4793825,0.14257288,-0.37883574
134858.31,-4.3737354,1.770218,0.618217
130342.22,-3.5828085,1.2683713,0.75380415
122863.875,1.008258,0.6871894,-0.5000664
130571.09,-1.7445216,2.3196356,0.5558401
123624.734,-2.0135186,0.8589963,0.6821332
119011.734,-1.4236639,1.5939211,-0.40951708
134016.28,-3.1559873,2.886365,-0.7419213
119100.16,-3.1638677,2.7591128,0.70555794
118613.95,-3.135354,2.5708723,-0.8756274
124133.31,3.5494967,1.5034152,0.9435657
116817.39,-3.4575448,2.8068347,-0.55311006
125244.39,0.30523053,2.8168097,-0.39230904
124873.23,-2.1400886,2.8399591,-0.7006142
123960.09,-3.1237063,3.040385,0.5435626
120873.19,0.1590938,0.24378872,-0.5639926
123935.83,-0.3076335,2.0360937,-0.5722027
127188.87,-1.8698577,1.3821009,-1.264353
131933.1,-2.5939968,2.776825,0.50175846
121671.11,-3.7969272,1.6187625,0.3359011
122338.52,-2.3671374,1.9345187,-0.70478505
130456.94,-3.3419337,2.7266195,0.31378394
120199.14,-3.7264547,2.7541611,0.29354477
129429.8,-2.1027853,2.735006,0.60898554
116209.19,-1.0802541,2.930411,-0.6090482
120173.81,-0.86965036,2.5290637,0.47600135
134491.67,-1.7799885,2.8293223,0.60974085
119210.74,-0.5351207,0.743198,0.5628928
120580.21,-1.6865288,1.4730325,-0.57037795
125819.73,-0.036672655,1.5548341,0.7840403
127759.08,-1.5424929,2.5383725,-1.1149311
134946.73,-3.0091217,1.7774273,-1.17942
126126.98,-2.1468818,2.8517838,0.47396252
124373.32,-0.3296409,2.7561321,0.67287743
120495.58,-2.8631916,2.7853143,-0.72492546
123093.97,-1.1973203,2.6246736,0.7822048
131198.39,0.030724147,1.0978143,-0.75437784
124349.914,-1.3119838,2.045494,-0.60277593
125309.19,-2.9495773,1.5352569,0.6543505
134660.3,-3.0478282,2.8875072,0.29498035
117829.51,-0.53363323,3.085277,0.31724668
119162.46,-1.8687323,0.058593392,-0.5259797
116057.04,-0.6639914,2.9332662,0.38568956
129269.12,-1.4916605,2.8148224,-0.8124023
124408.32,-1.7958051,2.5643356,-0.669898
122697.52,-2.9977603,2.2128866,-0.2474446
117481.49,1.991528,0.10015452,-0.41101238
123270.8,2.1328986,2.642138,-0.91829747
134447.14,-2.089887,2.9205313,-0.5634868
121201.73,-1.5665755,1.8210816,1.3347044
127148.27,-3.2853978,2.7709134,-0.7083623
127801.2,-2.7261574,1.657378,0.67049384
133516.88,-1.8297776,1.5629731,-0.5548375
118029.49,-0.9037022,2.3545184,-0.96805745
133489.69,2.5895543,0.36177373,-0.64822817
118452.48,-1.8393948,2.3432806,-0.51433414
118553.77,0.7505658,1.362945,-0.6390384
122932.875,-0.07760796,2.4735565,0.6457726
115290.15,-3.3938186,2.5801957,0.39108664
115539.94,-3.770724,2.5957148,-0.47540736
122860.4,-3.146407,3.0167809,-0.52091146
131311.5,-4.400318,0.58578444,0.48404053
121857.47,-2.2686086,2.9644856,-0.40159345
119249.26,1.1502478,2.4311905,0.48901758
122929.63,-3.215157,3.109355,-0.6899511
117531.32,-2.5586038,2.982411,0.398057
125431.875,-1.7156801,1.6616585,-0.755661
117507.36,-0.41092494,1.6606425,0.51666796
128721.125,-3.5640762,2.7320838,-0.436021
129149.71,0.17610823,3.1274562,0.37521794
134298.88,0.59270984,2.396545,-0.65250003
124287.484,0.5771181,3.0330682,-0.49875584
118593.64,-2.238908,1.8403771,-0.1966782
128717.48,-3.2159789,2.8944802,0.6243347
128255.93,-0.55278194,3.0499175,0.4541715
131655.25,-2.567485,0.46537614,0.727353
122289.02,-1.2766695,2.1104383,0.740934
131801.52,-3.81643,0.7356188,-0.27017307
127359.43,-2.225002,3.04075,-0.5358397
126277.445,-0.23110622,0.18403512,0.41921312
118826.914,-1.3142234,1.3915308,0.51347566
121086.12,-2.61716,2.8756957,-0.77239525
125976.414,-3.6290004,1.1970884,0.46760297
130745.38,-1.9430608,1.3737411,0.8023768
118173.03,-3.2543266,1.671697,0.49283057
124086.8,0.12682745,3.0676293,0.35333058
123916.05,-0.32992297,2.8625295,-0.43940058
134784.23,-2.1292112,1.862736,0.9667123
124956.94,-3.409731,1.4175513,-0.54778403
120482.695,-2.3712714,3.0722275,-0.4657783
130028.945,-0.8311216,2.1811004,-0.71643835
119232.5,-1.8070263,2.482257,-0.5141788
119148.14,-2.4221125,3.0646088,0.70863944
120247.76,-1.2894331,3.01087,0.5869357
128610.49,-3.6818507,2.9144883,-0.67754996
122133.26,-3.7513595,2.3715818,-0.4380698
124546.516,-3.3820496,1.8380612,-0.6242582
125483.13,-1.6510648,0.30081058,0.5290663
121546.586,-3.0709097,0.7928708,-0.8313037
125525.05,-1.9161415,2.0936403,-0.6908306
128840.75,-2.060969,2.5193243,0.46292368
116192.6,-2.6059682,2.9303622,-0.69135046
126860.77,-0.2551505,1.6501474,-0.91093665
126059.52,-3.7015066,3.0077841,-0.46264958
132106.25,-0.59359944,0.71099234,0.7540174
117206.81,-2.5056255,0.24440014,0.5489504
115691.86,-0.5507342,0.3299055,0.94045967
134659.06,-1.8591331,2.9802468,-0.67747813
129203.6,-0.81171036,1.8449492,-0.59485877
131882.03,-2.8571563,1.5831561,0.7524873
127974.1,-2.3951404,1.8345612,-1.1203811
117828.53,-3.144422,3.01721,0.74548304
118228.61,-2.5338387,1.3058944,0.3503699
123225.93,-2.0657172,2.813106,0.6348152
129207.47,0.6421543,2.373359,0.54452384
127136.12,-1.7256496,3.0367644,-0.49837136
117714.96,-2.648624,2.2550814,0.5973673
132170.94,-0.40172717,1.3635736,0.7358333
129361.47,-2.7344596,0.4385159,0.42055643
130790.42,-1.0134838,2.028305,-0.526477
129791.46,-2.4243476,1.6637112,0.7459617
127806.305,3.1490762,0.17271566,-0.4893633
116210.94,0.025028877,0.30546403,-0.5302651
134166.34,-1.2111657,2.235929,-0.9156193
131912.27,-2.8761437,2.5244913,-0.51884174
121390.82,-0.23869738,2.7898796,-0.26955816
130101.98,-4.029507,1.0679158,-0.5501507
131043.9,-4.2202425,0.17556876,-0.558251
126540.06,-2.6013353,0.37232828,-0.49655733
119054.266,-1.4522139,2.6775742,-0.58573794
128174.14,1.0124583,0.73162144,-0.61873126
133357.84,-0.10250453,2.2950764,-0.6202589
122620.24,-0.9012457,2.6568859,0.4273054
116432.13,-0.020272817,2.835999,0.43668512
133281.9,0.96336097,2.3142095,-0.51274127
115824.23,-3.681095,2.9022899,0.46477714
128510.79,0.49083942,1.6713064,-0.59952646
120835.555,-4.4350486,0.7070895,-0.42982787
127611.875,-2.1345427,3.0251985,0.3548561
118369.59,1.4254963,2.392793,-0.72361654
115260.94,-1.1004635,0.91502327,0.8883129
127530.61,2.5576775,2.5747316,-0.7093817
134274.52,-0.40343037,3.0053244,0.34593728
119100.82,0.4943885,2.8147542,0.6392356
126519.52,0.2286544,1.7958468,-0.6862533
115620.06,-4.4452877,2.8992372,0.49317068
120934.695,-0.9724949,2.5349145,0.7663904
128426.59,-2.7955918,2.6149921,-0.46038926
129020.36,-1.4736991,0.87525374,0.6800343
129506.11,2.660916,2.3897367,0.49599028
123336.07,-2.63243,0.4278462,0.45878977
133719.28,-1.4013649,1.6942577,-0.6857018
122856.47,-1.837449,2.9334583,0.73228157
126451.516,0.122508116,1.5099899,-0.67424786
120724.12,-2.284857,3.096517,-0.3999728
129624.56,-1.4914674,2.3181827,-0.90493864
118092.99,1.181877,2.7824094,-0.6155123
132660.34,-1.8619543,2.0136003,0.76879436
120789.625,-0.1685099,1.8570958,0.8288012
133067.5,-1.3029928,2.968137,0.5031199
119528.03,-1.0905106,0.9523486,-1.1285462
134807.95,-1.551922,0.040840387,-0.26281592
127310.97,-1.1485424,3.052712,-0.35264802
128525.96,-0.17387691,2.7421098,-0.47987357
115044.73,-3.3458753,2.1481218,0.62806857
121568.67,-1.169137,2.5991025,-0.6535281
129178.42,-0.76532584,1.753883,-0.6982192
121039.94,-3.219728,0.7229931,0.62566286
133074.95,-1.8543743,2.9927397,0.3601517
124245.08,-2.518678,3.0588644,0.7503847
125536.1,-2.94394,1.3142254,-0.6014309
120169.63,-2.099617,0.78024274,-0.6051593
123320.57,-2.4941683,1.9239353,-0.68296266
123144.99,-1.9006022,2.9938617,0.61795473
130920.98,0.65606356,0.99110216,0.6071543
134879.4,-3.3263822,1.8392704,0.6270683
120589.766,-2.0779824,2.161069,-0.60423064
129211.734,-0.70231426,3.062906,0.60731703
119158.95,-2.0375566,3.0689278,-0.56666493
121068.15,-0.12910579,0.57807106,-0.5092419
131608.2,-3.5823011,0.6209493,-0.7715797
117736.3,-3.1146274,2.6327555,0.5163662
126073.02,-1.4180535,1.6786755,-0.5578112
117766.93,-1.2056919,3.1367655,0.27690768
131237.1,-1.5467309,2.068994,0.46354318
127120.76,-2.948887,2.880452,0.4943888
134285.23,-0.68972814,3.1120892,0.4606776
132109.34,-2.2068174,2.9618816,0.7840912
119279.91,1.2136093,0.34248972,-0.6066705
134356.81,-2.6357102,2.6585445,-0.5613455
122594.35,-3.0251102,0.39931703,-0.16884151
134454.33,-2.0754366,2.0711756,-0.45733088
123071.2,-0.26592153,2.9829152,-0.4425754
134814.64,-0.92498523,2.870166,0.88057137
121091.88,-1.3007035,2.9334445,0.42832094
120689.89,-2.8932512,0.24713027,-0.94811916
126210.46,-0.00078446633,2.6239471,0.6477188
115382.01,2.1920724,2.0374866,0.6075661
123235.44,-3.2404761,3.1115403,-0.6009824
122165.055,-3.335414,1.9255471,0.58596164
128930.1,-1.2862027,0.445024,0.82027864
118497.26,0.6439717,2.9623647,-0.6699461
121683.48,-1.6249346,2.5352976,0.6855484
119351.734,-3.216275,0.11303854,0.6004234
122720.016,-3.009981,0.7858311,-0.5947767
124598.34,-3.2631845,2.8260705,0.6406454
129654.06,3.9400764,0.49298152,-0.50572693
118331.13,-2.4219968,2.888229,-0.46379817
126229.086,-1.9046371,2.9314997,0.64586747
123996.805,-1.6692365,2.565104,0.8166853
127740.52,-1.4176067,2.5873744,-0.4396972
117464.516,-2.76352,0.2864443,-0.47126645
130282.516,-3.315034,3.1061018,-0.55740607
127985.38,-2.1649008,2.2404687,-0.89039516
127661.766,-0.9515696,3.014004,-0.30320027
126995.6,-3.6582847,2.7754028,0.33436847
124628.48,-2.9549582,2.3891747,0.45178577
115640.516,-3.3495214,0.48451638,0.67565006
126416.95,-3.7769709,0.7486978,0.4894075
134701.25,-3.274524,3.012597,-0.6340942
122817.11,-0.08168456,3.091012,0.25785643
126280.586,-2.7008119,1.6696336,0.79657453
130188.54,-2.4745686,0.080230355,0.30251718
120919.055,-2.370412,0.67362356,-0.6134644
117816.79,2.276782,0.7428675,0.60478616
131911.16,-3.27072,0.35629475,0.52589947
120494.36,-1.1025234,2.6347299,0.36620307
127169.25,-2.6831732,2.145031,-0.47605586
117811.13,-1.8014897,2.8341925,-0.63831884
132715.3,-2.5823512,2.5459983,0.69060993
126573.67,-2.5597973,2.0858421,-0.427007
128668.32,1.2838145,1.3302187,0.7689311
115196.664,-2.2050905,3.0920622,0.5813027
134835.94,-2.0707078,2.4760509,-0.83179843
134666.31,-3.3104863,1.7213117,0.70648396
125156.766,-2.4621336,2.0226402,-0.7357342
132707.55,-1.4343197,0.35032007,1.0046699
118032.0,-2.839479,2.8941338,0.544785
120839.016,-2.8901725,2.3898199,0.42614457
119656.11,-2.4064436,2.9628844,0.8257021
134873.84,-1.3543181,1.8757231,0.7721032
123872.43,-2.737804,3.1173737,0.7789221
124964.36,-0.43658185,2.036411,0.64836633
123491.08,0.1007934,3.0656354,0.4488354
119788.13,-0.8057748,2.6647851,0.605258
122857.266,-0.48071265,2.5506997,-0.75512195
134617.56,-2.6003077,0.27100617,0.46086043
117450.13,-0.7674172,2.4905822,1.1168516
118553.2,-1.4219966,1.7708328,-0.8236237
119899.96,-2.951879,3.0453131,-0.76550186
118870.56,-0.025413522,2.0970237,0.67637414
130933.31,1.313224,2.5482304,-0.7856884
129660.38,0.21017472,3.0224752,0.5379579
127737.5,0.73263925,1.1477526,0.56518143
128192.76,-0.045430187,2.5216508,-0.5660244
121197.36,-2.655025,2.2875774,-0.8994954
132699.66,-1.9778668,1.0686979,-0.5897603
115765.38,-1.0063252,0.27648258,-0.5307841
126120.35,-2.4689596,3.0596635,0.5490609
121659.67,0.9341247,0.29574728,0.39104328
128341.766,-1.5400271,2.3496985,-0.34893042
118514.27,-1.4097764,3.0470634,-0.6050405
117226.36,-1.7020516,2.647915,-0.43977308
123751.234,-2.73697,2.354526,-0.9187523
115916.81,-2.0337715,2.3244848,-0.5511801
121964.57,-3.1173866,3.1385856,-0.6455855
133321.75,-1.6923648,1.2586222,0.516413
115818.76,0.30701774,0.59245634,-0.5271852
119494.34,-1.9909279,2.3405697,0.79133004
132305.2,0.56009555,0.38833094,-0.6147098
129707.17,-1.328342,2.522494,-0.7665334
119704.68,-0.46084824,1.9170682,0.5540261
133398.42,0.08125519,2.3566933,-0.5988077
121507.1,-2.2427428,2.8105876,-0.6335003
118269.56,-1.8704033,2.4470916,0.4825715
123784.53,1.1664274,0.12866807,0.45697072
116231.77,-1.0442598,3.0398943,-0.3866417
131923.44,-3.269278,0.4191301,-0.76541144
122871.29,-1.2179848,1.5203196,-1.094621
115756.05,-1.8556038,2.5814333,0.78632987
115223.18,-0.69897604,2.3256898,0.69085586
125880.49,-2.0226724,0.14954364,-0.6684469
131138.16,-1.9765078,3.0471215,0.44337747
127802.86,-1.449995,0.28360772,-0.6419357
115186.82,-2.1635332,1.6780598,-0.8821939
124890.23,-2.29023,0.582053,-0.8335682
125432.94,-2.1375473,2.2360158,-0.37626854
117714.38,-2.8800213,2.903284,-0.5092153
116397.09,-1.7487838,0.67728525,0.5363162
130234.19,-3.296031,3.0385814,0.31423503
118597.61,-3.2172189,2.1068854,-0.70194095
118286.35,-2.8982718,0.97488314,-0.52544254
132074.23,-3.0872908,2.0973687,0.762278
123379.21,-2.184939,3.0645542,0.6280809
130029.805,-2.1155393,1.2360353,-0.67817795
129669.016,0.7633135,2.9044034,0.59202075
125128.08,-2.9439547,2.3479748,-0.75089896
130071.64,-0.9546576,2.2767432,0.79115266
132770.03,1.6313938,2.4006581,0.7988268
122918.016,0.16820662,0.48828447,0.5879806
126939.74,-1.4743481,1.2151382,-0.58874017
124367.79,-1.7149858,2.4687314,-0.562672
130850.875,-3.153283,2.7046137,-0.71702504
133891.77,-3.8127363,2.2779474,-0.6488832
117085.625,0.11745428,3.1231613,-0.36277997
134411.17,1.015289,2.5471218,0.56251174
134007.05,-3.8396304,2.1283886,0.6774091
123989.27,-2.0886683,2.7240894,-0.49321106
133784.89,-1.0206267,1.3909036,1.0471421
123663.625,-2.5656655,1.886183,0.60007375
134323.39,0.94844913,2.2521172,0.8976289
129122.484,-1.6683648,2.9355621,-0.46858317
132330.95,-3.0431776,1.4861817,0.6112734
128369.805,1.0749903,0.07089853,-0.3155317
125686.766,-1.2114655,3.030101,0.19506155
132278.64,-0.0182682,2.6125672,-0.661671
120846.34,-3.3428328,2.2847261,-0.6184378
125777.11,-1.732674,2.8622506,0.6131669
131919.16,-2.9426599,3.017967,0.7292036
117896.06,-1.5029647,1.0548698,0.5172307
123741.266,-0.65823615,3.1065717,0.19776644
134003.8,-2.266321,2.8011491,0.76113427
122309.1,-0.57642305,0.75144464,0.5362417
130017.945,-1.7417604,1.7282578,0.8465751
124918.875,-1.8670527,3.0872192,-0.41028583
123114.26,-2.1949315,3.134068,-0.36367083
115110.03,-4.12577,2.6052136,-0.4952847
130415.0,1.350296,2.7740068,0.56610656
117984.41,-0.81476384,1.3930749,-0.64774865
124266.14,0.5462828,0.91629624,-0.6749556
118914.125,0.28284693,2.964395,-0.26950708
133797.69,-0.73889166,0.09223175,0.6464118
119491.29,0.020744853,2.3585052,-0.8215588
134210.52,-3.3446825,1.3330364,-0.8232676
118480.12,-2.358961,2.9322753,0.5381366
121829.836,3.0809226,1.7915112,0.78085375
122844.016,-3.5287473,2.5551744,-0.8491104
131134.53,1.5586703,0.5797566,-0.44487643
134511.44,-0.47708142,2.1230533,-0.8357222
132746.23,-3.821103,0.25660348,-0.7464077
126435.0,2.167554,2.400693,-0.4611361
119064.414,0.861144,0.7112996,-0.51005316
120052.195,1.5804164,2.1191044,0.6142039
115598.445,0.28163183,2.7185857,-1.0101273
131047.65,-3.1182911,2.15843,0.5026595
124935.164,-1.5356658,3.0867028,-0.6832427
115797.055,-3.2677476,2.8719068,0.86335295
124539.19,-2.7378807,0.19895566,0.45123485
119944.34,-2.49362,1.3577816,0.72600234
125244.76,-3.2695167,1.5190755,0.58637565
131258.67,1.5943096,1.8595936,0.5723611
127005.73,0.028015733,2.2913148,-0.7806613
117662.375,-1.148828,0.74765885,0.7229731
121328.78,1.4798176,2.5948079,0.59705657
118248.94,-0.08057679,2.540591,-0.5261316
120331.664,-1.3818134,2.3410969,0.7685704
132498.45,-3.257185,2.0095918,0.22725601
126241.25,0.63749284,2.6646385,-0.5694919
124179.695,-0.7464434,3.0179286,0.5003589
133696.61,1.614751,2.9457674,0.578425
116189.55,-2.2005188,2.613695,0.9538629
134835.77,1.4172206,3.0982466,-0.5009012
115973.58,-0.80935645,1.6912693,1.0534956
118269.97,-0.7075885,1.5970447,-0.74581665
123745.02,0.06818353,2.2648647,-0.4623618
128121.13,0.104417056,2.632394,-0.2709347
116879.695,-1.5172211,2.3834078,0.62053484
119548.7,-1.5709231,0.10913539,0.1682941
131805.89,-1.2173616,2.659433,0.5912289
122389.33,-2.0376284,1.0032867,-0.54474026
132857.11,-0.77860785,0.627003,0.47314653
116978.5,-1.8331606,1.7015889,0.11641895
121593.57,0.21975283,1.982295,0.66486406
124427.6,-1.6684846,0.96938044,-0.50550795
123481.375,-1.0134043,0.96152365,-0.5113318
129623.266,-2.9807923,1.8943614,-0.74156445
129059.3,-2.2613554,1.4174354,0.86252934
126508.43,-2.6078796,2.875933,0.86390597
118525.35,-0.55605716,2.9809694,-0.38549486
117639.03,-3.525115,3.0544462,0.6647653
130587.33,-1.3113557,0.8056693,0.54999214
118895.5,1.2573355,2.347008,-0.7473084
132167.14,-1.8258913,0.50417054,0.671395
127815.11,-0.25735456,3.1204,-0.69109035
125147.0,-3.331447,0.6307998,0.518325
132056.42,-4.1937304,1.1564524,-0.8051592
132152.02,-0.771919,0.74482536,-0.761914
124902.555,-0.10695863,2.7100823,-0.5475088
134585.86,-3.401532,0.8109679,0.5091079
123047.69,0.008168977,3.0636623,0.4058844
128709.414,-2.4265852,0.46933994,0.53236455
121548.19,1.2952104,1.5184395,-0.9925638
127144.68,-2.0835755,1.8597,-0.8297096
125611.36,0.2703693,1.2061868,0.8971866
125151.18,-3.3804226,0.44136,-0.49328092
130508.76,-2.5585032,2.687554,-0.5138001
121267.23,-3.0994725,2.9926224,-0.8055985
119569.76,-4.4655867,3.0151954,-0.7332175
121885.875,2.7371676,1.8634405,0.70576626
118050.68,0.26750413,2.6318285,-0.84895724
123428.5,-1.2500637,2.621403,0.9717906
123153.21,-3.3070965,2.5976393,-0.6415917
130880.84,-3.4403086,1.2360357,-0.8310815
122884.13,1.3018998,1.4040438,-0.8003466
134529.17,-3.701684,1.9346497,-0.68926275
124153.25,-0.057378534,2.5777369,0.5972639
133828.38,0.81730014,2.9520183,-0.48057172
116689.13,-3.4723482,2.7927527,0.37790886
120824.77,-2.5101519,1.2916732,-0.41714075
122564.984,-1.723294,2.5282114,0.66026664
134477.86,-3.9307528,0.21054518,0.51947767
128706.875,-1.1482799,1.1861107,-0.7032777
116963.53,-2.1235156,2.122933,-0.71215606
123063.445,-3.118963,2.560305,-0.71755534
128967.086,-2.6434712,1.0909164,0.59110975
123501.8,-2.1227498,2.457078,0.65189934
120259.98,-2.0103607,2.4752872,-0.6609021
117453.95,-2.6806583,2.2008011,-0.6432845
122297.33,2.277855,0.09481764,-0.3019544
133201.94,-1.4979925,3.1008408,0.29785573
126973.734,-0.5415018,2.8235397,0.41374993
125829.51,-3.9958274,2.2096145,0.42139912
126457.164,-1.9602077,2.7122564,0.76335216
130691.97,-3.0302203,3.03087,-0.28100398
118117.234,-2.7133083,1.2074407,-0.77360797
133878.14,0.45850918,2.7573495,0.48944867
118228.48,-2.5925927,1.2323776,0.71139276
131960.27,3.7568371,0.14881487,0.5802203
128835.5,0.7995134,2.7383652,0.6591713
119804.5,-0.8579674,0.23024917,-0.3813636
128496.12,-1.9434398,2.5729115,-0.31078002
121390.03,-3.14966,3.1214554,-0.80255187
130212.45,-1.6905853,1.7600397,-0.60031307
121718.97,-0.38431737,0.5197089,-0.6520564
116193.734,-0.58619463,2.780656,-0.58316535
127211.32,0.15880927,2.4277077,-0.6318621
117013.83,-2.583169,1.7748682,0.7584603
128187.2,-1.1546309,1.3663058,1.173523
129355.43,-3.2941787,0.6182171,-0.5286556
115140.53,-3.4358966,1.7450749,0.5214965
124988.69,-1.9951214,2.0844991,-0.7205051
123524.97,-2.1742709,3.0444627,-0.32047692
118641.17,-0.71465015,1.9282448,0.5566493
132582.02,-1.7266363,3.0254881,0.4665137
115359.75,-1.2490757,1.3211874,0.5631356
126182.45,-3.9577432,3.0192716,-0.3114478
126728.36,-3.4470482,0.17801952,-0.57884204
134291.11,-2.1600618,2.097641,-0.43821418
130381.0,1.9934689,0.10731578,0.36243445
115127.77,-1.3680725,2.7508078,-1.1696972
117654.76,-1.4535637,3.0699499,0.86919236
122344.15,-1.5100055,3.021433,-0.4545697
125978.54,-1.5678151,0.015133083,0.14057618
121946.734,-2.077704,0.77785015,0.50207967
120649.766,-1.3494164,3.0157497,-0.4211697
131674.94,0.7407215,2.7616408,0.7505851
125809.33,-2.88573,2.0081854,-0.80866086
121830.38,-2.9255495,1.1075239,-0.5631429
117114.82,-3.1505725,1.9787573,-0.6236327
118362.77,0.31450015,0.3933195,-0.58785766
116591.586,-2.6348383,2.1813712,-1.0136863
116870.51,0.66910535,1.7279924,-0.5189346
132373.22,-1.6464831,2.450904,-0.8346867
132664.67,-1.9221681,1.3105706,0.7601036
121404.09,-1.3308055,1.6592057,0.77589506
117364.68,-3.2322044,2.0919857,-0.656334
132181.4,-1.1887177,1.113446,0.6486059
121414.23,-2.633899,2.2069404,-0.7027086
127765.57,-3.9244797,2.6701908,-0.44211105
130626.66,-2.0737605,0.87694013,-0.6130371
129598.39,-3.3165581,2.0802379,0.6400248
131739.9,-0.22931561,2.007986,-1.3044925
131649.42,-0.6175913,2.6957872,0.55382144
120099.27,-1.8057995,0.56706524,-0.59530705
125006.516,-1.907654,3.137793,0.7130299
121103.71,0.10496051,2.7727842,0.8039381
126967.57,-0.14785074,0.002760291,0.4486487
128503.836,-2.2290192,2.3007717,0.692221
127662.73,-2.9789712,2.9855163,0.39690635
120330.31,-3.263944,2.4882262,0.9022613
123356.69,-2.5737627,0.68835604,0.5739134
119196.445,0.5821379,1.5386055,-0.65240794
131250.67,-0.41741896,2.0425339,-0.73145485
132781.14,-3.0031407,1.1868246,-0.5981433
134615.08,-2.4845603,2.657806,0.62889
134976.7,0.4900138,2.964902,0.40025562
118420.99,-0.3012926,0.36718833,0.6712127
131000.73,-3.6601148,1.9119229,0.6214173
117878.79,-0.9225943,1.2095779,-0.83258057
118385.516,-2.838878,2.9114447,-0.54989684
117137.49,1.061966,2.906674,0.53209865
125022.41,-2.9813707,2.3222902,-0.72892994
130785.78,-2.1646402,1.0070773,0.8287908
134980.69,-1.5570059,2.9649658,0.5901575
120943.53,-3.4604964,2.8148243,0.509155
131274.48,-1.8806409,2.926304,-0.49003023
134456.6,-0.88603824,3.0138304,-0.63047785
115335.11,-3.155891,2.3545275,0.18105873
132434.12,-0.41403216,2.6920407,-0.58763885
122684.195,-3.8976269,2.3668776,-0.54705495
121557.23,-0.98876214,0.55474794,-0.88643414
116694.875,-0.41376582,0.9640623,0.8959404
131331.17,-2.58944,2.9080188,0.44714215
118367.695,-3.2671502,3.0269878,-0.7217338
133198.78,1.0516554,0.4171207,-0.5269052
132880.06,-2.8764784,2.344058,-0.91239
118688.164,-3.1599977,3.0468612,0.80449384
131220.67,-3.5769446,0.6476271,-0.5212905
123151.086,-0.836696,2.8320134,-0.6404933
121240.38,-2.2921002,2.8403056,0.5552972
126326.22,-2.1084402,0.6936023,0.5998381
134478.39,-3.5354252,2.4406853,-0.44755393
117253.836,-2.2617655,2.9411933,-0.5897132
118353.305,-3.9746175,0.8699218,0.57663417
130374.305,-1.3311616,1.0540105,0.62869084
129225.43,0.9013013,0.42684612,-0.6210756
121173.15,-0.6343877,1.336781,-0.55044836
131550.97,-2.530205,2.0513635,0.8974193
121559.13,-2.99837,1.2306455,-0.8202129
120345.9,-2.9762053,2.3250983,0.641565
127323.47,1.0378448,2.2122366,-0.79016984
133915.86,-1.2231712,2.43474,0.5559425
116814.28,-0.017117802,2.7467601,-0.22755
129997.49,-2.0343027,2.409193,-1.0679458
117548.06,-3.7706141,2.048223,0.5877137
119548.47,-2.7142818,1.132659,0.5917497
117907.58,-1.7684003,2.5143747,-0.6843521
130291.69,-3.2779648,2.6346922,0.6034732
133852.52,-2.5920942,1.7326982,-0.1447692
126103.04,0.19017144,0.27819347,0.66772485
125376.695,-1.908794,1.5300846,0.7287918
130336.24,-4.222365,0.95753795,0.58518034
120606.59,-0.8182254,2.5158994,0.43915844
130934.61,-3.8412888,2.8109856,0.7302302
119814.234,-1.3077132,0.90715027,-0.70555425
124204.945,-1.0341915,2.227119,0.67359495
129137.81,1.0745119,0.42684442,-0.7413451
133347.73,-2.255626,1.1866878,-0.5977364
122024.67,-2.6966565,3.128707,0.8633101
120208.88,-0.79022485,3.0595226,-0.21251157
118984.82,1.5078976,1.9815551,-0.6759036
121093.445,-1.1433599,2.4498057,-0.59535456
122707.93,0.38083735,0.32945752,-0.5775209
115845.12,-2.5760562,0.00404945,-0.30994993
129483.54,-1.0943669,3.0350804,-0.37086514
119996.28,0.1567997,2.7505481,-0.7348116
122614.945,-2.1805782,2.9012787,-0.7455114
134164.5,-3.8776793,1.1417543,-0.6817452
120768.83,-2.5241933,0.476923,-0.494878
120224.56,0.4224686,1.72652,0.7074623
117725.03,-3.8142893,2.7914774,-0.15762089
132086.08,-3.8977914,3.052589,-0.5778783
124844.914,-2.771584,2.9129174,0.57508796
120557.766,-1.0015098,2.5062835,-0.39323324
129808.85,-0.20110345,2.138594,-0.68106514
121550.66,-3.8914092,2.475966,0.28391853
132959.48,-0.22385815,1.9921656,0.8395142
133200.72,-0.46886978,1.9464657,0.657176
126471.54,-2.4099982,2.8747592,0.8166503
115201.7,0.67957854,2.0914905,-0.4892233
132600.66,-0.98467106,2.7340693,0.49308893
128901.14,-2.060626,1.2901121,-0.7476202
117310.39,-0.24926324,3.0368674,-0.7610001
122489.51,0.20399821,3.0636911,-0.3889035
117411.77,-2.8854394,0.027680874,0.32154047
118972.555,1.5977321,2.4383268,0.5583156
122440.29,-2.0704834,2.3633702,-0.87164885
123855.84,-2.127602,2.8578196,-0.8227608
117480.58,-3.1036801,0.13221622,0.32655922
116304.34,-1.3936822,2.7124548,0.46692413
130386.36,-2.5808916,2.3418279,0.48818082
118106.06,-0.19180225,1.1610914,0.5757432
120031.484,-1.0226018,2.5825205,-1.2315673
118416.125,-1.7185746,1.166768,-0.61884385
129427.32,0.048475925,1.8154776,0.7174394
129924.734,-3.6174076,2.1604981,0.678022
133247.84,-3.0412986,2.2594545,-0.68836886
121826.85,-1.124703,1.7157142,0.5138665
123948.766,0.90525144,3.1225686,0.83080155
122548.04,-0.9519426,2.932063,-0.7235322
122654.21,-2.1067011,2.4119349,0.8610866
125356.36,-2.7395446,0.6286664,0.76118594
133076.4,-2.9452379,1.3788625,-0.80397874
129292.84,-0.97247624,2.5308208,-0.7600925
128222.836,-0.96198803,1.0526105,0.8248089
123801.04,-0.96673644,3.1049898,-0.3106004
132763.19,-1.4547724,2.159387,0.96422464
115301.586,-3.2918122,2.3188777,0.76092196
125570.7,-0.89024454,3.0508282,0.7047613
133066.98,-1.4578539,3.1144645,0.69331604
119993.75,-4.051268,1.4679792,0.7704846
125943.11,-3.2074766,2.942647,-0.7114896
118471.67,-2.0785916,1.3696659,0.9376622
119604.78,-1.2438757,2.914983,0.6265675
120985.36,2.9571977,2.9688156,-0.4419361
121850.86,-2.7852185,2.261299,-0.6206251
127386.03,-1.9656348,1.4326192,0.5516516
126241.336,-2.6070619,0.4611296,-0.40481195
122303.195,-2.351424,2.7826262,0.48468545
120520.305,-0.9701033,0.30177402,-0.6292523
130668.05,-3.292294,0.005248189,0.5600881
133823.16,-1.4058071,0.8613865,0.62926406
117300.586,3.3744335,1.9971833,0.72474897
126989.85,-3.5227015,2.7261677,-0.4256844
118402.87,1.2075473,0.16670042,-0.4383681
125943.62,-2.5646787,2.706744,-0.8058551
117060.59,-3.2245398,2.0829158,0.6892352
121179.2,0.21665664,3.0025811,-0.50310695
131449.94,-1.6240149,2.780408,0.55240065
128451.2,-0.8336995,2.513792,-0.33696255
127839.33,-0.042173844,2.833791,0.4071488
125729.24,-3.7792685,2.3055165,-0.39168498
115033.11,-1.6070421,2.6752563,0.95020086
133681.8,-2.2199466,2.4297962,-0.56514233
121935.15,-0.48941237,2.866389,0.7595783
130899.18,-3.1420615,0.6428932,0.507522
117529.625,-1.5458777,0.99794114,0.58998716
131980.25,1.1071659,1.8371527,0.46642643
117804.71,-2.0306451,1.7861639,-0.5918231
117760.03,-2.2107694,2.4455416,0.49204895
133535.12,-1.1327381,0.4736755,0.7670358
119003.85,0.114126965,0.35255575,0.45784688
123203.08,-1.5846746,1.0021034,0.6960125
122711.57,-3.879072,1.0003936,0.42724246
127398.3,-2.5665236,2.711913,-0.61000884
115687.84,-0.47523916,3.024906,0.5075026
132204.03,-0.9241949,2.6232255,0.5063021
119608.19,-0.27596208,2.6609554,-0.5437251
123468.16,0.1585383,1.6533728,0.5507141
116750.91,0.86067754,2.0557926,0.5354188
115896.85,-1.3661841,2.0565853,0.6971395
120307.516,-1.511232,2.5024393,-0.60084134
117225.08,-3.2200825,2.7687817,-0.3767859
133964.2,-0.69695306,0.3212769,0.9105613
117859.97,-3.1973279,2.7048254,-0.4668765
118633.98,-3.789458,2.069595,-0.6533269
120584.74,-2.5077198,0.6338977,-0.5624492
126355.914,-0.23836718,2.6684415,0.58558214
115459.96,-4.017102,2.1398358,0.28321555
125396.164,-0.52384496,0.14748442,0.65515894
131123.8,-3.6400487,2.915203,0.8639516
130474.984,0.40484026,2.919506,0.57121575
119484.84,-3.2908738,1.9514495,-0.55061543
124701.0,-0.52424926,2.7150724,0.5986236
116102.305,-2.7456467,2.9429781,-0.4844672
119877.62,-4.358637,2.645966,-0.57575065
126643.125,-0.27925557,1.0793003,0.5194527
122610.375,-1.7992183,2.2295504,-0.66311026
127084.81,-0.7297026,1.9882287,-0.6262226
126130.76,-0.6633368,2.874121,0.60948247
120976.516,-1.8222227,2.212785,0.63341737
117421.75,-1.0153683,2.4646885,-0.7247904
134381.42,0.9251636,1.1175897,-0.69653034
125678.83,-2.6802213,2.6901853,-0.54729676
133152.88,-2.0229099,3.1046152,0.538348
130614.94,-3.3831751,2.6710153,0.6769913
118675.83,-2.852298,1.1964772,-0.97813976
117226.29,-2.9156618,2.7050488,0.85005236
126909.0,-1.5229757,2.5302348,0.7580701
126312.695,0.42851833,2.6344259,-0.76304895
119354.65,-1.538498,3.1041238,-0.58584887
119763.84,-0.41475058,2.3058486,0.68129784
121459.2,-2.092011,0.86918527,0.5883356
121357.45,0.022235023,2.9162781,-0.6445515
115049.52,1.2802006,2.2540016,-0.54486084
130260.24,-2.241161,3.1209204,0.42851976
126139.11,-2.3087513,2.131472,0.7932477
120272.94,-1.3104461,2.9657013,-0.8351686
115758.72,-2.8595877,2.5666068,0.9531903
133714.16,-1.0092816,0.8868459,0.8419159
127653.24,-1.2086538,0.69279766,-0.56261927
131961.7,-2.3948357,2.357885,0.5670227
125169.484,-1.0498984,1.8058021,-0.64837664
122408.72,-2.8664393,2.2879353,-1.088995
122508.34,-2.0231276,1.7260673,0.76721317
123984.84,2.2853642,2.5975366,0.5438942
128042.22,1.4651631,2.5083447,0.5194162
134785.12,-2.6486456,0.44397068,0.56800705
125953.81,-0.54974633,0.15498823,0.45018587
120400.21,-1.6335295,1.8110862,0.7619754
118987.95,-3.448153,2.9837277,0.28245148
118268.26,0.43714356,2.7919695,-0.28803143
123485.875,-3.2929342,2.0124502,0.60709524
129038.25,-1.9320431,0.46035218,0.47103125
132107.8,1.7259233,2.5114086,0.66935503
120478.305,-2.1473317,1.7995242,0.7330256
122002.08,-3.674163,1.6463244,0.77979034
122648.9,-2.9684649,2.7565403,-0.3737869
128941.06,-2.4489796,3.0214462,-0.50013554
121222.836,-3.5596685,3.0068066,-0.503097
123606.1,-1.5765661,3.118362,-0.77892166
128206.27,-2.6591191,2.959681,-0.6745865
117996.29,0.23458554,1.2179826,0.8791058
122291.2,-1.7755572,2.5001311,-0.34810892
116445.74,-2.9311168,0.73311377,0.5729221
119434.29,-2.187809,2.8893971,-0.49969313
131944.47,-2.4259045,2.1845438,-0.9837162
121533.62,-3.56803,2.273204,0.77093077
130969.02,-0.35020763,3.050721,-0.37618166
115929.78,-0.33627805,1.1865032,-0.5919793
119828.445,0.9814669,0.81510615,0.6667805
128743.75,-3.4214766,2.6217804,0.70888954
121002.8,-0.9749159,1.5325103,-0.82746214
124021.45,-0.45918003,2.359351,-0.93361026
131361.81,-1.0580432,0.5213645,0.25238842
117411.58,-2.381203,2.4894366,-0.46098176
119945.945,-3.234599,2.5237155,-0.56688493
125693.266,-2.1191053,2.738895,-0.2705418
129315.94,-0.42120048,2.7670386,-0.5477782
116907.984,-1.7925354,2.8884952,-0.44251892
121525.94,-0.91956425,2.063088,0.6639528
119357.73,-2.3606849,2.6132898,0.46956715
119088.12,-4.013213,2.1438289,0.7710787
127048.664,-1.2563876,1.6583337,-0.57217497
128253.055,0.5226005,0.13557386,0.5364427
128193.32,0.22574884,2.8709614,0.57244325
129135.18,-1.0426307,1.2276713,-0.63648117
132033.53,-3.5537257,2.8183482,0.37431332
127399.875,-2.4170687,2.2523086,0.546697
120492.64,-3.207282,3.0226912,0.34176815
126139.77,-0.8677378,2.111731,0.5804615
123923.65,-2.8160315,0.6811275,0.63919413
115868.414,-2.8588169,0.41716027,0.61000586
131914.6,-3.3829715,2.4412532,-0.8602582
126688.54,-2.0384598,3.1304123,-0.4580384
131283.25,-1.5096941,2.5085235,-0.5714338
115957.586,-1.5765479,0.402354,0.6888754
122077.05,-0.90704834,3.098528,0.26006874
123802.414,-1.8703158,2.4909914,0.6349599
134419.84,-3.1490703,0.26010585,-0.8666994
133087.38,-1.6762817,3.1305428,0.71500957
126919.875,-2.3528256,1.8805193,0.8410547
117612.37,-0.7450734,2.1520793,-0.68687737
119774.055,-2.225275,2.5980947,0.6551575
115277.68,-3.3725243,2.612943,-0.5800594
116830.54,-1.1202505,2.8034768,0.5490031
119353.53,-3.381477,2.7313924,0.6441283
124391.52,-1.0221531,1.3732909,0.71506256
120891.11,-0.6528336,2.6015563,-0.67768204
123698.52,-2.6485755,1.0071493,0.8211335
129048.42,-3.3044267,0.9031105,0.6807396
127381.87,0.34971163,0.51947075,-0.48718512
124922.89,-3.7971928,1.5682397,0.71159697
122534.734,-2.679533,2.9867854,-0.1777071
127451.414,-2.6770515,2.2109299,-0.95750016
125772.93,1.0845448,2.1666517,0.7497618
118760.84,-3.2938552,3.0379305,-0.71994525
125485.39,-1.8163662,2.5799026,-0.5281314
129380.85,-2.3399932,2.819906,0.6140034
130290.0,0.57745284,2.9534302,0.52141297
117829.49,0.0092161475,0.91287047,-0.63522446
133240.48,-3.3731332,2.5954454,-0.3116648
126313.07,-2.8923693,1.1143919,-0.86569726
125824.83,-2.9371464,2.5233493,-0.72438836
132476.8,-3.2671354,2.817443,-0.4873715
129574.05,-2.8845954,1.8414655,1.101009
127258.44,-1.668883,2.0413108,0.4811664
116819.89,2.0125704,2.3075469,0.46903718
132109.62,-2.55129,2.517244,-0.5648133
129697.65,-1.5545983,1.4527715,-0.7113793
130771.82,-2.1784914,0.54307294,-0.4902147
124150.29,1.032405,2.350031,-0.68122774
124050.04,-0.88444656,2.3340297,0.6217306
117815.586,-2.2920954,0.93063897,-0.51213616
127211.664,0.11529764,2.1610556,0.6901799
130867.42,-0.64010197,2.7818155,-1.2455696
118432.69,1.5188701,1.9781322,-0.557703
115423.6,-0.8235056,1.4032651,0.5897879
123943.06,-2.606178,2.4964006,0.66407853
124330.41,-2.4451098,3.0409002,-0.47457525
118026.16,-0.6434237,3.075264,-0.49764153
121161.12,-2.4876044,2.649107,-0.6059511
116068.195,-3.9203246,2.0449724,-0.70515895
131317.77,-2.2310076,2.0511801,-0.63762033
118063.54,-1.7859476,3.1107652,-0.37270436
128167.89,-1.2570728,0.17724538,0.57159185
126023.74,-1.6665136,2.078761,-0.49160522
123567.08,-0.985666,2.9717872,-0.6233171
129309.2,-3.8829367,2.558263,0.36341292
127501.95,-2.262574,2.8174348,-0.5055511
126067.05,0.9379783,1.066699,-0.71182925
118117.414,-2.7397704,1.0375922,-0.46549124
116340.56,-1.2721958,3.1188807,0.5754477
133347.8,-1.651319,2.406404,-0.56177145
115959.7,-2.3688428,3.1223223,0.4372907
115578.79,-1.7175742,0.036366224,-0.5160534
121462.43,-2.0043986,2.9734864,0.431733
115779.375,-0.90320885,1.6770316,0.7919763
116302.984,-2.392896,2.887768,-0.4497142
130164.05,-0.43619987,2.7804985,0.5038715
120451.4,3.8909984,0.37647724,-0.45548093
134517.69,-2.7990928,1.7777451,0.7053836
124605.836,-2.0801814,1.1839589,-0.65272903
126530.81,-3.1585946,2.5146306,-0.30971897
127145.29,-2.02682,0.49774396,-0.64402765
132125.64,-2.1522763,1.0419623,-0.5292081
124352.914,-4.010343,0.6910093,-0.65201914
134898.42,2.5598636,0.54704946,0.51667976
127514.94,-3.0735188,0.98705375,-0.35284248
126760.63,-0.4154762,1.4083167,-0.58632684
128171.6,0.505332,3.0095458,-0.3603773
128686.414,-3.0774107,2.835321,-0.7978091
129344.42,-0.26690936,0.20372534,0.633355
118287.84,1.6922758,1.5455426,0.6477657
123268.625,-3.5616384,2.121122,0.8307734
117606.89,-3.1358504,2.6918526,-0.4105123
126403.73,-3.2208297,0.2634468,-0.53423625
124648.77,-1.5217133,2.9872262,-0.62601
117518.76,-2.1471252,2.422349,0.61952287
120240.08,-0.23830721,3.0867774,-0.4944145
127924.26,1.1400676,2.2540228,0.6720862
116850.33,-3.7958164,2.764147,-0.5448929
118214.22,2.3551753,3.1274617,0.543894
123190.06,-2.1086059,2.4950993,-0.942612
118839.27,-2.8862484,2.5662832,-0.8811211
127743.19,-1.9939212,2.7458835,-0.58494896
118902.945,-3.6508198,0.062341213,-0.40918526
132273.48,-2.786223,0.7908368,-0.45688176
133284.16,-3.1602824,2.1883166,-0.5632841
118515.07,-0.03440584,2.1867304,0.8820536
119877.31,-0.85179377,1.23484,-0.5314472
125468.445,-1.4676789,3.1123853,-0.34713793
132093.33,0.5138834,0.17938226,0.34903988
116399.03,-3.0775316,2.639707,-0.28854752
116024.76,1.0903851,1.5481476,-0.6248366
124887.56,-1.1787425,3.1150146,0.47328925
133776.84,-2.4244878,0.27301288,0.7031256
115215.14,-1.5601642,3.093724,-0.38716102
121604.38,-3.9819114,1.6914331,0.4729145
115807.83,0.38429368,1.8810194,-0.58755255
130631.35,-3.8039336,1.1036171,-0.8280921
126687.63,-1.4570723,2.2376072,0.7127454
115701.92,-3.3429065,2.724352,0.544847
129432.46,-1.1995087,1.3974937,0.54665595
130030.03,-1.6530253,2.2384102,0.44587475
119654.78,-0.80939883,0.97688854,-0.9735576
133935.38,-3.3481214,2.8799884,-0.803266
120049.59,-0.56531656,1.4567662,0.6367794
128579.0,-2.2298286,2.9942656,0.32881677
119728.3,-2.3178263,3.021352,0.6874909
132015.6,-1.8796521,2.6003227,0.5469199
116583.18,-2.4646358,0.4839502,0.64513934
119820.34,-0.44827524,0.18847537,-0.3680158
123862.0,-0.019874612,2.3065493,-0.5248591
126805.95,-1.9621052,0.31558633,-0.6269242
116106.78,-4.316821,0.22181487,-0.72049147
130910.89,-1.3346728,3.1400132,-0.69634116
119948.664,-3.8241305,2.5919669,0.36120757
121859.73,-2.8643358,2.465698,-0.4328264
126532.54,-1.9178679,0.9486455,0.588152
120151.586,-1.2486004,2.5776696,0.60977346
122749.85,1.4523212,0.6770741,-0.64558357
134369.19,-3.9515264,2.9308724,0.7564955
128575.64,0.2455298,1.4295337,-0.7590226
117001.8,1.2561342,0.16277903,-0.47068238
122166.72,3.6443589,2.5414903,-0.527236
116305.945,1.7985554,1.8604616,0.61404204
125020.31,-1.113979,3.1193538,0.7439295
125212.37,-1.8554946,3.104479,0.8436491
122267.72,-2.1415813,3.0128593,-0.8826778
125344.555,-4.08552,1.5880147,-0.7766522
128303.3,-3.2467444,2.8300996,0.36098912
129956.93,-0.036491197,2.1563206,-0.63323975
123782.09,-1.3999563,1.84696,-0.5627365
126411.2,-0.8677471,1.9043688,-0.77865016
130010.9,-2.6296206,2.5930643,-0.5490295
129662.97,-1.9479983,2.9195836,-0.52844334
116340.46,-0.15941733,2.9181583,0.697077
122697.43,-1.6836789,0.70287335,-0.67404455
116896.18,-2.3458436,0.52045846,0.5791679
130644.74,-1.1898549,2.9815745,-0.28921035
120485.875,-0.6459032,2.160218,-0.76944804
117878.13,-2.6844823,2.4329803,0.35903
128918.87,0.022182558,0.18103635,0.5023536
129279.72,-1.0493894,0.010525823,0.5329713
115370.766,0.6462988,3.06198,0.61130375
126463.28,-2.7589743,3.0808883,-0.43841222
128509.57,-2.2302125,1.7476192,-0.54077566
124514.55,-1.9388995,2.8484943,0.45892668
117361.4,-1.2800142,2.4957714,0.4793272
128158.52,2.068162,0.62851965,0.76722467
118469.91,1.0707127,1.9726137,-0.80827475
116117.195,-2.097747,2.9361753,-0.4287987
126762.74,-1.4789203,2.563235,0.9116674
123042.28,2.3672073,0.93325716,-0.7063632
117576.695,-1.9133028,2.390895,0.4480311
133364.73,-3.3979793,2.1037312,0.46835542
120275.59,-2.20881,2.092912,0.6140109
123742.76,0.7617786,0.5825443,0.5087944
123108.5,-0.811137,2.4642174,0.5602437
116771.89,-1.8023087,2.7972085,0.52103317
124906.664,-0.20610666,2.8406658,0.6596248
117475.96,-0.9264113,2.9966197,-0.41790196
121013.89,-3.662767,3.1257367,0.7012237
116885.45,-2.6218228,2.3053484,-0.7797889
124042.17,-2.708265,0.21698385,-0.4429784
128102.81,-3.5938292,3.0759394,0.6213
117203.73,-3.0880523,2.1986866,0.31150547
118777.46,-2.7587721,2.7175725,0.47449374
125405.055,-1.4640932,2.540579,0.71357286
120441.8,0.06465312,2.2931724,0.38258752
126772.07,0.6590498,2.4284985,-0.49264756
129724.85,0.7379675,0.88779527,-0.6149645
115019.664,-1.5260154,3.114788,0.521915
117597.28,-0.756927,2.759825,-0.49853274
120008.266,-4.4953113,1.7124479,0.525228
116535.586,-0.033736162,1.3637888,-0.90983725
134336.62,-1.221125,2.2326217,-0.4876974
116622.01,-2.9323335,3.0481253,-0.632258
130974.82,-2.5671356,2.2392097,-0.8971603
124635.99,1.3539555,2.503969,0.6333042
128217.79,-1.6242565,1.3290834,-0.63922846
126122.62,-4.1095195,1.2510619,0.4677079
128768.33,-2.2108479,0.5199965,0.6441992
133992.61,0.7239957,0.78802776,0.5628136
116289.305,2.059286,0.39144945,-0.6331967
120921.88,-3.6392074,0.0012504458,-0.53706706
115665.97,-0.6728085,2.7208867,0.37722096
122076.95,-1.0625329,0.47140694,-0.8351447
131588.61,-2.0902755,2.1486373,0.62346447
134964.4,0.7028265,3.0756443,-0.46450216
124488.21,-1.3918254,2.238253,0.5467017
133984.61,1.6305884,1.3824239,0.6241848
115222.234,-3.4019337,3.009539,-0.21120884
124213.2,-3.509132,3.0705347,-0.542212
117528.42,1.6325068,1.8246737,-0.9253827
115947.43,-1.1937244,2.0943365,0.7830589
125838.56,-2.5283797,2.49142,0.25358683
118532.51,-1.5831624,2.4987917,0.5994255
117090.984,-2.000845,2.309263,-0.79170966
116220.07,-2.7153883,2.371121,-0.7997033
116327.92,-2.2134304,2.5728931,0.53541994
131373.6,-1.8688215,2.245183,0.67364407
130967.53,-2.7553468,3.0278506,-0.6898957
121868.21,-0.6380438,2.776473,0.6213285
134219.05,-2.9022343,1.1871371,-0.64051014
129963.27,-1.2755535,0.66037595,0.46660915
118076.82,-4.238115,1.9175975,-0.4815824
120920.34,-2.1311064,3.0585208,-0.7160514
117215.46,-0.8252827,2.535229,0.731313
132276.42,-1.4958401,3.098323,-0.4548821
116354.97,-1.473848,2.687051,-0.62867594
132249.06,-2.7690947,3.03749,0.6416178
122101.63,-2.2335722,2.0159853,0.58065283
132496.92,-0.70487463,3.1179566,-0.38768834
125859.484,-0.52777284,0.3808266,0.3977991
129963.336,-1.7807004,2.9970677,0.5206193
123869.88,-1.7913454,2.2735612,-0.95703334
117537.65,-2.0127933,1.1175833,-0.6175133
115876.93,-3.0426302,0.64203584,0.5338593
134031.98,-0.004476299,0.46149182,-0.5416496
115162.38,-2.334542,2.5883863,-0.9284809
126727.93,-3.122588,3.0769486,0.55351293
127017.65,-3.608885,2.1487122,-0.93026435
129633.23,-3.4216106,1.8599523,0.7224882
116990.1,-2.3048313,2.8137438,0.645531
115395.94,-1.3390571,0.74131715,-0.6175001
118477.06,-0.45322022,2.5141678,0.7345476
118564.02,2.3989515,3.107919,0.3251183
119799.195,1.855186,1.8905307,0.5873783
116560.57,-0.48246816,2.4756498,0.5465903
124214.59,-2.5948064,2.9864492,0.6309322
128996.21,-2.2902517,1.8452474,-0.6851981
118708.82,-2.4602835,2.659659,0.6420391
125038.18,-1.086269,1.9283793,-0.70938736
131187.45,0.014672707,2.4322882,-0.6046833
121970.23,-1.3970523,0.6963356,-0.63094693
131074.83,-2.4930654,3.126516,0.69496167
124919.1,-4.389949,2.1188617,0.35884213
130777.58,-2.221776,2.1722407,0.6211633
116922.89,-2.5968487,2.7129154,-0.7247405
117532.1,-1.9193728,1.1208645,1.1165932
127716.89,-0.7885478,2.2194593,-0.59856206
125433.2,-3.522875,1.1602231,0.45937747
126400.4,-2.9931462,0.35102087,0.4755774
127891.59,-2.0484989,2.5499685,-0.5214494
129460.8,-0.63215697,2.5313122,0.70788586
117015.875,-2.2420056,2.0660186,0.85576415
132989.89,-1.5034254,0.039242983,0.334869
132159.66,-2.508754,3.0376348,-0.41724965
118644.94,0.2228019,2.9963849,-0.5317053
126747.11,-0.44764602,2.5683599,-0.9707748
133103.03,-1.8022013,0.2541486,0.5914875
121184.83,-2.307763,2.6795502,-0.57298195
124818.7,-2.0301907,2.3115594,-0.6068672
127276.28,-1.3395107,2.7692087,0.66927624
116801.445,-3.8369408,2.191648,-0.7631471
129007.91,0.6366945,1.154643,-0.7050437
124054.25,-1.0259895,2.69355,0.7914797
120673.664,1.030907,2.184802,0.5119547
115418.34,-2.454022,2.6204042,0.50856566
117006.28,-1.994628,0.31779528,-0.5169321
115107.06,-1.8208213,0.1322453,-0.5738519
125429.08,-0.6732395,3.1369169,0.35046852
117602.17,-2.3102202,2.053442,0.777178
127985.27,-2.0398088,0.38587427,0.49313337
125886.6,0.006005457,1.9658237,-0.4954735
117479.7,-0.86458343,2.1976624,0.5048371
129940.0,-1.1324807,2.5906801,0.5294642
131250.98,-1.2484862,2.1207705,-0.83625215
116318.586,-1.6024613,2.9935555,0.5130489
128933.16,-2.2784638,3.1314673,0.60493445
132353.55,-1.8501203,2.685848,0.816749
115652.016,-2.8391256,2.7631052,-0.39541823
116125.516,-0.89938366,1.479187,-0.6687435
119925.27,-3.4374816,3.0959089,0.27470967
134998.0,0.7761996,2.0302238,0.54766405
118747.13,-2.6578162,0.6116627,-0.59313977
118824.15,-3.2839615,1.97934,0.5438454
126266.8,-2.3877008,3.0883472,0.5938771
127696.33,-2.1449628,1.5491084,-0.7041905
133618.8,-3.0276442,2.9024148,-0.52333915
119657.84,-3.098267,1.2393719,-0.40825796
122170.62,-2.3100677,2.5778372,0.9435652
129453.38,-1.9841344,2.7862413,-0.8746313
124961.9,1.4215364,1.5186659,0.7832322
118574.734,-1.8691618,0.7028562,-0.6579227
126099.18,-1.8374238,3.1366005,-0.77318805
128561.8,-3.320073,2.4895368,0.5523014
120454.02,0.16858275,2.4746435,-0.4347758
126077.24,-0.93171525,1.2081114,-0.7769928
116620.92,-1.6539451,3.0104878,0.52957654
121002.016,0.4300988,0.5204588,-0.55848265
121553.52,-2.626915,0.45726132,-0.6300337
121307.61,-3.134156,2.9571135,-0.6547164
132507.5,-0.5332392,1.0082674,-0.648842
128848.33,3.9316382,1.0619804,-0.61219645
126813.32,-3.9062676,2.0233917,0.72039104
133133.72,-3.2182348,1.4834214,-1.1748837
123347.26,-2.777535,2.9891899,-0.31266665
128378.68,-2.7232752,3.1008618,-0.3532408
130895.41,-2.6660547,1.5098531,0.7117806
117848.51,0.034565855,2.76131,0.48830965
120713.17,-3.7657769,1.8111913,-0.39357466
131484.5,-4.1385374,2.9942408,-0.56912607
126103.945,-2.560908,0.53736067,-0.47083282
122979.05,-1.9223014,2.540615,0.40872502
115155.48,-2.5324352,1.2698052,0.55654347
124699.61,-4.162784,2.3387156,-0.6735971
116445.39,-1.9743679,2.8085868,0.834913
118820.59,-1.6063051,3.0542803,-0.44400656
116376.59,-2.2747762,0.6953869,-0.56872195
115213.234,-0.6167934,2.2433228,-0.8118639
116769.56,-2.8324938,2.8982399,-0.5739912
126763.14,-0.1683107,0.09255561,-0.23328146
127200.67,-2.6622686,2.0897331,0.6888391
117979.23,1.0048583,2.394784,-0.5979528
123212.42,-2.4701557,2.935283,0.6300969
118669.5,-2.3670971,2.7301102,-0.36374334
128343.695,-1.0546097,2.731064,0.62011796
129409.54,-3.4605615,2.9758766,-0.5134583
115985.125,-3.93187,2.2000723,-0.4085553
127396.43,-0.941602,2.6532176,0.78268194
125463.55,-0.384402,0.77047193,0.6842323
127652.98,-1.0879282,2.6622922,0.59559137
126119.83,-2.3596444,0.06276339,-0.2993009
126283.1,-3.7370703,1.8213373,0.5784777
130620.78,-2.9200783,2.1557891,0.6137498
118736.44,-2.2446325,2.7032478,0.5215317
115045.84,-2.973003,2.9091475,0.5373379
118258.695,0.92076534,2.3225205,0.72566164
120419.74,0.9526721,2.825791,-0.32856992
120504.14,-1.0523531,0.3345659,-0.41036585
123317.19,0.16279647,2.7566128,-0.41478088
115761.81,-1.2755286,1.4982016,-0.60166574
125620.484,-2.0674815,3.1077366,0.32981452
122689.805,-2.4133024,2.8374465,-0.3449342
119260.984,-2.2759037,1.6132609,0.92428243
122240.62,-1.3064207,2.8523083,0.20882021
118264.914,-3.9699495,2.056293,0.54552346
116914.15,-1.4769143,2.5624554,0.60264117
115078.664,-0.009800801,2.1364489,-0.5003362
130513.01,0.39889652,2.9364867,0.5937092
131267.39,1.8191233,3.0730166,-0.4831663
126409.46,-1.1139739,1.368411,-0.9644566
123776.19,0.7105527,3.0619776,-0.4602279
134185.48,-2.4247956,2.6767547,0.49501237
125456.9,1.3115077,2.8066475,-0.23107225
118510.12,-1.6316807,2.8874953,-0.7444754
115960.05,2.8468616,0.063555,0.63015884
130314.984,-3.8917377,0.16585684,0.3454807
115495.766,-3.2579572,3.051062,0.42123413
131861.2,-3.3521287,2.9658537,-0.7632255
117668.41,-0.6475453,0.37469697,0.41533566
124118.516,-2.157384,2.9427145,-0.49377736
128529.4,-3.2506435,3.1063104,0.31199494
133620.22,-3.8939939,1.4436424,0.48763534
128955.75,-2.9363568,0.47739697,0.43869564
116681.57,-0.5872637,1.6586885,-0.70498544
128887.89,-1.4799403,2.5344377,-0.71656287
125773.48,-0.32862854,1.5770364,-0.707645
119317.68,4.4065013,1.4679508,-0.8003903
129233.04,-0.48251617,2.8480957,1.037767
131304.34,-0.17207225,3.1158078,0.76882154
115714.49,-2.7553487,1.802685,-0.39833117
116777.71,0.87307835,1.071972,-0.5878867
117710.85,-3.3764753,1.222182,-0.60786545
126492.49,0.06547076,2.666995,0.33500296
132724.73,-3.1402888,0.12256706,0.42346868
128681.26,-1.1680969,2.5809994,-0.670735
133578.19,-2.4275956,2.0780706,0.46736777
121827.91,-1.8614029,0.8479331,-0.56441027
130653.07,-3.5377562,2.2048604,-0.75378823
121159.875,-4.513066,0.68560344,0.58895797
129422.98,-1.4390496,1.1326157,0.5675899
118587.375,0.8236743,2.2948346,-0.70996433
118018.08,-1.5875595,0.39916313,-0.8313813
126583.06,-2.3569145,0.59413195,-0.5575816
124181.33,-0.55039954,2.8137236,-0.8509921
125097.31,2.2477894,1.5126541,-0.5624624
119007.74,-2.2294638,2.3472826,-0.5079072
123294.74,-0.07325612,3.0989318,0.560012
115893.984,-2.375013,1.4666778,-0.6734628
117357.47,0.43968907,3.0070908,-0.49855676
118856.81,-1.1761914,2.4742417,-0.54075855
122333.04,-2.6274936,0.5214348,0.49327588
119673.19,-3.599383,1.0825886,-0.69590753
127042.86,3.016461,0.20512986,-0.5564385
129138.664,4.3286057,0.71877176,-0.8460787
115326.6,-1.9515742,1.2385824,0.58263606
118214.79,-2.041852,3.1255603,0.684304
117325.055,-2.9183714,1.2377276,-0.68261594
131061.64,-1.8021446,0.17541403,0.546296
116509.83,-2.9332836,3.0899029,-0.7450598
130725.61,-2.6600647,0.89717263,-0.5096649
128252.93,0.31412554,2.61027,-0.7745916
118817.35,-2.4419596,2.8358276,0.4277119
121618.54,-1.2661371,0.18592131,0.33492213
127789.16,-0.9453078,0.9282256,0.62231725
127673.46,-2.56373,2.2750862,0.59629965
122348.12,-1.3551302,1.6993405,0.6587393
132603.95,-3.1291687,1.8775706,-0.5664198
131647.92,-2.959934,1.615694,-0.61308724
118405.75,-3.5963457,2.2160738,-0.62433636
131814.9,-1.7092171,3.029386,-0.36684248
117024.45,-3.7243228,2.5695372,0.26386088
116769.83,0.9873207,2.6960428,-0.46909186
119918.23,-2.081622,2.9712768,-0.56713426
130545.46,-3.8419409,2.6157012,0.56306934
126817.42,-0.9006799,2.769268,-0.47391927
131510.38,-2.072433,2.15852,-0.44779742
132818.44,-1.311347,2.455259,0.5584777
118887.89,-3.945962,1.8441347,-0.73675346
115170.54,-1.2261316,2.5328622,0.63079375
133832.39,-0.17879309,1.7231344,0.5730237
118364.44,-3.7372963,3.1255388,0.4594218
121287.48,-1.4261405,2.7424545,-0.50153404
123472.414,-4.171633,2.8971262,0.33915856
134576.75,-2.0683591,0.6600237,-0.5782221
118368.42,-0.28094226,1.197299,-0.64069813
119533.97,-0.17852242,2.7379746,0.8509767
115390.81,-2.8211603,3.0851414,-0.6541676
118997.83,-2.6830332,2.2172122,0.50716233
124176.42,0.0021356174,1.9219972,-0.9835392
127169.516,-1.2995256,1.6842983,-0.8392185
120460.79,-2.5145357,2.4469717,-0.45368883
123034.27,0.21084508,1.0522113,0.57900673
127713.3,-0.9724337,1.4695992,-0.58992136
126128.65,-2.683844,1.3901714,-0.6597487
118643.77,-2.0995827,0.5598775,1.0104163
121754.8,-2.7320695,3.0334938,0.5750789
132406.81,-0.82262677,3.032404,-0.5561978
129260.11,-2.1642158,1.773223,0.59863526
116027.82,-2.2136831,2.6348388,-0.264727
134522.28,-2.672238,1.4995519,-0.8380359
119741.14,-1.16759,3.0240836,0.45881155
123173.766,-3.9701862,1.8789703,0.3530096
120561.11,-1.3632809,2.6456919,-0.5623853
123741.87,-3.4291682,2.9323971,-0.48324674
117557.92,-1.892381,2.6017501,0.6185814
126979.65,-1.5198598,2.3054266,-0.50204587
119713.78,-1.7407935,2.7721076,-0.49058306
124992.23,-1.9329405,2.3666492,0.73270446
119392.984,0.57362455,2.4733005,0.7195728
119773.195,-2.070685,3.0203063,0.66422445
117363.34,-3.5943131,3.140323,0.68837905
118216.66,0.7112672,1.9931151,-0.6165779
129321.78,-1.7946378,0.7927603,-0.78665125
128386.82,0.446464,0.65262365,-0.8292396
130642.53,-2.127463,1.759187,-0.6694586
128742.305,0.44000128,2.2847598,-0.6348056
123517.4,-3.5712485,3.062742,0.4501568
119673.23,0.514477,2.3456674,-0.74329954
115511.625,-2.2907019,2.03389,0.41336262
120859.9,-2.1721458,2.552584,-0.49779722
131203.11,-1.40661,2.81181,-0.5208029
126275.94,-2.9792306,0.5753629,-0.9189626
118950.88,-1.4823892,2.6872663,0.5504322
132521.0,-0.31353134,2.760457,-0.81179124
118422.516,-3.434877,1.6117474,-0.8125294
119625.32,-1.3863467,2.8723488,0.32100403
131482.11,-2.1042383,3.123464,-0.517954
128586.27,0.3856635,2.8897495,-0.30597445
129233.41,-3.3877544,2.941204,0.84353995
130726.57,-2.2098038,3.1329749,0.32111844
119668.68,-2.8477361,1.9766611,0.8842558
117281.24,-2.4688275,2.9795268,-0.40161967
116606.93,-1.4291989,2.7809696,0.6645255
121092.71,-3.0780048,2.2610598,0.5016528
120895.25,-2.509287,2.593006,-0.38546008
120849.38,-2.7702847,0.2949984,0.4682624
125401.305,3.9479177,1.3341409,-0.7097893
134752.02,-3.6950634,3.0934741,0.65247136
115709.91,-2.676988,2.4602425,0.5865108
128888.19,-3.585306,0.7087811,-0.58721536
129937.45,0.33704895,0.17362678,0.61561775
121874.11,0.5697711,1.3154327,-0.58389723
120861.06,-3.371127,2.0150096,0.7867169
127683.11,-0.03303317,2.5572627,0.77550626
115321.766,-2.8563154,0.95688885,-0.6649655
127486.82,-0.78905123,2.4742382,0.7481374
118413.945,0.3363813,3.0692294,-0.5231053
117311.734,-0.48154593,3.1084836,-0.71562225
127022.266,-1.5492622,2.85283,-0.43040836
115041.69,-2.9162042,1.4341114,-0.6010108
119805.445,-2.612741,1.7147338,0.84971464
120657.7,2.7455287,2.9257202,-0.47506583
117900.48,-0.70411724,2.4507747,-0.42641628
129869.2,-1.6396041,1.1028085,0.5052648
120892.44,-2.682225,0.5777066,-0.426199
117789.805,-3.284614,3.113759,-0.37676248
126210.266,-1.0778134,1.240495,-0.53555626
120730.59,-1.5658731,2.7606666,0.8278572
116227.69,-0.18321913,0.54715896,-0.5426741
129258.62,-1.1031545,2.9092362,0.40234065
126143.12,-0.21601932,3.0455694,-0.41454846
123481.29,-2.630401,1.6910428,-0.60589796
126738.0,-0.58609325,3.1187756,-0.30948088
118942.266,-0.7778564,2.4397423,0.558455
119905.26,-3.3286142,2.281594,-0.87045646
116263.07,-3.021347,1.8426906,-0.7466548
128782.94,0.07906688,2.9122984,0.6175435
128775.07,-3.2391925,1.0154825,0.60166776
126493.91,-0.031512152,2.4924757,0.7129884
128531.88,-0.4728351,2.6139908,0.65362364
116873.61,1.818759,0.93134075,-0.5907819
123546.67,-1.1126412,2.9007022,0.6490664
128176.21,-2.998033,2.1793237,-0.3994267
116608.01,-1.2654614,2.427173,0.48969194
126898.7,0.37180305,2.8261323,0.60741377
132142.83,-2.8604443,2.6543074,-0.6168315
120997.74,-0.87017053,2.9204133,-0.35795882
117824.516,-3.757921,2.5946178,-0.46419495
126887.35,-1.3667873,2.0589676,-0.5855478
133960.58,-3.7252657,2.707048,-0.586278
127895.83,-0.3628909,2.5832753,-0.7069795
116877.805,-1.5802778,1.8169315,0.5712354
121699.95,-3.278135,3.1259694,0.5579197
116688.234,-2.7638535,2.0647156,-0.9516733
129566.2,-2.525637,2.6532414,0.57947373
119778.67,-3.3770702,0.8378011,-0.45398474
128152.164,-1.5419146,2.4827938,0.5286106
124899.55,-0.16765583,2.790999,0.6503913
132227.17,-4.1634326,2.5189826,-0.499141
130969.63,-0.6855886,1.8776271,0.65069175
129529.27,-2.263572,3.0837271,-0.5788231
125740.12,1.8681135,2.2516022,-0.7795761
120959.766,-4.0037613,2.058974,-0.35963497
123890.836,-1.6992031,0.96458834,-0.52236015
124723.56,-1.1742533,3.0442972,0.45432886
115829.09,-2.842138,0.6191416,-0.5331536
125021.586,0.43607768,2.5144362,0.7382168
116608.09,-3.9321818,1.5480757,0.66044223
115803.58,-4.406025,3.0671198,0.55614555
130413.07,-3.5668652,1.6911619,-0.66127545
120504.875,1.4770666,1.515592,0.7685529
118966.93,-1.529182,2.3555536,1.0096071
120872.09,-0.2878047,0.46667457,-0.57555515
119338.91,-0.4497125,1.5168456,0.7171103
122455.38,-3.2250674,2.6930676,-0.6948369
127890.91,0.24267545,2.1256292,-0.86212575
126663.12,-2.2670662,2.9483101,-0.6502009
121881.305,-2.4498825,2.2784376,-0.67296684
117734.25,-2.9448907,0.53271776,0.5871519
128311.336,-3.3904126,2.7401679,-0.43472552
130039.65,0.7915952,0.16801095,-0.7968934
123248.87,-2.4028826,2.6989036,0.5969431
134686.39,-2.735356,2.8660102,0.637314
129404.86,-0.066523306,0.1621654,0.34541196
119626.78,-2.0301588,2.5318537,0.62532055
127004.195,-1.2975087,2.678174,-1.0430375
125514.22,-3.1562433,2.399104,0.6742769
134651.9,0.00573454,0.7712584,0.58492583
126549.33,0.5915009,0.8423226,-0.7097164
125992.53,-1.9715449,1.2548171,-0.6277595
124591.305,0.27980506,2.482984,-0.46285987
125716.52,-2.9000025,0.98689187,-0.5053201
126668.39,-2.7271295,0.01644969,0.36800718
118207.25,-1.9746609,2.8435676,0.60755104
131572.1,-1.8028511,3.0965333,-0.74726206
118699.27,-2.364798,0.87224424,-0.5158799
119334.3,0.03234,2.1401508,-0.6560096
134705.22,-4.0484266,1.5965401,0.75093055
115099.086,-2.5145924,3.1159115,0.46345094
129973.49,-2.386394,2.867038,0.68067783
117352.05,-0.2206536,2.7875445,-0.47760645
121292.16,-1.1447173,2.5169454,0.52460295
129255.14,-1.1547152,2.9361036,-0.4693533
126103.17,-0.21199547,0.7204661,0.7906053
117496.14,-0.7068462,1.7408441,0.50255615
122437.07,-2.3779528,2.668047,-0.52026176
117768.03,-2.1142654,1.033802,1.1197592
133104.2,-0.54389113,2.9702926,-0.45320475
123554.31,-1.6838982,2.5578988,-0.5208835
118960.3,-3.0257888,2.9951832,-0.29694954
118519.23,-0.7098312,1.372095,0.8160303
129824.08,-0.69302344,2.786509,0.38582382
134856.45,-1.5843785,2.7075644,-0.9092959
124217.01,-3.4389274,2.734387,-0.4236451
121553.47,-2.4221587,0.6484413,0.5274528
120759.2,0.40704226,1.3899362,0.5679855
126287.36,-0.97495925,1.1060798,-0.46126404
130417.73,-2.2019289,1.7858814,0.88361776
130171.25,-1.4733272,3.0225146,0.41345906
123794.43,-2.3793206,2.7125177,0.6240363
125425.48,-1.5512974,2.8800282,0.77481055
133692.55,-2.4763634,2.746684,-0.8316605
128327.45,0.6046965,2.5220299,0.6260379
117447.86,-2.602487,1.2162755,0.8453392
117293.4,-0.44593412,1.2479857,-0.71954936
117971.86,-3.887885,2.7575114,0.59445554
118748.29,-1.2391689,2.9933982,0.40050516
121690.63,-1.9739192,2.250406,0.6171159
117923.734,-3.4235883,2.6956773,0.50828594
133064.98,-0.47519457,3.0758967,0.46773115
115052.23,0.55321705,2.917539,0.47090936
119356.54,-1.3246045,2.2673686,0.6269666
124713.06,0.28655744,3.01296,0.537221
120211.086,-1.8502828,1.8702306,0.7846892
117061.21,0.22302347,1.3551861,-0.9735607
134016.81,1.5586289,1.340746,-0.9027787
118677.17,0.6995293,1.0745208,0.7547756
120941.56,-3.2799413,2.5651855,-0.72143686
125717.1,-1.0336161,2.0102222,0.5865699
122811.08,-0.92654175,3.1341555,-0.3462175
116416.89,-0.7367462,2.3094687,0.76543987
126522.234,-0.52609444,0.31301522,0.38723096
119530.44,-1.1023958,2.9791627,-0.38878012
130537.25,-2.9863052,1.49712,-0.8104612
123844.086,-1.6742396,2.7635124,0.52512056
116376.91,-1.031295,2.784341,-0.72852266
126297.68,-2.1881602,3.0591037,0.3734928
132082.92,-2.9361274,3.0733123,0.7408859
117495.164,-2.6713185,2.9461343,0.61233
129828.086,-1.6763321,1.2738913,-0.7594328
119925.99,-2.6670501,2.964568,-0.5331184
131344.1,-1.812593,1.9168241,1.135824
122639.44,0.14502838,2.891148,0.20464593
116817.12,-0.6959783,2.3506792,0.4505614
118203.11,-2.6088796,0.60231614,-0.5108729
115118.79,-0.9378947,3.1340837,-0.35393453
125162.27,-3.9079921,0.5642047,-0.5755964
120430.59,-0.04474006,2.5290518,-0.767159
118897.305,-3.2023983,3.0782175,0.34347484
128334.63,-1.5172395,0.10866165,0.34549782
126994.04,-2.63051,0.3280139,0.34709772
122590.89,-2.5547948,2.7737498,-0.3949912
121273.695,-0.09091901,0.6201787,-0.7650355
118254.516,0.79678684,2.5306928,0.5513945
120282.37,0.34498456,2.7617354,0.70787567
128343.48,-1.3122442,2.9723172,-0.8226615
125187.2,-2.5479846,2.8535964,-0.6915639
123225.13,-2.1837783,1.4527459,-0.7456196
119672.32,-0.93383676,2.2706947,-0.8696478
120617.98,-0.45911193,2.6236136,0.6608261
121228.44,-2.3862615,2.9413295,0.65557003
117530.52,-2.2516358,1.5293288,0.98196477
132613.03,-2.1830542,2.90335,0.2872328
129232.59,0.14306355,2.417498,0.73869234
115680.375,0.4086365,1.7517667,0.74325126
124339.336,-0.94128335,2.4680934,0.6281476
133974.06,-4.4563637,0.52879715,-0.5316165
125769.35,-2.6457949,2.2536569,-0.55661273
118944.3,-1.3913654,2.067951,-0.74829996
127034.984,-2.6883066,0.2722913,-0.5511894
134408.3,-0.5465726,2.1038022,0.7532727
132495.78,-2.9866354,2.3237767,-0.43988797
126015.55,0.56604856,3.086484,-0.6516429
119468.75,0.9901338,2.6104057,0.4732706
120265.21,-2.346679,0.32549226,0.4508511
115412.24,-0.8984318,2.8614917,-1.0074645
124435.29,-3.314033,1.8029162,0.5802437
119910.22,-2.9435582,0.44062462,0.475938
121189.01,0.86432946,1.8239468,0.72260505
132292.69,-2.6756856,2.016099,-0.82012534
129422.65,-1.9776578,3.0699914,0.1450997
129532.23,-2.249727,3.0781128,0.46043664
121213.414,-0.33158553,2.9172664,-0.4003375
127701.96,-1.8535924,2.1539176,0.7922836
131227.9,-2.940243,2.0312614,-0.4619116
116491.86,1.2360857,3.1161108,0.5846825
129848.66,-1.995194,1.6591935,-0.4580329
131040.836,-2.5172343,2.274867,0.73727804
125313.57,-0.20473437,2.7161589,-0.67562515
123875.26,-3.6115484,2.6830564,-0.31601998
133955.45,-2.8140907,3.0425491,-0.4970487
125812.64,-1.494244,2.7214732,0.5969036
133623.52,-2.4532056,2.0458546,-0.55429816
129074.49,0.12936379,1.1808267,-0.6607942
134912.77,-1.8283614,2.0927048,0.39272687
128003.74,-3.5834339,2.7198827,-0.67697597
121397.26,-2.3908503,0.8031092,0.8867614
127189.78,-3.8107853,1.5466886,-0.68186235
129999.71,-0.021728696,1.1164925,-0.48360994
126440.875,1.0254362,1.1992075,0.58688295
122505.984,-3.1642537,3.0367544,-0.48123494
125808.86,-1.5379385,2.2194755,0.38313088
119088.27,1.061142,1.84161,-0.8890149
123429.36,-0.81566596,0.6607044,0.55774677
129655.87,-3.5591037,1.5357596,-0.2632937
133571.69,-1.4146231,1.9389416,0.7251264
130006.39,-1.5901562,3.0369532,0.8964653
127881.445,-2.7431643,3.1332738,0.6365768
121147.3,-0.34786862,2.9160745,-0.669204
131528.1,-0.4674516,2.5302308,-0.577462
117054.26,-1.4949753,1.0883675,-0.61053514
121191.234,-4.0116987,2.971553,-0.3564937
116759.57,-0.6644558,1.844602,-0.6672929
130438.73,-1.8174443,1.930545,-0.5172074
120001.98,-2.9235837,2.2303114,-0.4936875
121773.54,0.061934784,1.8149947,-0.7506666
117507.04,0.6714531,2.6647675,-0.5337462
126105.41,-2.020271,2.7923512,-0.26426822
123612.99,-3.1818547,1.7815083,-0.6689989
134631.08,0.24260147,2.7109988,0.620537
132227.56,-3.8384416,1.9124029,0.5657324
121559.56,-1.8387753,2.8951178,0.5751295
130254.125,1.9712502,3.0768425,-0.43573773
131185.16,-1.1944393,2.832493,-0.6760114
116898.6,-1.5050974,2.5530872,0.56462854
121308.14,0.5749311,2.8508372,0.47069693
121718.15,-1.8668861,2.4026248,1.1564008
127130.68,-2.4195108,1.7715473,-0.33154258
116752.68,-2.2874722,0.39638233,-0.50422436
132516.94,-1.8946447,0.67283297,-0.472181
125612.47,0.9920407,2.9167454,-0.49433842
118207.55,-2.7368126,3.116385,-0.72697246
124311.375,-2.118715,2.2035725,0.5132813
131095.25,-1.4035584,2.8507993,-0.5382812
131889.23,0.60930634,2.6172738,-0.6548261
133616.08,-3.1507587,0.30277252,0.6763632
129446.4,1.1946794,0.31735778,-0.7755238
117175.734,1.1740679,0.8775862,0.53886265
125022.055,-0.83124566,0.029964447,-0.23630752
126000.586,-1.7631319,2.552477,0.4972356
128067.24,-1.242767,1.9244121,0.90368766
117696.98,-2.5520647,2.1859422,0.72514373
127695.38,-2.8325918,3.0555072,0.36409888
134679.62,-2.6724966,0.051851273,0.28978476
115164.85,-0.37014896,2.576434,-0.65624124
116973.41,-1.1524837,1.9705255,-0.57081276
118194.59,-2.077721,2.8493774,0.40594515
130037.516,0.8756722,2.0615048,0.4852388
116983.02,-0.63112926,2.67174,-0.52304876
116402.42,-0.97969615,1.9629377,-0.6217235
122115.05,-0.35295743,2.7555177,-0.4626009
115889.42,2.1219027,0.45360237,-0.6697616
125474.16,-1.5140874,1.6397378,-0.8180526
121387.39,-2.557185,0.6075759,0.52246183
128653.625,0.7781594,3.1026015,0.4724092
124447.9,-0.6659202,2.7457283,-0.689391
127429.09,-3.3735564,2.5922356,0.36747777
122102.836,-1.1096052,1.6575403,-1.0557604
128662.65,2.7427955,1.7720802,-0.83113515
132512.3,-1.963379,1.8966551,-0.7051704
120098.5,-3.1773686,1.5628935,-0.5332456
129154.64,-2.2027717,2.9243913,-0.568534
121147.336,-2.5563762,3.117206,0.6387518
129352.516,-0.097749256,2.5680976,-0.69616306
115342.32,-1.1024415,2.6267748,0.59513366
121748.914,-1.1510745,2.9789302,-0.4700458
129297.016,-3.1244,3.0240448,0.40469977
132789.33,-3.2296832,2.892341,-0.5625383
115933.195,-3.472317,2.5437677,-0.19356112
117443.81,-3.5707164,2.6266441,0.57242185
123353.99,-2.6423209,0.068811715,0.3191046
118891.805,-3.9080338,2.139471,-0.5458534
118625.01,-1.6960428,2.6843522,-0.63575447
133350.78,-1.9861348,2.8161707,-0.57712305
116421.195,-3.1496572,3.0724306,-0.42474976
115583.85,-2.7113116,2.6971817,0.79348534
121496.195,-0.9938865,2.9996967,-0.54055065
131568.44,-3.5718434,0.9900455,-0.7343763
122771.18,-4.0051,1.6528398,-0.66699684
123225.45,-3.722435,2.666074,-0.6034356
125877.195,1.7255353,0.83092594,0.67128295
131996.56,-1.440721,3.0701241,0.375757
131199.1,-2.5986614,0.33322173,-0.57567006
121333.13,-2.8389463,2.1107557,0.72281903
117482.41,2.0826657,2.5740144,0.6527136
129850.766,-3.5822916,1.0069894,-0.67507416
124831.75,-2.9252224,2.9282398,0.63374656
128694.24,-3.4524548,2.8520508,-0.74929476
117843.21,-3.240842,3.1053867,-0.56067616
115411.86,-2.2220073,1.0665622,-0.45214197
116278.25,-3.3965678,2.444446,0.52945125
132659.53,-2.9959958,1.3950161,-0.53572106
116399.62,2.0922492,1.8442494,0.5796755
128666.15,-2.7199883,2.9830153,0.5707255
133000.44,-2.1114697,3.1103945,-0.647183
133122.52,-1.8660649,0.39161894,0.46630812
126347.13,-2.2330236,1.7872645,0.428074
116915.3,-3.5132892,1.7870953,-0.5505184
131172.08,-3.1847029,2.00505,-0.88374627
124397.11,2.0866983,1.4273123,-0.6579048
133824.08,-3.5333765,1.4535937,0.6016755
116533.61,0.8967591,0.057551265,0.21042398
119685.43,-0.0353099,2.1279175,-0.94919866
127441.0,-2.3938634,2.264387,-0.80769914
132851.88,-3.239578,2.9585357,0.46724087
131537.92,-0.016420636,3.06093,-0.6135057
117399.51,-3.7903168,2.2430604,-0.44676012
123742.125,-2.2888348,2.940465,-0.64108926
119196.695,-0.60722476,1.6658081,0.590409
133997.1,-2.7901,3.0270433,0.66127497
115031.67,-2.0014007,2.0380998,-0.79364854
119378.375,-2.7501667,2.8799634,-0.56236255
118958.32,-2.3569026,2.6261601,0.59997034
119566.586,-2.3387368,1.257884,0.6351767
116023.875,-2.6173122,3.0263674,-0.41973993
121609.414,2.587456,1.2339833,-0.6120097
120915.45,-2.2331634,0.7962512,0.57933694
117218.2,0.06037989,0.8101793,0.7441025
116535.72,-0.23492053,1.8422163,-0.7263822
119124.984,-2.5228512,2.5029335,-0.71282786
115647.99,-2.5904272,2.5108123,0.7681237
122373.77,-0.44280234,2.673974,0.5276905
131787.86,-0.37077096,2.2844715,0.77076954
121196.2,-2.4523664,1.2807112,-0.5033173
126507.2,0.27234045,1.3943187,0.5251477
127074.71,-0.76739687,2.922758,0.76074004
118880.27,-1.8758955,3.1251338,-0.6052439
122657.25,-1.8931395,0.45325816,-0.45560792
125866.48,-0.27550742,3.0794935,0.54886883
116349.984,-1.2109156,2.0620918,0.77757794
126060.94,-1.0453532,2.7275448,-0.8402886
119104.516,1.2356241,0.4862126,-0.68138766
120634.766,-2.3458989,0.50509405,0.468549
125783.79,1.613975,0.46921277,0.6764485
124542.195,-2.1484869,3.106775,0.5518285
127042.0,-2.9553895,0.5904642,0.6514985
127200.984,-1.0066426,1.977012,0.5886818
134028.67,-1.673693,2.8890734,0.62491083
126877.84,-3.233184,1.2024676,0.71852624
122501.57,-3.982042,0.531127,-0.4893138
128377.58,-1.6327002,0.5464115,0.7116335
122702.875,-2.1853588,2.787927,0.6294286
116377.87,-3.4276927,2.2738972,-0.62928295
126234.12,-2.8389037,0.7028347,-0.5791763
123602.13,-2.1739936,2.8282318,-0.6985637
132485.7,-2.5703263,0.26399797,-0.46872357
118620.57,-1.5081437,3.1208022,-0.38345018
129046.8,-3.2750912,1.4828817,0.7662535
122444.68,-2.6607344,3.1190333,-0.6063957
120513.41,1.872865,0.60367537,0.7590393
125247.3,-1.6330757,2.4070046,0.5863813
123626.9,0.26591137,2.9830008,0.5862782
128217.086,-1.6333982,0.7620907,-0.5600458
117968.02,-4.052934,2.7140307,-0.53680456
118275.4,-2.5010123,0.24645919,0.61265314
130735.53,-0.40745458,1.7449982,0.82607293
122630.516,-0.9914282,2.8230505,0.5107935
121010.62,-2.4384294,2.8368769,0.3047973
129962.445,0.21379335,2.8165321,-0.37969422
115020.43,-3.4271028,2.4678555,-0.6752589
131315.9,-2.0854611,2.974086,0.6637431
126447.38,3.2019277,2.4789631,-0.62426794
129927.914,-1.8958362,2.9831135,0.67573196
127233.4,0.65036225,2.3593767,0.49610233
127204.914,-2.4806468,3.0751271,-0.5319676
133491.4,-3.3857214,2.3834872,0.6343102
116072.586,-1.4499435,2.0281212,-0.9102279
119103.195,-3.968968,2.583255,-0.738963
118438.37,-1.7789664,3.0860076,0.2829246
115680.92,-3.5955844,1.4865315,-0.52466345
119960.39,-2.082911,2.3817625,-1.0237836
133385.34,-2.6837592,2.988293,0.36277533
120432.945,-3.636392,0.70336246,0.5229669
118428.33,-1.7932218,2.6711063,-0.8358951
120419.59,-3.2434113,3.1360705,-0.6431206
122074.305,0.43332952,2.792991,0.25289297
132049.2,0.034171473,2.3345835,-0.5514726
128324.945,-1.426648,1.1817915,-0.94448423
124017.78,-1.8560987,1.1067536,0.5228589
117799.46,-2.8347757,1.7146356,-0.81699556
125735.44,-0.95228237,1.5960809,-1.0415682
130051.04,-2.9976027,1.7626798,-0.6532198
128949.44,-3.3328576,2.816102,0.40541613
124344.17,-2.1683812,1.7601042,0.8541803
123179.95,-3.2073858,2.5647807,-0.58827966
123423.07,0.12578206,2.8592334,0.91369456
134206.89,-2.8381138,2.8429658,0.5752611
121850.57,-2.1814034,2.9958797,0.5076664
131781.62,-1.0348301,3.0482416,0.6706576
134515.73,0.31080103,1.3732648,-0.6786286
122292.44,-1.4404382,2.404073,0.77175343
131186.22,-2.4069421,2.4242578,0.6397612
134393.52,-1.816336,3.042071,-0.54909664
130709.125,-3.3062859,1.3108374,-0.4767936
129574.42,0.13354917,1.690206,0.59340847
122471.73,0.24848697,2.8667078,-0.8633374
123071.68,-2.904115,2.988595,0.6508581
127002.13,0.4045837,2.951845,0.44209793
130713.81,-1.1942133,1.4107072,0.6154048
120266.8,-1.1332334,1.7618906,0.5836302
121061.15,-1.7390599,2.1840496,0.6614679
124832.94,-2.606831,2.0645556,0.79643196
122827.71,-2.7692442,0.82675856,-0.48677358
124423.72,-2.4376504,2.594881,0.7036825
129437.1,-2.8059638,2.946074,0.4586843
126048.16,-2.3450172,3.0054593,-0.33591902
115298.414,0.041698076,2.8906476,0.46530646
116803.51,-0.43079883,2.1014977,0.56075513
119587.805,-1.34945,1.4227061,0.6700092
119848.76,-1.2525091,0.28408372,-0.43785876
117729.96,-3.463072,3.032131,0.5417981
128993.766,-2.4938376,2.9911807,-0.5972254
118070.25,1.401769,0.6500378,0.54261327
120127.9,-2.442869,0.79731053,-0.8894461
128484.04,-3.2725568,2.19839,0.36457554
117223.125,-2.6812124,0.2891084,0.9679034
120824.67,-4.031755,2.4287653,-0.6413158
130920.17,-2.7795255,1.4341623,0.57153296
116386.16,2.4839282,1.9166894,0.8160464
126144.78,-0.819116,2.750534,-0.54220045
119589.41,1.38752,1.4703526,0.8005269
120540.24,-3.2656677,2.5932982,0.5824382
118928.65,-0.36811975,1.8617969,0.59244627
133715.08,0.48704264,0.73043907,0.8272828
121069.87,-2.4960842,2.9526737,-0.2302575
119667.49,1.4975169,1.7500324,-0.5887173
116761.04,1.0240976,1.435552,0.5525523
126329.22,-2.1676238,2.4775543,0.6664108
128479.72,-1.8760853,2.9289806,0.50780594
124253.71,-3.2033455,2.5972157,0.9686401
116673.914,-1.6382524,0.63213855,0.71661067
128125.04,-1.6074125,0.7412296,-0.5810219
134675.39,-2.4186318,1.3239087,-1.100801
129129.49,-1.8759042,0.33538604,-0.77582216
127747.766,-2.6347167,1.9983351,0.9311067
131056.82,-1.4304373,2.8082547,-0.64210874
118856.26,-2.41911,2.8324564,0.6473559
119231.21,-3.407347,0.57032406,0.5056936
124318.15,-1.1329677,1.3275703,0.53721744
121276.195,-1.0057935,3.1090972,-0.38259268
132314.3,-1.475534,1.8950493,0.36265898
125932.45,-2.6426735,2.6119387,-0.45812166
126298.55,-1.7258977,1.7663373,-0.82131684
121118.89,-1.9870222,3.0657103,0.45126188
116571.37,-3.7451894,1.8149799,0.63359654
119330.14,-1.945067,2.3320475,-0.4875624
125296.34,-0.08133685,2.687301,0.770106
128426.54,-4.184218,1.1194228,-0.54575866
134628.23,-0.4225535,2.0147443,-0.69971746
131133.69,-3.4564295,2.0984674,0.42579854
120558.43,0.85842264,2.7186744,0.88004476
119581.12,-3.5538085,1.564412,-0.45868742
123667.38,1.5845083,1.802906,-0.81708455
120311.49,-0.70185673,1.3077,-0.7675962
130393.14,-1.6952709,2.84083,0.4314737
124421.85,-1.2106091,2.1859488,-0.70489556
129301.22,-0.04562488,1.4101303,0.8227004
120496.13,-2.8864346,0.48808265,-0.57479036
126897.625,-0.048447754,3.1194146,-0.42383188
125523.484,-2.5884957,2.9539318,0.5004192
133210.72,-0.4007222,3.0886385,-0.523251
128777.48,-0.4600592,1.3763677,-0.70789135
121165.484,-2.0014281,2.9560206,-0.49438456
125970.21,1.29893,2.9769244,-0.38486186
118815.97,-1.5865946,3.1378481,0.6749701
133047.95,-2.2527747,3.0685825,0.5829248
123947.04,0.28502792,0.038622625,-0.63390744
117634.34,-0.96312404,1.7348447,-1.3395056
124412.69,-2.3282268,0.87813157,-0.54189914
128882.125,-0.38873613,2.2339222,0.58981144
129799.75,-0.8476174,0.58119655,0.61047196
132090.0,-2.2451167,1.6653886,0.38897356
130890.49,-2.5811727,1.4293021,0.5404081
126095.52,-3.8584666,0.87779206,0.5680877
129050.484,-0.5954019,2.9403436,-0.5345231
115270.484,-0.4679915,1.9904417,-0.6956362
123906.81,-0.5792035,0.00043582916,0.2883483
119497.09,0.41057476,3.1400368,0.4341984
128138.29,-4.345438,1.0083147,0.770964
115169.91,-1.1811631,2.6522403,0.6532224
129577.734,-3.6905541,2.510761,0.5306048
126933.21,3.7040193,1.580102,-1.023745
127579.57,-2.7515643,1.8909951,0.40812314
124460.05,1.2361791,2.1354482,-0.5493953
122039.35,-3.7805126,2.7605968,0.68079984
119762.64,-3.2918963,0.7915372,-0.7542326
125730.18,1.4348152,2.7587743,-0.89256936
127346.95,-2.9329147,0.9546907,-0.358321
119450.336,-2.5956469,3.0540864,-0.72050387
132925.25,-2.0582469,3.103187,0.6731918
129408.945,-2.6265516,2.7679002,0.45531133
123131.74,-2.1495383,0.6761495,0.46896547
117366.97,-1.9300823,2.7627225,0.5617802
120296.64,-3.0780015,2.5416732,-0.7591703
127658.8,-3.3429868,2.8173838,0.47555658
115291.33,-3.3667002,2.637359,-0.6928895
117506.51,-0.55907255,2.7134793,-0.49255738
128926.46,-4.3646593,0.09606007,-0.55174834
132003.06,-0.61447966,1.5751715,-0.61916745
124653.07,0.7022976,2.447561,-0.5976286
125045.39,-0.43230852,0.9018057,0.6401169
115939.266,-2.3854513,0.9517137,0.53095746
119054.625,-1.2272831,2.7542682,-0.72975355
128764.664,0.5330882,2.2731376,0.6313012
117517.39,-2.5803282,1.7562289,-0.7340699
126544.945,-3.4833071,2.0223532,0.38546047
123186.41,-3.3233788,1.0779898,0.5296365
117089.125,-0.45276248,1.6288081,-1.0309248
130002.67,-0.22813438,2.9632843,0.26820415
116498.1,-2.4275723,0.15555412,-0.30430776
121414.04,-2.6517107,0.80789685,-0.8101271
126252.74,-1.8659997,0.49600637,-0.41859794
120334.97,-3.5749342,1.783081,0.47982946
130075.59,-3.6187165,0.65097547,0.7721217
130856.72,-0.28306806,2.8304112,0.68883437
131664.3,-3.1942635,3.0964582,0.7035678
129177.78,2.390664,1.1015601,0.6773959
130155.08,-2.4670937,2.9035711,0.36577657
122112.85,-1.1463223,2.909608,-0.79051065
120843.055,-2.0863576,0.7248717,0.5410262
118083.94,-0.7910828,0.6371575,0.6235263
122315.22,-0.52611727,0.93120676,0.9263867
128771.99,-3.6232877,2.629511,0.57332873
120116.61,-2.8749444,2.6247952,0.6411326
121541.445,0.4965092,2.7632513,0.5233006
119577.97,-1.959727,1.7324588,-0.5755045
133676.0,-1.8479894,2.111362,0.9058661
115806.21,-3.546992,2.2052033,0.5119835
117120.06,-2.8090925,2.8883533,0.21134435
119674.766,-3.596528,2.9693997,0.43875608
118600.33,-3.511011,0.23111933,0.31199458
127184.07,-3.386595,2.9152033,-0.4228862
122142.35,-0.7141547,0.41207078,-0.5323057
123771.09,-2.463787,1.0624245,-0.64089954
117091.11,0.89172024,2.653447,0.8214175
115651.01,-1.6665572,2.7759454,-0.8305621
124278.945,-3.1435468,0.56127435,0.63449585
115278.55,-0.9289866,2.9326513,0.56607336
128690.67,-2.2414367,1.4797046,-0.7140612
132584.05,-1.2593143,0.7581177,-0.9238943
128795.82,-2.1116877,2.3157,-0.74353325
123566.17,-1.9124548,3.0731595,-0.34125972
126742.5,-0.96121496,3.0122638,-0.71335834
126872.97,-0.99749297,2.8456516,-0.84756505
122468.14,-1.9186077,0.30102134,0.73063785
125450.46,0.5184689,1.2540338,0.6065875
119821.07,-2.0103967,2.8119931,-0.4432819
126840.52,-2.5945442,0.440516,-0.692541
127852.62,-0.42744845,0.46104038,-0.90523326
115464.8,2.8508768,0.76881063,-0.5202227
130651.95,-1.9142109,2.3330395,0.6279169
134767.03,-2.9188268,2.7995896,0.83835715
128068.516,-0.759117,2.9257107,0.43986654
116481.81,-1.7157935,2.6270056,0.64798355
123573.68,0.86069113,2.9984221,0.7913546
121654.73,-2.92052,3.0119119,-0.56216884
130613.03,-1.8593006,2.9065418,0.51885587
128511.1,-3.3368647,3.071209,-0.6306004
127537.1,-1.5900084,0.2957992,0.6437951
123814.914,-3.3221502,2.5975595,0.64132583
120077.086,-2.0788038,2.8304253,0.6344926
117081.12,-1.3481076,0.8109728,-0.7050427
123369.12,-0.0916907,2.121094,0.827113
120386.99,-1.4110891,2.4016483,-0.631063
120893.04,-2.901646,1.8697246,0.7716844
123036.99,-1.1443166,2.1181517,-0.7216974
119272.984,-2.5831537,1.388081,-0.7598397
128031.125,-2.2251775,2.8263416,0.5701632
132999.06,0.36973828,2.750107,-0.28845388
115217.39,-3.186365,1.0906155,-0.45416412
126515.17,-3.5293148,1.7189893,-0.41658133
115987.914,-1.204589,2.5394087,-0.7229537
122692.625,-0.98648643,2.3212035,-0.6609646
129804.0,-0.5949861,1.5221334,-1.1244599
127711.97,0.8707804,1.0049745,-0.90836865
130686.96,-3.502435,0.17222112,0.42798254
132123.48,-1.969695,1.5166991,-0.7392549
134422.66,-3.6703165,2.6058865,0.6462115
118834.52,-0.65292865,0.82385635,0.6019835
116268.414,-4.2574916,2.1963356,0.85058683
119365.75,-3.4547439,0.7602956,0.9049961
116774.016,-3.55065,2.8310475,-0.5533307
132830.34,-0.53136635,1.9474765,0.6892166
130112.05,-1.9448931,3.1402366,-0.6606409
126856.695,-2.652913,1.4874599,-0.47052127
115588.45,-2.0994744,3.0929556,-0.51578486
120992.83,-2.82746,2.8974874,-0.50099033
122970.79,0.67579675,0.96406376,0.56309724
116642.3,-2.6312132,2.7861552,0.4338363
125166.8,-0.61854184,0.3345741,-0.5251382
116816.39,0.814228,2.879875,-0.3672704
120509.52,-1.9028511,1.6709327,-0.8500511
117255.84,-2.0849407,2.1649165,0.8424208
129703.08,-2.8434696,1.8647294,0.7179928
129873.53,-2.1735704,1.200081,0.77792245
115561.24,0.09095305,2.8053977,-0.6380684
116092.01,-3.5399256,0.37306464,0.6109346
132044.56,1.5539565,1.576424,0.59681547
120788.57,-2.6746154,0.8935782,0.4951579
121558.086,-0.58519477,1.5412003,0.60004216
134921.58,1.647113,0.5813234,0.5390344
121426.9,-1.302386,2.669757,-0.52744097
121553.19,-1.4872665,1.223851,-0.9201136
116821.28,-2.200012,3.026527,-0.5503307
128882.54,-1.1624565,2.9898489,0.40818718
118076.12,-2.8502738,1.5089678,0.6484854
117384.93,-0.23257509,2.3640878,0.5774608
131991.44,-2.3482935,0.39752722,-1.0378939
124645.66,-2.9103673,2.9992108,0.62308645
120358.945,-2.7142057,1.1699966,-0.4267327
117521.74,1.5788565,2.9951406,0.3433356
119500.65,-2.5421531,2.5610793,-0.5384373
117773.445,-0.086054154,2.3728406,0.57229984
131938.31,2.413505,2.9651005,0.28589147
119600.38,1.1524396,2.5904293,0.51011825
123206.9,-1.2400353,2.9114761,-0.31452066
118874.734,-1.4212409,2.9726121,-0.71296
120079.58,-0.29298478,0.26773155,-0.54759586
121975.07,-1.8717941,0.3284705,-0.6869027
132127.5,-0.924349,2.754876,-0.6213895
124026.41,1.9057592,2.4023814,-0.727347
120857.99,-2.3228428,0.54371864,0.75554526
120403.5,0.7312672,1.4907985,0.82140195
115379.18,-1.9021163,2.753508,0.59117395
130822.07,-0.9556884,3.10185,0.5048553
126920.14,-3.831525,2.5628893,0.5779455
130356.73,-2.2265725,2.9279175,0.49815556
120866.02,-2.9202497,2.873887,0.37763724
133702.42,-2.7664492,2.984988,-0.4280586
118744.516,-1.8667792,3.1075222,-0.56713337
121977.24,0.5978389,1.803772,-0.6078047
129804.51,-0.7624984,1.5286419,0.6569654
133626.5,-3.9307835,1.0791701,1.1720695
132464.1,-2.062204,1.5983043,-0.9165379
117824.33,-4.058985,2.1041036,-0.59113955
120121.72,-3.0718732,3.1268167,-0.3028369
131054.055,-1.126473,1.8209472,-0.80461025
119496.16,-1.3919641,0.8215809,0.8344462
115778.53,-2.566902,1.7798291,-1.0469874
122823.25,-2.8249156,1.7946632,-0.72418046
115511.07,-0.39939013,1.2114358,0.6317561
133534.83,-1.4641742,2.1287317,-1.2160456
118384.97,-0.45146647,1.3369145,0.85939145
120044.77,-3.3644671,1.6669494,0.80795014
132213.34,-1.9859997,2.9903467,0.6901932
120467.91,-2.635995,2.2251747,-0.529624
127097.71,-0.38870123,2.2880936,-0.7302439
125419.26,-3.7303896,1.4597325,0.64901894
130991.59,-1.0797435,0.20728126,0.5839962
132493.44,-1.4046975,0.22317863,0.4765321
134862.89,-2.6552641,0.04527289,-0.8170076
120685.18,0.7014572,1.4375098,-0.6381932
126555.734,-3.2278755,2.8623493,-0.6005162
117682.52,-4.0446887,2.2684145,-0.49299604
117054.234,-1.6651071,1.8211365,0.5145502
116019.58,-1.9275357,1.004794,0.47184962
125721.71,-0.56422883,2.512327,-0.26554555
126047.0,0.56155705,2.3112931,-0.90024203
120914.586,-0.79599667,2.0036602,-0.42501283
125334.65,1.6091129,2.582375,-0.63417006
115316.96,-2.814807,2.1050282,-0.6007383
115658.6,-3.5469785,0.80953246,0.49938875
132258.42,-1.717899,2.2876291,-0.6436945
117169.47,-3.8070567,0.5508492,-0.6412723
130307.445,-0.34031144,2.5586593,0.636726
124911.08,-0.9044984,1.3056217,-0.8601751
116173.7,-1.5141556,2.457169,-0.89303017
127943.22,0.0023202184,2.8625984,0.763575
118933.42,-2.2193096,0.7667806,-0.609517
125608.14,-2.197888,2.6027658,0.7188827
132089.83,-2.3969333,0.9232124,0.78123146
119167.06,-2.0302937,2.0285363,0.74479353
133850.84,-2.4507852,2.5175283,0.92059803
133057.12,-1.6228448,2.9931657,0.5088893
123305.305,2.3685699,1.5356588,0.7032686
121227.02,1.3067238,3.0828154,-0.8557556
116574.19,-2.559686,2.9449723,-0.4622481
128908.91,-3.0262566,3.0710132,-0.7536048
131343.38,-2.9259517,0.44841,-0.3735678
127421.1,-0.9440006,3.0417244,-0.41221473
124522.234,-2.9059095,2.9058595,-0.4467082
119349.766,-3.0928624,1.8324386,0.61345124
120550.4,-1.3171641,0.5737314,-0.57497054
121593.16,-1.9897546,3.0291228,-0.39853856
130493.84,-2.1843517,1.6622813,-0.71241504
117216.08,-0.75486225,1.2827908,0.68596375
133709.28,-2.2197273,2.7140088,0.46702927
134632.6,-1.1161884,0.031650484,0.2612902
122135.23,-0.88445246,2.0295687,0.8551114
130611.91,-2.3474667,2.862605,-0.6452597
124636.9,-3.0589895,2.5762367,0.536734
118853.24,-2.128757,2.8399568,-0.7827986
121558.32,-1.9821544,2.8337522,-0.47448972
124385.73,-1.9511408,2.9793615,-0.5309986
121551.086,-1.2297873,2.8774238,-0.4258877
132405.47,-3.1614785,1.5887707,0.4888411
119971.05,-2.0961466,2.6224916,0.9122894
127859.02,2.9617236,3.1284158,-0.28388745
132986.62,-3.5146713,0.42469788,-0.5863787
131234.27,-3.406164,2.6780465,0.4966765
117263.44,-0.817644,0.64098686,0.5175085
115437.56,-0.8675353,2.7199903,-1.1810086
125005.66,-2.853766,2.7963898,-0.54938006
125228.766,0.2431767,2.8635397,-0.55818653
129733.29,-2.6624327,2.7930138,0.5901504
115478.5,-3.492337,2.2226195,-0.57021284
118272.27,-3.294655,3.0669928,0.32379782
120468.164,-1.0595409,2.9802933,-0.6464062
133723.17,-1.7714307,3.139573,-0.6220297
134787.61,-3.3661392,0.54059964,-0.5293932
121363.48,-1.777788,2.4219103,0.30674642
129198.79,-0.6043747,2.8310494,0.2542368
124083.9,-1.2443914,2.2790835,-0.53682446
124753.01,-2.1347203,0.04572536,0.58775
131509.25,-0.7857201,2.7581527,0.63108003
126373.29,1.75462,0.095211625,0.43244863
117140.91,-0.31936464,0.5845442,0.48300624
120201.93,1.1023017,2.754616,0.5595958
121352.22,-2.3365815,2.5316477,0.47751835
117152.914,1.7392277,2.5202632,-0.6065161
125289.77,-1.4285762,1.1238571,-0.50378007
134195.98,-2.1537657,1.6760536,-1.3190123
118403.82,-1.8032757,2.473632,0.6055687
118938.7,-2.6246805,0.82433796,0.7401204
130241.37,-2.7839024,1.7692306,-0.73261607
121097.62,-2.0881186,2.973372,-0.63141
120557.36,-3.4347243,2.8154452,0.31179133
116657.0,0.61443573,2.354006,-0.66455144
121889.63,-1.4780408,3.0851336,-0.33536637
132562.9,-2.8466687,0.7010764,0.62862664
125458.49,-3.1576366,0.17260298,-0.34988457
121656.51,-3.4856298,1.0330535,-0.7860122
120322.94,-2.6279688,3.1350691,0.51979095
121449.88,-2.8316364,3.076225,-0.7906619
134375.34,0.012101564,2.7174456,0.569602
117165.76,-2.7082582,2.60273,0.5499804
117914.13,-3.192757,2.9184904,-0.79499966
122262.664,-2.5151403,2.6084409,-0.50313586
134927.2,-0.11455972,2.6312518,0.32782206
118295.055,-1.4843049,3.003112,0.6026801
121294.22,0.6141599,2.2313201,-0.580872
116932.02,-1.2456076,2.8046284,0.6931733
124728.88,-1.8480961,2.9768078,-0.3490022
128049.945,-2.9122386,0.72754997,0.5202158
131728.39,-3.0309982,1.101204,0.5087658
119715.695,-2.6838863,2.568058,0.70233434
116971.63,-3.8806155,2.819396,0.5581852
116950.0,0.16408367,1.6732912,0.5962242
115385.055,-1.6249785,2.1847265,-0.3277906
116970.59,-3.4225216,0.41046226,-0.5884319
117270.82,-2.3729055,3.0327837,0.4411947
126934.734,-1.2152119,1.7670361,-0.5041506
121463.48,1.4485693,1.1539103,0.74890316
117071.5,-2.5519588,1.7224795,0.7873175
122720.14,-2.8083997,2.2996294,0.38194665
122413.375,-2.3871741,2.9944482,-0.89206946
125112.18,1.6657563,0.5856211,0.70097953
125207.25,-0.029178621,2.2612133,-0.89848876
117087.84,-2.7544453,2.2510896,0.8626997
131070.96,-0.33025745,1.5145959,0.81244665
133687.55,0.34320542,2.0380158,0.93686706
133466.62,-2.8727164,2.7324865,0.56232184
118801.375,0.7810809,1.5460947,-0.72940147
132233.36,-3.475136,2.9871993,0.81274664
125084.75,-3.0420496,0.190494,-0.43528742
123906.57,2.8834827,1.4766406,-0.7831581
115829.65,0.36964256,2.3426125,-0.5714276
116204.17,-3.0207376,1.862073,0.94679695
129409.15,-2.0267262,2.788959,0.39196554
121629.09,-0.57182336,1.8202937,0.70061165
120916.16,-0.977679,2.7130063,0.529784
115496.05,-2.6943161,2.1744478,-0.6652826
130378.25,-0.36672834,1.4285953,0.7580731
115314.46,-3.3334212,3.0274417,-0.65589815
121567.14,-2.519764,3.0683212,0.57583034
130349.67,-2.1761649,2.9160101,-0.66406244
130080.914,-2.357442,2.6902502,-0.59139967
118072.07,-2.633267,1.5530139,0.35293266
131511.39,1.1934339,1.4874462,0.58127666
125678.414,-1.2437739,1.1346222,-0.6084581
133967.22,-1.6962348,2.8846087,-0.7526105
123230.2,-2.161958,2.1842973,-0.58268577
119140.65,-0.5226464,2.1520224,-0.8045486
127425.086,-2.9092746,2.6043208,-0.9490318
121470.07,0.21889172,1.4649806,-0.54256916
130639.9,-1.5815064,1.1781895,-0.69780564
124751.83,0.0048772176,2.911561,-0.4055509
124335.63,0.75914896,2.5661182,0.5244498
123489.05,-0.57604575,2.1914682,-0.7866997
118113.36,-3.0600548,2.336441,0.40953612
127999.19,-3.4478767,3.0120473,0.3493059
123550.9,-3.180884,2.8130012,0.59308445
133509.73,-3.4234457,2.561488,0.66043067
123948.875,-0.5328462,0.6044638,0.48087004
119011.24,-2.0674407,3.0397098,0.9457311
122637.59,-0.06125736,3.0743206,-0.530933
115906.73,-2.2974799,0.6206989,0.4872107
126923.49,-1.9979761,2.8970733,-0.6535416
126356.68,-2.5306695,0.032441318,0.28018567
124255.445,-3.4633303,1.7052369,0.7426999
122568.2,-0.094683416,1.3353525,0.7874104
128639.164,0.9817736,3.0814621,-0.59192085
131659.81,-1.4542327,2.942319,-0.68525517
133709.48,-3.7635207,0.11526847,-0.23890294
130088.39,-1.8505944,2.3509254,0.59001845
125643.445,-0.4241573,0.21922922,-0.46966785
118896.8,-3.5822668,1.3362876,-0.45345157
126851.15,-2.5407262,1.7708443,-1.0511888
120021.09,-1.2431698,2.8021934,0.67791843
134871.77,-3.735931,1.0141973,-0.7256909
130170.34,-2.7966232,2.4911475,0.5903553
116087.62,-3.0129507,2.8737578,-0.6151169
122767.586,0.58801925,1.1271815,-0.6866395
125869.65,-4.3204093,1.6779647,-0.6050365
120418.086,-0.47919,2.8761685,0.4395964
121414.06,-1.4851495,1.8881903,-0.45809096
120207.766,-3.3736053,2.6339903,0.822317
115022.9,0.52924967,2.9162521,0.66094255
119651.85,-3.7335918,0.4181165,0.5427821
131398.69,-2.3727574,1.2704203,-0.8193338
128464.04,-0.04827128,3.1152182,-0.65300244
116128.66,-3.7234783,3.1005514,0.18643714
126426.75,-1.7334664,2.580428,-0.83376205
127164.664,1.1688104,2.0781817,-0.7217092
120854.8,-1.8482575,3.0927234,-0.34680906
118565.21,-2.2710416,2.9100018,0.5992458
124724.555,-2.219326,2.6734073,-0.64255756
121434.86,-2.2633367,0.13964498,-0.6000276
133219.47,-2.7132518,2.708448,-0.27866867
118910.56,0.06347943,3.1285436,0.41355866
119000.164,-2.7295797,1.7722006,0.4286505
124595.92,-1.5274572,2.9995902,-0.76886815
126011.01,-3.0702863,2.3478425,-0.86191875
119339.19,-3.1005812,3.1340961,0.31478435
120572.6,-2.222748,1.4696136,-0.6285754
116662.125,-0.33404562,0.7699224,0.624687
120869.35,-0.021526422,2.9877067,0.34894872
134809.31,-2.5198815,1.1948081,-0.38606867
122825.516,-2.6541593,2.5197275,-0.28380057
116486.05,-1.1547217,0.3318429,-0.35502997
130795.99,-3.750685,0.21100461,-0.42314368
125779.81,-1.8625823,2.845283,-0.61439896
121861.67,-2.199257,3.1095169,-0.40503713
118867.91,-1.9860035,2.913472,-1.0401169
134629.55,-0.3996349,2.2339928,0.71848005
117319.625,-2.8663812,2.4540942,-0.6380509
115105.164,-0.54775673,0.17522287,0.39282483
127417.266,-2.5961328,1.201724,-0.432215
125383.33,-1.79771,2.6177506,-0.38864645
131056.27,-1.6515046,1.7926204,0.68174446
122582.86,-1.9785726,2.170705,-0.8808205
115302.14,-3.3870974,1.286606,-0.5655712
116262.555,-2.3183393,1.0931085,0.9670537
131931.67,-3.3036778,1.3337859,-0.4431527
123567.74,-3.4991052,0.70237243,-0.5393938
127162.41,-3.0116742,0.20308259,0.5058881
126191.81,-1.3717933,1.7669748,-0.54632306
118514.88,-2.8645456,1.9003825,0.6331547
131219.17,1.288777,2.7306125,-0.7955842
123721.03,-1.1465725,2.1616151,0.5419267
117002.54,-3.1141407,0.85796154,-0.8394632
127708.82,3.3772519,0.42450178,-0.4576776
134309.34,-3.20214,3.0955925,0.76651365
131300.8,-3.5574825,1.963992,-0.7009784
126142.51,-2.0351202,2.1193573,0.6406187
133163.25,2.5237522,2.2174363,-0.6035194
125967.96,-0.5816984,2.3170314,0.5491035
132551.25,0.46243402,2.9381049,-0.8864565
123862.46,1.0351372,1.8216481,0.74536335
119650.08,-4.032701,1.9881283,0.5920821
118419.67,-1.7526677,2.477429,0.23324642
123476.08,-1.9128519,2.5233786,-0.5907194
120549.625,0.036982425,0.8261869,0.66098815
121780.336,-0.7393773,1.9944714,0.51612216
120670.17,-2.8377924,1.880882,-0.7586393
134345.72,-3.5445585,1.2112485,0.53460336
125602.766,-1.2958024,1.4690759,0.67709833
120196.625,-0.62059265,2.7714663,-0.46664658
120805.32,-1.6670569,3.08257,0.5140057
122658.69,-3.4745562,0.6358282,0.57576627
119782.62,1.6380454,0.3251884,0.58179986
126838.61,-0.95671403,0.5643631,-0.6743838
119634.69,-0.3954382,1.6579171,0.39952454
127346.26,-1.2429473,2.9846332,0.43554977
115611.805,-2.7622204,2.4359827,-0.41129693
123695.78,-1.7692595,0.15631747,-0.28847784
129639.625,-2.8843338,2.6294346,0.6612229
120676.45,-2.7748291,2.1938338,-0.63995486
123657.35,-4.4064255,2.1758559,0.77624
119608.445,-0.5464176,3.130996,-0.96708894
128649.24,-0.90852356,1.8437612,-0.7574438
120105.016,-4.1392646,1.1362588,0.33318838
115420.05,-1.9010619,1.579497,0.701741
119012.54,-1.9364024,2.2786121,-0.24478956
117632.4,-1.4980621,1.9796399,0.7991867
120515.555,-0.10900146,1.5513605,-0.91320765
133358.23,0.23573108,2.9913585,0.45664185
115162.92,-0.88243574,3.1019402,0.5601806
117821.12,-0.65006995,1.2180576,-0.55285704
124876.74,-1.7196995,1.6386521,-0.8098188
134206.66,-0.8344501,1.2925842,-0.7030156
119296.76,-2.545315,2.936199,-0.4263312
119284.03,-0.3140481,2.6154528,0.6184351
134626.8,-2.152657,1.1855557,-0.7923199
131170.9,-0.088310584,0.8463371,-0.58604175
119612.234,-1.2065226,2.8118439,-0.6959399
116767.195,-0.7846704,2.9336162,-0.5100886
120823.125,3.5107698,2.552054,-0.5173086
121070.914,-2.5495808,0.48122036,-0.5178532
121671.07,-0.936324,2.97804,0.5811584
129392.52,-1.9460135,0.31657946,0.5983298
117361.23,-1.9646943,2.9665926,-0.27871525
115236.26,0.21356201,1.8176748,0.58213747
127384.52,-1.1953522,2.0001173,-0.7366215
126837.375,-1.5498822,1.1063739,0.6568373
117100.84,-2.8820734,2.8264942,-0.4114053
126664.414,-1.718262,2.2348304,0.7499573
126784.68,-0.695127,1.9576098,-0.85210425
134186.05,0.6677923,2.8308141,0.5141985
131271.4,-2.123847,2.8202052,-0.37271848
129341.26,-3.0223954,3.1198447,-0.40741247
116864.7,-4.0483437,2.8080406,-0.68048394
122395.97,-4.0931125,3.0293055,-0.22339718
122861.98,-2.1212447,3.0104957,0.42239094
125107.32,-0.43293515,2.8934407,0.65681034
122122.914,-0.9763785,1.0062585,0.5999484
125130.695,-2.024646,1.7568045,-0.7299392
117622.67,-1.4735085,2.7053602,0.9228142
121673.99,-3.5226762,2.5134616,0.84615105
126899.45,-2.610912,2.5662084,0.99861795
115492.62,-0.053169977,2.5032063,0.5442474
122309.18,-1.2841735,1.4664922,0.7829849
116721.57,-3.6668925,2.391097,-0.6323776
115451.055,1.6562636,2.2777393,0.6399026
126680.65,-2.653281,2.8774881,-0.67808026
120805.12,1.200515,3.0815797,-0.5546476
120988.63,-3.5029216,2.6937017,0.539162
122335.47,-1.4445267,2.1144795,0.86638576
119367.09,-0.42921183,2.066369,-0.7224729
132537.42,-3.4008067,1.5310205,-0.8722001
115796.62,-3.5560713,3.140736,0.8502802
115021.24,-0.3578902,1.0918957,-1.1685166
122755.43,0.28450364,0.7539599,-0.6136483
128345.9,-3.4836473,2.7212117,0.49979532
125083.24,-3.0056407,1.9127787,-0.58406854
118911.086,-2.264518,0.035686374,0.61054504
130368.77,1.3482933,1.8418083,-0.5935645
122206.28,-2.3961005,2.9718163,0.5265369
122621.24,-3.310004,0.4579115,0.52827567
116529.96,-0.8734568,2.9925842,-0.55458355
119571.35,-2.0310562,2.1910677,0.80313855
115096.23,-0.661829,1.5184177,0.7948288
123313.125,-2.4580088,1.5658947,0.483052
129800.52,-1.4937515,1.4949272,-0.6344164
131357.03,-1.1591963,2.364706,-0.50717
122236.97,-2.776524,2.7485316,0.61981916
115552.164,-2.7009692,0.84639,-0.86412644
134859.08,-3.1128793,3.0727177,-0.5826836
124106.84,-1.8399063,2.537074,0.60517806
116138.375,-0.5988987,1.9254751,-0.63177705
121484.266,-2.5997279,2.7822483,-0.82156855
117889.3,-3.3486876,2.9632225,0.2658364
124268.08,-3.2974234,2.0691519,-0.25658444
124529.36,-3.7382436,0.8772806,-0.48961204
121443.53,-0.88944393,2.866747,0.3649512
119464.93,-2.0148783,1.2337427,-0.4305591
130107.07,-2.0722854,2.7341957,0.7384885
129154.266,-1.0465966,2.5293982,0.5173214
117387.516,-2.6484272,2.1548517,0.73891497
132334.31,-3.1999052,2.2063334,-0.4921076
132727.03,-1.4626817,2.9416564,0.3667016
126619.8,-2.9174638,1.5755792,0.74761105
121890.61,1.3518436,2.703154,-0.60682493
132333.73,-0.18540329,0.040973425,0.5595407
118957.52,3.1435788,2.7811697,-0.5726089
120120.28,-1.183738,3.0203042,-0.5014316
129436.43,1.0495838,1.6579483,-0.6577197
118292.06,2.0533721,2.9653678,0.3004905
116573.72,-1.2311673,1.5365078,1.2726123
134136.03,-1.4524826,0.8858206,-0.63921577
115707.46,-2.3211248,0.3253839,0.48436996
117488.72,-1.9102445,2.123232,0.6908581
125614.6,-2.0106518,2.2818844,-0.45237893
133810.94,-1.8072847,3.1044538,-0.22178704
119131.766,-0.9484721,0.12804678,-0.45062387
117821.52,-0.68425024,2.1428246,-0.9786774
126212.1,-1.9888631,3.073671,0.490484
126713.1,-0.6871049,2.9173288,-0.6730932
133282.3,-1.5841864,3.1187172,-0.4576352
128147.45,0.7453482,1.2572533,0.9664304
117119.3,0.6277674,2.0109732,-0.7591503
122213.336,-1.5019081,2.3073108,0.83956623
128118.25,-1.0668191,3.0606565,0.5650022
122745.45,-1.6139638,2.190651,-0.6262834
120215.3,-3.1993299,1.7266817,-0.8535986
128855.19,-1.3490508,0.7880335,0.79587364
122080.516,0.99601215,2.8670468,0.48792028
115627.06,-2.9633791,0.72492576,0.54615206
131211.02,-3.9964125,0.032068804,0.4217571
116650.19,0.23873347,2.3177948,0.80535734
131017.766,-1.0250858,2.722881,0.5460532
123799.32,-2.2792141,2.8200436,0.49828437
115570.04,-0.30613855,2.4017732,0.56958026
123528.34,-3.021943,2.4770057,0.7379376
130981.53,-1.7551249,0.3340454,0.78292996
128555.32,0.0020082085,2.838192,-0.55152434
125332.15,-2.8685765,1.8506293,-0.96867716
125062.516,2.9833255,0.6584122,0.70312613
124083.61,-3.7630796,0.15664375,0.26628953
134332.8,-2.5202456,2.1939642,-0.7460389
128163.34,0.72203887,1.2308784,0.65261513
121331.89,-0.25745532,2.8706348,-0.44575506
116543.5,-2.258637,2.6406484,-0.6815986
128205.09,0.09380758,2.702585,0.6768617
126393.79,-1.8352453,2.5042262,-0.48655653
118623.27,-3.3058128,0.5528429,0.5355889
128124.125,0.0054186136,0.8729377,-0.604818
123909.85,-1.4332737,0.95279455,0.5627823
132971.3,-2.9186552,0.2719361,-0.47990125
119135.72,1.472825,3.0388012,-0.3462091
117488.53,-2.2356079,2.0702186,0.28909805
115023.45,1.6446964,2.3103647,0.73392653
132056.1,-3.2377355,1.1174335,-1.0329262
116528.336,-1.0797886,3.092813,-0.5404997
123851.375,-2.8371027,3.010246,-0.5761929
122507.836,-0.1772189,0.20972812,0.36105976
126162.29,-1.5270994,2.8623524,0.66904736
134857.58,-3.0269587,2.3827934,-0.45903587
121990.94,-3.9762812,2.801541,-0.5092854
134803.98,-2.2438626,2.9713004,0.69726866
127454.266,1.0049542,2.4731734,0.5900013
128098.305,-2.4033625,2.804259,-0.680989
118014.016,-1.6541741,0.16267848,-0.3538764
116318.27,-3.423085,2.8857393,-0.4357139
127190.99,-2.986447,1.5219172,-0.55261016
117023.83,0.49810567,0.7037604,-0.85677767
116611.67,-2.398984,2.8546255,-0.6084797
120600.375,-2.272742,1.7905865,-0.568411
123661.664,2.1180081,2.4036596,-0.7670065
122794.45,-2.6560931,0.7754019,-0.8193379
119810.3,-2.1502306,0.43074012,-0.43168387
128529.5,-3.3685787,2.782041,-0.37671208
132090.95,-2.8356037,3.1008716,0.45334738
133219.39,-3.5383818,0.6146678,0.72503567
117305.76,-3.0711105,2.9074943,0.68184865
131479.1,0.810854,2.1557276,-0.73466814
120172.79,-2.8145669,3.0658357,-0.46402314
115761.43,-3.1288896,1.4769412,0.58822125
127698.805,-2.0638995,2.1987765,-0.72410625
120064.77,-1.7573738,3.1389534,-0.38521478
117026.89,-1.3253574,2.145655,0.45924753
130251.125,-3.7502596,0.0050506294,0.16228715
124421.63,-0.9544514,2.9793015,-0.37413582
129488.086,-3.1582117,2.3775802,-0.61609215
120263.18,-2.3487458,1.85285,0.68167114
124133.23,-1.0063878,1.0045066,-0.5812986
120659.125,1.0816498,0.8847001,0.8476314
117258.92,0.81675035,0.8941107,-0.68582433
134778.08,0.5211294,2.3474832,0.48716497
129103.21,-1.534976,1.8755727,-0.7176575
120166.97,-2.9398727,3.0942793,0.46113923
132506.53,-1.6503816,2.7466931,-0.26738274
117123.805,-2.4890356,2.7553234,0.55704206
119882.08,-1.1790586,3.103989,-0.4184923
118395.78,-1.0744174,1.0055667,0.5501989
132375.14,1.4844322,0.7311417,0.55425525
131859.4,-2.4604342,1.4729322,0.29902044
132155.73,-1.7557627,2.72471,0.48261967
129850.734,-3.368921,2.2618725,0.54524386
133065.19,-1.9542214,3.0983386,0.40192115
131661.98,-2.1672912,0.5821293,-0.4979706
124836.55,1.4669095,2.9253993,0.34750706
118025.47,-3.5275922,0.72165823,-0.5751212
116170.09,0.5538193,2.91849,0.5225955
116734.9,-2.8701887,2.1051419,0.8919041
117487.1,-3.5646832,0.9615734,1.0900881
123953.66,-2.394924,1.9487776,-0.98018724
133501.39,-2.4559848,2.8655844,-0.6257949
117292.25,0.11173694,2.889759,-0.38204464
127451.16,-3.0583138,2.711682,0.48913452
131505.89,2.1918302,2.987145,0.5785541
132996.1,-0.9701658,0.62488455,1.1906819
122255.7,-4.1184425,2.3548846,-0.56531036
116157.31,-2.5577967,2.6346605,-0.53103465
133875.39,-2.169564,2.0807524,0.81889343
126043.77,-0.7573546,2.2803972,-0.5513912
122253.805,-1.768415,1.8663579,-0.8634513
117614.91,-1.7070489,2.4267802,-0.6398807
118474.234,-3.4849021,2.927282,-0.3166625
119952.27,-1.0009407,2.3429527,0.6665634
121711.375,-2.0161102,1.4708308,0.5578096
130357.66,-1.2116054,1.9238836,0.6810694
132085.25,-1.4069563,2.387599,0.61928064
122550.88,-0.68791604,2.8294277,0.7885615
124141.7,-1.6204631,1.9701965,0.80400366
126639.516,-1.7097058,1.2141325,0.6302189
132327.6,-1.325467,0.7500897,-0.5960405
133862.97,-2.6606772,2.8990283,-0.37665462
125327.81,-2.2552931,3.0594473,-0.5495199
131137.92,-3.5199127,2.8032231,0.37652272
120832.52,0.47877383,1.3356923,-0.51083976
132095.06,-1.5945117,2.0288389,0.46035084
124706.02,1.7037063,1.8810678,0.88861215
131896.84,-3.232844,2.9411914,-0.5674092
131241.95,-2.332107,2.0290933,-0.43671554
119927.52,-0.6070261,3.0834787,0.44535258
130330.81,-1.9549603,2.7451992,0.41658646
128360.77,-1.1129937,2.8080697,-0.83962935
119187.984,-1.529293,1.796896,0.62941056
134399.52,-0.021264335,2.7168326,-0.5796218
132407.58,-0.21583462,1.3444391,-0.61715543
133903.42,-2.6524055,2.1557708,0.8299859
120269.38,2.8479455,2.8881688,-0.51347154
133226.88,-3.735042,3.0656738,-0.51959336
131805.39,0.38236615,1.0199134,0.62660146
123840.42,-0.7964643,0.065838814,-0.4571827
117467.47,-2.782008,2.3793216,-0.7018619
124036.64,-3.4286845,0.23377788,-0.66926193
123100.05,-2.5807862,2.1916943,-0.4741736
122868.26,-1.8178192,2.9086208,-0.6108183
133737.94,-2.8289566,1.0147092,0.7064508
121182.805,-0.9014397,2.6019905,0.64930767
124334.734,-1.4928417,2.9688275,-0.39522463
129642.7,1.724331,1.7146373,0.74285936
119920.33,-2.4965432,1.5873789,0.74129856
118715.55,-3.24264,1.3820356,-1.0425026
129975.8,-2.1724079,3.0886385,-0.5653022
126488.14,-2.7711277,1.149493,-0.5775204
125104.31,1.5301952,1.6550033,0.7079841
129682.766,-1.4191014,1.4378898,-0.8199354
117002.13,-1.9855981,2.9645739,-0.50335497
129246.38,-3.3790913,3.0668955,0.28760955
132007.69,-2.9226916,1.786332,0.5120085
123156.13,-1.2435797,3.038595,-0.72879624
120013.664,-2.8189564,2.722087,-0.93542665
133757.2,0.4691338,1.5949533,-0.7164127
124593.64,-2.1211803,1.6349301,0.8282362
115181.555,2.5629232,1.6623822,-0.5694812
125204.414,-1.5925307,2.90243,-0.74649954
129996.67,-1.7753052,2.9126194,0.43773028
124745.1,-1.4704677,0.64622855,-0.3321325
125589.234,-0.9505811,2.8440967,-0.514628
125739.0,-3.8329313,2.3124125,0.48501405
134722.56,-0.10234539,2.8824737,-0.46720135
125574.88,-3.2418709,2.5282872,0.15983514
117347.914,0.21490063,2.5981345,0.46464843
125242.36,-2.5528853,0.53793246,-0.6750261
120658.44,-0.54137176,2.1343846,-0.8090827
126980.37,-2.1625192,2.7164583,-0.5563452
127281.54,-2.41292,3.01819,0.45058408
128511.53,0.72138,1.9617324,-0.6143929
126903.45,-3.7970233,2.6341035,0.66952556
120183.766,-2.3663485,3.03212,0.45719093
122404.336,-3.3072512,2.1884422,-0.8277555
129777.1,-2.4088438,2.5616202,-0.49236897
126824.27,-3.7380457,1.5602919,0.5915423
118968.72,-2.620193,2.183208,0.83422995
126924.97,-0.4974814,3.127975,-0.539045
130970.46,-1.026624,2.1627152,-0.7573453
127894.34,-2.2119222,2.788936,-0.72222996
121552.586,-1.5714426,1.5202858,-0.68321264
129938.22,-2.5790436,2.6339433,-0.4551942
124057.14,-3.0372512,2.705029,-0.6132728
123856.23,-3.4916923,1.7154816,-0.552002
134540.94,-3.631979,2.108122,-0.498042
115340.68,-3.019251,2.865247,0.6529437
116227.94,-0.19808975,1.0632178,0.6460254
116601.92,0.93429047,0.15602976,-0.4032931
128465.73,0.4474791,3.0079582,-0.89710563
132166.61,-1.1683196,2.6388223,-0.50880086
134500.72,-3.85303,0.5628293,-0.7539502
119231.43,-1.5057585,2.1079483,-0.4668227
118899.26,-3.3968592,2.7294855,-0.6995908
133120.88,-1.6926244,0.37953615,0.44363126
133163.02,-2.6196413,1.9813246,0.54188883
122757.62,-1.2262213,0.3873837,0.9938474
119999.66,-3.9552329,2.8051765,0.58458585
134872.16,-3.6579607,1.1061492,0.31375483
119655.42,-2.8586686,2.1359243,0.5939946
133302.44,-0.6440248,3.1193833,-0.44641677
115749.16,1.1945996,0.96894515,-0.78943616
120916.74,-0.048842482,2.8211527,-0.589892
127463.28,-2.068096,2.9946923,-0.50919735
134110.3,-1.9414177,2.799594,-0.78023505
117462.08,-2.6274297,2.6356027,0.64281785
127070.15,1.7525698,2.0377898,0.7173359
124666.38,-3.4105928,2.654093,-0.32007024
126004.516,-2.3391783,2.9177904,0.76356894
121049.375,-1.6692235,3.0626721,0.7093745
124162.73,-1.5308954,2.4077694,-0.58428615
123779.836,-1.2376666,2.0536757,0.57213724
117153.59,-2.6581545,0.61594033,-0.50212425
126741.83,2.3227282,0.6324523,-0.5808742
129168.03,-1.9404913,3.0261269,0.5346879
130187.15,-3.1326551,2.6520054,0.36839786
133413.14,-0.43071124,2.0982234,-0.8143749
125101.33,-2.3146448,1.7842305,-0.9351904
134784.0,-2.7000346,2.7198546,-0.8930721
129769.85,-2.8172498,2.2554488,-1.157246
119000.81,-0.1562126,2.7778232,-0.45859265
128458.586,-0.5452565,2.7233095,-0.5844396
119750.0,-1.9656337,1.8683223,-0.9115414
134304.89,-1.7417492,2.0902233,0.5588656
117959.27,-2.9922473,1.7509359,0.7339761
118115.625,0.35758352,2.7021518,0.5217523
132774.47,-0.38422745,0.21428418,0.34025785
126029.875,-1.6108439,0.9433602,0.6849556
132944.31,-1.9109181,1.7158129,0.8999346
120448.58,-0.108597204,2.4715998,0.4925858
119409.1,-1.3131772,1.4835575,0.5392211
117725.46,-2.3882887,3.078881,0.73300296
134325.36,-2.354086,2.301552,-0.7142817
129149.11,-3.2501302,0.8897476,0.5535607
116193.914,-2.2391567,1.5808342,-0.7744468
116565.66,-1.0672563,2.9598174,0.57704026
127402.97,-0.029770827,2.9937375,0.20370531
120201.03,-4.422102,1.9040647,0.5723128
116094.44,-1.7051454,2.2925968,-0.5378504
134127.53,-2.119589,3.1024349,-0.46652043
122844.664,-1.9983941,0.37448955,-0.47334346
128968.19,-2.4490595,1.1971072,0.6631301
125695.87,-0.67033976,2.5293884,-0.6251459
123385.56,-2.9591842,0.012794614,0.17267291
116861.94,-2.3507776,1.5951334,0.55550724
123700.64,-3.6013265,2.6301615,-0.5851377
129520.445,-0.75332123,0.74142873,0.5384672
117225.945,1.0302864,3.1096406,0.6844505
124485.81,-3.7894933,1.2384133,-1.0527806
116258.69,-2.491059,3.0294333,0.22659354
120608.95,-0.42646235,2.5577,0.54147875
129765.02,-0.826442,2.0928535,-0.5742677
122640.055,-3.0130694,1.9633594,-0.34572873
119501.414,-0.104503065,1.4128749,0.62449586
119234.61,3.0058222,0.40622008,0.64457446
117516.33,-2.1049922,0.042587847,0.44640145
124449.484,-2.4459517,2.7436645,-0.4582439
115403.21,3.234042,2.0291708,-0.74991786
123955.61,-2.3657465,2.9833462,0.9257553
121606.19,-3.2031517,2.7911685,0.69760674
130268.98,-2.3682768,2.1565344,-0.1710912
123620.62,-3.152466,2.7524943,0.35663816
121692.055,-1.1205263,3.0132334,-0.51428014
130159.16,-2.3953187,2.940164,-0.48324788
125092.92,-3.7625754,2.6629374,-1.1139843
129272.64,-2.1486797,2.4956236,0.7399701
131234.97,-1.6577762,2.5431519,-0.6468606
128096.98,-0.6987083,2.799598,-0.6237873
125587.32,-2.8209107,2.9757674,-0.49513233
118337.33,-2.0932758,2.1519253,-0.68623567
118783.82,-1.0607725,3.000651,-0.53482306
129998.99,-1.5699669,2.1431952,-1.3208982
125447.266,-2.1660945,2.2494807,1.0354741
116917.805,-1.2514975,3.0919933,0.58485705
121470.73,-2.427606,0.846344,-0.44955233
134879.66,-3.19713,0.013301849,-0.28212142
122647.93,-4.4518633,3.123467,0.5730874
115193.78,-1.9955713,2.8656433,-0.49852264
133588.94,-2.9949777,2.881884,-0.29211316
126265.26,-1.2412641,3.1401253,-0.45277226
120021.55,0.51387715,2.8745248,0.2977581
133702.88,0.0994446,0.6440257,-0.5759186
133118.17,-3.364061,2.168008,0.6128927
121972.64,0.6580292,2.381964,-0.743898
116021.586,-3.288276,1.6359413,0.6274198
116600.73,-0.39063823,2.8943236,-0.4305794
116700.76,-4.031362,1.5539284,0.8885172
117511.48,-1.3406835,2.1284232,-0.66013765
115899.95,-1.8663721,3.0432181,0.52335906
115595.81,-3.0508664,1.989347,0.5029981
119317.27,3.7586443,2.6533723,-0.81489867
128742.33,-1.3824863,2.9824831,-0.314773
116870.86,3.2479722,1.3397683,-0.686484
130381.305,1.6884594,0.25626898,-0.48843953
125489.164,-2.8611548,2.8680158,0.539562
120616.48,-1.5566615,2.67011,0.7748813
116449.75,-3.3084683,1.753212,0.7089485
115877.09,0.0077970442,2.3735044,-0.86148965
116021.71,-1.4941106,2.1862588,0.8949082
134711.78,-0.56340295,1.3914906,-0.66650856
127573.9,-2.785343,3.0477824,-0.38448215
119637.01,-1.0526276,2.9421008,0.44038612
124846.22,-1.2165549,2.5674396,0.8115026
125132.71,-1.4631435,1.4838293,0.7557827
118339.74,-2.8448145,0.48337495,-0.68925273
123408.63,-2.709176,0.5391985,0.5627039
120553.484,-1.3068426,1.4053879,0.3056349
129770.59,-0.914643,3.0009525,-0.6073499
121182.18,-1.5875595,2.9913623,-0.7661969
121344.11,-2.105567,2.6919487,-0.6512069
132017.06,-1.7642554,0.81861174,0.3266418
117315.04,-3.1031604,3.048455,0.6705024
116674.35,0.15363993,1.0097034,0.69314814
134304.47,3.8447695,1.311491,0.87261856
125228.43,-2.3749454,1.630614,0.39990035
122649.555,-3.2773426,2.654107,-0.61261654
122757.82,-2.1800857,2.3754828,-0.91045064
117700.2,-2.3066409,3.0646005,-0.6316177
128512.54,-2.1599512,3.082213,-0.5481715
118897.97,-3.2183876,2.761014,-0.55084056
133457.2,-0.9646224,2.73566,0.55396706
131163.6,-1.0306745,3.0270293,-0.42159104
118748.86,-3.0091848,1.0313039,0.9367153
123563.17,-0.46313506,2.6648192,0.4722099
120559.82,-1.6685122,3.0750475,0.45040038
125795.836,-2.6968198,1.0965594,-0.4531745
133218.0,-1.4993411,1.6310337,-0.5299391
118804.77,-3.2411728,2.4264812,-0.4526431
128523.34,-0.9048652,2.6587834,0.8020574
125466.03,1.9991354,3.0809023,-0.34973282
125580.93,-1.0785077,2.7511115,-0.41904682
116873.41,-1.4092075,1.7366312,0.5616788
119430.19,-2.2542908,2.9617915,-0.74137884
117546.125,-1.3333092,2.2260966,-0.7117167
126377.54,1.9035854,2.0862494,-1.4261565
119685.73,-2.0566413,0.6041889,0.5086885
115238.805,-2.3232841,1.5548202,-0.85401213
120340.125,-3.8334863,3.0195973,-0.35210833
120569.23,1.9566556,1.9492459,0.8032692
118676.945,-3.559984,3.0219579,0.5002144
132656.58,-2.2719374,0.21400034,-0.75526255
131531.78,-2.3367357,1.7256112,-0.47632188
121000.234,-3.901633,0.7035406,0.5292252
115611.945,-2.110622,2.9248896,0.5952287
117440.1,-0.68354666,0.45602167,0.80732703
122193.97,-0.49993917,1.8777975,0.7610418
118213.69,-3.8029473,1.6238954,-0.48003113
125183.11,0.037370995,1.9768586,-0.60446185
129938.49,-3.3054967,2.0210643,0.8785811
121824.586,0.20285396,2.8754635,0.74778986
132603.69,-1.1764375,0.3915255,0.7105747
126092.836,-1.1247611,1.3874288,-0.89700943
128280.78,-0.6142319,2.4196439,-0.5535932
125820.46,-2.0757787,1.9278961,-0.6744504
127150.9,-2.0569007,1.843627,-0.7820067
115692.89,0.6231457,1.9353731,-0.76159334
129839.96,-3.4288929,1.1423059,-1.0513661
122813.63,-2.5980604,1.6883872,0.92090267
133331.27,-2.1051223,2.1827416,0.6537488
116323.19,-3.9177022,0.59209776,-0.52850825
119562.6,-0.08477939,1.0350366,-0.7868742
119936.38,-3.1712582,2.4656537,0.7988337
120035.62,-1.5843297,0.68898046,-0.5072806
117021.73,-2.2787702,2.590607,0.45460382
117209.66,0.019447256,2.6772478,0.6042253
127678.77,0.4008713,2.9288104,0.38048863
115799.63,-1.4770042,2.5895545,-0.60977155
117443.36,0.0031621475,2.247156,0.5729717
133925.38,0.40467435,2.9927936,0.56610656
120182.15,-0.7990888,3.113648,-0.69113743
132423.28,-2.7314532,0.6841746,-0.84565085
133525.4,-0.064028434,1.2501134,-0.6097513
128510.945,-1.1707224,1.7992975,0.74799675
120863.945,-0.6114608,2.5442224,0.72001886
126423.1,-0.7567605,2.705795,-0.8355398
127109.86,-3.5771987,3.1358514,-0.7317201
130052.03,-1.022538,2.88886,0.5528948
115019.56,-0.8751562,2.86915,0.9702682
132422.3,-2.7812536,1.7501602,0.6580181
115241.73,-2.6666489,0.70641094,0.6876661
121464.76,-0.80496365,2.6985662,-0.5705071
131992.34,-2.3595955,2.252926,0.5608989
123772.945,-0.24081151,2.044708,-0.6810984
125184.65,2.306256,0.72667384,0.8056835
128819.85,-1.3644755,2.9638765,-0.41528893
119966.8,0.08958131,3.1322563,-0.9197748
127518.3,-2.623967,2.716358,0.69234383
128466.734,-0.93683535,2.0003257,0.7279377
123969.08,-1.0637548,2.3579698,-0.5983805
123014.836,-3.3430927,2.80234,0.64542276
123193.79,2.2070875,1.9312243,0.65425944
134626.34,-2.5182772,1.4559828,-0.65038246
124679.63,-3.2020679,2.7576346,-0.7670128
119426.08,-2.5383627,2.9341094,0.5776361
123242.33,0.41003996,0.20992339,0.3666336
130375.93,-3.641517,3.0669682,-0.52453876
125238.48,-0.8519589,2.5566177,-0.630426
125156.125,-1.1134298,2.9226177,0.6616328
123991.375,0.2793222,2.725513,-0.5852019
123319.68,-4.0026894,2.8515277,0.52960616
115121.25,-0.8643493,1.7011695,0.94229203
125086.46,2.7974803,0.23955822,0.43288708
126958.78,-1.2045155,2.8584542,0.27763727
129489.9,-1.2311523,1.5018429,0.6212426
130767.28,-2.238619,3.0873523,0.48773634
118308.49,1.7730138,1.381488,-0.87768286
133235.56,0.13499683,0.15249515,0.53271353
124329.695,-3.4931743,2.1413152,-0.6472547
134371.44,1.1529654,1.7118983,0.7806775
117247.63,2.8567343,1.6825999,0.85727054
123327.58,-1.4985422,2.9417918,-0.58514273
124439.14,-2.571964,3.0674572,0.84443134
122044.586,-1.8866719,2.2870877,0.3108923
125415.55,1.296123,2.184855,-0.91406524
121420.19,-3.9901173,0.84912986,0.5450508
115420.71,-3.5252593,0.3895688,0.4853572
132499.77,-2.991916,2.9838912,0.3505578
133073.67,-2.9850628,2.865502,0.5959885
115861.56,-0.553059,2.9251966,0.36508483
120203.89,-1.3668011,2.4482932,-0.54909045
120120.82,3.7099395,1.4536858,0.69431865
119217.6,-2.9247403,0.067760706,0.3120723
129832.69,-3.2445397,1.6301785,0.64370006
133417.62,-2.9805944,0.6144562,-0.4994236
129221.18,1.8407552,0.7492678,0.7105092
125046.76,-1.1903634,2.613207,0.63494736
125105.38,-1.4161036,2.1446857,-0.63328135
131902.72,3.906815,1.3991954,-0.6581624
131079.02,-1.936581,0.67907095,0.6073635
118938.266,-2.2459924,2.958582,0.5577667
119329.44,-1.4254562,2.066401,0.947161
115949.98,-2.6836584,2.0998032,0.697897
122079.72,-1.2670603,0.016341746,0.6049828
129532.01,-3.2543857,0.45703244,0.45140162
125652.625,-2.7306747,2.8025286,-0.62150186
121890.41,-1.7340266,2.153964,1.0950494
126887.61,-2.683114,0.12897319,-0.55360085
125888.98,-1.9530505,2.7783055,-0.44460002
118492.96,-0.9519856,2.304717,0.50704944
116647.37,-2.3168771,2.9428537,0.4792701
119717.664,-1.5841086,2.917192,0.31561315
134634.64,-1.7683452,1.4031409,-0.67815995
116270.5,-0.43150884,1.1555696,-0.7283863
132544.72,-3.5161412,0.43323386,0.52093965
116809.445,-0.7821029,1.9234482,0.75569606
115635.375,-0.63642776,1.2511244,-0.5347089
119001.266,-1.2171199,2.2037258,-0.7155519
134109.98,-2.1227295,0.4865619,1.0231682
128747.63,-0.9119442,2.4298656,0.6011037
118242.945,-0.7883241,0.9380044,-0.69055426
124400.305,0.13818899,2.6036863,0.34856465
119740.42,-3.1844532,2.3830504,0.5239508
131749.48,-1.2914908,3.0574195,-0.55812836
130487.79,-1.4619211,3.073683,0.60187155
121515.45,2.6848931,1.3470291,-1.1681876
124112.96,-0.29748294,3.0663528,0.416327
125258.94,-2.3684602,1.9802449,0.5578188
127831.05,1.4413676,2.3984098,0.76450586
123769.48,-1.0298955,0.95705605,-0.58563215
129070.88,-3.2003675,2.486481,-0.49691075
132570.78,-2.904038,2.9640028,-0.4961191
130640.46,-2.284665,2.1772342,0.70976865
120192.734,0.4087597,2.5507987,0.7078828
123687.95,0.7000452,1.6003525,-0.9361419
119866.91,-1.3078252,1.9014032,-1.0530351
133284.8,-3.9857345,2.0139954,0.462943
122451.56,-0.36370176,2.6300223,0.6158282
118756.805,1.7189676,1.244415,0.60447985
127214.94,-3.3043222,1.9220227,-0.4039674
133401.73,-2.153433,1.9754238,-0.61921316
131996.19,-4.023227,1.3270854,0.6004345
130376.46,-2.1899033,2.2605422,-0.87557167
127141.77,-1.3353801,1.4924481,0.96754014
134537.64,-2.8581777,1.7598454,0.578652
122098.28,-1.0846589,1.8421682,-0.68899876
131655.98,-1.9023205,2.9489026,0.51434076
120995.97,0.10873584,0.78725225,-0.5321018
121492.89,0.4319337,3.004565,0.25918838
123293.11,-3.309954,0.7414665,0.52120775
119777.914,0.03869143,2.0822315,-0.64137214
119471.47,-2.4360511,1.7412081,-0.7205708
126130.45,-3.947691,1.9664334,-0.7866212
126044.69,-0.023513788,0.6726004,-0.6757611
126568.98,-2.2905955,2.565949,-0.8281948
124537.39,-2.9855585,2.5131142,0.49906743
116605.43,-3.3756518,3.0907774,0.96249664
119678.18,-1.8111956,2.9380248,-0.6293767
132299.34,-2.4805176,1.8363515,0.84697396
126266.88,-3.4196632,2.6917303,0.63840324
124590.18,1.1486843,3.0063024,0.4738593
123370.12,-2.186424,0.5814822,-0.5859564
134300.5,0.9805996,0.8433452,0.6534338
129627.46,-2.7683663,2.2193208,0.8105006
132352.56,-3.037846,1.925311,-0.4715887
125568.516,-2.1531594,0.82466686,0.8528658
123528.766,-1.7730275,1.382296,0.50667477
133701.9,-0.6547927,2.7275124,-0.57480526
115806.68,-3.772083,2.98978,0.6646446
128207.26,1.7654324,2.3041592,0.8771464
116381.02,-0.59510565,2.210487,-0.5010109
132961.77,-3.4083588,1.6098931,0.25989547
120736.766,-0.9614315,2.9494915,0.54328483
125818.54,-1.0946913,3.0724251,-0.20509797
124168.13,-2.6282341,3.0194588,0.5295512
122508.016,-1.0384865,2.6088574,0.47646734
128517.914,-1.410167,3.122361,-0.57892495
123609.15,-3.4501307,1.5797246,-0.57513225
121174.805,-3.2867146,1.7138479,-0.5943943
120727.664,-3.3797925,2.8196573,0.43001416
120723.875,0.09447832,2.999941,0.55986357
131103.84,0.12256454,1.6914028,0.7153714
124255.76,-1.8276491,2.91973,-0.55731887
128547.53,0.9830257,1.5670339,-0.5651748
118826.9,-2.605701,2.5944424,-0.5886962
116363.54,2.4923403,3.1177447,0.5858833
125855.43,-3.129245,0.9732949,-0.8377627
122058.28,-2.9802923,2.9785666,-0.42792016
130522.234,1.5685941,3.010274,0.4997314
125589.53,-1.0331159,2.4864933,1.2042973
121905.766,-1.5915337,2.8112931,0.95922285
115612.92,-1.7216669,2.6905642,0.58733296
129530.47,-2.8224304,2.430435,-0.8162669
117281.62,-2.5828533,0.39801958,-0.58832896
117580.05,-1.2385771,0.27558625,-0.40697506
132596.55,0.056342784,2.7949605,0.44139895
125331.89,1.022543,2.7853482,0.50795215
127957.36,-3.8766544,2.005824,0.64206624
119102.59,-1.7972634,0.03482783,-0.55843526
121722.03,-3.3682303,0.42641568,0.52099645
115880.52,-1.0175209,2.5474901,-0.42206657
116484.13,-3.221776,2.9176826,0.32098046
118496.62,-0.12471179,1.8324132,1.2696612
131534.88,-0.6530413,2.8103104,0.86964977
127059.13,-4.0495887,2.3627868,-0.7472644
126962.85,-0.30925944,0.7260627,0.64796877
126468.414,1.8012923,0.36288917,0.66356236
122800.47,-0.48858035,2.6177564,-0.539612
132263.0,-0.49639472,2.3355138,0.61084384
128273.9,-0.707331,2.773113,-0.35018533
122436.41,-1.0895295,2.5887175,-0.36519012
115268.75,-3.9107776,2.1669512,0.5976668
116865.2,-2.5663042,3.105953,-0.6213547
124653.375,-3.0932078,1.8981298,-0.55094385
121554.21,-1.7943704,2.7858567,0.3852854
117145.24,0.58813864,2.3064933,0.54552627
121001.18,-2.9462225,1.6050946,-0.5960259
123417.46,-1.0313162,1.4257818,-0.69995105
134500.62,-0.37440583,2.5345,-0.6913594
134041.28,-1.9364095,0.6843116,0.49967733
119885.13,-2.3628445,2.8393686,-0.55556446
116281.73,-3.5257058,1.7676395,-0.8075558
131185.3,-1.8543258,1.7596823,0.6170533
117417.664,-1.4397005,2.7639372,-0.72373563
123561.94,-2.4445434,1.7717817,0.65981835
133043.78,-2.3128054,2.310687,0.80787
132671.31,-2.7373483,2.709383,-0.44818977
134588.36,-2.7302852,2.7821758,-0.53766215
126490.555,-1.0749906,2.952776,0.39052868
116379.195,-2.3753884,1.8871491,0.9044976
125560.45,-2.7284937,2.2150266,-0.43323863
115523.44,-3.5499275,1.8912673,0.7166044
121397.95,0.706977,2.5702674,-0.55572325
123948.125,-0.544823,3.0101476,0.7392363
131088.86,-4.2141657,2.4587188,0.79681915
115118.64,-1.4764268,1.0082561,0.5246727
124950.266,-2.4048173,3.071337,0.6555045
121441.77,0.29322362,2.5830686,-0.5346736
120540.14,-3.5419967,1.6844316,0.15525599
116032.55,-2.0262132,2.6527457,0.3249316
116730.23,-3.6639376,2.4698138,0.7597746
119706.24,-1.7785189,2.7249842,-0.26989883
134268.05,-1.489593,0.14696515,-0.39803267
117142.86,-1.5726216,2.7447748,0.5986482
133508.7,-0.4395077,1.3850839,-0.92268896
133088.45,-3.9917803,2.5257215,0.78689647
128953.95,-1.4332683,1.6612184,0.47448295
120278.15,-1.3265163,1.5227121,0.7033351
131494.17,-0.6068837,1.0149989,-0.65226597
130289.71,-3.8692286,3.1017447,0.7379498
118269.65,-1.8592677,2.9042494,0.7017389
125615.016,-2.1829777,3.0419781,-0.4576023
127223.24,-3.3626626,2.023914,-1.2102746
119576.6,0.8465499,2.8737037,0.45971105
118576.1,3.3938048,0.4870125,-0.59108126
132064.03,-4.169863,2.7887905,-0.39938897
130040.33,-1.5997558,2.8141642,0.84749186
124556.945,-1.9828852,1.6371202,-1.2213947
122546.766,-1.1612897,1.6992353,1.1519263
133154.23,-1.9568337,2.7308097,0.96162647
115506.945,-1.5833049,3.0734768,0.48249397
131187.22,-1.0170342,0.9269111,0.72394425
123435.27,-3.5207078,0.88162285,-0.87249416
133740.42,-0.83008987,2.298051,-0.7101369
117602.87,-1.5285664,2.9775054,0.44422963
133334.0,-3.2799184,2.8301828,-0.45495474
128801.88,-2.0303535,3.0331345,0.34627825
122346.74,-2.5346372,1.6227121,-0.7134291
115915.016,-1.6475314,3.075104,-0.8848199
121222.445,-1.5352257,2.0398054,-0.8947147
128482.766,-2.811141,2.9383001,0.6079419
117263.49,-1.1515521,2.4179406,0.5967402
119923.836,-1.7767018,0.28173077,-0.63856477
126390.17,-3.0489154,2.8020563,-0.37826145
124383.164,-1.5585655,2.8958712,0.62561727
133070.17,-3.0790253,1.9491147,-0.9595102
125618.13,-1.8741428,2.9706738,-0.59216475
126582.79,-1.1083581,3.112034,0.42912576
130114.79,-1.8080387,2.5971456,-0.7429638
131214.23,1.5890992,3.0006711,0.6076077
124174.55,-1.9614277,2.9595997,-0.5962629
119767.37,-1.47338,2.5697205,0.78165466
128090.47,-0.090149745,2.7115786,-0.8421863
127862.95,-2.9557807,1.8876582,-0.6864772
133171.83,-2.6298366,2.0358975,0.5046929
132019.44,-2.4732435,2.7762437,0.5827808
128660.77,-1.869474,2.8209968,0.67425793
124363.11,-2.2838252,2.2941823,0.6176373
124274.73,-2.874039,1.7098296,0.41726896
132622.47,-1.6753916,1.6536863,1.1303611
122793.1,-4.2413464,0.40594852,0.5317659
120138.164,-2.0018518,2.531341,1.1649132
125657.75,1.4106009,0.196697,-0.35360545
119814.0,-1.9956061,2.3074944,0.5325613
117024.93,-1.9771947,2.869394,0.79834104
124199.13,-1.8724564,2.8483486,0.48889098
116577.99,-1.6783097,0.78845906,0.6546024
132462.89,-2.6424077,0.39480057,0.6461717
120356.336,-2.124306,1.7161101,1.4801289
133834.45,-2.0576935,1.9854875,0.73447096
123684.41,-0.700302,2.061903,1.0027947
117838.59,-3.0217636,1.4173921,-0.52527547
127765.45,-1.5637741,1.6123213,0.67248404
133553.3,-3.0303915,1.1403399,-0.528384
117047.39,-2.5967066,0.7172947,-0.4693073
133960.7,-0.41355932,3.044695,0.66136825
130236.62,-2.8663948,2.284167,-0.7927611
123475.56,-1.890604,2.4085453,-0.5650927
130467.44,-1.3506216,1.2871195,0.99258614
118705.75,-2.9770582,1.8877016,-0.61540186
121694.086,-0.84170216,2.632817,-0.36627877
118351.38,-3.5964568,0.37535274,0.6000418
124624.78,-0.5206049,1.6956745,0.6499537
125706.93,-2.434247,2.9650016,1.1706132
117520.54,-1.5833373,2.8746238,-0.43714944
133478.75,-2.8827627,0.9823329,0.68343204
125583.65,-2.847028,2.6926663,0.8854256
130963.46,-2.7289047,0.30793726,-0.41481465
119065.71,-2.1565285,1.8550161,0.5528064
126458.805,-3.220376,2.4672928,1.0660121
133536.02,-2.6947198,0.41174322,-0.49745026
132181.22,-3.25908,0.8723966,-0.7014454
130216.6,-1.356336,0.11849785,-0.34357184
118079.89,2.461283,0.75323516,-0.6564241
125394.86,-3.37336,2.2925935,0.58271444
118125.8,-3.5139835,2.2062643,0.71068215
119146.89,-2.624841,0.45237517,0.5237489
133146.44,-2.3222795,2.131264,0.6650366
121832.98,0.07603844,2.940224,-0.9811012
115256.9,0.2472461,1.9130573,0.78755957
115694.28,-3.4557738,1.5895021,0.582455
128549.59,-3.9400218,2.4856434,0.62349355
116853.63,-3.089456,2.2008684,0.55348223
125912.734,-4.1998806,2.843774,0.454943
118650.32,-2.2903392,1.3972497,0.57136613
123705.555,0.45747626,2.9173663,-0.3901498
121389.39,-2.6812205,0.5544112,-0.5884518
123310.78,-2.5195427,0.767094,0.7925793
117191.91,1.1358458,2.0973527,-0.57002676
118668.46,-0.3454788,2.7521741,0.6061262
131942.72,-2.553929,2.1850631,-0.7924564
124999.72,0.94800955,2.0652533,0.5929901
118135.445,-1.0116806,2.6135485,0.4602263
128094.586,-3.0958872,2.0165505,0.6455283
118587.63,-2.8636215,2.7977269,-0.51501775
126986.15,-3.5372298,1.9135301,0.7468646
127929.14,-2.505552,3.1378264,-0.4982042
129101.04,-3.3424835,0.63815975,-0.6109279
127869.086,-1.1198803,1.1224202,0.48872998
128140.664,-4.077462,1.2415304,-0.6489291
120187.27,-1.4323623,2.0099983,0.22049299
128849.02,1.1629721,0.43733734,-0.77168655
126826.1,-2.4308367,0.9859603,0.47067374
121403.1,-0.14280851,2.9715629,-0.8025581
115641.83,-2.9213626,1.4194832,0.50775266
125853.4,-3.0781534,2.027658,-1.036145
116562.2,-3.3463361,0.8507395,-0.8554358
122504.68,-1.799465,3.0416331,-0.61997426
117517.84,-2.262471,3.1061072,0.7464735
123913.13,0.006848553,1.9114809,0.4564166
116219.98,-1.9442453,2.8872912,0.59045553
120466.98,-1.6616073,2.59874,1.3178169
120586.35,-2.5847092,3.0784812,-0.6740252
120307.2,-2.6354926,2.7215319,-0.3908012
116916.28,-3.134274,2.4138064,-0.5861602
116426.09,-0.25590414,1.270682,-0.7423673
128555.586,-3.250881,3.086279,0.62009555
116042.11,-0.32035074,2.9219356,0.5232705
120932.86,-3.1799357,3.1211042,-0.7504513
117818.44,-1.6757866,1.1497691,-0.79751104
130095.65,-2.0811338,3.108696,-0.61296165
128682.984,1.0922339,2.3037405,-0.5320971
121367.63,0.8445863,0.74585354,0.81272113
125227.98,-0.9229573,0.9108529,-0.76824105
131862.97,-2.1652498,0.012212336,-0.44305208
116029.83,0.71344566,3.098278,0.35124186
115627.88,-1.0685158,1.9125724,-0.55473554
126329.98,0.13985232,2.7968001,0.6414403
122258.86,2.2614667,2.6232553,-0.7825611
132463.56,-2.577054,2.1775293,-0.6773789
134713.34,-0.64339274,2.4721534,-0.5775943
125266.74,0.43787727,2.8363795,-0.6363654
117771.26,-2.6234493,2.06916,-0.5738424
115334.58,-1.6708912,3.027174,-0.47069573
121514.88,-2.574665,2.527983,-0.87138534
119468.3,-1.7648536,2.0367858,-0.770227
123364.375,0.8666621,2.0107691,-0.7705509
118191.58,-0.24362344,2.7065492,0.49008244
129964.49,0.7451808,2.022147,0.7427958
120035.44,-2.1911535,2.9474988,0.22173944
131657.88,-1.9868422,1.592412,-0.49180907
124260.01,1.1371001,0.94634414,0.6507375
128446.12,-3.1474683,2.1279442,-0.50737727
123160.23,0.68390125,2.1709843,-0.6653026
124311.3,-2.632901,2.2863812,-0.5122001
119758.09,-3.3137064,1.5237545,-0.77712005
119194.84,-1.3680732,2.67431,0.36322325
126643.07,-3.2347095,2.6907337,0.5875841
120296.234,-4.117268,3.0496316,-0.6031921
117283.91,-3.8798625,3.0057158,0.549952
119090.734,-3.5873933,1.8941929,0.9278196
133185.02,-1.9521016,1.907599,-1.0123619
116713.13,1.1378807,1.7536497,0.75656176
122167.12,2.115264,1.834691,0.8200189
129969.125,2.3909783,1.4128819,0.58578634
124263.76,-3.0465698,1.609638,-0.5545537
122042.37,0.06463099,2.6587808,-0.5555242
123413.11,-0.5397287,1.8114004,0.5788822
120656.71,-3.2414322,2.1364212,0.705655
127972.11,-2.9747927,1.6299759,0.3769812
118739.25,-3.2586935,2.5036483,0.77446634
115437.805,1.4314209,0.49630153,-0.6036669
123183.29,1.0515077,2.6545815,0.5733104
133900.08,3.4999037,0.9411299,0.7049679
116690.055,-4.0885806,1.5741929,0.4769778
127032.44,-3.4887626,1.5035884,0.48699406
130546.22,-2.6416163,2.4408293,1.1037995
129557.74,-2.3237145,1.5753965,0.6409409
134233.03,-2.83368,2.467498,-0.793751
132308.88,-2.2242398,3.0805192,0.52937084
127185.625,-2.3609161,2.9629269,-0.68442124
120683.234,1.735669,1.634094,1.0360265
117867.65,1.3988254,2.0753262,0.8187339
131306.14,-3.18405,2.8155837,-0.41171113
117119.375,-1.8361195,0.8536165,0.5522455
120465.06,-2.0527692,2.9737363,-0.63319033
133560.53,-3.1736584,3.0846615,0.87197167
118053.76,1.2317617,1.1859686,-0.78824025
127388.53,-3.3018563,2.9952435,0.6402924
126611.14,0.56281984,0.95249975,-0.5971938
121280.3,-3.3155484,0.58337975,0.51711464
126133.66,-2.5817761,0.5252304,0.6400161
128222.2,-2.6109583,2.074873,0.7336656
124662.59,-2.5818074,2.9920986,0.38605502
131444.69,-2.750444,0.7204274,0.4520542
133717.66,0.5937593,1.5428364,0.6295982
119559.49,2.1936266,2.4114716,-0.48914298
126775.52,-3.7381768,1.030895,0.5623956
130309.3,-4.3038144,2.5050516,0.42473269
119109.54,-3.009866,3.1369247,-0.8629089
123698.61,-2.914285,1.4699247,0.6779754
127133.734,-0.7626427,2.9294174,0.34985712
122219.44,-1.7487404,1.5571682,-0.55724764
123198.58,-2.4183424,2.8520536,0.5809722
120018.734,-2.26915,2.2470226,0.64517844
127523.91,-0.7361934,1.4133052,-0.96870375
119393.91,-3.2888165,2.6308045,0.5127563
132533.89,-1.5843402,2.7580643,-0.50067514
121036.164,-1.7359389,2.8157907,0.712393
127493.49,-2.5162208,2.6801422,-0.615881
124613.74,-0.879392,2.9917026,0.66576356
123556.28,-0.3802858,1.9004563,-0.6563948
124325.81,-0.61219925,2.1501658,0.7870151
130015.266,-0.22769485,2.552083,0.7061265
126086.78,-0.9027844,2.5888832,-0.67576313
125025.945,-2.5287497,3.0616477,-0.36723834
119452.06,-3.5809274,0.5124715,-0.6195671
126638.44,1.023583,2.9637675,0.21106116
120286.94,-1.5871937,1.5426018,1.0395695
130278.77,-3.688608,2.051021,0.5346667
121572.9,1.5612857,1.4947373,0.8857998
124750.99,1.5111184,1.2640101,0.8575586
115496.7,1.1222882,2.935695,0.3610959
120853.08,-1.9531517,2.7851331,0.5504259
120616.62,-1.9374648,2.1189332,-0.7909425
133911.83,-0.30867738,1.7158024,0.84766173
133891.31,-3.9218495,2.7455633,0.6433219
132766.16,1.9709351,2.5974936,0.54893184
130666.26,1.3343091,1.572813,0.5783637
133177.48,-1.9711243,1.7026302,-0.64256704
119291.875,-3.6564314,2.8776016,0.27698174
134483.6,-2.6364453,2.3017657,-0.82616824
129529.72,-3.5441537,2.0336678,-0.67504776
133632.7,-2.1967793,2.6506577,0.46148342
116201.375,-1.4976798,3.0408814,0.577362
123751.0,-1.7944436,1.5647823,1.0808084
131480.55,-3.3801541,3.1373544,0.81336844
120223.95,-2.5037708,2.979003,-0.26294708
126073.445,-3.4763584,1.5840303,0.78330976
127801.555,-0.5763536,2.3305128,-0.24445955
126985.4,-3.5224574,0.7194493,-0.87581027
133393.8,-0.4277532,2.2717855,0.7380118
121024.88,-3.4586744,1.1452997,0.5864983
132696.55,-3.0286455,0.008051395,-0.18522084
116563.125,0.56507874,2.188281,-0.54212576
117192.3,0.123130165,2.1488848,0.6592295
122420.836,-0.13793547,3.0497725,0.3576954
119728.766,-2.3217666,1.6138227,0.65584546
132100.94,-2.4414077,0.4444275,-0.5784698
123078.61,-1.1822567,0.12190282,-0.4995015
117242.25,-0.39748853,1.9730471,0.7380875
128179.586,-1.2547458,2.6601908,0.6634565
133884.33,-0.9536877,2.9084036,-0.271144
116081.09,-2.1964407,1.824695,0.81907284
119655.63,0.8262785,2.5938983,-0.6547872
116809.85,0.4689671,2.7519505,-0.6919955
120656.96,0.53431654,2.921247,0.5894364
134056.78,-3.672308,1.9733082,0.6958669
133402.3,-1.0159394,2.922912,-0.5397092
122810.99,-3.8307526,2.386689,-0.2983153
130875.92,-3.6626167,2.8166068,0.5321327
128935.64,-2.7984457,2.2596471,0.78282523
130304.13,-2.8546054,2.7518258,-0.2636159
127043.28,-2.5435822,1.6471263,0.5877573
115929.06,-3.918897,1.7803115,-0.2219546
120812.04,-3.4288676,1.5321882,-0.8439334
124186.71,-3.293427,2.7323897,-0.52536577
129540.74,1.0806746,0.119108126,-0.67311746
132315.05,-2.475398,1.9737247,-0.7041017
123233.51,-3.4144871,0.20237577,-0.5851982
132955.8,-1.9209707,2.0747914,-0.93217164
123953.445,-3.08051,0.19500956,-0.6415702
120401.81,0.46924406,2.5233185,0.5383102
117877.34,-3.9012725,2.4200199,-0.69697124
118807.65,-2.0589004,2.552248,-0.61106515
125887.16,-1.5282904,0.7268002,0.63406354
117877.29,-3.8346972,2.9567132,-0.48889273
124202.83,0.9625743,2.849751,-0.5818497
126852.27,-1.5317148,2.7765274,0.5908511
132268.42,-2.811192,2.1783695,0.92742765
128277.03,-3.1352806,2.567051,-0.62738
130922.4,2.5852022,1.6492566,0.63711256
122352.21,-1.9506413,3.0209193,-0.4202478
118108.31,0.24238202,1.2827777,-0.5736426
131314.73,0.71006846,0.45742857,0.48884645
131881.17,-1.3001204,2.6846657,-0.4874553
116244.484,-2.0666256,2.324226,-0.48605084
124341.69,-0.85421175,1.9501107,-0.6920061
116522.68,-2.3032737,1.9409435,0.62155056
116469.57,-0.72073436,1.7364757,-0.6850177
122816.79,-1.2951802,0.11007738,0.57784
120690.96,1.3393657,2.4502394,1.1369649
132907.7,-2.3856192,1.9673748,-0.5750743
119960.766,-3.2581694,2.801378,0.76758546
121439.33,0.6617201,2.630941,-0.35631952
134518.31,0.0092332745,0.46213567,0.45211962
128064.664,-2.9846427,0.031500816,-0.72646457
125708.66,-2.3264894,3.0053308,0.6220817
123612.98,2.0984776,1.8756895,0.6063978
131011.51,-0.81511784,0.3774643,-0.63187367
129937.72,0.4259814,2.8420818,0.5153089
116614.945,-2.5240133,2.9241576,-0.50092906
118413.6,-2.5192354,2.9253514,0.4623642
122515.48,-2.9864502,0.7928866,-0.6007807
122809.914,-0.24367972,1.273948,0.6846691
122739.555,-2.2337568,2.762441,0.51680213
134447.66,-4.4475603,1.6142886,-0.3652791
120714.19,-3.4047382,0.70995164,-0.4861981
115684.26,-0.69242144,2.615018,-0.6488714
122425.82,-2.5869193,2.5696294,-0.2665627
120545.414,-4.2953377,1.0865482,1.0207827
123474.33,-3.7936614,2.4214592,0.3548411
134464.89,-1.9181534,2.7943938,-0.38264367
132478.95,-1.1324272,0.7177025,0.64272916
122894.984,0.5160399,2.2002342,0.64094144
123923.44,-3.5758622,2.8063312,0.40097347
133229.95,-2.553444,1.6721832,-0.40375617
124031.96,-0.72201943,2.2104251,-0.85984296
124315.6,-1.2876929,2.8649707,0.67430425
118944.7,-0.041706294,2.8575137,-0.46696442
120625.15,0.15420552,3.1004786,-0.44536322
115891.734,-2.1332505,1.12113,-0.36757824
116716.82,-2.5978982,2.5183394,0.5920705
132789.0,-2.2783573,1.0033376,0.74310166
117172.97,-2.0029778,1.8108524,0.8062566
127592.43,-2.1068292,2.9910839,0.5828543
119850.484,-2.6435673,0.55131984,-0.44522157
119384.984,-3.3948543,0.31421626,0.51352376
121707.51,-1.7350242,3.0590467,-0.6295521
129943.75,1.7358526,1.9754839,0.6225838
118661.125,1.362813,2.2458415,0.5769569
116686.71,-2.0262518,0.12816513,0.9572589
130268.43,-1.5097353,2.4041102,-0.3413502
115086.14,-0.5138963,0.94898313,-0.86281955
134709.94,-2.8244028,2.9609904,-0.47754213
129573.086,-2.8525314,1.2192234,0.65056425
115676.375,-4.190366,0.28886843,-0.43400896
117568.34,-2.2419,2.9475377,0.49507168
132210.61,-3.1720054,1.5891249,-0.77552044
124000.18,-3.9162917,2.440267,0.684049
117452.836,-2.3092904,2.9258192,0.5847153
132638.98,-1.3343463,2.747663,-0.90111226
134134.06,-3.1515572,2.3654685,-0.7931127
123455.06,0.053297862,2.7305126,-0.70639277
115002.48,-2.7376683,2.3310604,0.6225321
127337.49,-0.9637359,1.7597985,0.68360597
122297.91,0.5457954,1.6479096,0.53495497
131241.75,2.169015,0.9214659,0.53526694
127179.64,-2.991904,0.6540413,1.089792
125850.55,-0.68093514,1.6970875,-0.8162022
124767.19,-1.1697278,2.949073,0.49664444
122755.13,0.09688318,1.628977,0.5853354
127178.59,-0.8438759,3.0929623,-0.6796189
122834.81,-3.8219342,1.6931851,-0.6775513
115315.84,-3.8644042,2.5700614,-0.5789727
120236.97,0.87955004,3.11669,-0.74224627
130208.914,-4.1004004,2.6011162,0.78921276
122789.625,-3.6371448,1.7270133,0.20960157
132662.28,-3.6870441,3.1071339,0.42407873
130951.125,-2.5571861,2.4994996,-0.63510704
119596.6,-1.8480549,2.9854155,0.68446314
119072.99,-0.37835053,1.3882586,0.5351482
119659.586,-2.2037797,1.7321912,0.63230896
123345.21,-3.2541125,1.9889368,0.47471985
118399.27,-3.862087,3.10357,-0.70365506
119509.74,-0.19342469,1.4635549,-0.5977686
123240.42,-2.361445,2.712493,0.72803795
127933.9,-2.1381245,2.3777013,0.39273605
123673.68,1.5289309,1.7704884,0.5751899
117032.945,-2.8775651,1.6824542,0.5357497
118626.23,0.16097952,0.60579926,-0.6694194
126563.17,-1.5112169,2.8908415,-0.7573305
125509.55,-2.0961707,2.8209555,0.35932583
115706.34,-2.6565738,2.803653,-0.9005716
116742.96,0.06761903,1.8977879,0.9939241
117794.586,-1.6842358,2.641728,-1.2327603
116478.22,-4.4974008,1.2786223,0.47286108
129102.1,0.4899239,2.7911654,0.39329928
128334.33,-1.9793344,2.614705,-0.4731599
118170.42,-1.4644549,0.6504994,0.89790046
130918.34,-2.7422698,1.9462714,0.5611467
131907.83,-4.5832424,2.583507,-0.64405376
122582.31,0.16443881,3.0244904,-0.32133773
125640.05,-4.2066197,2.661778,-0.43223256
115420.14,-3.9899879,1.6721096,-0.89124274
116602.57,-2.0381174,2.880053,0.70827925
131601.34,-2.594863,1.7571855,1.1987618
131967.95,-2.1996932,1.5590237,0.8320204
119610.46,-2.5906506,2.915308,0.47806725
133042.33,-2.1232553,3.0562308,0.59964573
125079.586,-2.8195524,0.9954229,-0.5997876
130223.96,-1.5040385,2.8104706,-0.63590014
123112.39,-4.384141,2.9579506,-0.52368623
130420.25,-0.93286294,3.009237,0.41809607
117048.05,-1.3267778,0.274135,-0.43674618
123076.07,-2.8155224,2.19624,-0.56116384
128631.85,-3.3860068,1.4651114,-0.72004145
128801.91,-3.9883835,3.0091841,1.0391155
121844.19,-0.221564,0.32094836,-0.7482985
131678.56,-2.569495,2.06269,-0.82591325
127153.76,-2.4835753,0.5841978,-0.50824773
125722.734,-1.4486568,1.3972235,-0.42279872
133285.77,-0.5727411,3.1160555,-0.42275473
117032.83,-1.8979146,2.3279092,-0.63735604
131442.62,-1.4971824,1.4172238,-0.74715996
117327.87,-1.5300642,2.0226946,0.54334754
124543.625,-1.9783883,1.0747297,-0.74865496
122037.27,-3.021554,1.1759629,0.6509907
116085.99,-0.9537207,2.2614222,0.65558547
116979.016,-0.78974795,2.7887967,-0.6470442
119888.61,-0.5238249,3.0398831,-0.59668654
125038.81,-1.9301528,1.8028027,-0.46852532
128924.52,-3.520508,0.6719701,-0.3797659
118745.58,-3.3010573,0.34880757,0.76520294
119051.46,-0.039223347,2.7669601,-0.51612127
115530.32,-2.6831262,1.2059699,0.6461367
129937.64,-2.7584064,3.033624,0.4965137
130231.14,-3.071907,0.06300712,-0.45712668
117608.64,-1.6384478,2.2509465,-0.5940938
117042.336,-1.3157002,2.1113298,-0.84800756
126191.18,-2.039851,2.8072648,-0.7501875
129190.695,-3.1271617,2.918065,0.55686367
134008.94,-2.1268075,2.4462366,0.53060997
124158.63,-1.9594257,2.9775488,-0.35161775
123936.02,-2.2673671,1.5933651,-0.72586787
120605.68,1.137371,0.25086546,-0.58550924
118475.47,-0.06580179,3.0712621,-0.5753239
126047.055,-2.0016723,2.9985955,0.8019335
123545.9,-3.0150037,3.0158577,-0.4903221
129592.75,-1.5537844,1.2519422,-0.6416309
116779.16,-2.5033784,1.0438331,-0.66066337
121724.16,-1.1848458,2.374063,-0.89493114
116160.305,-2.2188725,2.776985,-0.52465475
117922.14,-4.532427,1.6461378,-0.6064343
132530.19,-2.0326333,3.1388164,-1.166806
129185.44,2.450987,1.0521935,-0.650188
131942.77,-3.083465,2.8315,0.4947987
131801.19,0.0066459575,3.1100256,-0.64810514
130946.49,-3.023778,2.9026496,-0.67432547
120112.78,-4.0662403,3.0108397,-0.56449795
122487.75,-3.1783793,0.8041591,-0.8219819
133526.92,-3.278749,2.4670649,-0.42053226
119093.31,-1.5451313,1.9684986,-0.50704014
130824.695,-3.9031665,2.702521,0.55212116
121383.05,-1.9853354,1.2519337,0.5282499
122608.66,-2.698327,1.0182314,-0.72283566
121119.55,-3.1870646,3.1120653,0.561891
122411.7,-1.8662835,2.1156564,0.5614965
129412.516,-2.4243474,1.8223125,0.625485
133050.53,-0.99377745,1.7982875,-0.7599166
116414.77,-1.2630622,2.5684397,-0.45335534
127487.055,-3.1595466,2.9408975,0.43953207
115187.54,-1.1541576,1.8880382,-0.64642936
126231.086,-2.0394497,1.4765563,0.67604977
132267.53,-2.795588,0.7073581,-0.26168212
119877.68,-0.7503502,1.2029126,-0.6548891
118099.664,-3.643827,2.639851,-0.62943304
119785.99,-1.9988695,2.4852014,-0.46696794
121928.96,-2.695229,2.5372612,0.83887
123356.53,-1.9316216,3.1037002,0.4243007
133734.36,-3.8477144,2.9492137,0.52551377
132005.11,-0.32639048,2.2347648,0.52775156
126625.87,-0.52973783,1.404141,0.72215086
134170.64,0.831307,1.3553615,0.81739366
115505.02,0.3307055,1.0027562,-0.5510209
130736.734,0.9373641,2.517505,0.7706887
125124.945,-1.101705,0.14596033,0.38426098
122784.055,-1.7923983,2.6567001,0.55443287
127835.54,-1.4814551,3.131392,0.33536813
126264.83,-3.7983668,1.8636388,0.8598776
118371.71,0.026749479,2.5560746,-0.4815685
115062.25,-2.7261176,2.4928837,-0.48264748
120022.58,-1.2092253,2.2599263,0.6421859
125741.52,-4.726661,2.7066317,-0.13055657
116477.39,-2.1604419,2.7728388,0.531411
116235.25,-2.4307733,0.6616658,-0.57178324
122957.445,-2.1914477,0.50652456,-0.5073845
126696.87,-3.0824676,2.9822245,0.90252024
121700.625,-3.238589,1.5468541,-0.529233
126711.84,-3.7020204,0.79542494,-0.21692364
118963.13,-0.81839705,1.8312126,-0.50331753
133420.73,-1.4547015,2.9333656,0.44560048
122304.484,1.1076967,1.1707026,-0.7482765
132414.64,-2.0832493,2.8245013,-0.18180485
116174.164,-0.23046003,2.9470568,-0.39618
123579.62,-0.76101047,1.4744816,-0.6278728
123200.66,0.14857042,2.850768,-0.49105245
119780.414,-3.803476,2.9912794,-0.49654728
117735.13,0.45170242,0.12250048,-0.4220201
116270.07,-0.99310523,0.47322398,0.4952549
121320.24,-1.6640081,0.046290755,-0.5470101
126443.37,-2.2654343,2.1113553,0.53869337
124206.875,-3.077193,2.8057973,-0.77862686
124750.445,-0.5269637,2.7436864,0.54849935
116340.44,-1.0500534,2.1735811,0.5826872
134664.83,1.7643512,1.6991478,-0.72428584
130711.305,0.09952263,2.9461508,-0.8423671
117953.03,-0.13404576,0.484985,-0.36206135
128425.67,-0.098967955,0.762846,0.5547785
124709.09,0.054650046,1.6925762,-0.7642552
123598.375,-1.0781587,2.9422567,0.39569297
125291.65,1.6971351,1.3499979,-0.66199845
128983.234,-3.00451,2.5422733,0.84555703
118647.914,-3.856302,0.5703049,0.7077973
122617.89,-2.0702507,2.7367246,0.5317386
117222.734,0.68635255,2.2470024,0.9757996
130438.484,-1.5681927,0.72258955,-0.6386084
124539.7,-2.6425364,1.288075,0.7788428
128871.01,-3.4394956,1.5709763,0.55831635
130443.93,0.32223475,2.7681005,0.6952769
124781.35,-3.5368843,2.5797915,-0.8114353
116536.96,-2.1285045,2.9644144,-0.54930645
121563.43,-1.3908639,1.2829511,-0.7460146
116876.99,0.4809859,2.9402435,0.42524302
132042.2,-1.4683353,2.721158,0.257572
134290.66,-4.106373,0.5737492,-0.5411848
131794.52,-2.6776812,0.14202607,-0.3901752
129555.75,-4.185187,2.418472,0.58419997
128953.336,-2.8817537,1.9560117,0.80292785
121808.766,0.6434668,0.35597396,0.4903738
126262.48,-0.35079804,1.5934,0.7383698
132569.16,0.67802787,2.835133,-0.5785367
118862.14,-0.7692015,2.0327408,-0.7678198
126973.19,3.5006154,2.4438848,0.7134936
125487.445,1.266708,2.5310817,-0.6064782
126760.86,-1.7501869,0.9748652,0.8979026
128582.89,-0.973726,2.7809076,0.34661093
120873.78,0.17476855,3.1258886,-0.45425528
129733.93,0.010704715,1.2983615,-0.6614682
121544.164,-0.06444182,3.0909674,-0.43006173
115804.3,-2.0076792,2.685914,-0.49228656
123256.58,-3.0728164,2.7989194,0.7815578
129458.11,1.7133313,2.77693,-0.63415873
127358.82,-4.0298057,2.6161199,-0.6719632
118260.2,-1.8514262,1.6213329,-0.20719913
127415.66,-3.334029,1.0653783,0.72336906
129074.54,-1.8927859,2.047105,0.6444632
133290.3,-2.9036565,3.0402746,-0.6540838
115519.67,-1.2595778,0.6736596,-0.5343816
117724.125,-2.869241,2.496271,0.569061
120006.73,-1.5891855,1.9304792,0.5255123
130234.805,-0.8990746,2.959978,0.69233686
122637.24,0.86906254,2.9226081,-0.4491226
118287.91,-0.977848,1.5091249,-0.8999358
122046.91,-0.4463688,2.977276,-0.5226428
127430.03,-1.3432788,2.0983586,1.0011135
121749.54,-1.7855536,2.7663307,0.54718405
116814.195,-0.7080344,2.158225,-0.62546414
125635.28,-2.7746277,2.6344929,0.69320387
118562.34,-2.9596403,1.9877199,0.80318224
125304.78,-2.7204366,0.9983047,-0.46907765
119883.37,-1.4971842,2.379919,0.6898576
132832.12,-0.3948086,2.5901527,-0.5132197
132379.11,-2.6501536,0.0067323446,0.33758384
126198.48,-2.4095438,0.5115813,-1.1599975
127494.66,-1.7515494,2.345657,-0.92110074
133930.67,-3.0468628,0.28324223,0.44559285
133440.08,-1.2294137,2.2049828,-0.7141972
128918.66,0.32886738,2.7672749,-1.0793874
131115.62,-3.1533742,1.2211874,-0.54192877
132193.05,-1.1171172,1.4718213,-0.6242637
124003.91,-2.0780122,1.0985746,0.9214118
127204.82,-1.6582654,3.0147097,-0.26369196
130473.914,-2.329004,0.45078254,-0.6526208
125763.79,-4.290232,1.0749177,0.4712554
118599.18,-2.2884526,3.0541785,-0.43555453
127018.9,-3.0852306,3.0674758,-0.5864283
130098.1,0.17875805,1.9657505,-0.74164367
121149.59,0.41039085,3.0752733,0.66045016
121924.734,2.083641,2.4829378,0.63086176
133248.6,-1.1856487,2.2616582,0.6909925
124393.6,-2.4052756,0.63359463,-0.7500976
128722.73,-0.6110534,2.4473205,0.48917568
127235.55,-2.5767255,2.9189954,-0.48642892
121210.48,-1.7846748,0.9316907,-0.8044685
122137.586,-2.236408,0.3197289,-0.4924438
118520.98,-2.6042593,0.5924013,0.7354841
123081.766,-2.1518583,3.0618737,-0.26277444
119722.484,-0.91963124,2.9010913,-0.5179543
116087.555,-2.1539948,2.7640858,-0.36201608
117227.766,0.042446382,2.459786,0.48134723
128329.555,-2.7153447,2.0447152,-0.44990224
126032.55,-1.0189226,2.6052642,-0.71959436
128130.74,-3.6930156,0.11819053,-0.44003418
119714.375,-2.924254,0.2803132,0.6075949
132240.03,-2.779122,2.5992708,0.674216
129056.23,-3.1807988,2.9267323,-0.44716677
122437.234,-0.01604934,2.957894,0.41773003
126859.8,-2.3584282,0.9392724,-0.81946534
127463.766,-3.7706223,2.9242523,0.41681772
124965.555,-3.0383823,2.3185163,0.7696501
134552.53,-3.0262115,0.558452,0.47766837
133857.5,-3.1516654,2.3156593,0.5107347
130209.48,-2.3176014,2.2185721,0.8124357
120533.83,-1.8023154,1.0095688,0.6214322
119733.36,-1.7733728,1.837232,0.66248745
121314.29,-0.008995519,3.0704358,-0.8878057
130678.36,-0.8028369,1.1653993,-0.68877804
122569.81,-0.9961257,1.5743003,0.5502947
127999.42,-2.3449483,1.159523,-0.60093516
115983.18,-2.5580673,2.9953465,0.45138285
117105.29,-2.2614486,2.4602482,0.35135534
133035.69,-1.6627024,0.51698565,0.6568633
119286.18,0.02253391,2.2472997,0.7088402
121408.28,-2.8718154,1.5555611,0.7859122
117087.805,2.0218737,2.4167705,-0.55410045
126726.836,-0.57349074,2.5290961,0.62561256
132721.47,-2.074753,2.8233466,0.68283993
122175.98,-2.7831607,1.0689662,0.5091332
118616.0,-1.290639,2.990448,0.38426128
133333.03,-2.8679059,0.5534437,0.82852805
116330.83,-0.31688392,2.120974,0.6686286
130820.55,3.3648932,3.0159009,0.47331506
129190.64,-2.8734353,2.7817523,0.6427233
121702.24,3.3058434,0.08108735,0.31898376
122425.31,-3.587179,1.3337148,0.5013859
126353.586,-0.082489215,2.8893023,-0.64205444
118249.22,-2.6584027,2.3221424,-0.7153429
121749.85,-0.5231571,1.6125189,0.7542455
125512.305,-1.9118361,2.129654,-0.69924307
130967.055,-1.8429418,2.638548,-0.42804003
130837.99,-1.7653595,2.966074,-0.57463217
128222.445,-0.945144,2.4462073,-0.5610889
126376.49,-2.1085267,3.015179,-0.21008255
118864.63,1.0561867,2.23752,-0.48481506
122019.41,-1.5911133,3.0422378,-0.57154274
127254.82,-2.9851336,2.178879,0.63744324
125155.28,-2.4298866,2.9610634,-0.39450055
115883.69,3.1344798,0.41049764,-0.6674441
125500.68,-1.5776501,3.1099365,0.40033486
119874.86,-2.227724,2.5512247,0.50190854
117455.0,-2.1889153,1.7087626,0.63304234
115925.02,-1.6691283,2.8851898,0.19523144
119707.81,0.08381909,1.539568,-0.875563
121227.87,1.5123641,3.0868719,0.64133435
131653.78,0.07577745,0.296824,-0.40625075
124935.18,-3.523025,1.8254783,0.69612813
118931.27,-0.55995095,1.6325332,0.58454055
134892.72,-0.9852656,2.9527273,0.45874903
119739.6,0.65716916,2.9925108,-0.5319438
131868.78,-2.443832,2.09562,-1.0429823
115653.58,-1.8882214,2.4558737,0.29260677
122414.58,-3.0489204,1.1837531,0.6277786
130057.945,0.4534429,1.8939377,-0.8900237
131070.6,-1.8652098,2.402732,-0.43250078
116787.75,-2.1813598,1.9443395,0.68113387
115854.78,-3.2607715,2.165601,-0.5817369
122738.67,-0.20116715,2.8986928,-0.5713177
132268.89,1.0245999,2.900525,0.2974381
126756.98,-1.349113,3.0537567,0.5465205
126031.74,-2.3802707,2.7795174,0.5763567
116197.12,-0.57373446,2.9868033,-0.36528653
117088.39,-2.7629476,0.28946543,-0.33928037
125944.85,-3.8038929,2.4339907,0.74967015
127149.67,-0.016671516,3.07013,-0.34242082
122164.97,-3.2830105,1.0234797,-0.6676186
129351.08,-3.056619,2.8462646,0.41112554
128944.04,-3.1422443,0.94742143,0.9938836
131689.3,-2.4202025,2.2463233,-0.9085314
122494.15,-2.1323276,3.0544531,-0.562315
115883.76,-1.7253205,3.0719938,-0.3891198
123647.8,-3.4793825,3.0968368,-0.56804246
133626.39,-0.06179488,2.346838,0.53425074
128906.945,0.7213683,2.5219667,0.82853407
125962.516,0.9343759,2.8612385,-0.59366775
126985.42,0.61183214,2.3432105,-0.6958303
128902.59,-1.8027158,3.084536,-0.7465382
127945.43,-3.006676,0.6044267,-0.7545287
118553.15,-1.4622631,0.6252761,0.5039914
130090.68,-1.4454049,2.6320977,-0.6983096
128811.4,-0.44416633,2.6866324,-0.6257583
128505.445,-2.0336783,0.39525795,-0.7405002
118399.16,-2.151498,1.6627998,-0.26472908
118710.08,-1.8494829,0.69580173,-0.5285187
119758.516,1.0554856,0.77689415,-0.6246021
123126.11,-2.767507,1.9592372,0.76726174
124275.5,-1.5244396,0.28287792,-0.5404367
129974.01,-3.9763343,0.8897004,0.49504423
127280.5,-3.438747,2.8424711,0.5457913
127369.5,0.5212546,0.44796813,-0.5488317
121456.92,-2.9092247,3.0080297,0.65544075
126040.11,-3.0264661,2.6723409,-0.5966243
115830.17,0.66218334,1.1565458,-0.53782296
126397.484,-2.9739106,1.884936,0.5415623
119087.48,-1.6295944,2.380137,0.37191445
120761.59,-3.5030723,2.135318,0.81587577
132613.08,-3.5501268,2.1615753,-0.2086528
127995.96,-1.6313329,2.9374013,0.8168988
125803.695,-0.20653848,2.894771,0.38704297
120697.66,-2.9581149,2.1527128,-0.6639616
120107.7,-2.5016863,1.7052743,-0.74829435
123210.81,-3.0554276,3.0887308,0.6032261
115254.48,-0.30733535,2.9828525,0.55124706
123955.81,-3.8783612,2.9011505,0.38973814
122008.195,-0.93664104,0.59202564,-0.7608149
115618.23,-1.9141796,2.9244337,-0.5566527
119528.44,-2.000068,1.9482712,0.77020884
134006.03,1.2979189,0.6814666,0.46156615
122985.47,-2.0778553,0.9095801,-0.54729223
116739.734,-2.139409,1.0266843,-0.734008
124248.87,-3.6053164,0.9718455,-0.49252382
134369.72,-3.3188157,2.160142,-0.67468774
120719.96,-2.4176097,2.7316155,0.59609246
117284.14,-1.4642025,1.9974918,0.455403
130912.56,-1.9631261,3.121964,-0.4045677
118888.29,-2.6801467,2.7086096,0.5459187
121058.33,-3.4214447,2.1033926,0.9717504
134014.69,-2.969945,2.7096148,0.84626895
115330.97,2.416098,2.2568555,-0.98066366
129288.77,-1.486819,1.5039448,-0.80465645
127210.79,-1.826634,1.7726716,0.5025371
123864.016,0.2835751,0.88262,-0.5840145
131574.36,-1.2633816,3.021365,0.72294104
121606.5,-0.7677865,2.5623372,0.53365105
116678.836,-3.4132156,0.9858897,0.6070942
126101.664,0.21822368,2.1849585,0.64284426
117596.21,-2.1820025,0.30109,0.6535487
132082.55,-0.97284484,2.9835181,-0.41370592
116970.305,-2.5645654,0.5768688,0.6003822
125673.55,-2.5264208,1.103035,-0.66339874
126574.44,-2.1701682,1.3314545,-0.5467688
127757.44,-0.66119885,0.354676,0.5178771
119839.92,-3.110459,1.3727057,0.5326547
127337.05,-3.7140784,1.0904665,-0.5889242
123006.61,-0.9484477,2.4090831,0.67776006
115688.86,-1.250302,2.6653886,0.55687773
126184.04,-2.694351,1.0976403,-0.5045953
117712.664,-3.68004,0.28490043,-0.42005977
116707.59,-4.151315,0.62300944,0.57269746
117222.58,1.0530978,2.4301414,0.7351245
131095.84,-3.209014,0.85130864,-1.032866
124813.68,-2.643685,2.697803,-0.67206925
126774.31,-3.7945611,0.9756651,-0.6462251
126192.51,-0.9949899,2.7643216,-0.5382564
119631.055,-2.1931593,2.905631,-0.3804477
115464.64,-0.9039723,3.0879836,-0.5446372
123851.43,-3.2168095,3.0298305,-0.5762586
119009.57,2.4070194,2.0236092,-0.81524456
130723.14,-1.0481267,3.0088415,-0.60479987
134548.69,-1.9783305,1.5338365,0.296677
130863.25,-0.29568937,1.8609108,-0.8251591
117801.63,-0.42975911,1.1046013,0.52013385
124394.9,-2.8424666,2.456185,-0.4890247
133642.69,-3.1553981,2.2067497,0.93033785
119367.42,-2.4824955,3.0563197,0.133658
132990.27,-0.985572,1.0222037,-0.6407599
123821.26,-2.09047,0.29744786,0.41153553
122134.3,-2.365082,0.47298208,-0.5003975
124221.15,-1.2458904,3.0925105,0.60415024
132977.33,-1.9119127,2.2886186,-1.0936214
122068.32,-3.6342268,0.157359,0.5717542
124051.25,-1.8505973,1.3404855,0.46337023
119977.35,-0.7398596,2.7993608,-0.27921084
125320.44,2.5538573,1.2587564,0.7926507
125294.19,-1.7631135,2.735528,0.5568372
127778.12,-3.5186546,2.561697,0.445669
129166.66,-1.4586804,2.8660338,-0.6243091
116253.29,-2.8899045,2.4344287,0.91789085
118952.734,-1.682314,2.3830671,-0.28191718
127235.195,-1.2301987,0.5026639,-0.43713593
117709.2,-2.434522,2.6418827,0.36030316
129706.15,-1.134198,1.6875894,-0.8008553
125787.72,1.3895454,2.006807,0.52067566
131855.4,-0.03365158,2.8512528,-0.597714
116389.38,-0.30169928,2.754139,-0.34845152
126839.7,0.08548958,3.1003428,-0.5519163
128037.79,-2.1645179,3.0908985,0.23396598
118929.25,-3.4175153,3.1249704,-0.53496814
115704.51,-2.3173437,1.8941144,-0.62999034
127911.945,0.3395303,2.9720316,0.43375352
121803.8,-3.2738583,2.4079804,-0.6834667
122215.49,-2.746528,1.0955702,-0.6552351
127983.516,-1.3777266,2.0958817,-0.7863601
130442.58,-1.2428515,0.9965904,0.92714894
116790.17,-0.4313423,2.7977505,-0.53217834
122031.82,-1.839569,0.7421822,0.4444994
123986.164,-2.1932533,3.0365644,-0.61166525
121393.42,-2.5930886,3.0740972,0.45735058
116354.93,-0.120679244,1.446015,-1.0744513
117072.23,-2.8616438,1.2242676,0.5364159
121245.97,-2.071844,3.1299686,0.74072677
128321.25,-1.4633514,1.731026,0.87189966
120658.65,-3.856977,2.0624676,0.49522603
117233.914,-1.6370487,2.9183302,-0.68232214
118798.17,-2.5643907,3.0024369,-0.81023574
125212.41,-2.7625623,2.1276748,0.4536874
123765.336,-2.3075154,2.6889198,-0.6751295
130140.04,-0.77527714,2.9817839,0.85223675
127776.92,-3.4874296,3.0286086,-0.37618336
118016.88,-2.6403894,3.0655348,-0.5292695
124808.375,-0.86407554,2.4660566,-0.54969233
125305.49,0.25327358,2.5100257,-0.853453
120436.44,-2.25133,0.9914917,0.58368695
121551.69,-1.5886862,3.0888023,0.34867832
121557.734,-2.5748246,0.34441006,0.5199818
124133.34,1.9128774,2.7870297,-0.43686572
122075.13,-2.1943214,3.0291948,-0.5999827
121142.18,-2.4233172,2.5926003,0.475418
117629.61,-0.041442096,1.2219436,0.70887196
121264.1,-4.1110168,2.8273814,-0.5301581
121077.85,-3.444748,1.2078333,-0.48374093
123701.18,-3.1765096,2.6576135,0.55011183
126502.08,-2.0590894,1.8203231,-0.5948818
116955.34,-1.5218157,1.7137576,-0.8320599
122217.46,-3.583043,2.2420387,-0.7317808
119847.93,3.4220805,1.8433034,0.7536438
120916.64,-2.5892222,2.5886045,-1.0863818
126985.25,0.016783932,0.97760355,-0.70759815
118963.984,-2.3327487,0.1831696,0.77404314
127774.36,-1.4977217,2.5037987,0.65574926
121994.7,-0.75030035,3.0591493,0.35440677
116518.84,-1.1310935,2.3114555,0.651642
134432.05,-2.0840511,0.8430401,-0.67055386
121619.56,-2.5267055,1.4982606,0.31677842
116269.1,-2.6523702,0.34474993,-0.4979187
116159.22,-3.5824103,3.026018,0.28351757
124175.86,-2.8343275,1.5765944,-0.8020816
127587.98,1.683424,1.9120885,-0.60312295
115893.016,-0.5204727,2.5666313,0.7137625
120747.69,0.42581803,2.90092,0.24904884
124462.055,2.8941817,0.42289662,-0.5744192
126492.51,-3.5332484,1.8743997,0.7529695
134802.17,-2.5439544,0.62975746,-0.56153774
121517.08,-2.894063,1.8237506,0.46435747
118424.82,0.41742015,2.354188,-0.51846194
116766.37,0.9509295,2.9246736,0.589502
116067.484,-2.320015,2.2648406,-1.0664686
116082.27,-1.0499098,2.1830695,-0.394526
128385.43,-2.5112188,2.5697546,-0.74277043
128689.83,-2.5914698,2.86793,0.7785109
121657.57,-2.7303503,2.5519502,0.7787023
121022.2,-0.5433864,1.096477,0.5546133
131323.6,-0.56181175,2.1738431,-0.6822572
120031.055,0.36695522,1.8052926,-0.53636265
132105.47,-2.1384099,1.408567,-0.9951262
127377.15,-1.4838623,2.5016873,-0.7663449
126549.41,-2.6628103,3.08479,-0.7274256
130311.5,-1.2595273,2.7614636,0.27791384
120680.91,1.8484074,2.5876083,-0.66623336
129393.98,-3.8801582,0.23716736,0.81863767
121037.56,-3.1023214,2.9668806,0.61693585
117853.88,0.44405782,2.4283903,-0.614943
117266.94,-1.902016,3.1415148,-0.5640927
119643.45,-3.057958,2.9892645,0.62030923
119492.0,-4.224818,0.08584058,-0.38118005
116083.14,-2.6573513,2.7760687,0.7545614
118188.9,-1.3867272,2.5604064,-0.45469335
124930.87,0.43895867,0.4291687,-0.52164185
128147.26,-2.8199267,3.109049,0.99004805
119932.89,-1.7052363,1.2739391,0.52145445
117817.8,-2.6915853,1.6298646,-0.82989407
119215.27,-4.055214,0.7804494,-0.4853363
125410.9,-2.3214211,2.4274523,-0.7826506
117092.95,-0.5156947,2.3856366,-1.0641853
125456.65,0.34395307,2.7215683,-0.5034228
131069.49,-3.3729386,2.1600382,-0.6231815
118561.42,-0.47176147,0.9506886,0.80012316
122251.664,0.498688,1.4733148,-0.8877093
132904.97,-3.1164405,2.7789814,0.7556448
130062.086,1.2915179,2.7724297,-0.28931764
130284.41,-0.6122637,2.7782974,-0.41102213
132262.78,-1.9898742,2.1382394,0.7654003
129898.39,-0.3671541,2.691733,0.4033075
115418.32,-0.9583153,3.1313334,-0.5628761
120046.266,-3.261307,1.5484947,-0.71346337
134729.58,-3.828962,0.9966686,-0.22245438
127851.98,-0.93534666,1.7613355,-0.48838553
131463.73,-4.0831647,2.6397934,0.8664097
122919.71,-2.5515819,0.28499508,0.5974179
120011.57,0.08423459,2.378688,-0.8828932
121132.31,0.08727243,2.8719661,-0.44178173
134613.34,-3.6003916,0.14537692,-0.36680666
127447.74,-0.7974826,1.3248149,-0.6107202
117995.56,-0.047070432,2.5476718,0.5080562
128469.21,-0.4117634,0.09110558,-0.35185018
130586.38,-1.478375,1.9317175,-0.59682214
121965.42,-2.4346647,0.64594364,0.8199184
115569.96,-1.285945,3.1097703,-0.6784277
121173.37,-3.3833609,2.7884307,0.47935718
123453.8,-3.487619,1.7254641,0.7306812
115144.51,-2.462484,2.6966434,0.23589504
126568.22,-0.8405752,2.9335861,-0.5309891
129723.375,-2.902212,2.7306185,0.6183854
125007.27,-3.25991,2.753085,0.7481263
132624.44,-2.6822014,0.28134695,-0.5595604
119227.67,-1.5909427,2.6201408,0.31337333
127554.21,-3.6988697,3.0645308,0.30512437
124164.76,-2.189077,1.4877723,0.948842
130598.9,-0.97238004,1.6048092,-0.79467326
131440.84,-3.2975504,3.0459683,0.6136932
129031.766,-1.5828189,2.544217,0.7217023
117418.51,-2.585823,0.032655954,0.41084975
120611.11,-0.58773,2.909706,-0.23709509
115419.99,-1.4799434,2.5383906,-0.5840944
130342.71,-1.2123116,0.4443205,0.5133732
133869.1,0.35344103,2.8401914,0.34102246
124785.3,-1.471049,2.6666808,0.44176707
133164.9,-3.2962167,2.3454123,-0.53180933
117008.45,-3.1444442,2.8812027,-0.46865204
123649.305,1.6465104,0.79820895,-0.8884687
125798.11,-3.0997148,2.4712408,-1.2444687
117347.484,-1.567958,1.9765823,-0.6450418
123510.46,-0.8472151,1.5096855,0.61327356
115938.36,-0.23341458,0.72860265,0.66889185
127954.23,3.4590313,2.8327546,-0.68272644
115564.484,-1.9389722,1.430048,-0.32793516
132534.75,-2.8456511,2.5881126,0.49648607
117999.88,-0.5426468,2.678264,-0.5623359
133907.16,-0.64523745,2.0982022,-0.57020384
127166.03,-2.222016,2.8279269,0.6088734
117400.26,-3.5743272,1.8251591,-0.45118913
127236.45,-2.8142297,3.0094905,0.5845258
119725.336,-1.3057085,0.52439547,-0.6133405
122020.41,-0.5547814,2.780237,0.4038222
116732.04,-1.3567882,0.9229555,0.53128463
121680.484,-2.454221,2.893114,-0.47658044
116098.055,2.3433995,0.7508288,0.5545826
126274.31,2.3117862,1.0385137,0.5702618
126646.28,-3.1407633,2.995344,-0.49023902
118682.914,1.4914814,1.3448164,0.78308636
124887.38,-1.7106719,1.513,-0.52987784
124390.375,-2.5727186,2.1203332,-0.83133364
118955.27,-2.285263,2.5484776,-0.39765903
125669.2,0.7866871,0.6665515,0.8769105
121162.55,-2.4233963,0.85571724,-0.5663752
131401.84,-2.8962128,0.24603802,-0.5849497
120542.79,-1.7069405,2.6163085,0.70897615
133007.12,-3.1080413,2.989631,0.5919662
116958.875,-2.8301466,1.9413108,0.31444746
128618.45,-0.84040856,1.8397232,-0.46063423
121852.54,-3.147417,0.50331247,-0.530612
127255.914,-3.6111608,2.9481719,-0.7865959
134530.22,0.5636241,2.8682487,-0.660226
115756.01,-3.9005015,2.419889,0.5821312
118577.375,-1.129255,2.6075091,-0.37513623
122892.414,-0.87543964,3.066375,-0.4899697
126081.69,-0.6853874,2.1367688,-0.6360572
123546.47,-2.798667,1.117371,-0.49485937
130408.29,0.022078317,3.1327784,-0.5210007
129238.125,-2.4900763,3.0738418,-0.3238831
123565.56,-1.1108369,2.7996817,-0.47646812
128607.93,-2.6719625,2.9516258,0.5210288
129094.09,-0.47344315,1.775699,-0.74498856
124775.69,-2.298529,0.40446064,-0.5225199
115052.414,-0.8931463,2.2548337,-0.5890986
123208.74,-2.7017019,2.2649348,0.5740847
119543.58,-3.225181,2.4208152,-0.80693924
118857.35,0.13059095,0.9777227,1.1658746
115756.4,0.9946212,3.05513,-0.32147074
128264.38,-0.65234786,1.6537492,-0.786873
128471.62,-2.4181986,3.0927997,-0.9661263
134597.03,0.8978529,2.94235,-0.5817969
130254.39,-2.7867873,2.2910793,-0.7753585
134384.56,-1.4686303,0.8748177,-0.9648541
129931.57,-1.0092309,0.7708136,-0.8534958
117205.664,-2.9414766,1.208615,0.58003587
133724.08,-0.9952067,2.7526422,-0.917759
134814.83,0.78736234,2.5696285,-0.5215313
131363.72,-2.6085157,2.0072803,-0.7074553
122095.42,-1.42356,2.9720948,0.6006306
131465.58,4.2551293,0.5850523,-0.6878814
118204.27,1.1983968,2.0954592,-0.7634287
119240.95,-0.59327024,0.1823008,-0.42220712
126540.195,-2.6032963,3.1296546,0.6338014
124617.16,-2.9244497,2.4629352,0.90231824
126163.33,-1.2101328,2.7836483,0.6230422
124817.76,-2.861123,1.6104316,-1.2170953
124026.83,-0.9148246,2.1038828,0.7052425
118368.914,-1.8345952,3.0376666,-0.16218905
116093.32,-2.441044,2.86104,0.4726082
122902.75,-2.0699418,1.5950332,-0.7522147
132268.02,-3.2551484,2.6692755,-0.6606373
126156.08,-3.4584432,3.0814369,-0.47652468
133076.03,-1.1953561,0.12390542,-0.34388527
129063.2,-2.5052726,3.058679,0.4772946
126874.77,-2.9637294,2.8946893,0.3559796
123060.21,0.103976555,2.526404,0.6634434
127308.76,-0.83313876,2.941674,0.535049
122090.94,0.8130739,2.274311,0.5933048
132069.73,-0.76398236,1.4688569,0.5423892
132166.62,-3.847311,1.1562079,0.66578674
121427.79,-1.14278,0.72313017,0.5148611
134516.25,-2.4353888,2.4019341,0.68859994
134044.67,-0.21936126,2.0189922,-0.6021921
120774.516,-0.3974151,3.0532663,-0.3293069
130342.38,1.2902665,2.5332866,0.56963897
115989.305,-2.1039202,0.71951723,0.54112655
132063.4,-1.3554109,0.8493879,-0.7441281
134564.25,-0.28646109,2.1274738,-0.80733514
117905.94,-1.0506442,3.082282,-0.45343462
124618.414,-2.5110338,2.0657961,0.5547895
118728.64,-1.6076443,3.0128894,0.4614063
127962.66,0.63297886,3.0255392,-0.6462994
125764.94,-1.8613385,1.7686636,0.74938273
115436.89,2.01848,3.1112378,0.5025313
122396.625,-2.0049376,2.410595,0.5825963
122537.58,2.1471107,2.3290455,0.73781383
116184.58,-3.0663617,1.1992422,-0.7828401
115035.22,-2.8836594,2.5556653,-0.72868073
123064.49,0.2978769,3.1136138,-0.52523434
126711.766,-1.8498021,2.4032867,-0.55742276
124833.016,2.9923751,1.7678914,0.7990025
115270.56,-1.7071602,2.2091942,0.63845706
126673.91,-1.9235928,2.939991,-0.56259716
117823.11,-2.3374858,2.049896,0.7403718
117914.24,-2.7912502,1.9234222,0.6922756
130108.99,-1.1123433,0.05752182,-0.68311393
119052.016,1.3967271,1.9866321,-0.72577405
118400.38,-0.37171653,2.417293,-0.58927906
134273.1,-1.286489,1.1048434,-0.5893521
132409.02,-2.1310403,2.5046136,0.55219173
119850.65,-0.776049,2.2324271,0.61002177
134055.55,-3.9415298,2.329846,-0.39591604
122949.01,-2.1822622,2.3068514,0.38883582
116473.17,-3.4933584,0.34721446,-0.7515238
119342.75,0.028547183,0.17514122,0.4901257
132552.9,-1.4108626,1.9253192,0.60521376
115539.92,-0.49985132,1.7318249,0.71884245
121387.555,-2.7022562,3.0822742,0.33597863
131795.86,-1.0467128,3.074994,0.6390098
119147.69,0.70255584,1.4659232,-0.88794154
124755.836,-3.175198,3.0215344,0.45665255
125050.086,-1.3693954,2.9606538,-0.72649527
126852.195,-2.7506838,2.1270175,0.7419206
126663.94,-3.2817056,0.94879794,0.5440177
118485.47,-2.8916728,2.9308555,-0.6238506
115479.2,-4.2923894,1.0769652,0.57396185
115780.92,-2.9324002,2.776288,-0.8020121
119340.03,-0.9132289,2.4980307,-0.31776908
125803.695,-2.6635249,1.5229646,-0.9911797
115151.41,-3.5587463,2.3828454,0.59872234
129968.62,-2.109932,2.861497,-0.11151786
124966.336,0.03246949,1.6240232,0.666371
119030.77,-3.074457,0.3895378,0.33767724
118477.625,-2.4763854,0.70135224,0.86022526
130968.85,-1.6410462,0.87999237,-0.54780436
124679.91,-3.9525695,1.1726316,0.5868626
125611.14,-1.3722974,2.3776872,-0.52637494
133512.72,-2.1660993,3.1219823,-0.7787034
124769.664,-1.3899444,2.6272762,-0.7075358
120159.055,-2.8983822,1.0688729,-0.43775907
121741.93,-0.37013617,2.5629683,-0.81286144
124947.31,-2.9548042,1.0338862,0.64172655
120635.6,-1.3521787,0.029266119,-0.43284565
131453.28,-1.7511623,2.6863594,0.47090945
127369.25,-1.383856,2.4983728,-0.9660669
122832.695,-1.8648621,2.9055872,0.5316467
116751.555,-0.48707268,2.7832866,0.79205596
120858.41,-2.3991234,2.6063483,-0.55840355
120420.336,-0.8901396,2.370523,0.59851736
121858.92,-4.1936197,1.2101859,-0.76915205
129019.46,-3.400914,1.6116258,-0.6293283
121513.29,-2.9700472,1.8707135,-0.73795205
124611.57,-3.7303243,2.8999026,-0.54575515
134737.5,-3.2316308,2.5126493,0.63942
122449.914,-1.1773378,2.0614502,0.5555748
117024.14,-3.6459455,2.4773786,0.66958195
124873.83,-1.3705379,2.3803172,0.46822026
130172.08,-3.1903894,1.0492221,-0.80877125
134880.53,-2.828408,3.0158513,0.813433
130164.87,-1.3191745,2.1612651,0.8193004
116495.414,1.246497,0.8546517,0.67033005
129060.164,-0.46047276,2.4199839,-0.57162434
128901.12,-2.9570699,3.0785756,-0.6613223
120406.05,-1.1367966,2.6145668,-0.88890797
118140.37,-1.0563612,2.8080783,0.68048626
120813.555,-1.3020314,1.9459862,0.71645564
130827.71,-2.452912,1.4191309,-0.79750586
121735.234,2.1304758,1.087525,0.93349
118450.03,-2.6054187,1.1584398,0.45179373
116181.74,-2.321237,1.2290121,0.85640544
115073.01,-0.6203402,1.7906574,-0.6786692
115969.97,-1.4421846,2.7083054,0.676098
120113.27,-2.1287258,2.0096793,0.7096847
117807.76,-1.5405704,1.016103,-0.7681292
121441.805,-2.6617353,2.503956,0.77113014
115263.13,0.91306806,2.5103338,-0.78983593
130429.055,-2.6963284,1.0713205,-1.0065832
123679.234,0.72739667,2.8742104,0.53782606
123074.74,-3.101342,2.9450724,-0.52273047
122070.92,-2.259259,0.22472954,-0.2891042
116657.35,-1.601267,1.4782774,0.4393868
122522.81,0.81404525,2.3264146,-0.5631401
131831.23,-2.5137908,2.9120216,0.31851885
118742.25,-3.295919,2.99687,0.6364811
132188.08,-2.1351273,3.1083484,-0.36234555
127246.22,2.359118,3.074623,-0.37833506
115414.945,-1.0009283,2.7543347,-0.6713442
124405.77,-1.5691004,0.14972234,-0.66083026
115312.91,-0.8340604,1.3724016,-0.59572554
125443.945,-1.962378,0.19838986,-0.48366958
129666.55,-1.4733717,2.7229695,0.98924655
125787.22,-2.2384143,0.8296183,0.6050466
133578.83,0.2750626,1.0990267,0.60057116
122679.53,-0.38186935,3.0276306,-0.43480343
125483.17,-2.0406227,0.5523515,0.3414771
123006.86,-0.76685864,0.7166603,-0.64134634
125668.32,-0.80510366,0.8429369,-1.0810131
131082.98,-3.0076456,2.857227,0.21110207
129071.49,-3.2848556,3.0699513,-0.57195675
115480.99,1.6715605,1.1580635,0.84215784
131252.86,-0.64896953,0.13200313,1.1552184
123550.49,-0.57728934,2.4986963,-0.6102114
131629.45,-0.5720673,1.7405828,0.66592956
121721.0,-0.7571468,0.596772,0.72220474
125161.75,-2.762899,2.336097,-1.0505855
120331.664,-2.7269807,2.1636028,0.81021243
121137.234,-2.9254878,2.7877893,0.48974404
119054.83,-1.7528052,2.0285633,0.92706794
122106.586,-0.265605,2.8347182,-0.4733276
119893.98,-3.2565362,2.8585463,-0.13636354
121495.984,-1.5683984,1.5050417,-0.6720131
119439.164,-1.6853896,1.5150014,-0.5449632
118313.09,-0.5169465,0.64003885,0.50277305
125401.13,-1.1501269,1.1191292,0.64579064
121247.65,-2.131876,0.49521095,0.7850885
118375.766,-2.6794634,3.0786333,-0.39858976
131682.42,0.46294904,0.47712004,-0.7776976
116283.984,-3.2266774,2.753516,0.7852734
133969.2,-2.436985,1.5196273,-0.90488225
119275.7,-2.7419353,0.93110925,0.59440756
130542.98,-2.9815953,2.2178314,0.68007344
120869.05,-2.9065773,2.1947086,-0.59047955
122691.88,-1.9753942,0.12257779,0.44891685
124466.67,-1.9113644,1.9501649,-0.69801795
116809.625,-3.9830525,1.4179505,0.51490027
126159.47,-0.7315767,0.21885812,0.59609187
120132.74,-2.9943762,3.0903275,-0.61175555
121906.51,-2.8575957,1.1593007,0.6241778
129457.336,-1.3503647,2.675277,0.52253944
127476.125,-0.95685875,1.2342346,0.77284163
121467.805,-1.4312521,3.088707,-0.5290676
129092.6,-1.6047608,3.0557244,0.6773898
127041.17,-2.0532477,2.1151643,-0.52630466
115668.52,-2.3049345,1.8830655,0.8771141
122213.91,-1.438819,2.2344968,-0.75161505
116868.45,-0.81024975,2.144786,0.6750951
118257.61,-3.3282788,2.5885146,0.6068778
122919.12,-1.3406465,2.447495,0.56878
115945.125,-3.5012455,0.15685761,0.51454127
124463.91,-2.328723,0.003928721,-0.26108155
130145.625,-0.7186506,2.8594923,-0.49360025
134843.39,0.9614176,1.4691999,-0.6231413
133727.66,2.05206,0.6659448,0.6624835
118063.97,-3.8245447,2.7408614,-0.51354915
130909.95,0.341582,2.4303634,0.66919994
131194.8,-1.9685569,2.2548327,1.3252854
130596.61,2.2793853,1.6508126,-0.56852025
125188.21,-2.5353053,1.5510685,0.819534
128157.84,-3.8238227,1.6014578,-0.670317
124420.9,-2.2180412,3.0451088,-0.5464091
115269.055,2.3428261,2.924224,0.30609208
120948.41,0.33903244,2.8763068,-0.29250318
119188.016,-1.4855157,2.5112617,-0.83594745
124619.45,1.5156387,2.8902502,0.62002176
118309.13,1.1289666,2.9056852,-0.35208598
116590.85,-2.9419866,2.540121,-0.53523
123670.43,-1.1305273,0.10681469,-0.43394786
123013.69,-0.15253416,2.098115,0.75123954
117750.97,1.7652173,1.6805848,-0.72220474
131937.62,-3.1150682,2.280966,0.72531587
120610.29,1.1067609,1.8172619,-1.0091726
123553.32,-2.9599216,0.72470987,0.66188204
121669.56,-1.0255874,2.903192,-0.6579864
127409.61,-3.0193212,2.7569792,0.61497897
120151.484,-2.182583,2.6971874,0.61329484
120392.53,-2.3440166,1.4296818,-0.46052384
132553.2,-1.619305,3.081881,0.5754335
119656.9,-1.3714508,3.0565348,-0.3833353
115046.33,-2.0498488,1.4948232,0.5350214
126838.29,-2.82861,3.0922377,1.0358862
121176.56,-3.429661,3.0102038,-0.27350166
122208.016,0.15640524,2.687911,-0.65781975
120840.34,-1.8157935,0.5464943,0.66712993
122348.7,-3.8724124,1.6039681,0.6276736
134706.6,-1.9681956,1.1349779,0.8260452
128933.7,-0.9625325,2.893396,0.65238494
121340.05,-1.6480645,2.2305784,0.54797244
118557.34,-0.71694523,2.884357,-0.40288708
115885.805,-1.0956655,0.7291032,0.529012
120167.77,-4.1102476,2.1721025,1.0552913
126828.53,-1.3736292,1.8872342,0.6408346
133227.8,-0.72609913,3.0947545,-0.4237171
124764.41,-2.9022307,1.7649397,0.92819315
123806.36,-4.12265,0.7037218,0.5100664
120379.74,-2.43709,2.9529176,0.44102257
130689.52,-3.5035973,3.1037614,0.44795516
124054.09,-2.0187042,2.0350153,0.6608559
118216.81,0.61534977,1.6107631,-0.7588777
126841.03,-1.0165582,2.99311,-0.3711642
129328.44,0.3006073,3.0323894,-0.5457488
132217.17,-0.34301576,2.6156056,-0.82179606
118982.34,-0.8463607,2.523629,0.65910983
115855.68,-1.7339765,2.937057,-0.4569993
120436.086,-0.19715053,2.7974503,0.64459723
120966.33,-3.2057796,1.7970313,0.5785181
134766.3,-3.9596646,2.5807931,0.39362693
128558.23,-0.91954535,2.579473,-0.34419596
125274.266,-0.08999471,1.9233786,0.7179458
126390.63,-0.64001375,0.6908539,-0.5786097
118279.08,-1.7889667,0.261694,-0.39457256
129417.92,-2.7319388,2.5960824,-0.48745534
123762.57,-0.73096097,2.4762785,-0.59083563
117354.375,-3.8489285,2.5324922,-0.5789785
133015.86,0.51040626,2.968952,0.47273874
120208.664,-1.2965914,2.8677485,-0.63780886
115020.445,3.3991425,1.7154856,-0.6387608
121605.33,-2.474838,1.2352549,0.6628448
134759.6,-3.0608203,2.6927521,0.7867056
121837.53,-2.7171288,1.700431,-0.7736024
115565.92,-0.5830593,2.0640647,0.6579659
115851.92,-4.157254,1.0788767,-0.5364589
126304.05,-2.6886747,3.042282,-0.58135074
117638.26,-0.96383387,2.6360574,-0.509584
115204.6,-4.0939674,1.53015,0.52503943
121027.05,-2.6921551,2.7488365,-0.71038705
134019.62,-1.633119,2.8131216,-0.54409856
120586.805,-0.09484881,1.538935,-0.6581859
125529.4,0.007107214,3.0090184,-0.3254611
122172.49,-3.6888077,2.172599,-0.47372553
124951.836,-0.78289944,2.8303225,-0.33621952
131574.78,-3.8974204,0.68417096,0.6328104
123102.25,-1.787025,2.2263217,-0.40614036
122654.85,-1.541793,0.91902256,0.49452212
126964.69,-3.362457,3.0716999,0.6201842
115360.25,-1.2889932,2.4799764,-0.6361005
134305.22,2.9194095,0.6460564,0.4753752
119875.88,-1.6920536,2.7120106,-0.4966688
118150.72,-3.4537578,1.9581426,0.7048055
132566.94,-3.9898937,2.1574378,-0.7511587
127973.984,-3.9299316,2.4714556,0.8472336
129549.36,-1.2441794,1.6942407,-0.7271498
117307.84,0.46230724,2.815401,0.32820174
124918.8,0.082567595,2.8030493,-0.5829572
127183.2,-0.21575704,1.5814968,-0.74502486
115181.36,-2.0914829,0.9190222,0.63973594
134312.55,-1.0070262,2.6284957,0.7544136
115990.44,-0.021222264,1.5548579,-1.200529
116911.125,1.6427671,0.79288435,1.1254429
121488.83,-1.0811622,0.5257462,-0.6750718
122148.945,-0.47686487,2.94332,-0.41307595
124177.17,-1.9110484,1.483737,-0.50119406
119886.266,-0.6341482,2.4449358,0.70889693
129258.07,-1.4034985,0.13697207,0.26506066
126589.21,-1.2814652,2.8388383,0.7904611
129358.55,-0.862405,1.032169,-0.50326693
119464.87,-2.2219868,0.786014,-1.1874945
122730.58,1.3348614,1.9598329,-0.71930736
134575.38,-1.9220599,2.5445309,0.631269
126349.85,-1.8558877,2.762279,0.7171999
127827.734,1.3699088,2.8436956,-0.7312615
129555.69,-0.3236875,2.6685767,0.35344636
126231.95,-2.8335667,2.8386865,0.51575875
118085.02,-0.5399222,2.912068,-0.2543761
130257.15,-3.2951007,2.3479214,0.7027027
127356.14,-1.575814,2.9937952,0.51160777
120087.61,-1.2169325,2.756207,0.75700736
119862.81,-2.5899856,1.7356141,-0.6653197
122300.28,-3.115332,2.8104625,-0.6019748
132631.2,-2.2525043,0.33119234,0.7364572
115584.51,-1.4915754,0.8431124,0.5776035
128582.42,0.5584247,2.446369,-0.537431
125189.33,-3.0438335,0.20371635,-0.44753224
126571.195,-3.2074735,2.4719589,-0.9583049
122082.57,-1.3337253,1.8501924,-0.9945253
123137.516,-0.9290505,1.0746404,-0.5582888
124510.02,-0.87057865,2.6095717,0.7313096
122695.836,4.048788,0.80276084,-0.7849848
122982.35,-1.1877768,2.169504,-0.79435074
118798.74,-3.4899707,2.1384487,0.45059967
120146.15,-2.2129529,3.1274362,-0.33090124
130370.49,-0.15561853,0.62595844,0.50722337
122278.34,-1.6763748,0.93705463,-0.63330066
117990.29,0.1116509,0.16092873,0.37896383
119840.13,0.07281217,2.6264045,-0.99676186
127634.5,-0.42851916,2.711678,-0.58338726
126038.55,-3.674025,2.9308264,0.5926314
128385.234,-0.8782629,2.8734417,-0.27001533
117798.4,-3.2298813,0.47650015,-0.5283006
118675.55,2.0609534,3.0632124,0.37019774
117362.164,1.8190247,1.409089,-0.6562197
125127.49,2.6127264,0.12833667,-0.65401727
126080.11,-3.973525,1.0434794,-0.42021483
118214.49,-3.100441,0.20424256,1.1615747
115774.23,0.032861546,2.7753325,-0.5317728
117545.37,-2.010999,0.5924344,0.6578165
127647.305,-3.5375128,3.0175016,-0.32273358
119914.67,-2.061592,0.79442775,-0.4730929
129695.61,-4.283412,2.0156548,0.73749095
122483.12,0.1703961,0.20328867,-0.24331851
124666.63,-3.1342063,2.0299907,-0.3072743
122953.32,-2.3847694,0.24764359,-0.6030143
115553.805,-3.2173615,2.7267592,-0.63897645
118135.336,-2.03674,0.044705763,-0.3035113
115840.04,-3.3803856,2.6922836,0.7215426
132309.03,-2.4757445,2.4968786,0.71361005
118713.49,-3.5214481,2.0280662,-0.7577557
118867.53,0.64378035,0.4820273,0.59360826
116197.01,-3.8093553,0.6387809,-0.4472721
131432.33,-1.2765557,2.301546,0.56566226
119386.76,-1.6250432,2.0587873,-0.6115014
122540.88,-4.4297056,2.5313332,-0.41130364
129923.984,-2.1653943,0.58271694,-0.5631469
122986.87,-0.33838797,0.5204224,0.65252274
121854.31,-1.8436782,1.962354,0.8173149
132841.16,3.7639377,1.3897326,-0.66982573
133158.36,0.7566701,2.011342,-0.7025396
122568.61,-0.5070973,0.053625137,-0.63898695
116266.56,-0.33234787,2.9824982,0.7123093
116196.945,-2.1283088,1.6943802,-0.5397419
118178.88,-1.7175589,0.4735716,-0.47793454
126150.36,-2.0103672,2.4112246,0.60618937
133579.77,0.92803746,3.049647,-0.357029
131427.67,-1.0834293,2.5529993,0.9744259
124387.266,-2.5588315,1.1084603,0.53590065
129915.0,-3.7089891,1.3950857,-0.9035552
124180.54,-2.603566,0.14629918,-0.51979816
129496.26,-3.3401697,2.4146605,-0.99074405
115969.42,-3.0457351,2.7876372,0.64230454
116010.164,-3.508669,1.0952665,0.64842755
134296.02,-2.1437712,0.48056316,-0.863387
125658.22,-3.1555996,0.9564033,-0.5548395
122963.516,0.8886284,3.0440962,0.43622172
132858.34,0.31644848,2.786899,0.6747304
129969.836,0.3077303,2.8856547,0.42537802
121756.54,-3.440654,2.2962966,-0.7325807
123940.07,3.3136911,1.6335003,1.1619896
119401.59,-2.4838006,0.22201902,0.40893838
122845.18,-0.2698599,2.6552577,1.0188978
116292.86,-1.0850617,2.73431,0.3983621
115781.38,-1.3573648,1.6805925,0.31987524
117535.69,-0.19262618,2.5486991,0.56113446
129309.86,-0.5043818,2.3400636,0.58612365
115323.42,0.96325743,3.0818157,0.14713433
126711.98,-2.6081464,3.0814674,0.35301068
131096.03,-1.4619555,1.3632746,-0.69505554
119363.555,1.098274,1.8321941,0.7312911
123949.08,-2.5913262,0.9874456,0.5238179
122754.33,-2.8850458,2.1547432,-0.5032305
116905.17,1.5160958,2.9122233,-0.61420834
127659.664,-0.377402,0.7853656,-0.58847356
127853.32,-1.3901173,2.592214,-0.58945596
118904.02,-1.5354524,3.0552058,0.19544373
118439.83,-4.266412,2.2076716,-0.5855785
118295.18,-3.5449593,2.3929393,0.5272331
115996.41,-2.2376182,2.1155329,-0.4037242
123198.766,0.49520063,2.02234,0.5831231
122889.74,0.7483686,2.8443658,0.32068697
134507.67,-1.2282771,3.0720594,-0.23675653
117698.65,-1.3601798,0.9821958,0.9382951
120858.82,-0.4570663,0.6347709,-0.8283654
131879.78,-1.918437,3.0942507,0.6744416
125554.03,-4.1490765,2.7502263,0.36574805
130505.53,-1.847416,1.4049506,-0.8518852
123368.734,-1.7489756,2.2763247,-0.5110906
127527.55,1.4692184,0.57321155,0.720598
131011.875,-3.0022519,2.8426876,0.51812255
125153.914,-2.6894484,0.4457953,0.49711397
122084.53,-1.5689707,2.0026503,-0.84003145
115666.31,-1.9282283,2.197067,-1.0707431
124976.27,-1.7584587,2.714149,0.40204516
128763.81,-1.8151019,3.0944452,0.3933219
122171.305,-2.2002041,0.6461725,-0.4750163
115894.984,-1.7397703,1.8796303,0.40166864
116392.64,-1.6710827,3.077341,0.43204978
134581.78,-0.3563419,0.9332392,-0.61824596
118200.63,0.037161164,2.8218591,0.61880016
118689.195,2.713048,2.3625207,-0.74608874
127874.98,-2.778985,2.9524102,-0.48449543
131634.36,-1.2255589,2.3595262,-0.76264393
123757.52,-0.42570826,3.118493,-0.4140928
131723.64,-3.3007426,0.6505418,-0.57417834
122770.695,-4.0494757,2.9441237,0.4938329
134660.75,-2.8059018,1.4044071,-0.6353578
133339.22,-2.1019137,0.0021458045,-0.5403294
134612.12,0.00054499554,2.4528015,0.82486653
119295.734,-3.0657868,2.2254357,-0.863857
115250.2,-2.4279459,2.2414315,-0.75069314
122348.21,-0.116428964,3.019409,-0.48746392
120468.58,-0.004436485,2.051541,0.5874089
131701.4,-2.1518788,2.812961,0.7484816
132236.94,-2.3707192,2.994521,-0.6846063
115674.84,-4.196957,0.48586702,-0.55976605
122160.0,-2.3480065,2.688287,-0.32101637
116617.086,-2.7229893,2.1508625,0.64361626
122319.5,1.4519804,0.9302901,0.61577773
127645.164,-2.0454865,2.7627594,-0.6436329
116661.88,-3.0830185,2.067531,-0.5910702
131289.12,-1.186166,2.794818,0.647032
126487.11,-3.793919,2.3832242,0.52817816
115796.164,-2.4276783,1.5522015,-0.82104087
125197.5,-2.6288676,1.3862063,0.7277842
134986.98,-3.6184936,2.8887255,0.76497847
128165.78,-2.7899528,0.36719084,0.40840757
121739.72,-4.0037117,1.132051,0.62572265
127462.734,-1.561232,1.2053697,0.75575787
123325.914,-2.4315562,2.740735,0.79404104
120352.414,-1.5300344,2.5646195,-0.23924822
132063.2,0.20356357,3.014719,0.39018798
117885.28,-1.3705277,0.97502637,-0.6042389
131415.66,-2.2625225,1.1690196,-1.0906476
123760.48,1.5796331,2.9214027,0.2813674
129617.07,-4.5201607,2.108848,-0.64570063
125426.87,-2.1903138,2.3200688,0.5986064
124824.61,-2.2367597,3.097653,0.6365962
125684.375,-2.3395512,0.44846702,-0.5366006
128539.42,-0.14728978,3.1353774,-1.0619398
126469.234,-2.904067,1.4851744,0.64998335
117491.02,-2.9169688,3.1357672,0.36394584
134770.0,-0.30845794,0.793174,-0.7261515
125485.65,-3.8277469,3.004475,-0.42987627
128543.836,-0.28236598,2.9111326,-0.43760586
121963.03,-1.234437,0.6446266,0.49166572
117538.586,-2.844734,2.6702793,-0.70545673
130667.18,-1.6242801,1.7386336,-0.6875531
127982.63,-1.7281393,2.2253273,-0.4987708
126815.305,-3.4005876,2.1822162,0.8026393
128644.01,-0.1128242,0.62020934,0.4858519
115427.36,-1.7198144,2.135834,0.36434805
116465.625,-0.94150484,2.9791524,0.25774
125122.95,2.5897355,1.4106034,0.7316145
120309.266,-2.5287578,1.799737,-0.76933175
118958.555,-2.538505,2.2166433,-0.74335897
124580.66,-2.8753653,1.5976313,0.72232
128997.41,-2.7091687,2.0725424,-0.6374736
125848.76,-1.3419236,0.3043418,0.7504886
117587.11,-2.8438404,2.939965,-0.3375812
129131.08,-4.2448754,2.8247917,-0.5715273
122483.586,-2.5200613,0.6053326,-0.43532482
131153.89,-2.31675,2.320031,0.97342813
132889.12,-2.4531422,0.79395163,-0.55991405
118435.305,-0.35048202,2.8118885,1.0195098
128738.18,-0.731323,1.7693477,0.6780948
133357.44,-3.790407,2.5318787,-0.4679466
126362.46,-3.1921117,1.2110972,0.6530476
120566.94,1.4000726,1.3269613,-0.54186076
125286.375,-0.6814869,2.9769442,-0.4289783
120317.55,-1.4801083,3.0125918,0.60585344
118133.08,-0.96507627,2.832195,0.36831987
134988.05,-2.2521064,2.6535888,0.47210947
124641.28,-2.2756314,2.714821,-0.9492812
119447.26,-2.623343,1.7127314,-0.6199217
130608.34,-0.60367835,0.6084726,0.5861308
124900.22,-2.2923722,2.8263955,0.54973507
125293.18,-1.0394638,2.95994,0.34115854
123547.09,-3.5863774,0.35669708,-0.3100199
130696.8,0.29131767,2.693832,-0.61990446
128752.55,-2.5980217,2.360638,-0.5842917
132649.98,-3.5737264,1.7847319,-0.45410812
122992.734,-1.9913067,3.064663,-0.5644317
116765.41,-2.5666635,2.9536147,0.4339677
117845.125,-1.4697243,0.7079397,-0.6253896
120181.555,-0.66742665,0.036462188,-0.23265383
120367.34,0.17355779,3.0854511,0.61952376
129807.91,-3.3632572,2.808995,0.3306459
117972.914,-2.4593863,0.7306366,0.50110966
116239.695,-2.2409801,2.980681,0.80507886
134289.27,-2.391656,2.1273146,-1.0519738
124110.484,-3.3903956,2.1032827,-0.6306761
130954.11,0.11183117,2.6562343,0.47300163
128339.35,-1.8026061,0.31936073,0.38855827
122264.61,-1.9980832,2.6913147,0.3954805
129995.14,0.12029123,1.1905664,0.5691891
127747.836,-1.06454,1.08846,0.77378774
123807.72,-0.8405499,0.18436289,-0.4634739
119252.27,-2.672632,1.2090158,0.49016085
121729.11,-2.9359763,2.280969,-0.49010286
115565.53,-1.3980156,2.6375368,0.6831155
119826.4,2.4492257,2.5960052,0.47368735
115623.55,-2.8280993,2.5770192,0.7457489
117726.8,-2.6412964,2.8964539,-0.35229462
124111.71,-0.7505607,2.311618,0.6302885
124411.83,-0.6381172,2.978339,0.49919012
131206.48,-1.1687434,2.7980363,0.8396722
133110.61,-1.1269386,1.679847,-0.71850497
121040.82,-3.6463857,2.5082512,-0.6120428
129349.18,1.0203925,1.8382618,0.8183253
117294.37,-2.5809357,0.3429289,0.7870786
130462.26,0.98534906,2.8595016,-0.693729
123811.32,-2.2034743,1.5008199,-0.4176787
127008.9,-0.2280216,2.7430172,0.7865518
117444.2,-3.534876,2.9983437,0.40947515
134223.98,-2.5003304,3.03373,0.3263922
118587.484,-2.469122,2.6748202,-0.5518397
124460.02,-2.676319,1.2904217,-0.86095923
130515.695,3.1516767,1.6421349,-0.70157015
128791.445,-2.6386507,1.3531384,-0.49906388
123580.734,-2.3944397,2.587872,-0.6234397
117326.836,-4.162313,0.019821018,0.6671925
129225.984,-2.4935021,2.67986,-0.86241275
117958.95,-2.904234,1.8672163,-0.58589566
120442.15,-0.6116635,2.0442665,0.66275257
121013.42,-2.2599459,1.032323,0.73643774
130109.73,0.5493226,2.9069762,0.5609881
131855.25,0.34114763,2.9298625,-0.461816
128051.97,-1.2973235,3.0069067,-0.27986127
122321.62,-4.100846,2.4053922,0.6086234
116009.89,-0.38926628,2.4367092,-0.7009178
131147.14,-2.601469,1.6912261,1.0071577
119320.34,-0.62837607,2.910728,-0.6640467
115674.984,-1.5617167,0.62892485,-0.5869657
119745.06,-1.4370756,0.244609,0.3120866
116999.85,-1.7096747,2.5436175,0.9451065
121761.32,-0.025525352,2.7168927,-0.49777353
123758.55,-3.3465197,2.6697478,0.8176868
125982.57,-3.5871263,3.055052,-0.27938923
132224.83,-2.6568031,3.09633,-0.7224614
129066.58,-2.210672,1.4669471,-0.9416971
124528.84,-0.88467306,3.0843644,0.34942636
117507.98,-2.1224093,1.5701604,0.77424926
124283.57,-0.86092883,2.7957537,0.5521983
118393.74,-1.9471381,2.8219342,-0.6090795
123986.125,-2.744744,3.0868175,-0.40896514
121362.06,1.1802369,3.0714052,0.16916758
131124.6,-4.1201997,2.3390563,0.65882665
134943.62,-3.3576162,0.337051,0.63988787
123027.34,-2.6665165,2.9901414,-0.5918452
133793.95,-2.4209845,2.0050678,-0.7785716
123938.28,3.2596886,2.2991729,0.8277161
118854.68,-3.992951,2.4453907,0.4791073
128717.086,-1.77598,1.7889341,-0.8410931
121630.9,-2.0758028,0.5233011,-0.2625496
116892.88,-1.0277852,2.4790154,0.5163897
126189.72,-2.8801994,2.509961,0.62166023
118416.92,-0.68013775,2.2770088,-0.589566
124129.26,-3.4216096,0.74646056,-0.5970106
120218.52,-1.7235434,2.0730624,0.74139255
120219.36,-3.9600644,1.4777097,-0.7930694
117575.06,-0.10558177,2.8102064,-0.55043006
121004.15,0.24955057,2.959525,0.57130295
133237.9,-1.1495807,2.7134733,-0.91183525
127461.74,-3.841296,2.5926054,0.81830716
115292.72,-0.21581575,2.9657183,-0.3336634
128814.42,0.17154223,2.878011,0.3532635
127870.54,-2.1003325,1.5664068,-0.56127614
129404.17,-2.843234,2.7579637,0.3110652
120387.77,-0.693835,2.2391207,0.45044386
116260.09,-3.1334639,1.407762,-0.99486697
125441.305,-4.135961,2.0096388,0.54477894
129554.91,-0.99937814,2.6811426,0.42717347
123602.83,-2.8166044,0.72371113,-0.6545505
120445.445,-2.8806767,3.1191669,-0.33199707
117484.6,-1.1161385,0.48975968,0.46462747
118498.65,-2.563233,2.8499858,-0.49729112
125953.875,0.12720615,0.3074271,0.7162204
115249.72,-3.5055802,2.2370324,-0.51346046
123240.08,-0.66084516,2.756147,-0.5509554
121278.15,-0.52544224,2.212932,-0.5675681
122170.21,0.9492987,2.62821,0.53571624
120798.66,1.2857689,2.9510508,0.66845065
115368.12,0.27373174,2.2000155,0.5671834
122940.766,-2.5866396,2.6887875,-0.48092028
129238.336,-3.0101876,1.5161142,0.92432237
116575.945,-0.054552145,0.5094389,-0.43027923
120711.445,-2.8587918,2.9601786,0.60301185
134258.94,0.047111038,1.5780314,-0.8474364
123080.4,-3.2341924,2.7287161,0.4255368
124325.445,-0.7241678,2.6652374,0.5693882
121483.266,-2.0949748,2.4610417,1.3053739
120005.59,-2.9216192,1.6598368,-1.1408253
124897.234,-3.1639907,1.4819244,1.2879194
134668.39,-1.4375212,0.73182917,0.8727941
121442.28,-1.0274283,0.004176259,-0.5047439
133095.39,-0.8290663,2.470183,0.52025354
120937.875,-3.737224,1.3048772,0.612263
124752.04,0.39854681,1.0549105,0.69537205
118863.93,-3.1816006,1.703574,0.823141
132952.27,-3.2631605,1.7832026,-0.8028831
125840.164,0.48676315,3.1073825,0.43966615
117835.65,-1.2569405,0.14122151,-0.42125675
128040.38,-3.0623183,2.8017368,0.73891366
120968.92,-0.017048197,0.9715975,0.5800371
116554.086,-1.6134677,1.8564432,1.0446469
128789.664,-1.0774596,2.9991636,0.6650473
121730.414,-3.0292583,1.4133195,-0.8295917
127048.13,0.44899926,2.3145552,0.7218792
117383.16,-1.4290045,2.0877259,-0.39527562
119804.75,-1.8722585,0.6890981,-0.5921267
123658.56,-2.6196258,2.9533482,0.6237442
128066.89,-1.9576741,2.8855715,-0.6299784
116095.2,-0.93245536,2.524959,0.43108884
123899.94,-1.9307841,0.605497,-0.5305038
129360.93,0.49680814,3.099995,0.5527698
118411.23,-2.4864209,0.6063126,-0.8108785
116502.12,-2.2355762,2.5762985,0.42387882
127533.375,-2.7252817,2.0107107,0.45718038
116574.945,-3.3787851,1.9908648,0.7288574
120997.51,-1.793224,1.1393898,-0.6631888
115035.484,-0.65368706,1.0738264,0.84680593
122668.81,-2.3999224,3.1170206,0.5221485
130922.51,-1.625505,0.6786212,-0.49635023
118236.9,0.6298285,0.2199999,0.53705734
124746.195,1.3783071,2.1641436,0.6972299
126983.53,-0.6516027,3.1357765,-0.44600916
123699.35,2.785645,1.1903825,-1.0235779
125416.26,-1.0565547,2.9411178,-0.42156127
129859.51,-2.351869,2.3701615,0.65869737
116648.94,1.2195735,2.1829517,0.63635254
134462.11,-3.4420645,1.8713977,-0.63447565
115615.93,-2.147801,2.8638208,-1.4485747
119493.25,-2.476562,1.8123194,0.7925675
121790.25,-3.8600948,3.1413012,0.35209394
126742.95,-1.2265997,2.8783793,-0.44070438
122567.836,-4.005311,2.8051195,-0.66339535
126474.52,-1.4637804,2.573129,0.7280673
116431.055,-2.3251517,2.3584912,0.5411323
126134.51,-2.2999227,0.044830866,-0.35915208
128385.92,-0.12499427,1.9328761,0.6173802
127186.805,-1.3766929,0.97727597,0.8667921
121179.63,-1.2919661,0.09901464,-0.21420392
117084.484,-0.70427334,2.7930312,0.722798
118655.28,-1.4723822,0.12961471,-0.34626016
123012.305,-3.463781,0.83927476,0.5268477
117596.2,-0.5179709,2.9169383,-0.2749781
126732.18,-0.8146047,1.4159509,-0.6352737
124158.08,-1.1436315,2.0756795,-0.49385804
117639.63,-0.9348422,3.1323175,-0.37441462
121434.67,-3.6458373,0.061228994,-0.51587236
128845.42,-1.1970782,2.0233102,0.6721257
129446.18,-2.652292,2.2732801,0.36361185
134796.64,-3.5443175,2.741327,0.66971076
117199.875,1.2958782,1.3351572,0.84799725
133659.98,-1.5937304,0.06277716,0.30942678
123977.52,-3.332118,1.4869827,0.63170576
116127.25,-1.451622,1.3061807,-1.3157027
132860.42,-3.2058432,1.8789395,0.6921472
115521.75,-1.1992068,2.8375072,0.67331153
116803.11,-1.8252048,3.126745,-0.5564383
132410.61,-2.8198981,2.279736,-0.54717976
116820.16,-1.7953563,0.498357,0.5691966
128878.38,-2.1300757,3.1003416,-0.67225826
121639.234,-2.8117166,3.0112743,0.46098626
131511.25,-2.4193993,2.36304,-0.70749384
131939.52,-0.39261502,2.5966067,0.49146393
125431.27,-3.7439265,1.9740933,-0.76445967
118384.055,-2.0662787,0.028109312,0.35372245
130568.0,-0.948145,2.4234798,0.68331915
124702.68,2.7562797,1.1944371,0.8164344
133640.33,-0.8112048,0.40764624,-0.44489056
133914.97,-0.7600927,2.3951912,-0.90444475
117887.35,2.185893,0.4205433,0.4895341
115595.93,-0.24609484,3.0927987,0.8127575
134092.33,-2.4389822,0.46955347,-0.61987865
125365.336,-3.2957933,3.0903924,0.66229993
123499.12,-1.7176558,2.984439,-0.5492966
118668.43,-3.8679016,0.4847905,-0.7330303
116576.195,-0.7960044,2.6261191,-0.7669347
117837.66,0.18040934,2.742205,0.40018925
129448.82,-3.8158715,2.4712822,-0.64604235
129731.68,-1.1674842,1.7330455,0.8458165
134508.48,-2.2011952,3.104335,0.7003563
122106.46,-1.8157377,2.2179227,0.48276797
121505.84,-0.363481,2.1659207,-0.65861356
122624.71,-1.6312504,2.3430667,0.6211422
126759.58,0.45128787,1.4619923,0.88536185
124376.09,-2.0850685,3.0388484,0.6352076
115006.65,-1.2092228,3.0141642,-0.4576453
123993.01,-1.4220111,2.3992834,-0.29863024
123711.02,-2.0377738,2.266732,-0.63771915
116522.84,0.65413404,2.9012747,0.21678627
122819.58,-2.129515,2.6608002,0.61866945
129792.586,-2.7097116,0.15049523,-0.50663066
128955.05,-3.4020422,1.2665302,0.815463
129273.75,1.89424,1.5679711,0.64542437
133588.28,0.032352235,1.0663012,0.8003441
130988.3,-3.3193636,2.9414952,-0.66269284
129110.164,-1.8914545,2.9801798,-0.6731183
116377.52,2.7617118,1.0574911,0.6078997
121424.125,-1.3219787,1.6842058,-0.81751156
133288.22,-2.1981478,2.034631,-0.7477683
128756.164,-1.8498318,2.8357172,1.0651149
119274.4,-1.4938269,2.9309828,0.4710658
121379.79,-1.3370274,1.9465994,0.74516875
126621.44,0.25503394,2.833316,-0.31106538
132215.73,-0.08332037,3.1372511,-0.4890709
127956.62,-2.318495,2.981916,-0.34141588
128925.06,-4.251343,1.6303307,-0.8038676
121656.5,-3.1298308,3.0837317,-0.9015809
121430.47,0.08373259,3.1053822,0.42870742
130371.63,-3.2742758,2.3175197,-0.38430026
126525.15,-1.2951518,1.1687723,0.64829665
120702.97,-2.6647904,1.5087765,1.1020483
121137.68,-2.2580304,3.1059046,-0.61898327
115852.24,-2.123647,1.7590907,0.60868794
125247.4,-1.1444783,2.9535277,-0.5993698
128899.805,-3.4724174,2.2267785,1.0178846
129116.08,0.37743673,3.1070006,-0.61274457
130791.97,-3.9180877,1.8194234,0.86756307
117304.2,-0.22308385,3.0307422,0.30476752
123862.42,-3.4438891,2.7770646,-0.46328562
131862.83,-2.8364532,0.5020852,0.60876095
122343.664,-2.8298554,0.29115576,0.53430986
121271.125,-1.7852775,0.78839296,0.8365056
130624.84,-1.7896343,0.57108885,-0.4461496
128571.1,-0.9858435,0.83992517,-0.71839
118316.945,-0.5190565,2.9844303,-0.9444806
115398.86,-3.0466282,2.380796,-0.64504343
124317.414,-3.3847005,2.0585804,-0.6481301
130392.67,-3.3156424,2.4566622,-0.46584997
119614.29,0.10693732,3.097951,0.57438123
116330.805,-0.3620426,2.2182984,0.6109389
123338.13,-2.059273,0.30077684,0.48055106
120141.53,-1.4144546,0.4255033,0.72334903
123004.19,-0.5520854,2.1702898,-0.84636736
130973.445,0.037190452,2.7829964,0.50600284
130962.56,-1.4041967,2.7515109,-0.59237784
131880.9,-1.363725,1.8611734,-0.7669156
119953.836,1.3015571,2.6384099,-0.6649317
117962.02,-2.6307626,1.2948425,0.5889729
118590.33,-0.57795525,0.31421793,0.61205655
118211.11,-2.487379,2.6907148,-0.58361644
119877.0,-2.0531242,2.6233768,-0.66275483
115640.336,-1.9777079,1.4193915,1.0446172
120236.805,2.3378325,2.789534,-0.6192881
132206.81,-3.8744314,2.0218675,0.8547251
133679.8,-1.1451963,2.6347768,0.6876564
118589.72,0.43688643,2.6292524,-0.62815493
116273.24,-1.6154505,3.050489,0.53190523
129761.34,-2.0619807,0.75764704,-1.4234715
123883.79,-2.8976355,2.8786254,-0.59449404
115916.7,-2.7289648,2.9251854,-0.43237224
126051.516,-2.646248,2.8090994,-0.4747233
124939.305,-0.92704636,2.3717072,0.6340507
115125.23,-1.900366,2.9775672,-0.5834082
123018.99,0.34331807,2.7547042,0.5530115
130167.74,-2.831223,3.0900235,-0.51838523
116644.73,-1.5678204,2.436704,-1.0123254
127842.625,-3.5799098,2.4764285,0.6154458
115626.88,-0.32505333,3.1382422,-0.3983495
129867.53,-2.4055562,2.7482717,0.4129417
133263.8,-0.08995447,2.765196,-0.6478485
123047.88,-2.3910549,0.78570735,-0.7537678
118925.57,-1.6726356,0.58788526,-0.51714104
120872.305,-3.523001,1.4927772,0.5533838
127430.586,-0.77559745,1.1541278,0.64302355
119263.94,-3.0602908,2.7271943,-0.61471397
118111.5,-1.9916488,2.0983353,-0.6506022
132291.38,-1.98277,1.2980136,0.66535246
121629.09,-2.3234534,1.579485,-0.80424803
116823.8,-2.4444869,2.454789,0.9356374
120520.37,-2.3091092,2.7052555,0.5107029
123633.44,-1.6612823,3.0935972,-0.44817543
126221.945,-3.394681,3.0236917,0.37647995
127959.96,-1.3503501,2.5095644,-0.60177946
120106.41,-0.019106686,2.2180898,0.53656036
124096.6,-1.3649513,2.5218472,0.8047593
116964.414,-2.3838046,2.911892,0.6123635
128922.914,-1.3616183,1.4925792,-0.55198663
118156.98,-2.6919432,0.82370335,0.5190233
124101.83,-2.2158015,2.7436306,0.39098918
124574.664,-3.5656874,1.9214845,-0.41486096
121758.555,-3.9652963,2.056022,0.51008743
120615.87,-3.0497224,2.6303222,0.7643582
130061.07,-1.4747572,2.2889354,-0.66706306
131768.89,-2.9692783,3.087395,-0.43541104
124112.63,-2.4909143,0.76028514,0.70278996
120936.98,-2.0582726,2.6889896,-0.622426
129526.3,-3.6957684,0.8938205,-0.88320625
133507.11,-0.54354525,1.4353768,-0.6943463
118585.22,1.4933907,3.0784252,0.47814524
115330.68,-1.904441,3.0359442,0.34595594
115312.836,-1.3612742,1.4133248,-0.50449353
126523.05,-1.0212935,0.5417445,0.55576116
120240.664,1.8947464,3.141337,-0.42018443
115991.72,-3.915186,2.401051,-0.3333975
117683.91,-0.92260134,2.2101367,-0.91874367
116388.23,-4.1765366,2.6281579,-0.4285364
118847.27,-2.5068762,0.297073,0.51763856
124070.36,-1.606754,2.1833696,-0.66062284
128681.375,-1.6643944,2.464517,-0.72978574
127204.586,-0.1326482,2.1055624,-1.1505044
131507.58,-0.90934104,3.0718427,0.23258513
115175.21,-1.538425,2.80111,0.5661727
121917.85,-1.3221313,2.610654,0.5068945
122015.555,-3.229121,3.0043516,-0.5911828
134787.5,-0.40184662,1.76971,-0.9059853
122631.14,1.4105222,2.3079805,-0.6435118
134962.8,-2.0906537,2.6163132,-0.34942028
134408.39,0.06987053,1.5655155,-0.7507085
129008.375,-2.6500347,0.7798288,-0.7462213
131952.6,-1.8122288,2.900923,-0.3492194
115252.95,-2.2832935,0.84503585,-0.6105129
130594.234,-1.2506777,2.4064593,-0.40102103
119589.79,-1.4804852,3.1375394,0.42553294
116157.73,-2.690748,0.7266059,-0.64288396
116272.63,-2.0380037,2.8986797,-0.6784739
130785.91,-0.80736893,1.3218272,-0.8187039
115351.51,-1.7559725,2.0655258,-0.52696586
120540.586,-1.720331,1.2651318,-1.0062537
120159.76,-2.627079,2.4216428,0.51345384
134343.42,1.9271922,2.0844126,-0.7163256
130466.19,-2.18558,0.8846086,0.42944303
131173.42,-3.1235962,1.5082616,0.82784575
124246.37,0.07291868,2.2589538,0.7415826
120872.37,-2.2397802,2.6610394,0.69373643
125384.42,1.8040693,1.5401634,-0.57278377
124933.27,-2.9680781,1.7264005,0.72786057
129479.28,-0.0005178004,2.9662652,0.64951116
127387.63,-3.3147027,1.933814,0.41940898
123210.555,-3.9209476,2.3087409,-0.5071479
117977.805,-0.4376962,2.9510045,0.39556554
122749.695,-2.0698044,0.10999441,-0.34296787
126480.98,0.25937578,2.265593,0.47851172
134955.72,-2.1301298,2.6948109,0.58449537
120192.336,-4.2699156,0.22954535,0.48339987
118189.68,0.9805873,3.063308,0.29047427
115487.09,-2.3200798,1.8987359,0.80248237
123556.664,0.29159644,2.412374,-0.47817272
133685.92,3.405025,0.5117655,-0.5422436
118778.45,-2.2505805,2.2996187,0.52201104
120436.85,-2.5204463,3.020229,0.3354761
118824.15,-1.7816368,2.7392287,-0.7788704
133375.2,-2.7815628,0.65788484,0.62361896
132829.83,-2.9049747,1.8346357,-0.558826
124701.695,-0.6047368,1.0103351,0.8649975
129116.086,0.79104793,1.6509928,-0.71126175
133333.94,0.16732101,2.7791302,-0.34542227
122350.14,-4.50735,0.24949408,-0.45831096
131697.19,-2.434935,1.8868008,0.63485163
133392.58,-2.8773768,3.0767462,-0.58088994
116384.18,-2.4840813,2.9517677,0.5726816
118157.06,-1.2829536,2.0891337,-0.46696386
122626.62,0.9868446,2.9304323,0.7755001
129109.336,1.8346863,0.03481619,0.22550721
115691.37,-2.3166332,0.88536125,-0.5410579
128455.99,0.2663583,2.4906383,-0.5934272
128613.55,-1.797239,2.4047012,-0.5803667
134984.69,-0.83697647,1.8133724,0.55013514
120120.164,-1.2498968,0.3149909,0.2801465
134213.33,-3.1519973,0.22040528,-0.68667597
128919.12,-3.116557,1.0986631,-0.6849252
124925.73,-0.8749301,2.8177145,0.58490604
116916.64,-3.0970247,1.0784681,0.56196195
132177.36,-1.4117557,1.9589806,0.5556835
119675.55,-2.76681,2.6022217,-0.683257
130296.12,-1.0086666,1.2939655,0.65823346
125334.51,-2.8628623,1.7565937,1.0243824
126556.77,-0.91229427,0.27702332,0.4648002
121530.7,-2.6287832,2.7537923,-0.76340204
129623.266,1.7018588,3.0952897,-0.3808628
119683.41,-1.5349864,2.9642022,-0.6942867
134744.86,-2.713845,2.702333,-0.7040477
128755.375,1.1489033,2.3814244,-0.65294963
124319.41,1.4488553,0.0028874874,0.38044956
124621.62,-1.8546823,2.9716706,0.61927325
118881.51,1.294753,0.015850395,-0.24277148
131734.33,-1.5921991,1.0517753,0.8519006
115977.33,-4.135253,2.9514453,-0.737077
115512.02,-0.7120581,3.045013,0.33045018
129537.76,1.7239337,2.624894,-0.563637
132387.77,-1.6295522,2.561527,-0.5111412
116302.48,-1.5469544,2.7074711,0.62804276
127393.086,-2.755156,2.660543,-0.48886514
118106.54,-2.683955,0.9597514,-0.5166106
123789.48,-0.18287212,2.3383818,-0.6251066
116251.19,-0.09042322,3.1064653,-0.3418989
118572.73,-2.8109047,2.9818153,-0.50815105
120902.14,-2.5901406,2.8606,0.53742886
118574.516,-2.0301719,2.4337568,-0.6212953
119709.65,0.13977924,0.033106446,0.19713119
131046.3,-1.6139196,2.9783053,-0.40422386
128811.24,-2.525675,3.00869,0.60381365
117825.7,-4.4097624,0.6229789,-0.6186574
120681.58,-2.2995348,2.8039355,0.62139285
119093.96,-3.329959,3.1246367,-0.8582904
133179.06,-1.8003644,2.2189004,-0.75838995
115499.01,-1.3067913,2.6580813,-0.40869412
133983.92,0.37258267,2.8312845,-0.53882164
134502.52,-1.8301805,0.8735885,-0.5374119
115810.63,0.35182014,1.1238177,0.77284896
134609.84,-1.8012719,2.3193045,-0.585331
127669.15,-1.4633058,1.5548024,0.75632113
123028.41,0.1022846,3.026677,-0.42927465
120640.055,-1.811742,2.934079,-0.6897424
130490.02,-3.148856,2.0347173,0.97688776
130915.414,-2.4705553,1.5389667,-0.6123538
123969.29,-0.81310993,3.1377215,0.7597368
130908.836,-1.3912023,3.0213795,0.8063541
126922.73,-2.847406,1.9174061,-0.6740841
123995.97,-2.1618776,2.1974702,0.79860157
121940.67,-2.7414558,3.115881,0.6716767
117790.41,-0.9440508,3.1305473,0.332456
126909.586,0.7738366,1.7546482,0.8529182
134592.34,-4.4793835,2.8582356,-0.6516629
115621.27,-0.7971556,1.6435941,0.5906744
122477.58,-1.740314,1.6114122,0.8685862
120335.51,-0.5606652,2.03226,-0.79526293
124494.44,0.43504766,0.2825036,0.6538498
119300.09,-3.029112,2.8997316,0.48783797
127691.35,1.7509311,2.0332801,-0.7907521
116213.48,-1.3546981,3.1317215,0.40990385
130473.03,-2.6264424,2.945021,1.0292217
128730.29,3.1040049,1.8714454,0.68026304
131600.23,-2.9539094,2.6601148,0.6949471
115089.99,-0.015061282,0.9059101,0.5149876
123496.67,-0.9655092,3.0815015,0.6500596
117576.016,-1.3884037,1.7011712,0.25412038
124808.87,-0.7786072,2.323618,0.5926339
116664.94,-1.3768066,1.4682952,0.89314693
122559.03,-1.17912,2.0659842,0.43926224
128424.305,-1.7109598,2.4470274,0.60408807
115982.81,-1.6510055,2.4988189,0.20781268
115739.09,-2.2799973,3.0360043,-0.52837646
132551.89,-2.9060447,1.7947026,0.63948774
121112.2,-4.5727587,2.5228481,-0.4272175
115201.21,-0.9780928,1.5911403,-0.6136349
131243.9,-3.778892,1.5287296,0.4416829
119553.86,-0.04839289,1.4291477,0.62958723
129461.13,-1.3193339,0.8163,0.5443757
119157.195,-3.2613854,2.9033153,-0.5773613
115663.61,-2.3526037,2.5820754,0.5978996
131346.3,-0.29245427,2.7173247,-0.5534605
121501.33,-2.6248355,3.0193427,0.34331772
118769.49,-0.2609632,0.29910225,-0.47811252
116551.195,-0.62660736,1.7979456,0.50168335
116621.664,-2.5450368,2.9977288,-0.46141675
132722.64,2.1640503,1.8284853,0.67102414
132575.14,-3.6153522,1.8955972,0.30065235
130033.336,-2.6640298,1.3358792,-0.8878392
115271.15,-0.5613104,2.2375178,-1.3091725
118537.79,1.1948138,1.9068491,-0.59265876
120383.06,-2.9834764,2.1868079,-0.66989475
130832.49,-3.3018448,1.922834,0.6079521
118782.52,1.0218682,1.1513597,-1.0333928
121333.63,-4.3575563,2.0555043,0.6641062
129523.04,-0.6749545,2.666702,0.77046186
119471.95,-3.2883909,2.5934224,-0.37356704
123908.45,0.3680493,1.9098189,0.9331646
118758.08,-2.4104688,1.1071848,-0.50525385
116813.47,1.4386028,2.8407817,-0.5068809
130944.836,0.30791587,2.883203,-0.5767457
117492.2,-2.7211416,2.6659586,-0.70714813
123016.51,-1.829558,2.1574259,-0.7976302
119789.67,-1.5867318,0.47389242,-0.4514811
130034.14,-2.2040055,2.9786396,0.20498432
124717.85,-1.6459165,2.9693599,-0.62896
131657.48,-4.016432,0.2070114,-0.39834768
121285.43,-1.5401511,1.9262964,-0.637122
121236.26,-2.5072372,1.9577466,0.61213535
131703.95,-2.5909753,2.1120155,0.6164753
129022.73,-1.1076838,2.9724343,-1.1251088
128392.555,-3.862175,0.8005626,0.55179894
115508.055,-3.5903356,2.0865586,0.6971772
127178.836,-3.4768398,0.21682572,0.57474893
122330.4,2.2819374,2.3360803,0.6021074
126339.75,-2.1644745,2.6852148,-0.4708245
130963.96,-1.3126557,2.6935775,-0.53746486
122860.78,-0.7561374,0.33654857,-0.46979356
130058.2,-1.3421346,2.388735,0.6839954
128380.234,0.479627,2.0612004,0.7217128
122245.016,-1.1877561,3.083206,0.64090866
115339.47,-2.4408834,3.0501604,0.6332419
122830.64,-2.4951122,0.51765203,0.5244878
120166.77,1.794402,2.6230803,-0.6102688
123171.17,-1.361805,1.1755087,-0.4947304
134095.53,-2.9864042,0.8664868,0.82107735
120654.266,-0.47117248,2.7715511,0.50418055
127596.164,0.25101155,1.8967711,-0.4741589
123011.01,-2.0260527,2.836266,-0.6121663
128923.18,-1.986141,2.0885901,-0.698756
122409.086,-0.24856716,2.912119,-0.76702315
125522.9,-1.4341158,2.5497327,0.5546417
129755.96,-2.2983024,2.649885,-0.7456489
124382.38,-1.4888605,2.53318,0.36848488
116000.09,-0.6498188,2.203367,0.8129085
117714.7,0.13655409,0.345977,-0.4110884
121670.16,-4.0042944,1.4985508,-0.4358063
115370.81,0.18835787,2.304192,0.7273517
117054.36,0.9130069,2.46556,0.5124618
123548.59,-2.5158813,2.1593297,-0.36239737
120288.15,-0.71619016,0.3608393,-0.6598288
119216.96,-2.5131845,0.10610914,-0.33706763
118677.88,-0.34625167,2.5749674,-0.61757725
130071.41,-1.7022209,1.5043283,-1.0413393
130113.13,-1.3371682,1.861258,0.8855905
115158.18,1.6962761,1.6408938,-0.57448745
120045.42,-0.5265982,2.9303668,0.4292201
132802.42,0.5351694,2.7701404,0.842845
128254.516,-2.27447,2.4355192,0.9651023
115913.3,1.6393385,2.1026394,-0.67990017
127294.65,-1.6904206,0.9969871,-0.5547142
122908.3,2.505825,0.7281861,0.8222329
115633.445,1.166995,1.9783728,-0.64127713
115994.66,-3.712295,2.78413,0.5530288
132023.8,-2.1125107,0.1720674,-1.0118906
129613.08,-0.358045,2.9976273,-1.068229
121460.586,-2.6322374,2.5194361,0.73245144
122103.73,-1.7505363,2.616946,-0.49803957
134102.53,-3.3907878,0.4672671,0.63148296
117724.32,-1.4739748,2.3907738,0.6211569
126621.83,-0.5598754,0.32851672,0.4528899
134687.98,-2.867381,2.02368,0.6196965
120817.66,-3.7933285,2.9348671,-0.46021616
118112.414,-2.3787396,3.0473108,0.50039005
118715.33,-1.5501328,2.700217,0.61165
116095.53,-0.5371842,3.0692687,-0.64315647
122055.79,-2.4862084,0.299506,-0.56597966
120248.58,-2.831135,2.8402317,0.6291004
134698.72,1.0348673,0.9394131,0.70738715
124357.01,0.49749598,3.0649276,0.36584142
120847.65,-2.704423,1.7682444,0.7662031
118395.35,-2.3475187,0.36091447,0.451962
119252.125,-1.9335554,2.9601123,0.3719699
121081.305,-2.5337229,1.2075937,-0.669465
125208.875,-2.0049386,2.5672073,-0.9173351
119784.63,-0.2009421,2.5229118,0.56178856
123686.81,-1.8780783,1.0026736,0.4801258
122854.99,-1.367622,2.1609628,0.6923163
129046.87,-3.283818,2.3924544,-0.23930678
132555.67,-3.2015097,2.9702435,-0.44367477
127928.5,-2.5342116,2.4675221,-0.83068657
119385.96,-3.0864472,2.8391051,-0.40324494
133152.67,-3.311154,2.029366,-0.8133867
128584.06,-4.22382,2.8283195,-0.62412137
118603.734,-2.9085872,0.6826877,0.63265723
123685.81,-2.4367692,3.05853,-0.89236516
131465.27,-1.552915,1.8632916,-0.85790575
119854.74,-1.1424334,3.122284,0.39354393
126821.83,-2.9700437,0.17406309,-0.57660097
122341.0,-0.5571299,2.1810236,-0.7700679
127847.7,-1.6124638,2.9772549,0.45549
132391.44,-1.4208019,2.7149084,0.49011123
127973.55,-2.6876123,1.4630641,0.62093854
124924.01,-1.7698468,3.1231132,0.38906965
115551.64,-0.13232803,2.489905,0.6393958
134334.17,-0.71084195,2.1947787,0.60463595
128863.59,-2.4221432,3.077382,0.6416515
122893.01,-0.5968949,1.8962882,-0.5565298
128168.28,3.5565002,0.44381618,0.5117373
118498.65,-3.5240657,1.8808138,0.66409916
132047.39,-0.3638732,2.8982499,-0.39234394
117451.96,-1.4827689,2.437749,-0.5213264
124325.16,-1.7203307,1.2714759,-0.6822616
119919.875,-1.929324,2.92667,0.75271577
119235.914,-2.5341105,2.2971017,0.92562866
117214.75,-1.1750928,1.683112,0.72650456
122385.375,-1.3819599,3.0344741,0.42332116
119847.41,-0.82540923,1.1408257,-0.5524007
128018.83,-0.61997604,3.1031785,-0.31351757
127715.69,0.18537623,2.6549704,0.6789931
116815.07,0.45451307,1.9420408,-1.1693188
121902.22,-1.5396987,2.4931793,-1.1074243
134556.25,2.8056393,0.52297354,-0.504105
132595.72,1.1309702,2.0633106,0.9326596
117394.125,-3.1590173,1.6551647,-0.63639176
131448.69,0.68383765,0.6884526,0.6184991
130121.766,-1.6814109,3.0793126,0.82671297
125064.95,-1.5886577,2.664927,0.54009366
123836.18,-3.0680304,2.8253193,-0.5328837
121046.336,-0.5273703,1.8779807,0.64984965
120558.445,-1.4166468,3.0039535,0.25108674
119044.164,0.36436662,0.33614588,-0.56590915
133029.77,-0.30891374,2.0846455,0.64111346
119344.266,-3.1062126,3.1410894,0.5424592
122631.85,-1.7396678,1.4248902,0.5814117
134029.62,-4.520865,2.0771546,-0.7865548
117748.97,-0.9201858,2.5034156,1.197401
130512.1,-0.7169961,1.0881923,-0.5294038
118316.44,-1.8177621,1.5375082,0.7287023
121957.99,-0.41097292,3.040835,-0.38211098
121329.42,-1.3241737,3.1307518,0.44759324
125349.15,-0.34720954,2.62514,0.90112716
128015.52,-2.7644722,2.675906,0.36975354
133555.05,-0.79015315,2.433024,-0.77948946
130238.39,-1.829688,2.8194678,-0.8016433
120533.3,-1.5677891,2.666,0.563031
119705.83,-1.5465782,1.035992,-0.9522666
131760.4,0.6601641,0.8283974,0.7576207
128447.82,1.516737,1.8013957,-0.69834864
132142.52,-2.842173,1.857201,-0.7441865
115341.27,-1.7715286,2.5635805,-0.40573174
122227.12,-2.5936723,1.9109328,-0.39604968
119955.49,-3.372083,2.726605,0.5904484
127447.97,0.825722,1.8813688,0.582291
122677.51,-2.550735,2.4478307,-0.53107506
121922.77,-2.0911818,2.6473026,0.4664118
119519.18,1.0022461,2.8247564,-0.58313906
121472.21,0.15719269,2.7352479,-0.45359817
123017.81,-1.6827874,2.727299,-0.6606921
133164.28,-2.84046,1.2837399,-0.75663435
124225.12,0.065079786,2.942413,-0.6677809
127643.53,-1.5195292,2.4564867,-1.2955219
128924.09,-2.505435,0.4764374,0.56095606
119421.17,-2.8671393,0.08359611,-0.33451974
131729.72,-3.060645,2.6218095,-0.5559582
120581.46,-0.6418064,2.8283927,-0.8129599
134662.6,-2.7151031,2.457635,-0.29935035
128974.46,0.9929136,0.30981243,-0.51290286
126279.56,-2.5090096,2.1005683,-0.58855975
117545.445,0.732329,3.1191764,0.41612995
119671.71,-0.9682956,2.6752455,0.53017324
116648.05,-3.542784,1.5199106,-0.52523416
124236.88,0.72333354,2.0450418,0.69438845
130905.87,-1.7941247,2.7842598,0.8940803
127890.51,-2.6438556,2.411484,-0.52891535
132003.94,-0.2915245,0.60265833,1.2910588
122543.914,-1.7728875,0.5176432,0.5717184
126498.77,-3.076453,2.7977648,-0.6698773
131033.445,-0.8303153,2.6941493,0.47054064
124224.29,-2.3027685,2.3857393,-0.5797551
125409.64,-1.3158506,2.6800842,0.35991824
129198.35,-1.944728,1.122468,0.6542776
120878.24,-3.8447404,2.6924193,-0.81077987
126320.8,-0.2877358,1.294223,-0.61196285
130137.18,-0.71705455,2.72339,-0.32381344
131570.69,-2.1773672,2.9573164,0.6457435
121507.375,-1.347039,2.5563068,0.77324927
128738.02,-0.6475989,1.9081713,-0.30261716
118026.266,-2.6893973,1.6498158,-0.5239151
117212.06,-2.1940327,1.9872959,0.6406996
123609.6,-2.9910278,2.1906688,-0.4560167
116939.85,-2.9281855,2.5541646,-0.7879253
124097.85,-1.2418855,1.8630787,-0.48986626
119191.07,-3.413912,0.30817562,-0.5270892
129638.06,-3.384625,0.61136127,0.48186046
131824.88,-0.5780947,3.0536225,-0.22085856
124975.23,-1.3734131,2.6775818,0.80894715
126423.87,-0.7147535,2.970993,0.46622515
132654.36,0.85133076,2.3473678,-1.1482799
121747.92,-1.6798596,2.7295735,0.399751
122927.98,-1.5439425,2.7497425,0.7300365
117697.51,-2.221968,2.9051647,-0.52049065
121946.78,-2.3741755,1.017709,0.6835297
124772.95,-2.6357055,2.8472216,0.5616928
115160.93,-2.7133083,1.4634733,-0.55325896
121310.43,-2.740448,0.10401583,0.4944378
123239.21,0.54022497,0.08158898,-0.3082313
121048.6,-0.545104,0.007740855,0.8585337
130682.19,0.8583477,2.0324218,0.7328493
130552.21,-0.3467282,2.974429,0.57320535
126693.07,-1.8605832,2.787405,-0.9016543
125599.586,-2.4663322,2.6484258,-0.86346114
125714.02,-2.7326486,2.3659496,-0.36788842
119790.0,-2.1511314,2.9673572,-0.5592612
125323.96,-0.7813917,0.011215985,-0.36119315
124928.54,-3.319568,0.12827611,-0.31227002
116037.1,-1.6156754,2.2851171,0.5943471
117465.65,-1.5141536,2.7449012,0.9539018
116745.81,-0.7461749,2.7478483,-0.3360934
130078.99,-1.6398715,2.9822786,-0.5351233
116204.11,2.1590898,2.9747581,-0.54269916
132740.27,-0.7488103,0.23029001,-0.86186904
130658.32,-0.21512578,1.621376,0.56548256
131126.75,-1.026798,2.8557353,0.65942574
126835.06,-1.4578332,2.9971793,-0.7419639
119212.125,-0.42448246,1.5274912,-0.567974
117288.97,-2.535733,2.598477,-0.49686036
118915.63,-1.7378819,0.043862402,0.49709168
116347.69,-1.6677002,1.0225321,0.41537675
120128.61,1.2994756,2.9652653,0.41878247
116178.516,-3.2792351,2.7154248,-0.5249115
125474.78,-2.6559098,0.22477794,-0.37270817
117074.58,-4.5631146,1.0040326,-0.7154366
127738.14,-2.4458354,2.8202186,-0.6115958
117284.58,-2.1096642,1.9853255,-0.6484121
116779.31,1.7557378,2.1209867,0.57228214
123498.41,-2.2331948,0.12786102,-0.475575
123920.34,-2.6942556,3.0016947,-0.56397593
120701.08,-2.652421,2.5692232,-0.68440616
119505.53,-0.9009141,2.709317,-0.52204037
119332.17,-3.2381678,1.0780017,0.50872254
120839.09,-3.9794486,1.2804377,0.6150231
115121.0,-3.1042712,1.2241106,-0.627047
122233.96,-0.40949965,0.45121133,-0.5554979
128106.74,-4.111185,0.11603987,0.6860645
120387.305,-1.1176469,2.9334223,0.6943733
124113.46,-3.551564,2.5329745,-0.76395696
121781.766,-2.6025174,0.72781193,0.49447182
130358.93,2.9268863,2.2255585,-0.5792253
116199.695,0.22359082,2.590516,-0.61530507
117295.32,-3.375439,0.08980048,-0.32839492
129898.59,-2.0419235,3.0812788,-0.6611427
124457.77,-1.0232087,2.0795045,0.4875273
115301.84,-3.8186727,0.023984909,-0.5502461
117835.734,0.1864806,3.0494158,0.6214235
127170.3,-3.9430003,0.25243437,0.5545775
116863.266,-1.2116078,1.0353822,-0.6274959
121316.04,1.9716339,0.81169105,-0.61449933
122365.53,0.16424087,2.8025734,-0.9765461
130966.12,-2.7638674,3.0596008,-0.48071867
133062.12,-3.3638997,2.6346054,0.6754406
119336.86,-0.7702573,1.5967236,0.55651593
115978.13,-0.5760624,2.464396,0.44326618
128885.01,-3.1863554,0.112837076,0.6629664
125488.54,-3.4504209,1.2294039,-0.62093467
116949.664,-3.7824326,1.8178722,-0.8094274
122996.45,-3.2901247,1.8157736,-0.778414
124299.73,-3.2852678,2.488679,0.57948315
117501.555,-1.6965204,0.9195396,-0.7428059
128172.92,-2.244748,2.3746622,-0.33757332
134384.3,-3.5718136,0.43624997,-0.6218099
123897.3,-2.6155052,2.9915707,0.6069667
124938.36,-2.6144907,1.6190959,0.7009164
129541.555,2.2298954,2.0733545,0.6890529
116054.76,-3.1033485,0.31708747,-0.45335096
118213.54,2.3218286,0.3609686,-0.40407443
128724.55,-2.838509,0.26202142,0.5730831
118936.26,-1.2839086,1.2665169,-0.5994079
119978.164,-0.8957549,2.8993244,0.5748196
126203.2,-0.050564576,1.4108284,0.5487814
123030.945,-1.5290171,3.083058,-0.48190635
122186.57,-3.3767254,2.2007666,0.7876892
116984.23,-1.5829954,3.0903957,0.53702533
128354.164,-1.1660279,1.692415,-1.1391898
127464.79,-2.1626308,2.6496794,-0.5634932
131402.98,-2.2125845,0.045253754,-0.32425892
119849.64,2.2569404,0.071774244,-0.47120908
133092.23,-0.5296211,1.4602766,0.9097167
121392.78,-3.104341,3.1080067,0.3718989
134419.69,-0.34995902,1.8214756,-0.5493205
129330.58,-3.0811644,1.7871901,-0.8494469
130391.914,-4.2454576,1.7619749,0.30140257
124958.01,-2.6254408,3.0320625,-0.36904323
122605.89,-1.9682264,1.617805,-0.5444506
115672.56,1.7872406,0.28543937,0.52136457
134013.4,-0.5263737,2.1654682,0.6503857
125129.3,-4.0299287,3.0994482,0.30128574
118702.836,-3.0550396,1.3588482,0.542701
132984.06,-2.7325792,2.4835808,-0.7532771
120091.86,-2.1179364,1.2724137,0.92979586
127600.65,-1.0619802,2.1301355,0.76405156
129436.414,-0.6288567,0.3229227,0.46316066
122191.99,-2.3503711,0.52608144,-0.4757686
130560.625,-2.719228,0.51356,-0.53757334
125702.39,-0.4959406,2.650693,0.83570653
121952.74,-3.4357696,2.5345023,0.63419855
120135.8,0.49670827,2.90904,-0.3250922
123237.33,0.6648855,2.5106688,0.7208625
123328.28,-0.46499595,2.8334334,0.47451442
123924.66,-0.75547713,2.1419883,1.2312825
129090.41,-2.8171418,2.1649957,-0.97835666
115592.67,0.94293773,0.83689743,0.65008897
134555.27,-3.4404442,2.987015,0.5504694
115681.08,-1.5900011,0.40724707,-0.59217
126417.95,-2.6418653,2.239132,0.53278893
127903.73,1.4980116,3.0877583,0.42953843
116521.76,-1.7568514,1.7137325,-0.6061546
128048.71,-0.43248066,2.8757763,-0.47800475
126310.16,-1.0873333,1.4824839,-0.7403868
115328.3,-4.044567,1.0785936,-0.48567334
129424.8,2.5032773,1.1302987,-0.9218464
123239.19,-1.5204755,2.7484417,0.4303409
120261.234,1.4836954,1.4595609,0.65106547
134094.58,-1.5297928,1.7089751,-1.0773666
116400.64,-0.54909897,0.45658743,0.54867125
116421.79,-2.47591,1.8642156,-0.5078138
131375.81,-3.2855713,1.7431867,-0.83914244
129263.33,-4.0147414,2.9917703,0.9638531
129166.88,-3.2318556,1.8838502,0.8657241
126660.945,-0.027745629,0.14175463,0.66657585
134666.38,-2.0904174,2.095606,-1.2989889
121243.836,-0.4936678,2.6251462,-0.7663619
124615.586,-2.178592,0.9447411,-0.9668426
115231.06,-4.0019274,2.4833615,0.44434842
128076.875,-3.441609,2.6559474,0.47497094
115631.63,-1.9009591,2.5703473,-0.45137984
120055.75,-2.3803349,1.1896316,-0.92037153
129517.11,-0.0857831,2.967052,0.69589746
115027.14,-3.8090692,2.8233812,-0.32826835
123831.71,-2.9186935,2.9548388,0.48834637
120279.83,-3.5205667,3.047741,-0.71096075
118735.195,-0.90718997,0.95673925,-0.5717717
124156.92,-3.9875586,1.7276958,-0.36897093
115027.91,-2.7586892,2.2946386,-0.6954149
125353.09,0.6025533,3.023425,0.7287732
134771.38,-2.768235,3.0560842,-0.81444573
131478.95,-2.2104728,2.965621,-0.6535936
121140.38,-3.016687,2.8553126,-0.6668966
120850.36,-3.8321936,3.0725904,-0.46552703
126846.4,-1.0423108,2.3569229,0.8302373
117575.586,-2.988578,2.6344051,0.52168596
123801.766,-1.3627414,2.773683,0.50711095
129272.68,0.4286342,3.0447197,-0.51188177
128324.98,-2.1144776,2.6476285,-0.57793266
123506.27,-0.55588484,2.306769,-0.5615001
124593.49,0.8501806,2.10642,-0.5421509
129108.21,-2.9939666,2.041349,0.7124424
130017.45,-1.7018343,2.2528753,-0.37348524
119289.03,-1.8564978,2.7124422,0.51554406
131619.53,-3.1920593,2.052012,0.7336426
121033.82,-0.47001153,3.046435,-0.50029236
120662.68,-0.42828488,3.1213048,-0.48167783
117174.016,-3.1134079,0.31582093,-0.540308
116188.555,-0.5431057,0.6354065,-0.5092876
123883.664,-2.4695094,2.4508333,0.74185866
120543.914,4.6103697,0.120000124,0.42080432
117847.56,2.8660355,2.8994868,-0.5676117
115629.01,0.25725713,2.9904377,-0.59484285
128795.4,-1.5402523,0.08105087,0.8056105
115749.31,-2.989528,2.2746825,-0.4511497
119284.586,-3.3403592,2.5931373,-0.79400766
124936.695,-0.76136005,2.7458403,0.5998241
118840.266,2.951637,0.7976062,0.55228925
129546.195,-2.9940047,2.8378181,0.61316997
123089.836,2.228827,2.1289208,-0.6137954
122153.09,-0.531059,2.9721365,-0.55139613
115555.89,-0.84775376,2.923447,0.40556133
122509.22,-1.480387,2.886944,-0.7239258
120784.0,-1.4126642,2.37606,0.67895526
131561.58,0.11514477,2.6339595,-0.5563145
119240.73,-2.3348038,2.7171192,-0.62241346
126490.06,-2.0413415,1.7719219,-0.5589806
128670.04,0.23843147,1.2588476,-0.7662362
115089.95,-1.8913212,0.3845592,-0.43947792
132305.98,1.4076924,1.1289562,-0.5518502
129581.99,1.5974326,2.655915,-0.49513778
124801.17,-1.0640479,1.7983915,-0.78730917
127487.016,-3.1413312,1.2763534,0.5352286
133197.39,-1.5929002,1.1954052,0.68757385
117854.95,-0.28864884,2.047217,-0.55536675
117391.68,-2.6677258,1.5488119,-0.47781006
115101.79,-0.39181793,1.3220508,-0.6653466
128895.74,1.1954513,3.0892093,0.34569997
116254.12,-1.5715976,2.63394,0.30604884
123808.38,0.31902325,0.2541319,0.5656658
134646.11,-0.58191633,1.8120477,1.0363072
123206.18,-3.3321242,2.6064472,0.54412156
118382.516,-2.5976229,2.7945921,0.8312534
116499.75,-0.002079442,2.1719687,0.5090969
122130.055,-1.3089337,0.1597327,-0.7055267
128851.83,-1.8096983,1.4327477,0.66713667
118876.516,-3.1788116,2.9170153,-0.42484567
128732.32,-3.6747723,1.4965183,-0.79192454
115788.25,-1.3298385,2.7284207,0.77661973
116590.38,-2.3019462,2.3065858,-0.5841291
122137.59,-2.6906297,2.7490582,0.80335003
118422.96,-1.1987545,2.1047661,-0.33636758
127727.195,0.30721593,2.3797193,1.0036718
123250.48,-2.7464607,1.6024649,0.78496265
129872.25,2.2974732,0.13743436,-0.44725394
118049.914,-0.77064186,0.78683645,-0.65501285
121187.29,-1.9337814,2.8117428,0.82838863
125129.82,-3.2984202,3.0462809,0.63285327
116091.414,0.75347656,3.0407472,0.82002866
126952.016,-3.3358467,3.0389254,0.5244216
129407.54,-2.2508073,0.025154352,-0.50344896
134771.36,-3.199336,0.7084643,0.5849771
134968.16,-1.6370604,0.63925654,0.54651934
131544.6,0.8090496,1.0238409,0.8457865
124472.85,-3.232671,0.44929343,0.69886327
126004.82,-2.7875493,1.7351542,0.551054
126883.41,-2.6360762,0.38013604,0.5423424
126219.586,-2.2350159,1.0417678,-0.67488164
132618.89,-3.4937282,0.54272866,0.77635145
115723.945,0.670992,2.6611528,0.69763166
132234.16,-1.1069432,0.6395023,0.5885333
119141.31,-2.6509483,3.0466154,0.91553646
115974.555,-0.40181643,1.6836627,-0.686552
125274.11,-2.802581,3.0929084,-0.6205324
115594.53,-0.20750219,2.1959732,0.6062918
126805.875,0.6703245,1.0801349,-0.5668631
117772.04,-2.1546493,1.0276779,-0.7287166
128048.97,1.2167422,2.074138,-0.5204427
121644.68,-3.7275035,2.0484037,0.3407872
118741.78,-2.2718768,2.8869038,-0.30298725
122109.484,-3.3027515,0.74049306,-0.645352
117880.26,-1.5709845,3.1054447,-0.514542
127692.836,-3.1172867,1.0343226,0.6346783
124886.6,0.25373125,1.1877518,0.6926415
133955.4,-2.5529954,0.21296328,0.63515866
129612.375,-3.5853314,2.5503283,0.98419
130050.66,-2.5482142,1.8261608,-0.54428107
120878.23,-3.8385224,1.1142122,-0.66578543
134184.72,-3.112935,2.1764278,0.6664586
123926.43,-1.9119983,2.3239818,-0.81164944
122687.88,-3.4124765,1.1855916,-0.48676485
132509.53,-2.2166088,2.9592428,-0.49798635
133839.48,-2.705432,2.541069,-0.64899206
129050.77,-0.88170743,2.6898324,-0.5665608
134555.03,-1.659587,2.0849519,0.73080784
125194.29,-0.74254495,2.2182152,-0.6068584
132189.19,-2.952781,0.27422476,0.5833038
127657.45,1.9372033,1.3477079,-0.760592
126179.16,-2.0214694,1.5921472,-0.66776055
123247.766,-2.690666,2.9625368,0.48196387
117893.49,1.2593329,2.2738953,0.49492022
131231.66,-0.47739583,2.4996734,0.7263743
125696.414,-1.2067442,2.5248196,-0.62211317
117001.91,-3.0359867,0.58122206,-0.8128407
116961.65,-3.3073275,2.5810947,-0.27819332
122256.19,-0.7630786,1.9056684,-0.76072425
121219.375,-3.5780072,2.9197206,-0.44077578
122688.8,-3.732214,2.9887676,-0.31018168
127877.59,-2.9092135,1.7258742,-0.6854602
131495.05,-3.2611492,2.271839,-0.71689534
129122.26,-2.2036479,0.7565657,0.5099779
122780.94,-1.7541046,2.840878,0.34299314
123736.36,-1.1205138,0.11488642,-0.3191795
122101.99,-2.137046,1.6929455,0.44210765
118147.1,-2.4200256,3.0277057,-0.5157949
132288.56,-1.2084118,2.1101098,-0.5858017
126071.08,-3.994645,0.58394814,0.54911876
131347.92,-2.7113419,1.302909,-0.742741
128076.484,-2.4838705,1.7363203,-0.8455777
132603.28,-2.158389,1.0084932,-0.5267468
124541.32,-1.4473932,3.082615,-0.903485
119162.49,-0.04220064,2.584323,0.8681044
120196.81,0.08214844,2.5927958,0.661465
118130.51,-0.14727707,1.6339077,0.7554532
130470.07,-1.4221195,3.1279473,0.6009349
118236.26,-2.7471173,3.0062494,-0.8566452
116279.4,-2.4150116,0.31053182,0.56708133
120458.62,-4.047366,0.55311996,-0.51094943
129556.54,-1.2959914,0.24820232,-0.49943224
119654.45,-1.4806892,2.5089812,-0.7603615
131444.86,-1.8399948,1.3332711,0.6884986
132287.7,-3.143338,1.3218359,-0.67199713
117579.73,-0.3161838,0.823992,-0.5146175
132795.55,0.46265876,2.8678653,0.6073206
134570.42,-1.1358358,0.14161348,-0.5945105
122114.266,-2.2168312,2.0833273,0.669229
127597.84,0.12901263,3.093152,-0.59441066
118884.31,-1.4067057,0.08432269,1.2417685
130254.78,-1.3848923,2.9975195,0.9265687
121016.07,-0.24080582,1.6974835,0.6152105
116485.48,-1.529941,3.136,-0.46716732
133449.75,-2.028954,1.3887124,-0.4607852
120640.54,-3.7232113,0.65205604,0.48547587
130376.98,-4.225052,2.6563592,0.45303035
115535.87,-1.5236793,2.7595851,-0.716026
128441.625,-2.982618,2.1430297,-0.6043911
120866.336,-1.3184348,1.4443508,-0.507189
134337.44,-0.99233145,2.5447228,0.2658625
118655.12,-1.1201056,2.312737,-0.94316244
116514.19,1.7771116,0.27041125,0.49620208
115257.45,-2.8257685,0.51928836,0.59185195
124416.29,-1.5241253,2.4021058,-0.5957318
122855.52,-3.499787,2.9588528,0.29596606
116004.19,0.89870137,2.7396388,-0.3261258
128898.164,-1.4984529,2.5300236,0.3979588
134656.44,-0.5627094,2.138602,-0.77296567
127733.93,1.0226798,3.000075,0.30009705
119394.37,-2.4121637,2.7676654,-0.5098057
124147.69,-2.0102437,3.0284095,-0.43510872
121988.17,0.46700096,0.5042206,0.6043608
119842.56,-1.1721097,0.22698723,-0.5628623
115113.15,-2.7516751,2.7193518,-0.62705064
124788.56,-0.34310094,2.993951,-0.5595834
126769.98,-3.2196035,1.6441329,-0.37727562
134193.9,-2.9298282,2.6794353,0.89695406
118334.99,0.74469745,2.0116272,-0.5150685
134622.45,1.7517803,2.227122,-0.6111832
117830.41,-2.792553,3.114614,-0.84132206
134871.17,-3.4399612,2.4421837,0.74449694
126007.625,-2.6387928,2.4050555,0.89568543
124060.34,-1.4787325,2.007038,-1.291118
126095.49,-3.5077794,1.9259032,-0.70405656
116568.125,2.5029519,1.2508833,-0.6457845
122382.6,-1.1174568,3.1335275,-0.7666072
123268.24,1.8634354,1.7290606,0.76195717
123603.12,-2.3547785,2.758255,0.5657552
115207.13,0.20662247,2.1847098,-0.34279904
116125.97,-2.9288232,0.44963402,-0.62486154
117367.71,-3.6442318,2.9510503,0.5770855
125620.17,1.8505942,2.1213713,0.657586
134355.3,-3.0619724,2.822889,-0.38716134
116342.04,-1.4741006,2.6921787,-0.5589809
117809.67,-0.4757146,2.8432958,0.44731867
116635.086,-2.250784,1.874969,0.51977366
125370.7,-0.5559108,0.9851562,-0.54600006
122106.555,-1.2737031,2.2595649,0.67843074
123739.88,-0.6735028,0.8900726,-0.67270774
123791.586,-3.64389,2.5935693,0.69909155
116236.05,-2.3981383,2.9056814,0.6736298
126991.81,-1.1856413,2.9880254,-0.31062588
127556.05,-0.654446,2.8887067,0.4118451
115755.77,0.41034117,2.8144884,0.5033177
131026.68,-3.0188034,2.3186824,0.67622095
116829.664,-1.0002419,2.5792522,0.7184408
132360.86,-1.564307,2.6373167,-0.6276635
130370.48,-2.9903438,1.4440798,0.6686012
120425.25,-2.1270144,2.9635563,-0.610914
117938.23,-3.7036958,2.7569108,0.64805585
129115.96,-1.0154517,1.5964087,-0.5244443
130005.39,-2.588507,2.9796336,-0.6124724
130562.4,-3.6999524,0.8770642,0.55655557
122428.78,-3.6511636,3.0140762,-0.54963297
130700.484,0.097696304,1.0964569,-0.77773404
127627.94,-2.8135345,0.31976032,0.68705267
121206.79,-3.1131296,3.1342812,-0.5434182
134978.28,2.627438,2.053374,-0.7712349
129452.266,-0.6451102,2.2977848,0.7026649
115672.016,-1.6210742,2.5472643,0.6234189
124201.805,-3.1439183,2.4037628,0.7539615
120189.875,-1.2253717,0.42706275,-0.75608057
120761.555,0.15349443,0.27070355,0.50666195
116557.65,-0.7033167,2.3437471,0.52363765
128202.29,-0.21094844,2.005308,-0.76095444
115898.98,-0.8969418,2.5832813,0.48983702
121306.164,0.09869413,2.7405305,-0.63334614
119035.93,0.48663202,1.6408353,-0.71712667
118994.62,-2.074212,2.7181275,-0.6181436
131288.16,1.5921147,0.6682876,-0.56414914
118948.01,-1.65819,1.9548872,0.67684954
119173.97,-3.6660094,3.097596,0.77764916
117955.08,-0.5645291,2.5789433,1.411942
124246.805,-3.4538698,2.1178486,-0.3197093
115323.97,-2.2724771,2.9883306,-0.49235693
115246.71,1.3592311,1.5775886,0.6412372
118315.94,-1.129796,2.868497,-0.5598363
130598.16,1.4835979,1.341182,-0.77359736
133973.03,-2.4802675,0.37493837,0.5550606
118131.65,-3.0256226,0.99740195,0.6204474
118863.26,-2.8853939,0.5498395,0.6915618
129253.695,-2.4623656,1.2136221,-0.6888952
129160.9,-3.1444075,0.60736036,0.23043561
124220.79,-1.531013,2.793952,0.71379864
134873.33,-2.828275,1.4442606,-0.6522381
115906.516,-4.043556,0.55429417,0.64437616
120912.26,0.60770833,1.4678056,0.5247031
134862.72,-4.1168203,2.4613736,-0.46706158
128347.69,-2.327179,0.1294899,0.41785762
134073.62,-3.3786454,2.3643174,0.829596
133783.22,-0.2525985,0.66982025,-0.52021706
127732.805,0.04890058,0.118483365,0.5362148
120359.95,0.32451895,2.5989797,0.5656751
133951.7,-2.270883,2.9481742,-0.37921497
115667.49,-2.2450788,2.1516814,0.7159748
117648.66,0.65611476,3.1133122,-0.51291686
117578.32,-2.4969685,0.8903415,-0.6019323
130977.18,-2.9779482,2.704193,0.54419315
126379.79,-2.5104744,2.8578765,0.47043976
125931.766,-1.2108086,2.2224991,-0.43500677
134257.06,-0.4591676,2.339446,-0.60896856
127716.62,-2.3992856,2.3270116,0.71648735
120318.17,-2.8135283,0.9934143,-0.70960623
121289.38,-2.9725816,2.1240263,-0.9619384
132915.97,0.9787241,2.2815735,-0.65494454
131253.19,-3.198404,1.9288698,-0.59408104
119161.08,-1.4710186,2.769172,-0.5350575
122475.84,-1.4682907,1.015607,-0.37661216
125065.625,-2.1567342,3.0313087,-0.7519487
120532.28,-0.78334236,2.6434932,0.4075424
120232.18,-3.5944886,1.6459682,0.6533655
132712.23,0.055594996,1.6584831,0.827867
125826.89,-2.7335074,0.0014005452,-0.5286565
134392.84,-1.5820506,0.73936534,0.7605725
126169.85,0.13659163,1.7981379,0.64238054
130178.15,-2.4391017,2.9451053,0.51990044
123658.13,0.6775564,1.9671261,0.6395206
116683.31,-2.8285563,2.9548218,-0.31920484
131276.31,-2.67356,3.052401,-0.8392942
125157.23,0.26321456,1.0191671,0.60173935
118923.28,-1.5409076,2.6680453,0.5880628
129740.234,-0.3903245,0.9864478,-0.6706157
131920.53,-2.5509496,3.0287578,-0.48673317
129713.07,-2.2043762,1.0032102,0.9679099
125635.625,-2.457284,1.6595995,-0.6509001
120684.695,-3.0494287,0.59602976,0.5120671
117304.984,0.74769676,3.050216,-0.40078214
120897.4,-2.0563953,0.6697618,-0.50311273
121874.89,-3.2352135,0.9815548,-0.37986532
118376.4,-2.1263275,2.119808,-0.34045616
126127.17,-0.91136944,2.946138,0.61556965
119947.555,-2.7434385,2.8604958,0.6943894
117812.68,-3.6893134,1.7044805,0.41398576
128647.7,-3.2418835,2.8379478,0.98036265
130333.84,-1.772101,2.3266058,0.6674325
116497.5,2.1332152,0.8959952,0.5083952
116802.94,-1.3408312,2.2069988,-0.59225374
123312.42,-1.0116704,0.33068419,-0.8247684
120560.76,-1.9852992,0.17178655,0.3485565
124274.555,-3.743294,2.8057978,0.41135168
115497.164,-1.9346871,2.7958107,0.49464434
115887.97,-1.384559,2.3681834,-0.6389347
128825.81,3.3967862,0.6458595,-0.5486458
134919.5,-1.8704066,2.1994934,-0.41502163
134678.28,-2.1315405,2.9025702,0.3995385
130798.85,-2.7448149,0.43491435,-0.4174817
116252.88,-2.207495,2.2148495,0.23325363
130221.07,-2.4102235,2.933111,0.75946146
121836.3,-0.22136599,1.6401873,-0.7210386
120045.266,-1.5936458,0.84051263,-0.5795171
115976.57,-1.8562751,1.415454,0.99532086
131675.56,1.0091037,2.2353575,-0.66881573
115500.43,-1.1133622,3.0767853,0.9498309
122871.75,-3.9251447,0.8339797,0.4989394
124757.46,-2.020691,1.0784308,-0.63820475
127349.58,-3.096281,2.9254136,0.36800027
130342.54,-4.0410967,3.1192117,0.45496356
115346.57,-1.4145147,1.1188015,0.5566003
125472.164,0.25770265,2.9114125,-0.49116367
125901.69,-2.415346,2.779492,0.5307452
129623.805,-1.1442729,3.0213847,-0.80985236
122240.78,-1.629987,3.0172741,0.6846308
122572.65,-1.6977543,2.0408518,-0.65878814
118809.16,0.5234562,2.4831214,0.7022937
134024.58,-1.7380172,2.0273778,0.73085105
130298.83,-1.3624196,2.8341372,-0.5842213
122890.66,0.18083216,3.0981104,0.346097
125211.33,-1.4655794,3.0226905,-0.50726336
122204.19,-3.3347266,0.71509945,-0.31433135
132280.34,-2.0392299,2.8106863,-0.7178387
124764.98,-2.2666066,0.4741242,-0.8144917
120883.305,-4.068362,2.7096841,0.4932465
115560.836,-1.2899449,0.8442526,0.476988
127737.305,0.6889769,2.7368305,-0.5810014
122023.875,-2.3645284,3.132077,0.43404293
118923.58,-2.0653381,3.120939,0.5686688
134457.3,-3.3177001,0.18117785,0.47425383
119538.38,-1.5505406,0.15543923,0.68177825
116692.3,-3.578896,1.991064,0.3791533
128130.54,-1.2062224,1.8948809,0.7190058
132173.62,0.21941748,1.8671561,-0.5580261
124392.4,-3.909879,2.1307116,0.64699554
130975.15,-1.9707044,1.7940956,0.8889688
123276.11,-0.29767188,2.5709991,0.6552686
134865.36,-1.3981577,2.4965844,-0.63787645
116982.74,-0.42463884,2.9557595,0.6310437
116535.484,0.63148576,0.8320358,0.49995455
121129.81,-2.755788,2.7993486,0.63502437
117989.58,-2.324926,3.0860271,0.49470937
119824.41,-2.3079531,2.0405016,-0.74900013
116490.914,-0.8114491,0.06541839,-0.45208296
124984.484,-3.5592906,2.709781,0.6627387
123321.23,-1.7690138,1.8033972,0.4630609
118038.32,-1.3891821,3.0180926,0.52770054
116112.99,-2.3756595,2.4860673,-0.57191664
117806.58,-1.559331,2.1409194,-0.9545402
133900.73,-1.7040601,2.9497926,0.44121286
127103.125,-1.4205784,3.035733,-0.58696073
117498.86,-0.4716239,2.7064426,-0.22941542
125461.336,-3.869104,0.98396266,0.3545644
131757.25,-3.5694277,3.0325527,-0.35291457
116020.96,-2.0727777,0.68189657,0.6178647
123263.58,-0.7431698,0.83965975,0.5426643
130626.79,3.1659656,0.06975341,0.43506357
129993.75,-0.7008353,0.22535896,0.47935992
120334.625,-1.6726767,2.589425,-0.61394167
121372.69,-3.998321,2.9874678,-0.2670762
115731.414,1.6842626,1.224029,0.6458794
115386.18,-1.1067262,2.9075575,-0.19801536
123039.84,0.8930871,3.1255467,-0.12962474
127000.79,-3.4880211,2.1289809,-1.3027436
133710.84,2.981521,0.52880764,-0.76299256
128686.36,-1.4245354,1.7902666,0.5415322
117749.38,0.27628696,2.911984,0.48478785
126180.21,-1.4340321,2.725918,0.22016029
116153.016,-0.6636368,1.4980237,-0.53389466
122027.8,-2.9989576,1.8715079,0.96940905
115410.78,0.34776738,2.7188606,-0.63930833
124760.805,-1.7519895,1.2560931,-0.65916294
123615.91,-4.113266,1.6345057,-0.61288816
126240.11,-3.4452937,2.4797099,-0.47940946
118139.086,2.1406162,2.472683,-0.68312013
116535.03,-1.2458644,3.1257892,-0.48361582
121353.516,-2.631182,1.341121,-0.9365733
120177.52,-3.727863,0.55962896,-0.5436048
119806.61,-2.504086,2.7449245,0.6949066
117679.89,-3.3313265,0.30379522,-1.0038058
128533.42,-3.4071107,1.0240698,-0.56405663
129370.87,-3.2053213,0.96345645,0.57620484
122514.88,-0.116366886,2.8266957,-0.6205143
122626.89,-2.119323,2.7710226,-0.6941976
125869.71,0.84606844,2.8004603,0.5807502
117893.69,-1.4099482,3.0773876,-0.3326163
130494.56,-0.83974993,2.6707664,-0.6364838
124547.945,-1.3148686,2.5947747,0.6910398
115148.336,-2.6215878,2.506371,-0.79795045
123385.17,-2.0816994,0.88957894,-0.6740198
120316.555,-0.7003002,2.6558704,-0.47960684
119709.36,-2.4764159,1.6855315,-0.96200126
119978.01,-4.2829022,2.7233949,-0.31998855
129422.11,-1.1874176,2.2531126,0.57314485
124205.375,-3.0657027,2.8138502,-0.6760055
126183.17,-1.2069819,2.6185079,0.40103158
117881.52,-2.114511,1.0968308,0.6701126
119238.84,0.46771988,1.3450506,0.5326445
124259.42,-2.18868,2.9064634,-0.5671917
125546.77,-1.6861923,3.0719562,0.53659284
133213.17,2.1928048,1.2191978,0.91713834
115529.87,-0.66590863,2.7972994,0.62141776
116934.36,0.42941034,2.3561947,-0.4194123
115489.664,-0.14282502,2.7426796,-0.32651594
124866.016,-0.5614582,3.0307274,0.5936386
119665.3,-2.3314326,1.716469,0.46196297
127912.516,-3.7388787,1.1059372,-0.64783114
118951.28,-0.33598226,2.556666,-0.7353021
127071.3,-1.2902123,0.30145,-0.3920025
115030.53,-2.8560526,1.2895598,0.52802396
120950.48,-3.670717,0.18967581,-0.55115134
120130.05,-2.4479938,3.1339366,-0.8358881
127760.94,-3.3748593,2.9169633,0.43752348
134398.5,-1.0056454,1.808837,0.589918
130563.95,-2.8367796,2.6788461,-0.62360483
127315.3,-3.0625806,0.20598447,0.5671095
125713.22,-3.765531,2.9520593,-0.6456377
120004.15,-0.5461533,0.5382266,0.42784926
120238.29,-2.2222488,2.175707,-0.8565186
123732.81,-1.2558433,0.99583006,-0.5972642
117120.36,-2.390183,2.5083518,-0.98719674
121104.03,-1.6395271,2.168501,0.5933126
131365.62,-0.02650061,3.125376,-0.6375809
122877.45,-3.4575038,1.410946,-1.0675045
134151.67,-3.5465288,2.8991435,-0.5989666
134826.78,-3.1723282,2.428059,-0.3444624
126076.305,0.66532695,1.9964125,0.7193131
126106.51,1.2021066,0.67024684,-0.67539763
122337.016,-3.078511,2.7931604,-0.3612123
116298.2,-1.1254045,1.6658583,0.5649695
129392.45,-0.116766855,2.469419,0.7824503
120532.1,-1.2050745,2.5767071,-0.59944075
125843.27,-2.390171,2.8899822,-0.33338583
121700.77,-3.1443014,2.8565738,-0.6498283
116010.78,0.8428744,2.8651922,-0.58176076
128305.68,-0.4301365,1.8570462,-0.8076506
128504.24,0.6830655,0.0064270496,0.17538086
125490.52,-1.7908655,2.2568455,-0.7060559
126847.53,-0.74762094,2.824274,0.71292573
134027.06,-0.371077,0.14340997,-0.34003696
118802.76,-3.823674,0.25816992,0.78796256
134461.44,-1.1846473,1.1850753,0.6276218
118693.98,-2.995212,1.5342884,-0.6465607
119066.22,-3.015305,2.7388034,-0.7554958
115228.664,3.1908417,0.7523427,0.5931119
125352.71,-0.6394947,0.51148736,-0.49745288
122307.734,-1.432533,0.42007685,-0.5614332
123625.12,-2.1455696,1.7546067,0.7175873
128846.74,-1.6161757,2.244528,-0.81600654
118903.98,-2.682755,2.9107642,0.63222766
128497.47,-3.1062658,0.08277282,-0.5669957
134570.33,0.7687802,1.6818533,-0.61441916
128751.03,-0.21449855,0.1547029,0.43724245
121875.46,-2.1533453,2.8622584,-0.8127833
115692.61,-1.4369317,2.6012743,-0.47798064
128752.125,0.2664855,2.997873,-0.65380746
121413.89,-2.0341532,1.0571417,-1.2571613
126289.62,-0.3705505,2.1397588,-0.7178868
127677.2,-3.9096773,3.08112,-0.5941125
117036.9,-2.287584,2.8818042,0.17570277
125522.85,-2.336652,2.5468693,0.74209815
117649.97,-2.9130623,3.04221,0.61660904
117285.06,-3.3132455,3.0405855,-0.65416133
125623.1,-3.3383124,2.9409041,0.621663
126623.26,-0.6112825,3.0784774,-0.72298914
120956.23,-3.3351836,2.7812142,-0.41649315
122748.91,0.03294229,0.50510836,-0.451372
119126.44,-2.154528,2.3322651,-0.6152541
116136.08,-2.68313,2.619923,0.6931654
121057.914,-0.14094515,3.1299593,-0.69593954
116001.3,-3.0725677,3.0281873,0.41652983
120703.64,0.11060883,3.114931,0.6947094
131824.3,-0.2258968,1.8889495,-0.5412975
127447.24,0.112265356,2.755748,-0.59182864
126587.89,1.3008184,0.39023012,0.59420085
127443.08,-3.436161,1.2786235,0.51778764
120865.18,-4.060563,0.90391994,0.2624723
118589.76,-3.100485,3.0900996,-0.5168385
133589.97,-1.942569,2.2668695,-0.72625744
129800.01,-0.7185327,0.7682638,-0.47792125
124520.64,0.8596071,1.7435888,0.5702747
131306.02,-1.1525959,2.1680188,-0.6608468
124868.56,1.1779152,1.400001,-0.5106848
134691.56,-1.0651782,2.2770295,-1.0146985
123481.516,-0.9387689,2.9525826,-0.5430476
121164.95,0.51191044,0.4963441,0.5893722
117895.48,-3.799778,2.1679487,0.40131816
117729.33,-2.2032993,2.2758515,0.40472037
132714.52,-1.0075412,2.0736141,0.37460935
121537.24,-3.690797,0.47190937,-0.5810809
121330.74,-1.593622,0.9391399,0.6531597
125404.91,-2.0158603,3.0177884,-0.6758492
129342.81,0.22743227,1.7962279,0.6899136
118357.52,-2.838389,0.13938928,-0.23707694
119593.46,-2.9432704,2.271419,-0.60020304
115656.78,-3.9695566,1.2421638,-0.64901507
127095.31,1.0618081,1.0999079,-0.6048965
118333.2,-3.7281377,1.9256594,0.76938826
116370.875,-2.3370986,1.7565442,-0.5944145
125713.25,-3.7467477,1.4644853,0.74740237
134825.31,-0.9786745,2.7926707,0.8365968
128435.28,-0.97912866,1.0986441,0.69750506
118387.8,-3.256334,1.9119158,-0.4856904
132322.47,-1.7285857,2.424527,-0.4876085
129682.01,1.2080189,0.025384784,0.2656802
117744.93,-1.9379954,2.8844726,-0.5041528
118942.99,-0.831007,2.9570332,-0.41326955
120697.91,-0.19523261,0.20693757,-0.6689655
121527.22,-1.210316,0.19514942,-0.5420516
126657.96,2.4504576,2.725608,-0.52533287
120082.35,1.6666694,0.907759,0.63823247
125129.305,-2.9050415,2.3923593,0.6857565
126831.4,-2.9891167,3.0935664,0.40327626
121836.375,-0.3374852,2.9762747,0.48545122
117663.9,0.39455643,2.9572806,-0.21061885
130030.0,-2.469077,2.6864429,0.5878106
127683.625,-1.2068025,2.205829,-0.5441032
121493.734,-1.4120157,3.1089046,-0.31400633
132267.39,-1.7524378,2.8764696,0.9897922
132872.0,-3.1141644,2.763988,0.67156655
127625.555,-1.7065974,2.1676395,-0.62419003
126309.47,-2.0677605,1.5203345,-0.80076957
132830.6,-0.08504646,2.5451517,-0.64526737
123038.71,-1.2607002,2.1616688,-0.4835588
118171.695,-1.5007067,2.7700057,0.41620728
127253.55,0.79124546,2.0087683,-0.6766282
124258.93,-0.22421186,0.75309545,-0.6003467
132965.2,-1.0915334,0.008244567,0.6370738
124074.21,-3.2558045,3.1231718,0.66452104
115771.47,-2.3246195,2.6498642,0.30693355
119310.52,-2.0911498,1.7928247,-0.7560839
129179.984,-1.4537349,1.1690001,0.7176571
127581.05,0.1425893,2.9538994,0.21774453
129346.98,-3.6554854,0.8074651,0.62105286
116429.586,1.4507822,0.25089657,-0.5159004
124955.17,-1.4912572,1.7846686,-0.85030484
133975.36,0.7248813,2.0025547,-0.6888116
120440.41,-1.5069281,2.2459676,0.4269791
129200.54,-0.43888497,2.0141807,0.77283484
125435.98,0.034328714,2.7102213,-0.7138547
127733.625,-0.26269686,3.0335863,-0.509072
127481.586,-2.525524,3.01636,-0.42520097
116332.195,-2.2808712,2.860409,0.5446912
125126.836,-3.7870696,1.3323927,0.7203298
130992.19,-3.6438837,3.0952814,0.5974479
115676.49,-1.905663,1.5473057,0.5719114
119755.08,-3.2970877,2.9819715,0.46442163
120958.516,-4.124666,0.3232863,0.6107419
121493.71,-1.3710147,2.250778,-0.9460614
124146.0,1.4191245,1.9746855,-0.62334526
123600.086,-3.0558927,2.9820492,0.57151604
116502.28,-0.92213774,2.5740867,0.63627607
131511.77,3.157087,3.0415382,0.4292629
133625.84,-3.4674592,1.0032358,-0.6470163
116129.45,-1.853337,0.70745873,0.5836979
120246.81,-3.1358778,0.056330323,-0.45255673
119682.52,-2.1306958,1.5364137,-0.91561216
118319.25,-2.6970632,1.0499623,-0.6158678
117975.64,-2.5755894,2.3579886,-0.43066683
130311.72,-2.1787176,3.0003006,0.38942844
119963.67,-0.58932537,0.19930804,-0.6372635
120631.35,-1.7090229,1.0396451,0.7337112
130526.87,-1.0532176,2.1222668,-0.91297066
119863.56,-1.8256762,2.5288556,-0.66533625
116369.62,-2.4830456,3.0304823,0.5610164
115450.08,-2.1645854,3.0595264,0.70398337
122378.67,-2.811462,2.1946287,-0.5590438
129426.945,-0.014746563,1.2606862,0.8869552
133883.23,0.3814191,2.576521,0.576411
117013.31,-1.1597888,2.2944887,-1.0432626
118967.01,-3.0990071,2.7093675,-0.6125367
119729.24,-0.26506636,3.0433545,0.56619936
117523.46,-2.5902345,1.0346501,-0.19510843
129853.19,-1.4239476,1.3733847,0.6888347
119710.59,-2.0480466,3.1269393,0.554187
130207.695,-1.9539515,1.3632158,-0.6012357
130427.555,-2.1205459,1.4055761,-0.44309235
122714.45,-3.3212683,2.74508,-0.56085765
119854.07,-0.44847786,1.8439503,0.6792665
122837.21,-0.6950901,2.7623415,0.9011771
121415.75,3.2676296,1.1437106,0.6944177
134457.16,-1.0124593,2.7246006,-0.5955024
127015.586,-1.9744018,1.4767382,0.6602527
125425.4,-2.966949,2.9422076,0.43197328
134302.1,-2.3548498,0.2916937,-0.3901239
130999.08,-0.032172095,2.670687,1.0663426
121432.164,-1.6820736,2.8843539,-0.6012656
128979.57,-3.3862145,1.6522932,0.78078866
125708.05,0.25807643,1.9442271,0.67641926
123008.51,-0.97103435,3.1244912,-0.5213413
133423.42,-1.2583586,2.8455322,-0.31762797
131663.27,-1.4999424,1.2079867,-0.6306734
132561.1,-1.3366058,2.4573524,0.47551078
118947.86,-2.4750278,1.4972851,-0.4059933
122361.33,-2.768046,0.24806929,-0.48076624
116052.95,-2.7522163,2.7621052,0.3003563
119418.84,4.4131155,0.8027157,-0.68453026
125649.43,-3.5282433,2.6762996,0.5136937
131791.44,-3.3699095,3.048581,0.64884156
129316.01,-1.6599479,3.11507,-0.65544564
121210.62,-2.3099368,1.895463,0.8223039
123811.81,-4.1657734,2.4159513,0.61774397
126802.57,-3.633999,2.0307205,0.61833805
116204.15,0.77185524,2.749141,0.4627581
116937.195,-0.8764863,0.46000123,0.48443916
124680.91,-0.72700274,0.3394804,0.62517977
126698.805,1.9669712,2.6886635,-0.5670342
134868.97,-2.6823468,2.7806823,0.6429321
131974.38,-1.7357898,2.1554863,0.6204772
132433.3,-1.1173038,2.1771657,-0.81655437
119950.2,0.5620868,1.3579856,0.713363
131447.02,-1.8726394,0.36362898,-0.5378902
125641.125,-0.07868626,3.0494716,0.2133491
120856.23,2.7307968,2.9102912,0.48010886
118209.04,-4.3463383,2.0963142,0.8040537
115869.875,-3.1405866,0.32831562,-0.57337123
131051.375,-1.9817251,1.8297606,-0.5441741
117185.42,-1.4479318,2.8455973,0.414371
124593.54,-1.1742027,0.20089632,-0.476181
133110.72,-2.4801898,2.780291,-0.67872125
132328.02,0.25355068,2.4705338,0.65532947
120009.79,-2.6661112,2.0281456,0.4053444
123840.31,-3.6085572,1.4785979,0.7076322
129874.11,-2.3375506,1.3842616,-0.6439497
119209.336,-1.5524693,2.6484058,0.39421842
127907.36,-1.194205,2.2433033,-0.62868977
117456.9,2.7988124,0.49378258,-0.6119582
122477.914,-3.5481408,2.546678,-0.37101924
115576.5,-2.4137828,2.9271688,-0.47091195
119131.2,-2.7644217,1.1728843,-0.5051
132989.28,-2.5261047,2.0808225,0.38710397
133034.38,-2.225795,2.774095,0.62862027
126096.76,-3.3527899,2.2193518,-0.7348585
118444.93,-0.8814976,2.0396805,-0.6154751
115106.5,-2.8718507,2.1587121,-0.6350118
125338.375,-2.8311906,3.1007917,0.54079735
115140.23,-1.2955711,2.3592763,0.61129946
127762.305,1.4668114,0.102835655,0.35806882
123826.93,-2.1168017,2.7038383,0.644757
128446.48,-1.2702993,2.5649614,-0.5029392
129102.71,-2.3591805,2.4730566,0.5199286
124091.836,0.6690864,0.34098464,0.76720524
127409.11,-1.3024443,2.733728,0.5834666
126839.18,-1.48448,1.1241559,-0.7394658
122047.69,-2.5313532,2.2342718,0.5035713
122983.57,-1.799174,1.6686442,0.70400405
116884.164,-0.80618054,2.9808447,0.54422265
126613.31,-0.29281655,1.1333565,0.5481799
127672.36,-2.6331558,0.8539105,0.53738976
128856.51,-2.1369526,2.6534102,-0.2815189
117781.484,-3.306293,3.0839934,-0.47741532
117539.67,-1.8499361,0.94941145,-0.5597629
118834.664,-2.6446016,2.4868438,-0.79303956
124485.195,-0.7564926,2.9133656,-0.8420449
121851.93,-1.3419237,2.4797928,0.40506113
115558.79,-3.1154897,1.7597977,0.849155
118827.0,-2.3274481,0.80174196,-0.43026918
126773.53,-2.2743177,2.0383716,-0.66053134
122483.53,-2.67086,1.7999367,0.41298285
124044.27,-0.7371163,2.808429,-0.5693177
130993.35,-2.611332,0.22287673,0.9319897
130090.65,-2.2291858,3.0602393,0.6181204
132965.55,-2.3053381,1.8129002,-0.6257804
131347.94,1.2897601,1.2852304,-0.6362307
116364.414,-2.2092636,2.3744593,-0.56409436
125371.36,-0.5419534,2.8144085,-0.57634866
116608.45,-1.536897,2.8921566,-0.70674336
128865.99,-2.5778518,2.5778368,-0.55263776
115917.88,-3.6938252,0.08727586,0.39491823
122574.516,-4.0528617,2.9128625,0.45076078
131976.1,-2.7745285,2.6397116,-0.60737675
121951.86,-1.5814879,0.77123475,0.66427606
125219.44,-0.8240572,1.7464347,0.47310978
115792.14,-0.8305602,0.95310163,-0.6813777
129439.83,-3.3748155,0.9402816,-0.66059685
116805.46,-1.0180999,2.686903,-0.4169183
133249.61,0.54119325,2.6337843,-0.82155675
128449.45,0.13252915,0.6423721,-0.5232403
119887.375,-1.9397249,0.58573747,0.63879985
117919.445,-3.6447246,2.633779,-0.55763996
117339.555,-3.1791108,0.9131845,0.61311966
115153.72,-0.4431028,2.3183632,-0.78569496
123461.39,-1.2021989,1.2911184,-0.55425113
127176.91,-1.866463,0.5314343,0.4950349
127539.31,-1.842733,1.49854,-0.49103695
119046.37,-2.2236593,1.9404435,-1.0230387
116171.9,-0.28024545,2.6149971,-0.3359842
118644.26,-0.99202,2.6564047,0.2682327
123885.54,-3.9952726,2.338242,-0.566739
129046.74,-2.851148,1.4775504,0.64127094
122261.22,-1.0120333,0.64625907,-0.65753776
127045.67,-3.722539,2.6399455,0.8388051
127324.11,0.06328654,2.9427762,-0.50531423
118983.2,-1.1111465,0.71361905,-0.70917237
125817.06,-3.5684607,0.5676983,0.68689746
125075.52,-0.9218167,1.4156604,-0.6589569
126440.69,-1.2993826,0.43135214,0.5435251
120786.945,-2.9080596,0.17479634,-0.5264782
128338.47,-1.5893729,2.8807442,-0.95456725
134129.02,-3.4167998,2.9728975,0.5823562
127193.92,-3.0592968,3.0408056,-0.38330796
134594.06,-1.9395185,1.0448254,-0.5347611
121813.4,-1.0837462,2.2811117,0.4257953
134336.8,0.2530512,2.5779192,0.5773726
116436.32,0.97177577,2.253968,0.6920873
125733.54,-2.2697961,0.6607312,0.5218721
132564.8,-1.2676737,1.5911714,0.73285115
125933.83,1.3536881,2.519381,0.77011317
124845.086,-2.926557,1.697114,0.82036364
116946.82,-1.3691401,2.1424844,0.52618754
115177.836,3.58742,1.0530379,0.70888686
132227.17,-2.7859323,2.435039,-0.45711908
130273.41,-2.6833947,2.132586,-0.6500921
124941.27,-2.1842654,2.077795,0.71006775
133831.62,-0.14677112,2.9625084,-0.72358775
118891.13,-1.6538421,2.086945,-0.5550408
115656.57,-2.257703,3.1088457,0.5400412
122775.03,-3.5154657,2.3463337,0.5755776
116717.67,-3.127147,2.472062,-0.5659955
124979.78,-1.5588874,2.7431543,-0.38058764
134606.3,-2.2862997,1.1155922,-0.7134427
132191.6,1.3273708,2.3061197,0.6772367
123860.93,0.45740888,1.355481,-0.5590913
119355.99,-0.2075459,2.0745745,0.5944897
129503.06,-0.35716042,2.4219816,-0.80271906
117458.23,2.5185466,2.881458,0.44036114
126758.15,-1.074275,1.923656,-1.1385986
121788.625,-0.4849146,2.4474463,0.7154457
123202.69,2.4701629,2.9065583,-0.46606067
124588.76,-0.808369,2.8153965,-0.72750866
125289.18,0.99006623,2.024564,0.67048603
132044.75,0.61167115,2.9984832,0.4336392
118393.46,0.20411767,3.1082659,-0.64000016
127111.51,-2.4673765,0.3790493,-0.59525347
134226.08,-0.46982732,2.8605995,0.21634707
115209.875,-0.38784227,2.2840714,0.79745245
119960.516,-1.1643769,2.6585836,0.36449713
128275.125,-1.34561,1.2474217,-0.5642691
126904.12,-3.3144355,0.6555482,-0.5995328
134931.0,4.3745794,1.7147783,-0.71859044
134638.53,-1.9213051,2.6991878,0.6121543
132567.86,-2.7643292,1.6949863,1.0160705
118374.57,-2.9131706,2.8634722,-0.6764356
122945.47,-1.4884205,0.40702844,-0.49081942
132349.9,-2.202335,2.7400174,0.53340924
123056.73,-3.7249486,0.2688756,0.46141586
119545.53,-2.1709316,1.9233422,-0.4148426
123389.3,3.8522477,1.0876889,0.792023
125494.32,-3.7253182,2.1510255,-0.8516904
126575.16,2.8498464,0.5576843,0.6865191
117298.516,-2.6178224,0.70918286,-0.9827211
126037.66,-1.098659,2.7721412,-0.58690107
124751.266,-0.42728075,2.5795429,-0.8518168
123823.5,-1.4556587,1.5004028,-0.49042004
134872.9,0.9218957,1.8484993,-0.63743925
129813.766,-2.6078627,1.9962565,-0.68365604
117680.69,-2.3310094,1.7576487,0.61513436
119062.95,-1.7619241,3.0336266,0.23872793
126147.73,-3.917604,3.0692368,0.25543714
126129.94,-2.2223132,3.0115871,-0.5346643
118706.836,0.37439308,2.5638247,0.7366249
120072.98,-3.396002,2.7344766,0.5852362
134574.8,-2.210626,2.6864035,0.42875266
116615.03,-3.3668013,2.4542794,0.9355899
128639.164,-2.3488128,1.2301612,0.6279102
124338.42,-1.7383747,2.5435238,-0.57841897
119634.17,1.5261313,2.9163644,-0.5289211
116188.58,0.088086426,2.327518,0.7446413
123163.16,-2.3605158,2.8409688,-0.7268556
118147.734,-3.0280414,2.7113585,0.8347402
121639.62,-0.36307213,2.8189087,0.74216175
125406.18,-1.4263226,1.4417468,0.7472391
116900.79,-1.8898587,0.70972425,0.62988347
130018.27,-0.03779527,1.5126371,-0.5799935
123196.07,-0.12474541,0.3095137,-0.38580444
125381.234,-1.750667,2.8469517,0.71477664
119265.82,-1.7613274,0.124268174,0.44426462
123969.8,-1.1133474,2.786833,-0.6173902
121696.52,-2.9908314,1.0364877,-0.78116035
127937.86,-4.2027974,0.99194574,-0.5367938
132320.44,0.007912719,0.4467076,-0.5315
132891.6,-0.09887149,2.5190737,0.41023403
118222.09,0.5092831,2.1420155,1.1127075
126105.195,-1.8598262,1.4097191,-0.70821846
125005.44,-2.0748355,2.4107013,0.660718
123749.76,3.4437256,1.8993857,-0.7519829
119744.375,-1.2647735,2.4777565,-0.42993358
132462.67,-1.5759943,2.6983569,0.5627136
117369.06,1.3135859,3.1239855,-0.37394056
132996.27,-1.0587467,1.4536128,0.6825562
116418.12,-2.7138455,2.7123525,0.70073265
130054.63,-2.8311825,2.6080098,-0.7426869
131585.19,-1.0398617,2.7278163,0.2520921
121966.55,-1.3325804,2.4986079,-0.5087195
130491.336,-1.7760837,2.6158037,0.495917
116074.99,3.328869,0.9965998,0.8364765
131480.17,-1.0654929,1.105781,-0.5707998
129319.86,-3.053277,1.2393042,-0.57089096
130524.555,-3.3732238,0.14260983,-0.25231296
117831.836,-0.106381826,2.2434688,-0.5046403
134493.02,-1.4186133,2.410177,-0.35342795
129360.89,-0.22436148,2.4170213,-0.7246239
133645.98,-1.0965847,1.4142746,0.7756302
120774.766,-1.3816059,2.8386776,-0.41765115
126118.49,-2.2651308,0.75268054,0.51407814
131594.64,2.0632076,0.13972753,0.4135035
130672.47,-2.9733622,3.0618021,0.239629
130798.89,-2.139015,1.2238938,0.753642
117988.03,1.4314728,2.87745,-0.29998058
129506.8,0.80429006,2.92037,-0.5573935
118890.37,-1.7886449,2.8875253,0.51326555
121858.54,1.481185,2.4171603,0.6027356
126964.4,-2.5152605,0.80603343,0.69986993
126479.71,-1.1824483,2.958197,0.7215707
115960.83,1.6141198,2.7628374,-0.5732744
132377.56,-3.4359155,1.5679342,-0.96095276
124230.234,0.3243378,2.5059357,-0.825985
127333.39,-2.4367378,2.1423101,0.6697178
122410.33,-1.0735548,3.1172333,0.3964623
124883.78,-2.3570075,0.48370123,1.0811895
130766.84,-2.1352074,1.6966136,0.6516014
118163.28,-2.1103086,2.4291577,0.48011258
121696.73,-0.8025727,2.826502,0.6279896
123830.3,-1.5357304,2.9932165,-0.52952105
131170.77,-1.4148557,2.7295475,0.8948336
120987.7,-2.6011772,1.3031257,-0.6720207
119338.53,-2.958895,2.694448,0.7696998
125778.305,-2.9996462,2.4981897,0.5640128
121481.0,0.87166107,3.060383,0.6636573
132829.58,-2.3050473,3.0956025,-0.48047975
121789.734,-2.0566232,0.5117202,-0.8430381
130851.91,-0.6994419,2.8399963,0.47870156
119656.78,-2.9060512,2.932115,-0.95007306
133594.8,-2.8928447,1.182759,0.5777037
125033.05,1.3390509,2.7155235,-0.42088228
124209.914,-3.314993,2.9254744,0.4966237
115897.03,-0.52399474,2.33931,-0.44890925
131097.78,-1.7205586,3.0812476,-0.4991035
133592.62,-1.6195678,3.1163893,-0.4181761
121653.81,-2.8772452,2.8137124,0.5742446
116414.04,-3.394233,1.5470299,0.36683008
125142.99,-2.47374,0.2788328,-0.25821972
120260.92,-1.9783295,2.843906,-0.44864962
120933.91,-2.2546446,2.8238335,-0.6273211
127348.61,-2.8803058,0.12301409,0.9446554
123276.55,-4.2262483,1.0633217,-0.5819596
132756.03,-2.0398874,2.9497862,0.43685743
132718.66,3.499019,1.4114798,-0.7217019
128290.484,-1.0759146,3.0738251,0.5323791
124484.03,-0.94458,1.12756,0.68236417
122049.625,-3.0323765,2.3680396,-0.6457771
115401.21,-1.1176902,0.7806253,-0.80325294
117915.55,-2.4611187,2.8525753,-0.7728291
121564.92,1.1717411,1.0152854,-0.74291956
121642.52,-0.9679791,2.522875,-0.624119
131217.08,-2.9917264,0.17839764,-0.5654345
118837.96,-3.5162926,0.71777844,-0.5941252
126091.53,-1.9016647,2.4370904,0.55020154
123903.07,3.136061,2.2298844,0.8016112
122002.18,-3.6886413,3.0674007,0.5885464
126313.28,-0.6176032,1.0259633,0.62923676
116263.47,0.40915814,0.17019701,-0.47864217
132834.86,-3.6434693,2.5863998,-0.8065028
127593.445,-2.7524683,2.8666842,0.55578995
125253.086,1.5266187,1.6291741,-0.8706472
119394.82,-2.6359968,1.1157324,-0.55298656
116730.36,-0.6907372,2.8655167,-0.4974988
126349.92,-3.29238,3.1200428,1.0452615
116486.23,0.16009349,2.9713516,-0.46693242
119699.06,-2.3508322,2.7764316,-0.55024195
120770.695,-0.04779862,1.7241017,0.63550735
119338.22,-3.1725636,0.6237334,-0.57547873
134837.66,-2.3678346,2.7536602,0.43319693
117118.62,-2.554351,2.5619137,0.6645462
132262.48,-2.2640016,2.8595636,0.7815946
124106.91,-1.0817286,2.9309103,-0.39930364
116605.02,-2.184211,2.0365427,0.47761884
129204.766,-2.0732448,1.9505775,-0.9039276
126859.07,-1.9183147,2.555015,0.6894279
124198.11,-0.24061732,2.9146085,0.45756564
122488.75,-0.71660554,3.0828934,-0.36494341
120441.12,-0.15050085,0.9990442,-0.61789197
131884.16,-2.0404525,2.3273895,-0.84366786
128068.336,-1.0175626,2.8146057,-0.52185434
130492.34,-0.4103478,1.9475828,-0.71820045
117561.375,-2.8431756,2.8620524,-0.46311936
122788.81,-4.527313,2.4972937,0.62172925
130670.57,-2.6140351,2.2047486,0.45068288
131269.4,-2.989621,0.14068705,0.35669523
123662.53,-2.8413463,3.0197406,-0.6777367
117031.96,-1.9775965,2.233204,-0.5400951
120522.5,-3.3131466,2.4864917,-0.64108485
120066.47,-0.41778567,1.8234084,1.0697681
125729.84,-1.5375758,3.060521,0.5334847
129780.76,-1.7343453,0.010275364,-0.24700156
133956.7,-3.0683935,2.6698859,0.87899745
130212.14,-3.1328137,1.1637402,-0.6109544
118098.29,-1.636905,0.9044023,0.8806504
122922.63,-3.4447944,2.8469038,0.6893334
116060.12,-0.6254674,2.0147514,-0.6067644
132608.92,-1.479352,0.043206096,-0.23949824
116373.69,-1.157414,1.9499315,0.7087343
123720.3,-0.15893292,0.8894048,0.47092932
132518.38,-0.6601802,1.7478216,-0.6484645
122991.83,-1.2945569,1.9351395,-0.55985636
120943.04,-0.33287522,1.3352529,-0.63019025
121701.0,-2.2891548,2.5658562,-0.8589494
