HiggsM,DNN_score,DPhi_jj,OO1
124999.27,-3.314318,2.7746122,0.030984212
126459.51,-0.51002574,0.31559253,-0.008301873
125667.125,-0.24813713,3.040038,0.28407604
130096.0,1.9623724,2.4373267,-0.25376976
119465.445,-2.3335922,2.390921,0.36818558
126085.805,-2.8257394,1.8535647,0.9923274
131439.19,-2.7719233,2.0025442,0.5258847
115062.95,-2.8647065,1.7703375,0.1784382
115234.91,-2.9316843,2.8030238,0.63251406
117863.97,-3.5052054,2.9558032,-0.06775845
115821.21,0.6935261,2.883325,0.11595167
127904.69,-2.803665,2.2390707,-0.967001
117541.13,-0.55055165,0.47783375,-0.35683787
119400.55,-2.136781,2.5387716,1.6489003
134514.12,-1.0846065,2.609106,0.0075857975
134097.5,-3.038231,2.5241065,0.2078174
123416.9,-3.9423308,2.9419534,-0.005825221
128229.69,-1.7829565,2.7986078,-0.074455924
121072.06,-3.693337,2.534941,-0.23412226
130090.5,-3.8852434,2.9522018,-0.21044265
117012.914,1.7477849,2.9543774,-0.03696526
120372.65,-1.6063278,0.64136934,-0.06593561
128572.086,-2.4738343,1.0861784,-0.27648163
130057.53,-3.163166,2.0431473,-0.3032251
115930.445,-1.8146946,0.9197371,-0.24900189
125222.23,-2.5669954,2.5871031,-0.9903213
129789.586,-1.453954,2.2540684,-0.05527362
132394.98,-2.3906755,1.8208582,1.1642501
123304.25,-2.8033226,1.7250817,-0.5197089
127655.09,0.20813432,3.0437803,-0.16965882
131891.5,-1.9306173,2.8550153,0.02312437
134617.2,-0.121358894,2.632901,-0.030467868
127583.86,-1.6800864,2.8223617,-0.048594743
125960.086,-2.3209004,2.6595104,-0.2903125
118169.92,-1.2429829,2.640472,-0.015868938
120658.37,-3.2559297,3.1052752,-0.29171896
116558.2,-2.0696485,2.4665778,-0.23636149
130876.07,1.0405241,1.0685898,0.12929094
115351.18,-2.1094313,2.9331577,-0.11778801
123366.14,-1.3559539,2.8874454,0.191795
129059.0,0.16533738,2.8108673,0.0058211293
134675.03,-1.6580098,2.5677912,-0.015449317
120012.97,-1.7892964,2.6272871,-0.033375002
132083.19,-1.0239819,0.7227361,-0.17091459
124112.73,-3.0540144,0.4262975,-0.44062746
122214.95,-1.3321004,2.505818,-0.082813695
132074.4,-0.6154268,2.839272,-0.081060134
126215.34,-1.7576494,2.2479658,0.49198025
133319.72,-0.9892515,2.5191507,-0.09745658
118166.086,-1.5050793,0.97267985,0.2742976
128427.89,-0.9275289,2.5086524,0.47612584
117239.61,-1.7733935,0.9670701,0.05654403
134034.55,-0.90904665,3.0399296,-0.013204394
115709.71,-3.3505914,2.3878465,0.2807008
134838.33,0.21913506,2.0221605,-0.16332996
120455.8,-4.4828253,0.30499136,-0.036397096
123137.3,-4.379851,1.5229976,-0.086384445
122318.46,-2.3515575,1.6043679,-0.8360452
129430.38,-3.771611,1.8224796,0.13196556
131958.56,-3.6837332,1.9493699,1.1152095
133520.81,-3.0144527,2.9330382,0.16519624
129312.22,-1.2836673,0.042318583,0.000121068
128939.32,0.39387158,0.18666339,-0.019719677
117203.53,-2.0617666,2.4317615,0.09210024
122355.72,-3.7464805,2.5586905,-0.018408053
119431.14,-0.40599236,2.9043224,-0.030238533
121010.02,-1.9520102,1.8713301,-0.18400577
124275.266,-1.6426563,3.0913906,-0.03105319
119440.03,-1.7779491,2.695077,-0.11104521
133557.6,0.77707654,2.2389054,-0.22296055
131699.36,-1.0355183,1.0843537,0.44310522
119641.77,-0.47378552,2.2720835,0.2693272
125341.945,-2.3035972,3.0855665,-0.028689578
115162.17,0.7510563,2.1612554,-0.17389578
122044.32,-0.29352224,1.0006279,0.3676634
122626.36,1.1370713,1.8291551,-0.24304809
123734.91,-3.9355109,2.7360573,0.044209868
120691.56,-2.9830163,1.4424498,0.060938664
117891.37,-2.9030964,2.1524189,-0.050855663
124384.11,0.25340906,1.434493,0.193161
129688.21,0.049031347,2.6366298,0.22208457
131912.28,-3.3019543,2.147038,-0.04998994
120993.51,-0.28720868,1.8421957,-1.1248497
127197.97,-1.2553304,1.2390535,0.13595444
119766.82,-1.0351187,2.6261458,0.045522515
123790.3,1.4449675,1.4063178,0.1918984
120219.93,-3.353167,1.2279298,0.099778555
118065.18,-0.19498152,1.8957274,-0.07633903
115391.81,-0.9142883,0.51312405,0.08046877
131015.14,1.5112807,2.8883553,-0.0216781
115817.47,-2.0847206,3.0334706,0.21329312
133983.62,1.3887336,2.5569568,-0.11975645
126381.57,-2.333724,2.5566986,-0.057697844
133924.86,-1.0952291,2.774013,0.092104934
134957.31,-2.6200604,2.9395192,-0.41958582
124785.24,-3.3048236,3.0337622,-0.020916713
120068.44,-2.7132304,2.5639284,-0.61264545
130116.8,-0.80623734,1.4050559,-0.031978995
123088.51,-1.3992188,2.595118,0.040059827
117724.75,0.90318936,2.0633085,0.206339
128526.94,-2.4863622,1.479779,-0.17452791
125563.32,-0.4548646,2.3771794,0.14452633
119666.36,-4.027878,2.637866,0.02986542
116794.31,-1.1071972,2.878651,-0.014856981
123948.58,-0.38981774,3.1224246,-0.35540143
133888.48,-2.5379071,0.033807635,0.54873145
122368.414,0.42316952,0.9559882,-0.56419134
131701.34,0.739073,0.8697076,-0.21275465
119940.63,-4.0656595,0.8648861,-0.034539014
122537.79,-2.3223348,1.619777,0.74031854
124897.234,-0.8791859,2.4709506,0.17635393
124948.05,-0.45939308,2.0651593,0.20761655
121270.29,-1.4249915,2.005679,0.12413503
123508.43,-4.072449,2.847653,-0.018171176
127998.1,0.7683266,1.584871,2.0579557
121759.31,-3.4174237,1.8909394,-0.47808453
119185.8,2.616167,1.1892759,-0.2322367
134685.83,-1.4548582,2.5898783,0.08697327
115211.76,0.9201216,2.9300525,-0.007543814
123598.42,-2.1800814,0.6346997,-0.8606355
116016.516,-3.3729293,0.43920475,0.1995945
126505.46,-2.819455,2.5801737,-0.38175243
129913.01,1.9935627,3.1372259,-0.23644169
115649.2,-2.7373056,3.0963829,0.03129306
126046.5,-0.7204777,0.09221873,0.078525856
129392.625,-2.268546,1.08462,-0.19512661
115556.164,-0.90396565,1.4703509,-0.1533577
115569.375,-1.4628992,0.1014595,-0.014573322
129371.1,-2.3694735,0.7212325,-0.23084944
117919.64,-1.7627035,2.165069,0.21427067
123396.945,-1.7177922,1.8263723,0.0035704467
125362.43,-3.1569254,0.8853061,-0.3442181
122776.38,0.39698198,2.393103,1.2763339
119179.52,-0.2859813,2.2702327,0.1002203
116565.66,-2.5634599,0.32170773,0.003346993
127809.164,2.7531145,2.9657917,0.04638924
116276.766,1.5739739,1.8400652,0.076136775
129979.484,-1.1951236,1.744065,-0.16084954
133301.55,-2.5441432,1.2906512,0.08071727
133376.95,-1.3828094,3.0049038,-0.056648836
127226.2,0.5464427,2.2987149,-0.06695139
124364.12,-1.3660705,2.2763252,0.20654173
129825.54,-3.6428611,1.19253,-0.14042856
134653.31,2.087974,2.0617778,2.7197616
123851.6,-2.7350352,2.8577192,0.1410051
123534.11,-2.9307837,0.7413528,0.19334641
121212.74,-2.5711944,1.4699719,-0.9542863
125889.875,-2.0736885,1.6406195,-0.29212308
116820.31,1.2328248,0.9737411,0.6675426
128955.52,-3.9525335,3.1221714,0.15094209
124535.39,-3.4294634,3.1261952,0.5130822
117592.23,-1.567603,1.4514393,0.55574685
132651.1,-0.09402086,2.3826962,-0.46161097
119372.86,-3.2445054,1.4570119,0.27136368
116231.164,-1.4648438,1.4562149,0.84098345
115106.766,-2.2925022,3.0819674,-0.0005162858
124920.41,2.6396627,2.1243417,-0.05853434
119755.14,-1.6886876,3.076839,-0.03018189
119129.76,2.1602442,2.265964,0.05595583
119558.27,2.1881683,1.7861851,0.11265925
125362.03,-3.504929,2.839143,0.64631766
128528.9,-2.344775,1.6520255,-0.20687117
115614.53,-0.3323843,2.5539703,0.4183378
128986.15,-3.140904,3.0322976,0.112926975
116131.57,-1.183231,2.7964416,0.049065746
121843.15,-0.68656564,3.0302768,-0.09443164
115874.055,-2.931444,2.3870714,0.031632874
115881.98,-4.1669974,1.7841793,0.096158385
134729.73,-1.6170212,2.6182516,-0.099288225
133874.05,-2.2733567,2.909993,-0.416648
116911.67,-1.8222468,0.9820048,-0.3697259
118153.14,-2.0571976,2.8212788,-0.11322005
118783.83,-0.19523776,1.1385484,-0.0745982
117360.375,-2.500445,2.265218,-0.52208054
116843.51,-0.9639549,2.9541316,-0.9791098
115555.22,2.5959742,2.1546218,-0.12683973
132818.22,1.1324497,2.275446,-0.16726004
129840.91,-2.3779025,2.7891643,-0.035897236
134776.97,-0.874958,2.2463248,0.09753932
133781.78,-2.7741153,2.4758606,0.012248478
116787.06,-3.1432798,0.5182887,0.018733788
130019.47,-1.2992605,0.6783035,0.36261553
120827.84,-2.4374628,1.3633292,0.008844011
118676.555,-1.0892292,2.5045927,0.16237123
125860.69,-1.7935991,2.267717,0.10883888
124461.875,2.0734696,2.335472,-0.08306429
125939.11,0.3483,0.32829165,-0.078065194
131309.89,-2.258013,0.4445243,0.36781538
127514.234,-3.918911,2.685245,-0.19905165
127709.336,-1.5396725,2.340689,0.1272049
118565.055,0.019743703,2.8408837,-0.020502906
126266.61,-2.5815039,2.3795395,0.18979196
122665.7,-1.05746,3.0271397,0.044612072
121029.99,-2.5983777,2.8623354,0.043150667
133840.84,-1.7939575,2.3607628,-0.15415637
133528.45,-0.3007179,2.8837957,-0.019977465
131549.45,-2.5099847,1.3664625,0.0801349
133737.94,1.1957268,0.42182308,0.12956166
122154.58,-2.359699,2.9538088,-0.20958376
128328.94,-2.3649826,0.76898265,0.08236558
121356.28,-2.3529356,1.5675912,0.41843182
122774.78,1.178946,1.6102207,-0.85982704
118675.28,0.35099736,1.5543807,0.57975894
115360.164,-0.43270895,0.19274777,0.027376413
128670.305,-3.5741034,2.2690306,-0.31192282
122447.164,-2.69768,2.1404848,0.02768765
120170.45,0.24422513,0.33634186,0.15352617
124109.02,-1.3846349,2.9028203,0.3030024
126651.0,-3.2572293,0.40622413,-0.05587211
118246.84,-1.2703152,2.9463544,0.120971985
116630.73,-3.0211778,2.9528487,0.09049278
126203.97,-0.28728393,2.221188,0.07627337
124557.01,-2.5194514,3.0491395,-0.32014427
116859.3,0.44342312,2.2460823,5.758555
131984.98,-1.3891275,0.024686098,0.071380936
122004.414,-0.47749123,2.823742,-0.026617143
118726.63,-2.8871796,3.0635488,-0.0006879598
117765.42,-2.1762013,1.476392,0.19080791
120234.055,-1.3673534,0.08347821,-0.07913159
121651.59,0.63440436,3.0806243,-0.0652473
126207.54,0.7796556,0.36869985,0.095266856
125224.586,-3.132722,1.0423882,0.07338162
126664.41,-3.0938244,2.7856696,0.15723696
119393.24,-2.3876948,2.1388195,-0.10452718
121215.555,-1.4357458,2.7531605,-0.06514246
117056.25,-3.1566439,2.9048765,0.4477255
123118.234,-3.3526154,1.9745736,-1.1696979
120601.66,-1.3657572,2.4880736,0.28993526
122148.05,1.374071,2.228849,0.7216735
128260.42,-1.9181174,2.9783654,-0.5889396
117290.016,-0.586356,2.0861058,0.11003188
115677.195,-2.0501034,0.13782132,0.015173904
115405.69,-1.9612377,2.7302952,0.14039832
119651.22,0.40308794,0.37435406,0.029293025
125547.1,-0.08220185,1.9642497,0.6651391
119366.03,-3.3458383,2.612459,-0.31081226
119572.53,2.8243985,0.9679771,0.15782133
126317.43,-3.2348742,2.8611295,-0.13670692
116161.8,-1.4008424,3.0838249,0.05630708
116722.16,-3.0882316,3.0414896,0.17036347
123496.21,-1.6608158,3.1290872,-0.03558303
127565.87,-0.5015107,0.41151452,-0.05639978
118685.57,-0.67602557,3.1038144,0.24117778
132028.44,-0.6627292,2.4141648,-0.05394543
134126.56,-2.6335464,1.0394392,0.36280572
131707.08,-0.44745028,2.9412775,-0.20570464
119770.04,-1.8196354,2.3766384,-0.1542183
117877.57,-2.3914623,1.4711931,-0.043462772
119688.95,-3.6813297,2.5068395,0.15455347
121962.76,-1.7118652,2.5579772,-0.6831139
117966.9,-1.9689845,2.0970294,0.61781764
122718.96,-2.4949327,2.6442282,0.079111114
134875.14,-2.3467398,2.6345162,0.0124375075
118324.66,-1.258233,1.6862586,-0.28350258
126621.555,-0.04311514,0.8165661,0.11025697
125496.82,-1.8664465,3.03397,-0.032996986
130912.99,1.9010131,2.386609,1.477518
117451.41,-0.94017327,1.6237806,-0.08148848
133427.42,-2.867612,2.3459282,0.2809956
117527.87,-3.5312018,0.188469,0.041113626
119701.86,-2.3778539,3.1113377,-0.006093069
131277.05,0.63897866,3.101654,-0.0779471
133876.58,-0.42419073,1.212432,0.0960165
117667.7,-2.6164446,2.3536506,1.2952576
126888.62,1.1106415,0.9191494,-0.07453987
127426.836,-0.23622137,1.4850376,-0.09534866
115724.25,1.9494216,1.313199,0.2370535
119583.05,-1.75815,2.695278,0.054313358
125962.555,-1.4592273,2.8345191,0.10501929
121107.96,0.6566985,0.36663723,0.098164946
118171.56,-1.9049888,2.7533503,0.38656682
125144.62,1.4895228,1.9852054,-1.3737928
129380.39,-0.58817434,2.1563482,1.0434353
127748.97,-2.6621768,1.9644309,-0.064718895
121346.08,0.20564981,1.7073598,-0.08262499
129470.35,-3.1454163,0.16389537,-0.10544095
121884.05,-2.5443153,2.3997176,0.08114369
121455.08,-4.146796,2.961593,0.013077821
125907.25,2.690643,0.27898872,-0.03155193
121934.336,-1.5892321,2.949415,0.39813638
132200.39,-2.3256958,1.315257,0.03530506
125088.95,-0.25831792,0.14927012,-0.055132747
116759.945,1.6703321,1.4193424,0.10223881
117288.59,-1.5481735,3.0406392,-0.106074296
123354.555,1.5698048,1.4890025,0.22781064
126868.14,-1.4110751,2.0930486,-0.21308471
122471.55,-2.676808,0.09201503,-0.07595789
124168.13,-2.6282341,3.0194588,0.0786379
133300.38,0.46853712,0.8390548,-0.47451434
121255.914,-1.4361897,0.5311694,0.06467728
128367.54,-2.8228009,2.8573954,-0.07993634
128849.945,-2.2047818,1.1653843,-0.25065118
129366.73,-0.96374136,1.1846495,0.12069876
118998.43,-0.22766836,3.1084511,0.21359017
120520.36,-2.7261715,2.4398606,0.10332212
115769.16,-2.4137244,1.802741,0.45494103
123035.74,-1.9034321,1.2314217,-0.07082745
117389.87,-1.6100996,3.1402838,-0.016103456
133434.61,-0.057002127,1.8409649,0.10190735
116456.734,-0.46932045,2.7375183,-0.21822806
133669.83,-1.3733754,2.7482593,-0.0049859746
132026.36,-4.0406823,1.4492519,-0.16966416
131304.8,-1.7659197,0.5878666,-0.19228914
133383.52,-2.096816,2.5757165,0.0048972103
119552.45,-1.645525,2.8702703,-0.059256062
134593.62,-3.3483217,3.062863,-0.9614097
130887.055,-2.9184196,1.7395421,-0.06121938
123225.26,-1.2588434,1.8160045,-0.3037918
123053.836,-0.7089401,2.5803177,0.9700685
119944.8,0.70074326,2.7733555,-0.14464445
116473.5,2.1658657,0.69547856,0.22250697
120709.07,0.32086024,1.4103332,-0.0908534
131105.67,-1.5195043,3.101386,-0.21886085
116432.27,-2.8956602,1.8596551,0.18321387
128886.11,-0.09239505,3.0220618,0.010265008
117515.49,-1.7273002,2.974094,0.01951315
122995.54,1.3733485,0.68115,-0.22211945
119407.07,-2.4112988,1.7545793,-0.046995893
118841.67,5.4217486,0.5302302,-0.09869229
125677.24,0.26559773,0.5237398,-0.08094896
118918.46,2.0026846,1.1655707,-0.17470632
119409.375,-1.2464035,3.07018,0.03023214
130492.43,-1.9845431,0.059280157,-0.28448835
134739.5,-2.2390003,0.024563551,-0.10686959
122662.586,-3.490529,1.988914,-0.12992792
132409.72,-0.874276,1.6279923,0.22977574
124464.02,-2.0297594,1.230553,0.11309683
121403.4,-1.224087,2.9583693,0.0137119
130221.03,-2.0866535,2.8667393,-0.031467352
132678.23,-2.5121906,0.5422735,-0.09901453
123480.36,-0.23105621,3.1320825,-0.01055854
134659.28,-2.0185812,2.2641077,0.00069630245
115984.85,-1.3529365,0.18141627,-0.014422899
119927.61,1.1624769,3.0029485,-0.044486478
133400.27,-3.1730344,3.0611804,0.00097571424
121555.24,-1.6671976,3.0975282,0.00980268
133503.12,-2.4247484,2.3101056,-0.060779113
124019.47,-3.2374518,2.8284302,-0.62400186
120054.305,-1.8821623,2.989655,2.463689
119950.625,-3.8343806,2.2006729,-0.095922425
128403.28,-2.0216124,2.6731446,0.021293795
124970.32,-0.8646456,2.4767697,-0.41361317
122377.65,-3.2066352,2.4449012,0.2502704
127663.84,-1.5653654,1.3107759,-0.3317232
118841.39,-2.2320895,2.610728,-0.12116248
122140.5,-3.9558988,2.8681414,0.1414575
118198.06,-0.40018713,0.81349975,-0.07126375
117940.32,-3.5391324,2.8303554,0.014366352
134082.92,0.99791807,2.637736,1.0596467
121099.59,-3.2355962,2.3346424,-0.60108423
132634.11,-0.55153084,2.7246158,0.24847996
131788.4,0.1868789,1.398616,-0.29874665
127473.39,-2.6061754,2.3254387,-1.5931544
124315.414,-2.6245747,2.2921407,0.46971887
124493.26,-2.7915878,2.8272398,0.17362095
118681.09,-2.297065,2.0141943,-0.36175835
119523.59,-1.7968674,2.9404855,0.0568884
133303.45,-0.7738408,2.8132973,0.09265129
115620.39,-1.342187,2.968346,0.1595949
119581.26,-2.7130225,0.38728547,0.11896075
131926.12,-2.2806768,3.0646653,-0.16870232
127219.22,-1.4045722,2.3841891,0.026715836
129537.62,-0.7039544,1.0758421,1.7922198
117071.09,0.8082352,1.8985453,-0.4006171
129950.69,1.3402413,0.021624565,-0.019449469
118454.77,0.01266237,2.6615968,-0.14126064
116581.836,-0.49041936,2.366726,-1.5802947
123346.484,-2.3445876,2.7361171,-0.50524867
118207.54,-0.86610776,0.3968203,0.35333398
119683.664,0.44590738,2.0033712,1.040372
117265.92,-3.745807,3.096315,-0.117512435
131562.02,2.1427124,2.1897323,0.41992256
116435.48,-2.1069524,3.0853605,-0.039716374
129228.016,-0.2582284,2.8568454,0.6606938
133998.31,0.8018118,0.7240597,0.072383694
128776.73,-1.5299525,3.0731974,0.112868324
132089.22,-1.6307749,2.4073448,-0.24586734
134734.7,-2.1324255,2.3751063,0.116937496
118577.19,-3.2883077,1.0558847,-0.19055818
132267.88,-2.4958751,1.2500546,-0.25528952
118874.74,-1.3632429,2.3428702,0.16018176
131706.69,-1.8049618,2.5097277,-0.22068317
115465.445,-1.956435,1.4053707,-0.3118288
118923.1,-3.2689855,2.0839515,0.42387173
118602.79,-0.64354384,1.2879796,-0.112842165
119661.15,-0.95711017,2.9998713,-0.03854474
132047.83,-1.7835085,1.8467957,-0.012718688
120203.56,-1.8840481,3.0007002,0.008370371
122827.73,-2.5045142,2.8702188,0.03272533
131521.6,-3.2177107,2.8907979,0.051768694
116029.65,-1.5666884,3.014118,-0.061346833
116648.69,-2.9713404,2.5318675,-0.39129332
129543.25,-2.9348593,2.9742315,-0.2840792
116022.93,-2.935456,2.55647,-0.32230225
132777.14,-2.300768,1.6097493,-0.051428277
117687.32,-2.2856903,2.1861005,0.29606923
134112.77,-2.3824866,1.1420373,-0.21537195
127009.93,0.6432723,2.1384065,-0.11395782
118270.336,-3.9043627,2.975599,0.46887705
129540.086,0.46415365,2.8060496,0.050579224
127097.57,-3.5151803,2.5510743,0.2083407
125248.516,-0.95897514,2.7876968,-0.27603978
128115.34,-2.940071,1.4256991,-0.06282734
116813.336,-2.102504,2.3105328,0.016956659
128593.32,-2.8632975,1.9203604,0.3208889
115257.58,1.4463075,0.7239826,-0.13111237
123283.18,-1.608017,2.7840528,-0.0072768847
127299.484,0.98809147,3.1228023,0.07261705
134594.62,-0.7681382,2.5641117,0.35657492
126233.59,-2.9870484,0.6562276,0.08435512
117321.82,-3.6250367,2.5550632,0.02018116
129925.36,3.213094,0.28750598,-0.11486682
117791.02,-2.5092547,2.8050377,-0.11378313
129738.72,3.4569528,0.18945265,-0.40503177
116265.37,-3.4698434,2.233988,-0.46556833
128775.03,-2.0574157,0.5159362,0.612657
119348.125,-2.2829208,2.9828353,0.17181684
127591.09,2.320659,2.937283,-0.042614862
126226.62,-3.1908667,2.8773825,-0.012463886
117007.89,-1.673542,2.7804096,0.4721497
120027.125,-2.0933068,3.0375915,0.030300934
120550.77,-1.5092396,2.917699,0.49652117
119245.92,-0.93257654,1.4634997,-0.14763388
131197.5,-2.4229286,3.1131725,-0.011522501
124685.95,-2.5117292,2.4139748,0.07878201
124720.055,-1.5564657,2.8814707,-0.022931121
116130.016,-2.620225,2.715601,-0.16481094
131142.77,-1.5653657,0.23411658,-0.5550885
122815.414,-2.5696545,1.5847876,-0.27529752
123216.47,-3.1288445,0.80328816,0.017145395
129320.95,-1.3310211,1.8244398,0.09812904
133503.86,-2.190253,1.4111862,0.5490961
121312.36,-0.98541296,2.6283038,-0.41475224
117239.18,-2.1419582,2.4476473,-0.28849047
134777.28,-3.3348212,3.1269994,0.08419911
133077.4,1.2293197,2.3556573,0.16003977
117654.766,-2.0981874,0.018178403,-0.032668043
132577.1,-1.8531528,1.982135,-0.55665094
116080.16,-2.3001735,2.996833,-0.4737246
120975.96,0.4495131,2.9860253,-0.17183079
126377.22,2.4106302,2.9505877,0.044325408
121102.625,1.600345,3.1205423,0.088283636
119468.445,-3.164089,2.101676,0.25089654
129560.34,-3.9668937,0.39566362,0.093829185
125496.2,-1.6265558,0.5832971,-0.035908516
116288.445,-2.2630687,2.7048812,-0.47862303
117746.07,1.9634156,2.953107,0.04370354
127764.33,-3.0785265,0.9604176,0.27604094
125475.71,-3.4690633,1.9661019,-0.19604653
134136.38,-2.8898199,1.8241981,0.56346864
130814.266,-1.6793666,0.5087786,-0.011383319
125730.58,-1.9336246,2.2890685,-0.7061545
132587.0,-2.6429677,1.2173889,-0.89144355
115155.25,0.91862327,1.9237809,-0.6831055
126639.35,-3.2982569,1.435263,0.06855939
123682.055,-3.2884686,1.7521662,-0.48707992
121587.375,-3.830455,3.0114157,0.07450555
115168.51,-2.3568254,2.6691523,0.0977201
115040.086,-2.1207283,3.019452,0.06468158
134213.88,-0.7281054,3.1135986,0.05042164
131257.3,-2.5421343,1.8122593,2.0615635
125359.18,1.3312958,2.0096767,0.5167122
121889.164,-1.8824475,1.0422173,0.14616498
122222.33,-4.218558,2.6319864,-0.104153484
134430.88,-0.36870793,1.7527962,-0.54752696
130719.67,-3.474268,2.7113948,0.0946522
125792.95,-3.1513104,3.0355525,0.03263809
125196.16,0.0038891407,2.2542365,-0.28793666
122861.44,-2.5707211,2.7403595,0.11184307
123952.4,-1.3939606,3.086214,-0.15213093
116894.375,-2.5156636,0.11540222,-0.06905321
116237.45,-2.8891559,1.0300498,-0.077741876
124318.07,-4.242735,2.8799064,0.11091955
123571.32,-2.417742,3.0699415,0.0008744538
125489.68,-3.3285804,2.6649053,0.043053307
119903.01,-1.4167228,2.3733916,-0.49194828
118827.85,-2.7847617,3.140813,-0.048237544
116293.44,-2.604962,1.4613299,-0.24467847
128176.266,-3.4978325,2.266786,-0.11514174
133413.17,-1.6609112,1.2846649,-0.17751005
128125.56,-3.8914647,1.1518723,0.0036061667
127444.91,-0.31623605,2.980737,-0.014678933
122085.16,1.0597498,2.8950353,-0.011356638
126528.45,-0.7553075,1.978063,0.17851223
126453.64,-1.3437825,2.9113154,-0.1819762
121766.18,-3.6207514,0.94488037,-0.15372773
118509.8,-1.9315072,0.5917785,0.08681618
117199.06,-0.68170375,2.2606473,0.13065799
115070.04,0.3138561,0.44400728,-0.08021734
121685.445,-2.320361,1.4305893,0.08957743
134194.86,-2.8613532,0.06243944,-0.004399283
124022.99,-2.5344326,2.5837212,-0.1787126
134606.42,-1.4476054,2.0772276,0.28434595
115744.336,-2.607642,2.0401375,-0.2022861
117038.01,-2.3364964,1.2353235,-0.16354129
117410.38,-3.0030606,0.52670264,-0.099730626
116647.33,-2.305964,2.269927,-0.016363744
121668.74,-1.3563789,1.5904917,-0.0077433037
120161.33,0.06320843,1.1698924,0.07057667
129007.39,-1.5187677,1.0643059,0.55891913
119652.95,-1.2324946,1.460549,-0.08427729
123438.69,-1.7469923,2.496843,-0.1211303
120065.195,0.7066289,0.8097295,1.2949283
117794.72,-2.9642901,0.9920274,0.04824292
117036.93,1.9692475,2.9046805,-0.055555865
129843.914,-0.9388764,1.4029189,0.283096
121268.75,-1.5809791,2.1380022,1.624389
134921.53,-2.905666,2.7913108,0.019353608
115294.52,-0.7378574,0.53134495,-0.20293324
128509.0,-2.0770204,2.644609,0.11106872
131119.34,-1.1440605,1.678925,0.07102078
127509.64,-2.7924936,2.9270632,0.0767334
118601.375,-0.6648527,2.64723,-0.23261638
117294.86,-0.3772736,2.9060934,-0.043267902
134824.0,-1.8561434,2.8741913,0.033576842
134003.3,-2.3320036,2.9464755,0.072011724
120503.664,-1.6038632,2.9719977,-0.5699989
131141.31,1.3693566,2.2303827,-0.10620664
120823.914,-1.0482253,2.685452,-0.4823405
120234.484,-0.5695458,2.8665602,-0.010029594
115257.4,-0.9614382,2.69128,0.019219726
123215.81,-0.99889624,2.2636735,0.4310673
118627.43,-0.4887443,1.0488238,0.20840903
131314.95,-0.9042656,0.53005636,0.05201399
130554.47,-1.9478803,2.8886216,-0.31978688
134309.38,-1.7661698,0.57424575,-0.25943998
126758.49,-1.9752508,1.7368033,1.6929985
119632.93,1.7330904,1.7081769,0.33129075
125919.805,2.764958,0.33155882,-0.094970174
129498.33,-3.0651214,1.6839805,-0.28007543
131515.25,-1.1201042,1.1704719,0.10616595
122249.766,-2.476112,3.1309998,-0.65595436
121741.97,-1.6571493,2.8966627,0.065766655
124590.766,-0.0006093451,0.05523461,0.03744153
131073.58,-2.9104574,2.5623405,0.18189761
124151.195,-3.287325,2.9315653,0.04121332
125209.14,-2.9560084,2.305037,-0.33194834
133323.31,0.9711599,1.1638294,0.14182037
130388.85,-1.4592896,0.6590431,0.24895191
125156.484,0.6267343,1.348807,-0.4017792
130679.19,-3.7162027,2.3195636,-0.2541525
131908.92,-2.3793092,2.7327313,-0.5594065
118067.81,-0.8319588,1.1711996,0.26757893
115673.76,-1.1095142,2.8101146,0.49985412
117719.1,-0.85000205,1.3791178,-0.2301899
116701.55,-3.4520876,2.5560298,0.024717428
131412.06,-1.3841645,2.44549,1.8853372
128688.9,-3.4294343,1.9448719,0.25800946
133275.16,-2.8973603,2.4703155,0.082325846
117041.69,-1.4672322,1.3495685,-0.1399425
131920.33,-1.15755,1.3590883,-0.70217615
130081.445,-2.6920834,2.9541898,0.08642204
122861.88,-2.4407966,0.06496775,0.0041690613
131805.3,-2.4159586,3.0602286,0.31837812
115903.2,-4.0292487,2.361719,-0.1063323
126108.3,1.0545758,2.6612797,-0.16731553
129996.45,-1.243215,1.5465833,-0.30868858
121961.336,-0.96602046,1.9738588,-0.16745724
115758.914,-1.5404425,2.352927,0.09987166
118884.58,-2.6696143,2.1356664,1.0122669
133157.23,0.2519942,1.5834079,0.17175296
116446.67,-1.8479159,1.2943826,-0.73304075
129646.19,-0.6079491,2.6186814,0.04190326
118593.766,-3.8314106,1.4740098,0.15958063
122704.67,-2.0859337,1.6839503,-0.44460288
124103.836,2.518424,1.3324,-0.09622523
126441.75,0.025108166,3.0603125,0.047365215
120503.49,-3.8965886,2.5481448,-0.14052366
121517.6,0.8175027,2.2871873,-0.1215362
134304.77,-2.040944,2.802375,-0.017150054
132009.61,-1.0939147,2.8724294,0.055320002
126652.71,-1.8140838,2.3630624,0.20931794
120379.36,0.08787649,0.46375132,0.05683046
134849.7,-2.8343697,3.11313,-0.3491402
119408.98,1.6254585,2.639164,0.13563657
118032.74,2.4400468,3.0853646,0.14096548
133723.3,-1.9146038,3.0119915,-0.03800401
131996.19,-0.8548201,2.998446,-0.045286924
117380.99,-1.1422534,3.081904,-0.15931995
119760.13,-2.6459997,1.8841133,-0.386259
132948.0,-1.7800655,0.59970367,0.10608473
129198.81,-0.5094474,0.64366907,-0.1488365
116761.15,-2.1376114,2.9413898,-0.0123902485
123524.65,-3.6993103,2.7174246,-0.12238027
115540.43,-0.30906075,0.10457933,0.012075777
124241.875,0.86388683,2.9007416,0.082662374
117929.62,0.08882537,2.4199233,0.12748848
121807.62,0.19548155,0.3355484,-0.07873504
128980.26,-1.6611665,0.06516695,0.01792441
118870.9,-2.9112086,2.8009064,-0.19138676
118417.68,-2.4519227,3.0015562,-0.21338645
125098.695,0.6328658,1.0716299,0.17722893
118557.44,-1.9089708,3.0255296,-0.020959273
134391.25,0.09879176,2.7262228,0.0021845389
116181.22,-2.7035053,1.1266363,0.24325544
132754.53,0.5031192,2.9126968,0.11702223
130037.05,-0.28862163,1.7127775,0.18798456
133483.81,0.53610426,1.6804459,0.14081901
132464.53,-3.4002812,0.77433336,-0.050969455
130202.664,2.0841146,2.444498,0.24354765
115409.836,-1.4867591,0.58033025,-0.03363881
115922.54,2.4145496,0.0038802624,0.015390653
115539.766,-0.863198,1.2598755,-0.8334295
118610.19,-2.1098454,0.68920076,-0.05121917
131433.64,-3.332949,2.8404286,-0.015501466
129391.46,-1.5433385,2.6613255,0.47395477
121552.83,-4.0870705,1.0773823,0.05553784
131620.88,1.5781615,1.2312946,0.11503962
128916.19,1.0111922,2.2193017,0.4036981
116621.06,-0.7979888,3.1117935,0.09876416
121993.555,-1.9521374,2.791672,-0.49597788
123170.57,-3.2682693,1.1614027,-0.1120798
117791.875,-2.4180431,0.53120756,-0.11073459
133117.84,-1.6130893,1.4268725,-0.2665418
128091.06,1.9302715,2.2506824,-0.97861344
116032.805,-3.3070254,1.369262,0.088939056
124538.55,1.5857018,2.1690345,-0.076974064
127716.0,-3.8158405,2.2952256,2.160165
128621.26,-2.128117,2.5858214,-0.027532492
134869.34,-2.9952757,2.1916447,0.39746356
123272.54,-1.476841,2.0106454,-0.9947832
118843.59,-2.9254093,2.8789623,-0.017866222
128848.67,-2.443325,2.0980444,-0.076931365
115176.57,0.73239595,2.6794405,0.093524024
118827.59,-0.91202664,2.6772866,-0.12934859
115960.18,1.18193,1.0964415,0.06071586
126922.31,0.84403586,0.206684,0.03019925
118088.22,-2.7210982,0.35099697,0.10226159
129272.47,1.7830309,0.49188697,-0.08604476
121219.02,-1.6762073,1.631385,-1.5672514
117305.66,-0.2449997,2.5450666,0.06825701
118907.21,-2.1814554,2.7935104,-0.025674198
132868.52,-3.6087456,0.69614065,0.29021263
122710.89,-3.4287214,3.0330303,-0.014203881
127962.9,-1.6976333,3.0047445,0.0014329025
134777.31,-0.57810134,1.5673594,0.2735457
122713.93,-4.000149,1.3418431,0.30999413
118671.07,-3.0015051,2.703227,0.3377497
117820.83,-0.02428059,2.0523822,-0.16994259
132872.5,-0.86112154,1.8324293,-0.36707342
130848.92,-1.9709841,2.8072326,0.13393596
131164.23,-0.067697495,2.3140328,-0.24619606
134696.88,-0.796329,2.896667,-0.14026576
129900.44,-1.6698291,1.7855582,0.3588369
122786.305,-3.0270782,2.1427248,-0.27768025
127722.43,0.8584769,2.0119336,-1.5687957
131669.83,-2.797077,2.5917277,-0.01099651
121160.95,1.5786866,2.5978644,0.12527834
131219.11,-3.3479993,1.1809732,-0.39784428
132542.25,-2.2499094,2.6917067,-0.49245107
120226.84,1.5213871,0.93052113,-0.13900873
117730.19,-0.5247239,0.5915617,-0.076996155
131925.2,-0.43682787,3.0920868,-0.015270845
124898.35,-2.2663164,1.160617,-2.6613848
116103.52,-3.1904018,0.7717329,-0.0630816
134992.2,-0.079064466,0.97741973,-2.634707
118250.08,-3.13297,3.0213451,0.013043515
127148.39,-0.71049833,2.9782062,0.06538466
122005.84,-1.5542676,2.888746,-0.024991104
115139.45,-2.4045959,2.4218998,-0.81634724
117916.445,-2.1107903,3.1254735,-0.044567082
121661.94,-2.374508,0.66736495,0.72324604
122310.17,-3.1954262,2.3012319,-0.655424
120370.586,-1.1020281,2.4191449,0.13543876
132979.05,-1.2675127,2.831337,-0.090221785
133376.42,-2.569838,2.0604997,-0.30325875
120929.65,-1.8595492,1.4084444,0.06962357
115547.664,-0.8501417,2.0275753,0.0840454
117136.945,-0.44365487,1.9027425,-0.05761586
133706.38,-1.2684149,2.7404869,-0.30573732
126564.88,-0.44421104,2.557826,0.12550336
124477.09,0.65734464,0.4654077,0.10562022
128419.22,-3.5286305,1.5494921,0.29483268
126070.836,-3.2548015,0.9462828,-0.36801618
129346.79,-1.9937544,0.776899,-0.04757681
126512.74,1.9352477,2.6576157,0.20997377
128998.51,-1.8083742,3.0062437,-1.5564964
121217.81,-2.1535347,2.7533114,-0.08548419
119395.06,-1.0277989,2.0414562,1.5013732
129981.336,-2.0419097,2.7633023,-0.034912214
116862.29,0.07260887,2.5319893,0.025669793
118998.95,-3.2320888,2.1040583,0.14879031
133404.34,-2.596612,0.424935,0.1441597
125465.734,-1.998351,1.2578411,-0.1497436
124915.48,0.06436433,0.3762431,0.47022682
128907.445,1.2034565,2.1405172,0.1330408
122373.01,-3.1358871,2.7634752,0.28273737
120643.96,-2.354031,2.3875916,0.0026865257
116947.016,1.5242666,0.18779361,0.049324695
115834.03,-0.96633327,0.43098894,-0.031518452
118772.15,-2.415688,1.709592,0.28602892
134971.33,-1.8766432,2.6264477,-0.19056763
115465.51,-0.70267105,2.4851124,0.010502328
121158.69,-3.6555343,1.092677,0.22672126
123646.56,-2.8902812,1.4895506,-0.089929804
115356.195,-1.4504102,0.7879044,-0.508691
119078.32,0.60386425,2.7640204,0.2827457
121601.86,0.2205546,0.8756918,0.2613374
115752.22,-1.6352395,2.9869328,0.012677503
119648.55,-2.8886578,1.4622058,0.13659494
117050.74,-2.748811,2.9097674,0.118508786
119109.1,1.6860827,2.3801587,-0.091716
116014.07,-2.7366536,1.2668058,0.11360465
120423.77,-1.4736984,1.7504622,-0.21957266
123498.61,-3.1570268,0.2851666,0.061241932
131304.3,-2.6421516,1.5307263,0.6131285
123075.36,-1.6558914,2.767673,-0.11757957
134664.61,-3.945264,2.9058173,0.10464022
128284.81,-4.7184305,0.95899683,-0.09708992
127961.41,-2.3968742,1.8813399,0.009534916
119671.64,-1.2083813,2.7497747,0.01157394
119093.82,-3.222709,2.9938023,0.25683224
116428.43,-2.8274739,2.0489268,0.65398604
126383.03,-2.9838786,2.92427,-0.033233933
118964.78,-2.941583,1.0641203,-0.29677486
128555.17,-0.54015,2.6453896,-0.39896718
125145.484,-0.56963986,2.0669873,-0.27281025
126093.43,-2.9744565,3.0770168,-0.023578633
128518.516,-2.903663,2.2489095,0.27638894
118563.195,-1.9787059,3.0759876,0.09212919
129457.15,-3.0990436,1.261875,0.0900703
118338.305,-2.3070567,1.6856433,-0.0937886
124608.06,-1.2505577,2.532859,0.16266091
128805.75,-2.4026024,2.1118093,-0.45320287
121814.92,-3.2485712,2.877974,-0.1324109
117260.086,-2.4866037,2.5769954,-0.24009345
129561.96,-0.118967056,0.8845466,0.15876234
123773.016,-1.9225497,1.1421704,1.2974572
131508.33,-2.9383433,1.7799923,-0.27405962
124697.55,0.72056496,2.1467407,0.13818222
121309.625,-3.598412,2.8151865,-0.13118264
117387.65,0.62526435,2.096378,0.073194586
125668.56,-2.3650136,1.72623,-0.3247795
130320.52,-1.121975,1.2859088,-0.06339855
123756.2,-1.506544,3.0050144,0.03400619
130550.445,-3.546169,1.1577383,-0.20890233
120235.62,-4.0087786,2.8489408,0.0054549137
123915.68,-3.8418784,3.0417972,0.055070687
131585.92,-1.5133017,2.884864,0.14108318
117794.195,-3.020924,2.4482133,-0.3419527
127732.125,0.22461903,1.2756015,0.32495543
118053.69,-3.3031263,1.749197,-0.013686167
124230.95,-3.044672,0.84332573,-0.059630133
134177.33,-2.4379585,3.1141796,-0.122414626
119669.84,1.86875,0.9508367,0.19020706
116492.14,-2.486112,1.6475865,-0.4607597
118952.11,-1.3987187,3.0051305,-0.15153873
120276.414,1.3324958,2.5219257,-0.048676275
118745.875,-1.788079,0.6414061,-0.18969412
119002.195,-3.5591183,1.8324331,0.1258659
123971.29,-0.6571821,0.34933507,-0.07788619
116028.625,-1.5644897,0.9651784,0.10121236
118280.836,2.8640387,2.8313105,0.14531976
124031.305,-3.1719146,2.6552923,-0.33607763
120460.19,0.79448634,2.3294427,-0.26049533
120787.375,-1.8865229,1.605944,-0.29872465
115577.66,-0.05352614,2.5493984,0.11725356
128724.516,-2.0509093,0.44586945,-0.114102185
117708.125,-3.0271666,2.926429,-0.2134373
122168.13,-0.362742,2.8044288,-0.27397323
122170.86,-3.5479283,2.9533658,-0.092718676
120145.195,-0.7767099,3.1056066,0.07671166
134356.9,-0.7143382,2.9036527,0.032931134
118488.96,-2.3789668,0.3904707,-0.1625137
121616.27,-1.844621,1.1249375,-0.13948424
126731.195,-2.295507,3.134119,-0.00883086
132399.6,-3.8308113,2.276807,-0.31960177
120722.12,-2.8164544,1.9764104,0.020096391
116730.15,-3.4609122,2.451967,0.06387128
129270.9,-2.6512709,0.302567,-0.22602126
122856.26,0.9719466,1.8614404,-0.78039545
120714.35,-3.6480556,1.0583547,0.30551684
121768.07,1.3082982,1.8728219,-0.14219956
124813.31,-2.020968,2.1940036,0.43431768
118445.99,-0.3023016,1.9524864,-0.97986317
130031.38,4.2845187,2.5628335,-0.6510369
116144.984,-1.581769,0.5426105,0.002046306
117106.87,-0.17134097,2.1665187,0.052872308
131935.66,-0.3944161,1.1280462,0.06341333
132643.14,-1.6046818,2.7043138,-0.1311236
127929.15,-2.3638682,1.4332678,-0.34633043
122663.02,-2.5965188,2.6559486,-0.10138961
115166.086,-3.9345167,2.4633834,0.027193239
131087.67,-3.5549166,0.045479655,-0.09438647
132688.88,-1.6677493,2.1257923,-0.16793105
131355.08,-0.3295441,2.3664947,0.27446932
128590.42,-1.7927129,0.041936398,0.051856633
115964.67,-2.7150073,2.766223,-0.009983506
121579.62,-2.9859414,0.3414564,-0.034567088
115950.51,0.36031586,3.0091543,-0.07085663
116763.72,1.3774545,3.000602,-0.29678443
116714.52,-3.6161273,2.660642,0.044586018
128428.96,2.5896103,2.7132826,-0.042563118
132075.58,-1.2955167,0.63946724,0.18595293
132685.81,0.32140878,2.3980029,-0.25189385
127373.19,-0.22746989,1.5847342,0.14574137
125753.23,-2.0328476,2.645481,0.23512825
115538.25,-2.8669374,2.2836576,-0.015721384
121745.19,-1.7014574,2.6364648,0.09467437
131065.93,-1.8953311,0.9305017,0.054137878
120658.96,-0.8269147,1.1777577,-0.20497563
130707.1,-0.30384946,2.843303,-0.09902167
115197.44,-2.582857,1.2701677,0.096404605
126417.89,-2.396402,2.548334,0.24710669
122442.35,-2.3573153,1.0060499,0.15398034
132166.12,-2.1036074,3.0513573,0.048989613
124049.05,-2.3924983,2.8426173,-0.16264263
127858.016,-1.9357392,0.52430606,-0.24350837
115101.63,-0.8051632,0.42421985,0.041928496
121155.76,-2.3956296,3.0160239,-0.083628416
115054.945,-3.4241982,2.6356184,0.27214506
116876.82,-3.217548,1.9558433,-0.33614728
120583.94,-1.845659,3.090197,0.2595396
120484.164,1.1673604,1.9313672,0.49389243
129118.875,-0.48878354,2.5179913,0.11168552
120048.516,-3.6638772,0.53531337,-0.27770603
116625.9,-2.7285297,1.2799116,0.39899716
123267.68,-4.098281,0.34530017,-0.09718406
122863.04,0.8032827,2.5538774,0.08396966
122863.8,-0.44971356,1.6358238,-0.13558948
128448.38,-2.8151462,2.915238,-0.8608338
123911.41,-2.3536122,3.0298285,-0.25469413
115778.26,-0.60700864,2.3955436,0.109639205
119336.12,-2.6826677,1.693473,0.041667916
124045.26,-0.17433631,2.7859502,-0.08967634
134865.25,-2.129423,0.4038545,0.34940913
119009.93,-3.4771411,1.3696053,-0.1018614
120660.34,0.7085125,2.5298424,-0.08163427
125785.36,1.4993293,2.922231,-0.004300231
122101.04,-0.7711309,0.03987944,-0.007702928
123557.38,-0.20635669,2.9121728,0.012172479
128066.375,3.0035222,2.2089791,-0.14033948
127285.2,-2.2942283,3.115219,0.05296382
120704.99,-0.62411404,2.7188592,0.09366745
130286.836,-2.7278364,1.1599494,-0.35463572
119834.45,-2.3369436,1.1847867,-1.1411839
119733.016,-2.6731434,0.4236095,-0.10039238
120394.49,-2.4044504,1.9071062,0.65589947
116019.62,-2.230861,2.740429,-0.45359316
120456.18,-1.584703,2.2767568,1.3729646
131824.05,-3.3308063,1.6025779,0.28961667
123345.6,-0.030475093,2.841916,-0.16505937
122072.0,-2.5454986,3.0551872,-0.2925432
127091.93,-1.3026227,1.8915249,0.1837328
118807.71,-0.8098742,2.1050982,0.31918678
117287.58,-2.7140014,0.75809765,0.31136176
125241.6,-2.8361795,2.5359526,-0.06975966
128223.64,-3.185325,1.7635703,0.104461856
125403.99,-2.9137158,2.4834194,0.65151346
116768.73,-2.441204,1.8118331,0.14841327
117021.53,-1.4149702,2.8506896,-0.031611007
116246.484,-1.7464951,0.92368305,-0.4585505
125448.62,-2.7004468,2.665826,0.09804716
131640.31,-2.953902,0.016942859,-0.07661763
115367.914,-2.66468,2.715062,0.012452867
123318.914,-0.7489507,2.6928322,-0.10344686
118343.164,1.171096,2.8722856,0.6042124
131988.7,-0.29853773,1.929079,0.16456795
123074.69,-0.048237063,1.4860554,-0.16023998
132017.58,-0.34619486,0.764825,0.1381949
119602.82,-3.4670546,2.331277,-0.16249794
118506.695,-3.9453266,3.019143,0.053058214
120510.625,-0.58708787,0.90849495,0.09329111
134640.88,-4.163071,0.90205634,0.15162535
125448.06,0.924187,2.4588408,0.287107
115801.72,-2.604494,2.2815344,-0.20735206
129460.625,-1.1534556,3.1165986,0.012691327
121377.75,-3.0492175,0.28709325,-0.008074998
116484.51,-2.205481,2.8317027,-0.054938994
131966.14,-3.084267,1.7240252,0.71665215
134957.69,0.46230897,0.14856696,0.09784135
130692.36,-0.5046592,3.0523841,-0.5475995
116586.1,-3.2656703,2.5569499,-0.007607949
119150.34,-1.9542902,2.8738267,0.11837308
132292.53,-0.2868219,1.2294998,-1.7498547
134092.67,1.1393366,1.6454971,0.30625725
129211.99,-1.1580799,0.67809325,-0.3410652
125025.53,-2.6703808,2.9433725,0.39394525
131525.02,-0.70770514,2.631284,0.022791646
128124.805,0.8727577,1.0569452,-0.25838336
117215.63,-3.198463,2.999751,0.11847617
115603.53,-2.0336058,2.4795005,-0.69982177
115579.51,-3.4499,2.0454764,-0.30688903
129852.69,-0.3450806,2.2296607,0.1088569
132309.39,-1.6660991,2.3707187,-0.11817398
119515.19,-1.1797756,0.661156,0.05732268
129232.65,-3.2622652,2.8339915,-0.5824734
122041.76,-0.44543236,2.7034118,-0.11620435
132963.62,-3.7471523,2.755365,0.0022082038
118544.055,-2.2875297,2.2280505,1.139242
130770.29,-2.900954,0.22591257,0.17995211
120640.85,0.35967338,3.023528,-0.06197844
117851.9,-1.6221106,0.8200074,-0.07295101
125014.195,-2.0813951,0.12773263,0.04095457
123213.67,0.005781594,1.7892025,-0.5136396
123091.234,1.3234031,0.8984901,0.47218615
118746.32,-2.3265674,2.370471,-0.18734117
126116.445,-1.3840004,2.5839698,0.0974872
119699.76,1.341271,3.0710123,0.016251769
123513.17,-1.3396637,2.2200718,0.15316434
129711.01,-0.02408073,1.9242957,0.46762082
126784.9,-2.31128,3.0945797,-0.023457186
134428.86,-2.7861845,2.610198,0.20920059
115237.07,-2.4451816,2.0214424,0.03408295
133974.9,-3.3804438,0.04051447,-0.046184868
126644.74,-0.022640385,1.8319331,1.3868804
116469.52,-1.4837649,2.7290785,0.043115675
118546.83,-2.0666091,3.0949543,-0.03353343
124387.41,-2.5791953,2.2099526,0.3054337
126661.234,-0.13981749,1.0810428,0.11942173
131291.02,-1.560911,2.163541,-0.015389431
117951.14,-1.0899218,1.6720927,-1.1244494
124468.836,-1.6126857,2.3846745,-0.7797758
129049.33,-3.6871362,1.9529933,-0.08260405
129830.31,1.4950954,2.4440377,-0.24685393
124633.805,-3.404517,1.0201563,0.0204973
121272.84,1.1092696,1.7243497,-0.15920043
126892.73,-2.8749187,1.3612373,0.23124081
121514.36,-3.063413,2.5578923,-0.062074102
129039.79,-3.0414786,2.934961,0.17442879
130669.0,0.7336131,3.0537143,0.003834168
117116.016,-3.1268458,1.0164365,0.052098338
127090.95,-1.9249668,1.7505512,-0.26026234
125925.94,0.05929173,0.25907522,-0.033124432
132435.06,-0.5992115,3.0377746,0.0065245596
129315.805,-1.2264043,1.958602,-0.7715007
123096.6,-1.7496343,1.0230539,0.35615158
122023.914,-0.8318528,1.9235126,-0.10457801
131471.44,-1.0193791,2.9357638,0.30926365
128259.49,0.7869655,2.9512446,0.024227485
123747.18,-0.30843472,3.0375624,-0.021821454
125371.57,-2.6375742,0.83362967,-0.021147052
118716.67,-1.791803,2.5159159,-0.31430176
124961.49,-3.7242796,2.4168682,-0.033609632
133098.17,-3.0868754,0.8156708,-0.22188364
130463.31,-2.7509465,1.9975199,0.15941045
123170.75,-0.40139025,2.0956895,-0.33651206
120760.88,-2.3344002,1.2292405,0.10675352
125617.54,0.14200883,1.4335449,0.16172467
126127.05,2.5014193,0.49149638,0.32410622
129661.87,-1.7291769,1.6703563,-0.20614345
125504.984,-0.924601,2.8888297,-0.13043825
134302.1,1.7911322,2.2162766,-0.3532866
124730.89,-3.4334188,1.7648629,-0.119172536
133709.67,0.9485079,2.9620028,-0.019867267
120387.69,-1.4324256,0.43647218,-0.19225207
129711.69,0.84879404,0.53141075,-0.13118039
133446.62,-3.3033783,3.0833998,-0.11175406
121992.98,1.4363344,2.7083697,-0.04057607
120559.02,-3.8553858,0.85301614,0.046185154
117174.42,-2.2560112,2.292058,-0.043062914
115502.305,-1.9481456,0.9462191,0.06267463
116982.32,-2.403417,1.9377127,-0.36106092
121584.52,-1.8247648,2.917363,-0.16559307
123616.36,0.4341015,3.1093159,-0.30471966
115639.95,-4.839102,1.5382429,0.3985873
133377.83,-1.2736235,2.943771,-0.32204336
116951.69,-1.597493,1.892299,0.2405764
130355.86,-0.78466016,1.9827445,-0.3102726
119822.86,0.7248547,3.1031997,-0.17873515
119405.7,-2.3928132,3.1181972,-0.15744512
122471.695,-0.43942165,2.8609924,-0.00014686525
130926.86,-0.58713245,1.4572285,0.6293433
116446.86,0.8244733,2.4375272,-0.4030358
126373.164,-1.8133311,2.9111905,-0.009039557
133174.64,-2.4635336,2.6040783,0.004396191
126996.266,-2.6488452,2.090204,-0.36282778
132829.06,-1.4929832,3.1258492,-0.010937108
115836.88,-2.7211292,1.2275611,0.120796785
118203.81,-1.9179358,2.2994223,0.026655402
131056.24,0.319726,1.6848549,-0.22061366
118936.68,-2.3652263,0.72645324,-0.038364902
124459.08,-2.1512725,2.1703897,-1.3367814
115571.12,0.5751281,2.67497,-0.11365776
123270.06,0.0694498,2.7281709,-0.068257324
120308.47,1.7892337,1.0543337,-0.085923605
133127.56,-2.6116962,0.24651372,0.05422613
117270.98,-2.1116624,0.47329116,0.08066001
115419.945,-0.6274067,2.8920212,0.20292842
129363.3,-1.602319,2.6235971,0.10460901
128128.96,1.1662,2.02741,-0.4455727
119730.47,-1.2558827,1.0344604,0.08004404
122296.61,-2.4415293,3.0695453,-0.06836453
130107.24,-0.97457534,3.0505376,-0.04850296
119161.8,-3.227107,2.3686366,-0.10558932
126200.52,-0.3631456,2.781761,0.1372963
125354.42,-3.2867198,2.420018,0.09558074
123445.055,1.7906314,1.502472,-0.23709469
132228.17,-1.9642327,1.4558728,0.031824447
129754.05,-2.218966,2.64672,-0.4444833
120712.52,-1.5849411,2.3293118,0.12709484
122433.41,-2.0967906,2.4791336,-0.13808161
122136.61,-2.2948382,0.42536545,0.094101004
129192.42,0.40359184,2.8248532,-0.21627559
130377.625,-1.8912712,1.0666558,-0.33217168
118359.33,-3.673949,2.6375756,-1.39131
122871.04,-1.7859792,3.0098226,0.08722842
123613.766,-1.7148441,0.9489663,0.30085468
131757.84,-2.595751,1.2506751,0.5512657
127220.02,-0.15184526,0.98985124,-0.089335985
123161.766,-3.1622555,2.5407026,-0.0099014975
128693.44,-1.9235129,2.782038,0.21771093
121142.984,0.04256086,1.0500493,0.082967244
130513.74,-2.816747,1.1835549,-0.45005304
134894.56,-0.35816875,2.0313454,-2.0888014
123238.77,-2.530402,0.95727766,0.35585532
128601.45,2.582565,1.5413257,0.88761896
132371.55,-2.2967722,2.6165638,-0.09991584
122439.95,-2.2334359,2.7822409,0.18416636
130983.51,3.9036477,1.1937774,-0.36053148
118588.0,0.18458202,0.36281037,0.24558102
122533.52,0.1528425,1.9021897,-0.23306516
118115.555,-2.6650264,1.4318529,-0.2602493
133506.17,-2.7454991,3.0939713,0.029320871
129404.516,-0.27630854,1.5585533,-0.2819761
132058.4,-0.24482884,1.9743272,0.14098987
127807.02,-1.5025707,2.949105,0.03904112
122264.516,-2.998891,2.7627747,0.25262427
125997.02,-2.7295203,2.923604,0.062153973
122253.25,0.3598915,2.9218392,0.1512431
115693.87,1.2584764,1.5020838,2.1645527
118525.21,-0.5021542,2.668036,-0.09080051
116728.984,-0.574841,0.20319954,0.041344427
121884.22,-2.7492814,3.0554452,-0.054668643
132889.52,-2.3044124,2.6998801,-0.0039491234
120208.24,-2.7422373,1.8600737,0.13346834
129637.71,-2.369612,2.48515,0.13894686
130748.33,-0.43617675,3.0766191,-0.037029725
131183.27,-3.678383,2.108946,0.11615049
119549.64,-0.64503974,2.746976,0.072941415
121190.164,-2.9934762,1.5440559,0.43471414
122991.695,0.65858656,0.70633984,-0.11406625
115906.97,1.0272306,1.4167506,-0.6881409
134006.31,-2.6065993,2.9628994,-0.0064328695
124537.72,-3.586011,1.8363601,-0.15398894
131590.48,-2.934183,2.9824755,0.07395059
116408.805,-1.3865216,1.6319617,-0.026078332
134142.44,-2.213366,0.85584104,0.20903072
115656.71,-2.778751,1.1787487,-0.17384328
125151.68,-2.187073,3.096804,-0.08073318
124613.04,-2.13826,2.374572,0.058420744
126186.805,-1.8568438,3.034686,-0.030433241
131110.73,-4.2642884,2.7659376,0.025936978
132948.19,-3.425897,2.6958249,0.102849536
118510.82,-2.062335,1.4326383,0.12842192
116448.92,-2.6839666,2.66823,0.28771055
122948.164,-2.4126296,1.6582991,-0.69330275
128126.97,-2.073581,2.9558024,0.069458716
130318.22,-3.3098757,2.865663,0.031291228
132397.45,-3.9186637,1.8576013,0.03503954
129428.28,-2.8927422,2.8252962,-0.20152299
122365.93,-1.6042546,1.8988503,-0.23110712
116387.56,2.3210657,1.4944364,0.9584171
133835.48,-0.70673364,1.8617595,0.14147459
118818.43,-2.0761619,1.0163659,0.21157318
124808.234,-3.381796,2.013971,-0.13761187
116775.06,-1.5135016,2.5730174,-0.14038682
125230.984,-2.5608933,2.3127377,0.2934356
122864.18,-2.0276449,2.9985156,0.016355783
123336.81,-3.0542243,2.1775732,-0.059053767
130807.03,1.6826354,2.9659584,0.021645173
120227.85,0.07607655,0.303609,-0.0317457
131853.98,0.41149178,1.4374049,-0.27303207
129255.17,-1.9325163,2.9960318,0.049703836
134451.83,-2.6039052,1.6007516,0.7309105
121585.22,1.3436487,2.4667845,0.09701467
120389.63,-1.0462855,0.9269649,0.4666062
126185.336,-1.5024498,0.7592404,0.40176317
115088.05,-3.6971471,0.9024277,0.26967585
124128.3,1.4360584,2.6812952,0.06980645
122751.23,1.6056709,0.079916716,-0.0014979353
116649.82,-1.3826807,0.22017509,-0.06608522
124389.305,-1.8889325,1.6116748,-0.25352255
116633.86,0.2285589,0.90422606,0.6816701
134906.89,-0.6082442,2.1806617,-0.41324633
128698.99,-2.4650831,2.2899399,-0.013791328
115697.68,-3.5181987,2.4179149,0.07721692
125932.23,-2.2792964,2.4763393,0.31879956
128950.766,-0.2929243,2.6536467,0.09862069
131767.4,-0.16318186,0.71900773,0.29962394
129966.17,-2.6615148,0.6337747,0.021584831
121343.33,-0.19164363,2.6399055,-0.012472203
120144.19,1.4744047,0.78724355,0.4928169
118448.93,-2.549471,1.9218413,-0.19441067
115990.61,0.110956274,2.8269281,0.088290125
118637.72,2.6836991,2.2231824,-1.0920367
117128.63,-3.6666973,2.5806458,-0.10069111
115647.45,-2.1370735,3.031033,-0.022461072
128875.25,1.288573,1.0523248,0.5597122
117167.29,-4.4690304,1.7686417,0.18836705
115806.14,1.2152793,2.1492164,-0.33779782
131681.38,-1.6768466,0.933238,0.25414863
115909.15,-3.6075714,1.9813066,0.20727952
115152.63,-3.2796257,2.889112,0.13333514
129824.66,-0.07046815,1.520877,0.25649595
120744.38,-3.9785514,0.5419128,0.21669722
118085.53,0.993927,2.009423,0.20924002
128946.46,-3.3677056,2.8285704,-0.0745677
124194.164,-0.9164109,0.8920305,-0.13556983
122351.42,-2.9620233,1.911377,0.1551319
118567.79,-0.2716406,2.8417332,-0.11216867
131228.7,-2.7936459,0.4979275,0.4576251
123147.766,-1.8140297,2.9092047,-0.0775212
117971.54,-1.4088094,3.138835,-0.2017289
127063.445,-1.287571,1.9253308,-0.2785179
117593.3,-0.33838236,2.400893,-0.1021844
126116.05,-4.2725587,0.15556371,-0.079345934
127131.53,-1.558131,2.065514,0.06866303
127699.0,0.5019983,2.875169,0.038211465
124480.26,-2.9885027,0.40308428,0.6109786
116571.88,-0.57067484,0.7175743,0.09764954
134844.44,-0.9201088,1.9957603,-0.043273974
130931.88,-2.4543285,1.6245049,-0.3400983
132778.44,-2.0486114,3.1205773,0.04632782
131276.11,-2.3802822,0.8957741,0.27002305
129182.664,-1.6352838,3.028269,-0.05340966
134192.89,-1.9124943,2.63383,-0.0074703754
120483.664,1.322211,0.71603584,0.10695161
116645.82,-1.7319647,1.1903495,-0.1693838
134052.33,-0.97008324,2.5580816,0.16635256
122822.75,-3.7972589,0.48076183,-0.05311355
128887.375,-0.051412083,0.1435864,-0.029491426
121975.12,-0.92627704,2.8256507,0.051335864
132021.62,2.281528,1.7489861,-0.20775025
119094.14,1.1517563,1.4193431,0.13841553
127743.08,-2.880848,1.1370102,0.4332385
119220.41,-1.1481719,2.6913483,-0.16866301
124505.33,1.5702093,1.1319014,0.17529695
124799.51,-0.059138548,1.0534652,0.08859045
126828.52,1.4341455,2.6787288,0.117825195
121368.0,1.238468,1.870326,0.60315806
115394.17,-1.5022624,2.178445,0.86645365
133262.25,-3.929862,2.048007,0.08826072
116282.695,-1.4768142,2.3602014,-0.49704182
134331.31,-3.3308299,2.0942788,1.704273
133989.14,0.067025796,1.6906762,0.10693724
122265.43,-3.2876575,0.7045758,-0.07234313
127364.17,-2.711863,0.7928939,0.29718897
125925.23,0.84011555,0.48084548,-0.11934256
131447.66,-0.1493801,2.9432642,-0.04261668
122502.23,-1.7881037,2.6856487,0.033104137
122630.01,-3.409233,2.9032388,-0.049096283
120037.37,-2.3520157,1.3337021,-0.15152583
131443.88,-0.75410974,2.946039,-0.10056259
125402.74,-2.250189,1.6362741,-0.24065138
129678.516,-2.6327927,2.1457303,0.3698524
121573.664,4.62908,1.3302845,-0.18407571
117223.33,-2.9200063,2.1578107,-0.19265297
123917.33,-2.5378187,2.7204928,-0.5465858
134422.11,-3.055176,0.5172201,0.1293868
118030.72,-2.5169947,2.5807707,0.019917035
119086.61,-2.305111,0.06743169,2.828973
134333.05,-1.194867,2.189502,0.08540737
123528.76,1.0796798,2.8431463,-0.11575056
130763.3,-3.411071,0.60869724,0.068199106
122421.04,-1.0482936,2.6290553,0.004811286
131893.38,-2.8783665,3.0558944,-0.3397878
120211.4,-3.7611892,2.8799226,-0.088386044
126180.81,-2.0331817,1.5658067,0.04704462
132687.56,-3.477461,3.0728369,-0.1584739
122077.86,-1.6989822,2.8592763,-0.97296274
125610.47,-0.519845,2.6635973,-2.6386569
131283.92,-4.095531,0.4488159,-0.26447347
130745.71,-3.2150888,1.6577901,-0.33425444
115684.37,-2.7547967,2.7324846,0.0519166
117881.586,1.3932635,1.8456613,-0.13255252
128717.22,-1.7831205,3.0886214,-0.06762686
116482.664,-1.6026169,3.046728,0.55412203
126523.95,-3.6109912,1.8260996,0.11982316
119911.45,-2.706716,3.018849,-0.74937195
128286.05,1.8003802,2.6043708,0.19632542
123553.55,-1.1831518,2.3715277,1.2195
129068.555,1.2189131,1.4664596,-0.7725197
116671.38,-0.90457064,2.6709764,0.027791273
116249.74,-1.1601467,2.3134842,0.061503693
115305.61,0.7529486,0.32148626,-0.07930081
120428.125,-2.0387938,2.5599213,-0.023083348
120207.03,-3.6338983,2.3336134,-0.4947392
132690.42,-1.2734802,1.0067489,-0.18082872
124669.63,-1.2291266,2.798091,0.10683189
121398.945,2.5002193,0.64735895,-0.28836578
128310.12,-2.4264421,2.4878492,-1.2398027
132434.5,-2.0761328,1.9722339,-1.1524603
128743.04,-0.70080495,2.8553662,-0.08758324
115916.016,-2.637076,3.1015372,-1.113249
124719.81,-2.5606775,3.1295133,-0.0051216134
133582.44,-1.5332776,1.1669307,-0.3207177
115081.02,-2.8860574,2.651343,0.49184626
117073.95,-1.0963842,2.6420815,-0.09364361
124649.266,0.05586435,0.35871744,-0.16092966
116396.21,-2.3550892,2.153813,0.32729098
120443.25,0.5370802,2.1865578,0.12222706
118434.59,-3.9378183,2.5423934,0.064273685
118060.54,-1.3449655,1.2293339,0.22601728
126432.64,-0.97074383,2.3438883,-0.59121317
127947.54,1.9658818,0.44523716,-0.28568307
130103.5,-2.7558386,1.6617188,0.011251503
121717.086,-0.17591919,3.1055708,0.032472603
115092.55,1.4676094,2.9572058,0.07429912
125291.09,-0.82644,2.1978998,-1.1343678
120436.58,-1.6794118,1.6330092,-1.7724128
124126.45,-0.98305976,2.628036,0.5339678
121084.305,0.047363244,3.0540502,0.48606843
121317.086,-0.74043953,1.2346687,-0.19076188
131471.81,-2.5885777,1.5383159,0.09006154
125587.22,-0.4993201,3.119777,-0.13015176
117728.664,0.7466862,1.9972538,-0.26678315
124664.91,-1.7016691,2.9533358,-0.06858633
130306.2,-3.1223302,3.0398884,0.00613776
130260.78,-2.2378504,2.3409355,0.0018461313
121309.37,1.0433445,2.6952074,0.10440163
121716.29,-0.33055273,2.3253937,-0.3186779
122749.91,-2.2866483,3.051492,-0.15602747
129970.914,-2.5305393,0.4670837,0.09720667
120536.805,-3.4506056,2.9157205,-0.08980825
118155.72,-2.2650712,2.330111,-0.35885987
118434.74,-0.6986102,2.2119324,-0.075927
116632.65,0.38483292,2.112193,0.052277915
131272.58,-2.511622,2.5642467,0.10740454
121471.84,-0.052244924,3.1260548,-0.0103542395
121123.72,-1.4275643,1.7114,0.10820964
125444.164,1.7157699,3.0948825,0.051317308
128803.48,-3.2898593,1.243041,0.06943684
122911.336,-3.2798858,1.9890271,-0.17116468
133469.19,-2.2436216,1.7695781,0.6394799
128131.47,-0.6307111,0.9931818,0.08716024
133433.05,-1.8765831,2.8074384,0.042451438
121494.0,-2.122455,0.1282484,-0.08379414
119323.65,-0.5004557,2.422205,0.1989392
129850.484,-3.9888647,3.0417433,-0.046815977
123604.93,-0.72281533,0.4924525,-0.49175546
134693.62,-1.9170985,0.27606475,0.02636693
116189.0,-3.4933822,2.4714227,-0.23318948
133218.36,-3.0497587,2.9469533,0.2701644
121525.875,-0.69984424,3.139926,0.123596705
133881.38,-2.3309891,0.07688093,0.073292345
116715.375,-1.7411046,2.3894637,-0.046603188
129385.91,-1.1510288,2.471138,0.9710165
130198.32,-2.5615177,1.1505067,-0.2576433
133575.31,-0.8385996,1.1277909,-0.31447944
124047.625,-0.53780586,2.0858512,0.7506683
126370.664,-2.875918,0.27755618,-0.048619077
120075.43,-1.25573,2.7693086,-0.114995755
116690.22,-0.3795606,2.9116163,0.18778533
116025.086,-0.58915764,0.33799976,0.0325704
115041.164,0.12812978,2.6842895,0.018166155
115051.195,-1.5796651,3.0416427,-0.06607366
127677.73,-2.200387,2.7507973,0.11429681
116996.85,0.52276194,3.0646899,0.0053700013
121341.99,0.0112333,2.6600304,-0.17386392
123075.55,-1.4613794,3.138459,0.23936144
115670.984,-3.3066642,1.7163686,-0.14845671
131603.62,-3.4105957,2.691698,0.044921268
128078.055,-2.0243602,0.30302018,-0.12785955
132239.05,-3.0822718,0.14650702,-0.04666114
133276.36,-2.5463943,1.365699,0.2528514
117747.08,-2.8312562,2.5200582,0.024324073
130447.05,-3.964055,1.4972252,0.09119957
134706.33,-1.4693683,0.6306466,2.2725382
116161.234,1.0397042,3.051547,-0.2850457
127041.13,1.4930594,2.422343,0.14634776
117647.9,-4.3884935,2.6004705,0.15706007
128333.46,0.6293689,3.0636497,0.041590106
120502.83,-3.3740318,1.642308,-0.521268
118906.86,-1.8308082,2.2243242,-0.09902834
123635.06,-2.1736357,0.77102757,0.6906274
132828.86,-2.7809296,2.549525,-0.24479374
124745.95,-1.2796361,2.977138,-0.049929924
134477.58,-2.2882707,3.010077,0.23389757
126113.305,-1.2688721,1.8008275,-0.27565056
115881.39,-1.8233854,1.8813728,-0.8127178
117195.1,0.1739744,0.9518314,-0.10904003
124057.086,-1.0636407,2.9156005,0.0036226397
116972.34,-1.8507981,3.0295393,-0.010179996
120598.29,-1.2060548,0.25913954,-0.22030306
126685.88,-2.1310484,3.0689955,0.09855603
132312.31,1.9118857,2.0972095,0.20584513
115449.516,-0.98883,2.2417397,-0.50819016
121453.42,-1.1749218,0.20526528,0.13601634
125304.6,-3.8030853,2.769621,0.011237132
134484.23,-3.424314,2.7982163,0.33451617
123227.7,-2.391964,1.7461611,-0.81802166
117061.94,-2.0936024,2.451819,-0.11278278
134956.58,-3.8271513,2.787251,-0.2138397
134543.02,-0.028036574,1.7614875,0.15376478
118235.55,-3.3033195,1.5087591,-0.3901398
119432.43,-2.2363658,2.595676,0.013705181
117984.766,-2.941643,0.9164965,-0.2782955
119038.14,3.4890375,0.116736874,0.061955884
120643.79,-1.9815834,2.9091125,-0.026356481
115702.12,1.8447765,0.40184987,0.25748187
115564.62,-3.9633777,2.6402192,-0.08823827
119746.15,0.0616832,2.8504136,0.042369828
118222.53,-1.9442878,2.762745,0.0013337297
130053.96,-4.6122184,2.095728,0.16494262
127447.766,-2.3316464,2.3390422,0.10349384
131434.14,-1.5177456,0.17864847,0.08798752
134642.94,0.25450715,1.1668582,-0.29112372
118917.86,-1.0925882,2.5051024,0.071920164
115764.734,-1.7929386,3.0641515,-0.07995711
131736.73,0.5950526,1.2932403,-0.38991958
117423.09,-1.880548,1.8706373,-1.3067328
119708.125,-1.7489703,1.738187,-0.50353044
130799.164,-0.09992114,2.940205,0.30875129
133193.75,-3.4942737,2.6734984,0.1954741
126068.34,0.5596947,2.9929452,0.19571733
117386.1,-1.1320472,2.9775,-0.27851304
129688.27,-0.5478493,2.2550895,0.039292634
116637.18,-1.6099991,2.8173525,0.047929525
116399.875,-2.0599246,3.0652606,-0.029429028
132519.83,-2.8258057,0.8863958,0.0146833295
115094.72,-1.382087,2.5698285,0.050432112
129043.99,-2.1295974,1.8077272,-0.4851724
119296.51,0.92355275,0.7130773,0.10922908
131488.17,1.8973156,2.8163996,0.15512937
121606.72,0.4434512,3.025541,-0.050799243
130386.21,-2.3073618,1.6104707,-0.001890483
118471.52,-4.219472,2.4044826,-0.05766651
132633.4,-1.5851903,2.477776,-0.15846291
133569.08,-2.0045583,2.1879566,-0.28260535
116032.586,-3.2215319,3.0805168,-0.16918625
132225.92,-1.2443973,0.28628266,-0.53813607
122955.35,-3.456913,1.1058488,0.16996735
117608.63,-3.4962397,1.1956244,-0.095059276
133102.86,-2.0523727,3.0983331,-0.104417026
115700.43,-0.12556076,3.0288002,0.03525923
116504.64,0.95921314,0.473531,-0.036888577
127068.586,-1.0238568,2.3843272,-3.0677986
128183.79,-3.841763,2.0980115,-0.13661823
131383.78,-2.361269,2.1925175,0.21945943
126161.39,1.6495644,1.3248459,0.16405469
123964.3,-0.13529424,0.6221691,0.07704858
132916.98,-0.5720391,2.8190114,0.12967087
117822.08,-0.543608,0.12188935,0.14127423
121985.49,-0.028728578,2.8460298,0.1647625
133703.61,-2.111568,0.20723152,0.13729684
118507.1,-1.7038934,2.0148365,0.36336803
118666.0,-1.7560724,2.8277159,0.032610245
133502.56,0.31786105,2.4354663,0.3030733
121904.55,-3.6194284,2.2642014,-0.1107069
115211.53,-0.8735229,2.235513,0.11999234
122810.336,-0.008404366,0.29566443,0.10397401
133235.47,-3.1430995,0.37333333,-0.04790822
116763.37,3.5384974,1.708016,0.17854491
124165.336,-3.6040802,0.4647485,0.1899245
118905.734,-1.9420848,2.6748815,-0.36006898
130159.93,-0.26388893,1.8597083,-0.44396514
126683.56,2.524567,2.6847851,0.21366927
118869.9,1.0776063,0.4967842,0.098801196
121919.36,-0.6096469,1.9862971,-0.24037471
121045.94,0.019366933,2.9210083,0.0042154077
119980.164,-2.1496186,2.703392,-0.11644675
134070.52,-0.5021545,2.2201314,0.120051555
133613.66,-0.9475355,2.9286335,0.091677666
125615.82,-0.5271204,1.148234,0.14118169
115659.414,-2.2164752,2.9624844,0.14941818
124275.53,-0.9050388,1.6334482,0.06620283
115717.26,-3.3472798,2.8358386,0.001860645
116578.96,-2.919643,2.5203023,0.03693476
128577.7,-1.7381411,1.8933008,0.11458476
128490.99,-2.1123147,0.19593018,-0.018400405
121672.33,-0.12734826,2.896348,-0.13121475
121679.2,-1.0535804,2.8036993,-0.29563236
129235.07,-1.6167173,3.0363982,0.022415858
125081.37,-2.430568,2.7863374,0.248238
116127.53,-2.6068592,2.8068717,-0.045437727
118827.22,-3.498841,2.8007746,-0.28348237
117117.95,-3.422958,2.078865,0.35526186
134647.94,-2.7241173,3.0309086,-0.19267182
115603.945,-0.406273,2.2282538,0.16042121
116795.46,-1.3427448,0.26376575,0.18565804
117368.25,-1.6508349,2.8974369,-0.291196
122947.77,-2.854654,0.9388593,0.26963112
122601.58,-0.7419169,2.9080238,0.04765496
115451.555,-0.11775896,2.5706158,0.13012864
121299.58,-1.0549802,1.4426175,0.18888658
116991.57,-1.8636026,2.8066187,-0.6379052
117144.62,-1.68478,2.325557,-0.018811593
134084.48,-2.3283877,0.6660405,-0.09577974
121471.586,-2.3664513,2.7985885,-0.21174526
125684.984,-1.9616126,3.127791,-0.0054246387
128035.695,-1.277074,0.84146386,-0.26837984
121481.74,-1.4372259,0.6252778,0.22996582
133043.7,-3.3021276,2.2960582,-0.44782445
120829.79,0.22850417,1.7654384,-0.1917061
120921.55,-1.6642526,2.0599875,-1.8069865
123932.22,-2.972486,2.8903816,0.103435874
116484.266,-3.096042,0.61933404,-0.06484104
130913.3,-3.548131,1.1338378,0.16022462
127619.516,-2.810829,2.9699233,-0.04674429
129310.47,-2.431327,1.371326,0.20440862
117788.36,1.283553,3.0497396,-0.029633285
124962.8,1.9861705,1.2679814,-0.18554056
129943.055,0.03928555,2.8782043,-0.048082136
134507.73,-2.9347847,0.30606937,-0.40849504
128456.61,-1.9705986,3.0814004,0.19057594
121791.75,-2.404276,1.6201012,0.012679317
128625.78,-1.1354271,2.8153932,0.01838818
126000.07,-2.4809823,0.06328565,-0.21593529
127351.76,3.8200066,1.2945863,0.18568711
115368.71,-2.269684,2.3977797,-0.10306817
120606.77,-0.30548075,0.41802287,-0.06443038
122594.18,-0.2112733,3.0172923,-0.04352416
124109.95,-2.044437,2.5582948,0.2487339
115179.29,0.87741727,2.4621274,0.030198256
133505.08,-2.8215895,2.726957,-0.03752472
118594.91,-2.3102584,2.686841,-0.56724495
130539.17,-3.4401865,0.28734037,-0.02389836
123881.75,-1.80148,3.042283,0.08569595
121798.41,-2.19604,0.50023067,-0.3700861
119413.086,0.14639568,2.8388896,0.0029679528
128792.625,-1.457895,0.64663047,-0.27948296
130014.31,-2.6614058,1.0122408,-0.14841837
134293.33,-1.1802132,2.6700478,-0.38161698
120739.44,-2.4033628,0.25626135,0.06390993
127363.28,-0.19362026,2.3352287,0.3677791
120880.54,-1.5003827,2.938153,-0.07701669
117759.8,-1.1502805,1.9362104,-0.23162596
118576.625,-1.1586108,2.8334131,0.09769273
119645.66,2.0525343,0.37851954,-0.06012023
124881.37,-2.586217,0.49489886,0.3448152
118594.945,-3.828376,0.6962527,0.035564676
126040.016,-1.6625605,0.5740163,0.04568769
122843.59,-3.3570256,1.9103619,0.8911216
119549.11,2.8450851,0.72014606,-0.07594983
117716.695,-2.8681273,2.6861002,0.20086989
116444.586,4.5738,0.61604863,0.7280086
127519.71,-3.7442732,2.819555,0.0156024145
116269.586,-2.1260946,0.40669727,-0.28310332
119932.41,-1.921375,2.7371404,0.07213149
120159.77,-2.2916484,2.8239777,-0.026659278
121254.164,-4.0935097,1.4804398,0.30584598
122366.12,-0.21521027,1.8074377,-0.2808828
124334.625,-3.4760282,0.36570603,0.06613805
125333.305,-0.32359755,1.3679929,-0.14294802
133237.39,-1.223779,1.6555685,-0.08476623
131123.47,-2.0420656,3.1351237,-0.08844178
123815.26,-2.7181573,0.846036,-0.11612951
128222.13,-0.09916434,1.196644,-0.10801385
119055.305,-2.1590934,2.4731994,-0.20637086
133960.16,1.0097579,2.2244096,0.24057288
120504.15,-2.361989,2.7152963,-2.4602718
131052.01,-1.3170706,0.29648018,-0.1086854
133108.73,-2.8747616,3.0076342,-0.0866778
119677.86,-2.40935,2.3654182,-0.2671562
121331.81,-2.9355588,1.3031735,0.19847369
117671.33,-3.051837,3.1123054,-0.27742127
123161.08,-2.4561877,2.6664639,0.2744885
133118.98,-2.8993587,1.7580123,-0.07849015
131779.66,-2.7663295,2.7558699,-0.41834536
122967.57,-3.0462964,2.0114124,1.7626095
134684.16,-0.72308487,0.6649709,-0.14165121
117587.4,-1.7380564,0.8434832,-0.06987287
128197.414,0.58307546,2.6412902,-0.3103841
125572.36,1.5265919,3.0186763,-0.04697455
115913.305,-2.3169262,2.300511,0.5564144
119140.04,-2.1035025,3.094561,-0.16412647
127719.38,-1.967028,2.5027602,0.38892794
115145.34,-2.4276545,2.9703918,-0.30053306
131349.05,-3.7318177,2.8910956,0.16193493
134146.64,-0.950224,2.0025733,-0.34611702
115645.92,2.1226783,3.0430508,0.08069273
124035.445,-2.5269089,2.9746835,-0.05708287
120680.32,-0.037140578,1.5150914,-0.20718706
126657.22,-1.9404652,1.6669018,0.18815151
120526.88,-0.0034403307,1.322106,-1.1255119
130152.13,-1.3356266,3.0223174,-0.4568896
122028.32,-2.8639848,1.610556,-0.13597156
129580.51,-0.42371568,2.6648207,-0.088518254
122524.34,-1.5352987,0.20425367,0.05350445
120435.12,-2.1354387,2.8694024,-0.006665406
117971.25,0.18129706,2.2803779,0.45137298
124088.16,-2.9318,2.8195992,0.082059264
125341.8,-2.1401758,3.0873837,0.08591483
120223.49,-1.7377983,0.81578434,-0.07412587
132653.31,-3.0248578,3.115765,-0.25062126
119879.3,-3.0341125,2.17455,-0.19272396
123903.18,-3.0666656,2.516207,-0.50121665
129106.76,-1.5270952,1.7835515,-0.26320598
126958.97,-2.1724417,3.0456297,0.037282854
116698.94,-3.3254347,2.3974652,0.08686653
117307.64,-2.2571585,0.8452172,-0.21858485
129307.664,-3.1242976,1.8752702,-0.015165274
120611.664,-0.10375515,2.365578,-0.6835221
132710.08,-0.45079875,2.2677813,-0.3389968
126966.414,-0.79466,2.280104,-0.027080812
131785.66,-3.3558915,3.063253,-0.030516831
122307.805,-1.7328075,0.046257615,-0.034233652
118560.164,-3.5800982,0.95853436,-0.09430675
128627.69,-1.2359943,1.987106,-0.19273059
120368.42,-0.99251115,2.864509,0.26946387
125350.82,-2.901927,2.703462,0.07059353
123300.4,-0.5243886,2.8542476,-0.03252556
129456.234,-3.1819685,2.9640083,-0.0023870296
123397.97,-3.4665663,3.0334482,0.010547591
117399.48,-2.196053,2.4174128,0.65222645
124528.234,-2.3119595,2.4211931,-0.21622413
121185.65,-0.07939358,2.856535,-0.11193733
134854.44,-3.4472451,2.6676567,0.23765486
129420.445,-2.9188025,3.0602517,0.11871115
118251.85,-1.886792,1.4436787,0.14837362
115906.7,-1.553054,2.1668396,0.23587821
130527.516,-2.7580476,3.0935183,0.12690642
130028.39,-3.3861551,3.0221477,-0.00767293
126216.914,-0.9914001,1.7182305,0.3744563
121952.34,0.8425205,2.4110258,0.2559861
125119.43,-1.2408992,1.8776402,0.49885237
115676.125,-3.075167,3.0203428,-0.13453315
119581.63,-0.0074616605,1.6839708,0.12388241
122598.836,-0.622589,1.8494403,-0.34502968
127195.23,-3.0565977,2.0903594,0.53561115
128688.914,-1.9805021,1.4202386,0.3636163
123179.76,-1.4692092,0.53120923,-0.8898978
121544.98,0.17382532,2.2810762,0.17073344
128458.27,-2.3646348,0.39050764,0.08172175
127696.445,-3.0704074,2.9366193,-0.29499617
120936.62,-1.3478149,0.7578182,0.41023847
119613.375,-3.4518797,2.4493437,0.050567783
126443.63,-2.9772425,1.9533294,0.48565322
123647.086,-1.1222005,2.5470104,-0.1221824
132222.4,-0.45402837,2.9935083,-0.24348158
131326.39,-2.5032797,1.0332334,-0.003778022
116614.48,-2.9075775,2.6890752,0.08473388
125274.875,-0.23184294,1.6604298,-0.61229104
128607.36,-0.420747,2.3182747,0.20996974
120235.42,-2.917932,2.929078,0.031678915
134269.75,-2.5586421,0.3092811,-0.19208466
117439.11,-2.8575187,3.0680435,0.59590894
125466.58,-2.564719,2.399808,-0.3654201
116354.625,-2.775976,2.82386,-0.088486366
124178.945,-0.94911313,3.0821452,-0.15035476
124705.336,-2.452634,0.84915864,0.37031245
123941.74,-0.96319306,2.524115,0.082543276
115705.9,-2.295756,1.986945,0.6536334
124976.42,0.32720095,2.85125,-0.16513482
130368.07,1.0879669,3.0159397,0.09456002
117425.57,-1.9208152,2.60745,-0.28813148
128445.88,-0.028395118,2.9778621,-0.13147265
128711.92,0.90667963,3.0330703,-0.14981937
120021.59,-2.9564273,2.4188507,0.0045132046
118988.664,0.64579934,1.6631529,0.19117974
119423.48,-4.081446,0.4544655,0.028283814
132503.12,-1.7938305,2.4365385,-0.14557189
131351.48,-1.2648224,1.554281,0.10629137
127175.695,2.085757,1.9574126,0.15242933
122328.22,-2.4833696,2.1179564,-0.48470086
132830.34,-2.5863187,2.0547156,-0.36480975
118483.23,-3.6591253,3.1299052,-0.03535072
132968.38,0.5938226,0.8005624,-0.29200295
133578.5,-3.7903316,2.6010942,-0.08516191
130275.0,-3.4103765,0.36881775,0.06856181
132901.86,-3.6099138,2.4937403,0.317109
118641.92,-1.4132789,2.9653738,0.009358868
122248.81,-2.0429547,3.1149194,0.04399835
124179.22,-3.0005455,0.90738213,0.103520826
125756.43,-0.43113652,0.7685847,-0.23730898
127660.62,1.1610998,1.588256,0.52559125
121753.99,0.1437957,2.5257716,0.030472206
115857.7,0.18569182,1.4012471,0.28899586
117663.55,0.16185677,0.5033715,-0.3140563
126298.53,-2.0099232,3.0006409,0.12704632
128152.83,-2.2278166,3.0036104,-0.31694633
117437.92,-2.1975756,1.98035,-0.45319328
128185.336,0.27882856,0.8957968,-0.25694743
125545.22,0.9812091,1.6300641,0.144007
118926.89,-3.101577,0.86031914,0.4816071
115413.1,-1.7881174,2.0834477,0.28514957
131647.86,-2.5186255,0.4660244,-0.06920023
124614.69,-2.9950154,2.8262124,0.03290351
116480.33,1.2046704,0.95568955,-0.100544214
116490.85,-3.1143434,1.2379446,0.04711212
120999.414,-2.2600968,2.050583,1.1378384
122707.195,-2.6903536,2.880795,0.0463542
117947.36,-4.1795,2.2442203,0.1274112
125812.55,-3.4204617,2.7580192,-0.25349665
120079.35,-2.2889318,3.073518,-0.015521286
121132.56,-3.1966672,0.8406453,-0.50302166
124274.12,2.8627372,2.3396583,0.23691647
132327.12,-0.6679674,0.80485225,0.1301892
127392.5,-3.915853,1.8867731,0.18389417
129979.82,-2.3820963,0.15166336,-0.023412047
125447.766,-0.58804685,1.6411566,0.2686494
127372.61,0.045420133,2.4101076,-0.1215021
127229.18,-2.7774823,0.34426987,0.116148174
117070.78,-2.304623,1.5685433,-0.10456725
129299.875,0.10320948,0.8108082,0.09353976
117907.48,-1.9592377,2.2421162,0.13147816
133768.06,-1.6692888,2.1784043,-0.91850233
117866.4,-3.9055212,2.5689497,-0.09284112
115813.695,-3.865326,2.4882517,0.0023432684
116723.35,-4.308349,0.8780358,0.33475655
121801.695,-3.02013,2.8351526,-0.09998424
128524.18,-0.31494525,2.7158942,-0.07994747
124998.79,-2.9034503,3.1202927,-0.006659143
134338.27,-3.1884234,0.3201567,-0.02175577
122660.37,3.4032345,1.3861266,-0.30539694
118961.99,-1.9623257,3.0095403,0.0026016762
129177.62,-4.008743,1.7805492,-0.23685059
120858.375,-1.8352127,2.191,0.2126406
125164.305,-1.574459,1.0510453,0.07789953
128180.164,-3.3520782,0.3706373,0.0070930426
118996.234,0.72716,2.5578873,-0.24136078
122081.37,-2.6813147,2.8828402,0.009251223
127825.29,-3.5263789,3.046442,-0.06122382
133422.11,0.56867397,2.975174,-0.062128566
128355.73,-3.6720376,2.7068732,-0.0070488853
126074.516,0.6133133,3.0081081,0.0058191335
124805.586,-1.2729677,2.9207087,-0.043931328
131194.23,-3.9966927,1.8857422,0.124475025
126088.05,-0.116624855,2.8981526,-0.17404959
130103.21,-2.2798488,0.010796875,0.036231823
118950.51,-2.5292616,2.8889349,0.14035426
126204.17,-0.05604755,3.0868294,0.026616866
128319.44,-1.816175,3.005413,-0.15062085
120474.56,-3.4801345,3.1036253,0.09700015
120605.77,-0.6734853,2.2974496,-0.1661923
120595.35,-2.5602136,2.887531,0.06300071
121406.63,-1.3156155,1.1232301,0.12713777
124107.48,-3.4779966,2.8711128,0.41346428
121001.516,-3.854216,1.7178496,-0.2793263
127245.67,-1.4420751,0.96897125,0.22526029
126370.35,2.2011957,1.1053923,-0.29474622
115534.17,-2.2793891,3.1084678,-0.02437789
122665.98,-2.299013,2.2063794,-0.05951372
123116.445,0.9059286,2.257163,0.11808337
132126.38,-2.4694126,2.4681544,0.2863016
132672.64,-1.0043072,2.2224724,0.16406035
132303.9,-2.2254636,1.1283329,1.6892248
116121.37,-0.68283373,2.771791,0.3097731
116354.37,-1.8540428,3.049847,-0.042446345
115791.68,-3.0654132,2.9717288,-0.91941607
121379.79,0.94714236,1.960411,-0.18199079
134732.61,-2.9775467,3.1381154,0.75837284
117989.71,-3.0613143,2.2480807,-0.31046554
123098.25,-2.8439114,2.8305345,0.032271907
120634.41,1.6933448,0.6059388,0.08268007
127810.375,2.0856044,1.7835305,0.8270199
124597.055,-0.255888,2.7933555,0.570373
124363.25,0.61599594,2.392355,-0.16872834
121942.63,-2.465598,3.07702,0.08192584
133683.84,-2.4184713,2.515649,-0.27109525
115561.53,0.40059197,2.7839155,-0.21756193
126895.04,-1.4024034,2.7872472,0.021101339
123811.234,-3.8221672,2.7973773,-0.056341596
116209.734,-2.7984092,2.1330013,0.033286292
119851.63,-2.8584442,1.9437768,-0.060644276
128817.98,-1.7659653,2.4543133,-0.648674
115735.0,-1.8558663,2.2905378,-0.050673325
117493.016,-3.5452533,2.417602,0.17273064
115966.04,-0.15803659,1.9921837,1.0763427
134982.27,-1.4542102,2.980869,-0.61272675
123230.37,-0.31853715,0.76179355,-0.105374455
118877.55,-1.3081756,1.7359836,0.086111486
132694.55,1.7338061,3.0333314,0.006086779
134949.84,-2.5718608,0.44118354,-0.054232948
118680.55,-3.512891,2.8696394,0.050643522
115537.32,-0.19774538,2.0659666,-0.10369902
121417.984,2.0923836,0.73896706,0.138184
123743.234,-1.755307,0.4323151,0.33588645
115205.97,1.0891093,3.0635386,0.002249845
120103.05,0.38240096,0.69845927,-0.07971701
119388.17,1.9364638,1.5781457,0.52592206
128112.9,0.655263,2.4918213,-0.57719994
128910.06,-2.1988688,2.391303,-0.33936372
128293.61,-2.9320288,2.8974822,-0.2248659
129012.234,-1.784329,2.0812473,-0.47554007
132742.88,-1.7463422,0.4369414,0.1310864
118369.89,-0.96602035,2.4841106,0.19699955
116561.51,-3.745346,0.04433739,0.096771635
127455.35,-2.842072,2.7985063,-0.17475268
125993.13,2.3953087,2.576762,-2.0136957
126760.44,-2.8527737,3.0622644,-0.047396265
122642.24,-2.8659925,2.8258224,-0.01254378
123233.016,-3.3355513,2.3254414,-1.1027113
133012.39,-1.8483514,2.0697315,-0.74787104
131209.73,-3.723427,0.39213574,0.055350307
130841.47,-1.8385658,1.1795275,0.0019884354
120319.26,-0.15998115,1.5732515,0.2231252
116583.39,-0.17438371,1.75256,0.15633284
116347.445,1.023205,2.5176022,-0.16832757
127711.59,-2.0749104,1.5946094,-0.27937356
117423.64,-2.4807832,0.5302955,0.103333704
129054.44,1.0997349,2.4864326,0.24085014
134271.17,-2.6275516,2.6969717,-0.050619654
130627.26,1.2753971,1.5007445,0.07190059
118982.85,1.4274735,2.680578,-0.31166616
115288.164,-2.7789493,1.540015,0.18745768
134249.02,-2.9357848,1.2754974,-0.40868902
118360.555,-2.6915004,0.11740357,0.08029058
118587.766,-0.14989333,2.8718681,0.15612078
120340.85,-0.77792454,3.006297,-0.22738878
134107.3,0.63171744,2.822112,0.025013417
120181.86,-1.558952,2.9884114,-0.00977054
127070.33,-2.713528,2.2808514,0.041736417
116292.57,-2.8920646,3.0559957,0.07878775
116757.68,-1.4270971,1.9284186,0.06727522
133507.72,-2.181003,2.7512698,-0.22008541
126145.32,-1.7851368,2.5419714,0.07471701
133793.88,-1.8012543,2.512296,0.34753382
131292.77,-2.0180547,2.9463909,-0.20523298
117886.72,-1.09097,2.275311,0.1302429
119327.8,-2.1697161,1.9836743,-0.28196535
119816.84,-0.5707061,0.78102493,0.09813589
120758.99,-4.0993805,2.8732333,-0.026531396
120021.945,-0.73089224,3.0776837,-0.11971857
123322.164,0.9282964,1.6561221,-0.12200312
117667.86,-1.8516513,1.9185255,-0.34869885
130328.336,-2.176787,1.2410384,0.08814473
126300.57,0.20948544,2.5761647,-0.10959878
119052.37,1.4325624,0.17698765,-0.022528386
119631.336,-4.612068,1.9296939,0.1576204
117945.78,-1.8623949,3.0095096,-0.120317526
120600.77,-2.0753884,2.0045574,-0.02633759
131615.73,-3.3345141,2.4679513,-0.034140572
119625.57,-1.7046896,2.071207,0.17704523
123909.63,-3.1899924,2.9002485,-0.120354
118095.09,-3.0402067,2.7508867,0.42586365
121213.72,-1.7787149,2.405577,-0.11618689
126386.516,1.457349,1.4108268,-0.0896126
118602.51,-1.0747292,2.3811321,0.37414747
120373.5,-2.0918016,2.527721,0.08210721
115449.055,-3.4455025,1.739792,-0.520128
125052.14,-0.85083413,2.2631729,0.098791614
115767.516,-0.056797385,2.6942265,0.047842268
117624.37,-3.1926627,1.9543382,0.07959158
120097.73,-3.6635895,1.8177004,-0.0836263
130252.33,-3.352072,3.1196885,-0.06744977
126697.664,-3.42199,2.8053706,0.23491547
127934.984,-0.8215311,1.9315871,-0.8894497
134822.78,-0.72934496,1.4097695,-0.20303223
124749.445,-1.6916181,1.8830192,0.8009572
119196.84,-0.99528944,2.1033375,0.3736291
117781.016,-3.9328058,2.6952167,-0.04537597
125163.195,-0.39035568,2.347779,0.101264335
119817.2,0.46381614,3.0605822,0.056930855
119569.16,-2.7320023,0.7053857,-0.08025116
128758.734,2.8658948,2.1005251,0.3222975
129860.35,-1.4358373,0.4095631,0.18844777
118421.44,0.7285635,1.0160133,0.21702617
122833.85,-1.0131472,0.67243457,0.20133619
134347.94,-2.368585,1.1563119,0.33175534
132592.4,-0.92139804,2.7697423,-0.6060468
128787.09,-4.1227684,1.0302389,0.087814495
118783.1,-3.554988,2.490004,0.14598455
129711.72,2.775304,0.085828066,-0.0064437976
119547.2,-3.6646886,2.8015857,0.0047923783
119588.414,-3.8946083,2.6506543,-0.011260262
130824.93,-1.1125381,0.11217141,0.040941853
125869.03,-2.7285573,1.4449286,-0.3399181
118404.64,-3.0233052,2.1003187,0.032787696
131277.02,-2.1999042,2.404772,-0.008865572
119841.61,-3.2171502,2.7123418,-0.5465578
116900.84,-2.7849371,2.7587812,-0.6499253
117751.734,-2.7172263,1.9830697,-0.43372747
120687.11,-3.3496783,3.0416372,0.20589508
117408.58,0.8642181,1.8193566,-0.07158254
123529.414,-0.9048721,1.7614405,0.47773343
129752.19,-2.648717,2.1139026,0.66347915
119640.76,-1.8592236,2.9652927,-0.06089152
123900.734,-0.76462543,2.904969,-0.116130695
126910.13,-1.2091675,2.9657636,-0.13154957
119465.1,-3.615306,1.1548424,-0.01024183
116166.87,-2.3678882,3.0838957,-0.27600223
134162.03,-0.6950211,2.704878,-0.26391023
128362.48,-2.064536,2.3637927,0.458868
121277.375,-1.7927111,0.08210969,-0.017831532
123137.94,-2.239849,2.8017902,0.37024236
122386.03,-1.165353,3.0340838,-0.0390302
131165.61,-0.5288591,3.081406,0.14890602
132214.48,-2.0485961,0.9083882,1.2373394
124367.72,-2.2073183,2.9604893,0.017341947
121134.5,-0.30452862,2.48393,-0.03964964
115498.766,-0.21032852,2.9331746,-0.03675516
128429.78,-3.2165034,2.7270956,0.13276064
116730.58,-1.9190545,2.9696674,0.012463801
119537.73,-1.915903,2.9801378,0.01854157
125614.445,-1.3266068,1.0079963,-0.18142858
130617.76,-1.6638243,2.4957163,-0.1622968
115368.72,0.9990709,2.23745,-0.23756249
127620.47,-1.3025935,1.9805967,-0.7080017
129896.78,-4.216632,0.798767,0.04989716
119106.92,-2.981079,2.5152898,-0.003963085
126003.086,-1.7401154,3.1029298,0.2252744
117466.9,-1.9961704,1.840788,0.36020252
127511.98,-0.9475997,1.0914055,-0.053988352
132809.42,-1.5278838,0.019163609,0.1747691
126059.52,-1.4379086,2.6430912,0.018637212
117349.12,-1.4715959,2.4476244,-0.6629675
122652.48,-1.4724624,2.8429449,-0.21604402
127221.84,-1.8776242,3.0646822,-0.15991922
123211.73,-2.1948605,0.45805213,-0.043711767
115381.91,-3.6574159,0.5832802,-0.2589384
116860.71,-1.985775,2.8523226,0.17794639
123060.25,0.5766447,2.1746671,0.10248206
115708.56,-0.45273483,0.94562197,0.20347092
132080.72,-0.94080484,2.2841573,-0.0073914146
122368.01,-3.1416433,2.1672168,-0.36111718
117627.62,-1.9879966,2.9562542,-0.0881299
126199.625,-1.2339208,2.5097182,0.19435401
119576.57,-3.4819806,2.759768,0.1139208
115430.66,-1.4881128,1.2098668,1.6015393
123434.62,-2.9429905,1.7409899,-0.18563235
124880.805,-2.9748209,1.1931825,0.05427481
125284.98,-1.8702925,2.896925,-0.15109828
117243.65,-4.126482,2.5054858,0.101325504
134078.6,-1.464632,2.7297251,-0.5001019
123484.336,-3.4368975,2.7367573,-0.20115456
126252.72,2.3683264,2.8143911,0.124758534
132112.72,-0.99953645,2.1775858,-0.07899621
129956.57,-3.0388787,2.7878652,0.14360082
132182.77,-2.6108937,1.5976359,-0.28355226
116580.92,1.6017332,1.2664737,-0.19348371
121662.47,-1.8712639,1.4402047,-0.1210982
119327.23,-3.8615236,0.3446064,-0.4365846
125841.23,-0.39927888,0.50253844,0.09201453
124360.016,0.23205,2.600691,-0.012058728
132830.39,-0.91037595,1.7343163,0.29753742
117203.21,-0.8130382,2.4664438,-0.21016735
123350.96,-3.1769521,2.35239,0.58014476
131424.47,-3.305323,2.8994608,0.0072625685
125811.09,-2.4133677,0.4430587,-0.18345971
127353.61,-3.1227353,2.6425242,-0.16092063
124518.336,-3.6087587,0.7669709,-1.5239522
117740.695,-1.0769376,1.6242884,2.1644127
118923.92,-3.8640115,0.40682846,-0.21822184
129028.09,0.2117498,2.866717,0.070230864
118783.17,-2.0688598,1.3819956,0.57693905
123378.984,-0.8853033,2.921919,0.03120306
119482.234,-2.2690048,2.0731006,-0.15452936
127893.49,-2.2877352,1.4501755,-0.074210174
115598.38,-2.8660412,2.481675,-2.1186242
126550.266,1.8202674,2.856539,0.05804435
116528.66,-1.1127629,2.5386438,0.31362215
124775.27,-0.5347687,3.1221428,-0.044307962
123460.27,-3.5512764,0.22499704,0.16458167
123298.65,-2.0499203,2.7759979,-0.16176485
119762.78,0.07795235,2.0016298,-0.22070195
117178.6,-2.188656,2.9289877,0.06014554
125351.12,-1.8286352,0.5252489,-0.85894567
126457.42,-2.0036263,2.3454025,0.048484
117482.91,-1.8261241,2.938281,0.0582285
117195.19,-4.0527873,3.0474634,-1.0098385
134248.92,-3.0558908,2.2139494,-0.7383149
116006.95,-0.6868601,2.084881,1.2000082
120354.35,-1.5276889,3.1089823,-0.23856112
127823.6,-0.7400101,3.085535,0.45703113
123861.02,-4.371596,1.2781707,0.30087936
134586.89,-2.023736,3.0404272,-0.14769852
131770.22,-0.39233744,2.0732796,-0.22633901
127378.11,-1.0813073,1.8811013,-0.18999894
126602.76,-0.11108197,0.20961738,-0.24702218
116092.66,-0.35470197,1.0128753,0.19239394
125469.336,-3.112747,2.8163304,-0.054197025
130730.86,-3.4560745,0.6992178,0.15772057
131989.25,1.3056124,1.8178186,0.5544728
122328.125,-1.2890594,1.2038988,1.0414637
130105.59,-1.7564036,0.79255736,-0.11231115
115894.86,-3.210909,0.31552196,0.21009654
119576.58,-2.388779,2.5601702,1.8190337
117437.49,-1.1134166,0.47575963,0.05295963
121135.94,-2.8591049,2.7653868,0.28445354
115104.51,1.669335,2.997356,-0.0994181
120009.51,-2.3170888,2.355247,-0.13427883
115534.914,-0.8261427,2.557645,0.2866152
131190.72,-1.0431366,3.0879042,-0.07739491
120113.11,-2.6416442,0.58942544,-0.054498985
118854.56,-3.7934701,2.5076709,0.0077759526
119764.99,1.1346574,0.21650386,0.09141588
123402.39,-2.5467553,1.7991894,0.03471275
132979.44,-3.6563466,1.9822693,-0.052707586
132952.9,0.24136686,3.0339348,0.12612846
121368.05,-1.4413031,2.1505861,0.23622054
116745.03,1.2739323,2.9570372,-0.3394832
121581.08,-1.8144162,1.908146,-0.53330654
115938.59,-1.9122213,0.96433496,0.25257814
119000.79,-3.695211,3.0572052,0.051335614
117828.08,-2.5466473,2.7163002,-0.19278459
116486.09,0.17047542,1.8063353,-0.112705186
118782.82,-1.8313068,1.250764,0.13578832
122156.62,-2.1646216,0.6128284,0.167095
120910.73,-1.5639933,0.15108061,0.23119695
129351.68,-0.4798346,2.0461898,-0.4436637
127261.305,-3.3325179,2.5827398,-0.050967775
131109.97,0.28229058,1.2958931,0.27743915
125044.11,3.502735,0.4507968,0.13321218
132707.88,-0.65652406,2.2674227,-0.23847643
115294.2,-1.8474777,2.2409768,-0.25776803
134802.06,-1.0102541,2.1493468,1.9688928
118085.14,-1.5788912,1.9377735,-0.022588668
122779.14,0.16001537,1.4408127,0.6664052
116173.94,-2.5592687,2.7665954,-0.13640319
118079.516,-0.9932506,2.8257308,-0.52391875
130187.66,-2.3148556,2.9866138,-0.23440856
130068.664,-1.5538685,0.23940265,0.054612882
130799.54,-1.2382051,2.7000136,-0.11890542
116822.74,-0.9126451,2.4630957,-0.12917562
132126.25,-1.0006709,1.5742033,-4.4318767
119058.445,-0.9111502,3.0657597,-0.02029813
125540.57,-2.829424,0.18442965,-0.1116372
120891.83,-0.3670406,0.6364732,0.33009726
118980.62,-3.3105745,2.03708,0.13951151
129130.18,-0.6082409,1.01875,0.17599551
128113.375,-2.3557274,2.9952397,-0.014706908
134074.27,-2.743823,2.309981,0.087144256
133764.02,-2.7014637,2.1382737,-2.017609
130453.71,-3.9396446,1.993566,0.31171492
118925.45,-2.6713352,1.0839137,0.24880569
124613.05,-2.336613,0.97635174,0.1740312
117018.61,-0.73394215,0.4894359,-0.3525921
117165.37,-3.8090436,1.1258376,0.37190145
120544.92,-0.2751104,2.1565585,0.4996551
131987.84,-1.8918079,1.7421085,0.18588428
118740.836,-3.4731684,1.101509,-0.15659997
130060.71,-0.4437366,3.0257287,0.03470617
122376.14,-0.9509087,1.8087593,-0.481529
119501.14,-0.97344303,3.059174,0.64773744
120432.58,-3.255786,0.16820598,0.015435711
130950.97,-2.0625892,0.19622278,0.10345708
115106.82,-1.9149923,3.0443559,-0.0073413323
121696.46,-1.726996,1.7927055,0.16339183
128301.15,-0.34960613,2.6462183,-0.012528215
115158.375,-2.2359781,1.9112971,-0.53521544
120964.13,-2.9097667,1.640555,-0.09655155
134906.11,-0.901659,2.6982985,1.2298514
125619.65,-2.9455934,2.9568942,-0.35069925
117864.93,-3.634216,0.21886793,0.16099489
125349.81,1.2807399,2.1957145,0.20194569
129775.7,-2.8905053,2.667605,0.11339444
117405.055,-1.8279631,1.9787726,0.30289063
116561.07,-0.34007475,0.1445626,0.008745168
120282.805,-2.6402771,1.0044656,-0.11722712
124289.65,2.2366807,0.863364,0.209822
119435.125,-2.5706646,0.99722666,0.06562835
129507.69,-0.27511895,0.53634393,-0.07327124
115556.91,-2.8975844,2.2862937,0.26854616
129688.33,-2.5087466,1.8485024,-0.038160805
119900.47,-1.2859157,2.7940202,-0.06422582
126263.27,-3.411829,1.5815157,-0.14774166
120505.695,-4.01655,3.117065,0.29663983
130806.16,-2.3800404,1.9751997,-0.4546466
115794.21,0.24464983,1.7094824,0.77984697
121786.39,4.9614444,0.27866358,0.09559891
119852.76,-2.4729102,2.1368191,1.8452972
130467.29,-2.4091966,1.8121866,0.4112384
118164.03,-3.5419333,0.6218114,-0.0691253
129941.39,-3.9102352,2.9930408,0.11669796
129103.04,-1.0874873,0.58046013,-0.27472663
115739.18,-0.8193924,2.8521376,0.10404801
133129.6,-3.9599886,2.6227586,0.0010551199
131554.2,-2.9365544,1.8918654,0.15766934
132186.23,-2.401665,3.0283668,-0.2208818
124103.41,-0.53314865,2.8084931,-0.27787238
129002.016,1.567952,2.8839304,-0.24306107
128491.62,-2.9039629,2.5423856,0.40531382
115101.125,-1.5250432,0.0010101795,-0.0005049046
124769.43,-2.3642595,1.756255,0.020950299
128809.14,-2.3241475,1.3933728,-0.054672856
132705.03,0.5690204,2.2555315,0.15478294
119319.85,-2.5683546,1.4967957,-0.731474
130731.46,-2.8516557,2.7561178,0.086157024
119264.64,-3.8473566,0.85548973,0.45410153
130063.086,-2.5080056,0.40914726,-0.17114297
116322.57,-3.5976913,1.4748727,-0.11466798
118596.09,-1.6602652,2.5537956,-0.09525571
127320.87,1.5490798,0.284441,0.013644666
131856.39,-2.1479497,2.0789208,-0.011339396
127469.586,-2.3980293,3.026086,0.027343087
115919.38,-0.8686182,3.0018296,0.014885284
130821.38,-0.6243673,1.1767426,-0.112982705
116153.45,0.44261727,2.9237766,0.6020894
117005.22,1.5616059,0.4571116,0.16253336
119466.234,-4.0037484,2.3671484,0.012792336
134688.36,-1.5309176,1.696759,-0.0961777
133522.52,0.44070783,1.2938361,0.16653559
133778.22,-3.6408303,1.0034704,0.31308374
128095.41,-2.3877974,2.991599,-0.06347437
134502.03,-2.4770715,1.1025443,0.05876688
127787.984,-2.3652344,3.078445,-0.10516398
118438.445,-0.92493504,2.3244479,0.09344831
130121.92,2.151632,0.095175445,0.008344202
115285.31,-1.2655085,2.4476802,0.22325695
121279.984,-1.8666749,2.598067,0.059013817
117123.73,-1.4582711,2.984817,0.0073483693
124321.23,-1.644913,2.2504807,1.8591608
116921.62,-2.0628793,2.8183649,-0.008150641
118710.6,0.8089262,2.4357266,-0.088053346
126743.46,-1.247318,2.8869462,0.1510325
124243.33,-1.9671526,0.08764529,0.0069278292
124515.195,-1.1870471,2.5766647,-0.03632394
121510.96,-2.5482388,2.3858562,-0.16198337
124280.26,0.98101985,2.0712013,-0.4387977
119700.06,-1.0273671,0.18979335,0.09223546
132496.42,-1.4032885,1.3743414,0.19473559
132304.06,-0.94660527,2.307511,0.5040335
132712.81,-1.9205153,2.6451335,-0.0144153405
131157.56,-2.1137867,0.43818098,0.036173865
126219.5,2.6128695,1.4104208,-0.18682586
134031.94,-1.9229615,0.45274717,0.06192939
125955.3,-3.1384203,3.1406677,-0.011354328
118174.14,-0.939082,2.5283322,0.9877486
118097.016,-0.0022558365,2.9344087,0.06798315
128710.234,-3.211969,2.5492604,-0.025527773
132914.5,-1.9033749,2.3293524,0.3108638
120786.875,-1.544568,2.9379058,0.07693259
119933.29,-3.467572,2.8233445,-0.080963895
120766.09,0.5862927,2.127585,-0.15021701
122584.44,-0.07592191,0.5256226,0.19096059
125108.51,-3.6257977,2.325457,-0.14297017
119627.6,-2.4446743,2.8100584,0.002964351
115680.445,-0.45674118,2.6275346,0.15886213
130217.875,-2.303072,2.2066264,0.06250894
119875.18,-3.6843472,2.6292021,0.18721376
121875.2,-3.2022903,1.0214105,-0.0630793
125887.4,-1.754891,2.8655672,0.17318992
125775.16,-1.6498771,1.2295398,0.17238888
123246.195,-1.4901242,0.90035784,1.0915878
128932.62,-1.6282871,1.2129008,0.18275924
119850.97,-1.9549073,2.92644,-0.028251443
120792.86,1.4268662,0.9144951,-1.22191
119380.78,-3.5395632,0.13460988,0.00791173
118090.055,-0.3471279,1.4545686,-0.13436374
128339.484,-3.007103,0.36527848,0.07159898
125928.55,-2.2643023,2.3523493,-0.08701985
121465.23,-2.2690892,1.5623186,0.26776007
134178.64,0.06474028,0.25503886,0.055601172
117574.72,2.296941,1.9478768,-0.16723722
116627.88,-0.21867476,2.8846276,-0.2702588
116102.15,-1.0179929,2.0596142,-0.26963675
132700.39,-1.6761264,3.0696197,-0.052301005
132363.17,-3.246021,0.21778905,1.1435481
131517.11,-2.9019473,0.22147298,-0.19505326
120972.3,-3.2107677,1.9348446,0.5757122
125034.91,-0.4577678,2.204258,0.14480108
118706.234,-3.1453133,0.66620165,0.120801084
127563.6,-1.4651339,1.3870767,0.08944256
118988.48,-2.9499896,2.7503426,0.07523741
119689.85,-2.6803327,3.1083338,-0.11706826
123098.24,2.4735312,0.58520323,0.11844652
133319.89,-2.1845849,0.8648602,0.0053523015
126382.63,-1.6072544,1.713247,0.17504248
134629.97,-1.8269787,2.1668992,-0.14020902
116924.55,1.8830495,3.0594616,-0.0407254
118732.945,-3.6985853,1.8779371,-0.19807832
134255.98,0.13803792,2.7140143,-0.109562896
118421.98,-0.8702339,2.2159417,0.36285183
133395.4,-3.143005,1.3227499,-0.4000038
126974.3,0.981025,3.1187344,0.00012938087
115166.305,-0.5780981,1.8222567,-0.23275542
129033.914,-1.0282466,0.6288198,-0.08576381
129163.69,-0.9209839,2.9383104,0.025236893
131778.06,-3.9872842,3.0402374,0.009976304
123243.78,-1.9630014,2.6123033,0.03171232
122574.695,-1.6952757,0.51497716,0.09324352
134425.6,-2.4725137,3.1393785,-0.060906988
128828.78,-1.7093278,2.980135,-0.25604585
117658.7,-2.5298312,2.3996222,0.27786976
117133.71,-3.1946657,2.790166,-0.0880121
115593.305,-3.541802,0.6586288,-0.09414068
134759.23,-2.5969253,2.7353356,0.054937784
123340.27,-0.68900406,2.8138423,0.008328907
122022.234,-0.08701304,1.7545099,0.29680297
118380.66,-2.028516,2.2097473,-0.20432381
133694.97,-1.6296744,2.8961985,0.06410654
123727.92,-0.2549449,1.5406666,0.11417384
130789.88,-2.2999234,1.1364422,-0.069274895
116884.484,-3.0093372,3.0227752,0.0026757522
128467.67,-3.8095179,2.46677,-0.6148378
116307.016,-3.1183596,2.5682046,-0.35523447
133136.06,-1.6175344,2.81288,0.5293956
129149.86,-0.08108007,1.0896959,0.37932307
116782.68,-0.80960035,2.7817333,0.066793375
121285.11,-3.0438848,2.9329941,-0.033376824
116433.81,-1.9667015,1.8133562,0.033039816
122134.66,-2.8871832,3.0598636,-0.24447748
127286.01,-3.815647,2.9659781,0.022894016
125259.15,-2.6615424,2.2650957,0.12177494
115430.33,-2.9980695,0.8734112,-0.07157857
118728.336,-0.012161474,2.9728177,0.17658366
127331.414,-3.8395867,2.158922,-0.0040951935
115313.57,-1.427761,2.767364,-0.27784207
117595.15,-1.7107873,0.614285,-0.070248544
124131.8,-3.591577,1.0998933,0.39566764
120756.15,-3.5630753,0.34124804,-0.004396138
121629.35,-1.2277833,2.2805076,0.17443329
126037.54,-1.8591295,1.8314068,0.14791143
127523.63,-2.7901254,1.8971266,1.1066557
120364.43,-3.8458674,2.4302158,-0.3126462
121880.95,-4.2419806,0.9007506,-0.12455215
118151.414,-1.9627954,1.990149,-0.029174305
131284.17,-0.35610268,2.9789917,-0.006297162
120792.92,-1.3060839,2.2822163,0.07546952
121908.555,-0.3246588,3.077562,-0.020911863
124724.98,-2.3453562,1.233876,-0.33707342
133974.25,1.8002895,1.7267659,0.23032004
116388.625,-2.985831,0.64618456,0.19490382
128180.055,-2.9526823,3.0132227,0.06671729
122331.31,-2.6871636,1.7139624,0.3977818
130657.17,-1.4639877,0.8984318,0.7319362
131491.7,-2.8909638,3.1351323,0.082892284
134219.1,-2.1651618,2.976135,-0.23486264
119786.27,-0.7106775,2.4468539,-0.47282124
116096.99,-1.6422858,1.1711072,-0.16597143
116747.625,0.015207184,1.5225452,-0.20662661
116140.88,-3.371743,1.9350415,-0.896426
120789.71,0.029797511,2.6026914,0.08087494
131969.66,2.6425054,1.666912,0.119197965
134229.72,-2.7989728,0.70808876,-0.061225064
128516.43,-3.6159449,2.9478455,-0.12726684
116940.164,-3.2018266,2.742606,0.106944576
115584.555,1.2603116,2.926192,0.007142616
134487.72,-1.9402877,3.1400902,0.056043755
121803.86,-1.4048232,2.6859818,-0.019202381
130304.59,-3.587373,1.8153958,0.5548704
132732.77,-3.0463014,1.0333021,-0.062150676
116658.36,-2.4312053,3.0955646,0.02662618
119219.516,0.49673504,0.16415101,0.03923199
122783.195,-2.604897,2.76763,-0.10532309
127240.03,-0.92476904,3.0638275,-0.06941852
118534.26,-1.7017299,2.042865,0.5745113
115008.19,2.6706522,2.1347299,0.20654626
128642.01,-2.6219883,1.7295469,1.0152359
115374.96,0.63380086,0.9088581,-0.6482034
115204.54,-3.105306,2.528218,-0.02678323
120347.63,-3.4206483,0.39095154,-0.2655443
130106.586,-0.24593186,3.1357067,0.13535659
132091.17,-1.7647467,1.386409,0.016830962
123184.18,-1.2716401,1.6560063,-1.6860889
129860.38,-2.2215426,0.25174487,0.08778072
130626.55,-2.7367349,2.5227377,-4.7065132e-05
122016.64,2.0012276,1.3771553,0.22929554
125802.28,-4.025094,2.979485,-0.069879405
115354.375,0.42446128,2.8649893,-0.0017427924
133358.95,-3.1880095,1.055169,0.4565235
132121.23,-1.5724175,2.9509783,-0.19375543
133461.89,-1.1358237,2.7175984,0.08643067
131171.69,-1.3767611,2.5277848,-0.053300574
128188.98,-2.030994,2.27278,0.28616136
126736.67,-2.322411,3.0550253,-0.038072933
131335.28,-1.9186782,2.648686,-0.06371078
118508.234,-3.0529447,2.4424832,-0.20716637
124694.91,-2.5802844,3.1404164,-0.12837835
121561.38,-1.3376918,1.3906819,0.06780676
116089.71,-3.8035989,0.34128988,-0.059343763
116169.016,-2.0345821,0.9948376,-0.10047373
126414.53,-3.6699533,2.4273946,0.06253871
133068.2,0.123599604,1.5567608,0.38757643
122135.445,0.9308501,2.4739783,-0.0668719
116417.664,-0.49308822,2.684686,-0.052757766
115668.055,-1.6411326,2.620131,0.060323562
121599.33,3.1422641,2.8415866,0.20411268
122199.945,3.6496673,1.3262874,-0.4593233
119374.375,-2.5291183,1.9596198,0.7305324
118868.72,0.02046774,2.9058883,0.016779654
123674.0,-0.21229923,2.938269,0.2224777
121358.586,-1.3532665,2.6570473,0.66075754
124890.43,1.0028058,0.3611797,0.18757327
130995.24,-0.6036507,2.8669755,-0.026776044
122999.84,-3.0977967,2.8707862,0.08603451
133643.33,-0.20192014,2.9073794,0.22185382
127859.72,-2.4323478,2.981778,-0.07891358
129946.05,-1.5903978,0.47219753,0.118059665
130044.58,-3.2125762,2.9877799,1.1425686
122331.1,3.0202105,3.0204952,0.017921597
131978.53,-3.6937728,1.713542,0.086432815
116359.71,-1.2407674,1.9146881,1.1237863
128106.94,-2.06842,2.8063183,-0.08988426
133606.97,-0.795654,0.5203551,0.04664927
123696.95,0.6006276,1.8886769,-0.46872306
121020.78,-3.6104443,1.7981762,0.49287665
115185.23,-2.8853261,2.369908,0.12832046
120685.59,-0.00746112,0.46471813,-0.15067814
121785.79,-3.4290192,3.1170707,-0.035452086
119532.766,-2.6218486,2.669796,0.08000019
130381.97,1.6805755,2.7542472,0.056517333
120548.445,-0.35272402,3.0791533,0.0072675273
118888.164,-0.9165739,2.835882,1.6240205
124141.75,-2.2105234,2.6576357,-0.05213103
127477.09,-1.5037271,2.5152545,0.03905176
123560.586,-2.374149,2.760458,-0.045075208
127541.58,-2.7257648,1.2559494,0.09012564
133294.84,-2.983635,1.1432587,0.17687878
127239.37,-0.45887244,0.556974,0.21988933
130987.375,-0.83961695,2.738405,-0.01691031
115852.58,-0.48148236,0.52927643,-2.1003246
125904.305,-1.3584181,2.198975,-0.34741136
123155.0,1.3611828,2.6268594,-0.24048969
121503.695,-2.424561,1.2924758,0.16985545
128669.99,-2.126025,2.3196723,0.25267026
118180.17,-2.082781,2.8350973,-0.17834517
129888.195,-1.0133091,2.7866066,-0.14264421
119699.37,1.7127833,1.9258046,0.15485558
127422.875,-1.9395117,2.403186,-0.04858373
123650.86,0.7033892,2.8423212,-0.055668697
122235.06,-2.9227142,1.2466925,-0.08345533
129182.37,-3.3904731,1.0815682,0.28436935
125315.38,-2.9805298,1.382252,-0.08585904
124133.84,-3.6156766,2.4787316,-0.36951774
127466.48,-1.8757467,1.851956,0.34445614
118823.48,-2.5505598,2.9506493,-0.022678731
115360.945,3.8837333,0.6510223,0.059689503
128539.98,1.3087695,1.7733239,-0.08730362
122947.44,-1.8343726,0.5452064,0.17570859
132633.78,-3.6048625,0.24964666,0.31386337
125682.36,-3.4567137,0.30136728,-0.15872394
122496.1,1.7244434,1.5433047,0.87681663
124980.11,-2.344327,3.0530593,0.12124484
127678.5,-0.7079374,2.5094502,0.12756187
120870.484,-3.4887056,2.5506907,1.0630252
121090.9,-2.5051947,0.18201041,-1.6616477
127768.71,-2.7489214,2.3082669,0.20236857
116993.69,1.6527647,2.9112997,-0.045235585
133885.2,-1.3405486,1.2823814,3.4480221
119487.94,-2.0872197,2.34591,0.11550545
129705.29,-2.1400673,1.4124877,0.047013883
127903.44,-2.3515952,2.1996355,-0.1277268
133469.02,0.4358691,0.9704435,-0.35217914
125785.79,-1.0650659,0.47054613,0.09617059
127755.3,-1.8226305,1.5992348,0.18819152
130820.875,-1.4059399,0.59308565,-0.49414378
124253.586,1.2889248,1.041482,0.45338237
120623.23,-3.388007,2.4446056,-0.31105578
129890.586,-0.32893053,2.224342,0.06225446
122954.74,-0.512563,2.986509,0.4216349
115158.0,-2.5576346,2.5960257,0.33807608
118673.96,0.25024638,3.0363636,-0.11251902
132335.61,-0.35631323,0.94930995,0.24397767
130910.16,-3.063366,1.0793492,0.26301828
120235.99,-3.2151217,1.9920857,-0.14926244
131426.17,1.001509,2.1175983,-0.37369844
126343.28,-3.2713377,1.4384333,-0.12708771
118926.13,-2.5136652,2.395807,0.4052909
115529.54,-2.0853233,3.1174219,0.2360591
130823.28,-1.7045469,1.9232433,-0.008937024
121956.43,-0.30430087,2.9708006,-0.018380826
122996.516,-2.7895849,2.6544433,-0.09328675
132616.81,-3.2845743,0.44007176,-0.06537945
134611.12,0.5813322,2.7456524,0.04307991
128414.92,-2.81252,0.6005643,0.21216074
117728.375,-1.3382926,0.037904024,0.0064147785
122750.37,-0.9236099,2.9211514,0.099097915
119368.45,-2.5957124,0.122662544,0.033579726
120173.75,-3.6133492,1.4892112,-0.10935115
132917.75,-1.6969984,2.7607646,0.04478118
122674.14,-2.7636347,2.0519805,0.27242082
127434.63,1.6671206,1.871035,-0.29051173
123502.87,-0.3846842,1.9654233,-0.43691978
119377.88,-2.8281791,1.8836417,-0.25157586
130718.41,-0.8129012,2.6576266,0.023276802
122345.94,-0.48715833,3.109031,-0.038560286
127106.734,-3.2501478,0.16741848,-0.121789634
131346.58,-0.6517416,1.9290572,0.09700412
117912.47,-2.2618477,0.81890583,-0.16501324
128337.14,-1.1317903,2.451416,0.1874152
119820.695,-0.63625443,1.5939916,-0.519278
128537.09,-1.1100271,2.7097588,-0.34750465
127161.91,-3.2866101,2.0533316,0.001453872
133432.6,-1.7323245,0.14827621,0.087850474
129912.05,-0.21759924,2.6399057,-0.017089931
121878.61,-4.0462623,1.8916812,0.48365855
130630.77,-0.027189163,1.2909566,-0.084737584
131237.95,-0.28865927,2.449717,0.0921989
122409.25,-2.0960279,2.6285918,-0.6243347
123186.33,-2.0246108,1.7627506,-0.29732573
123153.125,0.6361243,2.8697693,0.29163074
124979.32,-2.6188347,3.081527,-0.18464871
118893.93,-2.4083173,2.2515683,0.15130396
127904.93,-4.000812,1.1782428,-0.10271353
117584.734,-1.7160517,0.22547174,-0.24402574
134044.8,-0.24204768,0.79300106,-0.07552094
120834.57,-2.6148374,0.3914175,0.087455645
127244.734,1.8118733,2.3645823,-0.80263704
131733.3,-0.40845314,0.6595991,0.37151724
120618.9,-1.6850207,2.9924116,-0.020926699
134651.2,-1.044746,2.9314482,0.22675008
125177.94,-2.6051807,2.200012,-0.099035144
125271.3,-1.3291948,2.1729903,-0.15146586
131593.88,-2.781702,1.9272889,-1.3651086
121267.2,-2.4048626,0.99111325,0.274085
127741.48,0.9402332,2.0547235,-0.12316005
117501.07,-3.915596,0.23312974,-0.022044875
115402.17,-2.9281595,0.5228429,-0.05285596
126046.44,-4.96838,3.0463412,-0.7451252
123495.766,-2.8451667,2.321184,0.12512565
116213.44,-2.5750806,0.12783921,0.11977733
130838.734,-3.7711427,2.9399319,-0.108996294
131887.61,0.07440951,2.5965233,-0.14182219
129282.555,-1.4288338,3.0531833,0.033680614
115429.31,-2.4058394,0.4262573,-0.03444059
121519.21,-0.40658382,2.5966988,-0.12784095
126963.21,-2.845871,3.030573,0.049701862
116296.65,-1.6448468,1.934501,-0.07657815
131606.97,1.5495392,3.0266643,-0.44910416
122528.805,-0.79441184,2.2598448,-0.22542861
124309.54,-2.6935968,2.6000924,1.0536027
128568.234,-0.6835535,2.902218,0.02684973
118946.625,-1.2499456,0.91995704,0.69390744
118703.8,-2.383618,2.7120183,-0.5606868
117594.65,-3.557964,2.9879494,0.24553497
118804.16,-0.46422032,2.3218803,-0.053571176
131305.69,-3.0335975,1.1187224,0.057262734
124388.07,-2.0838926,3.0704267,-0.06486153
115227.88,-3.7959888,1.9239674,-0.07511192
130239.484,-2.5006328,2.9688845,-0.30614984
117160.21,-0.2574042,2.9917002,-0.05125321
134696.4,-1.3565506,1.814547,-0.3030425
131685.33,-2.8026507,3.0127444,0.3544074
118864.85,0.077463396,2.6379278,-0.19670749
128236.4,-1.9994074,3.1288333,-0.07337373
121865.94,0.5213354,2.9537282,-0.4841103
124186.77,-0.7657193,3.0583086,0.28619358
123269.59,-3.4811244,1.0609825,0.069308676
117339.18,-0.33500448,1.1092964,0.07795546
128742.234,-0.998003,2.252642,0.46239683
125601.99,-4.1557293,0.4596591,-0.1318733
124086.11,0.2510048,0.28279382,-0.04570087
117025.24,-2.3362834,2.9331007,-0.58847773
120128.086,-0.102935195,0.1752963,-0.062679134
131870.6,-3.8141127,2.1967268,-0.13463423
120768.06,-1.6090584,2.2749474,-0.02756834
132355.73,0.5270539,2.6259074,-0.28829923
128540.74,1.3050122,1.3288095,0.2228421
133234.58,0.3994442,0.3214904,-0.13534646
131538.48,-3.300574,2.328603,-0.1569492
123492.94,-3.0849886,1.227054,-0.12708047
119779.58,-1.333894,1.9581194,-0.21659508
116751.3,-3.0177162,0.56430125,-0.05756042
127436.36,-3.730156,0.25072074,0.090427935
120288.77,-0.45794898,2.9546375,-0.04642886
121982.43,-1.391293,1.8647941,0.07191734
117258.13,-0.9289739,2.7642846,0.44965363
118722.836,-1.4809568,3.1120741,0.019974405
121380.01,0.8599915,2.4429967,0.2421554
124253.25,-2.1039855,1.7742225,0.024816357
116659.945,-2.4166112,2.7134428,-0.0064382185
127187.47,0.4362777,2.812798,0.16829629
115087.19,-2.6618145,2.3448389,-0.1713523
117312.48,-2.606157,1.3158436,0.329656
115393.57,-1.0789397,1.6850492,-0.11183595
123166.03,-2.9393299,0.914684,0.07296716
126417.85,1.0652386,3.085651,-0.031985145
117401.68,-1.7379881,2.9462562,0.14844644
115760.586,-1.6229964,0.992687,0.18343239
116119.234,-3.1615305,0.47768116,0.065441646
121751.98,-2.5195482,2.3081975,0.09911955
120849.9,0.25624505,1.6529678,0.36765268
117991.54,-2.9197435,1.8933727,0.23366576
125088.086,-3.147552,1.5435642,0.38460895
121433.664,1.8523978,0.18611124,0.034773126
119564.83,-2.5075917,2.6466107,0.019499952
115208.8,-2.1848216,2.9512134,0.067147166
115685.1,-1.5497973,2.642051,-0.17514029
130242.49,-1.9741085,1.7024825,0.028736342
124449.586,-2.348164,2.635867,-0.22457778
130007.24,-1.3766195,2.9230351,-1.3235381
118109.86,-3.0932856,2.9359674,-0.05765596
126885.13,-0.88985527,1.0079029,0.32522273
117887.54,-3.711183,3.0026155,-0.041648727
130670.516,2.1321607,3.0418324,-0.05563688
128441.47,-3.4067829,2.4377692,-0.2934962
126455.94,-2.3145578,2.3217719,0.02011889
128382.55,-1.0203335,2.9690602,-0.03569889
124269.44,-3.913728,3.1126287,-0.111095436
123022.54,-2.116643,3.0941896,-0.0365236
121966.37,-1.5042242,2.0532012,-0.09014672
129259.76,-2.6718018,2.8993113,0.294631
122084.086,-3.563378,2.243499,0.49897873
121172.26,-1.483236,0.043605328,0.061525535
125370.0,-0.70505995,2.8267388,0.043056376
126525.77,-0.49048388,2.4706895,-0.031434707
125172.73,-4.17022,1.1415838,-0.0015882923
132349.4,-1.1183119,3.0455983,0.12164927
119971.086,-0.5279865,2.4979057,-0.06825857
117988.03,0.9930987,1.1892499,-0.18392181
119555.734,-2.1226604,2.594405,-0.15018575
132987.53,-3.6019545,2.2517715,-0.04991829
120318.81,-1.3316664,1.5963507,-0.9200765
130715.6,0.46692255,2.959167,0.22472177
118908.45,-2.1983058,1.5733813,-0.17457013
123582.43,-1.9846429,0.41512042,-0.10889261
120737.07,-3.4420016,2.126391,0.15291247
127225.79,-3.687403,0.8440914,0.055390522
131096.03,-3.2209883,3.134996,0.03627989
126538.73,-2.4531004,2.3664246,0.35339436
120438.93,-0.56897706,1.1989172,0.20705198
130711.64,-2.428831,2.1596723,0.94547486
119170.836,-2.4244063,1.6765605,0.19371708
124278.34,-2.8671818,2.9357939,0.0656686
134852.64,3.2067616,2.391253,-0.8255921
127970.87,-3.4001162,0.43773866,0.059284825
117466.375,-2.279955,0.5916233,-0.11042622
132137.62,-1.7227967,2.2219098,-0.11176933
125744.45,-3.9276838,0.4398036,0.043690972
127288.93,-3.173639,2.8587637,-0.16852166
133940.53,-4.0715427,3.1275775,-0.14591996
119406.09,-0.995691,0.20771587,0.036684092
130803.99,-3.510942,2.6219862,-0.36262068
126724.32,-3.8442135,1.5056465,-0.14243017
120465.53,-0.25635803,0.78616023,0.07668213
129646.36,-3.0002468,1.079053,0.1466248
115326.9,-1.8966943,2.5185654,-0.14595662
117126.07,-3.1822913,2.6876318,-0.12291733
122991.52,-0.8801325,2.7912087,0.22573066
129796.02,-1.831107,2.7918472,-0.7438152
128911.84,0.73803496,2.9847386,-0.20553479
118350.164,-2.4219782,2.8274646,-0.004030499
125575.1,-0.63869095,2.8889103,-0.07792826
122454.414,-1.3828484,1.3894702,-0.09463055
119112.945,-3.5711775,2.4140089,-0.12839562
130098.04,-0.92865777,2.358373,-0.67665815
116335.836,2.2064238,0.31989813,0.3569815
128541.31,-0.9025664,2.8156059,-0.067713216
123837.42,-1.125021,0.35158384,-0.14770685
133195.2,0.9579428,3.0636773,-0.07403045
128943.414,-0.30554217,1.6222876,0.30150664
127462.78,1.4696964,1.8371173,2.2170362
117153.74,1.5001724,2.754771,0.101742506
115208.58,-3.0379548,0.2411257,-0.062340472
118911.09,-2.1966157,1.8497447,0.12414349
116031.28,-2.2544186,2.4635203,0.2712706
120752.81,-1.6913894,1.3747082,0.3623104
117803.13,-2.216397,2.8437915,0.049766257
128681.016,-2.1520298,2.896586,0.13736273
115297.195,-0.8066891,0.23865242,0.07182025
120433.36,-2.7153141,2.226449,0.19186157
118080.51,-1.3766992,2.2949314,0.15589528
127329.14,-1.532841,1.1422814,-0.13819109
126295.66,1.2019031,1.7252003,-0.10294441
117536.28,-0.35459283,0.101926565,-0.08200741
129454.484,2.418386,0.8105885,0.14990956
121883.5,-3.2931376,3.1328254,0.3981691
125523.125,-0.7613873,0.3737538,0.061639566
131006.7,-2.9539359,1.0052538,0.10835818
116435.69,-2.5519354,2.6119053,0.12489735
126997.125,-2.9909277,1.5042341,-0.26223147
129286.73,-3.5742555,0.8237957,0.09942178
119774.39,-2.0685034,2.0606835,-0.3145464
116040.6,-2.7906456,1.5188521,0.21073277
116985.22,-2.4738498,3.1005912,-0.010847907
128510.836,-0.5863034,0.82538694,0.08655537
123326.16,0.24234217,0.70339525,0.2802939
127375.34,-3.1941583,1.6915272,-0.04704701
124913.08,-3.6176703,2.9061635,-0.034558553
130053.57,0.4218733,2.381534,2.0943794
115294.9,-0.73034835,2.462785,0.18199416
120165.375,-3.1486542,2.3775663,0.22059615
132660.05,-3.3782127,2.8929286,0.15267488
129812.93,-2.3049033,2.016167,-0.1779943
120450.836,-3.5965152,2.3595908,-0.23235491
116874.59,-0.90018296,1.244446,-0.29212072
120834.5,-0.24255797,2.7841103,0.18333712
124447.64,-0.115731634,2.5450852,-0.04330739
134126.27,-1.663267,2.9186916,0.021976946
125101.96,-1.668429,2.0807047,-0.84888977
117767.62,-1.9172875,1.0707785,0.09262774
129833.59,-1.8975619,0.34726858,-0.65955365
122508.945,-3.3171573,2.906918,0.05126237
128367.63,-1.0596577,2.3402529,0.38305166
120434.38,-1.5886743,2.9149985,0.2609038
128284.03,-0.97455657,0.5358704,0.4967904
126690.22,-2.813815,3.0098455,0.06192394
128813.39,1.122422,2.3816988,0.05773734
128392.08,-1.8836292,0.015193939,-0.01147804
132298.64,-1.403331,3.1051087,-0.01789502
118792.195,-3.6308565,1.7102565,-0.6204478
130589.17,-3.8790114,0.5922159,-0.32431778
126232.82,-0.19752227,2.576153,0.013011671
132064.38,-2.060296,2.4113703,-0.0706154
116816.86,0.18896171,2.046072,-0.33827585
122857.14,-2.023314,1.0989481,0.14550999
124423.64,-0.32441393,1.4362571,1.9966192
124031.62,-0.5804605,1.3552709,0.33096263
123340.66,-3.1538053,2.4872942,-0.077387534
127987.25,0.83220065,2.31338,-0.42945406
134488.1,-0.91666996,2.5339622,-0.08127036
119470.94,-1.5075594,2.8440254,0.12824032
121050.055,-2.8983269,3.0610328,-0.13802479
129394.5,-1.9293073,3.032631,-0.20553811
116524.91,0.57652485,3.0655153,0.24360342
116229.82,1.6907752,1.5870202,-0.21797445
129141.9,-3.4276707,1.6775081,1.3119859
118471.92,0.72514385,2.8799896,-0.08462735
129720.36,-4.764747,1.9753435,-0.27786806
119190.24,-4.1990747,0.781533,-0.16766053
125220.945,-1.8317999,1.9530108,0.26338643
115837.09,-0.4231442,0.3830477,-0.4122319
128277.125,-1.9156791,2.1707778,0.3759088
115019.63,-1.291593,0.95242554,0.48338607
124736.5,-0.2773665,2.4928572,-0.16832426
122969.76,0.94133264,2.4911692,0.04891806
120848.555,-2.3675642,2.917101,0.35985032
123092.664,-2.3043394,0.026699543,-0.003332358
121972.58,-1.8159392,2.675881,-0.05454048
118404.35,-3.2307227,1.1417652,0.069320455
121400.1,-3.6025822,3.1132002,-0.020656059
127866.766,-0.24900295,0.31279635,-0.21931513
128049.44,-0.6387012,3.1051025,0.21921232
120714.57,-3.5655963,2.786911,-0.09991442
118269.07,0.22468084,0.14456582,-0.06570307
115323.87,-3.8793285,2.0380166,-0.10555757
116461.87,-2.4143527,1.8895116,-0.015670745
133902.2,-1.9920547,0.020093203,0.023124143
119989.71,-3.1843922,2.92908,0.06087324
132658.69,-2.2984152,2.7351215,0.0040328857
128848.664,-3.8831596,0.81785834,0.12074345
120568.625,-1.9219459,2.9185884,-0.05581881
122304.734,-2.819699,2.1963098,0.24956036
131268.22,-3.1157486,2.9304998,0.1689165
130369.46,-3.103619,0.24636011,-0.22067821
119883.414,-2.4434395,0.46275592,-0.13067682
134911.95,-2.5521414,2.929415,-0.32425216
123202.01,-0.5039953,1.5070037,0.10587474
118785.36,-2.496464,2.457758,-0.07355301
134570.14,-0.2415397,0.43735135,0.18294568
123862.37,0.071039304,1.5578282,-0.11171764
123680.01,-3.4806058,2.4805324,-0.08141341
117261.22,-2.6059046,1.6654291,-0.33138937
123716.91,-2.8372238,2.8731194,-0.09618699
128385.16,-0.5764305,2.1338959,-0.5912023
119874.98,-0.5539656,3.086433,-0.07778472
132695.89,-2.5790803,2.0771387,-0.19049124
120250.164,-0.9879149,1.6536555,-0.19247569
126257.91,-1.5951368,2.0873628,-0.4076637
121921.45,-1.5715101,3.0149157,0.2436486
131380.78,-2.7533264,0.20502496,0.04790774
117162.91,-1.4755546,2.5660138,-0.2228765
128882.54,-2.8863518,2.9580655,-0.111013755
118758.64,0.44777647,1.4897759,0.15116532
116364.98,-2.6474183,2.5648756,-0.12986235
121110.44,-0.6843774,3.1260927,-0.061302997
131662.12,-2.8891895,2.159473,0.27712622
129938.15,-1.0977103,1.6870607,-0.07891016
117969.375,-0.893532,2.9329531,-0.18887918
132773.56,-0.35145134,1.029034,-0.78569597
118743.695,-3.921223,1.8406594,-0.037642445
116042.08,-3.4258113,1.4149559,0.07977214
131709.97,-2.1684527,3.1282935,0.036055755
115014.12,-2.0531642,2.8031592,-0.16173406
128620.195,0.35835,2.2353656,0.2014313
125364.15,-1.6039052,2.2107623,0.13812605
126273.64,-2.3122346,2.516302,-0.0772288
132885.05,-2.075666,2.2291613,-0.10396086
131081.0,-1.997868,2.7894776,-0.02544818
124235.61,-1.3476536,0.95930916,-0.21738157
129946.58,-2.9870062,1.082066,0.5648338
123900.8,-0.76441866,2.6896691,-0.05287858
122992.27,-3.507264,1.1421733,0.26985395
117910.69,-1.0890173,1.8276708,-0.27077726
117046.37,-4.311271,2.3064206,-0.039181773
123795.58,-3.7718394,0.6155949,0.14366281
118566.484,-1.6733171,0.011434853,-0.03141949
134285.84,-0.23634835,2.8369923,-0.100055054
119345.32,0.71752685,1.9571098,-0.25467375
126896.87,-2.6233575,3.0219047,0.057727903
134290.2,0.0011345862,1.7312225,0.13077614
116526.31,-3.7266233,2.7445643,0.06432454
118645.41,-1.0048368,0.5168283,0.027929788
116437.95,-1.5329473,2.2305055,0.20898786
125681.86,-3.0438147,0.02681166,-0.1313519
123625.9,-0.99243397,1.3374143,0.23046419
120963.34,-3.6458452,1.2529418,-0.15001372
127102.19,-2.5194197,2.5825987,-0.42286217
131406.05,-2.160702,0.17630267,-0.12162382
131458.84,-2.1034834,2.6134794,-0.1385688
123223.7,-3.0867977,2.8287091,-0.086491816
121717.016,-2.8876593,2.8482785,0.02119024
122664.85,-1.1952411,2.2421384,-0.29592332
128274.53,-4.5153356,2.2535746,0.60414606
130584.74,-2.174693,0.10695422,0.5302318
118781.86,-1.1410176,0.34758258,-0.18056212
115723.78,-4.1485343,2.4364138,-0.15092152
132491.89,-3.472729,2.7549446,0.03797283
124733.65,-2.7504554,0.3121276,-1.2650069
116007.875,-2.244536,2.820105,-0.18042158
133415.25,1.0845009,1.3807813,-1.0212827
120140.74,-2.6530724,2.9275844,-0.065256014
128003.23,-3.48021,2.452585,-0.0444434
116460.14,0.4305668,3.033135,0.25205752
116905.74,-0.9920185,2.7197583,0.020278452
117445.875,-0.36898366,2.0466099,0.15645258
121614.44,-0.09437733,3.090073,-0.065502666
127843.15,-1.8993441,2.7840154,-0.34636006
125895.89,-2.1043003,2.5438852,0.11850317
118283.71,-2.8513496,1.5550416,-1.1425141
122431.64,0.36060482,2.0860405,-1.9527655
122309.12,-0.81577486,2.9496264,0.028362038
119940.42,2.6489108,1.299517,0.42597765
116536.9,-1.3225856,3.1179698,0.048720784
129665.07,-2.057763,2.2931278,0.07689067
115115.125,-0.79059464,1.5255253,0.11804849
127099.195,0.4856439,1.6046445,0.39950493
132008.9,-0.4229835,0.010081887,-0.0591304
119950.35,-2.1451046,3.0124338,0.011984892
121180.266,-3.0547376,2.7624123,-0.057304394
126891.555,2.9946563,1.2383574,0.37600142
131674.4,-1.8897333,1.8083934,-0.6258937
121864.85,-0.1325939,1.1287504,-0.08295336
116599.74,-2.858425,1.326857,0.01017077
129506.445,-4.4239464,1.2751361,0.1808408
129517.56,-0.9913594,2.4457726,0.111767955
116306.02,-2.7995324,1.1254414,-0.12089748
125222.625,-1.5710342,2.7341495,0.10981174
133555.88,-2.9786854,2.3265548,0.060213998
115628.414,0.5468946,2.318185,0.66382223
116408.21,4.6872,1.5882589,-0.19164687
125893.07,-0.9800061,2.3988519,-0.23279947
119656.875,0.2166341,2.5664687,-0.03021846
121396.625,-0.58464855,1.6610323,-0.2611632
124067.66,-1.9624156,0.87538886,-0.078982174
118334.87,-1.4432582,0.77361655,0.16121757
123968.305,-4.022673,2.8204625,-0.020239169
119370.52,1.7928276,1.8879273,0.123983994
124887.43,-0.2357718,2.7288618,-0.24958271
121441.555,-2.133749,2.41953,-0.018042926
127928.8,-1.9989883,1.2340196,4.7982016
115327.05,-0.7912455,2.15735,0.02693053
132546.22,-2.697012,2.0573504,0.17716916
134311.2,3.3379354,0.40686446,0.118665
115045.12,0.5828256,2.1707292,-0.1716285
120351.625,1.0489329,2.8339384,0.23900437
115580.516,-2.4210656,2.9730527,-0.15845028
126127.51,-2.023429,2.834546,0.02325631
115497.28,2.8286006,2.9060793,-0.0055640303
123842.8,0.41918507,3.1315355,-0.18980703
117341.01,-4.322062,1.176602,0.2949492
121777.76,0.4128932,0.8043591,0.12018977
119533.42,-2.5899482,2.2434006,-0.058599707
126619.95,-0.30502692,2.0120583,0.103513256
123389.51,-3.1483579,1.8602111,0.02393384
115753.695,-0.20874558,2.8796756,0.12162734
131982.03,-2.2872076,2.6499941,0.051537607
123226.5,-2.0393627,2.3371546,0.03191369
127000.42,-3.599713,3.027901,-0.02559696
125935.44,-0.42107216,2.7910962,0.0066145207
125642.3,-0.6209461,0.5585078,-0.049461406
118487.375,-3.5678558,2.8959658,-0.019109752
127324.625,-3.1397905,2.9325664,-0.032804154
122402.72,-2.3039694,0.468602,-0.041985705
129508.53,-1.3637826,2.6400793,3.246285
126474.914,-2.5799823,3.0850153,-0.022158902
133793.69,2.2030478,1.9516189,-0.13320056
122970.43,-1.7506925,2.5418844,0.027931053
134609.2,-2.8217688,2.1725595,0.048364036
117986.945,-3.6503253,0.7333602,-0.016770843
116499.9,-2.9193425,2.7174165,0.0027243923
129597.46,-1.6590731,3.0608957,-0.22838902
118062.1,-3.5039263,3.0418923,0.0678378
130466.22,-1.5708097,1.7693027,-0.6263844
120283.23,-2.5079267,3.0010784,-0.2601485
133544.17,-2.226556,1.241278,0.2713089
134893.88,-1.166425,1.2397771,-0.33697015
118783.97,-2.1597974,1.517659,-0.057405055
119717.51,-0.85604703,2.473821,0.07927206
116557.766,-1.2424557,2.6355257,0.10700256
125491.664,1.2354368,2.7967248,0.1969263
128916.266,-2.4512382,1.025384,0.1875166
124992.27,-2.637923,3.00456,-0.027303914
124406.4,-2.5762353,2.811217,-0.32132226
118529.39,-0.3025351,1.8929633,0.100106806
120148.32,-2.6496282,2.5474186,0.08609052
119146.01,-2.2197275,3.0806463,-0.0014651453
123478.48,-1.9718822,3.0844398,-0.097201385
123018.86,-4.009106,0.70658445,-2.2982206
118807.08,-1.0517975,3.1257555,-0.01081324
130102.83,-0.25316632,2.5251098,-0.062655106
119905.27,-2.8670197,2.8139336,-0.16430518
127190.9,3.0664499,0.5432458,0.054149315
134762.55,-1.6059449,2.515581,-1.1460358
119951.5,-2.8578303,2.7801178,-0.16406922
118059.03,-1.867349,2.8275375,0.19145475
119526.16,-2.0501595,1.8067921,0.39971584
117820.15,-1.9741137,2.59263,-0.07437547
116943.875,-2.6769457,2.3744469,1.1678091
124635.875,-1.6335751,2.8873444,-0.06209101
130157.95,-0.41483507,2.1291685,0.0070948014
131787.75,-2.5054934,1.6710643,-0.50731105
125383.93,0.96811897,2.5943644,0.079301685
118706.05,-2.9880452,0.8597522,-0.14010441
133165.86,-1.8314376,3.089917,0.04681314
134558.77,-2.2305958,2.4900382,-0.09539612
116513.1,-2.6989362,2.7383862,0.16429605
122302.19,-2.4536278,2.483544,-0.17455615
122563.94,-2.469427,2.0894625,-0.023659166
115950.64,0.35834816,1.6622425,-0.30394894
123924.625,-0.29306692,2.991209,0.0043078912
129559.44,-3.4245653,3.131033,0.15468027
119760.55,3.1696458,2.2849061,-0.12085061
129352.766,-0.4808042,3.0628264,0.013048319
117914.01,-3.2291756,2.978433,-0.096020274
133839.8,-2.698,0.26016402,-0.2511934
126405.2,-0.12160617,2.3914642,0.24671648
115076.54,-0.019441864,3.0392146,0.03161428
116637.8,-2.2145836,1.4368532,-0.08137591
116922.35,-2.7209125,1.7786517,-0.1247652
131101.81,-0.73470545,2.9601972,-0.036888406
134535.69,-1.4457915,0.7378717,0.18530431
116494.33,-1.5823408,1.5570135,0.40175495
134299.66,-2.0864408,0.37392038,0.040035177
119911.84,0.152856,2.5639133,0.50793016
126648.99,-2.9379404,2.7165945,0.23578987
120216.34,-0.6162726,3.0022657,0.044147942
127840.82,-3.776919,1.6631871,0.082225546
131081.03,-1.5704752,0.6535377,0.5620323
115017.016,-1.7551596,2.555028,0.22041276
132042.2,-1.4683353,2.721158,0.0044014384
118924.27,-3.8132172,0.97539175,0.20095159
133797.27,-2.6338022,1.6648213,-0.12833028
124218.484,-0.6209092,3.0920339,-0.068654194
118517.12,0.8082297,3.0310254,-0.063076966
126180.9,-1.5946172,2.629675,0.07628778
115153.5,-1.6393862,2.7200222,0.10921255
122950.45,-1.7291672,2.613472,-0.094795525
129394.05,-1.6247957,1.6753682,-0.32491997
133244.52,-4.0326953,1.6001887,-0.19272979
132919.08,-2.8312483,2.94403,-0.051352285
117562.09,0.17709164,0.071903825,0.023396282
118747.39,-2.784846,2.8075573,0.25509635
128773.64,-1.6162926,2.8591943,0.06988798
125148.086,0.031544935,1.10705,0.101915926
123609.09,-2.4971776,2.4526281,0.18280125
119993.37,-2.27388,1.589556,-0.29786104
116134.17,-1.162892,0.7648947,0.13062243
128610.38,-1.3747152,2.647313,-0.094864406
118856.58,-1.1854753,0.05966282,-0.0017769132
124739.12,-3.6648266,2.7416828,0.517632
133725.56,2.8387303,1.36362,-0.105481386
119117.18,-3.0842175,3.0417662,0.24395469
123556.41,-2.3051953,2.612638,0.11034176
132216.77,0.0454952,2.348973,-0.11576655
121823.65,-2.3348289,0.68273365,-0.1751275
122352.98,-3.640595,2.3173804,-0.46905407
119735.46,-2.570356,1.8430187,-0.254697
134205.64,-0.12671573,2.0455904,0.38168254
116389.66,-2.5140421,2.9371126,-0.37665984
127312.6,-3.358946,2.9502938,-0.23226014
119098.89,1.6046132,2.066779,0.13871436
115958.35,-1.0143442,1.781523,-1.120372
126678.24,-3.1369202,2.4869733,0.06457464
126930.89,2.1295018,1.1034632,0.13490458
131203.69,0.3676524,2.416056,0.032322317
131009.61,-2.8553567,2.2461972,0.7167598
117962.16,-2.8088145,3.1199243,0.029111108
121676.99,-1.0583191,0.1807406,-0.013564258
134086.05,4.1090097,3.0334883,-0.027575618
120791.44,-1.7358981,2.3362696,-0.026315141
129575.63,-0.5031612,2.747983,-0.14671962
118326.92,1.6144873,3.0749128,-0.20383446
125213.516,-0.87123996,3.1186967,0.02193524
127417.88,-0.7388116,0.97712255,-0.19183275
119281.11,-3.0017426,0.22945088,0.06603332
122934.305,-2.5118403,2.4196386,0.023526266
119922.17,-2.2386916,1.6839473,2.0344129
117914.016,-1.9687617,2.932946,0.006221466
134776.64,-3.4770422,2.7209456,-0.14925149
117116.95,-1.9686292,3.1197546,-0.17637804
123086.3,-1.0570216,2.9455295,-0.09020134
122121.5,-2.7482347,2.8523645,0.016574068
132324.14,0.7949394,1.1659391,-0.13176839
127853.98,-2.5965984,0.084827065,0.031057613
117173.33,-3.7447727,2.646062,-0.019449294
115773.46,-2.892806,2.43062,-0.82814217
121354.97,-1.7664993,1.0808228,-0.1273831
115095.84,-1.5022999,1.2092105,-0.9518635
115213.7,-1.6210382,2.9919558,-0.050431833
118181.2,-0.99916905,1.5423087,-0.16840927
124205.9,-1.1442076,0.92146933,0.21520406
122071.23,-3.060388,2.9108007,0.64226174
134299.27,-0.3935864,2.2503638,0.3960367
130096.586,-3.4118226,2.1818871,0.13848282
122876.055,-2.3265407,2.1938112,-0.38272375
133741.14,-2.8851757,0.5338906,-0.07647614
134490.2,-1.339556,0.12400353,-0.3145467
117633.164,-1.1533158,2.4590492,0.15922084
119615.86,-0.7848561,2.925148,0.07471816
128370.32,-3.1264796,3.120451,-0.035832908
118442.85,-2.580826,0.2008394,1.0326809
116552.766,-2.1897883,0.90492874,-0.17872724
122900.12,0.79516065,2.1055532,-0.3018813
130517.67,-0.5036109,3.0517826,0.020303976
124412.695,-4.0107408,0.45765793,-0.13183904
132585.58,1.4114687,3.1332588,-0.074598216
121289.46,-0.1669685,3.097516,-0.15289779
126808.9,0.63858086,3.0492036,-0.080574624
124732.11,3.6913908,0.7144538,0.7931758
134186.27,-1.7585199,0.6892735,-0.58953494
116850.27,-1.3263184,1.2708017,-0.14389518
115285.29,-3.876416,2.3989065,-0.1177387
127697.32,-4.304364,2.8240924,0.025714777
128547.76,-3.3559525,0.35055625,0.07258407
116691.445,-2.463354,2.9429216,0.25118062
129363.516,-2.1380785,0.13447481,-0.014823962
128817.836,-2.6356225,2.69482,0.14634348
116236.48,-0.72836727,1.9675841,-0.041690793
115377.55,1.1695837,0.046954393,-0.016903369
122019.49,-0.73319614,2.786644,0.048903123
120761.88,-0.8474799,1.7331606,-0.0915189
122688.13,-0.66572756,2.3016744,0.715273
121078.12,-3.6321785,2.6599996,0.04844076
121134.8,-1.4817005,0.5853312,0.21656016
134234.3,-3.0861762,1.9300442,-0.28548664
116872.97,-2.4136286,1.43488,1.0283109
115472.62,-3.9100766,2.831677,0.4729939
124097.266,-3.9262266,2.6774745,-0.031980306
122356.516,-0.7503029,2.81681,-0.18946946
119045.52,-2.1814148,2.7996645,0.51929164
121392.32,-1.4449763,2.9426916,0.021915657
121814.21,-2.9205794,3.0000641,0.41441345
127357.91,0.23432228,0.2877276,0.08238781
116084.44,-2.5512273,2.0490968,0.04580035
132114.2,-0.8416514,1.915674,-3.0922134
122400.37,-2.1663184,0.0645268,-0.0024850229
125276.03,-2.728064,0.44783247,0.022055555
119497.195,-3.4616477,1.1915135,0.09880459
115706.72,-1.2825792,0.009470999,-0.20230885
118735.88,-0.4998639,2.5986907,0.13939296
128682.63,-3.1491194,2.552544,-0.02840949
122969.61,-1.4484385,1.7673223,0.9916717
116403.59,-1.6105094,1.7707002,0.1159857
123375.2,-1.8023821,2.1795487,-0.7988201
122231.164,-2.044017,0.079553366,-0.0079947915
127524.625,-3.177967,2.5464115,0.08902743
118342.805,-2.681885,2.5662637,0.015687684
129624.055,-3.8394842,3.0199065,-0.08459078
116656.14,-2.7368803,2.276927,-0.22204328
118276.64,-2.8064022,2.7953105,0.06422651
128893.47,-2.5264063,3.1333752,-0.45390525
116411.89,0.89654046,2.4060512,0.2814383
127675.53,-0.8024099,2.129895,0.3142009
115386.6,-1.8069692,0.60628414,-0.12092027
122614.34,-2.0189734,1.7569671,0.9670008
127044.14,-1.0119576,2.899752,0.34273595
116362.59,-1.2458788,1.2521312,-0.07806861
123174.99,-3.2887702,2.6670318,-0.009345237
119226.15,-2.2958202,0.6893149,0.059015736
122641.914,-2.762126,2.4907262,0.3931001
121159.4,-2.2729805,3.129622,-0.061996512
129979.6,-1.6213529,3.0288205,0.031871583
129755.81,-3.4288306,2.940271,-0.19674249
132912.19,-2.4604983,0.21560985,0.108126074
131693.95,1.1319011,2.9643967,0.16539045
122158.42,-2.7943528,2.7719917,-0.07812518
131291.1,-0.88196766,1.659347,-0.13469177
124722.93,-0.6060473,2.5449128,0.052262712
117326.195,2.2319343,1.5267042,0.46357223
126698.95,-2.6683834,0.32319486,0.050188
132881.7,-1.1199197,2.2675614,0.80833226
124925.12,1.5193592,0.21554852,-0.16034429
121899.586,2.599446,1.113485,-0.12115568
127566.96,-4.1597705,0.5922845,-0.059597097
134331.95,-2.694152,1.716327,0.8855414
120070.03,-2.2116005,1.5209173,-0.27564478
115921.95,1.0718313,0.5094572,-0.123788536
128981.52,-3.6004841,0.5042464,0.061365027
120528.82,-3.1307418,2.8399508,1.1786865
120487.24,-1.1644503,0.45295745,-0.21841493
119964.58,1.7140107,0.4436978,-0.07065754
127628.78,-1.7747408,2.5788522,-0.33262712
132857.83,-2.8325255,2.7426329,-0.45685095
125380.12,-2.1682773,3.1320026,-0.19376735
130614.43,0.6660316,0.55827713,0.047110744
123412.73,-2.3799438,2.558629,-0.17536171
115755.73,-0.9909178,2.6243687,-0.10690961
125198.99,-3.296054,1.640297,0.21296151
122708.21,-3.1617932,0.7292509,-0.06822645
117993.27,-3.6874948,1.0800177,0.40114164
126358.73,-2.5956635,2.253432,-0.38630152
129740.33,-1.2504822,2.6430218,0.17272723
119075.21,-2.8401935,0.81140757,-0.05953248
125728.14,-3.6436641,2.796671,-0.26160532
115768.234,-1.9451979,1.9729455,0.4794697
115841.59,-3.6470695,3.0198634,0.026505081
127110.68,-2.3583193,0.6785742,-0.1701481
119842.445,0.6160037,1.171356,-0.10788506
125550.35,-2.4331288,1.3685701,0.31615686
128407.68,-2.9019988,1.2800375,-0.075746104
126988.65,0.34073812,2.644093,0.2802018
132071.73,-2.500462,1.1376438,0.5536408
118107.64,-0.69656414,2.9934468,-0.026015034
116559.27,-2.1285908,2.9745204,-0.045515567
119667.555,-2.1218948,1.0753133,0.3125989
132849.98,-1.8846257,2.4409618,-0.2888956
133688.31,-3.423065,0.5226209,-0.021415627
115585.15,-2.7313635,2.129693,-0.049847573
133925.53,-1.3624029,2.876047,-0.11085085
117366.12,-1.0782198,2.6795442,0.17029615
132745.89,1.0684031,1.871496,-0.31670773
124857.26,-1.8425084,2.62473,-0.0022296188
123273.03,-1.8022041,1.721744,0.08252592
128881.92,-2.640536,0.7883663,1.0586493
127673.164,1.1935345,2.9727654,-0.028161379
124609.54,-3.38203,2.7891066,-0.0119807925
116558.09,-0.3747355,2.3768604,0.16596575
123704.055,-3.9203165,1.5701615,0.1687231
130415.14,-2.898719,2.576865,0.25259814
120081.24,-1.3263073,2.5998268,0.032140717
123020.555,-1.2333372,2.6889799,-0.15370886
119677.66,-1.1279113,2.7725525,-0.2056222
134177.61,0.4825469,1.1648773,0.44155827
129191.0,-2.6666873,2.3805444,-0.012694644
133010.9,-0.19644588,2.823864,0.11280784
122559.27,-0.75750613,1.250486,-0.38751528
131010.445,-2.0751464,3.1030145,-0.040719874
123333.76,-3.1640673,0.2669332,0.046276353
134932.73,-0.7846014,2.169493,-1.4818978
125482.36,-0.80888927,2.8412447,0.33731547
119761.33,-3.330027,0.4091879,0.29589984
127127.734,-2.0145383,3.0393827,0.07231412
123008.06,1.9270537,2.7599657,0.095501654
120549.26,-0.0026029819,3.0197234,0.0008883692
134983.16,-1.4224735,3.1180193,-0.27608228
118445.15,-2.8489518,1.5661206,-0.11574393
127830.195,-2.3341632,2.3046575,-0.02735225
123176.58,-2.509152,1.7223358,-0.09460569
119468.03,-3.4047024,2.2965875,1.0921527
117556.38,-3.102117,2.2390141,-0.028632902
120943.71,-2.0120854,2.7781107,-0.017637003
115592.64,-0.52723026,2.7278738,0.01860019
121711.38,-2.8165712,1.8853686,-0.74912846
122339.41,-2.0492306,2.663341,-0.002107591
123741.56,-3.4844022,0.80185306,-0.094816126
118693.86,-2.9547691,1.4471358,-0.13043676
123517.8,-2.0187793,2.7520278,0.10903509
116796.84,-1.6918832,2.2536514,0.24632977
124583.9,-1.9350791,2.8499973,0.6103506
129937.24,-1.6977658,0.63081264,0.0584926
122053.13,-1.8638402,2.148151,-0.30904946
125979.7,-3.9796338,2.4254491,0.0055078412
120529.375,-2.1069648,1.8052379,-1.0709606
134761.44,-1.8102916,2.1047435,0.16318527
116267.03,-3.478156,0.16644526,0.06346148
122581.24,-3.5182927,1.1513586,-0.596018
124148.93,-0.625707,0.026450157,-0.0043101944
119537.484,1.1958661,0.3394947,-0.03668442
116100.17,-2.1816766,2.8258862,0.41066328
119898.734,-2.9653435,0.23246074,-0.04935524
131214.06,-3.867969,1.3046885,-0.29485202
132640.47,1.506957,0.4225185,0.03819501
120773.76,0.37426138,2.680281,-0.28677127
122679.71,2.4075415,1.6513213,-0.2245207
126941.11,-1.8747977,2.503619,-0.03086762
116290.51,-1.1002871,2.9700422,-0.08473044
124915.63,0.31322294,2.9711208,-0.015429592
119108.086,-1.6336904,2.7333531,-0.39611247
120203.07,-2.165543,1.6528683,-0.04958574
118138.84,-2.9393396,2.6899023,4.2539215
117042.46,-2.6640997,3.102343,0.055205543
127408.234,-2.999529,2.9701114,-0.04962316
117994.09,-1.0509928,2.7508621,-0.079921216
119618.86,-2.2932134,1.6822476,0.35739008
118287.39,-1.530947,2.584653,0.06813745
126535.53,-3.399604,2.8180006,0.07704644
123646.93,0.22805235,0.101331234,0.0052199364
124472.22,-3.5063074,1.7538983,0.2618755
118270.01,-0.6001663,0.15066886,-0.0438806
128359.47,-1.4176992,2.3615127,0.2315511
116897.234,2.5369794,2.5155172,-0.24414761
125161.85,-2.3179324,0.6719973,0.6697591
120207.61,0.73607403,1.9961115,-0.25238532
123641.484,1.8927877,2.8536737,-0.08246247
133140.84,-2.0751295,3.0181253,0.032941747
128645.29,2.6709573,2.6398153,0.10520776
128542.0,1.2094436,1.030201,-0.18101496
119445.97,-3.1785634,2.6984475,0.17800969
130716.97,-3.1151438,0.8429978,3.0416281
116341.72,-2.7662172,2.6261377,-0.17237191
134039.66,0.26145646,0.667152,0.056261644
127065.98,-2.8455806,2.923206,0.02722502
131626.38,-3.6569946,0.59746325,0.20989996
115169.8,-3.0018404,3.1002147,-0.14573035
130389.734,-2.0897608,1.9425507,-0.17751679
116134.484,-0.3128034,1.5071858,1.8842844
122362.305,-1.1662226,1.6457115,-0.23210683
131985.89,-1.8073695,3.0384507,0.11367825
119335.14,-0.8063263,2.9435122,0.07935638
134055.69,0.29039425,0.55350935,-0.05168125
128349.875,-3.962389,0.41878095,0.13486965
117470.09,-0.81254286,2.9614506,-0.012089693
117841.99,-1.1216118,0.17851567,0.058583025
124477.625,1.7117505,1.632537,0.10814602
117270.62,2.4453037,1.8891084,-0.5966045
134323.97,-3.6731803,2.349875,-0.89310724
130664.875,-2.0532858,2.0655363,0.683114
123694.96,1.1606014,1.3453466,2.0687945
131343.2,-3.1161218,2.3329637,0.025633449
133405.39,1.6414464,3.0848827,0.031967893
127984.94,-3.1023314,1.2858591,0.06463354
117571.21,0.12136349,1.8262402,0.16969939
127755.42,-2.2498548,2.5115755,-0.24372658
121524.51,-2.235816,2.3967996,-0.06379403
133783.73,0.62055963,1.5639772,-0.8298856
122837.64,-3.7617571,2.5859654,-0.0649161
130242.67,-3.164638,0.2189739,-0.00030660117
117908.05,-2.709638,0.9325533,-0.055304673
125046.55,-2.9072385,1.5194916,-0.22071506
117395.16,-2.2453163,2.282999,-0.022670137
131347.53,-0.2709001,0.65429485,0.13404207
117547.875,2.2553787,1.0123806,0.41582912
133310.88,0.018237522,0.29761988,0.33805346
115366.88,0.016668342,0.3390128,-0.113192126
115597.46,-0.801416,3.1255524,0.016406594
133770.44,-1.9513553,1.6703987,-0.13359408
122093.03,0.2930448,2.3861895,0.9862199
117487.32,-3.7296722,1.0660012,-0.113737576
120825.27,-2.6043262,1.5702832,0.002335127
119538.38,-1.4566495,1.2391369,-0.20401198
122795.914,-2.8745604,2.6756222,0.25303233
115328.78,-3.025017,2.8128161,-0.08573558
122256.76,-2.2416816,2.828365,0.015821772
128738.41,-2.0281806,1.8462052,-0.2068156
131992.19,-0.9808116,2.8346276,0.018119603
115322.805,-1.5993389,2.5047758,0.17834191
123162.01,0.4551109,3.1170492,0.717747
122022.11,-1.9688642,2.2171545,0.0016947013
127257.28,-2.084141,2.1257467,0.22570492
117629.06,-1.447657,0.7158977,-0.02644432
122391.516,-2.5085042,0.13114628,0.01698644
126872.84,-2.9220657,0.120539546,0.032345288
118916.984,-0.03971845,3.0836933,0.22148839
116461.195,2.7306209,1.60884,0.112181
133945.44,-2.1743627,2.6193748,-0.020605015
117522.59,-0.64737445,1.808083,0.80011356
116332.695,-1.6293377,3.0613282,-0.029440267
116267.15,0.45720795,2.285324,0.3350888
127854.125,-0.60363865,1.3303607,-0.08641857
125754.24,-0.37326136,2.8872662,0.08240513
116972.94,-0.14727853,3.0484085,-0.14228594
125677.79,-2.5342538,0.7378591,-0.07512897
119748.484,-1.933624,1.690805,-0.106245406
126173.13,-2.8790956,2.2965539,-0.3878634
116829.734,1.4190111,3.0814848,0.047839906
115481.73,-3.8873343,1.7049167,0.42489105
118386.73,-1.4104029,2.4523718,0.00090044533
117406.19,-2.4703135,1.0448997,0.040358573
134585.02,-3.419867,2.5777,0.24068971
126472.55,4.081171,1.0362724,-0.12404918
126339.0,-3.4987156,2.035289,0.023140263
128127.016,-2.0792303,2.7947962,-0.1441527
127160.91,-1.2706119,0.8096459,0.37098753
115662.51,-0.4406742,2.6757586,0.016872019
134347.78,-3.6353118,2.0442529,-0.17649555
115789.43,-1.7797768,2.7222703,-0.4176885
131420.83,-3.894381,2.2725172,-0.24413379
115090.02,-1.795186,2.4196754,-0.049934633
118733.375,-0.97946125,2.8347168,-0.28576165
116098.18,0.149201,1.6059035,0.11095563
130872.516,-4.2753525,2.5659158,-0.2967936
128237.25,-2.4958575,3.0690804,0.2930318
130586.16,-1.5080173,3.0083368,-0.033632386
133944.05,1.0999779,2.7718396,0.09258847
134879.77,-0.54920447,1.2174833,-0.55017006
134844.31,-0.39126062,2.5953329,0.08229802
119824.19,-1.5114344,0.88711905,0.06930275
121484.62,1.2055979,0.804271,-0.14696084
134376.8,-3.5514948,1.1237273,0.31922746
122855.17,-2.2415714,2.8341925,-0.19777882
119930.21,-2.194511,0.4330578,0.12711932
125608.03,-2.1570132,2.8538265,0.029557737
117713.73,-2.1895046,2.2305508,-0.16270061
132753.75,0.91192734,0.61842346,-0.11472734
131397.03,-3.0113106,0.31899428,-0.041328188
118198.61,0.26212788,2.9616327,-0.89971274
118658.72,-2.4969203,2.7130044,-0.20635177
120159.03,-0.52798736,2.377701,-0.06396944
124496.02,-1.7095523,0.43073517,-0.111710325
118585.28,-1.51983,2.235072,0.8630134
123290.555,0.91398096,1.6419774,-0.17603187
121835.21,-1.6892719,2.5224695,-0.120050445
132394.84,-3.3210824,1.625845,-0.27527028
115087.41,-0.68378574,2.0230541,-0.17206597
115764.78,-2.9084911,2.8830004,0.11536335
117659.805,-1.5139033,2.3355012,0.05414923
127284.31,-2.7433455,1.8491788,0.1522176
132846.47,0.15879178,2.1708736,0.11888107
128369.88,-2.2015202,1.8702223,-0.20034595
134681.3,-2.7764626,2.8144774,-0.35935247
121686.98,-2.395792,1.8419307,-0.27166122
127712.84,-1.6689538,0.14975627,0.05891077
128937.47,0.07736289,3.091259,0.05349919
123542.56,-2.385861,3.128634,0.16842139
127844.79,-2.9951594,3.0577898,-0.084154606
120638.0,-3.4152699,2.3930464,0.14685775
119739.91,-0.0002462571,2.5004056,0.6302959
125723.445,-2.1782126,1.959789,8.992574
126020.125,-3.0380526,2.506776,0.151112
116092.53,-1.4573457,2.4730592,0.1012378
117145.58,-0.2022747,2.5001447,0.024646774
123656.555,3.3599558,0.4555235,0.39301485
122724.555,-1.2734624,1.7873433,1.1832173
116070.69,0.30892837,3.0302162,0.34124538
123852.67,0.39387286,2.836965,-0.11031673
133084.27,1.4819537,3.0145485,0.008208694
122247.91,-0.24947634,2.0737553,0.13040034
134975.81,0.22269408,2.377958,-0.2383221
132051.89,-2.7348647,2.8448474,0.16359474
127013.15,0.13349785,2.9360836,-0.065085165
127094.55,-1.3046364,1.6227592,-0.5326639
133968.6,0.9401274,2.7796032,0.04776376
115124.92,-2.181198,1.9358048,0.40977445
121975.29,-3.4650092,1.9251921,0.05534318
130618.414,0.40153006,0.104580045,-0.028568385
123004.086,-2.9443443,2.967305,-0.26775998
122159.9,-2.9659917,2.577587,0.12266375
126107.84,-3.7325413,1.5096765,0.066702835
132860.3,-0.5550802,2.6439986,-0.043520615
123278.56,1.8799417,0.57968956,0.22454038
124703.27,-3.7770245,0.47288966,0.15976334
116306.66,0.19648226,2.7063568,-0.12693486
118331.734,-0.6139412,2.3793023,-0.22765242
134726.8,-0.7631651,1.8756242,-0.09760305
119372.836,-0.8922891,2.8790276,-0.21886563
131424.25,-2.7581737,3.1075606,-0.09685719
128219.98,-1.6702027,3.0298178,0.22464736
118902.016,-1.9754531,2.5051448,0.015900912
118935.945,-3.393727,2.136738,-0.13395499
128149.68,-1.431357,2.8444407,0.052000616
134366.39,-1.8000338,1.7506578,0.047692
115703.98,-2.9890046,2.2631238,-0.12855588
116494.87,-0.8597697,2.8075206,-0.03300274
133269.98,-2.8533852,2.7012153,0.14405863
120887.914,-0.50979334,3.0667138,-0.015062434
130488.77,-4.0204506,1.0529865,-0.07312403
115723.9,0.98406255,1.8930273,0.22471948
116633.78,-3.4135673,2.7571988,0.058961697
120746.13,-2.7742128,2.4862158,-0.7438802
122937.9,1.6562749,1.5807693,0.2873991
124191.836,0.48507953,1.8145947,0.38482335
122116.81,-1.6862395,2.523048,0.2776796
131980.47,-0.58566564,0.85885817,0.1531031
117091.016,-0.81627494,2.5877233,-0.262524
130313.85,-1.4358355,3.038306,0.09435168
121697.35,-1.8176695,2.6603267,-0.07703998
118744.26,-1.9385777,3.0845573,0.024557259
130577.05,0.7240344,0.5507997,-0.17641596
126500.68,-1.003923,2.7312508,-0.10515882
131627.47,1.6882685,0.1399641,-0.017049575
119138.23,-2.6851633,1.9580194,-0.7317575
127417.66,-0.78426725,2.9459634,0.021523016
130893.375,-1.3062643,0.48524866,0.7492502
127227.72,-2.1680927,2.883734,0.08832586
130021.4,-1.5125647,1.4393187,0.15521981
120085.08,0.08468606,0.7121877,0.10661986
118155.64,-1.2216837,1.6198442,0.071088985
128671.01,-4.137756,1.1062387,0.34346426
123089.586,-1.139273,2.9181075,0.1156224
126682.1,-3.0442317,1.7505033,-0.17505124
116916.12,-1.2718663,2.1600628,2.0864177
124962.61,-1.6832888,2.0722094,-0.45331463
120318.945,-0.17745781,2.8514624,-0.12581535
115471.92,-2.007764,2.7830222,0.00048554534
125828.28,-2.3164074,2.9252276,-0.061831765
118583.32,-2.819592,0.8632514,-0.2669527
115586.734,2.209879,1.5398504,0.11182387
131608.02,-2.3748608,0.57506114,-0.06790774
115195.18,-1.5139318,2.8917956,0.11634243
121653.31,-2.0681918,3.0933168,-0.089676745
121207.74,-3.2278311,2.2500107,0.9850504
116858.32,1.0490748,2.470324,0.048636004
115908.66,-2.1349185,0.932297,0.5862397
118307.32,-2.5096667,1.6086342,0.20418712
134528.61,-2.1826982,2.776508,-1.8972456
132237.62,0.6206896,2.2120137,-0.115622915
125981.0,-0.32536978,2.1732187,0.5396737
118066.94,-2.202072,2.7126634,0.51168346
115720.92,1.8196335,1.8850497,-0.1404208
133234.0,-1.7186804,2.0488951,-0.12991983
121670.97,-3.4964874,2.5997334,-0.08498292
131480.95,-3.6126459,2.4994638,0.52635825
126771.58,1.5642885,3.0285068,0.037440352
126416.32,-0.95334363,2.655639,0.44954646
128207.19,1.2962625,3.0426764,-0.04511681
120094.39,0.6830375,2.736001,-0.0057104654
131772.11,0.044789523,0.77373457,-0.06447656
115805.37,-1.4985061,1.9993596,0.26200938
115741.08,3.326033,1.9985665,0.46192694
134999.34,-2.1092505,0.5718475,-0.08416022
126524.055,-2.9309855,1.7113614,0.2940524
122698.11,3.8183937,0.027323008,0.001713546
122365.445,1.9637115,1.4241776,-0.35849962
132972.97,-3.7971246,0.6475291,0.033194587
124359.016,-3.3614194,1.6033776,-0.17037353
130491.625,-1.1678307,1.1567819,0.07052449
116183.47,0.36561456,2.5345175,0.0711494
134093.5,-2.858124,1.081959,-0.10022655
122396.42,0.7073237,0.42338586,-0.03543503
115444.64,0.10321045,2.594811,0.24461631
131053.63,-1.4616512,0.5734142,0.5721741
121508.21,-2.077459,2.3599594,0.01808156
115127.695,-4.5307465,0.9827898,0.099289656
120774.94,-1.2357919,2.7948084,0.003982957
125050.65,-3.0311646,1.0320116,-0.16382323
121376.35,-1.252622,3.0961807,-0.14785454
121886.8,-3.2259371,2.4645767,0.4835123
133566.72,-3.0238936,2.3282466,-0.08168038
132664.33,-2.8010893,2.1041617,0.16406634
126380.11,-1.4503015,1.9705678,0.23564532
129330.4,-3.077867,1.9240689,0.17426006
123510.58,-2.586073,2.3820472,-0.1590816
122530.89,-3.1870496,2.7987123,-0.09564305
120433.18,-2.4259603,2.156753,-0.7187946
119540.63,-0.6862945,2.9492345,0.08364402
125484.81,-0.1702003,2.4410625,0.18803039
130377.65,-2.3745944,1.2303824,0.054427575
126564.92,-1.4135082,3.1326375,0.0061782505
125204.36,-2.2733881,3.1404572,-0.020462304
115035.71,-0.30405924,2.4096837,-0.038835846
119274.51,-1.2781962,2.9589038,0.02961444
130469.29,-1.0358355,1.2592418,0.1273306
119426.38,-3.4102485,0.82955456,0.015479846
129150.7,-2.564041,3.1296856,-0.21821856
123630.375,-2.9305768,2.0667074,-0.069477186
124956.18,-1.2733644,1.860626,0.039720114
116703.15,-3.0140574,2.9863806,0.4857969
121558.19,-2.68322,1.1002893,-0.23304886
124317.35,-1.526283,1.0203863,0.11663231
132547.72,-4.1950355,2.4694316,0.7589936
119441.63,-3.2506309,2.4958165,-0.05034842
123278.72,-3.4752169,2.6975927,-0.21739958
119981.266,-0.4055857,2.4853761,-0.2369808
117936.48,-1.4611555,1.8876913,0.045328986
124532.67,-3.8557365,3.0251408,0.03777307
116333.79,-2.4918926,2.7702875,-0.060202375
119050.95,-2.8628535,2.79007,-0.25049904
128446.14,-1.2970104,1.8758599,0.16584344
133233.0,0.3812066,0.54409397,-0.14220445
116038.92,-0.918609,0.3596456,0.053647738
118066.34,-1.3294957,0.1947819,-0.096245274
131064.04,-1.3478009,2.6633127,-0.15872318
121176.12,-0.9896789,0.71400964,0.42349267
117562.27,1.1581912,1.6716028,0.09593809
117571.79,-0.55792475,0.9508325,0.44150287
130217.76,-1.3520001,2.6102276,0.10885195
120751.04,-2.4794877,0.23934072,-0.031247683
122542.984,-2.4365098,1.512065,-0.09429262
132931.84,-3.5915968,1.6298504,0.34785426
121796.1,-2.4574776,1.1362021,-0.047922924
121827.91,1.4398285,2.8590639,-0.06447317
118135.88,-3.0835395,2.2674022,0.32079023
128815.57,-2.5963216,2.7589984,0.102028035
118231.68,-1.3452545,3.1240225,-0.023043863
130645.77,-1.5033602,1.1253453,-0.8391606
122409.125,-0.5126875,2.6047282,-0.0989177
124532.87,-1.2403641,1.5108137,-0.063050985
130792.24,-1.5510874,2.7485247,0.12216892
127208.664,-2.7856643,0.20072031,-0.044025782
126206.54,-3.717964,3.0869975,-0.19308464
130298.64,-0.5262111,0.95634466,-0.212192
120476.22,-0.606822,2.3348484,-0.47529256
120039.0,1.7619117,2.4878697,-0.08520197
116004.055,-3.2902317,2.9348395,-0.014873655
117786.1,-2.2640898,2.9892921,0.044524267
124387.234,-3.2215085,3.0370643,0.27268916
132887.08,-0.03330526,2.808574,0.872625
127652.34,-1.3774943,1.1111734,-0.20333892
128860.84,1.1448896,1.8610771,-0.28668743
115446.64,-1.1560937,2.9418821,0.047049172
120594.63,-3.2935653,1.8590163,0.18322237
131123.81,-1.1212269,2.7582045,0.5090595
126025.016,-3.865945,2.2637727,0.12149125
121943.08,0.7490579,2.2557073,0.0928037
121180.125,-1.1616066,2.1783316,0.2452344
128848.49,-2.6423988,2.5434165,0.09223049
123503.2,-1.8878645,0.7724987,0.006263071
127363.266,-1.1367185,1.4865927,-0.037555125
128826.984,-2.252814,0.32248446,0.029497245
128228.414,-2.8498614,2.7014241,-0.6519786
123781.09,-3.224149,3.1183507,0.1889349
118809.2,-1.4691995,2.1205876,-0.13168469
133913.31,-1.0350821,2.6067476,-0.0062889135
119394.53,-2.3349476,2.2611964,-0.13928382
118353.03,-1.9365869,2.9857204,-0.099400505
132441.31,-2.3759158,0.10302043,0.055829365
117759.414,-3.2467744,3.0065875,0.13629125
117495.05,-2.326488,2.7421188,-0.25595397
117781.22,-2.1459632,0.6668091,-0.005592637
130678.82,-2.6948843,0.8546227,0.0767365
131270.66,-0.43623188,2.7448773,-0.17344856
120394.1,-1.7192799,3.086095,0.0076092747
115756.69,-4.0339546,0.45401305,-0.27034363
129537.33,-0.9374188,1.5492268,-0.12497364
120516.016,-1.7218293,1.3298526,-0.03419486
134845.56,2.5219986,2.5596392,0.08589776
122489.85,-2.7295825,1.9158641,0.2125754
117956.52,-0.9372454,2.0600958,-0.07029423
126604.2,-1.2024457,1.5872605,-0.0053294348
125766.19,-1.7978317,2.2571359,0.040310506
133310.47,-2.818306,2.4108884,0.007888874
116548.86,-1.6173086,2.0557108,0.19900599
134717.92,1.8623142,2.106921,-0.1616132
119889.22,-2.085512,1.6654414,0.22498165
122508.914,-0.4387256,1.2224783,0.25226703
128058.21,-1.8804613,2.0902488,0.1545249
127893.07,-2.360082,3.0591345,0.019653555
115749.516,-2.6589615,2.957875,-0.06236347
116765.95,-0.7484515,2.5972161,-0.058546405
126520.07,-3.037016,2.5109313,0.012661823
118517.914,-1.2767168,2.657666,0.06656863
126299.734,-1.3245316,2.9565136,0.026346438
118847.12,-0.055638943,1.1461266,0.7209991
124486.836,-1.1175677,2.5852685,0.062493034
117474.31,0.29524338,2.9321074,-0.035969205
119361.04,-3.1673427,2.9987023,0.012604564
117041.99,-2.4341815,1.677517,-0.3641735
125578.125,-1.0853693,0.15968943,0.11943439
124084.17,-1.9409423,2.6814742,-0.05974953
125524.03,-3.1498191,2.497556,0.020695137
126562.67,-3.634419,0.29128337,-0.06838486
121525.3,0.81522405,1.6943343,0.7711058
123816.56,0.21146868,2.3837476,0.44113758
127073.94,-3.0792253,2.217215,0.12609108
116007.84,-2.3275201,0.7890274,-0.11579377
134858.31,-3.093642,1.9159467,0.07137412
122197.055,-4.245443,2.4032807,-0.10112905
121452.72,-4.1550856,1.9473848,0.5049086
123771.1,-2.9074323,2.6327062,0.022551756
128886.125,-3.6663063,1.095424,0.20435232
128268.74,-1.7543815,0.82123417,0.086637706
123770.27,-3.1353111,0.77658665,-1.250601
130637.64,-0.45630282,2.8184881,0.12442689
119147.36,-4.3058386,2.7695358,0.07602559
117581.91,-0.5503952,0.0258739,-0.0031688882
122622.58,-0.2597497,2.606196,-0.3002764
118516.33,-0.87903696,2.7664409,-0.060864393
118431.52,-2.9286044,2.6677172,-0.017013177
117283.375,-1.9798734,3.031224,-0.060085915
115096.38,-1.825082,3.051506,0.11782325
116962.945,-1.9492923,2.9822109,-0.29749206
128436.41,-0.50279254,2.0320125,-1.0379633
127251.8,1.8342227,2.5426774,0.08667943
120300.43,-2.1377027,2.1516676,-0.06328784
120437.05,-2.0155737,1.0743343,-0.14290106
122798.74,-0.5231762,1.5608898,0.1389623
121406.94,-1.4911504,2.5418792,0.32164663
132652.52,-3.9929266,0.5865494,-0.13948789
122417.53,-3.0751152,1.0601277,0.18445282
118480.14,-4.0458374,2.1454868,-0.013682885
121390.805,-3.5442955,0.32413042,-0.5891554
128854.84,-1.7709016,2.3362677,0.1340656
118024.43,-2.1798525,1.3076779,-0.3207827
117119.46,-3.0625968,2.2629147,-0.099794365
127624.664,-1.8592339,2.2257674,0.011646697
123571.81,-2.3558788,1.3441898,-0.15840796
119886.2,-0.94623065,2.2513144,-0.19080551
124191.63,-2.5429695,2.2194948,-0.22382666
122128.49,-2.3377068,2.7524807,-0.1636541
128706.61,-1.3943205,1.6531804,-0.41748342
121654.98,-0.7639165,2.8842244,-0.0043350537
130924.25,-1.9116112,2.6337345,0.9429579
134716.17,-1.7501669,1.6599925,-0.17318735
127816.445,-0.97247446,3.0696595,-0.013487577
117117.484,0.49912354,2.467075,-0.024000464
120509.49,-2.8535225,1.5707105,0.20444071
118685.445,-1.7159885,1.2819594,-0.07831293
119337.73,-1.9082384,3.0771947,-0.22842622
132289.3,-1.5210772,1.238348,0.011142217
119355.08,-0.49936515,2.5575998,-1.4446492
124287.62,1.2514337,2.4869127,-0.15790749
126657.695,2.037164,1.3503242,0.122565836
130559.695,-0.931617,2.9413557,-0.035774387
117094.305,-2.4618056,2.7887173,0.093625784
134538.16,-2.8378212,2.027215,-0.16806133
133325.58,-0.47831866,2.6811628,-0.0120021105
129500.04,-3.967186,0.7165844,0.19277899
129450.49,2.4329884,2.6890292,-0.14850163
115013.28,-1.7735419,2.9246864,-0.068174675
128751.75,-3.5743558,0.9286993,-0.10572322
124846.02,-1.8587348,2.2730293,2.0703752
118346.48,-0.27824664,2.5159779,-0.054908026
115831.945,-3.074351,2.2555811,-0.012563051
129344.445,-2.953996,2.321299,0.098739766
131453.08,-1.1589874,1.8694439,-0.64454234
131849.38,-1.8898616,1.1114742,-0.22867061
123092.07,-0.6505798,3.116779,0.14527391
116700.625,-2.2684627,1.8103939,-0.15130144
134163.72,-1.5618374,2.9372272,-0.08434974
130637.82,-1.3891838,2.106103,0.4432031
129471.75,-3.0350215,2.2773788,0.40608388
118817.266,-1.0342728,2.8046522,0.11688927
123447.79,-3.6612096,2.9782841,-0.020486027
130598.27,-2.9255083,2.8452969,-0.094094545
119656.86,-1.3284776,2.6509554,-0.35784146
127525.375,-3.8147979,3.1061902,-0.08403688
117417.85,-2.4036548,0.8479706,-0.52991664
133138.88,-3.0274806,0.53890514,-0.20715553
115060.31,-2.6356535,2.7239637,-0.012706477
126952.664,0.07225861,2.7513182,-0.2605812
122365.48,0.30062097,2.1630774,-0.26410535
125239.125,-2.2419188,2.838986,-0.20325083
125635.414,1.81707,1.2724334,0.31973043
118861.61,-4.2499785,0.6731998,0.050351318
118968.01,4.098828,1.1296507,-0.44113147
131874.86,-3.0015888,2.7434382,0.4025723
129082.17,-2.3717752,3.0182192,-0.057395305
120231.74,0.3358891,2.6933043,-0.10499157
121054.734,-2.5563521,3.0937111,-0.68445617
116028.43,-0.49653524,2.9926572,-0.12683079
128119.2,-1.6863564,1.9481097,0.7560898
133679.95,-3.04697,2.3955016,0.34921518
120407.336,-2.0858717,1.4726967,0.28176382
126207.555,-0.85988975,1.7817177,-0.0979359
119291.086,-3.081916,0.76152426,0.054648522
130723.445,-2.8725917,2.710786,-0.010161704
117439.83,-2.3568435,0.8261236,-0.24689467
116899.336,-3.355551,2.6352038,-0.0001081139
121391.766,-2.5451927,2.427367,0.0256275
115534.51,3.1669822,0.51756185,-0.059577104
118448.65,0.34736285,1.2732946,0.2983011
119286.87,-1.082604,2.973482,-0.07024356
122611.19,-3.1128054,1.9095739,-0.25615662
128711.57,-1.9583738,2.807838,0.05989428
116706.14,1.8991148,2.399999,-0.09532449
119030.77,-3.074457,0.3895378,0.0130019095
129015.83,0.66865814,0.5361985,-0.10712189
125214.36,-0.82127947,2.36737,-0.39703333
119641.24,-2.9629452,3.0353363,-0.029574974
123065.43,0.38778794,0.6519335,0.06328415
131628.28,-1.519453,2.9885297,-0.046187814
116192.7,-1.0657552,0.6080315,0.24304393
134721.38,-3.1728556,3.058193,0.008470069
131234.44,-0.6553367,0.53138757,-0.6890072
134303.14,-1.8609654,0.635702,0.104077764
115251.03,-0.24865705,2.151309,0.032983072
134552.48,-1.4253805,2.7092805,-0.056559056
128676.47,-2.622693,1.110591,0.10222862
134446.42,-2.229374,0.8684275,-0.05881803
131369.05,-0.44462973,1.0698657,0.12612043
125230.984,-1.5086156,2.7863462,-0.15569125
131551.22,-3.2057993,0.97718203,0.013277848
116788.5,-0.8350605,1.2813667,-0.22536133
115732.58,-0.7704215,2.6663907,0.057450235
116588.8,-1.7318085,0.77428865,-0.5817442
122900.67,-1.7762159,2.536858,0.49628428
121656.68,-0.47997126,2.2956212,-0.031394776
126942.5,-2.5972083,1.2767708,-0.07150483
124633.52,-3.6722496,2.1414194,0.13900752
125519.58,-1.9618883,1.4167861,0.4959113
126255.11,1.5867575,0.69574183,0.09639836
120812.9,-2.8298273,2.6495202,-0.16301759
130001.81,-0.51554716,3.114954,0.038719468
123648.58,-1.4775614,2.3366153,0.24709909
129231.03,-3.1307406,2.9974227,0.057290982
124695.15,-3.1230552,2.3216846,-0.113335356
121214.97,-1.0902293,0.22581506,0.016637918
134933.22,-1.1972258,2.545348,0.10102693
131263.08,-1.9618912,1.1974174,-0.63346744
118708.414,0.7107549,1.9275995,-0.16444983
123347.555,-2.7424757,2.9436054,-0.07478213
131129.48,-3.0983644,1.5486801,-0.06435856
122632.66,-2.484699,1.4704994,0.19795814
132996.2,-1.071732,2.105318,-0.09598023
118766.64,-3.3555264,3.062299,-0.0396943
117185.15,-1.1653438,2.6355443,-0.522659
128472.625,2.73764,1.1471021,-0.509287
124104.92,-0.07628955,2.5670166,0.47755197
129685.9,-3.201982,1.6545987,0.06051331
116535.41,-3.6174142,1.9569806,-0.3129067
118415.85,-2.394535,2.744299,-0.05149357
132540.31,-0.8537977,0.020239592,-0.008352533
116340.66,-3.344894,3.1114764,0.19397588
125165.164,-2.7212152,2.4045043,0.21335052
129643.9,-2.156439,3.0920968,0.3368195
124715.305,-2.1750746,2.092875,-0.18661758
125879.945,-2.509827,2.3117864,0.4649853
121913.09,-3.9786654,2.326155,-0.32471308
118850.11,0.1487308,3.1164653,0.18970019
124495.53,-2.0279891,2.1748054,0.4479815
130991.195,-0.124922,3.0731196,0.009072797
134898.42,-2.7657597,1.9461476,0.25289786
132979.56,-0.10078808,2.81846,0.027398385
134790.36,-1.2120416,2.1371813,-0.45105097
131794.94,-2.205384,2.4605734,-0.007985701
134825.47,-4.107021,2.6562943,0.2461557
133269.14,0.6183527,2.8349845,0.12715216
134262.08,0.054041836,2.6329732,-0.17747922
130029.62,-1.6912954,2.2952204,0.43945053
123716.125,-2.4532716,2.4911196,-0.0021853198
120319.195,-3.4303932,2.853061,-0.05186447
127048.734,-3.339185,2.9130917,0.37566593
120050.086,-3.1363347,0.54761726,-0.14327192
118948.234,-1.6944997,0.83846414,0.07509411
130398.445,-3.4891553,0.9319085,-0.2505601
115218.695,-1.9658629,2.623155,0.13177578
133140.23,-1.5692909,2.9170637,0.12968844
121219.82,-4.110397,2.9575949,-0.1823184
129231.55,-0.0043559633,2.74689,0.065785006
118665.3,-1.8132464,2.2370071,0.19326228
118607.52,-2.3277504,2.8496046,-0.45768362
115113.15,-3.2447152,0.9645933,0.12517692
130420.734,-1.5226343,2.9412167,0.014269524
127003.51,-2.4860437,1.1892799,-0.18988772
125040.72,-2.5296206,2.8527315,-0.51329184
116321.37,-2.2415287,3.1311889,-0.033798277
121570.75,1.6361299,2.5036762,0.26992473
118845.84,-3.4116006,0.21373138,0.08452308
123031.27,-1.2515055,1.1650492,0.07767192
131791.72,-1.7901474,0.047764063,-0.009569169
117990.26,-2.7842574,3.0422735,-0.0484361
116610.29,-3.0872629,0.89557415,-1.2298855
131472.69,-0.763437,2.7087796,0.050238386
116330.07,-1.9432185,1.35295,1.1492747
116269.16,-0.05670194,2.297477,0.15419301
124191.836,-2.7414176,2.9664001,-0.04066176
134660.53,-2.718228,3.0753586,-0.0426027
121971.51,-2.9565659,3.0140467,-0.032543153
120371.56,-2.6169825,0.089405775,0.122792244
115851.83,-0.72071856,0.35875678,0.048930634
127385.67,-2.9376385,2.927396,0.10727196
131415.78,-2.2450714,2.7244792,0.118340015
132882.77,-3.0293279,2.4419188,0.24876703
119981.72,-1.5645297,1.8243573,0.08816919
115488.6,-2.5094812,1.7694861,0.006560438
122865.234,-3.002597,3.0972614,0.050339356
128443.914,-2.064859,3.046596,-0.24257053
124914.52,0.1648096,1.7822233,0.58657867
117319.58,-1.8544436,1.8074147,-0.26573184
134726.81,-0.9482668,2.574905,1.4298103
126165.17,-3.1579914,2.6000812,0.109934285
119211.24,-3.3830097,2.9274402,0.050660677
116132.72,-0.7137457,2.585655,0.4789767
129692.18,-3.2483475,1.5403328,0.38440895
123856.37,-1.9344575,2.7248218,-0.3103691
116611.95,-2.4430275,2.5426311,-0.19599144
128330.25,-3.857561,2.561939,0.09461399
124573.35,-0.9506614,0.2601459,0.23685807
125730.88,-1.8078431,2.710926,0.33200604
131448.88,2.0346472,2.5204632,-0.5400423
120679.84,-1.538414,2.0070124,0.057930537
126893.48,0.25742632,1.9685111,0.4359975
133777.95,-1.5682694,0.9479581,-0.14614145
120927.21,2.967902,0.008155584,-0.032619294
117266.24,-3.2105725,1.8046249,0.011345036
128403.19,-1.2155007,2.191398,-0.34529662
125446.13,-0.16729867,3.1318457,0.08895
120205.75,-0.23222233,1.2339705,-0.40828636
129351.836,-1.804048,0.84985137,0.7166049
121205.78,3.216979,0.22609067,-0.043664157
124957.24,-2.205035,1.9172289,-0.5952362
121370.484,-1.450116,2.0032098,0.043989524
132442.03,-2.7914083,2.4497266,-0.20284526
118563.33,-2.768564,2.6373007,-0.6457008
120130.08,0.27262095,3.0829203,0.6112925
128266.414,-3.5615933,3.042057,0.21764341
123719.555,-2.807644,2.8107488,0.05573308
119623.75,-2.335323,2.449917,0.3177402
119863.414,-3.5398216,1.2820998,0.21157111
129736.984,2.3668163,2.5550048,0.10755117
120343.15,-4.024482,1.5142189,-0.18041602
118945.5,-1.2133616,1.0416805,1.1166908
132886.45,-2.442635,0.4435624,-0.014579509
134995.4,-2.785007,1.9990511,-0.84164685
134566.2,-2.2066083,3.0149066,-0.029963322
132623.94,-0.98947716,2.642506,-0.097368084
117152.67,-3.3430626,3.0019705,1.2359436
130429.65,0.46660018,2.3857603,-0.105928265
124951.36,-3.317698,0.16093087,0.019238804
120911.62,-1.0499796,2.1034453,0.4284838
123452.05,-1.8729517,1.4661068,-0.7832577
131018.984,-3.0286086,2.2430933,0.06228808
117201.234,-2.6958005,2.9844646,-0.025881384
130441.19,-2.7063885,0.5776335,-0.12359464
115860.45,-0.26438883,2.7252157,-0.36732927
120672.695,-0.3788328,2.5820053,-0.16076434
121442.31,-2.2122169,1.1382365,0.14613128
122228.78,-3.862602,0.8476579,0.02349038
115981.555,0.09140063,1.9346237,-0.10773472
131274.0,-2.2316952,2.1648061,-0.046321347
129909.67,1.6967362,2.3658283,-0.29861182
134527.42,2.3647492,0.7517768,4.7390747
124079.61,-1.1206396,3.02924,-0.2217935
115629.99,-2.178503,2.272224,0.096970044
120164.03,-1.1511711,2.865608,0.026086874
131387.61,-2.5790503,0.28214645,0.08352695
116075.72,1.2368013,0.15775836,0.104578845
117488.07,-1.8449936,2.9042265,-0.76495504
118435.414,-3.4347265,2.1461184,-0.09763858
130961.45,-2.2417295,3.0713892,-0.027816521
116999.734,1.8079007,2.995303,0.0060217814
121781.625,-3.9605248,1.792648,-0.04886748
127396.05,-0.8072837,2.5362475,-0.032817736
122014.6,-3.0074556,3.0499055,0.0071228463
123400.58,-0.58086395,2.8723154,0.010574243
121725.055,0.43719044,1.1824024,-0.18384056
118782.45,-1.6638819,2.9284434,-0.14805049
129634.14,-0.9599387,2.3850193,0.16257587
115168.69,-3.3350484,2.6175222,0.020193944
123645.6,-0.4411151,2.2145705,-0.16054536
115384.77,-1.4553754,0.8178226,1.6628617
122642.14,-1.7526634,0.6530286,0.42053816
129184.48,-1.8701369,2.7874541,-0.09542279
131593.25,-2.445597,2.1998968,-0.19724748
134220.8,0.60757816,3.0814662,-0.7410701
134145.7,-3.2045126,2.7483642,0.081961215
130947.47,0.32662007,2.7782152,0.1204665
126704.34,-1.5273108,2.6411407,0.17442542
120649.53,-2.7259345,2.0657883,-0.12945312
120285.914,-2.2540612,3.0268228,0.5646654
124231.484,-2.1692877,0.0066762865,-0.28612185
128740.63,-1.398629,2.4545846,-0.72067684
121665.71,-1.5512605,3.005353,-0.21055567
118503.74,-0.10725704,3.1245162,-0.06514409
120999.39,0.009532175,1.204782,0.31161073
125061.33,-3.1384192,2.8491693,0.055537164
117550.9,-2.924635,2.496476,-0.039793216
132314.64,-3.5554059,0.9531771,0.28725627
124179.66,-2.0520437,1.0020646,0.09192033
115273.32,-3.5340686,2.0001466,0.16035427
124333.125,-1.5383108,3.0980709,0.20795336
120462.445,-0.53092676,2.5631664,-0.1163856
122145.15,-2.155078,2.8895662,0.080124766
134042.58,-2.6747525,2.1277955,-0.9774982
127500.09,-0.613891,2.4159005,0.15269493
125515.83,-3.309904,2.000683,0.14286292
116837.195,-2.6264427,2.3437319,0.14817506
129533.57,-1.0659009,3.0341043,0.019320644
128804.64,-1.8356947,2.2575626,-0.019603137
123743.7,-0.65312034,0.76305497,0.17895198
127033.82,-0.859465,3.1200588,-0.02034879
124288.59,-2.9986656,0.3764132,0.4630999
126767.31,-2.009374,1.5531648,-0.7742735
116248.74,0.28515065,2.847998,-0.07877482
131854.86,-1.7628746,2.7932363,0.10104452
118864.81,-4.1090198,0.35690674,0.4622894
127611.63,-1.1780392,2.2381558,-0.13197246
121575.17,-2.1664343,1.0098304,-0.04587212
115780.914,-3.1289315,2.201263,2.955069
119176.83,-1.5050874,2.5789573,-0.26006082
123322.63,-1.349074,1.0077201,0.2647486
122977.234,1.5361875,1.7593267,0.11975258
133900.23,0.31716916,0.042320967,0.031039903
118749.12,0.070696704,2.691296,-0.029225256
123097.99,-3.4663942,1.9534162,0.13270497
121446.63,-1.7822589,1.7084234,-0.17773415
116236.77,1.7104316,1.1209934,-0.12550919
121622.805,-2.0502884,2.882186,-0.10115828
133053.2,-3.3241913,3.120337,-0.15767749
134274.34,-0.8475001,1.2137564,1.8809261
123176.35,-0.31714988,2.6833577,-0.16173193
119076.43,-1.4406099,0.9956143,-0.1093318
132842.42,-3.6994176,1.8508773,-0.15242742
119489.484,-0.01284825,1.3754257,0.38660178
122188.625,-2.3921528,2.0810478,0.03700477
119152.914,3.2510738,3.1264868,-0.043075036
125508.29,-3.0519505,1.7016296,-0.5610839
133815.23,-2.375516,2.861036,0.04966179
125986.125,-3.3949327,1.1130494,0.17840129
126429.0,-2.0419128,2.229329,-0.3491745
130886.41,-1.7315458,1.0731843,-0.05380268
128413.44,-0.21607733,0.6421329,0.039627623
124027.1,-0.6800963,1.2046547,-0.07139297
129927.9,-2.8957174,2.8066647,0.060357288
124144.19,-2.5322137,2.8948379,-0.086927265
130192.76,-1.6450028,2.5633113,0.26769218
123722.67,-1.6245714,0.8357197,-0.10451607
131151.11,-2.0437567,0.61625755,0.21475303
117730.34,1.686629,2.9801762,0.081300445
123981.234,0.69202393,1.2610863,0.069311164
125201.914,0.20547724,2.4145877,0.039324626
118881.5,-2.6103475,2.5435414,0.021470547
120832.98,-3.4127557,0.6573149,-0.10800433
120920.8,-0.97377706,0.66700196,-0.12869826
119127.47,1.42852,2.7222223,0.017313953
120692.41,-3.0368054,0.290086,-0.016028041
126414.97,0.6657809,0.30402184,-0.06674977
128255.945,0.024697242,1.724503,0.7003915
116615.38,-4.2284646,0.4425521,-0.09264402
134190.72,-0.37291148,1.0607306,-0.6466155
118440.875,-3.9386177,1.5700758,0.14947009
116873.68,-1.9863014,1.3463324,-0.23241115
130207.5,-2.8708432,3.0006704,-0.11334135
119985.914,0.26732832,0.9073842,0.2732072
115376.02,0.2865469,2.9849522,0.055759244
120434.57,-2.777761,2.8532972,0.12110118
118029.23,-2.5086,3.0876033,0.12440529
120432.68,-3.6567543,2.7310374,0.011366083
124766.34,-1.7168499,0.6874511,-0.059570253
117789.375,-3.0957417,2.9905183,-0.018779222
132992.45,-3.6547487,1.9258661,0.5011037
124053.414,-3.1882205,2.5459826,0.205234
129990.98,0.72513324,1.9598179,0.27354062
119158.89,-2.9756732,1.2735127,-0.20916961
125953.46,-1.4458485,2.409577,-0.4166367
130444.375,-0.99065346,2.8796754,-0.04771352
118181.57,-0.041526966,2.7592876,-0.10523348
118755.95,-2.3738878,0.30567932,0.029110225
129848.07,0.35281104,2.8953848,-0.004732713
115751.05,-2.5278816,2.865211,-0.0134946145
127927.234,-1.5836037,1.8317806,-0.38261476
116243.03,0.45236683,3.0338519,-0.16903393
116660.36,-0.90625626,3.040077,0.076034196
124961.74,-2.7123559,2.724443,0.07183422
116135.64,-2.406118,2.4565353,0.0036087623
119316.664,1.2382501,2.8148096,-0.45253006
117072.38,1.5113815,2.1056259,0.17965971
116319.85,-3.2187822,0.46520394,0.100569606
117699.414,-3.3217683,2.78918,-0.14279714
116517.41,-1.5836623,3.1361516,0.076447755
127565.01,-2.7138062,2.8862703,-0.106941
134509.84,-1.4680567,2.488257,-0.045327958
120227.97,2.4685948,0.40693033,-0.06331017
119126.93,0.51969963,2.3898737,-0.12812667
121051.57,-3.2258387,0.52400446,-0.060902007
132427.58,2.1456938,1.517777,0.17194498
125356.54,-2.9403658,2.8941557,0.1505701
133538.83,-1.8110784,0.8727379,0.067541495
122321.86,-3.6593056,0.8928832,0.05154294
132540.19,-0.79406327,1.2763827,-0.11880156
126774.19,-1.4898493,0.7204211,0.122684024
129183.18,-3.3244803,1.1568675,0.023696218
131304.66,-1.2377064,2.655782,0.013679159
121097.39,-2.1377764,1.9218123,0.0042001647
124942.93,-2.869722,1.4363941,0.2955946
121783.0,-2.0809724,1.5895228,-0.96003526
116005.32,-1.1219796,2.2265117,0.18395795
121562.77,-1.3214848,2.1607351,-0.36149895
125501.75,-1.4872993,3.116583,-0.0810327
119214.39,-2.9704916,3.0120294,-0.08349259
124106.67,-0.8516226,0.14033878,0.01536951
126993.17,-4.652072,0.16511035,-0.16129547
129092.98,-1.138619,2.748323,-0.4841933
120422.21,-2.8927662,2.1222596,0.7056325
132641.95,-0.8847986,1.5912613,0.56180215
122242.41,-1.3092276,2.9133205,-0.15490387
126020.734,-3.2272797,2.8192112,0.22727332
122097.66,-0.115933746,2.8406298,-0.13226652
117589.62,-1.660003,2.814382,-0.17973542
122680.65,-1.0233978,1.8156536,0.10844673
123130.24,0.7950696,2.78414,0.14657964
125492.04,-3.901062,0.41965413,0.053099956
118782.586,2.3091033,2.995329,-0.015846485
133915.03,-2.9832652,2.9309845,0.063753866
123515.88,-1.6957449,2.8946483,-0.007048704
131812.05,-0.13454853,1.9745042,-0.28720474
120644.48,2.150195,2.7742078,-0.078630686
120800.7,-2.8508706,2.7567117,-0.11745004
125619.67,-3.7987266,1.5033903,0.08101997
130521.28,-0.4186463,1.0211841,-0.07908336
125262.12,-3.747772,1.0202932,0.34882757
129334.56,-2.7435195,2.9347386,-0.1643801
121575.234,-2.2306824,3.1280863,0.028733471
118410.68,-2.3121066,1.6776255,0.16783689
130571.625,-1.7035373,2.6511319,0.16682038
118336.76,-3.1775153,3.0827723,-0.026042076
126175.43,-1.3483837,1.3680018,-0.18879835
124446.484,-2.8669672,0.25619602,-0.34213006
120567.21,-2.7810667,2.2737403,-0.18162774
131728.22,-0.94286543,2.7017171,-0.009290443
120062.055,-2.6587892,2.4407604,-0.02463057
133805.97,-1.0316876,1.7899984,-0.114740536
119726.22,0.89524174,1.2901272,0.09322883
132303.48,0.67005765,2.8263323,-0.15012197
123113.984,-1.9275669,2.489081,0.56158435
120880.6,-1.9209244,2.8488562,-0.06815785
131010.92,-2.5876791,1.8916466,0.33225712
117107.16,-3.179817,0.15507555,-0.041183144
128918.234,-0.9512838,2.6126657,-0.22158301
118309.31,-2.4686468,1.6344975,-0.50731033
124795.84,0.542699,2.628469,0.025350703
126235.96,3.2876,1.4119921,-0.2563384
123316.85,1.2096888,1.891435,-0.1447772
124347.65,-0.60711884,1.6032648,0.3648091
125588.4,-1.9298091,1.8206308,0.4873513
117112.1,0.005532904,3.0087464,0.38315293
124916.336,-2.5306287,2.7057035,0.14365083
118484.695,-0.51592493,1.4392726,-0.22735593
127189.625,-2.251865,1.0407107,-0.17163037
116301.63,-2.7545915,2.6483638,-0.18029514
131986.33,-0.73296034,2.5825706,-0.18207681
126342.76,-3.9018493,2.4978185,0.042615317
126423.19,-1.3738607,2.2442033,-0.26857904
127460.23,0.13406837,0.3526937,0.1284544
123505.41,-3.6093392,1.3131969,0.20533143
117133.55,-2.935373,3.0819588,0.14802909
128769.695,-3.7319186,1.6534326,0.48523125
123246.97,0.32368815,3.0676517,-0.07938088
117172.516,-3.7083054,2.8407128,-0.36989188
125881.59,2.4025977,2.0275335,-0.4585107
116475.2,4.5690565,0.6340238,-0.119247206
123189.39,0.5710256,1.3913866,-0.77575415
116554.61,-0.07470822,3.0833266,-0.087765716
127615.9,1.7096838,1.4976892,-0.2605803
132577.78,-3.2255628,2.8512416,-0.07919662
120086.27,-1.8861749,1.6388719,-0.5422016
120036.09,-0.46996254,2.0909758,-0.11969201
129979.93,-2.9334455,2.7307498,-0.2977334
132614.08,-3.297139,2.9659438,-0.12765118
129126.89,-1.9462712,1.2841336,0.19055185
125155.97,-0.7806723,2.6800983,-0.4408733
124629.44,-0.5250234,2.936791,0.07228883
124509.63,-2.2861273,2.9832575,0.061515383
115991.17,-2.6049712,2.101755,0.022502266
122136.07,-3.0974166,2.715549,-0.043897245
122128.52,-2.9085598,2.9210827,0.13253784
123840.69,-3.098065,1.585616,0.08644502
127172.34,0.35533333,2.0944705,0.13717982
124762.61,-0.83033144,0.5825412,-0.077555396
127952.15,-1.4767182,2.1172981,-0.36066478
127231.5,-2.9253314,2.2684262,-0.057905212
116095.48,-3.11849,0.77503395,0.07823338
116206.11,-0.32315493,1.0033453,-0.09319784
119038.06,-0.9034258,3.105931,0.041200545
134051.31,-1.4675983,1.9429038,0.71863914
121575.05,-3.096169,1.7825832,0.26283357
120504.586,-0.2288522,2.7587461,0.24576744
122957.34,-2.481772,2.4367187,-0.010857854
125098.44,-2.109557,1.530823,0.084927745
117101.97,-1.87224,2.4245505,0.06827216
131943.94,-4.3831687,1.6624751,0.11541657
133975.22,-0.8184186,2.927367,0.041356243
118816.766,-2.6306202,2.8672311,0.34386578
117271.055,-0.17282161,2.5456603,-0.1252541
132220.55,-2.9607928,2.1388717,-0.4475247
124108.47,-3.1484869,0.8250029,0.22324087
117419.68,1.3447343,2.42839,0.090505354
123775.47,-2.9668233,2.5445826,0.1629253
116313.17,-3.585734,2.9480844,-0.21737157
129060.06,-2.8387759,2.2573729,-0.034956116
117696.625,0.72704524,2.5028696,-0.09327661
117913.38,-1.4942795,3.0619397,0.0256986
128006.13,-1.5601085,2.8337712,-0.11053301
126337.37,-2.7439528,2.6665182,-0.7474983
118470.36,-0.13605848,2.6523814,-0.0677298
115954.39,-1.5564978,3.0289838,-0.085089155
128686.52,-0.6750191,2.099718,-0.7105057
124890.59,-4.027982,3.035354,-0.0066377767
123646.01,-2.4264643,2.191831,-0.26508123
119148.02,-2.2689857,2.6885123,0.31725752
125211.81,0.6934441,2.004224,0.13814628
133366.73,-2.1518295,0.74149793,-0.050499685
124911.37,-0.9305364,2.6447568,-0.005588618
124224.95,-3.4144142,1.167931,-0.26701835
126442.71,-0.20413336,0.20004034,-0.020337822
115830.0,-4.4265804,0.10992098,-0.096019916
115725.1,2.7900343,3.0063128,0.004528628
121403.055,-0.24602729,0.00942599,0.014523036
117136.64,-2.7298024,2.860829,-0.23053633
131147.69,1.1481589,1.5535874,-0.18913943
126485.914,0.86861765,2.9722998,-0.016142912
130512.586,-1.142716,2.5492284,0.0026956913
119831.93,-1.5663517,2.822977,0.09716125
130135.81,-1.6789942,0.36224508,0.004902682
122446.7,1.6027815,2.2311764,-0.13171233
122174.586,-2.2874506,0.305346,0.044887718
120357.32,-1.0148784,2.6267946,-0.45658374
126517.65,-0.65789384,0.83165944,-0.14629757
134522.19,-0.65430826,2.9274385,-0.16359213
133221.66,-3.0651643,2.596715,-0.23239397
122263.51,-1.7994164,2.1277525,0.11818031
122007.96,-2.7007713,1.6683795,-0.29969698
119220.0,-1.5184233,2.9752183,-0.057048228
117580.43,-0.5250033,1.6721692,0.27580336
126152.12,0.13799004,0.9607309,-0.06345966
126014.74,-2.9314322,0.99646556,-0.16879432
129176.38,-2.756397,3.020873,0.49529648
129583.58,-2.5284514,2.9266956,-0.11088789
118472.42,0.49792096,1.0920161,-0.10050139
132533.16,-1.5767136,2.9812114,0.037537493
125392.98,-3.197844,2.5299363,0.71468663
131072.86,-0.7308949,2.697534,-0.13861457
133610.61,-0.08291329,1.9465253,-0.29787424
125009.6,-1.9488618,2.9227324,0.34347498
128646.2,1.7833487,0.021880984,0.005457357
123787.7,-0.60579664,1.1172663,-0.17702074
116987.49,-2.1360667,2.727097,-0.7625325
119490.57,-1.7521574,2.8952048,-0.030522414
125902.445,-2.1391456,2.5354917,0.15987459
117572.21,1.3045294,1.5388988,0.24925694
123549.87,-0.35413563,2.6747026,0.08665402
119052.05,-1.5686625,2.3465097,0.44649383
117198.4,-2.159756,2.9387388,0.41428816
124765.51,-0.37587982,1.2574286,0.16171911
120920.53,-2.2356877,1.421388,0.0421472
117393.22,-2.795703,1.3181301,0.06102177
128622.94,-0.582669,0.5863433,-0.37723672
128992.77,-1.7726132,2.1107574,0.321321
124131.875,-0.2583778,1.3711,0.14355046
126507.27,1.5730097,1.6403779,-0.08218353
126364.82,-2.4043858,2.20487,0.7647138
128488.93,-0.476439,2.7798822,-0.065137364
128679.664,-2.1457675,2.0432184,-0.3761448
122614.76,0.86909974,3.1197815,-0.0046624835
130677.02,2.0695088,0.9391506,-0.25141993
128853.45,-2.6284354,2.7950287,0.10487036
130898.26,-3.2353103,0.81003165,-0.14701009
119727.586,-2.4762325,0.04216206,-0.3354964
117834.61,-2.827991,2.3649342,0.30584687
131174.16,-2.7035384,2.8517778,-0.51726234
126435.414,-2.62497,2.040165,-0.87459755
124262.15,-3.5042324,2.0215333,-0.04082293
134759.27,0.81658286,1.062095,-0.2675861
126376.85,-3.4939857,2.517421,-0.43246454
118266.85,-1.1532551,2.4492254,0.18197747
121155.28,-0.8146972,2.1826134,0.20603186
130267.92,-2.9914563,2.2145553,0.07885551
126037.97,-0.7485704,0.22540323,0.023832193
118736.91,-0.6394796,1.8012341,0.13787264
119688.664,-1.1019317,2.9359128,0.06429093
118939.516,-0.59947765,1.4103676,-0.22201885
120177.59,-2.2212539,3.04445,-1.7908382
117850.74,-1.6138486,3.1273746,0.057015564
118351.46,-3.6052308,0.604265,-0.07087953
123102.62,-0.5355682,2.2623925,-0.08734922
133681.36,-2.3250704,1.2484018,0.024827413
134531.62,-2.4670007,1.3041065,0.2968899
117633.484,-2.891448,2.9991484,-0.013660291
122486.21,-1.7910156,2.9870088,-0.71261775
128302.46,0.7951759,0.08577117,-0.016478438
125239.2,-2.8610406,3.094483,-0.25610685
132829.23,-2.273786,2.8172874,0.15935469
115963.35,-3.16403,0.7838572,0.077778116
119416.875,-2.9286835,0.68910307,0.054994132
123123.27,-3.0601432,2.0250669,-0.2198969
115319.54,-2.5436833,1.7480077,-0.57195383
132448.72,-0.80692077,2.136904,0.19641797
131602.7,-3.1172655,2.3788147,0.63792884
116084.65,-0.3006104,1.0849522,0.28107536
126090.65,-1.5959159,0.4955641,0.3787176
124252.91,-3.2594533,2.332236,0.96657777
129207.55,-3.1649258,3.0651,0.11343709
115604.24,-1.0988628,1.6134815,0.21358205
125433.64,0.5904718,2.1891274,-0.10635557
126178.77,-2.115427,2.8026848,-0.2460547
115360.66,-2.019792,1.6350019,-0.20813699
124198.68,-0.92351294,1.323165,0.08263961
122518.195,-1.3734032,0.005409956,0.0049696676
129511.44,-2.9559896,2.234642,-0.2034702
117679.09,-3.0842667,2.6935334,0.05147285
121683.45,-1.1853255,1.8723509,-0.12730183
125734.36,-2.6186013,3.0910754,-0.028434495
122698.555,0.6967551,3.065154,0.03879576
120920.24,1.2799808,2.632956,0.082053885
134624.14,-1.1762803,2.9312828,-0.21596086
115287.27,-2.2621262,2.2304497,0.37901622
123513.66,-2.7437277,2.7326553,-0.14892372
126708.52,-2.8237796,2.7760978,0.18621907
119084.914,0.08094609,0.69160295,0.08809674
127553.27,-2.6353135,1.5581676,0.12166764
128879.34,-1.1515543,2.3847027,-0.03964012
115899.03,-1.5379413,0.5039407,0.09989267
130833.37,0.62909985,2.747082,-0.17778927
122477.58,2.6981173,0.43867952,0.13683431
120335.516,-2.3002977,2.690625,1.0324947
131213.56,-1.9286859,2.4837763,0.28347477
115394.13,-0.4221986,2.9886928,0.027543884
127054.23,-3.9847908,2.0916185,-0.2537142
118622.24,-1.316645,2.3070006,0.016598532
122632.83,-2.8529947,3.0949416,0.2942358
119780.67,-4.0612965,2.88149,-0.017930964
131614.39,-2.6571577,1.0102525,0.27612108
133415.05,-1.7381552,1.7825673,0.22338453
127122.47,-2.1015856,2.5328033,-0.8948406
128114.65,2.3033502,2.756337,-0.108105615
120121.164,-3.509358,2.9999757,-0.0059141302
129097.97,0.69871455,1.930141,0.6916732
124452.36,-2.0306513,1.8680527,0.21302693
116242.11,-4.4684014,2.19975,-0.073532395
130157.15,-4.496101,0.20226118,-0.032939803
130157.85,-0.3293579,0.54728395,-0.1299896
129447.95,-4.1448236,0.8288455,0.2816807
115612.01,-4.0868583,2.2273374,-0.056255158
132622.31,-1.1579736,2.2329757,0.06826945
127716.89,-0.7885478,2.2194593,-0.12836207
120654.25,-4.008482,2.4342022,0.18238333
117823.81,2.1109703,1.7253902,-1.4719118
125488.664,-1.473281,1.1932248,0.34317514
116623.09,-1.5260029,0.07912898,0.19978106
117247.24,2.2301888,2.8442063,-0.014135272
124576.58,-2.7023032,1.9978381,-0.18342961
129438.63,-2.9113784,1.4271281,0.23066442
122645.32,-1.7063434,2.905188,-0.1948826
132354.14,-2.1928835,1.8046778,0.7054247
115643.66,1.3135277,0.17290199,-0.0519905
123176.62,-2.5205736,0.4963898,0.14447966
117251.06,-2.363118,2.7662227,-0.10999295
124824.62,-2.396383,2.9754207,-0.757406
120353.91,-1.6005718,3.01186,-0.056855902
126163.64,-1.6213988,2.1815128,-0.05360615
130985.65,-3.3061874,1.3014804,0.6272027
129616.15,-2.60896,1.9866341,-0.5681768
132495.94,1.5386003,0.96326244,0.102598265
127697.5,-1.9537838,3.0133696,0.5027825
121147.3,1.4853369,0.43611896,0.12749077
116728.52,0.76868224,0.06172204,-0.0049881483
132664.66,-1.6479464,2.193858,0.33631852
127396.56,-1.3493117,3.0320723,-0.0299302
115839.266,-1.4235826,0.4809776,-0.045112368
122023.266,0.46677068,3.0340228,-0.017645827
115105.445,-0.1153678,2.0623317,-1.5751352
124476.14,-0.035914585,2.0961294,-0.5386774
115228.36,-0.71677667,2.2900786,-0.07193602
120602.18,-2.4875298,1.621086,-0.50653946
115783.38,-0.9816444,1.122242,0.14385116
120095.94,0.6630767,1.2086422,0.21884629
127981.32,-3.600234,2.9568827,-0.5531241
127102.79,-3.6594296,1.3061385,-0.1806398
115876.14,-3.747092,0.36568606,-0.08657148
126046.91,-2.154696,3.1218693,-0.5631758
121381.75,1.1954446,0.5447881,0.5631611
129380.08,-3.233142,1.4335543,-0.13559623
115044.98,-2.8262553,3.0697033,-0.055984072
126304.9,-3.3435347,2.9879818,0.21279007
124657.01,-2.9825544,2.9713037,-0.042513773
123620.63,-2.2218595,2.1979413,0.11490371
116544.81,0.03446785,2.7354355,0.12949252
115721.58,0.2548731,2.2018824,0.15111825
123130.14,-1.712047,1.2456706,0.18589029
125676.766,-0.624576,2.0796149,-0.38803464
128171.98,3.1897018,0.9673632,-0.12656231
116199.26,-0.39843723,2.8259609,-0.068850696
122928.07,-3.9626284,1.2638278,-0.06810749
117220.51,-3.3756003,1.7195615,-0.09977206
131391.33,-2.7862332,2.1872225,2.1349933
134106.6,-1.6147735,0.10562384,0.02927353
123618.79,-1.9837885,1.1376743,0.13241136
130232.68,-1.5598652,1.5123026,-0.39647135
131458.89,-2.8648078,2.7500904,-0.15358908
122082.84,-1.3254963,1.1854815,-1.3683394
131589.66,-0.57537675,3.0217834,-0.10579393
116999.875,-1.8836694,1.8991464,-0.047942627
134934.28,1.5167576,0.4253926,0.096257925
117692.44,-2.2502375,2.7321486,0.08325504
122807.516,-1.0579095,0.123126864,-0.24486072
116900.164,-0.3631676,1.6086873,0.8824302
123563.52,-0.63506156,0.19461286,-0.03117914
117971.33,-1.6737037,2.6662033,0.039371528
118137.21,-2.9308195,2.3869162,0.149802
120497.9,-2.5049355,1.1055508,-0.10802811
128689.79,0.616713,0.18842149,0.035043802
125037.016,-3.4884005,0.5948756,0.07845619
121598.336,-2.4029102,0.8708486,-0.16999358
118067.15,-0.36669368,0.24252582,0.08034811
125662.84,-1.1530597,2.9202297,0.21797694
122844.02,-0.31253123,2.9609494,-0.030298257
127214.375,-3.1851616,2.7089508,0.6210594
121512.26,-3.621303,3.0614069,0.046988808
119130.19,-2.6079946,2.8841908,0.10837734
134109.31,-3.4343324,1.1899029,0.2932666
129793.12,-1.852008,0.5647243,1.4765798
129197.7,-3.7587779,1.1485068,-0.19854529
116528.766,-3.9477038,2.5993588,0.32427987
132352.81,-2.251647,2.702094,-0.15452318
118479.016,-1.7314398,3.0221581,0.07954693
126719.21,-3.2640643,2.999828,0.101343654
121071.98,0.8466117,2.839924,-0.24589317
117431.59,-1.0931613,2.4363778,0.8719658
121051.984,-4.109714,0.1017611,-0.14661947
129099.75,-1.5091374,2.4404457,0.09164088
130646.74,0.05582771,2.8234696,-0.09016686
126786.96,-1.9666522,2.3081126,-0.17874637
118875.23,-2.7306445,3.075507,-0.045860175
133102.73,-3.5544899,1.8817264,0.1952934
127638.61,-1.8456354,2.686505,-0.09259997
118880.89,-0.6527004,2.8513505,-0.20222771
115751.58,-1.3655306,2.8457835,0.14665037
115855.67,-3.0089145,2.8614578,0.09365669
134916.75,-0.9923054,2.4230947,-0.0791437
121350.19,0.85736173,3.0270143,-0.31156173
128636.914,-1.3422338,2.8776193,0.0068041654
122525.414,0.03252165,0.97175956,-0.0731962
122175.73,-1.6680299,1.9149193,-1.1230334
121658.914,-1.0646122,2.9707768,-0.33225745
124082.9,-2.2056115,2.8852158,-0.06901907
118929.85,-1.8582337,2.9380438,0.24997655
134843.31,-1.4061952,2.6798835,-0.2805884
134341.38,-1.5144005,2.7994776,0.19140407
134553.16,-1.3228211,2.6762807,-0.35421282
134223.48,-3.1419656,2.7395327,0.120908044
125897.63,-2.681793,2.9416242,0.178661
134303.92,-3.3687546,3.057241,-0.14589055
121754.164,-1.6905061,2.593639,0.6465762
122500.8,-0.4495047,1.7655857,-0.15996394
116447.25,-1.4109765,2.6813626,-0.24055216
116292.36,-2.927123,2.8213909,0.268845
127388.4,-1.6550493,3.1354902,-0.0017852399
122760.33,-2.5593946,2.8899748,0.012784755
121680.66,1.0235182,3.0095468,0.025545971
134229.17,-2.9692547,1.8300661,0.035087414
130127.93,-0.65778416,2.8176055,0.074863106
116179.93,1.220961,2.6012893,0.053612918
119024.92,-1.3025322,2.1385255,-0.12819217
118048.305,-1.8836164,1.1517892,-0.10254505
133076.33,-2.570828,1.2986333,-0.7998829
130659.125,-2.5593214,0.08015263,-0.035610955
117739.914,-3.376511,1.31677,0.048883013
121540.72,-0.42479607,0.015393496,-0.010751876
126299.484,-1.044352,2.4875834,-0.1908956
120365.67,-2.5992644,1.4202636,0.15029944
118227.43,-2.8983586,2.779467,-0.34249163
117722.43,-0.7091045,2.9047403,-0.07908458
115818.64,-2.0240946,2.4953313,-2.0894554
129732.59,-0.32561934,2.735004,0.051568676
129807.43,-2.186852,0.022038937,0.008956282
118502.484,-0.08083848,2.245434,-0.0477533
129484.53,-1.5565615,3.0506227,-0.057415728
132170.92,-0.9198473,2.4836726,-0.18569428
128117.766,-1.0657165,3.0197706,0.15063348
118601.39,-1.9577708,0.8729832,0.18171245
123086.375,0.7231834,3.1317198,-0.027191231
127587.39,-2.8599753,1.52199,0.07322054
115432.34,-1.9927986,1.8366147,-0.1343669
128394.2,-1.3723078,2.6091893,-0.061558153
124199.21,-2.2230825,1.6184219,-0.16123785
117377.71,-0.09753114,0.8631958,-0.072856255
131371.17,-3.0169704,2.9231446,0.19043508
126478.69,-4.1000443,1.5940528,0.15053673
117082.45,-0.6769212,2.0821955,-0.423223
119931.266,-2.666116,1.1224239,0.025449729
119644.5,-2.686829,2.5108664,-1.0353954
119832.26,-0.3975547,2.5404441,0.1461274
122388.6,-2.3869784,0.32340628,-0.6684675
116286.586,1.17206,1.1590554,-0.11201699
119548.586,-0.6250162,1.0820906,-0.21370092
119315.74,-2.635669,1.2695316,0.07907008
134163.95,-0.69894516,3.0904055,0.40843698
133897.88,-0.73778087,2.400267,0.41687346
128718.5,0.46969187,1.0817335,-0.09520129
121641.35,-1.1878557,2.9287362,-0.148723
126475.69,-2.7008173,2.14935,0.27945954
117775.65,-2.3271208,3.0354066,-0.028850857
128300.65,-0.7934371,2.963548,-0.11137178
133064.73,-1.415719,2.501531,-0.04283264
124073.87,-0.7378995,2.1284988,-0.52715254
118194.37,-1.0902253,1.4145796,0.19766024
115930.836,-2.249441,1.1221569,0.5711815
124396.195,-0.3255469,2.7221127,0.097889304
134647.72,-1.9874084,2.9053974,-0.062494583
134703.06,-2.6189475,2.9874885,-0.016567407
129168.75,-2.254333,1.8764937,-0.035842728
115520.85,0.40686,0.8891499,-0.069223
127210.945,-4.1603436,2.0617006,0.03777668
121053.62,-4.1531715,0.061942756,0.19237092
133900.25,0.731141,0.06645453,0.027142722
132919.97,1.175504,2.4602277,-0.13031653
123053.03,0.15919273,1.5887915,0.53432536
122894.68,0.4288327,0.33273172,-0.0662007
120507.164,-2.3240461,1.1869276,0.60530424
124965.34,-0.539315,3.0863428,-0.01827988
115608.67,-2.3087966,3.0362823,0.18783954
121487.305,-1.1665943,3.0524578,-0.18947487
133520.39,-2.486109,0.58481365,0.24509436
128635.805,-2.3642206,0.7575869,-0.070112534
133188.06,-1.7094854,2.9047017,-0.6846465
126170.0,-1.0061125,2.9783306,-0.065273464
121576.19,-2.5888574,2.102937,0.017432319
124429.97,-3.1346042,0.36493373,0.06701947
133137.78,-0.34265935,2.7691686,-0.34551594
128312.28,0.39093122,1.8189459,0.30390844
122923.14,-0.5637836,1.5062006,0.104948305
117695.15,-0.28486073,2.6197443,0.0053956895
123134.586,-2.537799,2.2100306,-0.12744583
127658.68,-1.5849633,1.1241751,-0.19797252
121390.04,-2.2287042,2.2541332,-0.16721988
116039.86,-2.1825082,0.38345838,-0.07393411
116268.43,0.18129309,1.8871717,0.07697702
117873.805,-4.0080714,2.2770827,-0.21928857
119504.664,-2.9898553,3.1076467,0.0058568744
121830.49,-0.7423214,1.9467268,0.38437918
122842.25,-2.9873047,3.0489783,0.020406611
123713.58,-2.831012,3.018546,0.063278
126433.18,-1.7387058,1.8633963,-0.17534557
117849.414,-1.5858499,3.1047766,-0.11940892
118303.86,0.2490328,2.7759302,0.06961104
121152.79,1.0487068,0.8856633,-0.23045965
122636.81,-3.1249943,1.7924721,-0.17345496
125956.55,-0.91602194,0.9469402,0.26441184
120350.17,-2.6016963,1.1097587,0.038817737
128328.09,0.034481093,2.2760694,0.28675386
128204.98,-1.2724693,2.8833637,0.01827216
117315.34,1.1335655,1.0688331,0.12020549
123288.266,0.08538352,1.5807331,0.2598678
127290.086,-1.7697378,2.4970865,-0.22870721
133081.81,-1.1559333,2.6450768,0.055047933
118247.55,-1.6673044,2.1977868,-0.20887016
120497.734,0.9126482,2.3596692,0.22902684
121163.28,-2.6732562,2.2224364,-0.28082287
116827.65,-0.6959378,2.955755,0.0055596265
125691.266,-3.9908123,2.072999,0.060310986
133824.58,-2.674419,1.3806233,0.6176016
132981.66,-2.4997334,0.24406958,-0.02776244
131178.02,-4.11699,2.954402,-0.18826513
123092.75,-3.3838556,2.4397082,0.19998094
124900.95,-2.7558205,1.3691006,-0.37369004
131898.1,-2.6899948,0.042012513,0.03649622
121353.93,0.13297543,2.9090931,-0.026138188
127653.73,-3.0782516,2.5056767,-0.03435
118110.78,-2.5422323,2.979464,0.08642232
119535.29,-2.2925494,0.022066087,0.021477818
128131.29,-2.341519,2.890043,-0.0015835576
129205.305,-0.41924766,1.8889132,0.40589577
126545.44,0.22700134,2.7368,-0.045791436
119391.945,2.2537637,1.1517074,-0.22003125
127140.69,-2.8477414,2.172361,-3.449144
131866.89,-3.655652,1.4364096,1.3284638
128044.25,-3.882236,1.860411,0.37505856
124987.055,-3.4213278,0.8387307,-0.059941687
122832.89,-1.4971769,1.7211142,0.6229369
117329.59,-1.9390526,2.8448403,0.012595044
134529.77,-3.1153553,1.3817263,-0.44105744
132700.2,-2.8060477,2.5726206,-0.031211726
130839.17,-2.257713,2.001941,-0.62619805
118852.016,-2.602749,2.5941682,0.19717087
131453.94,-4.07452,2.5018291,0.040048793
122475.22,-0.40462625,2.6348975,0.015056265
129610.836,-3.8487978,2.9398317,0.76868623
127553.56,-3.3782349,0.9220286,-0.25662813
132877.33,-2.8297243,2.7831788,-0.17742679
128294.94,-1.000538,2.5248275,-0.0775733
132091.9,-2.2812529,1.828775,-0.5236297
130998.516,1.4267098,1.376706,0.23298362
117723.734,-2.6361496,2.60595,0.03888645
121767.1,-3.4109418,0.5417206,0.034660276
131101.8,-0.076481275,2.6568632,0.5445437
124784.914,1.1162087,2.9725945,0.05382979
131309.3,-1.9137613,2.3259103,0.44397202
120551.72,-3.6650565,0.6795701,-0.05635877
118823.555,-0.12950438,3.1288288,-0.084007606
126949.34,-0.73906404,2.9945893,0.030587396
116870.695,-0.72212666,3.003977,0.017775953
117916.05,0.7694524,1.8729571,-0.17157862
128334.29,-2.1713996,1.4450599,-0.31256992
126049.016,-3.067434,1.288095,0.13401227
122367.36,-2.463831,2.8721492,-1.6053022
117282.42,-1.4472399,0.09612703,-0.35467297
129133.18,-2.7883296,1.083548,0.21292727
134501.66,-3.2750025,3.0147393,-0.09002674
121232.1,-3.5181084,1.7963041,-0.242709
121100.17,0.261668,2.7755885,-0.13863538
120701.98,-3.0610902,2.2504716,-0.30110136
115295.92,-1.0721635,2.1625855,0.15163165
120185.43,2.9527786,1.3800496,-0.18364717
119754.664,-2.2553334,2.5798693,0.07290328
125521.4,-2.5203645,1.9845991,-0.07725747
127886.945,0.30611303,2.870209,-0.24871717
119711.65,-0.5289239,2.3336961,-0.0136811705
124066.23,-3.1289852,1.5870368,-0.03235156
126269.86,-2.8292143,2.8892262,0.11891101
129907.46,-2.5178144,2.8660116,0.20199859
133621.98,-3.4163773,0.70228606,-0.14756975
128947.18,-2.5491095,2.722891,0.11829211
125151.336,-0.36144525,1.1823207,-0.6170763
121512.195,-3.7024765,2.9775097,0.009119159
124304.99,-3.011282,1.0011297,0.28373516
133866.6,-3.2272592,0.85795903,-0.3847574
126714.93,-2.0180032,0.035135508,0.18662845
133360.66,-3.8763316,2.2863479,-0.12630026
121719.25,-2.9500194,2.7509503,-0.09490609
124215.914,-0.9581322,0.607399,0.017531814
117771.1,-3.9423292,2.3765278,-0.20216489
128272.984,-1.3967935,2.297192,0.11793254
121677.734,-1.6551524,2.2945998,0.1372637
120539.555,0.99910897,0.57100606,0.25742608
118091.56,-0.6043048,0.83676624,-0.39299682
123035.016,-1.7184826,2.8001628,-0.07388426
129468.836,-1.2815294,0.37134278,-0.03195009
125477.59,-3.484855,2.459222,0.23996964
121348.56,-1.8346086,3.0972092,0.06901902
133044.7,-3.6426008,1.6349895,0.16996543
120064.79,-2.3131635,0.3694737,0.04806808
123382.2,2.293345,2.9558487,-0.015143898
125168.15,-1.4256141,3.081733,0.04667218
124624.63,-2.3478372,2.997876,-0.5132143
134040.53,-3.5013828,0.72622913,-0.0965322
119668.86,-3.339534,1.9619137,-0.13566367
116885.984,1.4546479,2.4932408,-0.24190484
130036.336,-3.2084546,2.9547672,-1.3739004
123812.71,-1.5144889,1.4028149,0.11650927
128067.62,-1.758625,1.7165767,1.0440352
117884.305,-3.6202776,0.2057743,-0.09865782
132832.94,-1.4633194,1.0299731,0.09359735
126683.445,-0.7303906,1.305343,0.4186093
120575.555,-1.203636,2.3979263,0.040382676
132584.47,-1.6004002,3.0991952,-0.048404958
133375.52,-1.9101149,3.0289233,0.39927748
132064.56,0.2985337,1.6503928,-0.2180484
118380.81,-4.167504,2.766791,-0.1010057
130034.03,-1.6685027,1.1743668,0.22242412
117278.16,0.25479198,2.8766794,-0.06653638
121947.164,1.3181891,3.0765576,0.04531429
116962.11,-2.4345255,2.71647,0.17260091
119105.51,-2.7183373,2.704619,0.3274625
121975.05,-1.4023671,1.2633756,0.95862716
117329.03,-1.3481128,0.91310036,-0.24056686
124953.55,-3.0456846,2.7010074,0.21616848
120630.92,-2.3908775,1.9816489,-0.029889915
121463.26,-2.344769,2.7585647,-0.040521633
115857.58,-4.050057,0.72783244,-0.042061385
127029.805,-1.2621163,2.053513,0.22646226
133180.19,-2.5959752,2.345065,-0.022801226
117817.914,-1.7364424,1.7580432,0.0724937
121641.72,0.43362734,2.8123608,0.11709568
133419.66,-1.374039,3.0555108,0.057109505
119775.86,0.49788037,1.1284112,0.20328107
134450.2,4.3498526,0.16440916,-0.026925044
129643.01,-0.77718157,2.8223445,0.030376777
116185.83,-0.47103593,3.061874,0.10232555
116359.03,-0.10597274,0.9778344,-0.23553047
118464.56,-2.7750907,2.0179033,-0.07420391
120618.055,-2.106669,2.8536823,-0.17553835
121499.42,-0.8074019,0.8067584,0.09047212
126126.72,0.26311177,2.9711335,0.05849868
123517.85,-0.86980337,0.5839181,0.041018374
116307.71,-2.4571478,2.7432928,-0.83414876
132912.78,-1.1172816,3.0241017,0.2164971
115913.23,-3.3139548,3.0366986,-0.0028634483
132652.95,2.7655897,1.0552561,-0.3592902
133355.78,-0.24674328,1.8008472,-0.7184366
117658.125,-2.609901,2.3037791,-0.04690855
120712.72,-0.52432704,2.3137534,0.08205786
123167.04,-0.85137993,2.7753508,-0.1477462
124199.58,-2.9234211,1.0677018,-0.054302037
122316.33,-3.6340778,1.0832623,-0.019125585
125338.984,-3.7560468,2.9751098,-0.061404746
124880.41,-2.00269,2.856953,0.07168151
126254.1,-3.9696696,0.84748447,-0.21621227
116220.234,-3.2921238,2.489973,0.671435
118413.69,-1.8816941,2.5945525,-0.06390864
123009.92,-2.5227203,2.4406638,-0.06799954
124803.125,-1.0020053,2.5274527,-0.09938982
128614.49,-2.752558,2.9883416,0.1685131
132361.31,-1.6983303,2.9441977,0.075443685
126659.98,-2.4890182,1.61045,2.039025
128277.78,-0.81847906,2.8256698,0.1514359
125938.586,-4.4848533,0.95853895,0.12047292
122240.28,-0.8525033,0.4112743,0.10450262
115078.49,-2.204431,3.089072,-0.021060713
133617.28,-1.522803,2.9302454,-0.03386284
122008.125,0.93286455,0.8728208,0.7436206
123629.33,0.6246126,1.0265452,-0.25163737
131685.19,-2.882838,1.7940137,-0.010797966
115642.984,-2.2529318,2.2461128,0.926318
116248.836,0.20911838,1.6425395,0.16974196
124220.47,-0.50660306,2.7915132,0.28189155
118116.84,-1.6072389,1.9352597,-0.10827507
117253.35,-1.3865863,0.3364941,-0.022775622
118296.1,-1.6281258,1.9653766,-0.33652204
132508.7,-1.3873335,0.4682786,0.09775278
120093.695,-3.3560312,3.1107888,0.04312494
132145.58,-0.9351614,2.5666654,-0.53844625
116780.94,-3.3294787,2.0313847,0.11376587
121967.67,-0.2105064,1.8582069,-0.10292591
119200.86,-1.8609495,1.116077,0.06207371
132422.52,-3.2683668,0.35991192,0.15008275
123113.83,-0.15831392,2.8118832,0.16597056
127276.25,1.6282033,2.2202222,-0.24634553
116253.59,-2.800088,2.322209,0.22030698
126311.71,-1.9249216,2.5429518,0.115647905
127252.4,-1.637781,2.4834123,-0.19360021
117780.33,-2.3329253,1.3483561,0.08535184
126882.23,-3.8098786,0.013821721,0.14325227
128890.37,-3.1216817,2.905923,0.2821999
127562.94,-0.07907427,2.734748,0.057071414
122470.84,-0.74543303,0.73842233,-0.42284104
115431.734,-3.2212794,1.9113929,-0.073115215
127892.48,-2.37417,3.119137,-0.017680343
117800.13,-2.6882982,0.4223361,-0.109685235
119680.52,-4.019327,0.90710604,-0.16820855
117184.73,-1.2042137,2.056496,0.7504516
131638.92,-2.6728654,1.3262492,-1.073803
115204.586,-0.904274,3.1033905,-0.08080633
119636.54,-3.054852,2.574236,-0.7473891
117646.0,-2.289266,2.376007,0.8237339
118085.984,-0.8285988,3.077217,0.00787676
122400.51,-2.2628171,2.7649448,-0.028405253
121369.305,-1.7042967,2.8552423,-0.9256905
125820.58,2.8211005,2.5746365,-0.13328026
116738.87,0.75982296,2.8604283,0.24665639
132575.69,-1.8158906,2.6597078,-0.25142834
131902.58,-2.3261561,1.9818426,0.0040546535
131126.47,-3.2709613,2.5499582,-1.590519
129425.34,-3.430905,2.2970383,0.103134595
129666.266,-3.6172698,1.2666656,0.40987852
129116.57,0.42251033,2.8027356,0.022457665
115827.83,0.010603045,2.657108,-0.25590515
119473.586,-3.805943,2.1082044,-0.10748148
134104.0,-2.0724044,1.8664374,0.85702366
126156.78,-0.4730791,0.6786144,0.08302339
131702.19,-2.3453124,2.5528736,-1.1299623
119757.28,0.27846175,2.591138,0.16757639
127560.81,-2.3484528,2.26431,0.08951681
120846.57,-1.2556757,2.8679545,-0.39856312
128231.98,-1.6755407,2.583766,-0.0525064
118717.305,-3.0979366,2.3142374,-0.3349789
116235.74,-2.4625828,0.73316026,-0.05172118
119170.9,-1.019948,2.1611693,0.5858555
134064.05,-2.1355984,0.87069845,-0.05461517
132944.28,2.7640347,1.7329541,0.22519094
122311.24,-0.98703754,0.53671193,0.08969034
118686.61,0.42997444,2.668823,0.00042724726
134001.78,-3.711138,2.9763148,0.11011592
115282.97,-0.6176518,0.9561013,0.20637123
117972.75,-2.5919487,2.6780143,-0.23338927
132639.34,-2.8114197,2.0942912,-2.0059552
119841.42,-3.4679723,0.47856766,-0.11826124
134293.64,0.30140156,2.9586775,0.03772381
130355.1,2.3107092,2.5597985,0.13826436
134001.81,3.378653,3.0355198,0.00055184116
116497.625,1.025843,3.0465457,-0.013293468
127958.805,-4.187433,0.5193274,-0.10965116
116474.0,-0.70073545,0.7263019,0.035731226
117071.98,-1.8485491,2.6403477,0.1217457
120324.58,2.7161152,2.8554447,-0.03105555
125101.74,-0.5692802,2.9056802,-0.00053504755
117010.54,-1.0569916,3.089637,-0.06329401
115969.766,-1.484911,2.280714,-0.21302076
127034.53,-2.2641923,0.34821677,-0.03964844
123669.11,-0.61981523,2.4013495,0.34869844
123136.96,1.7372117,2.9071531,-0.010924953
115798.42,-2.9912436,3.0306516,-0.040494177
119549.85,-2.0271206,3.0979104,0.319317
129969.88,-1.5119828,1.5099034,-0.7141038
131723.44,-2.1890087,1.0407676,-0.078404345
123461.84,-3.0341637,2.4809113,0.18659987
126130.695,-4.0956883,2.5728092,0.09780788
116600.65,0.70990765,2.7522907,-0.34602895
123246.54,-1.0916401,2.747191,0.012391904
119367.89,-0.4259934,3.0787718,-0.24749944
116010.68,-1.8449647,1.1247025,-0.3150431
116716.234,0.839575,2.3909576,-0.19860773
124799.75,-2.5430021,2.1716893,-0.00913033
124492.664,-0.2688112,2.6302688,0.09358366
133300.23,-1.7334129,3.0294793,-0.02016373
117667.8,-1.2626088,3.0458095,-0.07539963
134419.53,-1.023186,1.0213741,0.18829456
115023.16,-0.058067083,2.9469223,0.102168195
120469.81,-2.1625624,0.97301054,-0.061155163
116509.47,-1.3637246,1.7288675,-0.095266335
124894.016,-2.4550235,2.424157,-0.16242397
127831.69,-2.705997,0.6418317,-0.060961947
132850.92,-2.8390481,0.8033698,-0.07886091
132541.72,-1.17793,0.61433816,-0.06940137
133625.95,-0.6644369,0.6125324,-0.16520016
130549.19,-1.9218478,2.891861,-0.09048942
115788.88,-2.7405934,0.1653471,0.013939263
127562.61,0.11677004,1.9512576,-0.18105133
117925.945,-0.29487395,2.6323583,0.1202733
131037.29,-1.5393869,3.016453,-0.02419434
126121.94,0.090454854,3.0489438,0.034944165
131373.9,-3.0054703,1.4620067,-0.5676076
122496.77,-1.8813184,2.9862666,-0.10844422
124054.6,-0.14268567,1.3015001,-0.13199815
121305.74,0.48909715,1.1321214,0.19317505
132048.83,-2.7554119,3.128889,-0.08550997
124595.75,-2.4126248,2.4012892,0.2058508
123359.25,-2.680234,2.989363,-0.115204476
121545.75,-1.8892668,3.0710227,0.0855503
126886.625,-2.5327446,2.179844,0.84850204
129459.57,-1.0959408,2.3297718,0.49058455
129374.04,-2.6002636,1.7224395,0.8987021
125442.36,-1.4426173,3.0360446,-0.043367624
124424.195,-2.2915156,3.1222618,-0.00857668
133350.02,-0.33191118,3.133425,-0.12265498
116995.62,-4.173222,2.986772,0.004847211
119558.21,-0.61590433,1.7469182,0.08121239
124836.84,-3.8747547,2.3718927,-0.11036501
127865.734,-2.5364785,2.8855355,-0.29830322
127396.586,0.42525682,1.4672742,-0.11579939
132563.56,-2.349638,0.3426246,-0.47062615
115304.54,1.4259937,1.4936287,-0.2583761
118993.78,-2.6739044,2.8210013,0.05769551
117289.83,-2.9686003,2.619434,-0.040819846
121025.82,-1.831798,2.2632227,-0.19258094
121823.96,-1.7991284,1.6484741,0.01272363
121314.17,2.0955617,2.6586974,-0.07452383
120888.76,-2.899227,0.698815,-0.22429533
133569.05,-1.7491193,3.0288951,0.06842442
119418.45,-0.7588536,2.7756376,1.3309011
133546.9,-0.8606393,2.1280224,-1.1756184
134878.66,-2.4163785,2.9365864,0.28978017
129583.555,0.8220132,2.3146574,0.18193096
117085.78,-1.8148533,2.8346665,-0.09987412
120904.57,-1.7161462,1.2653816,-0.08605309
115700.95,-1.9866837,2.958541,0.013073978
123867.195,0.3364403,2.7068954,-0.26521707
117514.766,-1.2978448,2.760879,-0.2362256
128330.44,-3.193685,0.114163876,0.23239411
131576.28,-2.1121545,2.8349328,0.34389967
132620.34,-1.3540269,2.8869689,-0.81196284
116268.02,-2.6550097,0.122645855,0.0693891
122196.8,-0.7408147,0.8473468,0.22589943
134793.75,-3.5535376,1.1064534,0.033064783
118240.96,0.8153168,3.1125104,-0.007788494
132774.67,-1.9752679,2.7384102,-0.05657932
118556.555,-3.4726126,1.1268321,0.24091692
134119.42,-4.022189,3.065392,0.08057138
118497.52,-1.6069258,2.129736,0.37458166
132231.31,2.5896487,0.11269593,-0.05222388
125756.99,-3.678216,0.6058803,0.13102758
131501.5,-3.4977467,2.2537084,-0.3711948
128796.336,-0.9666,0.6785315,0.0663965
118182.34,-0.92909855,0.4497764,-0.28785616
115878.48,1.4884083,1.53616,-0.23313099
123145.44,0.40405834,2.7240193,-1.1114212
115807.36,1.6379758,1.9880956,-0.16625638
128096.31,-2.6444063,2.9550152,-0.061784193
126650.945,-1.0560211,0.36393142,0.045309357
117654.516,-0.09412092,0.75034606,0.23891601
133589.81,-3.2510982,1.010588,-0.07350648
131099.47,-1.0678409,0.9121648,0.18532264
122345.03,-1.1524353,2.3566065,0.06513629
127882.68,-0.66723496,2.031181,-0.37826824
116496.4,-0.91671646,2.6176243,-0.4484009
121987.445,-2.1487665,2.8577592,0.20841476
121097.78,-1.3548423,2.8143299,-1.6555672
118218.555,-2.9826658,1.256538,0.29083824
130154.68,-2.8265243,0.27066976,-0.033490516
122177.43,-1.9897861,3.0785728,-0.53341675
126975.805,-3.9864826,2.8580341,-0.03698023
119198.836,-2.8319507,3.0618095,0.07193652
115070.15,-3.059757,0.3339796,-0.0515011
129840.65,-1.3287655,1.6716696,-0.4219298
124391.914,0.5077366,1.84845,-0.2082124
121716.68,-2.256819,0.22143197,-0.017589532
115860.94,-1.6539884,1.3158028,-0.12097639
128602.3,1.6645694,1.8543291,0.65404457
127402.65,-2.063817,2.9010742,0.2675619
122719.6,-1.8071724,2.6034646,0.28352097
129591.43,-2.3277037,1.6352085,-0.2635863
126116.26,-1.036401,1.9329574,-0.17717731
117626.33,-1.721158,3.1165922,0.094036
119317.67,-3.619744,3.064703,-0.06021592
117487.4,-3.8272069,2.8370945,0.10793226
122816.17,-1.8268982,1.4743888,-0.08367246
123032.734,-4.1195946,3.0147233,0.28471866
118449.29,0.58636546,2.50718,0.49911335
132012.72,0.85981804,0.42359734,0.09483834
117552.04,-2.6142614,1.4724947,0.17391835
125159.53,-1.5576892,2.4002972,0.21784347
124059.336,-2.2675922,1.1420059,-0.102009036
131981.19,-2.621881,3.054434,0.74725574
127554.44,0.11471694,0.03496194,-0.04095357
125848.96,-3.3755448,2.6742673,-0.39127612
132275.62,-2.6676571,2.947058,0.95673895
122363.56,-2.2199237,3.1026275,-0.12302737
118480.72,-1.8190441,3.0420122,-0.5529014
123719.02,0.041813552,1.6487427,1.697073
120887.54,1.3292842,0.33751428,-0.20588823
123580.625,-3.094693,1.1596885,0.5176888
120131.805,-1.1894283,2.7942827,-0.13050614
129788.05,-0.39446864,2.2743092,-0.021248125
116248.4,-2.2325084,1.1724255,0.43014508
119940.34,-1.15874,1.912511,2.218224
126125.99,-3.0802782,2.726557,-0.072028734
117925.73,-4.5577474,2.5879233,-0.014926877
126416.78,0.6956769,2.7969053,0.3189386
134218.48,-0.9034557,1.9662918,-0.4962501
117530.984,-2.3278327,2.276379,0.07647409
129185.67,-2.3171997,1.7841456,0.058095638
121476.805,-2.0832818,2.07883,-0.09737745
116705.67,1.0453833,2.8774757,0.14163297
116915.414,-1.8025243,3.0180984,-0.023693576
132765.36,-2.291836,2.6143293,0.23109816
123969.77,-3.2258854,1.93952,-0.12268651
132514.1,-2.3126745,1.9812919,-0.49145007
134940.1,-0.3109912,2.663162,-0.259226
116289.63,-1.9818236,2.554996,-0.054713067
122968.734,-3.7590766,3.1080554,-0.01319638
124933.08,-2.6535223,0.177145,0.053510893
132306.06,-1.9166836,2.0568075,0.4156621
120883.31,-3.3093958,2.070032,-0.02991004
118490.5,-0.17842196,1.6784168,0.11382039
120403.484,-2.6147883,0.6237891,0.22512525
118545.016,-0.25607792,1.069451,-0.11865062
121562.89,-2.7012258,2.759932,0.040295888
130575.375,0.9644327,0.9196723,-0.2567323
116568.414,-1.367903,1.5393946,0.031308237
121079.89,-3.6950145,2.7668948,0.10560376
120690.2,-2.0024478,2.7245035,0.18573794
126389.35,-0.20171417,2.920601,-0.0034497634
133577.42,-1.4620646,1.0656478,0.14127147
129143.53,-0.45001048,2.3277817,-0.3312453
117400.3,-2.7354236,2.4869294,-0.24339676
118406.01,-1.8602065,2.8123853,0.012768375
126786.586,-1.0990313,1.2262408,0.1271923
134680.61,-2.685283,2.5472214,-2.9595406
132736.98,-1.2556775,2.4420063,0.3531443
118848.23,-1.8148543,0.5327951,-0.162467
115731.92,-2.9816012,0.67598844,0.24360389
120564.65,-3.009539,1.5621489,0.07335273
130415.48,-2.948959,2.836929,-0.15593366
127022.086,-1.2130903,2.7936618,0.0038223236
119505.53,-0.570588,2.0542753,-0.35013077
121511.13,-0.26714283,2.6045809,-0.22619924
120895.93,-1.8074588,2.519925,-0.12977019
124520.06,-1.1454338,2.4223063,-0.07221187
118305.04,-0.6560668,2.1974735,-0.17975792
116393.305,0.95441234,0.053213686,-0.00064116187
126532.83,-3.3154175,1.7015816,-0.24548756
130903.44,0.47783536,3.1215677,-0.032822166
126036.77,-2.6854038,0.18083751,0.049657363
124679.67,-0.7474693,2.000536,0.09671035
123596.62,-2.6140623,3.0066748,0.0421608
115308.414,-2.2341835,0.74933296,-1.0833087
122059.85,-2.3223972,3.0271835,-1.2505115
128660.06,-1.6396365,2.6230223,-0.09601478
115508.03,0.5772805,1.3178301,0.09802339
132405.69,-1.9935166,0.8543184,-0.44072238
116827.34,-0.7153452,2.671627,-0.48239067
126838.34,-1.1259794,1.3049144,1.3627886
125313.164,-2.626084,2.9848294,-0.34029013
122446.45,-2.5238628,1.7370273,-0.016636921
115281.305,-0.9034222,2.6504662,0.3322231
118609.43,-1.2673297,2.311306,-0.075838946
124148.77,-1.0324107,2.987105,0.02749176
122581.516,-3.189679,2.5293145,-0.56080544
119962.13,0.21703804,2.8579955,0.13196719
132400.62,-4.432635,1.2154596,-0.06365267
115389.99,-4.1731057,3.0178041,0.036042962
131881.53,-1.2307218,1.7388681,0.253424
116071.7,-2.4318,2.634047,0.020793924
122393.37,-3.6335428,0.43641233,0.1410325
119762.89,-0.92449373,2.321309,-0.07098128
121317.945,-1.1520334,0.33898294,-0.19600451
123547.94,-0.3470691,3.1227012,0.018485708
121478.38,-0.27008963,3.1096845,-0.112290844
127439.8,-1.154288,1.8954723,-0.53468394
120362.05,-1.6249985,2.6047823,-0.15414378
115996.56,-2.9603667,0.99597764,-0.24302839
120193.086,-2.3691568,2.109489,0.2920627
117992.37,-0.29819763,2.4218037,0.029282093
131979.52,-2.5113368,2.279104,-0.40538672
124546.414,-3.2605643,2.9377754,-0.08078392
118011.14,-1.4541762,0.5570889,-0.18996553
127681.78,-2.4362233,1.4888917,-1.0995044
115882.04,-3.8667963,1.3403573,-0.14249389
117570.6,3.758862,0.4819117,0.036892146
123576.31,-1.031129,0.78864175,-0.9785772
125051.914,-1.9671593,2.946501,-0.010404448
122199.17,-3.7505174,2.1035101,0.39327452
115672.18,-2.347322,3.0286179,0.060135838
118166.836,-1.5378965,0.7042303,-0.045259293
117187.31,1.9490347,0.622978,-0.057203688
126205.32,-0.7898027,2.3763623,-0.2634607
122909.21,0.51810575,3.02676,1.0258806
123518.77,-2.0418198,2.339636,-0.2452187
130026.2,-2.3001053,1.4115036,0.4049829
129095.76,-1.9168339,2.8747258,0.017293178
129232.87,-3.9241526,3.0520163,0.25492144
134289.22,-2.6818495,2.3888981,-0.09387572
130137.266,-2.699888,2.968549,0.08236803
121706.55,-3.590873,2.2237957,-0.43658543
122229.83,-3.1382606,2.451175,0.29225224
130612.84,-1.0975614,0.5106536,-0.31360546
120490.17,-3.2277946,0.43950015,-0.0025854458
122317.49,-0.6639252,2.8375487,0.0030987286
130013.99,-3.194605,1.8337188,-0.08075952
121661.484,-2.4931698,2.8917038,0.18058206
131289.19,-0.8212529,3.1203322,-0.13443914
129646.25,-3.3421893,1.8078289,-0.13835935
133868.97,-2.7443573,3.067877,-0.023275198
127493.32,2.5936694,0.97679186,0.4401652
116720.734,-2.7478156,0.19888711,0.05685622
121103.31,-1.994539,1.5317672,0.47783923
123959.38,2.9360602,1.8458407,0.0997553
118357.92,-0.0135359205,2.0440323,0.06440783
125853.32,-2.1803575,0.16661406,0.18391562
117629.82,-0.67542154,2.8494227,0.06272251
115055.06,-2.4941673,3.0662203,-0.02411706
116821.9,-1.3264141,0.47901738,-0.8326582
134299.44,-2.8377504,3.1270363,0.03202061
127544.516,-1.9516065,1.4306538,0.115394354
116723.09,-0.23077635,3.0274827,-0.045081537
127939.54,1.173557,0.40444732,0.0716837
126745.3,-0.98252535,2.8530488,0.37126246
128160.94,-3.6673262,2.4249501,0.031611305
127456.54,1.3180851,2.3180702,-0.31262156
123989.766,-1.2174215,0.06922686,-0.019787995
130665.164,1.6128666,0.2864411,0.062393162
125492.27,-2.3282566,2.6463635,0.04337664
128049.72,-2.5458817,1.2431391,-0.08060187
124637.164,-0.3528173,2.83821,0.02164363
124589.82,-0.06266085,1.6279604,-0.08939958
119914.1,-2.5099256,3.1361344,-0.11674027
132744.9,-2.5077887,1.3422356,0.33906507
118164.87,-3.6251957,2.0085852,0.09700664
126633.16,-2.836693,2.3538437,-0.1161757
120831.17,-3.9194512,1.1329268,-0.2982815
116972.36,-2.280644,2.68685,0.15305658
120746.43,-1.9349403,0.6185363,0.12621151
127868.47,-2.9344807,2.7446666,-0.025996221
122030.61,-1.6076534,2.70886,-0.15310638
130650.44,-2.8043857,1.7811378,0.108660914
118681.08,-2.5393443,2.6641889,1.0935359
116053.88,-1.9839355,0.49620795,0.4060692
129972.1,-1.5794368,2.7859344,0.0468341
131602.78,-1.7920045,2.4033568,-0.019241976
116140.805,1.3769077,1.1495924,0.12935455
120652.266,-3.4124985,2.3007622,0.23837553
125504.58,-0.34263945,2.9111652,0.0033928477
121318.484,-0.4989984,0.12305635,-0.0583977
126703.73,-1.6928256,2.9076781,-0.036329478
117888.78,-2.7470732,2.9377773,0.05932632
131048.055,-2.0778213,1.6472628,0.6093771
119287.67,-1.5875952,3.017056,-0.036038052
115498.1,-2.8518913,2.6923559,0.32773545
118953.95,-2.4386115,2.8857446,0.12852333
130140.7,-1.02218,1.3278518,-0.14624748
125606.945,-3.266149,1.7039783,-0.011756178
117759.46,-2.258216,0.5931163,0.1252195
131371.56,-3.018311,2.9170625,-0.08906551
132454.45,-1.0568255,1.9420557,0.41864753
129317.875,0.2768635,2.543979,-0.26860562
117735.6,0.03394,2.2925615,-0.21459918
131379.64,-2.6314864,2.220379,-0.30693072
120273.914,-1.304105,2.8680983,0.03423639
127670.875,-0.319412,2.2017515,-0.11604215
128229.17,0.5565375,1.5724368,0.2152586
117780.125,-1.0699722,0.2405569,0.4368375
115016.43,-2.3109565,1.6508112,-0.42251384
123569.734,0.43020248,1.6615099,0.37733147
116656.07,-3.4434202,2.744933,0.11715261
122994.86,-1.3371165,2.2006862,0.4500657
132059.75,0.9029954,1.8653904,-0.35852066
125493.87,-2.2588139,2.9174843,-1.1282226
116336.445,-3.088345,2.1409981,-0.15228595
118153.56,-2.7989838,2.1246414,0.46527576
123540.875,0.54291797,1.1794978,-0.48389593
119902.836,-0.73853135,2.182267,-0.15001477
132549.9,-1.584942,3.0860686,0.37944654
124244.19,2.3432457,0.64423954,-0.0703885
121543.62,-1.6950446,0.22729194,0.0054677348
122096.24,0.0009707268,2.7497911,-0.072126746
128045.58,-3.4000318,1.5711424,0.06626212
127770.77,-3.7557542,2.8003507,0.014674018
115108.08,-0.846482,0.5529769,-0.14365995
122084.67,-3.4095564,3.1288896,-0.0038986765
121195.57,-3.3637867,2.7586656,0.07154038
129967.27,-2.6859462,0.8805228,-0.13908073
134501.22,-1.711203,2.7071674,0.037718005
122554.234,-2.8748689,2.9631417,0.028444024
125479.27,-2.5297358,2.641293,0.30390805
118264.984,-2.5809462,0.6344114,0.1315325
134069.6,-0.60799104,2.514388,-0.2128626
118974.516,-3.4818017,3.1052134,0.10326603
134977.98,-1.9837327,3.0131495,-0.1878817
120533.39,-2.2937667,2.3115785,0.21675995
125387.41,-0.5938173,2.0425436,0.021947656
115755.82,-3.1368833,2.7047787,0.044388782
134643.05,-2.9255424,1.3317153,-0.17576829
128003.96,4.719839,1.6385238,-0.15333067
116135.35,1.1322931,2.1280632,0.07853358
125783.88,-2.1328118,3.1275387,-0.0003194127
120502.37,-1.8500146,2.655234,-0.17349233
129674.12,-3.1067088,0.12230742,0.008955761
117105.484,-2.4997141,0.6360363,-0.018274615
119143.53,-0.8068998,0.4743408,-0.051140595
129503.11,1.0939268,0.11854231,0.09879509
120620.234,0.32291123,2.9229565,-0.014314331
118398.805,-1.8049624,2.056525,-0.50518006
116308.97,-3.2133398,1.3710786,-0.38367388
128540.22,-2.439087,2.9825418,-0.014635439
120512.24,-3.7175112,0.98510915,0.30302235
129688.03,-3.3321028,0.3396182,-0.03518521
126185.195,-2.7660072,1.2447232,-0.31206
119768.35,-1.0087742,3.1141665,0.016116315
117565.56,-4.3430624,1.2743257,-0.21249752
116378.45,-2.67586,2.5352347,0.17523517
123477.13,-0.52024513,2.8443842,-1.9922252
124594.984,-0.7331526,0.26595566,0.030255718
124343.02,-0.24993572,1.407902,0.450806
131533.77,2.3577638,1.8284345,0.19231765
115205.414,-1.4785395,1.6899655,-0.25747424
121616.234,-3.7821646,2.715283,-0.15426679
127684.26,-2.3345366,3.025253,0.017586274
116471.97,-0.48050368,1.5656811,-0.101026185
120124.6,-3.770251,2.6893463,-0.038598392
119194.13,-0.64648116,0.3937716,-0.005824145
117126.43,-3.520887,1.973735,0.07360424
116082.43,0.043030515,2.659257,-0.04919831
129843.36,-2.8312583,2.6913822,-0.18245484
123128.33,0.95123863,2.008491,-0.42868835
129038.64,-2.844935,0.5457156,-0.20570236
132470.94,-1.9442033,2.0815866,-0.15451539
119291.414,-3.8391469,0.07438159,0.10221858
117226.0,0.4566258,1.641319,1.0411367
128674.28,-1.6227988,2.8653355,0.47000465
120728.45,-3.1487815,2.5400565,0.050274972
122255.13,-2.909519,1.1477036,0.21159537
125233.29,-1.1486952,1.741287,1.5914172
126325.92,0.6193418,2.184753,-0.1536798
127603.46,-0.7773159,2.8096113,-0.028478328
121073.58,-1.1514884,1.1122667,-2.3371892
121980.48,0.31522676,1.5226858,-0.37526023
123737.1,-2.9291928,2.6438663,0.02416327
125884.97,-0.8555126,2.876945,-0.050820492
131081.88,-0.7833823,1.0329334,-0.19146435
123651.734,-2.2440865,1.938329,0.8728117
125445.74,-0.51278085,1.4811567,-0.15734944
116782.91,-1.2550677,2.6755066,0.015430192
129414.95,-1.5985069,1.5755577,1.3434265
131433.6,-4.1029286,3.0113807,0.010436888
128328.086,-2.1627917,1.6889398,0.43916047
132136.78,2.1086595,1.6435897,0.3645414
120736.59,-2.5730824,1.9267459,-0.012597996
131324.95,-1.2098508,2.898437,-0.054811895
118683.97,3.4411423,0.39416993,0.1507951
121247.8,-2.2505653,2.3529618,-0.41907442
130889.46,-0.5962458,3.0445557,-0.40268466
122031.23,-1.847747,2.45525,0.31169808
120713.445,3.94633,1.9244151,-0.11305018
117857.38,-2.2799137,2.7690742,-0.76183516
117928.586,1.3310738,2.1658525,-0.25024188
134245.25,-2.6133633,1.7639606,0.6088594
121407.14,-3.3395686,2.3242135,-0.1773063
126089.3,-0.37754804,3.0051532,0.020587524
122830.836,-1.2956921,2.5298374,-0.5348272
134590.47,-2.1836352,1.8009235,0.6778764
128316.87,-2.8607872,0.90016997,0.06908609
127283.37,4.359361,1.3941839,-0.18153961
119669.63,-3.3505566,0.82725465,-0.13346554
115298.67,-0.23690167,0.21281326,-0.039497226
118569.98,-1.1177815,2.7423282,-0.11607714
128439.23,-1.2996525,2.8658233,0.27842635
131236.64,-0.24267869,3.0523124,0.028603079
121163.914,-0.5252945,2.7078106,-0.09378512
122903.945,-3.7954934,2.6331978,-0.02782424
117697.805,-2.1495073,2.8339975,-1.717153
120116.7,-4.04925,2.820188,0.070722006
125306.6,-0.7776222,0.1568554,-0.0625018
115236.76,0.8430965,3.1208632,0.059546005
115855.39,0.49735832,3.060677,0.0006167537
128064.21,-2.5992053,0.6624027,-0.08448099
127361.52,1.0392528,2.5967338,0.12933192
115516.055,-2.310485,1.567261,-0.3247246
127864.79,-0.9594766,2.9707868,0.01598917
126059.95,-2.9645128,3.0247152,0.0919286
123468.375,-1.5712211,2.4954782,-0.14223735
130066.766,-0.33476403,1.2490196,-0.10172739
123070.664,-0.87074596,2.282235,0.10001962
121830.23,-1.8073889,2.8291435,0.10105731
134137.94,0.64170706,0.45260173,-0.023853831
117099.62,-3.2652953,1.648314,-0.39187273
119581.93,-2.4915152,2.7831483,0.0020138426
133643.3,-1.8036134,0.7220255,-0.25111613
125897.016,1.1353102,2.036052,0.1325344
134446.6,-2.2813346,1.9457581,-0.29115817
121980.805,-3.1217177,2.7675326,-0.05929747
118742.78,-1.7340313,1.4163423,0.3930021
127875.92,-1.4898311,1.3662206,-0.14975023
134546.1,-2.463776,2.4334788,-0.017270481
116087.24,3.3101075,1.5246534,0.094003
120884.21,-2.5485935,2.0939846,0.13178703
129543.7,-3.0897584,2.7735627,0.3032092
131480.3,-2.4045513,3.0110023,-0.11330545
117619.39,-3.0695958,2.3729944,-0.2968079
130903.03,-1.256457,2.9134717,-0.06423228
120420.94,-0.5800743,1.8371912,0.2788719
115433.67,-2.5701663,2.3426585,0.15313986
120047.164,-0.8155015,2.64733,-0.09985742
130619.945,-1.8732252,1.5298172,-0.23483886
121375.26,-4.1083336,2.3702166,-0.20775321
128701.9,-1.5137298,0.91222984,-0.6872135
127710.9,-3.1692522,1.9083629,0.23732156
116568.74,1.9149435,1.9448433,0.5009178
132934.66,-1.746788,0.8021803,1.175792
134961.89,-2.3579242,0.7604741,-0.17057082
129857.31,-2.6833746,0.41401958,-0.048042443
127717.64,1.9775367,0.54987836,-0.12721111
128783.38,-1.971226,1.469912,0.03899453
117103.66,-3.0985718,1.8061564,-0.32952887
122206.914,-1.6250737,2.548142,0.29384226
115267.53,-1.8025938,2.9000347,-0.0001655915
129885.96,-3.6180823,1.9443972,-0.07415191
129691.945,-1.6456358,2.5084238,0.01428547
132993.95,-2.9861782,2.638495,0.17247057
132542.61,-0.6461799,2.9332795,-0.08688241
121848.766,-1.593381,0.054942608,0.024271894
119587.34,-1.6083354,2.7352092,0.0054826867
120828.89,-1.1352054,0.56106716,0.24640027
130127.06,-2.9094412,1.6337086,-0.43299064
133851.75,0.01009584,2.9503078,-0.016408194
116706.53,-2.5477169,1.6830379,0.81704587
125095.03,-1.7469524,3.112501,0.28317124
127379.29,-3.1099935,1.3840827,-0.06508889
120277.6,1.3596112,2.648784,-0.0661482
134095.0,-0.8682409,2.922208,0.28293893
133311.4,-2.4071124,1.7944045,-0.44637302
115933.266,-1.5768117,0.6775627,-0.072758794
128399.21,-2.5942965,1.0157434,-0.04520783
126468.375,-1.9874902,1.9340975,-0.06781816
132622.17,-1.9567372,2.654292,0.12481564
119336.875,-4.546358,2.9526458,0.022273019
115466.34,-2.2044818,3.0732207,0.03908752
118139.055,1.9546567,2.8377485,0.548454
122817.95,-2.0168543,3.0682034,-0.08446917
116909.85,-3.784939,2.7766862,-0.002132126
124137.51,-1.4202018,1.5797753,-0.06992269
116311.99,-0.13220122,3.0088012,-0.20615102
116791.05,-1.8942474,2.2685719,0.04790733
122742.266,-2.941688,2.771192,-0.121038154
125166.68,-4.045717,2.1011732,0.035734482
123156.84,0.122214146,2.7650144,0.021550946
130813.0,0.04362195,2.3404078,-2.5446494
122214.71,-1.4450191,2.9507382,0.002203258
129805.47,-1.9124672,1.7590313,0.18213816
118898.234,-1.0699039,2.3923845,-0.033100873
120429.66,-1.6625208,1.7167565,-0.26772186
123867.13,-2.1550882,3.137651,0.08043348
115893.28,2.9635773,1.9940541,-0.12389841
115499.12,-3.431506,2.0275867,0.1415289
123320.17,-1.8143363,3.0271132,-0.18205637
133574.06,-2.0402746,2.8273036,0.011328313
129967.6,-1.276969,0.2825349,0.045525514
121061.45,-2.4485857,2.1759496,0.3671356
118797.29,-2.7441998,1.7513535,0.2021884
121643.78,3.1763532,2.7510252,-0.24834737
120272.305,-2.0943425,2.1585119,-0.2833073
117604.29,-4.4063826,2.0357406,0.028410014
126603.49,-1.6802713,2.92887,-0.24427094
130440.734,-0.87135446,2.7099307,0.21753886
130150.6,-2.9818335,2.0671692,-0.06571222
125933.125,-0.8562615,2.377385,0.16876854
123690.99,1.8207132,0.98362327,-0.10383612
115558.4,-0.647834,1.1204093,-0.1168271
123633.01,-0.56981164,2.5601604,0.016523572
120509.05,-1.643594,3.0265822,-0.11912891
117597.17,-1.4296443,0.6373879,-0.057829857
122164.3,-0.7422191,2.4012043,-0.15861893
131896.14,-1.7834511,0.5216926,0.5826549
119727.19,0.3415725,2.12839,-1.326696
134849.62,-0.9014162,3.1254861,-0.097670175
120785.86,-2.748477,1.521491,0.18425283
122052.88,-3.7023015,2.7386312,-0.24861817
116337.45,-0.11780563,3.005507,0.037106108
120645.34,-2.5376942,0.53769577,-0.011096278
127343.516,-1.4975208,1.4635881,-4.959886
133098.88,-3.2609844,2.3228228,-0.30684432
121747.61,-2.1787388,2.8398871,-0.011962002
132239.11,-2.4458191,1.4717405,-0.8348811
122530.65,1.0046334,2.1384563,-2.2085907
126670.195,-2.20432,2.231266,-0.77815807
119756.3,-0.29466352,3.0099847,-0.010797501
116327.625,0.73362494,3.0976677,0.20697615
124917.26,-2.9152458,3.0055232,0.0980927
116332.66,-2.4842072,1.3641353,0.11398661
134324.06,-1.7886182,0.91428393,0.28147087
115731.85,-3.2202432,2.2955494,0.07773937
116173.445,-2.5202367,1.3064688,-0.13784008
117052.17,-1.717741,2.2332392,0.26144555
115960.68,-1.3497261,1.6564075,0.6457306
133755.17,-0.9355023,1.3865321,-0.3275567
132290.92,-2.5927238,2.467197,-0.0130023835
119702.87,0.000749069,0.27788472,0.018814193
121792.47,-0.18277602,1.6986785,0.057578214
124510.27,-3.1381736,3.1315222,0.29787976
131101.39,-3.0162318,2.1694586,-0.010862253
115219.12,-0.43767068,2.6887484,-0.2847464
116110.73,-2.050439,2.696948,-0.02862501
115321.3,-4.136977,2.5734365,0.24827711
118034.82,-3.4514537,3.0054498,0.104011655
125772.21,1.9925312,2.9559135,0.072724424
126783.734,0.6569934,2.040931,-0.22627205
117224.78,-2.7286503,1.4430162,0.26181355
131889.08,-1.5002382,1.6907802,0.22336741
126517.1,-2.2352226,2.3728275,0.023794528
129540.97,-2.5353105,0.17482972,0.032211803
120875.84,-1.2838242,0.5009449,-0.18082553
118879.41,-2.7738407,2.4091752,-0.093062915
125588.23,-3.8449304,0.29653203,0.47710356
119169.01,-2.8507564,2.8403652,-0.029608358
120474.51,-0.91220385,0.74373263,-2.3972197
123332.46,-2.9437933,2.341461,0.23002031
128414.09,-2.1630967,2.6158392,0.14603539
117372.03,-2.8620832,2.4014077,-0.031494863
116443.99,-1.8872038,1.6603822,-0.1605156
115352.98,-1.5888703,0.93794847,-0.1321856
130489.96,2.9125524,1.8269788,0.13557759
115014.62,-2.365408,2.116611,-0.043538116
122216.24,-1.8925809,2.1423142,0.1495344
127957.84,-2.0361652,1.4406507,-0.31403553
118186.54,-2.3559043,1.4189292,0.22148329
124122.08,-1.063799,3.1032941,-0.12420176
127557.21,-2.4027812,0.93877,0.35331085
130067.555,-2.622885,2.95475,0.04133586
122260.78,-3.1769435,2.78152,0.01338225
115077.16,-2.679247,3.031875,-0.027512703
119236.97,0.07856735,1.2544745,-0.18107076
115732.24,1.7925296,3.0306985,-0.12164115
123301.04,-2.006489,2.7569175,-3.252196e-05
125102.414,0.96336,1.6972363,-0.25014162
131213.89,-0.23432356,3.1223035,-0.06691365
116329.97,-3.019958,1.0121775,0.17670974
120239.92,1.0102096,2.4095347,-0.089495085
116456.0,-2.579858,0.8297718,-0.26514736
119390.06,-1.3545773,3.0923314,-0.070518434
132129.34,-4.130161,2.3359566,-0.4286582
127602.875,0.68265486,0.38379765,0.064465545
123255.06,-3.1343927,3.047768,0.057547618
120606.26,-2.9614284,3.0490453,-0.0015687457
122205.414,-3.061635,2.6499102,-0.15349185
133563.72,4.102725,0.5608243,0.08762452
125941.125,0.3133853,3.0432866,-0.115526095
133579.55,-1.142981,2.2187147,-0.28249684
125609.664,-3.1700425,2.9590235,-0.30803007
124253.85,-3.274252,1.3555827,0.14813337
122776.96,-0.57903266,0.9705484,0.18529461
133244.52,-3.2509956,2.6221778,-0.3051221
119404.44,-2.907177,2.8583229,-0.8367414
122781.52,-2.0154803,2.761811,-0.12212348
133867.66,-2.1869695,2.9833102,-0.032671597
130566.695,-3.2485173,3.0951254,-0.03689676
122297.8,-2.2449005,0.95295006,-3.0849144
116312.84,-1.7039455,3.007476,0.26455766
120991.45,-0.57392037,2.984486,0.059692718
128055.7,0.15554953,3.026071,-0.30255732
123468.42,-3.3820655,2.468952,0.04207692
123580.41,-1.9820901,2.6168396,0.62725174
128764.336,-1.0259947,0.37348318,0.09127033
117884.08,-1.1785377,2.8474069,0.15519598
121501.625,2.579396,3.050344,0.006517328
119325.55,-2.4429133,0.81514573,0.24276067
134639.19,-2.5132663,1.8133165,0.14984924
134543.0,-3.429799,2.7006185,-0.32699573
123107.36,-3.7190907,3.1204722,-0.1386134
122031.79,-1.4087954,2.7517045,-0.2573272
118398.32,-1.7155832,3.1019304,-0.08271731
116691.67,-1.5819373,1.1145991,-0.3573594
134700.75,-2.033276,2.9915378,-0.81374604
118892.51,-3.3397198,2.7062113,0.48954165
122676.9,-0.3323891,0.51286155,0.041830126
125609.86,-3.591447,2.6610496,-0.2707338
130984.695,-3.4344702,0.076943874,-0.20157963
127350.875,-3.6739264,0.30137825,-0.054050222
133804.27,-1.4322939,2.8161957,-0.018569924
119466.24,-1.0857177,1.9891231,0.027679734
129433.24,-0.9389953,2.696122,0.09870506
122222.56,-2.8371198,2.7595444,0.1794088
126464.48,-0.37031475,1.5472839,-0.53621304
131345.45,-0.78435165,3.1161318,-0.09081769
126593.18,0.97742224,2.5593958,0.807641
129786.37,-3.386155,2.7750595,0.11246655
127679.13,1.7166268,2.873478,0.2893342
125219.414,-2.340246,1.0186309,-0.12961765
115921.805,-0.27867666,2.6391687,-0.00079338293
127702.14,-3.1363568,2.4833312,0.2655548
123171.3,-2.7004774,1.975854,0.02888605
133516.4,-3.3869026,3.0909529,0.4496158
132149.05,-2.7473032,1.9491583,0.59885365
127196.31,-1.0272461,1.9752748,0.26207495
118808.65,-1.5145242,0.8436316,0.097873144
120066.08,2.2947445,1.4512105,0.14439239
119553.16,-2.773942,1.7095165,-0.089787945
133987.75,-2.2180405,0.075647116,0.02614087
122383.484,-0.07226098,1.8385507,-0.13846765
129875.74,1.2331463,2.8515093,-0.038924553
133281.11,-3.2122092,0.78477645,0.41025913
125054.19,-0.4144726,2.591982,0.051957272
118627.03,-0.5946709,2.8434813,0.32174066
117310.23,-2.808522,2.9409947,0.040600546
128376.78,-2.3813977,1.656941,-0.2309242
126691.98,-2.6251552,1.3680185,-0.22694947
118368.805,-1.8244057,2.8631628,0.17330316
125153.875,-2.501845,2.8344214,-0.16476116
121781.14,-2.636109,2.0373333,-0.16147858
128315.09,1.4407651,2.2685242,0.07459906
122142.7,-3.78124,0.50222373,-0.07879272
116645.21,-3.5589106,2.822482,0.05267693
134922.98,-3.545708,1.4235452,0.17549792
129732.8,1.6012251,2.1801395,0.15853322
121552.54,-1.0775796,3.135409,0.011110058
126305.586,-2.6507373,1.035946,-0.013581298
132709.33,1.3239503,2.9839456,0.08319814
125344.195,-3.370786,1.1904426,0.033698276
131186.88,-0.16571763,0.08364254,-0.036074296
115551.55,-0.7602866,3.0171142,-0.0037970901
115364.52,-0.50724363,3.0812488,0.27758998
116368.17,-3.0700374,2.3520737,-0.013536743
116137.04,-1.1806074,0.0067145824,-0.00967772
118660.39,-3.9807568,0.7240732,0.16091876
118169.02,-3.917778,2.3573284,-0.040839706
120720.2,-1.9689833,1.8244526,-0.14680898
121412.3,-3.7326462,1.1787661,-0.004923287
131735.72,0.12837379,1.4293418,-0.26325828
125866.15,-0.5958906,0.43483654,-0.26601765
123369.29,-3.5440185,2.7744293,0.11269003
119966.69,2.9379532,1.8523972,-0.29048538
117208.93,-2.4152138,2.8617835,0.13236494
121065.85,-1.7650448,2.2789645,0.337399
121804.4,1.3290083,2.93991,-0.23816134
121299.875,-2.8792458,2.4187608,0.060201168
117838.06,-3.2681174,1.3437022,-0.051312465
115969.04,-3.212809,2.3418787,0.19581358
131950.1,-2.880502,2.8925805,0.14927608
123238.08,-1.8926862,1.4491751,-1.228115
127198.5,-2.3796558,2.458852,-0.12511128
116478.164,-1.2265689,2.7905254,0.62927294
125481.14,-2.673567,2.7763398,-0.18050255
133188.6,-4.1257005,1.10595,0.058760703
115496.35,-2.5479722,3.0472803,-0.039185707
125249.195,-1.2007227,2.0867543,-0.08958954
120755.34,-0.9200623,2.5775423,-0.40594113
116425.13,-2.1341739,2.8450096,0.02566565
115813.58,-1.2571912,0.81138515,-0.098990954
121594.28,-2.8906438,2.8960671,0.39404178
133221.67,-2.6448495,1.1207502,0.84174836
128357.48,-2.648689,2.880485,0.048507158
125316.49,-1.4927884,2.2930446,0.7174775
117647.05,0.7037251,0.77605224,0.121171564
120155.016,-2.8218489,1.4636456,0.24634792
126839.46,-1.3945291,2.9264517,0.016026637
133333.6,-3.5061543,1.3920106,0.07340689
131461.78,-0.9983414,2.8068137,0.07387304
121785.836,-3.4625602,2.665687,-0.32984334
118928.21,-3.3505988,2.4988346,0.19506572
122244.5,1.3303586,2.2133818,-0.71169406
134852.23,-2.3335984,0.7838676,-0.0396949
116614.04,-1.0865376,2.8440356,-0.07262466
133635.38,-1.9061786,3.0918953,0.02443782
132620.89,-3.5129075,0.39055705,-0.044232566
127959.82,-3.1270385,0.8521104,0.10701686
121494.07,-0.55874527,1.7240622,-0.90909404
120220.79,1.5849912,2.6967525,-0.093263775
134355.44,-2.699599,1.9905804,-0.14039668
125062.28,-0.6742359,2.3885598,-0.018841809
122923.86,-1.7304372,0.64694667,0.1096577
120463.516,-2.1154854,1.9618294,0.43804678
116520.19,-2.3971992,3.137957,0.28344077
122003.85,-1.3251792,2.6028833,0.13275424
131700.66,0.052516688,3.0726285,-0.013018901
130939.94,-2.8707995,3.0761042,-0.2459872
130917.45,-2.3943818,2.24201,0.15724528
117753.68,-0.27046216,1.2053732,-0.77347887
130398.46,-2.0151594,0.22405052,-0.09249812
123627.586,-4.137071,0.9387356,-0.15675034
125585.07,-1.1606845,3.129118,-0.028327426
121270.73,-0.56697226,0.9230562,0.22871405
122612.3,-1.4507357,2.9923022,0.92166764
122974.266,-3.3379216,2.3771532,-0.18201604
118109.99,0.16704234,2.9247692,-0.10883699
118798.68,-2.1557603,2.8751006,0.21250759
131906.19,-3.346761,2.7116532,0.2195359
133067.6,0.8953187,2.4052691,0.41634315
115116.48,-2.5592687,2.720144,-0.11620125
121074.76,-3.3158624,2.6469758,0.093277596
115345.1,-0.62316793,2.758328,-0.13388187
121331.375,-0.94437563,0.9374257,0.058511663
133758.4,0.7670606,2.7373598,0.08809377
123532.48,-1.6828086,1.2437971,0.1258423
115519.32,-0.2564101,2.42747,0.103529274
115109.34,-2.1710467,2.8088577,-0.036150396
132315.89,-1.2639251,2.2642968,-0.21418042
115630.45,-0.7352349,1.4536573,0.1607937
115425.02,-2.9223816,1.8900251,0.85587174
120797.97,-2.3497303,2.9293988,0.5026977
126500.5,-1.4894754,1.8995824,-0.10062986
117135.234,-2.5797691,1.392495,0.21770895
133121.69,-1.2706864,3.0595605,-0.027245017
123088.64,-1.8438225,2.9341917,0.121273905
122009.36,-2.7999394,0.19849896,-0.27246052
116887.06,-2.2040591,3.0559673,-0.32363322
119421.41,-3.3282158,0.13629138,0.068417005
118180.33,-4.1890545,2.3734093,-0.100779764
123032.516,-2.3758848,2.698322,0.38874516
124260.61,-1.505982,3.0158217,0.14605118
120567.11,-2.2767289,2.2685094,-1.6230056
131046.88,-1.1581826,2.5808938,-0.010367718
132352.06,2.096617,1.0865741,-0.22958402
115721.24,-3.0335402,2.4820037,0.06974253
116559.16,-0.85906875,3.0234644,0.012812418
132250.88,-3.8044486,1.8788756,-0.5116824
125817.016,1.4715954,1.7964056,0.103944704
133666.44,0.9857229,1.9124647,-0.19522993
124007.23,-1.9301602,0.6834769,0.09349407
128273.02,2.0870795,1.3015323,-0.110282235
134438.2,-2.269345,2.973278,0.018287247
133610.5,-1.1769055,2.8814816,0.08426636
122736.8,0.46593076,2.9195514,0.010051716
119279.734,-2.6216714,0.5217469,0.065509684
126591.53,-4.2023463,0.42127633,-0.06490772
130354.41,-2.9265373,2.8277788,-0.0030388155
121862.95,-0.1822856,3.0805798,-0.019007042
119241.07,-0.7800265,2.5547636,-0.27070498
119456.41,-1.2528417,2.6424415,0.29929042
129353.914,-2.7253263,0.1291399,-0.089932464
126941.21,-1.7370812,1.9987313,0.83939207
119117.12,-1.5827758,2.8722131,-0.01185372
122659.51,-1.5116858,2.1202588,-0.2060999
124911.77,-2.8166156,0.5523674,-0.032664564
134789.95,0.61156785,2.9041867,0.14016944
132556.22,2.3742158,1.6393217,-0.84089804
124034.875,-3.103499,0.3283671,0.18355565
120984.51,-3.3423877,2.508763,-0.5541184
133620.22,-3.3806126,3.1178908,0.7580912
121418.12,3.142533,1.9763377,-0.14533772
124642.53,1.2086415,2.8882113,0.29697266
131916.83,-3.517461,2.9443538,0.1521978
119207.56,-2.5929747,1.705271,0.53209645
133251.1,-3.7540452,2.7461913,-0.3785173
126293.56,-3.5116382,2.5491104,-0.041567344
120689.07,-2.9491575,1.4202604,0.2676525
119374.16,-1.574266,1.1363422,0.12858921
129843.91,-0.08722914,3.0852647,0.0881789
121904.62,0.6659673,2.7405818,-0.21305259
119605.305,-3.5836692,1.2416476,0.57345974
123222.54,-2.9314773,0.30771756,0.0065411166
132003.89,-4.3201017,2.8205757,-0.026772922
120091.72,1.0215865,0.09447312,-0.016504753
127040.47,-2.9427776,1.6685246,-0.16083701
131757.05,-3.4548693,0.69974816,-0.024114853
126962.86,1.7150136,2.6676955,0.1838168
117233.24,-3.05981,2.761494,0.097205065
131312.69,0.45911628,2.4752831,-2.1816952
124816.77,4.013647,2.2575564,0.13043803
122831.62,-0.53188545,3.069058,-0.12018132
125402.99,-2.7745714,2.10635,-0.81499076
119466.88,2.034872,2.298554,0.13461895
132685.83,-1.2772022,1.3379226,-0.31007892
115547.84,-0.5404964,1.9498699,0.09739431
133922.53,-1.8940037,1.471582,0.014370544
116052.6,-3.7504215,2.4843867,0.06959388
126359.68,-3.037735,2.3966205,0.43935972
116688.32,2.3424435,1.932846,-0.21049188
134821.27,-2.4901202,3.014717,-0.028166339
115346.77,-3.5632381,2.4599,-0.21266092
134737.45,-2.428109,3.1311743,0.0107936
115714.02,-1.9618421,0.3915398,0.45402762
121935.28,-1.2118727,2.8843277,0.19016257
121272.555,-2.0215926,3.062849,0.00812792
122558.586,-2.269525,0.57392824,0.14577243
122843.914,-1.0575668,0.7219694,-0.15913405
124453.55,-2.2264552,2.9332938,-0.055781532
116256.19,-2.6519194,2.8932629,0.12708628
133462.6,1.3912807,2.7897837,-0.10051047
125632.08,-2.995264,2.5155103,0.066700116
124340.84,-3.300543,2.8601747,-0.16318348
123554.055,-0.857499,0.3878262,0.074680045
121186.55,-1.6308398,0.73263747,0.09914267
121659.14,-2.5323122,2.975832,-0.037311725
126772.54,-3.343247,2.870302,-0.016766263
115589.82,0.5654944,2.5769684,-0.52870923
129469.99,-2.4341815,2.5380538,0.030351916
115848.83,-0.38947505,2.7349815,-0.07241395
132375.4,-0.8501463,1.0707268,0.10576742
126884.875,-3.0413387,2.8145275,1.0237045
116727.73,-0.7393995,2.5002232,-0.078808546
126309.7,-1.0659944,2.3304543,-0.16336726
115402.74,-2.4043107,2.9863362,0.0368006
127877.76,1.1315209,3.0010262,-0.251069
128113.08,-1.1357126,2.5450435,-0.020151632
117328.45,-1.4868106,2.7117937,-0.39354086
117566.75,-2.425203,2.8286555,-0.037296455
134250.77,-1.5367398,1.6041183,-0.22548664
128106.336,0.006886557,1.6136279,0.4265947
116710.17,-0.976703,3.042627,-0.04127866
128143.63,-1.1277796,2.8376164,-0.20533325
130088.58,-3.6049984,2.2376516,0.92334
118295.98,-1.0458821,1.7617838,0.27532685
132574.86,-3.2908661,2.4631839,0.09437074
121204.09,-3.5606222,0.67898244,0.12918976
119457.93,-1.4994214,2.7726145,0.6230094
120950.42,-3.7474723,3.0887918,-0.29258502
117744.43,-2.929021,1.0584295,0.098225884
115754.3,-0.72540444,2.48983,-0.0004570236
116684.164,-2.0025797,2.070952,0.18606171
129232.94,-2.1257398,1.8390164,0.12099728
116243.24,3.4927638,2.8157854,-0.41768524
122065.414,-3.101309,2.8855174,0.0021396927
121205.87,-2.142106,2.1960242,-0.50655264
126821.96,-0.7458097,2.9954405,0.068684734
127786.91,-1.4960794,0.007917404,0.0585497
115712.59,-0.6812916,3.0371988,-0.23056516
116261.375,-1.6550931,2.3503785,0.37043792
125970.64,-2.6468587,1.4535867,0.083583064
119594.69,-3.1189797,1.4535753,-0.0920263
134591.42,-3.4374158,0.41138157,0.15351759
130268.35,-3.681971,0.2878604,-0.05449241
128659.484,-1.0253165,0.02492851,-0.011326955
133584.77,-1.4564201,2.0074325,-0.3012112
117251.19,-1.1329535,2.1216207,-0.09313718
119158.555,-1.4277334,2.6950102,-0.0978033
116069.08,3.3630452,1.7281353,0.21395448
115096.305,-2.5215073,2.3354304,-0.03499281
129729.2,-1.0387207,2.963441,-0.047668174
120315.75,-0.27492157,0.23367953,0.02641458
126289.8,-4.2623196,2.5149913,-0.22557914
126985.81,-2.1925776,2.2988403,3.5024006
118315.82,-1.2896155,2.8436925,-0.14429425
120342.414,-0.670882,2.879121,-0.2003296
134987.86,-2.8064158,2.153916,-0.015719451
120470.76,-0.34954768,1.0220819,-0.14521272
117463.68,-3.9359334,1.4544286,0.34095582
121566.8,0.765564,1.6888415,0.17098689
128415.82,-2.0020955,1.6471599,-0.017112462
128896.73,-2.9523425,1.1112843,0.2528768
125345.3,-1.9238673,2.4334457,0.046268106
132354.6,-0.19753963,1.582673,0.41503277
126726.164,0.5227626,2.6892846,-0.11569325
134437.56,-2.5084233,2.0083432,-0.031511765
121925.92,-2.5145853,0.89923346,0.059918735
124856.61,-1.3164405,2.7860863,0.014780732
121309.44,-2.7967174,2.2571263,0.4820192
132114.03,-2.5511332,0.8913932,-0.38250852
118287.695,-3.5270429,1.9455972,1.4659703
125172.33,1.0272571,1.7990068,-0.14079036
123185.805,0.17266476,3.0420966,0.06499989
127292.016,0.046857744,2.5472343,-0.08649304
125275.484,-2.7653666,1.8105208,0.20111676
128433.01,1.7347655,2.9791298,-0.051026214
133598.75,-2.4830582,2.0949376,-0.208123
130684.32,-3.0194075,2.1825716,-0.012386999
122623.57,-1.9147581,1.4061203,0.35034987
129263.48,-1.4228213,2.697539,-0.10008213
125324.6,-0.8095706,2.6998992,0.14130582
127619.75,-2.4992185,0.9180462,-0.22975983
119625.664,0.1848082,2.4865038,-0.77084833
125504.016,-0.7376171,0.5277355,0.118260756
130321.96,-2.3317058,2.261059,0.12890539
128562.336,-1.3694495,2.1100101,0.686424
121766.945,-2.9081414,0.48739964,-1.0549567
129800.836,-2.0987291,2.9762847,0.3947298
132751.89,-1.4105841,1.187849,0.44620678
131965.33,-1.4588836,3.13029,-0.1138579
117902.875,-1.3165724,2.707468,-0.07917262
125967.32,-3.5471008,1.6705419,0.38575584
117792.21,0.16891637,2.2524846,-0.13622545
129963.22,-2.049346,1.2053225,0.8696787
119123.2,-2.6934347,3.0506647,0.05505349
124024.13,-2.6575115,1.5741714,0.23907118
118793.4,-2.1502848,1.5267223,-0.022929875
123913.58,-1.9789861,1.097119,-0.05024973
126236.12,1.0217316,0.9737038,-0.12719436
121608.66,2.8040662,1.1623111,-0.37858585
123861.96,-2.7332845,2.7762055,-0.07678535
129757.11,-1.9697907,3.0725932,-0.09909362
119936.56,1.1708554,1.5259513,0.45019183
123169.04,-3.0543807,2.17902,-1.642163
121241.27,-0.9482656,1.5273577,0.5426274
133605.81,-2.0909507,0.47426748,0.044340104
120291.234,-3.4381146,2.8473523,-0.0350158
116439.5,-1.9894121,1.0771188,-0.089625955
119888.69,1.4187413,3.0671034,0.035984073
134923.31,-3.3931768,1.4290524,-0.48001432
124273.16,3.1884744,2.4302397,0.06546483
132059.33,-0.31082746,0.5349074,1.0872465
115997.12,1.8814083,0.15817916,-0.019042894
133546.56,-3.0699842,2.1603518,-0.31794834
123771.59,-2.414204,2.433286,-0.13887472
133897.38,-3.1859124,2.9973838,0.021398887
123143.625,-2.8933973,1.4696854,-0.6250448
125825.8,-1.2516577,2.3800306,0.28557113
134272.22,-1.9985526,3.008123,0.010175275
117729.766,-0.08512129,1.385671,0.47733754
126282.86,-2.62694,2.6881783,-0.08445419
120493.08,-2.0328648,1.4732368,0.4544424
132629.05,-0.054303035,2.7380874,0.28906918
117794.8,-2.2482722,1.4491203,0.09620745
118848.9,-2.8090508,2.0853126,0.44810727
122698.57,-3.2268782,0.55479574,0.06371223
124288.14,-0.4200904,1.0133749,-0.09927106
128736.6,-0.6783657,3.010982,0.00703439
119004.29,-1.3128798,1.2142549,-0.13900352
125852.87,-1.2818066,1.7192707,1.795727
123010.836,-2.7029939,2.951518,0.0050435914
120118.445,-0.7696491,0.5156355,-0.10905901
128933.79,-4.005445,2.8883462,0.51412106
127895.97,-4.082985,0.36236697,-0.34348303
125454.36,-2.5747561,0.9090465,-0.0063444846
116236.22,-1.1943033,2.4490712,-0.06693405
130444.33,1.1228442,1.5870056,-0.3313009
119117.11,0.026534274,1.8896701,0.1225286
120813.57,-2.5770853,2.7675974,-0.21269466
118979.68,-3.365237,2.3707154,-1.0123817
128710.71,-4.013066,1.1559972,0.14205547
116820.805,-2.5654385,2.698766,0.37861508
130690.27,-1.6266887,2.6290631,-0.005301254
117568.336,0.18815158,3.0383434,-0.28217664
119163.95,-1.9388207,1.3388013,0.03979813
127210.414,-0.2733455,2.5300088,0.46932203
123988.77,-3.0892925,2.8748255,0.11191801
128092.734,-0.7699714,2.8100429,-0.16790976
122371.52,0.424434,0.80521494,-0.17082006
119187.97,-1.638058,2.077726,-0.07752531
116354.93,-0.120679244,1.446015,-1.3327448
131476.53,-3.5830235,0.70494485,-0.068368435
115444.94,0.7183759,3.0755494,0.036615796
115897.15,-1.5072566,0.17770588,0.10167923
123085.055,-2.2966738,2.4819984,0.52813506
125327.45,-2.0974662,0.4492197,0.18363568
134567.31,-2.7190247,2.9456341,0.009087928
127896.23,-3.7661653,2.8490028,-0.35791054
124860.305,-2.8376763,3.1091783,0.044432696
118240.82,-0.3490027,2.566392,-0.035994474
127061.62,-2.257469,2.5686054,0.05258928
122431.02,-2.5230649,1.7905827,-0.18532622
120726.29,-1.7098767,0.1360414,0.10223544
120536.664,-0.9686845,1.5493847,0.24103473
124865.79,-2.0257146,2.545964,0.17529151
118005.44,-2.3212397,2.1100936,-0.08475488
116815.77,-2.4270904,2.037145,-0.123283446
116518.945,-1.8498063,2.8438048,0.24664406
130021.664,-0.39097056,0.06188941,-0.08417381
129474.125,-2.6125085,1.2323598,0.2222906
118485.164,1.4030228,1.816649,-0.11354296
115705.414,1.4320445,0.65954244,-0.4555021
121651.44,-2.485813,3.0574493,0.102452554
131538.14,-1.065417,2.4936159,-0.27803543
133679.23,-1.6805046,1.64821,-0.022785448
134151.92,2.4969528,3.069218,0.13511382
116771.055,-2.3946402,0.51090556,-0.050215114
124043.73,-1.5346997,2.2950287,0.1371653
134463.84,0.0140609555,2.936674,0.001937454
122529.664,-3.2454166,2.1574352,0.002092976
119548.43,-2.9396179,0.4098574,0.05290815
130793.07,2.1907444,0.119024396,0.080905564
124655.414,-2.8303735,2.249098,0.16380773
127671.484,2.159951,0.31298542,-0.083459295
121569.46,-2.2086122,1.0027043,-1.0882912
123173.29,1.5441834,0.049801692,-0.0035329582
118292.02,-3.4671433,2.9406064,-0.79782104
134170.67,-3.418363,1.4138873,-0.1670095
124751.3,-0.27936715,2.8614535,-0.057939474
122677.98,-1.1056776,1.1895381,-0.1657375
118533.68,-3.002891,0.5981913,0.17547227
124923.77,-2.9029994,2.6706362,0.045697615
132402.39,-0.3144133,1.7775736,-0.09722773
128400.695,-3.1503525,1.731743,-0.3055498
131106.16,-4.0361886,2.1797302,-0.2991514
120337.734,-1.718369,1.6921335,0.423947
115585.07,-0.82122844,2.5586207,0.32669973
127765.79,-0.6771633,1.5737001,0.85734475
127802.09,-1.8805414,2.9824228,0.03170974
130006.734,-0.23117855,1.4659895,0.22529921
133638.1,-2.3702931,0.6898891,-0.06715192
122662.234,1.499614,1.082501,0.120064594
121530.766,1.9040184,1.895909,-0.27534556
126598.95,-2.4532568,2.5271916,-0.1087211
115773.83,-0.9163916,1.4888175,0.23652941
118879.25,0.9602032,1.3909016,0.24131073
115742.875,-2.9293172,1.9797282,-0.42801467
119359.24,0.8899526,1.3654556,0.20923007
119110.48,0.76926297,0.38518393,0.014012612
122244.234,-2.6073973,2.6256583,-0.35655174
129859.195,-2.992478,2.5927925,-0.95533437
129163.56,-3.8709586,2.0669007,0.0009133563
125378.79,-1.9161316,3.0562928,0.084864624
123058.234,-1.5550822,1.2422858,0.44677553
132960.83,-1.6725254,3.0050423,-0.028177716
131285.73,-1.3159264,2.6895924,0.16665356
120415.77,-2.6211534,2.5240524,0.064756475
122405.945,1.3636214,2.4756818,-0.21946456
116711.26,-4.173174,3.0154524,0.07490293
118661.54,-2.2792683,2.6752467,0.033121698
120136.664,-3.9191213,0.9530741,0.2739367
124143.04,-2.698281,2.815629,0.167364
122394.016,2.7794347,1.7148877,0.10372177
127352.68,-2.5787098,1.254117,0.0735348
130411.586,0.34850186,3.0387106,-0.07391274
115841.84,-1.2458066,2.1835384,0.072391614
125423.43,-1.694114,0.745956,0.09791566
129580.625,-0.9425302,2.8303926,0.080988705
126877.28,-2.0467722,0.3445127,-0.054142006
117585.58,-0.06936225,0.6421364,-0.20191759
128529.79,-1.7432334,2.8113291,0.09999488
122337.695,-0.63795066,2.8342028,-0.09796203
129501.31,-0.13682295,1.8002838,0.1970162
131676.98,-3.8690732,0.5340779,0.18524842
130907.234,-0.90273505,2.8498096,-0.0076855607
116990.51,-2.9566956,1.2865098,0.15687825
123923.92,-1.7532144,2.4762216,-0.32888547
119565.945,-0.9750937,2.578508,-0.17970796
124924.38,-1.6878946,2.6317804,-0.22555645
129795.75,-2.189301,2.336907,-0.033413075
117445.91,-4.0090227,3.1053917,0.017890444
118208.85,2.4309137,0.95458674,0.22702143
117282.75,-2.5295758,1.9892617,0.05338129
121018.08,-1.8747089,2.4450169,-0.7493379
118607.59,0.41404724,3.0595756,0.0022784679
131648.88,-2.319959,2.8666003,0.37604874
115793.016,-1.1655682,3.060359,0.07693112
129479.09,-1.054808,0.49234152,0.21978672
117155.38,-2.134494,2.8382766,-0.027604861
123680.08,0.078393765,1.6838955,-0.30940655
118936.67,0.16399373,0.77184474,-0.14407866
134795.53,-1.5269333,1.0083599,-0.27982637
124639.22,-0.70256895,2.0292115,-0.43955982
127344.43,-2.34782,0.70191646,-0.062285874
120496.07,-2.1374753,1.4978311,-0.1559957
128808.97,0.23016176,2.1482282,0.05901723
124756.17,-0.22785856,2.7479486,0.10301807
119650.836,-2.8351176,2.4481633,0.18449113
122987.484,0.37725568,1.873015,0.16011848
128782.59,-2.8796477,1.5289838,1.1814917
129592.164,-2.5357528,2.9511256,-0.007957986
122424.68,3.9653971,1.6389202,-0.3956638
124537.82,-1.1225952,3.0410607,0.016844159
129345.734,0.8346006,3.1204245,0.03504239
130369.266,-2.5948145,3.0053415,0.03575397
121788.56,-3.0455892,1.5409576,0.15029988
122288.6,-1.0157752,2.5133808,0.09985249
126166.19,-1.4984095,0.4620039,0.84001046
117678.41,-3.8211682,0.6381955,0.22544597
116122.2,0.043859523,1.8833243,0.19345401
132770.42,0.3416336,2.722596,-0.059953094
120727.49,1.2214718,0.5138197,0.07736595
128345.94,3.2707064,3.1397595,0.08731874
119964.65,-2.5013075,3.0776198,0.39896813
125094.836,0.3156804,2.6679802,-0.37179613
123838.59,-0.037558284,2.8436718,3.7389913
131467.66,-0.7889314,1.8383323,0.14779966
129326.84,-3.4469376,0.11677027,0.040529832
125804.57,-2.346349,2.9915676,-0.07279392
120865.055,-2.8792677,1.9967502,-0.07618123
132431.9,-1.0560938,2.1230319,0.058669202
127370.16,0.7197908,1.8545604,0.11724261
120759.875,-2.3558047,2.7920666,0.024859665
123103.25,-2.0272841,2.678238,0.3701705
119510.44,-2.4892945,3.066345,0.112485856
117211.42,0.6149974,2.390391,0.08881312
126219.445,0.78242546,1.6401185,0.29817364
118963.836,-2.6525831,2.7861893,-0.28537172
121186.24,1.2942214,1.5704916,-0.083067164
115617.2,-3.5551329,0.32574582,-0.06389961
122280.42,-3.105949,1.6336058,0.1724612
134379.31,-2.1209064,2.975605,-0.033721436
124476.555,-2.4431214,2.13622,-0.20985523
120653.78,0.52220494,2.7722344,0.053189874
127685.56,0.20351583,2.5719054,-0.011327146
127878.516,0.13175046,1.9514602,0.10656047
122636.75,0.70356584,2.492484,0.1873781
131044.22,0.15650932,0.49686494,0.13589391
118242.78,-1.7282121,2.4233167,0.6150263
120707.125,-1.2435579,2.9250283,-0.23681664
115816.766,-3.2673209,3.0647619,-0.020335997
118442.62,-3.58517,2.822517,-0.037569463
133646.6,-1.8135253,1.9554708,-0.22080283
123139.875,-2.5466144,2.9249635,0.045873936
116769.35,-2.7749205,1.4972562,-0.1203674
115174.42,-1.4930775,2.22496,-0.19595464
128448.03,-1.9256864,2.9354782,-0.0011726302
121126.68,-2.9934108,1.7285753,-0.25986433
129429.63,-0.23297822,2.4227777,0.053311784
124270.19,-1.6938523,3.0661635,0.021858158
125176.875,0.14446965,3.1014836,0.062481802
116128.04,-2.9382987,0.0010275841,0.05832909
132716.92,-3.403105,0.101217985,-0.00015289219
119285.79,-0.8238274,1.068189,-0.11320848
125102.66,1.7519068,2.7597466,0.028839221
131419.47,-2.1213412,3.0339954,-0.072685085
115996.3,-2.98049,2.7852392,0.18515387
115344.25,2.3201714,1.527349,0.46783763
123943.195,-1.3975986,2.465936,-0.2954444
121021.6,-1.3626195,0.32624376,0.040898267
125417.555,-0.34834313,2.576844,-0.052225735
125245.74,-1.4938469,3.1309824,0.015380878
124311.08,-3.0446796,2.2260585,-0.09325431
116261.43,-2.1938467,2.8188558,0.14911012
127759.195,-1.6158036,2.8956864,-0.05840539
131726.5,-0.41897827,3.11601,-0.016842527
119589.76,-2.889892,2.0588071,0.0589106
117143.88,-1.6982903,3.109281,-0.0615948
122218.35,-2.6674788,2.6976347,0.18965
124410.52,2.387569,1.2086586,0.4765779
119588.586,-2.38204,2.3803322,0.26708293
128538.305,-0.2740103,2.8657467,0.236889
129769.43,-1.0911644,2.003983,-0.39169154
129499.68,-2.2117102,1.9125398,-0.54531914
132678.9,0.8928831,1.9789127,0.2502645
127277.945,-0.53165126,0.13361931,-0.047036108
131011.59,0.16530727,3.00915,0.31293288
119788.53,-0.16270517,1.1526768,-0.10496504
128876.74,-3.137597,3.114742,-0.035852965
133149.77,-1.5705506,2.8404167,-0.040970426
125800.586,-1.8116637,3.0557518,-0.030822586
121318.016,0.0014913876,0.28953427,-0.05731713
117633.13,-3.26395,2.7097666,-0.19819747
119036.875,-2.0159833,1.6802562,-0.08575383
116546.47,-2.1870885,3.103314,0.08743071
121155.48,-2.7572203,2.7746174,0.008195058
134220.52,-3.820302,1.7280362,0.130057
123513.74,-2.8458211,0.07512593,0.04977407
129677.44,-1.69029,1.065472,-0.07027495
134994.22,-2.0907319,2.726652,0.039769284
121666.99,0.02854058,1.4074742,-0.16542965
125243.56,-3.6685407,0.32593918,-0.052976705
120057.66,-0.25252122,2.5920708,0.7475195
115189.914,-2.7890573,3.0858426,-0.1531057
115712.46,-4.2875743,1.7775915,-0.060591437
115311.375,-3.1014469,0.50218916,-0.049794678
127307.84,-2.8508172,1.0962285,0.3119543
129881.29,-3.2193735,2.8095362,0.023410678
126951.484,-0.17921369,2.32618,-0.027272562
128033.63,-1.4500952,2.5491207,0.02227112
117963.72,-3.3564637,2.1094449,0.43008584
124256.85,-3.2673402,2.8876932,0.038568486
116553.49,-2.1851473,2.991947,-0.023302455
122722.68,-3.5324483,2.285895,1.5972911
116038.15,-1.6756186,3.0328338,-0.008200458
117577.914,-1.4352084,2.3829408,0.6296704
129003.43,-1.8970783,0.92569244,-0.071277104
133431.22,-2.496247,2.341144,1.1275499
119509.26,-3.1752827,2.5999644,0.13275674
117263.87,-2.786973,2.8997169,-0.049777087
129742.89,-0.2877455,0.81764245,-1.0412338
115380.78,-2.3317304,2.052041,-0.64010525
126873.58,-1.798762,1.1657689,0.27591795
118268.016,-2.95597,2.7501388,0.057797793
116821.59,0.6178498,2.8335915,-0.067653194
116244.64,-2.672738,2.4852426,-0.546388
124043.91,-3.0490155,1.803745,-0.03317022
133887.31,-3.9785104,1.6411918,-0.019714644
127227.68,-0.41584736,2.9479136,0.118563995
129907.6,-4.227389,2.9899216,-0.06782984
119181.664,-1.3643742,2.7845144,-0.11064868
130112.56,-3.7090278,0.6613076,-0.09688392
123910.93,1.4249086,2.9040198,-0.044267587
132199.3,-2.571146,2.9802735,1.3265178
120719.88,-0.3668676,0.032112837,-0.0698615
128620.516,-2.079608,2.8549337,0.51968783
129915.23,-3.1979113,2.0891583,-0.011229592
117638.805,-1.3042345,2.1500118,-0.064160675
128956.93,-3.1836855,0.4082893,-0.017047271
120719.3,-2.7128232,2.7671838,0.044712428
122542.06,-2.3336184,1.8664285,-0.035013597
130284.29,-0.019657636,2.7591426,0.24902052
117033.22,-2.3139186,3.0536144,-0.28878728
129442.81,-3.007501,0.6403283,0.032844663
117471.89,-1.6452712,2.8554747,0.0044141645
117924.945,-0.6877299,1.3890582,0.17510538
125075.266,-2.0642984,2.831365,0.19990546
118369.76,-4.791429,0.174716,0.05935198
117216.98,-3.491001,2.8650331,-0.06877333
116393.15,-4.196546,2.8461628,-0.014504846
125756.77,-3.8868732,2.616554,0.030830251
128492.81,-3.6631398,2.5041683,0.04532157
115796.586,-2.3509755,2.2829945,0.58855003
119648.04,-2.1442804,2.6400576,0.06631002
130152.3,-2.47799,2.2161977,0.33352375
126668.35,-2.660269,0.75333357,0.16440015
127340.7,-1.3838516,2.5762215,1.429205
128887.9,-2.5916805,2.8135104,-0.024487684
120817.04,0.7918738,2.5134306,0.08437549
128336.266,-1.5220141,2.1414163,-0.117698304
125428.58,-0.3349149,2.303029,0.5298582
127970.55,0.7253172,1.7288408,-0.22786793
133259.12,-3.6534135,2.6982517,-0.3414166
116099.46,-1.4755601,2.999468,0.04800166
121422.266,-0.7252359,1.1965322,1.3242723
134642.77,-1.6042405,2.7052777,-0.29186913
122131.01,0.04277824,3.0172236,0.037494905
121109.59,-1.272728,0.4499539,-0.37078714
121961.74,0.6075761,1.0212007,0.103463136
122164.305,3.096277,0.85663825,0.2248688
129027.67,-1.766992,1.9798527,0.15973826
117732.91,-2.9812279,2.0085955,0.13065012
119238.46,-0.96003807,3.0698507,-0.050282437
130857.89,-2.6702602,1.2567486,0.20186958
116764.15,-0.84512013,1.7288612,-0.16523694
122405.56,-3.3060246,3.0471885,0.025440788
116776.03,2.0806537,2.326577,-0.20666847
119228.94,-3.3457985,1.0944312,0.3581692
121752.5,-1.678958,2.4046257,-0.049315143
115143.62,-2.2002301,1.835746,0.22787681
130275.305,-2.4319122,2.2480922,-0.079050235
129395.89,-1.0037822,3.0647664,-1.1272734
130607.27,-2.0662165,2.3180223,0.1173335
124384.38,-2.7531013,2.459528,0.11823407
125102.67,-2.4649727,3.0441318,0.07966226
134796.23,-2.269937,1.3083673,0.12663215
123705.23,-2.695507,2.2440147,-0.21557498
118450.54,-3.245752,0.2913288,0.112730354
115506.2,-3.2483578,1.6276053,0.078478724
123074.78,0.37262866,2.9558516,-0.07477405
127685.48,-0.7434962,0.05476463,-0.011850188
122315.98,-1.5338752,1.581318,0.3077838
120272.61,-2.5642009,3.1152937,-0.0804638
132745.58,-2.8281496,2.0089223,0.2681427
129162.12,-1.4049512,1.1951461,-0.21178278
118174.266,-0.79923564,3.1342819,0.015885789
117735.336,-0.60564876,0.8896894,0.38876772
117723.984,0.38899043,1.5930362,-0.6439547
123653.32,-3.997331,0.55913544,0.08641409
125973.83,-0.7462607,3.1319737,0.5223237
116256.61,-3.2257864,1.9658853,-0.00050419447
133164.94,-3.2352045,2.5749812,0.15552524
119956.414,-3.4873211,2.8323889,-0.012272793
125385.09,-3.2397947,1.8969352,-0.52945405
122165.84,1.3064156,2.1804776,0.53909117
125420.99,-1.3255867,3.0226195,0.02891282
124586.664,-2.0706062,2.4541647,0.12358942
129415.43,-2.2468987,1.404243,-0.2757341
131228.78,-2.3401635,2.8340766,-0.06222011
131477.61,-2.1028454,2.5685353,0.036865935
121418.93,-1.284622,2.5725298,0.05731532
134434.17,-2.6046824,1.722948,-0.65992785
116592.695,-1.419251,2.827353,-0.20573302
126811.79,0.1333153,3.0323527,0.04974194
124201.695,-1.8415531,1.1223606,0.1644497
134365.36,-2.587736,2.8016045,-0.016182942
122251.375,0.71928424,1.6261125,0.14879708
119789.92,-2.1880257,0.9899,-0.38365522
118082.89,-2.4906387,1.3762077,-0.16180106
117306.52,-1.9698306,2.2864494,-0.075347885
130717.57,-1.3628353,2.8598769,-0.28659567
133608.39,-0.81902176,1.2681786,-0.113653764
128232.21,-1.6760873,2.8267488,-0.16587557
118101.8,1.0078276,2.4935029,-0.102326244
127190.29,-3.7718227,0.8460255,-0.23704597
133161.02,-0.06500249,2.5985003,-0.03445717
119064.46,1.3211869,2.3421617,0.3982935
119685.836,-1.5710189,3.121122,-0.06344347
119528.47,-0.12005267,1.999935,-0.18550403
133950.17,-3.2610998,2.3994117,-0.10285569
121966.94,-1.5909469,2.459524,0.03873467
120925.13,0.4685289,2.8732562,-0.034871187
116620.48,-3.0019128,1.4027658,0.18073173
124714.01,-0.6124297,1.1622694,-0.75330406
128497.64,-1.3130789,0.15594089,0.009975701
130126.12,-0.41401494,2.8407676,-0.03510908
133029.58,-2.7844071,1.8383911,0.073001206
121478.18,-1.0940803,0.08295065,-0.02405541
125587.49,-1.8531548,2.8859866,0.016253255
122269.07,-2.6620119,2.2771049,0.6948053
118523.55,-3.5222807,1.9381546,-0.13530757
127791.45,-1.103763,0.8437624,0.15627559
117907.65,-2.2142127,2.0455039,-0.16501403
125534.164,0.11402018,1.8394903,0.21528205
126910.625,-0.5998273,3.086679,-0.24042603
117543.73,2.612506,0.3903721,0.07159086
130456.71,-3.96972,0.38047272,-0.13428904
116491.35,-0.73261887,1.031468,-0.8292004
130520.47,0.48856947,1.1710728,-0.6713366
119609.11,-3.4303994,2.8245654,-0.8029459
133283.69,-2.7744372,1.3048933,0.14959575
117480.09,-3.4544623,1.5319122,0.026401168
130443.47,-1.9724311,2.773708,-0.05365631
128039.945,-1.8375201,2.0588398,0.20937638
118786.49,-2.5744822,2.9766145,-0.011038304
121817.12,0.04077698,0.3989062,0.121337965
128446.99,-1.4653828,2.9342413,-0.06288418
126335.42,0.85040313,1.9014618,0.19928207
117537.21,-1.6209725,1.0749043,-0.12053306
127072.79,1.6417382,0.6472335,-0.05821309
133917.34,-0.18574162,2.188795,-0.114911065
116569.44,1.4330316,2.5460284,-0.09399844
127744.516,-2.7870295,0.06570029,-0.7082441
115195.68,0.2777571,2.93927,0.22545741
119125.42,-2.2939801,2.9165869,-0.3734061
134033.14,-2.6822195,1.9695017,0.38851687
123261.19,0.15437113,1.6643975,2.0364273
133074.55,-2.7140837,1.243059,-0.27137154
123967.875,-2.2004628,2.7438207,-0.44286272
131925.39,-2.1281214,2.739765,0.005355278
121819.03,-0.119027406,0.01874733,-0.07790722
126123.45,-2.6573906,1.6168333,0.006319725
132347.73,-2.4992142,2.8711681,-0.13744067
115414.836,-0.5245045,2.8899279,0.39956796
120004.5,0.9435562,1.3856602,0.21200727
129872.46,-1.9973114,1.0973709,-0.094808444
116512.4,-2.730851,1.9182459,-0.5236555
122302.664,-1.6543039,3.0514884,0.2178434
131431.98,0.3400485,0.22864103,-0.0008959638
115770.85,0.11062527,2.2957451,-0.035309315
115097.85,-2.8825247,1.4282494,0.12919837
116137.53,0.06742682,0.5322678,0.056870524
124695.46,-2.576538,2.8005247,-0.019224634
120887.05,-3.3526747,1.068096,0.12062467
118176.35,-2.8437564,1.5834095,0.37834764
125867.15,-1.5341605,3.0174954,0.023877267
128681.664,-0.38910398,2.8772764,-0.23670016
125061.805,-0.22803457,1.894552,0.12548527
134554.44,-2.7977045,1.764873,0.4438568
126267.45,-3.9036512,2.903265,0.09103557
117483.84,-0.5507113,2.5156298,-0.3882597
119743.24,-2.559741,0.5121992,-0.09521037
123260.19,-2.7421196,1.981137,-0.015730372
129438.805,-0.35849372,1.554262,-0.21785071
125261.63,-2.6064675,0.29982585,0.06929284
128888.375,-2.0663955,2.69262,0.3576403
121595.31,-2.1741068,3.126415,0.17710054
129394.02,-0.44686872,2.376812,-0.09909881
120283.16,-2.005667,2.8061018,0.10765725
127226.36,-2.3501947,3.0709958,0.4687144
121333.42,-1.5368658,2.0497007,-0.50501376
131810.72,-3.7804668,0.95340735,0.09579804
131223.64,-2.869202,2.140873,0.2735101
118672.61,-3.672747,2.050218,0.34460446
126101.38,-1.4556111,1.4230835,-0.07959861
129002.41,-3.2110212,1.8797526,0.24609654
132689.11,-1.4307704,2.0622458,-0.83664024
134420.22,-2.1428475,2.3838718,-0.46330145
121822.984,-1.244041,2.497667,0.8047491
115214.65,-3.7708325,0.5999846,0.07805253
117199.375,-3.2122269,1.2428825,0.3738313
117702.695,-1.1697677,2.9303887,-0.047628164
129287.445,-3.187457,1.7364134,0.1567725
129264.61,3.7409766,3.1261258,-0.060862076
132050.69,-0.029600931,2.4099188,-0.1177081
132292.97,-2.349396,1.4916841,0.12863807
133528.22,-2.2595088,1.711008,-0.14001982
115084.445,-3.5996974,0.98715556,0.07811963
122071.56,-3.6316922,3.0091424,0.10314461
117687.5,-3.7097251,2.4440267,-0.58593917
126147.11,0.43539864,1.448328,-0.100422636
129002.35,-1.1865513,2.3557827,-0.18482597
124868.61,-1.826877,2.8935099,0.113420114
132506.44,-3.007277,3.1007988,0.22648087
119262.67,-3.3073456,2.6203752,-0.0186821
126243.32,4.589072,2.4141052,0.29950514
132410.7,-0.92383796,0.22884077,-0.10865272
129322.8,-3.043791,1.8866199,-0.025360558
129832.56,-3.1771286,0.9857409,-0.20433456
126471.47,-0.12952575,1.7860888,0.7259629
130986.68,-1.5968891,0.72326773,-0.13219099
128360.75,-2.7776234,2.5436704,0.0015971041
134727.52,-3.2037401,2.9541807,0.012627061
123209.445,-2.914888,3.0528011,-0.06693037
120272.33,-2.2200737,2.170241,-0.21899515
122432.34,-2.9521637,1.6832111,-0.046032816
124343.85,-0.5122443,1.5538986,-0.20754498
122812.99,-2.1180828,1.5434988,-0.015362963
131400.06,-1.9855951,1.743248,-0.35708702
133034.9,0.8300448,1.3522134,-0.18532844
125642.336,-2.39747,2.372125,-0.44324094
119982.04,-2.9288666,2.7598126,-0.06417937
118211.28,-2.9001539,1.9246715,0.074146226
118632.51,0.530572,1.9003525,-0.32792556
115133.7,1.9687055,2.6414,-0.056247685
118635.98,-2.7440262,0.62504506,0.13963899
134802.31,-1.9112248,3.080039,-0.024708055
125689.95,-0.022979982,1.998327,-0.083478846
119108.5,-2.7512524,1.4809698,0.0015282437
118857.1,-1.7364922,3.1236124,0.045094658
124104.305,-3.3144782,2.3079708,0.12814479
120822.305,-1.0490152,2.279556,0.10905836
120438.04,-2.1281452,2.293451,0.21218167
118249.95,-0.4004353,2.1702192,-0.20168488
121685.57,-0.86246973,0.89066344,-0.12249413
117917.85,-2.7253447,2.6309226,-0.10080473
123362.57,-0.039822895,1.2951216,0.15691786
133836.67,-1.4755843,3.0526693,0.13635008
117959.15,0.50023466,3.0344005,-0.078557454
128349.74,0.22826879,1.3931954,0.30257335
120186.586,-2.3609345,3.0760007,0.10781113
120551.51,-0.84022343,1.2548873,0.07229329
116159.02,-1.2450875,3.0187879,0.09550241
115171.99,-4.08748,0.54933643,0.045831103
120060.75,-1.2829231,2.1516762,0.059180524
128059.055,-2.684642,1.4702736,0.06611826
116531.305,-1.316125,0.39901352,-0.08000604
123518.375,-0.2803515,2.4305909,-0.15858196
134655.62,-1.3182479,3.1259775,0.21220969
129329.33,-0.8468298,0.2988191,0.38118672
128087.71,-0.27028126,1.9329883,0.06361792
134023.55,-3.250178,1.3711908,-0.27891064
125351.484,1.1016858,2.0770967,-0.6643133
116591.34,-2.6348171,3.0783894,-0.60132426
116909.98,-2.9595962,3.1343205,-0.1265502
124507.26,-0.49533993,1.9718409,-0.11653627
131656.42,-1.6223972,3.0879211,-0.06054502
117261.5,-1.7038931,2.174541,-0.100375496
127205.31,-2.6955185,2.2507062,-1.0485657
123210.01,-2.3163023,2.2408364,0.10934292
118654.984,-0.60551625,2.8648453,-0.16195863
116878.92,-0.51995593,0.5215359,-0.1289894
120037.34,-0.95977765,2.853577,-0.030126292
122318.914,3.8350046,1.1078147,-0.38014472
130246.41,-2.845784,2.9737504,0.0032471807
126378.67,-1.915507,2.849421,-0.04969714
116116.44,0.62896293,0.47321582,0.4079827
119135.04,-0.7413541,2.9504597,-0.023328967
132934.55,-1.0411114,0.78449416,-0.05059252
122742.85,-3.1957383,2.0137787,-1.0873816
133909.05,-3.3792126,0.6391312,0.091460265
126955.516,-3.1797347,1.1923393,0.2257576
128129.04,-3.9228096,1.4204586,0.06571438
132489.33,0.50437504,2.1206913,-0.24112947
123296.53,-2.3883336,0.43659925,0.038704198
116785.75,-2.0865438,2.417336,-0.14181295
125457.76,-2.6337576,2.780842,-0.42333087
130033.27,-1.3561335,2.9295728,-0.07571644
123473.75,-1.3510813,2.2689962,-0.09169364
125741.95,-1.958523,0.75896466,-0.105345346
129994.53,-2.404608,1.9620562,0.35597843
132994.1,-2.2320926,2.5962708,-0.36038995
126126.58,-3.4248989,0.6702963,0.09676792
115873.984,2.1378694,1.3961954,-0.17193025
115099.02,-1.2973135,2.395363,-0.027578916
117053.6,-1.2704973,1.3952773,-0.5776869
122341.27,-3.0639055,1.275437,-0.03523999
123189.82,-3.4532573,2.7427404,-0.07849794
120951.21,-2.5091774,1.5683687,-0.14521399
125049.47,-0.81322515,2.8853016,-0.012830586
120527.47,-3.0600302,0.099463224,-0.09504545
134206.67,-3.3960814,2.2046385,0.046046644
132017.61,-2.264037,1.6506755,-0.010946574
124593.79,-1.7356666,2.5827274,0.11454652
129753.93,-3.57171,1.053348,0.087955125
128376.07,-3.512139,2.9495926,-0.14399478
130000.414,-0.699123,0.59820247,0.2980579
128094.96,-1.6005851,0.19302177,-0.096820526
117701.62,1.5099753,0.43106735,0.23317035
130309.75,1.2977182,1.2502033,0.42838272
133335.08,1.3263725,2.4771514,0.06927019
116628.94,-0.97960955,2.4346573,0.3423918
119749.516,0.009485061,0.5109184,-0.12539779
130414.45,-2.5680003,0.4338811,0.1431484
118434.53,-3.4799554,0.19070363,0.027519906
129677.79,-0.7557777,2.2783442,-0.33666408
119934.016,0.3134219,1.437676,-0.22025278
115345.87,-2.2283404,0.8481493,0.53923064
122761.055,-2.7729063,0.8341427,0.1254145
115963.08,-1.1931169,0.28829515,-0.081689455
120740.48,1.474137,2.993404,-0.8542185
121216.31,-1.6460038,1.9395603,0.19382706
133487.27,-1.9809088,3.1148226,-0.51318824
118918.77,-3.26717,2.9826143,0.021483991
127324.87,-1.9826989,2.0506008,-0.17970978
131776.64,-3.521323,1.0656698,0.06415125
131312.45,-0.2977198,0.93024457,-0.10740842
124492.01,1.9164368,3.1238232,-0.03760526
128536.805,-2.146291,2.166713,0.48924938
120699.97,-2.7977753,1.614795,-0.5384671
120521.586,-4.065868,2.7395203,-0.009721091
120497.33,-4.2501364,2.4407206,0.040141217
124114.016,0.5626777,1.9519861,-0.069079876
118573.87,2.1956158,2.7940037,0.050023872
117378.72,-2.3509989,1.2809659,-0.26227355
132712.12,-0.6932242,2.8953373,0.07821818
118438.914,0.22634324,0.5798201,-0.11743598
131501.47,-1.2579212,3.0245292,-0.07348021
134007.77,0.5627955,2.9743586,-0.00048052796
122860.67,-2.4967313,2.748108,-0.2899616
116275.18,-1.7732431,2.1674628,0.07255656
122410.234,-2.906714,2.29511,0.20327629
120523.945,-1.9233505,2.8288188,-0.013750368
122665.2,-3.5491183,1.2933534,-0.12399031
131254.45,0.92628294,0.65918314,0.08711006
115698.11,1.091093,2.8616593,0.015992973
118443.695,-2.6273913,0.30037904,-0.07801353
115163.68,-0.14661396,2.1835093,0.08140301
128806.4,-2.7209382,2.6929207,1.2528476
124891.86,0.41828728,2.2014832,-0.11273708
129028.62,-2.7447426,2.7035825,-0.21920209
115959.56,-2.244352,1.6726263,-0.16815825
117799.695,-1.9390644,0.043205023,0.018230224
122415.96,-2.995126,3.1121032,-0.037931312
118185.72,-2.8900082,0.34939492,-0.14569668
123205.92,-3.1736982,2.8370528,0.10191826
118207.16,-4.6280136,1.95663,-0.260083
115898.98,-3.4598384,2.0695305,-0.09729099
115857.88,-1.693252,2.443,-0.08323918
133127.22,-2.451189,3.0714614,-0.26458123
132801.4,-1.3254913,3.0645895,0.05253646
119997.85,0.26825348,1.8093566,0.33056423
119122.22,-0.8889896,2.892517,0.32000428
115480.766,-1.935661,2.3351326,0.91218406
115474.734,-0.84618586,2.5783298,0.0009895077
125521.12,-2.721284,2.5734894,-0.042888653
119459.055,-0.8458853,0.55915457,0.10287089
126821.38,-3.4618661,0.7848204,0.09386187
130668.48,-2.6488402,1.7115742,-0.27287763
120447.625,-0.7759949,2.084578,-0.18572867
124193.31,0.36320233,2.5226195,0.008373017
120215.36,-2.9330492,2.8985882,0.15180297
125830.56,-1.9233146,2.7464187,-0.0802363
116391.96,-2.6473567,2.7657166,-0.0131052025
123176.48,-0.9503783,2.3821557,0.034777727
131941.12,1.6534439,3.122097,0.017449426
127805.32,-2.0379639,2.5737884,0.22235037
130452.086,-2.1840584,2.64023,-0.092361405
125234.45,2.30549,1.6570162,0.35144112
117496.78,-3.2546892,0.23466873,0.026842559
123194.42,-1.5434723,3.0411134,-0.2543289
131785.33,-3.7665064,2.8852031,0.00930965
131958.14,-1.965592,0.49143896,-0.7372704
122633.41,0.8065386,2.7430217,0.054127973
128231.68,-3.769501,1.9924488,0.18036303
125212.414,-1.7398838,0.89605105,-0.06952136
122051.336,-1.4063076,3.0013568,-0.055501904
119676.43,1.0925907,3.1162932,-0.00926074
119069.4,-1.8531733,1.3573288,0.89234287
125760.71,1.718171,3.0600703,0.084800996
120430.96,-3.0007396,1.2420028,0.42438358
119786.07,-2.0977306,2.83081,0.60660845
115477.23,-1.2354866,2.9779084,0.02536786
118182.3,-2.4794023,1.2233255,0.05612025
115285.89,-3.3083985,0.27796888,0.08464128
115125.805,-2.6851592,2.1712604,-0.14439821
128688.6,-2.6845605,1.9333634,-0.28159264
115296.85,-4.022954,1.5761775,0.04465479
115598.34,-4.2911124,3.067649,-0.17717919
128979.945,-2.4865713,1.0231098,0.029203912
117842.42,-3.5946722,1.8188943,-0.106290676
123457.57,-1.4701343,3.0130293,0.0058751414
131706.6,-2.4999564,1.554839,-0.06892742
134894.4,-1.1164597,2.8391962,0.14502388
117695.25,0.0654989,2.858226,0.063256286
127809.82,0.108383134,2.5488715,0.60079926
121027.22,-2.0596316,2.510684,-0.20838946
121128.1,-3.0512564,2.4462717,-0.26361617
129305.26,-0.5967436,2.7830992,0.024902541
129581.66,-0.33717534,2.667808,-0.06923028
115242.77,-1.861392,2.081851,-0.08658969
123953.66,-2.394924,1.9487776,-0.9230732
118237.88,-2.313157,1.0271351,-0.31367546
125699.984,-2.9452238,1.6381398,-0.19993578
116563.44,2.5574036,0.59332985,0.10101633
130866.1,1.2175993,2.1939912,-0.22813106
123282.78,-3.173724,3.0138216,-0.104778804
121824.984,-2.3888626,2.996751,-0.036604833
118037.2,-3.9455113,2.3714936,-0.012250079
116178.98,-3.3128922,2.2847562,-0.19929919
132080.11,1.009472,2.7415714,0.2605563
117604.74,-1.6625563,2.9316669,0.032422267
117381.52,-1.6777477,1.8495061,0.23552337
121978.46,-4.0428147,2.4882946,-0.57347053
115284.305,2.0756812,2.0170324,-0.100967206
116588.68,-2.6558096,2.8697345,-0.049548846
118179.5,-0.3883459,2.165684,-0.35457715
123198.71,-1.4633061,2.1467445,-0.22423546
122047.89,-0.66843903,2.3870537,0.2736968
134980.64,-2.1397688,2.6852086,0.25241587
121826.84,1.7252018,1.3688517,-0.50638974
130267.66,-1.7490833,2.9346974,-0.012799497
123980.15,-2.407535,3.111007,-0.0018944956
119551.31,-3.7386882,2.6606047,-0.19623217
119455.82,-2.6083493,0.35022247,0.032285854
124443.94,-3.4933,2.7319632,0.35453564
118165.42,2.2306986,0.43383875,0.12871224
122943.34,1.1303221,2.9199376,0.5392691
117730.06,-3.0564559,2.7385154,0.07217818
128227.35,-3.771712,0.11031127,-0.009226885
126666.36,-2.0769083,0.19956207,0.112062514
132597.8,1.7231481,1.7626072,0.41096488
124009.46,-0.8411507,3.065887,0.38768712
133301.94,1.9561092,1.9852035,0.15096553
134861.8,-2.8543832,2.6899052,0.09599314
131226.97,0.06743206,2.5555897,-0.36757618
130409.68,0.79510415,2.4903383,-0.08086092
130718.29,-2.303708,3.0332818,-0.29813695
125736.164,-1.1533066,0.3318137,0.5274766
128522.57,-1.3473533,1.2955793,-0.61064154
119555.64,-3.392142,2.5531538,-0.058684308
131065.195,1.3561481,3.0966187,-0.2334264
128636.38,-1.9132934,2.744801,-0.6059551
122611.18,-1.8878654,2.8045459,0.098618135
127771.6,1.5429592,2.355595,-0.10031939
124866.016,-2.7644389,2.6567762,0.07551741
124924.69,2.7066228,2.8671792,-0.053300977
120634.47,-2.202852,0.2188003,-0.01657218
132743.02,-2.5817623,1.0773288,-0.8046045
131372.5,-0.7877278,3.0997248,-0.13871807
128618.04,-0.43775305,2.676301,-0.5910749
118446.26,-0.09047457,2.913569,-0.052789494
121994.74,-2.6604445,2.2742896,-0.29747134
128456.32,-2.442322,1.3285708,0.09262587
116127.09,-2.5766442,2.4112704,0.5480061
121898.1,-2.5844123,0.48670354,-0.09967411
125668.19,-1.6380664,2.9093027,2.5119238
129383.45,-0.8373242,3.1127741,-0.053245522
132995.16,-2.5060604,2.509324,0.2572765
128714.24,2.8998764,2.5084426,0.6590722
115744.84,-1.340422,2.9957085,0.0009169933
131832.73,-0.9406898,1.7617528,0.09779137
124036.7,-3.1533444,2.087566,-1.3749375
121553.65,0.50550455,2.5114365,-0.10848207
128398.18,1.0069097,2.9481397,0.023823053
131475.34,1.3026094,2.329177,-0.09409979
123292.25,-2.833432,1.4160765,0.09786241
133790.98,-0.7275617,1.4467801,-0.44600844
126227.42,1.0526248,2.6315417,0.12777558
115958.48,0.054752752,1.5484817,0.23792455
125888.77,1.5543276,1.932201,0.74701726
128445.73,1.7771083,2.6713727,0.24732657
122775.51,-3.8628678,1.6566085,-0.007108712
117759.42,4.3242745,0.79626375,-0.110040426
127105.11,2.5242975,1.1575319,0.08387367
122629.09,-3.6693456,0.8630719,-0.009734318
121553.445,-2.3770778,2.2549088,-0.52671015
116843.164,-3.2415612,0.40629673,0.08730334
118979.28,1.7089678,0.26551747,0.072557084
128385.4,-3.5665257,2.7471237,-0.11116888
128810.055,0.23170182,2.3462098,-0.8374199
116429.83,-3.1253924,0.74486864,-0.105680354
118754.15,-2.79382,2.6898308,-1.0449898
126506.195,0.2149141,2.952827,-0.066769175
121766.6,-2.363045,1.7119882,-0.2468387
127101.31,-3.7201235,2.3046646,0.031407423
129704.91,-2.3464034,1.664868,-0.070201345
126699.36,-2.419513,2.8205729,0.1904754
121799.17,-4.0140605,2.291784,0.09164066
119701.875,-2.3213966,2.98377,-0.029620634
123657.586,-4.418072,2.9397998,-0.19061562
124704.05,-3.6765144,2.8806672,0.18058684
120889.77,-1.1527938,3.0525153,-0.020095905
128624.03,-3.0101764,1.5897199,0.32696122
129619.23,-1.4725933,0.864068,0.08814523
125250.42,-2.035037,2.8548636,-0.09725473
127492.125,-3.0153787,2.9186072,0.105947986
123319.766,-3.5078561,0.3594725,0.11424925
115251.57,-0.03154045,2.4621792,-0.070306204
130460.13,-2.541253,0.7587931,0.10228245
117669.555,-1.3609325,2.1611304,0.28772068
120374.836,-3.1954072,2.9130921,0.38200366
125110.19,1.3073738,2.7297819,-0.07187346
125344.7,-3.5572546,0.76421005,0.30130145
125181.48,-2.4876542,2.5299273,0.16155627
120007.94,-3.791554,2.5708838,0.08907005
120425.414,0.8875398,2.6720376,-0.035333075
120774.336,-2.5660343,1.2937483,0.0709899
122337.59,-1.6864821,3.0682914,0.016122192
123319.49,-2.7371027,2.8123167,-0.14341116
127855.55,-0.37667906,2.744656,0.0758299
115458.81,-0.5950626,2.4074538,0.11973543
129958.875,-1.4817994,1.0484246,0.28903535
119131.46,2.874811,0.48320836,-0.065868
124973.73,-1.7495761,2.778382,-0.43662146
119217.984,0.21880935,2.0282793,-0.27319387
116694.26,-2.8223886,0.7597139,0.072463125
115690.31,0.27738178,2.5623887,-0.13941549
128401.72,-2.1057637,1.1920187,-0.16309427
118298.24,-1.4781846,1.6106048,0.29323933
123665.55,-3.140922,2.977765,-0.02307892
117875.11,-2.9311914,2.8562272,0.030597346
118827.49,-0.597293,2.2057536,-0.1870154
125220.08,-1.6736027,1.2240275,0.27390948
118567.68,-2.051579,3.0025985,-0.015675819
125736.2,-1.3318166,2.701421,-0.095036
133269.42,-1.7630228,2.4939544,0.40826344
123413.47,-0.91333336,2.452855,-0.042133648
127678.07,-0.72054344,1.66488,-0.3585132
117004.78,-3.212203,3.0667033,0.06370763
133392.95,-2.3958967,0.030317545,-0.007071599
134993.11,0.49957305,0.2847135,0.08361205
127784.336,-1.3155541,2.0863607,-0.1696728
117468.41,1.6754999,1.6352991,0.2883489
132630.52,0.3939005,3.1274087,-0.49692157
115230.47,-3.6971405,2.9360635,-0.0050469376
134899.53,0.17147012,3.1219428,-0.02336079
116844.08,-1.272357,1.5023367,-0.30228359
118087.734,-2.353547,0.30942357,0.16715166
117019.555,-3.250675,3.1330104,0.14321057
121790.74,-3.0522783,1.6938466,-0.30932248
123941.766,-1.0388966,2.40189,0.1403219
131936.42,-1.5998038,2.8679988,0.15797333
126133.51,-1.0005745,2.9078271,-0.23732553
129196.88,-1.8926463,2.1559625,-0.00011693535
129494.484,-3.5739958,0.47694576,-0.049732104
120439.5,-3.1726665,0.65418017,-0.08709906
125246.31,-3.4673028,2.9631276,-0.13307703
124978.82,-4.1852875,2.2708168,-0.24186191
123028.35,-3.2433102,1.3421829,-0.30038172
118724.76,-2.2513998,1.9687935,-0.13815519
118791.36,1.8112305,1.8115953,0.4789669
117126.99,-0.33382705,2.4576654,0.16972096
133701.94,-3.4459188,2.750357,-0.2682912
116318.766,-2.9180126,2.172742,-0.33228898
121671.16,-3.1627731,2.7404506,-0.2391252
129598.49,-3.17422,0.33925915,0.3124259
132093.58,-1.9828882,2.1226575,-0.005459414
124085.55,-2.683078,2.658121,0.3559398
130420.24,-0.4648097,1.5525931,0.14014836
128733.664,-1.9304338,2.7483184,-0.021913279
118116.21,1.7184286,0.0987432,0.016255375
121877.79,-1.674677,1.5748162,-0.11643246
123070.945,-1.1719111,1.9212141,-0.36834142
117591.234,-1.5445986,2.075828,-0.0948471
122399.1,-0.22413951,2.4541237,-0.14219902
122029.766,0.27515966,1.6235372,0.45507577
128587.96,-2.8853655,1.7618599,-0.009507117
121307.28,-1.6015815,2.7712681,-0.056205876
124400.81,-1.0892344,2.5731618,0.31785604
125637.43,-1.1210914,1.5404208,1.2566315
116741.87,-1.5791255,2.8362203,-0.044372234
124284.22,-1.801696,1.2023884,-0.3421944
121198.13,-0.3527939,0.6782515,0.16122907
126282.88,0.9205194,1.7008686,-0.15902302
127380.0,0.5674023,2.9842453,-0.2733291
128000.67,-1.7925879,2.6197627,0.3212008
124545.92,1.2016933,1.9850878,-0.1579313
121050.48,-0.30504885,2.912524,-0.011920903
131688.84,-4.4378295,0.09307921,-0.01778115
120274.83,-0.6657056,3.118375,0.07134819
120376.51,-1.5535227,2.810801,0.17906037
127451.086,-0.23771645,2.7397027,-0.12103993
132545.94,-3.3906827,2.7236583,0.030666832
130907.73,-2.642059,2.7220824,0.30058014
115681.29,-3.0434494,1.3765866,0.69461626
132849.25,1.9695764,2.9444976,0.035615776
120073.3,-2.7836432,1.9004034,-0.23725705
118952.33,-0.3795174,2.5490005,-0.115770794
118637.2,-2.6232538,1.4894668,0.15811087
127352.47,-0.5468333,2.9574425,-0.42828193
131682.34,-2.5094914,1.2100753,-0.113522194
122909.15,-1.5296086,1.6103213,0.3819033
126972.516,-1.9708772,1.8655039,0.5401948
118787.19,-2.3798926,0.13785064,-0.085181996
126336.81,-2.5462134,2.0546238,0.0050627547
124964.91,-1.9718276,3.0647097,-0.00079093623
128360.77,-1.1129937,2.8080697,-0.49699315
119155.89,-2.7898817,2.4509542,-0.09091038
131853.06,-1.8231425,2.3804958,-0.22298673
121943.914,1.6602331,0.87324,0.11681613
133744.11,0.47055313,2.9613264,0.046885926
117556.03,-1.1284233,2.627047,-0.4083082
118714.96,-1.76304,2.2612011,0.4641573
126514.69,-4.173135,2.773043,-0.24368694
118977.61,-2.842569,0.2980411,0.05608853
128618.75,-0.81918067,1.5388525,-0.07320964
132855.16,0.5403455,1.5204295,0.07731664
129748.1,-2.086818,2.7467494,-0.33862582
117645.86,-3.3349829,2.640079,0.15522109
120550.26,-2.6053364,2.674768,-0.025498332
123870.59,-4.149254,2.826826,0.0638528
123701.266,-3.865708,1.2071949,0.29476088
120939.375,-1.6059917,0.98619676,-2.3028612
126858.92,-3.9080493,2.9087327,-0.21647523
121940.54,0.9845207,2.3794277,0.17502923
125969.28,-2.034487,0.9828118,-0.14302807
115884.25,-2.3691385,2.2112448,0.36245173
131245.8,0.30153215,2.363128,-0.13297
123589.8,-3.0962923,2.3233376,0.05854969
129141.59,-1.1038977,1.9086317,1.3131967
129913.47,-2.5016258,2.8791223,0.022835918
117885.375,-2.8234327,1.4775445,0.41260922
126807.9,-2.6117294,0.1829834,-0.0612379
121072.93,-3.3221953,3.1109242,-0.049917564
121070.43,-0.52821445,0.5917225,-0.1555963
121252.9,-3.190952,3.1199956,-0.08924271
115952.23,-2.2820413,0.630563,0.2610493
117091.15,1.6965041,1.4039509,-0.17862323
127614.53,-3.3016953,1.4785893,-0.2218768
125949.28,-2.8949676,0.26030052,0.25326765
119273.45,1.0977063,3.1158874,0.07508831
134952.27,-0.118660495,2.3507662,-0.10966553
129885.43,-2.5426455,2.9833934,-0.05711653
130152.01,-1.7841026,0.7012824,0.27022478
122444.44,-0.17605801,1.1180176,0.08377145
133789.88,-3.0781183,2.2879415,-0.106280066
127608.73,-2.7729661,1.2500061,-0.8908514
125084.766,-1.9976308,1.3283724,0.28915706
118136.914,-3.3730595,1.3646818,-0.13874671
121984.266,-3.1648726,2.4564133,-0.047583576
116279.59,-0.4763029,0.069392204,0.015655762
122432.234,-1.715875,3.064893,-0.1052003
118557.9,-3.8136144,2.479382,0.21020043
125874.16,-0.75634634,2.383718,-0.21155159
118400.09,-1.7403158,2.9060555,0.2237732
118412.734,-1.7714232,2.6680636,-0.021756079
115510.836,-2.3366451,2.1589966,0.009415413
125473.96,-3.5349557,1.3287427,0.23382473
125577.55,0.5997413,1.5785495,-0.26229742
117552.945,-2.4438612,2.1842203,-0.17453265
120676.914,-1.3105158,1.5251669,1.8202757
122373.26,-1.4375119,2.9995072,-0.09661451
133456.4,0.6275142,0.8638421,-0.09490562
125860.41,-2.0737753,2.9158607,0.10953266
131934.34,-2.344938,2.80369,0.09444613
115452.57,-2.1961713,2.7271094,0.03460455
125934.31,-3.0313737,2.6917825,0.10262684
131535.39,-3.6929963,2.2902067,-0.1227751
126878.34,-1.6818359,2.7867727,0.12364006
131530.98,-2.2210038,2.4100795,-0.5219921
130912.266,-3.1303384,2.803969,0.37743002
129682.25,-2.678088,0.22422412,-0.022893993
119060.9,-0.40262374,0.58656514,0.5237051
123474.234,0.22743598,0.81549394,-0.3132643
116897.78,-0.84473735,0.9346099,0.11307213
117149.31,-3.192807,1.2266135,-0.14915138
116901.42,-1.6087133,2.3933582,0.028045252
119367.125,-2.6378536,0.95471895,0.07317906
124335.68,2.085333,0.42501283,0.039135356
125932.57,-2.723822,0.70757127,3.0913007
131550.08,-3.5266101,2.1121912,-0.43018222
116745.31,-3.7508252,0.65858614,1.0475925e-05
123166.2,-2.3385494,2.1507049,-0.13115789
127516.586,-1.8709768,2.7730243,0.0067681097
128710.09,-3.1346626,2.6645467,0.0014331595
118833.33,-1.827974,2.3717356,0.1914363
127221.055,-2.4576697,0.777484,0.09923116
125576.914,-2.126065,0.21175706,0.017541764
124296.805,-3.136352,2.347408,0.3624697
134782.92,-0.15051319,3.0305562,-1.1205693
132679.1,0.35843772,2.461242,-0.3395361
129633.11,-1.3386649,2.5833006,0.28631893
124589.0,1.9693823,2.6263754,-1.0415126
121701.87,-0.808986,2.2185266,0.5992837
119636.76,-2.6714964,2.81849,-0.7149688
133237.95,-2.5724056,2.75919,0.14758433
126454.26,-0.5903383,2.185058,0.24590573
126651.74,-1.680414,2.5143347,0.014997051
115678.45,0.7759706,2.1965694,-0.13016
130779.46,-0.33168253,2.3351243,0.43994847
129278.62,-2.929179,3.1358938,-1.6006082
132186.94,-0.55844724,0.6288324,-0.7274105
125006.6,-1.7404858,2.9814115,0.11936224
120974.02,-0.71446043,0.46560383,0.15309666
117423.45,-1.6433376,2.8466306,-0.03809918
119107.24,-3.202519,2.8498418,0.03032568
118419.12,-1.7210528,1.7537327,-0.76678705
120831.36,-2.0681608,0.13535821,-0.043295324
116244.125,-4.1088166,2.182182,0.12794775
116060.305,-1.8127799,2.7912652,-0.012179924
130637.9,-2.1563184,3.1067529,-0.0017093024
128481.44,0.43926704,1.4376172,0.51447767
123263.555,-1.696789,0.5544381,0.5465882
118841.945,-2.323773,2.5853133,0.18261915
116780.945,-1.4922506,2.4918888,0.3615147
117892.77,-0.282082,2.1225708,0.24574853
133368.88,-3.1509883,2.9867887,-0.05897248
130797.555,-0.7992086,2.6304705,1.334698
128944.664,-1.9875519,2.7801118,-0.084809296
123800.45,-2.348756,2.5584414,0.61211234
115941.766,0.537867,2.6312697,0.6133339
126456.65,-3.0144615,2.7793293,-0.5980236
129968.766,-2.5563762,2.2508101,0.20472668
129673.99,-1.5450356,2.9386246,-0.023404846
127241.93,-3.7640843,0.6644652,-0.20638148
132375.33,0.04942014,2.5599394,-0.058705654
131592.1,-0.8249176,2.2353344,0.20827731
134773.39,-3.7717662,1.5818881,-0.1088379
131270.05,0.5416817,3.085221,-0.110114016
134659.34,-2.3924408,3.0233963,-0.020688191
130964.94,-1.8810521,2.6916277,0.015764171
118700.336,-0.0007520165,1.1680356,-0.34351152
124581.445,-2.52725,0.28095865,-0.18219367
120026.43,-2.498149,2.9357789,0.022964621
121336.17,-0.36795405,3.0384398,0.047801245
134660.56,-2.5589747,0.53114945,-0.13426512
130748.51,-1.182745,2.739092,-0.19300169
119573.88,-1.818043,2.770883,0.06643595
116987.52,-2.4357893,1.4543489,0.39503798
125601.65,1.0484262,2.6236706,0.074954644
127331.76,0.36344472,3.1356606,-0.030313173
134658.92,-1.7939755,0.37832236,0.047171075
131033.984,-1.5850515,2.703485,0.40567708
122869.63,-1.7153578,1.881994,-0.28002614
130013.836,1.1789371,3.0469923,0.23298018
125274.63,-3.359404,2.9550877,-0.15267725
117235.49,1.1723503,0.08780062,0.019937512
124123.234,-2.4150589,0.4559598,-0.87607205
119569.0,-1.8561364,2.993156,0.2429324
127529.24,0.13525,2.1690893,-0.113043666
115547.164,-3.2337372,2.629641,0.08027594
133374.5,-3.286226,2.6603243,0.13495228
125625.68,2.7490468,2.0205889,0.13537338
115071.734,-3.4501152,2.2306895,0.032967012
126817.445,-3.2487087,2.9891295,0.03653911
132413.23,1.4936011,2.8764737,0.36698574
124455.59,-3.9582453,2.1304789,-0.10966651
120771.42,-2.1198773,2.4027932,-0.11217135
132373.73,-1.7916012,0.8509481,-0.37598968
131188.34,2.434233,2.7926867,-0.04498214
119497.55,-3.2768946,2.0600095,0.12537833
124084.02,-3.2218359,0.91257894,-0.119534545
123184.29,-1.5857451,1.824393,0.46714142
122082.41,1.9847848,2.717053,-0.075524405
129795.39,-3.426808,3.0883448,0.1141551
120389.016,2.1438854,2.3682551,-0.32634073
124613.27,1.785472,0.03326863,0.04772723
124630.555,-3.3600025,0.0546571,0.102883026
115700.95,1.8387797,1.7393324,-0.34372383
120538.58,-3.3114104,2.9344,0.0810213
129568.61,-2.6663048,2.3904183,0.26686957
129918.125,-1.6915529,2.9704833,0.067778766
134339.1,-3.615906,2.4779181,0.007629468
127541.98,0.15871194,2.6047652,0.3399821
130251.805,-1.9625286,3.024051,-0.30626586
134036.73,-0.8672329,0.7533498,0.17749925
128851.62,-0.4880778,1.5928386,-0.0784871
127286.67,-2.3717065,1.3353982,-0.03249522
127945.36,-2.0491328,2.5790157,-0.029749285
126501.016,-2.531437,0.21978939,0.027972914
120203.82,-3.5189443,0.51357865,0.07126698
125782.484,-1.2371377,3.127029,0.038352646
122828.69,-1.6985615,2.8440034,0.016804729
129018.08,1.6526253,2.801637,-0.032787416
115375.67,-2.763364,1.3697296,-0.15107106
116731.14,-2.9856772,2.3393102,0.2940686
123550.266,-0.7532176,2.6170657,-0.188129
132952.06,-2.771804,2.833972,0.038481332
126157.484,-2.585589,2.9195914,0.16923754
133654.25,-2.3449018,0.39255404,-0.46498087
116718.12,-2.8212845,2.788437,0.060960192
130766.016,-2.930927,1.3540471,-0.006359159
120403.086,-3.8758826,1.4084501,-0.09049603
133936.55,-3.40593,3.0217733,-0.016325
115669.75,1.8290637,2.3602946,0.30468643
117409.15,-2.3736112,1.7701995,-0.4769577
119234.36,-1.8074812,0.5552405,-0.06856729
132053.11,-1.3352993,1.8393154,-0.012992307
126511.6,-0.9964394,2.883748,-0.03825654
129185.234,-1.0838507,2.8744159,-1.0123838
123732.37,-0.32411444,2.3219874,-0.21527196
128173.91,-2.9591224,2.5299513,0.124281995
132759.16,-0.94497734,1.8435731,-0.07262575
134483.97,-2.1283157,1.2206751,0.34733146
122902.46,-0.21629758,2.9981153,0.017459324
133306.45,-0.24889638,2.734012,-0.17296192
131678.66,-3.0262363,2.026763,-0.4837223
125802.05,-1.9432323,2.328616,0.32214242
117167.5,-2.6228344,0.8289736,-0.2928327
125762.664,-3.2159429,3.052559,0.16939804
117467.68,-2.047381,2.9555616,0.14668104
132696.4,-1.9551938,2.0825102,-0.09893759
124649.61,-0.10180602,2.8657796,0.1506882
125742.0,-0.9425672,1.9071219,-0.06195443
133931.34,-2.1100087,2.8638644,0.017293934
122586.086,-1.4039422,2.7754893,-0.3460623
132174.23,-1.6201445,2.7838092,-0.0106338
129599.91,-0.5643315,0.5287099,-0.18405956
116650.84,-1.7367526,1.397487,-0.4652852
120779.555,-1.9609929,2.4366963,0.07923615
116354.77,-1.6357921,3.0253797,0.39860237
116645.086,-3.870426,1.0313966,0.09305479
134810.11,-0.33727238,1.8748493,-0.66430825
127441.54,0.052100923,2.940946,0.104301274
123599.62,-1.4552436,2.6915507,0.20899707
125575.85,-2.4112337,1.442168,-1.4124174
117131.78,-1.5425872,3.0927496,-0.0167313
132019.12,-2.1317098,1.3853854,0.041047674
124945.055,0.6262952,0.59423137,-0.29644048
119197.21,-2.2438333,1.292161,-0.0850428
128483.32,-1.3035498,2.3914495,0.3206119
117965.99,-3.2689161,1.8258717,0.32488167
124973.2,0.402168,1.6531857,-0.30247903
119653.18,-1.4205806,2.3648071,-0.590733
127837.95,-0.5574233,2.7957833,-0.70971173
118382.38,-2.6559052,0.36146426,-0.1635689
116046.34,-2.013613,0.43615437,0.031677816
121118.83,-0.43138283,0.20358536,0.029673053
118858.36,-1.5280871,0.041341305,-0.04168618
123478.47,0.62878335,2.2133937,-0.10865993
123954.49,-3.1885202,2.1619782,0.4677712
123290.58,-1.3968474,2.96759,0.16558976
131273.27,-0.33517614,3.0579693,0.17179953
124127.09,-0.40859312,2.9843433,-0.039089765
121565.03,-2.2342172,1.6753278,-0.1828378
120154.414,-1.5388937,0.26031327,-0.03380113
134987.56,-2.7056355,2.1543312,-0.07230282
116285.08,-1.3771584,2.4979208,-0.0019381449
121503.75,-3.415831,2.718967,-0.06251876
122813.875,2.6227326,1.6940193,-0.12970772
132137.84,-0.9434297,2.2704258,-0.066053785
125419.12,0.5126456,0.64870787,-0.16121817
122089.08,-3.7015533,0.6714469,0.03584086
133207.5,0.35370094,2.7273223,0.7096461
134968.28,-2.3008962,1.8071785,0.5099439
119461.266,-1.0308175,2.8819847,-0.23554283
130367.7,0.9697944,2.11967,-0.27060458
123468.33,-2.680636,2.0753949,-1.2180166
122316.64,-0.7476644,1.8068322,-0.06311213
118813.016,-3.078853,2.937998,-0.25901428
130673.58,-1.5554162,3.0293894,-0.12375491
118265.23,2.4944146,1.4498677,-0.24308696
115330.66,-2.5788023,1.4317279,0.028892554
120405.1,-0.8691131,0.6869595,0.1573911
121671.016,0.5959754,2.6611307,0.32556972
127348.58,0.76435214,0.10504985,-0.013807538
125520.58,-0.49197626,2.89191,-0.076414645
130895.41,-2.6660547,1.5098531,0.25667563
132552.7,-1.4010224,1.528348,-0.39165118
133046.75,-1.6195964,2.2377455,-0.5041096
131988.53,-2.756833,1.7237866,0.14083631
129576.55,-2.3811407,0.76489043,0.23993656
132212.47,1.2629646,1.7175446,-0.9578371
124905.69,-0.8492094,2.6009755,-0.16912556
133933.53,0.56135106,2.395943,-0.10091209
115850.91,-3.6110516,2.9275832,-0.029768879
120741.12,2.5954432,0.68938756,0.062388513
116430.47,-3.1660519,1.781534,-0.14292525
116378.54,-1.3455817,1.5404315,2.035616
125061.1,-2.31079,2.6909425,0.8523952
127381.86,-0.5162548,1.8921471,0.22616643
126432.33,-1.4164764,1.216082,-0.15646611
120825.81,0.10885345,0.96252984,0.10292077
117575.164,-0.9443045,2.652427,-0.06524774
131100.25,-2.611177,2.7519236,0.10881779
132129.11,-2.57754,2.3355472,-0.5090703
124245.08,2.6013236,2.0464828,-0.77638143
122790.914,-2.5456672,2.858436,0.3306158
123006.15,-2.8808484,0.07738984,-0.17775859
118072.695,-1.9703313,0.057463646,0.046098735
115947.32,-0.029325243,1.5925885,0.2157582
132774.61,-0.8241137,2.7831974,-0.15226637
126272.32,-1.4661108,1.7707971,-1.4024885
122460.29,-3.1460454,3.0447702,-0.06826052
127561.336,-2.2414982,1.4849678,0.3288626
115415.24,-3.003935,0.32029092,0.046145685
132871.2,-3.8008337,0.5811599,0.078338735
132936.69,-2.404007,2.2666967,0.46480733
116136.12,-1.1491104,2.9197874,-0.080739975
132061.38,1.7242006,2.6383328,0.09418426
116397.79,-2.4125295,3.0118768,0.052836426
123241.25,-2.9008982,0.22966123,0.14161535
134186.8,1.3940841,2.534751,-0.079908654
132203.88,-2.1890483,0.9361556,0.0886619
127592.11,0.6215813,0.9592432,0.08502827
128063.34,-1.7812575,2.9833145,-0.24260965
123928.89,0.8257316,2.881511,0.009419711
126931.15,-0.59449226,2.6418867,-0.13454352
120256.68,-0.96184105,2.976575,0.42685696
129036.234,0.5184104,2.7620108,-0.113326155
131978.08,-0.71423376,3.032084,-0.04632038
124476.85,2.2105253,2.069222,0.08343687
131272.08,-0.5739149,2.2719266,0.5208924
119281.195,-2.0618646,3.027631,-0.015166982
120295.25,-2.1199954,2.4061658,-0.17650476
122134.31,-0.84899443,3.1364555,0.020702811
128122.19,2.403137,2.1433878,-0.22441153
116905.43,-1.5154378,1.4978381,0.11162797
121240.1,-3.7074285,0.89048994,-0.12444687
128348.17,-1.9156209,2.8081462,-0.054181233
124117.59,-0.15202345,2.6086981,0.126703
129281.68,-2.752083,2.6744647,-0.06832189
127983.05,-3.043442,3.0102026,0.00021279292
118794.96,-1.633953,3.0731032,0.22461574
125090.28,-2.6897082,1.3859143,0.3770018
131900.55,-2.4574811,0.5834793,-0.2952698
120960.64,-0.038170397,1.0320721,0.26171705
121269.95,2.059621,0.50741696,0.05360934
115228.93,-1.58146,1.5337052,-0.2479582
119096.34,-1.3869115,3.046535,-0.028181408
118541.83,-1.9290093,0.9682952,-0.28645232
115091.09,-3.0195096,2.1329007,0.2798254
121478.016,-3.3232608,2.4064772,0.1099803
134886.02,-3.9241257,1.2404659,0.44993907
132036.61,-3.877933,2.9370375,-0.10164124
118822.664,-1.5550351,2.5189044,-0.33076265
132189.89,-1.481521,2.2453141,0.100302435
131126.19,1.6125743,1.1059055,0.34448925
120978.414,-1.368227,2.297263,0.29162
115034.28,-1.3105422,3.1370137,-0.24357955
125542.7,-3.0164423,2.9403253,0.10130827
120419.58,0.4688811,3.0704756,0.114878796
115368.96,-3.0160573,2.7161393,0.15443942
118666.945,-1.2675328,2.1931624,1.0003157
128899.25,0.83887804,3.0536072,0.16095243
118041.17,1.6154785,1.5510732,-0.16010875
117311.234,-2.1677296,2.2578566,0.15522516
122321.97,-3.396429,2.9492285,-1.3290616
120336.484,-1.2267139,0.7312048,-1.3358868
124326.89,-0.41252115,3.029335,0.047727097
126846.98,-3.5499907,1.7198497,-0.14406699
120758.99,0.66103214,0.76560163,-0.24012293
125065.18,-1.9589212,2.4670122,-0.09427636
119644.086,-4.327321,1.8564527,-0.014346147
131051.52,-1.6101776,2.8645725,-0.16315745
134905.88,-2.1430404,2.3681285,-0.30886012
119133.12,-1.3123891,1.5024245,-1.2033614
120188.03,0.8381468,0.26249495,0.04638946
132459.28,-3.3725402,2.7585962,-0.0632942
122009.26,-1.587708,1.428732,0.35708782
118942.74,-3.4922738,2.5934522,-0.14494014
132098.4,-2.122066,2.446641,-0.06787452
132966.45,-1.2264421,3.0800698,0.0003907156
116755.016,1.1250885,2.975997,-0.0036519773
133134.08,0.44126338,1.7127736,0.32920766
130845.93,-3.5998158,3.0206006,0.02342734
126676.99,-2.7222016,0.06523788,-0.090976834
116441.01,-2.3492668,1.881836,0.14048924
126776.69,-2.118477,0.46148396,0.07271193
124546.5,-2.1112182,2.7794447,0.060132064
122345.83,-0.8663493,2.8573055,0.059351783
133433.25,-2.642466,1.757631,-0.49956605
123585.51,-1.6794502,2.3403888,-2.750203
133786.81,-1.1016277,1.0852166,-1.3140637
122217.23,-2.2128627,2.3956225,0.5644529
134733.25,-1.326804,0.96447235,-0.17880245
124189.086,-2.9603114,3.0205855,-0.21320288
120167.37,-2.8204732,1.4054421,0.69224626
127248.3,1.5384558,1.0209775,0.14957015
120515.836,-0.22536299,2.9590294,0.010587117
131710.19,-3.4005842,2.109587,0.051356275
129536.65,0.030496962,2.6890223,0.33616218
117431.23,-0.6598008,1.0485033,0.07172656
121959.64,-3.0602393,0.9246048,0.124652274
118738.17,-3.377064,2.4169712,0.16207074
128967.97,-2.06738,2.9042706,0.12221545
121964.875,-3.0680573,2.61624,0.049730834
118805.1,-0.86789525,1.9539447,0.36431134
117423.02,-2.6067955,1.2303792,0.15706228
117513.875,-0.7149232,3.081351,-0.09459478
134943.25,-0.312677,0.99565387,0.1852394
123389.37,-3.2090254,1.2466652,-0.16895533
130312.31,-1.3246288,2.9482892,0.05279341
117385.46,-3.2576916,2.2701435,0.33309007
118829.94,-2.9787772,0.7684337,-0.12392539
134878.36,-3.1161458,0.97595054,0.5290292
123166.09,-3.653823,0.76749736,-0.025798274
121615.69,-2.855065,1.8630962,0.09893773
121099.64,-3.331813,2.6692133,-0.08053505
126651.91,1.5329349,2.298735,0.74932164
120978.914,-2.4965014,2.9763787,0.0005681832
120913.39,1.543468,2.599467,-0.14623767
128946.17,-1.7524458,2.913641,0.3736692
126223.72,-0.42431527,3.0711288,-0.022707317
130721.15,-1.1123971,2.3669724,0.35263273
124022.16,-3.1218598,1.8583683,0.18882313
118883.375,-0.2787819,2.4148781,0.25123382
125115.305,-3.3506389,0.21763706,0.012956551
133184.9,-1.8645053,2.817405,0.454338
124210.66,0.052346896,2.383117,0.09026241
132623.69,-2.0382555,0.56971884,-0.10789624
117151.33,0.89981145,2.350192,0.08168184
133330.33,3.011244,1.621531,-0.41726932
117751.0,-0.7228064,0.5617101,0.18858263
116047.3,-2.3398788,0.47008318,0.20679311
121193.55,-0.2976013,1.8734813,0.8651806
116062.64,-1.4012992,0.5385263,0.070106134
125403.83,-2.1432185,1.4661789,0.5621692
117192.25,-3.06187,2.916997,0.046456177
126677.66,-3.2564044,0.22620869,0.52792704
122084.45,-1.159082,2.974026,0.02522376
128221.23,-3.1475008,1.9826838,-0.020603547
118092.48,-0.93318915,2.471017,-0.07157104
134116.45,-1.7662352,2.002669,-0.17108516
121308.26,-0.18227273,2.915365,0.014188031
116894.3,-0.95970273,2.2726212,0.14124195
127473.76,-3.5445676,2.3731234,0.066677615
116202.56,-0.86096585,0.09447765,-0.15519059
115814.58,-3.099919,2.666982,-0.03526339
128265.625,1.5427774,2.5322766,0.14115484
131549.23,-2.5878398,2.085358,-0.02212122
118303.98,-1.9204112,2.9054325,-0.001968376
127025.38,-2.7784083,2.9687574,-0.4406195
130126.85,-2.0769486,2.13651,-1.4114391
121329.14,-3.183474,3.013413,-0.7816137
130799.87,-4.4579024,3.0180566,0.105945416
116732.65,-1.46893,1.0551827,0.034872577
115935.88,1.3009934,2.7729714,-0.008688451
125151.49,1.6353302,2.8039274,0.13960482
121308.16,-2.3492968,3.0543115,-0.034694914
127613.92,-3.1725023,1.2311664,-0.12709744
125775.01,-0.6256845,3.0042968,-0.041154776
123874.33,-0.25255713,1.9618429,0.3122639
120394.51,-2.3592505,0.25607336,0.12440684
120142.11,3.8861668,1.361684,-0.10543483
123301.44,-2.1638696,2.6110735,-0.30941072
124870.484,-3.3001833,1.1962099,-0.622706
116692.74,-0.79128003,2.544725,-0.17531669
124813.695,-2.9478667,2.3206751,-0.09067297
120509.99,-0.7033062,1.0908718,0.38534647
116746.445,-1.87598,2.0703936,-0.12213983
118543.33,-1.4850384,2.1320372,0.6259828
125934.15,1.259118,1.4734674,-0.11381299
120230.305,-3.085775,0.13951491,-0.05021488
119883.36,2.3541212,2.9856026,5.1976873e-05
127956.984,-3.050275,2.2111578,-0.32501662
126716.3,-1.1595707,3.0527072,-0.1525249
116585.42,-2.1280365,2.45558,0.4306737
115105.48,4.0353813,0.7338073,0.096601725
117230.48,3.0522761,0.5737165,0.06477062
133727.67,2.5204003,1.6044729,-0.37783927
119750.01,-0.9351911,0.916844,-0.20878313
116804.414,-4.0951686,2.7342393,0.2507493
130376.57,-2.5093248,2.8388474,-1.6184438
134420.19,-2.629789,2.1763234,0.21777916
130051.71,-3.7199545,1.7584649,-0.19532147
122150.4,0.06912479,0.13658226,-0.015025043
123403.86,-3.0890102,2.2103007,-0.45568472
121338.99,-1.4863251,2.6704042,-0.104307875
117078.484,-1.6165925,2.438884,0.1403282
117865.766,-1.7019458,0.035012603,0.31612474
119291.34,0.033362985,1.8523856,0.2530889
125550.23,-3.0384648,0.95678216,-0.10535059
122785.055,-4.251467,0.56787664,0.10730368
119719.445,-1.3801185,2.8185897,0.061516732
117028.6,-2.2329051,2.2985363,-0.055899225
130793.9,-3.75128,3.0313196,1.0958551
117934.91,-3.6206648,3.0132399,0.04923419
128758.664,-1.9760767,2.7398596,-0.0006792425
130859.94,1.4998459,1.3713425,-0.3956073
129722.82,-0.09601575,2.4040513,-0.11621345
120693.62,-4.0858164,1.4005982,0.40821266
121641.05,-3.1904998,2.3529868,0.14361517
121499.98,-3.9913824,1.2800314,0.14285581
115038.41,-2.220555,1.79019,-0.038135014
120375.305,-2.707653,2.0043564,-0.56242174
133070.89,-2.3207085,0.47443655,0.46789262
127382.69,-0.4322323,2.7416973,-0.6932615
134512.28,-1.4735451,2.6648543,-0.19609888
125191.56,-1.7608057,2.2766721,-0.32280028
129334.84,-2.7036178,2.3581214,0.64474577
115090.05,-3.6520903,1.9023262,-1.1790746
121561.43,-0.5146397,2.9893153,-0.043400757
121462.3,-1.4144548,2.6360695,-0.1940153
117624.36,-3.688642,1.9497635,-0.34528777
124466.26,-2.6394672,2.3999002,0.026169749
130674.875,-2.1073422,3.0655537,0.13197364
115428.79,-1.4463348,0.47697926,-0.091203086
116315.3,-0.7869037,2.3399878,-0.2731225
117937.12,-1.8850051,0.43148118,0.07498226
129818.89,-2.3182764,1.1392071,-0.15635768
116358.164,-1.5314265,2.057398,-0.4532698
126474.164,1.0296662,3.06425,-0.08254472
126616.53,-3.76616,2.8300672,-0.17188363
132442.69,-1.9078082,2.7806416,-0.04471208
125550.63,1.0315293,2.3883085,0.22644968
116948.08,-2.623899,2.6921809,0.01160061
116348.74,0.8076563,1.8687657,0.20011693
115846.39,-2.6684859,2.9115999,0.029179608
119003.125,0.36560655,2.9063475,-0.1384181
133873.38,-1.5344402,0.6333984,-0.29640505
128264.086,-2.582786,2.8225467,-0.59416336
120998.21,-1.2203987,2.1342793,0.20947528
127668.055,-1.994376,2.264836,0.21120805
125772.914,-2.4998941,3.1015677,-0.051597666
117424.164,-3.5905762,2.5098414,0.56034625
115001.28,-1.6573484,0.05945134,0.0038379617
132166.92,-2.0915036,2.8742838,0.03263381
128039.484,-2.47706,2.4091449,0.09550121
116923.48,-0.7022145,2.9965243,0.05072115
125523.89,-1.6440085,0.7424418,-0.105014585
119896.41,-2.6489363,0.5684889,-0.07830111
120925.85,-2.986695,2.4837532,-0.14391594
121199.42,-0.8093553,2.8856063,-0.00864442
116827.16,-0.7044337,0.98346585,0.13989623
121386.51,1.706093,3.125914,-0.07862832
119629.125,-2.1259158,1.83298,-0.10113331
117076.305,-0.75081605,1.9939609,1.4802475
119591.33,1.107886,3.1099126,0.048951633
131407.33,-3.4046984,2.5665884,0.036366146
122006.01,-0.90315026,1.0517187,-0.07718648
120510.05,-0.10626045,2.8528864,0.40884677
126826.45,2.5748768,2.7811708,-0.075181425
116647.57,-2.9098952,0.6352713,-0.13005064
115575.76,-3.3852663,3.0342596,-0.026987344
131105.22,-2.6311035,3.0402353,0.53599054
121414.83,-1.9324758,1.7984526,-0.41751525
118615.945,1.9274749,2.2142196,0.088577904
133436.34,0.7925729,2.8649297,-0.077027515
121902.04,-1.9208817,3.022626,0.031897295
129207.266,-2.1154122,1.9587908,0.2631654
115877.88,-0.49439225,2.7243176,-0.050254427
124845.1,-3.0267344,0.68954074,0.102927454
121261.41,0.8223219,3.0407352,-0.009242047
128223.49,-2.5240674,3.0565572,0.040254846
132718.33,-0.3791028,2.442951,0.6807357
123863.95,-2.7947636,0.15027988,0.04251948
124902.695,-3.0365012,2.2377877,0.14029226
125527.25,-2.1650229,2.881457,-0.12041614
118043.21,-0.5158375,2.146757,0.15317607
130325.68,-1.2591072,2.3079138,-0.021277623
119913.2,-2.1263928,2.540047,-0.569531
126841.58,-1.866522,1.768935,0.035083447
133270.28,-1.2387329,3.137337,-0.13130617
132254.6,-0.9739423,2.9312716,-0.03531977
133700.25,-1.557386,2.5053566,-0.22152382
129523.98,-0.6941349,2.9989889,-0.16504526
133174.06,-1.7839878,2.583981,-1.1987989
134872.69,-4.073068,2.8394773,0.035347525
124606.49,-1.5040095,2.0261376,-0.27260673
126645.98,-4.1333942,0.87147075,0.08515936
130183.97,-0.621438,2.2248719,0.13128313
116870.4,-2.7545826,2.641645,0.0374726
120119.11,-1.3686321,1.3728522,-0.28397077
125115.94,-3.3410156,1.0006212,-0.8089161
115845.74,-3.0862525,0.37208772,-0.059794154
117433.6,-2.8863676,1.8256419,0.14273763
132476.75,-2.2251234,2.9243731,-0.0047368156
116818.445,-0.62376535,2.3487744,-1.4240836
133640.23,-0.007937558,2.856548,0.04797393
121321.75,0.7137122,3.0863867,-0.041036244
130930.22,-1.5966486,2.2503152,-0.45331067
126367.75,-2.518757,2.807733,0.02914633
130643.7,0.5544219,2.7483346,0.15107767
115055.516,0.2676821,2.420672,-0.1803784
125526.92,-0.617027,2.894041,-0.107432224
133263.88,-2.8023534,2.3795404,-0.08019396
125658.58,-1.2201053,2.9646163,-0.13250661
133077.7,-3.29151,2.3761551,-0.71998984
115389.33,-2.4991255,3.1207783,0.016297247
128878.91,-0.8242843,2.0861826,-0.15406089
132405.45,-1.6556776,1.9610751,-0.6027803
131012.945,2.5304286,3.1123157,-0.007299274
115919.82,-1.4631535,2.8599625,-0.13557482
124852.086,0.18075585,2.953378,-0.04053392
121959.51,-2.3495672,1.9455537,0.120128535
127053.41,-0.10660056,2.750213,-1.2896543
123273.18,-3.0234594,1.1797434,0.052352477
129169.945,-1.0478489,2.5286443,-0.40023652
133445.92,-2.824569,3.063691,0.123891935
125605.93,-2.9059398,2.6678596,0.12847246
123968.03,-1.383488,2.9206707,-0.035662536
124985.734,-3.0627813,1.1973275,-0.52197015
119824.51,-1.6129014,1.5803246,0.43134946
125373.53,-4.031634,2.943542,0.5161745
133055.23,-1.2004493,0.35471582,-0.053057343
116404.11,-2.0362432,2.8117335,-0.19035386
120202.84,-0.45121917,2.742641,-0.054131955
134477.88,-1.8938254,2.5777698,-0.27948028
127732.75,-2.109898,2.3734741,0.0111016715
134953.9,-3.3067298,1.72269,-0.37953886
123663.16,-1.678211,2.6604528,-0.3410162
130008.9,-2.8554282,2.7105126,0.06926167
116107.234,-2.0783725,1.9621706,-0.53872585
116925.48,-3.000234,3.0772302,-0.11825066
123814.195,-2.059846,0.8629049,0.06851097
134167.86,-2.9994724,1.7941614,0.0034680946
120062.36,0.4735566,1.9348128,1.0132704
124831.13,-0.7305445,2.812728,0.13583787
126662.88,-0.4232506,1.7110786,-0.3586201
120767.52,-3.9012392,1.17282,-0.38174173
133888.02,-1.4445076,3.0324545,-0.079299115
121946.19,-0.38812155,2.6644008,-0.11520078
116841.28,-2.4498427,3.064391,-0.12489425
115921.28,-1.1436263,0.14575972,-0.022240896
115631.41,-0.49601772,2.2024486,-0.23859781
124217.516,-2.4585528,0.24228525,0.029050354
118433.125,-0.96663386,3.0571966,-0.60133666
126314.05,-2.5079541,0.5226686,0.53429824
119468.95,-1.6026862,2.9248796,-0.009282824
123994.64,0.8106061,0.2221328,-0.08705885
118879.945,-1.2188382,3.0110323,0.07009603
132880.6,-0.118132114,2.9938636,0.077147536
127474.64,-1.7519644,3.111316,0.036149457
117139.98,0.6306083,1.4631468,-0.3010267
120813.21,-2.0488608,2.7302556,-0.27056566
122036.65,-2.5240052,0.1946705,0.026914412
117428.484,-2.595697,3.0668468,-0.055708442
117589.69,-3.0263572,2.8875635,0.030538037
124831.33,-3.1528966,2.9454021,0.27590212
127031.79,-3.5628674,2.749844,0.20414287
118785.72,-1.3279014,2.617676,0.80585694
116742.39,-3.448698,2.4225876,-0.031850237
124127.38,-0.7561804,1.6060209,0.08622188
123450.99,-0.77097934,2.9577632,0.013211357
128402.9,-1.1190835,0.04065025,-0.0012953619
120999.13,-1.2638545,1.2906773,0.76175433
126237.32,-0.42887422,2.9895647,-0.10811791
117798.81,-1.9773653,0.29152566,-0.17396893
119657.445,-2.4936943,1.139749,-0.11024678
128200.65,-2.783295,2.8064294,-0.084554166
132929.69,-2.436669,2.158486,0.19351865
125535.125,-0.33557248,2.4386346,-0.08530903
130012.67,0.5757781,1.6966815,-2.375756
123978.85,-2.7762806,1.9423635,0.11245264
122294.836,-1.8384358,1.9004844,-0.12908268
123183.11,-3.499692,1.3128828,-0.3023365
134645.12,-3.1756876,1.6052854,0.046736885
115919.516,-1.840844,1.3823262,-0.078190975
124047.97,0.93965036,1.1380016,0.08948336
120878.766,1.9458926,1.1207687,-0.101414815
119414.24,-0.91310465,1.9844576,1.5592709
124158.984,-1.8518492,2.1930642,-0.6643713
122845.14,-3.2117074,2.3055642,-0.24177559
123114.61,-2.112132,3.0037196,0.014380158
118232.9,-2.7337117,0.078205585,-0.041067224
131141.8,-2.7775779,0.7303274,-0.032893043
119679.38,0.14776915,0.020971775,-0.025500506
115087.89,1.4600811,2.5999038,-0.13330063
131174.84,0.8737785,3.0776682,-0.014146337
124563.55,-3.0697823,3.0266564,-0.6584999
118686.266,-3.2163541,3.11122,-0.052852403
118139.08,1.31899,1.1218327,-0.2724593
129446.2,1.1713554,2.8910077,0.03079817
116782.78,-1.9724317,2.6486006,-0.5461481
132138.81,-2.102627,1.9993637,0.6360983
121336.38,-1.7592096,1.9234517,0.08207532
115466.695,-2.3151674,2.98307,-1.0675383
127112.336,1.0051296,2.4273696,0.30697268
117877.63,-0.87697554,2.3115273,-0.0249999
133303.3,-0.94705504,0.23696142,-0.09773787
126546.805,-0.88825077,2.6314204,0.4053315
131091.05,-0.287507,0.2108722,-0.072542846
123453.11,1.5027685,0.7511846,-0.29002178
123136.336,0.6467843,2.7328205,0.74718636
132110.25,2.1011932,1.2315195,0.70473987
117865.43,-3.918718,2.4309065,-0.112406604
120440.67,-0.72040707,1.1565138,-0.70693964
116163.93,-1.5282193,0.23339462,-0.032323856
129657.086,-2.4252753,0.06851363,0.0053834473
125417.46,-3.4007838,2.8987865,-0.4008362
122542.83,-1.6437637,2.029696,0.2932613
121125.6,-0.06520422,0.59825736,-0.16888458
122508.164,2.9567785,0.06456697,-0.06558247
122903.56,-1.6698745,2.502592,-1.2405134
115767.484,-0.2094621,2.641921,0.01599968
126677.02,-1.6607667,2.940009,-0.084493704
131104.28,-0.9331592,1.560641,-0.07288746
127678.77,-1.8578467,1.6794739,0.23283185
116172.766,-0.33342564,2.9210627,-0.02633506
127898.16,-2.8380911,0.9369558,-0.17522389
131646.39,-3.200254,2.2944477,0.28920972
116905.586,0.15675731,2.1403284,0.06439761
132186.8,-1.1121374,2.6799445,-0.030589689
119667.15,0.6378089,0.9921396,-0.10350783
122705.02,-3.5933497,2.81342,0.18025763
128146.26,-0.5240716,0.18911803,-0.06172665
116072.13,0.11417685,2.1022928,0.16267586
124355.164,-3.1529663,2.1036777,0.20349756
123422.016,-1.6601403,1.4722366,0.12010079
129371.83,-1.806796,0.3512026,0.8518922
120022.516,-2.7693534,0.11293113,-0.029501604
126465.61,1.9991668,0.9677614,-0.34891143
132179.0,-2.797878,1.820473,-0.28478083
128512.086,-2.819963,0.4892639,0.13520484
122053.52,-1.7668877,3.12573,0.6349003
131417.77,-2.13649,2.3330674,-0.1418087
116787.91,-1.6162037,3.0751143,0.10721391
131906.6,0.10811857,2.9251497,0.16536127
129430.41,-1.6180092,2.142304,-0.40247524
133153.45,-4.0723114,2.9426036,-0.03011817
124928.586,-3.093789,2.1938815,0.16889594
124923.766,-3.0942802,2.8630846,-0.17455912
123706.375,-3.6477118,1.527775,-0.12889957
119989.44,1.6354387,3.1135347,-0.02565807
128992.21,0.3425515,2.7590315,-0.04656803
119595.02,-2.004189,2.070141,0.443987
117654.12,-1.2932904,3.1348839,-0.022496719
118256.8,1.5442865,1.928314,-0.19974335
119308.64,-2.6492474,1.5712172,-0.03640026
123269.516,-0.52143735,2.663789,-0.26441187
115039.984,0.7985712,0.94932115,-0.76263064
117136.6,0.13811049,0.004222393,-0.058095142
121703.87,-1.4197611,2.0784833,0.12436683
130995.32,-0.17412369,2.1055973,-0.09019077
115210.3,-2.793341,2.3091326,-1.7433865
116278.08,-2.982855,0.37739897,-0.2029931
125677.21,-1.5939562,1.2134318,0.17076099
119020.664,-1.6050463,3.0688028,-0.01717348
118257.73,-1.6034435,2.449327,-0.05930498
116005.57,-1.5481443,3.0837836,-0.016792
130469.9,-1.6319886,2.276659,-0.17552255
124381.79,-0.52692175,2.793254,-0.0984395
128449.53,-3.2060778,0.9523718,0.16313802
115078.07,-3.5091116,1.7503568,0.04475046
129378.336,-2.2497737,1.0068305,0.107007906
117325.26,-1.899042,2.6467273,-0.32911992
130186.12,-0.31779778,0.5873573,-0.22208065
122792.33,-3.7894516,2.090496,0.5533709
131556.6,-2.0057194,2.759782,-0.15082973
133697.58,0.52133834,2.6697512,0.06302832
120187.26,-1.3650888,2.3663664,-0.04823936
121919.3,-2.8040442,0.73239744,0.20133665
126081.2,-3.3122365,1.1894035,-0.15581071
124947.79,-0.6595195,2.732779,-0.36765778
116583.43,-2.0993187,0.2727561,-0.03813623
126832.945,-1.8337498,3.0503683,0.0056451093
134808.61,-1.0900869,1.7933054,-0.044401422
124758.77,-3.4037209,2.2344732,0.32173917
126372.09,-1.611128,1.4229913,0.2266911
124095.48,-1.4975123,2.4676044,-0.03917962
115111.766,-1.428117,2.5830162,-1.587823
118586.29,-3.012919,2.762802,-0.02736065
121616.95,-1.3149374,1.5878738,-0.27111283
119186.61,-4.032545,0.6255485,-0.06720413
121492.914,0.05487779,3.0536072,0.12738073
127864.46,1.7528405,1.6141343,-0.23876266
120553.92,-1.6408148,1.2366536,0.25868207
134310.5,-2.657219,1.521031,0.37174207
118856.96,-3.7969067,1.6260084,-0.06955811
117793.13,-2.4988751,2.2401056,0.12854308
123903.945,-2.6161637,0.07084906,0.037220154
115766.484,1.6207211,3.0954127,0.13949676
128737.44,-3.1798902,2.0817056,0.38659698
134466.5,-2.655675,2.932134,-0.028903957
117247.47,-2.4881678,2.8799057,0.13627167
129240.98,-2.4031074,2.9009283,0.08702749
132271.53,-2.0088294,1.4414988,-0.002577628
121506.71,-1.9043376,2.8025331,0.32717717
117605.26,-1.5690138,3.0755029,-0.4420767
133942.28,-1.3010619,3.0393496,0.30864102
133408.56,-1.4162347,2.7776277,-0.097705044
117065.47,-1.1622009,2.7273083,0.043792132
116016.12,-2.123513,2.7032568,-0.14516486
132090.1,2.3242974,2.9848258,-0.020850487
118172.19,0.39189267,1.5181618,0.18122432
122517.49,-1.4013528,1.2610238,-0.37938547
115154.79,-3.472045,2.8453777,1.1627847
123916.84,-3.3437996,2.8114672,-0.07762841
131332.02,-2.4756868,2.802597,-0.36907074
117164.11,-2.1438937,2.6393242,0.018781146
134222.17,-1.869962,2.9610817,0.081341706
124910.52,1.1033283,0.74168193,0.16651362
123720.98,-3.3103254,0.17069936,0.1343927
122067.6,-1.2792777,1.0951623,-0.045528352
131052.016,-3.114802,0.61599797,0.11670028
124406.02,-3.0301614,2.9486468,-0.14215241
131734.44,0.3569342,0.14309782,0.5794478
130286.414,-0.7188844,1.085193,-0.16524823
119313.77,0.66925526,2.151449,0.29532033
115474.31,-2.8024595,2.7974894,-0.042231176
117843.72,-0.92286235,2.1049879,-0.080708325
123951.29,-1.3829017,2.9830294,0.05043399
117509.414,-2.7495403,3.1253052,1.3143923
117280.96,0.4097465,2.519116,-0.17745371
131157.34,-3.9449236,2.899638,0.036400773
121779.2,-2.0418248,2.6754816,0.19712953
118028.56,-1.3459375,2.9853897,0.07972836
118632.586,-1.4834403,2.8344936,-0.98905784
124400.49,-2.4547634,2.881757,0.30720016
133856.17,-0.31145695,2.8395758,-0.08194699
129843.07,-2.2323377,0.76823956,0.52721727
131762.89,-2.5765662,2.6130493,-0.037291184
115882.766,-3.4833767,3.0908792,-0.017596537
121729.3,1.0328658,0.87369394,-0.31838635
133981.44,-1.056057,2.0146928,0.4019329
126166.44,-0.3899266,0.07640195,0.07717566
115112.89,-2.8343751,0.5471812,-0.062212545
115742.29,-3.010016,2.0622373,-0.07290355
130928.56,-1.949038,2.9753222,0.0014419479
130202.164,-1.5951222,2.300385,-0.6895182
128319.8,-3.0155652,3.1136174,-0.100321785
123059.97,-2.256724,3.058235,-0.42944723
119927.32,-2.0054371,2.2013726,-0.4557654
120817.8,-2.48482,1.3376359,-0.2810919
130427.65,-2.0063279,0.14735144,0.0893997
121693.31,-1.9105649,1.4787478,-0.14268625
120790.89,-3.0991948,2.490787,-0.22430173
129783.1,1.5938288,2.8657966,0.0897267
118125.52,-3.1337042,1.5454974,-0.052476227
128195.66,0.73847425,0.7207167,0.060895264
115008.58,-3.5549946,3.0999882,0.06845537
121030.27,-2.0170686,2.7530055,0.1622994
130255.695,-0.8443259,2.4186244,-0.086323485
118271.22,-1.968416,1.8234773,0.4353913
128548.12,-1.0963994,1.6619855,-0.12551433
118907.35,-2.2662845,2.2907884,0.0031256282
133590.55,2.4643312,2.8904727,0.06688538
119698.75,-3.2694592,0.74025536,-0.11752916
119690.11,-0.10500391,0.037824392,-0.013545658
129875.04,-2.044122,2.8824716,0.09119981
130355.65,-1.1945255,1.5904714,-0.31895912
126390.28,-1.9963932,2.7637186,0.6197664
116415.51,-0.4839911,1.1496533,0.106594175
119396.875,-3.2723906,0.5865365,-0.18970378
115648.39,0.25472322,2.9700878,-0.6010383
126773.805,-0.98716027,2.9619634,0.0020433925
132355.94,-3.3901293,2.035788,-0.15269862
123120.86,-0.7537517,2.466798,0.07572238
127529.69,0.7754483,0.4124062,-0.76742357
115374.3,0.66422725,2.4709842,-0.124574244
130641.08,-1.0669355,1.462047,-0.4178191
119413.13,-1.5989758,2.0140839,0.016523387
124755.67,1.7700031,2.3872411,-0.19531365
130953.21,-3.7341821,2.1928263,-0.087534584
129447.766,1.2614896,1.510445,-0.3014343
115287.96,-3.0988224,1.4233562,0.09112153
132201.69,-3.4643192,2.9893937,-0.06354934
120874.51,-2.5690258,2.7490802,-0.11550715
128090.39,-2.6030781,2.2867212,0.4644877
134634.64,-3.3810077,2.484788,-0.30042416
124282.55,-1.9054954,2.5142415,-0.4656247
131427.39,-0.48317528,2.9320695,0.13409728
117333.63,-2.1928246,2.2961679,-0.29117516
127738.77,-3.0669122,2.1688056,-0.11172447
122488.96,-3.483327,0.32325864,-0.060667325
117450.55,1.6160927,2.0526266,0.53545994
118429.9,0.56244326,2.888738,0.12411965
124513.7,-0.51425683,1.4395655,-1.2941374
127170.35,-2.0070016,2.4771805,-0.010876706
122544.914,-3.3964467,0.26285017,0.030930616
122292.88,1.1583743,2.5436666,0.07921922
133901.22,-0.28724498,2.3682318,-0.2764607
125233.94,-0.5992621,0.41747195,0.032210816
127493.74,3.4361627,2.354785,0.15406026
125502.24,-3.2812173,0.7814456,0.27999845
127060.484,-0.7715514,0.43482673,-0.31993437
127013.66,-1.11426,2.4026365,0.17713627
119372.62,-2.7077332,2.421751,-0.06341322
120084.516,0.33002,1.3551234,0.27230856
119771.62,-2.6371174,0.13671756,0.003474935
129701.97,-2.182928,2.9528575,0.16678356
134424.28,0.33332798,1.5996552,-0.46558282
117362.19,-2.712377,2.3107405,-0.029484168
129751.664,-1.0358229,0.6590065,0.2378803
129443.73,-1.4395266,2.0663674,0.24270095
118233.69,-1.1557528,2.7721057,-0.16184552
132301.69,-1.5915114,2.7518444,0.21895806
126330.234,4.070808,1.7949265,-0.23059401
122030.516,-3.9469976,3.0235784,0.028912332
132097.98,-1.3939223,0.30162525,-0.09338215
119688.4,-0.62984276,2.76658,0.539757
132616.17,-3.6681962,2.6564496,-0.31148127
121407.805,-1.3943154,1.0185604,0.22981372
128841.82,-1.9114827,2.2721584,0.16613865
117370.78,-3.1390676,2.6866546,-0.2832115
115079.766,2.7466717,2.4674437,0.1948165
122693.984,-1.1512127,3.0109518,-0.08924943
117021.58,-0.31223366,2.5943499,0.022364868
122015.32,-0.052020937,2.4445434,0.11935543
123670.7,-2.8001359,3.0605285,-0.10135088
127630.09,-4.0210657,2.5469832,-0.027447795
133548.42,-2.4070704,1.34929,0.12255228
128986.33,-2.2608294,1.1595018,-0.21726827
118521.26,-2.1371987,2.4776406,-1.4264003
120183.37,-2.068121,2.2365243,-0.3821681
133844.34,-2.0132117,2.925862,-1.2186754
121090.055,-3.0093293,2.8495774,0.11132887
115053.586,-2.2410965,2.6701915,0.21429645
117749.38,0.27628696,2.911984,0.05523406
128743.914,2.6403744,1.438336,-1.8040239
130025.02,-1.5692782,3.0864062,0.09048401
120983.984,-1.2915998,3.1355581,-0.030740533
132542.77,-1.5183882,3.024192,-0.06923716
122343.12,-3.2667866,1.5823736,-0.22185752
118806.2,-2.1023886,3.0054448,0.1465386
116026.234,-1.427605,0.1782285,-0.008194868
126784.45,-1.6947188,0.29394698,-0.038687292
119270.734,1.4592708,2.6364307,0.040221535
125655.875,-2.8757749,2.9311764,-0.002655679
116320.63,-2.8940146,2.4793248,0.033298284
123692.94,0.14561278,3.0787754,-0.08375409
118063.63,-1.907497,2.715216,-0.16761331
115911.98,-2.185688,0.08401048,0.12643403
127333.29,-1.0515472,0.20716095,-0.41347075
121292.42,-1.2692376,2.8647587,0.031057002
117806.336,-3.1509764,2.719305,0.4317047
123077.4,-3.2734337,0.39177454,-0.113394774
118872.3,0.10641454,0.8397443,0.10248203
117306.82,-2.0578904,2.844564,0.08735645
115828.266,-1.8169628,2.5466325,0.03601761
119540.75,-1.8681674,2.5075178,-0.1650306
126901.63,1.8398726,0.2741394,0.034282777
117483.52,2.006974,2.4748185,0.14271982
133753.36,-0.6167692,2.8000648,0.04876157
117142.914,-2.940748,2.6588497,0.10156472
127288.72,-0.51001775,3.0972137,-0.028179668
116004.484,-3.1206098,2.5794184,-0.07678806
124503.18,-0.22911082,1.6974425,-0.2426255
116860.65,-1.438124,2.2436223,-0.16988567
117897.77,-0.0067532486,1.2234663,-0.029315375
129539.516,-2.0453975,2.4769578,-0.07592214
118036.06,-1.8923526,2.5735517,0.0977938
130333.56,-2.805394,0.9112147,0.08204443
124282.72,-2.5114648,2.7915673,-0.4217752
128162.516,0.9077795,0.6597164,-0.09325578
123656.08,-2.6629486,2.8157732,-0.20200355
132004.23,0.67578447,1.2380657,-0.26927134
118332.06,0.24195722,1.7498455,0.39090052
120731.7,-0.62220603,3.0386238,-0.14730203
132866.6,-1.2052917,2.772925,-0.16235632
125201.54,-2.0478678,2.160699,-0.62653065
131947.53,-2.0166879,2.295991,0.21081035
118476.445,-3.3786802,2.9022346,-0.08670051
120662.7,-0.5657712,2.585804,0.09269604
118421.164,-3.7577662,2.990963,-0.6451166
115932.12,-1.738487,2.8298924,-0.06397917
126649.44,-2.7450802,0.12460041,0.0033940892
125273.87,-3.855668,0.18668795,0.06858183
123449.234,-1.7784568,2.714913,0.039466728
129466.484,-2.8768194,1.5736738,-0.030925835
133641.95,-2.4866614,0.31937766,-0.11152268
133284.66,-1.528311,3.0930889,-0.019458089
117717.06,-0.5821341,1.4619713,0.5457351
126655.21,-1.0941846,2.6798005,0.047332942
122092.91,-0.72493327,1.9347967,-0.2304487
126934.94,-1.2129537,1.7576116,0.213044
122847.7,0.17288692,2.0418777,-0.33801976
128081.984,2.8533313,1.4634836,-0.3184112
120450.34,-0.0074465876,1.7499702,-0.1345484
117862.24,0.13265936,1.2147417,-0.1744329
128956.8,-1.7400159,2.6380184,-0.38999754
118501.92,-1.5547982,0.13996935,-0.014479464
118653.77,-3.939294,1.3543404,-0.46670115
124003.0,-3.3323035,2.6218219,-0.19413292
129014.92,-0.43789074,3.0480943,-0.02754943
118441.445,0.22246717,0.45512718,-0.20404848
124520.76,-2.6633542,0.3976438,0.32927006
126049.05,-3.0490775,2.3868387,0.06413337
129265.06,0.21653521,0.6617651,-0.17613687
132640.11,1.5269697,0.27882358,-0.6025225
125283.15,0.9138771,1.1170983,-0.26686212
122468.18,-2.374261,0.62678796,-0.42083547
126085.31,-2.269158,2.6047173,-0.23475683
119778.516,-2.9474483,0.5090313,-0.13222991
122073.625,-0.9309662,3.1283472,0.11425014
132400.02,2.3733983,1.4276541,-0.47031254
131223.55,-2.207695,2.501572,0.14234433
125509.03,-0.9931614,2.937141,-0.009513868
118612.22,-1.4851623,0.34330034,-0.065595195
117888.875,-2.7226188,0.71638286,-0.15862979
128226.36,0.9921133,0.83776367,-0.09004943
131860.56,-1.9860344,3.029286,0.22470446
121788.875,-1.5675933,1.9848154,-0.54581285
122007.1,-1.2492878,2.8960514,0.050701987
123591.14,1.3250147,2.844629,-0.21048605
128983.47,-1.1985773,3.0694342,-0.024468293
119476.36,-0.053405855,0.95587707,0.08238237
131696.66,-4.10284,2.5351398,-0.60748696
125698.6,-3.2318985,3.0367253,-0.008604924
129605.14,-2.2737749,1.9513215,0.02183058
133718.6,0.5587939,2.4317498,-0.11523146
130668.11,-1.2679502,1.2304033,-0.31793383
130448.16,-0.3477145,2.708875,-0.1468637
124435.62,-0.79173976,0.20215237,0.19388889
128057.79,-4.583656,2.8813093,0.022253938
118044.42,-2.1694937,0.75526166,-0.32362604
115546.74,0.47488117,1.1170758,-0.078108706
131007.984,-4.131565,0.040562004,-0.0015252357
131462.28,-2.7028444,1.1547052,-0.20237692
116234.74,0.97493494,1.2672352,-0.4375846
115578.84,1.4823476,1.2831386,-0.6450131
127198.37,-2.820629,1.1433477,-0.09496068
118908.14,0.06830556,1.2871615,0.09267981
128922.91,-3.0100865,3.070197,0.3283898
118921.08,0.15309346,0.80491877,-0.09872564
126776.79,-3.2939787,1.9817169,-0.24243815
129455.59,-1.8136076,2.5052128,0.17792682
124734.53,-2.3686416,2.7031662,-0.1172648
120014.49,-3.4118726,2.0968664,-0.1170749
120102.32,-4.0796027,2.0807967,-0.1150281
126126.59,-2.3985116,2.37051,0.619642
117753.625,-1.8510716,2.9854195,-0.28102952
115014.11,0.03337659,2.4831383,0.004282347
121396.266,-0.12139995,2.956148,-0.32198867
118609.99,0.5328844,2.593212,0.27201387
119578.266,-4.3346076,1.9601874,0.40690306
115127.45,-2.5166755,2.1165655,0.029721243
116163.76,1.3153658,2.300716,-0.36680663
128262.1,-2.4080594,0.14027011,0.2158154
121074.58,1.4797581,2.2742138,-0.56639993
133960.33,-3.119976,1.2933846,-0.0208416
133153.52,-0.79662484,2.8120964,0.21571451
124789.61,-0.82114816,2.3073523,0.1612543
131913.14,-2.2506547,1.1671255,-0.18501885
120734.625,-3.2287786,2.0406225,0.40902796
129463.01,-1.7152112,2.1564026,0.33603254
120604.47,2.1763296,3.0880945,0.007935604
115704.29,-1.8376178,2.879857,0.46381384
122455.016,-3.2055564,2.1943302,-0.21523546
128654.586,-3.1849809,1.4824387,0.70762134
121533.27,-2.6206899,2.6462483,-0.20788927
116455.22,1.7835891,0.85144746,0.17589736
128986.266,-1.990902,2.3027766,-0.18932113
133831.16,-2.2148054,1.6448407,0.6187706
125980.76,0.8149453,2.7012453,-1.1723708
126370.4,-1.1734453,2.5515504,0.31583053
132062.53,-3.0092187,1.2676736,0.115177475
132345.95,-2.7395484,1.511976,-0.12974383
128982.2,-2.037406,3.0853791,-0.31064194
125875.586,-3.3469048,1.7776152,-0.13547897
130449.13,-1.7237358,1.2228913,1.2627243
116711.69,-3.0653908,2.4814312,0.029870614
120171.58,-2.0261142,3.0796173,-0.046698682
125041.76,-1.6901674,0.46497953,-0.003657765
126047.65,-0.45208386,0.5970895,-0.11137386
118294.07,-3.3554423,2.4413946,0.20083314
119654.03,2.0532525,2.8723614,-0.6639938
120214.84,-3.0023353,1.0832403,0.15013117
119602.51,-1.507273,0.6811605,0.112421475
127872.97,-3.1828125,1.4567086,0.11482669
119439.33,-3.510141,1.0934471,-0.17127809
117576.56,-0.8490112,3.1047316,-0.02644819
131081.34,-2.1769524,2.3690076,0.08290866
124379.6,-0.51800215,2.8928409,0.0075144907
120820.43,-1.8123432,1.0061126,-0.964188
116942.305,-2.6116521,3.044149,0.09097433
116751.875,-2.007852,2.5563965,0.06223757
115204.33,-2.9342697,1.7230059,-0.56945527
118634.38,-1.4150474,0.96102595,1.1795417
131769.72,0.88874954,2.8759608,-0.1790841
120117.48,-1.0770509,1.5890535,-0.8720413
118340.914,1.2877766,2.432471,-0.19836353
122601.67,-0.95894516,2.6590135,-0.036832634
121852.19,1.5877975,0.17679548,0.03262862
118623.57,-2.5030775,2.9511256,0.07879752
130621.875,-1.0644444,0.6122308,-0.05113642
126628.35,-3.04529,1.6428074,0.2735484
130212.35,-2.8436506,2.868814,0.023088785
127100.65,-3.0748901,0.5542028,-0.09215426
131342.02,-2.7486234,3.1344388,-0.21857394
125568.73,-3.1690242,3.0115075,0.22764684
134993.81,-1.0130293,3.1034918,-0.054598127
128459.92,-3.1224174,2.3779922,0.0058839894
133116.55,-4.1808515,1.6610212,-0.17965814
127620.76,0.6927023,3.0202582,0.052758522
116319.34,-0.9069925,0.28533375,0.23179571
119501.55,-2.7172112,3.033924,0.19651352
120478.52,-2.8904662,2.9902036,0.20536579
129401.04,-1.958427,2.982216,-0.3482963
119380.414,0.94413424,0.15974218,0.010890863
134344.19,-0.8585424,3.1306388,0.008726081
130488.43,1.2920697,3.0917566,-0.15002602
133080.19,-2.8265605,1.5149131,0.036352076
130309.02,-0.5511611,1.5015746,-0.16654928
130580.05,-1.5238678,2.5460587,0.18592326
125721.26,0.4335507,1.9934683,-0.20329794
118159.85,0.13425736,2.6347883,0.26814705
122512.74,-1.7781458,2.4462852,-0.11819998
121970.15,-0.80786073,1.2412305,1.0789791
121266.32,4.581717,0.006089449,-0.0006621444
124606.414,-2.132142,2.9225447,0.28068602
133408.12,-1.6705399,2.781931,0.23951149
132541.7,-1.5219718,2.1633382,-0.11306447
125154.87,-3.194783,2.6452427,0.014996479
124673.305,1.7311469,1.134111,0.17782117
115015.84,-2.1939807,2.974867,-0.1810637
125105.02,-2.8518689,2.119058,0.08424997
119128.195,-1.8991451,1.8524998,0.27998272
134796.98,-1.3641123,2.7064168,-0.02199194
129360.18,-3.1681736,2.9773462,-0.01806655
134193.44,-3.5754852,2.7951941,-0.17698625
117338.62,-3.6348093,2.8322163,0.03942258
128584.23,-2.9690423,2.9905546,0.20740001
128775.586,-0.977619,1.1920336,-0.08750606
115118.23,3.16855,2.2178614,-0.622944
117633.92,-1.3660986,2.9947433,-0.017108291
118771.85,-3.5358756,0.68452096,0.5967139
125287.234,-2.4120533,2.5467546,-0.5589984
118189.086,2.3257594,1.8848854,-0.42921168
131353.69,-4.0439043,0.8997016,0.1744601
126774.08,-3.1636531,1.4240983,-0.63612795
117359.83,-2.6682107,2.468915,-0.12982897
132126.98,-2.0621264,2.8212466,0.033235542
127523.555,-2.4611692,2.9415982,-0.1030851
134474.97,-2.5159235,1.4317337,0.7396146
124355.16,-1.329816,2.9708052,-0.034183506
122733.95,-1.2569852,0.54438436,0.14341982
128889.2,-2.7738407,2.8088346,-0.076074995
115313.74,-1.6731443,0.5851367,-0.053526655
130172.734,-2.6086793,2.813798,0.033885162
133746.61,-2.3022788,2.9822626,-0.03287193
127823.83,-2.6164827,0.73541665,-0.17003569
125744.6,-3.734063,2.8425329,-0.0043674656
118083.7,-3.7315068,2.4906642,0.009295393
116487.11,-2.874315,2.7434843,-0.09148022
118285.58,3.7565205,1.1516134,0.2116596
129475.72,-0.64928627,2.496715,-0.5591367
115678.42,0.5820451,0.5475593,0.10496788
133643.36,-1.573022,2.693591,0.2779948
129678.61,-1.841335,2.0422456,-0.09708727
126402.87,-1.8903934,3.0188508,0.035394885
119848.88,-0.8276366,0.24977267,-0.06281932
134045.62,-0.2600348,0.6122442,-0.06578324
118385.336,-2.4780016,1.1828585,0.058328178
116639.016,3.8332283,1.9942971,-0.1872595
126247.84,-3.4561732,2.016874,0.12304659
117535.24,-3.77303,2.8055232,-0.05608166
125233.49,-2.7547069,1.1700231,-0.012057129
123492.78,-1.0895714,2.4971426,0.2070038
116245.03,-2.0363483,2.911459,-0.05567278
131343.56,-2.8225245,3.0414188,0.034784067
120103.125,-1.0352337,1.3073181,-0.91003555
116712.15,-3.2070937,2.966588,-0.0130851045
126240.49,-0.7753072,0.7442919,0.3751755
115442.57,0.03172996,3.1247697,-0.039161023
133635.6,-3.4410954,1.6804343,-0.1910411
116736.58,-3.0034611,2.182916,0.031584285
116708.39,-3.5141578,2.7576995,-0.07914069
121758.39,-2.5881562,1.3961424,-0.18662369
130436.04,-2.2627838,2.9583526,-0.058349356
131545.9,-1.6962459,0.70365095,0.14180143
125248.6,-1.1212181,2.7337813,0.07802155
121792.89,-3.607029,2.660426,-0.5207139
115878.91,-2.9543748,1.9194626,1.3512638
115709.05,-1.7152967,3.0880084,0.0052468264
132258.36,-3.3077192,2.702344,0.15556145
132848.45,-2.1149044,2.7438827,0.96899426
125316.914,-0.7291439,1.7205651,0.19729844
119402.01,-2.6483214,0.13739991,-0.09977756
126238.94,-4.0267277,2.9461918,0.017091319
131852.05,-2.209441,1.6375628,0.9338871
125274.03,0.4823232,0.12832022,-0.06061213
128389.42,-0.050638687,0.9386326,0.16597827
118387.34,-2.1623056,1.909498,0.13476354
131793.4,-1.412761,2.9222105,0.028005023
124494.234,-3.7803972,2.9573808,-0.08419876
130278.89,-1.2054693,2.9183824,0.21491142
132284.45,-2.318427,0.9635563,-0.76375794
118406.93,0.6815692,2.982926,-0.12088142
122300.336,-1.2900951,2.9764438,0.174336
116165.55,-0.8218452,1.0488139,-0.426535
134171.5,-2.1447852,2.4224913,-0.06888495
116133.5,-1.6210815,0.23277485,0.03536522
116660.98,1.2378254,2.221794,-0.17836602
119371.11,-2.8047764,0.09404147,0.04164697
121470.79,1.6504824,2.3060386,0.3774329
134521.84,-0.7060091,2.2747474,-0.16519283
116187.8,-2.7474554,0.27833688,-0.04006716
122849.984,-1.5884335,3.110742,-0.06218589
128778.086,-1.0175728,2.2877727,-1.0343701
122296.555,0.34943345,2.4321427,-0.18289064
131027.15,-2.7700326,2.7014022,-0.49378622
133031.98,-4.4459558,0.25145936,-0.0034799178
130683.3,2.9803715,1.4660866,-0.20573357
119452.75,-2.993274,1.6061242,-0.17111148
124972.1,-1.2542021,1.9966422,1.367067
119268.484,-3.24405,0.1581164,-0.0589489
115425.055,-1.0269395,1.4707913,-0.07111302
117214.98,-1.0758659,2.9687462,-0.037690725
121131.195,2.3672535,2.636606,0.47713724
120273.36,-3.2715647,1.4744537,0.16945592
115375.75,-2.9422364,3.1131349,-0.87339145
124074.1,1.0413717,2.1633437,-0.19798931
128541.055,-2.0789623,2.4224315,0.030786285
133573.97,-0.33212194,1.5734106,-0.17506804
133480.92,-1.3273998,2.566178,-0.15569232
127975.33,3.5900147,2.4748406,-0.33292523
134537.61,-3.5134788,2.137949,-0.051283598
128562.375,-0.87783355,2.7605546,0.001123066
131296.7,-3.257145,2.473941,0.051437322
119573.85,-1.6768322,2.8199277,-0.179778
122926.25,1.0531509,2.6181092,0.1959538
120178.77,2.9783459,1.7958367,0.12025857
118112.27,-1.2195619,2.9537592,-0.029352723
125080.43,-2.3571455,2.908826,0.099669926
126532.78,1.1336994,2.5583534,0.03909144
122943.7,-0.9640158,2.4033267,-0.04514585
121124.8,-3.5799022,2.2460463,-0.018795721
124192.51,-0.8268545,1.6587746,-0.15755476
126278.04,-1.438792,0.548966,-0.12321793
117813.695,-0.35320815,2.3690515,0.13244693
133306.9,-2.3648357,2.766395,0.33329174
126735.96,-1.3681303,1.2825155,-0.75168425
116365.59,-3.527869,0.74924123,-0.110274225
132528.53,-2.0766468,1.8730384,0.49068215
131628.81,-1.8462619,0.5133832,0.058068443
125979.06,-2.8746603,1.9394747,-0.09026055
120743.914,-0.7814223,0.9997374,-0.6036874
134190.95,-1.672295,2.172175,-1.1387928
130121.87,-1.32062,2.7176123,0.3441733
121880.85,-0.80364585,2.1629498,0.043259796
119029.95,-2.2826169,2.3045573,0.37703574
131749.84,-1.6630905,2.7895312,0.24820448
133027.83,-3.2124598,2.5532286,-0.29075617
124816.26,-1.5700817,2.1563158,-0.08254373
122725.98,-2.9265058,2.556454,0.5620076
117821.836,-1.0650603,1.5706058,-0.11658741
124351.75,-1.1479007,0.53985375,0.16886878
120682.65,-3.6266143,2.1904483,0.03232931
133471.97,-1.4260979,1.8862778,-0.08964734
131242.62,-2.3287053,1.2391713,-0.09580018
117952.74,-1.7031996,2.2725284,1.0945456
127012.266,1.5122969,2.723623,0.13616684
128742.07,0.60354257,0.9329117,0.086958
126965.16,-2.6527226,2.6618643,0.5985283
134559.1,-0.49521384,2.757193,-0.08930524
125750.12,-2.9809134,1.4024003,0.3280846
132767.1,-0.41601196,2.8967512,-0.09496856
128809.13,-3.1248357,0.30594736,-0.021125603
115532.19,-3.4518077,2.6026592,0.0622616
131252.97,-2.126652,3.0646582,-0.049081914
115252.14,-3.725078,3.0544353,0.0465969
116484.664,-3.4665842,2.5472972,0.25069624
121333.41,1.2015542,1.2796323,-0.21587984
122027.2,-1.6703292,1.9879634,-0.31513804
129189.516,-1.9358091,1.4000958,-0.10456336
124863.91,-0.52958447,3.0585637,-0.043745026
121837.06,-1.212452,1.5768387,-0.2286105
130583.81,-0.72736186,1.5635581,0.09086178
115299.47,1.8539897,2.2464864,0.20579545
131183.64,-1.0239099,0.4586416,1.6871293
131613.05,1.3611445,2.8649328,-0.090303354
127767.766,-3.326514,2.7403958,0.06108731
115467.15,-3.2848325,0.84899414,0.052462496
122569.25,-0.6730967,2.9446146,0.03316774
124603.445,-2.503824,2.2794921,-0.39079928
117409.87,-2.3289175,2.945466,-0.25123656
126834.64,-3.3560402,1.2995328,0.051738072
116000.266,1.2568889,1.1661813,-0.076790094
124203.016,-3.296237,2.9993033,0.051471926
122962.96,-2.941314,2.8956392,0.010076385
115893.94,-2.0177693,2.6788635,0.28762826
129584.72,-2.575158,2.603268,-0.10188687
119872.8,-0.07934983,2.6945474,0.41762176
128625.336,-1.6301548,2.8428874,-0.07783244
117688.836,-0.073440395,2.9253817,0.064484574
130611.945,-3.2085607,1.0395803,-0.35184056
119669.74,-4.1224313,1.5532601,-0.08244137
119830.24,-1.681088,0.15351057,-0.018281044
117076.305,-2.8537161,0.21090065,-0.0077787056
128553.95,2.9630902,2.165214,0.08566418
118250.36,-3.3682168,2.5857701,-0.8231376
117212.31,0.9749006,3.0122244,-0.1012256
120020.586,0.4373863,1.4633112,0.29128268
122041.87,-1.9397947,2.8989246,0.018775888
118108.65,-2.0926788,2.2647948,-0.12775373
116188.69,-1.994114,3.0487196,-0.013944162
133003.98,-2.6327283,0.29249358,0.104873575
130480.22,-3.0233428,1.3643949,0.10565796
116439.914,-3.7968817,2.8628812,0.20432508
129921.32,-3.4349937,2.891027,0.36760527
134345.27,-0.7225984,3.0449915,-0.016055917
115612.45,-2.7927494,1.4726377,-0.23384592
132398.4,2.3118877,1.9024222,-0.30237347
124657.9,-2.0144765,2.3416226,0.050803483
129700.8,0.61407673,0.22468793,0.036228374
130391.46,-1.119961,2.8191254,-0.11914382
127200.79,-1.0896724,0.49707848,0.3931129
125596.08,-1.8433169,2.9169884,-0.03543465
118264.35,-0.2533442,1.8235099,0.58646965
126731.56,-0.38477153,2.1620145,0.34306067
131066.9,0.07596132,2.7871776,0.18397975
116203.45,-1.2320949,1.8641945,-3.3163953
118456.91,-0.87457424,3.0900671,0.04055594
124527.97,-3.647923,2.3886824,-0.04427255
128116.59,-1.9967241,1.7506173,0.2592615
126421.086,-2.745879,2.5558324,-0.2847691
125008.62,-2.2128005,0.3485502,-0.13298747
125144.15,1.0352197,2.388719,-0.26474726
115560.8,-1.8530447,3.0941067,-0.0032871175
117329.68,-2.6556313,2.4077926,-0.2619579
132468.08,1.2474653,0.56073534,0.33383915
123625.06,-1.9318402,2.906467,-0.089015484
117958.04,-0.2599608,3.0512397,0.03467359
127415.44,0.8067501,2.039506,1.23665
121287.6,2.7421186,2.9152608,-0.01240329
132906.94,0.086483575,0.17585745,0.27204296
131294.27,-1.9752862,2.528297,0.22026488
118474.75,-2.2062771,2.8455658,0.013373007
117409.375,-3.9274077,2.2307477,0.10118037
124039.99,1.7975677,2.641641,-0.10387147
127333.914,-3.8673534,0.99107236,-0.03892778
117582.875,-2.6392014,3.0092254,0.06195092
120277.15,-1.2107639,2.3457336,-0.5042779
134233.78,-0.47334287,2.5560741,0.27778703
129962.76,-0.49540046,3.1381724,0.008154753
117243.17,-1.1322299,2.9848645,-0.004196769
121153.31,-2.1718254,1.0463572,0.22878835
129604.875,-1.0108109,3.1315246,0.04042732
121720.555,-1.79485,1.0433517,0.061205357
115965.24,-2.436288,2.8031313,-0.96243083
115821.27,-1.0680174,2.8454297,-0.08085563
116667.59,-2.756198,2.050168,0.019777276
122964.19,1.5778886,0.13813633,0.056924865
116577.47,-2.1125987,3.0559535,-0.0024353373
121210.76,-3.7825987,0.3860929,-0.119990855
121932.016,-0.56121993,2.8305545,-0.036938038
134258.8,-1.4660386,2.4526227,-0.8572563
132612.6,-3.3376074,3.0305624,0.040689968
118852.625,-3.407992,1.7433519,0.07813685
125038.25,-1.3633214,1.6959043,0.2389993
127019.37,-1.1433913,2.9149044,0.07796183
117382.04,-3.0872266,1.1055448,0.18051597
131667.53,-2.3745801,2.8952203,-0.19007155
122827.45,1.9141681,0.98183095,-0.29321158
127174.75,0.9404589,2.9458892,0.08323076
115978.74,-2.604884,2.8232467,-0.34306267
125470.39,0.7463022,0.7516272,0.14501065
123404.57,-3.0901282,3.031797,0.07475961
131983.67,-2.16214,1.9869323,2.208874
131380.02,-4.19628,0.71445787,-0.41557503
128576.48,-3.6906393,2.9201207,-0.024015594
118147.46,-2.1400998,2.8963022,0.050541334
121193.96,0.0842713,3.057091,-0.052955445
119095.45,-2.3442152,0.54891986,-0.26882008
124252.875,-0.9540927,1.374286,-0.070896976
134309.3,3.2976465,0.28430128,-0.6862976
129132.16,-3.2335575,0.56615865,-0.016873948
120055.65,-2.3848226,2.8051977,-0.02398716
117020.74,-3.677156,2.1569085,-0.13315134
127432.07,0.4484321,2.8025205,0.19021048
127403.51,0.034716472,2.9185758,0.039341126
118898.484,1.6670498,3.0678606,0.023216058
121696.164,-1.5068259,1.538192,-0.16569236
117000.04,-1.8541493,2.537696,0.18805495
119017.63,-3.1219387,1.0067251,-0.05049927
123357.77,-0.5729878,3.117442,0.07490012
126638.73,-2.6449232,3.0747511,-0.11742802
115164.57,-0.4497328,0.74331886,-0.15514775
115928.64,-1.6033756,2.4988315,0.21764028
123341.82,0.57734734,1.7464861,-0.4925077
130361.0,-2.832084,2.2492163,0.4664906
133012.56,-1.7530832,2.523203,0.11908007
129025.66,-2.5830543,1.506468,-0.6520139
123987.46,-3.2905152,0.31492734,-0.03427556
119319.63,-3.072659,2.699268,-0.4433701
118712.4,-1.8749601,2.8095903,-0.3409075
118039.72,-1.7263757,2.6034455,-0.0029163433
118669.54,2.374623,2.577462,-0.46770358
124336.266,-3.1042626,3.1254206,0.2538009
129441.18,-3.1362352,3.119254,-0.055821367
115480.91,-3.2117252,2.8858964,0.034979302
126762.62,-2.7382305,0.0776046,-0.014018644
115246.98,-0.32365233,2.9909892,-0.038311087
115774.125,-2.867909,0.3584993,-0.039788544
117498.61,0.01828048,1.8861104,0.18010165
128460.945,-3.4775994,1.0381718,0.36255106
132592.19,-2.4342752,2.8116326,0.019595241
129352.26,1.128349,0.96816933,0.23572369
126517.695,0.5101603,1.9056675,0.095297255
120939.516,-2.0036743,2.9313831,0.057910107
120671.47,-0.116894804,2.5864353,0.54958534
123837.48,-0.75002784,2.284935,-0.11599905
128018.305,-2.2113853,1.3615351,-0.0132574495
125066.63,-3.3260481,2.2079322,-0.41516596
120482.516,-1.1503042,3.017717,0.041612655
123495.19,2.7070844,2.9675496,0.37552604
125817.54,-0.26671383,2.6232677,0.122141436
132567.25,-2.6369727,2.3602195,0.010618134
130269.32,-3.3978505,3.0665739,-0.099799685
116229.98,-2.178107,2.3303058,0.26388645
131973.81,-0.20411325,1.2461256,-0.13449176
118008.18,-1.6585553,2.8120954,0.1861434
119016.67,-2.128821,2.763157,0.075957626
115115.17,-0.20537658,2.970713,-0.17355604
133582.56,-0.028638776,2.3105645,-0.50439256
123327.88,0.5066424,2.1547258,0.03784118
133261.34,-3.4637299,1.6617736,-0.117999084
115887.31,-2.838443,2.4676106,-0.21940346
115740.73,-1.8234298,1.0639086,-0.08745495
117527.05,-1.7521243,0.08656216,0.03295108
116725.41,-1.3291581,2.9214237,-0.08838324
128083.41,-1.9634316,2.9300487,0.030668613
129961.9,-3.297091,2.1949496,0.13016735
115392.8,-3.0966904,2.656096,0.36483544
116513.28,-0.60008204,2.1635678,0.57174087
115975.35,-2.7641497,2.875672,0.10630953
117790.83,-1.9614725,2.3057063,0.2678328
126856.68,-3.032232,2.321736,-0.19341205
125497.195,-0.20044453,2.7856078,-0.0053116083
133777.23,-2.2279134,2.0503714,0.05703538
116854.86,-1.2177452,0.90964246,-0.05990099
117049.516,-1.5418739,1.9732548,0.6852526
115536.875,2.1916876,2.990647,0.01785146
120284.766,-1.0176752,3.1116862,-0.17461953
126270.09,-0.41365024,3.0651813,0.19765784
118243.53,-1.6761897,0.7026926,0.14765799
118169.39,-1.7499273,0.8788956,-0.058262162
118445.875,0.037237544,1.778356,0.3352397
133916.27,-2.3050022,3.0028791,0.35944727
126363.71,-1.9192965,1.5399854,-0.0806867
130042.98,2.2476482,2.995225,0.022791173
122709.65,-0.9530484,2.6346447,0.012458178
120818.5,-1.5815247,2.411404,1.8685696
121554.97,-2.4869716,0.6074966,-0.058872905
116958.16,-3.0212238,0.6537213,0.24549057
115051.375,-0.9461686,2.8034892,0.1141538
118477.984,-2.4435382,0.3358569,0.1498641
117928.88,0.21726051,2.6544793,-0.051429972
129547.305,0.14669241,2.2306828,-0.05319396
127329.484,-1.9055728,0.8613428,-0.2401993
128182.82,-3.0219865,1.8984187,0.13704498
134144.36,-2.3935065,2.1820838,0.66378075
131387.31,-2.3975704,2.1457727,-0.8558355
125987.07,-0.32088822,2.1090076,-0.27145293
124998.24,0.25841373,3.0624623,-0.06552599
117695.67,-3.017616,0.038807392,-0.081834465
127411.766,-1.9029652,2.3200831,0.086977564
117194.2,1.0648425,1.6148717,-1.0373763
130552.29,-2.180979,2.4755123,-0.18996264
121374.016,-2.8789144,1.4522744,0.032459173
118272.98,-1.07669,2.6662707,-0.42316544
125658.53,1.1156296,2.5824354,-0.108967334
124029.61,-4.401361,1.571955,0.010061924
120916.49,-2.304192,0.086955845,0.008372504
115485.99,-2.4361782,3.066559,0.035255346
129492.77,-3.4176452,2.636353,-0.08248931
117108.17,-3.024758,2.674437,-0.07208587
130721.42,-0.57187504,1.9280033,0.10190831
115753.72,-2.7689145,2.8925939,0.013613252
128848.29,-2.1087527,2.4097016,0.075643495
124975.23,0.6503805,2.6131587,-0.21211539
121916.125,-1.9061679,0.1743722,0.19798419
119197.45,-1.3655667,1.4193652,-1.6143515
127167.414,2.014514,1.399741,-0.2650382
121163.48,-0.2520276,2.2794836,0.41508213
119416.52,-3.3326142,0.25099304,-0.054171853
116499.61,-1.1734602,0.67901635,-0.008727098
128620.16,-0.31645933,2.9497833,-0.3626482
115520.05,-2.6711218,2.9442062,0.12721212
133907.3,-0.26106757,3.081381,-0.4808827
121666.52,-2.304569,2.6524017,0.11545872
129085.08,-1.3264629,1.2713741,0.32200223
129738.86,-0.50078046,2.8955817,-0.05130743
124741.25,-3.2345428,2.1134994,-0.6429906
120605.625,-2.3108196,3.1103828,-0.021802204
132509.28,-1.5617998,2.7445984,0.23197742
124183.13,-2.9718587,2.879264,0.04775103
125640.336,-2.3580756,0.048827708,-0.017713938
120176.85,-1.399525,3.0000873,-0.033811476
127777.93,-3.02422,0.5497621,0.20336261
117033.48,1.2334331,0.6322895,0.54370534
123140.19,-0.20815088,1.7881758,-0.3278255
117279.66,-1.8697348,1.5838963,0.086348206
130964.57,-1.2069467,2.5067348,0.10740574
131732.52,-1.6328474,2.4987001,-0.0716907
126707.38,-0.8349336,2.752288,0.016085098
122100.42,-3.0030766,2.9945285,-0.17943694
118273.33,-1.735316,2.113784,-0.23140004
127588.76,-2.0637822,0.5375996,0.37185314
122204.836,-1.9345444,2.0059114,0.13917555
124630.54,-3.0919735,1.7882187,-0.4263682
118848.766,-2.0365026,2.5513031,0.06792537
124123.305,0.03594359,3.0784416,0.028675588
115669.6,-3.1673188,3.1302824,-0.10525678
121513.234,-0.2634529,2.0301197,0.13490966
124424.766,-0.3010215,1.5939974,0.07069702
130815.72,-1.3438667,2.7092505,0.46811235
130206.99,-2.1619978,1.2030959,-0.16270009
118215.14,-0.15867472,3.1319356,0.06259868
133536.78,-2.2049913,2.9094095,0.09909111
125064.55,-3.7550917,1.393816,0.17238456
115164.945,-1.7274985,2.4416134,0.20994991
132004.25,-2.489528,0.775791,0.087438166
120998.71,-2.8504226,1.632482,0.15977569
125550.586,0.858543,2.6100504,0.123769715
126615.8,-3.5258517,1.1342019,0.46264845
131764.72,-0.33144596,2.6437037,-0.16238782
129064.76,-3.5049152,2.982503,-0.06974132
117168.44,-1.2930701,2.3321052,0.5276208
116290.78,-2.5887861,0.45350504,-0.015250649
116017.945,1.2811128,2.5130773,-1.3821084
126259.91,-0.16883664,1.8123744,-0.20287617
134189.16,-1.0321106,2.662602,0.10221087
117902.61,-1.5528631,2.953672,0.32798037
131032.13,-0.22766447,0.4801817,-0.38067248
118007.64,-2.2290056,2.0842795,1.2989455
134093.92,-1.9214844,2.9645884,0.014359992
134014.95,0.32133391,2.905884,-0.0511997
122877.0,-1.8219237,1.1237442,0.08052456
124784.52,-3.5714626,2.6655333,-0.6352866
124606.42,1.430741,1.7748566,0.2009679
123099.43,-1.5853491,3.088971,0.18670335
122658.28,-2.4391022,2.3025732,0.16249974
121693.234,2.0475273,2.7207453,-0.01131151
116300.48,-2.9214053,2.8133757,0.74156046
125639.8,-3.2169335,1.0558304,0.012530413
126042.195,0.74325943,2.8710356,0.073780164
119996.22,-0.6170164,1.5191054,0.8864135
125721.34,-0.4553841,2.1688945,-0.09064694
121648.23,0.8563022,3.0505435,0.1446816
121589.52,1.2827452,1.2712781,0.30515748
132918.92,0.44399926,2.8865724,-0.0049036792
124988.125,-0.53714,0.61981636,0.15415096
117590.05,-1.5496895,1.4330728,0.08952432
122936.48,-2.2780252,3.112157,0.013459592
122839.74,-1.7140986,1.4206065,0.54985195
116823.055,-1.3042239,2.8773084,0.0047374344
127625.21,-3.8854244,2.4435306,0.9597027
115817.62,-2.3972664,3.0186481,0.02081848
124338.77,-3.11895,0.6627903,0.10855033
132279.78,-2.7482307,0.6358956,-0.24702395
126875.27,2.9928384,0.7169707,-0.3108765
134110.03,-3.9423013,2.7823987,0.0134322755
119199.23,-1.6966385,2.4043367,-0.0004061498
119969.74,-2.4398541,2.8946743,-0.191922
126059.59,-2.1138499,0.9607292,-0.0681526
117789.65,-0.67707926,2.2177696,0.50601274
122566.5,0.7621153,3.0099452,0.18585852
125354.91,-1.313342,1.8523109,0.45423597
134259.97,-2.521706,0.11924291,-0.2873085
118798.79,-1.6712631,1.797996,0.18634818
117919.625,0.09861669,2.580932,-0.0531217
118433.66,0.42929208,1.3256534,-0.31789452
131245.6,-2.3020997,0.19976676,0.1536245
117056.8,-1.391577,0.19680595,0.018652054
134354.98,-1.7131666,1.2825646,-4.314444
115843.75,-1.5957453,1.8545492,0.54664385
128708.65,-2.9567084,0.8587747,-0.57164997
119431.336,-3.9172788,1.3535422,-0.28710547
124844.3,-2.3583486,2.9862084,-0.08921105
128843.08,3.2154593,0.48997185,-0.08315697
122891.88,-1.318299,2.638797,-0.03210631
118665.195,-0.24868219,1.7975416,0.14478709
127791.945,2.7925363,0.1981678,-0.3512288
130088.92,-3.0758786,1.1636511,-0.06927482
121985.25,1.2246835,2.6110435,0.13277581
125908.4,-3.0235765,2.9729702,-0.087260954
127760.69,1.0035255,1.4148711,0.2910431
125087.96,-1.7872262,3.0157404,-0.046081405
133476.78,-0.43940455,2.8446302,0.07078154
121139.89,-2.594151,3.1394136,0.008565991
116864.05,-4.1192226,0.7838553,-0.17183168
126915.03,-2.9082077,1.8094354,-0.7872431
132288.33,-2.1610563,2.6819715,0.006710667
124930.05,-3.1409478,3.0577729,0.4363824
118539.375,-1.0932226,2.7207696,-0.028970428
127846.28,-0.66446286,1.0597485,0.14119719
115439.45,-0.5417364,2.8327496,-0.040835112
122893.8,-2.7366507,1.2055023,-0.47395113
120088.89,-0.0055979122,2.6534271,-0.12910743
130808.88,-4.038876,2.807057,0.11037247
120611.8,-3.9556048,2.5869744,-0.01626489
128652.82,1.4823911,0.32024455,-0.025402054
119527.96,-3.9922287,2.3912163,-0.03240813
119651.3,-3.4042385,3.0726857,0.03258164
118357.84,0.7998637,0.916154,0.15223865
115406.55,-0.8408437,2.809522,0.03725868
134420.69,-0.7908875,1.865765,2.281232
116194.766,-0.87401104,2.7869627,0.0997168
122736.71,0.6863621,1.1505945,-0.09971067
130083.68,-2.0111256,2.8630137,-0.0134563
132200.0,-3.172245,2.504822,0.30057585
127152.22,-3.4763873,1.7735829,-0.08971596
132136.6,-2.0887115,3.016107,-0.52253336
116831.22,1.1161394,1.9982522,-0.12066967
122324.56,-2.200098,2.8704996,0.80183655
119551.15,-2.2995625,1.3300947,1.1459329
134502.9,-3.0957096,2.6873033,-0.1643103
119401.36,-3.644574,2.8694856,0.1824463
124767.586,0.5184498,0.20370597,0.029561544
132007.33,-1.4586071,2.0701802,-0.06763002
116016.13,-2.1668093,2.2444134,-0.1923586
126974.4,1.9780335,1.9526403,0.33334836
123297.33,-2.6285105,1.871913,0.17531903
122498.62,-2.614271,2.634266,-0.21327168
124960.12,-0.51551825,3.0044394,0.115280956
134350.88,0.87828076,2.6900141,-0.120673954
130227.92,-3.929065,2.8876424,-0.005010332
120801.21,1.282603,1.018196,0.122664884
122054.8,1.868627,2.1057673,-0.059254408
132021.83,-0.82639635,1.9423685,-0.30403623
134069.17,-2.9848132,3.03433,-0.13375595
115493.84,-0.4280001,2.1454997,0.26617512
133864.97,-1.585771,1.1034092,-1.1321391
116330.22,-0.17949924,2.2400956,-0.27086648
131703.03,-4.218984,1.8244264,0.0148867415
132000.1,-2.5881815,2.8590639,0.07000413
132004.83,-0.13302818,0.33046848,0.0049547404
127436.97,-1.9051688,2.6963162,0.083546646
115319.53,-2.3943222,2.5227833,-0.20938076
128552.22,-0.8849683,2.5021958,-0.03521375
118593.7,-1.7219635,2.617386,0.27207297
124544.72,1.0266367,3.0021725,0.010242644
116344.07,-1.3339183,2.9837673,-0.06063537
121911.35,-3.2573082,2.2091534,-0.11347253
115541.72,-0.58299696,1.5751055,0.25887436
125910.38,-3.0058012,2.271878,-0.030736143
121491.85,-3.9775465,2.0185113,-0.119367994
124681.18,-1.6415187,2.9630353,-0.03530435
131584.67,-1.237641,1.7725285,0.26866266
121747.375,-0.3751063,1.6311839,-0.76444143
121358.71,-0.17396337,2.631889,0.0033353707
128850.49,-3.2562022,2.514791,0.049642157
124680.72,-1.4301956,1.969975,0.22672497
117736.12,-0.4100349,2.7222986,-0.13304041
120332.26,0.5306614,2.626201,0.05305803
133831.98,-0.41240725,2.7645273,0.03807386
118570.03,2.4570165,1.9660085,0.1934029
116857.695,-0.8199976,1.0640894,-0.04419734
132675.4,0.41557074,2.3229423,1.5827618
121890.516,-3.5442233,3.0204504,-0.18540676
116541.38,-0.85084283,2.6463785,-0.007593455
116623.516,0.18535355,2.277865,-0.81424284
131745.03,2.998919,1.4235538,-0.42887154
121140.93,-1.7368256,2.0961378,0.2234076
134854.6,-2.272383,0.089242935,0.014542118
124702.66,-2.127057,2.077188,0.19570191
126738.836,0.20129189,0.18289351,-0.0049855756
128316.43,-3.3366091,1.8159072,0.3984959
116740.37,-2.4994655,1.8379459,0.6975661
119300.81,0.45734143,2.9302454,0.07844575
124168.94,-1.6263812,3.007635,-0.08199861
129129.13,-2.0892708,2.9041753,-0.02320906
118270.98,0.3966521,2.1967437,0.40829396
117843.96,-0.7715931,2.8408966,0.08576043
133216.2,-2.4436224,2.697189,-0.083522476
125288.61,0.16333696,2.9292526,-0.068729304
124074.67,-2.8207614,1.1371338,-0.113743626
130285.19,-2.4154298,0.5207486,-0.05647265
119416.02,-3.3279333,0.7005712,-0.048695434
133259.31,-0.57856864,2.8244967,-0.14309563
121816.68,2.6957111,0.16689467,0.046922613
134568.48,-2.8993332,0.57559425,0.10647503
117257.125,-1.4758155,2.7669709,0.2321492
128076.92,-3.3997445,2.6452632,-4.473765
128595.67,-3.921536,2.0662093,0.48043814
121156.92,-0.8836963,1.4896022,-0.64376056
123511.63,1.5001875,0.29858088,0.10506353
128426.2,-0.24952215,3.1221027,0.055353183
129128.07,-3.9604824,1.3299677,0.03129229
116087.99,-3.9402323,2.977123,0.15805008
115239.66,-4.2842913,0.5546386,-0.2846278
115424.914,-3.396679,2.8969631,0.07806353
128173.46,-3.3983855,2.7892032,0.056211997
127376.42,-1.2118328,1.4449011,-0.2644073
127892.57,-2.8521936,3.0473847,0.017373782
129589.99,-2.119125,0.7533531,0.06094822
119226.625,1.5069758,1.3509892,-0.115371265
120712.59,-1.1647131,2.8800693,-0.043337848
117196.06,-2.7960227,1.4893866,0.10787078
132303.31,-1.5574943,2.673543,0.037839107
123652.35,-2.2170537,2.7523794,0.05644549
117689.65,2.4475667,3.0027096,-0.02523483
132289.77,-2.078316,3.139328,0.0894056
134861.25,-2.7338464,1.1378789,0.2567922
120476.11,0.010110828,2.6393518,-0.45400167
116118.914,-1.9715025,2.763419,0.32204226
117412.29,-2.542625,2.3536654,0.57251376
119140.945,1.6963798,2.1389153,0.13646482
131534.11,-2.677503,2.4374177,0.047869105
134829.4,0.22758609,1.424685,0.47882378
129009.91,-2.8129725,3.1189244,-0.17411388
121842.89,-0.51419765,1.3505454,0.12597139
120921.234,-2.336201,1.9521108,0.42742184
131576.02,-2.381053,2.592113,0.2245466
123507.03,0.3035434,2.5948102,-0.06363007
131671.66,-2.8477612,2.3345747,0.122556455
118775.39,-1.8245871,2.924352,0.07555869
119994.21,-0.2720527,3.0259142,-0.036297414
123454.08,-2.0361729,1.6490285,-0.12013626
118862.33,-1.519673,2.6920476,-0.024045479
117293.73,-2.4972084,1.5757133,0.0601824
116775.51,-3.6130419,0.9016736,-0.2123405
124779.586,-2.9611561,2.9187038,0.01639111
132578.62,-2.5290854,0.6789732,-0.36122137
123202.16,-2.5793064,1.8742391,-0.16034332
127159.12,0.3045075,1.7228845,-0.15554751
120013.99,0.9603568,2.5468504,0.10826712
131629.66,-1.2346655,2.027152,1.061196
119264.67,0.8553022,3.0245087,-0.0908586
129930.99,-0.016445177,3.0427458,-0.07366054
125682.74,-2.1536257,2.9391346,-0.011596725
130683.12,-2.0130348,2.9104176,0.00399237
118917.82,-3.0219903,1.86621,0.16280097
132463.67,-3.0690815,2.3570983,-0.41715825
124586.625,0.6482529,2.2581134,-0.15673694
130964.07,-1.5679386,0.027517796,-0.0074280496
124823.484,-2.3225653,2.522217,-0.14850768
120412.984,-1.9986713,2.7326963,0.7909888
118721.52,-0.5001257,3.060351,0.7895284
126768.03,-2.3576317,2.5557365,0.06193802
125773.23,-2.7564816,1.812888,-0.1727914
126139.484,-3.3237767,0.7608504,0.070977055
119918.45,0.46928516,0.27952456,0.03353787
120833.14,-0.5464711,2.7205436,-0.018872917
126855.195,-2.6133556,1.0016598,0.060473118
117286.53,-0.9369768,2.8184109,-0.038183905
124207.66,-0.35130015,2.4134204,-0.23882493
117983.34,1.5359195,1.4747857,0.07426561
115082.375,-2.260941,2.756752,0.03686935
121602.38,-4.150373,0.7933544,-0.059500664
121612.81,-1.0179355,1.5996048,-0.30521435
117796.36,-2.795568,1.4447883,-1.0840251
118923.375,-2.776312,1.7748622,0.0020059645
121101.35,-2.9629686,1.034595,0.121099345
124073.695,-1.9735539,2.8236024,0.001307945
123234.484,-2.466725,0.6953468,0.06886406
122349.59,-3.053569,2.2094266,0.16607688
115271.29,0.8564477,2.9021788,-0.18476593
129674.945,1.316672,2.825212,-0.048600253
121728.02,-2.5718777,2.881494,-0.4284634
116942.695,-0.76356685,2.760855,0.03791769
118918.04,1.7772171,3.0046897,0.6142406
127646.836,2.7285411,1.4016777,-0.26065817
118441.01,-1.1151181,0.64426404,0.1201306
123699.734,-3.5695343,0.20486093,0.07984851
130795.89,0.7510284,2.5901399,0.36351317
132580.83,-2.8033469,3.0391474,-0.0047865896
122200.67,-1.9860264,2.9841764,-0.17176245
126203.305,-3.1110563,1.1544627,0.0397256
129774.93,-2.9547698,1.2281054,0.15964039
122408.28,0.36265352,2.700207,-0.29969844
117326.03,-2.1372995,2.3378856,-0.64039326
118371.55,-2.583183,3.0203497,0.09055109
119629.125,-2.968427,2.462742,0.93651956
118965.63,0.568901,1.6289752,0.22676426
123986.734,-0.32096767,2.015673,0.16045502
132021.64,0.39927587,3.1210747,0.033415888
131764.84,-1.9101274,2.1346877,-1.6077017
124037.65,-3.9570928,1.0386432,-0.042733643
116965.47,-0.58480793,1.793907,-0.13361914
129263.88,-2.3434334,2.6029134,-0.13626967
119771.96,-1.2406056,2.5015059,0.05559294
128330.695,-2.9887428,0.009139478,0.49687836
133337.75,-0.72544056,2.5795064,0.011689172
128401.625,1.494713,0.35019544,-0.083765335
132839.77,-3.9321802,2.967303,0.51236904
126244.68,-2.6912875,2.7762406,1.2802794
120151.81,-1.9946238,1.0391237,0.79731303
124945.69,-0.43946263,2.9158962,0.36045653
120936.47,-2.2940826,2.8531485,0.17699693
117558.3,-0.68768173,2.8507698,-0.092014566
116425.55,-2.8483489,3.1163645,-1.8255732
129584.51,-3.3538857,3.0141356,-0.0009035674
118342.79,-2.8708577,0.991145,-0.12325845
125591.234,-3.0560565,2.1783357,-0.010705692
126212.664,2.8330073,2.466055,-0.1358557
131249.58,-2.2548008,1.2650954,0.13288404
130103.695,-2.1033769,1.5477271,-0.30689627
123776.35,2.0256627,1.0566864,0.07333242
120020.19,-1.7561771,2.3012772,0.5162267
130398.48,-0.8632227,0.24037838,-0.009940153
122707.57,-3.0332568,1.1411145,-0.043144282
120994.734,-4.336711,2.3450544,0.0037010615
129420.01,-3.4258432,2.0189083,-0.04443609
120002.23,-3.578505,1.8839025,-0.04771399
119151.516,-1.1938539,2.7905402,0.072248176
115266.336,-2.7418811,0.92787254,-0.046374813
123629.805,-0.81666166,1.2255521,-0.12907876
124427.555,-1.9059002,2.8644571,0.2183332
124885.62,-3.743429,3.1176074,-0.10371666
129065.31,-3.102783,0.062090516,-0.24249403
123578.7,-0.9635862,2.6607237,-0.10578545
115035.3,-3.1397083,3.0177333,0.14217857
115849.82,-1.3802872,2.8432739,0.17101341
119553.5,-0.8783702,1.2221309,-0.4301532
133700.36,-1.3544823,2.5637982,0.30973032
115690.41,-2.4681609,1.0917042,-0.20262955
126870.88,-2.2855992,1.4190688,-0.154069
123466.31,-3.5442562,2.1964438,-0.036282256
131786.69,-1.6729665,1.3187947,-0.15994976
120917.0,-2.5550752,3.0772283,-0.36749122
127783.49,-2.3926635,0.26501966,0.07424665
134876.7,-0.99922854,2.8458006,-0.015980493
120642.31,-1.8941128,0.6251013,0.08260117
130467.92,-2.7553847,2.8202627,0.7010261
118837.63,-1.7135216,2.7035022,0.06630573
125531.21,2.3072157,2.0478246,-0.22408672
127755.5,0.13973175,3.0331545,-0.33867726
133201.05,-1.8211342,0.98094624,-0.0666442
120442.37,-3.3556628,2.9411626,0.16873205
117027.125,1.0835495,1.2501991,0.5057193
116494.19,-3.3016968,2.7995198,0.0738596
117714.76,-3.179542,3.0789163,-0.16428825
133397.3,-0.8386051,1.5328796,-0.8047159
132820.67,-0.15528591,2.470849,0.09279269
130817.61,-1.30285,2.987281,0.032176867
125638.13,-2.7846522,1.9806111,-0.01194251
119991.6,-4.1537876,3.1242924,-0.048004318
132018.62,-2.5274043,2.836361,-0.12306536
116706.34,-2.3302193,2.4265585,-0.4333958
133681.66,-1.6666011,2.866149,-0.16638453
122756.85,-0.7645904,2.3533359,0.044435654
125161.68,-1.9312594,2.8924751,-0.012391363
127471.65,0.33181152,2.9515712,-0.058150686
128474.75,1.0831071,1.4169785,-0.7288881
134712.92,0.62468773,0.6539345,0.19634013
120956.87,-3.1368163,3.0560048,-0.03746379
121615.42,-2.4508188,1.2737833,-0.23984423
118865.3,-0.16671883,1.712529,-1.2230246
128418.18,-4.0640936,2.7418683,-0.105320565
117914.17,-2.491907,0.7139399,0.03586395
115970.13,0.770214,2.747835,-0.0027201255
129765.31,-2.8533623,1.0029125,0.30768076
127947.25,-2.5929108,2.7699413,-0.3022859
127394.86,-3.651228,1.6631241,-1.4873437
134121.17,0.41215566,2.6628997,-0.06768843
129510.77,-3.8807864,1.5977446,0.017261386
118401.72,0.050119385,2.2827995,-0.41649237
122046.766,-2.6034923,1.2036365,0.052844234
127280.83,-0.35102856,2.8012433,-0.03234891
129628.81,-3.002788,2.4479377,0.009079112
120044.055,-0.49247602,1.5829113,-0.19585648
121083.55,2.2899053,2.0893314,-0.23552941
122429.19,-3.7214158,1.5612097,-0.14792152
121146.61,-1.8741512,2.7753203,0.23240094
115073.21,0.9514553,1.5687053,0.10264398
116572.64,0.84723383,0.6267278,0.06889975
130240.09,-2.9335601,2.5606935,0.28117323
134999.28,-0.2647159,2.4635673,0.13229367
119169.71,-0.38083565,0.7657491,0.072042644
118869.82,-1.8582466,2.2300644,0.013544401
133840.73,-2.344448,2.9383187,0.09079159
128812.195,-2.0794456,1.8660512,-0.21000525
129014.75,2.5731826,2.21742,-0.25998008
119936.12,-4.0196977,2.7003074,-0.039796136
120186.32,-4.2964163,0.7978213,-0.0906033
130371.36,1.0091732,0.8833374,0.09813342
133958.67,-3.1146357,2.7528253,-0.12763427
128156.14,-0.5417732,2.957539,0.38442516
130587.94,-2.951426,1.9101484,-0.22300121
124795.05,-1.8551835,2.5927591,0.009811312
116451.46,0.22937931,1.7787977,-0.5141902
129995.26,-3.2269735,0.9671791,0.04484832
132385.03,-0.063492,1.9112656,-0.13517536
124939.81,-1.4756817,2.395111,0.2888864
119417.68,-1.1290407,3.0797098,0.022434497
123198.4,-1.2809268,1.6081834,0.7581499
118773.66,-2.9623308,3.0003052,0.15605222
117136.875,-1.5455968,0.6341792,-0.09147414
131878.17,-2.3697557,2.9800613,0.084240764
116885.54,-2.5286934,2.8081424,-0.0684851
132077.56,-4.2775173,2.7885654,-0.0013005276
125927.71,-1.1212107,2.9276261,1.328515
134111.11,2.126926,2.8614645,0.048543353
115158.71,-0.7712697,2.8446977,-0.085515514
126768.195,-1.9927619,2.6555178,0.12280873
125443.09,-1.6198303,2.929837,-0.019083386
126774.82,-1.9626052,2.6774683,0.67583495
116299.266,-4.52845,1.9179415,-0.31050336
120877.01,0.054178596,3.0419126,-0.005281677
117856.96,0.17062168,1.2036263,-0.20558962
118366.92,-2.2352772,1.7781751,-1.4533336
115294.86,-0.3355755,2.5575688,-0.39196926
126622.53,-2.860741,2.8396866,-0.65329176
132405.61,-0.57931453,1.4230198,0.19606976
125713.75,-1.8448178,2.971541,-0.16735482
133877.22,1.7745993,2.6840355,0.13431354
126601.16,-0.5978099,2.5589957,0.14577645
127486.836,-1.6211392,1.4243809,-0.15579702
128035.93,-1.2994963,2.7306972,0.1538996
117210.69,-3.2155442,1.2212008,0.006426379
132140.8,-1.8271922,1.3247697,0.059546605
117411.19,2.8868718,2.5777044,0.23970747
118569.55,-0.04125729,3.0177727,-0.074045256
116661.35,-2.9976141,0.95994556,0.3438885
130139.95,-2.6001687,0.9878627,-0.32039675
123900.625,-1.6357856,3.111273,0.06050816
130557.83,-1.6704649,1.7964437,0.27006304
123201.414,-0.052215848,1.9220972,-0.06741357
115020.27,-4.136035,2.8566134,-0.03454768
133664.92,-2.2245846,0.5920706,-0.061448216
134312.45,-2.8996427,2.4601371,0.10815782
121528.25,-0.16450402,3.1158047,-0.023526317
119951.15,-0.75068426,0.03438282,-0.28326163
122734.73,2.5964177,0.7119516,0.184912
123826.86,-1.7320883,3.0719368,0.034748543
118486.12,-0.47944182,1.8976822,0.18811779
115962.89,0.1885903,1.5441649,-0.40337184
124675.25,-3.1206808,2.2122142,0.17947146
122556.55,-2.208036,3.127028,0.044655457
124363.484,-3.4942884,3.078992,-0.0043932307
115927.4,0.6419019,2.7298477,0.32314718
131921.9,2.1988597,2.5201762,-0.39276475
117552.78,-4.0601716,0.351043,0.27805054
119236.53,1.6924225,1.5671434,-0.33093065
123673.37,-2.3326724,1.6603048,-0.26584712
132867.7,-3.2552848,2.4236345,-0.55450684
118113.836,-0.69917256,2.4354491,-0.26531792
124795.016,-2.432339,1.3794403,0.13633241
116321.08,-5.138072,2.4983566,-0.16868997
115469.42,-2.6484928,0.14293432,-0.060025726
122661.72,0.9247872,2.9689233,-0.113394774
124875.89,-2.958772,1.9160261,-0.06581454
115044.84,-1.8535284,2.0524282,0.17048955
116937.96,-2.801819,2.3114376,0.121685445
125940.81,0.020620378,1.2769833,0.18715721
124018.92,-0.09569437,2.8826509,-0.15811764
134936.45,-2.9967089,2.339549,-0.22589116
134837.52,-0.08838077,2.5946932,0.11641524
122142.2,-1.8566225,3.0370688,0.26321265
123803.07,-1.7394744,2.9686759,-0.44872314
126271.26,0.38184014,2.3350005,0.27910787
121609.29,-3.2590022,1.5189211,-0.09739594
132019.6,-2.8802438,2.3783605,-0.0595536
127917.45,-2.6887953,2.831453,0.22398524
124560.68,0.69506544,2.9744465,-0.030034687
134641.6,-2.1414602,2.4255836,-0.22851194
117612.125,0.50963956,1.7151613,0.60996646
118886.58,-3.1814125,2.0713372,-0.45754236
121648.35,-3.2959259,1.6045663,-0.19545028
115900.69,-4.174483,1.1629245,-0.1472533
120712.73,-3.1867952,1.6881058,0.17566924
124350.77,-3.2630408,2.931995,0.1534421
120140.89,-2.0378737,2.0361323,-0.25007007
125174.09,-3.4609184,1.0816001,0.07969744
132002.16,-3.9005342,3.0124362,0.14677241
123266.69,-2.1065698,1.9417248,0.07337056
133944.45,0.65038866,2.8057299,-0.0057497974
129750.05,-1.968257,1.2610097,-0.076329365
117789.48,-4.0115056,2.7973282,-0.0123139415
121488.06,0.28142193,3.0891078,0.04176772
116778.836,-2.116836,2.3301122,-0.16016953
129889.61,-1.8070197,2.7332773,0.02166288
126762.875,-0.7797626,1.9162023,-0.36900043
130882.9,0.8073009,0.81243825,-0.21447726
128462.67,-0.36367673,1.7962352,0.074368
125534.58,-1.0214854,2.2334127,0.22142309
118505.08,-2.3913682,3.1387424,-0.052326947
116865.02,-1.336516,3.0182183,-0.0047181
126854.016,-0.9005521,1.2455229,-0.21480595
117441.805,-0.1217268,2.6932771,0.022092117
120863.336,-1.6948391,2.0522497,0.122785926
118072.36,0.76743937,0.20455897,0.038713947
130010.44,0.47406682,2.7631142,0.1162886
134906.77,-2.747776,0.81930995,-0.24930337
128394.14,-3.214048,2.450231,0.2211287
119379.63,-2.57847,3.0839627,0.04986875
125658.59,-3.9839478,2.689674,0.043440703
127600.164,-3.746266,2.2827706,-0.113116756
115646.36,-0.23433086,0.1430552,-0.0005474452
116277.25,-1.5511241,1.0306128,0.102704726
134379.64,1.4502342,3.0754116,-0.01632076
119838.23,-3.703902,1.7490649,0.22841279
119476.43,0.79970074,1.4204353,0.17244186
117600.16,-1.1468345,2.9005995,-0.094498344
123811.945,-1.7139848,2.2353396,-0.91937023
120080.38,-2.258003,2.9023745,-0.13097085
127627.945,-1.6455547,2.1509821,-1.333321
116026.336,0.52740556,2.188695,-0.054649413
119384.47,-1.5677714,2.0483797,0.12523863
125219.37,0.14059469,2.758541,0.44684157
130817.2,-2.5522506,2.485156,-0.021154163
115441.79,-1.0874068,2.7871158,0.0016863685
115814.68,-4.0367866,0.31061625,-0.3942095
120471.74,-3.0070512,1.8448155,0.14869939
115195.94,-2.7289858,1.2388775,-0.03224959
118793.0,-3.4354718,2.0582604,0.2843354
130546.75,-2.9757743,2.5333135,-0.26852491
119557.96,-2.5185685,2.9277754,0.017437132
116241.055,-2.6082797,2.2987907,-0.040071227
128497.73,-1.6921232,2.3727834,-0.21755181
115935.96,-2.6214066,2.7213602,0.22218311
126511.375,0.05267978,2.1055667,-0.086698554
125058.414,0.60104895,1.7958026,0.14708164
119181.45,-2.724624,2.6784046,-0.0015408713
120029.62,-3.4720392,1.9138097,0.063395195
116876.6,1.4663401,2.589353,0.02535756
118318.83,-1.6487083,2.0603485,0.013388115
131425.42,0.79467785,2.6268947,-0.40026608
125543.26,-1.265518,2.7754698,-0.13812026
132126.88,-2.9891975,3.1158893,-0.01651927
125159.18,-3.1580842,3.0773158,-0.075631134
120413.37,-2.2204368,1.9250317,0.25552058
134001.33,-3.2289376,2.3580847,-0.5396688
115786.914,0.5515268,1.1936142,-0.2327031
134873.56,-2.5647986,0.43700862,0.11732739
126615.59,-2.319792,0.20059931,-0.04562276
121677.92,-3.7556615,0.9667035,-0.057610787
123798.27,1.7000442,0.8622062,0.14187105
129932.414,-2.382618,2.476984,-0.11748929
122554.31,-0.2482719,0.8140176,-0.087949455
120919.14,0.4097799,1.5790415,0.21155354
119741.01,-3.2714248,1.8124135,-0.035081018
116304.53,-1.4235836,3.0391784,0.11197043
116544.086,-0.81462634,2.8662999,0.031852573
116410.89,-3.3174977,2.129146,0.044579856
134807.72,-2.9246888,3.0059893,-0.14512068
134917.42,0.38508075,0.9106384,-0.30663425
128890.08,-3.5680575,1.397105,-2.6693547
121782.5,-2.8999171,0.4761902,0.06988503
121971.88,-2.3212917,3.098165,0.063282534
119222.95,-0.51910645,2.947343,-0.15023778
127946.3,-3.3819664,1.3064404,0.0951017
115175.734,-3.5318353,2.912365,-0.06866254
127648.17,-1.0135899,2.5907524,0.21598445
121598.19,-2.0621436,1.4795163,-0.18787183
118011.5,-0.9614042,2.9256606,-0.85162246
116970.96,-3.060651,2.8390865,-0.022185847
122229.48,-3.252529,0.3474257,-0.014289239
131855.3,-1.7757154,3.0080924,0.29308385
133715.44,-2.1425483,1.9317595,0.04059458
116551.34,-3.3802266,2.632229,0.084701315
122580.29,0.65489745,2.796583,0.014507418
128603.375,-1.9582647,1.2348422,0.038525447
134120.34,-2.6949496,2.3306737,0.17011067
132843.89,-0.79957706,1.0971372,-0.9510115
131233.88,-1.1557935,1.1177809,-3.7690887
124486.516,-0.7559234,0.23177838,-0.048564915
127498.46,-2.390706,0.6029366,0.60423064
126502.22,-3.7909484,1.2415221,0.06325592
130200.24,-0.6539908,0.2972406,0.0019099592
127517.55,-0.74745005,0.7457485,0.799202
117269.77,-1.4568143,2.7131617,-0.11225618
122054.164,-0.926026,3.1271937,-0.050815433
134101.2,-2.4617937,2.9643404,0.04043601
130406.99,-2.902985,2.9186833,0.15666223
126377.07,-2.697202,2.7190957,0.10436137
128230.63,-2.1394253,3.1344545,0.008404899
120428.2,-0.6692212,0.09723735,0.030636063
126062.64,0.6787046,2.7895873,-0.4020892
127941.85,-0.36836404,2.457635,0.037617408
128985.57,1.5729747,0.87729007,-0.17573847
117626.42,5.0310125,0.012652636,-0.016324958
115500.164,-1.7666258,2.0056467,-0.18156639
129595.86,-0.004567548,2.9150226,-0.029004067
128240.53,-2.9972756,3.1308522,0.672847
122066.62,2.1151335,1.2635868,-0.3911614
133005.25,0.046217684,2.433741,-0.11888122
119984.85,-0.8571916,2.6472554,-0.45962885
115037.44,-1.6454085,2.712322,-0.049325984
121106.21,-3.5962446,2.951311,0.01294692
129505.12,-2.8376884,1.2770683,-0.29694918
116540.76,-3.2635622,2.4585361,0.3721927
121122.28,-1.7926891,1.9080662,-0.1811922
120307.766,-1.8877407,1.192315,-0.10061726
115897.28,-1.3849247,0.226264,0.027836403
117866.266,-3.4594097,2.4878807,-0.41009405
125930.72,-0.7329521,2.1322792,-0.1823406
121768.17,-1.0501691,0.008893132,0.029937206
122490.12,-2.7871034,1.9505571,-0.6320088
125594.06,-0.69442344,2.097276,1.9413577
115876.38,1.7247521,0.63180935,-0.052244443
124285.88,1.1435864,2.6132708,-0.037873536
118409.01,-1.9096503,2.6792502,0.063569054
128567.195,-2.062839,2.43937,-0.11818449
120045.05,-1.9852977,3.1054986,0.21214843
123125.625,0.025138043,1.3779421,0.18857916
119498.55,-0.65325207,1.6229767,-0.28859213
119125.31,-2.3249083,1.9907535,-0.11433882
132716.08,-2.75897,3.1169376,-0.03762234
133244.0,-4.1437497,1.9957557,-0.39870703
121633.05,-1.1640664,0.16059041,0.018953675
117458.125,-0.9444484,1.673647,0.14308828
119448.914,-2.8727596,0.31382322,-0.083133295
131834.92,2.2912645,1.5876148,0.2112298
132969.44,-0.33946398,2.936276,-0.1309993
116727.83,0.4570305,2.7969375,0.10423218
120986.04,-2.6312761,2.1092918,0.56625533
133053.52,-0.86483175,0.8180499,0.8110212
115928.79,-2.8137262,0.23642373,0.015371809
134412.62,-2.2927759,3.0234754,0.070730664
117668.195,-3.0237143,2.7141414,-0.17056882
123397.16,-2.9280496,1.4893821,0.38637412
119143.99,-2.0134885,2.346155,0.4804752
132852.66,-3.095211,2.8471298,-0.052376244
128359.99,0.61611086,0.17370713,0.018170852
131896.77,-1.3105732,3.0395076,-0.08746345
115914.75,-0.86032546,0.523123,-0.044578202
129615.31,-0.78321105,3.1232316,-0.006612289
130682.25,-1.3044027,2.3738449,-0.032982714
118573.555,-2.362568,2.1550922,0.3549194
123974.625,0.4455677,2.5346572,0.29659206
126784.93,-2.4050698,1.4332442,0.15243927
125646.13,0.32528087,2.5804405,-0.11194711
122809.61,-1.1257558,2.3370416,-0.11891212
115821.5,-1.8551586,3.1101062,-0.017237285
117359.836,-0.06768442,1.7730051,-0.08776869
117446.18,-3.8821745,2.6981032,0.07785957
116805.69,-1.0137292,3.136146,0.1049697
129625.22,-1.5176858,0.99476814,-0.102930635
122502.94,-1.7228829,3.1269002,0.11716509
129843.04,0.6411203,1.4279342,0.15047021
128412.33,-3.2944343,2.836553,-0.16150498
133264.17,-4.1624355,3.1272151,0.089816175
116007.89,-3.0634084,1.7786804,0.17128624
117596.664,-0.4707329,1.8859265,0.3211163
123524.266,-3.247611,3.037982,0.107390024
129526.86,-1.0260216,1.142452,0.056838747
117800.53,-3.7905433,0.34048367,0.052954867
133157.31,0.13275488,0.26839948,0.13900249
134360.31,-2.9196784,1.8445746,-0.13219973
118225.38,-1.4682106,2.5056605,-0.05639525
130319.5,1.6712027,1.6274016,0.596164
115951.03,-0.296871,0.50174356,-0.0528337
124944.99,-1.3981168,1.7533823,0.09836857
116400.16,-1.8233688,3.0922651,-0.7264625
115442.195,-0.32016772,2.5046568,0.1053563
134661.02,-0.8475895,2.4704545,-0.07129564
115666.3,-1.7221094,2.60781,0.08142035
122476.516,-0.88796246,3.0965624,-0.060335293
121182.17,0.07493081,1.3130159,-0.07408371
121307.695,-0.82232845,1.9295065,0.07273304
131574.62,-1.2570146,2.8247695,0.00010376956
123001.375,-2.6514575,2.37013,0.09124558
120371.81,-0.9892783,2.9020755,-0.0022192334
131578.03,1.9744959,2.6574943,0.17516236
119366.92,-2.2076998,3.0280337,-0.011115809
122319.21,-2.1461275,0.50629807,0.07596431
122558.945,-0.059513353,1.7750992,0.056734793
125742.67,-0.091809995,2.1601536,0.1540005
116595.71,-3.3449845,0.35321283,0.37165827
115477.04,-1.5733987,2.057754,-0.105397254
115146.055,2.5896254,2.853493,-0.35185063
132771.02,-2.7915618,2.5709383,0.10420947
132446.16,0.6091095,0.11593413,-0.26089996
119252.28,-1.6701901,3.0604055,0.020283433
129503.02,-0.6221022,1.4706994,-1.6155996
118815.46,-2.6619353,2.535273,0.34589967
123780.766,-1.6411124,0.08826147,0.033823114
126818.5,-2.9342918,1.415777,0.48216632
132700.42,-3.6739228,0.5650308,-1.2153826
121885.01,-2.5688074,2.143399,0.062702715
130258.86,-1.8803145,2.8138216,-0.2785159
123325.445,-3.8576155,1.4527947,-0.23137452
125484.37,0.22309645,2.8289495,-0.043854047
134097.31,-2.9431012,1.0580784,0.21899119
129787.695,-3.449404,0.8058784,-0.07504388
116770.92,1.4244393,1.1379232,0.49855632
126318.65,-2.7553253,2.4929514,0.23781271
126284.61,-1.2953483,3.1209638,0.140808
121311.74,-1.4740125,0.729651,0.10312355
128094.36,0.054443024,2.578078,0.62182075
131580.27,-1.0158218,2.9201329,-0.12830544
133672.2,-3.1092281,0.22556019,-0.15520014
134748.88,-4.073309,0.8001537,0.09856957
115168.734,0.06680192,2.9841564,-0.00981788
117598.38,-0.9195375,3.0736406,0.17907952
117440.61,-3.0601823,2.3886876,-0.34866333
128359.36,-2.508489,2.8581502,0.08464433
124361.09,-2.3411396,1.8512812,-0.06625042
134294.12,-2.4638138,2.4560554,-0.03901506
134314.39,-1.4731076,1.4271215,1.1619016
123057.26,-2.024372,2.2417338,-0.4280515
124761.84,-2.5472443,2.7822185,-0.44807267
126003.4,-2.3272512,0.33305573,0.5051558
117007.4,-3.2192166,0.27272606,-0.14266816
119289.26,-2.244634,2.5528522,0.10751506
131087.05,0.23861197,0.081273675,0.0105576115
130677.81,-1.0824114,1.8109438,-0.39037535
118114.086,-2.877152,1.1778607,-0.24831279
124755.4,-3.1251354,1.9104694,0.37054026
126516.41,-2.4296415,1.889802,0.5065524
124267.92,-2.1294138,0.100844145,0.04709537
118536.0,-0.41888875,0.74610263,-0.16501893
134619.55,-3.1577775,0.504985,0.08629675
118710.53,-2.8916755,3.1305497,-0.036346063
116029.24,2.9066482,2.1847618,-0.07046424
122824.95,-1.6576989,1.2922785,0.19323781
133909.0,-2.4720209,2.2209377,0.2813783
131331.72,-2.6269825,1.4947306,-0.26743436
129865.31,-3.1149795,2.5841787,-0.7691474
130696.05,-1.944902,2.1492863,0.06489692
119913.23,-1.7717843,2.5020742,-0.01267857
126844.52,0.84765685,2.5742383,0.0031753113
124396.09,0.6905019,0.94190353,-0.10956521
116413.914,-3.2006593,2.5205207,-0.44385186
122065.945,-2.6799126,0.11779189,0.021270445
124021.7,-2.6729665,0.9729906,-0.13939582
127600.836,-2.761375,0.6280308,1.2439581
124900.61,0.21136525,3.033964,-0.080368966
115606.79,-0.21079749,2.4600673,-0.090390496
126032.086,2.6543307,2.0625494,-0.15530959
117538.17,-3.4318151,0.5965147,0.4637423
116189.5,0.2168913,1.2179365,-0.16043922
126724.79,-2.7950385,2.8390715,0.10476052
119144.64,-1.919614,2.5084367,-0.03163751
127416.96,-2.391087,2.800878,-0.46669483
128678.3,-3.20895,0.7478805,-0.12592243
116687.32,-2.2114038,3.050929,0.6725322
117279.81,-1.575896,0.76679826,-0.13293064
117562.04,-0.8106596,2.7681658,-0.2347764
124530.805,-0.9733498,2.164571,-0.14249113
119789.51,0.47326243,3.0722694,0.0052176523
127608.66,-2.60461,3.0830672,-0.17342828
129309.98,-3.8087916,1.9329402,-0.080180116
130952.84,-1.7298319,0.15805888,0.07919981
117663.97,-1.0982606,2.7925572,-0.21638107
122459.18,-0.046840105,2.156608,-0.14924635
119025.13,-3.8822114,0.9312404,0.054535758
126623.76,-2.5298858,1.4302374,-0.09913141
124940.22,0.066621035,2.2998278,0.41264468
115947.24,-2.3966558,2.2336378,-0.39717945
128650.89,-3.450932,2.627197,0.16886114
126428.01,-1.8836198,1.9948257,0.7004796
128251.92,-3.7923615,0.60963434,-0.029945286
122138.18,-0.60758066,2.0005658,-0.57899904
118276.805,-2.0097947,2.8811545,0.052710198
116999.82,-3.9611378,2.5069542,-0.070831805
128443.81,-0.34352228,2.9958851,-0.01803966
126434.58,-2.1182473,0.8157988,-0.6406969
129396.09,-2.8644066,1.2260411,-0.14685893
130878.78,-0.40378636,2.6985722,0.17687742
127234.086,-2.2281854,2.992144,0.024231562
116467.98,-2.7602851,3.0106053,-0.08900678
115091.17,2.895156,0.93705034,0.37903023
132801.84,0.9004762,1.7589803,-0.4548898
120950.18,-3.732079,2.3944447,0.20264144
129413.06,-3.559127,2.2058225,-0.0042802356
127856.62,-2.1146057,2.894939,-0.05822578
121780.94,0.5242897,3.116331,0.18619788
130560.0,-0.18700932,2.490007,-0.15768044
119603.72,-3.0208766,1.6467136,0.5148002
116264.95,-2.5387182,2.6395538,0.049426634
126558.77,-1.2364013,1.4168007,-0.08006145
121369.914,-0.38225678,1.2590183,0.36964935
126518.57,-0.71027726,1.7504957,-0.8489016
127035.37,-1.127206,0.2814805,-0.044731148
119329.21,-2.9719725,1.9514756,0.14315225
131655.19,-0.10717901,2.1267662,-0.21632144
118829.586,-4.255265,0.66300696,-0.0678457
132857.97,-1.1747828,2.512551,2.6119895
117209.77,-1.503865,2.653246,-0.17294174
125077.49,-2.6901803,0.5452944,-0.07994205
120119.42,1.6906322,2.5139627,0.071013756
133514.89,-3.3033204,0.7130419,-0.33778098
119259.76,-2.3345165,1.9715757,0.09690128
132262.66,-3.2755184,0.7557634,0.10084486
124771.305,-2.1683733,2.196469,-3.0596905
121350.13,-2.2446795,2.6255033,0.43333948
119525.195,-2.4960048,2.0847933,0.10391165
127934.484,-3.1384299,1.7551785,1.0542529
118409.98,-2.8797736,1.0657688,-0.058774997
134742.17,-3.0772288,3.1221492,0.360935
131417.03,1.8306147,3.0187457,0.19686532
117751.86,-2.4020648,2.4764276,0.34674895
119686.86,-2.271471,2.8101938,-0.029531281
128452.03,-1.8573811,0.07706714,0.023004929
117585.34,-3.3760686,2.862841,0.08231729
121245.79,-3.3308802,2.4822326,-0.13079938
124548.945,2.3655784,1.5322547,0.30593234
126074.94,-2.7221522,1.0894748,-0.27246386
124697.88,-3.650845,1.09375,0.13570039
126570.76,0.32797396,2.25149,-0.41267315
124794.98,-1.1117773,2.6339421,0.13114858
121684.125,-3.7890475,1.1321878,-0.05962949
121751.305,-3.9706864,0.84331167,-0.10468187
133012.84,-2.8560355,0.85554147,0.150574
131392.08,-1.5287005,0.21603441,-0.18244247
130779.016,-2.6904857,2.0850258,-0.45359325
133873.27,-2.12291,2.5661447,0.24067609
130916.164,-1.5897608,1.1245835,-0.1642046
118861.07,-1.7092583,1.5500932,0.61979973
121068.48,0.6556702,2.911053,0.02367659
116880.61,-0.0918032,2.9437256,0.047240563
120630.0,-2.465989,1.9532882,0.26738444
133496.03,-1.818254,2.7052681,0.15125336
133583.05,-2.3567462,0.8010845,-0.2825486
122626.74,-0.16330852,0.5603236,0.23237598
123513.08,-1.8302158,1.8427738,0.1071882
122410.81,-1.0145365,2.3371882,-0.122454375
131248.27,2.8811054,1.2109768,-0.53099704
120888.32,-2.697813,1.8123593,-0.04112629
124926.54,-1.1247663,2.4943874,0.2684014
117586.08,1.2138411,1.5750332,0.06486637
120549.625,-3.0306656,1.5581425,0.48515427
116031.61,1.05804,1.5446436,-2.4483109
126417.5,-2.3535635,2.2344162,-0.22051059
132301.86,-0.66022867,2.5041707,1.6770414
121173.836,-1.8818021,0.19383836,0.12222158
124331.61,-2.3484488,2.2823353,-0.4088104
121856.39,-3.7794151,0.6925331,0.07756438
125183.05,-3.0601404,1.982656,-0.085124925
117483.21,-2.6733189,1.6560643,0.12174288
115917.95,-2.5973995,2.0326917,-0.29424578
128758.73,-2.0229235,2.5995877,-0.012976294
132961.12,-3.1192055,1.0397798,-0.2667385
115277.03,-0.1745473,1.3958386,-1.2535568
129252.87,-1.2585571,2.513011,-0.16860749
129044.35,-1.2974638,0.8579809,0.12110255
118697.83,-3.0066586,3.1392505,-0.040987156
124075.9,-4.0567174,2.5502443,0.078578085
118175.38,-1.6820732,0.6588216,0.049877595
127243.914,-0.039843738,2.4135613,0.29097915
121357.2,-3.4346325,2.2068038,-0.03291212
117834.78,-2.0957744,0.8810435,0.1565564
116895.55,-3.6006548,3.0612726,0.25142887
115189.555,-2.8381672,1.3749045,0.08953149
118175.04,-3.0911436,2.604903,0.018869927
125858.555,-0.91493005,0.65235907,-0.15441881
118184.65,-1.9340746,2.886323,-0.1062176
130115.12,-1.7888337,1.0259105,-0.16940454
115540.24,-1.590269,2.4639041,0.1175248
132989.17,-1.6752913,2.849331,0.042383395
125769.55,-2.5756383,1.650251,-0.4271311
124848.87,-2.0913901,1.8342174,0.18770298
132483.1,-1.9301468,1.4000759,-1.239372
115948.055,-3.8521888,0.49286866,0.060645834
132902.83,-0.3236253,2.9121056,-0.8214288
131004.29,0.2670092,1.8150358,-0.12585565
118341.73,0.8167883,1.420941,-0.39178774
129535.26,-3.3909447,2.2705958,0.20360476
130523.6,-2.589948,1.3940004,0.13623612
119737.3,-1.3086766,1.4989572,0.4086594
128347.24,-2.9008067,3.1045678,0.0069001745
128891.95,-1.5512815,2.5751162,0.2720238
119409.16,-0.7236924,2.9468653,-0.1505379
123068.0,-1.4542491,1.539718,-0.031435166
126366.375,-2.7221413,2.8435354,0.15043597
130029.58,1.7040855,2.123502,0.3456272
124218.75,-3.0101469,1.9366844,-0.20082103
134770.3,-2.4596348,1.4870265,-0.20513421
116813.625,1.0218924,0.31692266,0.011663145
117358.65,2.2111902,1.2342951,-0.33668756
130722.3,0.057555933,2.3412166,-0.33488894
125683.195,-1.6731948,2.2729664,0.17813723
132628.45,-1.8785212,2.585049,0.15876056
127167.32,-3.472644,2.9851449,-0.09280203
120320.61,-2.1114976,2.3215976,-0.13350481
119818.15,-2.0985548,0.2994765,0.09031549
134929.81,-2.83693,0.3910761,0.09438088
128300.2,-3.841745,2.7664776,0.119461596
130938.26,-1.2496811,2.1066957,0.31909788
130027.805,-3.7189918,2.6208553,0.047997024
127835.02,-1.2144657,2.477044,0.22285515
123028.164,-1.4993716,0.44073558,0.037951734
116784.83,-2.9471984,2.7681801,0.0679728
128069.01,-0.2331224,1.5253736,0.18327586
125206.125,-2.5070522,1.2962911,0.26636502
116855.41,-2.902685,2.8001611,0.13949628
129581.96,-2.2917774,2.0707016,0.018674271
128478.79,-1.6927336,2.401195,-0.78611743
134829.84,-1.1780335,1.5108895,0.67754716
130233.88,-2.752375,0.41378814,-0.45561513
122768.21,-3.1025288,2.5169024,0.024638481
115845.805,-3.33765,2.350396,0.32420796
133678.83,-1.8977737,1.2175632,0.22774631
122541.83,-2.2626157,3.0869951,-0.11636708
116945.266,-1.6341876,1.6897392,0.02347482
127302.77,-2.3549685,2.0843945,0.19614822
126941.89,-2.0943089,3.1138878,-0.104245216
124125.625,-3.6988866,2.6064582,-0.043068834
120655.19,0.4289356,1.9748077,0.119371675
126390.12,-0.09972869,1.8877912,-0.35996118
117148.945,-2.2793548,2.543789,-0.020668635
117300.984,-3.2797182,2.5572097,0.26970857
120486.695,-2.9280522,2.4898362,-0.42572352
124030.58,-3.0108652,0.54750353,-0.060763158
128312.38,-2.395896,2.9872923,0.10705753
129533.695,-2.1133995,2.0834653,0.19394107
120910.46,-1.541446,0.870215,0.4215455
125902.18,-2.2285721,1.4883577,-0.51731074
116487.72,-2.359732,3.007544,-0.36557508
119067.68,-1.5908728,2.8020723,0.33418304
133787.39,-2.58538,1.4398923,-0.010650895
121620.21,-1.841025,2.7669134,0.043568455
116505.52,-1.945496,2.9969592,-0.018390957
117501.3,-2.5963283,1.8745967,0.14170276
134166.6,-0.944122,2.2464561,0.06719344
133415.4,1.337329,1.527798,0.15185934
120045.9,-1.6142374,1.8812813,0.2974356
119766.64,-1.9418646,2.6837313,0.18746914
124240.76,0.0063602882,2.3204086,0.10652181
124585.62,0.5459737,2.9749076,-0.09049806
127545.22,-1.4579895,1.0283927,-0.1017075
119615.26,-2.6369565,2.0228498,0.21206895
115356.1,-2.1782954,0.8785447,-0.034611635
118065.78,-0.2365066,2.7657533,0.1225764
118175.6,-0.70020264,1.6727254,-0.5542577
116947.18,1.4255396,0.96460795,0.59861946
121889.56,-2.170496,2.290428,0.09698615
122807.29,-0.65163505,0.523255,-0.21169765
117050.586,1.6107701,2.1737442,0.07298881
127682.4,-2.4204307,3.1148927,-0.11332957
120131.09,-3.010073,2.518987,-0.06927625
129632.234,-1.2766922,2.6590447,-0.29489863
133323.39,-4.191814,1.5489429,-0.10766543
116120.55,-0.55578196,2.6665118,-0.13019446
116912.27,-0.97261035,2.094334,-1.0896443
121581.23,-3.1666837,2.473209,-0.11492304
134228.33,-1.8146545,0.42379504,-0.062737375
120069.29,-0.8431668,0.18735471,-0.11393771
115472.05,-3.0518105,1.8863008,0.27649894
133303.56,-1.7046468,2.5131273,-0.05006475
123387.945,-3.2632027,2.2145014,0.12554424
125935.53,-1.3790603,1.7025342,0.059413925
131328.44,-2.8235962,2.4526484,0.685911
121287.555,-2.7013593,2.809947,-0.13703556
120921.625,-0.6978485,3.1204123,0.36498287
126260.17,-1.5521487,1.1011567,-0.87681067
118208.484,-3.3100145,2.851972,-0.21223027
131132.23,-3.164221,0.361912,-0.016650913
132343.34,-1.8051059,2.7660203,0.0057825176
117973.67,-3.0749247,0.0660587,0.09849772
119921.44,-0.8407981,2.3079405,0.16667902
119102.76,-2.0522323,3.0039377,-0.025891751
131955.58,0.16441767,2.438235,0.18879665
124010.125,-0.6621594,0.4132885,0.019320378
133051.81,-4.496874,2.9471958,0.02443465
134884.05,-1.796001,3.068109,0.11321501
130646.72,-2.2169793,2.3928375,-0.5074491
127203.53,-0.32028192,0.2095387,-0.4032066
115462.41,-1.4667951,0.6858245,0.15207739
121026.43,2.147945,1.6305618,-0.27631176
121109.46,0.99416107,0.70000064,0.0736885
121227.75,-0.5574219,1.5189936,0.26981366
120026.17,-1.6809143,2.9475708,-0.03250892
127512.95,-1.0068741,2.7781582,-0.088489436
132911.39,-3.3046055,0.33405054,-0.12409033
127433.78,-1.3585806,1.2639508,0.16230662
122644.91,-2.4368784,2.9159791,0.20423582
127898.98,-2.910502,0.017940879,0.009113174
116597.055,-3.1881258,2.3022392,0.12966157
126509.83,-0.83283293,3.0513475,0.009305737
117779.99,-1.8554966,3.0057065,-0.007031814
126257.74,-1.1669663,2.822135,0.17687514
130463.4,5.2793713,1.3680637,-0.18718253
132106.44,-1.8613665,2.869613,-0.00035608895
124170.97,1.5703087,1.8529061,0.7894685
127415.62,0.97652745,0.3129292,0.06441066
129579.88,-3.6629226,0.70013094,-0.073212415
126492.77,-1.9711322,1.5461047,-0.49422497
115875.01,-1.9481941,1.5232078,0.27678382
118811.945,-3.8058305,2.8046675,-0.05219091
115142.875,-2.4517682,1.7636385,0.20547223
124589.38,0.6401753,1.6998208,0.1525409
115152.85,-3.5620885,3.1208723,0.031317834
127380.54,-3.7918692,0.118412614,0.2136756
119739.31,-1.8933719,2.2636158,0.54360485
115046.01,-1.6512326,0.81159735,-0.0691763
115140.03,-1.2271453,2.6870298,0.0479635
122580.06,-0.44026473,2.7878118,-0.059521664
132821.88,-2.1482522,1.2903883,-0.2104968
115500.81,-2.2731981,2.522158,-0.34798735
128798.42,-1.8979958,2.9061234,-0.0072606425
125206.15,-0.2296414,0.59257674,0.070603564
119175.625,-1.1412523,2.891941,0.30761495
129080.39,-0.31799716,3.02614,-0.018607106
120635.38,-1.7201806,1.1239203,0.5509634
127233.85,-2.2958314,2.135586,-0.32730037
127385.41,-3.5239234,2.6898737,0.48111197
115443.75,-2.4284668,2.8261182,-0.057276618
126660.63,-3.2645335,2.8962557,0.07408638
132486.89,-0.2089306,0.86148375,1.1391323
124699.71,-1.3716928,0.05795455,0.0102488585
120106.61,-3.5883505,2.8624792,0.08947948
134687.16,-3.533678,0.38298592,0.027241534
121778.945,-1.5074197,2.6999002,0.5333687
115602.98,-0.07353476,0.81620836,-0.09143877
117336.24,-2.3864489,0.35702538,-0.010955606
119126.875,-2.0434933,0.19799829,-0.067949675
131541.98,-3.2257981,2.8272388,0.6193991
118455.445,-1.6561065,1.922139,-0.17456508
125987.7,-2.5134974,2.8191504,-0.070178956
118521.56,-1.8886102,0.5894636,-0.28479174
124223.58,-1.2218587,2.513428,0.12864532
115290.086,0.81159514,2.4294403,-0.16549104
123793.67,-3.771042,2.996645,0.1601875
120629.46,-0.70591885,1.0050621,0.1527627
119878.016,-0.53232855,2.914501,-0.021177862
132396.75,-2.9660194,2.3388195,-0.118378386
132166.9,0.6163094,1.2740515,0.15426755
116209.11,-2.9798656,1.7377267,0.20084117
127258.055,-2.8696833,3.0873559,-0.06444781
128189.41,-1.5477542,0.9087963,0.15495217
117119.89,-2.5412593,3.0698836,0.021754932
117140.33,-3.5577044,2.579749,0.18278506
127157.586,-2.4778519,3.0527704,0.03426663
121066.914,-1.6837296,0.19179201,0.039577056
131115.12,-2.5524228,0.41886127,-0.1507951
126363.36,-3.795038,1.7014859,0.20919423
127503.266,1.9529164,1.5732385,-0.24879238
130267.28,-0.7039583,2.5749152,0.16138847
120935.81,-2.2789192,0.1077342,-0.007863278
118100.12,-3.553392,2.795514,0.0068159346
119828.3,-0.4928432,2.2406838,-0.043631695
115964.41,-2.1566331,3.0978053,0.17764802
128561.625,-3.0267618,2.9125175,-0.025521081
131002.67,-0.2597351,0.073832154,-0.004676447
116714.45,-2.024943,3.06144,0.001600548
132242.03,-3.1723971,2.1631644,-0.018444253
131397.72,-0.3508451,2.308991,-0.529782
116088.3,-2.531067,3.1293895,0.12193554
128454.51,-2.0888815,2.6385305,-0.16379006
133126.66,-3.7166758,1.3658897,0.20598492
116061.25,-2.3713684,3.1261802,-0.3047016
126062.56,-1.5646635,2.9796643,-0.15181017
116237.1,-3.3253353,0.890884,-0.038597293
124748.46,-2.6273592,2.5329194,-0.03330117
120019.62,-2.660932,2.1209345,0.23085928
130166.87,0.022115747,0.6438465,-0.6185341
122130.45,-1.0318459,1.7946159,-0.102999285
121884.695,1.0430974,0.6277249,-0.27653384
121847.21,-1.5080137,1.5359353,-0.05949842
134589.73,-1.2596927,1.0950253,-0.16539216
119568.13,-3.0203407,2.5887933,-0.362314
122043.94,-3.7022698,2.2852068,0.07481066
128454.18,0.14251941,2.6661646,0.050494563
120413.25,-2.9559498,2.516735,-0.3420507
123310.695,-2.2031565,2.7666826,0.19630066
126459.234,-2.3154867,2.7046936,-0.034009475
126964.16,-0.7606289,1.2094461,-0.06826154
123345.95,-1.5888438,1.98443,0.037906017
126155.35,0.50720173,2.6603992,-0.062230185
117673.27,-2.9599006,1.7634405,-0.09475607
117178.95,-2.2662003,2.6532733,0.52833354
120640.25,-2.711045,3.008679,-0.0037489792
117485.086,0.086655654,2.8884335,0.05728627
125822.5,-0.41161487,3.0947604,0.033821214
134018.06,-2.4300418,2.8033488,-0.3475471
130194.26,2.320558,2.1515827,0.15805058
127263.62,-2.8593028,0.32746923,0.10616884
116036.13,-2.09628,0.8236001,0.057652455
117459.74,-3.7443874,0.9389483,-0.26496786
128686.72,-2.563792,2.0317621,0.0433047
124931.98,-1.8334954,0.8018452,-0.3478481
115969.266,-3.5097659,1.8123947,0.57750183
123641.16,-3.6167324,1.3293676,-0.2531363
121558.66,-2.081024,2.876806,0.029708883
131074.28,-0.9231996,0.21763158,0.051255662
122625.62,-1.0805194,1.6106393,-0.47324887
126855.66,-1.7674836,3.140531,-0.012539421
127647.836,-2.1667006,0.98687685,0.9311043
116532.23,-2.0674639,2.7990496,-0.17300482
127180.875,1.5114638,1.436085,-0.09581273
127059.08,-2.038582,2.960995,0.36206585
132093.17,-1.8418003,2.158337,0.21370368
124526.16,0.7897964,2.8911295,-0.122506484
125681.66,-2.6994495,2.7142787,0.014698191
124127.03,-3.2538116,2.7014701,-0.41580835
129064.016,-3.411421,0.31258202,-0.13568392
126837.05,-1.0870967,2.23004,0.30379173
120254.45,-4.3868585,3.1087747,0.18684733
116330.51,-0.9732459,1.6309289,-0.3225806
130697.11,0.44650063,2.9150462,-0.19541219
131136.89,-0.9993375,0.012911081,-0.19103143
119150.83,-2.9879723,0.32717583,-0.18100336
118355.12,-0.7392494,1.7758011,-0.45882076
119759.195,0.3591173,2.423163,0.3289763
134201.42,-2.2647467,1.5306087,-0.03802915
120606.76,-1.4926559,3.0221844,0.092028216
127078.97,-0.87115663,0.72036314,0.057898343
129279.72,-1.0493894,0.010525823,0.08068918
119529.46,0.09403905,2.8176684,0.07205548
130410.25,-4.381069,0.7686691,-0.12382942
116954.27,-1.6988617,2.594742,0.07743712
119165.13,-2.987065,2.878475,0.03812058
123471.05,-1.622678,2.151602,0.080391526
123833.125,-1.6333483,3.0493743,0.078267455
127322.92,-3.125838,2.5146744,-0.48457855
129194.78,-0.1584408,2.6438527,0.4697465
127745.695,-1.8733667,2.4222298,-1.5408475
130950.52,0.29712763,3.0631685,-0.018302437
117857.96,-2.6453955,2.6877475,0.6257182
118979.99,-2.6665423,1.6755909,0.44610578
125335.945,-1.9915192,0.076064825,-0.023638874
117110.77,-1.1800356,2.7105258,-0.041200437
126631.36,-2.6611624,2.5366988,-0.07681123
118088.11,-2.6883984,1.4942567,-1.2195777
123129.82,-1.8176658,0.54015356,0.11714813
130274.94,-2.135533,1.932844,-0.07772924
124515.266,-1.1041627,2.3911743,0.4320203
121337.0,-2.8038297,1.9527972,-0.15213963
129338.73,1.0810393,0.15372515,-0.014243598
132869.58,-2.8306615,1.5135245,-0.06634288
132266.61,-1.0769796,1.6199584,0.16559191
119077.84,-0.85773075,2.5034807,-0.18057668
130260.22,-1.2195741,2.6127772,-0.073683865
120214.5,-0.43034372,2.920763,-0.02779841
118755.73,-3.2747717,0.52480555,-0.072345175
125713.06,0.09829583,0.4714304,0.10666191
122434.016,-1.8325212,2.181487,-0.0042115427
125987.45,-1.7906344,3.0809746,0.038089935
132654.7,-3.4201908,2.7755985,0.10514901
125160.82,-2.2113628,2.3788047,-0.2946445
119903.7,-2.4992406,1.7781563,0.02693254
130685.875,-3.6665168,1.026985,0.12220522
132578.33,-2.3095968,2.2153068,0.8628105
130723.31,-0.6751892,3.1297905,-0.06141596
126333.95,0.36420745,1.5318055,-0.61636597
125383.766,-0.55587083,1.5170958,-0.1580383
128679.06,-0.10699425,2.4493294,-0.008991208
129460.445,1.0687377,1.8959523,-0.31930315
132156.84,-0.12641877,2.9982784,-0.15482543
124633.48,-0.4507689,0.14741302,0.013679806
116489.945,-3.8965847,2.7827249,0.08444966
116765.336,-1.7792407,2.890305,-0.062514246
131497.02,-3.432145,1.8341898,0.043328293
121020.125,-2.1976159,2.381989,0.12712142
133235.34,2.796651,1.9503647,-0.07874043
127088.85,-3.9877267,0.8156019,-0.15033099
134148.62,-4.2737722,2.427003,0.014126668
117270.234,-0.80685675,2.8454785,0.44983676
116283.84,1.2525979,3.1066222,-0.13217774
134259.9,-3.361652,0.9972947,0.12740539
118949.72,1.9922074,0.7565373,-0.38732433
129619.73,1.8008945,3.0981405,0.024006195
128603.1,-2.2631054,2.8829784,-0.18666907
120569.195,-2.2381265,2.7002208,-0.174983
121733.93,0.19145302,1.1874336,0.1003564
118382.99,-0.52776664,0.45214733,0.10205211
120890.6,-0.15339987,1.2941086,0.28822097
115928.62,-0.028916609,2.6242342,-0.11965609
117404.01,-0.5940355,0.979631,0.059394468
133278.56,-2.4356592,0.9554783,4.4874907
126574.63,-3.3703403,2.8726568,0.1849378
122339.71,-1.6487572,1.805195,0.10893075
130139.914,-3.4954243,0.15867805,-0.026558204
123932.6,1.7784029,1.7859681,0.20969276
127038.016,-0.9114867,3.1189418,-0.17141654
123506.016,0.56176937,2.218676,0.20624813
115697.945,0.09364899,2.534911,-0.054974902
115659.555,-0.8488137,0.77211225,-0.08080414
131536.14,-1.5495135,2.214117,-0.22452578
119896.6,-0.023633583,2.774978,-0.03740572
119573.52,-2.5832686,1.7117443,-0.077580824
118268.125,-3.7248006,3.0835595,0.10544968
133466.23,-0.3493956,0.19318867,0.03705088
134114.25,-2.9314783,2.59906,0.0015117213
121114.75,4.7025476,2.7013903,-0.19352865
123853.83,-3.0525715,1.815757,0.044016443
115927.1,-1.5376391,1.8718715,0.27180302
118465.61,-3.3648543,3.0307047,0.098038785
123636.05,0.0633897,2.9246702,0.11453769
119666.58,0.69991475,1.236382,-0.4849085
130230.45,-3.040834,3.0680075,0.11782734
130980.445,-2.1348448,2.4035819,0.18771209
121050.79,-3.2384694,0.41485548,0.10282455
128902.3,1.7026432,1.3393075,0.35177776
128806.35,-4.0949783,3.0915813,-0.011709476
131801.22,-0.7521231,2.8757584,-0.25079784
116621.91,-3.0322182,1.4648688,0.6713215
120965.03,-3.232032,1.5269985,-0.11267471
134459.8,-1.9448214,1.3062817,-0.12279453
117092.055,-0.29763767,2.9305444,-0.5887587
119903.734,0.15053494,1.6840401,0.09956786
116469.14,-0.95360833,2.2452393,-1.9798112
127172.28,-0.7518464,2.637185,0.43357092
115306.08,-3.5357997,0.8593366,-1.054065
125230.71,-2.104761,2.1815338,-0.039735414
134863.86,2.203712,1.991372,-0.19274619
117918.94,-2.9142528,2.2048292,0.30469698
116801.38,-4.162886,2.1431482,0.03551815
115532.336,-4.0658436,1.7053632,0.8734358
119769.24,2.5950773,2.0420854,0.14492075
125787.96,-1.5406274,2.8224926,-0.009291563
115747.734,-1.8807439,2.1361637,0.2623393
133522.25,-2.5433025,0.8172901,-0.062911384
120781.12,-2.1601167,2.8917198,0.02621563
115207.805,0.11272341,1.2748893,0.1203404
131946.88,-1.8676326,1.441196,-0.037562955
131467.89,-1.1380446,2.7730606,-0.12780373
117206.734,-2.1168876,2.8099403,0.047665127
122841.22,-3.1483872,1.7588037,0.26376757
120516.625,-2.5861225,2.6641984,0.015327203
117889.81,1.8867544,0.9917847,0.11976183
115904.73,-2.6509128,3.1130044,0.015052221
120394.33,-1.3649014,1.842628,0.0714498
119970.39,-2.1776543,2.1182947,0.18972717
124515.64,-3.8796442,2.0948012,-0.1300137
122933.94,-2.3975816,2.9450173,-0.17030542
126093.56,-1.3897322,2.7177813,-0.14004616
119588.86,-2.7002742,3.129714,0.015990581
123519.26,-2.014883,1.0868952,0.26975188
134788.84,-0.7130204,2.691173,-0.7191488
116758.38,-0.9865987,2.9078736,0.038804267
118038.5,-0.124907486,2.7156837,-0.06246349
120642.77,-1.2160354,3.0821762,0.12672728
124490.984,-0.89207405,1.6052862,0.06618226
123950.13,-2.4945269,2.8953078,-0.12051312
120977.14,-1.7285994,2.538543,-0.22120336
131439.9,-2.8575885,1.0090417,0.075052164
120118.71,-0.7457219,2.8538857,0.1236613
122843.21,-0.5376902,2.9969442,-0.069791146
124421.984,-0.3994118,0.25065947,-0.1385675
130265.24,-3.2054045,2.7693882,0.07880066
123256.83,-2.5093446,2.3992453,0.73593515
121064.16,-0.8827555,2.8911374,0.20462887
123053.41,-0.96732944,2.8336084,0.37674966
124851.16,-0.51100373,1.2129034,0.342762
128597.695,0.28204218,1.5560071,0.21408041
115049.27,-1.4411557,2.3062856,-0.22513734
126078.28,-2.6913433,3.0529225,-0.020466922
119709.266,-2.7964578,2.8125424,-0.06447268
117958.23,-1.4654166,1.4852147,0.3394163
127538.03,0.46873513,2.9664786,0.7162141
126680.1,-2.2960196,0.86911976,0.072696306
126342.99,-3.3724341,2.8907418,0.008672086
121796.836,-0.6111884,2.6695173,-0.025364632
128476.79,-0.89685804,2.8704805,0.48591328
132958.44,-3.320636,2.719157,-0.047072362
117221.15,-2.5554612,2.6376753,-0.11230231
121175.5,0.36617166,0.6940984,-0.20192517
120562.01,1.1146601,2.399617,-0.27856222
122552.55,-3.5514927,0.6997597,0.27609304
115663.055,-3.2929766,3.0211136,0.009619372
118576.88,-1.3755474,2.1991365,-0.27933466
119799.016,-0.114667475,2.182545,0.15307
115951.03,-0.36962834,2.979022,-0.20210114
118745.24,-3.204186,2.3540492,0.7232491
129514.016,-3.2101598,0.9609878,-0.012575346
126291.336,-1.6814468,2.6750703,0.02086567
132274.95,-1.6753194,1.0774357,1.3441556
123666.34,-2.9709325,1.1374165,0.13771251
129703.484,-2.3826017,0.89106023,0.1016489
116996.81,-1.8670007,2.8267536,-0.02457325
129883.266,-2.435565,2.1428752,-0.0817542
116353.42,-1.7601328,2.739178,-1.0804185
131510.14,-1.7643623,1.320374,-0.06947155
115349.305,-4.67209,3.0079763,-0.101508275
124128.0,-3.3461547,2.8967016,0.025542365
116132.12,0.22330375,3.0189734,-0.12567936
121936.8,-2.1356442,2.1915195,0.07330554
134416.0,-2.6317427,2.658592,0.2351881
124710.95,-1.2924225,3.042927,0.038837776
119028.4,-1.0764554,0.11909878,0.126229
117092.91,-1.6455009,3.09713,0.009770683
115053.03,0.9927,2.9474626,0.021372404
134340.36,-1.0705177,2.9837365,-0.06494269
133741.38,-1.2210684,2.8983502,0.25408173
117134.9,-1.4653924,1.5768349,-0.40393496
122310.445,-2.0942035,2.2865977,0.046891678
117431.016,-2.6992846,0.9103266,-0.07492678
127267.766,-1.102359,0.3881817,0.046201013
117158.36,-1.1468885,3.1188183,0.055041723
131200.66,-0.7450114,3.0007055,-0.07130733
116153.0,-1.3079777,2.503108,-0.02578414
119979.055,-0.6803785,2.0307662,-1.3823462
117352.84,-1.7674203,2.2070098,-0.31968957
123158.2,-2.1028445,2.518367,-0.14442016
133909.73,-0.5638036,2.1413488,0.18667936
122580.77,-2.759625,3.0330646,-0.17629278
121589.32,-3.5981257,1.223732,0.031417616
128120.945,-2.9959686,2.4721427,0.12491374
115885.23,-4.6549726,1.7567338,0.019785028
119309.86,1.3185661,2.0467238,0.41479632
115486.625,-1.2086643,2.1301947,-0.10821104
117185.125,0.40048504,2.415082,-0.109497294
129368.695,0.7970455,2.2793171,-0.21333936
126876.93,-3.5473278,2.8502448,0.10307034
125179.586,0.279584,2.2018297,-0.22594006
117491.3,-0.6760666,2.225643,0.7417721
123954.695,-2.138695,2.323737,-0.30716494
126689.31,-2.8030355,2.284518,0.9149779
116363.38,-0.081025966,0.1907556,-0.00898631
124781.625,-3.1828701,0.07825035,-0.012295254
119251.35,-0.1468048,2.3504798,-0.02872989
116917.945,-0.950775,2.770005,-0.07910189
123366.82,-2.5301886,1.9105046,-0.48641637
132334.75,-0.73374337,2.2242277,0.23408651
129351.37,-2.9471042,1.5746913,0.5117509
118372.18,-0.5171558,1.2371088,-0.27025214
120783.96,-0.48985508,1.3114461,-0.30031133
119059.84,-0.92247546,1.5209944,-1.8985025
127062.086,-3.2089386,2.5943677,0.11168252
133206.08,-3.1392756,2.2347991,-0.09463208
121194.66,-3.0354612,1.3484882,0.0662039
117190.44,-0.1276556,1.5098085,-0.1008554
133064.47,-3.9790747,1.6602317,-0.025093665
125346.57,0.78965956,2.3860226,0.08239529
119407.125,-1.7474154,2.9960651,0.13447054
132002.61,-2.9301424,3.0898218,-0.026138637
118698.02,-1.6169446,2.6986578,0.04358715
119288.086,-2.9118109,1.0681355,-0.07079155
131186.25,-1.6167969,1.0021515,-0.095986284
127012.8,-2.3963923,1.593395,-0.252242
124435.29,1.1274644,2.7059898,-0.012976631
119618.68,-3.6880434,0.5389858,0.10937376
130853.21,-2.7976305,2.0689118,-0.021483786
122146.84,-2.2824154,2.2306275,-0.19715697
117894.13,-2.4290361,0.5010159,-0.31223956
122793.76,-3.358826,3.1377792,0.046903796
129674.055,4.641429,0.39111662,0.10503351
133987.02,-3.7485154,1.9155997,0.066081725
116828.95,-1.4235913,2.752972,0.07762231
120054.47,1.2298849,1.4720281,-0.19351779
123531.19,-0.13385133,1.7881852,-0.2510621
127275.96,1.5822922,0.98449326,0.108030975
121493.55,-2.45582,2.9274318,0.33195645
122228.805,-0.64206374,0.23293766,0.10880431
129817.21,-2.1972585,2.7810633,0.29628095
131047.516,-0.29316482,0.59386253,0.07012096
125486.2,-3.9720316,1.076399,-0.03073787
127730.08,-0.5072159,2.0151162,1.0910416
131008.06,1.2290883,1.282415,0.3869682
121156.234,-1.2595003,2.6127915,0.42915422
129202.43,0.26397693,0.8168653,-0.103433535
132481.34,-3.4335725,1.6124051,0.12984882
115431.26,-1.587381,1.0759319,2.3740237
121681.77,-0.861396,3.0350604,-0.6476978
116568.84,1.688806,0.4426332,-0.04609818
128540.97,-1.8636179,2.0428066,0.036913306
130040.71,-2.1476815,1.8778466,0.068707526
125546.03,-3.1338708,2.1515145,0.09116302
122880.58,0.5564788,2.6760252,-0.6159099
116760.22,-2.2526188,2.9710033,0.061652843
131624.14,-1.3752041,1.492427,0.057520833
118950.51,-1.4616631,1.7389551,-0.012596174
119281.11,-0.99981093,1.4035858,0.14587267
118238.0,1.7467842,2.0141993,-0.17205976
116914.336,-1.7693152,0.05387181,0.008113023
115554.38,-2.2483857,1.9262626,0.079991
132272.64,-3.4033284,1.9653628,-1.3482112
118487.26,-1.9288712,2.7319913,0.44130984
118280.82,-1.9578674,1.6245706,-0.097123004
134516.67,-1.5512561,2.4915926,-0.00043086306
125919.234,-1.7398014,2.6338167,0.005077056
128825.484,-1.2497962,0.24444842,-0.059019845
134468.0,-0.74701434,1.5125501,0.45794526
121621.18,-1.4577391,2.7212903,-0.20159763
128349.375,-2.5228093,2.4005814,-0.19055916
122313.27,-3.126092,0.5109246,0.07096894
121066.555,-2.4345696,0.25478184,-0.57867295
128476.99,-2.324628,1.5432463,-0.09874689
122436.7,0.85595345,0.06804848,0.023573076
127513.09,-1.043167,2.4219687,-0.24763973
115387.61,-1.921633,2.745052,0.11624539
122825.43,-3.0925477,1.8340496,0.19326973
115142.266,-1.5450213,2.0051436,0.022059878
124209.36,3.4253597,1.1099355,-0.2329894
133516.61,-1.8388926,1.6737411,-0.32999834
129488.79,-2.0049016,1.8856866,0.19762595
133864.39,-3.101957,2.5095537,-0.22845572
119823.055,-2.9291031,1.7955344,0.10476223
121393.28,-3.3382978,2.809451,0.1140096
129780.445,-0.30810738,2.2173638,-4.715192
115489.27,-1.5133725,0.91924334,0.062162828
126493.71,-2.3383856,2.9346886,-0.040997017
121063.67,-3.6638637,2.9344535,-0.049635947
133060.27,-1.5875969,1.064783,1.4657056
134662.61,-1.3791952,0.5216576,1.7512044
134118.75,-1.0894833,2.827983,0.04746927
126412.11,-0.0155724725,0.5094512,0.1011557
132736.11,-0.72176224,3.058902,-0.071946286
124107.79,-2.2277062,2.21777,0.15468594
116324.96,-3.4531083,0.90637004,0.12818205
118246.48,-3.4775565,2.0047548,-0.16142023
115926.02,-0.5666307,1.637826,0.13151133
116228.43,-1.1607819,1.2870222,-0.28951812
131849.1,-2.2349372,3.1257942,-0.28409228
121921.79,-1.6613051,2.868847,-0.22468963
129041.195,-3.2696338,1.4301999,-0.18237272
124066.586,1.4822052,0.34526634,0.041643612
123524.96,-2.3340302,2.6581151,0.06934872
121783.54,-2.3328009,1.2675575,-0.08420454
118896.3,-3.0257385,1.9908341,-0.4240979
121644.02,-2.7780666,2.133366,0.4208106
119236.91,-2.755935,0.3085531,0.13136937
125752.73,-2.3014326,2.2479727,-0.16055761
124919.89,-0.42430076,0.14446288,-0.032567136
117991.92,-2.8166142,0.1185621,-0.0006911412
121924.81,-1.9489379,1.709154,-0.20840836
124190.555,0.92526174,3.1164558,0.07602752
125270.09,-1.6470579,2.1653652,0.17566858
132328.72,-1.936553,1.4574468,0.28341213
116255.234,-2.8395722,1.4454353,0.35266504
128867.266,-2.707974,0.7237399,-0.5150036
121342.04,-1.076329,1.6628722,0.08351211
125453.0,-1.4736929,1.6528689,-0.4024561
124000.88,-0.72289896,0.032642186,-0.38413584
123528.164,-1.5419692,3.091137,0.044440884
133517.1,-3.583895,2.5180557,-0.042720173
122675.336,-2.624779,0.54412955,0.056186635
125037.06,-1.2994579,0.99829805,0.4954651
124157.44,-1.9776107,0.17351699,0.06482297
116308.3,-1.8877355,2.7040787,0.17638162
121608.82,1.55714,2.3389843,0.121606454
115791.76,-1.2354418,2.3930857,-0.5176967
133203.86,1.0694602,2.4095073,-0.27433962
131154.95,-0.99986064,3.0547345,-0.0037547732
132359.28,-2.896389,1.5007942,0.36688346
118802.516,-2.1801805,2.5679731,-0.7068568
123415.766,-1.0006127,0.6685695,0.5007434
122770.54,-3.7777414,1.4691471,-0.22829372
116911.65,-2.433695,3.0890336,-0.0070796716
119534.17,-0.80049396,2.9717684,-0.06800874
134558.94,-2.2577496,2.0685048,-0.1168716
127984.055,-1.3845726,2.9635034,0.022376843
129967.82,2.8828106,0.36542603,-0.09047024
126096.6,-1.9528803,2.9943461,-0.8156705
125882.96,1.0250145,2.802443,0.024569727
133977.6,-2.3545012,3.0318575,-0.35987806
122214.93,-2.8100874,1.7490878,-6.1658773
124896.78,-1.8678248,2.9573429,-0.07431005
121633.71,-1.7561173,2.4424715,0.876006
131814.56,0.18794435,2.6462698,0.06456223
122128.52,-1.8219328,1.2378104,-0.41381264
132280.86,-1.8474226,3.1253533,-0.19985583
130400.02,0.9547422,0.9174826,0.120035864
124975.65,-1.3820628,2.6604605,0.93326277
120938.39,-2.209735,2.4608555,0.30055812
123077.95,0.53246236,1.2173761,4.772814
120134.15,-1.9025483,2.8538723,0.064508155
115691.28,0.26289493,2.7343543,-0.22332764
121302.914,-0.6881479,2.642194,0.054388
122758.21,-0.500437,0.0011446476,-0.07055953
129936.62,-3.2457275,2.8558192,0.3156902
123461.8,-2.8400896,2.6593633,-0.085332096
127394.82,-0.064043686,3.0201983,0.0019014046
124470.69,-2.6442783,2.221729,-0.22745013
134757.4,-3.4068072,1.2287362,0.5208975
118036.016,-2.2428722,0.6923804,-0.15987663
119299.875,1.1334972,1.8354925,-0.19174865
133032.34,-2.6557097,2.942509,-0.7547376
129712.47,1.318073,2.3030922,-0.38321358
123429.945,-3.1236734,2.9070752,0.27948955
128227.94,-0.80458546,2.3896482,0.3137824
117835.7,-1.8472955,0.23633307,0.06384296
115285.15,1.0365318,1.2802474,-0.116657585
118132.95,-0.1777645,1.1533644,-0.3576488
133631.72,-3.3190892,0.9753028,-0.0939073
131902.56,-1.580191,0.8758811,0.11799485
126750.79,-1.4181498,2.534706,0.0021612984
133866.19,-1.1070539,2.8199162,0.12185186
123898.305,-2.84201,1.1409062,0.19401483
115645.99,-1.9601519,2.2675216,0.017952045
117416.74,-3.7448134,2.6760414,-1.1748724
122218.76,-0.7093661,3.059002,-0.2073416
116547.7,2.4102964,0.40105343,-0.28924653
115121.52,-0.51211447,2.115105,0.29480425
132918.98,-1.6890792,2.5497081,-0.22976218
118100.43,1.1707275,2.922424,0.08889146
119543.95,-1.5161309,1.756278,0.20050976
118958.5,-1.3780514,0.520314,-0.048282597
122205.19,-0.3406945,2.561746,0.054254714
131575.61,1.1628538,2.6256075,0.017917817
130014.45,-3.3504274,2.5094104,-0.12163249
122851.18,-0.7819671,2.7269807,0.16965732
122654.25,-2.7929366,2.1604369,0.22497776
128553.98,-0.053947035,2.7481687,-0.08734217
124917.52,1.8456604,2.1626806,0.30442116
116171.445,-0.81593835,2.9209054,-0.22687942
125627.984,2.0364492,2.8634615,-0.03195146
120615.17,-0.5616909,2.567146,-0.6749104
121215.25,-0.03965848,1.286737,-0.18083873
119214.14,-1.7591825,0.83474624,-0.09160537
123958.26,-3.4273548,1.7029699,0.9068483
116092.11,-2.5895467,0.26634765,0.041724198
129839.63,2.391975,1.6781998,-0.15135531
125514.24,-0.72187394,2.4816709,-0.13326465
128029.2,-1.1063474,1.0474875,-0.85699797
134984.16,-2.8332553,0.37457162,0.1722695
119193.22,-2.9904065,2.5957909,0.042648043
121013.44,-1.0186787,1.2317476,0.102101095
124734.56,-1.0466852,2.9260795,-0.07346336
120946.914,2.5915842,1.5114573,-0.17591022
131904.47,-3.0834498,3.0540383,-0.100234866
131241.7,-2.317692,2.4043028,0.30124995
121018.984,-2.0831516,0.64448035,-0.057132237
122760.22,-0.45539144,2.6628428,-0.36977157
125856.53,0.09173621,2.7975297,0.1405283
116817.38,-2.8915615,2.0075812,0.1990524
125077.87,-3.300296,2.7880626,0.09289202
124455.516,-1.5113243,1.6030279,-0.21040568
117702.14,-3.2684627,2.6804929,0.1627841
133812.83,-2.7809203,1.9819968,0.24267149
126713.24,-3.5246565,2.7942371,-0.017112404
128685.76,-2.2615283,0.45406407,-0.22053033
115636.97,-3.2877526,2.8316808,0.08006515
122555.28,-1.3110617,2.6915882,-0.03806395
129122.01,-1.2894164,3.0457537,0.06819354
128730.945,1.1468439,1.7791855,0.29742026
121091.16,-3.850359,2.7860928,-0.05979011
124217.305,-2.2372475,2.2323093,0.60031086
117586.0,-2.5515673,3.138987,0.3340272
125568.625,-0.67053926,2.2289827,0.19590743
124242.03,0.97580624,0.27835387,0.22185507
119363.97,-0.5540843,3.10934,0.010413724
133535.22,-1.0917393,2.402127,-0.23436753
120453.42,-1.9404753,2.6715324,-0.63983464
126345.3,0.9311452,2.1225626,0.09103949
117494.945,-2.155772,1.760056,0.21353053
118731.695,-3.3227515,1.683792,-0.1484034
133894.33,-3.353961,1.0240545,0.08191114
129359.27,-2.8789814,1.6150724,-0.06015255
125033.87,-3.745388,1.9223619,-0.19690041
121444.89,-2.3974113,1.9935911,-1.0378329
134454.03,-1.7373841,3.0060246,-0.06557941
123084.016,-0.61230904,2.581411,-0.17133482
119322.33,-3.8695638,2.2788877,-0.11539359
123074.32,-0.9048834,2.1856532,-0.13559486
124031.15,-2.017431,0.016483903,-0.0008182827
119758.195,-0.41176438,0.9302321,0.3092219
132031.47,-3.8675983,2.8885326,0.13716495
120726.54,-2.0270872,2.5318704,-0.06278316
121094.836,-2.0278394,2.635847,0.18349679
127792.84,-0.92764187,0.97321725,2.10625
118955.2,-1.886064,1.9847395,0.15328369
131671.52,-0.4736606,1.6327267,-0.209738
127132.89,3.1355104,0.7287567,0.1319723
131049.016,-1.7761015,2.864772,0.07884916
133284.17,-2.205303,2.6192842,-0.2396077
121135.59,-1.593936,2.882313,0.22570366
123216.28,-3.1196957,1.324202,0.17432345
122949.12,-2.686561,2.5531654,-0.036222044
127291.51,-1.922455,3.0340261,0.13588569
115027.234,-1.1641632,2.1897292,0.20618038
115133.51,-1.2068983,3.1095479,0.014410105
130774.66,-1.986254,2.1394129,-0.3170321
118922.586,-3.5477304,2.5272133,-0.13898328
134533.61,-2.1156166,2.7003942,-1.7228698
123303.58,-2.7017198,1.4928836,-0.7164092
128069.766,-1.836422,1.7075787,-0.42721453
126362.13,-1.8979793,2.86513,0.11731139
118125.9,-1.4800195,2.7103524,-0.27813157
126245.25,-2.0464547,1.1729343,-0.073995195
132229.34,-3.448818,0.6677866,-0.8110809
116330.64,-0.35476977,2.5469334,-0.18056859
115589.49,-0.558595,0.5760602,-0.06690531
117278.52,1.159001,2.2711067,-0.58374625
123387.42,-3.2459383,2.9310336,0.17810479
119451.64,-2.337397,0.062454224,0.048778217
118127.02,-3.5955226,3.0086026,0.03272181
119471.78,-2.4985912,0.168455,-0.08959876
120495.1,-0.61601526,2.5974374,-0.24601628
122832.32,-2.2134414,2.073477,-0.039362404
121044.836,-3.0336988,2.0000453,0.10389885
117626.52,-2.3229194,2.8483427,0.102048025
117879.07,-3.9971008,2.0628319,0.0865821
128299.01,-0.52407235,0.78422344,0.052440774
116490.65,0.33177963,0.19453472,-0.047404844
132759.05,-2.8353612,3.0894146,0.01847631
127408.61,-1.7331342,2.8044736,-0.10041158
131007.03,2.5370145,2.6142197,0.12130115
121455.24,-1.0510882,0.23977208,0.034416173
130585.77,-0.4990631,0.60331786,-0.15538035
129987.19,-0.7775482,0.9561687,-0.17944871
122976.2,-3.0518024,1.7092352,-0.12969491
129486.12,-0.036568537,0.5307417,-0.05886109
121907.57,0.111274265,2.9553702,0.027810954
128563.516,-0.61848354,3.1292796,-0.25668865
116374.44,-1.5842097,0.27199697,-0.024231153
115814.164,1.6760374,2.7036037,-0.03018826
126057.08,1.0497165,1.7112045,0.32024184
117711.81,-1.4405884,2.5585024,0.17820422
115361.16,-3.3520517,2.817107,-0.6706312
123372.25,-2.2385204,3.042363,-0.0068152496
126123.47,-0.98138165,2.25886,0.20913893
132775.9,0.028875807,0.09137106,0.006077067
119041.92,-1.2168108,0.44388175,-0.093067095
115869.3,-2.414192,2.9026399,-1.2293897
117099.1,-1.0551996,2.5587125,0.086687975
132183.69,-1.9106153,2.5587044,-0.050239567
126840.89,-3.833137,1.8825816,-0.08945287
119036.336,-3.0552225,0.8210132,0.04965196
125242.04,-1.4420501,2.9355338,-0.21052068
124738.64,-3.0744834,2.9899917,-0.085371755
127146.09,-1.0231375,0.57425916,-0.19545251
118358.54,-1.6368736,3.0477479,0.06023095
116694.05,-2.828611,3.0358171,-0.016713165
128311.18,0.14930195,2.4575162,-0.23878822
117707.11,-1.715793,3.0583987,0.06105784
127945.65,-0.65628713,1.9890201,-0.07299985
126386.5,-3.1223936,2.7813573,1.247471
132883.28,-0.25325176,1.1082697,0.3838348
123500.82,0.71667105,3.0373585,0.005314214
124877.04,-2.422221,2.5963838,-0.03588524
126962.83,-2.8054197,2.7770257,-0.08640959
125000.25,-2.6291223,2.6803048,-0.11651897
124191.95,-0.6641969,1.4102288,-1.2648352
121233.234,-0.8405918,3.0473619,0.03177161
127052.62,-0.60860735,3.1130023,-0.12676395
130761.625,0.92404145,1.9963473,0.17622301
118258.6,-3.2568734,2.913,0.11982937
120893.11,2.0088243,1.629828,0.247635
130209.39,-0.05288853,0.58055884,0.31418318
118249.03,-1.9137652,2.255988,-0.040984627
126278.23,-1.7200623,2.9671612,0.0668903
123193.98,-2.6837974,2.7406871,-0.17602609
129839.53,-3.0428815,1.186749,-0.13085522
126993.42,-2.7089384,2.377324,0.2921067
133339.4,0.64060926,2.5337856,0.12435838
125978.81,-1.6749883,1.811626,0.51256824
130312.375,-2.1447349,0.14809465,-0.4559677
133943.06,-1.6630906,2.349104,-0.9706793
116547.86,-2.0266006,2.6611447,0.87838364
130209.29,-0.63888174,2.7343438,1.2194084
131885.7,-0.08995617,1.334066,0.39168358
115106.805,-3.3600454,1.5408857,0.13509786
119860.89,-1.7979184,2.7941477,0.8027348
121330.36,-1.1276592,2.15646,0.354521
121511.484,-0.019062031,2.091864,0.124315925
128274.71,-1.0527548,3.0970545,-0.0349179
124128.36,0.9457948,0.11263716,-0.086374454
123096.84,-2.8847206,2.3929124,-0.03120646
127280.34,-4.3993526,0.20835036,0.031320244
130635.31,0.5336519,1.8148751,0.11732977
131828.7,-2.5891006,0.6867995,-0.1186104
117966.01,-3.867333,0.8667805,-0.05431452
132447.62,-3.6137443,3.0575318,-0.041225653
119450.3,-2.3608925,1.4050926,0.18710758
125191.04,-2.0522096,1.7902485,0.20413184
133864.1,-3.3498278,0.2634039,0.25748873
121701.484,-2.9418218,2.9545043,0.10403315
125444.69,-1.9389791,2.693808,0.12655388
133820.1,1.1408298,2.0747066,-0.1334329
115184.055,1.5838716,2.2084231,0.18656938
125975.13,-1.5346526,1.5992483,0.23902234
127332.93,-2.1832774,2.4945922,-0.9940133
134717.98,-0.11382636,2.3365633,-0.20109037
115770.69,-3.5338237,2.5419993,0.06836157
128564.94,-0.90138775,1.986148,1.0774878
125466.46,-1.0048493,3.0524826,0.0076918025
121163.85,0.7057009,2.504212,0.20361392
126209.61,-2.866334,2.0983536,0.12614682
123314.05,-2.2455008,0.33729357,0.038260955
120919.25,-1.1281662,0.6905992,0.025122581
120736.875,-1.6024268,3.0389204,-0.07654353
117002.234,-3.0839078,1.1073997,-0.34632403
118927.39,-2.3617835,1.5458156,-0.18052316
133273.27,-2.0671835,1.7400441,0.035880666
118894.79,-2.8005154,1.6085001,0.4149664
116972.37,-1.6973866,2.27774,0.43858904
117149.734,-2.2934215,1.6176704,0.8903388
124082.22,-3.428735,1.2594769,-0.34466323
118756.07,-1.5421149,0.9702258,0.102141686
116755.84,-3.492432,1.7987872,0.44059587
134388.66,-2.380368,1.8845018,-0.71312815
132332.02,-3.0230994,3.04324,0.08884085
124837.52,-2.8278923,0.5480535,0.55936164
121500.11,-1.6590462,2.631462,0.2998131
118273.06,-1.3317722,1.8594915,-0.8638664
130420.13,-0.5474456,2.1935174,-0.55449176
127962.62,-2.2220678,2.6524966,-0.46707538
116328.266,-4.0397377,0.05875802,-0.02126939
120869.06,-4.149072,1.3116499,0.13096751
119852.45,-1.4319266,2.4716408,-0.09193399
118446.34,1.4423162,1.0972159,0.071683496
118082.1,-0.28550902,0.36310673,0.026923826
132986.16,-4.4134984,2.5343888,-0.96048063
128527.96,-3.098066,0.92918044,0.021768315
118323.5,-0.12116161,1.5690126,0.07575101
122642.44,0.38357276,0.9077831,0.30926317
133923.98,-0.77765435,3.085825,-0.07427723
124865.29,0.053781252,2.0706491,0.3156904
125370.07,-1.9247361,3.0213,0.04856623
131470.16,-1.0938447,3.1359763,-0.040536642
125884.52,-2.1677303,2.0569196,0.023748823
119037.08,-1.9085907,2.5316253,-0.20936792
124079.7,-1.4952018,0.6567303,-0.22344452
125924.625,-2.1082253,3.0103047,0.02291095
126674.02,-2.045597,2.3691604,-0.5336802
119578.69,-2.02915,0.69074154,0.077953815
121297.12,-1.0492878,1.3722962,0.6166496
134389.12,-1.681833,1.8912629,0.5356793
122137.63,-3.8927991,1.2074552,0.68396837
120437.85,-2.6446888,2.0697222,0.3143073
132899.53,-1.4789838,1.357072,-0.21044981
130782.91,1.205043,2.2953565,0.36774805
132598.5,-2.8844345,0.85348445,-0.22670066
127702.164,-1.7077106,2.5776577,-0.00034520315
124117.72,-2.458625,0.52881193,-0.10444087
129490.76,0.06152583,2.6994755,0.027551817
134489.4,-1.7167768,2.8180668,-0.13215505
134898.61,-3.016582,1.1649141,-0.2971799
130576.71,-1.4367603,2.095185,-0.61361766
126410.8,-2.3088777,2.645037,-0.22268249
117940.92,0.5027921,2.0589228,-0.10822327
128276.81,-1.0842043,1.8592346,-0.15289247
116760.18,2.2039165,3.006011,-0.020456856
130705.02,-3.066497,3.092373,0.024008416
130714.18,1.3038783,0.5459218,0.16125934
117685.58,-1.6972383,3.0801165,-0.8750543
121922.74,-2.0693376,1.4560262,-0.11435403
124767.6,-2.4106936,2.8061395,0.0394238
130637.56,-2.2764444,0.41548514,-0.32308385
131419.47,-1.6221706,3.0151377,0.1507287
116160.11,-3.9867427,0.021343052,-0.018266555
132807.94,-3.3469348,0.581456,0.13601321
116397.14,-0.4573502,2.496796,0.362182
117546.82,-3.0540373,2.8970904,-0.48761165
119047.75,-3.4086037,0.20019999,-0.10982425
124846.0,1.6891825,2.8791876,0.078514844
130597.1,-2.301029,3.050161,0.024542619
117697.336,-0.6352424,0.8631518,-0.05263306
129799.875,-0.16195428,1.5238276,-0.08109661
116150.2,1.012299,2.2537494,-0.15217395
128965.56,-1.8749926,2.839108,0.06889689
120222.64,-1.6133883,2.19174,-0.096167624
127377.35,-3.1031814,2.09384,0.29876667
123910.5,-1.9997878,1.0919057,-0.0017557512
120195.48,1.0292563,0.10608813,0.009576613
116503.83,-1.4640452,3.0067365,-0.18889885
131302.12,-2.839847,2.7292993,-0.11039042
116691.195,1.2226608,3.0861294,0.052387435
121124.52,-0.29207486,2.9288394,0.05490702
117848.12,-3.1526637,2.7938986,-0.14322917
132761.14,-1.3014631,1.3782462,-0.17298925
116942.37,-1.149261,2.7952876,-0.07602569
131526.77,-1.5599389,1.4623724,0.53025645
116478.95,-2.7434351,2.382932,-0.14709577
119795.52,-0.3288294,0.3182038,-0.0040280004
127546.44,-0.5216051,1.7537568,0.33238035
127489.12,-2.7992866,2.9276276,0.1242453
128235.03,-2.9986591,0.99218124,-0.20796558
115231.97,-3.6429124,2.9502335,0.12064279
116535.21,-2.7411351,3.0188913,-0.089124866
131893.86,-3.0708528,2.896215,0.0336774
124240.79,-3.1297047,2.6102297,-0.014333831
115055.41,1.4887403,1.103996,0.122679874
128151.586,-0.93698585,3.052933,-0.06880727
128785.65,-1.9440272,2.3809378,-0.02912829
130417.24,-2.7471194,3.021518,-0.08565964
120563.664,-1.7780037,2.5932903,-0.12457922
117115.12,-0.42001674,2.3755825,0.037602656
116536.16,-3.2792332,0.57891417,0.100258894
127070.02,-2.4136527,0.9460099,-0.4087548
125786.3,-1.8298682,1.2297528,-0.15110414
122816.66,-1.4341073,2.8586962,-0.029121531
128695.45,-4.213886,0.19629538,-0.058318395
121488.81,-2.6922688,1.5761502,-0.26007771
134839.38,-3.2723634,1.20398,-0.2958609
120405.89,-3.2168434,1.4951961,0.1382585
125587.62,-2.5543802,0.009209752,-0.019417102
116679.09,-3.4760735,2.2554593,0.2149286
129867.875,-1.5543405,2.9108205,0.07533464
134721.06,-1.0466783,2.7138128,-0.10693814
123569.86,-2.4713109,3.1289847,-0.038383074
128418.22,-2.558799,1.35131,-0.15196197
125588.87,0.75123596,2.2498832,0.12932128
130885.195,-1.8777509,1.8686091,0.54618704
117423.38,-2.7287135,1.4260082,-0.32796478
133761.56,-0.95141935,2.9509227,0.015447014
132743.61,-1.4875844,2.0024114,0.5835433
126151.92,-3.7816465,0.18456239,0.026560951
117782.42,-1.641621,1.8734759,0.94695973
131213.08,-3.3256986,2.0272703,-0.24651346
117227.02,-3.5499353,1.4572716,-0.07593025
123785.664,0.7154539,0.9773808,-0.07490553
117876.555,-0.36590755,2.250666,-0.043149784
116166.15,-2.2143695,2.0836706,-0.04909772
121408.5,-2.9264505,2.1368668,0.39606807
131872.92,0.65708274,2.696348,0.47118565
133046.06,-3.5852728,2.1703005,0.119334936
120766.79,-3.8970325,1.2552145,-0.16509521
129275.07,-2.5870187,2.8930316,-0.45909992
131286.83,-3.2294383,1.9139763,0.10916219
121558.71,-2.1289835,2.5647364,-0.023439422
130594.81,-0.2508161,3.074061,0.5114104
118462.09,-1.7286468,0.62965065,-0.84502447
120064.19,-2.1039534,2.2332654,-0.050748784
123439.09,-3.2682693,2.173491,0.09495568
115202.35,0.1051538,2.2823455,-0.14807746
132292.64,-0.5993338,1.1562455,-0.14503433
126568.7,-3.3078685,2.777227,0.23925996
117216.84,-0.09524806,2.4692988,-0.11383916
118764.73,-1.5082262,2.786017,-0.015428774
126267.586,-1.3465798,2.9887555,0.5025074
134561.2,-2.762265,2.891542,0.024179801
118627.68,-1.5170584,2.1820097,0.5822734
121585.44,-1.781485,2.5893683,0.39715582
115487.125,-2.3738563,2.859713,0.6976631
120962.17,-2.8407283,1.608683,-2.054879
120484.7,-3.129968,2.9355967,0.081957005
129318.95,-0.61432254,2.2970614,0.033803843
119990.484,-2.5270832,0.84622526,0.071596436
124946.79,-2.651919,1.4508837,0.22705092
134333.14,-1.6545925,1.3901286,0.38751957
121070.01,-2.1593218,1.5134751,0.032606788
124137.47,-0.63646245,1.2755818,0.15706208
121660.81,-3.0792751,1.5569453,0.15769188
130076.97,-1.2920253,2.017351,0.03910087
117172.414,-1.2757586,2.860538,0.09885188
128778.375,-0.6099332,3.0550425,-0.004899198
130352.664,1.2941879,3.1201046,0.0009439024
131624.34,-2.0935388,1.6873305,-0.15086359
130121.47,2.994078,3.1086519,-0.036216274
116499.76,0.21475677,0.51186013,-0.031233298
120090.07,-2.2333932,2.846767,0.044910062
125095.22,-2.1529038,1.0387639,-0.06889298
132444.53,-1.9863101,2.9840524,0.08804386
115743.5,1.4204218,1.8014128,0.25594944
130890.234,-1.6161568,1.4047348,0.80582404
118086.81,-1.1667209,2.7962635,0.2282282
131683.58,-2.1524541,3.105602,0.002210837
130959.2,-1.1403215,3.018519,0.4907288
132404.16,-0.1947131,1.6353688,-0.09134232
129907.91,-3.0497265,2.4153385,-0.6841591
121672.55,1.2238423,2.7326632,-0.048161242
131781.2,-2.1060846,2.9212103,0.31258965
121699.57,3.6256857,0.6176897,0.049658593
131683.0,-4.0370793,2.608233,-0.26211032
128850.836,-2.9138572,0.31778386,-0.06674972
122535.14,-2.5138159,2.6115432,-0.0064264257
122733.29,-1.339038,2.299117,-0.06501611
131463.8,3.5983946,1.5333447,-0.22470918
115756.086,-1.2306935,2.920332,-0.035050236
121208.414,1.7116277,2.3038473,-0.16385017
121406.2,-2.9744508,3.1251352,-0.05314219
123116.42,-0.06596573,0.5429177,1.3902566
122153.62,0.5464243,1.9043858,-0.1626647
126392.08,-3.151867,1.9702106,0.7185463
124008.75,-3.1803436,3.1037285,0.18386802
129192.13,-2.6847298,3.0441096,0.0008890939
126996.03,-3.1054146,0.7718587,-0.31179395
122842.03,-3.2351813,2.2495978,-0.005384268
133155.77,-1.5537696,1.5459642,-0.11546993
127539.97,-3.4563632,2.943036,-0.36358407
131161.38,-2.8178754,0.17601061,-0.022233456
115459.79,-0.31237906,1.8929801,-0.12838261
118227.47,-4.633545,2.1890113,-0.094919935
134509.89,1.6818768,0.807734,0.1684311
124752.61,-0.07635028,0.58557093,0.14334978
129174.74,-0.2909017,3.1091616,-0.0012331108
125569.28,0.32737473,1.1307427,0.4744694
115265.99,-1.1565589,0.19741035,0.20455572
122386.336,-0.08772895,2.2460873,-0.067903094
120026.305,-1.9616729,0.07018614,0.056321073
120617.38,-2.142749,2.0824676,-0.115400635
123657.11,-3.191912,2.7602713,-0.03624294
115098.1,1.2048278,1.9740354,0.54948
123340.91,-3.510631,1.0424803,-0.065888196
118801.49,-0.5334774,0.85467654,-0.116410516
122682.26,-0.4128473,0.27215505,-0.014000744
128853.96,0.6446559,0.15780652,0.009409804
118633.375,-1.1635634,2.6837704,-0.034041427
119430.8,0.81266886,0.9273453,0.22446318
121045.09,-3.0548365,2.8352835,0.08653562
120764.9,-0.36222735,2.1950014,0.19314286
115436.76,-2.836542,1.1466311,-0.07715243
131414.19,-2.640799,0.9900366,-0.30004767
133025.75,-3.3414526,0.42195773,0.059931695
120556.26,-4.213513,2.616653,0.2790501
115171.7,-0.8413912,1.5354904,-0.06635718
131199.08,-1.7963727,1.7107711,2.139214
126061.9,-1.3000976,3.0917265,0.015381197
127501.12,-4.2615995,3.074318,-0.009173002
117583.33,-0.919995,2.6951993,0.17245393
119214.1,-2.6237216,2.6375692,-0.18865141
118748.12,-3.438683,2.3742797,-0.07924272
117205.75,-2.2022796,3.0788841,-0.038599983
124528.41,-1.6833863,1.2191932,0.40333527
128560.58,-4.0380306,1.9803247,-0.0019549641
116755.836,-0.8901625,0.15217127,0.04199777
118309.83,-0.0012981374,2.5136425,-0.13096763
119981.54,-1.7446991,2.2654881,0.9855348
130449.99,-3.402433,1.3325583,-0.13950437
118942.195,-2.1182907,2.7823539,-0.085074104
130197.26,-3.625855,1.4735012,-0.15061562
131222.0,-1.9214251,0.739447,0.09241773
134295.66,-1.440147,2.8832698,0.17911316
123923.984,1.8220581,1.7138481,0.23365217
128375.76,-2.257088,3.1032753,0.11380288
123698.52,-1.9889345,0.53940606,-0.0407117
116549.27,0.60129935,2.2182672,-0.0911353
124781.76,-1.9397758,2.642912,0.1287506
115187.76,-2.494687,3.0022078,-0.1280983
125269.79,-1.288885,2.4757037,0.027886415
118452.72,2.144598,2.153845,0.10854499
134424.25,-1.8828278,2.779307,-0.30622825
128179.46,-2.4344265,2.22547,0.22201806
119569.72,-1.3566797,2.8336065,0.054060433
128828.2,0.21226092,2.9197006,-0.14461605
125949.305,-2.7300887,2.2955587,-0.36840272
129202.48,-2.9044533,2.2550745,-0.87432
124925.37,-1.7993115,2.529533,0.00409581
118476.02,-2.1889658,2.624589,0.102716684
120846.58,-1.9791641,1.6308839,-0.07880216
128852.81,-0.46068987,2.309401,0.14070322
118961.79,0.8945039,2.0269852,0.15937625
127847.97,-2.9891844,2.7444837,-0.42133215
123246.195,-1.0881497,1.4515778,-0.06467479
129448.61,-2.42653,3.131833,0.028923498
122343.63,-1.9416198,1.8347944,0.59556246
132751.38,2.6465871,2.2323418,0.39462292
132805.77,2.851269,1.9401028,0.705179
129346.67,-2.1077564,2.658618,-0.7975319
117678.65,-3.374284,2.8506217,0.063841924
115529.57,-1.4163133,2.930459,-0.07373584
117242.87,-2.2793121,2.7413142,-0.38337168
124549.98,-2.6134362,0.50266504,0.67133373
129675.55,0.74635166,2.2888608,-0.082657315
120134.16,0.92880416,0.97184014,0.21344061
119429.52,2.030363,0.58585554,0.24831945
122259.164,-2.8388796,1.6673648,0.121761166
134447.2,0.21926345,3.0921106,0.14066322
132690.64,-3.6381571,2.5703382,0.786676
127829.586,-2.4088619,2.8559809,0.6311574
121249.19,0.48183507,3.0721893,-0.07430341
125728.04,0.62567675,1.1659416,0.12555635
130726.336,-2.7402675,1.8709311,-0.06705937
125949.875,-2.2623045,1.1275998,0.030607596
115820.45,-2.7408829,2.7634363,0.39563328
119090.484,-1.2636049,2.597548,-0.024308609
117840.91,-0.1326069,1.7644444,-0.15194342
129964.54,-4.088448,2.3177638,0.04199243
118047.42,-2.2716868,0.57512,-0.11152521
121518.625,-0.5528417,2.2976182,-0.04357465
132861.77,-1.7024351,1.8991586,0.42752188
117931.67,-2.1691844,2.4287968,-0.07173253
123388.016,0.26641288,0.689368,-0.3050369
134393.69,-2.37568,3.1083488,0.03939943
116688.55,0.6763152,1.9521737,0.44793075
129852.086,-1.6106163,2.4411635,-0.16766034
123949.25,-2.1993797,1.734799,-0.32083523
123706.71,-2.7600636,1.8997656,0.029827364
126767.55,-1.0457104,2.5496204,-0.40815276
121082.1,-3.013989,3.0154982,0.17559919
122762.86,-3.3177998,2.7785141,-0.027151337
115140.17,-1.4490228,0.9032351,0.09119198
119288.61,-2.4294465,2.2306771,-0.59944916
118011.75,-1.9125178,2.8623857,-0.119547
126324.58,-3.1633165,2.6991909,-0.5437061
123397.97,-4.260693,2.869504,0.039271075
125607.41,-0.8705942,0.6431352,0.0978168
117717.22,-1.8429519,1.4268509,0.21156193
125967.15,-1.8511294,0.8199868,0.15878488
117600.81,-1.9378535,2.8350348,-0.053704567
134356.19,-3.8390214,1.2607582,-0.0073102443
126190.15,-1.0661004,1.0908785,0.3314698
133829.97,-3.0342903,2.870677,-0.09263476
126593.44,-3.2433627,2.4000232,0.18752655
125643.35,-3.0908897,2.4944859,-0.75473094
119284.65,-0.7646153,3.0476022,-0.9614067
130625.43,-2.8321414,0.9670219,-0.32027224
119799.89,-0.82733995,2.945637,0.11553313
120563.72,-1.6690041,2.3638089,0.004207826
134551.6,-2.9777126,1.6401517,-0.09293927
132942.73,0.48202357,0.27434492,-0.24203192
123218.03,-2.3109448,3.1091719,0.19878183
115145.14,-0.24193266,0.47954118,-0.4854289
130387.1,-1.1369724,2.6577878,0.9021601
123281.03,-2.3762622,2.6679397,0.1306261
133444.05,-0.9795496,2.9643047,0.08072259
127123.72,0.35113055,0.21307236,-0.005700427
130704.04,0.5454423,2.6945548,-0.13385147
122430.57,0.87788224,2.4824362,-0.12574366
128806.28,-2.771701,3.0099857,0.028366625
118586.586,-1.82212,0.40428936,0.1855251
116171.16,-2.344035,2.786651,-0.1760081
129999.8,1.1584523,1.5188583,0.79291457
131630.05,-3.7851346,2.5201845,-0.017172834
118688.734,-3.0463004,3.096885,0.22067088
130947.71,-2.8185627,3.1234968,0.41623706
128003.92,-1.632186,3.1164193,0.08457122
116117.65,-0.6562826,0.92377645,0.33628204
121118.67,-2.4754877,1.5930907,-0.38113266
125080.484,-1.2832062,2.5411355,0.22264796
124592.195,-3.3391345,0.42914814,-0.06652119
132691.22,-3.014644,0.6008744,0.10621341
123216.81,0.34400454,1.8110197,-0.11044042
134715.62,-2.390423,2.7389784,-0.29188466
131168.5,-3.0163972,1.6104581,-0.24024208
124750.83,-1.7349916,2.3180125,0.5741265
128465.766,0.39172122,2.8710642,-0.47388437
122192.555,-3.1715512,0.44867897,0.20440854
118809.5,-2.2320156,2.6033604,-0.14679196
117452.56,0.08325228,0.31259918,-0.024225248
129985.11,-1.3438145,2.1700125,0.062459536
128942.414,-2.752684,2.547524,0.041793667
122520.48,2.2446866,1.2811382,0.14549558
132723.48,-3.0337083,0.07051563,-0.106624536
118030.766,-2.1055248,2.6911404,0.03239313
132797.67,-2.536623,1.5880753,0.46516356
129873.03,-1.508849,1.0522078,-0.12778954
123141.05,-2.019284,2.6904643,-0.15687248
126644.555,-0.41467288,2.588572,-0.15494718
130020.56,-1.3508373,1.7582988,0.06448845
125671.18,-2.1007967,0.890715,0.604153
119549.13,-1.2442176,3.046655,0.10456821
134206.16,-0.9020037,1.0165875,0.250579
130705.75,-1.3854185,2.799473,-0.23646055
120760.38,0.6824351,1.5968474,0.29399872
115749.73,1.2690326,3.046632,0.030627005
125412.48,-0.29317614,2.1462994,-0.9220469
125358.57,-4.443229,1.1778784,0.22511546
120341.3,-3.100493,2.2533526,-0.118667796
119070.85,-0.4867647,2.4366891,-0.1581079
123587.32,-2.292118,2.7285242,-0.09434058
117228.24,-0.61314845,2.8547132,-0.021329032
133856.06,-2.1585288,2.9596534,0.5028846
115843.234,1.4297131,2.168286,0.21443526
122889.44,-1.3589777,1.6078736,0.5419534
125405.305,-2.1762123,0.2960331,-0.07781548
115554.016,1.5709435,3.0648768,-0.15319206
123433.625,-3.3470762,2.8416994,0.26871833
124854.44,-3.652106,2.5759163,-0.40777448
123570.05,-3.759431,0.3146162,0.027936822
123399.49,1.2548649,0.8556788,-0.07431935
123558.54,-1.3757342,2.8378234,0.05828135
130071.695,-1.7962729,2.6086283,-0.010352326
120488.68,-3.1173067,2.956139,0.04861538
133373.69,-0.27205208,2.9426827,-0.10558126
122507.76,-3.737403,2.5285916,0.036716677
116186.164,-0.21417058,2.4228597,-0.13569322
124031.016,0.11493821,2.6853096,-0.1561
119619.664,-0.56609523,0.062744915,-0.021951903
116091.26,-0.4832197,2.9304593,-0.057819612
117267.46,-0.29412314,2.9769158,0.088884644
134651.81,-0.9118599,2.0372772,-0.39363647
131153.45,-2.716608,0.4892686,0.45281947
117833.61,-1.622537,2.6234658,-0.006661939
131197.08,-2.399968,1.3157547,-0.16680129
128215.914,-3.4036996,2.7848046,0.17548406
124628.98,-3.5133517,0.04310596,0.0591114
115123.42,-2.8191705,1.1652585,-0.02211099
125392.83,-3.5716922,1.8908814,0.06993549
120456.12,-3.7919025,3.007724,-0.109783635
133091.05,0.33890104,0.604093,0.09864649
121390.33,-1.8282892,1.5037951,0.2051946
132542.48,-3.126454,3.0710168,-0.10967875
119215.17,-2.783743,2.9697478,-0.7518357
125644.31,0.65265286,3.0903008,-0.01204011
128035.04,-0.76816785,3.1057057,0.016382465
128311.12,-3.5688293,3.0417612,-0.25639758
134508.53,-0.38268825,2.9486723,-0.0246807
119556.25,-1.4821178,2.9206233,-0.04822541
125020.164,0.28212112,2.7958367,-0.049297575
115691.27,-0.6028814,1.9260554,-0.20540638
124834.3,-1.8969609,1.5483044,0.70793205
119849.77,-2.8749046,1.9424186,-0.4634219
116836.12,0.7364301,3.1241553,-0.0058915196
126724.88,-2.6970172,2.5081449,-0.03752022
126499.27,-2.8151834,1.1120052,-0.15975924
125188.51,-2.399976,1.5478975,0.7409552
116639.41,-2.628663,1.2782766,-0.12248473
124716.875,-0.24109305,1.3829298,-0.76988554
117725.21,-3.0417821,2.2401576,-0.11834494
125484.95,-2.5391145,0.807272,-0.17104724
121541.93,-2.8864179,2.5229595,0.101932175
123818.82,-3.442863,1.4649444,-0.015964836
124917.49,-0.8937288,2.534699,0.51924586
132634.36,1.7480048,0.8571693,-0.21343438
131809.6,-3.405094,2.1967072,-0.08002114
124042.53,-3.3259501,2.70717,-0.077734716
115806.93,-3.209356,2.978278,-0.015283066
132644.33,-1.6837258,3.1195552,-0.012682491
117501.15,-2.7393203,2.3786309,1.2786914
127908.445,-2.8869543,2.1231742,0.056428563
115407.62,-2.468149,2.5135705,-0.07274414
121026.03,-3.706882,1.1395426,-0.32708496
117698.76,-2.1950476,2.8649137,0.07653287
115472.57,-3.1901278,2.8710704,-0.07067487
117537.43,-2.179331,3.1315753,0.110597655
118231.65,-1.6216378,1.561305,0.2720357
134340.44,-2.5903356,1.9861996,-0.23235327
129126.836,2.4906294,2.7305098,-0.085312486
119613.92,-0.6504442,2.9907212,0.06586823
121531.69,-3.2771904,3.0425062,0.058418572
121680.484,-2.9396544,3.0774148,0.12198307
120876.516,-2.1127245,2.5731578,-0.0398705
129078.65,-0.26626846,2.9252367,0.014037703
124073.18,-0.45298016,3.0341434,0.0034589982
115402.97,-1.8105428,2.8975391,-0.01091462
115023.77,-2.8874764,2.2103283,0.001721997
120546.66,-3.6589034,3.0151248,0.3972586
129389.32,1.7991655,1.8204406,0.6560514
123921.9,-4.1745715,1.5139184,0.28947815
125565.836,0.9668082,1.000247,0.31467152
127756.12,0.42691216,1.9771074,-0.89767146
121285.3,-3.5647507,0.9176049,0.12149122
115888.65,0.31179526,2.6817136,0.24047126
128351.72,-3.2549162,2.8048022,-0.48518974
118688.4,0.3590075,0.9485422,-0.1439367
125198.39,1.363652,2.2644868,0.6655529
121659.234,-0.9694616,0.59382844,-0.18127617
133278.11,-1.6025289,0.3014158,-0.02137265
120481.77,-1.6359038,2.3652387,-0.02135206
134982.7,-0.84681904,2.849671,-0.18483426
131167.28,-2.3305864,2.5235064,-0.59313715
118666.234,-2.4881904,2.6959,0.03375996
130791.805,-2.9214768,1.9873496,0.32363704
121979.14,-0.07791146,0.15376866,-0.0316113
133565.83,0.31258202,0.96007586,0.06353435
134951.58,-2.9240606,2.9567719,0.1340529
116425.1,-0.5928706,2.7182612,-0.39341083
118555.27,-3.4287913,0.040171146,-0.028500456
133236.3,-2.6184616,2.5739264,-0.2524489
131701.95,-2.1551754,2.513393,-0.61994076
120463.45,-1.2443808,2.3484094,0.4284244
123756.875,-3.9804907,2.4622183,0.13317226
120817.19,-1.468316,1.4685662,0.018778628
122344.72,-2.003388,2.920704,0.017148064
125811.43,-1.8397896,2.7388077,0.26863196
120069.74,-0.39397627,0.33299643,0.010944598
121083.555,0.26587364,1.2211664,-0.09274752
117406.84,-2.1042564,1.2048382,-0.1758495
122434.0,-0.9037674,0.90404755,0.34910974
127236.32,3.7845454,2.2069511,-0.16486923
134752.14,-0.61837,2.7926118,0.13308533
126759.3,-0.56899077,2.5609777,-0.022154264
116335.33,-2.3915231,1.9395732,0.11751036
125881.055,2.6860263,1.126651,-0.55708945
126212.336,-3.765662,1.9915739,0.18693869
122917.766,1.0064526,2.2482708,-0.11153584
119500.42,-3.4583564,2.280169,-0.5535941
131695.0,0.65869296,1.0683002,0.0856167
119464.35,-3.5467558,1.6058388,-0.4490693
117460.56,-3.3561318,1.4813026,0.7573651
121923.65,0.92420745,2.2931578,-0.83710146
125044.05,-2.883743,3.0616057,0.06005493
117354.42,0.8921408,0.0067925453,0.008287557
116880.32,-3.1104374,2.5279088,0.07122107
129695.4,0.22265114,1.5118929,-0.23052791
128124.65,-4.070663,0.90303475,0.032275315
129387.195,-2.7548742,3.1303444,0.040676355
116823.71,-2.304642,2.7963545,-0.3982166
115847.32,2.7172866,0.24304587,0.05576928
121422.21,-2.7485986,2.0600889,-0.26706395
125244.78,-2.7865393,2.8415072,-0.24008705
118439.32,-0.8262082,3.0053432,0.91313124
116727.414,-0.55276287,2.5391622,-0.17845169
121207.125,-0.18018524,2.4478679,0.35256043
125948.88,-0.8705606,1.5274601,-0.22183785
117590.57,-0.24126427,2.5199468,-0.17948544
120920.195,0.50411487,2.2724917,0.12160892
128973.555,-1.341834,0.93054605,0.4290556
125147.94,-3.3087604,1.2213249,0.14084306
117506.45,-3.0948741,2.2521634,-0.18508518
123453.31,-0.76640004,1.8689185,-0.41252345
115548.914,-1.4282184,2.2564688,0.9058564
125337.414,0.055643257,1.7136612,-0.71116984
124182.09,-2.1163404,3.0950174,0.024689198
120321.875,-2.926062,0.19404507,-0.27398765
123157.31,-2.541288,2.705452,0.20541586
120262.09,-0.3912361,2.455321,-0.20007609
119951.57,-2.522826,2.5404072,0.35117432
125389.375,-2.0260596,3.0035129,0.26320264
124323.92,-0.10770622,2.8284106,-0.15123065
124392.664,-2.5158107,2.5850601,0.8847379
119427.6,1.2682583,3.0062704,0.04078725
126761.99,3.007518,1.8982852,0.22863363
129817.61,2.5093102,2.3607519,0.21808586
119259.64,-1.0806901,3.0595028,-0.3663531
124747.59,-3.1287398,2.8678565,1.1984335
116472.57,-2.7551682,1.6425372,-0.28933337
131355.25,-0.69580287,1.5251764,0.14084457
124655.52,-2.5730133,2.2471879,-0.13162655
125266.14,-2.8693218,2.2480648,0.022068845
124763.63,0.25256136,2.6800425,-0.0030865953
133295.4,-0.06965003,2.3107,0.6232727
122662.86,-1.1437658,2.367684,-0.22697772
131741.61,-1.588658,1.9716777,0.83905685
129975.54,-1.9419478,0.5548285,-0.3019493
132910.94,-0.10483404,2.7928889,-0.17503121
118774.88,-3.2241883,2.6446998,-0.03187459
125961.55,-1.5455438,2.1141965,-0.41672647
115820.99,-3.0387208,0.1642797,-0.116655305
120737.69,-1.5111315,2.271874,0.56702685
123680.37,-0.6783604,1.570272,0.08202237
124711.48,2.5439317,0.80331826,0.19320688
115159.516,-1.9385424,0.2989929,0.014660332
116090.8,-2.1225593,0.69703066,0.10567348
122393.36,-2.2696035,1.6163342,0.32678363
124878.9,-2.7178142,2.3183672,0.34019062
121325.71,-2.7767842,0.8568594,-0.049134765
120901.01,-3.8676958,0.33514106,-0.12741391
132609.75,-1.1001705,2.1189144,-0.28782332
127813.266,-4.1568794,0.73078495,0.065690756
117834.84,-1.8848313,3.1348758,-0.120054886
115616.15,-3.6839743,3.04095,0.07324733
129691.44,-3.1536376,3.112923,0.011382442
120492.91,1.0252182,2.5061278,0.3215862
117469.336,-0.6717168,2.8126197,-0.1711235
121964.5,0.054475874,3.0260484,-0.0714884
116069.38,-1.5682315,1.1045942,-0.2705269
115711.47,-0.7342875,1.6895665,0.1625415
130131.984,-3.3316355,2.2011657,-0.20118019
119794.305,-2.1644285,2.6516047,0.25578904
124017.98,-0.6620259,0.6731425,-0.22905675
133697.28,-0.99674296,1.339274,-0.07191008
119484.3,-3.216651,2.598776,-0.08402283
127616.195,-2.0599332,2.8994024,-0.27212524
118843.19,-2.3437042,2.9940996,-0.21297677
129809.53,-0.72426504,2.994716,0.050509382
134770.39,-0.81044626,0.5385119,0.26662508
116843.94,-1.4235313,1.2104349,-0.060608026
132921.55,0.51089907,1.94796,0.18325593
115414.516,-1.1976179,2.222592,-0.40649205
118511.35,3.1610513,2.7729821,-0.025092652
121905.31,-1.969884,2.2922359,0.42581037
116229.47,-0.88628805,3.1071799,-0.010374672
121412.76,-2.1322005,2.717945,-0.10679753
124081.055,-1.3226466,0.32558274,0.02183034
128324.41,-3.5217743,2.4135704,-0.11782928
116657.586,-0.68528056,1.8441846,0.20609522
116026.71,2.4180238,1.7927272,-0.0961101
117268.42,-1.5391335,0.82774,-0.16779011
129274.59,4.2468367,0.9559106,0.34418526
133908.73,-0.48954538,0.8976841,-0.16702813
121838.16,1.2921089,0.23144233,-0.017328976
128348.77,-0.3987181,0.8692451,-0.30270132
119879.07,-1.6427306,1.6228844,-0.0460585
122665.08,1.460727,1.3796998,-0.7975434
122531.37,-2.1974976,1.2785782,0.06996817
133494.27,-3.2881203,1.5793462,0.21279156
126311.63,-1.0157473,2.5616124,-0.13616452
131435.0,0.6312164,3.052102,0.018840443
118117.266,0.07531718,1.8897758,0.0714134
125585.27,-1.1000655,0.9954915,0.2782946
125883.516,3.2339418,2.1298764,-0.31332737
128207.73,-3.048693,0.39067504,0.070540264
121884.22,-3.1260817,2.884959,-0.19672024
125017.12,-0.8784643,1.7538478,-0.088427946
121237.1,-2.6896658,2.7860718,0.04626132
118742.766,-2.6088054,3.0662198,-0.030330671
126177.57,0.07181536,1.8907864,0.12226171
116289.38,-1.1868502,3.1253314,0.013146294
125474.74,2.3681352,2.092784,-0.24352509
126172.85,0.009571849,2.2653275,0.012189542
134003.2,3.5468407,1.6508999,0.69207823
116614.64,-0.1413587,3.0500789,0.07125047
116425.555,-0.72962064,1.7362376,-0.9781009
124774.26,2.5618043,0.26370132,-0.039417703
116324.016,-4.189579,1.1778927,0.041668843
131606.97,-3.0328083,1.219567,0.38892442
117356.555,-1.6783507,1.366191,0.28998074
126590.05,-2.4019892,2.4810894,-0.43707368
128364.414,-2.7758632,2.9556608,0.237664
122821.56,-3.24887,2.8552027,0.074864246
117928.15,-0.36668086,2.7983408,-0.07586659
126410.54,-2.043721,0.2578684,-0.15825945
131479.14,-1.5151547,1.1441437,0.12945327
133240.61,1.7186908,2.4760318,0.22739157
130206.95,1.066047,2.6649342,0.12050048
130976.64,0.24580048,0.8646393,0.11163833
131416.34,-3.3286521,2.0047922,1.2547271
134499.53,-0.46420223,0.59131575,-0.09608013
120194.97,-0.95602894,2.900535,-0.06284422
118540.57,-1.8274586,2.7367318,0.0726167
122438.6,-0.7413905,0.20745029,-0.41966778
117044.234,-2.2792032,2.956634,0.005226524
128057.164,-0.5515497,0.29516563,0.07498806
119762.08,2.0966365,0.35322022,0.110844746
117254.36,0.07424937,2.1245396,0.21681023
129992.38,-2.2567286,2.1774135,-0.035178367
130750.97,-2.0440962,1.299024,-0.1933821
118630.98,-1.7478058,2.0092506,-0.043625813
120354.766,-3.57514,2.8319392,-0.100684255
122289.26,-2.429697,1.6380675,-0.0043658437
124962.9,-2.4451525,3.0307095,0.04900499
125869.234,-3.480434,0.09764135,-0.08181355
118715.36,-2.859077,1.6454238,0.56265193
132660.6,-3.5380013,2.9774857,-0.055916805
133602.45,-2.9898121,1.4616148,-0.21350208
116631.87,-1.2423502,2.9136987,-0.16708644
116757.336,-2.7035387,2.6011653,-0.026165063
125345.87,-3.2014391,1.3109039,-0.031548355
116611.08,-1.2768028,2.6143713,0.032537196
126989.484,-2.0236893,1.1548951,0.1771339
122757.06,-1.1985215,2.4918582,-0.013513223
122842.1,0.37041137,2.3707097,0.7111636
120887.0,-2.5361423,1.6222461,-0.265984
129639.58,-2.698633,2.3774953,0.71305835
126852.3,-2.4784622,2.7660012,-0.056244172
120561.37,-2.505835,1.0161138,0.38626832
116717.016,0.66466427,2.8887167,-0.083601795
116316.12,1.6755419,0.9177421,0.11450737
123672.125,-3.3308759,1.6360159,0.24790905
132235.44,0.048271026,1.6998662,-0.1998779
127281.625,0.7085294,2.9315634,-0.10880293
119412.03,-3.7508376,0.9789033,-0.137777
133801.77,-3.4574473,2.9091306,0.1788575
117771.65,-0.46332905,1.845581,-0.34590185
125611.45,-2.5844088,2.0190868,-0.13011414
123952.47,2.5393734,2.5149965,-0.1704933
128138.29,-2.4837978,2.2961676,-0.33611923
134164.33,-2.842719,2.8075736,0.81834394
125694.2,-3.2162077,2.9295921,-0.08830132
119677.375,-2.388771,0.54236454,-0.55785847
127022.87,2.673168,0.7396335,0.16901556
134136.14,-2.1107032,1.4990392,0.21383062
130212.37,-2.388707,0.052590728,0.014522048
129891.01,-2.4524453,2.628737,0.08036842
134793.38,-1.232682,2.7221138,0.5086508
134583.17,-2.8659024,2.9520419,0.24989276
127707.16,-1.8764856,0.056479454,-0.030122906
115749.75,-1.4475329,2.673964,-0.15998769
129229.99,-0.8128523,2.242912,-0.1603525
118918.375,-2.0162365,2.263849,-0.2733738
119692.734,-2.3139448,3.001803,-0.0098509295
126356.31,0.4136417,0.3058601,0.032658506
121837.33,-0.2728441,1.4452664,-0.28434113
122150.95,-0.19450839,2.449486,0.032054383
122516.87,-2.085761,2.6954768,0.11605634
124370.266,0.633719,2.389771,-0.06746305
123706.46,-2.4099238,2.8035605,-0.06832325
130153.33,-0.8575225,2.162806,0.44537497
116218.42,-2.7110112,2.3922727,0.01072459
127905.8,-1.0724404,2.701435,-0.040537458
121051.5,-3.9598217,0.87430274,0.40970904
127714.88,-2.229208,2.4258685,0.052016173
127143.87,1.26644,3.125534,0.0091066025
129118.164,-2.6946456,2.1657853,0.48728836
129980.79,-1.7796777,0.41666913,-0.09905008
124555.91,-1.0579574,3.0607486,-2.4004622
130568.11,1.1321415,0.52776945,0.255658
125995.414,1.9133917,2.5440497,0.26484844
119394.79,-1.1071875,2.595493,-0.19695033
123701.16,-3.1086226,0.44619012,-0.06074328
131200.06,-3.5433967,2.9912045,-0.018586459
117138.484,-1.3886214,2.9539418,-0.021509198
128092.945,-4.439356,2.6103272,-0.031149136
119507.87,-3.9722424,1.0294244,-0.029892864
116119.79,-3.1604068,1.8133371,0.09529899
116408.28,-2.0584424,1.2883416,0.04461879
124331.94,-0.84171814,0.029827178,-0.041722983
126916.8,-1.459948,3.0811644,0.10478876
120927.26,-2.955532,2.327784,0.26200488
128804.02,-2.8640313,2.3462608,0.03569577
126717.83,-1.1407145,1.0541338,0.14433137
120074.31,-1.4187571,2.5002718,-0.116557874
123983.0,-2.8831472,1.2015806,-0.28403556
130093.15,0.47128454,3.0712037,0.30968916
131850.77,-1.888738,0.46927696,-0.11985388
124155.56,-2.0005338,0.35923398,-0.08047898
126331.94,-0.13085243,2.0482473,-0.16919574
132828.84,-3.771606,0.9108579,0.3058571
125868.49,-1.302544,3.0156043,0.08543894
125338.22,-1.2161138,2.784804,-0.05740897
132695.47,-2.4270535,2.6822975,0.718047
125567.984,-1.1644129,2.685551,-0.56707203
127167.58,-3.033757,2.6802316,0.0030648294
122227.98,-1.1447256,1.3171475,0.35435194
115526.88,-3.8855336,1.7033755,-0.06399085
133995.77,-0.88649404,2.6640728,0.018327858
127513.63,-2.6013713,3.0056312,0.12934795
130076.695,2.0809689,0.36134577,0.09855319
122167.46,-0.3896514,0.12662226,-0.1501419
121095.73,-2.5938673,2.8569717,0.6549144
120277.78,-4.206655,2.020912,-0.13378371
127887.766,-2.2057817,0.98367286,0.24122775
116126.46,-1.8328006,1.6792208,1.5024709
133283.66,-3.742264,3.0165896,-0.06308274
132267.83,1.8441188,2.413094,0.15918832
128320.45,-5.0363355,1.8283525,0.20850411
120070.98,-1.5929421,3.0856,0.22501896
124494.93,-3.2929358,3.0361323,-0.13275301
131109.39,-2.246682,1.8452349,0.9967056
116885.34,-3.4371157,1.188652,0.12077344
131933.11,-1.4763925,1.1738199,0.20523098
116798.77,-3.452595,2.6923296,0.02451062
126341.62,-0.9480555,0.8410607,0.05869028
123663.016,-1.4616538,0.13859865,0.0044573215
126741.7,-0.3233422,0.9532123,0.15314075
130137.5,-3.0677366,0.45129037,0.063025184
126627.39,-3.3602562,0.11853331,0.0029832297
127835.77,-3.7490273,2.510134,-0.15329905
116408.42,-1.8652443,3.052674,-0.17721866
115507.22,-3.4568446,1.5933152,0.060751565
129131.41,-1.9523423,2.5368893,0.15695193
117358.71,-3.3545651,2.0724125,0.47954342
124023.36,-2.9472835,3.0773923,0.019361857
130071.95,-0.31771898,0.9781042,0.17896415
132921.34,0.06054137,1.0865678,0.22681522
130973.54,-0.2572986,1.7720441,0.19977064
119260.055,-0.2106562,2.7584894,0.005144494
115227.57,-0.90607786,2.1768641,-0.08727354
116286.91,-1.9158767,0.2895813,-0.343111
119220.52,-2.9378293,1.056988,0.031770248
131807.95,-2.8081512,2.859924,-0.025425473
120690.13,-3.6992543,2.6585705,-0.26934525
124982.24,-3.4847772,0.18364388,0.040972073
124139.79,-0.9452089,2.133302,0.56783843
124677.67,3.3281422,1.6126126,0.4057537
131021.23,-0.27659702,1.5489337,-0.37523943
115694.23,-1.1404415,2.7712822,0.14814962
133477.89,-2.281492,0.82652295,0.09378568
125453.57,-1.008412,1.8827844,-0.32830092
118478.516,0.2634445,2.6501288,0.06438374
129325.805,-3.314203,0.0070174932,0.021263506
124157.93,-3.325159,0.4577613,-0.1016422
132543.64,-2.453975,2.3677197,0.08823804
121001.61,-2.783824,2.7987573,-0.30285707
115435.266,-1.1006011,2.8183622,-0.4951735
125408.945,-3.1931546,2.173975,0.13569382
118691.55,1.1447012,0.11449885,-0.011660715
127744.6,-3.010663,2.8519516,0.08639392
122542.164,0.14456084,2.3476465,-0.19683945
115099.695,-3.4369404,2.896597,0.10831158
116406.78,-3.239334,2.7902224,0.30427414
118268.08,-2.2099202,2.5645428,0.7063898
129634.49,-1.9177799,1.0204357,-1.0705433
122569.56,-0.5177151,2.7823627,-0.1213081
123651.86,1.9864386,2.817228,0.2312681
116882.71,-2.9449048,1.9393071,-0.34469226
127793.96,-1.0354462,1.900922,-0.5794095
125984.03,-0.7858636,2.2292967,0.24647173
118830.914,-2.8397818,3.1144052,-0.2540744
127948.78,-1.8244789,2.75954,0.15497932
115961.27,-2.66204,0.97462463,0.12548889
125011.68,-3.3059993,2.6171384,-3.2909074
119136.086,1.0585017,0.31221396,-0.044378493
123392.805,-2.4956563,3.071204,-0.007276235
115369.414,-1.1382016,1.600256,0.37135914
115061.47,-3.057131,2.9840546,-0.13817878
126201.65,-4.202411,0.3689953,0.26558906
116539.914,-2.8751676,2.9513087,-0.0063579306
124713.16,-3.3453999,2.8758554,0.13033558
133802.92,-1.4503274,2.1574786,0.30871543
132743.42,-2.6651018,1.5912509,-0.36000738
119999.63,-1.6121526,2.7652214,0.0008510289
133923.5,-2.3867,3.124171,-0.0036590889
133102.16,-1.8388551,2.6591692,0.09861614
119980.305,-0.8501632,2.910904,-0.103724025
126043.44,-2.1343699,0.47315723,-0.09468673
122720.945,-1.8719465,2.633626,-0.027878474
115160.32,2.020542,1.4475634,0.15566601
127026.14,2.3162272,2.9919143,-0.021658707
133475.92,-2.9005396,1.8730026,0.27477625
122994.914,-2.269698,2.2172928,-0.0024365522
121286.63,0.6578827,2.4040937,-0.12219237
133526.11,-1.5465919,2.5245776,-0.16252194
116313.86,-3.6370676,1.2248646,-0.0714593
118242.695,-2.5249205,2.7269335,-0.07830103
123434.15,-3.0657146,1.1257704,0.019184412
119925.5,-1.5642142,2.96475,0.17083012
118475.914,-2.0433261,3.0266907,-0.20252392
134748.2,-2.314572,2.8772027,-0.2138642
133455.47,-0.29961157,2.8697033,0.03464553
115715.36,-2.5889277,0.9179938,-0.14445864
134172.53,-1.5771067,2.3022647,-0.13778274
117731.56,-1.0340906,2.8161867,0.13419838
130667.586,1.636964,2.8047307,-0.04524934
118497.85,0.6362586,2.4318724,-0.07108725
128124.44,0.25154665,1.3832377,0.21761459
115781.664,-3.2028823,0.093840525,-0.003930096
117893.72,-0.19587752,2.6239808,-0.087679505
122777.89,1.1854275,0.6205524,0.0773765
115705.47,-2.4776933,1.8776969,-0.31936386
123512.56,-2.2123468,2.731136,-0.101642005
115207.39,-1.0511981,2.17734,-0.88342226
115240.88,-2.0858874,2.5383983,0.5116509
133302.36,-2.989474,3.0187786,-0.1053237
117350.78,-0.5499231,2.502778,0.043872423
133238.95,0.08743312,0.6640539,0.12750685
122706.68,-2.3704672,1.4049037,-0.36090675
123223.66,-1.2349948,1.6260654,0.90147895
125535.96,-2.7756412,3.1008782,0.0066363304
124166.33,-0.08497975,2.5374281,2.468744
123828.15,-2.800064,3.139596,-0.3135778
121109.04,0.14872977,2.04385,0.108199924
121657.445,-3.25678,1.2291785,-0.122573994
126341.74,0.13877697,2.8507624,0.0047379457
125518.6,-1.5168525,1.556013,-0.41671896
133804.92,0.864146,2.9886045,-0.0752797
116957.23,-2.7477317,1.6332384,-1.1754152
121906.57,0.3417049,3.0969388,0.09861992
119366.31,2.0267012,1.8573207,0.09577216
117973.39,-2.787521,1.3969496,1.5383807
132724.98,1.0817072,1.3063301,-0.15511532
130658.586,-1.7682205,2.9039228,5.0460677
133489.48,-2.9480267,2.4282036,0.4400614
121889.77,-0.63913435,1.1654377,-0.40399584
129126.016,-1.6359482,1.8468859,-0.2670656
129072.6,3.034966,1.8933941,-0.18826103
118697.04,-3.8089862,2.6779203,0.053664293
121317.72,-1.97554,2.3023467,0.1070992
118506.484,-0.35357055,2.1434214,-0.49934924
123204.81,0.9314367,2.6229525,0.2857058
117543.99,-3.2113435,2.137401,-0.05588997
117063.695,-0.35278141,1.527802,-0.0872704
120864.77,-1.5820398,2.9347467,-0.12842345
122613.62,0.23160082,3.0647755,-0.0047260663
117135.375,0.83139575,3.0771213,0.13067591
128715.86,1.3518652,3.094273,-0.064412236
127480.375,-3.5296714,0.56487167,0.04615162
134248.8,-1.1208063,2.5251133,0.15254606
133380.97,-3.1672463,2.0295212,0.10055303
122922.01,2.5185251,2.263464,0.12003568
128908.62,-1.3840017,0.019797325,0.029602945
125956.43,-0.2645641,2.8315752,-0.31756058
119583.625,-1.7788883,2.9519136,0.006143601
123251.305,-3.377832,0.31005073,-0.049394928
122928.52,-3.0238724,2.4315834,0.45678216
131994.31,-3.9108891,0.645607,0.055130895
118041.945,0.32353747,2.9851818,-0.14860709
126585.98,0.36197343,2.217156,0.8402845
118833.06,1.0697924,3.0473216,0.0018629536
116463.89,-2.380082,0.1862694,0.7269042
115917.83,-1.800389,0.6502292,0.019836565
115715.64,0.5159603,2.564127,-0.16191873
132723.1,-0.70636356,0.7856632,-1.3006353
126260.14,-1.4977038,2.091775,0.11792501
126895.99,-1.4555675,2.3284287,-0.07113031
127205.016,-3.8898892,2.5260582,-0.020871071
123910.24,-2.684725,3.053093,0.08977394
127276.03,-0.40305784,2.7006378,0.2183646
117805.23,2.9073865,2.0508225,-2.275633
134789.03,-4.0650024,2.555122,0.25827757
125255.84,-3.3590906,2.8219655,0.0023786833
130448.12,-4.473523,0.012544364,-0.0060643516
120538.195,-2.052997,2.7776778,0.04399966
120338.82,-0.49940994,2.9524467,-0.21987732
117027.45,-2.598386,2.4381042,-0.13383295
119748.89,-3.7963502,1.4420282,0.18883967
120135.42,0.044614423,2.3976538,0.013871345
127292.086,-2.372854,2.2764916,-0.20400561
116575.29,-1.6165974,2.627686,0.24700947
125119.586,-4.3174543,0.48288453,-0.04900816
123306.555,-1.9740958,1.3743016,-0.34819356
134921.39,3.950896,0.72410357,0.12858185
126315.39,-3.3021998,2.6796827,-0.14359504
131848.8,2.2118802,0.6917553,0.1680137
127316.51,-2.1244106,0.60164714,0.04628551
131013.99,-2.4826517,1.4021987,0.25551468
115013.06,-2.7275774,2.6672578,0.047437944
119588.89,-1.103199,1.6887835,-0.26224092
126112.73,-1.4733282,2.887323,-0.26332676
115391.97,-3.1961718,1.1869053,0.7740528
126422.49,-2.3278146,2.2695432,0.09552486
134229.22,2.3638296,1.6178855,-0.31761843
130777.59,-2.0707529,2.1268744,0.16184638
131783.69,-1.6113231,1.9927719,-0.38997504
116598.72,-3.5427334,1.1833347,-0.030530507
117899.914,1.0439584,2.0855477,0.53013295
131936.72,1.1864569,0.8301442,0.12615116
119356.28,-1.8773066,0.7710464,-0.2528961
130816.36,-1.3661927,2.2977386,-0.15822819
122919.21,-0.30362663,1.6666389,0.6327195
116923.6,-2.7583663,2.8790183,-0.15093695
134856.95,0.37544122,0.19018713,0.02520361
115787.36,2.6945133,2.5882704,-0.2021098
115643.12,-2.960109,3.1102772,-0.38697076
125497.74,-0.7824666,0.41869378,0.44347328
120123.65,-0.31171075,2.212286,-0.06677447
119086.76,0.92041904,1.4891329,-0.15409486
123116.45,-2.3090346,1.3775831,-0.41296804
125427.06,-2.7021568,0.9967098,-0.033822354
118413.87,-3.560279,1.3016176,0.05793278
124871.0,-2.233058,2.6107314,0.17467225
130932.836,-2.9094462,0.8876828,-0.075085536
124044.84,-2.3791394,1.9146124,-0.2546277
115399.305,-2.8067462,2.803576,0.027224142
118661.36,-1.5932388,2.161246,0.4387924
134221.3,-3.4903972,0.18160021,0.057064276
124928.836,-2.9741743,3.1363208,0.13459069
131940.88,-1.8445139,3.031441,0.3464723
121061.08,-2.1771312,0.9471422,-0.059837673
118308.87,-4.1331854,1.6278265,-0.00533418
115834.25,-1.1471772,0.23001748,-0.029687962
134089.34,0.40231007,2.974696,0.08572534
128233.484,-2.0935657,0.78530943,-0.083419226
122259.75,-3.0219307,1.6166468,-0.39689958
129441.36,-1.8075334,2.6767735,-0.0064187697
127818.25,-3.0594528,1.6558384,-0.03576095
132144.33,-2.4364245,2.9023767,-0.010888479
132413.72,-2.0623822,1.0865186,-0.01290131
117864.64,-2.9272218,2.737624,0.13382757
115158.234,-1.8529384,2.732232,0.02936016
129273.22,-3.680476,0.8752532,-0.1577954
118261.234,-1.1672044,2.315748,0.20888302
117645.58,-2.4221497,3.1098275,0.005053885
134292.61,-1.5577875,2.6356642,-0.56039107
117806.26,-3.4980354,1.3014901,-0.116306126
133912.88,-2.7565637,0.40138936,-0.111434445
126730.73,-2.4778202,2.5301774,0.15805204
124591.29,-2.2352724,3.0880976,0.5643932
119511.14,-0.7964937,3.0305707,-0.66874444
130459.95,-0.3400816,0.9435468,0.1963947
134252.58,0.6326069,2.9406738,-0.025450988
130913.95,-1.8404956,3.0846407,0.06708603
130682.555,0.077888496,3.0045192,-1.0053587
120538.17,0.049819898,3.1312494,0.093327194
121253.34,-2.1063476,2.7654295,-0.01958546
122571.28,-3.19034,1.8369399,0.3441916
116571.664,-0.742135,0.78173316,-0.43458983
123724.72,1.7710515,1.3239738,0.75992906
123842.64,-1.3376033,1.40188,1.9481219
118346.26,0.10687208,1.0822257,-0.91089845
134076.53,-1.6459192,2.2851405,0.11516491
115446.7,0.73888725,0.36292672,0.118405975
129273.0,-0.57229847,1.4230553,0.2770142
117407.48,-1.9166628,2.2427096,0.22977036
126489.02,-2.545528,1.7743976,-0.075026706
115044.27,2.2796369,0.965375,0.3582135
123037.07,-1.1949146,2.8252015,-0.028497895
116499.38,-2.6640723,2.5177255,-0.08979407
120202.195,-1.3735368,3.0497072,-0.01017347
134786.39,-1.7065322,2.9764614,-0.018086169
125435.45,-2.016186,2.9357858,0.24769871
132771.61,0.16287336,2.9359016,0.038643587
116308.53,1.7145879,2.3180764,0.119526334
131068.945,-2.4557178,1.9303058,0.27372822
117002.33,-2.9193788,0.99270016,-0.1380807
122793.16,-0.419258,1.2609321,-4.5230813
123694.41,-2.3616264,1.5401144,0.15907365
128522.93,-2.9320827,0.46025038,-0.26200446
128382.55,-2.0428398,2.7711554,3.0482435
119756.91,-1.724367,2.9340224,0.018294437
131020.305,-2.9440134,2.5856972,0.0065648444
119475.82,-3.169164,3.075299,-0.010672459
124894.18,0.14371765,2.9517932,0.13374005
117557.07,-2.1952195,2.9032867,0.122970805
131374.58,0.8258862,2.1087823,-0.09785591
131372.23,-1.0845443,3.050729,0.09747534
123249.82,-0.56295854,0.3360901,-0.3108785
134066.95,-1.9977405,0.43109608,0.03846035
131189.58,-0.4617861,2.419345,0.11587308
125370.09,-3.3703017,2.3883018,-0.052885313
122626.85,-1.4420011,2.3587334,0.16700228
117641.29,-3.5509808,1.9255661,0.0969521
124024.62,-0.21813796,2.8705769,-0.161359
119168.445,-2.8981194,1.7920437,-0.26712343
123970.72,-2.8741665,0.17076075,0.048049305
123998.984,-4.132081,1.6660048,0.23644178
131186.48,-1.5882809,1.7705674,-0.7977363
115350.73,-1.7084613,2.7299078,0.27657214
121445.305,-2.8566344,1.0849943,-0.10295155
121298.76,-2.6781318,2.7976272,0.11258295
130542.55,-1.5939618,2.714767,-0.003918459
123523.78,-2.469004,3.0523791,0.14285478
115074.06,-0.29206297,0.8052772,0.2347913
132601.7,-0.9486517,1.530115,0.21810135
124874.51,-0.23510578,2.0642002,0.3989471
129625.88,-0.015572594,2.9565263,0.021258561
125697.555,-1.0299277,2.1723855,-0.3924135
128871.3,-1.8064224,2.26404,0.11497363
123183.8,-3.335892,2.9610617,-0.10168025
127161.64,-1.5875404,0.2244389,-0.6149932
116279.96,-2.8262703,1.5595174,-0.06503963
129474.93,-1.1004273,0.95092404,0.10615928
130205.17,-1.1726824,3.111163,0.035886236
125376.7,-1.8478093,0.6721769,0.5738428
130971.336,-0.050806426,2.0578718,0.21350466
120079.39,-1.4039803,0.5029554,-0.05060542
115306.1,-3.6384578,2.6685605,-0.03896199
122529.43,-1.1303037,0.42032146,0.038669255
115995.85,1.5369927,2.8899236,0.036279164
129530.63,-1.5499496,3.0454419,0.36327997
123458.12,-1.611321,2.5334268,-0.19329786
134305.11,-2.7602503,2.7311416,0.12765834
117373.25,-2.0914617,2.8199992,-1.0155166
129827.74,-3.3145642,3.0102699,-0.17858292
127270.47,-0.67003417,0.1635895,-0.016120575
122713.45,-1.0180103,0.077834606,-0.031710923
122928.52,-2.579557,2.4107056,0.07790901
119812.695,-3.0806503,3.1299841,-0.04314821
118345.47,-3.7722294,2.6045353,-0.01671748
117894.66,-4.1042724,2.825399,-0.007362951
129490.21,-2.9343574,1.9725823,-0.45284092
122692.984,-1.8281715,1.1827743,0.13339838
118520.2,-1.8853705,1.4304028,0.18473476
115363.57,-2.9194355,1.0665922,-0.32392973
118056.195,-1.1810831,2.661351,-0.18689544
133138.42,2.9002197,1.786052,0.7655214
125020.65,-0.22131608,2.0846422,0.13681269
117078.87,-2.3668776,0.5996,-0.078790724
133416.69,-2.6576407,3.0781107,-0.03255193
121213.164,-3.763288,2.5872798,-0.030892689
133156.31,-1.163333,2.5067208,-1.2053137
115965.375,-2.3557708,0.10480213,0.13629496
120176.2,-1.9554274,3.10174,-0.24519776
118955.08,-0.35433295,3.061418,-0.11252266
118309.65,-0.97388834,1.7761492,0.08806567
122515.24,1.1389208,0.24219298,0.03628641
116503.7,-2.4709373,0.5430949,0.08671672
129966.67,-4.323204,1.7086718,0.20060198
128508.266,0.1036831,3.0266373,-0.0104314415
115474.15,-2.29183,2.0809708,0.48936597
133903.19,0.6107782,3.0436363,-0.12165335
126563.14,-3.7589626,2.7169476,-0.4230785
134370.17,-2.698108,0.7635599,-0.1280256
124853.6,-3.004245,2.901839,0.01591907
117088.586,-3.3747835,2.8508563,0.031589046
118991.89,-2.890828,3.0450213,-0.08218361
121271.19,0.6297595,2.9189994,0.28411743
122374.484,-1.3764988,0.32220936,0.0014527774
122688.02,-3.2430346,1.678722,-0.15666163
122728.28,0.15617155,0.21310282,-0.0323501
127717.49,1.7045151,0.65069675,0.1206973
131317.34,0.12954582,2.0262706,-0.07551576
130833.516,-2.3054705,2.53849,0.42775944
119709.43,-0.14237992,2.829323,-0.040752057
128076.5,-2.3350706,3.0345616,2.421404
115308.84,0.596538,1.0456903,-0.20851746
116271.21,-0.033164952,3.0233016,0.22639741
118964.984,-2.9680483,3.1088243,0.31640607
127835.17,-1.4647613,1.5041226,0.19120614
133967.31,0.66200215,2.0698557,-0.4964543
130350.07,-3.2666023,2.786209,-0.08569406
123007.805,0.078136474,0.15892625,-0.14261602
130863.54,-1.1726543,1.9116633,3.1448228
134453.62,-0.9475678,0.109238654,0.054767855
132568.8,-1.95258,1.1051047,0.2224494
118169.61,-0.005756284,2.6582499,0.15333055
122982.91,-1.539422,1.1090806,0.15123706
121034.195,-3.8287184,2.5698574,-0.17207013
121502.86,0.33400965,0.4578941,-0.33779812
118968.5,-1.3081726,2.301578,-0.009225865
115782.72,0.6860937,1.2498957,-0.72300464
115634.586,0.59628254,2.4604023,0.11678854
124047.49,-2.3800893,1.3679128,0.12267121
127352.05,-3.2495997,2.3520255,-0.13781385
130543.12,2.188263,1.2539353,-0.18098076
127016.516,-0.61631304,2.6351771,1.7519463
120300.07,-2.1235492,1.8331869,1.9525144
129024.086,-2.3402987,2.827723,0.034162626
130609.43,-1.932789,3.1343117,0.102252364
129244.33,-1.597584,3.0992558,0.0070283962
116112.62,0.29363877,0.45677245,-0.041884534
125112.8,-0.25664428,1.5573463,-0.16451456
115512.03,-2.847684,0.08768749,-0.078646995
118258.74,-2.671406,2.2799742,-0.07391319
127167.94,-1.568848,3.10017,0.009874665
133656.52,2.6576698,1.7850871,-0.32796636
132386.0,-3.0853508,3.0597777,0.0446135
126277.55,-3.4784896,0.72451144,0.32265687
133541.9,-3.0007834,0.0945307,-0.04471538
118481.38,-2.1585429,0.8563986,-0.062485717
120459.73,1.4881727,2.862147,0.0052039064
115610.62,-1.7964079,3.0518749,-0.5918157
131007.96,-1.1747001,1.279175,0.040482208
126420.62,0.6292338,2.0922394,-0.8244859
122845.34,-3.1223738,0.6140105,-0.05089524
122003.73,0.5280169,2.6062593,-0.47021875
115080.76,-1.0758556,2.2763531,-0.029221432
126383.34,1.5267556,1.6196789,0.32749394
118779.75,-1.1461663,0.74412656,-0.12987854
121184.95,-3.5725398,0.24873972,0.037570454
122265.3,-0.95769334,0.0064167976,0.12693368
128645.68,-1.3580269,0.7827724,0.13362888
115920.2,-0.90128684,2.0212889,-0.54155695
118861.2,-0.61307156,2.355253,-0.21625209
118236.33,3.2993548,2.5936046,0.07797528
119358.95,-1.5555555,3.119991,0.090186775
130574.2,-0.83078486,2.795597,0.010355712
134343.72,-2.5715685,1.1921327,-0.413614
129822.38,-2.269493,0.21363473,-0.31653598
116574.734,-1.6367936,3.060847,0.100985415
129070.836,0.8658942,2.5457811,0.37165013
116775.75,-1.1362575,3.0511625,0.028203856
130297.14,-3.9880164,2.6265905,0.16868067
118212.86,-2.3477592,1.6838342,0.028117565
124698.945,-3.4581747,2.91134,-0.018697176
118871.58,-3.4191883,2.5854216,-0.08392843
126896.39,1.5788779,2.892157,-0.08499026
117570.35,-2.52012,1.334281,0.14602731
129158.99,-2.6981404,2.220533,-0.16801977
123568.164,-4.243358,0.11360049,-0.17788807
125660.27,-3.0899346,2.4658828,0.087256834
127123.89,2.4554536,1.7786837,-0.2512113
116468.305,-1.2663707,2.6752238,0.16980979
125989.125,-3.0930862,2.779264,-0.2988955
123991.234,-1.5326837,2.362617,1.3561896
132041.86,-3.907222,2.7193425,-0.03165639
129258.96,-1.5326412,1.8258085,-0.48605725
129495.65,-1.2898929,2.62339,0.013690106
128263.65,-3.9050379,1.9291751,-0.024835758
118778.336,-2.3353348,0.9488814,0.03760742
128517.836,-0.9327958,3.0363235,0.1355214
117596.38,-1.3441677,2.0800872,0.3234291
133510.62,-1.2350266,0.9113063,-0.6521885
122053.836,-1.3451436,3.1130996,-0.10273383
131098.12,-4.2455807,1.8308523,-0.00084380875
129811.26,0.56901455,2.721787,0.23557205
116001.2,-3.6759014,3.1375628,0.64025134
134603.52,-3.6118333,2.5670302,-0.08553491
122691.56,-1.5579749,0.69738215,0.1732532
127620.6,-0.818995,2.7506633,-0.3960981
125644.72,-0.64355755,2.9636726,-0.1274506
128571.59,-2.6447582,2.627088,-0.2327131
119522.27,-2.4789019,1.612186,0.17142528
122510.055,-3.8031807,0.91515505,-0.16257481
119561.65,-3.627855,2.7990894,0.051420525
134094.39,0.010326173,0.446663,-0.022431804
128287.68,-1.7095817,1.550286,-0.13521563
128700.75,-2.1144173,1.9197967,0.16687323
126543.2,-1.8873588,1.2158104,-0.24717696
129359.02,-0.42473662,3.0318112,0.007112506
116213.32,0.37996453,2.9361248,-0.03298898
116770.03,1.5219294,0.0655382,-0.06372594
116784.27,-1.0881284,2.1531053,0.180762
115447.945,-1.8705913,2.9582322,-0.010318595
133653.53,-2.9137716,1.9309314,0.102593936
127498.13,-2.254917,2.4647925,-0.18986034
127779.234,-3.3228831,0.44042945,0.33367908
120707.805,-1.1335143,3.0428855,0.058865562
123145.31,-2.6593664,1.4100833,0.074971616
119166.24,-0.6194903,1.6054909,0.12286509
124222.51,-0.50825316,1.5324401,-0.28909704
117758.91,-2.6608822,2.2015252,0.62861776
131008.76,1.7473377,2.1635108,-1.2613593
133070.17,-3.0790253,1.9491147,-0.8476145
129880.5,-2.8418334,2.8210769,-0.044903606
134585.64,-2.3958778,2.989856,-0.016171824
129238.055,-2.8271446,1.6567427,0.15066147
132200.64,-3.0591934,1.8504009,0.09443103
131136.14,0.08711303,0.7758458,-0.16840655
131347.2,-2.3714051,1.4468313,-0.096591845
127995.25,-4.1293244,1.3404984,0.06766501
133716.6,-3.1531773,2.2168798,0.21859053
128869.63,-0.33617753,1.2178481,-0.20730624
117378.914,-1.7234782,2.361652,-0.015793394
117866.695,1.398883,1.5306041,-0.20672633
131025.21,-1.399059,1.4907242,-0.209899
120324.46,0.29136842,2.6509624,0.088132106
124777.484,0.008262381,0.64204466,1.2255185
123999.195,-2.1239784,2.7682247,0.15213889
120220.54,-3.3511372,1.277861,0.107065745
117781.8,-2.0409756,3.118731,-0.36672387
115686.81,-2.7302115,2.4207973,0.38060364
130292.055,-1.1956143,2.0837986,-0.2415905
118453.43,0.38441446,2.0824857,0.12448001
126455.31,-2.4713104,1.1335126,-0.16113351
115916.695,-1.7059094,3.0255501,-0.0650479
130783.52,-2.607494,2.679316,0.25685278
120355.83,-2.2547095,3.0679555,-0.05371211
123825.11,-2.1963003,3.1128745,-0.090650834
118192.36,-3.4230382,1.0360932,0.46159154
118821.48,-1.8432107,2.7561002,-0.0010307325
132979.33,-3.2886531,1.0241644,0.0642611
130243.19,0.83597225,2.194844,-0.32403138
120351.18,-3.0297513,2.917144,0.10759126
115283.01,-1.8238388,2.7500744,-0.11607058
128648.36,-2.013108,1.6942115,0.58103067
133190.94,-2.1949482,1.7366258,0.6461434
124104.19,-0.40632403,2.1296482,-0.37184903
124405.7,-0.96239054,2.8480608,0.12170756
133185.69,-2.2559872,0.84297264,0.4533861
122510.74,-3.9088004,0.73534584,-0.1314616
121918.47,-1.9807177,2.6422932,-0.4594384
117418.59,0.22053443,1.0500884,-0.14573717
127824.48,-2.3465042,2.4111948,-0.32600588
130295.69,-0.3940813,1.7782171,0.1462921
121178.56,-0.24970178,2.0499208,-0.49956846
115781.18,-3.1005986,2.1603131,-0.515401
121800.54,-1.2675447,1.8697407,0.16279615
128276.74,-2.9802768,2.9819336,-0.14757816
132571.62,-2.883933,1.5212743,-0.106887005
127640.11,-3.271762,0.10095167,0.97138953
117977.02,-1.2591506,2.2394538,-0.18865216
134405.05,-3.2139444,2.815836,-0.15326054
125153.164,0.49409288,0.83125263,0.102317
128913.32,-3.8424861,0.32327756,-0.332671
131552.88,-3.3416612,3.1272707,-0.10127739
120537.445,-3.8614032,0.30363095,0.035094712
128000.875,3.6308208,2.8399444,0.22586633
116284.59,-2.469596,2.7030947,0.0029091006
119070.35,-0.57905465,2.2833838,0.12558201
133578.6,-2.235922,2.7650883,-0.08786663
121327.08,-2.6161373,1.856467,0.12687472
119206.234,-0.20619655,2.1985173,-0.3509201
132166.14,-1.9983587,2.8127828,0.18775062
120496.01,1.6414977,2.0521631,-0.3656372
118177.21,-1.3846978,0.2662784,-0.047952298
118652.67,-2.3515449,2.4651759,0.11363113
117392.445,-3.4918566,0.58772326,0.09411366
118832.516,-1.6472328,2.5645962,-0.017308008
121242.16,-2.3106353,3.0496416,-0.22982574
132110.92,2.0316613,2.6893034,0.19237462
119738.68,-2.4367979,2.9239311,0.01918207
129662.58,-3.7418828,2.7229338,0.18994045
118671.96,1.9658045,2.9387615,-0.038354862
121604.74,-3.1852798,0.9913564,0.08467662
119135.016,-2.7851267,3.08438,-0.029496191
118593.0,-2.8232725,3.037441,-0.11839073
122032.63,-2.0438123,1.777687,0.29724595
121114.65,-2.1856203,2.5639613,-0.11612636
115307.96,1.3327295,1.6062361,0.2803979
120303.33,-1.9525341,2.25349,-0.14410791
124694.29,-1.2557062,2.1006165,0.15518859
118488.14,-0.1943122,1.4662201,0.47843894
121632.76,-0.7583816,2.6739888,0.05741292
119048.38,-0.68120784,2.824489,0.03203398
133091.14,-3.1116734,3.0781524,-0.06340324
117287.3,0.15846698,1.9665127,0.12649408
115677.99,-1.1715692,1.8679167,-0.14919454
116852.24,-2.864578,2.9444382,0.24066125
131134.78,-1.7718985,0.5010353,0.52204484
125121.375,-3.1114676,0.46870267,-0.142988
116406.01,-0.4471419,2.1682289,-1.3143519
117303.27,-1.9940467,0.9582944,0.09229459
130641.64,-2.832369,1.4882948,-0.52619934
127794.35,-2.6462545,2.8537502,-0.06494243
126575.06,-1.69947,1.3150693,0.15381534
118457.4,-2.8022254,2.9799676,-0.004890915
133701.94,0.7301265,0.5677216,-0.06423653
117449.33,0.4810949,0.84248906,-0.042191055
130287.52,-1.9834735,1.8739876,-0.08384576
125225.586,-2.9456468,0.0902853,0.01326565
118426.55,-1.5322328,0.003518343,0.019108916
115996.28,-0.40920228,1.9155086,0.15670504
126328.73,-1.0339024,0.525098,0.035488732
121310.45,0.52071863,0.7108004,-0.56554884
125441.945,-2.7238593,2.5358381,0.07033933
121633.62,0.5446278,1.4506277,0.5288564
117962.98,-2.817527,0.52739406,0.28697112
129184.945,-2.863399,2.776854,0.06268322
125073.055,-2.8790846,1.1703136,0.37510887
122621.414,-2.2099082,1.0468214,0.056481127
129354.61,-2.2083185,0.24956602,0.039306737
134994.5,-0.87921804,0.2084217,-0.026029887
120914.47,-2.629612,0.6867368,0.09490979
126509.34,-1.0604302,1.6330371,-0.25902075
128654.875,2.3943725,2.79212,-0.02864697
123860.01,-0.22998768,2.1905906,0.07566541
133920.4,-2.7910912,2.507413,0.08515612
122439.84,0.30446494,3.0539556,-0.059488
121397.37,-1.4461092,2.9730594,0.06365256
133905.66,-2.6046462,2.4241116,0.01012999
134938.88,-4.2796125,2.9402359,-0.5742167
116816.78,-0.78923273,2.2564387,-0.029676262
116154.41,-2.8963408,2.9142945,0.108523965
118831.96,3.3719122,1.547734,1.2931123
117143.08,-1.6166949,1.6695328,-1.5177267
132671.64,1.4683815,0.13679451,0.011209837
120515.1,-2.7589579,2.8007605,0.0009994974
118726.69,-2.9833255,2.4959831,-0.03035629
119985.08,-3.965354,2.2670074,-0.42965427
130556.875,-0.113737,2.496764,-0.31824425
118605.35,-2.285502,0.06650409,0.010499592
126070.805,-2.2713552,2.5792499,0.4804441
120518.555,-3.3775966,0.07399297,-0.014874164
118047.125,-1.8391111,1.8966705,-0.16735218
126448.67,2.030061,2.463896,-0.1514718
118124.016,-2.6098228,1.8368326,0.1969308
119400.19,-4.129514,0.20885229,-0.22956443
118932.55,-2.6106682,2.650844,0.5794443
119784.695,-1.8413379,2.5701716,-0.17826425
128519.38,-3.5484023,2.7434034,-0.0064072944
119645.45,-3.6817145,0.3981688,0.021867389
133199.55,-2.8362553,3.0314586,-0.023021406
117323.664,-0.83089244,2.9469268,0.06616818
127228.51,-1.4577596,2.6069074,0.02695925
128008.82,-2.5769172,0.75824296,0.079066165
132402.6,-3.0529869,2.6182241,-0.22334509
131007.29,-2.73833,2.4744253,-0.04781153
134929.48,-0.051725753,1.2474115,0.20544963
129178.375,-3.4603894,0.75813496,0.068959124
123810.22,-1.1557909,3.1261106,-0.007180972
126540.086,-2.8124986,1.724642,-0.26741087
119045.164,-3.7775161,2.52885,0.19223447
123967.48,-2.115106,0.5489903,-0.5235281
115037.33,-2.060955,2.8948822,0.1178254
117443.38,-1.94159,0.8347678,0.09322815
125881.76,-1.6577346,1.7872372,-0.29909196
126029.73,-0.4712353,1.528743,0.23977245
119806.664,-1.3156515,3.086764,0.410835
131362.19,-1.2994148,1.6444267,-0.07714403
134461.75,-1.7363113,0.31075954,0.13510053
124130.13,-2.2173889,2.4081888,-0.45906416
127436.87,-2.6206245,1.3308454,0.30748692
121808.12,1.7668167,1.3159449,0.2074895
118663.52,-3.316725,0.31614414,-0.027765026
127982.414,-0.41919953,2.5212057,0.12301682
131545.2,-2.0241241,0.092992544,0.4096353
128740.13,-0.38596693,2.8365703,-0.08802976
115565.8,-3.7199595,2.8266637,0.015848873
121652.64,-3.3144975,2.5991051,-0.08094101
128476.97,-0.8637937,2.548888,-0.20473935
129010.664,-2.7228806,2.5017486,0.52058226
128995.11,-2.7260315,1.3551762,0.3142552
116596.72,-0.7454675,0.88783383,0.09323741
126085.625,-3.3427567,0.33102775,0.09898624
128585.7,-2.406484,1.540208,-0.1581823
119925.21,-3.1150248,0.57402813,0.0600182
116895.914,-3.4170897,2.7130287,0.014307013
119144.77,-2.6436253,2.804255,0.54941356
132465.88,-0.48490775,2.5987294,-0.01807853
115254.54,0.25082335,2.8236935,-0.011873723
115021.95,0.10893278,2.8155372,-0.106300704
120274.09,-1.0020502,3.103781,0.22911763
120065.17,-3.4546726,1.8683257,0.18785883
122877.88,-1.6243587,1.1447767,-0.13866688
134648.83,-1.5498031,2.6063585,0.1531317
121351.36,-2.4294205,2.7660446,-0.02279742
121217.69,-1.2191993,1.8688436,0.2323166
124216.13,-2.5259757,2.8059223,-0.06480203
126957.695,1.8811845,1.7173232,0.20227593
116350.13,-3.1184702,1.3189192,0.085627235
115553.78,-1.4269732,2.3061862,-0.9950391
117305.56,0.6347942,3.1065784,0.004659453
116585.4,-3.5493615,2.6028297,-0.16421685
117480.53,-2.1576195,1.0210081,-0.15758021
128260.04,-3.441503,1.7802535,0.075420275
117960.72,0.17294748,2.0048018,-0.14573094
120360.31,-1.6053035,2.639408,0.0016795052
129674.1,-2.5732265,0.83601964,0.058695916
131571.8,-1.4337124,0.9356278,0.13684514
123989.88,-1.3057375,2.832645,0.03635821
130286.9,-0.00994485,2.0955873,-0.13724005
118733.62,-0.47099748,1.61518,0.16283008
133132.42,-0.052007187,2.3660493,0.058944844
120114.82,-3.0082436,2.7573533,0.19797345
133892.23,-3.2380126,1.8540334,0.63381803
123275.1,-3.6257715,0.6622362,-0.21722062
129440.875,-0.049038153,0.24118042,0.11259282
129419.83,-1.1011778,2.9909194,0.042407833
129680.11,-3.1706364,0.89659166,-0.6546214
133240.89,1.2925166,1.6541028,-0.10990774
121001.22,-1.8961406,1.8845253,0.51177615
128094.58,-1.7325089,1.5525895,0.049649034
128178.1,-1.1782112,2.6648366,-0.06477614
119589.14,-2.5310385,2.7747405,0.066484876
118134.82,-2.540811,0.14865279,-0.02255968
121226.27,-3.8239758,2.293833,0.0873554
120186.23,-2.8072667,2.8443055,0.20630284
130135.164,1.3167224,1.2351477,0.13178173
130857.51,-3.5858636,2.8844357,0.0038264561
118296.73,-1.0557431,0.7257313,0.12204779
116201.76,-3.4963932,0.19959068,0.02575424
122766.23,-0.05934826,2.2234988,0.0047914702
132912.12,-2.9458606,0.0015476793,0.0006555335
130695.17,-3.4668093,2.245275,-0.4064931
117384.97,-1.8742871,1.757048,-1.8637373
121921.62,-3.5124965,3.1216059,0.03780876
129642.13,0.07139622,2.9485695,0.21756066
129477.195,-1.8434843,1.2831831,-0.11373572
126278.43,-0.32420123,0.25822163,-0.12543209
119295.164,-1.879505,0.68442535,-0.15286106
125728.9,-3.5020823,2.3551555,-0.23432057
132527.7,-2.2014217,2.9345286,-0.089439124
129199.81,-3.4872305,0.33515263,0.19676223
124860.29,-2.7634237,1.8799155,-0.37383264
130678.08,-1.3653352,1.1415582,0.12758401
131406.12,-0.31708303,1.9106616,0.11570818
129692.29,-2.8826656,2.4587808,-0.153415
121160.01,-1.2075919,2.4754772,0.3740806
126791.95,-2.4109938,2.6038146,0.6102799
120261.9,-0.5214005,2.3317025,-0.10643572
117095.914,-0.8621664,2.2495062,3.525376
125884.336,-3.2581487,1.9214401,0.1526653
124570.32,-1.2466576,2.8955379,0.06136579
127139.07,-3.6848345,2.0469637,-0.024210231
120300.914,-1.6558491,2.081821,-0.18166192
116462.734,-0.44184667,1.5352892,0.18724214
125712.75,-1.3848765,2.85687,0.072466455
115862.734,-0.92917305,2.8307006,-0.08499304
126584.34,-3.1028428,2.2168026,0.79969895
119532.81,-0.9376027,2.9117038,-0.00417235
130006.016,-1.9837022,0.7276821,0.03181853
126200.49,0.77969736,0.12400174,-0.024644947
115197.81,-1.8146161,2.942784,-0.04989098
129983.79,-3.428342,2.7823231,-0.06745815
123489.0,-1.8840667,1.6220398,0.13846914
121046.14,-1.5942143,0.87369114,0.10752417
127518.77,-2.375176,2.6940076,0.06920318
131428.8,2.116541,1.6480879,0.106116146
122588.58,-0.7143384,2.0815325,0.12174044
117616.74,-2.0789533,2.0591302,0.3547667
117309.66,-2.3500793,2.496711,-0.2454941
123966.34,3.7925556,0.52528334,-0.085710496
123201.695,-2.3776085,1.5426084,-0.36553025
115821.76,-1.1400838,2.4178534,0.25936064
123907.5,-3.2827213,2.181046,-0.21881635
118820.04,-0.34369576,0.4094398,0.22372077
129281.94,0.048090514,2.5793726,-0.09868692
124374.836,-1.7541133,0.3671068,-0.12059875
129765.0,-3.4467106,0.11639893,0.072560616
115845.14,-3.0406501,0.9816107,-0.27298176
127658.28,-1.0479059,0.6830466,-0.38768476
119387.945,-3.7944937,2.030418,0.40508014
117624.76,-3.6459687,0.53347677,0.030818356
124477.31,-0.53971964,2.8948295,0.16243389
116429.14,2.4895148,2.3683581,-0.14805844
121879.86,-2.8952684,2.8766284,-0.12763311
118288.99,-2.1025732,2.589738,-0.25785437
124714.88,-0.48753318,2.528935,-0.36921668
126395.195,-1.0241417,2.143819,-0.09200473
127339.5,-2.7410998,2.8091104,-0.007902255
116058.22,-3.208854,2.4967818,-0.09238161
122757.11,-2.0615396,2.1611345,0.3056639
118534.35,-1.0539418,3.1100276,-0.103580534
121760.01,0.005581983,2.8978791,-0.19696982
119398.53,-2.3866084,2.7329707,0.064645894
122125.96,-1.9612622,2.8855042,-0.06566313
118694.19,-0.36466795,0.7122873,-0.46200475
123693.625,-2.6387823,2.1704388,0.44409937
129672.62,-3.3039992,1.8148065,0.3156129
116779.64,-1.6244532,1.3252137,1.3174684
133729.67,-1.2350606,2.6069458,-0.51365894
122262.31,-0.5677458,2.1736364,0.044691578
117715.55,-4.2050805,1.785049,-0.30900916
122133.82,-1.0128894,2.10926,0.36673042
131304.97,-0.5401148,2.9484835,0.32818165
131487.36,1.9434001,2.2742803,-0.28216565
118743.625,-2.1990454,2.5167298,-0.05962678
125946.336,2.6203706,1.3653313,0.23642905
129005.28,1.3213108,2.0651252,-0.070443764
133171.45,-2.1397476,2.2811894,-0.14862584
132942.89,0.9792203,2.6093674,-0.110013224
126693.95,-3.2778897,2.9060743,-0.028317995
116202.43,2.430716,1.4988475,-0.1846369
117368.445,-2.6264348,1.8721507,0.15362692
117383.8,-0.3382008,2.2188609,0.71050096
120270.984,0.785504,3.0153954,-0.0324022
132464.11,0.5806832,1.9480366,-1.0602392
121970.77,0.7057111,2.631182,0.06491075
124318.15,-1.7959944,2.716916,0.38894343
117694.98,-2.7309065,1.8664716,-0.13655478
120371.266,-2.1784587,2.3013358,0.31713808
120810.08,-1.7293158,2.627043,-0.2032493
126024.26,-2.1954107,3.1012788,-0.6471994
134047.42,-4.005044,0.88380796,0.5370195
122912.875,-2.0685232,1.8039804,0.17490582
130475.04,-2.4606013,3.1324,0.03781435
126886.875,-1.679079,1.7158647,0.14935665
123221.125,-0.16821633,2.3195558,0.42459765
130607.5,-0.77774537,0.6349536,-0.14192796
125025.58,-3.3347187,1.3569025,0.14680937
122213.945,-2.3863513,2.587862,0.07409026
132901.6,-2.6702304,0.106897675,0.006329574
132005.3,-3.456749,1.0047009,-0.48065493
115075.44,-3.647716,0.24334323,0.06896153
123967.14,-1.1312255,3.1203945,0.25616336
121735.484,0.7570862,1.6775967,0.10249163
134937.39,-1.4935399,0.031196356,0.06334236
118440.03,-0.19417083,2.51883,0.08216524
117277.52,-2.558036,2.097643,0.37208793
127296.13,-1.0205104,2.7308204,-0.004691325
126655.38,-0.6886983,2.8745444,-0.010062532
118274.06,-2.3371787,2.7398553,-0.302937
121240.39,2.1620948,1.7312889,0.31610334
127348.67,-3.7516782,2.6413438,0.080176674
130497.64,-0.4153842,2.4217393,-0.112850286
122852.45,-0.6574069,2.5977979,-0.15672222
128834.664,-2.5841284,2.214026,-0.015188833
129981.984,-2.8949022,1.8789562,0.49450263
130516.33,-2.5717676,2.965272,-0.2087163
116577.35,-0.5202986,2.957817,-0.09267457
122954.49,-0.21794827,1.5231173,0.09488911
119325.64,0.14311726,2.746449,-0.16879271
130889.01,-4.0558853,2.3792078,-0.21417378
128466.25,0.0031974404,2.3956828,-0.29807892
123092.81,-0.7753619,0.95094186,-0.08068023
131408.7,-1.5578974,2.9040108,0.16084138
118024.28,-4.280166,0.8216119,0.5454362
126435.59,-2.5567412,3.060057,-0.04111512
128446.86,-0.47508845,2.5424144,0.15728302
131020.12,-3.2093,2.605112,-0.18209861
123898.27,-1.2188869,3.1113613,0.050272264
122232.08,-3.3333807,2.90601,0.09945058
133235.64,-2.0836287,2.7560773,-0.6417792
129883.65,-3.125096,2.0582576,-0.19149572
116710.46,-4.035067,0.8966833,0.15000424
127695.266,-3.2502522,2.1906695,-0.60812175
117127.82,-2.2836387,2.5393052,0.036242474
118318.18,0.2091624,2.6953166,0.049107675
115800.31,-2.125167,2.4531677,0.100503586
122942.01,-1.1163814,1.9511185,-1.1523751
128045.82,-1.7003988,3.0986998,5.1879435
130920.61,-2.5660427,1.9608432,-0.046102352
127398.266,2.8014977,1.5620697,-0.48608065
127312.766,-2.5151908,1.790229,0.31712705
132010.17,-2.329886,2.7372286,0.39734098
121574.73,-3.9326837,2.091442,-0.009945091
131145.52,-3.7764637,1.6754112,-0.610936
121128.06,-1.2786686,2.3504567,-0.0004926127
115478.48,-0.46193793,2.507948,0.11913417
131295.34,-0.497206,3.0707798,0.029730821
134732.8,-2.167549,0.33572888,0.08425402
121138.39,0.24066521,1.0182813,-2.423822
125263.16,-2.785882,2.583749,-0.026561
121439.42,-2.7609909,2.0656204,-0.1597103
134480.56,-2.5913486,3.12149,0.14825544
129035.875,-0.5127448,3.0306368,0.23188858
133977.48,-0.7543449,2.3957453,-0.13147822
116853.734,-2.7348592,3.060405,-0.05336713
123425.88,0.5120272,0.6802689,-3.4432855
132323.02,0.61700046,2.9110224,-0.015621308
134510.58,-3.9253926,2.6306632,-0.22746599
115760.125,-1.4552884,1.5055109,-1.2913331
131350.42,-3.1532998,2.9893804,0.10211276
127705.73,-2.4632838,1.7931943,-0.19900997
127843.836,0.8791216,1.8624332,-0.4479073
127593.984,0.18219483,2.955821,-0.11590401
132199.56,-1.3339458,2.9592795,-0.19519898
126384.74,-3.4500542,0.11413026,0.06577183
134470.2,-1.106731,1.6441838,-0.16738771
123957.375,-3.5615902,2.8796873,0.23642004
123630.52,-2.3838172,1.47142,0.13119668
128465.164,-2.6864517,0.9124635,-0.23431693
119632.375,-2.3200529,3.0081801,-0.14868017
129795.3,-2.2077117,1.8115808,0.5928207
123706.41,-0.059805084,1.5081058,0.60389954
115759.89,-2.671789,3.0066013,-0.26733005
128136.92,0.4351308,2.270166,0.26441032
123361.266,-2.022306,2.5934758,-0.28262788
127099.05,0.7581704,2.5467925,0.08873548
132231.53,-3.2208424,2.8134272,0.016250849
128067.74,-2.8567104,2.7891192,0.16921365
119009.37,-1.5559582,2.6145236,-0.042053793
116961.88,-1.7339032,2.28246,-0.36254308
134855.64,-2.031535,1.311655,0.19617127
129272.47,-3.8070972,1.7398436,-0.23137838
129549.836,-2.9178104,2.7238464,-0.27788994
119819.56,-1.6172651,2.375366,0.08200094
131033.83,-1.6546263,2.906148,0.5551881
124304.69,-2.3484268,2.4149559,-0.244091
127538.9,-2.2253015,2.0388937,0.15129879
131924.67,-2.6226516,0.99881107,0.14537516
130648.61,-2.3740935,1.0253358,0.09667743
120013.85,-3.2907555,2.4225745,-0.040989734
130223.07,-2.3367472,0.90257853,-0.32280877
123129.41,-3.1039455,0.3878538,0.05445614
127190.914,-4.074356,0.51717013,-0.064705
125141.914,-1.77904,3.0473018,-0.046492364
122669.96,-2.1830778,3.0256598,0.18995349
121862.98,-1.5103233,0.896065,-0.06770342
123297.74,-1.2093339,1.9164805,-0.15771158
118946.8,-2.7287428,2.4978645,-0.05472367
124780.17,-1.6310773,3.1362724,-0.03695173
133350.42,-0.9208853,2.3767824,0.18543613
120639.01,2.2610292,2.4645767,-0.07298014
119651.3,-2.0088463,2.8833184,0.030361608
115637.766,-1.1719791,3.0153375,0.021383982
115345.71,-2.8811808,3.1055775,0.2689274
130602.47,-1.2367079,1.582869,-0.27710488
120762.234,0.07665506,2.749357,-0.14682195
120246.31,1.867069,0.5562936,-0.678773
127840.66,0.48489052,0.3907137,-0.17186064
122402.195,-2.946063,3.0138862,-0.02582393
118541.89,-1.2891402,0.4687662,0.0667034
129881.42,0.12784092,0.6880188,0.13438083
122083.83,-1.8522127,0.15572238,-0.14281183
133166.44,-3.8261237,0.9005915,0.11853546
116090.875,0.15442802,2.698675,-0.5731615
123317.71,-2.7713277,1.1440645,-0.25650102
127743.63,-2.4354851,2.8161044,0.7330641
133923.12,-1.6073364,0.72685397,-0.122365825
130756.05,0.28162876,1.592286,-0.19008966
120004.98,-2.8058827,2.4746482,-0.2996625
127436.5,-3.6707745,0.8451022,0.083920486
117474.89,-0.4819134,1.9129926,0.15723458
130177.66,-2.6369517,1.4708394,0.73014766
117203.61,-3.2852569,0.39510158,-0.048196856
131331.73,-2.5143552,1.0742207,-0.07291256
133996.27,-0.16838285,0.7477458,0.096514
119566.26,-2.4509442,0.32618168,-0.0491294
119000.65,-1.8628134,0.40786678,0.1175131
126961.36,-3.0744934,1.3851113,0.28515497
127585.305,-1.4607165,0.4284775,0.1443843
133917.44,2.1690874,2.4299052,0.2696752
127035.18,2.872076,2.6062858,0.059701543
119420.63,-0.61895615,2.372262,-0.04423154
127685.37,-1.1001064,1.4146268,-0.16209182
121009.32,-2.7104166,1.1421763,0.05585655
115217.42,-0.5509431,2.645845,-0.13126783
131924.12,-2.7152162,2.576371,-0.14508688
124260.484,-2.3746517,2.8090093,4.6912165
129211.23,-1.879775,2.3138452,-0.9022446
117026.13,-1.2663593,2.2613456,0.1525356
122126.83,-2.9569776,0.5204051,0.20721234
117553.266,-0.8773037,2.5154378,0.21313395
120334.1,-3.1321938,3.0322542,-0.10903167
125144.64,-1.3999726,3.0647168,-0.0147442445
127304.04,-2.9114258,1.8120395,-0.26072964
126262.78,-2.8785806,2.6986277,0.2953832
134847.95,-0.9697001,3.0727396,-0.70431465
120628.164,-2.1233983,2.9744227,0.04933967
126705.9,-2.8465402,3.0841453,0.015302245
129377.96,-3.545878,0.42049694,-0.05432553
118748.68,-2.4926462,2.9368649,0.44188535
126048.65,-3.4834146,2.4459424,0.3298488
117954.836,-0.6417354,2.5278265,-0.37540975
118337.18,-2.3884635,2.328764,-0.036513016
119766.19,-1.1577044,0.33213615,0.14697616
132660.5,-1.8611519,2.8400207,-0.3091825
117925.88,-2.076244,1.120034,0.068978615
128685.95,-1.0989807,2.6538777,0.12828623
134384.64,-2.5759518,1.8383043,-0.065495506
120123.0,0.83734274,2.6918278,0.13140817
121726.49,-0.7843974,0.5800045,-0.25038376
115779.31,-2.7062776,3.0215478,1.1970916
128414.77,-2.4109051,0.91718596,-0.5963589
131937.92,0.34595156,0.72302556,0.0856971
123575.73,-1.8501952,2.6380734,0.38930944
115470.48,-0.70228595,1.9530697,0.40089834
118399.16,-2.151498,1.6627998,-0.0049114143
131918.12,0.6997557,2.3254416,-0.14622921
121911.17,-2.3058336,2.7236645,-0.3389013
117263.734,-0.15032794,2.4551077,-0.3062399
119204.47,-4.1286583,3.0768101,-0.023829028
117561.62,-2.1885536,0.6098068,0.057405896
131191.88,-3.2777832,1.2030609,-0.63266045
133084.75,1.8667635,2.1282268,0.13870361
122771.77,0.2853308,0.5294658,0.21476851
129915.75,-3.9174697,3.0464258,-0.047811687
124186.72,-2.8531325,2.9051013,-0.018464878
134573.61,-2.9340222,2.1295629,0.3620358
133220.1,-1.6927037,2.815527,0.07232333
121191.38,0.6549949,0.65410817,-0.08980539
117724.31,-3.310431,3.1257942,0.006817439
118241.87,-2.1296804,1.2396125,-0.15381034
132559.75,-3.6434968,0.8473065,0.2097417
133066.86,0.20978878,0.16419798,0.010715398
125019.14,-3.6430182,1.5553393,-0.012212737
129724.88,-0.70558614,2.4300885,0.044882473
124734.17,0.8744029,0.160007,-0.13119112
121793.414,-0.025264721,2.847445,-0.12630643
128851.5,2.4465628,0.37202156,-0.052809626
131032.03,0.13108137,1.9538893,-0.084249
124603.22,-1.2838632,0.34673297,-0.042072777
127291.33,-1.3024453,1.0519716,0.48378548
125982.516,-2.7752843,3.1038647,0.08030558
125758.03,-2.14714,1.140475,0.018099872
120186.24,2.6478162,1.8781525,-0.4447027
133323.11,-1.4743091,0.84608495,-0.12667942
125860.445,-1.2979819,2.0058413,-0.39502582
127065.63,-1.4915036,2.997611,0.0024383191
116810.484,-0.68709314,2.5946577,-0.17588253
128416.555,-2.8071666,0.9528012,-0.06714316
121915.016,-3.115584,3.0401056,0.027283097
124833.02,-0.39310032,1.3946133,0.08205672
134046.75,0.6673549,2.1302648,-0.08016377
124915.414,-3.448809,0.4443367,0.11885515
121400.25,-0.51901174,2.445815,0.0132615995
134268.64,-2.8933094,0.4346295,-0.0072911065
122965.64,-0.36196375,1.9240621,0.7452365
129683.59,-0.5893955,0.09871304,-0.03059418
120514.09,-0.74696785,0.44262314,0.5195495
129317.016,-1.1653683,2.19666,0.4140193
129510.65,-0.7531912,1.8486861,-0.3048006
126566.09,-1.0224664,2.6302564,0.38428393
127057.695,-3.7296681,2.5459166,-0.025035834
127822.81,-2.0333753,1.7694391,0.24797863
123513.99,-2.249025,1.1686732,-0.06359654
127750.49,-3.4708939,0.88784444,-0.34867957
134430.58,-0.17462729,1.9342121,-0.4709327
117581.125,1.3049456,1.7907026,-0.15656489
121989.17,-1.2670825,2.7075455,0.10773565
132039.6,-1.549612,2.788038,0.04342408
118219.67,-3.3387218,2.1016784,-0.08448156
122902.02,-2.093975,1.1716633,-1.1325892
125755.88,-2.4742544,1.8191837,-0.64115113
118480.4,-1.5307716,2.703219,-0.0843246
116687.85,-0.8892036,2.4685042,-0.17885485
122733.41,-0.22937003,3.1137626,-0.08338398
126882.61,-2.238658,3.1086826,0.04439229
117209.18,-2.7359807,2.640613,-0.045233782
116324.38,-1.4316326,2.3898942,-0.009906477
121261.51,0.17891824,2.9068396,-0.19226593
119026.34,1.0388179,2.8883872,0.17867379
131729.47,-0.70408785,1.6618038,0.25927123
116984.57,-3.1377616,2.2492,-0.15728952
121617.94,-0.647644,2.3030136,-0.07374518
122300.55,-2.8220143,2.7561064,0.14532638
117290.484,0.29503378,1.7659299,0.14085975
115226.09,-1.9603264,2.7243755,-0.17664602
130478.61,-2.2718024,2.7749527,0.059758015
134243.5,-2.8793507,2.977047,0.04093843
123901.69,-3.2133462,2.3582451,-0.45907986
131519.95,-2.0219505,2.5158563,-0.2664751
119510.97,-2.0758216,2.1683044,0.017296378
129764.195,-3.367203,0.92001486,-0.18624716
124978.414,2.7089577,0.20013857,0.056660667
118074.21,-3.246009,1.0459728,0.26238665
115338.0,-0.29153463,1.3366964,0.75659436
121849.43,0.38375488,2.601833,0.18521076
126341.555,-3.4251971,0.8019278,0.19923948
131519.08,-3.6092632,2.632726,-0.073138624
125258.88,-2.4154496,0.5104628,-0.41027564
119683.97,-2.0831668,1.8627129,-0.9383418
117979.89,-1.713148,2.6594975,0.0024922958
119996.54,1.5985926,2.8249407,-0.088264965
118349.33,-2.4851155,2.811727,0.3498624
123173.11,-2.9530385,2.940834,-0.0034740923
122718.19,-2.7802224,0.7214199,-0.043653566
125895.766,-0.05585996,1.7528145,-0.12881196
124531.07,-2.2574663,3.0963817,0.0021122152
132833.31,-2.256578,0.6071742,0.0647165
131486.58,-2.262022,2.8742356,-0.084182315
131293.83,0.7153872,2.9448702,0.009012988
132832.73,2.546182,0.19129902,0.28048515
129338.484,-1.4455762,1.9447016,-0.4445697
120511.12,-0.23890816,2.9106023,0.03189774
115069.28,0.6138627,0.9965254,0.28838333
123351.164,-4.013644,0.75326145,0.060400333
125552.375,-2.9351156,3.023686,-0.11267855
128323.21,0.25134084,3.088645,1.1857587
122955.03,-1.8347461,2.950831,0.05604856
129335.65,0.29306892,0.84877324,0.36697474
121072.72,-2.250013,2.9977293,-0.28866875
132548.53,-1.3948714,0.50889724,-2.7408125
123752.47,3.6176255,0.06555605,-0.032124672
134399.52,-0.021264335,2.7168326,-0.1128701
121250.54,-3.7082434,2.872669,-0.9725424
118187.25,-1.7439786,2.835393,-0.20012425
134105.05,1.2987604,2.4384222,-0.9346048
134734.31,-0.27016005,2.4498317,-0.21275508
130487.53,0.3820607,2.7488053,-0.09923687
117013.49,1.7104262,1.962749,0.17443083
115341.06,-2.396411,2.7054257,0.048506808
121501.35,-1.9009155,2.6859596,-0.2207786
122191.555,1.1503353,2.2418187,-0.3673702
120943.77,-0.2614306,2.8382745,0.08503801
127415.016,-1.7620448,1.8198481,0.5937194
131774.33,-1.8479786,2.7176082,0.013609636
123658.99,-2.7904916,2.6313543,-0.10594662
125453.58,-2.4499834,1.6211469,-0.071408816
121207.84,-2.1794732,2.6638193,0.32382807
127370.625,1.722185,3.0113156,-0.027732175
121911.79,-2.4365244,2.2712183,0.25874302
119734.28,-2.943713,2.308712,-0.23198046
121132.875,-0.5318724,2.008985,0.11982941
122038.51,-3.5829833,2.2894518,-0.039146967
123943.3,-3.0093193,0.10053456,-0.203243
120932.89,-1.13453,2.8220372,-0.60818774
127108.06,1.2023954,2.8245873,-0.09074496
126145.01,-1.7816002,2.1867554,-0.55079275
119931.9,1.8701802,1.0968186,-0.11034588
115229.87,0.08159837,3.000586,-0.049641408
120522.5,-1.3277037,3.081593,-0.2848348
122881.08,-4.0442047,2.6604812,-0.009719858
120868.67,-3.18735,1.5811453,0.25156632
126078.01,-2.6545355,3.1203547,0.09444423
119491.67,-3.2013152,2.1376765,0.11988204
123421.414,0.3334649,2.9834397,0.46601057
132708.52,-2.2105477,2.7203982,0.07681489
127672.74,-2.0438755,2.9858,-0.042250887
118338.414,-0.14871806,3.042579,0.050210733
116280.95,-2.2470717,0.9351672,0.506758
121873.72,-2.7411222,0.51623106,0.06415411
129527.0,-2.4376388,1.0744038,0.052424915
123267.12,-2.6966503,0.8793307,0.17549703
122600.18,-1.8567864,2.4757164,-0.09260011
133604.3,-0.7405346,2.9879184,0.010774761
131947.53,-2.51406,2.9268622,-0.056507405
129633.63,-3.3756006,2.3205674,-0.044699457
120355.09,1.9920069,1.9011115,0.12676217
127180.805,-2.0977054,1.6355989,0.35320687
121853.43,-2.3124318,1.9311883,0.22379114
132341.38,-1.4847357,1.9014933,-0.15784803
129319.65,-2.503461,2.6518157,0.14865556
119092.39,2.1223025,2.6796694,0.15033258
122112.35,-2.3630607,0.80212075,-0.08564838
131123.31,-2.0501206,2.3247688,0.008811927
117792.58,-1.0194166,3.0530157,0.048707686
119038.44,0.6490188,1.0645181,-0.10569328
132703.72,-2.6437974,1.9560616,-0.08352446
129758.95,-1.2838215,3.088921,-0.06861227
123074.96,0.28651994,2.7241,0.14045079
116548.484,-0.15838459,2.811449,0.0758061
128831.03,-2.5617535,2.498009,-0.4196438
132676.39,0.71090174,0.13225448,0.0353911
125811.94,1.3095016,2.6821716,0.0978242
120536.125,-2.6841347,1.1554532,0.63704187
118528.56,-3.0328033,0.9146521,0.16093828
131026.36,-3.1215596,1.0845283,-0.10610617
125868.766,-1.3873174,0.62132174,-0.12906261
122609.22,-0.41907018,1.302353,-0.1048931
134031.38,-2.2739642,2.841892,0.40306938
127093.84,-2.1630156,1.430592,-0.50064754
122931.13,0.37226036,2.7571802,-0.046472438
134497.45,-3.3853214,1.1396935,0.18692082
128833.31,-1.3113024,2.45869,-0.1607122
116423.58,-3.1201515,2.489302,0.6146668
120916.02,-2.6576147,2.8620968,0.15989953
127769.19,-1.8075082,1.8713793,0.24254146
127293.55,1.9130218,1.192625,-0.27007157
118490.2,-3.0978982,1.68214,-0.1693819
116976.61,0.26339173,2.8570635,0.06878053
127712.4,-1.3795844,2.8386536,-0.014588684
130176.8,-1.602829,2.7665277,-0.39366218
125538.2,-1.1642033,3.1291096,-0.09466795
131298.36,-0.43061516,2.994315,1.0621865
117911.54,-3.004969,3.0926507,-0.12601125
123342.48,-3.2213,2.2047849,0.5643771
128530.04,0.48703772,2.596289,0.39529377
122636.71,-1.9338021,2.7055032,-0.13194461
115054.65,-1.584953,2.9253898,-0.44539085
128551.62,-3.1441956,3.0142999,0.06436534
116743.83,-0.31893975,1.6050187,-0.24467237
131124.97,-0.61949176,2.8266432,0.2600404
125841.61,-2.632931,2.8558311,0.6174378
126680.39,-2.9687157,2.5883021,-0.62881047
134394.7,-3.5460052,2.9211488,-0.052954055
122521.0,-1.2558653,2.1229732,0.19371538
125257.984,-1.0725954,2.753093,0.08543417
131356.72,-0.34067488,2.4162319,0.0032803665
122197.305,-3.3421886,2.5363176,-0.15255243
124016.82,-2.6628559,0.5553708,0.01146167
132887.3,-2.384088,2.3805366,-0.62516475
128999.74,-2.2444189,3.0739074,-0.059785917
123887.66,-2.7269254,1.0298457,-0.42480883
123284.984,-0.26121673,2.1967163,-1.6937639
124299.26,0.40759438,3.127974,0.06446547
124797.67,-2.8290179,1.0613664,-0.15924342
129446.65,-3.1590006,3.1028156,0.09848721
121816.72,-1.6006913,3.0716999,-0.048529956
125239.1,-2.7910585,0.89160997,-0.04633695
118931.79,-2.307924,1.0418553,-0.08765588
118534.09,-2.0674767,3.1027913,-0.06838114
134527.2,-2.6872742,3.117513,-0.07302362
131714.8,-2.5692527,2.272486,-0.3612998
129044.22,1.1214118,3.1169715,0.056412086
119152.28,-2.8114445,3.0930116,0.2711052
128851.1,-3.515663,2.2814069,-0.03253825
131377.7,-2.2368636,2.8175015,0.048458505
130677.11,-2.48713,3.0511243,-0.99586904
131052.85,-0.86515385,2.6493928,-0.033189837
124780.95,-1.6027325,2.9755702,-0.10942038
124778.12,2.7179224,1.53461,-0.6077533
125454.164,-0.8603782,0.8367736,-0.29303655
128661.42,-1.1673863,2.7662864,0.05197845
118042.39,-3.049754,0.9411785,0.055346884
124609.516,-1.6475525,1.1252341,0.57328886
116030.06,-1.5258707,2.624449,-0.11075416
121396.664,-2.7178426,2.3139884,0.48322454
123642.11,-3.9015377,0.28653163,-0.10023373
118357.99,-2.6992795,1.9423136,0.7214543
123572.76,-3.0031343,2.879996,0.14947774
119743.445,-3.4927907,2.1240704,0.009974184
119177.91,0.85380507,1.9176257,-0.25883296
129274.445,-0.61578673,1.9465957,-1.3362994
133770.3,-3.0765328,0.5177176,0.077170596
124887.49,-1.0807605,1.820568,-0.12397389
125559.8,-2.2093823,0.8565881,-0.06119416
128368.47,-0.5367229,0.9634469,-0.046574395
119222.35,-0.7771164,1.3450141,0.27001402
122005.0,-2.7274814,2.9417346,0.024007933
123664.875,-2.9248774,1.3500988,-0.6707569
128466.18,-1.6574699,1.0403283,0.71336776
119569.63,-0.069264255,1.014799,-0.075472295
125510.945,-3.0416698,1.4645969,0.43878716
128383.2,0.16125867,3.0372453,-0.018548073
130465.18,-1.1444561,0.11743945,-0.16190162
121817.98,0.56006795,2.4925435,-0.09543783
133408.53,-3.1070852,2.7271185,0.2031932
125413.984,-1.9561554,1.3658036,-0.14588562
133157.7,-4.176993,0.37329894,-0.07662982
117758.3,-2.3611352,2.9530768,0.17605266
119129.0,-2.1995463,3.0165703,-0.06936401
115201.5,-3.110785,0.24033654,-0.07703716
124664.445,-1.3939941,2.770531,-0.03435153
121674.59,-0.021492744,1.6079582,-0.122347474
126225.44,2.2318883,0.24804735,0.026764221
131898.4,-1.0472643,3.0047164,0.0014575627
121121.234,-2.5836556,3.0744896,-0.026714427
122273.9,-0.7395152,1.1126689,-0.13299817
128137.97,-2.6855676,0.65757155,0.32710096
131685.06,-1.4174457,0.8182994,0.20135705
125059.66,-2.899527,2.7792354,-0.0048322706
126522.63,-1.9180667,0.41811025,-0.016432818
118529.62,-0.23178943,2.2325125,-0.085436456
120875.9,-1.2160652,2.976842,0.12582879
120904.28,-2.4171412,2.9172583,0.12543647
119299.625,-1.5784038,1.1294298,-0.43948895
125607.66,-1.9434575,2.8065076,0.08137946
116950.016,-3.6437624,1.9155208,0.119621925
126771.61,-2.7322104,3.0927477,0.0061068186
122154.055,0.284076,1.2263627,-0.12647432
126198.64,-0.34883463,1.3491949,-0.3305204
122194.45,-3.079088,3.1159167,0.020297997
123681.695,-2.1868186,1.5586938,0.34604695
129754.625,-1.9377153,0.111347675,-0.007519775
126493.52,-3.049839,3.1268032,0.01273192
119853.805,-0.34328038,2.709156,0.2922467
132443.72,-2.1757107,2.9987357,0.20192492
120499.32,0.6380516,2.365684,0.983255
118797.664,-0.38218185,2.8774552,-0.059224382
121381.72,-3.6264787,2.1715853,0.3967904
126396.586,-3.5057294,0.021529913,-0.13952222
120469.516,-0.8440175,3.0729785,-0.035673693
119540.51,-0.1601479,2.4955177,-0.58025837
133783.31,-3.758001,0.85830957,0.0776004
127051.09,-3.909135,0.14294481,-0.15874828
118756.48,-0.47580293,2.6103406,-0.13618405
134761.16,-1.9636893,0.42099112,-0.03331177
117080.77,-2.2229,2.629224,0.045548506
119439.484,0.1654271,1.0752819,-0.15406112
117944.79,-2.9936101,1.5406361,0.3796558
120045.6,-0.16788295,2.0655472,0.36371502
125887.81,-3.1673722,1.5653458,0.35376137
116335.44,-2.1933093,2.662859,0.2655792
119151.4,-0.037306253,3.0440085,0.033821374
121646.83,-2.4423418,2.5192049,-0.05617864
116237.445,0.82020795,0.7169937,0.091719314
131589.2,0.14253885,1.4249079,-0.09730819
118145.49,-1.5773693,0.9885013,-2.261993
133494.4,-2.407362,0.11047077,-0.0063103717
128225.87,-1.6624697,3.085425,-0.025150765
119276.37,-0.8884556,1.6626136,-0.9572553
115081.4,0.3243404,3.0691912,-0.34403664
121412.41,-1.060886,2.8292177,0.08531489
118137.97,1.9074742,1.970367,0.17407057
115205.79,3.262111,2.798037,-0.10564484
125796.75,-2.534158,1.8015702,-0.15659304
126436.63,-1.7840328,2.7359166,-0.09223353
126973.09,-0.9283479,2.2688937,-0.13170746
123606.25,-2.6468387,1.9661489,0.43862507
126682.89,-0.3672082,1.0001937,0.11481956
128368.89,1.9064033,2.6185758,-0.03420823
124510.78,0.76628304,3.126132,-0.012752384
133834.78,-1.7459866,0.9030407,0.03045208
133244.17,-2.5347877,2.3752005,0.15553036
129955.47,-2.0952253,1.6574233,-0.3794598
124159.72,-0.38151297,0.5229925,0.047356203
129572.016,1.140324,2.273942,0.51051414
133143.88,-2.4061265,2.0972657,0.2829251
116023.81,-2.070515,2.5166745,0.23966265
118506.02,-2.039714,2.2630787,-0.54864
131598.95,2.1848633,2.757132,-0.015443486
130318.44,-1.6661689,3.0425973,-0.018198045
126539.5,-3.0153656,1.7413695,0.33369243
119684.51,-0.58152324,2.6535153,-0.33958355
122062.48,-2.8354974,2.459401,-0.42060825
122924.83,-1.6708959,1.7294644,0.92378795
121339.28,-1.7804501,2.5670507,-0.1409517
121412.69,-2.5490792,0.93628037,0.07786586
125429.55,-0.9775318,0.6717718,-0.06785579
119021.28,-1.538663,3.1372118,0.04390841
120267.82,-0.39877793,2.2869442,0.22889492
126750.01,-3.1817539,0.7117058,-0.31246978
126908.81,-0.8677319,1.906636,-0.10916533
115059.38,-2.2265234,2.2445507,0.058258433
125429.65,-1.7673944,0.46933374,0.10501266
122372.12,-3.8742752,0.8111025,-0.086431734
124262.38,-1.8124707,1.0899338,0.8080605
116991.94,-1.32395,2.8796651,-0.13870542
125993.01,2.0847821,0.7932322,0.10813175
127706.89,-2.8043027,0.59018767,-0.399163
125238.82,-2.5425751,2.0524957,-1.5686936
129409.6,-3.377856,2.0117743,-0.08495843
123383.36,0.7751362,1.7996231,-0.7086367
117220.96,-0.369129,0.03711784,0.047697496
116480.44,-0.5017234,0.7689189,-0.11394961
121057.26,-4.1312814,2.1498585,-0.045848425
128335.85,-1.6996534,0.7889466,-0.38654742
124936.28,-2.9492247,0.21775699,-0.028365504
133841.58,2.7377915,0.25142765,0.08668537
122299.195,-2.7552996,3.1146033,-0.011948542
122587.56,-1.9713306,0.990346,0.3159423
117332.94,-2.015292,2.4116106,-0.21827987
130172.66,-3.7270038,2.3696356,-0.17072383
134104.58,4.117418,0.31071925,0.07520036
121874.14,-0.589091,0.6583333,0.13874348
117615.32,-0.1853984,2.8599935,0.17117609
117086.055,-2.9620836,3.040065,0.0049158894
125365.37,-1.0944213,1.1983974,-0.26400402
129327.734,-3.1385028,2.8963468,-0.0015276008
115736.22,-2.5413184,2.869594,-0.12736526
120985.58,-2.6983957,2.0664406,0.12182124
133240.88,0.57880074,0.4925468,0.17142293
134477.61,-0.8489635,3.0950072,-0.34985283
123168.945,-4.402155,2.013953,-0.08016973
120884.914,-0.90582037,3.035038,-0.013930359
123390.39,-0.01967113,1.9163536,0.07265917
133855.9,-3.6376207,2.6304436,-0.27804154
117365.12,-0.38727978,2.2634397,-0.31801686
121170.02,1.7740186,1.9078912,0.11330497
119335.336,-3.5903928,1.786944,-0.36627874
119428.57,-2.6726773,0.5052238,-0.11404309
124970.016,0.19832535,2.415702,0.0860773
121414.445,-1.9443095,0.9272767,-0.12540692
119065.87,-4.022129,0.012101412,0.36615023
128246.56,-3.385494,1.3040955,-0.10071967
134561.11,-1.8719044,2.565464,0.012047648
121621.71,-1.1132215,0.8213316,-1.0556889
132074.5,-2.054659,2.6446025,0.008989277
116390.305,2.1598697,1.1091875,-0.12237773
121452.84,-2.4075391,1.1644725,-0.3462636
126316.82,-3.286497,3.0644805,-0.059142534
115209.805,-1.8928258,2.7094445,-0.02706333
133058.22,0.71550494,1.9127206,0.09596445
120425.99,-2.029707,2.945836,0.04620201
128261.3,-0.8795267,2.811751,0.1829067
126606.77,-1.1274928,2.411281,0.6496902
115849.33,-1.6798679,3.0729096,0.037902657
130690.81,1.7298013,2.7136846,0.08515546
123703.97,-3.0707967,1.9325535,0.13044074
123635.26,-3.8558388,2.9988093,1.1376895
130416.09,-1.7074113,1.0262733,0.22653821
132920.53,0.023157975,1.8259137,-0.30711725
128076.336,4.3522997,0.22219275,0.02860424
127549.28,-2.4396653,1.7842058,-0.7584768
119600.89,-1.9314196,2.8542662,-0.12738512
117799.3,0.95654505,3.0262012,0.0057285675
130804.7,-3.2568836,2.789364,-0.5604654
121212.67,-2.6427407,1.1125418,-0.06840541
119647.32,1.7789807,1.3893944,-0.1005008
118014.53,-2.8734715,2.5711367,0.23419762
132654.9,-1.2496084,1.7511729,0.1342393
122496.53,0.86805797,1.6586168,0.13067873
129642.336,-3.2446284,3.0958323,-5.26739e-05
121043.195,-2.726303,2.6771235,-0.10395884
129575.63,-4.168226,1.6409122,0.42914563
130363.61,-1.6198246,1.7878857,0.17907898
125476.79,-0.42547938,2.69205,-0.1336635
127790.89,-1.8570602,2.3264818,-0.18393698
130038.52,0.98830616,0.4494251,-0.043796137
117326.18,-2.0091815,1.7200563,1.864285
120897.6,-2.0614202,0.6310643,0.0689177
129081.766,-0.937955,2.4195344,-0.18889208
120949.17,-3.356343,0.0029577017,0.0070574046
130027.43,-1.346669,2.6844103,-0.015269957
115122.1,-4.406531,1.43642,0.14679183
122431.91,-3.925709,1.7220361,0.05215663
118364.49,-1.3691058,2.5142436,-0.15810275
120635.03,-0.5015864,2.2656934,0.28044575
126079.945,-2.3827615,1.4780824,0.25116095
122497.53,-1.9490403,0.48720527,-0.15489653
121849.67,-0.7829263,2.2660487,-0.7457297
121709.77,-0.23915985,2.870632,0.04643396
117155.875,-1.4121923,0.08462691,-0.008976873
116234.516,-3.1605718,2.777393,-0.05038553
133469.06,-1.6889317,0.34337002,-0.07092784
124087.21,-0.7106903,1.291824,0.34771693
119437.71,-0.9585264,1.2033098,-0.413868
132223.92,-3.1696725,1.6811515,-0.22240597
128008.43,-3.5659258,2.9939983,0.16616005
125905.125,0.5681239,2.7221222,0.09783455
122791.94,-3.1837683,1.5423803,-1.529513
128620.79,-0.4569364,2.3428392,0.018054198
124153.664,2.310924,1.1949788,-0.74212086
126111.16,-2.5255268,2.6115682,0.048185423
125033.54,1.4565902,0.6791349,-0.10379413
127985.3,-2.4141107,2.5618181,0.6630976
127860.375,-2.6903453,2.816769,-0.006491115
130725.34,-1.003768,2.9618318,0.024281474
125562.64,1.1720235,2.6844969,0.21980114
125567.71,-1.9266639,1.8760095,0.06844053
132063.19,2.3461976,0.7283534,-0.12949187
115139.5,-2.9816077,1.5650085,0.09352985
125180.01,-2.682939,2.8887153,0.12654518
129783.03,-2.9276628,2.6376753,0.3593852
129742.67,-0.59279263,3.0598276,-0.011882563
126129.65,-0.026929446,0.56363463,-0.2547628
116117.414,-2.6288934,0.058220804,0.041046757
118843.08,-0.44586897,2.2531836,-0.41854045
123609.55,0.6849658,3.1369398,0.109080605
119466.46,1.9770303,2.8719547,-0.09493066
127637.34,-1.5294491,2.4154735,-0.15472406
129107.016,-1.1893239,2.3916793,0.20022197
117966.805,-3.1801028,2.6112092,0.13165453
122468.22,-2.9089978,0.986025,-0.46061856
134062.92,-3.1320124,0.791101,0.5046537
117990.13,-2.8385675,2.8604279,-0.002181813
125044.42,0.7647635,2.5144439,-0.16449
132741.7,1.133978,0.82192385,0.12088534
117613.945,-2.2462564,3.0364037,-0.028700288
126397.61,-0.59334683,1.3139333,-1.2340909
123389.19,-0.43484938,1.9799383,0.2837063
125394.89,-0.94013053,3.008273,0.03964498
119920.516,-0.51600593,2.6341884,-0.054222167
131133.17,-2.7894049,1.0292201,0.6335459
127449.67,-1.2428799,2.114059,-0.18202598
115493.14,-1.9567806,2.054617,0.16677856
123419.3,-1.2034678,1.6236085,0.66699064
120766.43,-3.6459143,2.4847,0.23553643
130924.74,2.0308528,1.9056916,0.19030066
116110.46,-4.2137957,2.8211164,-0.025805207
126340.9,1.6976897,2.670444,-0.20643987
124519.94,-2.303207,2.3251193,0.24832812
133507.75,-1.023329,1.3374487,-0.15652354
117144.92,-2.2654426,2.5401936,-0.07865064
117710.92,0.19135794,3.0199394,0.22388108
120243.01,-2.6343524,0.17811298,0.05646641
115035.35,-3.6169493,3.0080616,-0.026793448
129756.0,-1.0170007,2.904265,0.003670032
130818.78,-2.6904104,3.1231952,-0.025173897
115322.23,-0.56310457,2.3098419,0.12493376
132526.64,-4.3019953,1.9405837,-0.22407566
121076.77,0.16047269,1.3507143,0.3301683
128091.96,-3.6658459,2.9979675,0.049609616
127701.85,-1.5556983,0.3965848,0.041598883
124021.36,-2.1343577,2.6928368,-0.06863331
115860.85,0.36277437,2.201328,-0.057305295
128059.914,-2.521949,2.9882658,-0.008277491
133665.75,1.3291657,3.110077,0.05329273
121780.41,-0.48022085,0.6916073,0.24900763
117679.86,-1.7416831,0.33268207,0.3299385
128698.74,-1.6648753,1.804385,-0.05605172
128760.58,-3.6944215,1.9665806,-0.09805441
124422.72,-3.3029356,3.0167582,0.4161602
129061.95,1.916273,1.5856705,-0.38534504
120799.13,-1.1431291,2.3808472,-0.068119
121538.68,-0.54965186,2.4136338,-0.16222739
133408.3,-3.6261954,3.008379,-0.039780222
116700.99,-2.6997051,2.1650248,0.03299242
116469.414,-2.1604478,3.1191106,-0.052506648
124973.1,-3.0591328,3.0149593,0.17134558
129565.29,-1.1321406,0.24658924,-0.037555892
123543.67,-2.5322628,1.7051444,0.077620625
127032.84,-1.7058314,0.24660575,0.16674812
134592.75,-2.1575608,2.7087507,0.05729114
119838.7,-3.5107927,3.0546043,-0.17280953
120167.945,-2.194713,3.1373053,0.11056634
127299.06,-3.1578405,2.915938,-0.052096717
117347.1,2.962864,2.1159725,-0.37357795
120639.14,0.20537871,2.9202662,-0.07998719
125680.82,2.3143764,0.27248073,0.09742967
134306.67,-2.2114928,1.5989166,-0.08201926
129376.16,0.23152234,3.0875158,0.00842388
133605.69,-2.676551,2.5598814,0.0026280193
123681.67,-3.7375107,0.6219471,0.05014271
124276.69,-3.1778717,1.9383638,-0.09026241
115950.1,-3.4466634,0.38735723,0.22200604
133673.23,-0.90802854,2.9425232,0.07951152
121339.17,-0.78304774,2.7374997,0.06117564
127579.06,1.2939007,2.4346495,-0.077560835
130151.04,-0.5422414,2.7746754,0.035301186
123694.01,-3.1881618,3.0730062,1.0961363
129377.79,-0.79181373,1.875663,0.81440663
131482.17,-2.9130495,1.5356296,0.34907284
122248.5,0.030435216,3.0781524,-0.13177489
134373.1,-0.7757705,1.2754903,-0.43694612
121191.66,0.6983246,2.8496199,0.5178686
131710.67,-2.4436483,1.9352409,0.18052505
128230.01,0.9090865,2.404952,1.029556
120824.66,-0.17670453,2.9768434,-0.24435695
121736.96,-0.67731816,2.3736484,-0.024277523
121661.91,-2.8915634,3.0845125,0.05415317
125264.984,-3.2449188,2.6043904,-0.13597582
130619.664,-3.6578698,0.055445015,-0.03486202
132541.72,-3.4452093,2.5241344,-0.13592042
126812.11,-0.23592415,1.7273486,0.50524634
127310.17,-4.2996173,2.452988,0.028561112
122019.17,-0.7999351,0.5864659,0.043179046
130878.62,-0.97014034,2.7700455,-0.20318078
133229.58,1.3380655,1.2251884,-0.1050211
123063.836,1.0242518,2.9168177,-0.03638606
115027.01,0.9630707,1.0660408,0.6598309
134770.12,-2.5390754,1.9902328,0.20598555
121340.91,-2.0587032,1.491096,-0.8937416
117272.43,0.5051853,2.2655122,0.31095713
118477.46,-3.0291593,2.5435014,0.04845403
120794.32,0.71838367,2.995295,-0.0132413795
130732.46,0.08529147,0.18894196,-0.033340424
129165.16,-0.4976172,0.572981,-0.12903655
130400.18,-2.759528,0.5219107,0.07423588
127531.28,0.9269665,2.3946161,-0.06655667
128544.24,-3.3441565,3.1347604,-0.01314316
124762.14,-2.309015,2.908775,0.051105183
128352.51,-1.6691471,2.7234364,0.07368918
132275.02,-0.43885687,1.6430898,0.15146242
117270.66,-3.0112135,3.0140536,0.07651096
117760.02,0.2904109,2.6035218,-0.28350642
125758.0,-1.724201,2.4504547,1.1547053
130066.33,-1.7553203,0.8742884,0.27660534
122564.22,-2.2622323,2.3360636,-0.13765897
116394.67,-1.7691154,2.5897772,-0.23733819
127886.77,0.45366642,0.9708532,-0.09378776
116175.99,-0.3229524,2.2073908,0.026010279
130225.78,-0.92055506,2.243702,0.5334885
122404.8,-2.860037,1.4737775,-0.4307943
118387.89,1.6422372,3.0849633,-0.22586955
131064.875,-0.55097973,2.103435,-0.18716086
128566.52,0.77289456,3.0842447,-0.0013163408
132266.62,-3.2411737,0.79066837,0.59314895
132839.77,-2.946899,2.9262354,0.14204343
120200.234,-4.4181175,1.2740637,-0.121886075
131168.95,-0.5964548,2.8619554,0.024443626
122788.06,0.25258163,1.2534672,0.1175811
118505.31,-1.7463353,2.8531315,-0.21299204
126267.15,-3.1260319,2.6016574,0.5585317
134062.94,-0.37971368,2.5213192,-0.098776154
117278.195,-3.1934783,1.4496708,-1.106998
120128.52,0.12078863,3.0472145,-0.010804922
125805.33,-2.668947,2.270438,0.12559856
128740.53,-3.186522,0.3973565,-0.272058
128401.95,0.38953444,3.0186205,0.07139954
126077.48,-2.3327785,2.9720144,-0.04058737
129727.98,2.734297,3.0108514,0.025819188
115710.516,-2.3032181,2.8503926,-0.0063790423
123630.305,-0.6137291,0.13998675,-0.060349163
126715.27,-1.4963057,2.9214869,-0.21882588
130278.05,-2.4648533,2.964258,-0.062353592
120141.36,2.1263378,0.6329492,0.07138385
120853.266,-2.901389,0.7888956,0.14665331
126576.73,-1.8659185,1.1154438,0.1723405
126810.266,-2.6177413,2.1838415,-0.38466522
131676.55,-1.7912822,3.1085367,-0.009535848
116520.14,-2.6872697,2.7083244,-0.13136604
115629.09,-3.3667865,1.3629602,-0.57819104
124501.88,0.04457076,1.6328233,0.0813052
115399.086,-2.7916496,3.1151881,-0.09554012
122459.05,-2.785399,1.0945678,0.49059585
118362.086,-3.9792323,2.5650609,-0.07467994
126717.03,-0.72776324,2.8288488,-0.31735954
122578.65,-2.91084,3.0879567,0.65971065
115267.03,-0.047881402,3.08082,0.13879585
123766.445,-2.585749,1.0651168,-0.25266728
120538.01,-3.6944532,3.0875664,-0.013391884
134410.86,1.966507,2.6823545,0.075406745
116630.82,-1.8094221,1.5991223,-0.4745675
126728.664,2.241121,0.4884289,-0.057088662
126627.62,0.93093807,2.1973128,-0.098106876
132184.61,-0.6969533,3.0184357,-0.06682242
131647.45,0.59698504,3.1225278,0.048734475
130139.53,-0.28778714,1.441706,-0.14646
126801.92,-3.0908015,2.596349,-0.05082365
117736.48,-0.97655016,0.09711487,0.022543116
115546.24,-1.3658886,0.04775989,0.025442213
125918.45,-0.83612037,2.2983983,-0.28347215
119878.766,-1.6535121,2.303688,1.055704
123435.93,-2.785134,1.7980149,-0.01575448
125995.64,-3.2209728,2.4131663,0.09872205
121265.68,-2.549958,2.977274,-0.037155446
123455.12,-3.8687258,1.9912299,0.16272019
120434.05,1.5545158,2.607294,-0.104928724
128197.44,-3.016106,0.6419785,0.096307084
131429.36,-1.717425,2.826261,0.1787326
131490.16,-0.9559498,1.584045,0.32806298
128947.74,-1.9827192,0.8142367,0.5691401
129949.484,-1.9547426,0.4891851,0.0045970394
126830.68,2.3256228,0.79801166,-0.2937888
125815.75,-0.14311823,0.8233636,0.17204955
118670.59,-1.786864,2.5664477,-0.13920024
127599.98,-3.006496,3.0477214,-0.18646255
122882.125,-0.9260343,2.9843113,0.08509937
123772.74,-0.9242351,3.0798144,0.023390403
118436.75,1.7455165,2.607681,-0.03708453
118351.33,-2.0594728,1.8441252,0.29956105
131566.61,-1.3219084,2.8679056,-0.14244063
127334.99,-3.3952396,0.40229687,-0.004056328
125690.945,1.9625598,3.0871892,0.4369579
117258.86,-0.6061795,2.0236433,0.29742193
133307.44,-1.452665,2.233142,0.62814116
123224.74,-2.204811,2.4946163,-0.22217098
132895.84,-1.4195565,1.5942707,0.21068363
131622.94,-1.905683,1.4179713,-1.3281696
129623.24,-1.9301699,1.5692015,-0.06520587
115704.18,-3.480235,0.81286895,-0.0358087
125413.46,-2.110767,2.338729,-0.9871157
125960.36,-0.5965225,2.0596926,-0.5472056
126109.08,-2.0694063,2.9917326,-0.03331202
123466.54,-0.28830168,1.2347292,-0.2539533
131107.38,-1.018759,2.0680737,-1.2584693
128726.93,-1.7734923,0.96295214,-0.17555952
121274.15,-2.1724672,2.6368406,-0.1385109
115414.43,1.6236138,2.7448828,-0.031867404
131742.5,-4.022581,2.4360065,0.4280002
124622.6,-2.1632192,2.5362723,-0.41985446
116844.375,-1.5914341,1.5038272,0.78679514
124604.81,-1.2538729,2.8043597,-0.4938795
130153.42,-0.89876044,1.0384758,0.14126562
115570.43,-1.0479969,0.46432614,-0.15200555
124910.86,2.5824778,2.3719625,-0.035350196
132513.67,0.9244788,2.4655337,0.18982878
123660.69,-3.4320085,2.1776714,0.098272294
116861.52,-2.7833045,1.0119598,-0.12614453
123390.83,-3.2834625,2.5489235,-0.15365106
127929.05,-3.5401511,1.9691906,-0.27262932
123626.31,-2.7611296,2.5044322,-0.28642523
120608.33,-1.8689628,3.0484438,-0.27728269
120828.37,-2.2311337,2.2063255,0.10438545
124520.15,0.7895667,1.3218591,-0.44179606
130428.19,-2.3106155,2.8451238,-0.20251906
116821.72,-1.3781308,1.9083186,0.2177261
120910.586,-0.103680775,3.0805616,0.24350175
120860.914,-0.58195984,2.377966,0.1416047
123524.875,-1.755549,2.939275,-0.013869477
134200.0,-2.680996,0.7305924,0.09651965
127040.13,-1.1365137,2.838985,-0.10342741
119555.02,0.45794556,2.9000335,-0.10837204
121099.164,-3.043962,3.139563,-0.09647738
121168.14,-1.5712116,2.4636273,-0.17925401
123569.21,-1.2733549,1.0665157,-0.8127776
117378.22,5.1879864,0.86933213,-0.2371305
132476.48,-3.3087559,1.9032371,-0.12656593
128256.4,-2.7048206,2.305976,0.20026529
127869.01,-3.006297,2.8646798,0.47342238
116950.24,-1.3133981,1.5994548,-2.9810598
121022.19,-1.4552824,2.3159058,-0.2637384
129094.78,-2.8274093,1.7856501,0.6916327
130895.41,-2.1875634,0.095600486,-1.4837655
115170.7,-2.016649,0.6559596,-0.09799729
115724.97,-2.3707213,2.774674,-0.3930852
126034.805,0.23805326,2.0897465,-0.14638236
128530.14,3.656866,1.2155864,-0.18339022
131522.75,1.9048562,1.8924117,0.20919429
115253.32,-1.8900257,1.2855158,0.00038117374
120503.65,1.6778059,0.89260894,0.17988692
131246.48,-1.5449243,2.6078727,0.5410944
127034.445,-2.7721229,1.3982291,-0.35917318
122781.87,0.49455914,1.2180128,0.20923841
116336.28,-3.9479113,2.0266588,0.120956324
121757.42,-2.4607263,0.97942865,0.19790156
115493.11,-4.1513324,1.0245855,-0.21017943
117090.76,1.7045773,2.723666,0.33545944
117510.484,-3.3221593,3.085075,-0.04673512
116859.38,-2.825953,2.4647715,-0.924811
116483.125,-0.81304646,0.10950166,0.06379268
126833.42,-2.4203005,2.8499184,-0.07033528
127977.875,-0.014760294,0.003075242,-0.025168497
128440.83,0.179258,1.9808815,-0.66051584
118540.71,-2.2161,2.840316,0.036640853
131415.66,1.1244476,0.8072438,0.06559421
133711.6,-1.5961155,3.033024,0.013266473
115152.72,-2.166123,1.8503572,0.11265181
122973.43,-2.0297706,2.3110335,-0.034335967
134000.94,-0.17070815,2.2122219,0.10976127
128144.58,-0.8598505,2.7615864,-0.009405115
125835.625,-3.3231077,1.2590028,0.84567606
116230.03,-1.3140315,1.4736009,-0.060330726
119140.81,-0.4642118,2.574299,-0.21818587
117978.625,-1.0249108,0.10210323,0.28470644
124604.055,-1.6518184,3.0227258,0.023933213
119476.41,-1.0673963,2.039179,1.4557323
115743.016,-0.47786248,2.6867006,0.024440065
120044.02,-2.8070903,3.0003457,-0.14622062
118746.234,-2.6441622,1.6749831,0.65357023
127849.875,-0.54684204,1.3229966,0.427878
125267.14,-3.303771,2.767996,-0.27699834
120536.51,-0.1088329,2.4195392,0.12672456
128793.805,-1.777625,2.234418,-0.099818714
127498.836,-2.377992,2.8296463,0.06527781
119069.65,1.6356423,2.6226435,-0.037617866
118067.61,-1.0395503,2.6703231,-0.44725993
118660.586,-3.2448883,2.522457,-0.2635174
121724.51,-1.3288205,2.8282058,-0.059174504
132341.66,-2.5167468,2.840186,0.24420884
126087.625,1.5969836,0.26074076,0.26410618
130347.23,-3.4088707,2.0235543,0.18123534
121802.4,-0.73114485,0.51334643,0.261374
124477.75,-0.07648816,3.0876806,0.009604583
117509.64,-0.860069,2.8347933,-0.11747603
118758.79,-1.9451939,2.8957622,-0.059863523
115632.15,-3.6030493,1.6166204,-0.020681469
120841.375,0.44870627,2.3361042,-0.3137131
123933.39,-1.171676,1.9948714,-0.22476046
126828.67,-0.2503097,1.6557409,0.0721192
116495.73,0.612999,2.357101,-0.0023160565
128188.23,-0.03547521,0.90602636,-0.21345803
127423.51,-3.736024,2.483489,-0.0958299
116393.36,-3.4527397,2.3333342,-0.26942542
130295.16,-0.3865399,2.0632384,-0.16711067
131672.27,-3.4447618,2.6509447,-0.25024167
127859.77,-0.001961246,0.46735084,-0.056711037
116576.164,-2.2068093,2.2316413,-0.49215376
119865.84,-2.2821338,2.874868,-0.17575185
126789.53,-1.003038,2.3445766,0.5236688
133005.97,0.40701014,0.581729,0.041509822
116581.74,-2.2267318,2.787654,0.074738055
122190.73,-1.0414617,1.5362481,0.2302803
124595.234,-0.600126,2.5820255,0.5639356
125396.83,-2.1131568,3.045681,0.019288218
126892.49,-1.0907161,2.926744,-0.21510752
127288.195,-3.7754655,0.5434556,0.04068473
120672.1,-2.870696,1.1901958,0.31516513
130886.8,-2.607171,2.0143101,0.30395776
121841.164,0.2413383,3.0809143,0.83509725
122706.03,-0.1497235,0.24300396,-0.1494321
121773.96,-1.1385818,2.591712,0.41193438
124304.08,-2.204083,2.2426088,0.120442405
118304.62,-1.4052213,2.0243602,-0.29356515
127613.86,-1.6880957,3.0177372,0.090633005
121189.77,-0.57239914,1.257794,0.109260485
121320.12,-0.5603158,1.7170587,-0.21617645
115817.75,-2.1822004,1.7009047,0.089049764
117089.11,-0.69830257,2.0455165,-1.6608422
120862.42,-2.6964276,2.5193362,-0.029074445
134772.22,0.06023455,2.5564032,0.064853996
122030.766,-1.68488,3.0202403,0.2154811
120662.09,-1.439181,3.1224759,0.18316483
127313.58,-2.0104735,2.669893,-0.059600677
128603.33,1.5366989,2.085985,0.3175694
124627.75,-4.069053,1.9054395,-0.22793965
128033.4,-1.8410933,2.729296,-0.6496099
126413.17,-1.1404022,2.799114,0.11951656
125366.03,-0.8905741,3.0328338,0.02142329
128806.93,-1.7945318,2.6333327,0.96971434
123902.21,-2.4950469,1.5932276,0.16432033
126724.57,1.3244157,3.0377352,-0.40012166
120317.37,-1.6928452,2.6347594,0.0439744
126470.76,0.19219007,2.907219,-0.08839684
119489.484,-0.4258009,2.8547366,-0.020648992
134233.72,0.1290382,3.0001242,-0.041411042
120398.41,-2.3603165,2.8218303,-0.3827819
116401.49,0.618113,2.5433724,0.07345272
117020.57,-2.069884,2.085343,0.38093483
133087.7,-0.48060364,0.33621883,0.100683026
119378.234,2.6938174,1.8167225,-0.1417231
132033.94,-3.2591846,2.5224583,0.10392601
122128.01,1.1058393,1.5643736,-0.15010363
130374.4,-2.751994,0.7903715,0.06994593
119579.51,-3.6885996,2.715698,0.092998214
120025.33,1.2508792,0.21938515,-0.031662714
119928.13,-0.40003407,3.0518427,-0.022459475
117956.41,-2.7066722,2.9052498,-0.030941464
116660.69,-0.3510831,2.0278664,0.07240926
121551.266,-2.2852733,3.0220482,-0.17317791
127800.625,-0.75697803,2.2148802,-0.38219136
121279.22,-1.1409688,1.1750312,-2.617836
120257.68,-2.2162864,2.6063192,0.06287638
115996.45,-1.9510826,1.6415695,0.053938635
126235.47,-0.68038464,1.3677719,-1.0915171
129393.92,-0.9608055,2.7953143,-0.027764827
121034.24,0.4151388,1.0579098,-0.12592171
130096.87,0.88095224,2.840915,0.26271248
129382.52,-3.092453,2.9339924,-0.047559988
116740.47,-0.29105756,2.2506824,0.19033387
132673.73,-3.8358066,2.3640935,0.0012410183
121661.64,-2.2600088,2.424016,0.6823914
123847.37,-0.786472,2.1149576,-0.80225384
134390.08,-2.3364682,2.2402604,0.23717187
122320.08,-1.4848509,2.5519364,-0.4810655
119924.46,-0.9264167,2.874004,-0.039886635
122001.734,-0.63433766,2.894634,0.09490022
129820.14,-2.9323404,3.0177662,-0.09480602
127240.086,-2.2096786,2.7999058,-0.33628616
115526.39,-3.4242601,2.810761,0.20599256
117365.29,-3.1236656,2.0412414,-0.10263557
117656.586,-3.692963,2.9920177,-0.49645165
118760.57,-3.2703178,2.7486115,-1.2783424
122181.23,-3.3010144,1.2720551,-0.1762617
116099.7,-1.5505228,2.6625915,-0.032219414
123926.79,-1.9954567,0.8631264,-0.13030674
130612.516,-1.8579483,2.7385845,-0.09724859
117218.32,-2.8114557,0.7970655,-0.08773022
118912.836,-1.3058938,1.8141292,-0.34291384
115749.555,-3.6248071,3.0285277,0.10825693
121329.76,-2.2869713,2.9904494,0.1598974
125406.21,-1.3712007,2.4233437,-0.009703783
123970.15,-1.9900858,2.083602,-0.10068652
131642.94,1.4984814,2.887667,0.98584205
132978.56,-2.7597563,0.15661663,0.0025770345
115203.98,-2.2794385,0.6357064,-0.059512634
118785.92,-4.116162,2.959436,-0.01650449
122170.45,3.253535,0.52439296,0.18135224
115757.484,-3.381142,0.5265069,-0.07724744
122409.41,-1.5463457,2.1511111,0.21031173
119525.86,1.8042407,1.5374397,-0.118716694
123191.82,0.090212956,0.82349336,0.3062969
120422.51,0.76837736,1.7669195,0.13521639
133472.7,-0.7465886,0.8706851,0.16732894
122864.45,-1.9704665,2.4562218,0.5829977
132374.98,-3.5876744,2.0088832,0.4088767
132764.8,-2.3853335,0.03942591,-0.004593217
122952.93,-3.4910004,0.2133205,0.027858304
117540.14,-2.4161892,2.874179,-0.3365131
132560.3,-2.6600647,2.663988,0.81712264
122110.39,-0.34795707,3.0217671,2.1098149e-05
115964.945,-2.8765311,1.4205934,-0.2873808
126229.87,-0.550436,2.75873,0.058596663
133461.1,-0.85034734,2.3217998,-0.018794669
130301.47,-1.2318972,2.510043,0.09925324
127971.48,-0.2545407,2.9616816,-0.103673026
124208.64,-0.079616494,1.9424102,0.12738346
117002.21,0.09874803,1.6367359,-0.4004511
131704.92,-2.5990317,1.4979993,-0.26627055
130128.19,-1.7017058,1.9555787,-0.2572878
116972.56,-2.7233684,1.250079,0.121487014
134298.67,-3.0325272,1.6348072,0.43343744
124233.14,-2.118846,2.0814893,-0.3622294
125677.45,-2.1218283,2.5505953,0.35612577
115733.84,-1.85038,2.4205484,0.020059714
118500.016,0.308489,3.120385,0.12660089
131108.33,-0.35401028,2.050602,-0.18328533
124430.11,-2.9205256,3.1341586,0.06675492
127169.7,-1.3758029,2.6738682,-0.18204443
119608.66,0.3858249,1.676054,-0.1498421
124954.734,-1.0532982,0.44499016,-0.014736897
132977.47,-3.5477555,0.46356827,0.07703703
131294.08,-0.15933688,2.4543257,-1.7251965
124464.97,-1.9003664,1.0707554,-0.09527036
132206.81,-2.428647,2.969659,0.2804288
131731.4,-2.3578274,2.2714472,0.4342036
124336.72,-0.13724679,3.1018019,-0.058191843
117664.84,-2.2202265,2.171567,0.49499604
121948.09,-0.24352656,2.9963064,0.044978194
115428.14,-2.738604,2.6458883,0.17010657
130565.97,-1.861535,2.9575896,-0.35635978
116566.17,-1.7387545,0.55524623,-0.08708383
128418.055,-3.512457,1.649915,-0.14335196
127817.05,0.41787246,1.5817696,-0.15026669
118355.98,1.0282413,2.8527184,-0.08789722
116625.055,-1.8659785,2.6886024,0.015316153
132185.88,-2.5102053,2.7212858,-0.1512117
118298.71,-1.3950169,2.1598825,-0.20590137
131761.52,0.3626045,2.4007242,-0.59150213
118541.26,-1.2711005,1.938484,-0.3057166
129891.54,-3.208076,2.9100034,-0.020880943
125019.43,1.1895818,1.8898807,-0.08842106
117766.86,-1.0398,2.91773,-0.14512335
128276.66,1.7753854,2.7685575,-0.14065777
124571.6,1.6074238,2.9834306,0.08506686
123816.34,-2.8521,1.9202933,-0.19992524
133236.25,-1.2400415,0.5580347,-0.04286207
123593.055,-1.4835705,2.6978717,-0.41941088
121057.23,0.5838039,2.90512,-0.14655769
122455.49,-2.7309034,1.6222668,-0.23244917
134049.1,-2.3444688,2.4704785,0.17162502
132983.67,-1.776395,1.7148323,0.20723376
118391.01,3.1971586,2.4931662,-0.10271678
125234.29,-3.8023968,2.9413397,-0.5714362
116468.66,-3.3406858,3.048665,-0.04397462
117980.625,0.8182322,3.1098347,-0.12504318
120725.04,-1.1024406,2.6501656,0.12166801
117307.2,0.86036927,0.08627796,0.017097149
118626.34,-2.4719484,1.4553629,1.255737
131382.7,-3.7403328,1.0879833,-0.095848724
122501.63,-1.2824726,2.1728482,0.5512394
120385.914,-0.6205379,2.462896,0.12825184
123603.48,1.1400359,2.3517804,-0.68003124
117394.98,-2.7626696,2.3919725,-0.14857714
127970.414,-1.2495674,1.7950995,-0.22149205
123647.49,-3.1413598,2.8734195,-0.2379513
129281.68,-0.421235,1.688999,0.26735574
128463.31,-4.3410783,0.5429246,0.080923095
123215.82,-1.4984754,2.054593,0.20542805
134648.64,-1.0270625,0.52508926,-0.09167294
126179.89,-2.1816483,0.0584594,-0.10971551
134664.36,-1.5357273,3.06011,-0.06950899
115775.87,-3.0073428,2.5674071,-0.58280224
128821.43,-2.7852147,0.48125255,-0.14221649
122896.67,-3.239239,2.7446816,-0.6246441
119203.68,-2.117291,0.7721581,0.19371428
129049.43,-1.9993759,2.0620847,-0.38651347
123034.74,-1.502256,2.3818989,0.027324984
121838.74,-3.2557185,2.0243504,-0.5361527
121396.11,-2.9866168,1.2378638,0.11194146
133350.14,-2.630753,2.3641486,-0.43742114
115855.97,0.012115107,0.12757277,0.3030264
126262.23,-3.545069,2.7813148,0.035110645
115090.28,-0.41327363,0.29878938,0.012982924
122926.695,-3.2331486,2.7922995,-0.21600808
122232.64,-0.3267474,0.52500486,-0.04482266
123358.57,-1.7775192,2.06142,0.024828536
123118.07,-2.1547418,2.8062105,0.0058025937
116501.99,1.373826,2.9122734,-0.010457973
118372.54,0.15351611,2.9765038,-0.021663599
128215.08,-1.5739495,2.7401738,-0.092885345
124478.26,0.24183995,0.6731342,0.099854246
124549.17,-2.9729412,0.5185506,-0.13708273
126149.42,-0.44056517,2.8436193,-0.15256533
121910.65,-2.189676,1.0299329,1.1733977
133210.6,-3.4627767,2.0640423,-0.002213444
119525.445,-2.8743808,1.5055802,0.1392268
117200.86,-3.6453626,1.3990074,0.39155325
123697.414,-1.1013693,1.868841,-0.26409993
131905.1,1.3386422,3.075302,0.054259825
122287.93,-2.2131903,0.78319687,-0.13406123
133508.95,-2.6388905,1.39964,-0.08036909
116493.61,-2.6805441,2.501585,-0.0103385
115871.45,-1.1369953,1.4857484,-0.16574273
124003.31,-0.10817951,0.97599554,0.28940418
122886.47,-1.801943,2.5664554,0.06303115
132031.52,-4.0177813,2.3653488,-0.47341365
122497.79,-2.4487445,2.4003642,1.4936604
116429.484,-1.4257553,2.931256,0.03050191
125913.95,-0.8315707,1.2030189,0.7250515
131114.16,0.6398505,2.187689,0.2856031
124728.64,-0.9738847,1.7243079,-0.124252394
116299.82,-2.3090055,2.6819506,0.1258478
117112.95,0.26429996,0.18788922,0.026139688
122685.9,-0.76781,1.5015213,-1.3874923
120803.84,0.80392313,0.49780184,0.16529486
121274.48,-3.4105978,2.2816832,0.3245113
128100.6,-2.809267,2.9948502,0.22101602
131728.17,-3.6618764,0.07832825,-0.11892718
123051.414,-3.6748319,3.055304,-0.16520475
120514.445,-1.4286531,1.657306,0.83848053
132703.19,-2.2659245,3.0443766,0.20513345
128245.05,-4.5759783,2.853414,0.25447506
131579.97,-1.7625278,2.9264321,-0.0913273
126177.23,-1.1580511,2.7661018,0.123443194
116764.234,-1.0598929,0.0011054277,-0.023863554
128770.75,1.6388946,0.4034326,0.18946898
125522.95,-0.62090343,1.6184754,0.20363925
122311.18,-3.284428,2.945905,0.14836827
120316.51,-1.7917954,2.3188188,0.5108898
127956.21,1.183269,2.939151,-0.018485257
126660.38,-3.223041,0.65227926,0.0605898
133040.52,-1.268496,1.0975593,-0.60494125
124694.83,0.6671903,2.6091099,-0.33588037
118431.28,-3.0964518,1.3820754,-0.054151792
129844.836,-3.040632,3.0108807,-0.04632444
119263.58,-2.8481991,3.00232,-0.029107697
117565.836,-2.105979,2.3328428,-0.38471285
118965.62,-0.42834535,1.1516793,-1.0016494
133929.28,-3.0236971,3.0271645,-0.077252135
127276.79,-3.5971172,0.7613212,-0.15472883
121531.63,-3.1347544,0.8623949,0.11013325
116567.66,-2.4261787,0.9291078,0.09326268
131772.72,-2.66039,1.4294776,0.20045207
116217.41,1.3615454,2.3611646,0.43612018
130282.516,-2.463089,0.5825908,0.070484616
124245.4,-3.484452,2.491705,0.1433204
133930.67,-3.0468628,0.28324223,0.03942329
124044.96,-2.5606847,2.6445541,-0.118913434
122470.01,-0.5901971,1.0122591,-0.35752556
133495.05,-0.84043497,3.1129718,0.072667405
125217.125,-2.0759165,0.8120416,0.19833277
115451.9,-1.5017315,3.0464063,0.073992215
118505.984,-0.45556447,2.1545224,0.3030975
117984.19,-0.055491496,1.9674281,0.22312333
124290.32,-1.0743914,2.3831933,-0.058276787
120311.57,-2.2145112,3.0980396,-0.6511758
131834.67,-0.11412656,3.1150916,-0.010375402
126617.805,2.360798,1.9711493,0.08858881
122840.445,-3.3194246,1.622361,-0.18822528
122099.664,-3.1401546,3.034752,0.04693637
115778.43,0.90089154,3.0315158,-0.03527075
116347.805,1.1329778,2.883172,0.023964917
126378.08,1.957707,1.7929142,0.19975178
126047.836,-0.3105983,2.9466107,0.17482635
124218.61,-2.0800974,2.1882763,0.18645684
130407.67,-2.7991166,2.28323,-0.08657375
115377.93,-3.5849442,2.758774,0.008000522
129418.734,-4.0400777,2.8474813,-0.17572321
120098.305,-3.8061862,0.99537045,0.12877591
126939.16,-3.0540946,2.8467295,0.08931426
119788.71,1.6296072,2.0376887,0.77549124
128974.26,-1.9318258,0.28703153,-0.059117492
125533.03,1.3597847,1.9598184,-0.4110199
119233.13,-0.79151326,2.4838495,-0.2708695
134239.66,-2.284762,2.5179646,0.1062008
125285.664,-2.5842113,2.9746585,-0.07075748
128593.84,-3.1018953,2.3528712,0.29986453
129708.65,-2.0099354,0.9857619,0.042135183
120439.94,-3.126799,2.6967764,-0.09248378
116531.56,-2.9553769,3.0844734,-0.022119073
127396.414,-2.2131464,3.009982,-0.23485781
128660.14,-0.8363029,2.6454237,0.2561595
129811.695,-2.0222986,2.78044,0.07186174
131803.12,-3.2579439,1.3746483,-0.5745386
134601.17,-2.6504264,2.1292844,-0.8859718
120715.07,-2.3366864,2.3655322,-0.49896497
119662.34,-3.1319354,1.1996902,0.8686275
115092.22,-3.0301585,1.999401,-0.20930597
125493.76,-1.6618998,1.7087164,0.12718214
116977.3,-2.0807536,2.9628527,0.094537675
131181.12,-0.7010549,2.9519,-0.013900524
118235.18,0.68011516,2.3502011,-0.1456237
130303.29,-1.1579072,2.6158652,0.40742424
122820.72,-1.6937068,0.72025895,-0.24666382
115484.14,-1.2221066,3.00657,-0.012234065
115628.234,-3.0344362,2.464838,-0.17428394
131951.2,-0.96826565,0.45673585,0.090012126
132490.61,1.4716239,2.2252846,-0.06683368
118806.12,-1.7928717,3.0557313,-0.10593095
119978.914,-2.504205,3.0370011,-0.1971186
126042.66,-1.927706,0.7358633,-0.067644596
119373.83,-2.7904854,1.6695634,-0.04444315
115223.24,-0.80040854,3.0204215,0.021043885
125814.25,-3.1322362,1.9759738,0.46724108
128767.98,-2.760724,2.5213556,0.18893711
117921.234,-2.2620857,0.8543246,-1.473142
120466.52,-3.1139567,2.7096112,-0.079512
130406.5,-2.0469913,2.0351,0.87364614
126574.05,-2.4716835,0.46516943,0.047288146
132340.64,-3.00785,2.5806131,-0.9701389
130455.92,-0.67158836,3.0566201,-0.360689
126332.484,-2.496216,3.0562744,0.06021505
131478.8,-1.6122086,0.68610346,-0.12489425
115423.03,0.5063335,1.3348126,0.16224314
119547.445,-2.856919,2.7580178,-0.06973227
121916.34,-4.3377566,2.4794374,0.04840718
127314.64,-1.0959204,0.12604865,0.022380436
123676.055,-2.0084324,1.5134923,-0.018008227
131661.36,-2.068452,1.0494198,0.90464556
132421.9,-1.7078061,2.3027534,-0.022828987
127466.28,1.2450054,1.9386883,-0.077089615
134939.7,-1.3161527,2.7945905,1.2089245
117430.72,0.80774516,0.683976,-0.12458092
116954.84,-2.2949202,2.4901004,-0.5657365
133979.55,-3.2013865,1.7814088,-0.34703806
120787.58,-0.5172315,1.5740229,-0.11883299
119667.08,0.282739,0.7651329,0.22967614
122229.016,-2.6023798,2.8079681,-1.1264607
130504.61,-0.3773341,3.056268,0.01685597
115993.02,0.62107736,2.2954051,1.7710441
127861.45,-1.2313564,2.8434079,-0.135706
118377.17,-2.8626957,2.1659842,-0.14248297
125904.16,-2.500011,0.9655868,0.9397659
118095.56,-1.5895785,1.8406277,-0.050853815
121847.71,-1.4466908,3.0711262,0.008614971
124862.79,-2.0238767,1.2907159,-0.005302874
119187.86,-3.298735,0.9556972,0.044851292
118764.72,-2.3385897,3.0009198,0.0576022
128097.74,-1.2320771,2.8750942,-0.09337701
128457.08,-0.44169027,2.9684448,0.013185545
118879.484,-1.2576057,1.8536355,-0.10281208
134558.84,1.670175,0.88891256,0.14962825
129987.484,-2.480612,2.5465643,0.064671926
131699.66,-4.3772416,1.4020947,-0.2058517
122787.305,-4.127416,2.8566673,-0.010365343
116399.07,-2.8767369,2.9839709,0.08965811
125503.47,-2.1748347,1.6638995,1.7794403
117370.78,-3.2319312,1.2206808,-0.8147545
133727.73,-1.6094308,2.706774,-0.6163123
124860.055,-1.2250582,0.4442302,-0.4445577
120128.37,2.518868,3.0423603,0.0910565
129081.45,-2.9556491,1.0767334,0.29499725
115806.87,-1.9631437,3.0920053,-0.15796618
118052.266,0.7206734,1.7856075,-0.12045362
123100.4,-4.1479945,2.290347,-0.18043007
133262.69,0.36442095,2.517035,0.21110399
117950.766,-2.8512151,2.8872318,-0.117870204
118976.72,3.5783877,2.3785162,-0.24471575
123231.37,-2.7352574,2.891327,-0.025106253
132085.89,1.4404838,1.1285896,-0.22588673
128842.41,-2.2096658,1.9844,0.48280817
120687.24,-3.0878427,1.8186502,-0.1433636
129634.99,0.20431107,2.2175767,0.021870542
118883.055,-1.091911,1.5903128,-0.24887387
125185.625,-2.217652,0.11891961,0.2159306
115260.86,-0.29174614,1.971091,-0.33702195
129310.125,-1.9936719,1.4620816,-0.86893797
129296.51,-1.7776866,2.5606115,0.066254534
120946.125,-1.4223357,2.2444715,-0.09396969
129858.69,0.03137859,2.0070653,-0.06621057
127669.5,-2.8081155,2.8374975,0.072102286
127397.484,1.3783787,0.002241969,-0.0074057938
123552.88,-1.1768703,2.7817216,-0.07068911
126650.82,-1.7389573,1.5842886,0.23516855
129895.04,-1.0939456,1.0501848,-0.58235836
128071.49,-3.2914762,2.3545167,0.7494448
123999.625,-0.39866054,0.283109,0.27147108
117912.3,-3.0523975,2.0796947,-0.4126131
117747.164,-2.6782217,2.6525888,0.08745809
130016.73,0.8776665,0.57466346,0.053629607
118368.45,-1.2044727,2.9778764,-0.019279785
128951.14,1.1340581,2.2001235,-0.10171391
129058.055,-2.9248059,2.760613,0.05805718
124968.38,-3.3243861,0.739734,0.3058873
122883.664,-2.1470838,3.0500896,-0.16330215
124186.53,-0.8503129,2.993899,-0.43446398
116344.195,2.6153674,1.2483746,0.15178232
117850.11,-2.6171067,2.174004,0.20378785
120425.01,-1.6105603,2.1261547,-0.1923146
132900.73,-3.4114015,3.020425,0.08149798
127692.734,-2.9865322,2.9071453,0.014754736
122035.36,-0.7727175,2.3938563,0.13927361
116512.76,-3.2439628,2.3464422,0.1999788
116745.35,-2.566952,0.006579101,0.014319383
121778.46,1.9078044,1.0766038,0.31034386
125614.62,-1.5010157,3.0510285,-0.056033373
134535.05,-0.92277277,0.27752337,0.041312292
134267.17,-0.5830721,3.0104442,-0.015653564
130602.18,-3.4024904,2.9697149,-0.042702246
124830.83,-2.17482,1.5303193,0.16520324
133868.72,-2.1286254,2.8859198,0.16930759
115972.07,-3.4846373,0.0098029375,0.038521603
131977.72,-1.6964972,1.4418013,-0.12665509
133232.58,-0.65683484,2.2981513,0.4790495
117357.016,-3.8122587,2.3756614,-0.17956223
134336.55,-2.577777,2.5818944,-0.23367815
122666.586,-1.7422112,2.9312537,0.09358445
116314.94,-2.9563482,2.9566302,0.20662129
116994.695,1.3736353,0.9841194,-0.67610466
119282.9,-0.89346766,2.9756982,-0.06933793
118072.195,-1.3721684,1.9618901,0.2588099
125816.6,-1.7146672,2.9145436,-0.060252514
134084.75,0.6708908,1.1404722,-0.97086155
126329.71,-2.586591,2.432926,-0.37713048
115519.4,-1.3558683,2.3377757,-0.24597283
122335.82,-0.79133743,2.5887854,0.05170941
123549.22,-2.652516,0.7667239,0.055034593
125975.6,-2.218147,0.4680592,-1.1540778
126697.5,-1.7085901,1.6868353,0.10290046
134714.1,-1.2490264,2.8920794,-0.1620183
124987.61,-0.8571497,2.561091,0.6827181
123528.625,-2.3311458,0.428396,-0.19372882
127300.305,-2.8886178,2.9118571,0.08324074
118704.62,-2.391704,0.12710643,-0.017531216
117913.88,-0.05145651,2.8369553,0.16203131
124675.36,-0.09446799,2.0446086,0.17137493
126607.92,-2.5966249,1.9124281,0.77385485
121344.58,-3.1444774,2.5693395,-0.011052284
117677.484,-0.81628734,3.0493252,-0.060591117
132701.19,-0.47860315,2.4436178,-0.2702853
128906.93,-2.425622,2.9205594,-0.24862249
115093.72,0.35504812,1.7964207,-0.16238391
115288.36,-1.1803049,1.9925499,0.053034548
132414.9,-2.7044125,2.3802814,0.3123659
128829.11,-2.8691692,3.0535307,0.07058834
124073.94,-2.2995527,2.771,-0.6916162
126486.67,2.0427716,2.8843505,-0.13265832
117520.46,0.92254895,1.2905083,0.16041839
126415.63,1.222797,2.1747067,-0.30539653
119430.305,-1.747938,1.3079348,-0.12665974
124065.46,-0.40569595,1.9291413,0.0806944
134444.64,-1.6551257,0.014135361,-0.019408902
117563.0,-3.6029146,2.455512,-0.29187438
119414.984,2.1393578,2.2658355,-0.112233445
121331.56,0.06278545,2.5932689,0.22514735
129595.01,-1.8538744,1.0296339,-0.06476931
123165.195,-2.3564174,1.9553616,0.11968176
119911.85,1.0893433,1.980848,0.38552442
118108.7,-2.1108968,2.359801,0.6203319
129684.09,-2.841391,0.81095815,0.089665614
116735.766,-0.9482397,3.127163,-0.0648034
122078.83,-4.4149756,2.877562,0.050163154
116334.19,-1.5073557,1.4124793,-0.8569269
134721.1,-0.5633912,2.8799138,-0.002812854
121516.97,1.3844684,0.33967447,0.103007756
129728.44,-1.9387951,2.957942,-0.015306292
118581.87,0.70888233,1.4240866,1.3119421
120671.8,-2.0077748,0.8911115,0.049691115
133523.23,-1.8423829,1.460562,0.022377208
133337.03,-2.981549,1.8230841,-0.2749916
130748.65,-1.112234,1.0632704,0.20768431
125433.77,-2.9727,0.2841143,0.06782804
127229.3,0.5180722,0.95296824,0.11057972
122888.695,-3.3159368,1.3551241,0.38221228
127217.56,-2.8752065,3.0453057,-0.09210216
120146.97,-0.087114684,2.2775233,-0.16181834
121305.734,-3.2080214,3.0195835,0.3500667
129216.04,-0.66132104,2.3277812,0.16730188
126898.82,1.2863252,2.7701018,-0.029082084
119549.61,0.3066348,0.11710602,0.05985362
119108.95,-2.422483,2.9248803,0.082406625
129352.03,-1.5922699,1.7269394,-0.3385391
133560.89,-1.5036165,0.22382474,0.07929745
133463.5,-1.3943257,3.113501,0.019951567
126607.875,-3.0187185,2.2091074,-0.65626097
120391.0,-0.06196507,2.558773,-0.21496221
131626.6,-2.1322474,2.595335,0.2394979
126058.305,-3.0304554,0.57740915,0.06826263
126219.59,-1.4026593,2.6215346,-0.23231345
123615.52,-0.8704603,1.0137619,-0.12921469
123165.57,-1.7700909,3.0165873,0.03211301
130601.234,-3.2320182,2.7656991,0.28942403
127022.48,0.07616438,1.7244794,0.6882233
122908.39,-3.074558,0.3465382,-0.042519096
124237.58,1.8931817,1.6595017,0.159928
120314.37,0.20580886,3.0930467,-0.39963034
131325.97,-3.177785,2.9120078,0.39497828
131862.4,-1.1470146,2.3476574,-0.08633749
132542.36,-2.2655187,1.7060425,0.049731027
126511.4,-2.1382415,2.577635,-0.529316
133128.02,-1.395426,0.50492954,0.1934996
130773.97,-2.983484,2.3204217,-0.03409743
117196.36,-0.8292179,2.5550134,-0.57752454
117589.68,2.8156822,1.7262584,-0.17708883
120326.26,-1.7964227,2.1515794,0.8057775
125866.8,-1.5542877,1.8272492,0.38226926
126106.16,-2.8281653,3.0194836,0.13232769
127798.44,-2.3499868,2.935397,0.40557188
123610.23,-1.6170492,1.0654492,0.3035731
127064.1,-2.461644,1.2285101,-0.060207628
126045.6,-0.8326469,0.36552262,-0.12591438
132256.81,-1.474723,2.6656768,0.28087375
130665.01,-3.4253967,2.5148387,-0.10924463
124656.3,2.0881739,1.1870292,-0.11659903
133208.12,-1.2693022,2.4033346,0.46421012
132647.22,-2.8365884,1.5694907,0.45984274
128294.69,1.5338349,0.014188528,0.06255316
122347.39,-3.9184642,0.8781677,0.15246063
122320.84,-1.0588422,2.2061398,-0.2516106
127287.78,-3.4571676,1.0348878,0.19138816
115291.74,-2.195533,0.48142076,-0.051155273
120194.61,1.4596101,2.697871,-0.13043244
119149.945,1.5677207,2.9581072,-0.012116007
116319.42,-3.192282,1.6732839,0.015441484
121180.67,-2.7795925,3.1094494,0.130336
121060.27,-2.8997638,3.1134331,0.030114867
129889.15,0.051463302,0.78009784,0.10998457
124305.5,-2.0679154,3.119215,-0.64772636
129066.984,-2.4678977,2.0092463,-0.33875987
131164.0,0.20090543,2.8585799,0.08001904
134967.1,-3.188454,1.882606,-0.1233129
117937.21,-3.0585873,3.0036123,0.5333784
121831.805,-1.7076031,2.849178,-0.01862465
115960.305,-2.657035,2.662309,0.3043845
131312.23,-1.0352352,1.9273038,0.6984193
123461.9,1.0376408,2.6875854,-0.07590673
115204.73,-1.7890586,3.032251,-0.054126155
134062.34,1.5589334,1.7392815,-0.13365999
124108.266,1.178033,1.4368033,-0.20177142
117903.91,-1.0755562,3.0616,0.032039035
120905.3,-0.79859275,2.9864175,0.13116874
120287.445,1.6583507,2.8167422,-0.13847513
115041.484,-2.8976996,1.1556925,0.21513562
122511.73,-1.6474751,2.431768,-0.023837969
128367.15,-2.821101,0.9752207,0.10594171
122565.98,0.3495096,2.5245485,-0.26355505
125604.15,0.8412712,3.1071494,-0.06622871
127214.94,0.11472566,2.5565352,-0.03380186
116308.33,-0.3740785,2.5891635,-0.028464114
122788.55,3.3577807,0.9436414,0.08737352
121359.66,-0.97127324,2.286673,-2.9315581
116837.27,1.0110841,2.965951,0.0051407656
134627.17,-3.1143541,3.071065,0.23714107
122417.21,-3.4984741,1.5174863,0.35190597
121973.82,-2.9564178,0.9203148,0.1059884
131657.4,-2.4731996,1.7779316,0.29301143
130866.11,-3.213558,0.9401153,0.17186677
120488.82,-0.51636434,1.2006177,1.4706672
116382.52,-4.2727327,2.0760665,-0.5633137
127253.36,-2.5295353,3.1250486,0.031754572
126462.04,-3.749146,2.103042,0.40870297
118889.28,-0.15977,2.0819836,0.8028683
130270.84,-3.2161474,0.3120616,-0.012721034
119630.19,-2.059777,3.117442,0.019321242
130997.625,-0.42920312,0.44601613,0.10707966
123068.92,-2.1426606,0.19145533,0.019454563
132200.83,-3.7414615,2.8237169,-0.030169636
119886.18,0.44275624,3.0662584,-0.08673724
123883.69,-2.0112226,2.4293237,-3.5584915
129283.055,-3.3688014,2.0051663,0.25700796
116238.51,-1.6869015,2.9651124,0.0667665
126563.39,0.59449124,3.0804572,0.018366992
127197.5,0.6702027,1.9452498,0.15029098
132728.5,-3.4126751,1.5640028,1.5354156
118253.32,-2.8429077,2.8568149,-0.271229
133403.08,0.6602497,2.558002,0.17799139
130462.92,-2.6471896,2.749239,0.08294033
122486.734,-3.2318046,1.326341,0.16930957
120094.016,-2.4377205,2.6303878,0.036673386
123526.42,-1.7772833,0.27224922,0.109649524
121749.13,-2.643846,1.3736032,0.94625854
124853.88,1.706895,2.4546566,-0.048450734
134766.89,-2.9839458,0.44774616,-0.05652149
116842.14,-0.92740196,1.5747054,0.3075256
125086.586,-2.6496685,1.8342946,-0.16247769
134352.95,0.78193337,2.676529,0.84362257
118295.56,-3.1004555,2.2564669,-0.43409172
124838.8,-1.5706717,0.7599541,0.1007458
120951.26,-0.16932361,0.8261062,-0.10744058
130707.15,-1.568163,3.0660372,-0.022918614
120451.16,-0.7172264,2.6015584,-0.25135788
118669.72,-1.0029072,3.0709481,-0.006748977
119323.86,-1.5518363,2.6371603,0.25636888
116459.44,-0.39871454,2.9954085,0.005399212
130837.91,-3.432667,1.3908623,0.38107374
131798.73,-1.6175809,2.9676166,0.092009984
121586.14,-2.0953865,3.1378622,0.034555156
117226.04,-3.2873173,2.515118,0.079821646
124429.65,-0.18227352,0.28215384,-0.024746913
117649.22,0.47854257,0.50716877,0.4049609
117376.445,-4.112918,1.1577913,-0.5176036
124539.734,-1.1943114,2.7175272,0.37493682
124504.77,-1.6373115,2.8685353,0.11806854
132610.86,-3.2173007,1.0433469,-0.12020692
121006.68,0.8706151,2.7339225,-0.14742237
121732.75,-3.331964,0.10657154,-0.0499328
131948.8,-0.96635073,1.3762649,0.20670524
117822.61,-1.3780248,1.3897486,0.12743768
125827.336,-2.0292656,2.4957414,-0.4658926
118197.38,1.809327,1.9167945,0.88137674
115978.48,-2.0557296,1.2460008,1.3312097
133319.11,-1.4735906,2.709051,-0.4656046
128261.54,-0.8875884,3.0068412,0.035970584
133538.97,-3.4069996,3.0483174,1.2927806
129356.93,-0.1761219,2.3875027,-0.11716325
124485.33,0.38410908,1.1144587,-0.087535374
118846.62,-1.4835052,1.2893159,0.06682301
119489.06,-1.425462,3.0783966,-0.06714545
127611.69,-2.92886,1.1536433,-0.1569569
120361.414,0.27815697,2.3098485,0.10495527
126251.945,-2.7311766,2.5572314,-0.08060835
117952.73,-2.9510977,3.0339468,0.0017120643
121553.68,3.7669482,0.9014213,0.2084309
126985.71,-3.3069024,2.6046987,0.018274149
120318.29,0.5518734,2.7370613,-0.14794041
118072.18,-1.5178299,2.6224113,0.15239021
130636.88,-2.390922,0.032300115,-0.0019282654
123114.03,-2.1418457,1.6257373,0.110134006
132875.48,-1.5454752,2.0126433,0.16525444
116145.43,-2.6334972,1.0752147,-0.20459583
133186.28,-0.4186559,1.0051088,-0.3811172
120132.195,-3.4879916,1.1546541,0.21088482
133977.86,-2.2907197,1.9796212,-0.2980621
121353.06,-0.36695543,3.1014545,-0.11702064
122509.78,-4.025428,1.0541656,-0.12104113
117165.36,-2.4608345,2.8509042,0.08188338
124699.34,0.3691711,1.701819,0.19398306
120383.45,-1.5696725,1.7226344,0.12151286
117733.54,-1.3192877,2.5432374,-0.40075272
130338.66,-2.2867188,1.9755527,-0.37916708
133060.39,-2.2456784,3.073825,0.006577022
131033.57,-1.2170824,1.6338991,0.85516864
121694.8,1.7953829,2.63255,0.032690927
122777.81,1.4751718,0.73774076,0.21178482
122868.19,-0.6500452,2.5240884,-0.089178264
131892.78,-1.5565914,2.6864328,-1.0485655
123844.48,-2.9341135,2.9932098,0.10568525
132692.92,-3.4101722,2.389078,0.25017977
122691.47,-3.2555313,2.8775218,0.21256997
127123.39,-2.4172108,2.573731,0.19945271
121037.14,-2.4570682,2.621632,-0.014683983
129903.53,-0.42405838,2.796986,0.2555832
118018.33,-2.81416,2.1171005,0.011853151
124864.695,-2.6686187,1.7454098,0.39408693
134352.31,-2.2451196,0.7549629,0.10598784
119156.61,2.4152596,1.7309763,-0.07624131
120490.055,-3.4696934,2.9988022,0.07328221
132872.17,-2.4621375,1.0987967,0.26662403
115089.266,-0.33080277,1.5635208,-0.09911135
120504.21,-0.658695,1.8173181,-0.4540531
130084.89,-0.16045423,0.78704554,0.11984885
126711.6,-3.2367854,2.301103,0.052148152
133289.73,-4.329282,0.5734613,-0.37364405
123446.95,-1.3255097,1.7474813,-0.34792072
120416.375,-4.137774,2.226713,0.18046112
117590.87,-2.4188118,1.4449224,0.19035144
123699.73,-2.4512591,3.0830674,-0.09405965
118933.336,-2.9974697,1.8754076,0.35428622
133392.22,-2.2186635,0.44982174,-0.47709647
116400.82,-1.9831047,3.075093,-0.037852075
132055.64,-3.0379784,2.6306672,0.15631595
133259.9,0.5862508,3.088818,0.12518312
124877.336,-1.744699,2.5432723,-0.30635944
123796.59,-3.3610814,3.101591,-0.060627036
115432.32,-0.36595294,2.8679013,0.008044326
119520.58,-1.687817,2.1512892,-0.4379176
129951.11,-2.5338058,1.5606052,-3.1879363
123930.67,-1.9880173,1.7251599,-0.10657583
119768.0,1.2914681,2.5886343,-0.31616405
118740.08,1.6387318,2.9766898,0.004673937
123946.164,-2.4017305,2.9875152,0.03430922
119869.586,-1.97793,2.5561085,-0.22298746
116953.16,-0.7243436,0.93020755,-0.08335941
118588.086,-1.5689989,3.094163,-0.053145934
129246.4,-2.3004503,2.7256866,-0.24571799
122345.68,-0.1211022,0.9860466,0.10900522
130153.49,-3.7066436,1.8226404,-0.07041559
127351.71,-3.6712055,2.901374,0.5313412
126979.375,-0.9961924,3.0564988,0.48757517
118468.305,-3.2733512,0.09019983,-0.07478449
121043.75,-0.36274442,1.608883,1.5581831
127562.516,-1.7327213,2.8299496,-0.025835533
130295.45,-1.9772784,2.6626997,-0.10767199
126157.7,-2.7860892,2.195484,-0.12908348
120553.84,-2.3289952,1.8768213,1.4945797
122574.48,-1.678185,2.8169458,-0.9891436
117665.914,-2.4817863,2.631493,1.0239096
121810.016,1.1270889,2.899854,0.22227024
116061.875,-1.6295711,2.8060727,-0.12156237
120907.5,-0.57713944,2.7460842,0.32182768
133344.62,-0.89905334,2.6062646,-0.025459114
128890.66,-2.3441265,2.9841497,0.017608669
123424.516,-3.5395067,2.4301913,0.025316684
134363.28,-2.4424055,2.7675958,-0.4418504
125372.91,-1.7534096,0.37720376,0.09539386
122603.96,-1.8863744,2.0443888,0.2246612
119183.51,-0.51848626,2.4717126,-0.2306234
115175.78,-3.5682158,1.8596268,-0.0051191114
123504.03,0.1275675,2.7001572,0.143332
132296.56,-1.3428669,2.9808893,-0.0017703015
117690.34,-1.3852773,2.0802584,0.14333409
133956.77,-2.4879763,2.5451522,0.098324634
118029.305,0.23720345,2.820189,-0.039930705
125523.36,1.0100381,1.2106425,0.21488823
130245.37,-4.2305245,3.139344,0.23190299
134393.34,-1.4453176,2.5716453,-0.39536193
124100.6,-0.31109542,0.6821718,0.16940607
119189.49,-0.04437062,2.702843,0.53746194
126268.12,-3.0010166,1.3809688,-0.064593226
120676.59,-3.0697775,2.9535513,-0.27543512
116533.04,-1.3988265,2.7528439,-0.08613479
128653.42,-2.5054107,2.671855,0.24950756
117313.13,-3.622684,1.8767627,-0.70936644
129584.234,-3.925818,1.8361245,-1.4298524
116055.2,0.92831814,1.9617184,-0.9748446
132812.56,-2.3515959,1.28395,-0.8404805
119570.25,-2.12469,2.66806,0.041888528
116893.06,0.40309846,1.796225,-0.23957828
121117.66,-1.3023459,0.24088264,-0.62659097
132724.23,-2.5909948,1.9349675,0.830873
121236.55,-3.3691397,0.9416424,0.06539989
119903.8,-2.0236583,2.8647463,-0.0023155024
127572.664,-3.6138175,2.7357826,-0.42927158
125407.12,-2.95264,1.0588256,1.6342734
131224.3,-1.5291932,0.3168435,0.019409586
116922.625,-0.47537586,0.003879428,0.23812467
116133.99,-2.1946692,2.1026056,0.42623878
133892.73,0.132346,1.0328948,0.06422034
123394.68,-1.70483,0.28635263,-0.08542862
124148.88,-2.2254162,3.1292973,-0.16305567
117491.85,-0.51684755,2.6254299,-0.042288825
127959.5,-2.402544,2.9998765,0.0011461768
128599.35,-1.8727695,1.1674501,-0.19917013
124812.63,-0.8305218,3.0698419,-0.018070599
120067.375,-0.940277,2.2925634,0.07614367
132353.95,-2.2480624,0.37690902,0.14328818
133793.89,-1.7225143,2.6195529,-0.65883094
129998.96,-3.7953873,2.0462337,-0.04306009
116002.93,-2.9815524,2.7259483,0.06288932
132692.72,-3.8641286,2.424615,0.17289735
134879.9,-4.051569,0.6942063,0.21331353
123175.01,1.5019453,0.50306654,-0.10611243
118271.01,-2.4687798,2.7928648,0.20537768
115947.47,-2.1842446,2.9765286,0.18078324
123766.68,-1.5896868,2.5427926,-0.1932781
126653.37,2.5091858,3.0373225,-0.056889463
121705.6,0.26866856,1.8327942,0.53563905
115651.695,-1.8800695,2.2886403,0.22243874
119256.516,-0.43308452,0.466982,-0.13887411
130836.625,-3.3353581,2.7032301,-0.01939089
115732.164,-2.459091,2.720744,-0.14792147
124660.09,-2.6313908,3.0998254,0.12106106
115595.58,-4.180424,1.4982089,-0.40735626
127542.22,-3.207976,2.0396948,-0.028122885
121675.51,-3.816993,2.8943017,0.045293767
116900.695,1.7223667,2.0700822,0.14331031
121911.375,0.16813245,2.9350545,-0.10379777
124576.92,-1.3276651,3.095638,-0.05322126
116533.266,-0.5155742,0.71080697,0.010871343
123772.07,0.65829635,1.8972118,0.27353448
115231.08,-1.3889356,3.0519776,0.24680589
123355.03,-1.7616252,1.7483959,0.5475801
126403.68,-3.1314878,1.920938,-1.173452
125009.86,-2.74183,1.7820604,-0.12399984
127228.984,-2.1566947,2.0810604,0.07882228
130371.49,-1.9347215,0.9849061,-0.36843085
127718.555,-3.0239105,3.007426,0.03952267
124358.6,-1.9613742,2.6295648,0.09262476
129162.734,2.9269428,1.5900912,0.6643885
132946.98,3.2514367,0.036646485,0.006192373
130561.31,0.61874706,2.777495,0.01265779
115958.84,1.4740447,1.3345418,-0.2946883
128075.42,-3.1063857,2.6043475,-0.21517852
133018.69,-3.3778775,2.6454182,0.7167299
115071.82,-1.0770544,1.8448753,0.7951727
120724.625,-1.4581443,3.0817714,-0.09712991
115112.3,-2.2155092,1.055038,0.42757297
128633.79,-2.3763828,2.804999,-0.26301575
126164.125,-2.054327,0.0007727891,-0.0039215824
124328.07,0.8143507,1.1485238,-0.9935782
132873.58,-4.000789,1.2759926,0.15816133
129870.734,-3.5236979,0.14601827,-0.37522978
126531.38,-4.3301187,0.43401092,-0.26515526
131531.36,-2.0437582,2.541797,0.2057925
128619.234,-3.0264838,0.7058201,0.16350801
128224.92,-0.96833426,2.1705272,-0.057092223
115584.46,-2.5345654,0.83626306,-0.06512358
123209.945,-1.6969872,2.0976887,0.1452356
124564.35,-0.63386476,2.447679,0.024159044
117085.94,-2.5614026,1.2461163,-0.30091658
120589.375,-1.4281168,1.7814348,0.10514134
122164.75,-1.9893545,2.3324878,-0.36312136
129291.76,-1.0632966,2.6707373,1.0853907
127739.71,-2.152484,0.72559166,-0.57429993
122731.7,-3.8544633,2.6918278,-0.0042700456
131832.19,-1.0261055,2.039153,0.14135398
115300.54,1.2635938,3.0727882,-0.27552035
134013.28,-2.4972897,2.8409712,0.09839877
127950.07,-0.49062935,1.1672415,-0.27660203
116844.18,-2.1269531,2.8248296,0.19558717
118225.234,-0.49323103,3.0599635,0.03963934
120880.9,-0.4691655,2.3017392,-0.07607875
132805.08,-3.4615295,2.5484562,-0.085312776
124301.63,-3.9069355,0.9045384,0.2668071
127067.445,0.5771042,3.0569506,0.04802916
121271.89,0.08625373,1.3747016,0.1914953
120850.64,-0.8011386,2.6273587,0.09532463
118351.29,-1.4707543,2.9478235,-0.07678541
131866.12,0.24728717,2.1661565,-0.14737038
123168.17,-3.4073906,0.9698001,-0.04758915
122252.086,1.522097,1.9234335,0.120906524
116653.56,-0.9416475,0.2721331,0.053030882
124016.91,-3.4067338,2.0229359,0.12560792
118617.09,-2.8339765,0.5141333,0.33897355
120649.53,-2.3356636,2.8857462,-0.05980567
119213.84,-2.0063334,1.227946,0.74422413
134656.02,-0.09530517,2.450323,0.010516744
124571.44,-2.9873374,2.470208,0.05945995
134649.47,0.89703274,1.4065046,-0.62612164
131615.3,-1.6577704,1.9314708,-0.009422618
116049.47,-3.3161733,2.7040768,-0.2090975
115511.72,-3.6417081,2.0360112,-0.16579263
121178.42,-1.4811289,1.3141037,0.26239043
131202.5,-3.0112078,2.791369,0.04924933
118646.664,-3.6196928,3.096867,0.15213585
116564.26,-3.3705182,2.5542777,-0.12190715
122141.695,-3.2631335,1.9981557,0.27058792
118394.07,0.2677362,0.99071515,-0.24268135
125366.19,-2.7607021,0.7230175,0.07817639
122684.8,-2.5265572,0.3492839,0.11144077
133026.94,-1.8268647,2.5348005,0.24475488
115257.2,-2.8835733,3.0106008,-0.33667254
120537.07,-3.6491497,0.34321862,-0.068749815
126053.33,-2.158913,2.5743358,-1.106478
121327.016,-2.335304,2.9401379,-0.2140623
132148.11,1.2863672,1.2652086,-0.29966637
119608.625,-2.8943472,3.0399904,1.0372704
125162.84,-1.3545568,2.539775,-0.18166986
119161.23,-2.320111,2.8130267,-0.13473007
116466.375,-1.6003315,1.750001,0.11199307
129990.875,-0.5668035,1.5724939,-0.1492376
118047.81,-3.8634999,2.6791015,-0.2618649
124899.695,-2.522311,1.9502581,0.5150283
126505.586,0.4760549,0.68217903,0.3157839
127205.086,-1.5923065,2.6534705,-0.08842228
125653.75,0.09498514,2.039083,0.25777104
118083.57,-1.0985227,1.1088148,-0.16638239
118699.69,-0.3163816,3.0134795,0.01248038
127753.945,-2.640877,2.11245,-0.14747943
129964.46,-2.9120884,1.1529465,0.048336044
130639.27,1.021666,0.35095084,-0.06807727
123426.44,-0.45013773,3.0136824,0.018888153
128771.88,-3.9886775,2.2866426,-0.14023414
125412.664,0.009073099,1.0901511,0.10464967
123147.81,-0.64460653,2.0067787,0.7244765
126826.69,-3.6692896,1.9626861,0.103610575
124365.0,-1.3751799,1.5089772,3.175295
131440.62,-3.1376772,1.2582701,0.40043527
125280.69,-1.1689692,2.718615,0.32003167
124694.51,-1.2460402,1.3876001,0.12621893
120687.88,-4.0477724,3.117347,0.052507546
133169.9,-1.4568493,2.461594,0.27850994
132746.9,-2.0765088,1.3224882,0.68542236
122816.79,-1.2951802,0.11007738,0.11148857
126135.93,1.1692556,0.45066237,0.050513465
124428.01,-2.1548538,2.8662047,-0.0045415643
125500.42,-0.25584564,1.4954437,0.17221162
116092.51,-3.2736952,2.8632278,0.16824362
127061.17,-2.3836212,2.6391401,0.29162213
125040.31,-3.092954,2.7638445,0.12687677
124526.01,-3.475436,0.9887459,-0.053700857
115133.125,-0.9585815,2.3880553,0.14225724
129248.11,-0.83112526,2.0561213,-0.12851685
121485.414,-2.569252,0.086891145,-0.12131385
115484.33,-1.1709722,2.53298,-0.021118281
119319.62,-2.1779587,0.34927207,0.1553739
120675.0,-2.933491,0.5384516,-0.093596905
133011.67,1.8008069,1.7415328,-0.13636357
125675.7,-1.4324273,1.4705731,-0.16700049
132728.8,-2.5123136,1.8512225,-0.062784195
123517.336,-1.8736705,1.5479046,0.4644822
116676.414,-3.9612992,2.0012035,0.12851487
131872.45,-2.7793093,2.9111958,0.08973757
124588.95,-1.2571837,3.0266333,-0.018282311
116933.47,-3.7705553,2.2488348,-0.05320315
129138.55,-2.5032246,0.5802407,-0.07564788
133226.9,-0.34366077,1.3148203,0.45228907
128717.89,-1.9152203,1.8370135,0.2233044
116512.555,-1.6403172,1.1976756,0.07754171
116182.266,-2.5680861,0.87438637,0.0607327
128690.56,-2.6116045,2.8803792,-0.098237924
129184.18,-4.002304,1.7406107,0.029073924
122919.36,-2.885087,2.182753,0.032094706
133598.44,-3.5440495,2.4840941,-0.23073104
130664.23,-2.9193187,1.4290746,0.1533063
133295.8,-0.093496755,0.32874882,-1.4831315
131859.05,3.3003893,0.83161193,-0.12416259
119943.3,-0.6728106,3.1286366,-0.0020102137
127358.79,-2.6502707,2.5362866,-0.13692118
116016.24,-1.7310098,2.55162,-0.20528267
126037.836,-1.1645191,2.681006,-0.026364094
115140.945,-2.6996934,2.6348517,0.42854434
122676.484,-1.6955206,2.7417867,0.012156673
123805.484,3.5687973,0.71928334,-0.079829566
125386.44,-3.6778882,0.018453836,-0.31301826
122494.125,-3.1342237,1.5411075,0.17088169
124426.234,-1.8342221,2.63245,0.24518488
129644.766,-2.999648,0.9340057,-0.082522914
119297.16,-0.49149206,2.857587,-0.09840044
120701.54,-0.1842509,1.7872616,-0.14027287
128478.15,0.9360996,3.0796413,0.018468905
127411.695,-2.1211858,2.8433385,0.02651437
131824.19,0.28441295,2.9886444,0.019600982
130391.664,-0.5199289,1.7984757,0.15444642
132407.66,-1.6422579,2.7113492,0.3814497
131255.28,-3.3685377,2.7986884,-0.044287283
117509.85,-1.6423757,2.3935306,-0.32827944
134213.19,-2.581886,0.5897305,0.12694561
131004.19,-2.203274,0.7435592,-0.06558715
122791.47,-1.298257,0.2334677,-0.07239891
133338.05,1.2726369,3.1218126,-0.040820368
128672.55,-0.23006743,3.106815,0.060356125
126840.74,-1.1814003,2.6690724,-0.45881376
133427.77,-2.0376089,2.0261216,-1.6547439
116508.445,-3.1474643,2.6631398,0.035881765
132453.52,1.8336606,2.371611,-0.12556854
123258.52,-2.5088248,2.7528803,-0.008700753
123983.99,-3.494673,1.5008967,0.015685467
115208.836,-0.39728153,0.786958,-0.08205788
126804.57,-3.0020733,2.8918924,-0.015207118
117173.08,0.49504855,2.9310036,0.04497433
129934.3,-1.3187436,2.2422981,-1.4843429
130071.164,-1.680752,1.9578623,-1.0106661
115449.33,-2.4178243,2.5828128,-0.08988197
117400.99,-0.4577465,1.9397476,-0.812734
119055.47,-4.0290556,0.38529348,0.05488247
133612.77,-3.5261507,2.1573908,-0.26637527
121006.21,-2.479028,1.8560399,0.3192966
123953.65,1.2926341,2.0241215,-0.35291365
130323.12,0.22026934,1.3759315,-0.16226299
117391.92,-2.6451805,2.4529998,-0.10523134
127527.11,-1.1490517,2.7293587,0.31538656
133362.97,-4.4184217,0.060689926,-0.014770721
128220.44,-2.0246055,2.408128,0.060616102
124358.2,-2.186249,2.9154058,0.5159789
118295.13,-0.10382564,2.062627,0.49873108
121717.79,-3.0465002,2.979186,0.29519957
116099.26,-2.089013,2.709551,-0.068938114
129681.03,-3.2387002,2.907469,-0.23277234
128057.15,0.17354426,2.9973814,-0.18011788
119632.5,-1.9176152,1.157965,-0.1733867
120528.07,-0.18289775,0.0035016537,0.00078925485
132179.39,-1.0961349,3.124579,0.1829103
132953.45,-2.550013,2.806521,-0.5370946
127844.414,-0.19388339,2.5783143,-0.18886629
132596.77,-2.9954503,0.02871728,0.10538437
127449.95,0.3118266,2.8541172,-0.00574178
125022.02,-1.6808896,0.5249942,-0.22071679
120614.11,-2.2995644,3.110973,0.03393366
130491.445,-0.6728015,3.1394508,-0.019385759
118448.58,-2.0226796,1.315015,-0.19961502
118766.62,1.1427081,1.8404504,0.12649466
129580.61,-1.2744403,3.1238222,0.18381682
116285.09,-1.0643971,2.9407263,-0.020271705
120817.22,-0.71635103,2.3269653,-0.35064983
118449.59,-1.5925267,1.5950564,0.57647526
130895.07,-3.2891798,1.7927978,0.056887954
126137.61,-1.0402488,3.0270863,0.08034666
120827.5,-3.0619123,1.6508965,-0.0487521
128618.57,-3.1036332,1.8175061,-0.28442463
125735.26,-1.5315188,2.3843415,-0.15666534
131904.19,-3.968154,2.994994,-0.47223276
129420.555,-1.289775,2.358435,-0.09691097
133106.6,-0.027079413,2.3146727,0.65190387
129417.96,-2.022107,2.838886,0.06374084
119434.68,-0.79625523,2.4595642,-0.23687436
125252.97,-1.7774614,2.7189791,0.069041796
125303.266,-2.5529141,3.0637512,0.35541537
131832.36,-2.351975,0.58107233,0.16079316
125965.26,-2.33311,2.3108704,-0.13153465
131749.23,-0.29793987,1.3763753,0.96918064
125933.12,-0.88661367,2.1782901,0.21551123
124880.8,-3.7503061,2.0974245,0.22032726
125364.82,-1.5228521,0.4269625,0.081465945
124231.414,-2.7303467,1.5165834,0.045978446
132938.53,-2.775328,3.0373142,0.04624484
128104.33,-0.18795101,2.3754177,-0.047684044
115321.586,-0.7346658,2.280845,-0.08452641
115548.73,-2.6742291,0.553396,0.075631686
120006.91,-1.5398746,3.0372212,0.22512417
128406.44,-2.794671,1.2883853,-0.4010195
120694.984,-1.3914255,2.4133859,0.2547068
134143.0,-1.9489448,1.1211134,-0.18292141
124829.4,-1.4092587,2.6452818,0.1446552
122006.21,-2.93749,0.22836901,-0.024205199
132728.95,-3.852554,1.2146112,-0.19740918
127544.28,1.5654197,1.9063154,-0.15420607
116794.3,-2.021976,2.5791054,-0.066223145
130674.45,-0.086164005,1.7356145,-0.12934801
132552.08,0.829071,0.8255193,0.14108022
126821.695,-1.9601189,0.46228063,0.15382515
119239.99,-3.2206783,0.6374883,0.17720851
124677.45,-2.424478,2.2199707,-0.14132094
117104.836,-3.3294775,0.6215346,-0.13137472
118357.49,-3.4889839,0.037217736,0.0038207402
116421.39,-2.6725643,2.8676724,0.040235292
123190.45,-3.507866,3.0961747,-0.026219903
124697.26,-3.8140235,2.727844,0.10835381
117610.39,-0.9093196,1.135006,0.27349436
123823.35,-2.2042804,3.0267863,-0.32027045
134241.02,-1.4049975,0.2944045,0.12172567
120738.15,-3.4251575,1.7471195,0.38254225
117286.98,-2.2726953,1.1281949,0.048314486
115852.68,-1.2961254,2.962376,-0.004495793
120214.945,0.8214934,2.6056135,-0.2094274
115018.71,-2.8672633,0.41043305,-0.113153376
116108.766,-0.34043467,2.709997,0.030496368
122324.21,0.06809811,1.5933341,0.15660593
115468.27,-3.5021868,0.8711307,-0.16412972
123925.914,-1.2180847,2.8480368,-0.039345145
115070.836,-3.2300572,3.1024039,-0.1590312
127671.48,-1.0768104,2.5979068,-0.06444345
129061.53,-0.3159959,1.5571271,0.120762214
134687.6,0.9848746,2.920389,-0.0049859374
117976.516,-0.8703711,2.8022835,0.012346489
130820.12,-0.999419,1.1485561,0.35100195
125357.336,-2.8500347,2.7678332,-0.009257045
116253.81,-1.5164305,0.4212529,0.042561077
121110.12,-2.5073137,1.8490978,0.29455653
129056.2,3.0986147,0.09869486,-0.03909327
125916.91,-2.4006755,3.1129308,-0.10525184
134991.0,-2.1423712,1.8406558,-0.045321822
115414.766,0.40672714,2.9900777,0.2755424
118300.35,-1.8640285,1.8637918,0.060444843
118437.1,1.4073211,0.3161738,-0.0736361
119699.305,1.0979424,2.9708111,0.036722098
118440.35,-1.2815561,2.5040407,0.25120714
133530.5,-0.51389235,2.8012288,0.2571356
116135.46,-2.5452142,1.6838303,-0.06601098
115475.805,-0.3211708,3.0871594,-0.09568351
127609.84,-0.9836507,1.2957745,0.10567744
128960.484,-2.5894237,2.6264436,-0.0058536967
133792.36,-1.0362111,3.0687032,-0.014398676
115100.61,-3.004751,1.6078339,-1.2722694
127045.12,0.22234234,0.81779224,0.32462206
123438.83,-2.341388,2.072788,0.11825883
134004.22,0.85692555,2.7692566,-0.3207401
130826.914,-2.295009,3.052598,-0.063529834
116967.56,-2.326254,2.7569435,0.19872071
120857.53,-2.0662313,3.0254266,0.23951854
120969.39,-0.95145303,1.9070551,-0.15653981
125324.4,0.13413979,2.6107554,-0.2142609
122592.02,-1.0365633,1.318677,-0.2714613
119824.26,-2.3774474,2.165727,0.4802914
122304.734,-2.1072686,1.075155,-0.22973695
116310.23,-1.0908563,2.9563837,0.0028895887
133958.52,-1.7321538,0.77149546,-0.06943623
127223.24,-3.3626626,2.023914,-2.1455352
122540.11,0.048085287,2.2528982,0.058425363
119469.836,-1.4278121,2.333695,-0.12192764
131119.97,-2.1511014,1.1082772,0.05009872
117283.27,-0.8090354,1.5118465,0.10887545
121802.34,1.2022518,1.4772584,0.2608229
130154.49,-1.790088,2.814948,-0.17798227
120928.33,-2.4851913,0.18207943,-0.023425374
125516.21,-3.0432909,2.2337399,0.10076679
119160.25,-2.8245316,3.0984008,-0.100262485
115163.914,-0.123123996,0.9415491,0.18553448
117715.95,0.22915174,2.5315385,0.03607396
117253.85,-3.1274555,0.89152396,-0.5652264
116409.48,-2.6336343,2.5081253,-0.1108702
130270.016,-0.84731144,3.0141327,0.07383369
115421.664,-2.77199,1.5668193,0.22103156
127912.305,0.113893926,2.600985,0.19020143
128832.1,-1.8557078,1.1155082,0.5171328
115258.76,-2.5638773,2.5988557,-0.23020026
124910.96,-3.0280128,2.877762,0.24436958
131865.73,0.37202674,0.6822694,-0.18123737
122771.6,-3.3788037,0.98138547,0.13190538
125121.26,-2.6287167,2.2431667,0.15365517
119153.98,-3.1877084,0.11902952,0.065543674
124356.57,-2.933598,2.5734565,0.15606089
123787.305,-3.0771856,1.4809742,-0.08215105
132835.92,-1.6747822,2.1619608,0.11865637
119850.79,-1.5559785,2.7328806,0.030531809
130180.89,0.18839678,1.5699102,0.083394594
115012.47,-1.8722955,2.3410099,0.5932679
123645.055,-3.0400982,2.0986354,-1.4609599
129258.29,-0.059137408,2.1538808,0.1249416
122668.625,-2.5705924,2.0174975,-0.098964974
121589.67,0.08346757,2.510198,-0.025848849
119343.984,-2.9704704,3.0890226,-0.044561956
126661.766,-1.7989936,2.5617633,0.16487797
125494.68,-1.9947171,0.86495787,0.05070573
133546.72,-2.8990517,2.6492097,0.7109203
120852.99,-2.6506433,2.6496058,-0.020468865
117699.74,-3.9516485,2.2777917,-0.05950206
131176.1,-0.12765424,3.0654113,-0.07633398
120125.5,-3.5802298,3.074642,-0.045774806
129420.43,-0.1378765,0.045194864,0.018263213
132008.1,-0.94243354,2.384301,-0.0389706
132857.64,-2.2637236,0.45122972,0.11001072
133366.12,-2.8718774,0.5355695,-0.063783936
121914.734,-2.7938695,2.8569224,0.13336544
118869.016,1.8955698,1.2630742,-0.13130002
128948.41,-1.4524283,2.978088,0.53876406
122120.4,0.6965454,2.4404185,-0.23443574
132438.19,-0.18328099,2.4322116,0.12882482
128573.18,-1.3646042,2.967887,-0.024169452
125381.02,-0.3359308,1.1266416,0.14452863
123079.01,-3.057611,2.796052,0.03428842
121765.66,-1.4787666,0.3033162,-0.07218581
124708.445,0.07983068,2.2393897,0.14770566
125535.12,1.7401109,2.1225116,-0.44106516
123600.51,-2.5616846,2.415577,0.31120038
122362.664,-2.6704853,2.846116,0.026497
124780.625,-1.8700199,2.9751875,0.002154397
119351.234,-1.0604038,3.0730672,-0.043847017
125449.766,2.9244046,1.4249793,-0.18914498
115455.44,-3.3720646,0.14018059,0.21766506
119793.516,-2.428689,0.95322645,-0.16242653
117011.9,-1.7158368,0.56693363,0.09148101
119189.76,-1.7747427,0.99398565,0.22560517
120718.336,-0.6748493,2.624005,0.07445925
133732.27,-1.6409547,2.8893318,-0.013789045
116639.19,-3.2667594,0.3821857,0.0034839255
122874.016,0.50923914,0.39649075,-0.031638116
116093.95,1.2206334,1.2591603,0.12827933
118103.34,-2.5497575,0.4992789,0.13372487
118172.46,-2.1171975,2.9288511,-0.23109189
126393.58,2.0406482,2.5527623,0.22111943
115837.95,-3.0939317,3.033757,0.025184944
125258.664,0.46551025,2.848339,-0.06634309
128864.31,-1.1408412,0.21320683,-0.09758622
127044.32,-1.8390108,2.5480704,-0.036606897
128291.05,-2.579465,1.7437625,-0.089225106
115567.555,-2.0818336,1.081075,-0.056311682
116608.12,-0.114271685,2.2137666,0.2961476
117812.305,-1.2537919,2.9082801,0.13628753
127669.43,1.8854259,0.6752515,0.13419823
117030.85,-2.418917,2.0608666,0.4934019
121204.91,-4.3038645,1.8400054,0.095340416
126078.33,-1.3792307,0.3554666,-0.04098128
121380.445,-0.60420203,2.7054768,-0.08777715
116317.54,-0.6267985,0.18911254,-0.048862003
125055.75,2.6993515,0.094947994,0.059862766
115164.26,-2.2652462,1.4626954,-0.06366306
126249.1,-3.4816983,2.2471445,-0.18567151
119099.14,-0.11997982,2.5126066,-0.12788208
117270.164,-1.0523623,2.7043414,0.26068613
123143.12,2.6767492,2.9323602,0.00328613
119437.14,-3.326779,1.2396685,0.09640153
123041.62,-1.3256003,2.321999,-0.057740137
123137.96,-2.9705808,0.5622823,-0.17489494
127453.36,-1.943905,2.1285844,-0.35913742
123289.71,-2.3165257,3.1235828,-0.15646473
129533.21,-4.12552,2.9305947,0.014500982
129041.586,-3.509187,2.3231022,0.15896864
115861.92,-3.394688,0.24765062,-0.112788
134070.77,-3.6753066,2.671105,0.10543072
117891.52,0.3192693,3.1233902,-0.022294711
128658.484,0.14832388,2.6384435,0.06412003
122217.414,-3.4983106,0.1950869,0.6045779
125494.66,-3.1961246,2.8939176,0.16358578
126660.16,-1.1610911,0.08923602,-0.008724425
134726.0,-0.2064718,2.8878994,-0.074113674
126832.47,-2.6738522,1.0154144,0.11696482
120306.75,-2.2685635,3.015447,-0.24763204
117988.73,-2.6687434,3.0384464,-0.12616208
116824.47,-3.0232658,1.9106538,0.43101814
116397.55,1.4521182,1.7361825,0.13195291
116067.65,-1.0252054,3.0766377,0.5400513
115815.14,-4.256014,1.4673501,-0.21546005
121906.09,-0.27084804,2.4434853,-0.11439676
128512.65,-2.1820145,2.1735697,0.3880325
120895.695,-2.2892742,1.4383789,0.072687715
115986.266,0.42259464,2.5089874,-0.42213643
115375.016,-1.6797866,2.9056175,-0.1916209
133432.16,-2.394763,3.0841935,0.044096116
125615.625,-0.16078976,2.5961466,-0.06606367
130046.33,-3.1849115,3.030962,-0.025321916
127293.33,-2.3109834,0.18388677,-0.12916833
115129.65,1.4022714,2.8484273,0.062433977
116159.82,-2.0624993,2.1851118,-0.3257221
119989.71,-0.06719721,3.0194287,0.46611577
122815.1,1.7395742,1.2952775,-0.24248548
134895.92,-2.2532198,3.1019182,-0.07581373
120810.84,0.51354325,2.5232909,-0.07841654
133247.4,-3.8241665,2.6482782,0.04685986
131831.08,-2.9922588,2.5386126,0.13930589
122996.555,-1.8345826,2.2859247,0.25485206
131154.52,-2.614181,2.219589,-0.242903
122618.68,-2.8861647,2.3241625,0.008720443
115149.48,2.0770364,0.62671375,0.20217717
120498.63,-2.1838603,2.8588629,-0.054528434
129608.56,-1.9373627,2.856415,0.09807071
123416.24,-1.6452669,1.6448257,0.43384913
120371.5,-2.6728,1.9900333,0.28167593
125027.56,-2.5598667,1.6769791,-0.2538913
127553.46,-3.0783036,0.18988422,-0.06927547
126541.71,1.670524,0.6658521,0.20271797
126330.91,-3.139512,3.0263512,0.10586775
124866.875,0.15042408,2.4572802,0.2845479
133675.47,-0.94052887,1.4447889,0.52116734
117912.55,0.56786674,1.068697,-0.3472567
128466.02,1.7254679,3.0807786,0.0024043054
115136.85,-0.9304773,3.0674007,0.20305161
128414.97,-3.395789,0.95463634,0.07550167
131189.67,1.809861,1.5382665,-0.4372768
133199.66,-0.22202322,1.7680488,-0.19577092
133079.34,-2.919203,2.3771715,0.20904316
120488.82,-0.79589725,1.9783152,1.0562955
129773.62,-2.5330267,2.750899,-0.1736
130058.38,-3.4956148,2.4903738,0.72562605
119652.46,-0.8427877,2.645991,-0.11191869
118056.1,-1.1673299,1.2114235,1.8140777
127745.39,-0.33041793,3.1109507,0.10051825
122023.6,0.11893441,0.65952456,-0.22786988
122364.58,3.2117772,0.35086942,-0.064867646
117165.93,-2.1265397,2.692893,-1.2546899
129525.27,-1.1844648,2.5180697,-0.19999945
120565.01,-2.7472165,3.009461,0.14839725
134644.27,-2.3483274,2.7802167,0.03845077
128603.51,-2.1720383,2.6953459,-0.8780718
122044.195,-1.5738927,2.388506,-0.18882102
116543.39,-0.79753673,3.1125822,-0.027150325
126878.945,-2.6926155,0.38895333,-0.028937308
116960.81,-1.4668101,0.6862513,0.11384938
119224.125,-2.6072414,2.3008192,-0.15917368
130536.92,0.32995155,2.9388273,0.05278989
115980.32,0.8977999,0.42617774,-0.10869215
120856.75,-2.1904337,2.1667106,0.08117996
115956.984,-3.8741946,3.0576603,-0.010977017
124033.22,-0.046963163,1.6313529,0.09235356
119105.586,0.08499138,2.5512261,0.19528961
122334.26,1.0389245,0.92931473,-0.063050255
116703.53,-3.6486926,2.9665303,0.07235393
120527.46,-3.2391286,2.8197033,0.024604585
134575.48,-2.4345326,2.770904,0.020745965
134499.8,-2.9177818,2.5653749,-0.17636932
116106.19,-1.984027,0.26142025,0.02356889
126932.03,1.2535444,1.9484391,-0.1816571
118604.22,-3.1578016,0.07014823,0.24971335
123230.2,0.10890156,2.657477,-0.12271644
117942.54,-0.3041472,2.628367,0.093953885
127854.95,-3.7196631,0.4196382,-0.03525792
120100.16,-2.543372,1.3668913,-0.08517982
134304.02,-2.0902467,2.2410548,0.71281815
128119.83,-2.6330495,2.408121,0.48940137
119836.086,-1.1531723,0.29053044,0.3040494
129011.41,-1.048227,0.7184688,-0.22051571
121512.195,1.0450354,1.3024513,0.14827435
126013.06,-0.8813538,1.656173,0.6692527
127902.195,-2.8411968,1.5580797,-0.9596726
132944.33,0.0462664,2.7614532,-0.003205419
132575.62,-2.659947,2.7962308,0.08809562
130494.95,-1.8791493,3.1281483,-0.0016097807
124942.586,-2.1892796,2.9757583,0.00024125175
117245.484,-3.0153732,2.7120178,-0.0830855
130100.555,-1.5521643,1.4771298,0.02534388
127283.69,0.828981,1.3980511,-0.31907165
133820.16,-2.9544663,3.0640006,-0.00767736
130436.06,0.76990813,3.1330721,-0.020356134
121454.68,-0.90938514,2.3411036,0.20936021
117071.766,-1.4343237,3.0208395,0.01594935
117292.125,-1.0268202,2.4916043,-0.39398053
122854.234,-1.0473107,2.2574663,-0.030527825
120722.445,-2.162701,1.7390007,0.22150496
119918.24,-2.7475982,1.9395049,0.35130665
132673.9,-0.939892,2.3621662,0.48297393
133924.05,-0.50121695,2.609079,-0.3569615
132752.86,-1.4450256,2.4145868,-1.0966414
117107.875,-2.0207508,1.5868233,0.013135848
134301.92,-4.2586246,0.44761133,-0.2587052
134438.55,-1.9620668,1.6165495,-0.21938345
134558.52,-0.36060202,3.0658574,-0.0535369
116510.67,-2.5389125,2.7618754,-0.09909686
131926.6,-1.1604053,2.5232513,-0.1837992
132096.47,-0.016087318,2.193142,0.06656462
124502.36,-0.6775754,3.075463,0.050089292
120346.266,-1.9407649,2.9460206,0.000667237
116154.5,0.47078633,3.117094,0.017717624
124939.4,-2.6033163,0.30592632,-0.13870378
116823.86,-3.0579517,2.805656,-0.0063574426
132712.02,-1.1994109,2.4617202,0.36578146
123765.03,-0.80513555,2.9588017,-0.204116
122256.12,-1.6603062,2.4445179,0.14896677
118757.33,-2.521863,1.6632556,0.058482476
115151.13,-2.883363,2.1597855,0.14786398
121910.51,-1.8259739,2.8309145,0.004331406
117669.5,2.3054361,1.2587358,-0.34704697
131204.28,-1.6035672,1.7153366,1.1570897
130901.64,-2.5175169,2.8270311,0.21551834
128143.34,-4.0764933,0.83387053,0.04920862
125229.195,-3.1605284,0.67849064,-0.061238796
132028.11,-0.6982147,2.21555,-0.17536166
124759.51,-2.790643,2.2034383,-0.040018417
118521.734,0.8739905,1.070638,-0.05712125
128897.164,0.09924891,1.122146,0.13049357
127305.76,-2.7084508,2.8413002,0.098219626
134956.61,-0.538877,1.6467937,-2.257229
122206.04,-2.1153657,0.9018805,-0.095013425
117670.57,-1.773669,2.8665183,0.05596919
116344.04,4.9234576,0.7075088,-0.17450365
118343.01,-0.06426854,2.7680852,-0.02938175
129632.414,-1.3187745,0.038775563,-0.006617061
124218.84,2.3339267,1.8124181,-0.1106239
133715.05,-2.0606306,0.81125414,-0.016107999
119997.07,-1.817455,3.0587893,0.044521995
118372.7,-0.061408315,2.2314894,1.2082582
127793.46,-2.981274,2.9448338,0.25356504
129367.62,-2.0108464,0.6656567,0.1549344
125331.67,-0.83610374,0.13778353,0.008469684
133807.27,-1.2647035,0.10098374,-0.10542667
129057.97,-0.34027743,0.02110362,-0.0027844335
116951.016,-1.8817924,2.071128,-0.14147678
126771.17,-2.4901898,2.3278348,0.10310591
123736.945,-1.4772247,2.8838482,0.06014748
120357.12,-1.9328672,2.0184076,0.27801603
118647.49,-1.6741738,2.8909771,0.15047212
120489.016,-0.59731436,0.35449147,0.23981048
116028.086,-1.9521663,3.1133904,-0.13582171
120719.336,-1.2205749,2.8935347,-0.07363284
121216.6,-1.1360742,2.8069754,0.08403384
115847.38,-2.468797,0.26935947,-0.15555179
125823.31,-0.21262445,3.1141233,0.027533103
120152.43,-2.9764926,0.93562114,-0.09394455
123870.45,-1.219137,1.1620955,-0.14805992
123763.28,-2.2258003,2.9558237,1.010708
128919.99,-2.5144897,2.3509624,0.12407382
121823.48,-3.070011,3.1141188,-0.0001389092
121697.02,0.16150518,2.333193,0.06389169
123143.71,-2.017628,2.8953686,-0.20505919
116102.27,-1.0397933,2.6031377,0.08009459
132230.05,-2.1343706,2.1730046,-0.16378024
122890.84,-1.2392552,0.42411962,-0.06305975
118988.33,-1.3004076,0.2575276,0.8195449
119004.9,-0.8653076,2.1448333,0.15304329
133974.03,-0.6129929,1.2363112,-0.750617
122574.945,-1.866008,0.26198232,0.40188676
118455.805,2.4158769,0.685354,0.19814211
120275.13,-0.7635302,2.881193,0.06183077
132194.39,-0.039175615,2.615641,-0.14449109
134814.78,-2.8771892,2.7453892,0.04837432
118808.76,0.4798584,3.00836,0.17482866
115611.32,1.2026558,1.3873634,0.2205828
123585.55,1.68281,0.29891127,0.050306767
125390.84,-2.4258988,0.28717387,0.081200324
126674.2,-1.258216,0.5987654,-0.10817039
115907.266,-1.8661156,2.9287999,-0.241229
134643.47,-4.225769,0.23084474,0.096363686
127934.8,1.8802613,2.978307,0.27779412
129723.77,0.19842936,2.6780007,-0.023265986
134703.11,-0.31232733,1.4587559,-0.35453206
123394.305,-0.88147545,2.8242416,-0.07003608
128787.52,-2.1477337,2.2101047,-0.17481454
119066.62,0.9278142,1.7006835,0.075551264
132702.12,-0.36287335,0.20605898,0.07024626
126402.72,0.38223374,2.3918648,1.2711669
131155.3,-2.7089932,2.5496962,-0.45294192
116363.21,-0.58397484,2.805504,0.22637048
128503.375,-1.4628247,2.0031247,0.11688852
130734.0,-1.7124928,1.1587181,0.2181753
127032.32,-1.6564074,2.7818427,-0.2494657
129449.82,-2.537767,2.296465,0.035242263
119189.58,-3.4543483,1.2308767,0.08037445
118380.836,1.528029,1.5896364,0.45606303
115209.11,-0.94274324,0.16823357,0.52753115
123009.19,-2.700157,2.6292522,-0.06658595
134805.38,-1.8363825,2.6595125,-0.09682665
115430.1,-0.7193281,2.9941943,0.064341016
120830.02,-0.0016771903,2.2507555,-0.5808697
117878.445,-2.2977917,2.5481858,-0.042494547
115718.23,-2.654801,0.47162157,0.21183817
122292.96,-2.6886153,0.22827709,-0.031741023
131238.0,-1.2397817,2.9676597,0.02938234
127058.22,1.252933,1.4270957,0.20034395
119353.82,1.3209946,1.998065,0.13355424
122379.64,-0.6587787,2.4209917,-0.9306108
132268.67,-1.6218688,0.54180133,-0.04712471
133735.92,0.802907,3.107254,-0.008670987
120710.195,-1.8005829,2.635284,-0.23156211
116886.195,1.3519099,1.1661716,-0.19413385
124167.625,-2.6097138,0.48960608,-0.052934244
134507.23,-1.5320944,2.548045,-0.12582608
118986.836,3.4396706,2.6003728,0.71230954
119981.25,-2.465483,1.375727,-0.035440143
117848.21,-0.5228444,2.6636922,0.02947574
119976.164,-1.0641457,3.0124254,0.01984982
129244.92,-0.27644888,1.8830558,-0.09486643
121182.14,-3.4050393,2.9898744,-0.022722786
115125.555,-2.613937,2.9636278,0.25176904
132081.83,-2.4931288,2.8437455,0.12462139
121675.72,-2.5117126,3.1085646,0.42195073
134890.02,-3.546877,3.0658517,0.0006372267
120170.57,-1.4195396,2.2362576,0.8833921
118998.086,-3.85695,0.21012259,-0.008551396
120522.24,-1.1102086,2.65736,0.08545506
129916.484,1.137664,0.09909177,0.03594286
131573.22,-3.6607234,1.8881036,0.20886967
128077.14,-2.0418599,2.9788046,0.10026028
129049.01,-1.2256842,3.026126,0.09989385
123221.13,-0.4669107,1.9530531,-0.5860515
127455.984,-0.004497853,2.4472675,-0.04410595
118022.79,-3.1076255,1.2896115,-0.17078646
119652.94,0.038724,0.07959068,0.023127358
118578.484,1.7079495,2.433161,0.032648925
126721.36,-2.9072254,3.0377796,-0.14415932
125463.43,-2.2399092,1.2025782,-0.20528741
117479.586,-3.3381586,2.577291,0.30397013
116899.98,-0.50288546,2.9017832,-0.107393764
123386.76,-0.001591458,2.8185117,-0.037403166
123568.23,-4.09604,2.1164238,-0.3582792
119213.95,-2.5147665,1.8963289,-0.1162546
120719.49,0.545171,2.1376739,-0.10954931
115863.08,-4.203229,2.0477257,0.12581268
127851.49,-2.9744418,2.565151,0.13561107
134486.2,-2.5582662,2.758192,0.03500836
129966.01,-2.1332757,1.3503025,0.24420203
118058.03,-3.2704418,0.06334978,-0.0021687876
124987.41,-0.45398575,0.13404721,-0.055332243
117697.66,-2.5251732,2.6703622,-0.4491174
129524.29,-3.6754067,2.9629145,0.11461354
125442.42,-3.0676012,1.8255732,0.8355075
131525.0,-2.6374025,2.8177533,-0.24467026
120197.78,-2.1812685,2.2488306,-0.3594572
129231.97,-3.0611129,2.8711963,-0.1297403
128445.195,3.2994668,2.1627398,0.4599417
118988.516,-2.7076564,2.9716673,0.1446399
115752.42,-1.8126281,0.48438436,-0.05243941
121777.54,-3.2071295,1.9399854,0.12837665
134364.5,-2.300522,1.7388095,-0.09867305
132507.98,-2.6229672,1.8152739,0.049868938
119999.51,-2.8177896,2.9956028,0.014892887
117096.69,-2.5796797,2.7515721,0.104815625
130189.31,-2.4888628,1.234094,0.40833306
125670.7,-2.5730083,2.1931717,0.25891742
128704.93,-1.0148009,2.6013975,-0.76143056
129250.81,-0.6756694,0.50200015,0.13790868
123432.56,0.7845082,2.4279819,-0.0996097
130833.945,-3.808418,2.7283654,-0.0029972035
118706.91,0.87203413,2.203686,-0.16079506
118486.44,-2.9610906,2.1973987,0.01626722
117311.9,0.4946936,2.898109,-0.1868605
115202.84,-2.506498,2.497425,0.080469474
129009.984,-3.5186503,2.9937863,0.3918333
122443.71,-0.6525309,1.9660587,-0.09595428
120542.53,-2.8674684,2.2819881,-0.2862321
119608.79,-1.9799209,1.6468254,0.050521478
126306.805,0.6197041,3.0590317,-0.0531902
116581.914,-2.4092567,3.074139,-0.23995498
119104.75,-3.5575466,1.7009768,-0.1194932
124233.66,1.9475,1.3329464,-0.33905086
115715.83,-1.0780606,1.8120582,-0.331204
115458.79,-2.6125333,0.96563774,0.110527076
133367.69,-2.2548523,2.7760165,0.13356161
127089.84,-1.9125532,1.9014531,0.17449093
115035.18,-3.0372112,1.6817158,-0.09961599
126536.77,-3.4302197,0.7085638,0.20823306
117198.16,-3.461716,0.5669952,0.10100209
129550.63,-0.097640224,1.1046112,0.113723725
133168.36,-2.7317233,1.4948047,0.028076215
134282.23,-0.23331785,3.0442846,0.01929572
116171.7,-1.4685868,1.8232192,0.34998536
119900.77,-2.1988475,2.4839551,-0.22336361
118606.5,-0.5279829,2.6836822,2.350593
123929.79,-1.6521844,0.43437886,0.06419124
120152.62,0.01776205,0.50213075,0.046356723
119396.445,-2.7413335,2.3051484,0.41584155
124233.56,-2.4455106,1.3390546,0.0053243837
118923.305,-2.597136,2.3746872,0.3226074
121781.73,-3.312491,1.2164987,0.09943988
118130.43,-0.15162286,2.6030815,-0.07310606
117949.21,-2.6362512,2.8528776,0.11536935
127969.4,-1.8372653,2.782535,-0.055372413
133506.66,-3.1538906,2.1544833,0.18789607
117781.45,-2.508689,2.9662952,-0.0006253792
115689.695,-1.8116593,1.9867953,0.12005706
129980.445,-2.6695855,2.3881736,-0.03165159
116747.11,-0.49717465,1.2228024,0.07375714
126617.54,-0.22527093,3.1369252,0.023728153
119125.8,0.9999312,3.101996,-0.087223135
116818.6,-0.11637224,2.03541,0.16539568
119529.43,-1.3007836,2.9578786,-0.015135777
118775.47,-2.0666778,2.6095304,-0.10589709
124526.695,0.022792974,2.7693129,0.027994286
124602.805,-0.42454052,2.4722853,-0.1087267
131817.16,-3.6433775,1.4794974,0.48525095
132854.16,-3.0431721,2.7025874,1.0264553
133149.27,-2.5601819,0.17346181,0.1989905
131099.38,-2.68595,3.130564,-0.0015622817
125557.17,-2.393779,3.04424,-0.09136999
133105.34,-1.3887136,3.0154583,0.061399803
130244.555,-1.8218831,2.3719685,0.16574767
118012.24,-3.1953125,2.9708183,-0.32907575
115011.93,-1.9892188,2.5426877,-0.37168476
116233.84,-3.8369327,0.8131068,0.14876404
130773.61,0.86584884,2.988194,-0.044466596
120706.805,0.8467635,3.0516486,0.12561515
128768.01,-3.2933578,2.01007,0.35621828
123308.35,-0.71580964,2.408645,-0.006643191
122732.73,-1.5364925,2.3186147,-0.13864611
115604.07,-2.9532228,2.3618717,-0.02955187
134804.88,0.21602926,1.2868772,0.33624634
115896.72,-0.34038466,2.696388,0.052638557
116914.46,-4.5003643,2.5766912,-0.2629627
118166.42,1.6091295,3.0713935,-0.88426006
129081.42,-1.9110218,0.7853049,0.22232263
115464.2,-2.3750129,0.77267456,-0.23340851
121850.695,-2.4104357,1.9345944,0.18784645
118013.76,0.90024346,3.0557287,0.16699277
122716.19,-2.981614,2.6718593,-0.30847487
129619.49,-4.453485,2.9479403,-0.6500786
132081.78,-2.6501312,3.093749,0.21270022
128379.336,-2.9326,2.2993486,-0.34028938
122039.97,-3.3610494,1.8431137,-0.045545712
126291.164,0.45441878,2.390668,0.059697427
125772.74,-3.9364898,1.6111131,0.0176815
131985.66,-0.07199339,2.981111,0.18773137
129814.76,-1.200162,3.1388478,-0.029939387
126987.13,-2.382611,2.8267677,-0.19618213
119827.02,1.2159255,2.904702,-1.8456783
117602.05,-1.4840478,1.4309809,0.15153638
117275.1,-2.5985875,2.9305701,-0.057650283
132718.92,-3.9220884,0.31149685,-0.078744054
118756.945,-1.173719,2.7638507,-0.036615547
116213.89,-3.1532087,2.338517,0.29021078
133145.73,-3.457454,3.086228,-0.01912387
122030.875,-2.4790738,2.717094,0.017666804
127288.984,-1.1460997,1.4587843,0.5539675
117878.89,-1.8159722,2.7554636,-0.14665465
125864.98,-1.0953958,1.6228167,0.45041862
125513.8,-1.6263778,2.5072627,-5.89679
120091.164,-1.3719953,2.1119447,-0.08120279
130578.01,0.15184292,0.34009814,-0.0088084
115555.734,-0.87347806,2.2564075,-0.019925939
126174.29,-2.6273808,2.4576485,1.0303459
134778.05,-2.591542,2.781329,-0.088445604
125801.195,-1.5305336,3.01884,0.12002484
134384.75,-0.18408531,0.32192194,0.031008609
117424.66,-1.8066082,2.8892355,0.01104591
134394.25,-1.6784757,2.6257236,0.27606598
134178.66,-0.53671706,2.260766,0.2047402
121364.09,-0.4940707,2.2356217,-0.50782543
117310.27,-2.5229337,1.9978182,-0.2191153
129092.44,-2.58242,2.9346635,-0.11279842
116760.18,-1.6587263,2.5787044,-0.45531604
122830.22,-3.30308,1.6862438,0.07342693
118520.445,1.1984216,2.274207,0.12068846
128202.0,1.8018128,1.15758,0.2994691
127576.42,0.9615044,1.3852696,0.0731586
122795.21,-2.1642118,2.8593297,-0.1966313
131006.305,-0.6767837,2.3327746,-0.09059744
122631.586,0.39546937,2.026244,-0.32287976
129507.3,-0.041772604,2.7965603,-0.12242456
121041.4,-2.610024,0.88708115,0.09407768
126948.125,-5.165678,3.0540767,-0.24999392
117941.016,-2.5926032,1.0492212,-0.46856728
127795.12,0.572829,1.1313175,0.16963652
127221.88,-2.255987,2.8334756,0.28197223
126549.516,-0.5568604,2.9697418,0.023167029
129839.14,-1.7791528,2.940246,-0.066178516
126729.57,0.728963,2.047668,0.11269223
123016.9,-2.144439,2.9625654,-0.05983175
121648.234,-2.2458072,2.4414303,-0.14298336
115552.79,-0.26228932,1.7250397,0.56226784
126903.59,-3.4331167,3.1321204,-0.10567602
131733.16,-0.65749514,2.692611,0.21110886
118705.18,0.11015567,2.0702288,-0.2984599
117626.61,1.261456,2.9931295,0.17658678
128477.195,-3.701012,3.0809484,-0.3714474
123189.09,-1.4754808,2.9499097,-0.022880675
134305.39,-2.7158256,0.82820845,-0.18446079
121751.59,0.112951085,2.8242972,0.024302227
117095.15,-2.0049956,2.9997246,-0.12784152
115807.29,1.7763635,1.4094888,-0.89374447
118076.69,-1.3542448,1.3450667,-0.2502504
131908.6,-3.086008,1.7041396,0.65576375
127143.45,-1.6455742,1.2009491,-0.48134696
129448.49,-2.3512678,1.7411443,0.3529172
133136.9,-0.7266052,2.9216874,0.01995858
117528.8,-0.3838404,1.001074,0.10602454
122586.516,-2.2358572,1.8048055,-0.27923557
119685.29,-0.647085,3.0538778,-0.08484617
120765.03,-2.968688,2.9352553,0.016362917
129505.664,0.8822083,0.44729897,0.5005645
116718.03,-2.3312595,1.5530194,-0.24139164
121376.47,-1.2489889,2.1314187,0.03898475
122536.36,-2.6547468,2.5727363,-0.15850423
133489.06,-2.2952657,1.5750542,0.946116
131117.56,-3.0055256,2.7452238,-0.3076191
122546.53,2.2816355,1.6317464,-0.4505658
126003.29,-1.9054263,3.0644753,-0.6468435
119577.98,2.9416015,1.482578,0.6153837
133531.78,-2.0998416,0.04663539,-0.0497664
116268.92,-2.534749,2.760312,-0.54868114
115264.75,-0.84594214,3.1128962,0.070914455
118213.336,-1.9759859,0.68134725,0.3152702
130235.8,-2.6619277,2.5856702,-0.24727187
128214.92,-2.751106,1.5673106,0.10494696
128757.47,-3.2050712,0.62881243,0.0006105913
125115.58,-1.1354159,3.04121,-0.047595013
118371.38,-2.14758,3.081496,0.13492493
117216.336,-0.6407255,1.7053062,-0.06451582
117856.195,-0.37450004,0.21814013,-0.18816221
134929.28,1.2737468,2.9867842,-0.034432936
127761.45,0.47338384,1.4062531,-0.8795291
119410.414,-3.3965197,2.4846454,-0.1208332
118262.23,-3.1991713,0.14050782,-0.010075319
122125.31,1.9037346,2.1886663,0.078436606
128048.18,-3.091422,2.1300175,-0.16800436
134128.73,0.76417637,1.168833,-0.3036966
116749.33,-1.0675172,2.8095386,0.04219495
127781.01,-3.090332,0.8245991,-1.3457584
122670.92,-2.1735837,2.268335,-0.05923936
121855.5,-3.0813527,2.6234896,-0.051319472
122334.25,-2.338626,2.0579298,-1.392595
115379.18,-1.2846684,2.683256,0.24196588
121111.5,-0.08286621,1.93969,0.5686367
118533.664,-3.0055637,2.8938181,0.038486
119498.27,2.4187574,2.6831167,-0.10587934
122938.516,-2.5353086,0.5892029,0.16328152
122972.984,-0.381785,2.3577023,-0.6890558
124733.8,-4.037221,0.7810434,-0.12574968
120563.02,-2.2534401,2.2796803,-0.30722213
115919.12,-2.421182,0.7358776,-0.093841024
117380.09,2.4838138,0.8269479,-0.19475949
123235.555,-2.2619238,2.3539157,0.11453605
117516.67,-1.6769189,3.0657547,-0.059699792
128715.32,-2.8857841,1.6095892,0.516595
120997.625,-1.4829056,0.46753913,-0.11368908
118811.76,-3.286687,2.1685252,0.2585063
129379.945,-0.3398468,2.3763342,-0.17276469
118627.4,-0.88166744,2.7330396,-0.37700883
117874.53,-2.2868598,2.7370028,-0.2768084
117310.56,-1.8043189,2.9371057,-0.06855498
133391.06,-2.8101656,1.9723595,-1.2449782
129521.95,-0.19925877,0.1275233,-0.010365186
115480.38,-1.1912857,2.2660086,0.3886192
127347.87,-2.0802956,2.1560218,0.10493548
122444.63,-0.25670344,1.8575268,0.119125724
129337.24,-1.6588446,1.9558022,-0.0802389
133675.72,-2.2248209,2.8223374,-0.024139201
124021.26,2.8385673,2.5578911,-0.05587792
131994.11,0.022575403,2.60735,0.090403594
118612.47,-1.6721553,0.90050226,-0.089017965
116305.67,-1.9033397,1.319803,-0.7665407
119286.1,-1.2322483,2.798232,-0.010356757
132612.44,-0.47237688,1.8329847,-0.17315471
126306.77,-1.890821,0.8170407,-0.115533896
115743.53,-1.2170947,2.4727025,-0.10958197
116399.08,0.320069,0.5891794,0.032019403
132370.88,-3.570693,2.2636638,0.9326334
122786.88,-2.833996,3.0682037,0.17233907
127818.445,-1.041667,0.75116175,-0.16426332
117407.2,0.66184604,2.1349647,-0.25786093
130924.87,-1.8228906,3.132617,0.020213857
129624.94,-1.3314368,1.8468673,-0.13827418
125867.76,0.5282165,1.8354297,0.10179274
123125.555,0.8613943,2.5282462,-0.28195813
128962.25,-0.17969105,0.67985857,0.12927291
122589.14,-0.61710584,0.5318131,0.023019148
125396.92,-2.695395,0.5884124,-0.24737991
134140.16,0.32477582,2.8892868,0.056444455
120445.836,-2.1642754,2.9638941,-0.75810724
120555.38,-1.3567322,0.119559824,0.24078038
132597.7,-0.73437554,2.2689486,0.38431224
120406.51,-2.894664,2.3675447,0.39293897
121596.5,-1.0251399,0.95426285,0.24193814
121080.766,0.37433544,3.0876725,0.044512942
126126.39,-1.2183424,1.5460409,-0.14710025
116108.195,4.178086,0.4780978,-0.10033867
121911.37,-0.53551054,2.1402144,0.5564577
129898.95,-0.21206908,1.4067653,0.03231819
127293.71,-2.2175527,1.7804333,0.19046143
125702.14,-2.5440767,2.6036766,0.2551698
134140.7,1.2179478,3.0213346,0.024125349
130300.57,-2.9739716,2.879418,0.020549105
121346.875,-3.133008,2.5821233,0.10205594
122048.984,0.26031318,2.3275752,-0.1134797
130606.34,-3.4152794,2.5074673,0.28953022
124921.16,-2.4464014,3.129362,0.04122143
118493.71,-3.8005412,0.44130135,-0.17846473
118009.63,2.5153766,2.6226733,0.18280388
128839.49,2.0288541,1.4699647,0.2184468
123782.016,-1.0056795,2.9891934,0.029576324
125853.086,-0.37030554,0.9207939,0.06854577
134239.9,0.82160693,0.74452215,0.16106004
127586.125,1.4305753,2.7045577,0.031021979
115554.55,0.27335495,1.3314704,0.13565922
119846.69,-2.0611115,3.113217,0.31484327
117278.74,-3.1149762,3.1300657,0.12804286
117158.23,-4.417617,1.9142581,-0.003067165
120768.41,-0.2180373,2.378544,-0.09191832
125573.65,-3.160168,1.9198931,-0.26806217
117560.14,-2.0332978,2.4423769,-0.01148838
128851.05,-1.5881907,2.492765,0.02302404
124616.95,-2.2102373,0.85224146,-0.2868285
115314.89,-2.864159,2.9009192,-0.026127074
122130.305,-0.7488607,3.0950665,0.027903523
124359.23,-3.4028406,0.27692163,-0.00081388827
133640.22,-3.8130672,2.976755,-0.20339039
121033.46,-3.4358547,1.1181855,-0.06326992
127281.97,-2.9071233,2.561725,-0.013676485
128251.32,-3.1185167,2.219173,0.0154054165
126527.82,-1.563695,2.8079345,-0.24904765
130725.24,-2.3935547,1.9228227,0.59405965
118776.77,-4.0322337,1.9232997,0.5943137
119219.445,1.7013392,1.5441295,-4.4941254
125092.15,-2.0356498,2.2208707,-0.15630744
122508.92,-3.0835412,0.371495,-0.09715512
115847.805,-2.356362,2.4037852,-0.53548765
127157.55,-2.6677363,1.0200448,0.3711256
119850.695,-0.5308573,0.15620804,0.17236601
133550.98,-2.4825242,2.5814939,-1.4550858
126425.56,-0.86373353,2.3993073,0.017065555
121365.93,-2.5754902,1.637977,-0.07873396
119678.73,-0.9817308,0.68234587,0.3801207
125929.15,-0.96378565,1.6143807,0.2542574
125863.68,-0.82308173,2.9712796,0.20913225
115257.7,-1.9006423,0.44081944,0.021288253
118239.92,3.7249482,0.17972827,0.01839017
125491.54,-1.4115717,2.8932483,0.12765272
130895.5,-2.5387087,2.8816657,0.12946828
119685.695,-0.7961149,2.5217881,-0.0027938003
128602.03,3.4888244,1.3148063,0.14388843
126280.78,0.13303669,1.6721777,-0.17322078
119683.164,-0.26523083,2.731376,-0.034160733
131552.97,1.1722131,2.9750578,-0.047820855
127570.57,-2.4173534,0.5196274,-0.34019342
134989.64,-3.4488752,3.13905,-0.120321676
118121.984,-3.8645008,0.24949002,-0.029978195
123903.0,-2.403625,1.8463366,-0.4800948
132384.3,0.09463753,1.5063452,-0.7437015
133553.56,-1.8007019,2.6556752,0.15805294
124350.625,-2.109023,1.0040697,0.037162755
133227.47,0.69048613,2.9902978,-0.030884821
119768.375,-3.1061585,2.9057503,0.11541134
116560.51,-3.932914,0.9636985,0.09855854
125344.91,-3.0369625,2.4122596,0.24880408
134765.95,-2.3408418,0.535424,0.09221504
128881.69,-3.4525046,1.636472,0.20729002
116872.21,-3.8433113,2.656549,-0.14054705
130942.69,-3.8028493,2.0127091,0.037953302
117973.36,-0.89227617,2.2092736,-0.047083344
123321.914,-1.5633409,1.8429556,-0.05886127
116169.34,-3.215499,2.6854074,0.06867778
119099.79,-2.3704822,1.7057238,-0.103852995
120405.875,-0.6613717,2.500089,0.37019822
121014.06,-2.9122512,2.3095589,0.08361284
117039.22,-0.6841894,2.9607637,0.10009436
124738.49,-3.8804982,2.9007657,0.031927098
132969.08,-1.9592767,2.5576324,0.6971149
118599.51,2.697436,2.7999818,-0.11107039
132220.5,-2.0035806,2.5940099,0.030094452
126319.555,-1.3008381,1.9249575,0.34435472
123578.59,-2.2872753,0.70405924,-0.27435473
133679.5,-2.582549,2.509758,-0.006154536
134961.83,-2.642676,2.1382995,0.34832788
117797.82,-0.70140046,2.2409325,0.06626038
131732.83,-3.9863439,0.99029446,-0.052588146
121473.71,-2.9230332,1.5789208,0.1378437
130970.18,0.7294432,2.5627308,-0.15816781
131062.93,-0.7356521,2.4805813,0.017301138
120026.664,-2.4566414,2.6782286,-0.13534021
128203.016,1.0423295,0.05838418,0.028371235
118613.64,-3.2154696,0.57766366,-0.02750463
120927.43,0.28853467,3.0135746,0.12400312
127012.31,-2.2133224,2.7567382,0.30233243
121447.38,-2.5816412,2.2072642,-0.32414782
131870.77,-1.7555445,2.2737396,-0.007947539
116085.36,1.8420757,1.0538874,-0.107306644
123674.664,-4.172416,2.1925151,-0.1046675
118047.76,-3.0964823,2.4418623,-0.18845004
124001.195,-3.3665988,2.9616413,-0.051081493
123272.58,-3.0633976,2.2936206,-0.27353823
127620.1,-2.0803843,2.2440472,-0.28857902
116391.92,-2.206445,0.1365385,-0.19362907
133027.9,-2.3016148,2.837854,0.021910487
119009.26,-3.5824947,0.9023702,0.014721481
131824.58,-0.8819715,2.9536397,-0.8309368
125010.74,-0.6024717,3.1385138,-0.043624595
133503.05,-2.3630114,1.4995887,-0.32117546
116357.56,-0.48031336,0.104275584,0.05567785
125375.17,0.2510144,1.6166039,-0.17178383
116816.73,-2.6135833,2.3298173,-0.039022647
128672.74,-2.2252135,2.9081423,0.012690576
119927.35,-0.13572451,2.1355064,0.009872247
117462.45,-3.3566778,2.2261715,-0.04953347
126742.23,-2.229967,2.8265357,-0.044040103
120988.51,-0.44528365,0.4739705,-0.7576086
117573.65,0.10839062,2.4145105,-0.122911945
124985.234,0.98587215,2.2818131,-1.2211039
122568.65,-3.5080895,2.4036067,4.7904577
126670.27,-1.7609205,2.555176,-0.25276458
118101.24,-2.5199575,3.11253,-0.22139122
131468.06,-2.1339424,2.3033643,0.2706491
125732.53,0.10180268,2.3297524,0.1972094
115583.805,-1.9340104,2.471605,0.34099486
124654.54,-1.4343598,2.4543111,0.56593925
127600.055,-2.0702755,1.712676,0.2181912
128885.99,-2.4919877,3.1008847,0.51374924
127263.03,0.70540714,1.6913005,-0.32480055
123358.016,-0.12069841,1.5329978,0.16527058
120157.8,-2.0899372,2.9016867,-0.266546
123896.04,-1.30935,2.5173016,-0.21047032
127524.82,-3.8845973,0.08785367,0.0118718725
128180.66,-3.2685606,2.8046203,-0.044689734
132068.27,-2.5325198,1.1952708,-0.4016587
131933.1,-2.5939968,2.776825,0.06338389
129850.625,0.48453334,2.0753107,0.17371796
120032.27,-2.552044,1.7682678,0.49625555
118744.305,-1.8507022,2.9227626,0.05951816
134125.95,-3.740926,2.7326488,0.17880881
128370.2,1.0826237,2.983007,-0.038542166
124595.8,-3.8468616,2.4192507,-0.4462677
124721.35,-0.9735971,2.1353037,-0.38470596
115875.266,-3.4293427,2.1813617,-0.103756264
117607.85,-2.0183625,2.9414945,-0.27771527
118219.53,-0.48557627,3.0097091,-0.032232232
118743.92,-0.33969885,2.86829,0.08246333
117176.414,-2.4463837,2.3207643,-0.64623386
120995.22,-1.2768774,1.1769536,0.28828937
125164.65,1.4401027,2.6040976,0.10481686
126451.91,-2.4590702,3.1165054,-0.27995306
119189.77,0.30729634,2.7755408,0.043538697
116635.38,-2.1616187,3.0765736,-0.020230846
125927.195,-0.5548543,2.7004323,0.113008976
119647.53,-1.1768297,2.5872638,0.6874505
126777.46,-3.22252,2.6052303,-0.004789556
129837.055,0.12236341,3.06962,-0.0072503076
123897.15,-3.6013916,2.6452367,-0.009479826
117433.99,-0.38088134,2.837367,0.06703871
131411.0,-2.86644,2.8083658,-0.9058447
132180.19,-0.23824018,0.36615467,-0.08183484
124382.78,-2.0247777,3.0609221,0.025116473
115371.02,-1.8288429,0.5472172,-0.1908175
130016.23,-3.2524962,0.39141417,0.01033005
117919.055,-1.1347554,1.4216223,-0.8478428
122813.984,-1.2275902,1.9496475,0.12190821
129821.84,-2.20129,1.1645948,-0.09394068
116013.68,0.42834947,2.001635,-0.42135242
119503.305,0.4149109,2.8303835,-0.11341036
133002.73,-4.226985,2.726162,-0.35535094
116832.89,1.1558172,0.86182165,-0.37482944
124148.37,-2.4824915,1.8303276,-0.31559655
123031.64,0.19792463,1.4548054,0.45167387
121772.586,-3.5875485,3.0056272,-0.013939413
133483.84,-1.5467097,2.0858343,0.12575485
130701.05,0.8786593,2.782598,0.42323896
118508.09,-3.1947432,2.6469564,-0.08068344
126367.586,-1.5482019,1.372044,0.58657366
116583.15,-0.5412142,2.669911,-0.6477005
128906.43,-2.9336045,2.6397133,0.47931153
117475.77,1.401176,1.3043321,0.2196603
120940.96,-1.900811,2.158753,-0.038694303
118846.01,0.12913208,3.0780323,-0.021670876
132366.94,-2.9076114,2.4477763,0.5752972
115411.21,0.6170877,0.8531715,-0.44969448
124799.82,0.884023,2.443388,0.46796718
121407.42,-1.1885858,2.9602606,-0.09033573
123297.8,-1.8426812,2.456148,-0.044644676
128102.73,-1.8615464,2.098681,0.086313695
119889.336,-2.1575587,2.4768367,-0.23786722
126268.86,-3.766083,2.3189104,0.18098055
123240.74,-1.5712526,2.9797757,0.0054018768
115300.99,-2.5864787,1.4346627,0.024918677
122198.37,-2.4116526,0.56700337,-0.06719483
119031.71,-2.045297,0.112712145,0.010749774
128521.8,-2.9965425,0.10092127,0.12445541
127551.76,1.2487231,1.2048476,0.39272568
125531.734,0.044441916,1.3111514,-0.18358476
120392.44,-2.2728107,2.3093548,0.45080513
134219.84,0.08797137,1.8300676,0.18517008
118972.63,-3.0899706,2.794902,-0.058466293
134731.66,0.9818342,2.9601223,0.012288718
120616.45,-1.6652912,2.5175714,0.030086963
116175.03,-0.2000406,2.227003,0.11005906
121706.64,-3.0500011,0.08692384,0.1251767
115332.51,-3.1083107,1.7091756,-0.08327495
116257.27,-1.4615084,2.5322282,-0.16593125
127605.41,-1.5323533,1.4034978,-0.107818775
121665.74,-1.1010034,0.89237666,0.2851303
119584.82,-0.65549934,2.9519212,-0.05730969
127473.61,-1.9795728,2.6922736,0.041411623
132831.4,-1.3525612,2.920192,0.7542046
127483.33,-0.74536294,2.2338104,0.05950455
134221.89,-3.4473515,1.5800745,-0.30000335
126984.11,-0.86976534,0.03440571,-0.023475269
134081.48,-2.64288,2.9004014,-0.25664863
130811.47,-3.0907562,2.6002412,0.24386491
128364.27,0.97340703,2.8999689,0.09586871
127647.09,-2.4706304,3.0591378,0.087006055
132903.72,-1.1342598,2.354574,1.2516717
124852.36,-4.296057,2.0111938,-0.2778907
125464.625,-1.6708995,2.7315884,0.20757851
119878.93,-2.929492,0.27801752,-0.29882818
116437.35,1.7582291,2.7278914,-0.050543092
120734.69,-1.8429404,2.3634415,-0.05065852
122401.99,-0.59850836,2.7475812,-0.13138975
120270.234,-1.4757612,2.4363327,0.40148225
129040.74,-2.0266762,1.8093196,-0.8415833
120321.75,-0.72247076,3.1278777,-0.027697835
129250.01,-4.0178657,2.239065,0.11465591
120173.016,-1.1761136,2.8928027,0.07921869
115170.21,0.07092038,2.043445,-0.24312325
115489.34,-3.104849,0.9594275,0.06494542
117965.63,-2.053604,1.9317776,0.23007637
116730.12,-0.876147,2.7288024,-0.29987806
118195.74,-3.5034485,0.97785425,0.32038358
130672.55,-3.6826923,2.1103952,-0.21399033
126705.516,-0.756943,2.9897254,-0.05580998
116479.26,-2.5536315,2.9617298,-0.10126847
125771.69,-3.300191,3.017207,-0.023718528
117523.52,-1.3880589,2.8011918,-0.20266533
118051.234,-3.1967032,3.0686607,-0.14309654
126868.81,-0.53842074,1.7840343,0.051746752
119978.39,0.24334905,2.5019977,0.18133968
132248.2,0.025475692,1.7201977,0.96899
121971.266,-0.078698516,1.2749226,0.43018836
120254.84,-1.2604676,2.4730349,-0.004448807
121669.305,-2.6277757,0.025382504,-0.052909058
131045.23,-3.0899847,2.7325516,1.0036
134890.73,-3.4613807,0.17631322,0.09091391
124588.914,-2.5111156,1.3287736,0.082068406
133871.98,-3.1840546,0.17293173,0.19374438
116776.766,-3.0666888,1.2823247,0.22545253
123261.19,-2.64144,2.975493,-0.16788454
119259.98,-1.4246715,3.0316653,-0.04030227
129250.84,-1.630851,1.9884689,0.03586478
130418.06,-2.3903747,2.27929,-0.14674912
125002.85,0.15701757,2.4498205,-0.42151505
129108.0,-0.47194415,1.9414052,-0.27283826
121920.875,-0.6892085,0.4681422,0.2568916
123517.805,-1.2060632,3.1177568,0.046654966
132394.69,-0.56214327,1.5392926,0.11074799
126742.75,-2.41664,1.4618642,0.05567335
126253.13,-2.145611,0.8460543,-2.7526538
118239.414,-0.7418898,1.263822,-2.2304688
121387.26,-1.3515646,2.9440975,0.09888993
130265.3,-0.8155706,3.1133683,-0.02513258
128769.05,-3.11365,2.8783453,0.07286544
134592.42,-3.754013,2.017919,0.047383357
128236.914,-2.7046404,1.9261426,-0.5181732
124222.79,-2.4636152,2.567242,0.32104078
122512.28,-2.3025813,2.6432211,-0.1248348
130270.14,-0.8128742,0.52611184,-0.020079553
124814.7,1.0427387,2.6572304,0.025629293
115089.32,-1.8074511,2.9057755,0.036766935
130509.89,-3.368804,2.450673,0.016676025
115088.03,-2.7838078,2.8314953,-0.2677461
128487.16,-3.1584017,2.5928926,0.3085118
126829.6,-0.26808143,2.3065076,-0.37420106
127155.62,-1.2027559,1.5608617,-0.15358439
122443.664,-1.8670017,2.7244046,0.09953354
131961.39,-2.1030586,1.6110443,-0.15399589
122927.15,-1.550699,3.101531,0.26366997
116772.52,1.3831735,2.5153913,0.049488556
116327.34,-1.5885867,2.749684,-0.50371695
117363.34,-3.5943131,3.140323,0.22454868
119288.7,-3.4515777,1.3287381,-0.29773706
134510.7,-2.5788655,2.1154587,0.253084
118191.766,0.13857296,1.670067,0.07337346
121785.18,-2.7660897,1.7048329,0.2789029
115563.82,-2.2172174,2.6876435,-0.040162105
116199.24,-0.33876687,2.2617028,0.15624247
117949.84,-0.9805803,0.76531607,-0.26280963
126342.164,-2.1041033,1.5600562,0.37005478
123063.08,0.97692496,2.8143852,0.75171864
126180.75,-1.3785185,1.4596864,-0.3378612
122522.76,0.39029804,2.1243005,0.10551708
124578.55,-3.0318923,1.5379226,0.23105682
118205.49,-3.2967892,3.020103,-0.03187038
122227.32,-0.12137081,1.8524965,-0.45399237
126100.5,-1.3445096,2.7535615,-0.009119751
121548.07,-1.9208134,3.0755782,-0.10120136
128373.1,-3.972805,2.3674693,0.00021486307
119477.84,-3.9182193,2.677597,0.14399795
127132.18,0.11503533,3.0022445,-0.18316004
127696.15,-2.536713,2.062242,0.32075918
120125.016,-2.8700502,0.57828623,0.16354083
131640.92,-2.4172413,2.6627774,0.060190927
128573.9,2.135796,1.8709674,-0.20503668
120189.195,-1.9866719,2.885542,-0.0024957377
128052.086,0.31557348,2.136658,0.2692143
134698.83,-1.3615919,0.3977852,-0.12828586
128335.38,0.80176616,0.63082004,-0.06703529
117323.89,-3.9718769,3.0591629,-0.04021236
134646.17,-2.3412852,1.9377732,0.014113473
121950.35,-0.19981697,0.91671216,0.2278564
128240.98,-3.0947828,2.6542187,-0.11110531
119628.28,-3.5436056,3.1024938,0.029027937
125965.625,-3.2650838,2.4303763,-0.05947844
124645.47,-3.946701,1.8209065,0.42554933
115734.95,-3.8554738,0.6940323,-0.110052176
123938.63,-1.9466295,2.4190197,0.11013406
123052.164,0.056796886,2.8281803,0.09301826
118844.09,-0.46328482,0.36662006,0.06844526
128176.336,-1.6754453,2.9893966,-0.049482986
128125.51,-1.6849239,1.3808458,0.40751928
127592.4,-4.0714693,0.82885456,0.2947806
123080.9,-2.3738787,2.7120438,-0.047101475
132469.28,-2.2410529,2.4059112,-0.24897748
116195.1,-2.8754025,2.8370962,-0.03622772
132848.33,-0.7930826,1.10852,0.1254682
125517.45,-3.4937708,2.9576705,-0.14170955
121599.75,-1.8833655,2.5485945,-0.13511209
118222.43,-2.6382258,2.9024968,-0.16762523
120025.836,-2.727742,1.9735656,-0.048788976
125693.1,-0.6447336,1.6813185,0.20422328
123108.49,-2.2776337,2.219557,0.6215379
116620.72,1.7944093,2.6445754,0.08429667
119698.02,-2.2216682,0.2362752,0.034849036
115824.234,1.2618884,3.034096,-0.042154048
126556.62,-0.04340032,2.3008146,-0.20462827
117708.6,-3.00312,3.1236987,0.38438338
124270.75,-2.8657877,2.9780207,-0.13190936
115945.484,-2.7944815,1.6836601,0.08307209
125703.016,-1.4653405,2.1451905,-0.5201428
124567.99,1.1745605,1.6360056,-0.15103716
124188.6,-1.7457776,0.25062618,0.6438575
126242.82,-1.0453703,1.1178133,0.15764394
121352.89,-0.07296883,1.5894923,-0.083643064
126777.234,-0.93253565,1.281402,-0.45251775
121766.47,-3.1213086,1.7471575,-0.15656191
115432.82,-1.848583,2.7682042,-0.013382525
120903.05,-2.6528084,0.6326926,-0.6203368
125320.93,-1.122545,1.8567992,0.07357783
123258.66,-2.8349214,2.8727982,-0.0841774
128329.22,-2.1571975,3.0877442,0.09935336
122453.11,-2.4479043,1.9553411,0.06330903
123582.44,-2.0697145,0.72130996,-0.06092148
115050.27,-0.22269787,2.531063,0.067004696
130527.02,-4.0587664,2.3768528,-0.19491543
117678.64,0.08745792,3.1117327,-0.037798442
129128.164,-3.7957962,0.8653334,-0.0505986
118072.87,1.1082027,2.563683,0.18737787
127151.14,-0.46281952,3.0944233,-0.01579874
132047.39,0.714966,2.6802535,-0.0035201898
122639.26,-3.0117767,0.4322338,0.12196749
119412.984,-2.1605053,1.88003,-0.06765028
129568.12,-0.29327348,1.3847692,-0.09666095
122490.836,0.018149026,2.945399,0.21953385
122335.28,-2.330105,0.54086405,0.5347352
131806.48,-3.9877837,1.1155047,-0.17069767
116356.05,-0.9049766,1.0479618,0.79703623
126382.83,-1.9737982,2.3918118,0.06648149
115685.945,-2.0945,2.9592576,-0.10945283
133274.1,0.31317765,0.021707773,-0.00014297591
120485.92,-3.8928542,1.3585935,-0.14216772
117228.16,-0.45451626,1.0589304,-4.842814
120310.945,-2.7015245,1.3989964,-0.55050796
117558.484,-1.9134493,2.3495548,-0.60996723
134899.03,0.28837985,2.8302126,0.15908252
115029.21,-0.036278002,2.2432714,-0.10524927
116622.4,1.036395,1.9866334,-0.067435674
132702.97,-2.7530506,2.472993,-0.16652928
134654.23,-2.5929716,2.992703,0.015936943
116081.84,-4.051251,0.53199434,-0.07820897
129588.445,-0.026341673,2.9407897,-0.0014395524
118856.11,-3.6999366,1.5545415,0.1461748
122045.78,-1.8541,2.2997184,-0.002541582
116271.516,-1.8278267,1.4264493,-0.022889897
126222.51,-2.6514537,1.7592392,-1.2179649
116700.29,-1.8026158,0.97878176,-0.28566122
132685.58,-1.1314788,1.2992834,2.1204963
127419.89,-2.989024,0.02772212,-0.005371929
119548.3,-2.3517053,2.6870914,-0.07621505
122105.82,-2.4715338,2.6522713,0.098643504
116842.43,-2.4521244,2.7167287,-0.14361186
117075.64,1.9466902,2.2878141,-0.32159856
128305.66,-0.9144582,2.0691173,-0.37394485
118963.96,-3.4758244,1.1713178,0.24109264
130270.53,-0.106346756,2.1095343,-0.1664743
115984.36,-1.0045992,0.9458507,0.06435196
115646.91,-3.1226685,2.9579713,0.2554684
127216.94,-0.25881177,2.7022095,0.11347366
117993.91,-1.5979422,2.3887668,-0.037171483
124556.51,-1.711171,2.1734662,-0.2570618
128970.625,-1.5727191,1.6434855,-0.14551742
119050.77,-0.33112526,1.6462134,-0.98172
129849.73,-0.9674755,1.8459716,0.24457145
116644.34,-3.376194,2.4981828,-0.020063482
122794.484,-1.5033398,1.5692908,0.11914118
128662.82,-2.1689746,2.0673757,0.3817093
118086.805,1.4773929,1.5059094,0.11059688
121922.1,-1.0455214,2.3413286,-0.21759035
120258.734,-3.5322134,2.2670567,0.0877624
120341.3,-0.14598775,2.5323687,-1.7248564
133540.56,-3.61593,2.2102537,0.060852166
118490.85,-2.8072207,2.308708,-0.117958985
115513.44,-1.0240685,1.5769597,0.07953828
120637.28,-2.265919,3.035573,0.02851766
123495.805,-1.1787663,0.8471819,-0.15526982
128814.695,-2.7636867,1.3142592,-0.08592337
129659.695,-2.508498,2.3498235,-0.4363996
116697.45,-0.42590436,2.974644,-0.021344703
130099.555,-0.05992709,0.33221984,0.30858102
116529.74,0.25433043,2.42653,0.19860545
125536.01,-1.2177893,2.397048,-0.18909788
129072.44,-1.8314047,3.119417,0.033595502
123429.38,-3.1711066,2.8991382,0.22625563
118651.02,-0.4882291,1.2138066,0.23108874
128018.92,0.06997091,1.0060818,-0.116156906
115467.086,-1.230496,2.7483075,0.29345515
117476.414,1.9339306,2.6693704,-0.09079565
119498.61,-3.4781199,2.6464605,0.20043275
116950.08,-2.7610736,3.0482419,-0.051419634
125250.67,-3.1339386,2.199364,0.30775222
119035.766,-2.993689,0.77359855,-0.117700316
117962.9,0.10381356,2.929754,-0.2043931
125696.59,-2.8927128,2.9671254,-0.2005725
125568.445,-2.5604014,1.0732183,0.22305624
116349.46,-3.2354634,3.0561862,0.049438927
124301.69,-2.3922553,2.2917826,0.1006782
127757.59,-0.5517188,1.4433907,-0.098364584
115873.03,-0.5053716,0.2852508,0.022075627
132028.58,-2.994246,1.415839,-0.28564465
126659.54,-1.694848,1.7197046,-0.008688537
115663.3,1.0160555,3.0636451,0.082247674
127613.836,-2.9082215,0.6113535,-0.25592962
127718.0,-0.3816372,1.8071705,0.06803542
121714.99,0.52391887,2.155161,-0.36950064
132309.69,-3.079672,3.133492,-0.10668233
119905.81,-2.608163,3.1408274,0.11879942
119662.664,-3.3446825,0.50769114,0.021711804
120096.85,0.73492587,1.3955295,0.11593937
128267.71,-1.4359508,2.3962765,0.12776479
115304.95,1.0708536,2.2994242,-0.115226045
126049.1,-2.0019226,1.4064927,0.1070993
116272.95,-1.4485896,0.5755328,0.039409783
128639.72,-2.9619193,1.111066,0.036118664
122339.65,-2.8138304,2.4992688,-0.14204104
128759.53,-3.6296244,3.0003943,0.94882005
119761.88,1.8460145,2.6898868,0.14239115
116072.21,-2.5464003,2.920717,0.43636554
117205.6,-3.028347,1.033253,-0.21183255
119665.37,-2.4722505,2.6716142,-0.11936502
117534.805,-0.842403,1.9860861,0.20294465
118269.65,-1.9983687,3.0714612,0.256811
122351.23,-1.6089624,2.4435244,-0.032631125
125383.45,-2.61958,1.4308023,1.5449694
130700.89,-3.2961228,2.7759657,0.11272894
123617.15,-1.5175158,0.8757536,-0.1641553
119808.34,-3.2958994,2.6349437,-0.0504532
120640.75,-1.5766617,1.6102606,1.1138458
126419.83,-2.1146355,2.4995623,0.28048146
132365.98,-2.4549487,0.85564023,0.37206328
119678.65,-0.10536087,0.15251076,0.026407903
124518.43,-1.851738,2.138844,-1.2273104
119914.28,-1.8487428,0.5146482,0.12556328
129669.375,-2.0376427,1.7377044,-0.068303555
125935.05,-2.5326395,2.973321,-0.06293701
128002.45,-3.1587644,3.031555,-0.31145135
120135.08,-2.1390855,0.5083525,-0.20675033
127254.96,-2.8072426,0.065657794,0.21873304
120777.914,-0.9867472,2.048859,0.58892363
116340.14,-2.2209246,2.9511719,-0.02865998
115073.28,-2.0509498,2.5209188,-0.124993995
123937.516,-2.9286263,2.9975572,-0.4089124
123825.555,-3.0628283,2.4290948,-0.099000715
122921.91,-2.295746,2.305399,0.08200762
115854.055,-1.5610454,2.6814132,0.057898913
130782.7,-1.2728947,2.3235319,-0.1730884
117817.484,0.11647851,2.2146392,0.031994447
118348.27,-0.7805062,2.849654,-0.012135232
127127.484,-1.1957772,0.97902834,-0.20183136
131085.53,0.69911546,0.4668529,-0.09169094
126594.54,-2.8882785,2.8106456,-0.123158626
122211.71,1.2494335,0.9749251,-0.103402354
118001.44,-2.9158156,3.0941043,-0.24483718
129415.805,-3.09458,0.15655434,-0.024894398
121997.54,-1.7891046,2.6345625,-0.23823261
119999.79,-3.8905156,2.4567006,0.2530302
123414.59,-3.112622,3.0066946,-0.17528178
129800.82,-1.5622754,1.5941972,0.047375582
121037.086,-0.5746822,2.525744,0.06852736
119348.06,-3.3716495,1.2803185,0.25835747
134057.66,-1.9138731,2.7980106,-0.36197156
134448.77,0.24946669,2.9879346,-0.036364805
131671.77,-2.2009463,2.8017082,-0.121633746
117393.64,-0.32563868,0.24271464,0.0232731
115379.664,-2.0524845,2.7744641,-0.06751592
127497.87,-3.3986719,2.470752,0.0064296857
115527.42,-2.5726738,2.7853708,0.07355909
131437.03,-3.6142771,3.0469341,0.027644472
116954.6,-2.2856631,2.321503,0.1074242
119076.3,-2.5754347,2.077973,-0.013743256
118518.2,-2.9256773,2.005818,-0.15356882
127542.74,-2.9403868,3.006291,-0.011570564
116947.61,-2.4116724,1.9547884,0.06305249
129943.055,-2.716112,2.3187041,-0.05755569
117365.98,-3.0551226,3.0486908,-0.39355153
120344.96,-2.5942962,3.008871,-0.036804184
127107.234,-0.73160696,3.1414115,-0.0644502
121451.734,-3.0637143,1.5184652,-0.087057225
119097.695,-0.9488871,2.066893,-0.108925276
120246.86,-2.2300687,0.76563466,-0.0643535
122938.45,-2.0573456,2.7924643,-0.08559831
123304.9,0.9372199,0.8303755,-0.22923115
119082.914,-2.1916134,2.7582998,-0.33546227
126458.984,-1.2214164,2.2911572,-0.043720018
119279.65,-1.8468326,3.0051184,0.005072903
123475.34,-1.7671019,2.2107942,-0.32028276
132489.36,-2.4216032,2.101153,-0.23729728
121657.16,1.1959693,0.007605791,-0.013920272
123941.62,-1.8755456,2.284056,-0.37596264
133145.64,-0.17875782,2.9488866,-0.0028242755
115866.71,-2.9272578,2.4062922,0.41418794
132116.25,-2.061042,2.4869485,0.346258
127159.21,-1.5577528,2.980951,-0.02068164
131233.52,-2.4781687,2.2779179,0.2437104
121298.836,-1.9764014,2.0547733,0.07488298
119048.734,-2.731266,2.3191135,0.22205101
115151.71,-3.444467,2.5674152,-0.08565283
119195.62,-2.138954,0.77715766,-0.23744535
127166.08,-0.92858696,1.0058899,0.08957687
124081.62,-1.3414947,1.6034688,-0.21221341
126650.016,2.8261552,1.2912699,-0.16085875
134194.47,-1.1919763,2.6988306,0.0047612963
126521.16,-2.6717937,2.788222,0.25199202
131977.38,-2.742791,2.254861,0.123873726
127263.914,-3.4612107,1.84077,0.92271405
132876.45,-1.1732755,2.3532655,-0.10900446
118180.09,-3.4959476,2.0523787,-0.10219508
127340.805,-1.7789234,0.08003342,0.0044648973
123339.875,0.8493492,2.2199798,-0.06650429
130691.91,-0.65904796,0.56039125,0.8042798
124622.984,0.11340223,2.2820857,-0.7818582
121863.23,-1.9965688,2.9334755,-0.9646958
134831.86,-2.8308344,1.3199949,-1.5067052
134392.67,-0.9796055,2.7592096,0.10382947
121906.0,-0.99380493,1.7757049,-0.22590047
124024.31,-0.67644215,2.7982728,0.007853039
117325.86,-2.7380667,2.8552759,-0.05203755
118448.516,-3.4519305,3.1204252,-0.024602473
123735.7,1.1078738,2.6795275,-0.42803845
130613.76,1.5616927,0.58324075,0.35788298
125315.92,-1.1844435,1.9022714,0.19514725
130666.69,-2.0513492,1.4939941,0.24409354
123378.19,-0.22341225,2.1698618,-0.17130055
128515.36,0.6309989,2.4130957,0.20782986
123532.57,-3.163045,2.8996973,-0.17367907
125582.76,-1.9105008,1.115691,-0.2198468
123409.14,-1.2684367,0.8003087,-0.09131341
127595.76,-2.5261385,3.0906513,-0.0498251
134894.64,-3.5478816,2.7245977,-0.14795916
120961.266,-2.7295985,1.703145,0.43079787
134564.48,-1.520995,2.8174052,-0.032716967
117456.28,1.0600338,2.1438358,-0.14179045
118178.43,-1.6128082,1.5437436,-0.118417606
117640.64,-0.09729599,2.9389443,0.045564037
126921.305,-1.8433757,2.0698702,0.021327082
117369.086,1.3704689,2.5189445,0.07974978
124151.99,-2.636626,3.1293128,-0.28039137
129958.32,-2.0277088,1.2783445,1.833472
125523.984,2.0793545,1.3295215,0.6133348
133909.56,-2.1852858,2.9790413,0.38053852
120231.26,-0.55659914,3.0910046,0.08635375
120542.06,-1.4153587,2.9036975,0.10328853
133374.12,-3.107946,2.0123816,-0.5111543
119349.02,-2.7360044,1.6807424,-0.122529276
121433.055,-2.6916213,2.6289234,-0.11686942
121422.92,-1.2470337,3.008424,-0.008576755
132799.08,-2.051902,2.7743657,1.8802816
134415.0,2.7493029,2.319376,-0.36323917
123501.234,-2.1048572,2.8445752,0.02517507
122127.83,-1.2285241,3.036,-0.1512692
115514.71,-2.414198,0.3565746,-0.1238575
134965.17,-2.8255022,0.4018711,0.113846734
126815.42,-1.1102375,0.5038353,0.14923556
118485.8,-1.7735566,3.1228669,0.08878271
118911.23,-2.4319367,1.9774208,0.22165944
122167.67,-0.7175477,2.2100666,0.36244905
122887.84,-1.2362876,2.1513588,0.20031571
118926.2,-3.6535885,0.28533792,-0.074636824
133205.72,-3.6667297,1.4798967,-0.3296241
122506.625,-2.8225472,1.8074857,-0.053918153
118724.516,2.1476204,1.0107224,0.23654729
129224.18,-2.4031792,2.9002733,-0.0153022045
126849.37,-3.6234114,1.1758797,0.06511682
115287.28,-3.2065356,2.3313267,0.16803038
119925.89,-3.217084,1.9653124,0.05060033
125509.516,-3.8819628,1.9939947,1.1111267
126671.01,0.28619945,3.1279876,-0.13771361
118337.49,-0.08133633,1.4451914,0.05981995
121254.65,-2.8088696,2.8731086,0.031165695
130209.96,-2.4781582,2.9545448,-0.07767053
128505.94,-3.510837,1.8181258,-0.23441845
134190.23,-2.2369635,1.4118598,0.41754502
127096.58,-1.2006081,1.8908546,0.09056972
131625.05,-0.91589934,2.7004707,-0.27661785
125980.4,-3.3794472,1.7574139,0.27085575
125436.63,-0.016244754,1.8200107,-0.24051328
126813.88,-2.3718932,2.056379,0.24362823
133834.66,-2.682642,0.7604245,0.076248184
116307.625,-2.4321785,3.043012,-0.030333081
131457.88,-1.4702097,1.37415,-0.057489097
125038.22,-3.1631248,3.0838752,0.09413065
121301.305,-3.3106942,0.07818103,0.06873564
121316.234,-2.3945239,2.6668692,0.057055097
120706.65,-0.86556745,2.1664438,0.19548017
127119.01,-2.1111217,2.6932847,0.022962533
131668.25,-2.2185574,1.9728935,0.28832045
130332.45,-3.5166728,3.0251105,-0.5079901
120064.94,-2.2797523,2.1799936,0.16239002
126154.63,-3.3558428,2.987495,-0.053004984
122954.82,-3.188186,2.551299,0.723619
121134.32,-0.23970821,2.5049229,-0.24093
122636.94,-0.13260955,3.0995665,-0.019546874
119302.46,-2.3126388,1.3693284,-0.042636897
124869.3,-1.8893143,2.099895,1.3211149
131587.14,1.1102902,3.0644045,0.62385935
132731.69,-1.1496291,3.1262038,0.064655535
123893.516,-0.67196786,2.0688708,0.06263232
134846.34,1.7065916,3.1382372,-0.064018965
120630.2,-3.3814783,0.9595261,-0.1811125
120924.69,-2.650723,2.1135454,-0.0066225617
122617.44,-2.6649792,0.95094657,1.2206391
125960.22,-3.7256808,2.595938,-0.051342558
119112.66,-2.4911585,3.0939023,-0.051808257
127925.72,-2.9053454,1.1198337,0.1303744
124743.234,-3.8826878,3.0536785,0.059617743
118482.01,0.28948185,3.065477,-0.019071864
127551.53,-0.45485276,0.8839722,-0.16138455
134638.69,-2.379772,0.43723643,-0.08856322
119265.66,-3.8443558,3.0606797,-0.0124030225
130638.95,-2.8252935,1.268149,-0.29312718
134738.33,-0.09036626,1.5735419,-0.18551089
134691.97,-1.151472,2.518615,1.9881197
116599.96,-2.2157083,2.9244587,-0.088849895
119432.71,-2.71744,3.1140852,0.8880067
119907.63,-2.8005984,1.0029926,-0.10050748
116328.91,-2.9288547,2.7449636,0.06353692
120019.74,-3.0874615,2.304911,-0.65137976
117486.27,1.7498988,0.6890908,-0.03355167
118224.5,-0.15475082,2.3238497,0.046435826
118031.29,-1.9054111,1.7684631,-0.15796022
115598.88,-3.2005534,2.2291398,0.03967778
133725.55,0.12639955,1.7372977,-0.43237615
116866.64,0.056219954,1.7247715,0.22501452
125529.234,-3.5717642,2.609202,-0.10111881
118932.375,-3.3121266,2.236615,0.0910894
117806.555,-3.4984388,2.9103966,0.1752637
133004.48,-3.7058716,0.31507283,0.8078292
125340.914,1.2262588,1.1361419,0.10125446
125508.93,-3.0065887,2.4892845,0.14679545
115875.71,0.99522746,2.1903098,-0.1769044
122777.25,-3.9490063,1.2036006,0.057124987
134225.66,-0.47113064,2.132219,-0.116646424
130302.78,-0.47200596,2.1215446,0.12687124
116207.52,-3.4187758,2.8440223,0.26985076
125781.59,-1.4601872,2.6887176,0.0058688433
119776.586,0.5877197,0.30481386,0.061343826
124959.79,-2.0376635,1.2215301,-1.6094288
115094.086,-0.32187277,2.800906,0.10816159
119195.4,-2.5905292,1.2113978,0.70531833
134192.45,0.45821896,2.0912225,-0.3748938
125573.875,-0.9914058,2.0736365,-1.0364115
125788.336,1.746641,2.7863305,-0.066730276
116965.47,-3.6986873,2.8419087,-0.0559558
134508.66,1.1231339,2.090051,-0.10768436
122559.86,-3.095376,2.3829176,0.27243578
134978.0,-2.5367754,2.3136876,-1.3831124
131708.66,0.67586625,0.6326613,-0.14810698
117580.586,-2.9143572,2.1730812,0.037936237
133592.67,-1.4393932,2.3933794,-0.21486361
129522.6,-0.28428584,1.4737594,-0.08744353
115312.18,-3.287769,2.3385935,0.56798315
132481.6,-2.4100096,1.1244316,0.089175396
122489.1,-3.805154,2.9087152,-0.162985
118473.31,-2.1341705,2.8079054,0.15132034
115025.37,-0.93186176,0.12025237,-0.119228445
118719.43,-1.8310764,2.9870996,-0.03796598
124871.375,-3.2084491,2.9142723,0.1355365
121827.67,-0.78546315,1.1484698,1.2652644
126194.35,-2.081719,2.9800684,-0.21570824
118813.125,-3.2526324,2.8453379,0.0069395723
131861.33,-2.1745536,0.25511342,0.088685505
118959.33,-1.6802076,2.3193898,-0.3516785
117813.69,-1.6614501,2.2242928,0.41436812
128102.125,-3.6652694,2.621141,0.020190727
133601.22,1.4376857,2.6767108,0.23667054
116819.0,-1.1987134,0.12795976,-0.02178514
131062.69,-3.7819037,0.46878415,0.08704679
120779.03,0.07651372,1.5933617,0.26189283
127955.83,-0.88918537,1.6169637,-0.085671104
118184.66,-0.76405853,2.5081532,0.4877864
123582.32,-2.5929377,2.0630112,-0.3918779
119340.6,-1.7217033,2.395806,-0.117752954
132844.39,-0.21404217,2.478157,0.038153097
117523.97,-3.6280162,2.0021634,-0.306727
124361.125,-1.453888,1.1629071,0.17806962
116587.625,-0.29705077,2.6040318,-0.1506817
121235.86,-2.1252844,2.2426496,-1.340488
130670.29,-0.25189203,1.4066796,0.55933887
120420.68,-1.7912303,0.6173904,-0.26370043
127131.5,-1.7789866,2.6191256,0.53552836
115598.234,0.8589033,2.7211285,-0.18060221
122426.86,-1.0785148,2.6380363,0.007920463
118758.4,-3.7648602,1.6245904,-0.027404647
129489.55,-0.9269562,2.9099665,0.35527343
118714.84,0.033598743,2.8585458,-0.031243017
119051.94,-1.5027518,3.0554545,0.038226806
126878.35,-3.4176238,1.5824788,0.12142498
132920.23,-0.6635781,1.9635115,0.46784523
119936.086,-2.6281512,2.4757867,-0.1560859
116152.836,-1.3141142,0.8779197,-0.06722443
126209.16,-0.91009396,2.9958389,0.022801092
133363.17,-1.8077946,2.7766707,0.035782125
119868.46,-1.7593412,2.1190856,0.222703
122699.02,-0.827308,1.4952003,-0.40566048
116971.81,-0.30070984,2.0827322,0.4258206
120754.55,-3.7391582,0.25628662,-0.13927072
130121.12,-1.8534071,0.56481194,0.5556585
116629.53,-1.4962379,2.3266125,-0.019148177
124326.55,0.37697908,2.7503011,-0.07386675
120779.016,-0.3388608,0.39144325,0.12376745
122373.19,-0.9379834,3.1036215,-0.0060844864
121612.72,-2.7951128,1.5575138,0.19306572
120204.836,0.3006693,2.4687061,-0.008601778
129769.72,-0.6192135,0.9195039,0.07307562
116517.695,2.0646524,2.8412323,-0.07225527
117265.8,-1.4082686,0.13357747,0.05152933
125632.72,-1.1096389,2.3975508,0.05866111
128429.86,-3.0305588,1.4421257,0.04328503
134052.73,-2.6872559,2.9230654,-0.1458409
118060.66,1.0943363,3.0696385,0.04489435
126983.586,-2.0822566,1.763752,-0.73030293
121103.32,-2.3139274,1.1311394,-0.8477766
133375.98,-1.7165462,3.1260986,0.05903527
127954.414,-1.705919,0.9786314,0.07575638
128855.766,-0.869505,2.628211,0.121894054
125555.63,-2.6822698,2.4531834,0.14074048
118126.09,-0.028526844,2.0813007,-0.12721768
122932.734,-3.5500033,1.4311581,0.26172236
123687.96,-1.1014963,2.9157577,0.105559126
127033.89,-0.98627245,2.5874856,0.593635
115936.05,-3.5464468,1.779912,0.2438222
123022.125,-4.409862,0.79910624,0.086114354
121637.9,-0.98236233,0.1704526,0.33176687
128520.72,-2.1725633,3.045593,0.07773728
129295.234,-2.0820978,0.31793857,0.032497983
127597.02,-3.2635317,2.9854646,-0.30921045
120471.58,-2.3883774,2.7864015,-0.15812261
119696.32,-0.9052409,3.0664253,-0.015426086
122097.23,-2.822034,2.6661525,0.24041356
134745.03,-0.7710685,1.128342,0.89892393
117425.96,0.11733821,0.7880343,0.2548478
117162.984,-0.50864387,1.0039542,0.24936162
116658.445,-3.5877197,0.30949122,0.07332339
121102.67,0.3501032,2.3741982,-0.022595596
119519.98,2.556977,2.8140993,-0.21157871
122429.4,-0.58434194,2.662344,0.033549465
131609.9,-1.5305601,2.626804,-0.5821258
120080.94,-1.5358874,2.8168888,-0.02024104
117520.73,-1.717584,3.1049848,-0.017518025
115228.25,-1.4372193,2.6669154,-0.18530849
120959.086,-2.5213661,1.0041509,-0.32742673
130493.77,-1.2438451,3.0151072,-0.07413854
120576.73,-0.40981668,3.0473115,0.016568972
117582.26,-2.0339825,0.64096934,-0.0020811278
129816.77,-1.497084,1.4775716,-0.1047089
131674.98,-1.5880374,1.1264895,0.093454026
125858.68,3.1790497,2.8161182,0.06093919
129716.82,-2.3683555,2.9759464,-0.10609043
119393.11,-1.7221009,0.4234548,0.645062
134943.25,0.6740526,1.428659,0.14266479
126069.61,-1.6489948,3.1097617,0.04307817
124852.84,-1.8203087,0.8928548,1.3626418
117973.06,1.6263814,1.0705078,0.16813608
133069.97,-0.71399987,2.180112,0.08419803
125994.59,-0.38499424,2.3557305,0.289215
128701.81,-0.026277114,2.5064278,0.12846087
134476.33,-0.45666233,2.838446,-0.05944572
115647.85,-0.29342616,3.0869317,0.060110927
118023.92,-3.0942383,0.4298681,0.048755497
117131.19,-1.7631348,0.47467852,0.038383637
123504.24,-3.5831199,0.5950563,0.08179971
120384.18,-2.9417644,3.0849524,0.8549427
120364.31,-1.7714419,0.41278267,-0.070529535
115441.69,-2.8229005,2.8047376,0.020607179
118647.93,-2.3673959,1.6158315,0.099342905
132640.48,-4.4755554,1.2018695,0.19834884
126695.03,-1.2672822,2.7962766,0.12219379
128329.09,-2.2972512,2.1591673,-0.42432868
123510.336,-2.3162262,0.5677083,-0.22088888
133099.83,-1.0840212,2.6139069,-0.006932418
125616.59,-0.99099326,1.8882544,-0.5802484
122850.31,0.30094093,1.6176524,-0.22253667
116320.96,-1.5578973,3.0107417,-0.15330485
116095.67,-2.5936472,2.9371371,-0.6781001
115208.93,-0.047633074,1.5595042,-0.09075754
124585.19,-3.1169112,1.1044048,0.3276663
119991.5,-2.3247738,2.9902964,-0.06278462
118256.336,2.3840551,0.50371766,0.1118479
131838.75,-2.2305932,1.2613641,-0.06726855
127522.96,-3.0126493,2.3824096,0.4340222
134645.3,-1.7996801,1.9700372,-0.058191538
131040.74,-1.7389308,1.8139132,0.390598
123077.25,-3.846152,2.5894089,0.37402594
118492.69,-1.4192716,2.8302827,-0.07345205
131862.33,-3.9152603,3.1077666,0.0952786
131078.97,-3.3428438,2.015216,-0.19290407
130826.984,2.3449566,1.4984107,-0.2722434
118291.914,-2.587287,2.8446271,-0.3057273
120659.695,-2.0342777,1.9502921,-0.24707559
125731.25,-0.7429152,2.8882346,-0.04237869
116239.26,0.315034,1.3195369,-0.36875826
120172.33,-2.6310618,0.31823373,0.0058423034
122660.38,1.985654,2.5184221,0.18161231
116667.99,-1.3723977,2.214447,0.33669323
131206.02,-4.2539372,0.73552275,-0.07722073
116381.56,-2.3942392,2.4545813,-0.15484515
122452.54,-1.9015012,2.6123931,-0.16291472
133517.03,-3.9479733,1.1488856,-0.5912403
122175.555,-0.73453003,2.8795516,0.041539837
117295.32,-1.1652246,2.9939249,-0.06590189
118411.305,-3.4859207,2.2028036,0.20314719
119254.836,-3.3158345,2.3852777,-0.3799203
129339.46,-1.7220153,2.9661994,0.18550168
116250.234,-1.6733878,0.48718047,0.19992459
116216.11,-4.4252777,1.7041954,0.066698454
134944.39,-1.7503263,2.5983012,0.032098982
126073.85,-1.3225924,2.7719216,-0.13589734
115737.23,0.34685087,2.8666472,0.18244703
124165.27,-0.25806063,2.7024224,-0.13812941
131011.766,-1.6726317,2.8945332,0.025109412
129209.79,-2.3051665,2.545772,0.25417474
115690.26,-2.5390723,2.0755105,0.060365267
119202.89,-2.0748143,2.7777624,0.06358424
123429.055,-2.6017678,2.623857,0.10529196
126798.47,0.5569425,3.0245073,-0.13548392
117509.94,-3.3765936,3.037029,0.03391667
126215.164,-0.22224838,3.0670424,0.096155226
123152.09,-0.09988623,2.8591187,-0.11497026
130733.01,-2.8103104,2.9813218,-0.00456113
125337.34,0.022444744,2.9359503,-0.067497246
117095.26,-4.2696333,1.7487768,0.110227466
119674.6,-2.659077,1.3739645,0.42088473
134226.22,1.3731747,0.34353244,-0.062045854
132273.84,-0.76027054,2.6182458,-0.10882256
120698.46,-2.7129586,2.943283,0.006308984
126473.24,-2.2603407,1.6840714,0.1350267
121630.7,-2.5774662,1.9066043,-1.2418163
122987.2,-3.9247503,2.7411718,0.038792484
126521.32,-1.2439579,1.9112484,0.2074318
131901.81,-3.230631,2.199109,0.15875305
125810.64,-1.9646075,2.996093,-0.10480018
124957.88,-2.1788218,2.4833145,0.23978335
117602.86,3.5400884,2.679799,0.47026238
123790.53,0.93494433,2.6178586,0.060950696
121670.65,-2.0607624,2.745981,0.2342674
115336.914,-0.9303445,2.31399,0.21571225
134637.42,-1.2132767,1.2711594,0.19995897
119878.55,-3.351427,2.1072104,0.15926
121925.33,-1.3445811,2.1176,-0.20941252
120019.39,-1.7265571,2.4364328,0.012889822
123913.93,0.025913244,2.7507467,-0.041128423
130523.28,-0.048856065,1.5386769,-0.24619585
133141.86,-0.8283754,2.8257535,0.32163104
124835.19,-2.7403471,1.3426147,0.7904263
133561.98,-0.31092525,0.8541282,0.09197755
129801.055,0.7618297,2.6125581,0.307925
127701.6,0.4035494,2.9466252,0.064282894
131741.16,-4.023414,1.2456613,-0.07954113
127199.125,-0.25748965,2.9552643,-1.187495
119426.016,-3.3525553,1.9974191,0.3403866
134428.42,1.2183914,1.830983,0.2473141
134096.17,-2.038666,1.6833453,-0.30055955
115253.27,-2.1868165,2.160345,-0.13606592
116038.31,0.47489288,2.8331509,-0.014997454
133299.67,-3.1882193,1.7719322,0.29338565
120482.87,-3.4833276,0.6114063,0.19898206
126527.54,0.7039157,1.5430057,-0.23085849
120083.875,-0.57742864,2.9773731,0.030171579
122689.79,-2.959202,1.2419384,-0.063185304
129234.45,-3.0232244,0.31964284,-0.033055574
134319.45,-1.1369618,2.5842705,-0.08229736
116250.016,-2.843385,2.5483904,-0.30308074
122219.58,-0.8241227,1.9351242,-0.11242101
125953.37,2.3148715,2.160798,-0.5796549
118744.28,-2.0904844,0.04783058,-0.0099679185
133793.38,-2.273752,0.4891291,-0.10467202
125005.97,-1.8200539,1.1676277,0.1067987
115720.164,-3.039299,1.2204956,-0.07621645
131845.02,1.0877094,2.8564963,0.07757491
132743.6,0.2854749,2.4026365,0.11756466
134392.61,-3.659942,2.9791224,-0.67475444
131775.98,-1.7417154,3.0309129,0.22800377
122250.66,-3.0844793,2.3208022,-0.011792463
132016.86,-0.73869497,2.1090455,0.090436615
128624.195,1.9467127,0.86252266,-0.13992548
130502.96,-0.72360146,3.006922,-0.003074226
118485.53,-1.081628,1.4934692,-0.15161768
122115.766,-0.51248777,2.478774,0.14133136
133382.72,0.06661245,0.39345205,0.15325066
116340.836,-2.3736076,0.07314825,0.18235104
118816.24,0.38828576,2.6309278,-0.10237321
115800.27,3.0693326,0.794461,-0.21611927
131622.86,-3.2869704,0.2709298,0.19653095
121796.92,-3.115527,2.4259727,0.29659456
134340.52,0.4597798,1.6498154,-0.30491737
118101.4,-2.7497323,3.0884573,-0.0075237695
133708.52,-2.81004,2.2712245,-0.08601925
123756.09,-1.1371313,2.4343832,0.1565157
129350.375,-2.735007,0.26082027,-0.031851336
132417.75,-3.244072,2.7837472,0.12080188
116847.12,-1.700974,2.6220431,-0.03686019
118606.68,-1.2120895,3.0371778,0.07904898
124724.86,-3.4669952,2.9826927,-0.20933093
125117.3,-1.4392523,0.04857254,0.069522955
122916.28,0.5972471,2.201806,-0.09339835
130267.805,-2.644566,2.8581362,-1.8251908
119547.72,-1.7463758,2.4976237,0.17276123
128740.84,0.18533137,2.6744788,-0.103050336
115684.05,-3.0619714,2.8451638,0.095087156
130840.625,-0.20031,1.7032033,-0.50172585
126319.89,-1.7211037,1.17913,-0.16508685
117584.66,-2.9187593,0.81184894,0.33712196
120272.625,-2.3050094,2.7572632,-0.10072555
132866.42,-0.30888256,2.5521455,-0.12393978
132158.12,-2.5704956,2.6162462,0.13753197
128220.98,-2.9488554,1.5897496,0.32104605
115344.8,-3.9948368,0.17242396,-0.08010912
125076.1,-2.7175398,1.5931696,0.15661691
127236.945,-3.694562,2.4414275,0.73992014
115742.52,0.097339146,0.35548735,0.23576139
118606.805,-1.7480298,1.8635644,-0.080594845
133118.83,-1.9186077,0.8498455,-0.9823721
124204.18,-1.9475623,2.5681655,-0.34834358
125338.734,-2.3904638,0.52756846,-0.1613152
119594.766,0.13806501,2.918035,0.22903928
132398.78,-1.7462164,0.74872166,-0.20763092
119392.13,-0.51004535,2.2176259,-0.20187727
123791.195,-2.9760673,2.6885598,-0.35673332
133242.12,-0.70755744,1.4225857,-0.12643883
118704.22,-0.682543,2.6766014,0.11361477
123247.45,-0.56437004,1.5816619,0.31874827
122280.54,0.3318785,0.20458865,0.19771422
122445.59,-2.653995,2.7550032,0.10400467
115436.07,1.7836157,1.1537825,-0.15405053
115929.15,-2.5013247,3.0431108,0.011654949
116095.28,-3.1322024,2.9632623,0.052402485
117391.15,-0.6617614,1.8357282,0.06624492
128305.97,-2.1593251,1.2259016,0.1913647
121219.63,-0.17373982,1.9377255,1.1273367
132849.02,-2.5646048,2.4581766,0.092872284
126857.18,-0.23448752,1.3497368,-0.14648373
119465.92,0.62615407,1.322437,0.12925342
132064.83,-1.9781396,2.7980514,0.28843576
116039.47,-2.5819705,2.2621288,0.013638653
128092.516,-3.1989598,0.81761235,-0.12344358
118822.625,-3.5494106,2.2079716,0.50004214
119696.164,-1.1354492,1.4286917,0.5608875
121787.69,-2.572103,2.2567637,-0.47960287
128047.65,0.6879045,1.7327107,0.24518582
123957.69,-2.305634,0.9831734,0.4312378
120184.375,-1.4841532,2.434344,0.118460916
130069.484,0.78228325,0.19830072,0.053195346
128979.63,-0.7429356,0.8927125,0.084621586
130522.49,-3.0948453,2.4727,-0.008821097
124207.1,0.02912536,0.06853253,0.10287247
126165.836,-1.1346083,1.3989849,0.21246585
120285.25,-3.0673866,1.4432267,-0.12742889
120541.55,-1.9742298,3.0246406,-0.046840597
118085.266,-2.8921053,3.0504646,0.054504875
117613.98,-0.6718892,0.46451417,0.07858434
125526.93,-2.631697,2.3544512,0.308444
134938.97,-2.12601,2.9298978,0.12887296
119390.21,-2.892822,0.39124298,0.085986786
129525.61,3.1362221,1.792419,-0.26093516
116575.0,-0.89693326,3.1297197,0.117059
131001.2,-1.9601432,2.782587,-0.02314668
126559.664,-3.065597,2.7867644,-0.16671908
121435.99,-2.405558,3.1213512,-0.07650816
115360.94,0.75368774,2.0994773,0.21628809
126522.17,-1.2663912,1.6177051,-0.4297008
132597.77,-0.78434366,2.9172378,-0.24004006
117253.73,-2.8172438,0.09414244,0.1460087
120680.06,-0.6067021,3.0566163,-0.034544878
120400.945,0.14119586,2.5819428,-0.11425153
122772.055,-2.6760988,2.8661401,0.025548182
123591.53,-2.8697493,2.7263927,0.11262388
116396.31,-2.330686,2.8699045,0.061082076
115778.97,-3.5029812,2.6613426,-0.4907677
123121.27,1.6024883,1.3597707,-1.5379975
132383.9,-3.0153348,2.1991131,0.12585108
116091.74,-2.962174,2.552631,-0.28783408
130718.54,-2.2652526,0.9005821,0.25848284
128715.664,2.5214145,1.647235,0.63419294
115116.07,-2.3439982,3.0255527,0.5838405
129880.445,-1.9868138,2.9939933,-0.025242573
115372.2,-3.2507248,0.17776394,-0.012251846
118881.3,-2.7891586,1.1268777,-0.037069127
129355.664,-0.72575164,3.0887654,-0.056604665
116085.734,-2.2158916,1.7345905,0.34058163
119474.0,0.76019514,2.6902971,0.22900301
133078.22,-0.04682805,1.1170465,-0.17364173
116788.195,-2.4835572,1.7115529,0.011998117
129587.586,-2.1240993,2.165011,0.5478026
133076.34,-1.7903156,1.3986233,0.5919981
124689.04,-2.7627268,2.9813628,-0.023818513
118599.92,0.43112,2.8247995,-0.056615576
122458.71,-2.2252727,0.8737696,-0.064930394
122314.33,-1.4796666,2.8163724,-0.62519425
125972.3,-2.4759977,2.5848634,-0.51505697
130052.445,-1.6611334,1.4188267,0.12855342
115903.16,-3.5288105,2.8898814,0.10005638
117674.445,-0.7835638,2.850815,0.2121705
118534.875,-2.2407246,2.6011515,0.11248749
127040.0,-3.159166,2.9893484,0.040972125
134324.17,-0.075389914,2.9774098,0.03707131
129411.22,-2.7159946,0.4631481,-0.06099627
115114.02,-2.3837328,2.9423008,0.13504647
119439.89,-2.3850267,1.5943062,-0.083910756
123269.73,-3.781294,0.9329226,0.3953786
121495.42,-3.9304636,2.5802898,-0.014917621
129146.37,0.8444222,1.7903385,0.68898714
115066.78,-2.3364935,1.5788491,0.0881553
117571.15,0.63056445,2.4441495,-0.15290698
127923.83,-2.2243943,2.937732,0.01806748
125032.586,-1.993696,1.0489843,0.47067595
123734.05,-2.761596,2.0982094,-0.19125493
119169.58,0.9070006,2.8737981,0.26354414
118713.99,-3.1349387,1.3305758,-0.095558286
116530.75,-3.2567866,3.0624876,-0.10630343
129981.76,-0.26556325,2.9655077,-0.030137328
118272.17,-1.7096652,2.1447105,-1.2803558
122279.734,-1.4171739,2.8061118,-0.09259997
115617.0,0.54940677,2.0189466,-0.19322497
118486.12,-0.7476801,0.043025017,0.08347925
122857.18,-2.1651216,0.6767448,0.11785313
118964.42,2.043764,2.8392856,-0.52628016
127040.99,-3.3423004,2.6008809,-0.33419284
118997.02,0.02156932,2.9619544,0.012761094
130722.83,-3.1589744,3.0172126,0.11749963
117565.3,-3.748861,2.9937043,0.017958695
119681.95,-1.1975963,1.0812356,-0.21881965
122197.5,-2.392451,0.705313,1.1756241
126355.24,-0.5748589,0.80144316,0.060171112
123765.336,0.83422554,1.6834002,0.1990721
115526.09,-0.45398322,1.9270849,-0.25825542
116407.93,-2.514388,3.1054564,-0.05475538
130541.03,2.5487292,3.0413775,0.03524195
119896.695,-2.491367,1.8725811,0.005394228
131346.92,-1.6946609,2.6325972,-0.16751708
121207.234,0.67315346,2.706542,0.16658504
115213.91,-1.5498015,3.1105542,0.10717969
131251.88,-0.27406597,2.4897866,0.20030405
126268.04,-3.119819,1.0426517,0.1233041
121926.25,0.44627887,0.4157672,-0.14680417
127077.35,2.2144153,2.8748055,0.06676679
117700.25,-1.0265149,2.4734683,-0.20402712
115030.266,-2.299788,2.4328394,-2.9968333
118900.555,-2.1356485,2.4874628,-0.65148455
123145.36,-1.2365284,0.82249403,-0.38259596
115917.195,-3.1486278,1.3073962,-0.16807209
116045.55,-2.2268505,3.129107,-0.09510399
124953.08,-0.7851026,1.0996665,1.1314565
122315.56,-3.6005394,3.047174,-0.028357238
123692.1,-1.0206745,2.160158,0.14717652
126760.79,-1.9810858,0.21828306,-0.16605417
131900.62,-2.3930402,2.9667337,0.033496525
122540.89,-1.5832922,2.163473,-0.25409707
120946.95,-1.4315759,0.81322366,0.08852284
123447.65,-2.8979893,2.7115898,0.0026343868
133085.03,0.5592827,2.321224,-0.14273196
117197.53,0.7328159,2.6124377,0.06887884
126574.24,-3.935812,2.173838,0.08292226
120095.17,1.5196711,2.335218,0.1058841
124815.36,-1.9832675,2.7996538,-0.54884523
119835.016,-3.0514295,2.1063097,-1.0424517
127612.56,-1.9431895,1.9674348,0.06300994
122941.375,-2.1179614,2.2798007,0.047265552
124614.6,-0.12211148,0.17278147,0.12769613
117759.695,-0.042804282,0.80254114,-1.7770249
130098.555,-2.1008825,2.910715,-1.3595531
124485.445,-3.7060883,0.039821744,0.054917287
124830.164,0.18162596,2.2038898,0.12879217
128507.695,-0.5223872,1.8667201,-1.6511039
130084.45,-3.1966105,0.5176234,-0.07367777
120722.75,-3.2890902,2.7036312,-0.6166362
127074.29,-0.2835994,2.662374,-0.04564714
121044.92,-2.1047506,0.026733577,-0.03984442
127708.36,-3.2809494,1.7628167,-0.25368947
124844.01,5.0015078,0.66965485,2.2495544
126902.95,-2.846219,2.7124524,0.7523326
116289.09,-1.0895137,3.0681179,0.039351333
129869.71,-3.5804505,1.684185,0.28610033
119770.11,0.7599738,2.4414773,0.16518487
118502.93,0.12405798,0.867585,0.12432205
116806.63,-2.4011686,2.411011,-0.09901462
128573.37,-0.3766443,1.5549451,0.104024544
122764.51,-0.73877424,2.4901192,-0.2224142
122484.45,-0.7493257,2.6607957,0.19135696
130243.695,-2.0994327,2.85607,-0.003235295
134429.97,-2.0954645,2.969386,-0.0990838
131783.73,1.8921162,2.0593057,-0.1397486
116814.414,-2.718306,2.8878174,-0.07119726
116338.695,-2.141595,2.6072755,0.10893396
119400.24,-3.122898,2.4464054,0.20750841
133505.7,-2.286959,2.713157,-0.5668829
130882.6,-2.1705596,1.3386663,0.22943239
132574.2,-1.6265188,0.7652966,0.05802593
133332.0,-2.137867,2.8614953,-0.075344816
126302.02,-2.9809015,2.8451533,0.43766153
117630.74,-2.2751136,2.6755586,-0.7310548
123183.02,-1.5436391,1.9248495,-0.16963127
120538.016,-1.027369,2.2388606,0.027144978
131831.73,-2.8786616,2.1755989,-0.3249467
123374.4,1.1790452,1.6061677,-0.4794152
119133.81,-1.002883,2.4305134,0.20329489
121959.164,0.2272219,2.0266604,-0.2865728
126652.88,-0.04336565,2.9673395,-0.0074915793
119062.06,-0.6629568,3.0745707,0.0050330297
115247.805,-1.7070665,1.9330894,-0.28757828
127502.92,-0.9508773,1.095585,0.063500375
117012.805,-3.4523723,2.729907,0.26098084
125447.98,-3.5646987,3.103023,-0.14486328
117655.695,-2.8521135,2.3203259,-0.76823026
131091.83,-1.8409647,2.933576,0.053610634
115746.59,-2.1266918,0.4058057,-0.040711425
122783.6,-2.766238,2.490719,0.3335741
116278.78,0.23814891,2.4127595,-0.16851625
115673.28,-3.3423424,2.4479446,-0.7657074
115295.16,-2.9039137,2.1637805,0.48358983
116410.336,-1.1396216,1.1580031,-0.2604608
131476.44,3.6649928,2.5738294,0.104365915
122920.59,-3.422472,2.578985,-0.0648354
118435.805,-0.011406921,0.7601469,-0.07030114
133826.3,-3.330381,2.0167882,0.09479655
120133.12,0.52811736,2.2028325,-0.18108499
117237.305,-2.2876153,1.5323671,-0.0694717
124566.27,1.4790325,0.512645,-0.07488414
128390.29,0.2452361,2.1150343,0.3138724
129366.83,-2.1486979,1.0799903,0.03574841
117995.375,-2.4368963,2.7831852,-0.11550094
124530.61,-1.2932663,2.5477614,-0.13200784
119833.27,-1.5620737,1.668539,0.61468875
131045.88,-0.9502669,1.8912728,0.3653437
121508.43,-3.1409543,2.3407464,-0.122996256
127531.24,-0.64706016,1.6576957,-0.036523055
116018.25,-2.4050546,2.7510903,-0.090011686
128830.164,-0.7211028,2.0053792,0.43366343
123963.945,-1.455564,2.8514636,0.24458495
120642.51,-1.3777841,1.5382309,-0.21522312
133341.94,-3.947857,2.0318327,-0.21710935
123532.7,0.09755964,2.0314257,0.18932673
121016.61,2.7244864,1.144355,0.1467968
117330.336,-2.2673395,0.83084595,-0.1516735
133568.34,-2.6823192,0.9423299,0.82834077
127675.14,-2.1479964,2.6388483,0.4920535
129737.68,-2.5940993,2.6229625,0.15724576
123136.9,-2.3255749,2.6725626,0.29063964
119283.8,-2.9342234,2.8676505,0.07231419
131804.66,-2.2666662,2.1861281,-0.15285532
122215.875,-0.61343825,2.909679,0.06656235
133698.19,-3.410795,2.9778688,0.02886899
121464.13,-1.3041152,2.1617935,-0.038699925
125192.27,-2.1884844,1.7812886,0.5591677
121354.54,-1.8943337,1.3307221,-0.41044247
126579.516,0.72462595,1.3786097,-0.55763084
122015.625,-2.7698357,1.3281112,-0.096386075
133775.89,3.1239862,0.67090064,-0.22794044
134113.92,-3.203283,2.929954,0.13525398
134085.89,-2.6048589,3.1141484,-0.72181326
115652.195,-1.9222617,2.237887,1.5699304
121504.05,-0.7174728,1.3444732,-0.19772506
119028.68,-2.5374744,3.0535784,0.19886541
123579.12,-0.648801,0.92303544,-0.08237859
134033.7,-0.28563878,2.0183237,0.26143125
127979.16,-3.5207582,0.72899354,-0.29565212
125996.05,-2.134608,3.0064564,-0.6503324
131594.6,-0.67619693,2.7303352,-0.08220228
125261.52,-1.2541951,2.7988243,0.51687044
119252.68,-2.198115,2.8761044,-0.005320026
117431.81,-2.181091,1.1436312,0.055793468
124686.44,-3.1061492,1.5217423,0.083029866
117459.625,1.2646536,1.8142214,-0.29195318
115356.53,-1.7131789,2.1381397,0.25047654
121998.086,-2.0619445,2.8242636,-0.15561004
120058.58,-2.6372128,0.67915654,0.056464884
130647.97,-1.8667537,0.3721676,0.19963418
123274.83,-1.6322168,2.7302027,-0.1302177
122434.5,-2.1669507,2.317065,0.068512425
131152.81,-3.0645382,0.6580179,-0.11349866
125032.91,-3.2964065,1.2377348,0.07986408
130802.21,-2.5737665,1.6352903,0.8990943
117299.03,-0.08078646,2.5024838,0.14170729
118129.336,-1.6012731,1.2469324,0.58577853
131912.22,-0.3386578,1.7614185,-0.43908972
121200.85,0.30538845,0.1715995,-0.001909314
129579.14,-2.2960944,2.517714,0.22934316
125456.09,-1.4463228,2.2633371,-0.23808311
124354.24,0.9517067,3.0009308,0.09539123
130760.51,0.58625317,3.0190449,-0.013507891
117867.14,-1.8538245,2.6180427,0.24001768
123235.32,-2.3996327,2.4995868,0.43496343
116927.54,-1.7028633,2.7649505,0.044757195
130486.06,-1.0556482,0.0609622,-0.03402447
131273.31,-1.2640085,0.9538243,-0.045755323
131270.34,-0.14910358,2.2828305,-0.32687113
121171.13,-2.342479,2.0515575,0.25981307
122195.164,-2.8138533,2.7551055,0.119741574
115350.2,-2.6218047,3.0008686,-0.02504449
128102.46,-2.2133749,2.9618237,-0.109294474
120811.33,-0.9109033,1.5032587,-0.11585002
121268.76,-0.022943145,1.8678007,0.17918415
118507.36,-2.54916,2.9182854,-0.016134636
128464.45,-1.4141668,0.08953333,0.31200874
127034.45,-0.8823139,2.872908,-0.0879784
124643.51,-2.791093,2.5194738,-0.27774933
124026.48,0.26738098,2.6822991,0.035253868
119660.1,-3.0748372,3.126823,0.07174927
125918.55,-3.3363802,2.801775,0.11046366
119168.55,-1.6512426,1.8425063,0.18849932
124060.984,1.8139063,1.69233,-0.31086576
116195.03,-3.659919,0.85437447,-0.10723754
121019.26,-2.4249923,0.61897635,-0.077575766
130964.86,-2.8160644,2.3157191,-1.6661069
118290.75,-2.464193,2.6386719,-0.8187227
120887.54,-1.5958446,2.6284468,-1.1208904
130521.54,-2.3914664,1.9949707,-1.31536
117047.35,-2.2565517,1.830115,0.12597238
115160.83,-0.107009836,2.387414,-0.09014277
129272.945,1.4890193,2.4232333,-0.23956282
122710.836,-4.0537825,2.8017263,-0.06313812
115348.586,-0.22536732,2.4338005,-0.76595396
124250.85,-3.2669103,1.8546567,-0.12818731
117136.52,-2.841409,2.488622,-0.036268428
122720.73,1.8604243,1.2941403,-0.18263416
116400.51,0.48949793,2.079204,-0.116961665
125788.336,-2.6842961,2.7442,-0.58437735
117130.06,-1.5482905,3.1216698,0.00393458
131709.11,-2.216415,2.595572,0.74529964
120920.914,0.848466,2.9554644,-0.010786649
131387.36,-1.6929173,1.9655343,-0.13804314
125540.16,-3.1223383,1.4432962,0.33823752
124903.664,-1.2359567,3.139255,-0.06896306
133463.66,-3.1404753,3.050014,-0.1029399
129884.55,-1.2673718,1.4751112,-0.1462491
127297.21,-2.5094507,3.0301456,-0.08705353
115169.05,-1.4013436,1.5720164,-0.39481264
120586.22,-1.471108,2.9959784,0.42597872
126203.04,-2.1449566,1.3032124,-0.068636805
125827.67,-2.79738,2.0312936,-0.24880773
134590.73,-1.8328673,1.7715569,-0.22285508
126994.45,-3.1369467,2.7419546,-0.12544183
129490.34,-2.4435554,2.7131932,-0.07360978
125372.19,1.5559946,2.876699,0.11436993
120612.664,0.022258341,3.0520818,0.092442825
134412.67,-0.8269466,3.0373209,-0.043736253
119484.734,-3.7796128,2.411579,-0.50656056
127076.87,-1.8905265,0.7498579,0.13680692
125449.945,-2.0760908,0.982407,-0.28434643
115378.195,-1.9505173,1.6569487,-0.7682127
118602.85,0.06677716,2.8054564,0.08961493
119367.14,-2.8011584,2.3681202,0.13162275
116962.44,-2.7024221,1.7819645,0.14800249
132766.1,-2.9606044,2.4476585,0.017175721
119471.586,-3.1185017,2.8274648,-0.048525594
130663.19,0.103519194,2.7640252,0.25315338
132094.48,-2.7554286,2.4606159,-0.4085652
134897.16,2.393929,0.6156503,-0.06448742
124818.36,-2.9718015,1.9080533,-0.18301484
123484.305,-1.1449535,3.0775793,-0.05136663
116645.664,-2.0483885,2.712198,0.003971762
124758.1,3.853413,2.8723886,-0.046166737
130501.02,-0.50892144,2.770969,0.022665467
128811.445,-0.8658592,2.666341,0.017262392
123973.0,-1.3555436,2.6882138,0.24879546
128100.836,-2.4056153,3.0259218,0.0068778214
132451.77,0.17853302,3.0846198,0.25089452
127786.37,-2.6248863,2.6840203,0.04869047
120399.97,-1.1390865,1.1684659,0.15385985
119748.266,-2.1772723,2.9657404,0.082823075
117199.24,-2.922048,3.1206717,0.07497275
119573.76,1.4287972,1.4001911,0.36322376
129333.29,-1.8567574,1.489276,-0.21919732
122574.38,-1.5064173,2.7812479,-0.14448139
128471.82,-3.6084733,0.53869873,-0.1746801
116222.664,2.3625796,1.9389118,-0.12732711
121690.484,1.7147757,0.7274717,-0.11243401
120019.57,-0.019814845,2.804586,0.96218085
131603.55,-4.0546217,1.9866915,0.054850664
121020.71,-1.5615252,2.637026,0.041312113
128562.85,-3.3668485,2.2374501,-0.72796714
123721.51,1.254852,2.7904675,-0.5737303
117136.21,-2.7197561,1.8763489,0.09415311
126491.14,-2.6641543,3.0340781,-0.5038121
117158.63,-1.8181226,0.18625247,0.025972337
126213.16,-1.6126829,2.4227247,0.10068289
132329.84,-2.6420703,2.4326596,-0.20073296
125838.54,-4.5228777,0.23301613,0.060401514
134454.58,0.30973804,2.723788,0.14168635
128393.95,-3.217636,2.7826521,-0.121974096
118585.04,-1.6016862,1.7714974,-0.24968956
119542.195,-2.443787,2.0678911,-0.6820673
132688.0,-2.9014943,0.31899953,-0.15800877
130922.03,-0.87377614,2.9917355,0.025863906
122412.44,-2.6189604,2.9324782,0.28879142
116966.35,-0.7266746,1.6671282,1.175104
127578.63,-1.1797726,1.083212,0.6809177
124991.72,-3.1750312,2.6652694,0.058882132
123086.83,-1.7943449,1.8769579,-0.48226705
121814.02,-2.2620883,1.8817954,-0.10571511
115947.39,-2.7493677,2.9166365,-0.08499622
128272.99,-3.2171974,2.3171966,0.057568815
132007.62,-3.610286,2.9830914,-0.067331694
115178.414,-2.8693712,0.38705683,-0.079831444
132377.53,1.7145535,0.15050876,0.058764607
130858.55,1.4432886,2.375757,-0.26380298
117931.625,0.1429879,2.984438,-0.041761957
119205.8,-2.5719109,0.27658963,0.24733576
132329.73,-3.139326,2.4207747,-0.5769841
126358.83,0.84694475,1.241071,0.08653102
116617.19,-2.8637826,0.62546957,-0.105185665
123504.125,-1.9620944,2.8073254,0.2054857
122950.45,-3.1684697,1.9907603,-0.4489405
117733.21,-1.4729583,2.8855596,-0.13549003
122823.58,-0.8876724,2.425666,0.12492492
131908.88,-3.5138006,0.79724693,0.25724167
131991.69,-0.95426494,2.1273243,0.1289113
117994.375,-0.713197,2.4359307,0.47383273
130268.055,-3.0985527,2.9709995,-0.27854905
115673.75,2.4489787,2.322771,-0.2433524
131494.62,-1.4636415,2.73293,0.1290245
132885.55,-2.94575,1.7716902,-1.4303505
128089.77,-2.3590136,0.47822064,-0.07881007
128860.11,-2.2830927,2.4316483,-0.20021714
131862.53,1.5476485,2.8512464,-0.7264164
122773.63,-1.2685064,1.8614899,0.0043137334
125331.586,-2.914532,2.4257557,-0.29159862
119614.69,-3.413666,0.21174431,0.033484463
124869.61,-4.003447,0.03899908,-0.12951308
128367.97,-0.31875148,1.9150126,-0.3480944
133860.72,0.9732682,3.1149826,0.16254368
127130.25,-3.3870082,0.23049355,0.14059386
121397.24,-2.3832786,2.2471583,-0.13150287
117890.41,1.3485436,1.7713042,0.212544
120804.484,1.1289638,1.665247,-0.1189334
133222.44,-3.5021207,2.573982,0.004413208
125027.43,-4.236531,0.6534085,-0.23798609
127832.58,1.1199281,2.0206618,-0.108948246
126287.9,-2.3805194,2.3392427,-1.3424487
133155.11,-1.5818813,2.872532,0.1674899
123956.94,0.9520833,2.9479384,0.09575388
123162.51,-3.2458882,2.8830237,-0.17090161
118133.8,-0.38263676,2.6084192,0.094128646
122405.87,-3.0186863,0.32474136,0.11768843
117451.125,-2.9622977,1.4116503,-0.21314177
120795.2,-0.14785682,3.0160484,-0.03510484
117346.67,1.3705491,1.0425168,-1.3109939
131217.81,-2.754826,2.7235403,0.017279085
122301.79,-1.3943576,2.8618755,0.09650809
127874.734,-1.391516,2.1148248,-0.596302
115037.11,-1.5499018,2.6687574,-0.15523502
121671.586,0.04487159,2.4090092,-0.26120955
131581.72,-1.7131741,0.37456965,0.044989347
129072.914,-3.2565055,1.4326437,-0.75707257
128336.13,0.090314254,2.1100428,-0.23067525
115299.08,-3.1717985,0.5043563,-0.18482155
132650.14,2.3031123,0.04497099,0.010541506
127653.63,-3.0066009,1.3464129,0.05992536
119645.664,-3.6420856,2.6399362,0.03123665
118064.375,-3.0541565,0.5930836,-0.09434335
117813.46,-0.4311368,1.2428851,0.17364067
126327.87,-0.8836207,1.8030199,0.29332596
127113.26,-1.4705266,2.552346,0.30581194
119929.73,-1.6808827,2.5417473,-0.115531266
131484.97,-0.07875339,2.7605994,0.13246939
116437.47,-2.788952,3.1185067,-0.08993571
131741.39,0.15583213,2.4705007,0.21602392
117043.445,-2.5723011,1.3180587,-0.30735874
132542.42,-3.1597004,0.30693275,-0.07859452
131173.11,-0.3046703,2.2843957,-0.34814164
127362.086,-1.2717425,2.3473864,-0.13964167
115970.85,-0.35889396,1.9301534,0.5587258
120932.83,-1.3027776,1.200638,0.18770224
120652.44,-2.9844265,0.8197766,-0.11552135
118557.3,-2.2188747,3.0590646,-0.07063784
118642.71,-0.044152316,0.85757,1.2892668
124091.89,1.3252808,0.5547347,0.20559298
115528.875,-1.1733083,3.0818722,0.016660195
128819.96,-3.4701188,1.6717111,0.195787
115944.86,-3.2712808,0.16065538,0.05036871
117769.67,-1.0253842,2.66185,-0.13092203
117458.125,-0.4248554,1.8022981,-0.120167255
122485.836,-2.6586914,0.8035747,-0.08354573
120199.734,-2.1287398,1.1851112,0.13166901
122104.055,-3.31003,3.0811572,0.018479414
133524.31,-3.0479193,1.6207639,0.20483065
125640.5,-2.8846908,3.0516357,-0.2678996
122091.375,-1.8001711,1.7739717,-0.88887286
127612.91,-4.285381,0.24145636,-0.03222458
126066.33,-1.5511289,2.5519817,0.3530354
126755.33,-0.5355639,0.55463296,-0.651225
116384.14,-0.5082169,2.7680557,0.13219836
122256.29,-2.634988,3.071022,-0.6444055
121517.664,-1.950973,0.8238355,0.074782506
117592.12,0.12719472,2.1534436,-0.048465867
119812.805,-0.071349345,3.0348496,0.1208672
130249.82,-1.5247619,1.4720135,0.51278144
115294.875,-3.312934,3.0466645,0.124326244
121342.73,-3.0883365,2.7742848,0.03511463
122066.79,-2.0335433,0.39522353,-0.084294945
123529.08,-1.1244012,3.083202,0.020329624
126600.945,-3.3022792,3.0873866,-0.015421869
117074.45,0.0039233393,1.3321271,0.13750423
117526.06,-1.9457405,2.097279,0.1224013
119353.34,-2.95089,1.714811,-0.2185863
116840.42,-2.382504,0.23711133,-0.07950347
133132.1,-0.46240526,2.8419063,-0.10174654
118447.0,-1.6809435,1.160854,0.11352425
123357.48,-2.4668307,1.4194149,0.19672523
132279.05,-2.0538607,2.169979,0.41802698
116202.92,1.5474854,1.2051446,-0.18929829
128407.76,-2.1255958,3.1192236,-0.006452287
124430.83,0.839379,1.1131923,-0.2473096
116994.59,0.66941756,0.65707004,0.24579999
116953.875,-1.5106947,2.2650068,-0.050490923
128188.71,-3.409578,1.5712132,0.078175195
131227.47,1.5513747,1.5717052,-0.12209187
134627.16,2.1596236,1.4615996,0.11472229
118797.78,-2.9014516,3.1283379,-0.054142565
115349.03,-4.1625595,1.0663043,-0.08828989
127141.79,-2.377822,2.9735456,-0.07912351
127958.45,0.42725497,0.9081067,0.11787431
117202.27,-1.1538291,2.902632,0.04078326
115612.1,-1.4511868,3.1345463,0.20063344
128594.14,-2.4383204,2.6710432,0.16155352
119428.34,-1.2699764,0.25755167,0.16545023
120745.914,-1.0421944,2.9426718,0.12335431
119431.92,-0.5715686,1.1004207,0.110980995
127208.13,-3.2508934,2.1587036,0.21420997
116350.36,-1.3774315,2.8760087,-0.039532296
128902.945,-2.712886,3.0632958,0.6369514
132300.14,-2.4838116,2.0649002,-0.44777873
125662.03,0.1610049,2.4028292,0.15679339
126245.92,-1.7332155,1.3853008,0.09292624
134010.67,-2.9376652,1.8393812,0.09918914
131833.52,-2.5772269,2.5339184,-0.06631188
131400.47,-2.5254104,1.8366212,-0.22547986
121345.19,1.1478484,3.105418,0.0341931
123407.914,-0.6621833,1.4023608,0.21829906
117006.95,-1.7431383,1.9516966,0.20803024
131461.89,-2.0356197,1.6454564,-0.18474998
118565.516,-2.3150065,0.043595076,-0.060406566
115289.805,-2.6633039,2.9474993,-0.111254185
129137.01,-1.7979863,0.8114114,-0.06859827
118435.06,-2.4797266,2.3801548,0.199033
120054.32,-3.2499619,1.9013994,0.2838865
120063.2,-2.8146958,1.566639,0.41441372
116830.12,-0.5155747,0.74939644,-0.12330026
116929.73,1.0304796,0.59456956,0.07782915
119263.234,-1.9989554,1.5436865,-0.29040018
118292.18,-1.0864079,2.2034357,-0.0074903956
119243.266,0.20582487,3.0504115,0.0105688255
125909.71,-2.7923114,2.178746,-0.23059036
116027.01,-3.58479,0.18347812,0.06488386
134170.11,0.07317931,3.1286747,0.04345772
116295.48,-1.9650803,2.5928676,-0.3435436
132059.38,-2.6966352,3.1150057,-0.15126249
128140.42,-1.1215527,3.0423481,0.0016658758
121744.24,2.9121876,2.9444742,0.048999622
117208.92,-3.7349775,3.1256754,0.053954203
120730.086,-1.6392026,3.041962,-0.09990865
132178.5,-2.2892518,2.22915,0.11290013
128792.87,-3.8271232,0.60122234,-0.05150931
126121.31,-0.7562449,2.867125,-0.8421259
126292.49,-0.4873817,3.097917,0.061086748
118875.34,-2.3326068,2.5370362,0.46739113
131391.25,-1.8607559,1.9092261,-0.65193427
117045.22,0.014778427,3.0490067,-0.10314047
125438.805,-1.4158068,1.6838365,0.40607926
119540.76,2.8930225,0.2578218,-0.05500872
117511.52,-0.6090897,1.5812092,0.16565627
128737.98,-2.5999467,3.1239638,0.16525094
129500.9,-1.3721464,2.4558322,-0.14283541
123536.67,-0.9612821,3.0467339,-0.022882821
116776.43,-0.74823207,2.9983008,0.05642386
119979.99,-2.61356,2.8550775,-0.0424766
121754.09,-0.34462756,1.9205482,0.10309781
115689.24,0.8080875,0.27893245,0.03845822
128979.38,-3.4088356,3.0369492,0.092075326
116547.305,-2.9701128,2.2493973,-0.59878284
117735.305,-1.7292631,2.697505,0.12962697
130972.805,-3.5688348,2.4087434,0.05786134
115346.086,-0.48997426,3.028118,-0.05688609
120821.82,-3.7516336,1.5422637,0.0844389
124217.88,-1.7227654,0.465962,0.064311355
122322.25,-2.0306835,2.1375108,-0.9714619
121547.586,-1.5615119,2.9885125,-0.017761176
131180.98,-1.7026259,3.0437052,0.057945214
121740.016,-2.7000277,1.3103653,-0.13851076
115569.76,-2.7136734,2.5992508,-0.048902072
125350.414,-0.4934739,3.0108633,0.063896514
121179.77,-1.0745189,2.3941636,-0.08570506
115510.3,0.3649543,2.1740913,0.13430317
129123.164,0.45223755,1.7770535,0.31437927
118566.625,1.3223487,3.0361292,-0.082527414
119991.84,0.80559385,2.8846364,0.02869994
133093.73,-2.8929043,2.2529721,-0.081817634
129636.99,-2.2040846,2.9992716,-0.2868108
126633.37,-0.70768857,0.8118353,-0.11584795
121153.1,-1.5817541,2.4380352,-0.29274455
124985.52,-1.8416713,2.9621203,0.04247909
124589.016,1.1812098,2.3133042,0.84876794
132778.31,-3.3706205,0.025465965,-0.034454484
134183.0,-1.7470536,2.6873178,-0.15786105
127665.22,-3.269546,0.3149805,0.06082573
117286.84,-2.4613395,2.9982367,-9.3168856e-05
123344.54,-2.2087865,2.8816433,-0.010928935
120852.88,-2.754426,0.4767366,0.038126815
118816.56,-2.0510051,0.99919116,-0.124630116
130295.08,-1.5360584,3.1249678,-0.16542166
129683.84,-1.5170279,0.923823,-0.53862584
129933.266,-3.8370073,0.19911885,-0.038679454
129700.58,-3.6064265,2.3486238,-0.16319406
130116.99,-2.880758,2.7753458,0.04715332
117561.945,-0.72786546,2.0547812,-0.35075495
117684.47,-3.274094,0.9924061,0.24657
129587.68,-2.0773416,2.1049273,-0.6814173
115173.53,-1.3197628,1.0413923,-0.09476334
122772.01,-1.4849323,2.2430358,-0.2265647
120107.45,-3.3547902,1.6706781,0.25024122
133387.16,-2.641427,2.0683546,-0.07462899
129687.84,-0.41020736,1.4302307,-2.775547
126118.14,-1.5629907,1.6010218,0.2385623
131828.5,-2.4374022,0.23998189,-0.015487348
131737.25,-0.84963864,2.2511067,-0.3975725
120208.1,-1.8029705,1.7102287,1.0603546
115787.914,-2.910615,2.938798,-0.1916989
120967.305,-0.29895887,2.7327125,-0.07474557
128705.93,-2.6852303,2.6992471,0.07497553
125435.766,-2.6113265,3.0943842,0.18624279
119523.33,-2.1844583,1.6779034,-0.1786029
123491.86,0.5897226,1.8974675,0.1613098
120416.83,0.69268554,0.6317506,-0.07610551
122122.24,-1.082157,2.5355604,-0.11928913
123928.414,0.28693455,1.2175896,1.2130892
124711.734,-1.7754219,2.5429416,-0.028795296
119629.11,-0.67940414,1.8486606,-0.19114713
129376.28,-2.1957028,3.1224024,-0.071943335
117422.75,-0.18092416,2.8307009,0.05287384
117160.016,0.5111922,0.9074035,-0.41300505
117849.28,-1.6655782,2.5637872,-6.9538426
134430.89,-2.6209764,2.815071,0.013389141
121059.914,-2.0128214,2.457826,-0.041600775
126750.695,0.0751835,3.0681825,-0.0882807
133384.52,-3.2878864,2.3314257,0.22543988
121768.46,-2.0598316,2.6667998,0.3604165
123457.26,-2.359043,2.9588184,-0.06666508
131605.98,-2.5558555,2.2583587,0.12495662
128280.22,0.4959523,2.7233064,-0.016702438
125470.69,-0.39188612,2.5550935,-0.11313294
120853.164,-3.1668842,2.632409,0.10862589
118700.98,-2.9667287,0.38219994,0.25543353
132503.98,-3.9227815,2.0023437,0.14623813
122758.19,-1.703636,2.910949,-0.021855954
132941.08,-1.1946375,1.0118628,-0.98858637
123060.086,-3.3561077,0.2903695,-0.14644305
121297.56,-2.0447922,0.7417498,-1.367435
133522.66,-1.8733584,3.1243386,-0.022904076
118722.31,-2.4627626,2.6072435,0.012763412
128055.695,-1.1550001,2.9399476,0.05432897
130180.81,-2.3201232,1.3843057,-0.2965187
119346.48,-1.4535011,2.5643203,0.14913628
120202.086,0.48391855,0.2917261,-0.23735318
134016.31,-1.1539992,3.11742,-0.30392334
125568.71,-2.59193,1.618681,0.17062153
134411.36,-1.1648898,3.0765376,0.093687505
117719.04,-3.5489395,1.3762002,-0.17679976
115479.0,-0.06253692,2.9483511,0.11221134
133316.92,-2.2977843,1.3047148,0.23046397
117574.83,-3.9862018,2.1189618,0.15788126
123754.64,-3.4680867,2.0476997,-0.65076745
121201.55,-0.21310282,2.2906194,0.22419958
122644.51,-1.3537282,3.0504365,-0.012691916
133365.97,-2.0964043,2.6620793,-0.12531298
122879.07,-2.945757,3.074731,0.12225588
130121.83,-1.2479687,2.304251,-0.39217022
116320.56,-3.2573912,1.2813574,-0.2175599
117104.5,-3.3016324,1.0072558,0.14358428
129658.23,-1.2507162,1.4595096,-0.06946851
129234.76,-1.3500288,2.0525844,0.2657729
116659.734,-2.0309167,2.1829395,0.09555985
115464.414,-1.1579661,1.6761838,0.037317254
116524.484,-1.7897782,2.1489081,-0.036723003
129147.25,-2.030766,2.1276023,0.20274322
122053.92,0.64378655,1.5552597,0.22466953
133673.44,-1.465336,3.1064637,0.18607031
122555.0,2.820935,2.2694373,0.13946424
122253.37,-1.7834684,0.63417894,-1.2472532
126431.65,-1.2295446,2.6995087,-0.35372448
118743.8,1.3282038,1.3233267,-0.5473461
123594.2,-3.1873574,2.8838434,-0.16624357
122827.8,0.33304164,3.0399535,-0.042552307
122824.56,-3.1780756,1.7882977,-0.21322706
131464.8,1.3152648,2.596247,-0.13688956
122475.3,-2.157878,0.8174381,-0.561126
133630.78,-2.0918756,1.7614716,0.12334891
126600.305,1.061597,0.64203453,0.095185414
119895.734,-0.05522798,2.0590322,-0.47300994
119160.805,-2.3413112,0.14896938,-0.0064919433
127483.97,-1.3437369,2.7155862,-0.96468204
118391.82,-1.8064516,2.9079003,-1.5021571
118074.79,-1.7026949,1.2401942,0.29265818
132968.38,-2.2870812,2.6515458,0.10609283
124611.54,-0.649079,2.624509,0.08902
124134.93,-2.6917644,2.888891,-0.21658166
117850.61,-3.3653703,2.2717018,-2.245044
120986.91,-1.4909064,2.9037998,-0.06452654
120151.305,-3.0957832,2.7831144,0.09354937
130179.52,-2.214948,3.0337584,0.031225005
132285.08,-1.6654761,3.0906868,0.04900594
129830.23,-2.232248,0.47719646,0.12281551
130371.73,-1.9290266,2.7605693,0.004003328
132983.88,-3.1189094,3.0804875,-0.008940395
127666.81,-3.9718988,2.9558473,-0.05167191
127270.75,-0.8482243,1.6058513,0.18000099
125910.305,-0.84243345,1.740014,-0.44220042
120871.76,-0.90184677,3.0345106,-0.31370234
123753.8,0.6064387,1.3670571,3.1360369
133038.81,-0.5404253,2.4218726,-0.30362907
125475.195,-2.4690797,2.8897293,0.016860269
127902.12,0.42961973,1.0970795,-0.1388901
121616.484,0.53672796,3.042128,0.0015372921
124443.35,0.11899675,3.0065022,-0.07240435
115887.53,-2.3047643,2.9693344,-0.16309822
125869.25,-2.1538336,1.779578,0.13409454
134615.92,-1.340894,0.40978312,-0.58326185
133452.55,-1.3844025,2.5224533,0.7612411
118109.23,-0.35810095,3.094588,-0.19179398
116468.78,-0.97125775,3.0250869,0.0449966
123058.13,-4.214528,2.15162,0.18913932
120031.86,-4.008435,0.24517202,-0.14445597
120417.984,-1.1422651,1.2864246,-0.03687404
128082.42,1.3829532,1.9190974,0.463717
121411.1,-2.2161956,1.4691273,-0.092861414
119935.695,3.4242241,0.03976226,-0.00390007
127099.67,-1.8262088,2.3354924,0.7468782
132146.62,-1.5778279,1.1939862,-0.8085422
116577.21,-3.5756605,3.0278018,0.009443271
127124.88,2.0116286,1.0260975,0.13806394
125203.28,1.0748637,3.0733628,-0.099643245
119738.82,-2.4352145,2.3710418,-0.008537004
123551.03,-0.16744877,2.9923046,0.089541584
134791.17,-1.8832022,1.7652642,-0.6298147
130014.914,-1.3896009,0.92880875,0.8663909
130822.64,-1.9537863,1.70648,-0.31449306
120235.74,-0.33882985,0.8944442,-0.44950995
116558.66,-0.44254825,0.5902109,-0.21784055
118272.32,-2.5507271,2.9327688,1.3825656
119987.914,-1.0863377,2.5025003,0.19187643
126186.89,1.962467,1.7540324,0.083980896
122961.766,-2.9849272,3.0298195,-0.19836287
128891.68,-1.4100257,0.36868787,0.048539586
118331.734,-0.7439544,2.0283682,0.038927853
130539.26,-1.4270458,2.5741322,0.86065954
122023.836,-2.7159266,3.1102886,-0.30299732
124705.22,-2.8108773,2.8707314,-0.07128209
127027.48,-0.18173496,0.59882927,-0.047791585
134152.39,-3.0005732,2.6709836,-0.06572164
128704.94,-2.0015526,2.063672,-0.20582776
122342.07,0.25549117,2.7271004,-0.23285656
123348.02,-1.5564027,2.0081408,-0.9618449
115885.54,-2.8385699,2.7349758,-0.0015436922
117634.7,-2.8823283,2.1588042,0.20275305
132904.78,-1.3840429,1.5748981,0.24798265
126892.695,0.18609163,0.98756844,-0.11240441
126190.77,-2.4871783,2.812079,0.38341898
127577.13,-1.8974444,2.8037052,0.41161585
124480.12,-0.99540186,0.5547333,-0.06601396
123008.82,-4.0915976,1.0305282,-0.08121705
123381.53,-3.2487662,1.7228782,-1.035027
120406.02,-1.9307519,2.7056372,0.110454954
131508.0,2.0841713,1.8932788,-0.1495398
118691.39,-1.2676984,2.3795748,0.24613625
127612.33,0.22340873,3.0852146,-0.0063231816
117941.734,-2.574938,1.3443238,0.01921793
120080.664,-2.800365,0.7378082,-0.12542424
118670.2,-2.8316355,2.4665012,-0.31873104
123661.94,-3.1191072,1.1062322,-0.16022424
119536.8,1.2101414,2.16001,0.2051399
121703.99,-2.2186747,3.1030822,0.04283191
120617.086,-0.9720853,0.8233843,-0.07168348
115637.25,-0.2716065,2.9175565,-0.21459779
128854.086,-1.3773092,2.609785,0.05602954
125674.414,2.5318575,2.9141884,0.03306525
122064.36,-1.6648468,1.5950301,0.9015298
122221.586,1.221372,3.0811894,-0.031679034
129558.47,-1.767731,3.1245763,0.020150203
128921.37,-0.8724634,1.864668,-0.4698665
132337.81,0.24331513,1.822311,-0.2787419
115233.13,-1.8683448,1.3803635,1.0535395
121261.0,-2.7387323,1.2923938,0.2587785
130202.16,-2.274359,0.918115,-0.11907412
119235.6,0.4654524,2.5483851,-0.08088783
116156.695,-3.3479693,1.1360765,0.18947688
120678.88,-0.29773095,2.784437,0.03801168
117724.68,-1.6060007,1.6605816,0.11080061
122788.78,-2.8004887,2.7822235,-0.1453891
119689.57,-1.4781464,3.0337558,0.06835058
122824.54,-3.494101,0.5253023,0.031278618
115773.71,-2.336085,2.8902442,0.62215644
126404.52,-2.5197082,2.020388,1.5438379
134233.12,-2.5307672,2.9844677,0.08674503
125545.766,-1.8503093,1.6254721,0.09968391
129205.5,-2.67872,2.4308872,0.30640844
131257.88,-2.0134525,1.8699361,0.09015606
130571.06,-2.0847557,2.802391,0.009582803
133273.84,-1.7818465,1.7421545,-0.45555943
115781.92,-2.277343,2.0569015,-0.0039899726
119539.766,0.46924078,1.0428754,-0.17549276
134533.9,-0.37538075,2.4739764,0.4868206
125827.3,0.5126003,1.6929078,-0.38068724
122045.66,-1.5268171,2.2290635,-0.19147544
126370.23,-0.5716473,0.3158511,0.041826487
118772.15,0.70601624,0.36657313,-0.08042582
128157.69,-1.4810797,0.97579795,0.21494055
118253.79,-1.7556072,3.0337243,0.0586405
127165.664,-1.837285,0.83182734,0.56336564
121038.28,-3.1244223,2.840382,0.08352792
128594.0,-1.8788681,2.7597773,0.09434777
123863.42,-2.3101788,2.071789,-0.0067652217
118853.72,-1.1106992,2.6312366,-0.11522595
120930.3,-3.1051722,2.9171176,0.027281083
128986.5,-3.0101259,1.5904131,-0.015991347
117520.7,-1.9027976,1.1289879,0.6624845
121052.55,-1.4498013,3.0185158,0.11525512
123819.63,0.9999819,0.31152952,-0.039934546
123075.38,0.32396308,2.2767973,-0.11977384
132086.02,-2.7524056,2.8036048,-0.19190283
133496.44,-1.0048414,1.6841646,0.3546169
115192.016,-0.6391087,2.842209,-0.013275014
130984.32,-1.0833907,0.44922787,0.053925678
131700.0,-0.9900212,2.9374378,0.088345036
125349.47,-1.6525313,3.1156206,-0.26978195
126529.52,-2.0691507,2.9127355,-0.068498045
128520.0,-2.2386663,3.0841346,0.044028413
120752.52,-3.0678077,1.1860579,-0.40933952
123051.22,-0.4480788,1.8643962,0.33447427
116472.76,-3.0135272,0.5523296,0.066208966
118600.6,-0.3075678,2.7710462,-0.18612972
116735.11,0.2378317,3.1124167,-0.16381238
130756.68,-1.7232661,0.39601743,-0.6240157
118185.53,-0.1202199,3.0319963,0.12689838
130684.86,-2.659457,2.3081665,0.027100675
118083.28,-3.1314209,0.13946247,0.13534775
133111.73,-1.7565837,2.4437869,-0.12699139
117257.59,-0.27642784,0.41666412,0.06863429
131873.75,-1.589726,0.9228642,-0.060114846
121017.05,-3.4466386,3.1214848,-0.094864495
128492.65,0.25899124,2.4155526,0.074697405
124380.22,-1.6175929,1.7627996,0.20359413
126764.78,-2.4201343,0.09157348,0.026132423
127321.3,1.6242435,0.9307931,0.25842935
129916.49,-2.691786,0.71068263,0.065323025
118703.84,-3.1437297,3.0414758,-0.025430223
132963.77,-2.6882498,1.0065774,-0.06305083
130807.99,-3.7281528,3.030583,-0.029194968
117957.16,0.6157034,3.1034517,-0.0037782264
124988.1,-1.0632161,1.7552893,0.434658
125777.65,-1.4281096,0.0007016659,-0.04955806
117708.92,-1.5916505,3.1176944,0.18008299
115442.59,-2.6262162,3.0050883,-0.06383426
117248.52,-1.6689162,0.4241396,-0.10532497
119189.78,-1.6756738,1.0324076,-0.75620425
126869.24,-3.820758,1.8061699,-0.15237415
123713.59,2.4542828,2.6880865,-0.060279798
134394.33,-1.2457081,0.36263353,0.22169687
119667.23,-3.6327438,2.3288512,0.018561594
130387.84,-3.0378683,0.5498744,-0.074199565
117902.7,-2.140113,0.40562534,0.025615107
127144.086,1.7400448,1.6539092,0.26003116
115000.5,-0.83356094,3.0049148,0.01795255
123159.89,-1.4661446,3.0946257,0.0133007495
129480.55,2.0596106,2.610081,-0.15979765
132653.97,-1.005328,0.65659183,-0.57200533
120135.47,-3.31757,3.0931382,0.09478637
124542.016,-3.071764,2.643727,-0.2961957
118648.84,-0.8868785,1.0637012,-1.794911
124343.375,-1.6231183,1.6906921,-0.119454846
129842.555,-3.5719306,1.2191126,1.1240419
115628.125,-2.1338508,2.544739,-0.22253333
116314.73,-1.8899816,2.624445,0.41567662
115516.11,-3.2798707,2.6661348,-0.12201716
131222.73,-1.6178358,1.7876655,0.6296703
127327.95,-2.1714628,3.0994596,0.006784299
117708.4,-0.26454127,0.8367403,0.16210929
124781.055,-2.2171123,2.8535118,-0.57526636
127475.26,-2.3397038,2.5853362,-0.021406056
134191.8,-2.3470056,1.1699001,0.2871191
124258.52,-3.0011935,2.2058454,0.033279266
126244.08,-2.353692,3.1029403,-0.014626398
118799.76,-3.0010836,2.9273665,-0.1455433
115950.81,-4.0234356,3.0321064,0.016340805
121496.33,-0.87753576,2.0921662,-0.35022825
124943.85,-4.010301,2.4503312,-0.89045316
128578.54,0.2611683,3.027138,0.61503094
122453.75,-2.102949,0.58499336,0.59950227
118483.88,0.10515144,0.005011201,-0.002331654
119823.914,-1.1961343,2.2805238,0.080045365
134795.56,-0.2775671,1.5038226,0.190236
115977.0,-1.8378232,2.3244905,-0.19263422
128091.234,-3.0689845,3.1222372,0.068360716
121163.78,-1.9655448,0.091715336,0.10669369
131383.81,-4.1889105,2.2019577,-0.22911145
120976.836,-0.8266347,3.0482543,0.013245326
123362.81,-2.156422,0.0991739,-0.028614376
119411.266,-2.6109688,2.9220111,0.10618953
121241.04,-0.41720203,1.4201438,-0.5796896
134105.34,0.102398455,2.4846582,-0.079444036
119955.49,-3.372083,2.726605,0.12154237
119933.914,-1.1422634,1.6233914,-1.2153114
134720.56,0.36569726,2.2698822,0.52915156
132178.11,-2.342974,2.7758188,0.0986799
131398.19,-2.3909178,2.542876,-0.0068606297
119931.31,-1.9844755,2.273878,-0.060742047
128307.94,-0.22402212,3.0208604,0.13541237
129790.93,-0.46206924,2.7077541,-0.12598483
122561.86,-1.0439161,2.7581217,0.48041517
119646.21,-1.091196,2.2434077,-0.12270906
119651.75,-2.2708695,3.0504549,0.060106773
125762.57,-1.6773618,3.0747051,-0.014875587
116051.664,-1.6288813,1.8072276,-0.46711096
119034.88,-2.0401993,0.1788888,0.13805886
119753.984,0.33258665,0.6924295,0.19002716
123784.55,-2.3273487,2.2203445,0.10851693
118457.3,-4.4270916,1.6729579,-0.09735609
115317.1,-3.192782,2.2583103,0.34051898
127565.99,2.1860049,0.9825469,0.08184572
123226.336,1.9260151,2.6431077,-0.06317611
130887.4,-3.852301,2.772366,-0.0958766
125083.59,1.6509103,2.2995696,0.2144969
117439.51,-1.8557755,2.3669014,-0.30598348
115074.84,-4.034205,3.1053567,0.0591852
117967.14,0.80395055,1.2761731,-0.18188961
129808.78,-3.3098018,2.929213,0.54615885
128320.64,-0.3570393,2.3090117,-0.459314
121783.086,-3.984646,2.7392259,0.041694812
125335.0,0.76204467,0.1918534,-0.051237192
127117.12,-0.5501145,3.00191,0.48172298
115633.71,-3.554182,1.5478697,0.26935756
117986.51,-2.508763,2.9829955,0.01444356
132680.55,1.3136413,2.2559693,0.11023001
116121.59,-2.5529222,2.995833,-0.16817734
121337.09,-2.2953763,2.971969,0.11371029
118858.195,1.0194403,2.002416,0.0663916
130313.71,0.41235158,2.7837307,-0.007820889
128839.47,-3.5798576,2.459659,-0.07947366
120378.18,2.023263,0.67731553,0.11268268
129372.18,-2.4285362,2.7479458,-0.013047226
116520.84,-0.40461776,2.0724118,0.069920704
122161.34,0.45703065,2.8687632,0.050797176
120927.766,-0.72653615,2.7137756,-0.13164586
130851.82,-0.8159128,0.56199145,0.22110423
118278.72,0.6930015,2.8622983,-0.029300494
115583.19,-0.9019928,2.0445085,0.17394604
118426.99,-1.1331508,1.7597742,0.14606524
133794.02,-1.7253239,0.35464382,0.14324015
131659.6,4.1230626,1.2456113,-0.3341127
125993.84,-3.2023804,0.66534376,-0.18712814
115452.45,0.466296,2.9740362,0.12199789
115417.41,-4.2311025,2.575593,-0.11579131
115197.64,-1.7761215,0.60623574,-0.46528345
123456.664,-2.1030319,2.5631912,-0.038573153
130200.68,-2.1290505,0.79351413,0.060932018
120080.38,0.13452072,2.4970083,0.06516442
124351.6,-0.97358185,1.2415346,-0.20404561
134138.5,-3.2636163,1.7500681,0.14175813
133211.94,-3.024853,0.6980268,0.09019952
130653.5,-3.9510057,3.1294377,0.28293854
123677.85,1.6057806,2.8422658,0.12112689
131333.25,-0.7911799,2.6300793,-0.09660388
121739.41,-2.344193,2.82136,-0.05854468
122561.21,-2.7900074,2.9625635,0.036634557
120347.41,-1.5368235,0.10703802,-0.0145831695
118824.016,2.7904084,0.18886706,-0.03397641
128232.41,-0.7864131,2.4878592,0.15837972
120499.76,-1.5678087,2.390976,0.26797625
116211.0,1.7705289,3.061513,0.012962794
117092.164,-0.988947,1.6451871,0.2077261
116962.53,0.80042034,0.6385725,-0.07164751
121161.25,-2.3419428,3.139847,0.055921603
124212.29,3.0516062,3.0623212,1.5285212
117524.1,-0.11938949,0.74943256,-0.051606264
119334.85,-2.4796326,0.1151669,0.036475454
125652.22,-2.531659,2.5087743,0.4570942
118666.7,-0.43408197,2.853028,-0.32366526
118894.69,0.49889448,1.7244215,0.35356975
131822.62,-1.991543,2.9483435,-1.8540199
130273.05,-2.141561,3.019613,-0.038365737
132944.4,0.31028605,0.12093502,-0.028181242
129942.36,-1.6364459,3.1384273,-0.06699883
125010.01,0.16037084,1.791297,-0.15353173
120915.53,-3.3009126,0.6788614,0.0519356
122421.13,0.12914108,2.3923194,0.059530325
125669.1,-1.8866489,2.3812714,-0.028300805
123264.0,-3.7255888,2.2819548,-0.13444029
118448.836,-2.3217354,3.0532608,-0.008495106
132406.81,-2.6532829,2.1433487,-0.6760681
134350.4,0.14021668,2.4346938,0.08748481
115328.2,-3.9769998,2.0578637,-0.06097967
121164.77,-0.6323792,1.5355122,0.2079245
132184.98,-0.8805128,2.248754,0.10243082
122058.13,-1.7206742,2.1589696,0.026567457
115264.5,-2.1462233,0.049185574,-0.0044768127
126530.04,-1.8301841,0.39343143,0.45293865
124611.48,1.185575,3.0655987,0.035200354
129629.66,0.15654226,2.994463,-0.0034206114
123136.69,-2.6449986,2.6020203,0.14700204
124539.7,-2.6425364,1.288075,0.3679588
130572.4,-3.0140908,1.8851589,0.16308504
121219.38,-3.2277727,2.8150725,0.26806533
130559.31,-3.314628,2.002452,-0.5704625
127196.695,0.26356137,1.5508004,0.22638287
131506.92,-3.0838773,2.954482,-0.16301934
131350.34,-0.12053709,2.0953484,0.6062658
130457.72,-1.3936849,1.5910096,0.102334134
125452.8,-2.7717853,1.5510184,0.02921356
132005.33,3.190491,1.3700507,-0.12400016
116010.336,0.3735301,1.1498926,-0.2406796
118189.266,-3.7743745,0.7746911,0.10552289
130955.25,-2.1244032,3.1095712,0.14958079
122367.13,-2.578304,2.180652,-0.0063667586
119003.63,-4.1075597,3.0403404,0.010956734
129259.78,-3.1893222,0.54798037,0.11980599
128992.52,-1.0399094,2.9238708,0.13881218
119877.68,-0.7503502,1.2029126,-0.18393782
124481.45,-3.1408112,2.0962036,0.08629794
116100.66,-0.5696776,2.7359626,-0.02396385
129769.49,-4.0751014,2.1804593,0.038018532
123881.016,-2.1904786,2.587204,-0.6213451
134042.08,-3.065721,2.4611292,0.56935215
120474.24,-1.8202461,1.6709569,0.10936376
120806.14,-1.2266848,1.1514136,0.9592319
124157.14,-1.4370731,1.2148662,0.12003965
120370.72,-2.123608,0.87408286,-0.001071868
118891.734,-2.0521603,2.7556863,-0.17604819
117904.23,-0.7753679,1.220492,0.32781526
130214.29,-1.5077811,3.0481362,-0.040678144
127915.05,-2.7865162,3.0919983,0.009639808
121910.05,-2.5155005,2.7836025,-0.06563455
118784.63,-3.2608125,2.1873393,0.11321404
122476.55,-2.3704135,0.50955844,-0.12123025
128896.555,-2.8152866,0.7284284,0.06604104
120309.94,-1.5000477,0.509072,-0.28130665
118859.57,-0.31027904,0.16122088,-0.014778596
122861.24,-3.43166,2.3186426,0.09124405
116638.94,-2.4474564,2.9895115,0.2370554
123268.39,-0.6929823,2.9838872,0.06872797
134148.38,-1.8510311,2.5875618,0.22110677
119407.39,1.813082,2.0534194,-0.44286388
117733.12,-2.1450188,1.9528793,-0.18584995
118014.27,0.15198189,3.0965862,0.06697564
126819.34,-4.3474293,3.0990734,-0.17129461
120535.67,0.4997771,2.5873282,-0.013430769
123344.34,-0.8733116,1.1727353,0.044956647
127499.82,-0.50962734,0.1439774,-0.109139934
128736.195,1.5011753,2.4479384,0.13836022
118469.87,-3.9160569,0.55926937,-0.127888
125160.14,-0.5266155,2.6945567,-0.038017232
128889.89,2.2466052,0.7485262,0.2876541
127142.74,0.06978093,2.7141953,-0.11862764
131118.56,-3.6692894,3.07214,0.24450985
128521.55,-1.1286998,1.5090022,-0.14484692
129844.26,-0.31151742,3.124628,-0.20061381
129886.016,-3.7837715,0.09806788,-0.016928313
126562.54,-0.511851,2.608914,-0.16445044
131898.12,-2.0872033,2.7117147,-0.036164433
131708.02,-1.6908244,1.0623035,0.22418793
115313.086,-3.2692385,2.7035713,-0.33420348
117022.664,-1.5620052,0.19101298,0.08239906
126863.23,-2.8783627,1.6197815,1.070714
123483.66,-2.6950586,2.9129937,-0.17039394
131694.14,-2.3830035,2.265487,-0.20121075
117380.445,1.603868,1.3022765,0.32618138
131580.14,-2.4841084,1.8436147,0.23407362
117191.94,-1.5572268,2.0404685,-0.4951441
124262.89,-1.9527864,2.588456,0.51742816
118977.2,-2.2084956,1.8519258,-0.6200415
133211.06,-2.9086585,2.6658268,-1.0258152
119513.3,-2.627672,3.0745816,0.12469425
128326.03,2.0080962,0.32059538,0.24797766
129298.68,-0.026283784,1.8486094,0.19152601
126998.26,-4.4067116,3.1402164,0.010758173
132899.14,-0.68073237,3.0577798,0.016460877
128940.75,0.18619059,0.3178327,0.024049927
121038.92,-1.0655255,2.2928047,0.034687825
119710.71,-2.7877905,1.8256508,0.43857726
124769.34,-1.6364512,2.9569404,0.13012315
125230.71,-1.5934213,1.9349257,0.30579728
119231.53,-2.8706887,1.3377526,0.105369575
117204.09,-2.4035373,2.9087734,0.008171256
123884.586,-2.076891,1.2278175,-0.12289208
118764.64,-2.6852999,2.4039536,-0.61174935
127113.94,-2.3500297,0.88964343,0.09367531
132262.03,-3.1583557,2.430821,0.29374978
129015.51,-3.3873956,0.28265786,-0.31473982
117355.836,-1.283877,3.127494,0.28620774
125988.195,-2.5110571,3.101513,-0.61770767
117824.54,-4.057322,1.5519508,-0.57720023
119680.74,-4.0887666,2.2093232,-0.58857554
121132.87,-0.009424192,2.136246,0.73992145
117044.17,-0.1534519,0.5277597,0.09721998
116180.58,-1.2290395,3.0459852,-0.022310812
116588.945,0.8828456,0.19085294,-0.02827735
127057.68,-3.3751538,0.28945935,0.106930114
124698.24,0.06367744,0.9371029,-0.22597721
120848.586,-2.149271,2.9527943,0.035405505
118591.586,-0.5246931,2.4335618,-0.56286407
115956.38,-3.0238097,2.935835,-0.042342085
130855.14,1.1312861,2.6835368,-0.11161127
132552.11,-2.9898577,0.9610316,0.64313203
117549.15,-3.2437692,0.64343476,-0.08951428
116892.62,-2.3488057,1.1891702,-0.074222095
117686.19,-2.5596325,1.5472841,0.048456296
119859.25,-1.1463434,2.6622572,0.028709514
118277.6,-3.0226731,2.555687,-0.1216493
131633.84,1.1055038,1.6613761,0.43525505
119798.43,-1.2402537,0.67099386,0.06650038
123749.805,-2.425742,2.9470167,-0.46773526
123162.555,-3.587518,2.7220852,-0.047927126
128028.3,-3.5587883,2.6054487,0.416199
122662.53,-0.33612314,3.0254607,-0.2536612
120867.234,-1.1784565,0.18348336,-0.07019434
116775.64,-0.69474965,3.0281293,-0.5075432
115688.21,-3.8441172,2.7820532,-0.14596881
134796.86,-1.5165653,2.0995495,0.20857024
126277.14,-2.3165944,1.2697941,0.089494295
132702.06,-0.65016186,2.3967319,-0.95584476
121274.06,-4.637773,1.6913688,-0.16462202
118089.79,-3.1963687,1.9129889,0.50080425
120832.56,-1.7157967,1.9838908,0.47090927
124405.09,-2.212471,2.51044,0.10308335
129525.05,-3.4290156,1.7691156,-1.255329
123188.805,-1.4946373,1.9245908,-0.07967437
118659.13,0.14175612,2.5119934,0.041218463
134181.52,-0.8308392,1.3392864,-0.9534576
129872.01,-2.052039,2.4030082,-0.015561458
118253.03,-2.1478474,3.0024548,-0.39204946
123614.77,-1.8444402,1.5301905,-0.6178519
129136.56,-1.6602083,2.8244362,-0.017286323
132655.58,2.5336912,0.92029893,-0.09527008
130102.516,-1.622927,0.31973743,0.13876943
118936.2,-3.357678,2.6061738,-0.101318516
127333.93,-1.1554852,2.7666328,-0.1025759
127449.78,-0.5658151,2.076357,0.059884988
117595.89,0.05219065,2.2821107,-0.28258735
118723.76,2.0218291,3.007542,-0.03562263
116317.734,-1.0949376,2.6574676,0.14344049
115265.016,-1.4816202,0.583766,0.1370989
131696.86,0.8648403,1.8556448,0.27972057
125883.484,-0.086548045,2.7277014,0.09078214
122553.78,-3.6294186,0.82330215,0.21119632
125826.98,-0.82326883,2.3706322,-0.14761336
116300.18,-1.0933387,1.3214175,0.6171758
117607.555,-2.7909296,1.4284681,0.029754186
126677.46,-4.050307,2.864797,0.09490377
122048.266,0.55209917,2.6727943,0.16191089
117174.28,-1.2440923,1.6170677,0.50433755
133440.34,-3.4189029,3.011956,0.14311624
121380.5,-0.86636835,2.3098257,0.25830495
133143.11,-1.7314674,2.4079804,0.045391444
118251.734,-3.9063818,1.7376325,0.066808015
124797.195,1.278102,2.5197792,-0.7054491
129104.13,-1.3450128,2.9821389,0.120454274
121348.766,-3.2204585,2.8908372,0.004954675
121515.055,-2.5115514,1.8171766,-0.020515922
125273.26,-0.58501095,2.4004006,0.81451255
123720.58,-2.7278752,0.21223187,0.018805182
118142.1,-3.9210408,0.3568986,-0.09346927
118258.63,-0.3082006,0.7726338,0.2695421
124702.34,-1.037905,2.7275066,-0.044319298
116783.09,-2.353336,1.5150313,-0.54830927
118312.22,-1.9100752,2.744798,-0.5170558
123221.04,-1.2682352,2.9443407,-0.1962845
120211.39,-1.0494343,0.4441278,-0.03185099
133422.03,-0.7053623,2.69147,-0.023199294
133077.77,1.7730861,3.0234466,-0.3987142
115994.125,-1.2125564,2.7323306,-0.07594213
128304.516,-1.0794827,2.5834677,0.6433948
134044.42,-1.7300019,1.6708994,-0.025346575
121769.086,1.1429387,2.581359,0.035551984
128296.305,-1.9736491,2.8053918,-0.0333215
133693.9,-3.1758685,2.884957,0.12605475
126946.56,-1.502207,0.5667537,0.08987158
124066.55,-2.0836763,1.4523199,0.13574006
119250.56,-2.4780188,0.90266085,-0.1635917
118751.336,-1.391386,2.200108,0.16773497
132871.97,-0.79835445,2.7112384,0.32948056
122928.82,-2.25713,2.8737218,-0.20070224
116265.875,-2.214246,0.44393528,0.038054235
125932.91,-3.161294,2.997634,0.04144508
133983.25,1.205468,2.435492,0.12217048
122187.08,-4.0286775,3.1041784,0.23939481
130582.375,-3.1944287,2.8824391,0.040692467
120633.414,-1.0737062,2.8919482,1.3981006
116160.41,-2.4750757,1.2462238,-0.18238737
123866.41,-0.28711146,0.092489004,0.022724159
126664.07,-1.2514355,1.7768221,-0.11850231
127498.266,-2.2285864,2.7713382,-0.0834041
116867.63,2.1235952,1.2041171,-0.093610935
126372.3,-2.8382454,1.4457772,-0.23550273
120591.36,-2.2494526,3.0593028,-0.03428226
126355.78,0.48921973,1.4520979,-0.23493837
117042.32,-0.5633169,3.0477808,0.028826164
120322.43,-2.1226325,0.049809694,-0.011545094
120419.86,0.85797733,0.5230154,0.052389845
126935.41,-2.361533,2.3064165,0.15261793
131740.92,-0.67366624,2.2503617,-0.18145095
128641.65,-0.433798,3.0082104,0.024235405
125831.44,-1.681097,2.4366333,0.0492807
128389.92,-2.7014656,2.954781,-0.13424529
120558.96,-2.047268,0.04881391,-0.1595724
120256.48,-3.5546453,0.9817267,0.07652444
122325.625,-1.7072982,1.9648201,-0.5890776
118641.21,-0.02005685,1.1536694,-0.8588714
119394.37,-3.0868042,2.7496536,-0.1396019
117144.125,-2.6735027,2.274066,0.064574614
121043.07,-2.4306874,2.7832634,1.1971263
125156.125,-3.143376,1.3579984,-0.13311231
131262.0,-1.723516,1.253628,-0.77451384
117465.84,-0.8524054,1.1220376,-0.2033102
129129.55,-2.0319993,0.45186996,0.10643403
129338.39,-2.7161503,0.6977899,0.17776453
117401.91,-2.3682885,1.1379695,0.05956092
127827.234,-0.5995559,0.30045033,0.04616869
116840.86,-3.0464034,2.2912254,0.12754825
127740.055,-0.6972237,3.1248052,-0.0015779206
126471.375,-1.5465696,3.108475,-0.04115626
134547.62,-2.6624112,1.5210449,-0.18324867
119307.82,0.70128614,2.0989761,0.86751914
124395.76,-0.16595136,2.7542753,0.83170664
118820.95,-2.8204885,2.45821,0.07346322
133946.45,-4.079058,0.7533464,-0.0697784
119599.58,-3.0803154,2.539112,-0.16551018
117702.05,-1.5009334,2.943433,-0.011510213
129002.35,-1.6036229,3.058994,0.050627258
126337.15,-2.8131135,2.9448462,-0.066053346
124679.48,-2.0995584,0.054843366,0.120473586
134309.8,-0.03626626,1.855726,0.14251556
121423.02,-2.0007272,0.49564874,0.025109053
117267.79,-1.2478039,2.3554018,0.69847494
130961.016,-1.530152,3.046386,0.07184025
134910.55,-3.321253,0.4374913,-0.08263502
118793.6,-0.8233484,2.7492394,0.50973755
115008.14,0.7622642,3.0260198,0.018734882
125379.04,-2.3336554,2.2312753,0.058965098
121019.29,-3.9271915,0.32794988,0.040694907
118150.195,-0.82848334,2.0784445,0.24179716
116367.09,-0.044968843,2.9589314,0.012140417
129091.38,-0.37778023,2.7199998,-0.05673031
132223.75,0.012837036,2.2998495,0.45072633
126362.49,-2.6884406,0.658526,0.03241419
123501.19,-0.11114172,1.1389543,0.67426467
133288.06,1.0244683,0.0961082,0.005887409
133755.58,-2.3830485,0.97151875,0.2420418
115303.875,-2.5252025,2.1685915,-0.014693026
124877.61,-2.9875908,2.9643447,0.54636854
121485.77,-2.0777607,1.2547745,-0.25973842
133408.52,-2.259733,2.0060487,0.28288656
119375.73,0.060232867,3.072674,0.12510435
124976.28,0.7485448,2.9364924,-0.13429376
117380.96,-0.95827585,2.839664,1.6093228
126111.25,-0.6776253,2.1443672,-0.03249321
123268.17,1.6522355,2.6306577,-0.14681707
120899.07,-1.3537701,0.85198504,0.043596625
129492.484,-0.11364564,2.8688545,0.044148132
132932.73,-0.4849111,1.556246,0.12740576
127579.99,-2.8129704,1.7645667,-0.09611718
125120.73,-3.086346,2.9255815,-0.08882559
119914.23,-4.0972824,2.1378205,-0.005581096
124864.77,-0.36358824,1.0565768,0.26918775
134152.4,-0.93512803,1.0598876,0.26237676
115386.99,-2.700553,2.8878465,-0.15948917
132512.81,-2.126868,2.1369743,-0.11071172
127744.42,-1.0099531,2.9183517,-0.0049206116
121703.734,-0.3613863,2.775164,-0.31523812
115729.91,0.71735513,2.8565981,-0.37922123
131862.62,-1.0098406,0.71971965,-0.06119974
126350.414,-1.1694568,3.1298535,0.04895865
115210.72,-2.446738,2.4624228,-0.059660677
129690.96,1.0661224,2.1129122,0.07525781
128912.59,0.5399998,2.2050922,-0.13088302
120226.766,-1.6667286,1.3937722,-5.396705
117149.07,-1.1101526,2.63634,-0.08249312
120183.984,-1.4029818,2.5891023,0.2532297
116228.16,-0.71210295,2.8232286,0.19907531
124920.28,-2.7096407,2.3864934,-0.83422583
119193.99,3.1081047,3.0355592,0.023385206
122215.98,-2.259249,2.1736002,0.44170648
115424.86,0.91637504,1.3256369,-0.6121006
131044.32,-1.8974918,1.4651744,0.046525743
129506.8,0.28457415,3.0366108,0.11677271
120204.9,-0.25966424,1.4947909,-0.16983974
126135.734,0.47600403,0.05488634,-0.023990938
126493.9,-2.1400132,2.965549,0.068516225
121863.266,-3.805409,1.214966,-0.13859089
132930.61,-1.3343583,1.387276,0.1322575
123612.87,1.7687414,2.8710103,-0.084737204
117947.77,2.2217472,2.5129435,-0.11143739
123392.71,-2.3250356,2.8839898,-0.06880462
117571.51,1.6994392,0.07779312,-0.0040902635
119298.734,1.214124,2.0543935,0.24856836
120896.734,-3.283698,1.19553,-0.13229685
124349.9,0.66364104,2.6662452,-0.36318693
120991.53,-2.1406367,2.658761,-0.03254552
119509.26,-2.662055,1.4686896,0.57832897
133906.77,-3.087143,2.0433815,-0.041853838
124216.016,-1.5690519,2.1420712,0.15786386
119880.23,-2.1859307,2.6773283,0.21073805
132336.75,2.8006954,1.4361975,-1.4642748
123070.92,-2.3038328,0.935143,-0.4405516
115195.84,-1.1780095,0.5101172,-0.18058158
128513.31,0.9130647,0.766902,0.1266112
121561.336,-2.3998222,2.8012948,-0.09854701
127521.875,0.80677235,3.016158,-0.001414583
124333.914,-2.9595895,2.5213563,0.17058621
134739.88,-3.7510087,0.94936943,0.07274624
115681.5,-2.430429,2.6378026,0.23394178
115775.48,-2.559701,2.6889136,-0.06519969
122920.06,-3.162809,3.1192832,0.14602976
115277.78,-0.80123127,2.838326,0.13217244
131544.05,-2.7564712,2.5580425,-0.3644768
133413.72,-2.497312,3.0239007,0.005100962
128347.8,0.3181505,2.9831052,0.05425108
134909.02,-1.1204242,1.41303,-0.34794617
126198.84,0.115783304,2.432515,-0.695957
119031.47,-0.087412566,0.50903875,-0.5263205
116628.7,-1.1347743,2.4925134,0.19455726
123870.48,-1.0157759,2.745373,-0.1292873
133323.89,-2.7099664,0.5594053,0.08092226
127405.39,-1.7727207,2.766743,-0.072559044
115571.56,-2.370721,2.4575653,-0.19200844
118735.445,0.7240631,1.0424556,-0.3944236
126753.516,2.2675076,0.1732226,-0.018928906
133081.17,-1.8867288,3.0576367,0.018178057
132061.77,-1.5728933,2.0412858,0.1999119
124233.87,-3.9041708,2.9227276,-0.010145097
118916.66,-2.225375,1.8877144,0.67322063
131625.55,-2.5498745,2.1724238,0.34309876
128916.14,-2.7752032,1.4128139,0.1785349
121493.88,1.44779,0.7562953,0.18074606
122820.445,0.27085158,1.0582964,-0.16708054
119027.22,-2.8079333,2.733164,-0.083495155
132489.67,-1.922402,2.3996847,-1.8540694
129796.32,-2.1855621,3.0380397,0.21850717
128140.57,0.29917789,2.8837888,-0.16720553
127995.75,-3.412524,2.9866836,0.09694777
125521.13,-2.18697,2.9743147,-0.0838763
115758.12,-2.3476572,1.8120675,-1.097823
133822.39,-3.8918133,2.7037916,-0.20126517
123952.3,-0.5901645,1.8142718,-0.0130189685
130627.89,-0.77876806,2.960836,0.023984121
124210.32,1.4066259,2.8001873,0.05943301
134683.7,-1.41716,0.73434925,-0.06324277
118695.984,-1.6146774,2.8766134,0.045226146
117955.77,-3.3196962,0.91511035,0.057478372
115673.234,-0.2502976,1.4283078,0.21034609
117264.945,-1.1676043,1.046767,-0.14089
125897.68,-2.4977908,2.773011,-0.14359833
132674.22,-2.2459908,2.1254997,-0.05295892
117196.35,-0.64291984,0.8436407,1.6178946
122338.984,-2.3459573,1.8161783,-0.013308082
126931.55,2.4930334,0.31093818,-0.1108855
115267.08,0.13464993,3.1043344,0.15076904
115541.03,-2.095256,2.9227884,0.18745296
128102.61,0.8792863,0.019065022,-0.013454215
133768.38,-2.58592,3.0404122,0.5586215
123254.586,-1.6789418,2.3674393,0.46531075
126114.195,-0.26576382,2.015648,-0.5173061
123642.98,-3.2450128,0.96290165,0.1556073
123227.11,-1.6099843,2.97777,1.6655885
121368.67,-0.039928038,1.467625,0.114729516
122681.15,-0.39803514,1.0058385,0.61838025
122715.02,1.048418,2.1710129,-0.16459772
116278.734,0.36117554,1.6489842,-0.12290537
134132.16,-2.51722,1.0759734,0.14844148
121560.89,-1.8634717,2.4474447,-0.8205578
134497.8,-0.07711679,0.8825596,-0.17045341
134013.92,0.18365863,2.7291796,0.14518325
129692.164,-1.3427718,2.4823706,0.06991421
118516.64,-1.6552008,1.9092314,0.014281029
126506.305,1.8642585,2.7197478,-0.04166543
128849.49,-0.83860034,1.3928202,0.18158776
120576.055,1.7744131,0.8914851,-0.20100857
122249.49,-2.5499012,3.0956082,-0.01664861
116371.89,-2.3935907,2.4392812,-0.34613305
123243.53,-2.5497794,1.7218432,-0.3431672
132004.69,-2.5936918,0.29796523,-0.052295104
119147.71,-3.1370914,2.9585114,-0.053512443
115161.29,-0.26113096,3.0643308,-0.03454392
118755.94,-1.3725917,2.7712753,0.016450154
115157.88,-2.2215118,2.2539482,0.23232597
121642.25,-3.2724538,2.6715963,0.033282336
121409.24,-0.27373534,0.74071574,0.04860934
118377.24,-1.5631787,2.574266,-0.12316567
121291.445,-0.92742455,0.7845919,-0.1369814
123600.695,-1.8403565,2.7618787,-0.3945543
133309.17,0.0029916076,0.6701973,0.42096403
129598.67,-3.3603268,2.8344243,0.080582745
133976.61,-3.910571,0.13211775,-0.2808461
117618.55,-1.7439396,0.19314891,0.057633925
131888.28,-0.67555803,1.82298,-0.28012225
123697.914,-2.9997337,2.8596857,-0.008571159
128561.8,0.9084074,2.629236,0.014096343
129555.055,-3.1691067,2.4035747,-0.15359975
118944.05,-1.6778626,0.017638206,0.0016862801
131287.61,-0.9282374,2.7225838,-0.24236545
122677.07,1.2016566,1.8269678,0.14631869
127948.84,-4.0627317,1.050426,-0.51037186
132528.83,-3.0473073,2.5785685,-0.09087577
125218.01,-2.7027695,0.604007,0.17177135
123123.71,-1.3777448,2.1498868,1.0779172
130631.48,-0.39309663,1.8732829,-0.11373074
120434.76,-1.16246,2.5573754,-0.01816608
129366.4,-2.562626,1.939765,0.02556748
118103.58,-2.9348657,2.3415499,0.13653165
117399.74,-2.5338118,2.5936127,-0.79459435
133448.53,-3.1319745,2.9398692,0.5672999
127597.85,-0.7698208,0.7758312,0.4300695
128375.766,-0.2006181,1.1454501,-0.59048295
123914.08,-2.9488077,2.2880254,0.08363474
116960.38,-2.8673637,3.0055203,-0.008175402
126587.51,-3.4462376,0.4601102,-0.02828166
133750.11,-3.2214305,1.7355795,-0.15403105
133197.61,-0.9264557,2.9751241,0.03288846
118176.06,-3.865879,0.6612339,-0.126504
121857.914,-2.9181623,2.9644542,-0.004896228
133671.95,0.38209367,3.1193204,-0.034559254
119052.6,-3.2258353,1.589294,-0.07136082
124379.586,-2.7593603,2.6384573,0.027551498
131924.4,-3.34493,0.5057088,-0.37126815
123280.34,-0.40386355,1.5085748,0.07759369
125234.66,-2.353177,2.402675,-0.052840017
122028.19,-3.0693328,0.39779353,-0.37747496
117636.42,0.40157482,2.5933993,0.13243647
123682.47,-3.2040594,2.2508342,-0.04700749
121093.29,-0.008694488,1.8211443,0.09631507
126371.164,-1.3461274,2.1337323,-0.014761181
116990.555,-1.845898,2.690817,0.3199076
121063.49,-1.83095,1.1682129,-0.61387634
121229.28,-2.0265453,1.5975628,-0.42367035
124107.14,-2.3624055,2.1404867,-0.0018353603
118549.62,-2.249695,2.7977848,-0.11497484
130680.57,-2.5200717,3.1320958,-0.030302078
115846.95,2.1651766,0.08647585,-0.056196935
127889.21,-1.180362,0.7811503,-0.14022647
115148.67,-0.4251063,0.5102656,0.09574771
116955.85,-2.0122607,3.0411413,0.027142407
115171.25,0.7759343,2.6310415,-0.09073227
119985.69,0.60289204,1.3633763,-0.14181514
118165.81,-3.9189084,1.482244,-0.19125757
130179.26,-3.7121885,2.540363,0.112390295
119285.19,-3.249907,2.5972145,0.99356383
126721.85,-3.3998508,2.2135792,-0.06892537
129086.98,-3.1455173,2.5752425,0.21219589
130993.266,-2.330593,0.9361258,0.6358259
128390.28,-3.0211527,2.8025823,0.036181882
132563.61,1.0095605,1.5501786,-0.6576591
122750.11,-0.06372486,1.4553314,0.28926834
125287.71,-1.3557707,1.3260801,0.13805805
125676.945,-2.3172276,2.9862785,-0.12503023
118485.81,-2.7325974,2.983816,0.025684632
117250.44,1.6900762,0.436473,-0.07290891
121397.38,0.9980837,2.915156,0.006838793
125603.375,-1.5422621,2.4437509,-0.03870034
120512.38,-3.4400933,0.5347316,0.02999395
124162.01,0.649076,2.5055838,0.17179917
116961.164,-1.2319696,2.4865346,-0.367917
124812.46,-3.1396687,3.0252707,0.082773134
122083.375,2.8761318,2.368735,-0.14854483
118002.43,-2.151638,2.3631845,0.10868861
125124.62,-2.9481294,1.6135217,0.17323561
132821.42,-1.2207506,1.7596291,0.29303497
130582.76,-3.0710773,1.6731932,0.21273477
124381.125,-0.9532031,2.3966155,0.18063754
119052.65,0.5467499,3.074963,-0.17747806
127190.05,-3.8444557,2.73704,0.045014415
131607.75,-3.8007903,0.21229827,-0.005569231
126403.125,-0.6563056,2.9122214,0.10385356
128985.375,1.2177525,2.4720352,0.4073335
128751.445,-2.446291,1.6575488,-0.016688926
125182.93,-1.7245413,1.7148508,0.22982718
115573.59,0.9077972,2.7302728,0.77138793
134314.7,-1.8862839,2.6125116,-0.00076040154
128977.44,-2.342946,0.52361035,-0.030224405
129954.04,3.2028165,1.0979017,0.14824656
133537.67,0.21367139,1.8244383,0.11947952
122093.62,-2.8412828,0.603199,-0.03086199
126680.62,-2.9463077,0.59094095,-0.0945257
119339.516,-2.2303135,0.33515286,-0.014952767
119749.06,0.956436,1.0010906,-0.2612312
120410.06,-2.1643298,2.633648,-0.03605767
126787.766,-3.8054466,0.606764,-0.06845394
118400.32,1.6858044,0.51789963,-0.17081687
133468.38,-3.1585057,1.8177847,-0.17750098
126850.734,-3.6531003,0.54734886,-0.05095355
128145.85,-3.4371383,0.11776956,-0.023407556
116408.875,1.2986195,2.547665,0.124136865
118934.25,-2.9448318,1.7790681,-0.17170885
115990.19,-1.6499842,2.2695146,-0.59506965
119530.766,-0.9867346,2.7352154,0.32857567
133464.8,-2.5595818,2.871889,0.1232815
115404.234,-1.0979263,2.254338,0.040585365
123789.97,-3.5226057,2.4797952,0.03353942
124224.02,-2.875564,2.666447,-0.1336204
119810.25,0.030764954,1.1856637,-0.27604273
122452.945,0.23695695,2.7004533,-0.3447584
124642.734,-2.107846,1.9632212,1.3471961
123605.12,-2.0153592,2.8463056,0.2547987
119824.7,0.11700973,1.6638434,0.38924384
134216.06,-3.7139184,3.12307,-0.122503094
121619.836,-3.4461992,3.030941,-0.1710051
115047.75,-2.781032,3.04693,0.012531804
121171.95,-0.31384486,1.7861362,0.075640604
120931.555,-1.7024145,2.4368875,-0.11693825
128206.88,-3.4777937,2.1993585,-0.1407282
130327.46,-0.9064948,2.4067807,0.008032346
132428.55,0.00287774,0.35932973,0.24714208
125260.07,1.007736,0.0144661665,0.0031432207
119103.164,-2.6821866,1.8171487,-0.028840791
115826.49,-0.4579668,3.0452456,-0.2267339
118261.22,-0.8643017,3.0250142,0.005303276
121039.87,-2.1595914,2.716495,-0.23317632
119517.97,-2.6724083,0.86244875,0.10188803
134941.81,-3.440923,3.0653675,0.09896462
116475.93,-0.23595434,2.0012636,-0.2241663
117257.05,-1.1028223,1.6557275,0.061531223
128250.61,-2.3267949,0.9803246,-0.58917916
116391.96,-2.4773579,2.3160305,0.18003467
124641.36,-0.69141036,0.61957735,0.0912956
115234.664,1.8464047,1.2733713,0.13522907
123977.34,-2.4338026,2.8817587,-0.31010523
115554.95,-0.82786226,1.1918758,0.790288
116889.99,-1.2078816,2.889484,-0.09056511
125720.836,-0.95661676,0.23180032,-0.019385625
122024.414,-3.7725406,2.7110057,0.019022172
129269.12,-1.4916605,2.8148224,-0.43559667
121182.9,-1.228262,1.4644117,-0.96141696
133555.62,-1.8596131,1.0112293,-0.42278093
132202.58,-0.9475899,3.015574,-0.09847531
130280.84,-2.609103,1.3431187,0.21133915
128615.71,-4.1006737,1.3335537,0.032560673
126599.43,0.29092222,2.642086,0.22034945
117894.65,-0.97416997,3.0761588,-0.061189815
124022.37,-1.0011592,0.1778071,0.09798539
116091.914,-3.7820048,1.0642005,-0.14876956
120223.414,-2.0736892,2.9303958,0.10320535
130813.266,-1.9948791,2.9999063,-0.16698216
118063.414,-1.6228195,2.6667228,0.047899153
120636.234,-2.4735866,2.9831643,0.029320912
127921.88,-1.9045138,3.028235,0.017066691
121415.1,-0.9586125,0.73127365,-0.04437242
122213.72,-2.8533032,0.0734367,-0.06425074
115019.2,2.534198,2.4210365,-0.089231715
122803.48,0.96247905,2.8202982,-0.016953658
122127.5,-3.1824934,2.8105516,0.44629923
126867.61,-3.5480583,0.19481659,-0.08353406
119046.66,-2.9536767,1.8472023,0.13669145
116561.51,-2.6804326,2.2615364,0.31982258
131110.83,-1.4979146,1.7204322,-0.7534993
127457.86,-2.2503028,2.2271779,0.48144606
121850.57,-3.3646398,1.32939,-0.13803902
117770.18,-0.5613401,1.7080338,-0.10638992
122333.78,-3.3312776,1.5337106,0.13556202
127310.55,-1.9522843,2.9882727,0.06859215
134811.6,-0.032720994,2.3179393,-0.38743904
118782.805,-2.5985265,1.6090412,-0.16781068
121008.72,-0.76878697,2.51089,-0.54994667
117529.36,-1.7635943,0.18388377,-0.4380842
116477.42,-2.3892443,1.5853207,-0.420454
128746.664,-2.3410378,2.7996013,0.5955645
124505.73,-3.0397005,2.2217696,-0.046140846
120577.09,-1.0704443,3.1359596,-0.5982518
117579.21,-0.76386726,3.0949788,0.03482135
125803.9,-4.0859013,1.2108047,-0.4277301
127047.336,-3.0546165,2.335312,0.049301427
130038.09,-1.365159,2.5741165,0.05935477
131933.58,-2.1946192,2.504551,-0.042055484
133468.67,1.0515255,0.28420138,0.08239538
122632.25,-0.9587628,2.7378302,0.037768234
129328.29,-1.8096645,0.88215184,-0.079156816
123552.82,-1.7007383,1.9699374,0.052713312
119737.51,-0.0029804374,1.5513076,-0.18993925
125531.82,0.25274524,2.8392944,-0.5629591
128667.09,-3.6112893,2.0036788,0.030131478
117434.7,-0.9554975,0.24620712,0.079367355
116971.97,4.2727146,1.2565233,-0.4080397
131144.23,1.2188828,1.0866147,-0.6550495
121061.57,0.08457138,2.1860409,0.20661537
116004.516,0.30599472,0.12345004,0.007435687
132555.23,-3.0539477,2.8458648,-0.01615693
132429.28,-2.8665476,2.9416945,-0.26517487
126595.7,-2.1969588,1.0996897,0.20437771
126491.234,-3.332601,2.4731498,-0.009499696
123278.945,-0.75667626,2.1638312,1.4293202
132896.84,-1.0324321,2.9411223,-0.05326607
117120.09,-1.6008848,1.819924,-0.21113871
127451.67,-2.7708073,2.873682,-0.039724838
120663.38,-3.3252938,2.8138525,-1.4645585
127164.766,-3.8128493,2.481241,0.03952413
117881.28,-3.7936044,1.5656497,-0.2626701
124537.484,-3.4954653,2.6818104,-0.10786869
119516.23,-3.3775947,2.8807373,-0.024305388
131927.28,-2.1425006,2.1815734,-0.09409412
117502.99,-2.2565014,2.0564663,0.06311339
126302.29,-1.1137874,1.513919,-1.834436
130230.195,-1.951746,2.6392183,-0.2586187
122324.234,-3.2234101,2.1291466,0.113736495
130028.91,-3.3271341,2.9526012,-0.033711627
132365.22,-3.3659272,3.0319932,-0.07182987
120328.89,2.052468,1.6889076,0.34771323
126889.56,0.66712993,1.9048535,-0.26439038
115506.77,-1.624491,0.27020168,-0.032626614
133844.48,-2.078318,2.0769355,0.14970507
123118.63,-2.3233716,2.6419842,0.021639574
125467.8,-2.5348005,0.8145646,-0.12671989
119133.56,-3.5173268,2.7334576,0.11125175
116372.195,-1.4209924,2.7536697,0.09704076
128195.97,-3.4262462,1.28958,0.09445106
122979.04,-3.6777568,2.6891375,0.11339985
126124.06,-0.45375547,2.229073,-0.25503314
126940.64,-1.0454385,0.27533293,-0.053761926
130027.664,-0.55186987,0.33926225,-0.05894209
123139.91,1.730761,0.012887239,-0.021314625
116415.36,-2.9523842,1.3854654,0.6213527
133137.03,-1.7512441,0.2949624,-0.06826949
115531.82,-2.294301,1.7016016,0.21201447
125554.63,1.1179354,2.397876,-0.05809656
134381.4,1.3363322,0.11205423,-0.031641293
119972.68,2.6550858,2.320482,-0.06389068
129213.414,-1.4511124,2.0377336,-0.14369118
124666.63,-3.1342063,2.0299907,-0.008914663
122877.79,-1.3639878,2.8622713,0.0060947714
120096.94,-0.9293243,2.4561818,0.07077922
132188.34,-2.017504,2.836567,0.21256426
120369.26,-1.5746493,1.3606942,0.20187627
131302.33,-0.09607526,1.0416869,0.27247855
120650.375,-1.0006722,1.5448437,-0.7792945
132590.17,-1.8370451,3.0179052,0.05791621
119325.62,-1.8375789,1.3004487,0.047206335
116961.08,-2.2077932,2.7396352,0.3939513
118570.38,-3.0377445,2.9381156,0.18344666
134382.3,-2.9840345,2.753286,-0.82610184
132993.23,-1.1467997,2.8624108,0.13676009
118653.7,-3.1557968,1.5838723,0.016446516
116436.82,-3.9460337,1.5032655,0.09709102
124493.41,-1.0382454,2.9240997,-0.007056781
124782.734,2.0359857,2.849146,0.17730823
125912.23,0.22497226,2.7413175,0.036938526
118856.26,-0.84324855,2.3302326,0.12792528
122000.31,-3.3628404,0.054148734,0.44844177
124145.31,-0.31274366,0.99313164,-0.4467408
116392.695,1.4730343,2.9632545,0.02645537
126728.77,0.43064702,1.1802707,0.26798114
117955.02,-0.91816413,0.22577894,-0.08203297
116221.34,-4.055164,3.0838182,0.014296453
122609.625,0.26164147,0.3375185,-0.02851815
131446.72,-2.7491202,2.5536237,0.2670353
123244.54,0.6275076,1.9095948,-0.23210904
131588.31,-1.776597,2.7851639,-0.4397755
116232.98,-3.5332415,0.8766314,-0.040780284
119784.82,-2.4513726,2.574226,-0.07600624
126383.49,-1.2615012,2.5636432,0.5535944
123976.53,2.6064327,1.5620719,-0.24986425
122803.35,-2.5105157,1.9167831,0.5409436
120897.67,-2.0367427,2.5861514,-0.23274729
129976.695,-1.9194764,2.446588,0.3005416
116307.51,-3.142183,2.645635,-0.21459325
130495.29,0.25497723,0.8748357,0.054963116
133372.94,-1.1942537,2.5343375,-0.21280307
115482.48,0.17376971,3.0582771,0.124648176
117905.95,-1.1357393,2.3698816,-0.02005845
117112.99,-2.8423896,2.8568826,0.0042920806
130360.32,-1.7801852,0.93709457,-0.63484204
130162.766,-4.1059337,0.19679904,-0.025823094
125416.09,-1.8839579,1.2155329,-0.23897149
127967.484,-1.1324564,0.025325537,-0.037504848
128366.93,0.969407,1.5564746,-0.10608825
130945.234,0.20058514,3.1085625,-0.07974072
134376.34,-3.420076,2.2482817,-0.050390966
118046.086,-0.15265428,0.7968415,-0.23518524
129282.37,-2.8689427,2.6183655,0.057203192
125020.125,-2.0938385,1.8999918,-0.056658678
119746.555,-0.38767985,2.4870691,0.080237344
120594.91,-0.56634915,2.5514667,0.028570095
130444.01,-1.8859571,2.1837707,-0.29450038
134017.25,-3.5012505,2.204293,-0.6630523
125565.336,-2.5186243,2.856594,0.1815622
124397.16,-2.4677632,0.9531944,1.6847835
126456.51,-1.8045943,0.9052964,0.10775715
123471.5,3.2862265,0.062873006,-0.013302719
132832.38,-1.612399,2.7579477,0.051903326
115207.74,-3.0463588,2.87706,0.12956578
118638.03,-4.2972226,3.1154456,-0.011323064
126336.19,-3.4277534,2.506426,-0.060270283
119018.55,-2.7656958,1.7486856,-0.10450038
116858.125,-2.4264994,3.1319714,0.27522045
118416.016,-3.1655636,2.5200782,0.10890489
129721.07,-0.41452998,3.0369282,-0.024655845
131879.42,-2.1369102,0.98915637,-0.2859414
126278.64,-2.7485127,0.52327967,0.04741429
125895.37,-3.5476387,1.9751723,0.9626704
129411.016,-2.5440037,1.6420234,0.11986234
132858.1,-0.99009866,1.0974181,0.0820265
120877.81,-2.6673982,2.8115609,0.064617746
121754.81,-2.97137,3.0891082,0.24608047
129830.35,-1.6650181,2.6954432,-0.9810645
134827.73,-2.0436623,1.5302427,-0.1674942
115406.45,-1.1197394,2.2312963,-0.0030531478
119541.66,-2.0891008,1.997279,-0.19367968
130614.43,-3.3693743,2.9678237,-0.03173332
116444.7,0.98621345,1.0649542,-0.070333436
118576.77,-3.204142,0.3646946,-0.034844372
123170.27,-1.1071509,2.6006033,0.097097546
124111.05,-1.9853779,2.0284457,0.4187777
115446.58,-1.5006267,2.834179,0.032534607
130389.34,-2.488657,2.9572456,0.41087916
133339.47,1.4363807,2.6540856,0.19165598
128352.88,-2.0687933,2.6763124,-0.14727513
125190.97,-0.7325174,3.1391299,-0.029384311
116556.83,-3.167388,2.669152,-0.2028932
116715.91,-3.266658,2.3252835,0.3036128
115254.01,-1.9709522,2.6197057,0.030683076
127576.38,0.23899877,0.19209614,0.13245256
126105.44,-3.0014505,1.6265116,0.15335716
133341.89,-1.7566628,2.0765715,0.27977878
117541.01,0.9537822,2.902912,0.08692577
118913.16,-2.712674,0.83974963,0.43946263
127624.98,-1.5980825,0.6221036,-0.2898699
118750.78,3.0259352,1.4535946,0.6477117
130882.92,-1.3648623,2.4520354,1.0363405
121282.6,0.89068353,3.003161,-0.025304291
134299.88,-3.7497888,3.0172298,0.0008130265
132561.6,-4.485815,2.7015398,0.03436416
134276.58,3.717634,1.7727103,-0.58156383
124300.36,-3.615669,1.8423349,0.06122527
116693.28,-3.1740513,3.0641954,-0.1317217
120741.47,-1.1348525,2.9828238,0.013539518
120158.43,-2.7567763,1.142074,0.05198091
125163.23,-1.4822108,1.2199214,-0.11602659
120239.73,-1.8420279,2.778275,-0.03620997
124359.19,1.8571147,0.63894784,0.4286942
119041.08,-2.5892725,2.7471848,-0.2698332
127466.85,-4.0588336,0.41397604,0.035032924
118136.1,-2.7819393,2.3626146,-0.6025004
129353.766,-2.0535674,2.1282666,-0.22540778
120765.87,-3.7528665,0.7352164,-0.06708444
121383.78,2.1672776,1.1827083,-0.12081762
125698.43,-2.678919,2.647202,-0.006263546
129726.3,-2.114998,1.4814717,0.08825207
122668.055,-4.0436025,1.4804745,-0.016117107
116149.11,-1.9184649,1.6909723,-0.10944815
119624.484,-2.8173974,3.0067015,-0.08994981
131133.11,-2.030002,2.6829486,-0.05777219
118036.94,-2.5002832,2.6302614,-0.3711291
129637.336,-3.002101,2.8076427,-0.117259495
128365.13,-2.006773,0.1779027,0.13866527
115029.945,-0.73374164,1.2814021,0.5433306
131928.98,-1.0894682,0.3253504,-0.011703273
117689.836,-1.4371885,0.22321998,-0.14421031
134438.66,-1.431034,2.8879797,0.091822036
132178.1,-0.67941153,0.86310506,-0.087099865
134106.47,-0.76019377,1.4010284,0.13631079
115902.52,-2.9174848,2.8586068,-0.27488282
123569.57,-3.1834419,2.931244,-0.42543265
116315.86,-3.4391472,1.1724279,0.029839428
130516.22,0.7080107,0.86913764,-0.05148862
122638.86,-0.0884634,2.9983048,0.041218847
133192.78,-1.8856555,1.5238303,2.7812555
120623.12,1.138264,2.1645722,1.0804695
128807.02,-4.0610733,1.9823061,0.25315332
116338.99,0.64230204,1.5851872,-0.2539032
121847.31,-2.792267,2.283333,-1.4990261
130295.516,-0.5467027,2.6211307,0.18400721
122369.0,1.6878098,0.12863827,0.052403875
132305.14,-2.1055067,2.8589184,-0.013670796
125560.22,-1.7276614,2.3305633,0.1233427
125366.07,-1.8029459,2.1350977,-0.71958244
129882.43,-2.9705598,1.3740157,0.15242817
128401.195,-0.53115374,1.2569815,0.10833821
127078.9,-2.931501,1.2028939,-0.052325908
118351.35,-3.1171055,3.1361246,0.08308995
124895.86,-3.5121047,2.4793885,-0.07971504
115761.02,-3.076833,2.6403723,0.07719707
132820.9,-1.0719252,1.5973525,-0.6353893
125529.59,-2.338581,1.6109735,0.02596311
132037.45,-3.6582088,0.119954824,-0.010805368
130842.586,3.0057113,1.45337,0.21613759
117863.05,-3.0053158,1.5556517,-0.07027894
130591.08,0.20124538,0.1614945,-0.08465524
124836.77,-0.9162274,2.4974918,0.2400216
121731.29,-4.354072,1.6159225,-0.119757
120518.87,-3.1292408,2.6531842,-0.048295416
118469.7,-2.1132455,2.5965085,0.25183058
134684.36,-1.5067122,0.1525841,-0.04251881
121761.664,-3.1901598,2.4937677,0.030846
115787.55,-3.4472647,2.9620557,0.09336943
131718.44,-1.6148164,1.7478535,0.16387896
123745.695,2.4996965,2.7312336,0.10516653
132460.52,0.0318444,0.74142754,-0.32981178
121736.234,0.31220624,3.074311,-0.09141449
116602.336,0.22476767,1.9543062,-0.20787662
122425.07,-0.820515,0.26855564,0.101921186
122224.24,-1.509599,2.9707558,-0.20106722
134030.08,-3.1686757,2.3538938,0.3731459
117996.48,2.5107307,1.816446,0.20596927
125812.32,-2.7997975,1.5466352,1.0110633
126608.95,-1.9055023,1.1256826,0.06862884
118102.88,-3.3261979,2.897248,-0.20378403
123732.695,-4.351308,0.72291684,0.07397226
118395.69,1.2144947,1.575404,0.12182462
118295.875,-2.1636376,3.053666,0.061493054
123897.195,-2.670812,0.7448584,-0.2316711
128056.29,-0.7258587,1.9745734,0.14771573
132756.38,-0.08733262,2.437462,-0.3779891
120807.555,-1.5656761,2.9999564,-0.080380104
115705.21,-2.2155223,2.8495376,0.010772058
126820.0,-2.3554013,0.6243895,0.08486204
134153.77,1.4296908,2.2355926,-0.2296359
129899.836,0.0048584742,1.0622166,-0.14579156
127564.03,-0.23572525,0.24388579,0.11658472
132015.38,-2.239418,2.5003061,-0.07214856
120750.74,-0.94680977,1.7354856,0.16455343
131297.64,-1.7728846,1.8066845,-0.25752178
127921.95,-0.047117602,0.37845445,-0.03238423
127982.945,1.0885669,2.4308007,0.17755702
117774.31,0.76047313,2.884298,0.054401428
117763.89,-2.9936614,2.9598374,-0.157753
126262.07,-0.8128621,1.5890781,-0.18494266
127542.38,-2.6699774,2.8088293,-0.24174887
119565.836,-3.1997683,2.9743142,0.049696986
127802.23,-2.556285,2.9863636,-0.22343023
120152.984,-1.4474409,3.048158,0.19415298
132372.64,-2.320206,0.3689344,0.16916166
129871.37,2.5467749,2.8480167,0.031370513
116983.0,-1.1541692,0.6574026,0.04624275
123155.04,-1.1330762,2.0050588,-0.14088973
122694.56,-2.0817173,2.964353,0.02657917
119920.69,-2.0680127,0.4214236,0.11353353
115190.93,-2.4307542,2.2380736,0.2330953
131079.03,0.7342633,2.4960196,-0.14899069
126568.664,-2.4317071,1.7823502,0.14090376
130683.734,-1.5428778,2.7396903,0.03161466
129706.914,-2.4254975,0.5286506,0.7343539
125195.33,-3.3631117,2.387656,1.3232757
134128.61,-2.1334121,2.7774982,0.038136423
119246.92,-1.5596608,2.81087,-0.10550312
123857.22,-0.9778386,0.7685733,1.6918114
131582.69,-2.1613963,3.0916955,0.14613172
119782.336,-3.4247594,0.40967703,0.08516077
126871.54,-2.7475445,2.5807753,0.12427807
117610.125,-1.2016848,1.2351557,-0.09092176
125472.7,-3.2781458,1.6522135,0.10848345
118277.65,-3.2967553,3.1058438,-0.01293015
129743.03,-1.7025309,0.98838603,0.055344317
119266.32,-2.5482984,1.611479,-0.46058023
133573.94,-3.0901263,1.133043,-0.09179887
116917.234,-0.15915956,2.8138895,0.054282513
122677.54,-3.716502,3.0418537,0.4109924
127742.07,-2.0008018,2.708704,-0.02562934
122890.68,-3.0841022,0.003903389,-0.114591606
119363.34,-1.6672622,2.8006582,0.09926111
118560.08,-2.1696727,2.704727,0.097612716
131749.58,-3.8097162,1.6596674,-0.5464531
125704.39,-1.6305604,2.937508,0.011000164
127073.8,-2.44532,2.791027,0.015333848
115796.06,-2.721482,3.0672238,-0.09683867
125971.71,-4.0004554,2.2243714,0.4937818
129073.04,-1.8763582,0.24013686,0.060389083
118196.16,-3.2097285,2.9765558,-0.07463396
124754.57,-2.3820906,1.932683,0.08440015
129513.5,1.1544839,2.57127,-0.3743439
121844.73,-2.9792705,1.1721721,0.28035873
128645.23,0.013147097,0.74849665,-0.32011622
133608.97,0.25126204,1.7634871,-0.5059086
128086.38,-2.6814559,2.3911178,0.12953329
125079.93,2.0430462,0.15582836,0.039352693
121206.25,1.0727868,2.5397155,-0.06458759
124257.75,-3.587006,0.6163381,-0.066622056
128396.82,-3.3679051,0.09278822,0.028187688
116705.56,0.17662968,2.8926656,-0.09042116
116694.664,2.7083154,0.4438646,-0.14726202
125242.56,-1.6460522,2.8966265,-0.2501299
124874.14,0.79159117,2.7393613,0.26654708
124523.625,-2.0767212,2.2504187,-0.20142095
134083.84,-1.8851663,2.1177177,0.34664094
130510.86,-1.2868754,2.8333077,-0.13320494
131964.33,-2.8408751,3.0708938,-0.23101114
126835.69,-0.96093464,3.1067333,-0.124555685
116807.414,0.2554666,2.1056647,-0.19440112
119322.414,-0.6823514,0.26985025,0.0009709772
123787.6,0.30599707,2.8405654,0.06146604
117891.766,-0.9573955,2.1107042,0.90941054
128520.33,0.36196256,2.518777,0.14578474
116352.22,-0.5207329,2.1922755,-0.24336612
119256.64,-0.58229613,2.2931936,-0.14356157
126655.0,-3.670381,2.2467682,-0.075489014
119578.21,-2.875682,3.1363397,0.17971595
133708.03,-0.36723998,2.145854,-0.5081499
118081.38,-2.7178965,3.0282466,0.03360899
119440.79,-1.8343672,0.015746832,-0.021849737
115360.89,-1.8792217,2.893928,0.022706553
128964.44,0.47298354,0.37087953,-0.07199771
121417.31,-2.1438248,1.9162581,0.10054587
131071.586,-2.1567218,1.7714837,-0.17615083
125331.01,-4.2842293,1.7415599,0.15234034
119389.48,-2.4876335,1.5837334,0.031937145
119601.72,0.25858504,1.5181181,-0.16177535
116552.99,-0.89536685,0.8771502,0.095585376
128121.18,-1.5079955,2.7951436,-0.03544768
124102.375,-3.1853545,2.9848073,-0.14191161
133670.16,-0.6907569,2.811411,0.11271114
134662.48,-2.9473872,0.58866084,-0.07788152
120869.5,-1.0907687,2.991621,0.3802065
119206.55,-2.711809,0.010479927,0.0034539069
124813.69,0.28073397,0.97472936,-0.27266356
118824.74,-2.8813455,2.5258,-0.26869237
124284.67,0.23074275,2.782528,-0.23776503
119613.28,-1.2255607,3.1364083,0.01665829
118152.68,0.6799113,1.88687,-0.44783017
126942.86,-3.8297172,1.7749791,-0.48544827
125578.336,-0.21030763,3.0724888,-0.15112737
127431.984,-2.6804867,3.1351125,0.22427095
129627.875,-2.9933226,0.11745739,-0.11481505
125865.92,0.3407166,2.8598254,-0.1232221
115408.586,-1.2262926,2.1904233,0.3590894
118476.96,0.6461898,1.405255,0.67455083
121316.48,-1.5627261,2.2194204,0.034012787
131730.73,-2.8396819,1.7516577,-0.53004533
126631.11,-2.8499277,1.5707202,-0.10486201
119100.6,2.4185774,2.7264266,-0.08176201
121800.53,-0.53430474,0.23794025,-0.04089322
117948.27,-1.4245377,2.7069077,-0.08576176
120884.73,-1.4726568,2.8195486,-0.007897063
129801.98,-1.3861247,1.941595,-0.18049186
120030.46,-3.4509304,3.0050693,-0.046404902
121357.555,-1.2570051,3.015634,0.0377682
115515.516,-2.3215683,2.5350668,-0.071896575
120793.15,-1.5637177,1.0870478,-0.16378029
116328.87,-1.5794461,2.5507526,0.08455166
117583.984,-2.0112102,3.1316948,-0.020846955
133763.7,-3.2384772,1.4050012,0.0355965
117768.66,-3.4717872,1.6346866,-0.15367189
134946.44,-3.4967332,1.1198336,-0.184732
115101.31,-1.3724467,2.798291,-0.08143935
116763.5,-0.5028566,2.817768,0.07897303
130249.01,-1.2268727,2.908624,-0.08639515
134175.31,2.6399035,2.0916395,0.122320704
120671.55,0.9158494,3.0897913,-0.059038546
130733.734,-3.6828208,3.0169065,-0.15818845
115272.34,-0.9778762,0.80799484,0.30596477
120113.86,0.5016416,2.1606612,0.14381742
132790.72,-1.0954493,1.7627192,-0.2732089
119424.164,-2.3164625,2.5240686,0.24994446
121924.02,-3.4652328,3.0867746,0.073415086
117373.79,-1.029946,3.1014261,0.2055131
125031.66,-0.7300679,2.4828842,0.27377823
129115.18,-3.3244739,0.70523953,0.09847485
129784.234,-2.3463495,0.84051776,0.6033822
126206.016,0.9811697,2.861558,0.08180109
124732.055,1.0186799,0.31375563,-0.061538327
126574.53,-2.1815672,0.34753335,0.09276143
115628.53,-0.47040302,2.672696,-0.64833295
123483.42,-2.4267373,2.7745008,0.04266654
128143.4,-0.18679276,2.3000069,-0.3004987
120199.57,-2.9242125,2.8263006,-0.089485675
127823.19,-1.5169517,1.579376,0.31404498
125863.08,-2.0015397,3.1402264,0.16183625
120179.05,-2.6659377,3.01932,-0.19029614
118101.45,-0.92790043,2.904719,0.10747888
130454.73,-2.7082608,1.4044888,0.10104133
127317.25,-1.925697,2.9786701,0.014895224
117668.79,0.098263636,2.8798645,-0.045975506
129969.484,0.9709672,3.137365,-0.036330048
127219.29,-2.4006472,1.4067342,-0.19817545
134933.14,-4.264249,1.3347495,0.013706361
119309.914,-2.525168,0.5034227,0.15347081
122886.18,-3.4570076,2.1670134,0.0005401533
122999.234,0.13020182,0.25501275,-0.019145528
117880.055,-0.6366978,2.5899296,0.36594558
132302.81,-1.6478975,0.5665952,0.014098763
116601.44,-0.4486454,0.34494495,0.086489014
121285.4,-3.534866,2.6461558,-0.13536003
115619.77,-2.0562515,2.885355,-1.5491214
119636.71,1.0316919,2.478211,-0.069609724
119388.195,-2.6620631,0.020092458,0.0060460963
134070.06,-0.83232003,3.017008,0.06794272
120511.14,-3.3806195,2.670196,-0.29837114
132852.08,-2.855668,2.9974167,-0.0047556697
124330.12,-2.5387502,2.0838227,0.03494771
118835.67,-0.05425804,2.5272346,0.27094734
125333.59,-1.6708921,3.0014088,-0.23405471
119980.57,0.38389707,2.8554947,0.14523612
121489.3,-1.7910341,0.091407776,0.056100164
117841.234,-2.69829,2.1541247,0.052860856
117504.625,0.16141582,1.866663,0.6002302
127228.516,0.90872586,0.37784934,0.04879441
126260.07,-3.790354,1.2160492,0.9656243
130868.555,-1.8175167,0.92958605,-0.07356948
134784.5,-0.8987072,2.4687476,-0.2545101
126903.94,-0.03777045,2.2734368,0.31809273
129905.3,-2.917665,2.5998766,-0.54137766
130060.87,0.83368975,0.77252954,0.2337868
132105.73,0.3075175,2.4855175,0.042537875
127656.85,-3.1182199,2.1780496,-0.13379952
123024.76,-0.23257275,3.0751977,-0.11067659
115173.016,0.8070344,2.0794656,0.071948
118087.97,-3.1314218,0.75974846,0.1769658
115480.3,0.7525408,0.80659914,-0.42688435
131691.86,-1.6152133,3.0473292,0.082666054
129024.42,-0.38868514,0.04976511,0.0018848473
121858.12,-1.85983,2.2430081,-0.33590093
126730.39,-0.81788415,1.9986525,-0.03856703
124679.24,-3.6025198,2.3647773,-0.064158924
126531.875,-0.97699094,3.0323627,-0.099738516
128731.66,-2.2038765,0.8266611,0.07912061
122704.6,0.7684754,0.41326028,0.02461997
121918.875,-0.61839235,2.7262,0.15240107
133978.52,0.591271,2.2444885,1.0105405
129532.29,-4.463727,2.7390857,0.29289946
132085.58,-1.9891021,2.1120267,-0.12864533
127875.65,-2.7775767,2.7946398,0.0897506
124590.46,-2.486642,1.3117349,0.2760193
131110.42,-2.838519,2.5533028,-0.051231463
130346.305,-1.6660155,3.0979857,-0.0036125896
128466.45,-3.2864788,2.1484795,0.098096065
128236.01,-3.7668831,2.9588163,0.024365215
116812.57,-1.55465,2.8567588,-0.23767261
132250.78,-0.53282946,1.343412,0.09316761
121505.38,-3.2025225,1.4000053,0.035506032
115138.1,-3.3304684,0.16781664,0.02748828
132870.03,-2.5732145,2.8975418,0.41543156
126596.734,-4.140139,2.9773748,-0.0015247994
119673.71,-4.1975384,1.3000884,-0.4149811
119194.555,-2.4653463,1.8015001,-0.012660859
117661.69,-1.6983157,2.3009446,-1.08492
131680.97,-2.4372609,2.1859198,-0.4149654
133827.28,-3.4076045,1.9202294,-0.20063134
123243.44,-1.3297734,1.6064937,-0.6998187
118423.25,-3.9268749,1.3872067,0.21915048
134371.16,-1.4730601,1.7678382,-3.1228297
133829.31,-2.8404803,1.674583,0.19297385
126846.52,-2.0184073,2.9577618,0.05613502
117983.06,-3.083588,2.9805088,0.041445978
119999.71,-1.5641358,2.2271905,0.53527915
120574.195,1.8228006,3.0767407,0.042107552
125022.69,-3.0629842,3.112541,-0.1248268
125691.55,-2.4622593,3.128921,0.28230292
117603.56,-2.6951458,2.358639,0.6384623
124253.19,-1.5460702,2.6012204,-0.44418758
119299.375,-0.361087,1.7753577,-0.9969301
130698.88,-2.6331306,0.5726682,0.087071426
123864.72,-2.2049444,1.1209149,-0.30588034
124866.836,-3.0847905,2.627648,0.21323383
126216.28,-0.52467453,2.9390993,-0.007776934
122517.5,-0.63197005,3.0836365,0.05296486
127429.36,-1.8246777,2.9505544,-0.17804897
132177.4,-1.5095592,2.3075533,0.5654188
131748.44,1.6626124,3.0581841,0.021825988
121724.05,-2.5906036,3.0081651,0.051230524
121239.96,-0.38998216,3.1112578,-0.06534561
119927.77,-3.1140587,2.1167483,-0.37279537
116030.055,0.61907077,1.4960661,0.19091463
131064.445,0.8477233,2.3555055,0.17363371
118544.89,-3.7610476,2.5863798,0.14291751
119079.125,2.4456663,0.044650793,0.006670082
127084.69,-0.72100663,3.0723913,0.043204017
128511.13,-2.5523496,1.9539391,0.09150447
130343.22,-1.7690052,2.851022,0.112772815
120742.29,1.6934249,2.8274345,-0.1054744
125647.28,-1.9164644,2.1354604,0.32363063
122177.66,-1.4960258,2.9428322,-0.04368723
116956.43,-3.1807067,1.6069391,-0.14580582
120086.164,-1.6346699,2.8656175,-0.13501768
123741.016,1.8529841,0.09113741,0.0039405944
115775.53,-2.2056184,2.6222076,-0.23573972
119140.18,-3.5688772,2.178228,0.052032623
116967.82,-0.863,2.1852117,-0.085901946
121635.03,-2.0971723,2.4605908,0.07360222
120302.46,-2.2697282,0.76964784,0.21520554
123956.01,-2.7452826,0.3983501,0.06965158
120881.375,-3.4350915,2.5101676,0.43261603
132489.14,-2.65783,0.8918677,0.13824344
130521.305,-1.7362866,2.3207574,-0.88069946
131336.02,-3.6113577,2.837998,-0.019402595
115079.555,-3.3896291,1.690075,-0.788373
117939.484,-1.2893754,1.4803042,0.1871812
128313.66,-2.6347558,2.5857124,-0.13125937
133848.77,-2.9229867,0.43018937,0.031109773
115288.2,-2.5795002,2.7590861,-1.010371
115286.46,0.035139874,1.1244613,0.11452947
130108.88,-2.5748045,2.802548,-0.07146059
132309.47,0.124964945,0.59186435,0.3933216
116360.55,-1.8309622,1.4524726,-0.38579246
119044.86,-3.7257292,0.35912156,-0.420779
129572.07,-1.6076452,2.693752,-0.2987665
127981.08,-1.1436672,1.0373113,0.16475926
121881.266,-4.229964,2.1062403,-0.05872239
125378.97,-0.23211287,2.9306347,0.043750122
122376.055,-0.79115766,2.0327637,-0.3978907
122198.03,0.8707811,1.7250848,0.4430882
130996.66,-3.215357,1.1735057,0.08227277
130561.34,-1.9624829,3.0148602,0.0172829
118095.81,-0.31359273,2.4886367,-0.04882909
117813.0,-2.193261,2.5175154,-0.06301724
119420.11,1.5488042,1.9325135,0.0954684
131672.78,-0.90565234,1.391813,-0.18780719
121332.07,-2.8636074,2.9483805,-0.82785743
126067.81,-2.9853914,0.5053755,-0.08115141
129406.125,-1.8787017,0.41762292,-0.029300718
126720.766,-3.6125498,1.8358343,-0.035450913
126706.36,1.8119028,2.0343978,0.2281736
134893.62,-0.14829855,2.3011098,-0.05072558
120965.66,-3.3502932,2.4546545,0.10393447
115323.69,-2.6268682,0.8450582,0.37432227
123207.96,-0.87233806,2.950523,0.096278794
123293.48,-0.4843094,2.8334246,-0.018009655
116226.38,-2.2881658,3.13816,-0.1305711
134688.4,-1.8015245,0.36787462,0.14086302
116200.25,-1.2476748,0.81567025,0.066155225
117107.09,0.33029088,2.2830334,0.34645936
119859.58,-2.929129,0.30137634,-0.12003363
120427.5,-3.3327696,2.826966,-0.30508566
121247.07,-2.3529267,2.3155813,0.062422603
120713.35,-2.16327,1.7520634,0.28775862
129850.69,-1.5931287,0.25624967,0.09033221
128589.08,0.6709197,2.6385186,0.4478262
128378.555,2.5053606,1.7726462,0.5807141
131197.19,-2.7488782,1.6479977,0.049078904
119201.28,-1.9513779,1.9708108,-0.034368493
131215.2,-2.5987816,2.595516,0.4609438
130953.1,-2.1492743,2.06456,-0.2204378
134329.03,-4.652182,0.6661165,-0.032409485
132128.98,-0.89040065,3.0667925,0.37298653
121497.69,-3.775037,2.661244,-0.039532546
122254.79,-3.3576367,2.7084866,0.03384063
119749.984,-1.9766368,2.6462991,0.004636938
126339.06,-1.4050835,0.66304666,-0.051824614
126204.12,-2.1882274,0.28185606,0.034185257
120549.79,-1.751965,2.5039773,1.1661643
120535.234,-2.3280127,2.9561524,0.27030554
115451.44,-0.8002357,2.2939615,-0.48232982
121206.734,-2.722673,1.4799647,0.2499904
125045.41,-1.7064115,0.39706767,-0.08575115
120588.24,-2.292053,0.5532807,0.28427684
115735.31,-1.4271728,1.8674505,-0.04688597
126977.41,-3.015712,1.7542342,0.20180048
119952.33,-0.862063,2.7763152,-0.11031195
132794.22,3.1413023,0.824141,-0.42655772
130739.08,0.99651474,3.1060586,0.027038675
117445.086,-0.90105975,2.7283206,0.17675106
121588.78,0.061244316,2.9967709,-0.20734388
119987.37,-3.1289856,2.8132064,-0.16243021
128277.35,-0.43649626,2.723418,0.030594015
118266.94,-1.5803947,2.784158,0.15754688
125233.086,-2.7386608,1.1228104,-0.042875253
125336.35,-0.45577186,0.0033831596,0.0071862782
128739.305,-2.951402,2.755828,-0.20363727
117012.05,-2.3611665,3.003405,-0.048377424
124061.64,-2.0514362,2.2976708,-0.64004266
122849.72,-1.1899458,3.0709655,-0.13665915
121668.03,-0.3484423,0.8872125,-0.1526608
121652.76,-0.22447032,0.5528773,-0.078635104
120582.99,0.7734088,0.30916667,-0.035951074
120912.74,-3.6787264,2.5225205,0.08760563
129474.12,-3.4615517,2.6267104,0.036727335
116347.375,-0.59704,2.8250191,0.041616265
123289.27,0.033459716,2.6799395,0.06773304
116719.65,-2.545605,2.9911797,0.04092976
133733.61,-1.0143414,2.658918,-0.12442359
132516.36,-1.9089684,1.6333306,-0.7173344
128326.11,-3.2965333,1.7691905,0.19751398
118358.05,-2.7004375,2.0548782,0.10588411
122795.88,-0.89147943,2.8331316,-0.09065382
130464.45,-2.5828905,2.7342212,0.06899215
119112.09,0.86766016,2.2223904,-0.29417878
116139.87,-1.1857022,0.5147035,0.18564525
117897.11,0.3438472,0.41952038,-0.039112065
124575.88,-0.073120736,2.6427872,-0.2465933
118377.945,3.237423,1.2666819,0.7813838
115377.01,-3.0055668,2.8278546,0.016986484
130866.29,-3.1549144,0.9208867,-0.05818649
129462.47,-2.5801468,1.8214766,0.41267258
118002.484,-2.8331409,2.3129098,-0.2793954
115750.195,-1.3668698,1.0354767,0.7673759
121748.41,-0.15140384,2.3233285,-0.34766942
128256.72,-1.1426681,2.1482182,0.048063163
129275.9,0.36997676,1.8628721,-0.6668066
118545.44,-0.8136514,1.4893692,0.31898445
127879.41,-4.2463107,1.6944194,-0.033907697
124924.17,-2.7054768,0.9498786,-0.17988145
132481.92,0.55831206,2.020781,-0.07119297
128771.14,-2.6018107,2.9643245,-0.030969663
134444.44,-3.2693515,1.208039,0.03348239
123462.95,-1.9470137,3.0702558,0.076197304
117770.82,-0.86112916,1.3497609,0.6399727
134889.38,-3.0041146,2.109697,0.22945395
122502.77,-4.2304997,2.7833328,0.5966328
133164.84,-0.34877315,0.50219643,0.3395848
118656.8,-3.9509878,2.8252234,0.05584208
133050.42,-0.5151428,2.2035828,0.16888413
126758.836,-0.73063457,1.5674256,-0.82857436
131489.69,-2.8715181,2.5182216,-0.10373958
133802.58,-2.2746572,2.7536812,-0.27621567
116514.38,-1.2523096,2.5828211,0.14196299
126910.84,-2.1488886,0.5389737,0.059220772
124670.99,-3.7209947,3.0917404,-0.19359338
116397.766,0.3237549,2.4183745,-0.27717245
125192.32,-1.7320822,1.3516082,0.15684064
133626.97,2.166435,1.5571555,0.13617933
130915.19,-1.4868001,2.9255188,-0.022209296
132453.06,-2.3781087,1.83706,0.43493104
120079.65,-2.3392053,0.5886493,0.1823483
118508.914,0.71406144,0.4655683,0.2404402
127160.07,-0.975374,2.8324208,0.16803168
118929.2,-2.8155432,1.7630641,0.19583991
121621.36,-0.9197003,2.7632434,0.104980715
119628.09,-1.5203669,1.7778404,-0.18873177
132108.6,-1.7138715,0.07828504,1.5416725
115244.99,-1.619051,2.9220734,0.26518
115871.305,-1.6002227,3.1390553,-0.06617471
127235.875,-2.247814,2.0208504,-0.20942245
132315.97,-1.1892767,3.0753279,0.1928226
131500.97,-2.9191294,0.7551882,0.26704663
118421.06,-1.9572309,2.4091027,-0.25558323
125764.24,-0.96973723,2.4333627,-0.110926434
125402.37,-1.0199777,1.242664,0.055713486
132716.34,-2.301046,0.28353873,0.031263623
116889.71,-3.2743707,1.3516318,0.3249644
118769.18,-1.6268835,2.9668639,0.13433625
120171.81,-1.0725433,2.53795,2.0114563
134026.34,-1.6406404,0.99867547,0.20206642
120096.47,-2.265638,1.060266,-0.27552572
119068.09,-4.462585,2.2425354,0.062017918
127420.03,-3.6933663,1.4400553,0.24813388
134851.48,-1.6905633,2.9646513,0.15196818
133665.95,-3.43168,2.3698251,0.04376796
116391.22,-1.9420435,2.143026,0.07841763
125990.23,-2.117922,3.0737972,0.01903748
130240.22,-3.1645463,3.0611231,0.12992992
128295.43,-2.5714622,2.652897,0.1829998
132535.6,-1.3429171,1.5424465,-0.18008167
117445.9,-2.7870376,2.7544827,0.423191
122085.81,-2.3354936,0.42343894,-0.0892497
124231.65,-1.307501,0.24355888,-0.014491483
117261.92,-0.03159077,2.2342124,-0.13460788
120463.67,-1.1911253,3.0738711,-0.010535532
123636.016,-3.848423,3.1337726,0.03404264
128019.0,-0.65792847,2.477292,-0.34123197
134465.2,-2.3442473,0.86963725,0.24190053
121412.27,1.4574064,2.3102431,0.3780324
119681.13,-1.6726304,0.9619422,0.44982615
132825.52,-0.9191396,0.877046,-0.060705684
121020.9,-0.94578964,3.0191069,-0.21449211
119626.32,-1.8749901,3.031958,-0.03908182
123069.49,-3.5503843,1.3642259,-0.22777621
130120.914,-0.15858573,0.67154247,-0.1910658
125190.58,-1.9937464,1.6318389,0.5544059
133522.86,-2.4384062,1.5415337,-0.4482322
129978.52,-3.5705256,0.9761376,-0.06507409
123941.195,-3.0389209,1.9034142,0.051879622
116501.5,-0.3508165,0.7385648,0.56207967
129313.18,-1.7505093,2.9210994,0.060522128
127331.516,-2.5110462,1.0805628,0.02862621
120577.78,0.49664253,2.4319606,0.02592793
120497.41,-2.0012033,0.24343073,0.01733675
126006.12,-2.9489627,1.8731184,-0.12442746
126080.96,-0.40990478,2.28412,0.5643245
121768.21,-1.866391,2.728191,0.027800268
115011.42,0.7371684,1.0140672,0.14411144
133836.23,-1.6248071,3.1249852,-0.18771355
117780.59,-0.8916459,0.16251063,0.107525975
121437.21,0.6661484,2.5978646,0.06430136
127498.27,-2.069283,0.47834435,0.1315141
124171.086,-1.088949,2.5309606,0.65958136
115665.87,1.0349836,1.1904962,3.3096023
121298.375,-2.2577329,2.5506094,0.1159077
119480.484,-1.4777077,2.150016,0.65084344
118768.01,-2.6485023,3.1052895,-0.17328538
119818.72,-0.03426624,0.7596713,1.3949046
127795.695,-1.422923,1.8108734,-1.1996723
118218.97,-0.4033011,2.9114342,0.48547816
116133.875,0.96811765,2.0307145,-0.20328648
120622.85,-0.50745517,1.407258,0.2573647
134172.77,-2.0384953,1.361417,0.0091280155
116172.945,0.3100328,3.129046,0.62518644
124869.43,-0.18447489,0.5018959,0.45030376
116995.37,-3.606612,2.995201,-0.35269037
120526.86,-2.9026487,2.7750673,-0.07012421
119955.78,-1.7855723,2.599397,0.03438084
125844.83,-2.3505795,2.9083283,0.18873437
119405.96,-3.906002,1.775449,0.05624933
133092.28,-0.16645198,1.785195,0.25821695
115284.055,4.0499578,0.8767501,0.24962437
122401.625,-3.1707768,3.1307242,-0.13719255
115696.375,-1.4602078,2.3752112,0.1633468
118819.27,-1.5137753,0.18513495,0.015349693
118990.65,-0.33258176,1.3153183,-0.12854514
115159.01,-2.7836027,3.018131,0.09623726
124326.83,3.3639448,0.99779856,0.6929487
129453.08,-2.338517,3.0464048,0.18770836
129577.984,-0.9621558,3.100896,0.0034076818
129356.33,-2.4267592,1.0324316,-0.21924451
115539.086,-3.2784216,2.2731335,-0.049208812
116841.44,-1.6576359,2.0565665,0.21875252
123064.28,-0.8125482,2.5312338,0.08680297
115535.69,-3.1049528,1.1883394,0.13985728
122649.79,-3.1327295,0.2936617,-0.04884775
121011.74,-2.7813787,2.5966034,0.08495613
119355.83,-2.6318512,2.770302,0.07098552
120083.836,-2.625791,2.53603,-0.027390886
131202.72,-1.5235827,0.055045843,-0.09194459
117974.18,-0.49223065,2.098625,0.13544118
115092.08,-2.8352215,2.4611,-0.71160775
124194.1,-2.979273,1.8979006,0.1427304
118459.875,-3.6065667,0.8785554,0.48106676
121663.2,-2.899039,0.24316153,0.46137708
115313.13,-1.1900232,2.7257516,-0.16902378
118285.945,-0.7981177,0.081985,0.094780944
123910.16,-0.020822402,1.7949524,-0.12192212
124626.195,-0.76678115,3.0846999,-0.06454353
129469.65,-0.83860517,2.9074268,-0.003302566
118605.43,-1.1554174,2.3088596,-0.07341303
116010.67,-3.4049342,2.0117059,0.09169176
116406.03,-1.247367,1.5572339,-2.0372245
118668.28,-3.6618438,3.0147736,-0.06669534
126371.68,1.0352346,2.8086417,-0.018750254
128604.76,-1.4978968,2.7201812,-0.17222156
129200.266,-1.0904206,1.4432068,-0.49464938
122709.92,-0.59844905,2.1731052,0.037010036
129237.74,-0.30142215,0.67988515,3.0288265
127604.76,-3.2232323,2.2163615,-0.013189988
126802.555,2.0626721,3.0989442,-0.032478683
121054.34,-0.2721085,1.6096398,0.2292585
133337.72,3.2050889,0.123719096,-0.10039027
120745.05,-1.4446299,2.4813025,0.080333754
120548.64,-0.8004092,2.7484932,-0.006442238
120667.54,0.66884184,2.1111627,0.511418
120457.94,2.434363,1.7565305,0.119905606
132335.27,-3.14934,2.6168964,0.02983051
119358.94,-0.9870458,0.3674279,0.36516038
134152.48,-2.6619358,2.2361548,0.752998
121704.32,-1.0973399,0.97035193,-0.76459736
117590.15,-1.3776618,0.0136319995,-0.011113853
123224.01,-0.07760867,0.59007055,-0.041967258
122790.7,-0.5030813,3.0558932,-0.110577
132004.22,2.6417453,0.9087394,-0.17438433
119281.17,-1.3182446,2.4438083,0.06054286
129020.74,-3.119728,1.3281823,0.08856268
116190.96,-3.1858115,0.745855,0.09051401
116119.7,-1.4387078,1.6563191,1.237803
119231.3,-2.6123848,2.8056011,-0.021569755
121676.6,-2.7172992,2.7781582,-0.13414098
122274.5,-0.33585048,0.44178426,0.71725637
119651.73,0.40823787,3.0593374,-0.13657853
122440.305,-1.8889385,2.9092584,-0.12607755
128751.51,-1.3743567,1.5047334,1.5013934
115551.18,0.006349391,1.1246659,-0.15741906
119389.164,-4.322906,0.13324624,0.3228778
122219.125,-1.3317693,3.1082373,0.058103893
131250.58,-0.14771399,2.7691872,0.38925132
134980.19,0.38513348,2.6912062,1.2577707
132574.31,-2.6618834,2.8977408,-0.23202677
115146.98,-3.874895,1.5561266,-0.08342381
130140.83,-0.99561965,0.52741706,-2.1834059
124260.305,0.5322623,2.476522,-0.75316465
128721.46,-3.68477,0.36400923,-0.12716277
131311.17,-2.8726678,1.1839986,0.07846886
132273.33,-0.039869543,2.0633924,0.18363936
120160.77,-2.2478716,0.5072061,-0.16916004
117354.53,-3.0050898,2.0282426,0.44534943
120255.77,-2.8068109,1.5522606,0.09690885
133714.81,-4.0329757,2.8109782,-0.0126968855
117971.63,-1.566916,2.9385796,0.15887667
134431.47,-3.3019946,2.8011236,-0.8109485
115652.266,-3.0943727,0.1612059,0.056787018
125787.26,1.3227849,2.6567678,-0.025324136
116981.19,-3.98197,1.2541231,0.013576477
127396.97,1.0149208,2.9199235,-0.16489334
123007.46,-0.7655057,1.750039,-0.3795696
134370.14,-2.084771,3.0939846,-0.0102136
117147.1,-1.5887548,1.4217136,0.40469748
127494.21,-2.7038023,1.2810836,-0.1941802
115198.37,-3.0101569,2.4048796,0.21366186
133206.88,-2.996121,2.7655063,0.12621626
117026.66,2.3762329,2.105424,0.2480955
116082.3,-3.0858254,3.0582123,0.007824855
130952.14,-3.0928195,3.0252118,-0.0939651
119824.14,-1.5698272,1.6924591,0.0718446
115685.41,-1.9420496,1.3664039,-0.09590505
121673.78,1.1725471,1.3400315,-0.08814931
123963.91,-2.444688,2.4015245,0.15034853
125516.54,-2.1148987,3.0051894,0.09862267
127353.37,-1.9894755,1.3684876,-0.4367453
124258.016,-2.8008273,2.5016534,0.0946541
117785.04,-1.0045553,2.0185404,-0.118816026
134149.17,2.1936595,1.5692546,-0.38812092
116287.01,-2.3537464,2.0692174,-0.014739563
123790.53,-0.50587577,3.0826726,0.055566154
122485.78,-2.8184574,2.852833,0.11033701
122763.234,-3.0316706,2.1312885,0.5823489
120209.26,-1.3522807,0.36346322,0.1630218
132953.61,-1.5278069,1.6156844,-0.7182967
119628.375,0.14954649,2.3257177,0.09308533
123256.06,-0.7578974,0.45793706,0.42009556
130648.414,-3.330954,0.6387435,-0.10939997
119063.83,0.3349149,2.9387865,-0.024178581
126224.44,-1.8489667,2.5586257,-0.4877185
119639.875,-0.9568424,1.9785731,-0.23535964
134536.5,-2.8603442,1.140406,-0.15789872
125961.7,0.02079144,1.0363822,-0.46581447
134934.34,-3.7873533,1.9815665,-0.060917508
115014.11,-1.8455561,1.7051816,0.42470402
126278.695,-0.8766838,2.5046163,-0.3395615
133748.47,-3.242604,1.6470927,-0.022886867
130631.51,-0.031969976,3.0228753,-0.044691987
116430.5,0.14154163,2.2074351,-0.41757667
117318.195,-0.44303688,2.5043147,-0.060619023
129749.32,-3.2882092,1.7325798,-0.0324141
131877.44,-2.8529763,0.23843789,0.045317676
134149.84,1.5374728,2.273347,-0.35203478
118140.72,-1.004392,0.20734978,-0.4739628
115724.125,-2.0684981,2.1598077,-0.14495575
117489.76,-2.8570728,2.044692,0.08500267
118548.484,-3.1768608,2.4850729,0.024716739
121840.11,-1.0431587,2.2708902,-0.3226761
119199.45,-0.741838,1.3136752,-0.35861805
120741.83,-2.716143,0.064380765,-0.1242707
134206.81,1.1239963,2.021339,-0.4934738
116909.97,-2.308684,1.4513221,-0.3212516
117411.375,2.933013,0.13233213,0.043448474
128182.14,-2.3490162,1.6988715,-0.049803235
132578.2,-1.0188484,0.54728156,0.38715518
117365.47,-2.9635818,0.84241986,-0.21442904
117463.516,-3.1535506,2.7093506,0.4923001
123658.57,-3.2462225,0.43931794,-0.023451224
128600.414,-2.1723826,0.84773374,-0.08268563
115694.98,0.597006,2.175216,0.061883133
123724.836,-1.3436219,2.7185597,-0.42715344
118860.99,-2.712266,1.6815028,-0.1351775
115020.91,-1.9257395,1.7613506,0.06530919
134598.66,-1.7202069,1.3554386,-0.20096669
119889.93,2.1600645,0.11121857,0.00065013964
119051.555,-4.1778216,2.7986057,0.28583783
134792.89,2.9183152,2.324262,-0.5590099
128434.58,-3.3464355,2.7952993,0.03129118
117956.84,-2.8629668,2.0322998,0.22456348
120784.664,-1.2912831,2.0737088,-0.12551871
119430.94,-2.8083715,1.8445262,1.0440459
121314.83,-0.99363995,2.9737532,-0.022907088
129697.11,-3.1855476,1.2687601,0.33719936
125226.6,-1.6841352,0.39343917,0.053677075
122694.26,-2.1601589,1.607695,0.17224044
134507.61,-2.3876207,1.7846035,-0.18653725
120401.67,-3.8128052,2.0631063,-0.6724014
115691.19,-2.705127,2.9360723,0.5488156
116636.23,-0.7678474,3.0703971,1.7019516
115427.75,-3.2048552,2.754323,0.0063533946
122745.77,-1.398439,1.2900356,-0.4397027
133027.08,0.3278563,2.6976466,0.15756024
118002.57,-2.0304172,2.881904,0.05653131
116720.31,-1.0017122,2.4221323,-0.054879446
117126.9,-3.3040133,3.1240296,-0.07998889
117332.734,-2.0925243,3.0128522,-0.01093024
121874.56,0.21597663,3.1410694,0.06426244
134000.28,-3.5520792,1.4163034,-0.016730273
119941.945,-1.807751,0.47599655,0.62756
119442.66,-1.2614492,2.8899658,0.110820435
123251.08,0.43473536,0.54543644,-0.096101955
122126.0,-0.7864616,2.9243498,0.030647384
120858.04,0.43345842,2.2027535,0.27396944
130100.695,-0.15259705,2.5368674,0.05623554
120803.6,-1.1913308,3.0077026,0.00446504
125017.125,-2.212257,2.1277328,-1.0391212
117720.875,-3.1310172,1.9151614,-0.3452454
115331.28,0.2886056,0.8295152,0.22354585
134196.33,-3.1614964,1.3301611,0.10441754
132187.75,-1.8645258,3.0623085,-0.05662633
125790.516,-4.3171453,2.1115718,-0.122688204
128355.35,-3.3853326,2.6608913,-0.05914613
128442.31,-2.9694448,2.8966205,0.04704446
119417.59,-1.1186001,3.0694382,-0.040268656
125013.92,-2.9291131,2.657683,0.09863634
117017.945,-1.6787667,2.555395,-0.41560966
125005.74,-3.441668,0.7854541,-0.064765505
124722.15,-3.3211002,3.0954983,0.10345241
129407.3,-0.5180949,3.031652,-0.007127028
126237.31,-2.7160037,2.9782395,0.09575907
126552.3,-3.2574599,2.676939,-0.052587148
132859.44,-0.7467444,0.834594,-0.49324736
125415.96,-0.011914317,2.3147254,0.5354509
121529.016,0.18939099,2.8235247,0.27477658
130495.195,-1.2810997,2.866273,-0.01743251
121608.13,-1.5805364,2.2136989,0.33707014
119089.49,-2.5118923,1.4514401,-0.55073243
129034.32,-1.9963853,1.841014,0.45525444
120072.35,2.2621825,2.8483949,0.2451299
116174.83,-3.419452,0.03686714,0.09530373
128209.34,-2.4600623,2.6178927,-0.1580315
131152.55,1.3788142,1.5926691,-0.33619666
122391.46,-0.7205947,2.1264944,0.006862805
118903.27,-3.437225,2.6490288,-0.022140011
116344.31,-3.4188528,1.9591458,0.28546345
118478.25,-1.5032943,2.3867893,0.40462115
132277.98,-1.8073372,2.1064315,0.27825043
133841.78,-2.9186435,3.0562334,-0.0395402
124290.16,-1.8266838,0.058179688,0.07282367
127696.16,-1.3320903,3.0516288,-0.21763335
131740.98,-0.111275285,2.829702,1.9734865
124937.984,-3.6868796,0.1817468,0.39118385
118363.04,0.09842073,2.568716,-0.19535418
132462.73,-2.1293035,2.6738997,0.8825566
131086.17,-3.2223942,2.1765027,-0.3156698
127277.49,-2.350093,2.5185082,0.27739945
124040.16,-2.6283753,3.0195053,0.22382075
125109.99,-0.8056478,0.9837855,0.33161217
117870.73,-1.3133312,2.8633537,-0.16139065
122278.08,1.7797555,2.1001434,-0.1107551
128159.96,-2.4006584,2.2401128,-0.096370995
130800.414,0.0443191,0.7729174,-0.50411
134289.73,-2.3125055,2.8751585,0.12723187
117240.55,-1.4991894,2.0452528,-0.06286439
123661.95,-2.797315,0.87903476,-0.07708409
133800.25,-1.20294,2.4105434,0.044305686
126468.46,-3.187832,1.565786,0.26802367
116272.04,-0.8274902,1.4169979,0.15980047
130425.84,-0.028462451,1.1347996,1.0196011
131215.06,-3.8741188,0.39195508,0.102394596
118696.5,-2.464593,1.4602692,0.038052868
134963.2,-2.2352822,3.0519476,0.28747675
115147.97,-0.0019177694,1.4437025,0.15429738
120209.04,-0.6540066,2.7875652,0.049585447
128133.555,-1.1052963,2.5076756,-0.53668576
115313.85,-2.502317,2.0092468,0.14277858
124198.484,-1.5413291,0.29295486,0.041059263
120361.73,-2.2777312,2.582275,-0.07094887
118952.086,-1.198258,2.317977,0.07496386
119881.48,-1.8489846,2.5490806,-0.017668717
123238.44,-2.764239,2.619676,0.28726485
118102.87,-2.1383967,0.2839418,-0.00045981145
122503.93,-1.4288415,0.92111325,-0.7168273
127242.26,-2.4523048,2.6903827,-0.10939103
129698.25,-2.6073253,0.52683294,0.053584516
118402.23,-2.691554,2.7948694,-0.23418432
116131.375,-3.087059,0.97753245,-0.07566632
122127.94,-1.242628,1.1633338,-0.07474767
116907.88,-1.5637112,1.3179027,0.10775142
120925.32,-1.8636198,0.74983865,-1.9842882
118638.06,-2.1318324,2.827989,-0.113849595
117588.83,-2.711407,0.42480135,-0.008848168
122548.234,-3.5637624,0.41573325,0.3684846
134544.12,-1.6461074,3.0611837,-0.27417898
132629.1,-3.2113783,3.078464,0.6293953
123064.59,-2.8802245,2.512225,-0.11145093
123397.9,-2.5313158,1.1279366,-0.32873136
115246.984,1.7616458,2.366909,-0.31749704
117231.96,-2.3174238,2.6219203,0.13341093
131446.28,-3.0344243,2.3545763,-0.08196744
118677.49,0.70559096,3.014037,-0.04763764
122526.18,-3.6085663,3.0994728,-0.7393661
117377.74,-0.13091765,1.8057156,-0.1992556
131258.83,-0.7575376,2.7648993,0.10989985
125976.67,-2.8936698,2.8542547,-0.067641765
125503.98,0.64375514,2.682982,0.06452819
115567.53,-1.5201536,2.041987,0.13122994
125815.95,-4.018571,3.0556517,0.040015496
125262.54,-0.8025838,1.6396878,0.29340556
121090.47,-2.6889207,1.7175336,-0.12798046
132794.34,-2.7870238,3.0348172,-0.17338564
115021.57,-2.6759686,2.9429755,-0.14967512
119055.945,-2.112029,1.5351881,0.34249142
133456.83,-1.0113508,2.1879861,0.16662472
130145.26,-1.6047416,2.8487318,-0.10004631
117011.24,-3.3413806,0.61666656,0.034966737
134024.44,-3.455863,1.7986412,0.2938879
126142.13,-3.9854167,2.8279574,-0.044006765
117646.94,-3.2321293,2.7954578,-0.0861824
128757.97,1.6251912,1.6512338,0.6005903
127117.67,-1.8085144,2.771837,0.47870433
127895.234,-3.6187656,2.7511246,0.52389723
134624.61,-1.7734061,2.091867,-0.25334555
123541.32,-3.023022,1.4335661,0.1827441
118886.62,-4.135175,2.0663395,0.18940978
126078.83,-3.4335263,2.7154558,-0.05371726
126035.76,-1.039449,3.0464158,0.031163447
133413.1,-3.4014363,1.8521553,0.39137775
122491.26,0.07262783,2.5553107,-0.15245931
125281.49,-2.552733,2.4975758,-0.09979172
132700.1,-1.1172924,2.1906152,-0.23147742
118039.086,-1.5853894,0.5962702,-0.05633298
118885.4,-1.6093701,0.34564328,0.06101302
131547.1,-1.2284975,0.7250048,-0.97182655
134738.62,-1.4840835,2.5771,-0.018798115
127111.695,-1.0044827,1.3976955,0.07461321
125918.69,1.8931434,2.3070204,0.38664448
116751.58,-2.1448267,1.045659,-0.0563118
119893.23,-1.6637821,2.9020925,-0.05533866
118512.125,-1.4524679,1.525727,-0.5907588
126858.08,-2.4195707,1.7808504,-0.2097099
123505.984,-2.0378773,3.043925,-0.18538597
125573.375,-1.7040094,0.70880294,0.057864852
117654.16,-2.3747034,3.1398346,0.024528839
115536.59,-1.6129767,2.7952785,0.048569996
116543.484,-0.5043726,2.723467,-0.1657444
124601.07,-3.217156,1.3471556,0.72930974
125112.05,-2.5573313,1.3109066,-0.015261882
116892.53,-0.1618191,2.4895687,-0.033994317
119041.34,-2.0893254,2.3674128,0.24284431
115280.35,-0.05962982,1.261365,-0.20379391
116507.77,-1.316454,0.5351253,-0.55757475
125005.64,-3.9772093,2.1320765,-0.31555805
124498.234,-1.0906861,0.80340827,0.26650405
120092.58,1.4569812,1.192697,0.382516
127678.484,-3.5168102,2.7793164,-0.078700066
118687.04,-3.5681784,2.6413734,-0.06788825
124240.32,-3.3681989,1.1908824,-0.0282969
128031.04,-2.6068974,1.4439155,-0.5851017
127687.58,-2.7395775,0.76797444,-0.060190864
129803.68,-2.7771065,2.4778028,-0.20948754
134158.33,-1.9026185,2.173341,0.258769
118112.875,-0.8072309,1.172877,0.96142745
120423.31,-1.7947901,2.5621746,-0.017180955
129870.46,-2.2763762,0.27732348,-0.1782001
128376.07,2.216035,0.35001993,-0.19147445
122910.29,-1.57096,2.4791162,0.008722907
124167.875,-1.2960306,2.7421854,0.8007062
129436.49,-1.2191325,0.3389045,0.13326691
127800.71,-2.7271132,3.052685,-0.06472278
128257.88,0.60053444,1.1465474,0.2842365
120723.766,2.572643,0.82412535,0.11266135
117421.09,-1.1805755,3.045135,0.1228889
122275.91,-3.117119,1.561825,0.28054193
130411.37,-1.9186718,2.9809773,0.0013717137
122160.7,-1.0233693,2.5128012,-0.30363712
127376.52,-0.60084903,1.155863,0.30277196
126834.15,-0.9495098,1.0787551,-0.20648856
122168.93,-2.5745852,3.0128398,-0.18247749
133073.25,-2.2281425,0.028755426,-0.007308309
128901.586,-0.2781853,1.5368639,-0.13719712
132366.08,-1.8260294,0.53739154,1.482281
119526.59,-0.4004834,1.1845019,0.39571124
115843.83,-3.82451,2.9170048,0.33196154
133149.83,-1.7042335,1.3215728,0.12376041
130330.52,-0.9391965,0.9193866,0.19313328
119036.625,-2.7763696,1.7967595,-0.4045181
115627.86,-0.69763356,0.8960993,0.1604116
127228.17,-2.0581882,2.548484,0.22869407
115691.664,1.212955,2.9147465,-0.077177145
130713.42,1.1450832,1.6392888,0.1379734
125047.98,-1.3857124,0.2520833,-0.024047736
133417.03,-1.5352318,0.85780525,-0.18143104
117882.58,-4.4845915,0.28069043,-0.063459665
134425.69,-3.439997,1.4100164,0.14902103
117985.3,0.8396443,1.5447454,-0.3246458
119911.99,-0.79555136,2.4839153,-0.028283598
125352.125,-0.36603224,1.4690697,-0.17680387
133698.9,-2.243647,1.6529223,0.028327469
115291.9,-1.7551292,0.9009507,0.25299445
134204.23,-3.1538024,2.4423177,-0.2854164
134558.72,-3.7898905,2.7307942,-0.121278465
123680.76,3.1993089,0.9567485,0.30906114
132260.36,-1.8487222,2.9374537,-0.07700032
125072.83,-1.0326945,0.08103895,-0.007377241
122069.9,-3.1551554,1.7827907,0.004252433
131571.61,-2.157728,0.17086649,-0.1351375
119470.49,-1.6292322,0.91401005,-0.16130099
118351.805,-0.45181844,2.0550847,-0.10238125
119872.44,-2.4452875,0.20759779,-0.012161335
128194.22,-2.4040887,2.9646719,0.10840486
127039.46,-2.0700173,3.0383868,0.20358396
117362.11,0.14700347,0.12104869,0.018594194
118252.02,-2.3998833,2.8410451,-0.13835776
133107.66,-0.623748,0.89401925,-0.11003645
120905.82,-2.8320518,3.0228577,0.101752505
127562.266,-3.5206788,2.4356887,0.20778586
131956.9,-1.5866357,2.533746,-0.16381426
118995.49,1.8792406,2.8659575,0.049857512
122555.02,-1.7302414,1.491463,0.14726272
132630.45,-2.702908,0.99365723,-0.28590244
128925.47,3.168857,2.2450287,-0.12105474
121871.91,-2.7565887,2.5925758,-0.086502396
128781.93,-1.8455925,1.3809078,3.8373346
127324.08,-3.058673,2.5154588,0.49988815
121484.9,-1.4788806,2.0087721,-0.9731842
124723.766,-3.04274,2.8915281,0.12976289
130173.59,-2.799012,0.029372275,-0.05256945
126151.12,-0.067797825,1.8572117,-0.17313175
118644.234,-1.7630352,0.8645042,-0.041339405
120459.95,-1.3900514,2.9169476,-0.3463619
119815.93,-2.8777022,1.791349,-0.13528349
132004.7,-0.84096885,1.4942068,0.122362584
127239.66,-1.9590672,2.0886974,0.78990054
118850.6,-2.5841787,2.9776132,-0.13090366
118753.71,-3.8571339,0.9739498,-0.018141823
115090.07,0.06258401,0.20329666,0.014267559
117112.58,-0.68946016,1.0012323,3.1770036
123290.164,-2.9787383,2.767383,-0.48013803
120040.1,-1.2573949,2.706227,0.13528405
123344.68,-2.6596036,3.0101728,0.009386645
120049.09,-0.5908049,2.6724772,0.3890053
134101.34,-1.3369814,0.5308595,0.38294473
119394.27,-2.9121804,0.42292142,0.041597676
129684.68,-1.4315267,2.9923463,0.45773038
120964.65,-2.7279525,2.3479233,-0.045752425
122072.65,-2.3048391,0.5030347,-0.057911534
133805.47,-3.3306217,1.7145236,0.3806993
117222.54,-1.9748435,2.6139252,0.16782288
133667.58,0.023999307,3.0625594,-0.0034194456
132067.69,-1.2638266,2.7366602,-0.006837382
118410.21,-2.4972928,2.26986,0.035580363
117751.664,-2.6020045,2.2916417,0.3555364
119740.23,-2.107567,2.4644377,0.15047693
125939.71,-0.26346228,1.8502367,0.16684927
119544.04,-3.6651773,1.6782064,-0.0026757286
133607.42,-2.2644868,2.3733199,1.6973982
121030.945,-1.1909441,1.343564,-0.292548
119242.56,-1.7563941,2.3939567,-0.062255498
115327.836,1.500577,2.3386543,-0.067564785
115936.44,-1.8879517,0.8751193,0.008732246
130093.72,-3.6887908,0.64729434,-0.06805477
115601.08,0.011935839,3.0636878,-0.027183091
126856.51,1.1014585,2.8398361,0.03474704
126072.17,-2.22755,2.2108078,0.85211617
122269.25,-0.85330564,2.8897448,-0.04035704
134155.42,1.1697325,0.756653,-0.30426377
116057.66,-2.5206,3.1137843,0.024008876
133595.08,-1.2157941,3.0012476,-0.019090194
130645.305,0.6379405,1.0201939,0.1645146
132283.77,-3.528465,2.747651,-0.49728957
118321.1,-1.4106234,1.5470392,0.031211998
132246.5,-1.9172918,3.047502,-0.018229
126632.67,-2.8441231,2.0045614,-0.31482914
121786.75,-2.026818,2.9353523,-0.054317612
121491.41,-3.1133988,2.9901316,0.01896246
128295.516,-1.816375,0.5691099,0.059695516
117766.27,-2.953177,2.941678,-0.45643243
125101.49,-1.2550517,2.7599704,-0.077043235
130932.93,-3.5446708,2.7016118,-0.2510569
128719.81,-2.401315,1.5109514,0.0666875
131762.11,-2.928156,1.4099648,-0.08046561
134290.53,-1.2586969,1.0326068,-0.13152802
120933.08,-3.2951417,1.9843473,-0.18049382
118571.94,-1.5709894,1.6875285,0.06977216
129001.695,-3.395036,1.9187112,-0.29738662
131759.67,3.1825747,0.31740737,0.06207751
115923.14,-3.6208968,0.62935597,-0.047170755
118683.84,-1.6019514,2.496347,-0.015292117
121890.914,-1.770849,1.8777213,0.19425933
115490.625,-0.96387506,2.0497417,0.3170159
118764.28,-3.1418314,0.13903552,0.06893299
115188.11,-2.1158116,2.9695637,-0.010934989
134096.22,-0.09008739,0.33600277,-0.051010296
121501.34,-3.549546,1.1130975,0.05272937
123875.76,-0.92151034,2.521853,-0.06729014
115406.17,1.0080156,2.8404658,0.09175157
118053.586,-2.0268147,3.0038142,0.0034502149
116603.58,-1.6333106,2.6301308,-0.15177454
133609.69,-1.823457,1.555948,-0.42763412
116004.56,-0.25385693,1.3209065,-0.121212296
127659.38,-1.969985,1.0554233,-0.05718864
121803.664,-0.8983573,2.3144171,0.10649678
118995.29,-2.1799564,1.6002436,0.3673777
117017.45,0.84540325,2.6030254,0.2563738
116021.79,-1.7239286,1.5167658,-0.17353599
118594.336,-0.6133198,2.9332852,-0.089921914
125901.45,-1.564274,1.748807,0.37675095
130549.07,0.5128108,2.3083525,0.19438799
126110.14,-2.141999,2.984478,-0.0014813705
123058.66,-1.7752149,2.0967362,0.07853918
126051.12,0.85097593,0.6570906,0.06044873
127969.72,0.6003395,2.842303,0.27873164
126475.555,-1.685615,1.2155843,-0.29035264
126948.29,-2.6184363,0.0036098957,0.05359902
129550.41,-3.2069085,2.7023463,0.36115023
122968.766,0.12800507,2.9503834,-0.05478406
116177.52,-3.3987122,1.2470491,-0.103442386
115359.67,-1.7393768,2.1762674,-0.25117534
122599.97,-3.691695,0.84259915,0.342061
124668.1,0.7460511,2.0588853,-0.17875527
127796.8,0.056618694,0.47734314,0.0063424464
115983.586,-2.5114923,3.0159674,-0.055013437
119565.8,-0.6475939,2.6659014,-0.028734982
123962.375,-0.86085933,1.8382652,0.24076475
127465.23,-0.04609888,2.9932494,0.03664273
128939.7,2.1626372,2.7393422,0.24871817
115404.125,-2.43818,1.8885242,-0.13429701
132944.72,0.0126438895,1.8756416,0.56590897
128707.11,-3.491646,0.015073776,-0.0020585158
126424.14,0.009084086,3.0705528,0.061354548
115790.71,-2.7077303,2.8893027,-0.96541065
115973.26,-3.2979057,1.2546657,-0.07923746
129675.74,-0.530546,2.7913074,0.032627244
124127.06,1.1175904,2.6272376,0.087467186
127893.73,-0.8181869,1.4018389,0.0717125
124918.8,1.2303399,2.1567829,-0.20839539
125082.65,-1.3559216,1.5572774,0.4518926
130267.73,-3.849615,0.98936653,-0.35101295
119034.02,-1.0047686,3.0122838,0.0044635176
118331.37,-3.0730793,0.38154507,0.1618461
122186.22,0.41495878,0.16290104,-0.012618659
129120.8,-0.78331673,2.269247,0.31076345
134741.9,0.90973634,2.4950738,-1.4284729
132328.75,0.489603,1.3241807,-0.19555952
124792.43,-2.5557656,3.039797,-0.07778056
127807.94,-0.90094393,2.1353624,-0.088223025
115898.555,-1.241772,2.9966516,0.15405154
120335.31,-2.4768875,2.8041468,0.07366969
123982.46,-2.3896742,0.8623899,0.058805764
118226.625,-2.0070803,2.182406,-0.21233271
116938.805,-0.9669754,2.523739,-0.18616365
134279.83,-0.5709799,3.0277514,-0.056531403
130034.39,0.34757727,2.547088,0.3645973
123419.945,-1.7106249,2.137797,-0.25765494
121987.664,-0.82979053,1.048619,0.19007404
133649.22,-0.6715636,1.8391993,-1.545226
134188.27,-2.70292,0.46686456,0.103801556
118495.71,-3.2094765,2.712355,0.15413767
119315.7,-0.315429,2.499551,0.3984999
122430.47,2.8708396,1.7488523,0.26987624
119841.914,-4.095965,2.432516,0.07734008
127712.766,-0.778665,1.215983,0.36311597
119842.81,-2.9647563,2.0891266,1.2600483
120149.875,-3.1187859,3.0847018,0.25729644
117694.38,3.9372172,1.5472094,-1.1030523
130745.805,1.0020586,0.559204,0.047609087
132055.66,1.7589113,1.5740912,-0.19486004
120554.02,-0.18743023,2.4682937,0.04443021
130242.64,-4.248158,2.0593379,0.10510062
123927.53,-1.5629263,2.366693,0.032412056
120338.48,-2.0546896,0.834744,-0.66354966
130326.6,-3.2218695,0.8276913,-0.17123212
117524.05,-2.4690294,1.7273753,-0.2633329
115145.26,-2.5876842,1.8931922,0.18163826
116340.84,-3.3390286,2.510551,0.073690936
124333.99,-2.3040555,2.8635254,0.07402844
118601.45,-2.5189753,2.935603,0.21185234
119062.375,-2.6750908,3.0979133,0.5134047
124142.15,-1.7017909,1.817687,1.6982272
115210.43,-2.5376103,3.1152072,-0.09870454
129872.87,1.0125154,1.9317002,-1.659075
124648.12,-3.0142972,2.7869356,-0.22911535
121151.81,-2.3724444,1.7519413,-0.12741746
134053.27,-3.0895422,1.9629123,1.0877658
116582.55,-0.6025906,2.5576732,-0.06353894
121860.98,0.48042923,0.41134644,-0.012383801
130111.04,-3.6688108,2.5066326,-0.10663519
132220.19,-3.7897599,0.52829146,-0.052318275
117571.59,-3.020534,2.7950985,0.04488293
129108.79,-2.110477,2.585481,-0.24700324
124837.055,-3.584703,2.9771647,-0.05773346
121226.14,-2.6520193,2.6552181,-0.019858135
130917.98,-2.5179703,0.37201688,0.04312265
133312.84,2.355628,2.6769886,0.21643487
132547.9,-3.505757,0.13086879,-0.033514135
125736.77,0.37845933,2.2748177,0.12763676
119805.76,-2.1952708,2.4891248,0.14720106
116285.28,-2.1187415,2.8758276,0.2282563
124026.1,-0.6991103,1.8413867,2.2481418
134713.97,0.22627537,2.3328881,-0.10343716
119077.086,-3.0066857,2.9257305,-0.3001781
134608.95,-0.7016901,1.0708807,0.06937172
128505.0,-1.1107079,2.488414,0.010583179
126170.58,-0.10646536,2.6123705,0.24880512
126890.19,-1.6420465,2.8784866,-0.2532936
133369.47,-0.85457844,0.2982489,0.16941614
126879.1,-2.5583065,2.441564,0.09906428
125480.59,-0.5557705,2.8191817,-0.24785393
129624.1,-0.36332464,2.5707211,0.14842942
118954.02,-3.086775,2.6656795,-0.172071
115541.57,-0.36383486,1.873149,2.2168305
119949.86,-3.0588315,2.7290864,-0.32744482
126844.266,-0.34481686,2.7130985,0.20354815
128893.0,-1.986663,0.90623665,0.059551604
115973.52,0.8765002,2.1478822,-0.4606924
131731.5,-2.173751,1.818196,0.0058106235
127872.07,0.058215432,0.32776046,-0.027267396
120684.5,0.6343997,2.8734417,0.035558086
118922.734,-2.1220672,0.5547422,0.062054504
125785.125,-2.2827406,2.7325346,0.08759627
116507.24,-2.9200141,3.0330977,-0.13750443
122397.66,-2.9120991,1.6386201,0.33186755
120280.984,-2.5677876,2.8762972,-0.03393557
132823.11,3.580449,2.0803275,-0.21949917
119727.8,-2.5274975,3.1010454,0.07249742
123194.195,-1.9868648,2.890748,-0.053529225
121025.37,2.6230912,0.062963635,-0.010212338
118914.055,3.2135997,0.22141731,-0.013941757
119644.43,-3.1107557,2.223797,0.20293711
116340.88,-1.1517953,1.523387,-0.24750322
115556.88,-0.7601885,1.9025998,0.23841262
134822.36,0.9872015,1.0841116,-0.22019412
133859.5,-4.1255527,0.6817651,0.11888648
117166.5,-2.8527467,2.9169097,-0.3719989
120530.78,-3.0131238,2.7309241,0.0023713068
122620.53,-1.3883313,1.9729855,-0.30307454
115048.68,-2.335134,3.0109866,0.009204774
122399.96,-2.8576682,2.9883358,-0.039191727
117859.75,1.0659602,1.7759877,-0.44756073
115835.44,-1.6779422,2.7169216,-0.33757007
130614.87,-1.990405,0.55061305,0.15790954
121194.4,-3.4478471,2.7970207,0.17266956
118427.234,-3.4356086,2.428379,0.1531915
123010.13,-0.6496058,2.8470967,-0.6571013
127911.6,-2.1806798,1.3167418,0.09204412
120852.05,-2.725985,2.1914847,0.1266786
126848.766,2.3679588,1.9941955,-0.16556731
117175.68,-1.6728888,1.1820117,-0.09638117
118115.14,-0.075880565,2.802367,0.20767346
130116.86,-1.3372792,3.0188923,-0.006545605
132547.27,-1.9426665,2.9163685,0.07866245
133349.86,-2.511754,1.8812598,-0.049275864
123957.19,-3.0992763,2.8815486,-0.2265008
126675.79,-2.7072735,2.8822682,-0.04519327
117278.49,-1.1422544,0.9394881,-0.35398716
126650.49,-1.8908137,2.0039263,-0.043814242
119504.99,-0.7879709,2.1423528,0.24154083
117989.18,1.5721929,3.0812013,-0.17888594
115558.14,-1.7170831,2.7858613,0.18260612
130661.04,-3.252237,1.5031157,1.0036867
116563.93,-1.9931405,2.719767,0.028022066
127348.7,-2.017362,3.1200905,0.1714431
119126.32,-0.5670545,0.47114015,-0.14255464
117198.84,-2.493423,2.4782526,-0.19954434
126902.016,-2.659689,1.5368793,-0.16223516
132428.66,-2.2883165,2.5387545,0.12508552
127092.78,-3.0323453,1.4275575,0.2467069
123883.57,-3.504071,0.7259548,0.0076666498
127338.07,3.124104,1.6784358,-0.22756033
120184.71,0.25899154,2.9265428,0.0249192
131197.92,-3.3594167,1.2316574,0.249983
131545.73,-2.2711723,2.1567605,-0.5998691
116692.47,-1.91698,2.8962233,-0.023688402
132040.55,-0.76337975,2.5196502,-0.91035515
134958.78,-1.3286766,2.2471275,-0.5528816
127372.305,-1.7098136,1.4569532,0.32281965
129227.06,-1.3636622,2.8787396,0.06915517
134659.23,0.74298793,0.6862827,0.039238255
120149.695,0.3259324,2.5962737,0.38986355
130343.79,-4.325212,2.877755,-0.14076991
127918.97,-2.5545573,2.26217,-0.13864191
126866.2,-1.9758883,1.9393071,0.050131533
119481.08,1.4012153,2.9952762,-0.013801109
115140.18,3.7344291,0.6719754,0.22333364
131565.95,-0.5060731,2.2779613,0.037904523
118396.95,1.6051822,2.466782,-0.10286991
133201.64,-2.9862757,2.7567203,-0.4004201
122860.94,-1.782037,1.4640944,-0.27908683
125472.24,-2.7894197,1.795366,0.19594453
118412.17,-0.9748617,0.67838603,-0.09322803
122332.94,-1.254215,0.26490498,-0.077115804
122645.7,2.8298936,0.4656651,0.046800114
130725.875,-2.0987725,3.0868242,-0.037953947
128703.3,-0.17747127,2.1823373,0.22344355
132792.7,-3.4221625,1.7391222,1.3527626
118265.56,-2.113482,3.1225762,0.0015173515
122418.03,-1.1509666,2.412026,0.08158161
122849.78,-2.6767275,1.7340374,-0.13561808
115571.234,-3.136349,2.7073152,1.1519555
119531.58,0.81259143,2.6774359,0.00067539915
117104.92,-4.0681314,2.4325683,0.15428194
130780.81,-2.4415007,2.1950326,-0.69136244
123786.12,0.18104693,1.7302421,0.37312588
122620.44,-3.5021152,1.4189245,-0.07169139
120433.62,0.19783944,2.739968,-0.95237714
128203.61,-0.5932536,1.5101601,-0.169833
119751.73,-0.33742455,3.0108175,-0.0042893244
128398.15,4.129628,0.2333709,-0.19979927
122800.15,1.1652641,2.8044677,-0.018710185
123779.16,-3.139614,2.6954157,-0.07166341
127755.914,-3.293551,0.36830127,0.023022713
132036.6,0.0036291708,0.58546174,0.12985785
130511.414,-1.3769547,0.72213805,0.11693542
132847.28,-2.7993152,0.9117212,-0.40961382
132057.72,0.06923759,1.0097853,-0.11471413
128883.49,-2.1214638,3.045459,-0.03490527
116559.49,1.3023738,2.7492695,-0.1859412
126679.6,2.5522459,1.6789726,-0.22912945
119583.37,-1.8053852,2.2134821,0.18189482
130440.914,-2.6290824,2.4043205,0.42843089
130389.81,2.546929,0.2562166,0.00017902133
125451.43,-2.0521646,1.1814526,-0.28062925
127527.41,-0.4675305,0.0069897175,0.033868335
132871.3,-0.8117933,2.6978776,-0.04132178
121681.836,-2.1014812,1.3560804,-0.13468274
118158.836,-3.4099433,0.13831711,0.033664647
128447.08,-2.7462134,2.82486,0.07637773
120937.26,-2.2637258,1.5985587,-0.107123345
115713.59,-2.6512465,0.7423295,-0.0645844
123100.09,-3.0059836,2.9044654,-0.0005999325
118832.64,-0.56900436,2.3543777,0.10045307
127112.16,-1.1423368,2.955716,0.012472073
126723.07,-1.8880484,1.5083538,0.39279065
123688.41,-1.1625646,1.9081151,0.6643133
123481.36,0.017320327,0.3210637,-0.08828545
133488.81,-0.062109098,0.82676584,-0.075248405
133535.77,0.7189739,1.6253467,0.09477455
133000.08,0.019187674,0.4259001,-0.1812693
115105.77,-3.4367642,0.15277004,0.025794866
127882.04,-0.6703272,2.9064455,-0.013298337
117422.26,-0.8263141,2.2242649,0.32735538
115684.43,-3.3313272,2.0192418,-0.18736452
133228.36,-1.4356986,3.0367637,-0.11125987
124422.58,-2.8417547,1.4983463,-0.2203194
115261.625,-1.7849154,3.0604742,0.042642813
132113.14,-2.3837695,3.0683541,-0.055525262
119264.836,-2.159226,2.3704152,0.29232344
122573.43,-3.7289715,3.0692208,-0.0671627
118333.91,-0.75212044,2.7445283,-0.060100608
119637.24,-2.167948,2.7565641,-0.015219754
127694.0,-0.7531691,3.1268227,-0.10627125
126616.016,-3.4273884,2.0374694,0.00036368368
121995.125,-1.629681,2.7685146,-0.25303248
123410.03,-2.3226984,1.0956216,0.6166805
117213.88,-3.1291618,0.46127275,-0.07884514
128406.18,0.7472663,2.6863904,-0.04560944
131070.03,-0.32539502,2.693074,0.20240885
127685.555,-2.7637422,1.069691,-0.19156489
115423.9,-3.124513,3.0362232,-0.025974661
122258.766,-3.5118403,3.1167142,-0.57928693
120089.57,0.6505136,0.5906673,0.107660644
116125.44,-2.2083168,0.18109965,0.03899002
124965.984,-2.1670256,2.4157522,0.21964648
121130.08,-1.9220816,2.652432,-0.06666751
130750.63,-2.016289,2.827721,-0.013569702
134900.83,-3.2622023,1.0182784,0.059333887
131299.66,-0.9057731,2.0387206,-0.07002671
131229.73,-1.3710572,1.552907,0.37473747
118896.555,-0.5430214,2.6783552,-0.069043905
131965.8,-3.3414662,0.46888286,0.13611299
122019.72,-3.3529167,0.7896557,0.15321654
122152.65,-1.2304068,1.0943912,-0.060618747
117105.39,-1.9063236,2.7509835,-0.11747895
118658.61,0.7452911,1.7695978,1.1264133
117551.555,-2.3566973,2.7737198,0.11949378
128684.89,-3.6222785,2.8919408,0.047615986
115377.99,-3.0329533,0.9856775,0.05250832
117655.58,-1.7770132,1.3722891,-0.26051122
127316.58,-1.6075778,2.3369348,-0.3062321
121507.17,-3.6468177,1.1846586,-0.21180342
127279.75,0.25501058,1.7015375,-0.21920118
119006.766,-1.2782241,1.2246697,-0.23464617
115913.055,-1.0921916,2.206646,0.23896085
120284.85,-3.4153748,1.2500786,0.5484986
118621.89,-4.022135,2.9436638,-0.010504812
128173.94,-2.4563448,2.4545946,-0.19613723
123031.164,-3.409509,2.4495537,-0.47050655
120574.88,0.95319545,0.08304703,0.021172859
128121.55,-1.7407774,2.063785,-0.039398722
131692.44,-3.3990746,1.158492,0.26437834
117347.08,-2.4879527,2.539915,-0.09537751
132350.44,-0.1637565,0.6325675,-0.16315407
119576.28,-4.0121317,1.50668,0.11751872
119541.41,1.3831851,1.6916332,-0.43692067
120203.09,-1.5993682,2.447485,0.48044178
132895.77,-0.498743,0.6835213,-0.1543142
131372.27,-1.6847415,3.1045747,-0.00853098
121042.766,-3.1713629,2.3275712,-0.42708868
130062.91,-3.17459,0.5988191,-0.16879657
118235.02,-2.7995872,3.1339278,0.07912262
116855.27,-1.9957325,1.857222,-0.2727356
119107.28,-1.1287292,0.63465697,0.08187197
121174.234,-3.279166,2.793983,-0.06767534
122429.22,-3.4265742,0.17297995,0.08526799
120868.84,-2.3821065,2.9431293,-0.3602635
128053.46,-0.3083949,3.021069,-0.22442774
115070.75,0.56593066,0.23007321,0.085119605
124312.76,-1.3735604,0.25329542,0.05499575
116352.17,-2.8779278,2.6847491,0.015154274
124608.78,-2.5758407,3.0911648,-0.13200855
116837.04,2.0591962,2.4772248,0.19888957
121478.984,-3.0628173,2.4124184,-0.17021304
116064.82,-0.8285843,2.541652,-0.25734508
129227.05,-0.32430255,2.5518389,-0.2552945
126809.97,-3.8545318,0.82848907,-0.03902357
119499.2,-1.804535,0.3420769,-0.10898015
123572.08,1.0242724,2.5276763,-0.36547962
129885.2,-3.0093,1.699676,-0.13473189
124528.8,0.08443389,0.42007357,-0.21778545
118711.06,1.8661503,0.60815316,0.41017845
133744.3,-0.5261914,1.2167289,-0.25015748
115986.23,-2.1398983,2.1229012,0.15848647
115149.64,-1.7686241,1.2396151,0.635687
115508.11,-3.142717,1.4701316,-0.8395085
124408.27,-1.4987041,1.2096392,-0.105560675
121250.54,-1.918474,1.2633208,0.3164467
116559.97,-1.9600955,1.4969114,0.09445711
115890.664,-0.6172579,2.616874,-0.008298842
115129.15,-1.969271,1.4974988,0.21520881
123507.5,-2.7482297,3.0311842,-0.2406343
119068.97,-0.59554243,0.27437317,0.0905087
123578.43,-1.2052785,2.6262288,0.1496201
122603.586,1.1596013,2.5329602,-0.13289852
128096.18,1.7983254,0.51004815,-0.12010706
119186.6,0.078044415,1.687804,-0.618338
120306.1,-1.6316997,2.682756,-0.2621588
121650.875,-3.6592515,0.93547,-0.2969113
127488.125,-2.5651968,2.761157,0.5447132
118248.72,-2.4040277,2.6061773,-0.06788284
122398.85,-1.1164182,1.4339441,-0.18645453
126298.484,-2.9954476,1.1090901,0.071958475
115251.61,-3.674821,3.0961518,0.0038185203
130337.44,-3.2869194,2.834306,-0.21978793
126816.68,0.3791947,2.5627298,0.08860965
120288.97,-2.073929,2.9072287,0.9780711
115996.555,-3.2213278,0.71612746,-0.10033595
134751.58,0.37882438,1.6571739,0.26913798
130445.62,1.2680877,0.91504663,0.35436627
117089.266,-1.0690851,2.1868608,-0.12417908
126335.914,-1.8547373,2.4936433,0.060078938
121504.62,-2.6356418,2.6225185,0.6356018
117021.13,-2.1056278,2.9316525,-0.059609257
121304.79,-2.6466157,2.8638618,0.20512177
125628.29,-1.6906507,2.8924637,0.19012702
119582.73,-2.7109644,3.0239978,0.037637938
117887.86,-4.1496105,2.3446338,-0.030105304
124740.47,-2.092958,1.723867,-0.40805694
129337.586,-2.5915895,1.514787,0.20540962
124242.08,2.0550995,3.1164331,-0.21047135
120948.65,-2.0845222,2.0879045,0.049574494
120993.99,-3.7320616,1.6281208,-0.084149376
126608.86,-2.1035194,2.3739567,-0.16525787
118507.84,-3.4845026,2.5154743,0.15188234
134238.9,-0.78469735,1.3446964,-1.4372102
126846.92,-1.9786507,2.2005858,0.21218328
120535.98,-3.2665362,2.7745717,0.11184292
132426.61,-2.8211045,3.0850077,0.4955756
121394.14,0.49615648,1.2158967,-0.19289877
125060.664,-1.6634477,2.5634518,-0.012419787
124364.195,-3.5264716,2.804709,0.05863406
119722.25,-2.7188401,2.3073337,0.0746081
122862.52,0.117818534,2.514088,-0.1475538
118683.01,-2.5195098,2.9588304,0.02134354
130139.23,-1.6701515,0.16068888,-0.07048501
117885.97,0.5093955,0.72622764,0.095740266
117557.56,-3.3349595,0.2808329,-0.18956363
120735.695,-1.5350718,1.3791963,-0.16752127
119084.01,-2.6975107,0.3754231,-0.033202946
125874.58,0.64455706,2.3556845,0.15509972
132970.31,-4.076801,2.6830862,-0.10283348
117754.12,-0.4125026,1.9862875,0.21260886
122728.086,-0.788434,2.8933241,0.033205885
121090.26,2.055056,0.27415657,0.025894597
118171.25,0.81409,1.4459646,0.08099827
122089.805,-2.258872,1.7548531,0.06873327
134873.16,0.21824485,1.999167,-0.10882375
129955.33,0.6141085,1.6854947,0.18426362
115461.02,-2.4684534,3.0458732,-0.0012875075
121635.195,-2.104495,2.485342,-0.23980512
128730.93,-2.214846,2.5166519,0.41771996
124487.6,1.3763375,0.61051583,-0.3090279
118976.555,1.3004708,0.9424851,-0.21684252
134179.16,-2.796779,1.3004555,-0.65167904
129806.87,-0.7013548,2.6018672,-0.08334001
129386.055,-0.19046818,1.4317727,-0.56755275
119150.69,-0.78921014,3.1346345,-0.0034051323
129522.5,-0.8538185,1.038371,-0.08006556
129793.26,-1.6259472,2.719487,-0.19347829
118432.63,-0.6184236,2.8086808,-0.11945278
125990.836,-3.340705,1.5578202,0.14686684
127776.57,0.0017496529,1.9332575,0.1385948
115968.98,0.017964045,2.1186464,0.11568823
115740.57,-2.7401721,3.0390413,-0.043828707
121226.38,1.0075885,2.9672835,0.038639624
131218.53,-2.9182622,2.378784,0.3594703
125836.54,-0.20286386,3.1185439,-0.10438955
118984.805,-3.5146375,2.9920688,0.16873813
118392.23,0.9412611,2.0697627,0.20308635
117257.06,-2.5933726,0.7072061,-0.023237964
115338.79,-1.2436264,2.843474,0.017068561
124041.36,-0.41993317,2.5976439,-0.1801942
134878.5,-1.6095,0.28249276,-0.11269141
134946.05,-2.856996,1.6862185,-1.0951238
126102.51,-0.252489,2.5097206,0.07684406
127896.97,-2.1239429,0.20491973,-0.40615848
116638.02,-2.7389395,3.037613,0.003242177
126503.81,-1.664426,2.8338537,0.0013772993
128838.414,-2.6408906,1.2000982,0.6257443
121583.875,-2.5077634,0.77809983,0.89403516
118186.03,-2.5586503,2.0197861,-0.39298183
131555.7,-0.49804366,0.60249066,-0.29354286
122032.51,-1.1528633,2.0191274,-0.7638162
120717.984,-2.0584567,2.1463442,-0.21137673
123387.77,-2.3038857,3.0130534,-0.002410688
123670.41,-0.6865288,0.15396142,0.07345663
128816.3,-3.24193,1.8273985,-0.28672084
125777.92,2.6385117,1.3766174,-0.18253909
121453.03,0.08198833,1.9134939,-0.19711669
133479.47,-2.0377445,1.6845529,0.12708199
130654.73,-4.1840625,2.9628305,-0.111349955
132025.5,-1.4002405,2.247057,0.2764388
121058.79,-3.62808,3.0336652,-0.17797069
120289.125,-3.0053616,0.4513948,0.050069958
117644.6,-0.13408726,3.0743434,0.070318125
124531.4,-1.8047063,0.6397352,-0.031374738
122576.88,-1.5140029,3.1259272,0.09023717
118743.17,-3.0717432,3.060634,-0.33509862
118115.77,-1.4285858,3.013552,0.20615776
122866.38,-1.5208868,1.1547751,0.26272488
124672.47,-1.4512482,1.9530462,0.10511744
133537.28,-3.7479627,1.7621367,0.37207332
116799.12,-1.257913,2.7751124,0.07581038
121829.81,-2.8416862,0.4392941,-0.06350744
128203.22,-3.5624018,1.1136491,0.57851726
120862.72,-2.5909922,2.2374053,0.10789101
118835.86,0.29679164,3.0360556,0.06531325
115350.984,-3.479765,2.633154,-0.035579324
121810.695,-2.1342204,0.5276216,0.4621402
126205.445,-0.7119345,2.899232,-0.0286177
119216.05,-2.6724582,1.8112395,-0.08806384
127808.555,-0.53733087,1.7159609,0.119250104
120835.32,-2.7156103,2.1876547,-0.33747658
133349.19,0.15922333,2.686076,0.2662818
132278.52,0.54860777,2.5585792,-0.13329878
122676.7,-0.28654554,1.4901421,-0.28207472
128121.13,-2.9356472,2.8882527,0.24375062
130071.516,-2.357786,0.23410708,0.13129488
123053.56,-1.508937,1.1458544,0.8510259
124816.39,-1.2180445,0.5768717,-0.04716151
133468.98,-1.2866136,2.6168604,-0.14175896
115443.41,-2.392791,3.0750172,0.22896133
131478.38,-1.9858803,1.4368484,-0.37796214
125592.33,0.011253692,2.354577,-0.075515576
117457.0,2.8842852,1.3737603,-0.41747564
127794.53,-3.2357996,0.85623795,0.101174235
129396.96,-2.4940808,1.5594498,0.3242815
118511.75,-0.7065642,2.9931033,0.22020546
121893.59,2.5980957,2.25446,0.34995353
115070.61,1.6073676,0.8747773,0.1183766
121035.28,-3.324593,3.087972,-0.0031911817
133977.77,-3.1870358,3.1335914,-0.023909653
125741.54,-3.3783884,2.8563838,-0.48272008
124819.81,-1.1228493,3.1187778,-0.28804636
131034.336,-0.24353188,1.5149244,0.53088474
129412.99,-3.069608,2.328577,0.4294223
133476.58,-3.1666176,3.0829895,0.036063522
124424.16,-2.3539076,0.6533482,0.056718737
126581.01,-1.2920738,2.1642911,-0.10731368
120917.164,-2.3436623,2.2474463,0.028793946
124503.85,0.7241324,1.6127955,-0.46903032
118702.25,-0.80565685,1.530561,0.32460397
130395.875,-0.85949194,2.9822743,-0.1357704
128239.45,1.1835612,1.96435,-0.42294455
125500.51,0.6618561,2.055936,0.09097346
120534.125,-3.0509772,0.0066268444,-0.024111386
130119.55,-2.392794,0.9275179,0.08864629
115450.79,-1.3291907,1.1507673,-0.1830864
126567.0,-2.6397352,1.8563862,-0.3531763
134136.98,-1.53977,2.791327,-0.04555643
120755.18,-2.8576925,0.5568577,0.08726861
115126.125,-2.7997565,1.9179043,0.1199163
129215.55,-3.4285018,1.489639,-0.13866173
126472.64,-3.4767282,0.9105487,0.12825455
123139.91,-2.9628568,1.7015778,-0.16006002
134416.16,-3.244553,2.4611092,-0.26071867
133834.75,-1.511794,2.452694,-0.082574226
129195.05,-2.9131687,0.71978736,0.31213793
115693.59,-1.0617719,2.2951312,0.003374171
124680.055,-3.9142861,1.7187643,-0.25033602
126221.65,-4.29413,2.100549,0.039919976
125945.18,-2.1683517,2.4306464,0.643908
127508.27,-3.0334198,1.9402702,-0.15541081
116881.62,-1.2051207,3.0946527,0.27161622
115998.484,1.9567446,2.0804265,0.16317682
120384.55,-2.4485483,0.103753805,0.048014186
129241.62,2.7407608,3.031443,-0.02169675
130599.92,-1.2640781,1.7080986,-0.53787065
119847.055,-3.2143571,0.5881795,0.06854875
119340.85,-1.8352585,2.2518404,0.2830431
128825.695,1.5610148,0.43474162,-0.074236006
128223.766,-3.4135985,1.9667287,0.047575995
117821.586,-2.0392148,2.782109,-0.002766267
119440.41,-3.0596993,1.0679556,0.024508005
131642.36,2.7459679,2.397046,0.09275152
127782.336,-2.0635607,0.727426,0.08073931
122956.45,-1.73211,1.3258771,0.025655912
115916.09,-0.6589702,1.9764794,-0.07226248
127610.87,-2.1128876,2.874276,0.10065168
119821.2,-1.6327246,2.716971,0.41909236
115332.8,-3.1873913,1.112855,-0.021435443
133340.72,-0.011551021,0.77071214,-0.051382646
124144.7,-1.8163357,1.4764465,-0.36740696
123181.484,1.0799749,0.2031014,-0.056336157
115535.55,0.20905088,1.5017773,0.16584934
121036.945,-1.5687469,3.0586255,-0.018081851
117218.88,0.77455175,0.1417458,0.0012908682
118414.516,-0.59509623,2.8696046,-0.07087695
128480.51,-2.6800468,2.1292663,0.017937696
128722.61,0.16697979,2.5075932,0.7067813
119970.78,-0.96740186,2.1018922,0.20566764
118155.85,1.9481483,3.046753,0.02355199
132438.5,-2.9880605,2.955252,-0.01293775
122748.445,0.64719117,3.1122818,-0.040217068
120966.48,1.2705541,2.718338,0.09277803
125572.63,-1.5839959,1.8047597,-0.14197585
134496.06,-3.3397684,2.8840952,0.18641467
131492.47,-2.8732219,1.8610045,0.41593856
117490.09,-2.0392003,2.865068,0.02465501
132283.11,0.122238725,0.5136242,-0.039363045
133031.73,1.4848751,1.5431755,0.39978045
115873.016,-2.0301418,1.2196448,-0.12282022
128463.96,-2.5545404,0.73193794,0.44121894
134987.44,0.7411091,0.5388739,0.1767879
117731.58,-1.2390451,0.8420937,0.36673802
134607.66,-1.1111926,3.111083,0.031137798
117991.125,-0.5675574,2.8321707,-0.021395722
127424.68,-2.0819564,0.4755988,-0.09377507
115035.305,-1.4563947,2.5262194,0.26055092
118914.08,-2.4503336,1.4958065,-0.4519311
115742.34,-1.366501,2.745617,-0.14009415
122971.3,0.17402838,0.5561615,0.0572694
129210.56,-2.2265322,1.4159794,0.2450636
118915.44,-0.92438924,2.8955967,-0.030683054
118554.79,-2.1903605,0.8788648,-0.35251397
123090.48,-2.697049,2.4981742,0.96116906
121570.05,-3.535859,0.89814717,-0.12184732
122742.875,-2.933367,2.0410628,0.27071977
117477.71,-0.87266153,0.32991546,-0.17563318
131696.19,-2.2682621,2.706899,-0.045766305
128651.664,-3.1521862,3.0991144,0.17585991
124807.516,-1.8400915,2.2758236,-0.052590746
128690.33,-1.8084184,2.7626443,-0.006145661
124691.51,-3.7446098,2.9721632,0.07996505
130087.45,-1.7348439,3.1161463,-0.08354036
128727.875,-1.0616082,0.99641466,-0.07979713
133997.84,-1.1939808,2.8439684,0.025524337
123380.875,-0.84774286,2.5584974,0.119198024
116103.28,-2.4058585,0.06405759,-0.02743261
127140.51,-1.7774428,2.460462,-0.4292812
120622.875,-3.5832705,2.28614,-0.3034129
122406.57,-1.646101,0.019365788,0.024324488
118575.15,-2.9414997,1.1754311,-0.096283585
116372.0,-4.0967402,0.37501556,-0.04885037
133784.1,-3.2073715,2.1303217,-0.2901739
125284.74,-1.3521243,2.5185852,0.23511694
126876.83,-1.6246685,2.245261,-0.09519483
130700.57,-3.9566543,2.9115608,0.36425215
125064.96,0.25284755,1.156216,-0.16147242
123599.57,-2.881594,2.4631872,-0.02009844
123603.65,0.6364327,3.0807328,0.028607879
127219.695,-1.0085249,0.45497656,-0.037016373
124626.57,-1.2351465,2.8880024,-0.02690443
124656.61,-1.4825349,1.5196016,-0.13867003
119202.805,-2.6171248,0.16783829,0.022774657
119486.305,-1.7876025,2.9861526,0.059404187
116473.125,-1.4575733,2.9317837,-0.63467956
121996.62,-0.59789205,3.0993147,-0.00066533225
124625.53,-1.2137164,3.0536773,-0.010183017
123137.07,-0.99015534,3.0962272,-0.023168411
126690.1,0.973746,1.9024466,-0.23261134
125055.03,-3.5534542,0.8517587,0.0012342707
120324.734,-2.355702,1.5190694,-0.018870898
122534.086,-1.2726438,0.46996057,-0.04545028
128850.84,-3.5003128,2.926212,0.78191686
126322.375,-1.9607102,3.1395748,-0.20696491
119814.57,-0.22860098,2.972777,0.29936042
116053.59,-0.8191748,2.548136,-0.03270517
125864.9,-2.9760165,2.7278407,-0.03075302
120103.375,2.6684399,0.94052124,0.28155902
130308.914,-2.1749003,0.9761771,0.110878535
117052.98,-2.777589,2.762042,0.09331151
115304.91,-2.8579707,1.7206082,0.009066352
115277.26,0.5815001,2.9647226,-0.05294796
128604.31,-3.1552742,0.73051697,0.24683294
130661.78,-4.204373,0.40169084,-0.28226945
119518.74,-3.5512283,1.168077,-0.028976873
118594.46,0.5798585,0.74894744,0.47209677
116342.6,-0.6136659,2.7445512,-0.013877768
134935.05,-1.2817788,0.7765504,0.093387425
133745.94,0.4375969,2.5479221,-0.23512216
119497.95,-2.0458825,1.5947148,-0.22091304
126755.62,-0.2907743,1.5073929,-0.10292128
122999.33,-3.2818637,0.74479246,0.041747842
118539.01,-2.5414336,2.2487993,0.3326484
128059.06,-1.7378106,1.6863576,0.91952956
127200.45,1.0509875,2.4685168,-0.23856577
122961.09,1.0295348,1.4495467,-0.28399414
132339.66,-2.7838197,2.4252524,-0.3399869
117561.234,-3.5879488,0.04867536,-0.011349346
120399.086,-1.1521248,2.8841538,0.030465232
117645.28,-2.5590372,3.0197115,-0.08357496
125021.49,-2.8456035,2.9016066,0.12066938
122440.414,-0.73501587,0.6916548,-3.6980104
118372.195,-0.95899343,3.1025417,-0.07730292
130267.734,-3.2491267,1.6715175,-0.23272863
124768.94,-1.643037,2.1994827,0.06050347
123965.62,-1.6750119,3.0095077,0.2049388
118834.96,-0.7923756,2.650563,-0.032567263
119179.37,0.246034,1.211343,0.13892834
115375.9,-3.3114958,0.71299475,-0.31935254
116266.32,-3.1493957,2.6167457,-0.4448514
126195.016,-1.9454757,2.8760357,-0.69261533
129614.17,-1.3166625,0.30283505,0.11500716
121052.59,-1.2584982,0.6023607,-0.077612475
128492.49,-3.6789596,1.1263525,0.07137938
127599.26,-2.7069573,1.6961918,0.03791203
120095.86,-0.19399592,2.4690237,0.07839571
118009.414,-0.16134384,0.7910361,0.06292673
119511.73,-3.6719654,2.0781357,-0.11878643
128159.664,-2.6978657,2.6814125,-0.16606538
132020.27,-2.1101391,2.9349575,-0.10128089
129845.22,-2.049521,1.3039508,0.2618935
123555.86,-2.3927653,2.7397246,0.42681372
129439.17,-0.80791813,1.3942758,-0.07147972
131809.05,-1.6741108,2.8844385,0.24578682
122010.45,-3.541145,1.4836527,0.1427357
118610.66,-3.281242,0.2523775,0.07554289
117600.66,-3.3645923,1.2530966,-0.10292658
116401.945,-0.061900325,2.0709038,0.2118263
128015.82,-2.4494097,3.0335236,-0.30715725
130900.125,-3.337103,0.5446847,-0.07648133
129447.15,-3.187824,1.1549281,-0.042290222
120662.63,-3.0350833,2.5325637,0.9510687
122042.875,-1.6516618,3.0027144,0.052822
127056.61,0.59483385,1.0165612,-0.44512415
129418.96,-0.84446305,2.928724,-0.17110018
131649.8,-1.7043395,3.140904,0.1350795
121665.28,-3.062407,2.582126,0.021604093
121387.2,-0.51787835,2.915089,-0.21020916
120921.82,0.24949846,2.7625144,-0.09479936
116587.57,-0.19109711,1.552613,0.08509293
121006.63,-2.0031471,1.2178035,-0.22422656
125310.37,1.0868559,2.7135675,0.3447483
116656.086,2.06417,0.85861135,0.21827939
123076.69,-1.122808,3.0460124,0.30190417
127842.29,-0.15596142,2.2886374,-0.27805468
120368.27,1.5853262,2.8933015,-0.096838154
118157.67,-1.184472,2.2406864,0.25016245
121223.65,-1.083708,1.9085381,0.15856956
127696.08,-2.9571528,2.5962887,0.010678027
125230.78,-3.5002053,0.010380864,-0.06326401
131718.89,-3.4440465,2.8070061,0.8286047
122927.73,0.0024214254,2.6145077,0.039726995
123345.86,-2.2151709,1.8583878,0.22257128
122907.59,-1.6072319,2.0439072,0.07816784
126278.234,1.8331606,2.9334743,0.26509148
128117.375,-1.622441,0.180166,-0.13445145
115077.35,0.23793413,1.6148584,-0.11029923
118999.016,-0.6749195,2.0285256,0.2963879
115823.016,-3.1131923,2.8721273,-0.3022456
125666.71,-0.8242213,2.4036214,-0.2625036
134060.2,-0.41471937,2.7619991,0.13229351
118553.13,-1.3833117,2.6651864,0.2700564
126025.23,-1.7215152,2.5556571,0.06065333
116878.87,-2.2915308,0.6927189,0.13837123
116072.19,-1.3988838,1.5717078,-0.11148792
134172.48,-1.3251234,2.5222423,0.08966486
127962.99,-1.2414794,2.653849,0.76400185
130194.56,-0.5768871,2.538017,0.18449445
127647.83,-3.4687002,2.2414155,0.038227193
128133.02,-4.20295,2.7443378,0.15847394
127954.01,-1.878827,2.3143733,0.00325444
116859.766,-2.3487582,1.1069589,-0.056366947
126471.1,-1.624149,2.9504476,0.09950778
121642.695,0.9485754,0.044119406,-0.18074644
115255.98,-1.2499757,2.8297935,-0.08961585
117936.305,-2.4784832,1.9248145,-0.30760932
123040.0,-2.9207826,1.1242855,-0.5023289
117823.695,-2.568415,3.0047894,-0.12409029
127498.125,-0.83446014,3.133734,0.01735561
118297.07,-4.062348,0.6139776,0.08168382
116907.64,-3.5565794,2.3961895,0.13195351
128242.734,2.4627256,0.78461325,0.14182037
122080.664,-2.2120228,1.156216,-0.046307687
127115.55,-1.2203766,0.068864346,-0.025769535
117126.16,-0.4185355,0.97444344,0.39007524
124960.414,-2.7683184,1.4685646,-0.48966908
128635.32,-1.3073629,1.1157767,-0.3920925
118975.875,-2.3747954,2.4046097,-0.13803782
122531.2,-2.994806,1.8600769,0.40214628
122623.664,-2.6425388,0.037661016,0.05810604
124106.76,-3.4046516,2.7637613,-0.03638035
132237.73,-1.3288115,2.86686,-0.09693272
118419.55,-3.047766,0.8842833,0.1973006
120866.07,-3.2155268,3.128418,-0.14855592
133697.36,-3.5998714,2.4698691,0.059194196
123569.766,-1.9489409,2.8182147,-0.026297625
129419.88,-3.6815133,0.92673504,-0.12130132
130207.21,0.30520266,0.36967987,-0.103981294
132979.73,-3.2010388,0.114717364,0.090846196
129510.03,-2.4200535,1.109143,0.1463777
116798.04,1.085489,2.221158,-0.16878544
127516.07,-1.8859704,2.9245348,-0.09505692
120285.484,-2.6608481,2.1768637,0.057803765
118711.914,-3.2085738,1.0704278,0.21839696
131788.73,-3.6197762,2.8861918,-0.02191821
130865.41,-2.5062246,2.9838507,-0.03405929
130662.984,-0.17200336,1.7567005,0.7709045
125831.17,-2.1332626,1.9848193,0.20254345
116890.96,-3.2810466,2.806609,-0.016123204
119745.99,-1.3394847,2.2445583,-1.2729537
115468.3,-2.6237628,2.57638,0.2747797
127629.28,-1.9163249,2.097127,-0.43526542
134669.95,2.8492699,1.073448,0.22248933
120472.29,-1.342323,2.6388571,0.0078031374
128771.68,-3.2781305,0.91582084,1.0084767
128165.58,-0.67651165,2.8601587,-0.13762167
115533.58,-2.4519424,2.3631163,0.074386604
119578.31,-1.3697951,2.259672,-0.1758554
115902.51,-0.7057333,2.586624,0.14190629
118526.33,-0.18667242,2.7519004,0.28031865
125500.445,-0.43043977,2.3293276,-0.040102758
116176.07,-2.8500938,2.859773,-0.04651387
126050.32,-1.3526263,1.82548,0.3482712
117260.05,-0.017196871,2.8363507,0.08561314
125719.63,-0.94608057,0.96772516,-0.07900522
130852.19,-1.811033,2.784053,0.22376023
128700.39,1.5041109,1.6720368,0.0950697
129848.375,-3.0558045,2.127273,0.2526807
128168.914,-2.3877232,3.1394436,0.1656247
131557.31,-3.462454,0.73977256,-0.5292052
128899.92,-0.6107528,0.3356396,0.20274937
118218.44,-3.177649,2.5231922,-0.027493896
129393.734,-1.4744543,0.40052342,0.03916768
133794.56,-1.3670223,2.9609292,-0.53233415
132738.95,-0.75119656,1.3937105,0.30450124
125758.055,-2.4405227,2.2637672,0.033695623
132887.97,0.58983195,1.9024739,-0.18261167
123001.75,-1.569218,0.021477938,0.0049625775
126361.164,-2.521652,1.2301664,0.09284297
130645.95,-4.1638336,0.5813761,0.08911692
119068.586,-2.6092815,1.9635123,-0.014033221
130768.305,-2.3391545,2.8892574,1.0702181
127567.44,-1.2481424,2.5684927,0.016702317
123525.05,-1.6324881,2.3672428,-0.15549572
122924.0,-3.3356464,2.9186425,0.13170457
116723.03,-2.582193,0.33473653,0.023716753
130279.17,-2.4725332,0.64832854,0.60039234
120180.02,-2.6647186,2.9275591,0.53983325
115755.78,1.549897,2.8766718,0.009224841
116233.29,-3.9709747,1.16399,0.02926155
133932.81,-2.0263383,2.997232,-0.8584085
121912.836,-2.815386,1.7439727,-0.20695099
118418.01,-0.87745345,2.6107714,0.37954515
122210.625,0.9620917,0.18150115,-0.0021883172
118387.98,1.3965479,1.9769925,-0.22354452
134310.84,-1.9792888,0.11806393,0.10357497
116231.73,-3.0742679,1.034257,0.16632548
123582.805,-3.0086303,2.2451103,0.5744531
126947.805,0.6106138,2.7900262,0.04084136
127202.52,-4.3121758,0.41088486,0.29871392
134090.1,-0.22588837,1.8145832,-0.2512871
125140.85,-1.8558264,2.6163464,-0.116124116
118747.836,-1.1500055,0.5256396,0.060397275
122532.06,-2.1907191,2.5276682,0.13283032
123194.79,-3.093914,3.0475173,0.009313099
127898.31,-0.23484409,0.37778145,-0.15037055
117170.805,-1.9920331,0.13661885,0.0586899
115473.29,-0.66719097,2.387464,0.021712786
124473.28,-1.1268088,2.862514,-0.1962977
117413.39,-0.70131934,2.0998974,-0.085940324
128147.94,-2.6112382,2.880557,0.15625992
126049.86,-2.1654172,2.4016023,-0.42203712
125538.03,-2.0768168,2.333427,-0.347381
120981.984,-3.2378926,2.908662,-0.09961255
133529.86,1.7742834,0.8157278,-0.2105598
121683.83,0.46119782,2.2463193,-0.755398
118481.74,-2.3061867,0.9138563,-0.07543622
116583.97,-0.29580346,1.2598411,0.17900938
120453.77,-3.1125407,1.54576,-0.9482632
130691.29,-2.408024,0.044834137,0.051806185
116081.766,-2.9110956,2.977587,-0.14508998
122640.055,-3.0130694,1.9633594,-0.0142870275
120993.125,-2.1876028,2.853022,0.06494163
119281.34,-1.1808937,0.99642783,0.13467939
124246.05,0.41822582,1.6268709,-0.6030716
130374.69,-2.3237486,2.3925776,-0.26947695
134294.97,-2.6320658,1.6500401,0.06440017
123715.05,-0.36737612,2.8388345,0.26374355
123481.016,-4.1574645,0.9329127,0.13833645
117298.055,-2.1868606,1.1617677,0.34311408
119237.71,0.99631906,2.9683428,-0.096693255
130942.77,0.4622362,2.881841,-0.08194428
134825.89,-0.9969235,0.9338895,0.7655781
116433.68,-2.5193744,2.033306,-0.0028975273
127264.625,-2.2451134,2.5200977,-0.22960854
132544.72,2.5494845,3.060167,0.028928554
115305.42,-1.4594191,0.9210253,1.3734452
130740.875,0.29874364,3.0747697,-0.0014663211
122005.96,-2.9570658,0.09039733,-0.03182277
120229.234,-1.9559624,2.3583677,1.8880055
128447.14,-1.2057714,1.1894883,-0.78593504
122786.555,-2.9316003,1.7881534,-0.43015474
117720.14,-2.2056105,0.5485038,0.08489996
115850.84,-2.0159643,2.9181075,-0.020119594
116097.914,-1.4501481,2.9166079,0.003063989
119439.016,-1.3332994,2.8539054,0.12950155
120492.266,-0.14769892,3.1144123,0.0024883237
126843.56,-2.644943,3.1334553,-0.03927171
127810.375,0.8371868,2.4265957,0.06434893
128498.914,-3.3631215,2.9710753,0.09742623
134671.48,-1.3862293,0.6172112,0.2382871
122511.37,-2.6084769,2.5008378,-0.13506933
115509.79,0.45008314,2.3231108,0.18925638
120971.37,-0.34359086,0.84019023,1.161461
120246.13,-3.5300117,1.5193558,-0.3961649
125111.26,0.14824598,2.016237,-0.37320405
118658.68,-2.806404,2.9382317,0.15585287
117957.914,-0.7251348,2.493894,-0.4348103
122790.87,-1.2044266,2.8600297,0.3245795
117379.96,-0.7915471,2.317326,-0.4180231
125178.914,0.888021,2.0717309,0.2786863
117532.63,-2.9736254,1.421909,-0.30534324
123948.31,-2.1943119,2.4846468,0.21426931
131280.53,-2.143803,2.9732947,-0.013610899
129453.02,-3.2258484,1.7602499,-0.07731366
126807.7,-3.5329502,2.320122,-0.15710242
122538.08,-3.603377,1.2861631,0.05073547
125015.01,0.7454123,0.18578327,0.07461333
117400.33,-2.5190098,2.208857,-0.2189271
115560.48,-0.5445799,0.2931656,-0.020627743
130488.0,-2.2461982,1.0263181,-0.70152766
123862.65,-2.6077187,2.3813505,0.63575387
122183.52,0.06300675,2.5147035,-0.21862121
119287.04,1.5572773,1.4279134,0.15964524
123527.875,-4.599933,0.65033776,-0.08466732
129515.88,-2.4970052,2.1804392,-0.32135677
117929.63,0.7333913,2.9695656,-0.15876845
131418.08,-2.8083048,3.1248083,-0.058936864
133500.73,-1.1609266,1.9482679,-1.0290291
132827.14,2.027357,2.3620963,-1.0647169
117692.63,-2.9802334,1.7620839,-0.1190165
125641.49,-3.975934,3.0366952,-0.14686346
134336.73,-3.2674923,0.55291104,-0.23793471
117664.87,-2.0772948,0.1031347,6.891916e-05
115013.234,-0.9569208,2.0976486,0.07329542
130658.99,1.586084,3.0738454,0.037105244
119566.69,-2.5800424,0.86571276,-0.7879027
117623.31,-0.073631056,2.5677862,0.20787312
132869.75,-0.6118323,2.8048828,-0.62758774
116601.18,-2.7278488,2.3052754,0.42039126
125120.16,-2.9536164,2.8354483,0.06940677
115010.27,-2.0666804,2.5373402,0.20324302
134027.2,-4.0852184,1.5717481,0.2939423
123275.305,-1.166292,3.1109943,-0.10086148
127929.42,-2.6524932,1.5768389,-0.01020704
118756.06,-2.579909,3.1234407,-0.041965004
117982.83,-3.3885322,0.6237743,-0.22731523
118369.5,-1.2458768,1.7179624,0.22666296
133429.31,-2.5516484,2.9397836,0.1289957
132276.8,0.6117148,0.13670129,-0.09631042
132585.66,1.1043983,0.47217083,0.19083458
116211.125,-1.7479676,2.8325114,-0.15940794
116103.44,-3.037391,2.9719582,-0.009747566
121725.164,-2.317506,0.9358238,-0.3021349
122306.195,-1.9463922,2.8518763,-0.016543116
126145.266,-3.8379169,1.605997,-0.12277034
116357.336,1.3948338,1.2756073,0.08910133
126330.69,-2.0836647,1.9654871,0.3725069
127686.016,-4.556127,1.3649386,-0.112897396
133722.81,-1.4910332,2.3794556,-0.0838781
122826.68,0.9355568,2.23495,0.14019397
117808.13,-4.084776,0.057567835,-0.033060376
117948.13,-1.3962438,2.9212399,-0.09463775
134873.1,-3.27314,2.7310295,-0.53904736
116640.85,-2.9387567,1.0040995,-0.05625684
115516.5,-1.4692221,2.6372428,-0.05656777
115959.945,0.250152,0.08824134,0.029623516
115132.92,-2.1719418,3.0438812,-0.024319595
121985.35,-3.1040263,2.3593202,0.8361317
115729.1,-2.319483,1.1185838,0.94031805
127893.81,-2.7191956,2.7140374,0.23667476
126692.72,-1.857484,2.6148152,-0.12892851
131433.42,-1.7947685,2.035087,0.29783207
118034.945,-1.3034389,2.2975435,0.35618326
131127.47,-1.5545009,2.8487535,0.27118552
129688.18,-2.151117,2.7409697,0.056801733
128635.05,-2.5994456,0.21713424,-0.01044311
131784.08,-0.6230926,0.8847853,-0.34546864
119430.57,-0.36742553,2.9804273,0.03219961
119566.305,-0.97273725,2.3008976,-0.047564182
116008.55,-2.0871284,3.0017996,-0.1100427
115114.734,-0.019136395,2.33957,-0.07200536
118268.0,1.569492,1.2820213,1.0808277
130216.66,-3.3827102,2.1919732,0.773258
132496.11,-2.0306094,2.5354998,-0.07356569
128015.06,0.16680093,1.7360266,0.053823616
121936.12,-2.0105827,2.6675854,-0.29068938
117418.695,-0.46035925,2.4074092,-0.22433864
125191.79,-1.7945654,2.732882,-0.14994071
117219.93,0.39762673,3.1215725,0.040160235
115567.41,-0.4471318,2.8120093,0.017097786
117931.06,-3.2936294,2.0004344,0.08098225
124003.2,-2.722616,1.3159628,-0.2832156
130892.21,0.44407105,2.971753,0.29207873
118696.51,2.4186873,0.04419148,0.009770678
131598.92,-1.5096419,2.6178927,-0.2871501
130697.13,-3.968825,2.5140176,-0.1606137
128039.88,-0.41311586,2.8398876,0.14552087
127307.51,-1.9254649,0.32038546,0.074395195
131782.75,2.33289,2.0750802,0.5221459
117051.92,-2.0421748,1.958613,0.21318859
125264.48,-3.0539756,1.7103163,-0.28853655
125932.45,-3.5966232,2.4439664,0.19119148
116335.47,-1.1445001,1.3433343,2.806477
116298.4,1.0975432,2.1146412,0.2711076
120242.625,-3.3438544,2.9533288,0.16957739
122518.734,-2.1604266,0.04694867,-0.008530857
117623.2,-0.5754607,3.1309745,-0.04141695
121192.984,1.61756,2.9231284,0.0046747513
125091.05,-3.7296877,1.5509096,-0.119820505
133120.1,-3.7899454,1.6390456,-0.1520636
131645.02,-3.566432,0.73743564,-0.0823111
124116.555,-3.125928,1.0070318,-0.067476965
134431.94,0.6459203,1.2987007,-0.16409709
118896.94,-0.5643576,1.8188763,0.3030447
134878.1,1.1463956,2.2798753,-0.7727921
116987.766,-1.3869985,2.8570082,-0.14383069
128264.85,-1.3105553,2.1005,0.24297327
130386.68,-2.3081684,1.0707798,-0.05862489
127821.24,0.13462712,1.2214446,0.4117877
118273.52,-2.2164068,0.8501979,-0.29264286
126097.41,-2.8152685,2.5008788,-0.07098516
128450.02,-1.3804859,1.8884311,-0.15869011
117999.93,0.84450966,1.6333467,-0.08880646
130520.92,-1.1972011,2.6298933,-0.3227203
118252.875,-2.3268936,2.6931047,-0.11017123
128381.35,-1.5139295,2.9522977,-0.049171172
120226.414,-1.7359087,3.0792706,0.18444881
116936.83,-2.348833,2.3620486,0.20433031
119685.55,-2.206652,1.0335637,-0.14188236
115187.72,-2.5483878,1.531525,0.6394881
115521.75,-0.43630397,0.027476072,-0.070310615
120375.48,1.9968286,1.3142802,-0.16713372
120181.03,-4.2546663,1.9782556,-0.05104304
121023.625,-2.1949883,2.6249485,-0.47817138
116423.34,0.38089585,0.36878163,-0.054000046
131480.4,-1.7439003,0.9082584,0.058444224
126931.445,-2.0979319,2.9611688,0.10656346
117917.555,-1.8998405,2.6883807,-0.22832464
127659.33,-4.1281743,3.0733998,0.14313659
123031.53,-3.6663535,0.82846725,0.07915146
121712.95,-3.5899885,2.991055,0.029306347
119840.86,-3.3242483,2.601258,0.021805076
121526.92,0.9455798,1.566035,0.21175542
126519.51,-1.5239207,2.7419372,0.05542262
123035.46,-2.2349248,1.7602499,-2.25225
117937.18,-1.2131001,2.9759462,-0.42325267
131310.98,-2.9616032,0.286412,-0.03413789
120286.3,-0.5320533,2.7209492,0.43001726
125940.53,0.21243213,1.755827,-0.18007645
124018.29,-3.913169,2.7207758,-0.02778129
129897.305,-2.8164258,2.489605,-0.5534639
119258.516,-2.4505098,1.8907051,0.122058325
130673.414,0.6244172,2.9790165,-0.046497922
130384.92,-1.9652525,2.1377635,0.03645003
120641.5,-3.1394937,2.9632246,-0.21910633
120099.164,-3.439637,3.0554957,-0.0646323
117086.08,-3.540565,0.7011813,-0.14144348
134911.67,-1.3636127,3.0295281,-0.3867429
132242.84,-1.8193707,2.8529353,-0.0069863116
126599.414,-1.2909336,3.1101878,0.051633067
127942.625,-1.5073105,2.6657202,0.4805534
119138.05,-3.0570667,2.733047,-0.00039135103
122277.38,-2.3156757,2.3873858,0.030419756
122015.05,-2.03456,0.5569842,0.18460026
116044.016,-2.2899156,0.088504314,0.018520566
133486.64,-1.2465122,2.54411,0.1341129
123464.945,-3.2330093,0.71312886,0.09638325
118950.03,-2.2631395,1.7605864,0.16511737
126870.78,-3.4184282,2.6266203,-0.25026646
122479.26,-1.5465415,1.0400982,-0.78459364
132275.75,-2.0042362,2.3656106,-0.009545205
115711.31,-0.05553264,1.8014894,0.36765605
128984.266,-2.7150245,3.052569,0.06474915
115354.44,-0.1641277,2.756425,0.34305575
118448.016,0.47736847,2.662999,0.079747416
134703.39,-0.98037237,2.1594942,0.07431275
125132.26,1.987593,1.8620944,0.2753072
126156.28,-1.658306,0.14270115,0.2507637
121888.76,-1.055229,1.6797618,0.15248507
117401.66,-0.06569994,3.094343,-0.27983424
129699.27,-1.1562992,0.97395396,-0.22406451
116001.734,-1.9475269,2.717915,0.084237136
122224.164,-1.6083617,2.7276185,-0.16048588
130801.875,-2.5152733,2.7335696,0.5315141
115491.445,-0.88741595,0.7567123,4.2311573
132012.33,-3.1398296,0.036954403,0.012445688
118119.336,-1.3230412,2.8420677,0.0169688
132503.05,1.5851082,1.4601196,0.3630627
126185.1,-2.9915533,0.6450892,-0.09575515
124895.07,-3.818385,2.5472271,0.02829358
125560.76,-1.6955451,1.1794871,-0.2437551
124423.2,-2.007022,2.8028183,-0.33343542
125632.84,-2.8999453,0.32203507,0.31944624
125341.055,-2.1076214,2.2507043,0.25557455
120866.52,-3.646866,3.137584,0.16763702
123678.83,-2.9223611,3.0619156,-0.020946639
129128.57,-1.7855483,0.8418224,0.24117427
119194.484,-1.4233425,3.0595295,-0.050597295
118016.88,-2.6403894,3.0655348,-0.078470685
117525.45,-0.84011704,2.9535148,-0.013659328
129717.66,-1.4132972,2.465293,-0.07156874
128381.1,-1.167791,2.804931,-0.069767386
132815.08,-3.554883,1.1477863,-0.025457177
122135.0,-1.0853741,1.674994,-0.39331275
125854.984,-0.106778614,2.866533,-0.040887587
129011.76,-1.6755215,1.9136126,0.5275279
117263.69,-0.2823021,2.9094567,0.007330471
118397.055,2.7531726,1.36532,-1.6431302
117316.18,-3.0681903,2.4272923,-0.03867776
124914.055,-3.8256938,3.0801015,-0.023091719
125385.52,1.4478328,2.9228342,0.013955702
130403.695,0.0066730753,3.0941868,0.008869536
131446.66,-4.2421923,2.9567225,-0.02421572
131207.48,0.5953453,1.4935027,-0.03301429
122572.766,0.69466835,1.3478745,-0.19071722
125208.1,-2.9460511,0.3559823,0.053775772
133302.2,-2.820167,2.9937668,-0.00032323564
125062.484,-1.1882006,1.3686078,-0.20925133
128875.016,-1.331743,1.7415906,-0.27128085
134701.81,-1.6523919,2.4551105,-0.09853566
127342.62,-0.39344028,2.1769075,-0.14979601
116650.29,-3.454201,3.0542006,-0.293416
118504.0,-1.8072618,0.93550193,-1.0780512
133320.36,-1.4468088,2.828569,0.023067951
118634.586,-2.6160164,2.3125982,0.31788898
119813.914,-2.9255505,2.7117035,-0.18023749
125807.42,3.8361676,0.7245531,-0.31580055
115657.99,-0.25104278,2.5933442,-0.12131051
131237.56,1.915423,1.0762787,-0.30230296
123380.266,-2.741376,1.1113018,-0.72293544
119313.81,-0.50473154,2.8224437,-0.058100797
120633.42,-2.2824416,0.7888682,-0.10876965
117141.086,-3.3931842,0.4235158,-0.035184983
130364.82,-0.3139545,2.229942,-0.3484476
125421.7,-1.7788715,1.8345792,0.38793448
118530.02,-1.5028669,1.8455017,-0.15202032
121794.766,-3.1003826,2.8136718,-0.06629197
127630.875,-1.7048042,2.5208983,-0.10553466
123054.16,-0.7589559,1.9684639,-0.16604467
129397.36,1.2021174,2.7283306,0.2184374
118849.15,1.5858295,2.9770408,0.063454024
122456.984,-3.067278,2.8475838,0.0033001495
128585.0,-0.8496635,2.7341285,0.1234904
117979.49,-1.4623836,1.5949764,-0.1499463
134142.73,-3.3270247,0.7924861,0.35861245
130802.54,-2.462316,2.9358308,-0.3657499
120805.12,0.85268,2.4093187,0.10230918
117573.81,-0.041444954,3.0122242,-0.09644252
127244.164,-4.5926876,2.1595478,-0.114605576
118613.01,-3.5501177,2.360136,0.07635324
117947.42,0.54418224,0.8108231,-0.15128726
126127.67,-2.4922347,1.3293617,0.054144397
118836.57,-3.0031939,2.0302744,-0.49463704
133884.98,0.42315423,2.9615629,-0.011183923
126005.164,-1.2807463,2.2726588,0.12505254
115435.18,0.08758974,1.7906038,-0.21657738
131631.1,-1.0794007,2.6391935,0.40417975
123771.97,0.1469727,2.8935318,-0.023735546
115224.35,1.1787554,3.1042047,0.09091585
125409.445,-2.9583583,1.8173062,0.74388295
121272.07,1.8126552,2.4809084,-0.04566668
127705.86,-0.134118,2.8390977,0.12807865
126497.32,-2.4236374,2.5274022,-0.45740762
130385.33,-0.15877636,3.0879815,0.02305237
123053.26,-2.5888643,1.8267571,-0.4612049
121435.555,-2.8678083,1.181889,-0.15754983
126534.58,0.8037938,2.3199682,-0.110450625
125898.74,-0.18439253,2.1142864,0.18687214
123466.07,-3.521449,2.7602541,-0.099510044
119838.09,-2.8880053,1.5246377,0.4752598
130078.586,-0.62402296,2.606039,0.019130792
133854.28,0.36720857,1.877756,0.31250006
122458.516,1.1818292,3.0085227,-0.112344995
129687.85,-2.202902,2.5348246,0.46712008
123905.45,-2.1232662,2.7518275,-0.20332947
131620.03,-0.85891306,3.1342058,0.04090482
126593.89,-2.3633127,2.031496,1.7805297
121444.72,-3.1584466,1.9185369,0.037841085
120523.44,-0.47209904,2.763319,-0.12332715
133793.7,-1.051913,3.019371,0.014565864
127726.34,-2.9672985,3.0783017,0.084105216
126918.875,-1.1189245,0.87865543,-0.23913002
118544.375,-1.6024278,2.8734508,-0.040683437
130536.85,0.8864942,2.867525,-0.026801344
130471.445,-2.7261562,2.1611056,-0.03474434
128447.62,-1.3521748,2.4111836,-0.1518712
126652.25,-1.9592156,1.8481494,0.07621153
115699.375,-1.2793235,1.7702774,-0.10103499
115060.69,-1.5759476,2.4269843,-0.3523704
132780.61,-0.67892945,3.1076255,0.06936231
121438.19,-2.0101266,1.6096576,-0.0049534133
131667.56,-0.47127798,2.53183,-0.12767431
130397.914,-1.9755696,2.3399742,-0.017129181
127055.11,-1.6715596,1.3811619,-0.65046066
131166.31,-3.3292038,0.2904058,-0.27358907
116669.93,-1.3419112,2.7475457,-0.073690265
123873.51,-0.75104314,3.096494,0.14139035
118348.016,-2.9120493,1.8296262,0.8021871
127006.82,1.2921294,2.3216257,0.05212291
116913.766,-3.4799674,2.678755,-0.084670395
121718.266,-2.1944811,1.3082173,-0.12671094
124144.64,-1.2079846,2.065936,-0.20833428
129525.46,-2.2603414,2.410977,-0.04518834
128270.625,-2.5548787,2.1357234,-0.069030836
115361.64,-1.4049137,2.6908584,0.30241767
120963.836,-1.6320755,1.7990162,0.09037225
123964.16,0.1607195,1.7653441,-0.46929365
116989.516,-0.851234,2.5832462,0.117113225
117279.34,0.19400404,2.2059152,0.1367575
126337.24,-3.4181523,1.3899882,0.28241545
123658.695,-2.3875244,0.085920095,-0.027571512
131561.17,-0.009675369,0.09672451,-0.122992806
122995.27,1.5144703,0.5083631,-0.1700222
123809.49,-0.99125046,2.0547984,0.26212442
118742.42,-1.8038805,3.1269076,-0.02644967
133910.81,0.43559933,1.7374821,-0.19105798
118444.49,-2.7620194,3.1336367,0.22509727
121522.945,-2.9923737,1.0130646,0.025587428
134565.08,-2.630639,2.7791317,0.08247113
117187.92,0.32910174,2.0347161,0.26235217
121721.56,-2.1012614,3.1057358,-0.15691057
120885.45,-4.020438,0.4739027,0.021945294
119854.9,1.1085429,0.8189431,0.27865222
133965.34,-3.5496204,2.8550622,0.24778402
127561.24,-0.18132086,2.7430465,-0.06867994
126071.45,-1.0964587,1.9006224,-1.1133118
120297.77,-3.6850803,1.1754917,0.51028854
124228.09,0.4255513,2.5040412,-0.16323803
119834.53,-2.5338635,3.1144352,-0.11656573
128517.95,-3.1575217,2.598075,-0.13283028
128674.0,-1.6660597,1.3767213,0.8663358
131091.16,-1.8872021,2.203501,-0.33990306
120304.63,-2.1227763,2.8368988,-0.021261951
120257.32,-3.3002279,1.9297138,0.18263832
124801.44,0.39290825,2.0683491,-0.27255136
119146.24,-3.3297338,0.031841755,-0.012128815
120766.586,-0.4738236,1.9949405,0.61748433
119926.1,-3.003807,2.4716077,-0.43634492
127987.51,1.0538381,2.8810768,0.12365303
122677.734,-1.3152561,2.948693,-0.13764217
120286.375,-2.370514,2.8109248,-0.2491307
117635.48,-2.036123,2.8321402,-0.09382938
127852.17,-2.2797093,2.5162058,1.1269846
134943.98,-0.93838865,2.307584,-0.9977229
116480.07,-1.767544,3.0340266,0.3135809
133501.5,-1.8080529,2.218159,0.18149713
133803.3,-0.43769932,3.0630796,0.034318972
115859.76,-0.9330391,2.6735938,-0.32977942
129243.59,-3.2841275,0.35977662,1.1347376
120281.37,-4.0051546,2.6314614,0.104746245
121258.47,0.063338235,1.9082587,0.27356523
125883.96,-2.677945,2.416698,-0.23240796
117523.97,-3.191456,3.0407357,0.031652696
120978.24,-3.8178155,0.43723083,-0.10789286
122597.51,0.5852672,2.5689294,-0.02854038
115330.586,-0.13376132,2.6460063,0.11273819
128202.07,-3.176943,1.3911248,-0.25041085
123921.08,-2.943955,1.215195,0.21713357
129411.766,-2.366481,2.6859837,-0.8088314
115246.55,-1.7509345,2.54775,0.02569026
123425.59,1.9675555,0.5715613,-0.11063599
123353.53,-1.5589719,2.8279576,0.085529014
120398.16,-2.726504,1.7188675,-0.013191754
122771.695,-2.4728215,1.0210592,0.07486265
115021.77,-2.8910477,1.7563637,0.6053707
115981.48,-2.1957853,2.21356,-0.28281838
126869.28,-0.19845581,1.0154077,-0.15885457
126994.9,-3.8227854,1.8564205,0.19442831
132882.3,-0.3560049,2.8228734,-0.0440159
120675.46,-1.3181562,2.6491852,0.11663204
116605.17,-1.3738676,3.0357842,-0.05631064
134654.62,-1.5020996,3.063199,0.120092474
115114.625,-2.2251956,1.3521867,-0.19561048
115527.0,-1.5052812,1.4217104,1.6075952
118346.24,-1.3256627,2.5692818,-0.0013732027
125455.0,0.12686704,2.8229842,0.35692686
121988.4,-1.6903721,2.6908164,-1.6829011
123021.74,-2.9193015,1.7466334,-0.33535004
121069.68,-3.0727518,2.6926699,0.6224177
125370.85,-3.3159618,0.6258285,0.02937035
122142.72,-0.9154314,3.1275043,-0.14205119
133495.55,0.2348233,2.6897728,-0.27116573
116954.44,-2.5551543,1.4150522,-1.1054888
119806.92,0.032315996,2.73041,0.23793186
119950.67,-4.110638,0.2128334,0.21563292
129557.82,-0.22911824,2.893972,0.029236527
129838.77,-1.270019,2.4248643,-0.14033167
123318.84,-3.143138,3.074316,0.25598526
132381.56,0.84049094,1.2917844,-0.50105435
116140.766,-0.5421515,3.0047703,-0.022348896
121732.87,0.3088721,2.7352858,-0.07824873
126478.945,-1.4893819,2.133169,-0.24410167
117215.99,-4.021861,1.0102004,-0.042561352
117674.164,-2.0663753,1.3196583,-0.32524124
128332.85,0.6819231,2.0739238,0.33497345
117107.2,-0.46768573,2.8503675,-0.19025514
122009.68,-1.368722,2.8179214,-0.72192717
125492.95,0.26182553,2.4221635,0.06766243
131410.72,-0.29737988,2.785646,0.017352413
115290.13,-2.1086159,1.4062461,-0.19637488
127130.67,-2.0941849,1.183215,-0.23927815
130137.914,-2.2914104,2.354811,-0.036416028
129308.3,-3.8993433,3.0623345,0.2890366
129041.016,-3.1826973,2.316046,-0.759948
128813.266,-3.085688,2.9604104,0.116918996
134745.97,0.21379566,3.0934634,-0.061892573
123825.39,-2.8199856,2.7876136,0.05113207
124192.11,-1.0122734,0.7990621,-0.35171524
121246.43,-0.40586847,2.227241,-0.5453986
123893.88,1.6255103,0.56189287,-0.0657071
123085.33,-3.6719828,0.026658535,0.020335423
125986.664,-3.3859181,2.9690676,-0.1406944
128463.09,-2.5031111,3.0474715,0.25407124
124097.65,0.58081996,2.821425,-0.024492186
129572.82,-2.306691,2.1150014,0.06846761
129876.82,-3.0952392,2.9420848,-0.04122805
117982.72,-4.170573,1.763665,-0.0040325928
118469.38,-0.90105736,1.7866592,-0.7298679
121540.44,2.2682893,1.087892,0.107256785
118382.45,-2.8814018,1.5434583,0.6838048
118837.13,-2.4863148,1.4285545,-0.030616153
128299.164,-1.5438312,3.023173,-0.0489997
134108.61,0.519615,0.6339882,0.785674
132851.5,0.35585895,0.091745496,0.0029729714
116392.44,-2.0615666,1.6461699,-0.2233308
116567.125,-1.4144404,0.8602649,-0.51730275
127437.38,-1.0578524,2.6275163,-0.24570958
121597.28,-2.1085072,2.4866872,0.17873617
126441.4,-3.5045109,2.2454183,-0.067563094
129189.164,-3.4114816,2.2852242,-0.104429744
122831.49,-3.191643,0.31760734,0.046434104
120152.81,-2.6130908,1.8131557,0.056064732
119315.16,-1.1781262,3.0674174,-0.00164282
130917.69,-1.7446113,1.9708936,0.33917558
116217.516,-3.0516167,0.69087636,0.099159434
132023.25,-2.969258,1.2609792,-0.1829064
122818.82,-2.123596,2.3438632,0.07242132
119805.6,-0.94511384,2.5753627,0.13390173
119865.32,0.26569307,2.5906003,-0.1250946
117289.13,-1.1397225,2.901101,0.005540801
126617.64,-2.7672343,2.3603153,0.031339947
123963.71,-2.787227,1.6824678,-0.1371603
125707.664,-0.09128267,2.5615466,-0.032376885
132278.53,-0.7116873,1.1698723,0.22945583
131522.84,-3.4149845,0.934575,0.23700772
115512.29,-3.3988044,1.0514945,-0.21254726
126738.32,-1.8446952,2.8442173,0.03584781
121900.88,-0.7777593,0.21125889,-0.0023765077
126263.33,-0.5733829,3.0117784,0.096946746
122779.4,-3.3373477,2.9484358,-0.12045576
130914.55,-2.796353,0.5043731,0.07972072
130888.29,-3.5000346,1.5726324,-0.16266179
120051.26,0.04408255,3.055572,0.15719283
133624.8,-2.5460484,1.9010323,0.13787653
116098.48,-0.9936321,3.1070876,0.011285128
131959.83,-1.5342056,0.89595395,0.61455977
122150.45,-1.0598443,2.8281562,-0.2496708
133917.36,-1.7403117,0.35991335,1.3319724
125502.48,0.9313154,2.8844829,-0.045034226
134052.34,-1.5971278,3.0094612,-0.018262766
115907.664,0.8046115,2.2821481,-0.10940672
115582.22,-3.1717863,2.7126107,0.1410016
124391.086,-1.2177231,2.2820745,0.03512513
119042.66,-1.9176971,1.6140897,-0.27181643
130945.09,-0.058343545,1.4652386,0.18229192
116852.46,-3.38161,2.882169,0.007280467
119806.12,-3.4485319,2.6048565,-0.012011304
119463.28,-3.35196,0.26847863,0.18104015
120229.695,2.0566008,1.8170604,0.57229507
121371.766,-2.8959153,2.147231,-0.3858215
120436.875,-3.914312,1.5170399,0.104509965
131999.98,-0.36367846,3.018961,0.008353253
124243.07,-1.546024,0.27955365,-0.0112243015
117079.9,0.66992843,2.1909113,0.024981068
116722.6,0.49559006,1.8177876,0.08691349
116890.21,-2.2052329,2.8597634,0.30092898
128905.26,-1.8640884,2.9885955,0.35202938
117624.695,-0.6907524,2.7009182,0.3679645
123359.95,-2.6082506,1.205126,-0.038036894
120044.875,-2.4459999,2.1685524,0.35183832
130288.55,-2.643028,2.8605583,0.87796324
117399.445,-1.3407924,2.0382936,-0.41159275
133340.62,-1.2140821,2.1058307,-0.09850497
128171.36,-0.40830097,1.0515352,0.13162656
133657.45,-1.7279125,1.072865,-1.4458737
120232.5,-1.4619722,2.899561,0.4566561
121591.445,0.96763396,2.5287857,-0.12797405
120023.13,-0.25779426,2.7281559,0.099083886
134011.72,-3.9133554,3.0768993,0.12388792
130802.42,0.26645783,2.477867,0.08658079
131445.19,0.7662394,2.93611,0.8902757
121370.01,3.2130723,1.8848705,0.08440253
124661.27,1.221181,1.439339,0.23083423
132855.61,-2.1199071,2.621883,-0.17439069
129969.44,-3.233189,2.3759437,0.4878292
121011.23,-2.8005664,2.6509502,0.09310404
118966.06,-0.88401234,0.8070698,-0.14149687
117465.12,-0.5916682,1.6812147,-0.16261287
119925.14,4.132651,0.41016793,0.093140714
122573.875,-2.3747475,2.9527655,0.055506952
119362.6,-0.5059245,1.7560635,0.02863293
121440.92,0.11649146,2.9820673,0.0695089
120791.63,0.13728677,0.23153245,-0.17866968
128559.0,-2.6502352,2.4939458,-0.017407296
115123.68,-2.884898,2.9901166,-0.43230963
132703.62,-0.81202435,1.1257844,-0.13403636
123146.086,-0.4057489,1.5647031,0.060629934
119138.63,1.4797679,2.5032525,0.16641825
117288.234,-1.740946,2.7861466,0.26891682
127159.52,-3.8112497,3.116957,-0.009806499
134710.25,-2.7305424,2.6406858,0.07845306
130940.72,-1.355395,2.8477025,0.019525865
131811.69,-2.588856,0.70721656,0.17405984
121259.14,-0.54431593,2.6344948,-0.05456613
123810.586,-2.8452318,2.5415044,-0.20297407
116396.95,-0.95320666,1.7684406,-0.23489432
121759.59,-3.3470187,1.6064055,-0.12847847
123159.875,1.8085842,2.1311808,0.2009237
131034.81,1.1708653,2.6642447,-0.052412286
120085.15,-3.1713214,2.557514,-0.30513695
134659.78,-1.0855212,1.6001759,-0.36315584
123797.0,-4.075386,1.5889844,0.18134819
129866.87,-3.3894627,2.8798985,0.124651045
115743.125,1.1301606,1.3724697,-0.19441785
127896.6,-0.64244086,3.1212125,0.0073140156
123207.57,-3.5401204,3.0631676,-0.1054323
119318.46,-0.50369215,2.7495522,-0.012695106
118362.445,-2.7939346,0.60407233,-0.08810373
127607.37,-1.3224901,2.6414168,0.6097023
119486.125,-3.425836,3.0366862,0.022997648
123537.71,-1.3513055,2.5482564,0.015346721
127098.77,-3.903819,2.9288146,-0.0053016325
117995.195,-2.3924901,0.97547483,-0.104643084
117294.88,-0.22433493,2.6965094,-0.09274752
117798.37,-1.2759796,2.7680922,-0.09233528
118675.94,-3.2685602,1.7779506,-0.10496431
115310.79,-2.5662374,1.1757604,-0.06922812
123858.97,5.2084723,0.65854204,0.13258703
117202.14,-0.98901165,2.9530153,-1.4635196
133439.89,-2.493771,2.4191327,-0.04202576
124715.99,-0.14702821,3.010271,-0.0632738
129791.87,-3.9995291,0.23956579,0.3765131
115707.0,-1.205966,2.6712852,-0.27260697
119873.71,-3.5032866,2.5124068,0.015468392
122268.89,-1.8695223,2.9028697,-0.25774777
116026.555,0.28341725,3.1014051,0.08309154
133703.05,-3.6951346,1.8354523,-0.22557469
118205.26,1.5416428,2.573818,0.42468345
125974.336,-1.7753689,2.343241,1.0135875
120215.85,-2.4831228,2.483128,0.4445225
121526.55,-2.1885104,2.494842,-0.25303173
130753.41,-2.1175365,0.4279096,-0.066107355
116756.664,1.2330619,1.3592818,0.4458435
128242.62,0.7358281,1.5533543,-0.20321153
121914.63,-3.176314,2.3275192,0.15123078
121145.57,0.101744965,1.9435613,0.31200278
122091.29,-1.0107222,2.7764707,-0.15384713
118537.8,-0.3164863,2.9227316,0.0040698093
130534.31,-2.0357153,2.3199527,-0.1399341
129843.91,-0.338759,2.9050772,0.13221543
129403.27,-0.49437594,1.5023569,-0.05814054
123496.51,-1.2428491,2.9947886,-0.1745153
118592.67,-0.23057427,2.9183013,0.07520671
131292.81,-2.624821,2.3408303,-1.4005185
115756.33,-1.675212,2.3474224,0.026911756
125650.734,-2.0039937,2.405297,0.066505715
124077.75,-3.1434827,1.5452318,0.028086388
128598.17,-1.5322429,2.8497496,-0.2465466
131841.44,-2.8281164,2.3162599,-0.18683188
128425.48,0.068521425,0.753387,0.048967957
131743.84,-1.3943702,2.4958704,-0.009430113
118535.09,-1.9413363,2.2173693,0.016572023
133633.17,-1.9836421,2.4732618,0.0026965344
122741.54,-1.8357968,2.552488,0.1944643
123672.7,0.95302796,2.6410587,-0.04936538
118736.86,2.034996,0.37601233,0.15987553
125809.09,-1.6092709,2.248734,-0.43225905
120830.65,-3.176226,2.1457393,-0.07224963
134517.81,-3.2303047,3.1262553,0.049286067
122403.484,-2.7388027,1.9973807,0.1524636
126293.15,-2.6581895,2.5454857,-0.201462
119548.7,-3.238121,1.1834303,-0.67727894
123244.8,-4.4797473,3.124479,-0.07815968
128675.02,-3.1337664,3.1007276,-0.033495594
134216.31,-1.8175668,2.8721814,0.21250351
127160.43,-0.6902738,2.86361,-0.072982125
119661.27,1.0578451,2.6862485,0.14951101
131173.67,-0.39407325,1.9491584,0.21232727
126759.14,-3.2800682,2.695623,-0.19580664
124928.7,-2.0176656,2.1191287,0.18021376
130712.7,-0.9713232,2.4867108,0.10501713
128593.09,-2.2248845,0.72830373,0.07683081
126053.39,-3.021565,1.7024304,-0.116331354
123879.414,3.9104376,1.3120486,0.54170597
120341.695,-0.58133733,1.963092,0.23502924
124213.99,-3.137543,2.8043025,-0.22150697
126441.914,-0.20151787,2.4750686,0.16483332
125388.19,-2.8365211,2.1436954,0.7557709
119436.086,-1.4684947,2.94935,0.06743841
118911.836,-1.8056785,2.260281,0.47346503
117775.1,-3.6364918,3.0737443,-0.029941726
132731.67,0.18997596,2.3450127,-0.16158563
128168.59,-2.0810964,0.89457166,-0.090547666
118269.914,-3.4553368,2.3378797,-0.20210677
120032.805,-1.1891683,1.4322357,0.047395974
125794.67,-2.1068916,2.584681,-0.0046902047
121372.69,-3.998321,2.9874678,-0.005087924
116103.39,-2.4637804,2.913994,0.050301604
122749.086,-0.6463948,1.5196667,-0.05291728
115676.35,-1.9696977,2.520319,0.03968548
131384.77,0.6109445,0.17026019,0.03474807
122928.57,-1.3431507,2.9623427,-0.18976262
116977.45,-1.3819212,1.4035982,0.16355905
119551.42,-2.229696,2.9793804,0.11981345
120475.28,-3.1426299,1.6324315,0.26366395
132004.97,0.17431863,0.034472823,0.012052848
115279.83,-2.4038887,1.6493583,0.34983486
117086.836,-1.3443408,2.5527024,-0.7844508
125163.59,-0.36466324,3.1116767,-0.1366044
118927.54,-3.7941854,3.0891263,0.055985123
116646.21,-0.7817644,3.0471365,-0.003042383
133793.08,-3.6486409,1.4010733,-0.061794344
122390.4,-3.0060282,2.9048796,-0.36492422
115973.48,-1.5654316,0.13535011,-0.017579736
117183.17,1.3799216,3.07385,0.07085475
121783.03,0.6595786,1.0291575,0.38787368
131168.62,-2.788603,1.1664653,2.806425
118986.53,-1.3775026,2.5945833,0.12383598
123664.2,-0.64488727,0.89388186,-0.08851196
132552.73,-2.42454,1.4041812,-0.3690521
128999.836,-1.773018,1.7751726,-0.20886451
133871.3,-3.2475982,2.9289746,0.08105524
124299.414,-1.6692435,1.5485888,0.6528354
122702.36,0.45207903,2.858565,0.07026753
125091.88,-2.3443406,1.5684098,0.68937176
122347.4,-1.3882886,2.5108585,-0.41311103
127829.7,1.3250035,1.8069001,0.17024872
115867.18,-4.0691757,1.7825673,0.11894015
115790.4,-2.4768655,2.2143073,1.1516136
134020.05,-1.600435,2.057359,0.37017813
131435.0,-4.050127,0.7658086,-0.1836213
124433.98,-2.3064783,2.8002763,0.16410467
126170.17,-3.0395904,1.0072243,0.15370022
117375.305,-1.3748661,1.1661663,0.26720086
118036.945,-1.9048755,1.576028,-0.31424972
123520.836,-0.679505,2.7697997,-0.21049654
117192.23,-3.2081983,1.5208566,0.03738358
132857.27,-3.754072,0.0755769,0.07190111
130564.61,-1.4561267,1.261728,0.025352862
128990.53,-0.8328974,1.7159172,-0.13862248
117083.555,0.9448998,0.30919302,0.0034516354
116425.91,-1.4398447,2.1760695,0.16497171
122955.78,-1.9708731,3.1199577,0.15174888
131690.22,-3.4322622,2.3901463,0.6074077
121974.55,0.079033285,2.6014066,0.06492856
118348.8,-1.9329542,3.0974228,0.3518273
123207.6,-2.748935,3.0940363,-0.04616455
126705.664,-3.4333982,0.41950262,-0.23895088
128589.5,1.2362831,2.1315358,0.07389489
117127.91,-2.546793,3.052355,0.15795873
115764.83,-2.0661268,2.7025483,-0.028886039
132288.16,-2.039968,2.8480136,-0.112060174
128072.375,-3.5899713,2.7181737,-0.020843072
132173.64,-0.5974656,0.6570592,0.17054233
115165.72,-0.999846,2.0204012,-0.18966004
123641.79,-2.5429099,2.1113174,0.18306889
119221.48,1.0217662,2.8040566,-0.0800103
125892.516,-0.291172,2.0457048,-0.6504279
117100.71,-0.14232425,1.4945059,-0.08830619
121898.26,0.59252316,1.8995234,-0.23291945
133161.27,-2.149885,2.6354868,-0.13866065
119870.23,-1.1356728,0.76342297,-0.08376956
132771.92,-2.881197,2.9317276,-0.2637671
120977.836,-2.867009,0.71297956,-0.075908385
126023.72,-2.1579072,1.5834156,-0.24746965
123304.21,-3.365297,0.6170511,0.10018157
123533.81,-1.6726013,2.889892,0.11020349
115208.164,-0.6002199,2.794289,-0.037383903
122291.0,-3.5598562,1.2191877,-0.1303754
116818.055,-3.7567234,1.6404955,0.21751392
115969.46,1.1955123,1.9805743,0.3224254
126596.4,-2.5987358,0.6045139,0.2868496
122811.13,-3.3384347,2.190183,0.06691877
129592.71,1.5808009,1.8201467,-0.21851212
124633.37,-2.6717474,3.0629854,-0.13013758
124127.516,0.033426512,1.0370951,0.13215299
119297.02,-0.13717335,2.761841,-0.27323815
126833.414,0.26835167,3.0781715,-0.06432305
132715.62,-0.17157672,3.0471065,0.096768305
119208.6,-1.2300243,2.6065824,0.07995242
115474.79,-1.794642,3.0814626,0.096414454
131034.64,-4.024448,0.4711607,0.16182353
127784.68,0.15313672,1.5458376,0.19880176
118351.77,-0.87910736,1.1099657,-0.15095672
116305.53,1.8150048,2.5322933,-0.1517972
122744.22,-2.4086123,0.16180527,-0.027034901
123540.695,0.16109125,2.1835377,-0.089849666
129744.484,-2.350977,1.7039683,0.25170618
126614.82,-1.2187644,2.0834565,0.15321688
118009.984,-2.6872122,2.9658365,0.27861655
116784.766,-1.0119668,0.63664323,0.93106836
132764.8,-3.0830193,0.2871287,0.33509806
131205.69,0.16012152,2.8562346,0.11680014
133087.88,-3.6979256,2.8289952,0.041992716
133580.64,-2.5819373,1.7905287,-0.050485253
134665.67,-3.0756826,1.2734472,0.9195911
115228.37,-2.539284,3.0928779,0.21511139
127560.74,-1.6953232,0.6944266,-0.20100437
126240.13,-2.5785072,2.7594962,-0.026262933
128831.43,-2.8012009,2.3012903,0.13728108
131172.62,-2.3896847,2.4915931,0.17055438
115538.07,-2.9691048,2.8335297,-0.6193507
125831.16,-3.4899836,2.0391803,-0.23001839
120038.484,-2.814739,1.977678,-0.08252797
134307.56,-2.2296834,2.1269758,-0.08608475
115344.89,-1.6861324,1.0980918,0.070482105
117057.26,-2.7865906,1.8550093,0.14717373
124629.19,0.5277665,0.07986808,0.013699917
125853.61,-2.1661477,1.4219902,0.4083819
124201.82,-3.4953094,2.1131315,-0.017955162
125973.55,0.12300758,2.970078,-0.091157675
122408.086,1.9068537,1.6234943,0.16592966
118124.77,-0.1865511,0.13013172,-0.0025791626
124754.74,-2.003695,2.8173437,0.3223566
131923.14,0.8642184,1.3477505,0.65249914
117090.695,-3.4236925,2.972235,-0.7400679
127614.36,-1.9546317,2.523145,-0.04756317
119080.37,-2.8088958,2.4435627,0.30708733
131053.64,-3.2262702,0.53916454,-0.4945848
115402.59,-2.5605388,2.478553,0.087732494
124005.51,-3.343156,0.44377565,0.12140008
120891.63,-2.940378,1.8248146,0.07938361
117586.97,-3.2471256,1.0516398,0.24053329
125852.484,0.595874,1.759016,-0.5003362
118172.625,-0.6909561,2.9420235,0.026053824
121308.96,-1.399083,1.4439299,-0.20956019
122584.38,-2.880438,1.7713861,0.15827732
119922.86,-3.3185813,1.7851087,0.36002067
118884.7,-3.1417952,2.1283162,-0.016426621
120896.63,-3.3435419,2.6418524,0.08117647
125339.734,-4.6943407,0.88106763,-0.020748423
125783.79,-3.481682,0.47884083,0.04084903
134918.89,2.4433753,1.4474727,0.15862133
127950.87,-1.5536191,1.497794,-0.4677647
130586.94,-2.3031723,2.6699731,-0.7216355
120896.48,-1.7814943,1.9115204,1.4951057
121106.31,-1.6317035,3.0164256,-0.028226864
119767.16,-2.441172,2.4524088,-0.60865366
132434.62,-3.6906633,0.09922528,-0.4690328
126090.82,-4.554493,1.4788606,0.13363077
119136.53,-0.87506515,1.1835575,-0.06525465
125238.28,-1.1233453,0.52778935,0.034128837
123570.4,-0.8125129,2.8152995,0.060927402
131039.65,-0.27078125,0.8148329,0.12388292
116820.945,-3.3648982,1.657659,0.076899186
134950.17,1.3096548,0.58280075,0.052633464
132801.22,-1.9914536,2.2494597,0.61267537
120689.7,-1.4032423,2.7856688,0.121448144
134493.94,-2.7124214,2.8930373,0.4534066
116965.125,-0.18188573,2.282345,-0.14106275
118066.71,-1.8841985,2.911298,-1.0194701
122170.516,-3.5830681,3.0474372,0.080657355
127334.84,-3.4219632,2.9511654,0.17067447
131934.23,-0.47518796,2.6764252,0.39751473
116720.484,-2.6090062,0.78199744,0.19825307
121120.33,-2.008746,3.0344722,0.35831618
127933.914,-2.079006,1.8344791,-0.04958504
119393.484,-2.2137828,2.797804,-0.052336976
121947.914,-2.936299,0.9719651,0.15047432
127823.48,1.2655019,1.750973,-0.50118136
124591.13,-3.5413697,2.692461,-0.028620388
127994.484,-0.76012236,3.13229,0.004352817
116618.24,-3.361213,1.369535,0.15577775
122057.95,-2.1998575,2.6227846,0.09756563
115654.77,-3.9076371,0.5696864,-0.07624324
118022.59,0.32168934,1.7388706,-0.15859179
134036.55,-1.3561608,0.7221354,0.21472085
126013.195,-2.8758502,1.3484616,0.25558263
115837.07,-2.9361327,2.5845356,0.13601175
116198.33,-2.802354,1.0402329,-0.08617524
125874.945,-2.5917556,1.0413982,0.009155271
118466.69,-2.0387402,0.89104295,-0.10019199
129726.555,-1.2151588,3.0563378,-0.1722843
117886.19,-0.8936042,2.227552,-0.5748216
121699.03,-3.410944,1.8504714,0.20694683
121545.3,-1.6049136,3.13097,0.2528228
126008.52,-3.2970247,0.8775604,-0.024372574
131930.98,-3.472234,0.99434537,-0.17331627
131212.2,-2.2235618,1.3450835,-0.32441556
120989.914,0.07157079,3.0936987,-0.1669653
122045.7,2.007168,2.6384068,-0.14438556
125352.24,-1.1637404,3.1111145,-0.00936255
118328.88,-0.9533881,1.1953574,0.08674483
119281.414,-1.6055924,2.0197003,0.38390228
130228.516,-2.5489893,2.836351,0.067609526
117283.84,0.14668263,2.9398594,0.3279065
119051.77,-3.8874307,0.8759335,0.26324904
134015.95,-0.7474279,2.7784147,-0.0966295
129316.63,-3.284541,0.46378052,-0.051042747
123787.836,-0.899386,3.0964274,-0.058541015
134576.48,-3.1184895,1.8830268,0.09465673
128747.01,0.6777202,2.8030233,0.0028084381
131767.75,-0.94254166,0.86960226,1.1154703
116611.66,0.22715029,0.40144396,-0.031992797
131926.05,-3.676962,1.8334507,-0.08057706
118897.09,-3.200352,2.194822,-0.027971165
128717.55,-2.063094,2.7919369,0.06321723
133057.92,-0.19136108,2.943036,-0.025678575
134636.7,-2.2542198,2.9830494,-0.5324105
128031.01,-2.667148,1.7966422,-0.150934
115811.77,-2.4896889,3.0721374,0.08175125
121175.695,-1.3804487,1.7541792,-0.19313298
134727.98,-2.15923,2.8906987,-0.002102984
124674.44,-2.6786706,0.72798723,-0.17851925
134029.69,-2.3961518,3.0575342,0.29379958
125649.98,-3.772927,2.0778825,0.21014453
116102.21,0.7783406,0.13186264,0.08052457
124910.44,-2.9261212,2.5906627,-0.43555427
122470.26,-1.7244416,1.870208,-0.19261141
117729.24,-1.8319736,2.9268851,-0.113215394
127996.64,-0.8254504,2.919105,-0.029508416
121189.82,0.46891615,1.7459216,0.20611084
115894.484,-3.8969932,2.3864317,0.14068985
130055.15,-1.7036034,2.9589124,0.089343034
133345.31,-1.6347895,0.42370462,-0.070345335
129729.61,-2.0543592,2.300297,0.2310436
117656.58,-1.3476067,2.6017587,-0.025305655
125772.664,-2.5518444,0.18597221,0.19224003
120536.41,-1.870589,2.6696415,-0.10466435
120110.02,0.05786661,2.9138749,0.032580905
128346.03,1.691588,1.4441996,-0.3714382
127580.72,-1.0306995,1.7542667,0.20695761
121289.03,-1.3349028,1.7806503,0.08197699
120086.97,-1.9830685,3.0097015,-0.10134847
128330.97,-1.5131079,2.935022,-0.070525676
124476.19,-0.04922228,2.8170972,0.033018626
130626.78,-0.93678087,0.61210394,0.16197921
118677.8,-1.3419242,1.1951386,0.10114063
115883.09,0.68149185,1.5275625,-0.29650062
118648.99,-3.662685,2.0940886,0.12441077
125856.66,-1.6246904,0.9689059,-0.14386927
133706.23,-3.680942,2.6342087,-0.10295044
131701.88,-3.1844347,2.621308,-0.35905594
133160.36,-0.7499649,1.3185202,-0.29931408
120203.07,-2.0117295,2.7171926,-0.6317315
119613.97,-0.040738203,1.1096267,-0.19031785
120606.19,-3.5030875,3.1190894,0.0420293
127645.33,-0.7542353,0.17875826,0.029467642
119153.266,-3.7777925,0.62832165,0.05359162
132645.02,-2.7201788,2.899018,-0.07320466
127650.92,-3.6832862,2.0811477,-0.07220008
131905.89,-3.1468363,0.71266377,0.21379294
132206.42,-3.756628,0.26783228,0.14426658
119018.08,-0.36512288,2.511292,-0.079187065
116063.164,-1.487192,0.5921121,0.20246123
121185.05,1.579332,2.7853549,-0.04446027
120890.04,-2.527035,3.0863404,-0.021849686
126234.18,-4.2253256,2.400468,-0.09744812
116991.54,-2.7463925,0.9705504,0.20962559
123022.74,-2.0429895,2.0880997,0.06073056
121014.43,0.04118341,3.0790572,0.038628083
132071.56,-1.8488837,2.803554,-0.019978946
125368.336,-2.5529213,3.0918639,-0.14671974
125035.04,-0.617136,2.6126409,-0.034629676
125553.95,1.2707787,0.5336522,-0.09571917
129445.1,-3.5345173,0.039843373,-0.010312831
118091.11,-1.0248506,2.7220528,-0.07051028
127340.74,-2.9192846,0.8254189,-0.09718325
121746.47,-1.7610441,2.8597193,0.028626295
134332.83,-1.3457832,3.056705,0.1287534
133079.92,-1.63209,2.0767848,-0.16262735
120841.055,-3.9411385,2.7875965,-0.09475652
115856.61,1.7190472,2.5846372,0.070583716
122372.73,-1.6866564,2.8111353,-0.13648324
130170.36,-0.6119894,2.6106002,0.751049
118284.55,-2.043781,0.42176986,-0.15211983
129618.555,3.7747598,0.46993327,0.33036542
119548.7,-1.5709231,0.10913539,0.000802187
119084.625,-3.5359075,0.5391871,-0.014536353
132650.0,0.9414337,0.7010035,0.55095303
120881.11,-2.27487,2.7656925,0.35149962
132803.39,-4.2490077,0.7091514,-0.06922109
122780.22,-4.201744,1.7931169,0.0049682865
122973.13,-1.7152199,1.7093445,0.046940796
129733.01,-1.2559233,2.7071517,-0.001653833
134690.14,-0.1819846,0.56115377,-0.09685711
126118.52,-0.67783564,2.260198,0.13511996
122730.55,-2.458349,1.9330084,0.62493217
127608.86,-2.5664256,0.3942356,0.06705355
127094.56,-1.8237437,0.98257303,-0.14875285
124878.42,1.684628,2.2723608,0.24664447
121786.414,-3.1121843,1.9745947,-0.48520404
128910.02,-0.626016,0.8291824,-0.55762786
117641.71,-1.2131763,1.523349,-0.11150133
125604.13,-2.8515422,2.0718932,-0.29112372
121866.66,0.29319286,2.9765913,-0.051798157
121225.81,-1.2958754,2.4287078,-1.2382867
130515.58,-2.0734298,0.7718792,0.03660437
115005.234,1.0707085,0.7250031,-0.08003747
134768.9,-2.6588244,2.8456056,0.15511
119054.95,-0.54374677,2.7455707,-0.015629899
133948.88,-4.0195684,2.839551,-0.03479602
132612.62,-3.4837754,0.22450072,-0.043913804
124122.49,-1.9328285,2.4668782,0.22202359
116433.05,-0.23973306,0.07441371,-0.010567576
115943.59,-2.68139,1.6812378,-0.6935228
131037.336,-2.0936797,0.13393188,0.050576136
125058.18,-0.6012443,2.6887846,-0.069073714
129749.56,-2.0957687,1.9977564,-0.16579431
132156.17,3.2663758,2.2325172,-0.1944098
117936.664,0.6989302,2.658937,-0.035884857
130320.59,1.7636501,0.23586416,-0.09905911
118845.14,-1.5519724,1.1690258,0.15200268
117155.56,0.014678815,0.2492572,-0.10422868
126953.02,-1.0664523,2.627367,-0.173856
117515.42,-1.7928156,2.6447406,0.05237812
121046.445,-2.3401532,0.9770429,0.06448904
129689.82,-1.9689809,3.0528302,0.005664607
132017.47,0.023720184,1.4261221,-0.24184072
133619.03,-1.1847453,1.4432791,0.12301135
127748.22,-3.7407951,0.39859176,-0.0035157388
120712.125,-1.8792226,0.46879813,0.07570349
130670.03,-0.36287352,3.0872927,-0.0061503374
123422.49,-0.28675276,3.1106968,-0.037508953
124623.57,-2.9998605,2.8349802,-0.012825929
128600.86,-3.8704495,2.342183,-0.15929596
127503.91,-3.1926186,3.1064227,0.18155314
120765.71,0.8255548,1.8770369,-0.06856905
126005.67,-0.97409165,2.9766524,-0.039888404
123447.82,1.1568217,0.76420873,0.14956117
119146.3,-0.2845041,2.9665577,-0.059998937
129921.875,-0.7265057,3.123617,0.74068505
121777.79,-2.3236072,2.83921,0.22358263
126234.77,-1.6509302,0.8638274,-0.07199789
127499.62,-1.6737813,0.9604299,0.4414618
117470.87,-2.2347724,2.595088,0.4719909
120053.164,-1.6326691,0.570005,-0.062744096
120368.695,-1.8277558,1.7345072,0.02512701
125996.45,-2.6837313,2.9543679,-0.0353587
123454.48,-0.9217616,1.6568128,0.102717996
129950.98,-4.208297,2.7888224,-0.09890891
130402.89,-0.1864211,2.3912535,-0.03952346
134382.97,-3.9017932,2.2643042,-0.13557029
122447.95,-0.21603331,1.5878307,-0.2626216
115935.19,-2.7261481,2.8502667,0.00073952205
115769.63,-2.9196424,1.7680492,-0.0006378801
115641.38,-2.7991307,1.5838692,-0.083724365
126983.31,-1.7153975,3.0244198,-0.16327856
125177.37,1.4456723,2.8568664,-0.19571503
130898.9,1.4689752,2.5171287,-0.1312759
117320.08,-2.004331,2.6804934,-0.06625085
127379.805,-3.172813,0.9274865,-0.11726659
129746.86,-1.1722962,0.26162815,-0.07218373
121272.555,-2.9661257,2.6986148,0.028370023
124222.92,0.39864442,2.414382,0.45453438
119628.22,-2.1788476,2.2196975,-0.14282691
124693.92,-2.5806737,0.11404562,0.016013987
123614.95,-2.5421436,1.4265292,0.3771629
133462.5,-0.9079402,3.082088,0.16704431
122034.33,-2.841209,1.7524395,0.13677344
121958.94,-3.2537632,1.5995902,-0.26140466
117752.66,-1.2016454,1.9700587,-0.10005506
131370.61,-3.025352,2.9556239,-0.043848775
133077.8,-0.40367675,1.4267547,-0.61240077
125395.234,-0.9587335,1.4803407,-0.058949504
116244.13,-2.7410731,2.967349,-0.26170576
127520.445,-0.66943353,0.08618879,0.01393332
123693.47,-1.3200599,3.1161265,4.282729
134593.69,-1.329608,1.1888953,0.36571673
131810.64,-3.5065002,0.2479024,-0.15427358
132517.0,-0.09992417,3.0089216,0.06091244
123668.65,-1.8158873,3.0496535,-0.015144992
120597.02,-3.0935385,3.017336,0.15686588
124496.6,-1.5930287,0.5346819,-0.035596997
123012.99,-1.5508875,2.8739178,0.2786789
134549.84,0.81551,0.8713296,-0.26679352
116792.41,-1.8737857,1.7512641,-0.6569488
130727.16,-0.5395107,2.544134,-0.016671347
129985.516,-2.8012135,2.3653293,0.17993928
132289.05,-1.3206524,2.7503288,0.093194015
116758.61,-1.8614006,1.8696122,-0.3283573
128107.625,-0.41138217,3.0995846,0.031160105
116852.24,-2.1400516,0.3816713,0.033328284
115161.9,-1.1316774,2.8557339,-0.17747147
119134.234,-2.8221815,1.6537243,0.28693873
132583.66,-3.4787936,2.3265994,-0.10756781
115012.06,1.904918,1.738647,0.20646259
116191.125,-0.3022424,2.0242057,-0.12390074
124786.29,0.006787459,3.046982,-0.13438864
130190.125,-2.200885,3.0035176,-0.2646929
132569.0,-2.067533,0.9151435,0.16928619
119005.945,-1.156317,1.704037,-0.0068170605
120803.38,-2.0069635,2.4966269,0.05236403
128795.5,-2.958703,2.606201,0.42450708
131831.33,0.74201095,1.3794291,-0.09799212
122940.516,-1.151975,2.7538605,-0.18965565
118823.05,1.7820297,2.1631334,-0.18871279
125130.99,-2.3815324,1.1272384,-0.15394366
129002.34,-3.693689,1.720083,0.30008575
132354.55,-3.2126098,2.6044183,0.21808903
127773.67,0.09400965,1.8456765,0.1932714
121984.28,-2.095713,2.4884694,-0.1224594
119162.586,-1.0273243,0.19398117,-0.20658414
118491.625,-2.1763685,2.5830307,-0.1110164
116466.39,1.5701041,1.923659,0.3694034
127344.82,-2.7559187,1.0962251,0.4353025
128438.74,-2.1834517,0.1611346,-0.51228684
118391.67,-1.2065117,2.2366402,-0.09218951
120389.82,-2.6968093,2.0907118,0.7722969
121503.15,1.2706574,2.5336637,0.094018705
125924.96,-1.5244739,2.406583,-0.034729972
122050.055,0.056499507,1.3550624,-0.28101313
131168.6,-0.45915785,2.842227,1.1557916
126339.234,-3.0140057,0.012734652,0.0044275955
124542.21,0.07437388,3.0275655,0.03338177
133069.08,-2.6423192,2.9406211,0.56282383
127167.086,-2.441067,1.3284887,0.07314008
121609.92,-1.5929807,0.89009047,0.13234887
130389.11,-0.92022467,0.8063358,-0.22972725
131896.67,-1.1704712,0.45333266,0.043082587
116010.43,-1.6107482,1.4152963,-0.9877825
120188.59,0.13156894,0.0995093,0.0479798
132181.72,-4.5149045,2.476506,0.15959042
131043.555,-3.2363746,1.1505545,0.1023509
126945.03,-1.7725706,0.87049925,-0.29679424
131963.02,2.1710818,1.9091961,-0.54152244
116430.805,-3.658114,2.8175366,-0.15898116
115657.26,-0.8671373,2.9168904,0.1877398
129001.42,-3.2883496,1.8339374,0.13463224
118335.77,-0.3242769,1.7156069,-0.2010844
120381.4,-3.228393,2.818864,0.07094995
120776.984,-4.1043468,0.013949275,-0.003440279
121762.65,-1.8166072,0.41061568,0.09984477
116829.13,-1.4219121,0.46947503,0.0033306633
134185.1,-1.8587844,2.983141,0.008154916
119861.336,-4.0137687,2.96138,0.0309573
132615.69,-2.1890428,2.1897397,0.3818281
115198.984,-1.5546327,2.6151237,-0.2135165
127449.99,-2.196655,2.6159787,0.2523695
117961.08,-3.9573846,2.4355643,-0.3712968
118605.9,-1.9992359,2.8025825,0.2103307
125060.63,-2.7836888,2.0147169,-0.30125755
134535.67,-1.4206513,2.7274406,0.08676324
115974.99,-2.8213909,0.0046802163,-0.0009151155
134968.05,-0.5070646,2.6714594,0.09361363
118933.336,1.5019088,2.8440557,-0.04386776
127340.31,-2.9870832,0.028833866,0.011532843
117016.695,-2.2190616,2.5354946,0.012240154
122052.81,-3.1977456,1.3392228,0.113279685
133803.77,-0.062319685,2.559219,0.027531061
121710.55,-1.3931497,2.6144583,0.17714211
128123.61,-1.1485056,1.3791493,-0.2494042
119184.0,-1.10762,1.7585576,0.15610136
119013.47,-1.1692687,2.1749039,0.2159224
130205.7,-1.0997862,3.0339653,0.017582178
123304.99,-2.7034194,1.1229657,-0.3497196
127815.805,1.2533685,1.769474,0.35986492
131329.8,-1.6437898,2.2004614,0.14580652
127340.516,-0.99127984,2.7214835,0.019162795
126925.51,-3.7091472,2.2030392,-0.13203497
133260.72,-1.8247992,3.1156209,-0.058460902
120296.84,3.9455206,2.664328,0.61826783
117819.29,-2.1393595,2.713105,-0.111297354
127607.19,-1.8430716,0.01155436,-0.003938203
122470.46,0.4501831,0.5440577,-0.11994398
132227.7,-2.0603693,2.8318224,0.063850775
128735.05,1.3332324,0.89255494,-0.28560242
133409.6,-2.221713,0.8718035,-0.10773311
121622.45,-2.6292348,2.1796656,-0.20428096
133453.6,-1.2672378,2.0583138,1.4510341
115010.484,-1.8824027,2.5150788,-0.011488926
128569.48,-3.7065065,0.22494072,-0.055329457
123483.35,-2.9324524,1.3011053,-0.36374405
127115.61,-0.9188092,2.8811166,0.13208088
121915.42,-2.890772,0.20438647,0.29545256
126109.65,0.2858587,2.4880512,-0.074864045
129793.234,-0.4236491,0.992322,-0.06778251
122476.22,-1.1696422,2.746853,-0.15688822
125503.35,-1.6837618,3.0143437,-0.0752145
115524.61,-3.0954208,2.676287,-0.26147687
127614.125,-3.274901,2.4723997,0.33443838
127158.484,-1.0582719,2.4118516,-0.06283161
128970.38,-0.15450093,2.5239584,0.057082634
116708.58,-0.053104166,1.2027347,0.1980074
116554.88,-2.4155383,2.792389,-0.37649408
133530.25,-2.3087726,1.97957,-0.06884953
134946.77,-1.5262269,2.8291628,-0.45020258
129443.805,-1.7501123,0.22514343,0.019060567
117159.94,-3.8322198,2.3855925,0.09376114
117894.37,-1.5856876,3.0243351,0.012538713
133541.3,-2.3957517,2.7684672,-0.009056497
130011.55,-2.3627553,0.27580428,0.067581475
134488.4,-0.97928023,2.892108,0.07624175
127485.79,0.67658204,0.04997754,-0.048679084
127343.79,-2.0669584,2.2390513,-0.1826791
119198.586,1.8577529,0.4950534,-0.123244055
121920.31,-3.8803213,3.1099753,-0.101560086
134096.6,-1.7105211,2.5297527,0.19374228
120674.84,-1.4154842,2.4178185,1.0100129
124138.3,4.8813486,1.4937173,0.22962941
129680.92,-1.8837488,2.9789896,-0.1151487
132618.16,-0.47390097,2.4876125,0.08349314
123580.7,-2.0549371,0.14223099,0.053556375
116490.54,-2.7056162,0.21193194,-0.06635754
115712.53,-0.13080719,1.2590289,-0.12311148
122506.75,2.2040737,3.0144393,0.042786956
117299.664,0.6921531,2.4740038,2.5982518
128881.25,-2.896496,0.17180061,0.09914945
125834.58,-4.3224874,3.0300467,0.14997035
125052.56,-3.4963973,2.4762154,0.58131677
123958.21,-1.7589614,0.580498,-0.057712395
128775.59,-3.5989168,2.5923994,0.08695743
120560.57,-3.3751197,2.3891966,-0.24826166
129852.36,0.06914326,1.8664571,-0.29167077
115126.266,-1.5629275,3.0202875,0.3183911
124847.47,-1.794573,2.9186623,0.045373224
119379.375,-1.5490733,2.5333788,0.09617156
116648.305,-3.2459981,1.9821006,-0.057506997
128470.6,0.86586964,1.0247725,-0.37709042
122418.76,-2.5137894,1.4305738,0.9901601
126915.38,-1.9675795,2.4871902,0.120989926
131153.34,0.416881,0.3050459,0.034718726
120941.14,-1.7862179,0.05537641,-0.020781176
120574.65,-1.0743392,1.9626725,0.30699417
130850.92,-1.8263379,2.7709236,-0.7812301
118660.15,-3.0046651,2.405869,-0.4881592
131991.58,-2.4745166,0.1344583,0.08194104
119779.41,0.28274882,1.1281891,0.094151646
120334.86,0.2881838,1.3838366,0.14948477
121010.65,-3.1244006,0.3518129,0.025982583
123262.625,-1.5655286,0.08722687,-0.018230757
127493.47,-2.300429,0.44887376,-0.070637666
115127.52,-1.2060976,3.0860896,-0.076142944
127984.734,-2.9066107,0.5843467,0.8466632
126146.164,-2.828766,2.3992634,-0.15537283
120374.67,3.456945,1.7336755,0.110773005
115095.35,-3.375921,2.9764829,-0.08423864
133811.73,-1.5790832,2.851871,0.07034353
117314.625,-1.7223116,0.63448024,-0.78887165
116792.016,-0.35076657,2.5242164,-0.0033541885
128977.07,-3.5458627,2.1692548,-1.9759452
124060.64,1.1172805,0.80371404,-0.3286381
120117.2,-2.6714857,0.3523354,-0.6750059
130741.06,-0.8528124,1.8944746,-0.3908289
129328.11,-3.1469142,1.0284389,0.05466688
131805.95,-0.2209829,0.788368,1.5750966
115767.266,-2.8651495,3.0673625,-0.23805514
120451.31,-0.73544246,2.8390808,0.08160365
121566.5,-2.4416027,0.77783,0.06539186
121944.07,-2.0037377,2.2798023,0.1708887
125512.98,-0.7823201,0.68566364,0.070268884
133215.69,-3.239705,0.2186048,0.045205083
121304.04,1.7978003,3.057983,0.05407473
116867.05,-3.8290725,2.7237062,0.1385408
121767.96,0.032335617,2.6505706,0.12850259
122204.71,-2.287115,0.8955683,0.055274397
129374.04,3.051852,2.1003995,0.11087421
121043.04,-0.9404573,0.33342934,-0.04948848
120746.39,-1.9920967,2.5227807,-0.0046691727
132045.34,0.28388494,1.7908252,-0.2780409
126416.8,-2.8240418,2.0513725,0.25799096
128976.22,-2.2577243,2.05221,-0.23422499
127817.586,-3.2470827,2.0674253,-0.020597456
120238.25,-0.84086084,1.7125646,-0.18005219
128441.83,-2.5873756,1.7795413,-0.044526264
122683.15,-2.4765642,0.40462995,0.06684976
125649.4,-0.92149174,2.7137563,0.15143453
120970.195,-0.69407606,0.3590346,0.08655624
127701.984,-0.27036563,2.970662,0.010062224
128506.734,-2.7573187,2.6113565,0.20436507
115513.24,-2.739158,0.7501793,-0.1002408
119489.62,-4.247144,0.45359182,0.12918113
130763.45,-1.0542554,2.9803956,0.07694914
121246.68,-2.706499,2.6385567,0.08669899
126484.05,-1.4667941,0.06904054,0.06824163
129305.5,0.04403738,3.035172,0.28542495
120333.04,-2.7734768,1.9281441,0.030441945
131933.45,-0.25135693,2.0305676,0.02441428
132157.19,-0.7662016,2.274609,-0.24411228
117446.01,-3.9693165,2.8655286,-0.330878
123042.91,0.71650827,0.5331843,0.6321073
116417.27,-3.0431662,2.650562,0.36686358
129120.23,-1.5094935,1.452208,-0.9376935
117216.6,-2.2452154,1.8254255,-0.28547746
121037.34,-1.630675,2.781315,-0.47717738
123074.17,-1.3818686,0.8691849,-0.07062664
115489.484,-2.3390489,0.25270605,0.05788895
115805.195,0.080875725,3.0071042,-0.013520968
125908.555,-4.054936,1.8029349,0.034766663
117946.914,-3.2005057,2.030973,0.060877915
116568.33,-2.0777693,1.959934,-0.07542881
128315.27,-0.89015275,2.7861724,-0.21506709
116818.64,-4.0159717,2.479354,0.019324763
123941.84,-2.6120822,1.9071869,-0.047109637
128217.195,3.4222977,0.8174617,0.16586147
132146.52,-0.5179582,2.092016,0.12355435
119454.016,3.3955946,1.0182749,-0.13829502
117596.664,-3.0112298,2.8909502,0.15332511
130183.555,-0.6560084,1.3219264,-0.05574466
124987.484,-1.83136,0.3746662,0.27701336
115512.19,-2.1004307,2.807082,-0.12177971
128586.05,1.6133672,3.051695,0.018129377
133975.94,0.87873346,3.096381,0.04381757
119251.31,-2.84885,1.4343089,0.49349555
118247.695,-2.6422133,2.864528,-0.07174292
121312.945,-2.9366515,1.5772132,-0.4027015
128924.5,-2.0563352,0.95128536,-0.5424936
120257.74,-2.0864801,2.2333455,0.48774302
118585.96,-1.5924616,0.7714058,0.16815494
131848.08,-3.6698432,3.0384037,0.15921107
115008.19,-2.3050475,0.56261086,-0.4949433
123843.57,-0.57749313,1.2640553,-1.3493961
128895.59,-3.5462494,2.5629144,0.21807577
119267.43,-2.9035814,0.2905903,-0.080138214
116281.45,-4.0832214,2.8720813,-0.06195024
125606.36,-2.5754166,2.911136,-0.124963105
131540.27,-0.44996142,1.529234,-0.12057091
116525.414,-1.9715245,2.6564202,0.038133938
133664.62,-4.0916443,2.346542,0.07554768
123025.664,-2.0770345,2.4698477,0.060968634
120712.79,-0.16665411,1.4492159,0.09612984
129403.016,0.09286657,1.7847309,-0.53102636
134326.78,-1.1027684,3.0080118,0.16295786
121750.98,-1.7189133,2.472961,0.40457878
126269.73,-4.031141,0.7206274,0.0323208
127031.164,-1.1886075,3.0137537,-0.07245647
132795.61,-1.3609066,2.1323855,1.2450011
126663.914,-3.9224925,1.9112604,-0.014271927
127369.52,-3.4971788,0.2385635,0.053761005
116130.28,-1.2020617,2.2689166,-0.23084593
131620.05,-0.04563642,2.5758457,-0.40754387
122882.96,0.19506823,0.6758108,-0.33644307
134045.97,-0.11300457,0.46930325,-0.096110985
129270.586,0.115389846,2.4465559,0.11043691
119595.99,-3.3962045,2.7251458,0.26587626
115033.08,-1.5756053,0.48402596,0.12825324
115958.125,-3.2998626,2.8469496,0.007196143
129378.305,-1.6852338,2.9665966,-0.05993865
117126.51,-1.8855109,2.2531836,-0.02662212
117746.6,0.10598607,2.769083,0.30973864
127200.52,-0.3150457,2.821015,0.15380785
128585.516,2.4218037,2.628758,-0.74621165
129587.48,-2.027191,1.7865204,0.4830863
123122.79,-1.9949652,2.8397515,0.93571293
119434.984,-0.67003626,2.1414456,-0.382562
134535.36,-3.2957964,1.7559987,-0.01654288
125074.68,1.7770927,2.2354321,0.15647417
124623.91,-2.3503315,0.3142836,-0.09363669
126875.47,-3.2696254,1.5804147,0.07248572
115984.35,0.0015143604,2.9117904,-0.74745685
118779.98,-2.5173197,2.7162337,-0.85688955
116652.44,-3.444581,3.0851693,-0.1270878
133595.17,-2.7873833,2.582117,0.2633814
131626.77,-2.2221594,3.040992,-0.08243718
127120.95,-0.7219321,3.0516112,0.020594312
126030.98,-3.7266972,2.302404,0.0806239
119157.805,-2.0486534,0.9411693,1.7582321
116119.45,2.2301588,0.5236223,-0.14793113
127696.555,-2.0526652,2.2403803,-0.21508504
124272.71,-3.9693995,1.8853518,0.3874875
124387.266,-2.5588315,1.1084603,0.08247783
127463.82,-2.1639867,1.3938073,-0.07287675
121713.02,-0.73726904,0.09251809,0.3634414
130591.6,-3.4799743,1.0637438,0.019581243
133046.23,-1.0878142,2.6361184,0.012224522
130809.15,-2.8539257,1.3395872,-0.119664304
130717.69,-3.2657447,2.4727068,-0.3933298
126361.46,-0.60987747,2.5962667,0.039065577
118249.914,-1.7324989,2.7065327,-0.19932249
122579.93,-0.9030743,2.7981272,0.015585507
130039.65,0.7915952,0.16801095,-0.40327463
120745.32,-2.2031822,0.16616678,0.082754895
125716.0,0.14046833,1.3299806,-0.3803817
122419.94,-3.751328,0.46452588,-0.12141785
133209.17,0.055868406,3.1074872,-0.08057303
121733.33,0.74449474,2.616558,0.017216701
119638.12,-2.506655,3.0571,0.1774385
116766.86,-1.3084487,1.131075,0.045536548
129320.95,-1.9122703,1.1661123,0.22466692
121287.11,1.2141327,0.47117484,0.13273941
117843.89,-1.7398708,2.8622074,0.031612117
128493.86,-3.7613013,0.78526366,-0.0690771
115137.32,-0.28670868,0.72736293,-0.11863747
118240.625,-1.9084132,2.6647136,-0.22224514
125867.06,-0.44962963,1.4060277,0.31280082
118652.81,-2.421841,2.354936,0.15196675
123203.15,-1.3559988,2.3176816,-0.07017909
127958.59,0.7678894,2.9993968,-0.06787879
117986.51,-3.477853,0.03298807,-0.08960854
119437.75,1.3348275,2.6501336,-0.100073695
120818.914,-3.3134809,1.3216035,-0.40384746
116923.16,-2.7791355,0.84168315,0.46145028
118866.945,-0.9508357,0.5658562,0.12517236
119604.695,-0.7759336,3.1125083,0.07394536
123195.836,1.0278012,2.941609,-0.02750002
125011.09,0.41828844,3.0103536,0.044275794
127622.484,-1.0532292,1.9873738,0.05894287
131577.61,-4.1186953,2.78038,0.515753
133874.73,-2.9654896,2.851482,-0.050451428
117303.09,-1.0739297,1.645303,-0.6864079
127171.95,-1.5382063,2.950498,-0.035273906
133499.95,0.9309787,2.2071872,-0.14138055
118976.24,-2.479958,2.4627976,0.49578014
121667.95,1.5266174,2.1444936,-0.14125821
120157.21,-1.666073,2.7511756,0.14820704
134772.58,-0.61579853,2.852179,0.044101637
127508.63,-1.6615933,0.22020888,-0.009542039
126540.66,-1.0693675,2.2429278,0.33350274
117002.414,-3.5828602,0.9583627,-0.20322566
123952.62,-1.5096679,1.1403224,-0.27838242
130220.02,-4.0755095,1.0752944,-0.1737567
129844.39,2.7671967,1.5232561,-0.31575024
117247.71,-2.5275192,0.5859165,-0.102731965
115518.95,-2.1220274,2.627769,0.016103972
124561.09,-2.9246833,3.0623355,-0.018949138
126839.79,-1.7128499,2.852696,-0.4279617
132956.78,-3.37477,1.1140866,0.075793855
130514.17,-0.65205413,2.937909,0.0059247133
128680.836,-3.0490794,2.996614,-0.24153988
126730.6,-0.72501385,2.769988,0.45754394
122613.65,-1.4600773,2.9309773,-0.30723524
122641.945,-3.6338482,2.4782207,0.09469463
120818.38,-1.42013,2.1753378,-0.5327881
116576.43,2.6135151,1.3493598,-0.44139817
119469.8,2.4107082,0.5903736,-0.15966283
117930.58,-1.6774694,1.6894318,0.4520674
126709.234,-3.480254,0.45794755,0.026293216
118355.64,0.27942508,2.0504396,-0.12251873
124693.445,-0.36193356,2.931841,-0.012275691
120460.74,-2.993369,0.40483552,-0.03289161
128678.17,1.0449189,2.5801318,-0.049600687
125852.81,-0.835888,2.8037589,0.079403505
125070.45,-2.0388277,2.708103,-0.09981769
131318.86,-2.6374006,1.089995,-0.26948506
120091.81,2.0584123,2.4767306,-0.1582633
131424.56,0.0081284195,2.9449143,0.044889174
129562.26,-0.9917092,2.734827,-0.009084879
117371.99,-2.7785742,3.0777795,-0.011925159
126453.914,-2.0791724,1.9670327,0.39003116
134932.48,0.13527113,0.77476215,0.37295696
120799.46,-0.80718684,2.8272154,0.08811001
115288.49,-0.8344016,1.4974238,0.36690715
116514.305,-2.4203234,3.0630937,0.0018709309
123456.78,-3.6099277,2.0832262,0.42623505
134777.19,1.0207882,2.7187247,0.75777036
117273.18,1.676138,2.0522325,-0.2732669
133542.44,-2.25472,2.210858,0.180865
134058.81,-1.228304,0.20424515,0.016708232
133372.52,-0.36936873,3.137126,0.07358833
133586.48,-2.6174421,2.9658902,-0.3513333
115994.54,-1.1081083,1.1756448,-0.37726244
128596.11,-1.1699746,2.1158166,-0.03791286
118943.13,-3.3723962,1.6799469,-0.10543956
119345.51,-2.1473253,1.649548,0.082490675
130457.05,-0.038878374,1.3288338,-0.41997457
132186.95,-2.153779,2.8867817,0.029171031
131901.92,-1.27446,2.9387915,0.012582145
120442.6,-2.411309,1.1039224,0.061443876
122557.83,0.1271396,2.8962007,-0.09879489
123161.45,-2.1349423,2.4212255,-0.35710886
134278.94,0.58636296,3.0146835,-0.07480623
122698.17,-1.7455474,1.8268728,-0.43374312
116247.9,-4.491846,1.2067474,-0.3288293
116722.8,-3.1889682,1.7544492,-0.65148985
116160.805,-2.0146532,2.747113,-0.01822823
134771.19,-1.9686375,2.9330235,-0.5422531
132163.58,-0.6538902,1.423445,0.114120066
134178.14,0.35627887,0.7914064,0.10558122
131008.66,-1.563963,2.3051937,0.037747957
117615.4,-0.2112942,2.7873476,0.21950328
123538.56,-3.0979333,3.065228,0.030502286
128797.93,-0.8936042,2.2357686,0.45283487
117481.7,-0.62358415,0.57720816,0.09177054
123647.6,-2.4403005,1.057349,-0.20403214
117231.734,-2.7617307,1.3056563,-0.13603666
127934.19,-4.1973066,1.8460746,-0.25934437
124564.16,-3.296812,1.4471164,-0.16282968
117967.82,-2.6455014,1.6570914,-0.6502883
117668.59,-3.7901678,0.83728397,0.052093673
125690.46,-0.54125416,2.4262125,-0.2975236
118099.14,-0.33733776,3.0875843,-0.053204425
133684.61,0.11133922,2.4402032,0.094709195
117612.36,-0.23297371,1.4059908,-0.08157397
119760.69,-0.86192214,2.3847377,-0.12004196
124327.266,-1.3869087,2.381576,-0.17980336
124777.19,-0.14679231,1.8017068,-0.12104044
125741.055,-1.9588164,3.1082804,0.09179546
122187.73,1.2290485,1.7397738,-0.8705993
120360.34,-0.52185917,2.5990179,-0.13024688
118836.44,-2.0859613,2.7617345,0.011037942
115760.625,-3.4763343,2.233932,0.12221153
118787.47,-2.5654993,1.1457306,-0.1271689
125323.586,-2.3093119,2.745169,0.32507795
126183.22,0.048432883,1.9436238,0.40279558
129325.45,2.7877579,2.263524,-0.18566008
129050.17,-1.896485,2.6931975,0.03568896
122740.06,-3.8285844,2.768943,0.0805186
115383.62,-3.846782,0.16510296,-0.8548649
132709.16,-3.6013727,2.357264,-0.24028653
127973.82,0.5659933,3.112093,0.04057004
126844.56,-3.1134882,2.9080873,0.08547801
128463.984,-0.22414942,2.8701966,0.15983133
129395.07,-1.7852322,2.7707613,-0.070200026
119001.24,-1.0439144,1.7971072,1.4094262
119758.37,0.45840907,3.1067533,0.01627817
128461.46,-3.1193674,2.9130895,-0.006997771
131464.64,-1.3269582,1.8060918,0.21364082
129481.41,-1.7335256,2.5802956,-0.06500453
115182.46,-2.0555243,2.8960907,-0.03909949
130750.93,-3.442797,1.1548773,-0.06486149
128811.7,-1.1450753,1.0257154,0.3801095
132984.12,-2.7904456,0.5942544,0.10463518
121877.414,0.19292733,3.0344517,-0.0035733161
116135.96,-1.1854048,1.0628898,-0.2155726
121913.31,-2.0248225,0.93656904,-0.4728197
121163.01,-2.0706944,1.0754778,0.09683925
129016.97,-4.064859,2.6653688,-0.26569733
120749.4,1.0077409,2.9229443,-0.045343988
133641.1,-2.0570858,2.4328659,-0.215966
128913.65,-1.0248438,2.6691031,0.13913499
128476.73,-0.02941443,2.976175,0.03582036
132752.8,0.778468,2.7533839,-0.08647194
124094.164,-2.0242612,2.5692432,-0.06449011
127298.67,-4.1966777,0.9884876,-0.16249703
123035.164,-2.8360662,3.1234589,-0.0008190625
129372.93,-2.624132,1.9754231,0.12702563
115302.78,-3.2662287,0.56074953,0.24433015
115509.64,-0.88145876,2.782816,0.13200808
128625.53,0.29152465,2.598262,0.28260875
120540.94,-4.0677433,2.262349,0.040361714
118406.63,-3.327235,0.40327743,0.06381747
132709.42,-2.6202576,1.780298,0.35556155
127072.69,2.9045281,1.4953098,0.2081645
115055.05,-2.252596,2.9050817,0.004993835
123223.54,-2.366512,2.7019982,-0.115276866
120271.22,-0.67129403,0.21280599,-0.015589987
121898.93,-3.291303,2.4659038,-0.17260386
116197.15,-3.0018318,3.1379256,0.012990231
115387.26,-1.8596152,2.607923,0.41055775
127627.586,-2.513463,0.9939197,0.13796209
123673.195,-3.3954923,2.878282,0.3101956
122155.37,-1.4190626,1.7545238,0.2752252
129434.555,-2.2267222,3.0171356,-0.044502027
122473.92,-3.6549954,1.954038,0.34005484
116074.07,-2.1549816,2.350483,-0.51873004
133344.53,-0.7637131,2.4858384,0.31672767
120417.305,-3.1439545,2.2585044,0.7922999
124509.95,-1.8239539,2.4805336,-0.07911054
122942.414,-1.8347436,1.1374466,0.19301091
131715.39,-2.15333,0.81135666,1.0676744
119580.98,-2.6975384,0.70802,-0.257529
116582.68,1.906549,0.56860137,-0.044125456
130863.62,0.96577436,1.3908148,-0.1260112
125869.37,-0.58642036,3.0640059,0.07580898
118623.53,1.7165375,1.5642639,0.21628742
126578.0,-1.3734484,0.1483424,0.08333871
120183.39,1.6523706,0.7942349,-0.25837788
116902.734,-3.3526275,3.0297565,0.043498978
130567.305,0.16740198,3.0339355,0.07837472
116297.555,-3.143642,3.072528,-0.4268087
130951.734,-0.97060865,2.4349828,-0.18226437
125717.49,-2.9926813,2.4296682,0.13740273
115542.35,0.29456416,2.8490987,0.01674657
131688.06,-0.45461437,0.07576229,0.0064702015
124830.41,-3.89683,2.0273151,0.4660271
128669.59,-0.3519647,2.1080635,-0.19973074
133523.33,-3.0151236,1.1258384,0.05684071
123912.23,-1.8049161,1.9018933,0.11099608
117550.21,-4.4235477,2.020734,-0.08352472
132883.25,-2.2943177,1.9479104,-0.21034658
118631.836,0.65782034,3.0712872,0.06913622
117747.58,-2.198717,3.1226554,-0.078281224
134910.03,0.27184033,0.5176849,-0.05595054
134395.86,0.71472794,2.4438982,0.079585284
118748.48,0.12720479,2.9889486,0.063226305
129453.94,-1.3133823,2.5215442,-0.041356944
130760.33,-2.7065167,2.853427,0.18728478
118314.27,-3.2589881,1.7913501,-0.031504586
133830.28,-1.334189,0.23561609,0.031651165
132440.28,-1.6644503,3.087792,-0.21481141
125373.6,-2.6104348,0.27149138,0.07018368
115279.43,1.0969582,2.264718,0.09863323
127291.914,-0.34658885,0.06989193,-0.0046000946
125747.125,-4.25656,0.5039201,0.34365103
127537.08,-1.1531833,1.9798392,-0.21372478
119076.96,-0.89825094,2.9869144,-0.026924714
119528.74,-0.91249025,0.5722357,-0.047933158
117697.266,2.8666131,2.6046438,0.16378395
120192.78,-0.4898507,3.0360727,0.01410586
119777.086,-1.7474717,2.9283519,-0.25790864
131686.14,-1.8420734,1.5011925,0.10693207
120689.24,-3.2021592,2.3958902,0.14130156
128441.61,-1.026769,0.073322535,0.011264428
125355.484,1.3247044,1.4464874,-0.25153902
122649.414,0.7692692,2.574373,-0.2490951
129155.36,1.0289334,2.6766374,0.1792684
121653.586,-2.2093642,2.7369955,0.2497769
134917.33,-1.481487,2.9448452,-0.0023445797
118578.93,-1.364504,3.0942762,0.015584613
124047.11,-2.552885,2.8964274,-0.1602992
125351.664,-3.5482228,0.06746149,0.14142185
122255.84,-2.339279,2.5091295,0.07828999
118635.4,-2.1934335,1.8739451,-0.14360926
120545.98,-3.6287892,1.1606401,0.007015384
127567.445,-1.7370614,2.147401,-0.20744263
116671.49,-4.03447,1.282122,0.14498092
132102.98,-2.7909987,2.6211343,-0.13702378
123632.84,-3.9605677,1.8375256,0.22818735
132568.64,-0.79218507,2.8482635,-0.019180797
118201.76,-0.33860195,2.4383936,-0.014056223
121313.97,0.18741316,2.8227794,0.05276631
120690.945,-2.5786204,1.2653928,-0.35110492
119404.91,-3.438592,2.9679022,-0.09494304
115117.32,-1.3279282,2.7271836,-0.5846478
123675.69,-2.628717,2.6098094,0.21199834
119220.61,-0.93746096,0.809879,-0.17876485
133397.81,1.0715398,2.5845566,0.11655248
130661.7,-2.0422554,1.274365,-0.30756402
123509.32,-1.6130944,2.5215638,0.14896922
119466.99,-1.32786,2.4855294,0.00920408
118897.48,-1.1295022,3.0395133,-0.09771377
118438.4,-0.25508317,2.0350878,0.2541271
132706.44,0.21615124,2.9868698,0.05386524
121097.266,-3.8068018,2.209519,-0.042548925
120839.016,-2.8901725,2.3898199,0.03297827
116685.47,-3.6082137,2.5444527,-0.23670441
130166.34,-0.7176636,2.873455,-0.028899768
118658.94,-2.6549966,1.0246595,-0.05993186
120508.41,-2.7897022,1.6742132,0.9264102
117307.67,-3.1764188,2.9730244,-0.04208285
127566.86,-2.063779,0.36650616,-0.024529306
125455.47,-1.7207371,2.8092847,-0.11620256
115866.97,0.61997306,2.9266098,-0.25734884
124321.08,0.07745788,0.49666804,-0.1100782
127953.5,-1.0111309,2.983698,0.069304906
115960.8,2.999825,1.4362934,0.11922333
120263.305,1.2918714,1.3048882,0.7607834
122833.805,-2.7150578,0.53223574,0.047626488
119864.61,-0.68562603,2.5105724,-0.139569
118410.04,-1.2372322,0.6133723,0.27871642
118405.83,-2.8063672,1.6911544,-6.472098e-05
128546.67,-1.4545846,2.7403321,0.90736914
131404.34,-2.848979,2.2709415,0.012524217
119325.44,-1.2212185,2.75025,1.1086426
122370.836,-2.911638,2.9092557,0.0017200508
123272.15,-3.3414814,2.5516686,-0.02025063
115012.04,-1.9517583,0.5878295,0.059417747
118546.38,-2.1892197,3.0680027,-0.053070847
123189.11,-2.1102476,3.034467,0.09636705
118898.016,-2.1347227,2.6900227,0.15899533
120713.5,-0.5281824,2.9992146,0.29064834
122354.08,-3.0408087,1.9911923,0.17348485
118389.445,-0.8746552,2.6889856,0.04315333
117907.37,-0.18856095,1.3400792,0.31924424
125639.13,-1.3986192,2.3377507,-0.35911947
128614.9,0.10699944,1.2902162,0.37027964
121734.29,-2.6886933,1.922094,-0.5640409
124354.41,-2.8528948,1.5057352,-0.35645565
115474.56,-0.14523754,2.580132,-0.12862775
118910.75,-3.2236466,0.029620647,0.03891324
119652.84,-2.560528,2.361816,0.3983865
120248.945,-3.0380502,1.3519235,-0.21497898
120098.29,-1.2520257,1.0787991,0.12136148
116319.64,-0.5963442,0.18914711,0.08391216
122578.25,0.27796507,1.2281455,0.83485544
119500.56,-2.3877695,0.85540676,0.43825385
132937.4,-1.8678961,2.9953866,-0.005844451
119568.53,-2.9266813,2.037487,-0.40495476
124490.555,-1.8754865,2.7528334,-0.0024066267
121520.63,-1.169992,1.244132,-0.6445383
129715.57,-2.6510785,0.6811991,-0.116942056
121965.95,-1.4945443,1.647921,-0.9402179
121396.84,-1.0828131,3.094537,-0.095576584
121896.23,-3.0700536,0.52137136,0.2534417
132834.28,-2.7037418,2.9780552,0.16754574
116785.18,-1.5586722,2.9960282,0.48064077
124654.4,-1.8588085,2.8456414,0.09710595
123200.37,-1.3962398,2.202693,-0.7518126
129735.016,-3.3265302,2.4475868,0.364422
134604.56,-2.9840946,2.4556713,0.4123854
123084.4,-2.3059363,2.5522394,-0.019122198
123823.59,-2.9923263,0.7639817,-0.0649987
128128.81,-2.0489438,2.768557,0.14259669
115423.06,-0.88021415,0.7412295,0.12931429
119397.15,-0.5801912,1.7269505,0.06542329
124336.516,1.7376963,2.855542,0.32528803
122901.81,-2.211318,1.3010817,-0.9220738
132317.73,-2.7996216,0.28633642,-0.029081931
121227.51,-1.2488966,3.1202345,-0.008846837
122279.85,0.8025436,2.8740804,0.103693366
117675.7,-2.2680964,3.0235884,-0.065981664
118883.78,-2.1577642,1.7131368,-0.84942824
131819.45,-1.1740973,1.8920138,0.16118135
127722.2,-4.820498,0.70988196,-0.17434676
116865.42,-1.4183215,0.952279,0.10822529
117695.72,-2.2832477,1.9461927,-0.07049498
125514.93,-2.0147796,1.9641739,-0.70008117
117076.61,1.6445522,2.630158,-0.07808893
130694.695,-3.7969007,2.2068646,-0.20652565
134416.66,-0.3960478,3.0974739,0.031148924
119462.54,-3.126229,2.9708319,-0.20340084
119675.58,-2.9546885,3.0821753,-0.13013816
125300.15,-2.7208679,0.56383324,-0.10081125
121407.586,-1.0007817,2.5881734,-1.0061108
118563.62,-1.3539865,0.3966074,-0.056377638
125181.984,-2.1789503,1.6706326,0.2889273
126404.25,-2.8702846,2.5047572,-0.62770975
133619.1,-2.6025214,2.5568905,0.116549544
124676.14,-0.34946805,2.313135,0.17768799
117501.27,-1.5084736,2.4549506,0.3960441
123328.7,-2.5759118,2.9497933,-0.007276152
117373.914,-0.38590145,2.6766129,0.02188251
132887.97,1.5827613,2.6014917,-0.17123328
116622.59,-1.6550937,3.1314778,0.0028090978
124605.875,-2.5145588,2.691357,-0.5447872
133108.86,0.45265648,0.49228132,-0.10272179
116250.37,-2.8504226,2.2420316,0.7171972
129261.11,-0.29571983,3.0793707,-0.018137123
120077.85,-3.760942,2.7847483,-0.023868399
126476.41,-1.9325321,1.9529437,-3.5424125
125513.95,4.650754,1.3189096,-0.16453306
124473.14,3.215884,2.79675,0.045942277
129558.35,-2.0885892,1.8825299,0.18839632
123870.43,-2.9588535,2.9592772,0.0040597036
122739.836,-2.9058852,1.8994884,-1.7641048
119165.64,-0.31250426,1.7617292,0.3730053
133171.38,-0.59933275,1.3035524,-0.16760556
131451.62,-2.1122932,0.6350548,-0.06114393
122130.57,-1.7489197,3.110472,0.008578836
132383.6,-1.5435215,1.8629745,-0.47930458
130336.21,-2.880699,2.7881808,0.15993935
123083.41,-0.7565637,2.8165457,0.10961667
125950.9,-1.4878212,1.9819762,-0.17304304
125744.34,-3.5441406,0.26761556,0.49723962
127927.695,0.29826975,2.695032,-0.20541301
130240.44,-2.9040177,0.6724583,-0.27088624
118560.25,-3.499645,0.71952057,0.17813973
121038.56,-0.70305055,2.7363415,-0.035064306
119457.37,-3.3474576,2.2052693,0.0089932475
133929.4,-1.5650003,2.3249576,0.42794177
122658.07,-1.4981971,0.4685428,0.81939226
130373.87,-0.85369223,1.3947148,0.06958374
120150.48,-1.7168831,2.0668225,-0.29078087
122678.47,1.2346368,2.013455,-0.111053504
134769.08,-0.7296681,1.7768995,0.17733751
122197.21,-0.62343794,2.7075343,0.05916784
122409.47,-2.179213,1.5012977,0.04965001
121406.58,-2.1609044,1.9974129,-0.12632965
118381.95,0.14465638,2.95472,0.4438555
120704.49,-2.8797011,3.106474,0.011012293
118448.83,-2.3067079,2.9293683,-0.11165655
117221.79,-2.0291197,1.2507676,0.1155086
129345.19,-1.4249218,0.2996797,0.11059259
121701.164,3.1179683,0.96173674,-1.7405161
116955.4,0.968303,1.8909595,-0.38521937
132118.95,-3.3361483,3.0656433,-0.69763434
134204.78,-1.4206698,1.6114632,-0.59961694
127116.914,1.6548781,1.5971977,-0.23681812
121056.39,-2.0454237,0.32244903,-0.051272064
133221.9,-2.2376676,0.44712603,0.1611162
125784.76,-1.1309586,1.3937837,-0.08485086
118505.516,-2.2491233,2.5055034,-0.06899197
134377.44,-0.6498882,3.0797231,-0.37165713
124817.44,2.2903533,2.637865,0.41977564
128519.72,-1.0110314,1.8813155,-0.19842492
119115.39,-3.64486,2.1367383,0.13664897
123391.42,-2.4172666,1.1179947,-0.043257732
123787.336,-0.754117,1.9053252,0.118844576
128980.04,-2.5343888,2.2463627,0.1862487
128137.3,-2.6333113,1.5650989,0.36263472
119852.83,-4.109921,0.81935596,-0.3922773
134302.05,-3.3246994,1.9556538,1.1364448
116203.945,-2.8419883,3.1382332,0.21647933
128235.41,0.44588128,2.2689466,-0.39306495
124674.02,-2.7976186,2.362409,-0.07468765
119782.92,-2.593126,0.48129463,0.0812693
117792.59,-1.0824016,2.7793314,0.068229795
131477.84,-0.6343566,2.9370518,0.061282434
133253.1,0.1655458,2.8585567,-0.24606186
134782.47,-1.9676496,3.004045,0.21560429
120494.984,0.4144502,3.0868483,-0.2730708
115017.38,-1.4489607,2.0315988,0.035499003
129835.76,0.3047553,2.2749302,0.039203543
131467.23,-1.6481351,1.3500286,0.11205306
121507.36,-0.0631011,0.39937258,-0.08650532
131447.53,-0.98421943,1.8341668,0.3640073
133389.89,-2.346262,1.3723586,0.18691693
128829.59,0.33939445,2.9555278,-0.029784255
132109.17,-2.2113268,3.1286302,-0.113233395
131301.39,-2.494608,3.1115081,0.24039565
121530.73,-3.8378444,2.8067987,0.16444394
127442.83,-2.285599,2.4210615,-0.7421889
117096.695,-1.2462732,2.9990642,0.06230112
122482.95,-0.29576638,1.6407313,0.15725103
124381.82,-3.216501,0.48686218,-0.34998733
133065.23,-3.6172283,2.9351065,0.56557405
121658.52,1.6063564,0.6356693,0.23719998
119674.89,-0.94255084,1.5042615,0.35933775
121375.48,-0.14788362,2.6404161,-0.07096091
127606.625,1.4271852,1.4091706,-0.2332643
126580.8,-1.5965065,1.9670804,0.16771257
125626.11,-1.6847955,2.9739149,-0.0053135063
125729.17,-2.850906,1.9692761,0.26737866
131999.86,-3.6226838,1.4643778,-1.4975569
129830.84,-2.4219534,2.6249285,0.17751972
129320.37,-3.0133798,3.0830746,0.23180169
133335.19,-3.5419114,2.7192335,0.35453123
134721.86,-0.6755014,3.0734127,0.049789693
122872.27,0.5931727,2.6188526,-0.18350875
129679.95,-2.0805612,2.364845,-0.2488417
125291.29,-0.61766636,2.2912917,-0.4539714
122001.73,-0.8934006,1.7634645,-0.23709631
128319.64,-3.1422,1.6286415,-0.12642117
115380.836,0.70832604,2.468708,0.12990734
130027.69,-2.0758824,3.1358325,-0.10295072
132888.38,-2.9605923,2.5241804,0.11868788
126612.33,-2.8517141,1.4169527,0.22042565
119198.875,-1.9684408,1.0927659,0.118206024
129250.2,-2.779,1.5640775,0.9243449
116581.96,2.161021,1.5865433,-0.116585
115073.164,-2.0858784,2.6306493,0.097919755
115974.42,-2.0773187,1.1906315,-0.142155
132167.19,-1.7157575,2.770815,0.66020757
130326.17,0.38746512,1.8494195,0.08904414
120574.83,-2.5092864,0.5792017,0.43325087
125005.164,0.42865765,2.8120012,0.13455425
121311.21,-1.7912538,1.0315717,-0.11720758
120107.58,-0.42031643,2.8016882,0.120519094
117139.234,-1.9221284,2.3427935,1.1980884
131993.11,-1.5019983,2.2397034,-0.17142184
126991.72,-0.078685746,2.905562,0.17324111
124400.93,1.3317364,2.1069915,0.12591538
121575.85,-3.3629045,2.8497334,-0.13973434
123502.96,-1.3422153,2.72824,-0.13766883
115875.89,0.26699468,2.065524,-0.15062003
115138.37,1.2882003,1.6430773,-0.46586752
126129.4,-4.121037,2.6621845,0.41047546
117454.195,-0.12782356,2.341392,0.44799945
116530.945,-1.4726344,2.6975935,0.09143131
118589.75,-1.3034298,1.2854375,0.06174996
121552.72,-1.6438885,3.0278542,-0.017953921
122379.45,-0.46686125,0.4047517,-0.053014874
118011.414,-1.9742603,2.0611196,0.39117593
123023.48,1.3570625,2.3953657,0.30835786
115723.13,1.2518173,2.9792678,-0.003545423
115356.03,-1.154467,2.3577523,0.027698578
115248.7,-2.2734034,0.16115308,0.010130289
126010.67,0.8475109,0.40350008,0.050120328
123300.055,-1.649533,1.635559,0.09446004
128569.14,0.53750545,1.1686659,-0.48218018
115667.4,2.096329,0.9831698,-0.0967071
117065.766,-4.276087,0.8292254,0.13629559
115803.766,-0.53364414,3.029156,-0.01438697
123389.86,-1.7905694,1.2966833,-0.07909473
122169.44,-3.2826319,2.8480425,-0.07717548
131454.44,-3.5753012,2.9978962,-0.074458994
130400.125,-1.3802191,1.9024762,-0.06279757
123292.45,-0.50510424,0.86442196,0.26701158
131728.03,-0.5394844,1.9216793,-0.38071206
115997.414,-1.8040197,0.38902748,0.059387777
117724.58,-3.8928285,2.4461436,0.309672
117776.164,-3.2524347,0.055777133,-0.39264998
134068.53,-1.7657187,1.0730428,0.322847
131464.38,-1.9744681,3.1230237,-0.07307088
120605.07,-3.6007686,0.9858675,0.6037222
120350.54,-3.4493008,1.1968143,0.0069996216
117809.31,-1.2716082,0.20984268,0.17904483
127923.28,-1.7408382,2.8785667,0.23536637
122897.67,-3.7470746,0.0835464,-0.050613508
121683.86,-1.0858178,2.8707256,0.0014916601
130577.16,-3.6770208,1.9345865,0.23824517
117648.555,-2.501135,2.5550227,0.2225699
116156.125,0.52749056,0.5107877,0.8170944
128996.75,-1.0398753,0.33519876,0.14463495
119600.484,1.2679572,2.7460535,-0.27370062
130189.44,1.166648,3.0561538,0.007309537
118314.53,0.051062275,2.60149,-0.08577176
133941.89,1.467613,2.2493267,0.13724624
133379.67,1.1647598,0.5480199,-0.082828164
115445.95,-2.4453697,2.3664117,0.4053968
115914.055,-0.8993787,0.19365013,-0.30667135
116799.01,0.09137158,2.7534912,0.035031464
125323.766,-2.118899,1.6309118,0.557506
123351.13,-2.8002574,2.1544468,0.33767205
123442.63,2.7354016,1.8785307,0.38633284
116954.18,-1.339806,2.6445732,0.027058585
132962.89,-2.4886222,2.1532536,0.28322536
119326.56,-1.5374583,2.8745763,-0.08472689
129175.81,-2.4597452,2.5603268,-0.04026125
127055.15,0.16058041,1.2478892,-0.2596291
125488.734,2.7271433,0.93884206,0.10484058
120915.734,-1.5790247,2.9111516,0.041803855
120690.0,-2.275346,1.3416991,0.07580269
131202.8,-1.5128242,3.139753,0.058862302
116213.9,-3.2603898,0.45588315,-0.042713534
134618.25,-1.5774561,1.0311027,-0.4056866
118492.88,0.6128904,0.6630547,-0.08734481
115970.91,-3.1228855,0.039391637,0.15142743
117828.85,-0.25915405,2.4591298,0.18758796
134890.61,-0.015184244,0.9604994,-0.1504718
123481.75,-2.8462884,2.869014,-0.059227668
118564.73,-2.4872096,3.055273,0.016228922
132134.34,-3.2691321,2.1475601,0.25258306
116047.766,0.33989176,2.2359781,0.32595736
123755.625,-2.9674609,1.4555157,-0.066208996
126501.625,-3.4759672,0.9465799,0.10796966
117271.81,-1.2507126,2.9649274,0.16292392
125556.62,2.4087293,0.3693381,0.07891255
130215.625,-0.15148062,2.7898853,-0.25981125
125762.08,-2.945333,2.2054548,0.011193611
115363.15,-2.638775,2.0194106,2.4350932
131823.44,-0.29951996,1.8666935,0.13107216
117753.67,-0.6534223,3.059774,0.15072167
120892.93,0.045692924,2.8883057,0.10313385
127320.305,0.43850413,0.86038303,-0.2640743
123822.89,0.66159296,2.8431108,0.016250666
119390.63,-1.4518783,2.0481224,-0.2566195
122753.086,-0.73383343,2.8516846,-0.077042766
131218.7,2.3204288,1.6910061,0.25754932
122567.62,-1.7442282,2.968774,0.10591348
131926.03,0.86536187,3.0193558,-0.04444989
134552.86,-0.99397314,2.6579475,0.28378776
130723.07,-2.9319048,2.9906929,0.8970149
126041.69,-2.6429718,2.6993577,0.046796005
133374.98,-0.3407948,0.09821398,-0.08399326
122165.13,-2.1398563,0.048503637,-0.009847832
125453.32,-3.4266648,1.7332177,-0.018954543
128464.98,-2.0272975,1.899395,0.9982501
115409.91,-1.3277503,1.1219177,0.07248188
124976.336,-0.27555436,2.9851928,0.0031981089
128835.516,2.0050087,2.47373,-0.4330872
124958.69,-2.9496808,2.724061,0.30627334
129065.336,-2.1397696,2.9635236,-0.071231335
134194.78,-2.0203655,2.8857043,-0.036435995
133123.16,0.5934863,0.91098577,-0.20394433
132041.88,-1.4645387,2.9869761,0.030198418
125028.29,-2.113918,2.6992102,0.35905817
128266.37,-1.2967805,0.65122736,0.38459805
132623.38,0.17542316,1.3163121,1.2542833
123367.81,-1.3891193,2.29047,-0.12907928
123962.37,-3.5064695,2.3855977,-0.045011926
123047.67,-2.6817162,1.0356723,0.069970354
119251.39,-0.35180286,1.1869974,-0.23478217
125446.15,-3.2535377,1.7961035,-0.54778975
132835.86,-3.4126303,0.5669936,0.07777033
125877.85,-2.503148,2.9157262,0.03178869
133170.89,-0.9114537,2.4775848,-0.17737709
120932.875,-2.0085845,2.7800682,-0.1324102
125888.81,-0.55358917,2.3345168,-0.3183731
121917.87,0.42622608,1.7689142,-0.1447923
134333.19,-2.0987825,2.930062,-0.10216912
116566.56,-1.3447278,2.8791034,0.13681085
125520.03,-1.3872106,3.109214,0.0044324403
125128.75,-2.351029,1.2932539,-0.30020985
117430.67,0.5716045,0.40959126,-0.045408983
130508.26,-2.6140535,2.7776546,0.019607075
125318.08,-1.6423175,1.2391657,-0.54181236
116903.42,-2.6649432,1.9631124,-0.2968738
130225.555,-3.6841266,2.8069623,-0.043901302
122301.19,-0.8644242,2.0865004,-0.008391471
121492.37,-0.39691633,1.0361065,-0.23055837
130791.914,-2.2216096,2.4953406,0.10221443
115563.65,-0.2383917,1.6215411,-0.33677775
129935.13,-1.7778567,2.3463697,-0.011729195
129880.55,-0.12777357,1.0646373,0.27836487
119813.125,-1.8833641,2.6446414,-0.06409508
133411.69,-1.3671588,0.54520714,0.038498517
117191.51,-0.5577785,1.2937676,0.37076315
126284.01,1.7888032,2.6080332,0.038942825
120701.27,-1.7884967,3.049291,0.08386071
119375.27,-4.283075,1.3075166,-0.244737
124392.01,-1.002828,0.8834715,-0.41324186
120510.984,-3.9568906,2.6025841,1.5041063
119005.96,-0.86231476,3.0599551,0.15618479
115769.27,-1.5259371,2.4620612,0.15920381
124468.83,-1.6776501,2.9279337,0.13749662
120113.89,-1.5972513,3.0241864,0.048866257
124323.22,-2.7801034,2.4300036,0.025285168
126612.28,-0.8775276,0.14676535,-0.25095654
133371.11,-0.55795145,2.8187578,0.056993067
118218.305,-0.58895683,0.15864754,-0.22974408
118996.35,-2.834716,3.121768,0.100473635
125453.81,-1.4217926,2.9066327,0.0025685937
121191.3,0.19831781,0.94859874,0.06588591
118224.51,-3.1609883,2.3956678,-0.42748195
131510.81,-1.5016015,3.0615568,-0.1958225
121053.95,-2.3151667,1.9129701,-0.74407494
124186.84,-3.9246676,2.481452,-0.17812347
133673.66,-0.44858202,1.7505006,-0.122838706
121257.914,-0.91011566,1.0616021,0.32906434
131291.98,-0.06020141,1.1686482,-0.1310497
122901.86,-2.3736362,2.8217542,0.007236907
119620.984,-2.4344404,2.9915814,-0.092949025
125865.28,-1.1118486,0.5591775,-0.02180714
128575.51,-1.2010512,2.4319587,0.22057268
120485.945,-3.1220908,2.2520247,0.09385632
134043.4,-3.269924,1.3265542,-0.09666355
123803.945,-2.870907,2.5992389,0.04812613
130976.26,-2.0221167,2.8214128,-0.4404297
116928.02,-1.5505389,1.4319398,-0.15590717
117335.06,-1.445219,0.06880593,-0.12121595
129077.85,-0.7034559,2.2459044,3.048299
128909.63,-1.6300313,2.6595716,-0.08743488
125273.125,-4.239444,0.9494499,-0.12762272
125743.12,-1.7156379,2.2188673,-0.016029395
130699.71,-2.3343494,1.6091231,-0.20434862
132347.05,-0.5401026,3.0274928,-0.12592454
115192.42,-1.6985431,2.0284133,0.06020625
125918.39,-3.0474522,3.0980663,0.14203635
118804.04,-0.60885245,0.16992712,0.016135063
116054.664,0.70588726,2.0056765,0.15224843
121004.38,-2.7809296,2.1001472,0.86803395
127645.875,-1.4177549,2.299431,0.18243632
117080.12,0.6597062,1.5008594,0.18380788
127019.484,-2.7316477,3.0109026,0.14357048
117203.75,-1.2506552,1.3107224,0.3455962
123987.97,-1.5980238,2.4470556,-0.23615503
116436.18,-3.555391,3.1245887,-0.069766216
133675.42,1.3076265,2.1870065,0.36266473
115059.836,-0.65917754,0.8463783,0.5245339
120811.805,-1.3028985,2.653653,-0.3565961
131488.45,-2.1864488,3.036653,-0.028531687
130448.83,-2.6292527,2.4420261,-0.10271964
129555.414,-0.7627355,0.64767885,0.22814757
117471.01,-0.8700528,1.9046928,0.23203693
122574.516,-1.2354667,2.8446577,-0.023311889
125786.38,0.12350005,3.0545793,0.058716927
131340.42,-1.4340476,2.1254294,-0.16465193
123720.98,-3.198048,2.4035976,0.008678272
129952.97,-2.2207568,2.058131,-0.018613262
128967.09,2.4355936,0.80238533,0.18212414
117840.9,-3.4122486,2.5696228,-0.02412544
132174.69,-3.8243175,0.5793004,0.06568134
126666.04,-0.27480388,2.9742498,0.069857895
118975.48,0.23038067,2.8788092,-0.053065933
125014.83,-2.6567822,2.968767,-0.054311287
115027.2,-3.5300214,2.3103647,-0.086071186
115939.46,-2.7119825,1.7761226,0.38695323
132310.39,-2.2209039,2.7679405,-0.06480181
119527.32,-2.4083054,2.436394,-0.13474286
128464.86,-3.9152043,2.6183474,0.050398327
133123.22,0.2290193,2.1552138,0.10668791
128896.266,-1.4729282,2.912867,0.073911145
131114.31,-2.6797953,2.8555706,-0.08640377
132491.1,-2.9107888,0.01172182,0.023954272
125819.98,-4.2001595,2.0046968,0.07777616
126824.266,-1.8802454,1.7673742,0.030450419
120940.36,-2.8859377,2.676648,0.12015989
115721.234,2.2824671,2.199856,-0.17211635
116294.625,-1.9145012,3.1196973,0.021507809
119087.68,3.6687026,0.7818079,-0.20959596
119234.375,-1.1056789,3.0440245,-0.38291386
134784.89,2.9127238,2.4184146,0.34297952
121579.47,-1.6188992,1.3358561,-0.15639871
124141.2,-2.9732375,2.3088837,-0.078079894
120676.18,-2.7996314,2.9411936,-0.010888048
127397.3,-3.8285499,2.1062436,0.14389323
122137.086,-1.70148,0.46547127,0.08399804
128760.23,-0.5890949,1.5935146,0.2240118
126496.164,-1.6826245,2.8933191,0.104657
124582.83,-2.9718826,0.15087175,0.029216805
126355.375,0.63840234,2.6827743,-0.066833705
125618.664,-3.702218,1.3770051,0.18244387
132291.44,-4.011863,2.2074883,0.2398863
118501.28,-1.1259516,1.8998326,-0.40966642
119652.234,-3.6224728,2.7936087,-0.14978388
122149.71,-1.6451159,0.850377,0.62229633
133914.52,-1.2199202,0.7287576,0.09598108
125490.94,1.4208088,2.609809,-0.17318776
127327.445,-2.6174655,2.3584285,0.07109474
130832.23,0.12998118,1.6488191,0.121023506
130097.36,3.7300425,0.044635773,-0.015611577
123415.875,-0.5679065,2.905519,-0.025639538
119544.84,-2.505007,2.8202555,-0.13894272
128340.95,-2.109625,2.8586345,0.2056298
119160.9,-0.65416265,0.5819578,-0.13423222
122205.55,1.0622913,1.7340997,-0.15175438
116437.78,1.1247932,2.4381888,-0.19828127
123905.28,0.4807037,2.7768555,0.047142603
124837.94,-1.1218876,2.732376,0.23288845
122116.45,-0.029874915,2.5461466,-0.3506229
119781.36,-3.0719016,2.1241703,0.26405784
123975.82,-1.3712142,2.3722396,0.17699477
123684.55,-3.707594,0.17311376,0.035718568
132630.6,-1.8235801,0.87007546,-0.14414261
131487.61,-1.4694097,2.257765,0.16286488
124093.96,-3.8008165,1.028675,-0.32151505
125473.84,1.5424758,1.3776948,0.21194038
134116.7,1.2786572,2.5239553,-0.1433518
119113.625,-2.7962785,0.77283394,0.10614069
123081.266,-2.819929,1.3229905,-0.94602525
123108.85,-1.0819237,2.9472914,-0.029400716
118167.766,-2.2049007,2.5553608,-0.3100029
125000.8,-2.2763991,2.6662893,-0.18796949
126962.36,-2.0174065,0.7240159,-0.1434126
126186.26,0.17767747,2.2129679,-0.5839321
118295.74,-1.2239728,2.035307,-0.10295921
116605.734,-2.5603733,2.2501366,0.18859051
129567.3,-3.5010195,2.1141188,-0.039031025
115596.66,-3.235153,3.0516522,-0.035854943
115627.4,-2.3011732,0.48803073,-0.057415877
132789.33,-2.464298,0.2310301,0.06655927
121040.3,-1.8519655,1.1711947,0.19349341
132575.78,-2.4523592,3.054638,-0.042282287
115180.62,-0.8228062,3.106268,0.08222719
119400.94,-2.5664976,0.29730046,0.04275918
132911.95,2.6574173,2.8197932,0.13137
120067.46,-1.7627774,1.7624623,1.0101644
126554.664,-2.0079918,2.1952724,0.15188773
127579.34,-1.0312016,2.401422,-0.059997857
121082.73,-0.14174716,2.2731466,-0.15854146
116186.77,-1.572982,0.19190288,-0.10332307
123494.86,-1.7627568,1.6834593,-0.19676778
129708.484,-1.6054438,1.7818124,-1.542331
120465.305,0.5584461,1.9671413,-0.64408094
126858.98,-1.8326157,2.865868,-0.011992291
128753.83,-3.0850546,2.1463072,-0.34607512
123848.77,-2.2624772,3.13127,0.059996963
123736.05,0.7679791,2.9001565,0.04747856
128470.586,0.8138441,1.3323085,0.10832146
116960.516,-1.3736607,0.9851242,0.1926311
118041.59,0.39553857,2.470477,0.112157226
117659.55,-2.3769357,1.0134567,-0.13657947
132215.66,-1.8059623,0.64592445,0.4181305
124521.39,-3.4952738,2.5532935,-0.030053465
134274.81,-1.019275,2.807228,-0.08819755
117741.73,-3.170598,2.4077501,-0.18641025
123055.22,-3.364685,2.3053286,-0.13199882
118482.01,-2.755464,0.6938094,-0.06565464
117516.875,-3.7422466,2.4031537,0.02667305
124262.83,0.23121125,1.9399434,0.24732593
121661.62,0.7934081,2.1059952,0.16071253
129349.37,-3.952131,2.7595847,-0.09555387
121116.61,1.0182116,2.7735302,0.03455782
117016.555,0.1496438,0.16094142,-0.0016784263
126650.734,-0.38594398,2.6799126,-0.19292918
131066.02,-1.806493,0.18656856,0.25799814
134523.48,-2.1300478,2.6334038,0.7389069
134384.67,-3.6083186,2.3360353,-0.04276963
115326.484,-3.4610424,2.852303,0.19896288
119964.52,-1.5046972,2.5143852,-0.012819289
126149.55,-2.3406034,2.709537,-0.13412169
124499.96,-1.8796247,1.5713643,0.029271828
127353.06,-3.889599,2.9055967,-0.0283384
132181.12,-2.3474262,1.7635146,-0.72681856
116420.79,0.38635027,2.8576183,0.16917324
125285.53,-1.6947386,3.0797815,0.036343314
118900.86,-2.8384109,0.7061969,0.021851284
122550.32,-2.1843762,2.2775626,0.0020553323
124422.11,-2.7782457,2.1757238,-0.3651187
131854.81,-1.5341741,2.3321679,-0.278613
131654.95,-2.6924117,3.038209,-0.0026523317
117706.73,0.27167192,1.9336817,3.2473717
116959.15,-3.1606762,0.5112823,0.46610224
120252.9,-0.9707023,1.0180118,-0.1008197
118973.45,-1.7919234,2.576344,0.32510075
129255.6,1.1697636,2.6638582,0.013091431
132603.16,-2.851613,2.5480766,0.028103596
118471.65,-0.9709149,2.3671813,-0.04444352
131940.64,-1.962109,0.7727788,-0.06191122
122763.8,-1.4230288,1.1292781,-0.051941536
116644.6,-2.4028594,1.2544943,0.05628057
131603.4,-3.650755,3.0016522,-0.2053665
118367.02,-2.398292,0.43226075,0.04604614
126400.94,-3.3514988,2.1254013,0.111492425
120014.73,2.0579808,2.6318617,-0.04783554
117740.16,-2.5397139,3.0655577,-0.04284146
123079.69,-0.012573399,2.315214,-0.15273196
121799.805,-3.0380383,3.0488017,-0.021431254
125588.97,-1.2874326,2.7073,-0.046285532
127623.26,2.00553,0.08728266,0.0038813732
117103.03,-3.2330287,0.13998246,-0.009527904
129239.49,-2.328526,3.120514,0.51039755
131121.66,-3.1230145,0.47276044,-0.22221097
123008.58,-3.5765269,1.966973,-0.08389734
120654.21,-0.07882672,2.5810266,-0.14605042
131438.5,-2.0024157,2.724541,0.034402475
132428.45,-1.7119404,3.1362748,-0.06522372
132653.08,-1.9241135,2.5576372,-0.09062247
133210.73,-2.023733,2.1579928,0.713667
117918.164,-1.8504868,2.8841577,0.175569
120839.07,-1.325302,2.4337761,-0.24330117
125123.414,-0.84092546,0.87221986,-1.1790277
116384.06,-3.794465,2.2359018,0.07344288
129858.97,-1.7720389,2.765288,0.47266343
132219.36,2.9578948,1.6296741,-0.26947534
115177.94,-0.75429,2.5722642,-0.052795634
