HiggsM,DNN_score,DPhi_jj,OO1
124999.266,-3.0939493,1.7957797,-0.052735776
126459.51,-2.3809204,0.7408541,0.16673057
125667.125,-1.6009548,2.4393225,-0.031682767
130096.0,-2.6217957,2.9750159,-0.75414133
119465.44,1.6465275,0.65453345,0.084599726
126085.8,-2.1259224,2.8406694,-0.25167418
131439.19,0.44239593,2.5469544,0.14219132
115062.95,-2.1304102,2.7945166,0.103975914
115234.91,1.159307,2.721034,0.002880712
117863.98,-3.39096,1.021899,-0.12078936
115821.21,-2.1851394,2.8642106,-0.45699918
127904.695,-0.88213307,1.4825021,0.31482068
117541.13,-0.61541045,2.8560524,-0.3749926
119400.55,-0.79390275,1.6276631,0.24251233
134514.12,-2.6648512,2.6998792,-0.17411219
134097.5,-1.8813696,1.3499854,-0.25376102
123416.89,0.29771525,1.0864401,0.22562023
128229.69,-2.9604316,1.5439017,-0.30689403
121072.06,0.64182353,2.552901,-0.021588206
130090.5,-1.9332101,0.5268849,0.3610545
117012.914,-3.9242482,1.9729639,0.85679746
120372.66,1.2842894,0.95537543,0.0007399201
128572.08,-2.0736907,2.627376,-0.3089928
130057.54,-1.6557665,0.4369974,-0.36084443
115930.445,-3.16482,2.336008,0.8177119
125222.23,1.3471446,2.6199498,-0.13929869
129789.586,-0.8651446,1.960118,-0.016977338
132394.98,0.4538102,2.0027146,-0.4447996
123304.25,-1.7979169,1.8856565,-0.0028586604
127655.086,2.7585204,2.0373683,0.49726298
131891.5,-2.8878822,0.5824587,-0.18973334
134617.2,-3.1659937,3.1448784,-0.13527487
127583.86,-6.3307524,2.7204368,0.07413475
125960.086,-3.0724404,2.8323283,0.19126682
118169.93,-2.8727396,2.6649241,0.91771585
120658.375,0.2163558,2.7506049,-0.049117826
116558.2,-2.3755548,2.7998343,0.26350304
130876.06,0.81359065,1.8559693,0.2901819
115351.18,-2.7585106,1.5674065,-0.239367
123366.15,-2.109895,1.2056096,0.96165156
129058.99,-2.1826952,2.0505958,0.35399562
134675.03,-2.9321773,2.0729866,0.4319605
120012.96,-1.8831663,2.989306,0.10061454
132083.19,-3.5926287,2.3758223,-0.28571108
124112.72,-1.3100795,2.7699587,-0.36196518
122214.95,-2.2079139,2.73689,-0.2893386
132074.4,-1.9460213,1.8928612,0.11186621
126215.34,-4.8102794,1.9009858,0.31117323
133319.72,-2.5665221,2.5620081,-0.084719814
118166.086,0.56893575,1.6569756,-0.016365854
128427.89,-0.88274574,1.4855002,-0.33665144
117239.61,-2.937138,1.7789336,0.028574387
134034.55,-3.6857162,-0.34981588,0.26230392
115709.71,-1.566463,3.0560427,-0.16051976
134838.33,0.30013573,2.8059735,0.067969844
120455.805,-1.2019694,1.81787,0.043347757
123137.3,0.43919915,1.7449405,0.0043665124
122318.45,-0.37571433,2.9077134,-0.14738953
129430.38,-3.1253226,1.8810043,0.0154066095
131958.56,-1.1212375,2.5852394,1.1017917
133520.81,-2.7399652,3.2512453,0.12910222
129312.22,0.6710828,2.2542882,-0.040227458
128939.33,-2.829588,2.437841,-0.31529182
117203.54,-2.6106415,2.6990235,-0.0489879
122355.72,-2.7575326,2.3449872,0.19522956
119431.14,-2.7233324,2.221295,0.047235396
121010.02,-0.8522174,3.030957,-0.0062569887
124275.27,-2.1791472,1.8034815,-0.067972824
119440.03,-2.9171433,2.0789802,-0.26272172
133557.6,-2.9875026,1.8059905,-0.07317283
131699.36,-2.4865808,1.5046222,-0.07278782
119641.77,-1.1097299,0.6472203,0.45567787
125341.95,-1.9620994,1.83872,0.22658393
115162.164,-3.317007,2.746505,0.030110251
122044.33,-0.4936396,1.8986095,0.5725209
122626.36,-2.7900646,1.9350264,-0.16859779
123734.91,-1.5307311,1.5358372,-0.2254611
120691.56,-0.043755256,2.93286,-0.4963097
117891.37,-2.0871131,3.0892403,-0.15743552
124384.11,-3.0657353,2.8610437,-0.007540749
129688.21,-2.0329156,2.834371,0.26107618
131912.28,0.4116998,3.0515203,0.21799275
120993.5,-1.4763688,0.46201888,0.284582
127197.97,-1.357793,1.8464569,0.86882806
119766.82,0.030895868,1.3867307,0.12813671
123790.3,-2.1308048,0.5604439,0.12478546
120219.92,0.11023641,0.76768845,0.6518458
118065.18,-2.3138137,2.5331583,-0.366734
115391.81,-1.2748675,3.3882325,-0.5677309
131015.14,-3.9112673,0.98329586,-0.65882695
115817.46,-3.153454,2.9079797,-0.1476622
133983.62,-0.66751444,1.1799531,-0.11172616
126381.56,-0.23381127,1.2236438,-0.03355596
133924.86,-2.1752367,1.1596938,0.28551173
134957.31,-0.84109515,2.1264381,0.16368684
124785.234,-0.9833106,2.3926508,0.13834481
120068.445,-0.9508177,2.4609656,-0.2857853
130116.8,0.582371,3.2914362,-0.5099814
123088.5,-0.9524877,3.090668,-0.028146766
117724.75,0.29056576,3.1820421,-0.052010756
128526.93,0.8179763,1.5618807,0.9570475
125563.33,2.7462397,1.6910601,0.047154937
119666.36,-0.35479414,1.0986665,0.96404564
116794.32,-3.8207245,2.7722602,-0.107075654
123948.57,-3.7652578,2.6311493,-0.3271353
133888.48,-0.9387694,2.9915998,-0.22619118
122368.414,-1.5466181,-0.38963294,0.022140687
131701.34,-2.5249562,2.2613966,-0.050792553
119940.63,-2.572459,2.693295,-0.17096268
122537.78,-1.3198699,1.2627372,0.1961301
124897.234,-1.4325316,1.6812048,0.8755955
124948.05,-3.868204,0.7090062,0.3943399
121270.29,-0.232911,1.6250534,-0.026823074
123508.44,-2.338413,3.548259,-0.2665298
127998.1,-4.9297404,2.4126148,-0.17940247
121759.31,-1.1113193,1.654822,-0.49657643
119185.79,-0.10004168,1.1074171,-0.36810893
134685.83,0.58948225,1.0164045,-0.085063405
115211.76,-0.05031238,-0.16778499,-0.0067051724
123598.414,-1.413466,1.6035498,0.76601464
116016.52,-2.0749035,2.9475048,-0.037489187
126505.45,-3.8250737,1.9342388,-0.09140234
129913.01,-0.2549846,2.0931628,-0.38780844
115649.195,-0.23540862,1.8314605,-0.070372276
126046.5,-0.7794463,1.35655,0.014103778
129392.625,-2.254056,1.5180542,0.08768635
115556.164,-1.7709669,2.3377333,-0.22054717
115569.375,-0.9868163,2.3549674,0.26681677
129371.09,-3.9625857,0.6363849,0.04364337
117919.64,-3.3630645,1.0329745,-0.31392938
123396.945,-1.0914768,1.7246518,-0.07871761
125362.43,1.2264935,1.3793348,0.23677057
122776.39,-1.1191021,2.6644208,-0.100027785
119179.52,-2.2099783,1.9263457,0.71604455
116565.66,-0.24986535,1.339231,-0.34804437
127809.164,-2.2149222,2.5956008,0.298161
116276.76,-4.508139,1.7287235,0.10330781
129979.49,-3.7638688,2.676317,0.14828828
133301.55,-1.4007713,0.09715062,-0.043426428
133376.95,-2.5993156,2.5053105,-0.23232688
127226.2,-1.0239183,2.7883368,0.53078973
124364.11,-4.01868,0.635854,0.023953686
129825.54,-3.1623416,1.8137352,-0.14712581
134653.31,1.9515345,2.4524887,-0.24691491
123851.6,-0.5301534,2.476511,-0.4137137
123534.11,-1.89197,1.6062796,0.055162046
121212.734,1.9237038,-0.19888179,-0.009025655
125889.875,-3.2504025,0.88705647,0.48011342
116820.305,-2.1085868,1.3610393,-0.5545903
128955.516,-3.7268445,1.3474396,0.08287672
124535.39,0.73982394,2.9354725,-0.4877811
117592.234,-0.52087855,2.2620323,-0.058188774
132651.1,-1.9741567,-0.28400445,-0.6441945
119372.86,-1.1652045,1.9188267,-0.023062682
116231.164,-0.62718946,1.5654798,0.083869636
115106.766,-2.603161,3.089925,-0.317938
124920.41,-0.35562828,0.37699267,0.24607337
119755.15,-2.3639104,2.686089,-0.38250536
119129.76,-2.996399,0.56111586,0.04394971
119558.266,-1.8492676,2.28357,-0.16063657
125362.02,-2.3446372,0.8730828,-0.10519143
128528.9,-1.3729619,2.738901,-0.11611323
115614.52,0.7828105,2.4947498,-0.027100507
128986.15,-2.571821,0.65199566,-0.102294035
116131.57,-1.218911,2.5080938,-0.081611134
121843.15,-3.0459452,0.34445587,1.3166261
115874.06,0.17180601,3.1080682,1.0035591
115881.98,-1.2040861,2.8094919,0.029979132
134729.73,-1.0547212,2.7380066,0.20848972
133874.05,-2.0278735,1.1787317,-0.4750496
116911.664,-2.076696,1.9650894,-0.91826683
118153.14,0.059141543,2.4229703,-0.6297877
118783.83,-0.22327662,1.4943523,0.12075658
117360.38,-0.44305855,2.820369,0.1503665
116843.51,1.2936296,3.1779177,-0.2645958
115555.22,-0.0113698365,1.3356957,0.037935585
132818.22,-0.81337535,3.1659064,-0.25390825
129840.91,-0.9975748,0.20496148,-0.3674572
134776.97,-2.2296803,-0.29287434,0.36399573
133781.78,-1.2037238,2.910865,0.33654806
116787.07,-1.792962,1.2299,-0.0075175054
130019.47,-2.6172688,2.5860934,0.27144164
120827.84,-0.42683297,2.5439458,-0.27913317
118676.55,-1.210865,-0.58795184,-0.19521794
125860.69,-1.9456038,2.4473443,0.15535134
124461.87,1.1532006,1.1136229,0.021073868
125939.1,-1.6850871,2.4650779,-0.17963938
131309.89,0.7758714,1.4232718,-0.40874732
127514.24,1.1799643,2.1745887,-0.389215
127709.336,-2.4589882,1.9282087,-0.08946984
118565.05,-1.8801876,2.5241444,-0.00040408043
126266.62,-1.2773207,2.7733932,-0.16160148
122665.7,-1.6053828,3.0501266,-0.7121101
121029.99,-0.8621386,0.24589376,0.1986571
133840.84,3.2217476,2.4718037,-0.22483829
133528.45,-2.4663684,0.9142164,0.13160238
131549.45,-3.0738754,2.0110617,-0.2561095
133737.94,-4.330236,1.9221541,-0.4276074
122154.58,-3.0770233,2.9680054,-0.21108852
128328.94,-1.9638518,1.2415991,0.18338488
121356.29,-1.7523848,2.063122,0.17091201
122774.79,-4.3780203,2.5743837,-0.15482569
118675.27,-2.3138359,2.3435037,-0.056128144
115360.164,1.4701482,1.1060452,0.43770882
128670.31,-3.7102625,1.6705451,-0.13048074
122447.16,-2.1586902,3.1046884,-0.28911626
120170.45,-1.141827,2.880193,-0.1607814
124109.02,-0.84444726,3.0596335,-0.52603287
126651.0,-1.0237833,1.690115,-0.38681853
118246.85,-1.3295583,1.594742,0.099814124
116630.72,-2.9191222,2.293613,-0.69375753
126203.98,-1.7624377,2.2117596,-0.9493605
124557.01,-2.1646304,2.9051213,0.42820397
116859.3,-0.61030877,3.2756426,-0.056545634
131984.98,0.61313736,1.0554879,-0.17942661
122004.414,-2.4851112,1.4799769,-0.00085762795
118726.625,-1.967788,2.5530977,-0.4732816
117765.414,-0.093466304,-0.3052231,-0.03885579
120234.06,1.3553139,2.8227022,-1.1014994
121651.59,-0.802124,-0.40336466,-0.77595603
126207.54,-3.7092957,2.2389307,-0.20350933
125224.586,-2.628938,2.0463817,-0.1421186
126664.414,-2.4710665,1.1067986,0.19787337
119393.24,-1.3490582,0.75841576,-0.19344576
121215.555,-2.969992,2.2471685,0.23279712
117056.25,-2.1329336,2.942227,0.14665945
123118.234,-2.7946644,0.5471231,-0.18939275
120601.66,-2.1339974,1.7222762,-0.26164892
122148.05,-1.3535248,2.4905753,0.223809
128260.42,-2.3890984,1.3369328,-0.028119052
117290.016,2.6310446,1.9127232,-1.852341
115677.195,-1.9712111,1.333616,-0.6881764
115405.69,-3.5446503,2.0272982,-0.19633423
119651.21,-2.499135,2.701549,0.15786046
125547.1,-3.32158,2.8053188,-0.21602033
119366.03,-2.9046636,2.030515,-1.1411067
119572.54,-2.2188725,0.81531894,-0.32590964
126317.43,2.4887013,1.3883743,-0.24840547
116161.8,-0.77085894,2.8362448,0.22323865
116722.16,-2.9268198,3.1289773,0.5607656
123496.21,-3.3767865,2.9703977,-0.19190095
127565.87,-2.4277964,1.3379846,0.065704495
118685.57,-1.8648233,0.36680248,-0.047580473
132028.44,-1.3762606,3.124418,-0.18351331
134126.56,-2.538193,2.6747913,-0.96453077
131707.08,-2.3174963,2.5667167,-0.34730595
119770.05,-2.5176094,1.4702219,-0.3092443
117877.57,-2.7771127,2.9883277,0.052859742
119688.95,-1.3219342,0.12354256,-0.24512246
121962.766,-2.1635084,2.401184,-0.42858303
117966.9,-2.3832939,2.8899171,-0.5817367
122718.97,-3.0161245,2.3242528,-0.06052714
134875.14,2.6039832,1.59559,-0.22868778
118324.664,-1.3705028,1.6926781,-0.33686423
126621.555,-1.0340852,2.0283673,-0.10444615
125496.81,1.5698684,0.79188716,-0.5736193
130912.99,-3.1275795,0.3492542,-0.70106316
117451.414,-0.3858009,2.2811065,-0.006873241
133427.42,-3.3309789,0.6069304,-0.13997066
117527.86,-2.3980594,1.3493181,-0.37109247
119701.86,-1.8862722,3.1886559,-0.74891394
131277.05,-0.64556587,3.1567712,-0.25514463
133876.58,1.0753652,2.9937613,0.37325978
117667.695,-2.0022368,3.1087303,0.9269483
126888.62,-2.1513162,2.6195416,-0.08938075
127426.84,-2.3606868,1.4554414,-0.44996622
115724.24,-1.7612082,2.8902948,-0.102221325
119583.055,-2.6731641,2.1000965,-0.44523913
125962.55,-3.7599447,2.0825734,0.5442311
121107.97,0.66950196,1.9317229,-0.10625915
118171.56,-2.1578157,1.4837765,-1.1327122
125144.61,-2.8553948,2.4254472,0.024679003
129380.39,-2.1995687,2.3334918,-0.5137242
127748.96,-3.1140366,1.664146,-0.12282824
121346.086,-0.99490154,2.1652565,-0.5410688
129470.35,-2.0237978,2.3954327,0.3716214
121884.05,-1.8534873,3.158128,0.04541465
121455.08,-0.8957112,2.587364,0.20656884
125907.25,-3.7618196,0.7786561,-0.46904144
121934.336,-2.3991663,1.3188581,-0.21367213
132200.39,-0.31438994,2.2099788,-0.77560765
125088.945,-3.4862213,2.4463189,-0.8450067
116759.95,-1.9433362,0.4120766,-0.36475798
117288.586,-2.0043988,2.1449614,0.16544144
123354.555,-3.1399078,2.6390955,0.38950762
126868.13,-1.3791496,2.7647734,-0.13898163
122471.55,-1.7348136,2.7529461,-0.22084248
124168.14,-1.7876722,1.2975953,0.21093446
133300.38,0.83452284,1.6663883,-0.076111056
121255.92,-4.183534,2.055284,-0.01003377
128367.55,-1.3612531,2.713186,-0.2520854
128849.945,-0.056548174,0.996313,0.12137522
129366.73,-0.9437567,2.6655955,-0.061026875
118998.44,-1.378285,2.898404,0.18862303
120520.36,-2.3115206,0.1506137,0.046280023
115769.16,-1.7996281,2.78903,-0.1707216
123035.734,-3.0825944,2.810961,-0.30969697
117389.875,-3.878842,0.5373012,-0.006896783
133434.61,-3.0212927,2.8810961,0.1585977
116456.734,-3.6559746,2.24986,-0.17457765
133669.83,-2.9784606,0.40383926,0.08392208
132026.36,-1.8491739,1.3740675,0.5899035
131304.8,-0.6873215,3.0045698,-0.048098087
133383.52,-2.2712407,-1.9909139,-0.29287368
119552.46,-1.8528026,2.5319428,-0.06560556
134593.62,-3.362308,2.3716025,-0.26942897
130887.055,-2.6314626,2.7313135,-0.24617945
123225.26,1.3500556,2.0041873,-0.24995534
123053.836,1.4368663,1.4790659,-0.11863843
119944.805,-2.9726503,0.9153243,-0.49148548
116473.49,-0.48817387,1.8871523,-0.5320717
120709.07,-1.1602252,2.9987314,0.1508576
131105.67,-0.8933737,2.5162458,0.02819653
116432.266,-1.8915147,0.7508395,0.39768338
128886.11,-2.4737017,2.1804729,0.7058144
117515.49,-0.80265164,0.45937592,-0.032047812
122995.55,-1.4820739,1.6242676,0.1641547
119407.08,-4.85219,1.4948541,-0.10971201
118841.664,-0.25712162,3.0346947,-0.19392315
125677.234,-2.1867626,0.84097886,-0.28443897
118918.46,0.8030636,3.1764119,-0.33241606
119409.37,-1.2385814,1.0371224,-0.086257465
130492.43,-1.8081905,2.8751295,-0.135077
134739.5,-3.1398768,2.3803096,0.15421242
122662.58,-3.2392933,0.77651954,0.25165898
132409.72,3.1885388,1.6501021,0.3369241
124464.02,-2.594782,1.9823226,0.1000859
121403.4,1.1209272,1.8222159,0.14658614
130221.03,-2.663881,2.4555826,-0.26499632
132678.23,-2.8627336,0.66457677,-0.13022743
123480.36,-0.16904698,2.8895967,0.5355416
134659.28,-1.5932199,1.5544779,0.48213202
115984.85,-0.86093426,2.922011,0.14087477
119927.61,-1.5863545,2.5015986,-0.089928456
133400.27,-2.561258,2.3115845,0.33177656
121555.234,-0.96386826,2.5753899,0.55004853
133503.12,-1.3517728,0.6486832,0.08489772
124019.46,-0.3230204,1.0823933,0.39137962
120054.305,1.2235426,2.791922,-0.43137464
119950.625,-1.309495,1.5666884,-0.5658104
128403.27,-3.005305,1.2406822,0.36093172
124970.31,-3.423475,2.766775,-0.10452482
122377.65,-2.9622097,1.1294447,-0.11526812
127663.84,-3.7926776,0.14535299,0.42526874
118841.39,-1.9098481,2.4719493,0.9599786
122140.5,-1.5808516,1.1399962,-0.33099464
118198.07,-1.7591014,0.17483708,-0.20701732
117940.32,0.17249413,1.188909,-0.049294535
134082.92,-3.9883394,0.5759351,-0.27615052
121099.6,0.28946882,0.56110877,0.23162481
132634.11,-2.7442994,3.0838466,0.8584644
131788.4,-4.3614244,2.957833,0.23996985
127473.39,-0.049277443,2.5838957,-0.25047982
124315.414,-3.862971,0.895343,0.30103606
124493.266,-1.7636902,2.8541253,-0.26361957
118681.1,-3.0367303,3.256788,-0.17920133
119523.59,-1.495715,3.0044472,0.18966243
133303.45,2.256018,1.6714469,0.5178508
115620.39,-4.0125003,0.9246302,-0.27731183
119581.26,-1.2896858,1.8606076,-0.1953577
131926.12,-1.6249357,3.0224519,-0.041482016
127219.23,-1.9292425,1.2645856,-0.13659528
129537.62,-0.58013,3.1753538,-0.20834221
117071.09,2.380758,0.6194615,-0.30757466
129950.695,-3.3749638,0.79894674,0.21623518
118454.766,-2.9362206,1.6871169,0.037741292
116581.836,0.524916,1.3641676,0.32489228
123346.49,0.49385896,2.7104948,0.18791439
118207.53,-1.5185825,1.8651402,-0.739162
119683.67,-0.63305086,0.26885363,-0.2664532
117265.93,-1.7974536,3.188295,-0.1960112
131562.02,-1.3448826,2.9712424,0.35945368
116435.484,-1.0040586,1.3774128,0.13161728
129228.02,-2.7817955,2.630703,-0.12519878
133998.31,-1.9716687,2.761943,0.29965514
128776.73,-1.3039666,2.8990004,0.028554123
132089.22,-2.7714584,1.1393777,-0.4612134
134734.7,-2.3130014,2.2252352,0.25934425
118577.19,-0.12088162,0.9316125,0.33056968
132267.88,-3.4822462,2.7042205,0.55797756
118874.74,-1.9509352,2.0865796,-0.2642245
131706.69,-3.3395057,1.9843775,-0.5467196
115465.445,-0.7731544,1.2505422,-0.7126784
118923.1,-1.0240812,2.488662,0.31797823
118602.79,-2.361212,2.5354278,-0.05005263
119661.16,-3.3464832,2.2295227,-0.21103786
132047.83,-1.6492329,2.630449,-0.06592143
120203.56,-3.288785,1.694188,0.074793324
122827.73,0.42068464,1.4035876,-0.33719617
131521.6,1.1299837,1.8389113,-0.053975433
116029.65,-2.3350956,2.8039727,-0.01765021
116648.69,-0.83177865,2.6426792,-0.039266128
129543.24,-4.5128183,0.9184426,-0.21149349
116022.93,-3.0472677,2.7521036,-0.08996839
132777.14,-2.764776,2.9603584,-0.07102429
117687.31,-4.2251077,1.6887794,-0.11523146
134112.77,0.2551165,2.2279904,0.31412217
127009.93,-2.8581946,1.9597158,-0.45399153
118270.336,-3.326942,1.2720826,0.016860822
129540.086,-2.191765,0.49212524,0.020509467
127097.57,-3.176124,2.9398043,0.80055517
125248.52,-5.471266,1.4504555,-0.54856396
128115.34,-1.218465,-0.61324054,-0.29232836
116813.336,-2.54733,2.735707,0.55188537
128593.32,-2.78233,0.81494445,0.78990424
115257.58,-3.2397144,0.41020554,-0.0018880926
123283.18,-0.060846,2.1054163,0.015628913
127299.49,1.4936649,3.0425825,-0.30984923
134594.62,-0.3917085,2.6560922,-0.30915728
126233.59,-3.4262743,2.6658523,0.01932464
117321.81,-1.7176698,2.626051,-0.747969
129925.36,-2.944559,2.0294983,-0.027887808
117791.02,-1.8314942,0.5352791,0.051378112
129738.72,-0.66755676,0.36799198,0.25048965
116265.37,-3.9389408,1.6572028,0.17496593
128775.03,-0.7377427,2.5904613,-0.10238582
119348.12,-3.08307,2.7183933,-0.0477396
127591.09,-3.1620207,2.3030264,0.13287601
126226.62,-1.0166469,2.5423963,-0.37111568
117007.89,-0.96009254,1.7532065,-0.2772558
120027.125,0.8137208,0.47681853,-0.8221219
120550.78,-0.21383545,-0.8945865,0.20470577
119245.914,-2.591775,2.728943,0.98479736
131197.5,2.902067,1.8329239,-0.43237412
124685.96,-1.9179899,2.6276495,-0.2816545
124720.055,-3.0231657,0.5665771,-0.6770919
116130.016,-1.5605637,3.1506405,-0.4554532
131142.77,-0.9249439,2.796816,0.9271265
122815.414,-0.62326974,2.7386804,-0.02877464
123216.48,-1.8419855,1.9888388,-0.08619936
129320.95,-2.9815955,1.2895572,0.01719696
133503.86,-0.09166886,3.1234994,-0.1919704
121312.36,-0.975372,2.866698,0.022429146
117239.18,-0.5287079,2.8304057,-0.13835822
134777.28,0.3615414,2.8809533,-0.41950494
133077.4,-1.699076,2.5906549,-0.48696938
117654.766,-3.2053795,2.5758293,0.13168046
132577.1,-1.5702077,2.2098563,-0.1169795
116080.16,4.044511,2.0409799,-0.6977021
120975.95,-1.0422103,1.3164299,0.0041877157
126377.23,-3.0963924,0.46428317,-0.059744902
121102.625,-0.5867684,1.8996832,0.123110734
119468.445,0.82759,1.7533965,-0.27230045
129560.34,-0.7477614,1.4602529,0.4690006
125496.195,-3.3973444,2.3918486,-0.14213291
116288.445,-1.1902661,1.9416853,-0.098482385
117746.08,-3.09176,3.1179101,-0.23688412
127764.33,-0.927849,2.5608268,0.3202114
125475.72,-1.5027496,2.8875372,-0.8309947
134136.38,-3.6263251,2.5470436,-0.019737959
130814.266,-1.9946313,2.7414443,0.1567251
125730.58,-0.36822352,1.9342577,-0.43789536
132587.0,-1.9343452,2.6826384,0.21836764
115155.26,-2.5548313,1.1726243,0.14450197
126639.35,-2.7282703,2.2944334,-0.4887496
123682.055,-1.3335207,0.48874938,0.34638664
121587.375,2.0407166,3.180682,0.23095909
115168.516,-1.6737716,1.2381767,0.12798592
115040.086,3.5003595,0.2978682,-0.47388563
134213.88,-3.0796552,2.9999986,0.06652696
131257.3,-3.8915813,2.4950638,0.20305787
125359.18,-1.5104686,0.7711862,-0.49918416
121889.164,-1.727434,3.087094,-0.47676724
122222.32,-4.402225,1.4234585,0.44994506
134430.88,-2.9310136,0.32924968,0.8729952
130719.664,-1.803417,0.0207096,0.24565677
125792.96,1.6732588,1.6303345,0.08804931
125196.16,-0.69260603,2.234223,-0.87220764
122861.44,1.0626043,1.1344762,0.62160295
123952.41,-1.8829924,2.420831,0.13838711
116894.37,-2.0996954,2.0475001,0.5951911
116237.445,-1.5693253,2.2284446,-0.4006422
124318.07,-0.42655122,1.2044492,0.2783861
123571.33,0.24521968,1.8613763,0.22598138
125489.68,-1.3324085,2.6868987,0.15965915
119903.01,-1.7548872,1.7398162,-0.0877671
118827.84,-5.0003276,3.089572,0.48174286
116293.44,-2.5730681,2.9180822,0.14946179
128176.266,-3.470322,1.3273132,0.8074305
133413.17,-3.0888026,1.5474786,0.26719937
128125.555,0.49467245,1.6212196,-0.54296136
127444.914,-2.8001552,0.01957307,0.042221937
122085.164,-2.1811864,1.1057618,0.1171425
126528.45,-1.960011,0.6865873,0.23548742
126453.65,-1.5591055,1.3533596,0.12281751
121766.17,-2.06629,2.9606168,-0.51790863
118509.805,-3.1393788,2.8179162,0.1338594
117199.06,-0.977083,2.7676916,-0.29462174
115070.03,-4.419819,0.31634662,0.026314994
121685.45,-0.33425763,1.1137098,-0.05306148
134194.86,-2.0325863,2.873495,0.05580035
124022.99,-1.4335424,2.1609766,0.1275586
134606.42,-0.74610174,1.970284,0.5059877
115744.336,-2.446728,3.141093,0.11632838
117038.01,-3.5614352,3.3145456,-0.29127434
117410.38,-1.1595215,2.957372,-0.22642927
116647.336,-1.370847,3.050173,0.8396717
121668.74,0.78908414,2.3446255,0.03174028
120161.32,3.3940597,2.5262084,-0.020395335
129007.39,-3.197834,2.7822924,-0.52854586
119652.96,-1.6500077,2.412526,0.42230904
123438.69,-1.8741357,2.4494934,-0.14139925
120065.195,-0.11096173,2.8254237,0.7754259
117794.73,2.6267333,0.49066514,-0.023512356
117036.94,-3.1058083,3.04412,-0.49209964
129843.914,0.90506524,1.7396344,0.13106003
121268.74,-3.0582278,0.58964586,0.29855376
134921.53,-1.6185973,2.4682028,-0.103943735
115294.53,-2.9946442,0.59630334,-0.03912339
128508.99,-0.7232126,0.97111773,-0.19468601
131119.34,-1.4900761,2.5304701,-0.4534602
127509.64,2.2335105,2.0124128,-1.1310986
118601.375,-2.749082,0.9557696,-0.16439697
117294.86,-0.58157545,3.0272226,0.05573181
134824.0,-0.77976906,1.6315991,0.9618345
134003.3,-2.1561375,0.01939281,1.0683132
120503.664,-0.3307588,2.4855485,-0.17748637
131141.31,-2.1703238,2.5623944,0.18786849
120823.914,-2.1455476,0.8892382,0.048839796
120234.484,-1.1181271,1.5370897,-0.29212812
115257.39,-0.2667708,0.6056478,-0.2265726
123215.82,-0.99987435,2.1552696,0.3541607
118627.43,-2.0963705,2.7262528,-0.11588139
131314.95,-3.1060426,1.9619389,0.25107908
130554.47,-4.214172,2.595301,-0.17490873
134309.38,0.5829214,0.75884444,0.23165937
126758.5,-0.3110716,2.8801937,-0.8762523
119632.94,0.8377258,1.3460157,0.07269246
125919.805,-1.9945868,0.39012885,-0.021537844
129498.336,1.9597327,3.1266942,-0.88367206
131515.25,-0.18682481,1.9655888,-0.4495222
122249.766,-1.2385548,1.5793236,0.14636503
121741.97,-2.6825643,3.159527,-0.06455543
124590.77,1.39758,3.112762,0.014114506
131073.58,-3.8971796,2.083907,0.5862441
124151.195,-3.285963,2.905882,-0.24407293
125209.14,-1.782691,1.2963113,-0.28264323
133323.31,-2.8550727,2.0865476,0.23078565
130388.85,-0.6935421,2.7365937,-0.1383466
125156.48,0.24236389,2.8800752,-0.19370413
130679.19,-1.0678988,2.169854,0.44389695
131908.92,-3.1122363,2.184305,0.36543086
118067.81,-2.0949867,1.5770943,-0.11564091
115673.76,-3.3914478,2.3052688,-0.050817586
117719.1,-0.1126314,2.6708145,-0.43232197
116701.55,-2.3964407,1.2231299,0.46340427
131412.06,-2.5160272,1.5982157,0.11086078
128688.91,-1.4183562,1.3292115,-0.06540412
133275.16,-3.984038,2.259331,0.12560017
117041.68,-1.6098015,2.613819,-0.25374553
131920.33,-3.4627175,0.028352315,0.9247527
130081.445,-0.6601015,0.9656275,-0.40266556
122861.88,-1.4400431,2.2867417,-1.1625516
131805.3,0.5262599,2.288249,0.054316934
115903.195,-0.29440343,1.4253472,-0.24902411
126108.305,0.75362426,2.757069,-0.33124197
129996.45,-3.7094266,2.9892433,-0.38472182
121961.336,-2.4505317,2.3014545,-0.2056835
115758.914,-1.4753445,2.6884184,-0.04852094
118884.57,-2.5616047,0.33094984,0.53628653
133157.23,0.71003085,2.8260863,-0.054364316
116446.664,-3.2896786,1.4474313,0.05304748
129646.18,-0.16931458,-0.8081957,0.5477832
118593.766,-3.4068353,1.0715183,0.05021057
122704.67,-0.47705096,2.6447392,-0.058881313
124103.83,-2.2270956,-0.79961187,-0.23118736
126441.75,-0.014229085,0.5576716,0.54310286
120503.49,-1.0557482,1.9725747,0.29836363
121517.6,-1.6729475,1.7503498,-0.10778935
134304.77,-1.4021155,2.713764,-0.23620021
132009.61,-1.7912382,2.6089365,0.095153496
126652.71,1.2451637,2.8149152,-0.01839311
120379.35,-0.43705317,1.9932954,0.37177932
134849.7,-1.7527689,2.3562112,-0.13728723
119408.98,-2.1292887,1.9842995,0.20654559
118032.74,-4.2902813,1.9162415,-0.026528357
133723.3,-1.9875304,1.667263,-0.00832656
131996.19,-3.1603365,0.6165405,0.13597038
117380.99,-4.2002344,2.6411111,-0.43138477
119760.13,-1.1722779,0.91625804,-0.2131277
132948.0,3.6217885,2.5785365,-0.5856064
129198.82,-3.2118485,2.357032,0.26028413
116761.14,-4.0600758,1.773592,0.2482833
123524.64,-1.1639929,2.6696768,0.018885992
115540.42,-1.002457,3.0097055,-0.024536563
124241.875,-4.2340875,2.920707,-0.17681171
117929.62,0.80622035,1.3469925,-0.23918553
121807.625,-0.60997814,2.4203713,-0.18896332
128980.266,-2.218118,0.07426621,0.09710893
118870.9,0.8796055,2.4484825,-0.06603735
118417.69,-0.8667447,2.0439928,1.231023
125098.69,0.19296211,1.7811556,0.35811868
118557.445,-3.4003942,1.6443168,0.4354506
134391.25,0.10000827,2.2755437,-0.59762573
116181.22,-2.381929,1.7753129,0.3503911
132754.53,-2.1467984,1.2589676,-0.33218154
130037.04,0.09964011,2.1698847,0.022349283
133483.81,-0.3743505,0.81878763,0.21666788
132464.53,-3.8667433,1.6966022,-0.68154633
130202.66,-3.3267992,2.7351115,0.03935642
115409.836,-1.2522116,1.5224606,-0.14251047
115922.54,-3.3585935,1.167363,0.20919774
115539.766,-2.4487019,2.9629335,0.1565755
118610.19,-0.64770734,2.7419667,0.14362645
131433.64,-0.91038835,2.995016,-1.0599656
129391.46,-2.695374,1.416028,-0.3150686
121552.83,-3.03869,1.9874519,0.40489307
131620.88,-3.783092,1.0795398,-0.24265417
128916.195,-2.1506183,2.6310596,0.655889
116621.055,-0.8747962,2.7333937,0.428645
121993.555,-0.89151186,1.0658475,-0.24893083
123170.56,-1.8569034,2.9220533,0.057513222
117791.875,-1.8072096,2.817249,-0.20335855
133117.84,-1.2529813,1.5810665,-0.9761761
128091.055,-1.2709582,1.4575074,-0.5614191
116032.805,-2.2114937,2.096486,-0.28047532
124538.54,-1.9332032,2.3446934,1.0444106
127716.0,0.40876618,2.7956314,-0.3177029
128621.26,-2.46353,2.6979976,0.43768975
134869.34,-1.6518083,2.0743215,0.41201395
123272.55,-1.2209468,3.3145921,-0.12510641
118843.59,-1.1263766,2.9264705,-0.04265641
128848.67,-0.7375361,2.8963182,-0.244851
115176.56,-1.1429205,2.2938547,0.031060256
118827.59,-0.1564421,2.3933973,0.0504883
115960.19,-0.7358516,1.6436453,-0.299811
126922.32,-2.9367435,2.8947253,-0.038705304
118088.22,-3.3586276,2.6714118,-0.00084064226
129272.48,-0.8410156,2.8507514,1.1511647
121219.016,-2.1607163,0.08116763,0.04803998
117305.664,-1.48806,2.457356,0.35019022
118907.2,-2.2698903,2.8860102,-0.2429039
132868.52,-2.4564888,2.3203776,0.1375742
122710.89,-3.4301565,2.8573132,0.072546445
127962.91,-1.1711968,2.514071,0.43248376
134777.31,-1.0743719,2.2954426,-0.02302424
122713.93,-2.7172575,3.1015117,-0.13732983
118671.07,-3.553008,1.9420366,0.07245168
117820.836,0.26403934,1.8304025,0.1258505
132872.5,1.3732492,3.00906,1.0774617
130848.92,1.4308323,2.083359,0.2741802
131164.23,-2.727435,-0.4360952,0.29451117
134696.88,-0.04571251,2.9155085,0.48362678
129900.445,-2.489176,2.31112,-0.22035407
122786.305,-5.38343,1.3155055,0.029720474
127722.44,-3.488981,2.6751204,0.6322479
131669.83,0.17552799,2.2835374,-0.4243089
121160.95,-0.7506441,1.8934487,0.21639967
131219.11,-2.0844624,1.1141182,-1.0351999
132542.25,-0.6017982,1.7527059,-0.2648497
120226.85,-1.643276,2.9892044,0.23773786
117730.18,-3.820573,3.2236779,0.97273695
131925.2,-3.05838,3.0956345,0.10594626
124898.35,-3.1832387,1.0216237,-0.07454807
116103.52,-2.2135797,2.824216,0.001868127
134992.2,-1.2574338,2.1726027,-0.30261275
118250.07,-0.34698373,2.7492242,-0.23807967
127148.39,-3.3567238,2.8508472,-0.28347614
122005.84,-1.5420554,1.2843541,-0.07102757
115139.45,-0.55784905,2.8438647,-0.59980166
117916.44,-0.9868163,2.74361,-0.43177843
121661.94,-1.0718805,2.860687,-0.073996484
122310.164,0.21951503,2.9498734,-0.37768677
120370.58,-2.379568,1.7434851,-0.27233502
132979.05,-2.4777293,2.4226944,0.17698395
133376.42,-0.44928128,-0.047870237,0.15503249
120929.66,-4.2190194,0.5080253,-0.6130368
115547.664,-2.4184897,1.1448404,0.39512065
117136.945,-0.28513896,-0.08311793,-0.6069601
133706.38,-2.8500214,0.7704253,-0.018382382
126564.88,0.304479,2.971655,0.010442618
124477.09,-3.2625015,2.812339,-0.1472316
128419.22,-2.7592356,0.4262337,0.05814914
126070.836,-0.81828177,2.0368526,0.56199396
129346.79,-3.3619869,1.5446546,0.055929083
126512.75,-3.3312502,2.6082451,0.33225513
128998.5,1.1536801,3.1036665,0.27253407
121217.81,-1.6167958,0.48804116,-1.2239269
119395.06,1.6003008,1.4223402,-0.21599738
129981.336,-0.4226364,2.1970391,0.030145414
116862.28,-1.9191452,1.6678087,0.6057431
118998.96,0.7104428,1.4510158,0.09642772
133404.34,-4.997522,0.5624334,-0.15466149
125465.734,-2.8715403,2.692899,0.25048488
124915.48,-1.7349476,1.433287,-0.24796176
128907.445,-2.8853843,1.5521294,-0.85780346
122373.01,-1.6656165,2.8224015,-0.17052165
120643.96,-3.0763063,2.612988,-0.26808444
116947.02,-1.2356601,3.0896313,0.1507205
115834.02,-1.6842422,2.9728186,-0.061671734
118772.14,-1.3407804,2.2061963,-0.08697325
134971.33,-0.9003714,2.6838186,-0.9687483
115465.51,-2.4680777,1.7504104,0.30897462
121158.69,-1.8709024,0.6973373,-0.30859885
123646.57,-1.1105344,0.9997656,-0.25219
115356.2,-0.38987833,2.2530727,-0.16355185
119078.32,-1.5490772,2.1314788,0.068518154
121601.85,-0.62765884,2.351155,0.023526361
115752.21,-1.6251972,2.7842932,0.023784425
119648.555,0.776833,3.0677922,-0.35525554
117050.74,-1.028327,1.7792712,0.11224705
119109.11,-1.3475965,2.467987,-0.024320517
116014.07,-2.3124793,1.7530503,-0.29566172
120423.766,-0.42953792,2.548817,-0.71741295
123498.62,-0.5763281,2.5271754,0.039162725
131304.3,-2.6554375,2.456178,-0.21880986
123075.37,-3.9526608,2.4570568,-0.22685154
134664.61,-0.8319839,2.640222,-0.074079625
128284.81,-2.9122221,0.5556209,-0.21386524
127961.41,-2.460496,2.8307636,-0.19591911
119671.64,-1.9610369,2.9605234,0.017297681
119093.82,-2.083718,1.6190518,-0.66264814
116428.43,-3.89771,2.6452994,0.18144374
126383.03,-1.8122214,2.2383857,0.09318792
118964.79,-3.2875707,2.5943725,-0.21530157
128555.18,-0.9507509,2.9132674,-0.33616245
125145.48,1.7102004,1.4363163,0.22503853
126093.43,-0.21855897,0.61829734,-0.17611203
128518.516,-0.18774197,1.2310704,-0.6784296
118563.2,-0.9819068,2.8366961,-0.39367536
129457.14,-2.647454,0.82404095,-0.296174
118338.3,-4.2647414,0.96505964,-0.348334
124608.07,-2.3819683,2.5145955,0.2998286
128805.76,-3.1226285,2.304328,-0.20696786
121814.93,-2.7922368,2.566626,0.082633555
117260.08,1.1609573,2.7004547,-0.21190682
129561.95,-4.0195065,1.2411516,-0.047022924
123773.016,-0.8348459,2.7545314,0.10439788
131508.33,-0.63234174,0.6016657,0.48676345
124697.55,-3.2901042,1.9058877,-0.52587193
121309.63,-2.505446,2.7907798,-0.0027615144
117387.64,-1.9954554,1.2692797,-1.8368886
125668.555,-0.1772445,1.5960811,-0.87047005
130320.516,-2.233579,3.0297334,0.026769733
123756.2,-0.9269346,2.9309735,0.5263592
130550.445,-1.8458432,0.890286,0.095353745
120235.625,-2.265485,1.8927763,-0.07089108
123915.69,-0.54718006,1.8261093,0.4874089
131585.92,-2.6538265,2.2001252,-0.24122857
117794.2,-4.472238,0.4387046,0.38830015
127732.125,-3.289279,2.8223822,-0.13335161
118053.695,1.1385986,0.836302,-0.12539904
124230.95,-0.23740067,3.1041374,-0.22046044
134177.33,-3.0838292,1.9754633,-0.19241291
119669.84,-2.4300137,2.5685723,0.371175
116492.14,-1.3086278,2.8615105,-0.019459333
118952.11,-0.9691666,2.686419,0.15512428
120276.414,-0.93543625,0.23010746,0.03673705
118745.875,-0.22720283,2.034389,0.045600597
119002.195,-2.509237,3.1970553,-0.20817086
123971.29,-2.7987669,2.9672344,-0.022342132
116028.625,-0.3610134,1.2429626,0.2660682
118280.836,-2.8502917,2.5815248,-0.3273174
124031.305,-1.3057238,0.9658343,-0.28781196
120460.18,-1.5881089,1.6797082,-0.45392925
120787.375,-2.755486,3.0329504,-0.51202923
115577.66,-2.4879277,2.842572,-0.9659281
128724.52,-2.1169846,1.9982913,-0.025885584
117708.125,-2.0122025,2.3848605,0.43640062
122168.125,-3.144128,1.5197374,0.14299293
122170.85,0.33901387,2.8310175,-0.23406002
120145.195,-2.581818,2.5997124,-0.03311761
134356.9,-2.7960126,1.670902,-0.33967966
118488.97,-2.5139928,0.9991904,-0.077488385
121616.28,-2.3438654,0.5209983,-0.33965227
126731.195,-2.842719,0.2877327,0.24255763
132399.6,-0.90238404,2.8913188,-0.12521428
120722.12,-0.6079155,0.9075705,0.05357135
116730.14,-1.3673065,2.894883,0.30674204
129270.9,-2.1114135,1.4207458,0.10414935
122856.26,-3.1544356,3.1961472,0.3426319
120714.35,-2.6388667,2.7393775,0.417146
121768.08,-1.7820793,2.5720403,0.27724954
124813.31,0.21882173,3.065114,-0.1951631
118445.99,-3.1480792,0.7144958,-0.18961802
130031.375,4.651968,3.6276472,-1.5477357
116144.984,-1.8924725,2.183874,-0.26068464
117106.87,-0.9275063,1.3044887,-0.7643143
131935.66,-0.59386104,2.4625134,-0.0026300987
132643.14,-1.8251466,1.2367101,-0.6741388
127929.15,-0.79497313,2.3823287,-0.43596822
122663.02,-2.0901215,3.4264708,0.28074622
115166.086,-1.3104676,3.0679166,-0.3397193
131087.67,-2.213203,2.6762426,0.19450304
132688.88,-3.9371147,3.0340605,-0.2075707
131355.08,-2.2477677,1.9274056,0.050010916
128590.43,1.6579796,2.9406204,-0.13597813
115964.67,-1.6991318,3.0000238,-0.23770717
121579.62,0.09184657,2.9163833,0.069713116
115950.51,-0.3721556,0.73753065,-0.59288853
116763.71,-0.78000015,1.7339834,0.17496772
116714.52,1.633735,0.11059447,0.26181164
128428.97,-1.0894003,2.1676543,0.12044011
132075.58,-1.41189,3.2167232,-0.34074888
132685.81,-0.27375707,2.18375,-0.0058695963
127373.19,-2.0424316,2.701546,-0.18931317
125753.23,-1.9298133,2.8336139,0.16906862
115538.25,-2.838711,1.2590702,-0.6800012
121745.195,-2.7539442,0.1648087,0.252932
131065.93,-1.6993688,2.4140031,0.17391878
120658.96,-0.12013288,2.5741634,0.0726126
130707.1,-2.447306,3.0549567,0.20810291
115197.44,-2.7192087,2.93036,0.06305055
126417.89,-2.8349159,1.6258594,-0.05428803
122442.34,-2.5864344,2.6757135,-0.052091513
132166.12,-2.286133,2.2486112,-0.19920123
124049.05,-1.2768788,1.2981478,0.19090626
127858.01,-2.2773948,0.8551982,0.021153133
115101.64,-0.99763507,1.513178,0.09669234
121155.766,-2.0544426,-0.47899592,0.39031458
115054.945,-2.1380627,1.223842,0.2839842
116876.83,-2.0696685,1.7359304,-0.33660436
120583.945,-2.0912611,2.5300324,-0.58556914
120484.164,1.2420288,0.06746173,-0.42799002
129118.88,1.2230177,3.1409519,-0.08395367
120048.51,-2.252587,2.631111,0.2251625
116625.9,-0.9772484,2.7421753,-0.26939738
123267.68,-4.2677474,2.290186,-0.29049242
122863.04,-1.6535275,1.4039284,-0.18420346
122863.8,-1.8184723,1.8266397,-0.23641895
128448.38,-3.4212494,2.961657,0.16408914
123911.414,-4.490774,2.536671,-0.7382329
115778.26,0.010942775,2.5601807,-0.060872514
119336.12,-3.4586248,1.923552,-0.11698575
124045.26,-2.1513193,2.4821699,-0.21084505
134865.25,-3.5119128,0.725211,-0.30113497
119009.94,-3.0763996,2.9295795,-0.33709756
120660.336,1.0931448,2.2385437,0.5003097
125785.35,-1.6616641,1.249193,0.26446736
122101.04,-1.3999443,0.5755306,0.18882684
123557.38,-2.2612057,2.8712616,0.5326027
128066.375,-2.6847744,1.6781683,-0.0027954858
127285.21,-3.5389862,1.027495,-0.045785055
120704.99,-3.482508,1.8539723,0.18481107
130286.83,-1.3878582,1.6314875,-0.15267804
119834.45,-0.44293112,1.8049299,-0.3156926
119733.016,-2.5825064,2.5169518,0.028308576
120394.484,-2.769945,2.9163554,0.6419935
116019.62,-3.5519888,1.840028,-0.10120397
120456.18,-3.0296738,1.8150666,0.36339736
131824.05,-1.6384372,2.7422733,0.106107175
123345.59,-0.93833405,2.7461646,-0.19686823
122071.99,-0.052585453,1.0115088,-0.24275014
127091.94,-0.9396676,1.3831648,-0.25415796
118807.7,-2.9671729,2.3086557,-0.11025883
117287.58,-2.1928985,2.7229748,0.5121246
125241.59,1.3040452,2.5656815,0.6473574
128223.64,-2.8353977,1.953107,0.0044648503
125403.984,-2.5933645,1.4034237,-0.4009524
116768.72,-3.3592257,0.7029623,-0.15329936
117021.53,2.2161944,2.548385,-0.07475607
116246.484,-3.3953598,0.73132086,-0.3444443
125448.61,-1.6254654,2.7675972,-0.06829764
131640.31,-2.1838322,0.47332513,-0.124856085
115367.914,-2.0268006,1.3114206,0.39747062
123318.914,-2.2628295,1.8105173,-0.66848135
118343.164,-0.6773251,0.6703654,-0.48546273
131988.7,-2.7255585,2.499951,-0.3284149
123074.68,2.7732093,2.3258836,-0.66132146
132017.58,-1.0167602,1.0123941,-0.22826819
119602.83,-3.9927926,2.9996529,-0.10477603
118506.695,-3.0561507,1.2848302,-0.29415566
120510.625,-2.1718395,2.3828013,0.1913461
134640.88,2.0022287,2.1579852,-0.2093676
125448.06,-0.1880037,2.164051,0.43140683
115801.72,-3.313259,1.8255434,0.0020713592
129460.62,0.29650947,0.2017836,0.25114465
121377.75,-3.029463,0.26652822,0.06344331
116484.51,-1.9032407,3.0218453,-0.30262557
131966.14,-0.9872399,2.1860478,-0.21627213
134957.69,-1.762934,3.1056159,-0.3129317
130692.37,-1.9523294,1.3473583,-5.989688e-05
116586.09,-1.0462902,3.1694052,0.014085898
119150.35,-1.7973858,2.1995437,-0.21903662
132292.53,-1.410822,2.7999976,0.10997037
134092.67,-0.4816078,2.609924,-0.037287448
129212.0,-4.7522755,2.393847,-0.10955229
125025.53,-3.375206,1.5432339,0.10061871
131525.02,-2.9709532,2.4619455,0.20334215
128124.81,-2.083274,2.6874292,0.15448657
117215.625,-1.7091806,2.1781855,0.5834001
115603.52,-0.057835214,1.9633193,-1.2798347
115579.5,-1.2108265,2.8654459,-0.23303492
129852.69,-3.2026203,2.1087906,0.008510423
132309.39,0.7847474,2.2063618,-0.2826605
119515.195,-2.3459504,2.175861,0.19466098
129232.65,-2.551826,2.7835724,-0.26039022
122041.76,-1.8237827,2.6067064,-0.47208753
132963.62,-0.41470888,1.5046211,0.71880096
118544.055,1.1892709,2.4466293,0.48615256
130770.3,-3.1981833,3.1162674,0.6301357
120640.85,0.77284545,2.0342615,0.35314396
117851.9,-2.460674,2.6731412,0.028158387
125014.19,-1.9227629,-1.120894,0.55723435
123213.664,-3.3049457,0.8837929,0.1069505
123091.234,-2.0715864,1.6620699,-0.30136833
118746.32,-0.94779074,2.5865757,-0.14030561
126116.445,-0.80503047,1.7116283,-0.8350671
119699.76,-2.2236266,0.8051001,-0.6965426
123513.17,-2.6483064,2.205765,0.30743042
129711.016,-4.258322,3.0382493,-0.029983602
126784.89,-2.5937278,2.6964622,-0.4303114
134428.86,-0.36730087,2.4357631,-0.043165386
115237.07,-1.4649734,1.8822552,0.26228246
133974.9,-3.1181707,1.2366959,-0.76364857
126644.74,-0.5058532,0.39779735,0.22854772
116469.52,-1.8914073,1.2940837,0.32127583
118546.836,-4.520275,0.2619451,0.5788586
124387.4,-3.3354154,1.4936543,-0.1783002
126661.24,-2.1461718,1.8021338,0.18368466
131291.02,-3.3313687,3.2462928,-0.61154115
117951.13,-5.405804,0.5774458,-0.55618334
124468.836,-2.1424017,1.7679263,-0.08175983
129049.33,-3.8567154,3.2261298,-0.13682802
129830.31,-0.92150885,2.2265108,0.06748889
124633.805,-3.447132,1.0324858,0.21917698
121272.85,0.009354035,1.5796933,-1.2872671
126892.72,-3.330639,0.9725382,-0.016024651
121514.37,-2.6538875,2.794036,0.23946981
129039.78,-3.9752417,2.340789,-0.0071468004
130669.0,-0.9809104,2.7231526,-0.7542254
117116.02,0.6534286,2.0635128,-0.48314014
127090.95,0.062499832,2.39846,-0.52869785
125925.94,-1.3247015,1.6597801,0.12435456
132435.06,-1.4603168,2.0742543,0.16668646
129315.8,-0.986177,1.3736088,0.59936124
123096.61,-1.9291327,2.529596,0.10991375
122023.91,-2.5440695,2.4007642,0.13114704
131471.44,-1.6465306,2.5519905,-0.22639978
128259.49,-4.1991615,2.270859,0.6612517
123747.19,-3.5369818,1.9574268,0.18440163
125371.57,-2.895704,0.37770024,-0.3415034
118716.67,0.27706233,1.6426193,-0.20296937
124961.49,-1.724124,2.7560232,-0.062181305
133098.17,-2.3116002,2.5936425,0.40283573
130463.305,-2.9462698,1.0784799,-0.1478708
123170.75,-1.1556686,1.5727916,0.022228299
120760.875,0.06919024,2.4996037,-0.03439124
125617.53,-2.5640206,2.6473396,0.08214961
126127.055,-3.0628479,0.2145845,0.02384462
129661.87,-0.31279296,2.833026,0.10387877
125504.984,-2.859451,1.2283084,0.21247092
134302.1,0.06195533,1.3745056,0.17452073
124730.9,-1.9687451,2.752221,-0.08939892
133709.67,-3.2371898,2.3495972,0.18542375
120387.695,-2.1771483,0.85093725,0.061337683
129711.68,-1.849736,0.07537095,-0.15627423
133446.62,-3.3327968,2.749231,0.05388067
121992.98,-2.4236784,2.3122978,0.11151577
120559.03,0.4449831,0.6687222,-0.79133165
117174.42,0.6006906,2.1463084,0.09626918
115502.305,-3.4041924,1.9619749,0.78639984
116982.32,-2.191383,3.2163768,0.30723673
121584.516,-1.9273407,1.9949961,-0.117739685
123616.35,-0.2350315,1.672593,-0.76084054
115639.95,-2.0044775,2.4759023,0.03911266
133377.83,-0.5072907,0.6553848,0.091082886
116951.69,-2.4278738,3.021859,0.06663245
130355.86,-3.0173342,1.4996406,1.2647083
119822.86,-2.9427586,2.0592928,-0.2135878
119405.695,-0.94847715,1.6498344,0.0015647687
122471.695,-2.7713845,2.9744651,-1.2842728
130926.87,2.2983198,2.3749404,-0.60494506
116446.86,-2.065847,2.8791957,-0.64637643
126373.16,-3.4543743,3.0328076,-0.26139146
133174.64,-0.70910853,2.7621496,0.56460255
126996.266,-1.3095239,2.7172492,-0.5381147
132829.06,-3.3119905,2.687828,0.48493913
115836.88,4.2284975,1.808917,0.07789485
118203.81,-3.6492062,0.8171677,-0.20460685
131056.234,0.38955182,2.005694,0.029629288
118936.69,0.33907655,1.1197628,-0.5270368
124459.08,-0.13139595,1.2411771,0.29927132
115571.125,-1.0008401,2.9252138,0.0677386
123270.07,2.6383963,2.817469,-0.44030792
120308.46,-3.2880614,1.5303184,-0.09372878
133127.56,-3.516434,0.22550157,-0.3011782
117270.98,-2.1212986,2.97463,-0.17510688
115419.945,-1.4478927,2.970545,-0.38560238
129363.3,-2.062432,2.3287466,0.115347385
128128.97,-1.4630141,2.5845206,-0.6449231
119730.47,-2.3624752,1.8469923,0.50502396
122296.61,-0.6009802,1.8671672,-0.779116
130107.25,0.9134474,1.8333527,-0.29123414
119161.8,-3.323986,2.8665748,0.2512847
126200.52,-0.6712767,0.6641258,-0.7096627
125354.42,-3.54916,1.4074175,-0.2531415
123445.06,-1.431736,0.013722891,-0.5155256
132228.17,1.9967507,3.160072,-0.20990668
129754.05,-2.060505,2.1106992,0.2306903
120712.53,0.68096995,2.026262,0.17765266
122433.41,-2.3845031,0.94620883,-0.66974306
122136.6,-0.9431788,1.094996,-0.32713023
129192.42,-1.5443554,2.3940217,0.16522926
130377.625,-3.2960005,1.4238665,-0.51937
118359.33,-3.7132833,2.418098,-0.15182517
122871.04,-1.3756641,2.9045882,-0.39263448
123613.77,-1.1152303,2.3340356,0.2188766
131757.84,-1.1676508,2.5395868,-0.10497539
127220.02,-3.0665581,2.989806,-0.27786013
123161.766,1.2344313,2.8718147,0.24963798
128693.445,-1.5260575,1.7109764,-0.408812
121142.99,-3.4062557,0.36305854,-0.028782388
130513.74,-2.9990473,0.83347046,0.32837406
134894.56,-1.873669,1.5100068,0.4450508
123238.78,-0.32435393,0.96260774,-0.10891666
128601.45,-1.803625,2.9432006,0.11174046
132371.55,1.7953773,1.3231846,-0.028374732
122439.945,-3.7347198,2.7679906,0.5120066
130983.516,-1.788632,2.4393904,-0.32439345
118588.0,-3.159841,1.6444113,0.008922251
122533.52,-0.791579,1.8194791,0.13302858
118115.56,-2.5799236,0.74995613,0.0643963
133506.17,-2.937167,1.8488121,-0.10521617
129404.52,-2.5399418,3.106484,-0.1272323
132058.4,-2.3452554,1.0180788,0.16784565
127807.03,0.38122272,2.618159,-0.09120775
122264.52,2.1490273,1.2178448,-0.3301516
125997.02,0.041925777,0.88163024,-0.04212747
122253.26,-0.30700797,2.9025955,-0.025794398
115693.875,-2.5525565,2.1032567,-0.23307097
118525.21,-1.5834993,2.6408882,0.113155335
116728.99,-3.582935,2.7289903,-0.32890686
121884.22,-3.5534663,2.489584,-0.0615281
132889.52,1.3095074,2.2442217,-0.08601758
120208.24,-1.828375,0.69722486,1.0951519
129637.71,-2.367733,0.81785643,-0.29682896
130748.33,-1.6949646,2.5480537,-0.3879217
131183.27,0.4326837,2.193072,0.058796983
119549.64,4.36717,1.3913907,0.14195292
121190.16,-1.626916,3.2781558,-0.7237709
122991.69,-2.5879517,2.496032,-0.26758975
115906.98,0.09401287,1.1524812,-0.37354615
134006.31,-0.7018533,3.0515118,0.093509756
124537.72,-3.2004488,2.8372748,0.2661105
131590.48,0.4874,1.507754,-0.48671252
116408.81,1.3961961,2.278674,0.83893687
134142.44,-3.5192773,2.5479052,-0.10976714
115656.71,-1.8642244,0.22128716,-0.034706518
125151.68,-4.0893645,2.077957,-0.13639979
124613.04,-2.2449973,1.7092553,0.36855206
126186.81,-3.188699,2.4535234,-0.48594666
131110.73,-0.6097467,2.23011,0.17163794
132948.19,-2.3796287,1.9219836,0.17525916
118510.83,-2.638421,0.5640596,-0.05978364
116448.92,0.089810446,2.7264018,-0.41150287
122948.17,0.27238047,0.89970976,-0.081064016
128126.97,-2.6463652,2.8653805,0.046189435
130318.23,-2.6008623,2.469789,-0.3715299
132397.45,-0.795218,3.2808747,-0.13557406
129428.28,-2.8684437,2.3659544,1.0829626
122365.92,-3.1679306,1.3207865,-0.8062701
116387.56,-1.8233315,2.6448941,-0.0063994303
133835.48,-2.174812,2.082086,-0.7120988
118818.43,-2.7159903,2.4555943,-0.5791429
124808.234,2.3716774,1.96367,-0.107566155
116775.07,-0.98707837,3.263181,0.3482181
125230.984,-2.3695772,2.7936447,-0.0913791
122864.18,-1.7168753,2.7676864,0.5261953
123336.81,-0.45883575,2.3195226,-0.12575275
130807.02,-0.39104274,1.9676037,0.55074346
120227.84,-2.5646873,2.8582375,0.12969582
131853.98,-0.3097219,2.7513478,-0.1826381
129255.18,-3.199647,1.0158364,-0.278013
134451.83,-0.38679004,1.7824298,1.2153896
121585.21,-4.094503,2.1180365,-0.31616464
120389.63,-3.3215656,3.2048047,-0.38191888
126185.34,-1.1105419,1.4446718,-0.111555405
115088.055,0.76071966,2.1788902,-0.24536593
124128.3,-0.43657514,1.066759,-0.05123448
122751.23,-4.14208,2.7036576,-0.06911772
116649.83,-3.179605,2.738479,0.6054576
124389.305,-1.5355936,0.07038351,-0.21409558
116633.85,-1.692023,1.1146606,-0.4828943
134906.89,-3.348446,1.9586104,0.10058772
128698.99,-0.56733495,2.60984,-0.4598969
115697.68,-0.31359437,1.7655482,0.34335542
125932.234,-1.6209165,0.79142135,-0.058319595
128950.77,-2.9214897,2.264006,0.6696152
131767.4,-1.972568,1.7409608,-0.009888349
129966.164,-2.3275502,2.6646724,-0.51617193
121343.33,-3.7301362,2.9199128,0.11859076
120144.19,-2.2042646,0.5612174,0.19645134
118448.93,-0.5576262,2.9555125,-0.18898717
115990.61,-0.71274304,2.5766847,-0.3424656
118637.72,0.6263901,2.7172933,-0.20385769
117128.63,0.33595935,0.82305306,0.4432235
115647.45,-2.6451085,2.4584692,0.053883053
128875.26,-1.6373467,1.0602013,-0.19765285
117167.29,-2.9621198,2.2929168,-0.11032409
115806.13,-0.037130628,2.607308,0.3392145
131681.38,-1.4222159,2.945224,0.3158142
115909.15,-2.250792,2.6789289,0.054413483
115152.63,-2.011174,0.8807537,-0.22730121
129824.65,-2.0900583,2.3250496,0.4964918
120744.38,-1.5725008,0.34975314,-0.19603653
118085.53,-0.15888532,2.4095354,-0.12212199
128946.46,-0.5194544,2.3463433,-0.009184486
124194.164,0.8738305,1.7927146,-0.296722
122351.42,-0.90782183,2.0288777,-0.1791757
118567.79,-1.0704781,2.7839346,0.050150376
131228.7,-0.5851121,0.4511857,-0.23136048
123147.76,-2.9985964,2.6070218,-0.23995197
117971.54,-2.2416143,-0.6227799,-1.4562967
127063.44,-0.61931396,1.9562465,0.2887998
117593.3,-0.17741533,2.0350661,0.6718383
126116.055,-4.178688,2.3040452,0.16618106
127131.54,-4.0761204,2.62642,0.07728039
127699.0,-3.1719627,2.7447095,0.07725416
124480.26,-1.3028201,2.5902712,0.02470344
116571.88,-1.8838042,1.1451825,-0.63729775
134844.44,-1.7567935,2.1474314,-0.33869034
130931.89,-1.3917657,1.5089828,-0.6750861
132778.44,-0.6502684,3.0168543,0.34836233
131276.11,-2.474599,0.08572495,0.19381945
129182.664,-1.549105,2.0873704,-0.59622246
134192.89,1.1655517,1.7934978,0.039563827
120483.664,-2.8408732,2.6848433,-0.5048076
116645.83,1.2529299,2.837309,0.38387313
134052.33,-2.7219481,2.3903832,0.51484406
122822.76,-1.3884075,0.6665476,0.1458483
128887.37,-2.8581285,1.0939335,-0.13066876
121975.12,0.12908396,2.9726684,-0.18352225
132021.62,-0.46967554,2.3216043,0.41385436
119094.15,-0.34907532,0.5417552,-0.21618453
127743.08,-3.1823237,1.5698433,0.2914162
119220.414,-0.5209874,2.435884,0.19650675
124505.33,2.3291516,0.8903278,0.25289685
124799.5,1.1389925,2.2302608,-0.43289977
126828.52,-3.5497456,1.519335,-0.43774307
121368.0,-0.22843099,0.27741012,0.47350627
115394.17,1.1531621,1.7362137,-0.69372326
133262.25,-1.1022335,2.797949,-0.10141495
116282.7,-2.6756003,1.4553183,-0.06834889
134331.31,-2.8797228,2.702318,-0.6789213
133989.14,-2.01917,2.8809993,-0.22498281
122265.42,-1.0122595,2.2811773,1.2547863
127364.17,-3.01171,3.091051,-0.67437893
125925.234,-1.4294509,1.730961,-0.29806802
131447.66,-2.6323168,0.9170874,-0.26873404
122502.22,-2.3725085,3.2659388,0.015068088
122630.01,-3.7771487,0.18303142,0.11474484
120037.37,-0.074250236,1.1494629,0.589152
131443.88,-2.4900696,2.136288,0.07827569
125402.74,-2.818616,1.0804747,-0.014858002
129678.516,-0.66201425,1.582629,-0.30478483
121573.664,-1.0273944,2.7934656,0.21422671
117223.32,-3.4226277,2.6466181,-0.029945161
123917.33,-2.7272031,1.0078357,0.11341161
134422.11,-3.2815034,1.8823133,-0.499894
118030.72,-0.21355234,0.54329556,-0.34903133
119086.61,1.4243244,2.047177,-0.23665197
134333.05,-3.0938017,1.1061629,-0.22788468
123528.76,-0.5233421,2.8316813,0.0084466515
130763.3,-3.5552084,3.105531,0.055841472
122421.04,-2.1448936,1.7875229,0.20893194
131893.38,-1.5723468,1.9758356,0.15698734
120211.4,-0.7682969,1.0073664,-0.014736122
126180.82,-1.769136,-0.58697,-0.23230125
132687.56,-0.5029054,3.3475254,-0.6014028
122077.86,-1.6869355,2.509425,-0.10203895
125610.47,-4.0722775,0.04070013,0.1491328
131283.92,-2.2001762,2.6455462,0.20089443
130745.71,1.0785916,2.3045988,-0.3170777
115684.37,-2.2616012,1.9041537,-0.057414882
117881.586,-2.4049585,3.1417313,0.2933478
128717.22,-0.46068072,1.105349,-0.083677135
116482.664,-1.1586815,1.9875039,0.07462525
126523.96,-2.7897234,0.4771915,0.16725801
119911.45,-2.874191,0.6041285,-0.094963074
128286.05,-2.2488577,0.97421736,-1.3851279
123553.55,-3.9747922,1.1503799,0.087999836
129068.555,-2.4838274,2.929602,0.21416412
116671.38,-2.3680718,1.0186903,-0.17717437
116249.75,-3.6757412,1.9926729,0.02297686
115305.61,-2.2849603,2.1648269,-0.1796209
120428.12,-3.8724866,1.3157347,0.019493306
120207.03,-1.873016,3.1038184,-0.047848072
132690.42,-3.494923,2.6874511,0.08967934
124669.63,-3.1217175,2.567996,0.35793152
121398.945,-2.12231,2.0591733,0.0104801655
128310.125,-0.09593879,1.2603375,-0.7999756
132434.5,-3.9163256,2.5129771,0.052688096
128743.04,-1.0508903,1.4848038,0.23949365
115916.02,-3.0588624,2.6369529,0.49209696
124719.81,-1.7677932,0.28810844,0.044989113
133582.44,-1.9436945,3.0483835,-0.03322787
115081.02,-1.8288599,0.6337957,-0.36180994
117073.95,-0.23184541,1.1043401,0.03453785
124649.266,-0.39800078,2.6321304,0.0026429126
116396.21,-1.1318355,0.57957006,0.26454544
120443.25,-0.96367294,1.1772766,-0.25963807
118434.6,-1.0164062,1.7529945,0.12140501
118060.54,-1.4637051,0.38839582,-0.40199894
126432.64,0.73416126,2.8989303,-0.33307135
127947.53,-0.88880104,2.8418238,0.13624752
130103.5,-3.4143217,0.12607162,-0.3839253
121717.09,-2.1839402,2.435976,-0.6300821
115092.55,-1.018889,2.5352428,-0.09955219
125291.1,-0.005297635,3.0040584,0.32590368
120436.58,-2.8127394,2.9625218,-0.025271418
124126.45,-0.038992137,1.3567415,0.00035133542
121084.31,-3.1921825,1.0250938,-0.4614414
121317.09,1.189016,1.119178,0.06679635
131471.81,-1.1255084,2.4858277,-0.12823713
125587.22,-1.4539185,2.6903446,0.040210474
117728.664,-1.938341,2.4986937,0.43731666
124664.914,-1.1413776,3.0739233,-0.106001385
130306.2,-0.5351355,-0.19956921,0.08057799
130260.77,-0.6496305,2.9225814,0.18925834
121309.37,-3.296572,2.3967175,0.11359219
121716.29,3.4972317,2.4037755,0.6291935
122749.914,1.553437,2.5279624,0.12590949
129970.914,-2.9566772,2.5631816,-0.25989017
120536.805,-3.0305634,2.0395415,0.045175657
118155.71,-1.5777296,3.3578615,-0.11279238
118434.74,-1.7264625,2.1426153,-0.03167204
116632.65,-4.0695853,2.9132195,0.10844166
131272.58,-1.0740124,2.7364373,-0.03478042
121471.836,-1.3238177,1.1566651,0.0746628
121123.71,-1.4843366,2.463449,-0.002992162
125444.164,-1.8069447,0.15091918,1.0040026
128803.48,-3.4770422,1.4740173,-0.23144512
122911.336,-0.61007804,0.5945801,0.20094569
133469.19,0.45047083,0.51208484,-0.48353857
128131.47,-1.8601009,2.680984,-0.24898656
133433.05,-2.6703634,1.1345762,-0.03135646
121494.0,-2.0071628,0.1278175,0.6506032
119323.65,-5.1246514,1.402019,-0.4917206
129850.484,-3.2688048,1.4292415,-0.37436682
123604.94,0.47122192,0.83653045,-0.26964802
134693.62,-0.80992377,0.931174,-0.5347346
116188.99,-4.302525,1.8244466,-0.11250243
133218.36,-2.890709,2.7920442,-0.35901296
121525.875,-2.464075,1.881545,0.119312495
133881.38,-0.6361092,0.69266593,0.26366517
116715.375,-0.06267445,2.9251912,0.06686131
129385.9,-2.2954824,3.4278219,-0.08966682
130198.32,-2.9738085,2.3350732,0.31174478
133575.31,-2.9383574,1.8261834,0.13108149
124047.63,-2.694739,3.1735835,-0.16826792
126370.664,-3.6252754,3.150071,0.08564926
120075.43,-1.8373857,1.5393375,-0.24517104
116690.21,2.550568,0.90001154,0.37714085
116025.086,-1.7377834,1.2782396,0.13283905
115041.16,0.31464377,1.8635783,-0.022118337
115051.19,-0.32714084,2.0430882,0.6703268
127677.72,-4.19344,2.7711341,-0.12632222
116996.85,-1.8094231,1.4471006,-0.22201419
121341.99,-1.4546988,1.8216758,0.38849503
123075.55,-0.8517958,2.1070077,-0.17628069
115670.98,-0.65508276,2.4201136,-0.08199197
131603.62,-2.3562677,2.8429046,0.1285241
128078.06,-3.1845958,2.404132,0.28211936
132239.05,-2.8572369,2.851193,-0.18907031
133276.36,-2.0414147,2.9174051,0.19926739
117747.086,-2.384969,0.6364664,0.3594525
130447.05,-1.3316565,2.9656732,-0.17154942
134706.33,1.1489948,1.8821425,-0.21876962
116161.234,-2.86595,1.6548449,0.34794158
127041.13,-2.385618,1.8494607,-0.005099877
117647.9,-4.5958486,1.975622,-0.2365152
128333.46,-1.857751,2.0317442,-0.2345526
120502.83,0.2252077,0.0967148,0.7748162
118906.87,3.032066,1.3128173,-0.3122025
123635.07,-3.0568326,2.7116282,-0.115687095
132828.86,-2.449486,1.3672433,-0.10065924
124745.95,-1.9046675,2.2660055,-0.47370505
134477.58,-1.9991292,2.3367448,0.40411112
126113.31,-0.57449204,2.5461247,0.19623558
115881.39,-3.427019,2.1499865,-0.03689946
117195.1,-0.2189192,1.6926676,0.6409583
124057.086,-2.8485358,3.198644,-0.043458913
116972.34,-2.8162503,2.6915767,0.3050435
120598.29,-1.6707168,1.0454371,-0.21573634
126685.875,-3.3390636,0.70303595,0.41465595
132312.31,-2.6993053,0.03236302,0.21292089
115449.516,-1.0130575,2.0624206,-0.075706676
121453.43,-3.673191,0.49566823,0.20613973
125304.6,-1.0887153,2.6980143,-0.3498827
134484.23,-1.406934,1.4196905,0.62306136
123227.695,-0.61748683,2.9644783,0.37453398
117061.945,-1.4701519,2.4420602,0.114388436
134956.58,-1.2589585,1.9762932,-0.08740415
134543.02,-2.8388698,2.549917,0.23842683
118235.55,0.41721648,2.9981954,0.16984221
119432.44,-3.2958474,1.6862149,0.46489424
117984.77,-0.56257117,2.7601128,-0.12253858
119038.14,0.61262214,1.1228856,-0.020438543
120643.79,-1.8983791,2.3799772,0.121771544
115702.125,-2.4415169,2.801354,0.36986026
115564.62,0.16630827,1.3020439,-0.40373448
119746.15,-3.2826953,2.4399018,0.29251757
118222.54,-3.357741,1.0403018,0.7740408
130053.96,-2.6422184,1.6630054,-0.24542344
127447.77,1.070197,2.3926532,-1.6830403
131434.14,-2.1612916,1.8020922,0.52263904
134642.94,1.5050054,2.4908235,-0.2184451
118917.85,-3.0124843,3.0166414,0.14037058
115764.734,1.0723206,2.3902664,0.120500304
131736.73,-2.924265,1.11641,-0.17039888
117423.086,-1.7575564,0.6554006,-0.03996254
119708.125,0.57036436,0.78044367,0.22787663
130799.17,-2.028517,1.1889441,0.07519085
133193.75,-0.7311632,2.8198035,-0.6213413
126068.34,-2.1703763,0.69217175,-0.30410242
117386.09,-3.3125973,1.2727451,0.29659474
129688.27,-4.120163,2.021892,0.14248633
116637.19,-4.2046084,2.5735908,-0.12676772
116399.875,-3.8373141,1.624581,0.10475428
132519.83,-1.8929482,2.8751051,-0.37867343
115094.71,-0.07069977,2.8187947,0.03560944
129043.99,3.2349365,0.41669703,-0.26816994
119296.51,-0.8305402,3.2346334,-0.061818346
131488.17,0.6332141,0.39987257,0.4199221
121606.72,-3.7080407,2.7488978,0.54390687
130386.22,-5.4314613,-1.1161267,1.5903012
118471.52,-2.4621902,2.903306,0.0888819
132633.4,-1.316514,1.5152676,-0.18252903
133569.08,-1.5259421,1.5766244,-0.5374011
116032.586,-3.8925323,2.4460657,-0.17656885
132225.92,1.4240152,2.4302037,0.112797745
122955.35,-4.2956643,3.0134428,0.5420724
117608.64,-0.9464834,2.8799496,-0.10204342
133102.86,-2.5456698,3.1091306,0.1476756
115700.43,-2.423842,1.90017,0.18717536
116504.64,-2.5141447,1.8117334,-0.21562935
127068.58,-1.4291949,2.6354623,-0.4727607
128183.79,-1.3065765,1.3263983,-0.23017298
131383.78,0.67709816,0.77054733,-0.2138709
126161.4,0.3661998,2.5434096,-0.15941837
123964.3,-2.8250668,3.0957048,-0.18085848
132916.98,0.0054398743,3.069696,-0.61473894
117822.08,-2.8970346,0.6069447,0.16098702
121985.49,-1.908342,2.833874,0.09071278
133703.61,-3.1779594,2.1814709,0.0026619842
118507.1,-3.3902688,1.8976309,0.03352586
118666.01,-0.28376204,2.8868127,-0.37589493
133502.56,-3.54605,3.0073643,-0.9654715
121904.54,-3.3348677,2.7872696,0.17438187
115211.54,-0.00089373055,2.5988095,0.31467646
122810.336,-1.6116682,0.7772429,-0.06715781
133235.47,-3.5654118,1.9547601,-0.33125776
116763.375,1.8343583,1.485577,-0.48468196
124165.33,0.4480359,2.1897423,-0.08359131
118905.734,-4.212869,0.6941922,0.14841343
130159.92,-1.9547491,2.9014683,0.025062822
126683.555,-0.13182817,3.2570722,0.0005152323
118869.9,-2.1558106,2.55033,0.087505765
121919.36,-3.6904624,1.2357092,0.26404423
121045.94,-3.7079265,3.2463176,0.21632816
119980.164,-3.1361673,1.5882628,-0.2187887
134070.52,-0.46224672,2.7084475,0.015591962
133613.66,-0.8660073,2.782852,0.033906102
125615.81,1.025881,-0.21705765,0.45746046
115659.414,-2.6843057,2.8763645,-0.031070687
124275.53,0.2000293,2.256139,0.07101535
115717.26,-2.626102,2.5473046,-0.08018404
116578.96,-0.91745967,1.9979663,-0.12013824
128577.7,-0.6170984,0.66690916,0.45227
128490.99,-2.5687563,1.2338187,0.16423695
121672.32,-2.0568845,2.361582,-0.79889715
121679.21,-1.9140005,0.012764683,0.055548843
129235.08,-3.0819452,2.9933996,-0.1369928
125081.37,-2.118705,1.8449208,-0.36649737
116127.53,-1.2138972,1.8857188,-0.20683673
118827.22,1.523287,0.714911,-0.09499526
117117.945,-2.2343202,0.6692767,0.09649685
134647.94,-2.7494333,2.045041,-0.280405
115603.945,-2.7474208,2.778625,-0.21500565
116795.46,-3.8012843,2.5682034,0.16810313
117368.25,-0.96892756,2.6731913,-0.6847617
122947.77,-2.8745885,2.6030152,0.14584532
122601.58,-4.6304173,3.033043,-0.5627339
115451.555,-3.3923903,2.9897604,-4.7679107e-05
121299.57,-4.3174887,0.9144971,0.16505761
116991.56,-3.162204,2.6831305,0.38810465
117144.62,-2.235999,0.7716855,-1.0732945
134084.48,-2.1021538,2.554179,0.089878395
121471.586,-0.932598,0.44274718,-0.32617843
125684.984,-1.4481982,3.1760066,-0.010854149
128035.695,-3.1125019,1.8112955,0.096586846
121481.74,-1.8006717,2.1715853,-0.37007213
133043.7,-3.748,3.0727983,0.13731076
120829.79,-1.3713725,2.9097748,-0.11248932
120921.55,-0.90346754,2.769356,0.24056405
123932.22,-2.7319624,2.7796326,-0.43425953
116484.26,-2.3070362,3.3110507,0.4819729
130913.3,-4.10505,2.9892678,-0.10635033
127619.516,-2.7036834,2.7150338,-0.18418707
129310.48,-1.0723485,2.576787,-0.13838324
117788.37,-3.6674948,2.7728443,-0.42611802
124962.8,-2.0593655,3.2642295,0.0010081151
129943.06,-1.7242955,2.9023864,0.53416246
134507.73,-0.045116,2.938402,-0.72557676
128456.61,0.6480318,3.0427048,-0.53920066
121791.74,-1.2883469,2.627732,0.11540996
128625.78,-5.4360824,1.5821953,-0.22111008
126000.07,-2.4485104,2.0058563,-0.29966497
127351.76,0.9142147,1.1846496,-0.52011114
115368.71,-4.2255573,2.7486613,0.44247136
120606.77,-2.1726727,1.833578,-0.25145158
122594.18,1.1293706,1.7625101,0.16165869
124109.95,-4.8739157,2.1748765,-0.1039041
115179.29,-2.6219585,2.673447,-0.22631037
133505.08,-1.5328381,3.0782661,-0.029889436
118594.91,-2.0074806,-0.5227535,0.21901129
130539.164,-3.8429234,1.2279601,-0.19846906
123881.75,3.1299424,1.6517687,-0.7160082
121798.41,-4.509524,1.5793656,-0.0686603
119413.08,-1.063428,1.2086661,-0.2245242
128792.63,-2.2432716,3.0546606,0.14414258
130014.32,-0.6999305,2.6293018,0.97983336
134293.33,-1.861994,2.8298225,0.1812405
120739.44,-5.24135,0.2351567,0.1800682
127363.28,-3.3108835,1.2613283,0.016367344
120880.53,-1.8542677,1.7728407,-0.0694324
117759.79,-0.16294825,1.4195392,-1.4021573
118576.625,0.083783366,2.0183945,-0.024406638
119645.66,-1.7149025,0.86882323,-0.5023372
124881.37,-2.7193198,1.2688067,-0.0827602
118594.945,-3.6958501,2.6933725,-0.14761065
126040.02,-1.4870429,2.4220018,-0.030791167
122843.59,-2.519723,1.3509233,-0.0781249
119549.12,-0.07993877,3.0947096,-0.956473
117716.7,1.3815066,1.0574266,0.3021589
116444.58,-2.3137836,3.1429417,-0.12100987
127519.71,-2.066809,2.7271416,-0.7276708
116269.586,-1.2607917,2.2069647,-0.3066166
119932.41,-1.4611747,1.6967912,-0.27964482
120159.77,-2.7548957,1.9111028,-0.079000406
121254.164,1.2107741,2.1695077,0.40825444
122366.12,-1.965559,1.2926807,-0.6256137
124334.62,0.0853473,1.7315767,0.046988655
125333.31,-2.8758645,2.7380292,-0.08034526
133237.39,-2.3385975,2.729749,0.3589179
131123.47,-3.139602,0.41784367,-0.31934363
123815.25,0.019271173,2.3309844,0.015823802
128222.13,-3.259419,1.5842009,-0.15928964
119055.305,-2.9992647,2.9041317,-0.06667148
133960.16,-1.0268123,0.7046314,0.15498959
120504.15,-2.5444658,2.6882806,-0.28727913
131052.0,-1.7428489,2.4621778,-0.21186063
133108.73,-2.7072883,2.0084243,0.34114134
119677.86,-3.3445601,2.5516067,0.23876952
121331.82,-3.5158892,2.6916285,-0.06876549
117671.33,0.48408958,2.4713295,-0.44428048
123161.086,-3.5442977,2.0103037,-0.12877353
133118.98,-0.49222407,2.9254432,-0.91293097
131779.66,0.16649562,1.7065974,0.37630647
122967.58,-2.1447144,1.9706966,-0.045381274
134684.16,0.4802708,1.8881004,0.08921208
117587.39,-1.6665664,2.551613,-0.033626884
128197.414,-3.9759846,1.6354055,0.4123328
125572.36,-2.622536,2.7016027,-0.4995787
115913.305,-2.7253146,0.7396265,0.09104594
119140.04,-0.38033658,1.3810272,-0.15965617
127719.38,-0.721079,2.9670875,-0.41017413
115145.34,-1.7747016,2.7745998,0.3057384
131349.05,-3.6142669,1.412236,0.06303267
134146.64,-1.1637721,1.2648779,1.0053089
115645.92,-0.07915146,2.6388783,0.006577035
124035.445,-3.783546,1.8515586,-0.16352056
120680.32,-3.010538,2.2812407,-0.23985273
126657.21,-1.7188447,2.4512022,-0.40922233
120526.89,1.6710382,1.2565347,0.21826631
130152.13,-2.0124094,0.44011816,-0.22400092
122028.31,-1.8863845,1.1079887,-0.15202871
129580.516,-1.608168,1.7734689,0.9508808
122524.34,0.8357496,0.62657154,0.1576316
120435.125,-3.033717,0.44949612,0.42517695
117971.25,-0.88381475,2.6774008,0.18884115
124088.164,-2.597392,2.697468,-0.14551365
125341.79,-0.5460859,-0.07282042,0.48335618
120223.49,1.5351504,1.9040716,-0.11070612
132653.31,-2.4343545,1.7480265,-0.37285003
119879.305,-2.4556856,3.1998215,-0.5189189
123903.18,-2.9570868,1.5308286,-0.28572658
129106.75,-2.6713088,2.8818767,-0.10947928
126958.97,0.42016736,1.7389507,0.048937537
116698.94,-1.5759043,2.703403,-0.73054165
117307.64,-0.553482,1.2960747,0.06383428
129307.67,0.20960064,3.0097919,0.0013049176
120611.664,-1.6293647,2.5808425,0.23454218
132710.08,-2.1003163,0.31060347,-0.35857162
126966.414,-2.3475225,1.6762165,-0.034241647
131785.66,0.6738105,0.016696272,-0.23276344
122307.805,-2.5814648,2.5591407,0.0014783504
118560.17,-1.7658869,2.2210991,0.036989152
128627.695,-2.551343,0.83323956,-0.36005384
120368.414,-2.9262822,1.4476144,-0.119635224
125350.81,1.172665,2.50649,0.27012032
123300.4,-0.5644282,2.499611,0.059342906
129456.24,-2.593645,2.487203,0.045838397
123397.97,0.091594465,1.8976108,-0.14210519
117399.47,-2.8547595,1.2282535,0.16705596
124528.234,-1.7410842,2.8326428,0.25767964
121185.65,-3.5432339,1.0082123,-0.14065188
134854.44,-2.9748297,2.5451705,0.5941827
129420.44,-2.59327,1.8792833,0.0831324
118251.86,-0.59499484,0.5543576,-0.5420021
115906.695,-2.5984015,1.2023655,-0.04628628
130527.52,-4.1845393,1.9389122,-0.56924266
130028.39,-2.1871505,3.0328782,-0.10894259
126216.914,-1.0692685,0.57550174,-0.14901955
121952.336,-2.6689866,0.077770576,-0.16852866
125119.44,0.094786756,0.92697525,-0.106840834
115676.12,-3.481762,2.299254,0.5833393
119581.63,2.410064,2.673763,0.07697464
122598.836,-0.259114,2.8156514,-0.016177224
127195.23,-1.9164878,2.6734045,-0.295426
128688.92,-2.5648324,3.0336015,0.1909587
123179.76,-4.301575,2.594578,-0.13606544
121544.984,-2.758417,0.6374191,-0.09760629
128458.27,-0.95521784,2.0400167,-0.6875062
127696.445,-1.1527733,1.7105738,0.44709623
120936.62,-4.6191416,0.9158671,-0.23472604
119613.37,-2.7753356,2.218252,0.86536896
126443.625,-2.0297744,2.6168504,0.048458364
123647.09,-1.110491,2.990711,-0.22235122
132222.4,0.6603408,2.696172,-0.47896197
131326.39,2.559936,1.3184361,-0.14207777
116614.48,2.35735,2.5450287,-0.23412646
125274.875,-1.7743361,0.44989458,0.12528907
128607.35,-3.1808252,1.3425447,-0.013112052
120235.42,1.7130004,2.6818728,-0.86739117
134269.75,-3.1440613,2.5050344,-0.569878
117439.11,1.6578873,2.1358676,-0.8144965
125466.58,-1.7931631,1.574323,0.09955547
116354.625,0.4846661,2.893455,-0.33433485
124178.945,-3.5390654,1.6011039,0.22287032
124705.336,-1.0096934,1.1795774,-0.41491222
123941.74,-2.0081506,3.0515645,-0.16109966
115705.9,-0.5304372,1.8872509,-0.2167066
124976.42,-2.9611728,1.7282093,-0.8479214
130368.07,-0.377415,1.5805249,0.24887034
117425.56,-3.02475,2.7167122,-0.34391806
128445.88,-3.0291646,2.8963263,0.290732
128711.92,-2.2426722,0.18855716,-0.29329953
120021.59,-2.8053396,2.7520545,-0.20932677
118988.664,-1.3746113,2.8926785,-0.30347365
119423.48,-5.0235076,1.8113154,-0.046262145
132503.12,-1.0583367,2.7331893,0.110650994
131351.48,0.451119,1.092965,0.48073384
127175.7,0.7328153,2.1149905,1.3807497
122328.23,1.1726313,1.1331967,-0.087375544
132830.34,-1.9564526,1.531974,0.16591585
118483.23,-3.6919186,2.1008766,0.07894677
132968.38,0.2235487,2.8194973,0.35317257
133578.5,-4.689617,2.2197502,-0.6680132
130275.0,-1.3131117,2.7082493,-0.13084368
132901.86,-0.8712967,2.01304,-0.52665925
118641.914,-1.6884058,0.7281936,0.051283944
122248.81,-3.0056505,2.6796284,-0.3218003
124179.22,-1.88719,0.55011654,-0.5833807
125756.43,-1.6367947,2.602366,-0.4670675
127660.62,0.7230762,1.3466022,0.1208126
121753.99,-2.061111,2.870449,0.7147232
115857.71,-0.55349886,1.9832983,0.07438984
117663.54,-2.7578561,1.9751034,-0.38998738
126298.53,0.45494258,1.011931,-0.07470601
128152.83,-0.8346124,2.6118624,-0.2092344
117437.92,-0.48921052,2.2628722,0.31013262
128185.336,-0.5925723,2.7561119,-0.2907293
125545.22,1.771884,0.70126736,-0.03333425
118926.89,0.12301934,1.065494,-0.1611241
115413.1,-0.916848,3.028617,-0.18849637
131647.86,-2.4994454,2.746093,0.1303818
124614.69,-0.9162436,1.636468,0.26568973
116480.33,-0.85472775,2.3358066,0.24566154
116490.86,-1.4407611,3.081068,-0.2331559
120999.414,-1.2110754,3.017238,0.18897048
122707.19,-0.86160445,3.035398,-0.30278707
117947.36,-3.8474596,0.9938333,-0.06976675
125812.55,-1.2605182,2.266886,-0.3080851
120079.35,-3.0011423,1.1159431,-0.27583376
121132.56,-3.3932397,1.9967072,0.15376364
124274.12,-1.304756,2.595522,-0.17227952
132327.12,2.8536348,1.1763737,-0.043559037
127392.5,-2.361511,2.6504765,0.17430736
129979.81,-0.6781934,-0.21345349,-0.18981798
125447.76,-2.610375,1.0807707,-0.49914393
127372.61,-3.5298939,2.63999,-0.54281116
127229.18,-2.7353938,3.202791,0.6589131
117070.78,-0.33677453,2.478389,-0.22533354
129299.88,-1.0910863,2.4366076,-0.013610598
117907.484,3.0405557,2.8778605,0.21907209
133768.06,-3.8970137,1.7600555,-0.36554798
117866.4,-2.6902554,0.963974,0.1689238
115813.7,-4.126066,1.0652128,0.12495413
116723.35,-2.3090103,1.8306632,0.14319317
121801.695,-0.942822,1.8542397,0.2056075
128524.18,-2.1950514,1.5956683,-0.15750465
124998.8,-0.5788302,2.4018826,-0.07379057
134338.27,0.8668838,0.8713786,-0.44531363
122660.37,0.6747893,2.3147943,0.4940983
118961.99,-3.954844,1.9695389,-0.052336164
129177.62,-0.2609235,1.9639801,0.10464641
120858.375,-2.5177321,2.3622978,-0.30462688
125164.305,-1.6201471,1.25421,-0.14879368
128180.16,-3.142488,2.6020362,0.7818566
118996.234,-0.522614,2.9525323,-0.029371224
122081.37,2.3263855,-0.7499471,0.54922724
127825.3,-2.2475004,0.102030605,0.25762364
133422.11,-4.750404,1.5051367,-0.4630863
128355.73,-3.330852,1.6173395,-0.058845554
126074.51,-1.8034312,2.5517693,-0.04813921
124805.586,-3.206805,2.7766252,0.021280676
131194.23,-3.7124877,0.3013685,0.26741633
126088.04,-0.64927816,3.1499846,-0.42028597
130103.21,-1.3097677,3.0630422,-0.048102558
118950.51,-0.1591102,2.9502585,-0.48677775
126204.17,-2.9696443,2.537276,0.579938
128319.43,-1.4708538,1.9950861,0.294091
120474.57,0.86824495,3.3581889,0.241995
120605.77,-3.2337341,2.4638312,-0.1463403
120595.35,-1.1793854,1.5052999,-0.4027624
121406.625,-1.7717324,3.020503,0.37484688
124107.48,-0.16862887,1.926384,1.0282444
121001.516,-2.9275258,2.1179974,0.1857122
127245.67,-0.14575006,3.0248253,1.2660958
126370.35,0.35894802,2.7862103,-0.25736168
115534.17,-0.71480155,1.279426,0.0048266156
122665.98,0.7104097,2.6638954,-0.28552037
123116.445,-0.899801,1.372151,-0.07477932
132126.38,-1.9742362,3.3696764,-0.00013588545
132672.64,-0.35546643,0.5643572,-0.117826104
132303.9,-3.1387017,1.3386385,0.47461185
116121.375,-1.0197996,2.117365,-0.541694
116354.37,-0.5395925,2.3671958,-0.25818118
115791.69,-2.0584745,1.0719674,0.0006672095
121379.78,-3.620158,1.8114904,-0.29828557
134732.61,-1.9286078,2.920305,0.0103156725
117989.71,0.6462016,1.1376921,-0.53567773
123098.25,-2.1191502,1.0806744,0.47670615
120634.4,-0.6572646,2.211662,-0.3781457
127810.375,-0.09363575,1.8664408,0.15480363
124597.055,-2.7083707,3.0654833,0.0657331
124363.25,-2.4490373,3.6694202,0.5938847
121942.63,0.5748643,2.223161,-0.50520396
133683.84,1.1833953,2.118613,-0.8946588
115561.54,-1.3047054,2.4672108,0.65833974
126895.05,-2.2500455,2.0614638,0.5899559
123811.23,-2.9523654,3.0445242,0.047247313
116209.74,-3.4510534,2.3990536,-0.17857376
119851.63,-1.2993516,0.6696935,-0.039572764
128817.98,1.4444996,0.9484612,-1.0485756
115735.0,0.46664202,1.5042928,0.21698256
117493.02,-2.4871705,3.0863657,-0.5908571
115966.03,-3.4151046,0.66884077,-0.036629178
134982.27,-2.0973115,3.1466975,-0.3891831
123230.375,-1.3086725,1.148248,-0.09924228
118877.55,-3.645561,1.4389387,0.14827517
132694.55,-1.4327533,2.6176329,0.5852876
134949.84,-2.332871,2.0574186,0.52739024
118680.55,-0.7347364,1.2743921,-0.6940785
115537.32,1.8429395,0.8899108,0.09232135
121417.984,-0.5128904,0.5027219,0.32705632
123743.234,-1.5460712,2.9426887,-0.48772806
115205.96,-2.575293,1.6583,0.6364264
120103.05,-2.0490828,2.651206,-0.15565291
119388.164,-1.3919996,2.618682,-0.16757448
128112.9,-1.6265864,2.881472,0.03304967
128910.055,-1.7247673,1.6424611,-0.09162434
128293.61,-0.7019694,2.9866145,-0.141244
129012.234,-3.5719244,2.9004273,-0.1632029
132742.88,-2.269696,0.81251633,0.06913858
118369.89,-0.814048,2.4615378,0.23219994
116561.51,-1.8167173,3.0547056,0.21812804
127455.35,-4.8051057,2.1064062,0.15692535
125993.13,-3.7811973,1.9767565,0.4923717
126760.44,-2.719759,0.8085515,-0.010991822
122642.24,0.9740571,1.3015063,-0.037595276
123233.01,-2.7930562,1.7515612,0.033718366
133012.39,-1.6393763,2.0330317,-0.12216788
131209.73,0.3306469,3.0057347,0.5242935
130841.48,-3.6785996,2.8876114,0.14447813
120319.26,-2.433077,0.5846256,-0.26744643
116583.4,-2.012159,2.3181145,-0.2841356
116347.44,-3.3506732,3.0908225,-0.22431351
127711.59,1.4594785,0.48900533,0.2674521
117423.64,1.3533281,2.441856,-0.5196093
129054.445,-3.9995012,2.7170982,0.13985087
134271.17,-2.1700487,0.8429762,0.5798957
130627.26,-3.4394119,1.2116561,-0.1987444
118982.86,-2.7067072,1.3817445,0.10748927
115288.17,-3.1796777,3.0266974,-0.082945555
134249.02,0.038206205,3.3815992,-0.12582546
118360.555,-3.0654855,1.5164524,1.1339889
118587.76,1.7915447,2.208813,0.13466994
120340.85,-1.8200328,1.8987341,-0.14884643
134107.3,-1.4552426,1.7210307,-0.12893593
120181.86,-1.6094947,1.8483925,0.36212015
127070.33,-0.1114773,0.9288863,-0.09473511
116292.58,-0.8630348,2.346465,0.06265422
116757.68,-0.69686806,2.7578504,0.07574154
133507.72,-2.0749152,2.3017373,-0.24427915
126145.32,-3.2337265,1.8619114,0.14762138
133793.88,-0.88028425,2.7432866,-0.05304748
131292.77,0.8909157,2.2293608,0.4231363
117886.73,-0.90186054,-0.38317135,0.47200915
119327.8,-2.6234894,1.0228412,0.2281633
119816.84,-1.289566,1.1067297,-0.04392229
120758.99,0.061036114,3.18751,-0.122898266
120021.945,-4.0729647,2.3162446,0.49231985
123322.164,-0.87418485,1.9408838,0.046670992
117667.86,-2.0675519,0.44913808,-0.30035514
130328.336,0.33217156,3.7921703,-0.14707842
126300.56,-2.5190141,2.5304217,0.05862355
119052.37,-2.5147572,1.5447881,0.032765977
119631.336,0.268145,0.85076714,-0.28781882
117945.79,1.259805,1.4119025,0.34906143
120600.78,-2.6020687,2.9299023,0.05937092
131615.73,-2.921051,2.5578334,-0.098788135
119625.56,-2.8606884,2.1791835,-0.2947421
123909.625,-3.629362,3.1890502,-0.5181894
118095.09,-2.903538,2.4825363,-0.13281374
121213.72,-1.5033016,1.5950525,-0.31728062
126386.52,-2.9796176,1.8572916,0.15742181
118602.516,-3.1584113,2.765645,0.11331685
120373.51,-2.483361,4.9946782e-05,-0.25387576
115449.055,-1.9244742,2.4803667,0.11817237
125052.14,-4.0546703,0.94068253,-0.009571879
115767.516,-1.7844306,2.597449,0.3324256
117624.375,-1.0039246,3.2373924,-0.016114645
120097.73,0.8207577,2.709697,-0.08762973
130252.33,-0.29182386,2.896248,-0.5192356
126697.664,-3.1726706,1.5274128,0.1531885
127934.984,-1.787595,0.97094285,-0.15254782
134822.78,-2.7246544,2.9526248,0.028378902
124749.45,-2.9923255,2.6024923,-0.08361902
119196.84,2.5464084,1.8534942,0.016131332
117781.02,-2.0456731,2.4595199,0.22572511
125163.195,-3.3911824,2.2589016,-0.89111537
119817.195,0.28403926,0.45015955,-0.32087025
119569.15,-0.6630558,2.1341558,-0.10228837
128758.734,-1.2795486,1.0045542,-0.23350544
129860.36,-3.5839345,-0.18184146,0.2761297
118421.44,-1.7841369,2.9994867,0.08764403
122833.85,-1.8575089,2.5174773,-0.28269598
134347.94,-2.9448338,1.0648005,0.47682714
132592.4,-4.3101015,2.714398,0.7224717
128787.09,-1.0611885,2.2455368,-0.2438384
118783.1,-2.0411851,2.8515036,0.20000224
129711.72,-1.2021703,0.8747046,-0.30623665
119547.2,-4.248839,2.5509937,-0.80706036
119588.414,-2.8775403,0.95252544,-0.10229642
130824.92,-2.2744248,1.148157,0.36275607
125869.03,0.5664189,0.2478375,-0.025646294
118404.64,-1.6039739,2.5584576,0.18538144
131277.02,-1.9035089,0.106732875,-0.2825932
119841.62,0.627829,1.202314,-0.008067305
116900.85,-1.3555647,3.2475288,-0.15747963
117751.74,-1.5132432,2.00049,0.3849918
120687.12,-0.89450306,2.4923801,-0.2889208
117408.57,0.8677476,0.5387809,0.37437248
123529.414,-3.013474,2.8019435,-0.03453815
129752.19,-2.5242784,2.4404345,-0.29547548
119640.766,-2.4368804,2.7948194,0.37066483
123900.734,-2.0094683,1.3255033,-0.4047378
126910.13,-3.5378358,2.4413764,-0.19849558
119465.1,-2.161392,2.6714883,0.45235166
116166.875,1.1966631,0.45884478,-0.028684646
134162.03,-2.2016647,2.3106606,0.56884485
128362.484,-3.1131778,1.159312,0.3178346
121277.375,-3.78801,2.4771788,-0.1096548
123137.94,-0.9204436,1.5429949,-0.73112094
122386.02,-2.26657,0.738922,0.13174899
131165.61,-1.1460849,2.2937777,0.6019657
132214.48,-1.1164516,1.6309223,-0.1951169
124367.72,0.57381326,2.9554465,0.22933204
121134.51,-0.82571024,3.0107217,-0.031039992
115498.766,-1.8291123,0.5302886,-0.06914931
128429.78,-0.83131784,2.579683,0.59286976
116730.58,1.302932,2.993551,-1.5106946
119537.72,-2.4983943,2.954234,-0.09869933
125614.44,1.5964952,1.2078701,1.2474103
130617.75,-2.2338803,2.54266,0.8475775
115368.73,-2.418492,1.2368821,-0.030558731
127620.47,-2.815318,2.3178806,0.49626592
129896.78,-2.379803,2.060294,1.8182216
119106.92,-3.961169,2.9172447,-0.25406945
126003.086,-1.6596197,0.9050757,0.013150196
117466.9,-1.3553421,3.0786004,-0.1312296
127511.97,-1.9011838,2.676454,0.25259587
132809.42,0.6307902,1.2109433,-0.03339594
126059.52,-0.7434667,-0.46713832,0.1426842
117349.12,-1.8420961,2.84481,-0.34033942
122652.484,-2.485118,1.6544138,-0.7526654
127221.84,-2.72518,2.9881103,-0.35580176
123211.73,-3.4363904,1.391417,0.05716576
115381.9,1.3721546,1.3125765,0.09481795
116860.71,-1.5478362,2.647388,0.09554387
123060.24,-2.7576983,-0.57522315,-1.0843531
115708.56,-1.9364076,0.60706854,0.026837675
132080.72,-1.5070963,1.521025,0.58011496
122368.01,-4.0140786,2.719324,0.028499292
117627.61,-1.4718558,2.7209995,-0.30553845
126199.62,-2.613293,1.1368307,-0.49226594
119576.57,-4.2555985,3.0796204,-0.30143148
115430.66,-1.4766973,2.9683177,-0.5436214
123434.625,-1.6953541,1.8539193,-0.16460913
124880.805,-2.8891184,1.3531172,-0.23559111
125284.98,-2.0592525,2.4535446,0.04811448
117243.65,-3.2607753,1.0249634,-0.13056089
134078.6,-0.8408217,0.77739185,-0.57871383
123484.336,-1.079194,0.6220079,-0.060815
126252.72,-4.437139,1.5090355,1.0664854
132112.72,-2.052478,2.7269835,0.09663036
129956.57,-1.9709537,1.7106822,0.30444273
132182.77,-1.8073604,2.2141104,-0.03215062
116580.914,-4.77334,2.3871644,0.25747523
121662.46,-1.0595174,1.9878389,0.122960545
119327.23,-0.23498914,0.414402,1.12146
125841.23,-1.7542002,2.2430544,-0.1282875
124360.02,-1.1716914,2.6124628,0.16410285
132830.39,-0.32542294,1.213846,0.3020111
117203.21,-1.652504,1.2764779,0.1911822
123350.96,0.6883251,1.3207167,-0.45132953
131424.47,-1.5151165,2.5427222,-0.09346983
125811.09,-3.1349218,2.4695396,-0.39177415
127353.61,-0.62742156,0.4536436,-0.24154295
124518.336,-1.9443182,1.3140125,-0.257168
117740.695,-3.1715596,2.7402468,-0.0610975
118923.93,-0.19434834,2.947686,-0.04685247
129028.1,-2.330147,3.0521822,0.4163885
118783.17,-3.7019875,1.6005003,0.078521825
123378.984,-2.059373,1.1015437,-0.27640802
119482.24,-2.6069527,1.3283757,0.32863212
127893.49,-3.1754603,2.7664685,-0.7620683
115598.38,-1.1500442,1.7020942,-0.36466292
126550.266,-3.1832092,1.3455122,-0.18118955
116528.664,-0.73806643,2.507631,0.0912444
124775.27,-1.9783309,2.8700056,0.056040533
123460.27,-3.0909476,2.6215024,-0.45920375
123298.66,1.44055,2.6912267,0.53757805
119762.78,-2.6243055,3.230178,-0.023672082
117178.59,-0.23686786,1.5915276,-0.16455431
125351.12,-3.4636445,2.9268827,-0.06896425
126457.42,1.3073996,2.544369,-0.44802448
117482.91,-2.4019873,2.1869857,0.0041895034
117195.19,-3.1387134,1.8344021,-0.27275488
134248.92,-2.1259701,0.69094944,-0.58973277
116006.945,-3.0266268,1.9179609,0.012566723
120354.34,-2.7322564,2.775354,-0.16509576
127823.6,0.8927011,2.7830217,0.8999649
123861.016,-4.63013,0.8440377,-0.19601388
134586.89,-2.939133,0.49591824,0.007106273
131770.22,0.6702004,1.5448706,-0.2525482
127378.12,-2.9093416,1.92999,-0.33082148
126602.76,-1.0745958,2.599374,0.07558182
116092.66,-0.674667,2.6739297,0.4527945
125469.33,-3.4420319,2.7914438,0.45526606
130730.87,-1.9838879,1.0704674,0.33032116
131989.25,0.069074176,2.7463186,-0.05366522
122328.12,-1.1886699,0.9583748,-0.38425756
130105.59,-1.0807899,0.62560153,-0.9678701
115894.86,-1.4240214,2.4488363,0.050166465
119576.57,-2.376027,0.7908377,-0.29613703
117437.484,-0.13232379,1.2429688,0.018756067
121135.94,-3.798821,2.2638948,0.66264933
115104.51,0.52549875,2.585602,0.40452474
120009.516,-1.3608327,1.923382,0.19588336
115534.914,-2.707022,2.6360343,-0.004443991
131190.72,0.5962726,1.9176296,0.2514498
120113.11,-0.16147661,0.7792175,-0.6264567
118854.555,0.6975262,1.684788,0.4726242
119764.99,-0.28203794,1.7525562,-0.2607767
123402.39,-0.5704598,2.6487083,-0.04753905
132979.44,-2.6642697,2.1481938,-0.212591
132952.9,-3.0498953,1.0732381,-0.24426633
121368.05,-2.3703504,1.8318496,-0.027072495
116745.02,-3.743981,2.1273668,-0.5351202
121581.086,-1.6439021,1.6263427,-0.23129761
115938.586,0.20542406,3.2057412,0.017887712
119000.8,-2.8206515,1.3983859,-0.8761867
117828.086,-3.468908,1.8453665,0.09805477
116486.09,-2.9720519,2.5093467,0.08282368
118782.82,3.0566413,0.9899574,-0.106683195
122156.62,1.8812724,2.3948069,0.37933767
120910.734,-2.112816,2.3572645,0.024660528
129351.68,-2.0198627,2.4742315,0.055920143
127261.305,-0.20790961,0.36082512,-0.678688
131109.97,-3.4790154,2.9484804,0.08276884
125044.12,-4.019141,2.347661,0.3292585
132707.88,-6.1011524,1.4756469,0.22142446
115294.2,-3.236833,0.43613085,-0.19188873
134802.06,-3.2822227,1.8518469,0.049974557
118085.14,-1.2855096,0.6748517,0.96384597
122779.14,-1.8324634,2.3895178,-0.12342989
116173.945,-2.8524752,2.6283185,0.17569244
118079.516,-2.39356,0.72424406,-0.2563077
130187.66,-2.2992868,1.197157,-0.37132967
130068.67,-1.9485857,2.7818294,-0.32531932
130799.54,0.16677631,2.95403,-0.18380982
116822.75,-1.6846122,3.2642336,0.4997566
132126.25,-0.90950567,1.4224558,0.038476147
119058.44,-2.3867447,0.91787195,-0.2972706
125540.57,-1.8664317,1.1822939,0.5739745
120891.82,-3.0259154,0.91388804,0.0427768
118980.62,2.295092,1.1772344,-0.8389932
129130.19,0.22709504,1.2409388,0.031096611
128113.375,-2.0547407,3.137696,0.107401066
134074.27,-1.2145836,0.5586598,0.6015307
133764.02,-3.5073392,2.0568812,-0.03169409
130453.71,1.864369,1.687203,-0.033555064
118925.445,-2.7892315,2.9607842,-0.21780144
124613.05,-1.3034872,2.4685478,0.53405815
117018.6,-1.1598201,0.82039744,0.12127449
117165.37,-0.16964796,2.7185307,0.008232096
120544.92,-1.3127396,0.2958881,0.044302534
131987.84,-1.8024654,2.6713989,-0.3825119
118740.84,0.45704484,2.2367613,-0.12655346
130060.71,-2.4519658,2.3903322,-0.41967717
122376.14,-1.3481721,0.2971745,0.033848293
119501.13,-2.0315,1.5984188,0.021462452
120432.58,-4.2208376,2.8839371,0.09827528
130950.97,2.6686385,1.146255,0.7540239
115106.82,-3.8400111,2.8812284,-0.16812459
121696.46,-0.49008152,0.93946826,0.09835276
128301.16,-1.7631778,3.1145883,-0.19522598
115158.375,-5.0798726,2.9278512,-0.35831416
120964.125,-3.6074538,2.6711552,-0.35072693
134906.11,-1.674778,1.2847029,0.44172755
125619.65,-2.7171423,2.7520063,-0.21552268
117864.93,-1.5337449,3.1179907,-0.037721027
125349.82,0.8009482,2.0355024,-0.106878385
129775.695,0.61262697,2.7955317,-0.116692826
117405.055,-2.795726,2.4410574,0.212667
116561.06,-3.5269313,3.2317913,-0.90206575
120282.805,-3.0482423,2.5662153,0.1679136
124289.64,-2.273462,1.1117452,-0.05868553
119435.125,-2.1543105,2.4378035,-0.66301167
129507.68,-2.9238613,2.8221474,-0.32974842
115556.91,-1.3128643,2.692884,-0.3192313
129688.33,4.7925367,1.3988624,0.49620214
119900.47,-1.7714314,0.52733237,0.41483417
126263.27,1.1602603,2.1215744,-0.05139778
120505.695,-2.6640074,1.637451,0.06252489
130806.16,-3.0505457,1.7787493,0.14865422
115794.21,-0.06985287,0.7306877,0.09296502
121786.39,1.3880848,2.1769435,0.71892256
119852.76,0.26995346,2.3808699,0.42731476
130467.3,0.5440429,3.327444,0.15303473
118164.02,-1.6260517,3.1298223,0.29044592
129941.4,-3.2358868,2.6054897,-0.43285477
129103.04,-3.0540912,2.605918,0.38174605
115739.18,0.4013353,2.1081436,-0.19556063
133129.6,-3.4052138,2.3236375,-0.008633494
131554.2,-2.8693106,0.22205539,0.6032507
132186.23,-1.6091737,2.7823815,-0.43465734
124103.414,-0.32867277,2.8504467,0.16864249
129002.016,-3.0577128,2.9769404,0.11232572
128491.62,-1.9527465,2.4331224,-0.69153154
115101.125,-0.9051448,2.244654,0.20882943
124769.44,-0.5088037,2.5599916,-0.048741158
128809.14,-1.2228968,2.7775557,0.4130581
132705.03,-2.8845727,2.937161,-0.14422573
119319.84,0.29982302,0.5734657,0.6003667
130731.45,-0.11027601,1.7413524,-0.16640784
119264.64,-3.288974,0.90118736,0.02021326
130063.086,-2.3642793,2.6403036,-0.37183
116322.56,-2.744213,2.9751997,-0.24759164
118596.1,-2.2691886,0.6621312,-0.058078814
127320.86,-0.62631327,2.7860105,-0.29451236
131856.39,-2.1554224,-0.37808865,-0.85144484
127469.59,-2.9838965,3.1334555,0.36774567
115919.375,-0.85398555,2.4881747,-0.028731728
130821.38,-2.3194542,1.9175711,-0.5824784
116153.46,0.93246126,2.3716836,-0.49348265
117005.22,-2.9744937,0.97184205,-0.12681599
119466.23,-3.7085009,2.722502,-0.104928605
134688.36,-2.8736815,2.4009335,0.7994192
133522.52,-2.1363776,0.086568475,-0.413551
133778.22,-2.0627232,2.4999864,0.010741805
128095.41,-1.3435098,2.651566,0.088489145
134502.03,0.7389243,0.8195351,0.070505776
127787.984,-2.3021066,2.4344451,0.429834
118438.445,-0.69097185,2.7895076,0.16400808
130121.92,-1.5781524,2.4226704,-0.08445847
115285.31,-1.0015857,0.94483364,0.826939
121279.984,-1.5763223,2.8750014,0.005355258
117123.734,0.23946571,2.5483055,0.1851496
124321.234,-3.171605,0.7519528,0.30177686
116921.62,-3.553944,0.7856687,0.103711896
118710.6,-4.3276186,2.909025,-0.13585685
126743.45,-0.06653591,2.1942375,-0.104687825
124243.33,3.3191035,1.5894821,-0.14035627
124515.2,-3.038825,1.8899485,0.45250067
121510.95,-3.3523614,0.9221703,-0.014987928
124280.26,-0.87498146,2.6921794,0.10306286
119700.06,-3.7681718,2.918378,-0.8379308
132496.42,-1.2912791,2.7019143,-0.36746496
132304.06,-2.005494,2.9869132,0.033290446
132712.81,-0.79280233,0.034632977,-0.40048334
131157.56,-1.8227626,2.588379,-2.4521482
126219.5,-2.6760128,2.2858877,0.28674603
134031.94,-1.0924225,2.8532715,0.2951912
125955.3,-1.226053,2.7214165,-0.36379874
118174.13,-0.6783053,2.9788046,-0.12583649
118097.016,-2.8182614,3.1017992,-0.23525915
128710.24,-1.7136617,0.973854,0.022767073
132914.5,-0.18158124,2.8378808,-0.042659093
120786.88,-0.54498273,1.3167417,-0.1542884
119933.29,-2.7162354,2.1952603,-0.01323572
120766.09,-3.161902,2.4776778,0.0055352463
122584.44,-2.197014,2.7906313,0.2875667
125108.516,-0.95947534,2.1135368,-0.26014167
119627.59,-2.2436724,0.20343864,0.27999824
115680.445,-0.88996965,1.0028483,0.40705353
130217.87,0.21238138,1.9222994,0.081443965
119875.19,-0.72064817,2.634351,-0.5641809
121875.21,-3.486405,2.7941778,-0.18466565
125887.4,-3.8776684,2.8415112,-0.2114622
125775.15,-0.4248385,2.7252152,-0.34801754
123246.2,-1.0195692,1.5396585,0.17589091
128932.625,-1.1271241,-0.69903487,2.3992946
119850.96,-2.0239851,2.3108711,-0.44124153
120792.86,-2.9293501,1.8939369,-0.5170421
119380.78,-1.2859663,2.7571096,-0.13293234
118090.055,-2.5335429,2.7858636,-0.048288804
128339.484,-3.951652,2.5707545,0.39593536
125928.55,-3.7744176,1.6290265,0.20467122
121465.23,0.033408992,2.7960446,-0.7497784
134178.64,0.6114525,2.2370186,0.040150277
117574.71,-1.608207,2.8183737,-0.041649487
116627.89,-2.6750293,2.4559696,0.7452617
116102.15,-0.37901545,0.990692,0.09668578
132700.39,-2.2090967,1.7623566,-1.0224856
132363.17,-3.6588604,2.062631,-0.83672094
131517.11,-3.804043,2.153457,-0.18524288
120972.3,-0.56147665,2.2606127,-0.7589924
125034.91,0.01483386,1.1454618,-0.32840863
118706.234,-3.4558427,1.748927,-0.08087777
127563.6,-2.7860804,-0.19362667,-0.83631
118988.484,-2.081259,0.039534815,0.41643974
119689.86,-2.232133,2.817468,-0.6795453
123098.25,-2.3968813,3.2820811,-0.038832847
133319.89,0.342066,3.1336453,-0.03918865
126382.64,-3.0453475,0.18715143,0.031163959
134629.97,-2.1282518,2.9399757,-0.71610117
116924.55,0.60124505,0.18217508,0.11422692
118732.945,-0.8937715,2.0743446,0.15695575
134255.98,0.116746,0.58058083,-0.48387828
118421.97,-3.4666722,1.1389655,0.16049711
133395.4,-0.43284178,2.5728323,-0.23521683
126974.3,0.28303567,0.45754045,-0.20645858
115166.31,-0.17837243,2.89998,0.00555849
129033.91,-0.69047314,1.1856512,-0.8881593
129163.69,0.31618327,0.7303111,-0.35776556
131778.06,-1.7760792,2.772868,-0.056947332
123243.77,-1.6308905,-0.01569477,-0.28753245
122574.695,-2.7566907,2.5537345,-0.2195918
134425.6,-3.210454,1.9555417,0.5854652
128828.78,-1.8296813,2.476198,-0.25839633
117658.7,-1.8036029,1.9999462,-0.070496544
117133.71,2.5093546,0.29540995,1.2950239
115593.31,-2.4875112,2.5961258,-0.11472696
134759.23,-0.8279909,0.2604519,0.2316409
123340.27,-3.2284205,0.9585489,0.33902737
122022.234,-0.73450667,2.8371418,-0.048229504
118380.66,-3.1974323,1.8138165,-0.16738316
133694.97,0.743664,1.4475496,-0.26164535
123727.92,-2.2564516,1.1589147,-0.03754551
130789.88,1.3632869,2.0315077,0.3288604
116884.484,-3.8202913,1.0354761,-0.42983907
128467.67,-2.140961,2.6576416,-0.028963866
116307.016,-1.2959974,2.3452842,-0.1368155
133136.06,-2.2472436,1.9282228,-1.0368552
129149.85,-1.4280891,0.043901894,0.2716669
116782.67,-0.21764043,2.6778073,0.010455134
121285.11,-2.5760438,2.4918036,-0.38123798
116433.81,-1.3451778,2.1086211,-0.053060587
122134.664,-3.0184362,2.0498178,-0.03984245
127286.01,-1.3953513,1.3745215,0.067207575
125259.16,-2.7014546,2.9000738,0.25547272
115430.33,-1.2738812,0.22794332,1.1087643
118728.33,-1.4743865,3.0124416,-0.09868294
127331.42,-3.3673859,1.4038625,-0.15481853
115313.57,-1.466036,3.088969,-0.007838446
117595.14,-0.7894575,1.7852546,-0.420106
124131.805,-2.0602927,1.0616477,0.080774665
120756.14,-3.1721275,0.9268171,-0.24369626
121629.35,-1.329136,2.6787846,-0.13660988
126037.55,-3.2421243,0.89299685,-0.861484
127523.63,-3.1738496,2.6824813,-0.75482583
120364.43,-2.4897754,3.2780042,0.51007557
121880.95,-1.419244,2.703967,0.9408992
118151.414,-2.4226773,2.5704908,0.09239883
131284.17,-3.1261895,1.1082864,0.0013865681
120792.92,-2.4732506,2.1482038,-0.38051802
121908.555,-2.175964,2.908494,-0.12640476
124724.984,-2.7393358,0.94111496,-1.0600344
133974.25,1.6375606,2.9993286,0.038632296
116388.625,-1.4368415,1.0186002,-0.26521057
128180.055,0.86612475,1.3430053,0.4192409
122331.32,-2.007179,2.6322193,0.089146525
130657.17,-3.1093745,2.3238478,-0.19566672
131491.7,-2.899009,0.8468761,1.0108212
134219.1,0.3651287,2.6378565,-0.34797406
119786.28,-2.440161,2.743508,-0.020994006
116096.99,-2.2500017,2.4233613,1.0351244
116747.625,-3.551639,2.2725081,-0.14216122
116140.88,-2.755125,2.9125464,-0.036706954
120789.71,-3.1181955,2.1602912,0.19350179
131969.66,-1.6171681,2.773843,-0.28455785
134229.72,-1.0277629,1.6789938,-0.37877446
128516.43,-2.26159,2.4376895,-0.21612194
116940.164,-1.8881582,1.4207183,0.14478089
115584.55,-3.3166075,2.9555879,-0.019154485
134487.72,0.23886472,2.4314086,-0.4849424
121803.86,-3.1119044,2.4950833,0.2434236
130304.6,-1.2660652,1.2491814,0.4876783
132732.77,-2.0143907,2.7654226,-0.11666184
116658.36,-2.0309083,2.5728862,-0.20699705
119219.516,-1.5294774,3.0478992,-0.16576566
122783.195,-2.4794364,2.570708,-0.22723296
127240.03,-0.5104169,1.293794,0.017472902
118534.26,-1.9875734,2.5125453,-0.30592406
115008.195,2.0619845,2.9350576,0.65952635
128642.016,-0.7788233,1.4833487,-0.14172138
115374.97,-4.0024214,3.1180096,0.19936393
115204.53,1.2209541,2.715106,-0.51244223
120347.63,0.067486815,1.4937475,0.0760151
130106.58,-1.9593011,0.8008813,-0.014611561
132091.17,-1.9342306,1.7500073,-0.2934485
123184.18,-2.582183,2.2539828,-0.39569697
129860.38,-2.9454432,2.3954477,0.11716694
130626.55,-0.8761745,2.6359928,-0.3299603
122016.65,-1.3959392,2.1210468,-0.071004026
125802.28,-1.0983938,3.1441286,-0.6360429
115354.375,-4.848269,2.7315574,0.044006325
133358.95,-0.9220399,2.3124063,-0.0872039
132121.23,-2.4150646,1.2798778,0.16068128
133461.89,-2.2840216,0.6401529,-0.35690227
131171.69,-2.5122473,2.8806894,-0.20536882
128188.97,-3.374982,2.85936,-1.0864567
126736.68,-2.205439,1.9957199,0.35849354
131335.28,-3.641911,3.0919116,-0.09966751
118508.23,-2.3262732,3.001917,-0.6676353
124694.9,-1.3300346,2.1321054,0.41878796
121561.39,-2.1819737,2.4455004,-0.17981222
116089.72,-3.503458,1.6969533,0.052842457
116169.01,-0.5499443,1.2444766,0.5470847
126414.53,-2.8467174,2.6666422,-0.9402284
133068.2,-2.1281173,2.0706122,0.12137641
122135.445,-4.2303195,2.4715233,-0.3617837
116417.66,-2.8639827,3.4221041,-0.29941466
115668.055,1.4625912,1.9429696,-0.39421028
121599.32,-2.2081337,2.285292,-0.0022847233
122199.94,3.3537045,0.57332224,0.16638966
119374.375,1.219283,2.9687195,0.7759122
118868.72,-1.1357882,1.5919535,-0.24761668
123674.0,-3.3372815,2.903018,-0.1821479
121358.58,-2.9859905,0.123113915,-0.35275835
124890.43,-0.5270768,1.1018465,-0.033493977
130995.234,-0.57364273,2.9474454,0.15582635
122999.84,1.3153933,2.9953232,0.4627445
133643.33,-3.355097,2.454944,-0.02751591
127859.72,-0.7884484,2.2707512,1.1681485
129946.05,-3.5312889,3.4578593,-0.420238
130044.58,0.5162281,2.429436,0.33638057
122331.09,-0.45008925,2.6831262,-0.39985785
131978.53,-2.1600282,1.3658383,0.35158783
116359.71,-3.2135365,1.2811445,0.724805
128106.94,-3.3579223,1.5030794,-0.28137705
133606.97,-2.0458002,1.1381855,-1.4977888
123696.945,-4.151031,0.47883376,-1.748847
121020.77,-2.9791756,1.6617498,0.22650765
115185.234,-2.0317528,3.084999,0.46988207
120685.59,-1.7039828,1.9556824,-0.023843726
121785.79,-1.3703,3.2106605,-0.062610716
119532.766,0.07332792,2.3827624,-0.18034384
130381.97,-2.7157981,1.7440343,-0.13143848
120548.445,-1.5795662,2.162136,0.073178194
118888.164,0.5232539,1.2940477,-0.18307973
124141.76,3.1227224,2.9778962,1.4241949
127477.09,-1.8429426,2.95173,0.09243459
123560.586,-1.5867997,2.1311438,-0.664333
127541.58,-2.819906,1.5715905,0.12312623
133294.84,-2.6856496,2.642309,0.22831647
127239.37,-2.091171,1.9921949,-0.3582778
130987.37,-3.496765,2.1904914,-0.4300259
115852.58,0.008845005,1.0433178,0.75474566
125904.305,-1.9754076,2.6449423,-0.21345848
123155.0,0.5881983,0.630803,-0.36497074
121503.69,-1.1862993,2.8500254,0.10134701
128669.99,-1.1759961,2.6121125,0.6484517
118180.17,-2.902909,2.513798,-0.1929201
129888.195,-1.9872097,-0.38804254,0.10800778
119699.37,-0.25305903,2.7023997,-0.27020466
127422.87,-3.4414206,-0.15020466,-0.49186632
123650.86,-3.1428108,0.86956656,0.052716106
122235.07,-1.2503366,2.4237087,-0.1923697
129182.36,-2.2535586,0.49270353,0.2795274
125315.38,-3.3067265,2.942435,0.1774816
124133.84,-3.2372317,1.1873901,-0.0465953
127466.484,-2.9689467,2.792046,0.2504366
118823.48,-0.12752415,2.0977514,0.211329
115360.945,-0.052165277,1.1670161,0.109625295
128539.98,-2.0210493,1.55104,0.4534429
122947.44,-1.7540042,2.7223144,-0.8324227
132633.78,-2.8429005,2.0244575,-0.46318406
125682.37,-2.6120665,3.1086774,-0.19917947
122496.09,-1.2946532,2.9342437,0.062561244
124980.11,-3.1936805,1.1074954,-0.38612986
127678.49,-3.4473896,1.9617388,0.07535117
120870.49,-0.33159813,2.7815342,-0.5939193
121090.89,0.12548734,2.006954,0.00510971
127768.71,-3.9459054,2.081667,-0.24359941
116993.69,-2.972643,2.4554713,0.14639185
133885.2,-1.5108978,2.6233027,-0.203068
119487.945,-2.266222,2.965631,0.21321292
129705.3,-3.041923,1.4888333,0.30164337
127903.44,-1.3006965,3.0879593,-0.26924512
133469.02,-1.1635143,2.9531353,0.018322187
125785.79,-1.0043819,2.2965484,0.40757382
127755.3,0.99562234,2.6053298,-0.29623953
130820.875,-0.4465639,1.1530995,-0.021777134
124253.586,3.9013011,1.0801837,-0.047286052
120623.23,-3.0890791,1.5987855,0.060064055
129890.586,-2.0116262,2.3542743,-0.31066397
122954.734,-0.6278014,2.573746,-0.20393099
115158.0,-0.8285905,2.0645006,-0.22667214
118673.97,-2.8911593,2.5317209,0.15281065
132335.61,-2.064402,0.1443145,-0.46638632
130910.16,-2.8167648,3.11392,-0.8386859
120235.99,0.4204897,2.8106735,-0.31279373
131426.17,-1.7087425,1.2064811,0.021408813
126343.29,-0.9389674,2.7459276,-0.07713526
118926.125,-3.7223046,1.1480381,-0.18418826
115529.54,-2.5159974,3.051799,-0.3578752
130823.29,-1.2042514,2.126908,0.055383753
121956.43,-3.2782412,1.6707609,-0.04435766
122996.516,-0.3796333,2.7368042,-0.09025059
132616.81,-4.735475,-0.3762125,0.7722958
134611.12,-1.4857208,1.1624014,0.09766678
128414.92,-2.0043545,2.9630663,0.0048862146
117728.375,0.87106836,0.3474856,0.014956638
122750.375,-2.1645403,2.9079397,0.15188925
119368.46,0.8520648,0.3295539,-0.031887192
120173.76,-1.8872252,2.6909156,-0.13638102
132917.75,0.86855006,1.9833226,-0.13977726
122674.15,-1.6357728,2.5273943,0.04746664
127434.63,-2.38013,1.3538316,-0.57775515
123502.86,-1.0219773,2.424973,0.25953794
119377.88,0.42941532,1.8894314,0.12484625
130718.41,-1.601541,2.334567,0.011248992
122345.94,-4.820419,2.4993074,0.002843761
127106.74,-3.7204666,2.5114303,0.6255103
131346.58,-3.2172894,2.144191,-0.18454884
117912.47,-2.6961792,1.1714637,-0.46862245
128337.13,-4.671454,2.226492,0.05501007
119820.695,-0.5443704,2.6009192,-0.32372415
128537.09,-0.6239792,2.6422136,0.16565123
127161.91,-1.8765186,1.0119492,0.39094573
133432.6,-1.2889365,1.7208469,0.16666679
129912.05,1.5713446,2.349846,-0.15652426
121878.6,-1.7801294,0.5343066,-0.19674098
130630.77,-4.4484563,1.5657654,0.21717386
131237.95,-2.887097,1.492748,0.3391984
122409.25,-1.8034649,2.6757982,0.044415176
123186.33,-3.1296968,1.433731,0.3372954
123153.125,-1.1509551,2.586857,0.07201184
124979.32,-1.8566,0.6812768,0.026533125
118893.92,-2.6503909,1.1065534,1.2578998
127904.93,-1.3838124,2.441072,0.14860654
117584.734,-2.8231606,2.8508956,0.025989583
134044.8,-1.1463966,3.0837457,-0.11353528
120834.57,-2.1904325,0.9245303,0.1295492
127244.73,-1.7305416,0.7037495,0.7486833
131733.3,-3.5227654,0.9578952,0.0016756227
120618.9,-3.2861938,3.2001157,-0.14862412
134651.2,-1.5689465,1.7031662,-0.16700621
125177.93,-1.3689138,2.611273,-0.34983027
125271.3,-2.5932534,1.4680129,-0.08526425
131593.88,-1.5427507,2.777065,-0.07870569
121267.195,-0.19301341,3.4735365,0.118044235
127741.48,-1.9651502,2.3777168,0.06367575
117501.07,-1.934511,1.2434992,-0.1200557
115402.17,-2.8407996,2.2414393,0.19402805
126046.44,-2.5290616,0.90869313,0.11546062
123495.766,-1.2249181,2.5017734,-0.6190843
116213.44,-0.3494538,1.0962586,-0.003857836
130838.734,-2.4295263,2.6925497,-0.5668468
131887.61,-1.9808522,1.965166,-0.21308151
129282.555,-2.427717,1.4521601,-0.093841724
115429.32,-3.6964195,2.9114766,-0.075982615
121519.22,0.4078907,2.6995318,0.043841835
126963.2,-3.880153,2.5518239,-0.15343852
116296.66,-2.3652394,3.2244122,-0.16603504
131606.97,-1.7304854,2.6617782,-0.40504354
122528.8,0.6392922,2.3228865,-0.08441109
124309.54,-2.7521744,0.98811203,0.059626002
128568.24,-1.9518238,3.1735604,-0.26422748
118946.625,-1.4015596,2.7761579,-0.028637264
118703.8,-1.497185,0.381826,-0.5028856
117594.65,-4.085258,0.90238553,0.0296424
118804.15,-3.5987632,2.5041976,-0.16805068
131305.69,-1.290913,2.0620446,0.12962727
124388.07,-2.4420118,3.339818,-0.10168672
115227.89,-2.7045898,2.693198,0.605019
130239.48,-1.8588806,2.7307382,0.2315211
117160.21,-2.3379521,1.2544491,-0.15036024
134696.4,-0.9625602,3.1714041,-0.36894274
131685.33,-3.4969068,1.3045769,-0.19912612
118864.85,-0.27835763,1.8134899,-0.10782511
128236.4,-3.9794648,1.3061095,-0.23203962
121865.94,0.7192995,1.5937515,0.0776934
124186.77,-3.4395537,3.1171265,-0.05628757
123269.59,-0.014624807,0.6614928,-0.062311824
117339.18,-3.067231,1.346086,0.5435386
128742.234,-2.8533854,1.0755403,0.2932721
125601.99,-1.5908489,1.700765,0.39050412
124086.1,-2.3720725,1.7325327,0.019967712
117025.24,-0.693466,0.5937418,-0.17430706
120128.08,0.45712888,-0.10689699,-0.16257295
131870.6,-0.986767,1.4122108,0.09099707
120768.06,-0.25351295,2.6222217,-0.22316773
132355.73,-0.7581432,1.5606017,-0.14977051
128540.74,-3.692028,0.83782476,0.3002231
133234.58,-1.9160522,0.2557352,-0.10436778
131538.48,-2.3042,3.0616117,0.08171275
123492.94,-0.86207867,2.461818,0.06073633
119779.58,-1.5646741,2.6256022,-0.1134876
116751.3,-2.4142892,1.1798502,0.5704838
127436.36,-2.4992824,3.0949595,0.15240537
120288.766,-0.63427657,0.89369565,-0.0035619272
121982.43,-2.4017735,3.3132617,-0.25065354
117258.14,-0.9992658,2.6435316,0.24603939
118722.836,-2.609194,0.24490705,-0.31746596
121380.01,-0.34105343,2.888779,-0.0451989
124253.26,0.8695688,0.51774216,0.5561908
116659.95,0.6559407,2.8975542,0.8934984
127187.46,0.55796784,2.5325944,0.48723966
115087.19,-0.26777613,1.2388968,0.18438017
117312.48,-1.8359364,1.8920587,-0.7720484
115393.57,-0.31966588,2.7496052,0.066401206
123166.03,-4.376623,2.7551227,0.26499185
126417.84,-3.701803,2.5141723,0.32523856
117401.67,0.2136357,2.9822335,-1.0619732
115760.58,-1.1733665,0.5218344,0.79728675
116119.234,-1.8718716,3.3427587,0.100286745
121751.97,0.9721119,1.225933,-0.5970709
120849.9,-2.8547664,1.5976937,-0.034360547
117991.54,-0.41465378,1.2743423,0.43730772
125088.086,-2.7644157,0.14730896,0.15958108
121433.664,0.052029237,0.36999434,0.3732413
119564.83,-1.1441755,3.05188,-0.1665616
115208.8,-2.5732608,2.3937688,-0.12431105
115685.1,2.1525304,2.9749749,0.32133722
130242.5,-1.3545928,2.962792,-0.029486548
124449.586,-2.1631389,0.6934718,0.3005652
130007.234,-0.3480741,2.8090768,-0.019517442
118109.86,-2.967571,1.1081978,-0.038701728
126885.13,-2.425743,2.2446847,-0.13965002
117887.54,0.60074157,2.0672457,0.617698
130670.516,-3.1609275,2.969173,-0.1388642
128441.48,-2.8021333,2.770935,0.3990518
126455.94,-1.7894603,0.11217064,0.2832422
128382.55,-0.95569414,2.8590367,0.38664627
124269.44,-0.5240674,2.679089,-0.30861852
123022.55,-2.6038842,2.866736,0.13826136
121966.37,3.0035577,1.762604,0.050751727
129259.76,-5.0728607,2.3080347,0.026245859
122084.086,-2.7705483,1.743331,-0.08581375
121172.26,-4.0863385,2.9500058,0.10462197
125370.0,3.5903485,0.90218186,-0.87208635
126525.766,-1.4725132,0.22193462,-0.040079057
125172.73,0.31844324,1.1120428,-0.2777609
132349.4,-3.8872263,2.3183985,-0.27970234
119971.09,-3.933133,0.6230875,-0.17427996
117988.04,-1.9351959,1.9647739,-0.08532325
119555.734,-3.1183,1.9695934,0.033421565
132987.53,-0.35269156,1.6098367,-0.06112998
120318.81,-2.3580859,3.0888264,0.13680299
130715.6,-3.4578824,0.6661057,0.16189888
118908.45,0.06375898,1.1440709,0.09443056
123582.43,-3.2121723,1.9580277,-0.4673488
120737.08,-2.4202967,2.2243018,0.6973299
127225.8,-2.5243516,3.2418022,-0.3656019
131096.03,-2.2932155,1.844029,-0.13600823
126538.73,-2.4559405,1.8358122,-0.23034492
120438.92,-3.1543608,0.9332024,0.25466394
130711.64,-0.1833353,0.59977317,-0.82874453
119170.83,-1.317302,3.1089725,-0.33692023
124278.34,-0.9674638,2.5814512,-0.09445619
134852.64,-3.1996534,2.5076692,-0.015293968
127970.86,-2.8576846,2.6630166,-0.5918327
117466.375,4.2665086,2.186349,-0.54176193
132137.62,-1.9329325,2.6067584,-0.41984373
125744.45,-2.1011908,0.6344489,0.27179685
127288.93,-1.4085169,1.7591518,-0.1867978
133940.53,-3.697635,1.2417129,-0.06426071
119406.09,-4.61808,0.8033009,-0.023237605
130803.99,-2.376154,1.9138632,-0.79953426
126724.33,1.4411638,2.489551,-0.067246616
120465.53,-1.476989,2.58411,-0.1639482
129646.37,-0.5217995,2.22043,0.12421212
115326.89,-0.5917295,1.8332372,0.26659206
117126.06,-0.2296519,3.0213192,0.23944418
122991.52,2.369164,1.022314,0.28742725
129796.02,-1.5169951,2.2596312,0.04657027
128911.836,0.2507591,1.4365916,-0.0699533
118350.164,-3.1640768,-0.037722025,-0.57189393
125575.1,-2.609455,2.0377657,0.15260383
122454.414,-3.2404647,2.9531038,-0.5193471
119112.95,-2.5758407,1.950201,0.09978373
130098.05,-0.1033366,1.0211337,-0.5121565
116335.836,-0.5452734,1.2018152,-0.41816276
128541.32,-2.283372,2.604201,0.039009556
123837.43,0.9633206,-0.05355175,-0.3405382
133195.2,-2.4022582,1.5158834,0.25726783
128943.414,-3.316901,1.0768554,-0.3860315
127462.78,-3.4664001,1.135784,-0.5017916
117153.75,-2.570507,1.943858,-0.284922
115208.57,-1.5682371,3.0033216,-0.1339318
118911.086,-0.13332634,1.001498,-0.10683487
116031.28,-1.5321141,0.4409405,-0.24070798
120752.81,-1.7570174,2.4238563,-0.4498333
117803.13,-2.2847888,2.1588268,-0.13561189
128681.01,-2.9887953,2.9882526,-0.32816845
115297.195,-3.0498674,-0.26016507,-0.15315185
120433.37,-1.3604242,2.3298552,-0.17319317
118080.51,-3.8386216,3.3693907,-0.31378096
127329.14,-1.3536184,2.3586638,0.07216382
126295.664,-1.5047226,0.3402292,-0.33820876
117536.28,-3.2149956,2.1620102,0.051910926
129454.484,-1.942208,2.3502738,-0.123716556
121883.49,-0.4995606,0.7491982,0.0005784072
125523.12,-0.4729257,1.4947524,-0.21008815
131006.695,-2.68835,0.05914436,-0.079774894
116435.69,1.1556817,2.48237,-0.2073621
126997.125,-1.1051852,3.1347172,-0.18012214
129286.73,-3.6405656,1.3247758,-0.116855234
119774.4,-0.626865,1.5191773,-0.9160492
116040.59,-1.8000157,2.2627728,-0.422346
116985.22,-1.2999089,2.426876,0.59078616
128510.83,-2.9477127,2.5405152,0.06558112
123326.15,-2.4660704,3.1019745,0.2777299
127375.34,-2.0842223,2.4162953,0.23148595
124913.08,-2.1972594,2.3261318,-0.06260058
130053.56,-1.190954,3.06376,-0.16301845
115294.9,-0.44622123,2.3641548,0.034165956
120165.375,-1.8426409,2.3953555,-0.6449216
132660.05,-3.3969316,2.4473581,0.26940215
129812.93,-2.962748,0.65433943,0.10957166
120450.836,-3.9937522,0.8772374,0.7531526
116874.59,-4.01019,1.453777,-0.22907934
120834.51,-1.6211586,1.2454944,0.7314169
124447.64,0.12199611,2.2720966,-0.09787567
134126.27,0.9372106,0.7027748,0.21851663
125101.95,-0.79979897,3.0115788,0.050357185
117767.62,-1.5007055,2.5403426,-0.4118268
129833.59,-1.8080947,0.24493961,0.2197104
122508.945,-2.3464053,1.949489,-0.25343412
128367.63,-0.7740378,1.3295892,-0.63337433
120434.39,-2.3628905,2.5480876,-0.20241778
128284.02,-3.6098979,2.4575589,-0.100826114
126690.22,-3.4179976,2.3081741,-0.18173338
128813.39,-2.955447,2.102706,0.10476143
128392.08,0.32335687,2.7667906,-0.14168234
132298.64,0.3276881,2.7111893,-0.13760072
118792.195,-2.8611553,1.202263,0.19540061
130589.164,-3.3279438,1.7193543,0.16564408
126232.82,-0.5003751,1.0508248,-0.23214957
132064.38,-3.7351847,2.8130333,-0.094578065
116816.86,-0.44510296,3.1347008,0.07000396
122857.14,-1.608624,2.0737538,-0.12647808
124423.65,-2.2801204,2.6621215,-0.23071772
124031.62,-0.16879316,3.123267,0.6558038
123340.66,-3.739965,1.7660788,0.38928413
127987.25,-1.3837942,1.1062378,0.16183391
134488.1,-3.012934,2.1321936,-0.36229745
119470.94,-1.986798,2.779386,-0.0283497
121050.055,-1.7297182,2.8438678,-0.090081625
129394.5,-1.2098697,1.411268,-0.6482106
116524.914,-2.626787,2.846782,-0.397085
116229.81,-0.6756789,2.0966327,-0.20672767
129141.89,-1.2145612,1.5695972,0.36854967
118471.92,-1.6685432,2.016361,0.40834266
129720.36,-0.8569326,2.8701088,-0.062171172
119190.234,-2.6540663,2.139731,0.27598426
125220.945,-2.8030205,1.8216592,0.113514714
115837.09,-1.7381085,1.6932291,0.48783624
128277.13,-2.2297313,3.1813388,-0.69944954
115019.625,-2.784948,2.821014,0.047973227
124736.49,-0.046178143,0.56128097,-0.02730344
122969.75,-4.5367966,1.0701493,0.306276
120848.55,-1.8555713,2.8309476,0.1832609
123092.664,-1.9549145,0.13336599,-0.045545466
121972.57,-1.1256073,3.103368,-0.16778338
118404.35,0.0847811,1.3413963,-0.12628438
121400.09,-3.5019352,2.9723756,0.23200564
127866.77,-2.672664,1.8809135,0.15804224
128049.44,1.5213363,0.950587,1.0788629
120714.58,2.0673695,2.3446891,-0.32322264
118269.08,-0.6983056,2.3268106,0.002033216
115323.87,0.5441703,2.8036664,0.25298923
116461.87,-1.7562019,0.6005105,-0.21033221
133902.2,-1.6138376,2.6953614,-0.4296278
119989.71,-2.4555554,0.8784699,0.17509645
132658.69,-3.791679,2.2196448,-0.091275096
128848.664,-2.0264874,2.6694162,-1.0454389
120568.625,-1.2484654,1.9977376,-0.16377893
122304.734,-3.4025414,0.2563343,-0.036044512
131268.22,-2.4544144,1.8978504,0.65524596
130369.45,-2.9205804,1.7818229,0.058350585
119883.42,-2.5387473,2.8359764,-0.16988602
134911.95,-3.3795812,2.7992818,-0.08521598
123202.01,-4.1842227,1.4748366,-0.24941388
118785.36,-0.44287086,1.189174,-0.38356024
134570.14,-3.102878,2.2170928,-0.03248318
123862.37,-1.7385539,1.7082101,0.018441385
123680.01,-2.4938247,2.0552318,-0.24533315
117261.22,-2.5512428,2.786962,-0.30403686
123716.91,-2.8292017,2.637122,-0.041539825
128385.16,1.1732444,0.9827988,-0.6286702
119874.98,-0.7509882,3.0862975,-0.3978154
132695.89,-2.7759802,1.3638682,-0.39173484
120250.164,-0.70788175,1.1470646,0.027901515
126257.91,0.05411564,1.8611283,0.2651164
121921.46,-3.176421,1.8360399,-0.66960657
131380.78,0.41566598,2.7255824,-0.3371056
117162.914,0.5075918,2.2473156,-0.06505367
128882.55,-0.11091041,2.2438598,0.85015035
118758.63,-2.2586808,2.8022776,-0.35530442
116364.97,-1.4380871,3.0375965,-0.42864412
121110.445,-0.6646032,3.1993768,-0.5535738
131662.12,-2.6360476,2.548202,0.3283693
129938.14,-3.2503405,3.004527,-0.16781884
117969.375,-1.7556553,2.3582108,0.03141785
132773.56,2.596615,2.1590824,0.004388564
118743.7,0.27504444,0.8606887,-0.19191347
116042.08,-1.1997997,0.85773754,-0.6068245
131709.97,-1.6832042,0.3164866,-0.17707247
115014.12,-2.608892,2.5060616,0.16909842
128620.195,0.36076647,3.1695092,0.12160229
125364.15,0.3053166,2.2285619,-0.252266
126273.64,0.0937532,0.9476958,-0.2946509
132885.05,-1.4068896,2.8616118,0.28525606
131081.0,0.48105124,2.61191,-0.02667348
124235.6,-2.089222,2.1289394,0.17756087
129946.58,-3.1031134,3.0015082,-0.16407067
123900.805,-2.667815,1.516362,0.692835
122992.266,-4.2009153,-0.07485323,0.27790454
117910.68,-0.863809,3.0292912,-0.35706884
117046.37,-2.933152,2.8816578,0.077303626
123795.586,0.2762936,0.65341425,-0.19632141
118566.48,1.2746233,1.3656927,-0.15787268
134285.84,-1.2065263,1.8797334,0.3001409
119345.33,-1.8275715,2.9271271,0.4836238
126896.87,2.7746875,2.8955877,-0.057230424
134290.2,-0.12844819,2.393412,-0.358293
116526.31,-2.104801,0.8358184,-0.23403648
118645.41,-2.4338138,1.9654119,0.26974723
116437.96,-2.711549,1.6575198,0.69911724
125681.85,-1.904994,2.2918134,0.19867675
123625.9,-0.850775,2.8795574,-0.3618883
120963.34,-2.3050303,3.0707724,0.624149
127102.19,-3.0806932,2.3536136,-0.03987642
131406.05,-3.4510648,1.350081,1.5289394
131458.84,-1.2582241,2.3769164,0.28637233
123223.695,-0.55906445,0.46870166,-0.21384288
121717.016,-2.802205,2.753155,1.166453
122664.85,0.711332,2.707756,0.23064262
128274.53,-0.10769539,0.28631955,-0.5899762
130584.75,-0.017644549,2.392062,0.035927698
118781.86,2.2689807,2.521938,-0.47369045
115723.78,-4.3072557,2.2045217,-0.16288495
132491.89,-1.0967541,2.0906026,-0.50620073
124733.65,0.15737888,1.745416,0.10382692
116007.875,-2.3934433,2.6531527,-0.4254651
133415.25,-0.604147,3.0144205,0.22359505
120140.75,-2.0562842,1.9165095,-0.26475105
128003.23,-1.229039,0.4961957,-0.33480597
116460.15,-0.118341975,1.3766067,0.14441793
116905.74,-2.8173773,3.048286,0.13427718
117445.875,-0.9123439,2.1465118,-1.168282
121614.445,-3.245659,3.2950575,-0.06574204
127843.16,1.3110882,1.7320997,0.5165301
125895.9,-1.1079538,0.8550163,0.10272077
118283.71,-0.8855037,3.1470387,0.0030005057
122431.65,-2.7863874,3.00682,-0.21127775
122309.12,-2.8496945,1.6274177,0.17882794
119940.42,2.0329628,1.6336021,-0.21575959
116536.9,-2.4775956,2.8417616,-0.12599413
129665.06,-2.5328846,2.2195477,-0.19674248
115115.13,1.4763668,0.49034223,-0.02424125
127099.2,-1.6073952,1.6622189,0.17768186
132008.9,-1.7194507,0.97757155,-0.52812004
119950.34,-2.6467078,3.1465838,0.25802532
121180.27,-3.0797217,1.4890423,-0.51080567
126891.555,-1.9694394,0.7950596,-0.34506294
131674.4,-2.4597392,1.7840569,0.08557476
121864.85,-2.0184262,3.0322301,-0.9205304
116599.75,-3.652527,1.3925982,-0.2984137
129506.45,-2.6239502,2.9981074,-0.17484644
129517.555,4.3098836,2.4577339,0.21347575
116306.03,-0.38718575,2.7641044,-0.17776291
125222.625,-0.5196235,0.2721453,0.07022149
133555.88,1.2867147,1.3598036,-0.5258174
115628.414,-1.2918708,2.9793742,-0.094933875
116408.2,-2.36891,2.8664796,0.06640478
125893.06,-4.0022697,1.0255742,0.37042287
119656.875,-1.3534187,3.1814892,-0.097535364
121396.625,-2.778378,2.6145022,0.8257315
124067.66,-1.732047,2.1929843,0.1648377
118334.86,-2.556234,0.7484054,-0.3723202
123968.31,-0.12008191,1.7665526,-0.18048717
119370.53,0.38973367,1.3158311,-0.08505238
124887.43,0.5185652,2.7995844,-0.3775345
121441.56,-2.141281,1.9459513,-0.029426353
127928.8,-3.175754,2.4784815,0.43973458
115327.05,1.1782134,1.9498929,-0.30328828
132546.22,-0.33851862,2.6729474,0.55345166
134311.2,-3.0292423,0.33937177,-0.5163293
115045.12,-1.41701,3.0268114,-0.55002946
120351.62,-2.736899,2.2544346,-0.09089158
115580.51,-1.9497688,3.0313659,-0.36746347
126127.516,-1.3979226,2.0797596,0.039929166
115497.28,-2.7650175,2.6148584,-0.17283021
123842.79,0.5186058,1.1385902,-0.264431
117341.016,-3.3661416,2.9301236,0.3113538
121777.75,-3.902708,2.211584,0.28063416
119533.42,-2.4363124,1.430685,0.34114313
126619.96,-2.4459586,1.6827198,0.61304754
123389.516,-2.8822596,-0.03168936,-0.06422614
115753.695,-2.1536467,1.9180819,-0.59751517
131982.03,-0.5181922,2.134611,0.17530744
123226.51,0.6371362,2.2855175,0.18601914
127000.42,-0.49729612,2.6453867,0.3758249
125935.43,-2.2208223,1.8455125,-0.002880414
125642.29,-1.5360773,0.95787406,0.16857694
118487.38,-1.9875433,0.7974172,0.28306043
127324.625,-2.1600714,0.73900324,-0.14489561
122402.72,0.24830107,1.0519333,-0.22975758
129508.53,1.2493495,2.18219,0.8920984
126474.914,-0.5825222,2.871697,0.11300038
133793.69,-2.2047472,1.0993025,0.41085237
122970.44,-0.22640623,0.6153519,-0.33002228
134609.2,-3.8361852,1.6324977,-0.33372903
117986.945,0.28236857,1.073162,0.33023652
116499.91,-1.3095285,1.7740027,0.40562496
129597.47,-3.387736,2.0661852,-0.31729165
118062.1,0.99252546,2.664362,-1.0582274
130466.22,0.71996003,1.7044315,0.4164934
120283.22,-0.95845073,1.4114878,0.2629464
133544.17,-2.1021593,0.39425784,-0.03416387
134893.88,0.38403103,-0.5189319,0.072564326
118783.97,-2.65731,0.31523642,-0.49702162
119717.516,-3.583762,2.9571457,0.004333733
116557.76,-1.7995397,1.4888659,0.20089264
125491.664,-3.6475515,2.671224,0.2120424
128916.27,-1.549259,0.41701916,-0.056755126
124992.28,-0.027475584,0.7751191,0.19866781
124406.4,-3.528985,0.45256144,-0.60981876
118529.39,0.6343355,1.7443043,0.5345892
120148.31,-2.5669608,3.178742,-0.22358432
119146.01,-1.3772712,2.7035263,-0.013227972
123478.47,-2.31683,0.43057644,-0.3417591
123018.86,0.5443708,2.5343194,-0.13590603
118807.08,0.14731814,1.5502805,-0.0008385563
130102.83,-1.3770477,2.7830698,-0.1521625
119905.28,0.095444225,0.9997256,0.8360886
127190.9,0.032898925,1.0713314,-0.0921807
134762.55,-3.3436477,2.4033217,-0.20805822
119951.5,3.0649238,2.412592,-1.4908065
118059.03,-3.1612003,2.4407017,0.11562392
119526.16,-1.1971147,2.9375484,0.22055788
117820.15,-0.008236786,0.90986526,0.1131601
116943.875,2.9060414,1.8564582,0.47822353
124635.88,-3.0944922,1.5885344,0.4796998
130157.95,-1.4228659,0.44504496,-0.60370123
131787.75,-2.1744301,1.9368536,-0.29599994
125383.92,-3.9008124,2.7666273,0.021747932
118706.055,-3.009548,2.368574,-0.1395797
133165.86,-2.6989372,2.5391858,-0.2740583
134558.77,2.2536147,0.19603868,0.012845646
116513.09,-2.6593575,3.0887108,-0.0032704887
122302.18,-3.0174553,2.4163473,0.22968009
122563.945,-3.5724926,1.7703964,-0.2845504
115950.64,-0.2190921,1.6102294,-0.07342672
123924.63,-1.3055512,2.7739062,0.2312386
129559.44,-2.643235,3.0723484,-0.01627437
119760.55,-2.6776032,1.8015705,0.03934629
129352.766,-0.9207887,1.2693034,-0.49581772
117914.016,-1.0361754,2.3767633,-0.5359799
133839.8,-2.959498,2.854584,0.32591322
126405.2,-2.4304945,3.0634222,-0.17627056
115076.54,-1.062824,3.1676154,-0.25607258
116637.805,-1.2386602,2.4083397,-0.26238826
116922.35,-0.13310076,2.8360806,-0.15257671
131101.81,-1.8550915,2.7648978,-0.099286675
134535.69,0.8809328,1.509296,0.2553237
116494.33,-0.51785195,2.7620153,0.21206982
134299.66,-1.9921722,2.9187572,-0.045333594
119911.85,-4.4523697,2.8712463,1.9866189
126648.99,-2.483551,1.2617371,0.38974303
120216.34,0.14055747,2.2870717,0.011372957
127840.82,-3.3590727,2.6260068,-0.0103520285
131081.03,-0.93427455,2.9445362,0.52605164
115017.016,-1.5473472,3.024284,-0.23117097
132042.2,-4.897129,2.283116,-0.2513434
118924.28,0.56186306,2.5873694,-0.01044381
133797.27,-2.4439776,3.719512,-0.80614376
124218.48,-0.45235646,0.48397288,0.60622644
118517.12,-0.52628124,1.326701,0.052474137
126180.9,-2.3208368,2.6779058,0.007875695
115153.5,-2.3173034,1.1210438,0.001334121
122950.45,-2.8148742,1.2357448,-0.40197778
129394.05,-2.508976,3.0570433,-0.21565111
133244.52,-0.912254,3.1904924,0.14885923
132919.08,-2.2748556,2.814863,-1.9084749
117562.1,-3.623462,2.3541083,-0.21665238
118747.38,1.1059496,2.9608762,0.32440895
128773.64,-0.41995105,1.1425815,-0.18007326
125148.086,0.7029685,2.8418827,0.16909485
123609.09,-1.6773111,2.175394,0.27999467
119993.375,-1.2312497,2.735443,0.06433252
116134.17,-2.1570778,2.6665194,-0.40578705
128610.38,-0.8280002,2.4911983,-0.035334986
118856.58,-3.0872462,2.8656158,0.5003985
124739.12,2.8913987,1.3261721,-0.21924582
133725.56,-2.5336,1.3029407,-0.33786964
119117.19,-0.84841824,2.3748877,-0.18683386
123556.41,-3.7780616,1.8666227,-0.056025334
132216.77,-3.5358522,2.7210152,0.20791994
121823.65,-1.2744315,3.2431288,-0.20243834
122352.984,0.08563971,2.8576758,-0.012007685
119735.46,-1.7748145,2.1501975,-0.19316892
134205.64,0.40190563,2.7939918,-0.16144563
116389.65,-1.6297129,3.194774,-0.38066286
127312.6,-3.303545,2.8867314,-0.11829335
119098.89,-2.5860536,2.5142486,0.0144542195
115958.35,-0.38364977,3.0022295,0.33351147
126678.24,-0.041841052,1.4261588,-0.3981441
126930.89,0.9182532,-1.3113245,0.7287659
131203.69,-1.0119454,2.8455164,-1.2640268
131009.61,-1.8052981,2.0205998,1.3442705
117962.15,0.92290956,0.16680478,0.7361401
121676.99,-2.204811,2.5279796,0.5123242
134086.05,-0.7928027,1.531614,-0.07180712
120791.445,-3.5476508,1.1654527,0.19180441
129575.63,0.25568786,2.671603,-0.11816671
118326.914,-3.9771705,1.0085951,-0.034052122
125213.52,-3.263676,3.1322694,-0.048089147
127417.88,-2.3870168,2.8597915,0.18164876
119281.11,-3.534842,3.0468173,-0.047958627
122934.305,-2.5826976,1.7714298,-0.51027346
119922.164,-3.5367324,1.7089765,-0.33521155
117914.016,-3.141731,1.0618716,-0.20395572
134776.64,-1.3364416,3.1079445,-0.23326974
117116.95,-2.7264543,0.767749,-0.38825038
123086.3,-1.9840642,2.3388557,-0.20654172
122121.5,-1.4173523,2.0279207,-0.03130074
132324.14,-2.0262828,2.1896746,-0.2778816
127853.97,-3.1174505,1.6321267,-0.5368521
117173.32,-2.9469903,0.96120864,-0.5565073
115773.45,-1.5081725,2.1861005,-0.17550799
121354.98,-2.920003,0.85696334,-0.24042846
115095.84,-0.43901283,2.1229227,-0.027859796
115213.7,-2.1515858,2.775312,0.06107902
118181.2,-0.058923535,2.3116066,0.4552017
124205.91,-0.74483675,1.8270134,0.4901439
122071.22,0.76138365,-1.0401387,-0.07970218
134299.27,-1.5530237,1.9748429,0.569864
130096.586,0.59212387,2.2821443,-0.9193059
122876.06,-1.5114884,2.0950723,-0.070236094
133741.14,-3.567994,2.7410321,0.0018728949
134490.2,0.60440326,1.3008906,0.15225935
117633.16,-0.458108,2.847225,-0.29267672
119615.86,-0.28485414,0.876866,-0.18166515
128370.32,-1.5726292,1.3710402,0.37197125
118442.85,-1.9189177,2.4549425,-0.13831978
116552.766,-1.6897672,2.9561987,-0.2056391
122900.125,-2.3935323,2.443178,0.23023914
130517.67,-1.6020935,1.3614827,0.13936096
124412.695,-2.0514698,2.4127417,-0.18310326
132585.58,-1.8756555,1.3692986,0.07061604
121289.46,-2.5938451,-0.077549756,-0.46723202
126808.91,-2.9689367,1.5614961,-0.3697649
124732.1,2.4571476,2.1015036,-0.21787266
134186.27,-2.8178675,1.9426848,0.10550105
116850.27,-0.3897602,2.6615458,-0.35813448
115285.28,-2.0962734,2.8471172,0.19483382
127697.33,-2.147063,2.1127448,-0.2999746
128547.76,-2.6355028,2.4163373,0.17061163
116691.445,-2.654469,2.8394418,0.14056426
129363.516,1.1041057,2.241036,-0.19576147
128817.836,-4.0462294,0.67759633,0.41911516
116236.48,0.5800401,1.9742613,0.03197093
115377.55,-1.4973106,2.6076303,-0.0070797517
122019.49,-2.1576025,2.6582859,0.65181303
120761.88,-1.0179573,2.029295,0.037861086
122688.14,-3.3431766,3.0630777,0.020608997
121078.12,-3.3095698,2.9719646,-0.4205166
121134.8,-0.43441054,3.0225933,0.5612251
134234.3,-2.167018,3.4748893,0.49523187
116872.97,-3.2564034,3.0704107,-0.4692551
115472.62,-0.38141975,2.1545396,-0.85882616
124097.266,-3.1830308,1.0799527,-0.28450838
122356.52,-2.9227145,0.71613383,0.8608901
119045.52,-2.6046875,1.8715414,-0.29438034
121392.32,-2.1656744,3.0984492,0.35284537
121814.2,-0.48165634,1.6549494,0.13260543
127357.91,1.259409,1.8699005,-0.05942128
116084.43,-1.1409072,2.9842443,-0.50409365
132114.2,-2.2625847,0.46532676,0.48218566
122400.375,-2.6393714,2.9400668,-0.055375706
125276.03,-1.4056367,2.6840866,-0.56464815
119497.2,-2.104536,0.14018463,-0.22339897
115706.73,-1.242021,3.1887798,0.12132336
118735.88,-2.8151338,2.2555013,0.57463545
128682.64,-3.293498,2.6252525,-0.29552525
122969.61,0.4898487,2.215073,-0.34253058
116403.586,-3.2480564,2.3962252,-0.012143273
123375.2,-1.0418783,0.5531395,-0.24121277
122231.164,-1.5640808,2.6702235,-0.16839278
127524.625,-1.414948,1.4733167,-0.24955304
118342.81,-0.8670746,1.3144375,0.04587058
129624.06,-3.331643,2.616044,0.17588077
116656.15,1.2608575,2.7734509,-0.56181365
118276.64,0.20903479,2.672492,-0.15839954
128893.47,-3.3197567,3.1937506,-1.0302576
116411.89,-1.9547212,2.7289038,0.1276623
127675.53,-0.7816512,2.567275,-0.2672247
115386.59,-2.0042458,2.8770208,-0.08158283
122614.35,-3.4039547,2.1087394,-0.15190922
127044.14,1.225985,1.3907739,-0.09098455
116362.6,-3.530171,0.8778675,-0.30558464
123175.0,-0.1836735,1.529744,-0.73661005
119226.16,2.3546941,1.2872496,0.021302132
122641.914,-2.5859718,2.9311364,-0.12918445
121159.39,-4.130352,0.37652275,-0.13013238
129979.61,-0.27227855,1.941103,0.04393421
129755.805,-3.6787615,-0.3816414,0.117429174
132912.19,-0.89979,2.9193199,-0.22499175
131693.95,-1.7590615,0.49680975,-0.18994701
122158.42,-2.645687,2.3735003,-0.47939673
131291.1,-3.3927906,1.2604241,-0.41524062
124722.92,-2.0751345,2.7047222,0.19420266
117326.195,-3.9086828,1.7779219,-0.1807959
126698.95,-1.2117633,1.5860742,0.530397
132881.7,-0.56757504,0.56498504,-0.16609912
124925.12,-2.3532703,1.1679934,-0.11278821
121899.586,-0.783324,0.69948786,0.32920128
127566.95,-3.030818,1.9523231,1.128532
134331.95,-0.68051296,0.4713585,0.14501391
120070.03,-2.8505807,2.73689,-0.04318744
115921.945,-1.771375,3.1018221,0.22183867
128981.52,-2.011149,1.409851,0.27297154
120528.81,-3.434042,1.7971395,0.22519825
120487.25,-2.9080074,0.20585935,0.8724469
119964.58,-3.607233,1.7793832,0.11929224
127628.78,-1.7663859,0.47928447,-0.14901985
132857.83,-3.289934,1.2504418,-0.06169915
125380.125,1.2640467,2.6637769,0.36854908
130614.44,0.6026048,2.057799,-0.63310105
123412.73,-2.5164933,1.7295909,-0.05806064
115755.73,-1.8529179,1.2131634,-0.14419593
125198.99,-3.174661,2.1337118,-0.18587968
122708.21,-1.8186314,2.9264426,0.23946683
117993.266,-1.9628803,2.6379926,0.1364579
126358.72,-0.41351655,2.355056,-1.0746377
129740.336,-3.1342795,0.51422167,0.67664254
119075.21,-1.2767045,2.8614028,0.09194767
125728.14,-0.3674779,2.8341136,-0.3184249
115768.234,0.6837383,2.53882,0.87094563
115841.59,-2.5198216,2.5834265,-0.20967245
127110.67,-4.2255406,1.2490889,0.34503374
119842.44,-1.0105867,3.2228012,0.950792
125550.36,-0.8427555,1.9918694,0.01937947
128407.68,-1.8283854,2.0581977,-1.1572602
126988.64,-0.23599756,2.0354264,0.2217004
132071.73,-1.3774227,2.6021655,-0.38441518
118107.64,-1.3459936,1.9705504,0.4112594
116559.266,0.18521816,-0.33056524,0.12028873
119667.555,-1.9348963,3.1512914,0.2207945
132849.98,-2.416171,2.823567,0.18443322
133688.31,-1.342292,2.3305395,0.19006948
115585.16,-1.3772876,2.0155635,0.13546796
133925.53,-0.6748347,0.9153475,-0.37142023
117366.11,-3.388098,1.6873567,-0.37320584
132745.89,-2.072244,3.1417432,-0.31485078
124857.25,-0.44824633,1.2117718,-0.38318864
123273.03,-1.0231678,0.9597612,0.08454429
128881.914,-0.320935,2.871767,0.01317642
127673.17,0.90146756,-0.47194424,0.17892152
124609.54,-1.1634997,1.6873549,-0.19915503
116558.086,-1.508071,1.5599632,-0.21749301
123704.055,0.6444534,1.7717772,0.92778033
130415.14,-2.7178166,2.3582985,-0.15760896
120081.24,-3.0130105,0.83443993,0.12729219
123020.555,1.364564,2.2491174,-0.16378161
119677.664,-4.2102594,2.879936,-0.3445483
134177.61,-3.2226462,1.4723016,0.021660917
129191.0,0.42897516,2.854169,-0.6315822
133010.9,-3.8455958,1.9350024,0.014328466
122559.27,-0.5221401,1.5585616,-0.2243919
131010.445,-2.6130345,2.4136083,-0.91706383
123333.76,-1.1035998,2.3163533,-0.062751666
134932.73,-3.0724802,2.4558492,-0.12055215
125482.37,0.6783587,1.9861335,0.7345017
119761.32,-1.9242452,2.2598908,-0.41810167
127127.734,-2.4985006,1.4085722,0.013699697
123008.07,-2.2464032,2.2552764,-0.20162928
120549.26,-1.8564103,2.4838345,0.29274288
134983.16,-3.4773521,0.76905084,0.060269073
118445.14,-1.9389454,1.779267,-0.026040541
127830.195,-2.776212,1.5482619,0.028358044
123176.586,-2.2065697,2.9457767,-0.15601468
119468.04,-1.0665545,2.902199,-0.3278645
117556.38,-2.511693,1.5418456,0.28895298
120943.71,-1.7879236,3.0614996,0.8539039
115592.64,-0.01074612,0.94650227,0.3187685
121711.39,-1.3690743,2.1650593,-0.22410789
122339.41,-3.6073713,1.7948397,-0.06832774
123741.555,-1.1631877,2.6982627,0.04727711
118693.86,-2.6428595,2.6235206,0.7904865
123517.8,-0.13966821,1.0683436,-0.17733827
116796.85,-3.2326603,3.1441803,-0.040504295
124583.9,-2.7732809,1.5725826,-0.6804053
129937.24,-1.9428279,3.088892,-0.30563232
122053.14,-1.3947642,1.4188898,1.1528949
125979.7,-3.4551244,2.5804336,0.15519579
120529.38,-0.6823631,2.4205153,1.2802279
134761.44,-1.6281556,2.9292417,-0.7885749
116267.03,-3.5960305,1.5278387,-0.08598838
122581.24,1.2190859,3.0580797,-0.13859989
124148.93,0.48375687,1.5334176,0.43979537
119537.484,0.48983976,0.5559634,0.12443264
116100.164,-1.2717007,1.5285515,0.12565024
119898.734,-2.9558115,2.7115142,0.20214482
131214.06,-2.9615254,1.5601114,-0.1869322
132640.47,-0.35772502,0.36817116,-0.26512504
120773.75,-2.6726732,1.1167401,-0.059339035
122679.7,1.2844644,1.2151581,-0.16131213
126941.11,-1.4755508,1.0962902,-0.22360072
116290.5,-0.84615064,2.6186445,0.033248726
124915.63,-1.7119864,3.0518746,0.230558
119108.086,-2.7055273,2.5231829,-0.5920252
120203.08,-0.3148456,2.291067,0.2916689
118138.85,-1.037087,1.8295515,-0.16865322
117042.45,-3.2286325,2.9981728,-0.46845916
127408.234,-0.18934068,3.0378013,-0.031810906
117994.09,-1.0677645,2.4727511,0.1737835
119618.87,-0.95592004,1.7495588,-0.09743583
118287.39,-2.600279,2.1090305,-0.3696138
126535.54,-1.6615105,1.7800868,0.67790246
123646.94,-2.3236802,1.8505148,-0.2986473
124472.22,0.42588103,2.8536687,0.20059703
118270.01,-4.1844316,2.6499062,-0.33370936
128359.47,0.4341309,2.6526237,0.15153165
116897.23,0.008514721,0.7998476,-0.44740286
125161.86,0.41749683,1.2906429,0.09655288
120207.61,-1.0120484,2.7478852,-0.26302955
123641.48,0.15098502,2.610588,-0.10092773
133140.84,0.009406385,1.3606787,-0.25918362
128645.29,1.3258266,3.3763726,0.2649376
128542.0,-2.0760741,2.995857,-0.25386563
119445.97,-2.785213,2.7726667,-0.8183827
130716.97,-2.8048499,2.919413,0.50952786
116341.72,-2.2733386,3.0385237,0.2484734
134039.66,-0.19526549,1.4639664,-0.02797512
127065.97,0.90757114,2.4703767,-0.3654684
131626.38,-3.0520475,0.5010717,0.46009892
115169.8,-2.2437396,2.738541,0.21733895
130389.73,-2.6505353,1.2219981,0.065438084
116134.484,-1.3401749,1.2445533,-0.32328552
122362.305,-1.878292,2.4763725,0.36063254
131985.89,-2.9051356,1.2761937,0.22336261
119335.14,0.29641476,3.2097697,0.38760582
134055.69,-2.609842,1.6700302,-0.06453665
128349.88,1.1296502,0.6834806,-1.0751042
117470.1,-1.8209141,1.1011963,0.27215442
117842.0,-3.2274272,2.287906,0.9664296
124477.62,-2.238616,2.4945228,-0.5316
117270.625,-3.619435,3.3715732,1.1028013
134323.97,-2.4664352,0.7933114,-0.010929542
130664.88,0.26562187,1.8699461,0.2645061
123694.95,-1.8746468,0.642622,-0.11690619
131343.2,-1.6015558,1.566558,-0.05557566
133405.39,1.3467396,-0.30298096,-0.17979166
127984.93,-4.244847,2.1037505,-0.22194564
117571.21,1.3438797,0.65379286,-0.10751251
127755.43,-2.5495975,2.8194017,-0.08038459
121524.516,-2.6576636,3.1964467,0.32257926
133783.73,-2.2030616,0.29322472,0.5420939
122837.64,-0.03872867,1.3239704,0.5286871
130242.664,-2.0595205,2.5054486,0.0066074305
117908.05,-1.3507278,2.5028217,-0.21295278
125046.555,0.8050177,3.0500073,-0.06466181
117395.16,-0.83398765,2.6791923,0.5080343
131347.53,-1.9137474,2.8809536,0.026996804
117547.875,-0.0076605966,2.8522067,-0.45912895
133310.88,-3.5254178,2.8314874,-0.117138624
115366.89,-3.5281677,2.6172833,-0.32521293
115597.47,-2.7761924,2.6707835,-0.83308095
133770.44,-1.3469304,-0.16984105,-0.27888376
122093.03,-1.9768906,2.733566,1.2820623
117487.31,-5.1500735,1.8926568,0.03137494
120825.27,-1.1538141,1.0040865,0.19973464
119538.39,-2.4110525,2.403395,-0.36868018
122795.914,-0.36721408,2.705537,-0.16208751
115328.78,-1.4401253,2.7965562,0.094999135
122256.76,-0.5298575,1.9514239,0.027592793
128738.41,-5.4682784,2.5171578,-0.73721945
131992.19,-1.6662178,2.6553664,0.7682615
115322.805,-1.9592106,2.3645864,0.13441008
123162.0,-1.0152241,2.6834114,-0.43957424
122022.12,-2.1573954,0.36636668,-0.08257545
127257.28,-2.6638544,1.7056792,0.84587234
117629.07,-2.6233559,1.9572775,-0.1310806
122391.52,0.1524384,2.271536,-0.072655216
126872.84,0.89011806,1.0346364,0.10526504
118916.99,-1.8770714,2.7621598,-0.10067414
116461.195,-2.923073,2.8787062,0.19300294
133945.44,-0.6755907,3.0008924,-0.22378547
117522.586,-1.0421033,2.6439044,-0.059516042
116332.7,-2.9999232,2.4686413,1.0383911
116267.15,-2.1978822,2.506043,-0.036351744
127854.13,-4.54738,1.2665155,-0.25723177
125754.234,-2.3109567,2.5874157,-0.18603493
116972.93,0.7117818,2.3724885,-0.6289077
125677.79,-1.5471271,3.184881,-0.18786879
119748.484,1.9974878,1.2605166,-0.058056764
126173.13,-0.86469376,2.9128938,0.06752464
116829.734,-4.131747,2.9823067,-0.2168866
115481.734,-1.9625306,2.6742768,-0.21102802
118386.73,-2.9792612,1.7845622,-0.021973811
117406.19,-0.73226976,2.744574,0.59266055
134585.02,2.1940424,0.68128216,0.038936846
126472.54,-4.388323,3.1948535,0.27681923
126339.0,-2.6745107,2.785534,-0.07484368
128127.016,-2.4845395,2.2966738,-0.10136131
127160.91,-3.1181765,2.9577794,-0.009663661
115662.51,-1.3120894,3.103585,-0.272782
134347.78,-3.6253588,2.1252797,-0.1691461
115789.43,0.111102246,1.0730338,0.3737157
131420.83,-1.5960432,2.3175743,0.3560041
115090.016,-1.2407463,1.8816342,-0.19737124
118733.38,-1.3078477,2.1860466,-0.21215326
116098.17,0.32072216,2.0103915,0.019850899
130872.51,-1.4654433,2.4769797,-0.09614254
128237.25,-2.4373288,0.98971826,0.17969808
130586.164,-3.8629053,2.1516626,-0.49001667
133944.05,-3.805771,2.8665645,0.18763547
134879.77,-0.33723053,1.6288307,-0.11698516
134844.31,-2.579583,1.8356262,-0.26610902
119824.19,0.021396838,0.4361562,0.03577751
121484.625,-2.4894497,0.71816903,-0.38663465
134376.8,-2.0408716,1.6587477,0.19389215
122855.17,-1.9656985,2.3095996,-0.23501927
119930.2,-2.0628788,2.9094405,-0.246023
125608.02,-2.810504,2.5578637,-0.031164555
117713.73,-1.5441886,2.1483738,0.45538047
132753.75,-2.704106,0.45126435,0.57527494
131397.03,-2.336627,1.7026263,-0.4562381
118198.6,0.07367577,0.41357845,-0.064435035
118658.72,-0.94412833,1.16095,0.06657106
120159.03,-1.9098133,1.6046293,-0.3717239
124496.03,0.39813578,3.2772245,-0.3028118
118585.28,-0.71711385,1.5234075,0.6886666
123290.55,-1.3517493,2.5152216,0.812674
121835.21,-0.17046523,1.9981642,0.11630394
132394.84,-4.8129654,0.49898714,0.2541508
115087.41,-2.6171467,2.3231668,-0.31215453
115764.77,-0.7039879,2.6660905,0.5432364
117659.805,-3.080241,1.7959254,-0.07958627
127284.32,-1.4446619,2.7218223,0.08874006
132846.47,5.391876,2.5041444,-1.0884446
128369.875,-1.0820727,2.0962982,0.6936407
134681.3,-2.9536593,0.51812154,-0.07035767
121686.97,-2.922692,3.0012584,-0.09143929
127712.85,-3.2594504,2.828712,0.17241153
128937.46,0.4328745,2.9941928,0.017356088
123542.57,-1.2250931,2.610174,0.04179819
127844.8,-3.5032187,1.5080734,-0.12868382
120637.99,-2.1069224,2.3604755,-0.13386595
119739.91,-4.261732,1.6040633,-0.35669574
125723.445,-3.5595315,0.57236683,-0.17001237
126020.13,-0.887482,1.7860118,0.18876606
116092.54,-0.85580397,2.3523097,-0.5310648
117145.58,-3.1097236,0.7465443,0.86355835
123656.56,-3.0255697,1.4266193,0.50388145
122724.555,-4.245891,2.283076,0.015316616
116070.69,1.0768633,1.8038144,0.15612255
123852.68,-2.496215,2.816247,-0.18465254
133084.27,0.86661935,-0.17159157,0.4738293
122247.91,0.07824189,0.7933791,0.008837621
134975.81,-1.8009508,2.7763767,-0.4342479
132051.89,-2.1336877,2.841917,0.029651338
127013.16,-1.9507571,1.5438327,-0.12510611
127094.55,-2.2078114,3.0458171,0.55100274
133968.6,-0.7821551,3.1765893,0.12176797
115124.93,-2.6622255,1.400038,0.2380901
121975.29,-3.493665,2.7980614,0.09300615
130618.42,-0.22223273,3.221291,-0.0569965
123004.08,-2.5844107,1.4679751,-0.29946354
122159.91,-1.0233124,0.396216,-0.0062191435
126107.84,-2.42768,0.80023533,0.20571122
132860.3,-1.6369158,3.092036,0.41498554
123278.56,-2.019201,0.8449399,0.40654278
124703.266,-3.6888933,2.7190378,-0.19912285
116306.66,-1.8752364,3.1559572,0.5346577
118331.73,-2.7544367,1.6722299,-0.09755652
134726.8,0.6986545,2.7491956,0.09908404
119372.836,-2.0171604,0.87973255,0.069379956
131424.25,-3.0841553,2.7764957,-0.40347552
128219.97,-1.7728645,2.7258763,0.0452138
118902.016,-2.7326562,1.7544098,-0.023155954
118935.95,-0.5828959,0.69192874,-0.7099774
128149.69,-2.9712372,3.156699,-0.07735548
134366.39,0.41516864,1.46104,0.77874076
115703.97,-1.3244877,2.4615538,-0.83962643
116494.87,0.55928487,2.978391,-0.2942239
133269.98,-2.6186845,1.3892598,-0.59004235
120887.914,-2.7234566,2.944041,-0.062077004
130488.77,-2.7384238,2.8241768,0.30039716
115723.91,-2.1913018,0.19485262,-0.057527527
116633.77,-2.3261456,2.802297,-0.4227474
120746.14,-1.401632,1.6117685,0.06057005
122937.9,-3.1168568,2.866267,-0.37959513
124191.836,-1.2475145,0.42381775,0.35396224
122116.81,-2.2659168,1.0228271,-0.781825
131980.47,-1.4978262,2.8652503,0.12268877
117091.016,-1.2754254,-0.059492465,0.16833317
130313.86,-1.6688938,2.5030477,-0.09616459
121697.36,-1.5720263,1.5076004,0.03243699
118744.266,-2.087601,2.5300658,-0.07339692
130577.05,-1.6515149,2.787613,0.059869166
126500.68,2.3713737,2.3023844,0.422498
131627.47,-2.7042613,0.42308387,-0.5619695
119138.234,-2.5079927,1.9920505,-0.6388169
127417.65,-3.0893526,2.8683677,-0.6843975
130893.375,-0.9047911,2.6519046,-0.2689948
127227.72,-2.8802524,0.7661449,0.09795941
130021.4,-1.7727536,2.8795636,0.99589884
120085.086,1.0066205,2.2461283,-0.070230134
118155.65,-4.6236486,1.5450302,-0.16863266
128671.01,-3.378845,2.2813334,0.014356477
123089.59,-2.7596672,2.723937,0.05040486
126682.1,-0.59002024,2.3865564,-0.30088735
116916.11,-3.3636189,2.5971787,-0.44689032
124962.6,0.44200882,1.0282674,0.35218084
120318.945,0.14435452,2.4587286,0.052204154
115471.92,-3.6352792,2.4425342,-0.13425215
125828.29,-3.2812076,2.401979,0.19781734
118583.31,1.6537228,1.441474,0.39452705
115586.74,-2.6667428,2.794325,-0.117132075
131608.02,-2.2627046,2.7869372,0.009139787
115195.19,-0.9156736,0.4477822,0.03345613
121653.31,-3.1824374,2.0373876,0.0022436
121207.74,-4.0727787,1.3321974,-0.76397514
116858.32,0.44492316,1.2607417,-0.41002214
115908.65,1.8707467,2.483984,-0.2481346
118307.33,0.31275126,2.896878,0.28442883
134528.61,-2.3455462,1.7799573,0.0759406
132237.62,2.0437248,0.93421054,-0.35434994
125981.0,0.4772139,0.89263755,0.13101593
118066.94,-0.6834631,2.5552256,-0.74654037
115720.93,-1.8451675,1.5134296,-0.28827056
133234.0,-3.4314961,1.8979521,-1.5173527
121670.98,-2.0192194,2.9236333,0.18565142
131480.95,-1.6637753,0.92916185,-0.29223746
126771.586,-1.6026407,2.4784968,0.19025186
126416.33,-3.183231,2.4954622,-0.59546673
128207.19,-2.6747818,-0.28129163,-0.015147354
120094.39,-2.3193815,1.5157117,0.14520225
131772.11,-2.007445,1.5971845,-0.24206355
115805.375,-2.9210696,2.0750272,0.48702154
115741.08,-1.191743,2.6270719,-0.25618818
134999.34,-1.9868288,1.257126,-0.53926086
126524.05,-1.7415612,0.08973202,0.2700613
122698.12,-3.0541086,1.6764067,-0.10316865
122365.45,-1.9214274,1.8797649,-0.13038686
132972.97,-3.838628,1.9595926,-0.6566039
124359.01,-1.3310878,1.7932141,-0.11800698
130491.63,-3.3122745,2.9213245,-0.19182855
116183.48,-3.7406235,2.4500902,-0.3924071
134093.5,-2.6994903,2.2893994,-0.24006133
122396.42,-2.2577333,2.1177645,-0.1495482
115444.63,-0.20440668,2.246158,-0.35905498
131053.625,-2.0950563,2.403294,-0.32401946
121508.21,-1.8417716,1.112757,-0.124881715
115127.695,-1.2265434,2.8175108,0.66110927
120774.94,-4.880153,1.0828695,-0.4959277
125050.64,-1.8739091,1.5537932,0.54906696
121376.35,-0.029600563,1.2060997,-0.5373954
121886.8,-2.8509612,2.095244,-0.22392195
133566.72,-2.0855021,2.344318,-0.0406822
132664.33,-2.4769406,0.95781094,0.12441178
126380.11,-3.9627643,2.9779513,-0.2170797
129330.39,-2.6269312,0.4467553,0.19570218
123510.57,0.2807268,2.9495902,-0.07174275
122530.88,-2.5338662,2.1060114,-0.5481664
120433.18,-0.34756818,1.5174088,-0.30730942
119540.63,-2.6373217,2.5745797,0.89107335
125484.82,-1.9076136,2.8812907,-0.041284148
130377.66,-2.5631425,2.3736513,-0.2131706
126564.92,-2.0598292,-0.28946912,-0.68980014
125204.35,0.56292385,1.7283696,0.19741863
115035.7,-2.3621063,1.4665536,-1.7844625
119274.5,-2.9226897,0.30774868,-0.0065850806
130469.29,-1.5127242,0.6135442,0.28618044
119426.375,-3.3901834,2.8393695,0.07673804
129150.7,0.5455961,0.5040363,0.8473558
123630.375,-1.6619782,0.9339673,-0.07628627
124956.18,-1.6168398,0.3176987,-0.26763237
116703.14,-2.055039,1.7577888,-0.03145778
121558.19,2.9982998,1.7807494,-0.20978181
124317.35,-0.79727167,2.6700568,-0.21636482
132547.72,-1.2682412,2.7629836,0.1821768
119441.625,-0.25684094,2.012009,-0.31070715
123278.72,-2.293339,1.8362632,0.23050077
119981.266,-1.5431055,2.4828916,-0.5115688
117936.48,-1.5183558,2.8882089,0.5017758
124532.664,-1.3730109,0.78176266,0.54162246
116333.79,-2.0743225,2.4492414,-0.32226637
119050.95,-0.71610373,1.5629666,-0.46147892
128446.14,-2.9760153,2.8658693,-0.45126906
133233.0,-3.0149844,2.5339503,-0.041358646
116038.914,-2.808487,3.1794307,0.28243166
118066.34,0.6572233,2.6599164,0.035761416
131064.04,-2.00094,0.8484893,0.13028823
121176.12,-0.15197483,2.4872818,-1.1173605
117562.27,-3.2269745,1.5544264,-0.32861513
117571.79,-3.7875605,2.6851523,-0.4026423
130217.75,-1.188777,2.4512498,-0.31832957
120751.04,-0.622396,2.4695318,-1.1691737
122542.99,-0.47820026,3.5064406,0.5172894
132931.84,-0.7744032,3.2741954,-1.1083193
121796.09,1.2703307,1.4733537,-0.09136211
121827.91,-3.3929663,2.7961466,-0.05925947
118135.88,-3.0350187,2.6922905,0.45905057
128815.58,-4.014867,0.60288185,0.044575498
118231.68,-3.1772218,0.9393172,-0.21103488
130645.77,-1.8382064,2.5162556,0.0733254
122409.13,-1.1178974,3.044886,0.22011805
124532.87,-3.429591,2.3287728,1.3988916
130792.25,-2.2571297,2.9383855,-0.14562064
127208.664,-0.37342164,2.4205508,-0.007822949
126206.55,-0.33131158,0.8720636,-0.09842964
130298.65,-3.179169,2.076261,0.011110126
120476.22,-3.0533555,2.5042315,0.35402066
120039.01,-1.345382,2.8612456,0.19876198
116004.05,-2.4805121,1.7249205,-0.30506405
117786.09,-2.5562387,2.685253,-0.27676052
124387.23,-1.9815567,1.1458018,0.44905466
132887.08,-1.9663198,2.9908783,-0.15446839
127652.34,0.05881642,3.0728528,-0.28473815
128860.84,-3.8011441,1.4157206,0.02711481
115446.64,-1.981205,1.4682132,0.53117716
120594.63,-0.19149975,2.6028047,-0.14644161
131123.81,-2.3564365,3.1268606,0.44733164
126025.02,-3.7209938,2.093076,0.16292994
121943.08,-0.5257684,2.3572903,-0.6431983
121180.125,-2.7020247,2.2044349,0.39872518
128848.49,-3.8747933,-0.044472907,-0.6196585
123503.2,-1.0864491,2.7584999,-0.3345783
127363.27,-0.048618253,2.4044044,-0.28079864
128826.984,-3.2457027,2.8776038,0.27957568
128228.414,-0.9400468,2.2002156,1.066514
123781.09,1.0319902,1.779614,-0.32402572
118809.2,-2.3834794,3.0210729,0.71966875
133913.31,-3.6327877,2.6473398,-0.03276985
119394.52,-1.0976874,1.7150557,-0.3397622
118353.04,-2.5598905,2.4866717,0.76776266
132441.31,-3.1503067,3.0936255,-0.049867578
117759.414,-2.8364758,2.8935235,-0.34397554
117495.055,-2.5013068,2.9459352,-0.05030891
117781.22,-1.6624873,1.171453,-0.4150052
130678.82,0.9224163,1.4586471,0.28731698
131270.66,-2.4471943,2.8139362,-0.09697841
120394.1,-3.4337962,2.3687239,-0.0015775824
115756.69,-3.031747,3.0976727,-0.12922767
129537.33,-0.4341357,3.310258,-0.33360267
120516.016,0.55048805,0.5593896,0.23903117
134845.56,-2.0834794,1.2639569,0.020027908
122489.85,-2.5323846,2.4537568,-0.024061857
117956.52,-1.710778,0.83285254,-0.061430357
126604.195,-1.87284,0.9175501,-0.45861015
125766.18,0.6874214,2.6738598,0.4343105
133310.47,-3.0992172,2.4095333,0.056117415
116548.86,-2.2134004,1.0361485,0.30760145
134717.92,0.79502517,1.717155,-0.38279024
119889.21,-0.27918524,2.910949,0.06994138
122508.91,-2.435477,2.464125,-0.38880643
128058.21,-2.2038128,2.6047392,0.08806898
127893.08,-3.3107185,1.468922,-0.017133487
115749.516,-2.4923027,0.8745736,-0.2351468
116765.95,-0.99136484,2.6718674,-0.21277636
126520.08,-3.2127335,0.10078079,0.09707079
118517.92,-1.3094038,2.2492266,0.08731385
126299.74,-1.5382822,0.2695949,0.011873588
118847.125,-1.0098205,2.3617857,-0.1734566
124486.836,-1.7756577,2.8890684,0.24525149
117474.305,-1.6679988,2.536978,-0.36819327
119361.04,0.10570404,2.9160717,0.64544964
117042.0,-1.9597124,2.4957545,-0.16159493
125578.125,0.3008979,2.5817006,0.07317104
124084.17,0.2457845,3.0865688,0.042124193
125524.04,-2.0320752,2.9611797,-0.21169971
126562.664,-2.038266,3.2628872,-0.0911565
121525.3,-1.9821459,2.851339,0.04130292
123816.56,-2.4738526,0.5600406,0.01893665
127073.93,-1.6628275,2.4267097,-0.18164042
116007.836,0.067097634,2.033921,1.1146604
134858.31,-0.99581456,1.7284667,0.052722663
122197.055,-1.8535035,1.5502672,-0.40606984
121452.72,-2.718828,3.0455108,-0.31825
123771.1,-2.6706862,2.693963,0.42195028
128886.125,-1.2908978,2.974371,0.0629838
128268.734,-2.4572232,2.46801,-0.24406607
123770.27,-2.0756996,0.68725234,0.048012562
130637.64,-2.8775141,2.0945354,-0.055983618
119147.36,-3.8667886,0.7007267,-0.15307795
117581.9,-0.2121024,1.5979166,-0.0042410567
122622.57,-2.8702734,3.0753963,0.10648622
118516.336,0.95250905,1.9366919,-0.6049373
118431.516,-3.9447825,2.3608944,0.3295535
117283.37,-1.8595388,0.6406078,-0.20616834
115096.375,-1.6517563,1.0498229,0.3547448
116962.94,-1.0936954,2.3347874,-0.3188907
128436.4,-2.0807486,1.5647724,-0.1767992
127251.8,1.5418429,-0.29846787,0.16857098
120300.43,-2.4931986,1.6535267,0.2957234
120437.05,-2.5975983,0.7425132,-0.5220073
122798.74,-1.959413,1.703522,0.14044149
121406.945,-2.5163872,2.5950985,-0.40630913
132652.52,-0.99626225,1.0621109,0.26240405
122417.54,-3.291824,2.5250828,-0.15765424
118480.14,-1.1704508,2.2981215,-0.06988684
121390.8,1.1904604,1.7713647,-0.6326803
128854.85,0.32993603,1.4770938,-0.27719232
118024.42,-1.8348402,1.7149366,-0.8040113
117119.45,-4.5519443,2.6040983,0.19211254
127624.664,2.8097005,2.1245615,-0.59113985
123571.81,-0.6254309,2.9679198,0.30410063
119886.195,-1.9673151,1.6391644,-0.0602506
124191.63,-1.2633196,2.908873,-0.17829603
122128.484,-3.9883423,1.7975129,-0.15193038
128706.61,-1.977443,2.9095633,0.6444621
121654.98,-1.5195221,1.5966496,0.5135913
130924.26,-3.0711157,1.700164,0.29604703
134716.17,0.43136877,2.5394895,-0.17801799
127816.445,-1.3189716,2.7617443,-0.37356582
117117.49,-2.0284548,2.8583093,-0.6277488
120509.484,-1.0440809,2.8002985,-0.12843828
118685.44,-1.639699,2.8552299,0.16626212
119337.72,-1.1413659,1.0895524,0.26627618
132289.3,-0.67060095,1.0435184,-0.24205461
119355.08,-0.10711989,3.0253575,-0.20040363
124287.61,-1.299943,0.4171088,-0.64699507
126657.695,-2.4974988,2.3337328,-0.12693878
130559.7,-2.7717676,2.3696923,-0.106913246
117094.305,-2.4955525,2.5468273,0.2605708
134538.16,-0.16479944,2.6506283,0.240126
133325.58,-0.76496756,2.5586252,-0.073173724
129500.04,-1.8160903,2.5277514,-0.21495947
129450.5,-1.3384506,1.3305703,0.2710286
115013.28,-2.6099567,1.8711812,0.09879558
128751.76,-3.1290736,1.2759113,-0.13905135
124846.03,0.68443537,2.3043756,-0.840653
118346.484,-1.0930613,1.8868395,-0.21777344
115831.94,-3.3340104,2.7016978,-0.40561125
129344.45,2.1264424,1.2812179,0.011699559
131453.08,0.08486686,2.0950105,0.31194144
131849.38,-0.13547853,1.2053723,0.31459957
123092.07,-3.039664,3.2307854,-0.62472683
116700.625,-2.20804,1.4405379,-0.121833235
134163.72,-2.9860065,-1.0976149,-0.339421
130637.81,-3.432789,1.2579575,-0.08127053
129471.75,-1.1501292,1.5104324,-0.32831445
118817.266,-2.1706238,0.27820164,-1.4146457
123447.79,-2.2068565,1.5038011,-0.09917701
130598.28,0.11677666,1.77864,-0.89854497
119656.87,-2.1682684,0.55638206,0.59340316
127525.375,-2.938462,1.6032894,0.06955995
117417.86,-2.5102136,1.7428862,0.1616712
133138.88,-2.2364058,2.1185641,-0.08322716
115060.32,-0.36362433,2.5599813,0.04454808
126952.664,0.100074746,0.9464443,-0.8087506
122365.48,-2.9268155,1.4299337,0.103059284
125239.13,0.4719307,2.5637732,-0.14522192
125635.42,-1.3769801,3.164116,0.19874053
118861.61,0.291704,0.12680192,0.08540073
118968.016,-0.80859506,1.1627629,-0.5840914
131874.86,-2.1460512,0.4504087,0.1728472
129082.18,-3.5816796,2.9772313,0.118336864
120231.74,-1.8683724,3.1143744,0.21880747
121054.74,-3.6463287,2.8651094,-0.19394907
116028.43,-3.3083527,1.4940573,0.1316751
128119.21,-1.0325085,2.2970636,-0.25435433
133679.95,-1.2507985,2.4266684,0.061478335
120407.336,-2.527022,2.8388448,0.1538882
126207.555,-4.3706026,2.548114,-0.06520565
119291.09,-2.7447789,2.800927,-0.2573024
130723.445,-2.9065502,1.7166494,-0.06557844
117439.836,-2.0118897,1.4614526,-0.30618688
116899.34,-2.8114085,2.3266659,-0.20041645
121391.77,-2.0955586,2.1962473,0.15069132
115534.51,-0.5766404,2.127308,0.50233424
118448.64,-1.5814639,2.2114272,-0.24836196
119286.87,-0.9360231,0.88613,0.04914077
122611.19,-0.2562713,0.10520351,-0.17427966
128711.56,1.7712371,0.6557379,-0.9580554
116706.15,-2.8539007,2.3706043,0.7589158
119030.77,-0.8774529,1.9717422,-0.06761851
129015.83,-0.5687198,1.9102647,0.4212768
125214.36,-3.0406263,1.5681123,0.11651016
119641.25,-2.8621137,2.0331252,0.086874016
123065.42,-2.5835104,1.8171743,0.3673118
131628.28,-0.48842114,0.83084476,0.6165871
116192.7,-1.9052186,1.0336527,-0.43690124
134721.38,-0.75907135,1.8613836,0.31779227
131234.44,-1.0872213,1.5864483,0.52404135
134303.14,-0.7710987,0.8662104,0.28976768
115251.03,-2.3147428,2.466103,-0.0537722
134552.48,-1.3776252,1.5248191,-0.014896443
128676.48,-4.302918,3.0298002,-0.3769439
134446.42,-1.2883004,0.43732318,0.16732477
131369.05,-1.6832817,1.6830542,-0.51586145
125230.984,-1.3902414,2.81551,-0.23377007
131551.22,-1.0794698,0.13251802,0.32369912
116788.5,-1.0865494,2.2250845,-0.41890535
115732.586,-1.4948785,2.7653897,0.21007265
116588.8,0.12520596,2.606193,0.05224647
122900.67,-0.68547857,2.7640908,-1.0378428
121656.68,-1.7732978,2.7945042,-0.93350625
126942.5,1.563152,2.305719,-0.38298333
124633.516,0.057177745,1.5487387,-0.14655097
125519.58,-1.5776021,2.9597218,-0.017860295
126255.12,-1.4445472,2.4017546,0.15489303
120812.9,1.3997201,0.3127716,0.30678973
130001.805,-0.30595168,2.221439,-0.11324742
123648.57,-3.2963476,1.7115262,0.17919746
129231.04,-0.23802988,1.0150875,-0.09983081
124695.15,-2.406542,1.1679249,-0.23332964
121214.97,-1.4098146,1.749425,-0.038036603
134933.22,-2.597894,1.3777322,-0.28110826
131263.08,-3.1818044,0.4682332,-0.07243112
118708.414,-2.9704132,1.9967464,-0.16961813
123347.555,-1.6377683,3.1895127,-0.7068726
131129.48,-2.9065926,3.1924114,0.08603546
122632.66,-2.681382,1.2321018,0.025403727
132996.2,-1.8970369,2.8566716,-0.1334285
118766.63,-1.364004,1.9448098,-0.19525519
117185.15,-1.5139427,2.4725611,0.23812348
128472.62,-0.9501981,-0.022157691,0.16397053
124104.92,-2.0776925,2.538927,0.25809446
129685.9,-3.9355636,0.6239504,-0.0066631553
116535.4,-2.0520284,0.51853526,-0.23135631
118415.85,-1.5748183,2.7234201,-0.33730465
132540.31,-1.8686286,2.661053,-0.050028794
116340.664,-1.8616644,3.0621428,-0.4730873
125165.164,-2.5758994,2.2890632,-0.32635397
129643.9,-3.0448744,2.8209767,-0.22165927
124715.305,0.2727776,1.8632371,0.6727233
125879.95,-2.2982166,2.1769962,-0.36280492
121913.09,-2.9091806,2.8534184,-0.10558538
118850.11,-2.1700757,2.3955004,0.8951642
124495.53,-1.4365553,1.6388202,0.16646892
130991.195,-2.1457574,1.882831,0.35028023
134898.42,1.8483088,2.8178563,-0.3099139
132979.56,-0.36792046,2.3891041,0.40959424
134790.36,-1.4832107,2.2938852,0.008271432
131794.94,-5.0747623,2.1702003,-0.38409722
134825.47,-2.9476962,2.6046515,-0.30252513
133269.14,-4.344473,1.3356129,-0.09684074
134262.08,0.92103803,1.6367354,-0.39003298
130029.62,-1.625853,1.9269211,-0.80334437
123716.12,-3.3012712,2.9352994,-1.0113204
120319.19,-1.4595908,0.82597536,0.13689238
127048.73,0.77992505,3.1386185,1.3012025
120050.086,-2.8066342,2.8601942,-0.25252733
118948.234,-1.8646336,0.7072638,-0.35443845
130398.45,-3.2606544,1.3223215,0.022531657
115218.695,-2.478439,3.2544284,-0.46602663
133140.23,-0.307372,2.011391,-0.10097273
121219.82,-1.9502822,1.9803294,-0.017955951
129231.55,-2.1533685,2.2433665,0.47376496
118665.3,-2.689064,2.9967036,-0.3943843
118607.52,-4.3018417,3.2367115,-0.061863642
115113.15,-0.18075468,2.8385313,0.17599045
130420.73,-1.7520735,2.3745663,-0.39514926
127003.5,-6.1682625,1.2939547,0.28653386
125040.72,-3.8154469,2.104239,0.6606283
116321.375,-2.692235,0.5822052,-0.18142317
121570.75,3.111559,0.74531466,0.027838936
118845.836,-2.1412513,2.626309,0.59732234
123031.28,-2.1472764,0.36025634,0.10147396
131791.72,-0.8596813,1.9236445,0.22754169
117990.25,-2.1343694,2.0119221,0.21838671
116610.29,-1.4046531,2.698068,-0.39784253
131472.69,-1.8927932,0.3927639,0.19414903
116330.06,-1.9706407,1.5558593,-0.5303845
116269.16,-3.0564945,2.7204854,0.12286101
124191.836,-1.3006666,1.1374482,-0.40327048
134660.53,-2.1643946,2.742386,-0.1447952
121971.51,-0.1915287,2.732189,0.003471933
120371.56,-0.08155196,2.427824,-0.21462154
115851.836,-2.8923113,2.2638626,-0.24276324
127385.664,-0.5393714,2.812272,-1.2094651
131415.78,-2.4591737,2.6345506,0.32116914
132882.77,-2.949341,0.92044884,0.013637119
119981.71,1.0789276,1.4614568,-0.10475696
115488.6,-2.4627008,3.015982,-0.12519073
122865.23,0.9012093,3.106858,-0.21114336
128443.914,-4.371685,1.4774325,0.28251988
124914.516,-1.9150048,2.7700121,-0.37174118
117319.57,0.13675076,1.8052197,0.081263974
134726.81,-0.03341588,2.7720153,0.092499554
126165.17,-2.5163853,0.6180657,-1.084397
119211.24,-0.45506865,0.4974045,0.017438335
116132.71,2.5897408,2.8774467,-0.0223618
129692.18,-2.2143087,1.0099518,-0.9051306
123856.36,-1.4216921,3.0930316,0.22700948
116611.95,-1.2291695,1.7941673,-0.20485626
128330.25,-2.3475883,3.1197748,-0.27602926
124573.36,-3.943538,1.7655768,0.1856252
125730.88,-2.8375103,2.3995628,0.30919155
131448.88,-0.09599803,2.3545177,-0.0660901
120679.836,-0.9247814,3.149333,-0.18842307
126893.484,-2.4681466,1.6253433,-0.014163973
133777.95,-3.3857894,0.3197,0.20293391
120927.22,-1.6280495,1.5092356,-0.023775484
117266.24,-1.2290586,2.9059172,0.28521016
128403.19,-3.1327367,2.5464063,0.7846113
125446.13,-2.4997482,1.1402543,-0.44523823
120205.75,-3.1234164,0.5544006,0.009872257
129351.836,-0.032167755,1.2148677,0.0141365575
121205.77,-1.2708789,2.5171683,-0.3852326
124957.24,-0.11177452,3.001766,0.06868205
121370.484,-3.6939237,0.98579067,-0.49603584
132442.03,-2.7970324,1.2128506,-0.17784992
118563.33,0.4045052,2.7853901,-0.25258335
120130.08,-1.2388566,1.7529624,-0.19663908
128266.414,-2.6482043,1.557692,-0.41454303
123719.555,-1.5080254,2.5655494,-0.30102414
119623.76,-2.321479,1.0071052,-1.1530823
119863.41,-1.3310674,2.1368458,0.12957305
129736.99,-3.5582883,0.5198536,0.543203
120343.15,-3.4755955,0.9679682,0.09676088
118945.5,-3.1912966,-0.106743,0.14772806
132886.45,-1.9156506,2.1614938,-0.0680661
134995.4,-2.0819955,2.1943417,0.29005733
134566.2,-0.011550649,2.011629,0.14395127
132623.94,-0.48326954,1.4929368,-0.412365
117152.67,1.1132945,2.3566756,-0.30567315
130429.65,-2.728523,1.1913579,0.15639791
124951.37,-1.833103,2.8804808,-0.2687707
120911.61,-1.5307468,2.2655976,-0.43723828
123452.05,-2.8332028,2.4168437,-0.12554088
131018.984,-0.77838075,2.535648,-0.20596123
117201.23,-3.875227,2.4778628,-0.34759352
130441.19,-1.3003587,2.6873333,-0.37369752
115860.445,-2.4011753,2.695872,-0.0025418925
120672.695,-1.0252659,2.8037167,-0.3119325
121442.305,-1.6143907,2.1358962,0.21262766
122228.79,-1.3654095,1.9717813,0.065861836
115981.56,-3.2395039,2.5659184,-0.14924425
131274.0,-1.6832917,2.7663987,0.30451363
129909.67,-3.494821,0.39505774,0.00047291716
134527.42,-0.1501023,1.8481983,-0.3270426
124079.61,1.8344548,2.3147938,-0.6014231
115629.984,-1.4520773,0.23053844,-0.32323605
120164.04,-3.3251016,2.5861871,-0.1369916
131387.61,-1.1870577,1.1184578,-0.1999477
116075.73,-0.48965445,1.453256,-0.36822486
117488.08,-1.147789,2.3547568,-0.14363092
118435.414,-3.4146147,1.5952071,-0.118894115
130961.46,-2.9637814,2.9719996,-0.55118865
116999.734,-2.1925848,2.7083867,0.2164402
121781.62,-0.9410321,2.8708057,-0.31293586
127396.055,-2.5923653,2.6072888,0.08404307
122014.6,-3.694955,0.84533644,-0.41325927
123400.58,-2.2670202,1.1733212,-0.031151444
121725.055,-0.50570303,3.090147,0.117963776
118782.45,-3.1322663,3.4611905,0.12862661
129634.14,-0.07461083,2.2328439,-0.3702962
115168.69,-2.4668553,0.9502723,-0.06514039
123645.59,0.22449064,1.9611125,1.0299798
115384.77,-3.0383306,2.606414,-0.030528635
122642.13,-2.1743796,2.1334727,0.21466416
129184.47,-2.015335,3.005643,-0.55808365
131593.25,-0.25282243,1.4579824,-0.22471908
134220.8,-1.9025422,1.6158556,0.2138095
134145.7,-0.9968956,0.39297956,-0.47385582
130947.47,-1.9724933,2.5206273,-0.36692798
126704.34,-2.504589,1.7803003,-0.20408565
120649.53,-2.4319932,1.5478672,-0.10241353
120285.91,-3.0879152,2.7947283,0.20457526
124231.484,1.1479306,1.3231487,0.5521208
128740.63,-2.991231,2.652778,0.108839184
121665.71,-1.4859574,0.79311424,-0.4102558
118503.74,-0.2902093,2.3653595,-0.24376957
120999.39,-2.43189,2.673866,-0.24126224
125061.33,-1.8514364,0.50057733,-0.080791354
117550.9,-0.87485886,2.8527482,-0.080423035
132314.64,-1.9588352,1.9159775,-0.2223536
124179.65,-2.3465989,2.938548,0.68938595
115273.33,-2.2609918,2.867828,-0.029403705
124333.125,-1.7084367,2.8317502,-0.20182805
120462.45,-2.1431637,1.4718428,0.40801784
122145.16,-0.40845862,1.614818,0.15782171
134042.58,-0.7775249,0.73016405,-0.1207536
127500.09,-2.5081954,3.3163636,-0.16018482
125515.83,1.6719384,2.5639422,-0.70620954
116837.195,-1.5748055,3.3094616,-0.24264076
129533.57,-1.0369141,0.9361139,-0.5646365
128804.64,-2.4664576,1.8157337,-0.94135934
123743.71,-3.2977092,2.3853054,0.1874358
127033.82,-2.2948713,2.8893952,0.3979933
124288.59,-3.4376423,2.9151044,0.20217164
126767.31,-0.7219848,2.746313,-0.25777918
116248.734,-1.2312156,2.945267,0.27180043
131854.86,-1.4390236,2.7984157,0.69623566
118864.81,-2.1868608,2.969201,-0.23474361
127611.63,0.2500596,1.9334884,0.049549025
121575.17,-1.437169,2.0402253,-0.45376086
115780.914,0.7625478,1.4477081,-0.2755468
119176.82,-1.0948898,3.060878,0.38409722
123322.63,-1.2253077,0.20306326,0.16292636
122977.24,-1.7967587,3.181491,0.13238908
133900.23,0.35047874,3.1049678,0.3931205
118749.12,-3.993385,1.603028,0.032119926
123098.0,-3.6939728,2.8300357,-0.064131975
121446.63,-0.53124136,2.6125383,-0.5778836
116236.78,-1.5576297,2.4601772,-0.79783654
121622.81,-0.2549188,0.9238331,0.18275134
133053.2,-3.5281544,2.4015818,-0.0047530113
134274.34,0.7451457,1.6444459,-0.096379146
123176.35,-1.791014,0.7402484,0.4156739
119076.43,-1.6637708,0.2606997,-0.03435399
132842.42,-0.5587562,1.9971108,-0.19390318
119489.49,-3.8725376,2.888085,-0.25999
122188.625,-2.255308,0.6113769,-0.4442486
119152.92,-2.0831316,0.38036957,0.34526974
125508.29,-2.926211,2.4444342,0.017531905
133815.23,-4.611595,1.6617705,0.019681042
125986.125,-1.3351766,1.0320483,-0.11703731
126428.99,-2.5825229,2.864248,0.21155965
130886.414,0.29133928,3.1286802,-0.094290204
128413.44,-1.1270845,2.0302944,-0.26493314
124027.11,-2.478081,2.713957,0.13921614
129927.9,1.178493,1.1546438,-0.10595818
124144.195,-2.8662424,2.434317,0.17939055
130192.76,2.447518,0.9381351,0.35957468
123722.67,-1.8639389,3.2049716,-0.59971976
131151.11,-2.4439266,1.6753868,0.1721779
117730.336,0.25702932,3.2395458,0.16810909
123981.234,-2.6910396,1.9405705,0.17268866
125201.914,0.24416132,2.230988,0.059724934
118881.51,-2.9812899,2.8689542,-0.40018952
120832.97,1.1999522,2.1717947,-0.39518797
120920.805,-2.7988145,2.0940492,0.08736094
119127.47,0.19459768,2.9360871,-0.11966264
120692.4,-3.8644843,2.655443,0.11460597
126414.96,-0.8122106,1.836533,-0.18552925
128255.94,1.6309762,0.92892456,-0.1324609
116615.375,-3.1677551,0.8225491,-0.25915444
134190.72,-1.6477022,1.6161397,-0.59108895
118440.88,1.1632401,2.8377962,0.13224187
116873.68,-3.2053564,2.6211243,-0.17693001
130207.5,0.29134133,3.0461833,-0.077502094
119985.91,0.46441373,1.2487924,0.30985132
115376.02,1.3042166,2.0982907,0.023146717
120434.57,-0.80130917,2.6492798,-0.548257
118029.23,-1.2733762,2.5713682,0.24453333
120432.69,-1.1408634,2.6235049,0.08214067
124766.34,-1.896015,2.910625,0.009154091
117789.375,-2.0982723,2.3802376,0.047983956
132992.45,-3.0753732,2.0480611,0.4033143
124053.414,1.5168949,2.5359187,0.8091189
129990.98,-2.5660837,1.417661,-0.2472126
119158.88,-2.7271414,1.6863563,-0.3065576
125953.46,0.36906525,3.1203184,0.2722462
130444.375,-2.8234184,2.6150355,-0.24391112
118181.57,-2.6285913,1.9887193,0.25554004
118755.945,-1.467491,2.7902224,-0.2930233
129848.07,-3.1738908,2.9560604,-0.20900553
115751.05,-2.2479618,1.7785604,-0.03557696
127927.234,-0.7850808,0.120602824,0.1894282
116243.03,-2.6613,0.5058765,0.4246948
116660.36,0.6425275,1.763162,-0.68119824
124961.734,-1.9895386,0.5655683,-0.41989887
116135.64,-2.3188267,2.8786676,0.2793671
119316.664,-2.556467,2.7665064,-0.64331037
117072.38,-1.3127111,2.536372,-0.462676
116319.85,-2.273575,3.039911,0.80041033
117699.42,-0.46531263,1.8463296,0.17675391
116517.414,-1.4292321,3.1532373,-0.016443035
127565.016,-0.63521993,1.1793863,0.34672397
134509.84,-2.099271,1.0279208,-0.30797067
120227.96,-3.2342563,2.3927503,-0.5490744
119126.93,-1.7193729,0.97926414,-0.22662565
121051.56,-2.9212172,2.7652428,-0.0033190618
132427.58,-5.078145,1.4420885,1.0884017
125356.55,-2.4131627,1.0447329,0.054952852
133538.83,-1.3593011,3.007498,-0.3765249
122321.87,-1.1872113,3.2292802,-0.32191682
132540.19,-0.5849007,1.9368497,0.21061799
126774.195,0.24501751,1.0670574,-0.47780126
129183.17,0.2245213,2.7980497,0.2103051
131304.66,-0.95704865,2.4927382,-0.16618106
121097.4,-2.521416,2.8840444,-0.07292877
124942.94,0.5867897,2.4793456,1.0126544
121783.0,-2.9075558,1.8513101,0.0827164
116005.32,0.05874754,2.9041035,-0.10824141
121562.77,-3.0037699,2.344567,0.2673734
125501.74,-1.7828485,2.9836712,-0.7343867
119214.39,-1.8442093,2.5033147,-0.41923225
124106.68,-0.8651036,2.655212,-0.18099347
126993.17,-1.3146641,0.80296814,0.27324152
129092.984,-0.9870732,2.891836,-0.017937178
120422.2,-0.96511155,2.3361142,-0.28481025
132641.95,-2.8393764,2.715717,-0.21562399
122242.414,-3.092636,2.6783779,-0.114647694
126020.734,0.005273871,0.2792794,-0.31286553
122097.66,-0.3046512,2.02875,-0.2084164
117589.625,-2.8681214,0.8400754,-0.47915298
122680.65,-0.43715787,2.3878124,0.19037284
123130.24,-1.4224728,-0.0940627,-0.16903615
125492.04,-3.0923827,1.1194639,0.054673932
118782.58,-1.4565086,1.6887958,-0.32182115
133915.03,-0.89610624,0.6883725,-0.63699496
123515.88,-3.3587062,2.837461,-0.10988485
131812.05,-1.0647678,2.560276,0.35437587
120644.47,-2.7489219,2.7952514,-0.1771565
120800.7,-1.9338107,1.9219041,-0.1902906
125619.67,-1.1787962,0.14072213,0.19669926
130521.28,1.1271629,2.7047915,-0.015239137
125262.12,-1.6345794,3.40726,0.064873084
129334.56,-3.7468324,2.7844584,-0.38283134
121575.234,-0.7966662,0.8425012,0.06866477
118410.68,-2.6700015,2.6068845,-0.16288018
130571.62,-2.5365126,0.62950367,-0.22216587
118336.766,-2.4939606,2.713035,-0.048790924
126175.43,-1.5397241,2.4905992,-0.27541628
124446.484,2.4110284,0.9905367,-0.14802575
120567.21,-2.9693,2.8860095,0.5832719
131728.22,-1.1712061,2.6864643,0.40180704
120062.055,-1.8137408,1.1714096,-0.25893867
133805.97,-1.268443,2.7125072,0.20752242
119726.22,-1.6102881,0.6066076,-1.3944598
132303.48,-1.6998658,2.1906219,0.33534712
123113.984,1.2063079,1.5740346,-0.41385615
120880.6,-3.039076,2.34647,-0.27044484
131010.92,-2.6048882,0.2780912,-0.056715492
117107.16,-2.5291255,1.8136349,-0.4662519
128918.24,-1.5043386,3.1932855,-0.09772101
118309.32,-3.1777456,2.85372,-0.15887424
124795.84,-1.8490654,3.1247466,-0.4347083
126235.95,0.78812945,0.9257173,-0.1524757
123316.85,-1.4899555,2.7564135,-0.22516131
124347.64,-0.7043647,2.2950788,-0.3126942
125588.4,-0.88286763,2.9503286,0.2371234
117112.1,-0.19691657,0.45723888,0.22245313
124916.34,-3.259291,1.7991589,-1.222374
118484.695,-0.044513293,3.0401611,0.35944712
127189.625,-1.3055512,2.92009,0.101078816
116301.63,-4.5164957,1.9838091,0.102665335
131986.33,-3.3945317,2.8416224,-0.32853708
126342.766,-4.3603754,0.30352676,-0.25135562
126423.19,-0.7209337,3.032317,-0.014621693
127460.23,-1.926386,0.73821235,0.4167187
123505.41,-2.4072967,1.3198568,-0.40981087
117133.555,-0.22386727,2.4962835,-0.564377
128769.695,-1.2649686,0.972156,0.134453
123246.98,-2.5478423,1.0706854,0.129995
117172.51,-0.44863242,1.0263733,0.19160177
125881.59,-0.5686206,1.2238759,0.9146328
116475.2,-0.5918387,2.4717052,-0.6713352
123189.4,-3.5083525,2.8333273,-0.33754483
116554.61,-2.4934876,1.6919024,-0.16066965
127615.89,-3.1265132,2.584209,0.6186999
132577.78,-1.5086381,2.5024054,-0.13698536
120086.27,-2.3263834,2.3488116,-0.2987409
120036.09,0.67892146,3.016228,-0.13847741
129979.94,-2.3806503,2.6668143,-0.0032305575
132614.08,2.2208955,1.7420743,0.2546544
129126.89,-0.9447954,1.8670406,0.19606334
125155.97,-0.6507729,2.2824938,-0.002082683
124629.44,-1.8096311,2.7789922,-0.33304572
124509.625,-1.8764247,3.0797696,-0.70149976
115991.17,-3.7656212,2.0179193,0.3726197
122136.06,-2.3573945,2.9797766,-0.5596377
122128.52,-3.061138,2.9736695,-0.69267166
123840.695,-3.9157991,1.6656862,0.2874052
127172.34,-1.1911296,2.73376,-0.15087606
124762.6,1.0124948,1.8236456,-0.26350334
127952.15,-0.86926025,3.3589199,0.38310552
127231.5,-2.2958546,0.32930416,-0.4785713
116095.48,-2.760891,1.9748442,-0.47398308
116206.11,-0.2464003,3.1321526,0.11785232
119038.06,-0.62461054,-0.0019010972,0.028807418
134051.31,-0.83860064,1.4361491,-0.013390379
121575.055,-3.3592744,1.4400182,-0.08638143
120504.586,-3.7694333,1.9016101,-0.07930615
122957.34,-1.3073459,2.2385416,0.21567078
125098.445,-0.9507519,2.4282942,0.7627921
117101.96,-3.1263182,3.3975494,-0.26776022
131943.94,-0.2319329,1.7732917,0.32260847
133975.22,-1.0439671,2.353933,0.08195413
118816.766,-0.3681433,1.0281543,0.33355975
117271.055,-0.061996315,2.6865437,0.3569702
132220.55,-2.5042567,1.8138176,-0.047446672
124108.48,-0.5511958,2.121494,-0.90976626
117419.68,-2.6098714,1.3773946,0.25453463
123775.47,1.8540769,2.172298,0.3769841
116313.17,-0.77275664,0.6536825,0.13839605
129060.07,-3.3126028,2.4678683,-0.18276148
117696.625,-3.0801973,2.7998328,-0.32858622
117913.38,-1.6894149,2.0328448,-0.46626592
128006.13,-2.4565856,3.167914,-0.66027933
126337.375,-2.0779183,3.0314498,-0.02693065
118470.36,-4.581379,2.8728316,-0.89941037
115954.39,-2.0504158,0.63051444,-0.038182322
128686.516,-0.9805312,2.8633761,0.364193
124890.6,-2.6481636,2.7231598,0.00038649878
123646.0,-1.5172614,2.7102973,0.0773817
119148.02,-1.8447046,2.500318,-0.4597321
125211.82,-0.36509943,1.7856302,-0.042031817
133366.73,-1.7765579,3.211421,0.65075576
124911.37,0.05028345,-0.670187,1.3448408
124224.95,-0.7839301,2.3693497,-0.09778032
126442.71,-1.8610549,2.126675,0.3367626
115830.0,-4.032532,1.0098277,0.14568083
115725.09,1.9518534,1.5041361,0.10004537
121403.06,-2.1783884,2.9026442,-0.7871243
117136.65,-1.2832317,2.6906152,0.056285486
131147.69,-4.809369,-0.09038236,1.1756347
126485.914,-2.1143842,1.7762357,0.34440258
130512.586,-2.8071241,3.097343,-0.62201446
119831.92,-1.4423919,2.8786051,0.16651541
130135.81,-0.60851306,2.6311262,0.07820596
122446.7,-0.5003169,2.6880956,0.17717408
122174.59,-1.6292622,2.8205402,0.9302036
120357.32,-0.5438724,0.81733733,-0.38235992
126517.65,-1.0572191,1.2687209,0.047256254
134522.19,-3.4903543,1.2747744,0.12976673
133221.66,-0.62119234,0.21062636,-0.1623125
122263.51,-1.2014879,2.8624437,0.93472356
122007.96,-1.4834484,3.1913493,0.021227038
119220.01,-1.4864877,2.7361488,-0.19126533
117580.43,-2.3838456,2.5727475,-0.22539583
126152.11,-2.7699506,1.1286323,0.083774276
126014.74,-2.4732242,3.5221577,-0.32166204
129176.38,0.6714589,2.4334433,0.5025494
129583.58,-0.40654716,1.9312974,-0.07122782
118472.42,-3.437946,0.7566018,-0.42647383
132533.16,-2.4260964,2.7429457,0.05510602
125392.98,0.11675668,2.7978747,-0.34567592
131072.86,-2.8161018,2.5266933,0.3962578
133610.61,1.1488619,1.0442007,-0.4007116
125009.6,-4.11485,2.3285754,0.05635164
128646.21,-1.429394,2.4385679,-0.19432366
123787.7,-1.242924,0.5301612,-0.12805058
116987.484,-1.12952,0.6678839,0.010951593
119490.56,-0.5011586,1.296046,0.057142515
125902.44,-2.083927,0.68695617,0.5408143
117572.21,0.58578265,1.6385021,0.22205085
123549.875,-4.0772705,0.93605596,0.51658255
119052.055,-1.2577785,1.6867704,0.6218503
117198.4,0.09345184,2.7982843,0.36474308
124765.5,-3.55585,2.3524945,0.0004651693
120920.53,1.1369537,2.4243941,0.057438724
117393.22,-2.2220528,0.91395444,-0.072479695
128622.93,-0.7209581,1.1677378,0.8313469
128992.77,-1.3807448,0.85477537,0.27985042
124131.88,-3.1363564,1.7376006,-0.11293035
126507.28,0.13153991,0.2448256,-0.03944135
126364.82,-3.6273024,3.0495653,-0.700632
128488.93,-0.0669864,0.5850024,-0.11335768
128679.664,0.49854976,2.7802367,-0.3777139
122614.76,-1.1025972,1.6401436,0.13615276
130677.02,-3.8000052,2.4934473,-0.30120948
128853.445,2.3429782,1.7741984,-0.42991298
130898.25,-2.4714398,1.6611708,-0.28371632
119727.586,-0.75066686,1.1394454,0.1529221
117834.62,-0.50381124,-0.387181,-0.067367
131174.16,-3.3972058,2.2472441,0.29151514
126435.42,-2.2677794,0.58614343,0.29987863
124262.15,4.403776,1.2915076,0.3707769
134759.27,-2.4961605,1.1075077,0.35907763
126376.86,-1.1101873,3.203411,-0.04626751
118266.84,-1.7649748,1.4563305,-0.36964896
121155.27,-1.5633682,0.46881166,-0.0053105587
130267.92,-2.7230759,0.6983971,-0.29397658
126037.96,-1.1518192,2.6880646,-0.1263401
118736.91,-0.8627389,2.114716,0.4763116
119688.664,0.9792652,1.3030813,0.07392914
118939.516,-2.2211192,2.5868223,-0.7174395
120177.59,0.45169485,2.477214,0.6419405
117850.74,0.35422623,3.1331494,-0.25026762
118351.46,-1.8621532,1.855131,0.62818027
123102.61,-3.732152,2.9574132,-0.45847335
133681.36,-2.9454849,0.89526296,-0.49154657
134531.62,-0.7561911,0.37086922,0.18388073
117633.484,-1.9899353,1.769107,-0.101006106
122486.21,-1.0025084,3.1153545,0.14942066
128302.46,-0.3850601,2.6918416,0.0020165283
125239.195,-0.029473132,2.528992,-0.18704246
132829.23,-2.4938374,3.0171623,-1.0472394
115963.34,-3.3538198,1.4929415,0.30423352
119416.87,-2.1713495,1.5146036,0.3821126
123123.28,-3.1059005,1.1593305,0.4711557
115319.54,1.1451113,0.7463851,0.7513128
132448.72,-2.337882,0.65970516,1.0533873
131602.7,-2.8655105,1.4259368,-0.12176916
116084.66,-0.035886295,1.8818651,0.2836129
126090.65,-0.76209074,1.8473788,0.0033616752
124252.9,-1.5982805,0.5209453,-0.17293838
129207.555,-1.2442138,1.6143578,-0.10971082
115604.25,-3.1649268,0.35916477,0.029175144
125433.63,-1.9799169,2.2664886,-0.14245653
126178.77,-2.7786975,2.6145093,-0.23160693
115360.66,-2.5487416,3.2491267,0.38681018
124198.68,-0.6273479,2.4498062,0.10320947
122518.195,0.16106609,1.6221727,-0.13158123
129511.43,-2.8328052,2.477882,0.06977212
117679.09,-0.9196105,-0.87765265,-0.60433805
121683.45,-2.2360039,2.7807071,0.3808175
125734.36,0.27170098,2.6454546,0.33115137
122698.55,-3.1276593,0.52595156,0.0665502
120920.24,-1.2370195,2.4471333,0.11899364
134624.14,0.5881074,1.3275496,0.081401646
115287.28,-2.0412052,2.4204123,0.3900583
123513.66,-1.4565817,2.5159311,-0.15125184
126708.52,-1.9923916,2.6763034,0.039871953
119084.914,-2.7590754,0.7766091,0.05322091
127553.28,-1.0497721,1.7439481,-0.90169597
128879.34,-2.712872,1.4223232,0.08743842
115899.02,-4.2151976,3.0900335,-0.18099138
130833.37,-1.3164065,2.9965265,0.12048779
122477.58,-0.8942141,0.2537497,-0.06620125
120335.516,-2.786458,1.7315089,0.7338026
131213.56,-2.7663205,2.6551738,-0.43338016
115394.13,-2.0477977,2.3858392,0.28227255
127054.22,-3.6367133,1.272623,0.04668649
118622.25,-0.26328784,2.825091,-0.58050954
122632.83,0.23694812,1.8590816,-0.0020561614
119780.68,-2.2245202,2.9820864,0.24141869
131614.39,-1.3987799,2.1896648,0.3872202
133415.05,0.8089198,1.3336897,0.565872
127122.46,-2.11944,2.1944993,-0.04158095
128114.65,-1.9478128,1.2043257,-0.5767095
120121.16,-2.5750349,1.5003586,0.18191278
129097.97,-2.398607,1.9009541,0.47247165
124452.36,-2.3912437,1.877305,-0.5850256
116242.1,0.9948578,0.9813723,-0.9790994
130157.14,-2.8608258,1.6200879,-0.0288697
130157.85,-1.202982,1.5031563,-1.0719392
129447.95,-2.429145,3.2284791,-0.03104178
115612.01,-3.4301226,2.8775902,-0.11838007
132622.31,-1.9998273,2.6467638,0.4898209
127716.89,-3.0404174,2.826509,0.08631855
120654.26,-0.077400856,2.9340227,0.07073404
117823.81,-2.5511093,3.191974,0.4247818
125488.66,-0.56536293,3.1683412,0.37773684
116623.086,-0.0029322626,2.9755177,-0.25416243
117247.24,-0.044726133,2.5511823,-0.69099635
124576.586,-3.800065,2.6277304,-0.104702726
129438.625,-1.4378113,2.9018528,-0.1346896
122645.32,-1.1713102,3.1747775,-0.34329465
132354.14,-0.8409574,0.6434441,0.10003643
115643.65,-1.3893628,2.1705966,0.13501978
123176.625,-2.281985,1.6612467,-0.07888628
117251.055,-0.5425881,2.662622,0.08912149
124824.62,-2.890878,2.6576457,-0.08066501
120353.9,-0.4248602,0.51680756,0.32211617
126163.64,-0.23592901,1.9806839,0.25538987
130985.65,-0.79409283,2.1217449,0.038609646
129616.16,-2.1736922,3.1656837,-0.25050724
132495.94,-3.845238,2.9492836,0.21333331
127697.49,-1.9675885,2.6285481,-0.27411494
121147.29,-1.1162742,3.063751,0.03914008
116728.516,-1.5475224,0.43116456,-0.09934508
132664.66,-0.30551842,2.957976,-0.1408286
127396.56,-2.9089885,0.7675351,-0.05917484
115839.27,-2.2257607,3.1532965,-0.86331874
122023.266,-1.0746464,2.819346,0.024683176
115105.44,-2.5676877,1.4308641,-0.26557443
124476.14,-0.1514386,1.6199684,-0.14614868
115228.36,-3.2977278,1.8544881,-0.22264534
120602.18,-2.5712507,2.1308262,-0.035546564
115783.38,-3.169129,1.4300454,0.03046844
120095.945,1.7795153,1.9660275,0.07584882
127981.33,-1.1566048,2.9097733,0.13348451
127102.8,-2.5458338,3.4734936,-0.25299758
115876.15,-2.1127198,2.7421582,0.06446245
126046.91,-3.9109683,1.4791894,-0.3126468
121381.75,0.23244192,2.6791947,-0.05757252
129380.08,-1.2193443,2.4068034,-0.6971568
115044.98,-1.6537979,1.673033,-0.15138236
126304.89,-2.0287008,1.7792201,0.13136876
124657.01,-1.719645,2.855906,-0.19819698
123620.63,-3.9220233,2.9222026,-0.13302292
116544.82,-3.079874,1.9549464,-0.1448673
115721.58,-3.1544104,2.1306353,-0.24169731
123130.14,-2.63309,1.8038145,0.29383114
125676.766,-1.8646532,2.753695,-0.5216711
128171.98,-2.4822881,3.0251193,0.006085344
116199.266,-2.2772136,2.8417628,-0.052096874
122928.06,-3.82575,2.5863056,-0.4185576
117220.51,-3.287044,2.1476736,-0.13353547
131391.33,-1.8944614,2.1509647,0.41495514
134106.6,-2.1622317,2.7280421,-0.22591524
123618.8,-0.99489224,2.150923,-0.10504512
130232.67,0.56827104,2.5834644,-0.5078412
131458.89,-4.0948796,1.8569849,0.43705264
122082.836,-2.162619,2.4280322,0.033785712
131589.66,-0.33592007,2.6652246,-0.12161927
116999.875,-1.4207423,2.2003722,0.053016488
134934.28,-2.8477535,1.5980937,-0.040178888
117692.445,-1.6815927,1.3320807,-0.4364477
122807.516,-2.3825455,1.95026,0.05035659
116900.164,1.4944018,1.468094,-0.3608364
123563.52,0.092552945,1.118793,-0.32699376
117971.33,-4.1031346,2.7399607,0.119195685
118137.21,-2.7282014,2.8432422,-0.13665697
120497.9,0.78460276,2.2644606,-0.24261156
128689.78,-3.0455413,0.8099281,0.74457276
125037.02,0.8247714,2.5810704,-0.10706284
121598.336,-2.83407,2.4565113,0.25408167
118067.15,-3.2292805,1.8545288,-0.23492897
125662.836,-1.4658414,0.7300001,-0.002672712
122844.02,-2.4321969,2.6901338,-0.5342006
127214.375,-3.0672538,0.47049448,-0.22022414
121512.25,2.8400357,1.373014,-0.40889543
119130.195,-0.85056937,3.0561585,-0.023772802
134109.31,-2.3499186,2.7846959,0.20613973
129793.11,-1.2421856,3.0015528,0.28992146
129197.7,-3.9903343,2.3975868,0.006199774
116528.766,-1.4647833,2.7323518,-0.7406595
132352.81,-2.4319282,2.3776698,0.6763767
118479.016,-3.8969817,-0.35830617,0.13547511
126719.21,-2.546722,0.8469392,-0.71310097
121071.984,-2.804661,2.7213867,-0.04115124
117431.6,-1.9407195,1.6383685,-0.12883729
121051.984,-1.7694756,2.8461456,0.5673674
129099.75,1.1370405,0.880738,0.119515136
130646.74,-2.6141582,2.6810374,0.160723
126786.97,-4.7776346,0.94172746,-0.25504866
118875.23,-2.8829424,2.6767075,0.3438966
133102.73,-1.0514569,1.0008767,-0.14125115
127638.6,-0.9417381,2.4996018,-0.08785501
118880.89,-2.1488423,1.7514198,-0.8554347
115751.586,-4.4291677,2.7015247,-0.30789676
115855.67,-1.4326073,1.3864146,0.25630113
134916.75,-2.162079,2.7511866,0.5979243
121350.19,-2.6771207,2.8651352,-0.6235283
128636.914,-1.7269843,2.958372,0.67336696
122525.414,-2.264909,2.6288688,-0.056208603
122175.734,-1.3807802,3.0363464,-0.41844407
121658.91,-0.7552013,3.0561569,-0.1396378
124082.91,2.801919,1.8901718,1.0120835
118929.85,-0.82692873,2.2816958,0.0918094
134843.31,0.48516,1.9562474,-0.29660815
134341.38,-1.4042584,2.7910147,-0.26212215
134553.16,-2.8225346,2.98928,-0.17023289
134223.48,-2.1523309,0.883237,1.4406531
125897.625,-3.2837615,2.4358191,0.38153687
134303.92,0.3807082,3.3085482,-0.35445157
121754.164,-3.5557208,2.6803617,0.52451223
122500.79,-1.1787645,2.750415,-0.021141214
116447.26,-5.82931,-0.20208259,-2.078483
116292.37,-2.0615392,1.8068902,-0.16126058
127388.4,0.36958116,2.9463594,-0.40314445
122760.32,-2.7110014,2.7659764,-0.692601
121680.65,-2.3728316,1.6785758,0.07978592
134229.17,-0.89904195,2.8227007,-0.22419432
130127.93,-2.4233873,2.4838712,-0.58740157
116179.94,-0.9562979,2.776981,0.12547979
119024.92,-2.0772388,3.0018485,-0.7804891
118048.305,-3.0707583,0.46561596,-0.12779252
133076.33,-2.987757,2.51701,-0.08525531
130659.125,4.051534,3.2564232,0.1268297
117739.914,-1.1639017,2.5457118,-0.9647242
121540.72,-2.8895345,1.3014487,0.1342736
126299.49,-2.1951969,0.38211277,0.27193272
120365.68,0.55652547,0.5187402,-0.41543135
118227.43,0.70163286,2.1929758,-0.014576099
117722.43,-0.55336523,0.5683146,-0.09201859
115818.64,-3.3238585,2.546922,0.61019635
129732.59,-0.76567394,1.5687518,0.012505932
129807.43,-0.7034992,1.8899729,-0.14770153
118502.484,-2.1314554,1.9487302,-1.7166231
129484.54,-1.575433,1.8288962,0.26296905
132170.92,-3.1006677,1.4372021,0.4679898
128117.766,-1.6362529,1.4708945,-0.57869476
118601.38,1.611381,1.3358325,0.1897548
123086.38,-4.903734,2.5771072,-0.21267743
127587.38,0.16986252,2.9182148,-0.40906826
115432.34,-3.9742546,3.1965134,0.16230832
128394.2,-2.8428917,0.6460992,0.0829393
124199.22,-2.7447917,1.5628827,0.16534728
117377.72,1.9829049,2.944196,-0.52289975
131371.17,-0.06149796,0.9683788,-0.21980843
126478.695,-2.8187456,1.2666879,-0.3064229
117082.45,0.28654793,1.0152647,-0.114291586
119931.266,-1.4849324,1.4786057,-0.7391781
119644.5,-2.467959,1.1475934,0.13546737
119832.25,-2.3347907,2.6952307,-0.45815927
122388.59,-1.2934767,1.331866,1.1535814
116286.586,-1.9390894,0.79098564,-0.14033362
119548.59,-2.0299027,2.7799244,0.2797092
119315.74,-3.4239852,0.8799442,0.0011082413
134163.95,-0.9507261,2.085836,0.16901976
133897.88,-3.7796056,1.4961135,-0.5447344
128718.5,-1.2834879,2.9498422,0.13539347
121641.35,-1.4079818,1.7775818,0.11428176
126475.69,1.7624859,1.872944,-1.1518825
117775.65,-1.162212,2.8276947,0.14152023
128300.66,-2.912155,0.98098826,-0.13875335
133064.73,-2.267784,2.1441464,-0.09954057
124073.87,-0.4503696,3.0194507,0.096679226
118194.37,-3.0581992,2.9408226,0.09226414
115930.836,-2.5499218,2.5028512,0.0502809
124396.2,-3.014612,2.8353064,0.49056706
134647.72,-2.4734836,2.57665,1.2128608
134703.06,-2.7221675,0.91253155,0.12804195
129168.75,-0.49628875,0.37935838,-0.7184306
115520.84,-2.859733,1.2528164,0.2245087
127210.95,0.6038123,2.8595772,-0.055731215
121053.61,0.4012967,0.7210869,0.98610735
133900.25,-3.2220125,2.7618418,-0.10293592
132919.97,-0.94226027,3.0992212,0.068561666
123053.03,1.5041416,1.0610768,-0.15017012
122894.68,-0.28942025,1.0665685,0.43220603
120507.164,1.2851036,2.3921773,0.512329
124965.34,-2.687251,0.84729445,-0.3762585
115608.68,-1.8206111,2.7263887,-0.31234077
121487.3,-2.3462155,2.7072506,-0.26845214
133520.39,1.5310252,2.0272279,0.17667285
128635.81,-3.6625884,2.6058235,-0.091413364
133188.06,-2.868561,2.6964097,0.41484907
126170.0,-1.3232402,1.6198045,0.062410463
121576.195,-1.4321789,2.4152024,-0.10991047
124429.97,-2.0213602,2.0599308,0.6392901
133137.78,-1.008415,2.7409894,-0.34449646
128312.29,-3.188341,2.4449844,0.020437352
122923.13,-2.4537427,2.8303015,-0.13738139
117695.14,-3.2807536,2.2163944,0.0827748
123134.586,-1.2162247,2.1973867,-0.2633639
127658.68,-3.1280403,0.054182436,-0.11872634
121390.04,-2.992825,1.0796566,-0.038743448
116039.86,-2.272964,1.4471505,0.10647907
116268.44,-2.0410285,2.028036,0.15055245
117873.81,-1.9001831,3.0919843,0.647845
119504.664,-2.1761436,2.314748,0.3476948
121830.49,0.19492212,0.36274853,-0.71535707
122842.26,-1.5862129,1.4127064,0.11743454
123713.58,-2.4610238,3.0839448,-0.17372389
126433.18,-1.8127748,1.9189893,-0.60585934
117849.42,-3.213759,1.1509851,0.0070919693
118303.87,-3.0698848,2.519327,-0.06626412
121152.79,-0.863633,2.8458679,0.2700649
122636.81,-1.2588593,1.5368918,0.09815847
125956.55,-4.536087,2.9543371,-0.028918868
120350.18,-6.334596,3.0232046,-0.020496354
128328.1,2.4875214,1.9168231,0.5091929
128204.984,-0.28640532,1.6420901,-0.49142975
117315.336,-2.345288,1.4738398,-0.24332884
123288.266,-4.281271,0.14396606,0.7854695
127290.086,-2.2386284,0.6138027,0.70629835
133081.81,0.47359762,2.83914,-0.16539823
118247.55,-3.355344,1.0389737,-0.25403517
120497.734,-1.5825619,1.270467,-0.5992045
121163.27,-1.5341282,2.9092214,-0.3118932
116827.65,2.2218359,2.9852142,-0.9150786
125691.266,-0.12719455,2.7839723,-0.9801418
133824.58,-3.1418586,3.0517452,-0.47923344
132981.66,-3.2812598,1.763178,-0.08304419
131178.02,0.039825942,2.9115503,-0.13197339
123092.75,-1.104935,1.9084088,0.6524156
124900.96,0.32040083,0.31725416,-0.260895
131898.1,-1.7242439,1.7287813,0.108129956
121353.93,-2.1970656,1.8967077,-0.41514647
127653.73,-2.004572,1.5152292,0.063489795
118110.79,-2.32093,1.6599461,-0.19983059
119535.3,-1.6950376,2.9016082,-0.2595743
128131.29,-2.2522097,1.2250121,-0.22121109
129205.31,-4.002182,1.6664572,0.068957396
126545.44,-1.2999623,1.4262815,0.076670684
119391.945,-3.8465273,2.6809268,-0.03393918
127140.69,-2.5219326,1.8470097,-0.038705602
131866.89,-1.6573524,2.858545,-0.04069531
128044.26,-1.8492197,1.34312,0.21298705
124987.06,-2.693511,2.552499,0.08797779
122832.89,-1.0383896,0.7096252,-0.31141132
117329.59,-0.48002696,1.516004,-0.3322733
134529.77,2.7165031,2.7309222,0.06650967
132700.2,0.09246857,3.3036501,0.5828285
130839.18,1.0756049,1.6897212,-0.058919754
118852.016,-0.009687764,1.1286666,-0.86896574
131453.94,-0.31778234,1.396621,-0.2402434
122475.22,-2.9364026,2.7805574,0.023673572
129610.84,-2.1129036,2.1883917,0.20536911
127553.56,0.62241703,3.0195174,0.24359524
132877.33,-2.3953352,2.5625226,-0.18945889
128294.94,-2.7054226,0.68143064,-0.19561218
132091.9,-2.0678155,1.8177385,0.21219319
130998.516,-1.2751437,-0.3679532,0.06953134
117723.73,-1.2916397,2.9007325,0.14216152
121767.1,-2.0159805,2.5551815,0.15881047
131101.8,-1.5471237,2.8356836,-0.49890107
124784.91,-1.220703,1.3428175,0.1438434
131309.3,-4.032053,0.8267773,0.21966808
120551.73,-0.78382856,2.8248253,0.0063398313
118823.56,-0.9397361,1.4553689,-0.42315686
126949.34,-3.1559248,2.9241545,-0.1149001
116870.69,-2.938043,0.8125945,0.04373515
117916.05,-2.7035801,0.5125394,-0.24423832
128334.29,-0.68877935,3.001451,-0.17570972
126049.016,-0.8319288,2.5875595,0.17860624
122367.35,-0.90002835,2.6961715,-0.14541145
117282.42,-2.375012,2.4779563,0.6438113
129133.17,-0.20927002,1.4531322,0.12848596
134501.66,-3.5688505,3.1303816,-0.8429428
121232.11,-3.1614428,1.927079,-0.5933504
121100.18,-1.8874514,2.5427818,-0.19417705
120701.98,-1.7758037,0.43930385,0.42716637
115295.92,-0.06972235,3.1461287,-0.30750522
120185.42,-1.2000173,1.962069,0.15029557
119754.664,-2.6801238,2.0282924,-0.44755605
125521.4,-3.3329499,3.044818,-0.37172955
127886.95,0.11946301,2.2961783,0.79527587
119711.65,-0.5693952,1.0048902,0.44873223
124066.23,-1.194737,1.6488893,0.24236155
126269.85,-2.8270574,1.8199779,-0.5461862
129907.46,-1.1143818,2.3318746,0.1795032
133621.98,-1.1034355,2.4961984,-0.078861244
128947.18,-2.7075202,1.37238,0.12971489
125151.336,-2.8587842,2.6354527,0.30185732
121512.2,0.297832,2.5326498,-0.44012973
124305.0,-2.8629818,2.222299,0.09176709
133866.6,-3.6561162,1.8717836,0.06965172
126714.94,-1.2814804,1.3682922,-0.7527014
133360.66,-3.1407385,3.054326,-0.05143682
121719.26,-2.2846406,2.2003567,0.105290666
124215.91,-2.352928,1.4867501,0.07753725
117771.11,-2.5850408,0.036710277,0.6028424
128272.984,-0.28064516,2.6223524,-0.19843121
121677.74,-2.38584,2.6109781,0.14470996
120539.555,1.5720857,0.6329268,-0.037745167
118091.56,-0.6344798,2.8597336,-0.65732414
123035.016,-2.1040308,2.2916486,0.7358916
129468.84,-1.0285888,2.7024567,-0.1693255
125477.59,-3.044824,2.7364833,-0.2846565
121348.56,-2.9771895,2.0603325,0.11593324
133044.7,-3.2137282,2.4170518,0.20004633
120064.78,-2.7759583,2.860478,0.12664376
123382.21,0.26912794,2.509153,-0.044545993
125168.15,-1.6298504,0.79231244,-0.15424222
124624.625,-2.7405674,1.393734,-0.41708758
134040.53,-0.1725668,1.7061766,-0.113993295
119668.87,-0.42168376,2.8906007,-0.7998924
116885.98,-2.465944,2.3039937,0.09520594
130036.336,-1.4735743,0.24059737,-0.2896205
123812.71,-1.3340638,2.916585,-0.056847204
128067.625,-1.5752618,1.6572945,0.22218017
117884.3,-3.1693287,1.6410996,0.083027504
132832.94,-2.355609,1.0061165,-0.10798513
126683.45,-0.5186413,2.5545382,-0.62395054
120575.55,-0.16442679,3.3786383,-0.3731349
132584.47,0.59638345,1.2703794,0.9852944
133375.52,-4.392038,2.498119,0.9709973
132064.56,-2.2225573,0.6092973,0.010763261
118380.81,-3.396315,1.1055051,0.11243955
130034.02,-2.511868,2.529238,-0.0629406
117278.15,-3.493384,1.7068645,-0.16340196
121947.16,-1.8901912,1.1517613,0.17273754
116962.11,-0.042448927,3.0938172,0.2746844
119105.5,-0.5554027,1.7341149,0.26597163
121975.05,-0.8760502,3.0893688,0.12943894
117329.03,0.46628934,2.791426,0.45247266
124953.54,-0.639856,0.80166847,0.17478773
120630.93,-2.3378232,1.9292083,-0.4074168
121463.266,-0.76423085,2.0594497,0.039253913
115857.58,-0.35051802,2.2643085,-0.59362185
127029.805,-2.0007124,1.1916025,0.10636464
133180.19,-2.3056,2.5040853,-0.04815888
117817.91,-1.6515176,2.7391965,-0.14930624
121641.72,-3.0347536,3.0121756,-0.3517392
133419.66,-3.3468015,1.1401212,0.5846576
119775.87,-2.5298126,2.939584,0.13738288
134450.2,-2.5699992,0.17338954,0.025844162
129643.01,-0.32851502,3.3103962,-0.008279477
116185.82,-0.36294758,0.2574867,-0.9220642
116359.03,-2.8316643,2.499819,0.58358186
118464.56,1.8963354,2.8016078,-0.41953352
120618.05,2.4621718,2.5628128,-0.09549261
121499.43,-3.394936,2.708711,-0.13803907
126126.73,-1.3103199,1.4302567,0.0002622351
123517.85,-1.3833361,0.19624302,0.24686842
116307.71,0.9172572,1.8476068,0.29004958
132912.78,1.1693401,1.0887626,-0.10670972
115913.23,-1.1282147,0.96914285,0.16411775
132652.95,-1.7912337,1.4010142,0.07900279
133355.78,-0.39457497,3.3353777,0.09887127
117658.125,-2.920425,2.6287181,-0.18757974
120712.71,1.4507637,1.5803924,-0.093544625
123167.04,-1.95631,2.747238,0.115156665
124199.586,0.5987984,3.208446,-0.34077153
122316.33,0.32446414,2.354515,0.44606575
125338.984,-3.4330513,2.8766425,-0.3036575
124880.414,-1.8190254,2.1389055,0.4439625
126254.1,-3.1959133,1.7599752,-0.07325657
116220.23,-1.4332266,3.3635936,-0.013046494
118413.69,-1.1041626,1.2353019,-0.1461159
123009.914,0.8954529,0.3529419,0.20966798
124803.125,2.3807042,1.7410929,-0.010965599
128614.49,-0.10515437,2.8109615,0.53302354
132361.31,-1.157101,0.042875074,0.11533725
126659.98,-2.452489,2.5604603,0.22401224
128277.79,0.31174493,2.8124902,0.058143184
125938.58,-2.6874456,3.0243592,-0.35378346
122240.29,-2.8104067,-0.32483742,-0.12236903
115078.49,-3.901464,1.2130374,-0.10423726
133617.28,-2.1430078,2.6878111,-0.03267628
122008.125,-2.5830483,1.8143736,0.384577
123629.32,-2.1061227,2.1702504,-0.6525756
131685.19,-1.7845343,2.4532366,-0.095917255
115642.984,2.5163376,2.3074574,-0.5973629
116248.83,-3.4708045,-1.0705134,0.5400639
124220.47,2.013209,1.2112765,-0.4036385
118116.84,0.9477914,2.5099745,-0.18937397
117253.35,-0.71158034,2.829851,0.05312436
118296.1,-0.99707127,2.4831798,-0.057766814
132508.7,0.36110708,2.7775745,0.08690978
120093.695,-0.9199456,2.9540505,-0.027145205
132145.58,-0.73982155,2.1425815,-0.4485114
116780.945,-3.9709702,2.2001033,0.58676267
121967.67,-1.2367612,3.257986,0.014283171
119200.86,-0.4520272,-0.010292631,-0.19923878
132422.52,-1.5674146,-0.055306587,-0.24153371
123113.83,-1.9706053,1.7808073,-0.61223996
127276.25,-1.138466,3.1428413,0.60450226
116253.59,-2.132514,2.3942447,-0.11232304
126311.71,-0.14641063,2.3077424,-0.042465396
127252.4,-4.004678,1.5722765,0.6015003
117780.33,-3.2371802,0.6656738,-0.10337397
126882.234,-0.3722107,2.7891264,-0.5758614
128890.375,-1.9055533,2.7995126,-0.0772634
127562.945,-1.1774048,2.7414732,-0.052682135
122470.84,1.7033695,2.6946528,-0.14144962
115431.734,-0.14322005,2.3738756,0.64582515
127892.47,-1.4035634,2.8288333,0.052691076
117800.125,1.5029789,2.215193,0.44950223
119680.52,-2.2986329,-0.7415869,0.38337967
117184.734,0.56154895,0.6385066,-0.13247462
131638.92,-0.6021023,0.8403574,-1.0390977
115204.586,1.9476669,2.99561,-0.28310156
119636.54,-2.736457,0.16177773,-0.095134124
117646.0,-2.7632303,1.7526828,0.35671213
118085.99,-2.5218427,2.8035736,-0.32959434
122400.5,-3.6278827,2.5512452,-0.3428977
121369.305,-2.7678592,0.48431626,-0.24489272
125820.58,-3.7402985,2.790516,-0.12840252
116738.87,-0.15790996,0.72132564,0.8764937
132575.69,-1.449683,0.9668406,-0.16279972
131902.58,1.5113045,1.585124,-0.14303195
131126.47,-1.8215647,0.82308125,0.84747976
129425.34,-1.2962489,2.960784,-0.63463545
129666.27,-2.2649229,2.2356029,0.019803815
129116.57,-2.3089488,2.1860797,0.27433753
115827.82,-3.3305538,3.0720801,-0.29993108
119473.586,-2.3546941,2.2151182,-0.13041785
134104.0,-0.23977257,2.7324204,-0.18618631
126156.78,-1.5573508,0.9097281,0.15283807
131702.19,-0.7075484,2.8947918,0.27964124
119757.28,-2.3066325,2.5446374,0.42220238
127560.82,-1.5323453,1.4685163,-0.30652124
120846.57,-2.3111045,2.8672316,0.07255658
128231.984,-4.7482953,1.3867869,0.23209684
118717.305,0.48917988,2.2482443,-0.6174361
116235.74,-2.0384712,0.5668104,0.086688064
119170.9,-2.9958546,2.439714,-0.043058407
134064.05,-2.690401,2.277848,0.10414041
132944.28,-2.3632836,2.4923635,-0.20747057
122311.24,-2.9424949,2.772345,0.2990818
118686.61,-1.2033595,2.6939318,0.1406638
134001.78,-3.5626903,0.22163469,-0.03174296
115282.96,-0.105741926,2.454464,0.5200006
117972.75,0.44201225,2.7287564,-0.014568053
132639.34,-3.1525502,1.8792593,-0.3793785
119841.414,-0.75148344,2.3964276,1.106506
134293.64,-1.4056222,2.2216985,-0.008320898
130355.1,-1.190527,2.2957492,0.51443106
134001.81,-2.3153713,2.2727025,-0.073051244
116497.625,-2.314497,-0.5190394,-0.16712809
127958.81,-1.8225539,2.2845304,-0.00057661923
116473.99,0.16246402,2.397023,0.3742962
117071.98,-0.9585909,2.0713625,0.12616995
120324.58,-2.780658,3.2226562,-0.2800054
125101.74,-0.9830905,1.7565535,-0.00617951
117010.54,-1.0705603,1.5677857,-0.11831034
115969.77,-2.9494905,1.0883605,-0.06810484
127034.52,1.2129191,2.1154516,0.2904352
123669.11,-1.0601996,2.6922991,-0.5205739
123136.95,-2.617258,1.0024018,0.18585645
115798.42,-1.3883076,3.035825,-0.42440367
119549.85,-2.0005798,0.7430407,-0.05535038
129969.875,-2.5049827,3.1313708,-0.4146661
131723.44,-3.6359582,1.6795095,-0.1475582
123461.84,-1.235096,3.1437273,-0.47450426
126130.695,-1.9415764,1.2397995,-0.39498982
116600.65,-2.3199732,2.5746744,0.27628523
123246.54,2.5003843,2.796613,-0.55927294
119367.89,-0.6082389,3.1443446,1.3797973
116010.69,-0.08463301,2.537712,-0.37451848
116716.234,-3.0437121,3.2200468,-0.38986403
124799.75,-3.2634194,2.8836656,-0.16174512
124492.66,-1.2919576,2.9872727,-0.18501997
133300.23,-2.219662,1.7169414,-0.44900042
117667.805,-0.77487123,3.0426116,0.0980953
134419.53,-3.126166,2.7548087,1.413404
115023.16,-2.4263108,1.0898374,0.067836344
120469.805,1.6734407,3.0210695,0.24251173
116509.46,-1.634689,2.5783243,0.7262216
124894.01,-4.65835,0.20501348,-0.115364365
127831.695,-0.085262924,1.1515915,0.40905425
132850.92,-1.4559194,1.919408,-0.045241214
132541.72,-0.8443074,2.4887927,-0.9372106
133625.95,0.406055,2.8769581,0.05609298
130549.19,-3.2857003,2.087303,-0.10541613
115788.875,-2.1634617,0.7315662,-0.9119982
127562.62,-1.7022336,2.2196913,-0.3653057
117925.945,-2.73733,0.44913563,-0.12855181
131037.29,-2.7980945,1.8323653,-0.16193315
126121.94,-3.1448808,3.3855417,0.07144267
131373.9,-1.0839119,1.8617783,-0.28462192
122496.78,-2.2631266,1.503609,-0.27761847
124054.61,-1.2578529,3.3394465,-0.08054849
121305.734,-2.3326356,1.8678666,-0.07976536
132048.83,-3.1027384,1.5339528,0.25738403
124595.75,-3.6211615,2.3429384,0.18469009
123359.25,-3.4444141,1.4000492,0.105080284
121545.76,-4.496245,0.9985431,-0.033619434
126886.625,-2.7619345,2.9926262,-0.23665704
129459.57,0.98885065,2.5356457,0.4323336
129374.03,-3.1138115,1.9091246,-0.041938543
125442.36,-2.913279,2.715989,-0.16488926
124424.195,-3.5778666,2.6863668,-0.31982788
133350.02,-4.705572,1.9487901,0.43356967
116995.62,-3.0949028,2.8752797,-0.14700721
119558.22,-2.254263,1.0292854,-0.13081956
124836.85,-4.5404887,2.9308176,-0.18329935
127865.734,2.2538826,1.4857899,-0.58642024
127396.59,-2.4456408,2.312927,0.20639063
132563.56,-3.5377216,2.4855697,0.22597721
115304.53,-1.5085196,2.4835556,-0.63472664
118993.78,0.70565003,2.149615,-0.34608
117289.836,0.163749,0.7464683,0.4649151
121025.83,-0.22869377,0.73276013,-0.09606685
121823.96,-2.8578565,2.5298169,-0.20260462
121314.164,-3.2278197,2.7325714,-0.4669099
120888.76,-1.8722577,2.587225,-0.08728495
133569.05,-2.1489818,0.57355285,0.25461924
119418.46,-1.8043262,2.816639,0.791905
133546.9,-3.9717956,2.9864106,-0.56263345
134878.66,0.39837065,0.33491412,0.36913076
129583.555,-1.4965723,2.5169816,-0.300137
117085.78,-2.6303358,0.72832894,-0.65092206
120904.57,-2.5498207,2.7124836,0.41181487
115700.95,-0.7691986,2.9287906,0.19649246
123867.195,-2.5640025,2.6324599,0.33776626
117514.76,-1.1104593,2.753046,0.6757515
128330.44,-3.3970377,0.8752206,-0.101737976
131576.28,-1.5037448,2.294104,-0.13180293
132620.34,-2.4004018,0.7139701,0.12268877
116268.03,-1.2667181,1.021136,-0.24068384
122196.79,1.4402297,2.7318392,-0.72371197
134793.75,-0.6763911,1.7725215,0.0008436222
118240.96,-2.3389437,1.8535675,0.028585115
132774.67,-2.818664,0.8339457,0.73999316
118556.555,-2.2744017,1.0670801,-0.29090694
134119.42,-2.8626132,1.1056095,-0.04130709
118497.53,-0.52838486,1.6357666,-0.20797954
132231.31,-1.8714238,2.1743817,0.27890283
125756.99,-2.0037634,2.5973623,-0.0053823753
131501.5,-2.100843,0.87911546,0.3239107
128796.34,-0.33594555,2.320039,-0.3063499
118182.34,-3.2407558,0.86557525,0.078276284
115878.48,-3.1280487,2.618433,-0.05698309
123145.44,2.279939,2.475126,0.021056583
115807.35,-2.3069944,2.1498253,-0.5913935
128096.31,-0.027823778,1.7861191,0.17570019
126650.945,-1.2869086,1.6940668,0.2768067
117654.52,-3.793877,1.0309631,-0.25418985
133589.81,-0.8317769,3.060635,-0.14215556
131099.47,-0.6139605,2.656795,0.45927766
122345.03,-3.1027596,2.5130908,-0.4592583
127882.68,-2.0556047,1.3635764,0.1322228
116496.41,-0.6783122,0.28465122,0.5616137
121987.445,-0.7955156,3.2022302,-0.1404111
121097.77,0.12902817,2.9946747,0.9945483
118218.55,-1.36887,2.6418452,0.36475262
130154.68,-2.8961506,0.6154164,-0.19090119
122177.42,-2.915221,2.6962128,0.12000861
126975.805,2.50689,0.8110698,0.21960133
119198.84,-2.5249717,3.1003196,-0.051214512
115070.16,-0.85791105,1.286716,0.14536078
129840.65,-1.7072034,2.775306,-0.34960616
124391.914,-0.86078477,1.6384132,-0.25665933
121716.69,-3.030279,2.8005452,-0.064271435
115860.94,-2.280138,2.1179762,-0.8385858
128602.3,-0.96639067,1.4545127,0.12015701
127402.65,0.5011693,1.3972121,-0.53497154
122719.61,-2.121177,2.8663435,0.00024256746
129591.44,-0.50155365,0.2081515,0.005244404
126116.26,-0.6463862,2.0066886,-1.0429858
117626.33,-2.0866122,3.1773386,0.010521289
119317.67,0.062391,2.833093,-0.24309282
117487.39,0.8998358,0.5133911,0.029871259
122816.17,-1.8380865,2.5955207,0.3899409
123032.734,-3.9397771,0.37739652,0.54952526
118449.29,-2.2325811,0.6002393,-0.55400443
132012.72,0.50916153,1.0474046,-0.18266164
117552.04,0.2387528,1.6956676,0.15681629
125159.53,-1.2996881,0.5094096,-0.13089345
124059.336,-3.515499,1.4304247,0.12719266
131981.19,-1.2594833,2.9443953,0.14030203
127554.43,-3.3295496,2.964996,-0.26032943
125848.97,0.6365893,2.7074034,-0.14240378
132275.62,-0.66325206,3.049327,0.06451609
122363.56,-0.94374055,2.5781498,-0.44091016
118480.72,-3.529068,1.3047028,0.09088323
123719.016,-1.7002388,1.1333785,0.18098125
120887.54,-0.5881053,2.884557,-0.111831345
123580.625,-1.3112466,1.8811952,-0.5741804
120131.805,-4.5204334,0.1598955,-0.058108315
129788.055,-3.8129172,2.8294334,0.4421662
116248.4,-3.052703,2.8770177,0.31470564
119940.34,-2.4074218,0.8760641,0.12846927
126125.99,-2.2676585,2.8242264,-0.09485282
117925.73,-2.4534009,1.2208616,-0.03139282
126416.79,2.8409455,2.1417572,-0.15788281
134218.48,-2.9327497,1.002146,-0.27553993
117530.984,-0.9658854,1.6918296,0.9985796
129185.664,-1.3749923,1.7430798,0.15933256
121476.805,-0.9655923,1.6062466,-0.007542239
116705.67,-0.94661665,2.8335507,-0.080272846
116915.414,-3.1254108,2.594324,-0.16101652
132765.36,-1.8089433,2.022411,-0.14045699
123969.78,-2.2464197,1.7591109,0.11515428
132514.1,-0.3824595,0.5159574,-0.44911128
134940.1,-2.2314582,2.4428082,0.15990292
116289.64,-3.5582178,2.5704608,0.07715403
122968.73,-0.19550623,0.92695683,-1.3986342
124933.07,-1.6260984,1.8790247,-0.015138713
132306.06,-1.848325,1.4759226,-0.56234735
120883.31,-1.5172014,2.971237,0.14302868
118490.5,0.1465446,0.64704174,-0.021888882
120403.484,-3.1137793,1.2313864,0.1357153
118545.016,-3.1815884,3.0295286,-0.5330879
121562.9,0.45363593,0.78445566,-0.009724452
130575.37,0.9080623,0.69844085,-0.37985736
116568.42,-3.116863,0.30239397,-0.020144125
121079.89,-0.8988415,2.8570807,0.014197945
120690.195,-2.1573834,2.2276473,-0.31942558
126389.35,-1.3418821,2.2939875,0.18652156
133577.42,-3.7566917,0.57419455,0.12876429
129143.53,-1.35715,2.653261,0.6719133
117400.3,-2.7012691,2.9782915,-0.1073954
118406.016,2.016634,2.0544133,0.4637875
126786.586,-2.0839753,2.8419077,-0.57952285
134680.61,-3.170801,2.9695826,0.08019
132736.98,-4.0488734,2.8641167,-0.09858907
118848.23,-2.5081887,2.5937655,0.071902774
115731.93,0.87146443,2.570375,-0.09874969
120564.66,-4.4112344,1.4785905,0.007255866
130415.47,0.36664203,2.1864324,-0.9726979
127022.086,0.0033142078,1.2837632,0.45018226
119505.53,-1.4158947,1.0523797,1.5720437
121511.14,-2.146812,2.9105701,-0.13124688
120895.93,-4.1726503,2.6488624,-0.1109013
124520.06,-2.3787236,2.6058729,-0.11173301
118305.05,-0.9242052,3.0306418,0.42144606
116393.31,-2.6271582,3.4961853,-0.40371987
126532.82,-1.3896157,0.960242,-0.24585225
130903.43,-3.834614,2.4218285,-0.122004874
126036.77,-1.3610362,2.9855006,0.50486124
124679.68,0.44384518,2.3965418,-0.18588027
123596.62,-3.3702338,1.4531893,0.31364003
115308.414,-0.066845186,0.3087647,0.124892145
122059.85,-0.6065141,2.3240724,-0.26465333
128660.055,0.49750552,0.3522398,0.2770767
115508.04,-4.07075,1.7893865,-0.06354821
132405.69,-0.6232567,2.7534378,-0.53964704
116827.35,-2.2647839,1.9482957,-0.029743122
126838.34,-3.164355,2.8879137,-0.32437855
125313.164,-1.1493195,0.5041631,-0.25703895
122446.45,-1.2390453,2.2209477,-0.13444108
115281.3,0.35196418,1.3111926,0.20926033
118609.44,-2.1532166,-0.017108168,0.98056704
124148.77,-3.0871153,1.2498591,-0.053007547
122581.516,-3.0202167,2.8405035,-0.15033431
119962.13,-1.6848745,1.8016226,-0.24012987
132400.62,-2.4911551,2.162705,-0.4688665
115389.99,-0.9640353,2.6348193,0.40945
131881.53,-2.5626855,2.7570467,0.19751756
116071.695,-0.5022428,-0.9197033,-0.860191
122393.37,-1.5904471,2.579122,-0.01604104
119762.9,-4.430752,1.9049587,-0.13473222
121317.945,-1.8820856,2.9239013,-0.18345311
123547.93,-2.9644659,2.964247,0.03839688
121478.38,-1.5181719,2.8123736,-0.22877777
127439.8,-0.04448505,3.099461,0.075658105
120362.05,-0.7557334,1.8784362,-0.008339672
115996.56,-2.2642765,2.5187328,-0.17761362
120193.086,-2.0044248,0.85528445,-0.07538007
117992.37,0.35250935,1.6273179,-0.03826755
131979.52,-0.68953633,2.8698294,-0.07016905
124546.41,0.12457984,2.2091823,-0.091513194
118011.14,-1.3289119,0.38659078,-0.10070692
127681.79,0.4146486,0.09285501,0.52771443
115882.05,-2.4884598,2.9569926,-0.3967161
117570.59,-1.0688752,2.834849,-0.11134055
123576.305,0.38348204,1.8269162,0.022810578
125051.914,-4.4916525,2.3922174,-0.07002899
122199.164,-1.8961935,2.1848624,-0.50210273
115672.19,-0.39974415,0.39184797,0.40878904
118166.836,0.79144746,0.9202112,-0.09976198
117187.31,-1.0501822,2.991438,-0.14555895
126205.33,-1.7389382,2.2371852,-0.19010793
122909.21,-1.6234968,1.7748687,-0.46327913
123518.766,-3.1353211,2.583159,-0.098645985
130026.195,0.5831652,2.514757,-0.89644915
129095.766,-2.0911562,1.5499824,0.83051014
129232.875,-1.8779579,3.2952163,-0.22485676
134289.22,-2.5330544,2.8584096,-0.46226653
130137.266,-2.1571913,0.7071161,0.090115
121706.55,-0.15693563,1.87444,0.045428354
122229.82,-4.291382,2.2823806,0.42846143
130612.84,-1.1906767,2.5900607,-0.41394556
120490.17,-0.9772318,2.3576999,0.037226953
122317.5,-2.3798835,2.8125715,-0.41949242
130013.99,-3.6500795,0.61190706,0.3179383
121661.48,-2.1503663,1.9525886,0.97273517
131289.19,-0.9001495,0.81889755,-0.5729777
129646.25,-3.173976,1.535674,-0.068152815
133868.97,-1.3543493,1.5490423,-0.7880212
127493.33,-1.1659423,1.7116692,-0.16699608
116720.73,-3.1466126,2.8696363,0.23621273
121103.31,-0.52046525,2.0890765,0.108054265
123959.375,-0.6108106,2.275187,0.28710064
118357.93,1.3968512,0.20797592,0.034529507
125853.32,-0.6313953,2.7206082,-0.2167969
117629.81,-2.9875205,1.4986699,-0.9725635
115055.06,-3.6068027,1.7625791,-0.7698382
116821.9,-3.643484,0.7517792,-0.1956247
134299.44,-2.7057848,2.8476374,-0.016377177
127544.516,2.0557742,2.9315379,-0.16481476
116723.086,-4.1810822,0.6926024,1.4659052
127939.53,-1.3372967,2.151528,-0.33769444
126745.29,-0.97959167,2.8374727,0.20996478
128160.94,-3.693235,1.5318458,0.340152
127456.55,0.260089,1.8327104,-0.07074596
123989.76,-0.6253324,2.7108655,0.070025414
130665.17,0.8922368,2.4241033,0.11627534
125492.28,-2.4952962,3.0447218,-0.24868171
128049.73,-1.1077354,0.46111804,-0.1990713
124637.164,-1.2302413,2.4954877,-0.44554427
124589.83,0.46148765,2.4498453,0.51349235
119914.1,-0.3165046,1.3312354,-0.7397908
132744.9,-0.7675568,2.2190278,0.16748032
118164.87,0.36090457,1.8714979,-0.30101132
126633.15,-1.0747886,2.5529478,0.10195134
120831.17,-0.4427844,3.0722733,-0.12810661
116972.35,-2.756113,1.6022332,-0.5416338
120746.43,-1.5858327,0.07489676,-0.32271692
127868.46,-1.6427708,2.4365306,0.5012299
122030.61,-2.0259597,2.9697444,-0.116073295
130650.445,-2.0356488,2.9640949,0.24062721
118681.07,-2.9360805,3.0247176,0.27942848
116053.875,-3.2157075,1.633901,0.03795525
129972.11,-1.8516674,2.8290942,-0.043269385
131602.78,0.84807104,1.9269805,-0.5485982
116140.805,-2.7919917,2.7035818,0.29903233
120652.26,-1.0610362,3.1656137,0.06901462
125504.58,-0.23587735,1.0288414,0.03307291
121318.484,0.84143853,0.41982248,-0.25108892
126703.73,-2.0691316,2.917385,0.46199358
117888.78,-1.6688178,1.7964516,0.1418075
131048.055,-3.3608403,2.2286704,-0.105121106
119287.664,-2.4726434,0.81269,0.012139399
115498.09,-1.3971144,2.6248198,-0.04140722
118953.95,1.2621876,2.5795553,-0.30222327
130140.7,-3.2402005,3.1361103,-0.13171771
125606.95,-6.4872184,2.7030246,-0.3141347
117759.46,-1.9021871,1.781631,-0.096394345
131371.56,-0.5966015,3.2214417,0.18753594
132454.45,-1.9327286,2.5767763,-0.17666629
129317.87,-1.051935,1.510638,-0.12633772
117735.59,-2.783689,1.1265907,-0.53561753
131379.64,-1.0215102,0.48424378,0.09689199
120273.914,-2.1556096,1.4648472,-0.4259905
127670.875,-3.0283952,1.034308,0.18395583
128229.17,-3.50429,2.0942562,0.29490036
117780.13,-0.45645142,2.3988545,-0.17117009
115016.43,-0.9763546,1.2830945,0.01867382
123569.74,-0.99677265,2.1345298,-0.36257637
116656.07,-1.1876752,3.029564,0.14097431
122994.87,-4.164521,2.6357698,0.16691948
132059.75,-1.9924215,2.2999372,-0.3843684
125493.87,0.6386654,2.4972775,-0.010551983
116336.45,-1.6589336,0.8259805,-0.88504493
118153.56,-1.4095694,1.071665,0.028371155
123540.875,-1.1797994,2.594193,-0.9370566
119902.836,-2.2126844,1.3375461,0.33415395
132549.9,-2.6069622,1.0229573,-0.6681515
124244.195,-1.524343,2.2402637,0.7473429
121543.62,0.040521294,2.5511475,-0.06393292
122096.24,-0.55861294,2.7915835,-0.30241427
128045.58,-2.1516454,1.7720077,0.13935977
127770.77,1.1649084,1.260808,0.92435634
115108.08,-0.9363141,0.5069522,0.13160357
122084.67,4.2522426,2.806577,-0.062112767
121195.57,-0.92916566,0.91426057,-0.09016417
129967.266,-1.4019191,2.6826904,0.15519042
134501.22,-1.8937778,2.6303153,-0.20805345
122554.24,-0.78246266,1.3169881,0.109213464
125479.27,1.3710629,2.138065,0.5031013
118264.984,-1.1001272,2.091677,-0.039927974
134069.6,-3.4094362,2.8774104,-0.44338322
118974.516,-1.5619044,2.81907,0.009168395
134977.98,-3.068171,2.468675,0.63384813
120533.39,1.971561,0.80461556,-0.37931144
125387.4,-1.2559397,2.1895695,-0.9165191
115755.82,-2.4771087,0.4047031,0.008146274
134643.05,0.074150704,2.988496,0.18586656
128003.96,-2.2049458,2.888622,0.09351333
116135.35,-1.4232289,1.6743625,-0.27602598
125783.88,-3.724287,-1.549335,-0.101760626
120502.37,-2.5673888,2.5199788,0.018208353
129674.11,-0.41144392,2.269812,-0.018860662
117105.49,0.11892506,2.214058,-0.124710366
119143.53,0.572001,0.64890486,0.6605699
129503.11,-1.3391634,0.27712217,0.18755025
120620.24,-0.8873212,2.3396442,-0.26087326
118398.805,-0.3549009,2.6698668,0.0797585
116308.97,-1.1834067,1.9671865,0.20160842
128540.22,-2.2491527,2.7276278,-0.13822232
120512.24,-2.8842447,3.0592818,-0.0402066
129688.02,-1.050535,1.9671707,-0.14206855
126185.195,-2.6395557,0.58137494,0.12479142
119768.35,-4.0173025,2.4907234,-0.4498792
117565.56,-2.0672112,2.9187393,-0.12990917
116378.45,-1.8057734,1.0328939,0.61301893
123477.13,-0.3877382,1.0237813,-0.68014365
124594.98,-0.5314056,2.7499583,-0.71805304
124343.02,-1.9499424,1.4566598,0.1613595
131533.77,-3.6276064,3.0939882,0.31287596
115205.414,1.5740352,2.1877532,-0.16438803
121616.24,-1.541389,2.5623298,-0.008562571
127684.266,0.30551222,1.4840982,-0.069017
116471.98,-1.1166545,2.91203,0.09358187
120124.61,-0.42697966,2.5405395,-0.17233941
119194.13,-2.5837235,1.4645112,0.018891357
117126.43,0.28447562,1.1088405,-0.15031911
116082.42,-2.9843836,3.072747,-0.015990082
129843.36,-4.8662524,2.1864614,0.27918175
123128.33,-2.380656,2.7320614,-0.13956599
129038.64,-1.7659241,2.9596248,0.00032272795
132470.94,-2.5492852,1.8899599,0.2508383
119291.42,-0.15218836,3.1539364,-0.38801408
117226.0,-0.6946008,3.1390846,-0.7256432
128674.28,-1.9647324,0.8793452,-0.02844625
120728.445,-1.7168673,2.7109606,0.6236162
122255.13,-2.2363927,1.0459664,0.40489903
125233.28,-1.8772537,0.8189202,0.34096253
126325.92,-1.1458772,0.80302536,-0.4689267
127603.46,-1.5663476,2.3044655,-0.3090533
121073.586,-1.7147782,2.9662864,-0.1778836
121980.48,1.3619038,0.47286558,-0.07523793
123737.1,-3.9347262,3.069741,-0.080518395
125884.98,-0.47427368,1.9343967,-0.09629481
131081.88,-3.269234,2.5365255,0.30634633
123651.734,-4.085967,0.4102868,0.10179162
125445.74,-2.6362882,2.8633368,-0.36710468
116782.914,-2.2437077,2.1965137,0.3760347
129414.945,-3.602501,0.7473934,-0.46030393
131433.6,-1.8450804,2.2311566,0.67487127
128328.086,-0.252582,2.1415074,-0.45960572
132136.78,-1.4560744,0.20088649,-0.19549894
120736.59,-2.002155,2.5595703,-0.094120644
131324.95,2.2950618,0.45463714,0.06858371
118683.97,-4.574691,1.2990707,-0.31864277
121247.805,0.15429233,2.2677739,0.0843792
130889.47,-2.6057646,1.9453984,-0.5539216
122031.23,-3.6955266,1.5908351,-0.27208382
120713.445,-0.3047232,2.120929,0.15058462
117857.375,1.4823993,2.7394888,0.6076437
117928.58,-0.82792926,2.812576,-0.04752564
134245.25,-1.4848666,3.000439,-0.25780153
121407.14,-2.8160224,2.7309213,0.14368963
126089.3,-2.8507018,2.5210376,-0.26046887
122830.836,-1.4474174,2.5191052,0.04939228
134590.47,-3.650587,3.2215908,-0.8497877
128316.86,-3.4620917,0.22418143,-0.10734445
127283.375,-0.5473609,1.7993381,-0.41700983
119669.64,-1.5750219,0.6634698,0.020135185
115298.67,-1.4995593,2.8384159,0.027648816
118569.98,-1.040603,3.0778332,-0.4600882
128439.234,-1.4699836,2.5559492,-0.1550608
131236.64,-0.8824,1.3085759,0.00011979376
121163.92,-1.0480276,2.1945333,-0.23320805
122903.95,-0.7124992,2.8883882,0.008356658
117697.805,-0.0066666445,2.3022718,-0.2729322
120116.7,-0.8671566,2.7878273,0.28147033
125306.59,-4.0777154,0.76541865,-0.028793413
115236.75,-1.8048452,2.0619786,0.052646376
115855.39,-1.4533852,2.623064,-0.10966403
128064.21,-4.677887,1.2199543,0.3481007
127361.52,-1.7963818,2.4431856,0.21973006
115516.06,-2.1862512,0.5263892,0.4272325
127864.79,-3.9886353,2.239605,0.0037705235
126059.95,-1.1083288,2.151552,-0.14619488
123468.375,-2.1655877,-0.24476881,-0.10349108
130066.766,2.6714308,0.8397172,-0.7685434
123070.67,-1.9649783,3.1038713,-0.07791541
121830.23,-0.67031306,2.3010523,0.37943718
134137.94,-0.7473041,1.7616007,-0.09122146
117099.62,-1.0298152,2.6449387,-0.068292275
119581.92,-2.2309222,2.8667831,0.5641687
133643.3,-1.6231287,0.87048316,-0.29699615
125897.01,-1.8300408,2.0737894,-0.6602102
134446.6,-0.9688411,1.3256849,-0.112882376
121980.805,-1.8721895,2.0612695,-0.2131563
118742.78,-3.6556032,2.0283177,-0.76230997
127875.92,-2.4497833,1.815393,-0.2679557
134546.1,-1.2577031,2.1225019,-0.21430865
116087.234,-0.19490041,1.0490587,0.31090087
120884.2,-3.7380495,2.1241632,0.7438325
129543.7,-3.0457156,0.4593139,-1.0345708
131480.3,-0.86478674,0.6785263,-0.123094045
117619.39,-2.8599157,2.7887135,0.16026944
130903.02,-1.2842532,1.8909597,-0.036211688
120420.94,-1.3502467,2.77428,0.21376124
115433.67,-2.35641,2.6627927,0.017748846
120047.164,-1.5542498,0.9672529,-1.095561
130619.945,-1.1835372,2.6511457,-0.11384072
121375.26,-0.19448437,2.4551177,0.062633365
128701.9,-0.16575654,2.3082037,-0.11426358
127710.9,-1.7975328,2.02184,-0.36820817
116568.75,-2.9630713,1.942616,-0.052003603
132934.66,-1.2127486,1.433471,-0.10105825
134961.89,-0.9403261,1.0879717,-0.44003585
129857.31,-1.9778966,1.7878615,-0.09396718
127717.63,-0.4533311,2.8486028,-0.9382024
128783.38,-3.2421489,1.2351176,0.0892091
117103.66,-3.9691203,2.2372272,0.47410166
122206.914,-3.3802004,2.0784202,-0.34421724
115267.53,-2.0001407,2.3754878,-0.52393645
129885.97,-2.4447386,1.581344,-0.28696713
129691.945,-1.6188543,0.48001078,-0.2729018
132993.95,-2.3589795,2.4675672,0.25520092
132542.61,-2.011949,2.5361981,0.22995782
121848.76,-0.068421185,2.3038332,-0.43928757
119587.336,2.4444578,2.0912812,-0.7922426
120828.89,-1.7112033,1.9468949,-0.47480792
130127.06,-0.3727607,2.6050377,-0.04007727
133851.75,-2.8736496,2.699455,-0.10290284
116706.52,-1.8775973,2.2201047,0.22371067
125095.03,-2.545979,2.3125322,-0.13772438
127379.3,-1.743483,2.0395145,-0.06281782
120277.59,-0.37850055,1.1057879,-0.1771413
134095.0,-0.0077346438,2.7167814,0.043555163
133311.4,-1.8544554,2.8971093,-0.44477248
115933.266,-2.7623208,1.3062373,-0.57438785
128399.21,-3.959054,1.8962034,-0.22784981
126468.375,-1.1259172,2.91507,-0.19440202
132622.17,-2.5848727,2.8353548,-0.026619842
119336.88,-1.4894418,2.9077485,-0.07733939
115466.35,-2.4918942,2.3888674,-0.1693985
118139.06,-1.7437024,2.970456,0.14144038
122817.95,-0.72986305,0.34361863,-0.42949995
116909.86,-2.8282223,1.8042091,0.5277198
124137.51,-3.6121345,1.2561139,-0.034900513
116311.99,-2.4899914,2.276699,-0.25352174
116791.055,-1.3891652,2.513255,0.4284811
122742.266,-2.1277444,2.1497056,-0.1719097
125166.68,5.1894956,1.9873267,0.15309136
123156.85,-1.6678765,3.3807645,0.04693263
130813.01,-1.6758146,2.386613,-0.8746166
122214.72,-1.6821263,3.080377,-0.18211095
129805.47,2.3426158,1.9735698,-0.88272923
118898.234,-3.8156266,2.3248098,-0.6493215
120429.66,0.93211204,2.9251158,0.019641707
123867.125,-0.37564442,0.9899526,-0.03690244
115893.28,0.18393904,2.8837407,-0.26027042
115499.12,-3.1097348,0.8600389,-0.056092087
123320.17,-1.8261008,1.0821545,0.13314241
133574.06,-4.6889863,2.8223732,0.25581837
129967.59,-4.6459446,2.6490245,0.23944657
121061.45,0.68538386,0.89477444,0.44037288
118797.3,-0.46690688,2.450356,-0.09337924
121643.77,-0.7410972,2.8784978,0.0053886333
120272.3,-2.2469852,0.03128186,0.26495788
117604.28,-1.8403499,1.5441167,0.3250562
126603.49,-0.7439723,2.8687415,-0.37280622
130440.74,-0.62572914,1.0508122,-0.46788195
130150.6,-4.4022093,1.946612,-0.97747
125933.125,-2.3099737,1.4770468,-0.12520564
123690.99,-4.3039684,2.0972536,-0.29054695
115558.41,-1.747754,2.6163533,-0.5333084
123633.01,-0.3896765,1.5874768,0.29834038
120509.04,-2.2957602,2.6476805,0.12860397
117597.18,-0.9399569,2.8729506,-0.12212914
122164.3,-0.7147526,1.3797832,-0.04954813
131896.14,-0.9584315,2.3995235,-0.05918765
119727.19,0.3494383,0.6676086,0.083343975
134849.62,-2.747953,1.7053902,-0.007652497
120785.86,-1.7427177,1.6865332,0.044817466
122052.875,-2.1461318,2.629514,0.111272015
116337.445,-2.1169474,2.5931718,0.114555314
120645.336,0.5361436,0.48103333,-0.19898547
127343.52,-1.9814847,2.2100015,-0.49065498
133098.88,-2.5866323,1.5333183,-0.13903436
121747.6,0.35426825,0.93331224,-0.5013589
132239.11,-1.5747435,1.6668061,-0.09908315
122530.65,-2.6316628,2.6649392,-0.31644952
126670.195,-2.0893433,1.3495085,-0.054279983
119756.305,-2.780115,0.7664912,0.11229234
116327.625,-2.4434028,2.2734518,-0.21694322
124917.26,-0.007011049,2.6612456,0.41024983
116332.664,-3.5511816,2.922739,-0.10793477
134324.06,-3.1915302,3.0334475,-0.3577882
115731.85,-2.200514,1.0227728,-0.32479426
116173.445,-3.4451835,2.3196025,0.33385655
117052.17,-2.3229628,0.5452558,0.5721949
115960.69,-2.5846748,0.48552883,-0.842483
133755.17,0.29652292,2.7851317,-0.15125541
132290.92,-2.3444612,1.6204835,0.26432732
119702.87,-2.438224,2.5892336,-0.016926382
121792.47,0.8532998,1.1947205,-0.035357635
124510.27,-1.4021413,2.5322077,0.33921272
131101.39,-3.6764314,0.8415804,-0.08426716
115219.12,-0.8055133,0.90648466,0.03624536
116110.73,0.0524625,2.7685304,0.12973873
115321.3,-1.8644572,2.435761,0.07385822
118034.82,-4.6409655,1.8214767,-1.9462532
125772.21,-3.4120545,0.92186576,-0.18728532
126783.74,-2.559536,1.7339535,-0.070196755
117224.78,2.0527468,1.6608733,-0.124528594
131889.08,-0.7936682,2.019596,-0.5577797
126517.1,-1.733568,2.5173974,-0.14338806
129540.96,-3.9556851,1.91337,-0.34648585
120875.836,-3.565433,2.619076,0.4784345
118879.41,-2.7892022,1.9871864,-0.35030228
125588.23,-2.0761044,2.8257809,0.65561724
119169.01,-4.021309,2.1332057,0.07280153
120474.5,-0.3953323,1.5430676,-0.05240083
123332.46,-2.88752,-0.029800056,-0.04167154
128414.09,0.28769445,2.226771,-0.12154209
117372.02,1.1819708,0.78409284,0.13052066
116443.99,-3.079838,2.509153,0.29341453
115352.98,-2.3755398,1.5100889,-0.3484556
130489.97,-3.0025895,3.0363657,0.8285547
115014.62,-3.0171964,2.5271618,-0.25741413
122216.24,-0.78757775,1.8276134,0.15557007
127957.84,-0.4918418,1.1646324,-1.000805
118186.54,-2.1854951,2.3920388,0.362942
124122.07,-1.2803973,2.8858643,0.03392756
127557.21,-0.9318324,2.7419913,-0.005557
130067.555,1.1727428,2.5796275,-0.28929567
122260.78,2.5931249,2.757919,-0.3863432
115077.16,-1.4931141,2.9300714,-0.6594325
119236.98,-2.4952943,2.9116566,-0.0044654463
115732.24,-2.652779,2.7200797,-0.07074626
123301.04,-3.9384806,2.5894802,-0.5868711
125102.414,-2.0342424,1.5729291,-0.045373823
131213.89,-1.6795615,1.1045976,-0.5519897
116329.98,0.26508427,0.13266726,0.20600146
120239.92,-1.9227667,0.9463357,-0.3226809
116456.0,-2.3906975,1.3332955,-0.03391415
119390.07,0.08263684,2.3700106,-0.13168553
132129.34,-3.1370847,3.1178746,-0.18560821
127602.875,-0.08495675,2.1223824,0.52213776
123255.06,-0.75180334,0.89089566,-0.5807634
120606.26,-0.55824995,0.63761586,0.62986934
122205.42,-0.029223094,3.0294611,-0.489401
133563.72,0.094463356,1.6704639,-0.1573792
125941.125,-3.8768566,2.7361083,0.09458075
133579.55,-2.3085074,1.5843287,0.76167285
125609.664,-0.27408907,1.081327,1.3472062
124253.86,-1.8547605,2.2893786,-0.071769275
122776.96,-2.2724195,2.867739,0.24916714
133244.52,-4.324844,0.843624,0.0029075316
119404.44,-0.8697899,1.7346673,-0.06145837
122781.53,-1.0537379,2.8204896,0.13940746
133867.66,-3.9535599,1.6900853,-0.03291229
130566.69,-1.607048,1.7042272,0.57300127
122297.805,-3.0623567,2.2214394,-0.458038
116312.85,-3.3935723,2.5542762,-0.179221
120991.45,-1.5297278,2.4613664,0.06071249
128055.7,-4.7306867,2.7595177,-0.09241373
123468.43,-0.3706657,2.990989,0.6819963
123580.414,-0.60625273,2.9780397,0.17582834
128764.33,-2.7630064,3.125216,-0.13905612
117884.08,-4.2841372,0.6890466,-0.42754748
121501.63,-2.6105013,2.9209962,0.14555508
119325.555,-2.1091294,2.5422983,0.04506957
134639.19,0.26820284,2.903241,-0.11480116
134543.0,-1.3936056,2.725135,-0.0763709
123107.36,-2.3643482,0.298932,0.24503337
122031.79,-3.514287,1.4259261,0.17363033
118398.32,-2.2527459,1.9731475,-0.5987116
116691.67,-2.2685592,2.2123272,-0.023913754
134700.75,-2.5875416,2.7957535,-0.23190492
118892.51,-1.4302751,2.659951,0.29198954
122676.9,-2.5592256,1.8837817,0.7663865
125609.86,-3.54085,2.1794012,-0.7954785
130984.695,-0.0054743146,3.0139732,0.14417
127350.875,-2.6711192,1.9633777,0.25270373
133804.27,-2.8364675,1.9380687,0.28776756
119466.24,-1.1477518,1.1562134,0.41340438
129433.24,0.24062395,2.0910304,0.9856574
122222.56,-1.8677965,2.736368,-1.0165615
126464.48,-0.39177942,2.9257576,-1.3294497
131345.45,-2.6378744,1.0137683,1.4875163
126593.18,-2.1617303,0.8406608,-0.06330504
129786.375,-3.0108266,0.594019,-0.39316252
127679.13,-1.588651,1.6018034,-0.20112449
125219.41,-1.7074001,1.3699124,-0.1018536
115921.805,-0.5719545,2.435741,-0.043963414
127702.14,-2.7401695,1.8846257,0.21212941
123171.3,-0.67781353,2.8900685,0.090081625
133516.4,-1.4208887,2.014152,0.04797859
132149.05,-0.63871634,0.5722809,-0.062439963
127196.31,-1.5232023,2.3083625,-0.60512656
118808.65,-1.5659757,2.8697267,0.2110763
120066.086,-2.4657006,0.44036722,-0.05187457
119553.16,1.0341123,1.5322373,0.13330571
133987.75,-1.2492878,3.0462925,-0.1881656
122383.484,-2.4098265,0.48398885,0.3504185
129875.74,-3.5273192,1.3897179,-0.1604399
133281.11,-1.2171366,2.6243896,0.061627332
125054.19,-0.703867,0.63470656,0.26121685
118627.03,-2.1235812,2.0665793,-0.21371236
117310.23,0.6852916,0.8051127,-0.22321212
128376.77,-3.2388835,3.0831354,0.30414414
126691.98,-0.68210167,3.1842074,-0.11734335
118368.8,-2.7973053,3.0068748,-0.23390923
125153.87,-0.6450985,2.60503,-0.13217513
121781.13,-2.8090312,2.084845,-0.05558818
128315.09,-5.0455832,2.765777,-0.3288303
122142.7,-2.1157508,1.9085913,-0.0445153
116645.21,0.33188605,2.2982125,-0.119915634
134922.98,-3.631109,1.1986732,-0.055131055
129732.8,-2.0265954,0.71543413,-0.21018322
121552.54,-3.3162837,0.32689616,0.25133
126305.586,-3.4067159,2.281022,-0.3845791
132709.33,-1.0801548,2.9128816,0.12264825
125344.195,-1.7702619,0.51544946,0.78708524
131186.88,0.66417265,3.0947073,-0.30167943
115551.55,-0.43776643,2.315645,-0.0640384
115364.52,0.6909508,2.6600509,0.20235342
116368.17,-0.6858109,2.7642548,-0.08869774
116137.04,-1.0456189,3.1652055,-0.3403865
118660.39,-1.6105723,2.8664224,0.0927302
118169.02,-2.6115198,1.4366549,-0.31843236
120720.2,-2.9048295,2.0856345,-0.8218212
121412.29,-2.8448064,2.9070952,0.19707355
131735.72,-2.0746875,2.9743905,0.23794527
125866.14,-1.6142265,1.3650743,-0.09773263
123369.29,-3.5976646,2.939082,-2.257661
119966.69,1.2793665,2.2089827,0.2453397
117208.93,-0.61921024,1.5956563,0.26139683
121065.84,-0.23906139,2.9558659,-0.3688292
121804.4,1.2649462,1.2138976,-0.7866349
121299.875,1.2454178,1.3142403,0.27068353
117838.06,0.055060346,2.4777493,-0.021681478
115969.04,-1.7004004,1.9535482,0.46432984
131950.1,-1.4243678,1.5146881,-0.23888634
123238.086,-0.9948068,2.4909244,-0.31049648
127198.51,-3.968608,2.2314315,0.468112
116478.164,-0.62802047,1.9486463,-0.041093133
125481.15,-0.28541622,2.7220228,-0.0005384759
133188.6,-0.5384711,2.3495185,-0.0725235
115496.35,-1.9721467,-0.04840184,0.06922023
125249.2,-1.6060947,2.6170018,0.3479696
120755.34,1.0679708,2.4757426,1.1956302
116425.13,-0.31170323,1.108266,0.2996617
115813.586,-3.7332065,2.7907572,-0.057642255
121594.27,-0.4196535,1.6147131,-0.07966196
133221.67,-1.3374934,2.1651902,-0.0024223966
128357.48,-0.014725718,3.4798002,1.5956246
125316.5,-2.1038265,2.9114509,-0.13169894
117647.05,-0.79697794,2.7600281,-0.29568347
120155.016,-3.160559,1.7555431,-0.53127015
126839.46,0.4140707,2.4169905,0.33943024
133333.6,-1.4764442,2.7631598,0.0959849
131461.78,-0.799439,2.7169244,-0.4101193
121785.83,1.0557265,2.0707743,0.297034
118928.21,-1.2976854,1.3796959,0.0181422
122244.5,-2.6356683,2.5814438,-0.07439133
134852.23,-1.6663449,2.865188,0.15868293
116614.04,-2.8499916,1.6125984,0.62285155
133635.38,-2.7208147,1.3408667,-0.42874068
132620.89,-1.4043521,2.631725,-0.26576692
127959.82,-1.4705132,0.13232638,-0.4770092
121494.06,-2.7051275,2.640955,0.7397935
120220.79,-2.5147376,2.4278426,0.06820168
134355.44,-0.59191686,2.513735,0.0045733205
125062.27,-3.0716317,0.9720733,-0.3127082
122923.86,-3.2443738,2.2794871,-0.16053824
120463.516,-2.8752642,2.796775,0.038417738
116520.19,-3.5251746,3.0116224,0.54272145
122003.84,-2.6876707,2.1211553,-0.07509698
131700.66,-3.3727179,1.0351906,0.87957793
130939.94,0.31490585,2.5927567,0.053449173
130917.45,-1.5475208,1.3222139,-0.9718605
117753.68,-2.8729799,2.3406663,0.643881
130398.46,-1.730296,1.2301155,0.22325534
123627.58,-3.80885,1.3401979,0.114147656
125585.06,0.0032494597,2.993611,-0.28892675
121270.73,0.9084425,2.0092726,-0.3481594
122612.29,-1.1775063,2.6280005,-0.77892077
122974.266,-0.8154573,2.717723,-0.02891291
118109.984,-3.0620189,1.6108062,0.36952412
118798.68,-0.1632162,0.8114249,0.024649205
131906.19,-0.8831721,1.4541019,0.10642781
133067.6,1.4258941,2.0343513,-0.58131945
115116.484,-2.3844376,1.2778643,-0.6896837
121074.766,-3.2759898,2.6320484,-0.14294823
115345.11,-3.2535925,2.3793478,-0.30233115
121331.375,3.489506,2.019994,0.026180897
133758.4,-1.0383595,2.7767527,-0.2752348
123532.47,-3.5308893,2.6850321,0.8609533
115519.33,-2.000662,0.2831807,0.13704912
115109.34,-1.079272,2.9033551,-0.28884807
132315.89,-2.2839413,2.1633422,-0.43795973
115630.46,-2.9841886,1.3703527,0.07104872
115425.016,-0.85237855,1.2054384,-0.11069539
120797.98,-2.0229034,2.2563787,0.22861268
126500.5,-3.4831345,1.4084456,0.06663424
117135.234,-0.9765409,3.0691833,-0.07413714
133121.69,-1.5007658,3.1777573,1.4298848
123088.63,-1.9548587,2.1673203,-0.12869723
122009.35,1.2526537,2.637539,-0.21467876
116887.07,-1.9668547,2.5938947,-1.2317132
119421.41,-2.0551429,2.465537,0.4259428
118180.33,-2.1428134,2.3391528,1.0131313
123032.51,-2.6368353,3.0860727,0.29875043
124260.61,-3.061055,0.9855814,-0.12366381
120567.11,1.3222263,3.0621395,-0.3189485
131046.89,-2.5668356,2.5564942,-0.48138407
132352.06,0.10919493,2.1235256,0.06627545
115721.24,-2.9679976,0.7312009,0.42617643
116559.164,-3.5624945,1.1695533,0.6042853
132250.88,1.7614678,1.6075177,0.6197816
125817.02,0.07032609,2.8806272,-0.13874829
133666.44,-0.21854484,2.3653402,0.062639914
124007.23,-1.6676044,1.0832849,0.27187073
128273.02,0.55585873,3.4455032,-0.23608162
134438.2,-1.3925816,1.056558,0.31270492
133610.5,-2.8229792,2.5515924,0.30147707
122736.8,-1.2566522,2.0357518,-0.33723104
119279.734,-1.4934195,1.0519274,-0.30857143
126591.53,-2.1302285,2.4086282,0.5603657
130354.41,-0.7710921,2.283952,-0.50485796
121862.945,-2.3012435,2.9712803,-0.4110562
119241.06,-3.1601837,2.6609612,-0.31959516
119456.41,1.4437047,-0.2835256,-0.072835796
129353.92,-0.8816987,2.8558004,0.25305715
126941.21,-1.2273039,3.171848,-0.028832152
119117.12,1.505192,0.20332722,0.32645616
122659.51,-3.924686,1.9699132,-0.062074922
124911.78,-0.8599568,0.09790177,-0.16293173
134789.95,-0.72513026,-0.10043185,0.10472865
132556.22,-1.34002,2.9841518,-0.29008684
124034.87,-1.2718599,1.3857329,0.20309483
120984.51,-4.1064596,1.7492695,0.5459291
133620.22,-2.7557292,2.3987925,-0.32352778
121418.12,0.32019523,0.32484522,0.6328457
124642.53,-1.4745449,2.8166819,-0.21382053
131916.83,-1.8199415,2.870821,0.065053076
119207.56,-0.6660569,2.9515655,-0.32001948
133251.1,-0.1644633,0.9618148,0.7724483
126293.56,-3.101643,2.4831,-0.03312953
120689.07,-2.4532778,0.15920474,0.43085197
119374.164,-1.8867575,2.813374,-0.09397254
129843.9,-2.3711877,2.7639232,-0.021075059
121904.62,-2.4397337,2.6801872,0.16637297
119605.305,1.2414923,2.7610471,-0.41058505
123222.55,-3.330044,0.40804565,-0.2626934
132003.89,-6.134512,2.778432,-0.08058246
120091.72,-3.7054296,2.2062354,-0.18255585
127040.47,-1.8036423,2.3277702,-0.15359706
131757.05,-2.1251872,0.99697614,0.077227935
126962.87,0.05202304,1.9761263,-0.45059052
117233.234,-3.2781506,3.1686695,0.092555575
131312.69,-2.4784982,3.0157826,-0.073899634
124816.77,0.61944205,1.6349612,-0.32213315
122831.62,-2.930445,1.3123016,-0.88637847
125402.99,-1.6593755,1.7786151,-0.33739913
119466.88,-1.3264937,2.8076262,-0.25151324
132685.83,0.19319803,2.5233579,0.5769044
115547.84,-0.4644368,0.86131674,0.28294182
133922.53,0.6534403,1.1832969,-0.54882795
116052.61,0.8705903,2.4031086,0.18396954
126359.68,-3.0409927,2.7413857,0.014692615
116688.33,-1.4965526,2.6791704,-0.60654706
134821.27,-0.25772262,2.5923743,1.003915
115346.77,0.7419186,2.1080115,-0.017953865
134737.45,-4.4303975,1.12341,0.27911618
115714.03,-2.262786,2.1096833,-0.033317864
121935.28,-1.0949229,2.5881057,0.4368768
121272.56,1.0377699,2.721168,-0.3565697
122558.58,0.5125388,2.424767,-0.28456917
122843.92,-2.9104226,3.0238993,-0.34375533
124453.55,-3.1191237,2.671564,-0.17599699
116256.19,-0.23123994,2.239384,0.11281026
133462.6,-2.4533932,1.959334,-0.40954208
125632.08,-1.9058567,2.8105693,-0.30185494
124340.85,-1.7975138,2.7452915,-0.3832831
123554.055,-2.822066,0.32358783,-0.37787482
121186.555,0.32879502,2.966868,-0.4686886
121659.15,-2.093427,2.9721742,0.5101632
126772.54,-1.8235234,2.8911662,-0.042080984
115589.82,-1.6135969,0.38993132,-1.1095015
129469.99,-1.5039257,2.5031636,-0.37727138
115848.83,-1.1969362,2.4818766,-0.93717515
132375.4,-2.8181944,-0.8772564,0.4514976
126884.88,2.1320047,1.7316141,-0.18823354
116727.734,-1.0931213,3.1290414,-0.05682694
126309.7,0.8359811,2.012685,-0.16192064
115402.74,-0.29256466,2.9402862,0.11708111
127877.76,0.6267393,0.9920302,0.52024966
128113.07,-2.0572634,0.9560852,-0.16964436
117328.45,-2.621392,2.1677845,1.4052538
117566.76,-3.1721792,2.9652746,-0.10049474
134250.77,0.9029341,2.4340305,0.016243378
128106.336,-3.667475,2.8079607,0.0071944795
116710.17,-0.6607906,-0.1796872,0.077099204
128143.64,-3.5317307,2.111375,0.4091651
130088.58,-1.7654722,2.8838325,0.19224186
118295.984,0.15914603,2.2673113,-0.11306415
132574.86,-2.3503559,2.7975247,0.34047264
121204.09,-2.1163301,2.5149293,0.1485523
119457.93,-2.9830668,1.1626394,0.19747882
120950.42,-3.3292148,-1.02931,0.35684624
117744.44,-0.07908431,2.4599617,0.48917902
115754.3,-3.924491,2.166302,-0.28592268
116684.17,-0.24846673,2.5205147,0.06406612
129232.94,-2.5787873,2.9666693,0.009806698
116243.24,-2.624355,1.1269597,0.16682175
122065.414,-0.68554884,2.9423468,-0.17653368
121205.87,-1.2037331,1.792179,0.4134926
126821.96,2.8092568,2.3342938,-0.11341102
127786.914,1.4143566,2.2269518,-0.035501864
115712.6,-1.3199171,2.6438904,-0.35521978
116261.38,-3.168674,1.2368602,0.09873419
125970.64,2.5071056,0.8905351,0.33138856
119594.68,-2.5209804,1.2050929,-0.04788979
134591.42,-2.178424,2.8799713,0.22004117
130268.35,-1.8113862,1.9525377,-0.11019149
128659.48,0.109282754,1.4084876,0.043689262
133584.77,-2.8437908,1.7742345,-1.0676407
117251.19,-0.36334503,1.5308473,-0.2642689
119158.555,-0.5003121,1.9644617,0.14112331
116069.08,-0.18202588,3.3309891,-0.51860833
115096.3,-0.7239317,2.5004687,-1.2008919
129729.2,-3.2592916,2.7844198,0.031772465
120315.76,-3.4691575,1.9183807,0.63039917
126289.8,-1.6221123,1.4063253,-0.13539973
126985.81,-1.9219147,0.8688271,-0.048121035
118315.82,-2.6928675,2.5346324,0.06357979
120342.414,-3.629863,1.7160217,-0.088948354
134987.86,-2.1888428,1.9372231,0.48224288
120470.766,-2.1912975,2.9395797,0.41490746
117463.69,-3.4780128,0.85736173,-1.0472996
121566.805,-1.8665174,1.4219067,0.0034999445
128415.83,-3.455521,2.576,0.21940644
128896.72,-0.89876777,2.1604302,-0.7000339
125345.3,-2.4601767,3.089606,-0.4880359
132354.6,-2.0582328,2.482387,-0.4501754
126726.164,-3.1979208,2.6274974,-0.11162871
134437.56,-3.5683784,2.5262396,0.08180215
121925.914,0.3184102,1.8711734,-0.10783703
124856.61,-1.0054296,2.7327416,-0.04833678
121309.44,-2.7369037,2.402721,-0.17781477
132114.03,-2.724781,2.8896325,0.09157458
118287.695,-1.6927295,2.0304596,-0.33630845
125172.336,-3.6131973,3.041882,-0.14309067
123185.805,-2.7841103,0.44915056,-0.23283467
127292.016,-1.9564794,0.61073774,0.23830643
125275.48,-3.220329,2.9177916,-0.12978342
128433.01,-4.9067636,2.7333715,0.33403596
133598.75,1.1386999,-0.22928767,0.6738205
130684.33,-4.4213133,1.7062072,0.50007725
122623.57,-1.1692045,2.7660987,0.19572364
129263.48,-1.8365791,2.6158857,0.48406065
125324.6,-4.200322,2.7169874,-0.2091891
127619.75,-2.9198945,1.4257885,0.2367658
119625.67,-2.3812487,2.0416884,-0.50997186
125504.016,-1.6193681,0.97804743,-0.4431651
130321.96,-0.27933884,2.6566203,-0.2612407
128562.336,-3.1489499,1.5764896,-0.51216155
121766.945,-1.0652331,1.0655966,0.5925175
129800.836,-1.8429533,3.3122964,0.85367626
132751.89,-2.2880185,2.9723656,0.14848079
131965.33,-1.4484606,1.4969343,0.15594913
117902.88,-0.7395594,2.693868,0.31627667
125967.32,-2.1327035,3.0650537,-0.25386205
117792.2,-3.8546898,2.5232787,0.004213939
129963.22,-3.5609696,3.0801995,-0.078360915
119123.2,-0.5637346,2.3944871,-0.4839215
124024.13,-2.5366604,1.9598787,-0.63756293
118793.4,-0.2621799,3.2980201,-0.0050465357
123913.58,-2.7856228,0.97302663,0.22098939
126236.12,-1.6675276,1.1054411,0.09015851
121608.66,-1.0634798,3.1805089,-0.35159558
123861.96,-1.2849059,0.2890295,0.30328053
129757.1,0.22729066,2.2473996,0.053573735
119936.56,-2.1518843,0.61365736,-0.82455593
123169.05,-2.8417397,2.733787,0.5553671
121241.27,-3.5527844,0.4990744,0.24425024
133605.81,-1.2020696,1.5269003,0.6059898
120291.234,-0.5090896,2.1230173,2.1880941
116439.51,-2.0865254,2.2408707,-0.3027826
119888.69,0.7521488,0.94602185,-0.21109597
134923.31,-3.2464914,3.0603757,-0.081968434
124273.164,0.33484414,0.7188557,1.3329413
132059.33,-1.5184581,1.3763942,-0.013230058
115997.11,-3.6104405,2.2306504,-0.13406917
133546.56,-2.8884299,1.8586907,0.04309804
123771.6,-2.6940196,1.5186138,0.071317516
133897.38,-3.2409122,1.7409942,0.73876244
123143.63,-3.9968004,1.111516,0.00055158767
125825.8,-1.8475876,2.2595642,-0.58780056
134272.22,-2.308349,1.706294,0.41669247
117729.766,-1.1304444,1.7761093,0.24001633
126282.86,-2.272422,2.3423984,0.5050341
120493.086,1.4413738,2.8194976,-0.63946414
132629.05,1.838549,2.7794125,-0.10758373
117794.805,-2.417647,0.07141733,-0.40695935
118848.89,-3.4988718,1.1737537,-0.12360004
122698.58,-3.3193648,3.2496915,0.61988175
124288.13,0.042578425,2.0953972,-0.03005661
128736.59,-1.2055798,2.8173697,-0.017863872
119004.3,-1.6263884,1.8208574,-0.44991943
125852.875,-2.1443906,0.441408,0.11603277
123010.836,-2.5387683,2.4643784,-0.19779201
120118.445,0.15382946,2.6787465,-0.2449374
128933.79,-4.192697,-1.5463929,0.054975502
127895.98,1.4847075,1.605867,0.15191309
125454.35,-2.0453432,3.088389,0.025611727
116236.22,-1.9365726,0.29986632,-0.008475259
130444.336,-3.0752609,3.15117,-0.34167534
119117.11,-2.9099693,2.846063,0.14659567
120813.56,-0.6856225,2.5861137,0.15563564
118979.68,-2.7429206,2.8354108,-0.09233655
128710.71,-2.085125,0.3950717,0.17135902
116820.805,-0.6471088,2.8436782,-0.055805415
130690.28,-2.6049347,1.3669888,-0.087129995
117568.34,-0.6373397,2.5690525,0.59390795
119163.96,-0.2937935,2.4238446,-0.13280629
127210.414,-0.003909684,2.9658453,-0.13817942
123988.78,-3.4000196,1.6524094,-0.1490583
128092.734,-1.4222872,1.6184713,-0.4201757
122371.52,-2.0768368,1.3567343,-0.08126129
119187.97,0.8859838,2.8651383,0.32173058
116354.93,-3.3919516,2.4275448,-0.998781
131476.53,-2.1017609,2.5944686,0.28783193
115444.94,-2.3534803,2.761635,-0.2367512
115897.15,-2.2642426,1.6621066,-0.23673214
123085.055,-2.4185052,0.9676139,0.2516691
125327.445,-3.3977423,0.88569766,0.15872821
134567.31,-0.82214665,2.70939,-0.35295203
127896.23,-1.8339093,2.8272905,-0.62536544
124860.31,-0.7238184,2.7755063,-0.071628325
118240.81,-1.0675427,1.9526362,0.8363282
127061.62,2.292027,2.7089438,0.112226784
122431.03,-1.2261136,0.66269827,-0.007940955
120726.28,-0.27256715,2.2422698,-0.5234668
120536.67,-1.7095798,0.73026353,-0.21858844
124865.79,0.83494645,1.5903355,-0.098377794
118005.44,-1.5815449,3.0434785,0.004125733
116815.77,-1.401675,2.8016164,-0.025013056
116518.945,-3.236288,3.1925788,-0.121725656
130021.66,0.28979704,2.2507257,-0.104704514
129474.125,-2.6307864,2.1679099,-0.16136993
118485.164,-3.0427747,2.753192,-0.37776485
115705.414,-1.9548408,2.445381,0.15950657
121651.44,-2.305254,1.9125689,0.6863297
131538.14,-3.1544197,3.0583253,0.38932583
133679.23,-2.8218186,2.8150854,-0.81500965
134151.92,-2.4004786,2.6190245,-0.10854596
116771.055,-2.2150407,1.2213088,-0.57723904
124043.72,-1.8690202,3.0519702,0.2387862
134463.84,-2.070971,0.68027663,0.6082427
122529.664,-1.9241725,1.4948698,-0.4065413
119548.43,-0.7559483,2.7725084,-0.37103495
130793.07,-3.0134528,1.0769407,-0.47992122
124655.42,-3.682156,0.899044,0.054949276
127671.48,-1.951301,2.7075105,-0.06997803
121569.47,-1.6039917,1.645082,-0.51243806
123173.29,-1.5003604,2.8815813,-0.115461215
118292.02,-1.4914737,2.8192232,-0.6618075
134170.67,-2.6677854,2.066334,-0.51947105
124751.3,-2.2511818,2.3608835,-0.7899376
122677.98,-3.8308845,2.8171782,-0.25127545
118533.68,-0.07199232,3.2552443,0.14499128
124923.77,-3.550931,1.2666641,0.016818507
132402.39,-3.013758,2.9682536,0.18209158
128400.695,-2.1324403,3.34519,-0.31523877
131106.16,-1.0845077,2.4795635,0.40611902
120337.734,-0.7118972,1.7993248,0.06523962
115585.08,-1.313031,1.0614043,-0.23955145
127765.79,-0.027449409,1.9083763,0.13949387
127802.09,-0.5264748,2.8616464,-0.23218653
130006.734,-1.7669019,2.942933,-0.24083105
133638.1,0.7554365,1.8388014,-0.014293601
122662.24,-2.8212795,2.1335766,0.30150807
121530.766,-0.25420037,1.6544644,0.1706611
126598.95,-1.6216439,1.3374047,0.48698816
115773.82,-2.7041745,2.66848,-0.14024898
118879.25,1.2436627,0.9082435,0.062214382
115742.875,-2.5093699,1.9638567,1.101079
119359.24,-1.9874283,1.0546762,0.060311984
119110.47,0.372231,1.2115625,0.16081001
122244.234,-2.15117,1.6258556,-0.7229491
129859.19,-0.037398577,1.480366,-1.8487031
129163.555,-2.1020539,2.651909,-0.23817442
125378.78,-1.6971344,0.4531661,-0.22751755
123058.24,-1.6217617,2.9394433,0.3130506
132960.83,-2.9314823,0.8418871,-0.62112886
131285.73,-1.7753335,2.637828,-0.39671847
120415.766,0.8573521,2.7804072,-0.16479449
122405.945,0.48465094,3.182114,-0.1914796
116711.26,-0.8304847,2.8363826,0.08822274
118661.53,-1.8857625,2.7027514,-0.10162772
120136.67,-1.9455522,1.0513479,-0.51583284
124143.04,0.4120456,0.5343,0.73773974
122394.016,-0.6470871,2.6942532,-0.6369127
127352.67,-2.0593238,2.7019806,-0.17740174
130411.586,-1.489377,2.1553357,-0.22845444
115841.84,-1.0939441,1.7395331,-0.35401648
125423.44,-1.5317391,1.2671344,-0.06241553
129580.63,-0.64386344,0.52537805,0.036311515
126877.27,-0.87711126,0.9581117,0.86730415
117585.586,-0.61486626,0.17492801,0.0055626617
128529.79,-0.36414853,2.0156343,0.064210944
122337.69,-4.422884,1.3414216,-0.051073562
129501.31,-3.6981206,1.0176448,-0.056669302
131676.98,0.18432133,2.336106,0.2532926
130907.234,-2.0864887,2.1363573,0.07232474
116990.5,-2.4154341,2.8889813,-0.12120417
123923.92,-3.0550127,1.028493,-0.3022474
119565.94,0.07783859,-0.19888383,-0.011720419
124924.38,-3.1899364,1.4011905,0.1867087
129795.75,-4.419382,1.5571128,0.24551612
117445.91,-0.96471304,2.8096595,-0.21043234
118208.84,-1.3708638,2.2213929,-0.013506001
117282.75,-3.6921325,2.1490648,-0.16886152
121018.08,-0.119887665,1.3627579,0.2399025
118607.586,-3.37531,2.812956,0.10926949
131648.88,-0.9900302,2.102163,-0.116327785
115793.02,-0.92819446,3.003326,0.080017164
129479.09,-0.49164513,0.44977173,0.12536894
117155.38,-0.11967827,2.3359165,0.07730899
123680.086,-3.2003136,1.9554254,-0.9387808
118936.67,-1.6922531,1.9657384,0.2879702
134795.53,1.2339222,3.4131432,-0.10747497
124639.23,-3.3323586,0.82578605,0.0909327
127344.43,-3.7405636,-0.41733468,-0.054414973
120496.07,-2.097968,3.096365,0.083628856
128808.97,-1.9421312,2.5438302,-0.41336533
124756.18,-4.137105,2.2553244,-0.18208025
119650.836,-1.9099073,2.6334932,-0.244969
122987.484,-0.6628432,2.1033256,0.12908672
128782.59,-0.52303416,0.34720424,0.74770707
129592.17,-1.13832,1.7596982,-0.040027805
122424.68,-0.87202615,3.0696173,-0.3709208
124537.82,-2.5617988,1.5967972,0.083421454
129345.734,-2.607311,2.8360689,-0.0511716
130369.26,-3.158072,1.3011009,-0.0954047
121788.555,0.34304547,0.053115938,-0.23781416
122288.59,-3.4878683,2.7712824,-0.012202276
126166.18,-2.025699,2.9507332,-0.36479256
117678.414,-0.6684426,2.974159,0.14831272
116122.195,-1.3424456,1.5037086,-0.5651423
132770.42,-2.5532424,0.5486872,-0.093912944
120727.49,-1.4474154,1.9628594,-0.38046527
128345.94,-2.362839,3.084742,-0.070652686
119964.66,0.4471494,2.180751,-0.26686326
125094.836,0.789173,2.8758898,0.024974018
123838.59,-3.7262914,2.8886187,-0.10762009
131467.66,-2.8410716,3.0684373,0.55044603
129326.84,-1.5007159,2.6383793,0.16765197
125804.56,-2.9556096,2.4390013,-0.5166341
120865.06,-1.8976916,1.0293986,-0.002622053
132431.9,-1.4475756,2.4737024,-0.3420216
127370.16,-1.9906182,1.3031584,0.20330162
120759.88,-2.7909598,0.07346565,0.37938
123103.26,-1.5232898,2.3926873,0.08057024
119510.43,-0.36636305,1.3940514,-0.046477593
117211.414,-0.44422746,2.158467,-0.20176516
126219.445,-1.0582241,2.6248455,-0.051670443
118963.84,-1.5646136,3.1984246,0.11437771
121186.234,-1.2135042,0.7611213,0.31980434
115617.2,-2.7207692,2.3712406,0.01465626
122280.43,0.71940553,2.3061063,0.17548683
134379.31,-2.0372984,1.683371,-0.16234945
124476.555,-1.0373805,2.2596047,0.42679447
120653.78,-1.5575753,0.5686795,0.1106498
127685.56,-3.0436502,2.8936095,0.042744022
127878.52,0.44189033,1.1833632,-0.057349324
122636.75,0.7903709,1.5864176,0.10126893
131044.21,2.3128476,2.704706,-0.11203905
118242.78,-1.3029506,-0.1185632,0.3254263
120707.125,-2.9699054,3.2607691,-0.56721866
115816.766,-2.2891965,1.1325529,-0.21493414
118442.61,-1.7461972,2.2608166,-1.5276004
133646.6,-1.4253913,0.50495017,0.24438672
123139.88,-0.015307073,3.1839306,-0.235505
116769.35,-2.402057,1.8804849,-0.07668946
115174.43,-3.8849492,2.9585133,0.20489113
128448.03,-1.3853295,2.7844486,0.01896049
121126.68,-2.15485,2.7765539,0.17748876
129429.63,-1.3078505,2.2094333,-0.56512797
124270.19,-2.27773,3.1478095,-0.7168989
125176.87,-2.6299057,2.1334817,0.012080396
116128.03,-1.9122262,1.0060701,-0.10217633
132716.92,-2.7904632,1.4391896,-0.18787713
119285.79,-1.933082,3.0060494,-0.1433675
125102.65,-1.8692204,2.1615236,-0.2984712
131419.47,-0.15873997,2.270297,0.047825422
115996.3,-1.300679,3.0990605,-0.52324665
115344.26,-0.401274,1.5012366,-0.84596205
123943.195,-3.3532157,2.3095622,-0.26427725
121021.6,0.23243779,-0.196573,0.040554956
125417.56,-0.6445702,2.674893,0.09529832
125245.74,-0.3353167,1.1812176,-0.1888784
124311.086,-2.3632698,2.5238364,0.290229
116261.43,0.08790451,1.1803547,-0.047204997
127759.195,-2.545072,3.039362,0.07097005
131726.5,-1.1192007,2.8057375,-0.8918246
119589.75,-1.5762658,1.4873697,0.20329984
117143.88,-1.8528311,2.4987483,0.017704146
122218.35,-1.8841497,1.285244,0.078015834
124410.516,-0.27833214,2.014231,-0.05975563
119588.586,-0.7092618,3.0947938,-0.3145218
128538.305,-3.082961,3.1018038,-0.25013205
129769.43,-1.4238945,3.1749208,-0.31167296
129499.68,2.9006624,2.2777011,0.63217044
132678.9,-2.7632186,0.7457804,-0.41819584
127277.945,-0.3662105,1.3640195,0.8375911
131011.586,-1.0911355,1.8980104,-0.1061778
119788.53,-0.5515485,2.6050642,0.13060708
128876.734,0.96551794,1.5014539,1.0047141
133149.77,-3.3234003,3.2501755,-0.09808695
125800.59,-0.13073057,2.2793155,-0.3543118
121318.01,-0.2726677,2.315608,-0.030976819
117633.13,-3.0584457,2.6761208,0.043661248
119036.88,-3.6041372,0.9821611,-0.0568335
116546.47,-2.7532816,1.9423975,0.6982847
121155.48,-2.286376,2.2598648,0.3159596
134220.52,-1.2618558,2.185487,-0.094041675
123513.74,-2.5726795,1.6138958,0.04495395
129677.445,-1.3498458,2.4072785,0.4186455
134994.22,-5.950418,0.40603045,-0.0059074415
121666.984,-2.0840604,2.8558657,0.22322136
125243.56,-0.85459584,0.3842883,0.38847297
120057.65,-3.0978477,2.763394,-0.13692784
115189.914,-0.91364783,3.2556672,-0.17528002
115712.45,1.229414,0.68175,0.27173248
115311.38,-2.4320107,2.0290706,-0.46839806
127307.84,-3.5295744,1.55331,-0.009686905
129881.28,-1.2930342,1.8303058,0.18707167
126951.484,-3.197734,2.0887992,-0.31953466
128033.63,-2.1115718,0.47139877,0.5299274
117963.73,-4.91688,0.055146866,0.37027743
124256.85,-2.1437647,2.6458013,-0.44740793
116553.5,0.92588866,0.574299,0.54346824
122722.68,-0.13434027,1.6379008,0.024397697
116038.14,-0.191476,1.9485068,-0.065965235
117577.914,-2.8530438,1.006815,0.13988186
129003.44,0.0032876886,3.0459142,-0.275323
133431.22,-2.0236487,1.4100313,-0.49949497
119509.25,-1.3225362,0.8932456,0.28416538
117263.87,2.17404,-0.0015013219,-0.16031176
129742.89,-3.2625449,1.0708274,-0.020584859
115380.79,-3.5954506,2.937688,0.11167132
126873.58,-2.8126974,2.5764327,-0.08369441
118268.016,-3.254713,2.724523,0.06601083
116821.59,-3.1922016,2.8619099,0.2987707
116244.65,-2.631871,2.7043257,-0.38618648
124043.91,-3.4643524,2.7029757,-0.2914612
133887.31,-0.5604658,2.9490647,-0.6008593
127227.68,-1.563603,0.92652476,-0.011193862
129907.6,-2.7070737,2.854936,-0.9536516
119181.664,1.2688078,1.490564,-0.18292478
130112.56,-3.3393376,2.4852571,0.2226808
123910.93,-0.17276552,0.14292128,0.015146162
132199.3,-2.7684717,2.5028157,-0.56894195
120719.88,-1.900681,2.7620888,-0.26828855
128620.52,-2.376861,2.5783005,0.28011745
129915.22,-1.36811,1.4586676,-0.55304545
117638.81,-2.8974998,3.0830958,-0.009061415
128956.94,-2.3578832,2.9891155,-0.4043564
120719.3,-2.327152,2.794245,0.954306
122542.055,-0.67882913,3.1171868,-0.5266241
130284.29,-2.388697,1.6954602,-0.10963483
117033.23,-1.0806931,0.87418365,-0.091290295
129442.81,-0.2589022,2.6859658,-0.2247313
117471.9,-2.9635298,1.85241,0.008308979
117924.95,-0.7664461,2.488527,-0.038119446
125075.27,-0.21695817,2.7020657,-0.1469026
118369.76,-0.7650846,0.06452847,-0.21313903
117216.98,-1.5807431,2.6356883,0.014422036
116393.15,-2.4503453,2.4374056,-0.39987692
125756.766,-3.0431302,2.7363377,-0.041999035
128492.81,-0.9331794,1.5447918,-0.08813036
115796.586,-3.7655425,1.6738075,0.037554152
119648.04,1.8369565,0.8231065,-0.24739616
130152.29,-3.3948624,2.766108,-0.09857149
126668.34,-3.0148883,1.4994851,0.027769206
127340.7,-1.3970537,2.4849908,-0.2914591
128887.9,-1.951365,1.8268526,0.16673712
120817.04,-1.9120247,2.638767,-0.048832048
128336.266,-0.051074203,2.8067064,0.37354168
125428.58,-2.3511817,2.6781394,-0.33958313
127970.55,-0.92077667,2.7216918,0.17357847
133259.12,-2.2132528,0.36185372,0.20076391
116099.46,-3.41223,2.1811526,-0.38974452
121422.27,-0.50125784,2.8665426,0.17128094
134642.77,-1.1927294,2.43422,-0.28848302
122131.0,-3.2287533,2.4688306,-0.46723202
121109.59,-4.7672415,2.3994014,-0.1771708
121961.74,-3.9805756,2.1685905,0.0027966776
122164.31,-3.8257782,1.2220075,0.49077445
129027.664,-2.259397,3.0886898,0.003368827
117732.91,-3.8832843,0.69325536,0.007754113
119238.45,-3.007935,1.5309361,-0.2035737
130857.89,-0.9389509,2.7656195,0.047070306
116764.15,-1.117095,3.0306737,0.23175652
122405.56,-3.4476006,2.8791697,0.062018897
116776.02,-1.8770366,0.8076075,-0.13563335
119228.94,-3.4011672,3.278773,0.5578381
121752.5,-0.62797195,3.1943173,-0.06077
115143.61,-0.1577016,0.84732777,-0.87872714
130275.305,-1.0698677,2.5931985,0.40003398
129395.89,-2.7716799,1.7149317,-0.015693877
130607.27,-2.47198,1.1918845,-1.22254
124384.38,-0.93519586,2.9730928,-0.28429502
125102.68,-0.5126421,2.554363,0.215728
134796.23,-2.6830437,2.7607965,0.015986506
123705.22,-0.20795646,2.6770253,0.16173498
118450.53,-3.2878015,3.2800307,0.087309085
115506.2,-3.4129572,0.25250375,-0.80311465
123074.79,-2.7946324,1.7229518,-0.09557068
127685.47,-0.51288253,3.246571,-0.15207013
122315.98,-2.5824234,1.8466685,0.36306122
120272.61,0.51590365,0.52531,0.041921556
132745.58,0.31678596,2.9257147,0.12272096
129162.12,-2.6435971,2.088694,0.18341705
118174.266,-1.3785912,2.4409633,-0.12971847
117735.336,-1.8409386,2.187345,0.5119166
117723.98,-0.022699723,2.5289383,-0.19972183
123653.32,-3.9161358,2.7344818,0.1273351
125973.83,-3.8398492,2.712282,0.054077346
116256.61,-2.1074555,3.2416172,0.15086237
133164.94,2.547731,2.6378355,-0.10550969
119956.42,-1.9175348,2.7990394,0.48791492
125385.09,-3.1317728,1.7956095,-0.32046172
122165.84,-1.9919187,2.6993275,-0.37680888
125420.99,-3.0525324,1.6948992,-0.2551178
124586.664,-3.177202,2.5133474,-0.43105578
129415.43,-0.08339453,0.76849043,0.15170509
131228.78,-2.5863283,2.839456,-0.21151078
131477.61,-0.6606342,1.3657616,0.74798477
121418.93,-1.4751168,3.2889185,0.14757548
134434.17,-3.2313673,2.7446752,-0.07747825
116592.695,-1.4204354,1.685523,0.42916888
126811.79,-0.6403309,1.6326135,-0.22813559
124201.695,-1.7022364,2.9083874,-0.35337847
134365.36,-2.1941783,0.8057307,0.031737898
122251.38,-1.0284287,2.4361143,-0.10577014
119789.92,-1.5687279,2.994264,-0.1293108
118082.9,-3.4588294,1.3228767,0.50955707
117306.52,0.17418584,2.966266,-0.1272901
130717.57,-2.3828926,3.4527225,1.275311
133608.39,-2.708582,0.7884168,-0.6919478
128232.2,-2.7049856,0.84056616,-0.44392765
118101.79,-1.0430328,2.1639109,0.2138864
127190.28,-1.3636369,1.7431886,-0.19636044
133161.02,-1.6677067,2.646653,-0.07172994
119064.46,-3.8589954,0.20150857,0.16108774
119685.83,0.33452833,3.0473812,0.2771947
119528.46,-2.2667706,1.0886595,-0.018454198
133950.17,-2.7326612,2.3250701,-0.7430598
121966.94,-1.9167717,2.694605,0.60800546
120925.13,-1.212182,2.9398422,-0.47079304
116620.48,-2.5374305,2.9611928,-0.12258388
124714.01,-3.8142023,1.0369099,0.17787436
128497.64,-2.2314086,0.3256475,-0.046891805
130126.12,-4.4297338,2.5894322,-1.3488878
133029.58,-2.743555,3.0244336,-0.24185525
121478.19,-0.85601926,2.630504,-0.3405242
125587.49,-3.8815448,0.013417126,-0.8755046
122269.07,-4.8070903,1.6810555,0.5466693
118523.55,-1.5427728,1.5753931,-0.056288168
127791.45,1.628097,1.4667238,-0.039286394
117907.66,-0.36449397,2.7662435,-0.5173517
125534.164,-0.83088666,2.4001029,-0.54912925
126910.625,-0.6797466,1.1429585,-0.16277617
117543.73,-3.6769168,1.2932886,0.143397
130456.71,-0.7830853,1.4247401,0.33222952
116491.35,0.18998231,2.6235862,0.5707413
130520.47,-2.4295797,1.4243677,-0.09967884
119609.11,-0.19709979,0.5817255,-0.13413325
133283.69,-2.7536469,2.5578213,-0.3423047
117480.09,-3.177536,1.8151237,0.1889079
130443.47,-3.2513275,1.3639297,-0.18245693
128039.945,-0.4811866,2.886836,-0.13443363
118786.484,-0.006422117,1.7395052,0.35262126
121817.12,-3.2130356,2.2336729,-0.27416262
128446.99,0.3749174,1.8652923,0.12690718
126335.42,-1.3759363,2.516206,0.111406706
117537.21,-0.6053497,1.6120931,0.15894516
127072.79,-0.05698522,1.6986545,-0.11546509
133917.34,-2.7631617,0.51466733,-0.32335314
116569.445,-0.6522683,2.801173,0.035916373
127744.516,-0.5724518,2.132753,-0.43611425
115195.69,-2.720836,3.1082475,0.065209225
119125.42,-1.1702245,2.67343,-0.5685239
134033.14,1.6986848,0.9673439,0.08098088
123261.19,-1.909452,2.7250795,0.011237668
133074.55,-3.2078967,3.0699577,-0.31662622
123967.875,-1.7484134,2.7362683,-0.2568235
131925.39,-1.2817459,2.8652933,0.25825
121819.03,0.84238356,2.939805,-0.40234223
126123.445,0.78261554,3.302475,-0.112812944
132347.73,-3.0415723,0.14014465,0.15994702
115414.84,-0.083568454,2.8159533,-0.31786856
120004.51,0.13975982,1.7749871,-0.08852193
129872.46,-3.3527558,0.38557544,0.39556345
116512.4,-1.7079631,2.596413,-0.045133043
122302.664,0.5966982,2.9545424,0.34254012
131431.98,-3.2020688,0.65981424,-0.663939
115770.84,0.96519005,1.326311,-0.020012114
115097.84,-2.193564,2.1169834,0.22309382
116137.52,-2.2726903,1.7929572,-0.2594423
124695.47,-3.2008047,2.6506734,0.15703262
120887.05,-3.6931708,2.3502524,0.26353046
118176.35,0.97161597,2.7062535,0.17393786
125867.16,-1.1800886,1.6104047,-0.7415469
128681.664,-2.8466961,2.8157456,-0.2268581
125061.805,-2.0098822,1.7716757,0.6287417
134554.44,-1.8418388,0.8832062,0.27235648
126267.45,-2.0284424,2.8420157,0.33925086
117483.84,0.8251881,0.15133953,-0.04327177
119743.24,-0.29960844,2.8786495,-0.3108958
123260.195,0.92215115,2.1348896,-0.6150641
129438.8,-3.8606687,2.9573195,0.014146093
125261.63,-3.0799298,2.6754718,-0.0091824
128888.38,-2.1462595,3.3022423,0.33283147
121595.31,0.31081504,2.8686132,0.11033154
129394.016,-0.93744826,2.1095042,-0.1459821
120283.16,-2.8652976,0.5388718,0.1259679
127226.36,-2.1775546,2.7937508,-0.23303373
121333.414,-2.240673,2.7592638,-0.72816426
131810.72,-3.1604698,1.6588705,0.35802212
131223.64,-2.3429255,2.010719,-0.73841023
118672.62,0.97438914,1.3551042,-0.16340047
126101.375,-0.2027277,2.4862614,0.0966828
129002.414,-1.3362621,1.3974767,0.36732492
132689.11,-0.21918578,1.8093032,0.53532046
134420.22,-2.8867528,1.7096219,-0.3221284
121822.98,-1.6832817,1.1730956,0.1392823
115214.65,-1.836649,3.158712,0.053942654
117199.38,-0.8728741,1.0538526,-0.24347396
117702.695,-2.858723,3.1569018,0.05345573
129287.445,-1.1619765,3.0275815,0.65805066
129264.61,-2.2449985,1.1615341,-0.046519015
132050.69,-1.424799,3.000807,-0.26548412
132292.97,-1.4903871,2.7060583,0.32177824
133528.22,-2.6812317,3.1158514,-0.49290693
115084.445,0.3689199,2.6415684,-1.0597852
122071.56,-2.771257,2.7050123,-0.37571675
117687.5,-2.5490057,2.0442607,0.09568154
126147.1,-3.892552,1.089661,0.16647905
129002.34,-0.5887291,0.92747486,0.0007607798
124868.61,-0.30250627,0.8563013,0.36885303
132506.44,-1.6054366,2.9080906,-0.41446555
119262.67,-2.52503,3.1295867,-0.091318004
126243.33,0.34480745,1.3720624,-0.20817056
132410.7,-1.6477233,1.6998361,0.05086556
129322.805,-0.89787614,2.1869805,0.24883398
129832.555,-2.8744915,2.8396597,0.003253801
126471.47,-1.3669307,2.520702,-0.021999141
130986.67,0.7617653,2.9135711,0.0032150617
128360.75,2.3764129,1.9945507,0.29235548
134727.52,-2.4030707,2.003406,-0.8683954
123209.445,-1.9950424,3.0677931,-0.013331377
120272.33,-1.0955552,3.4313602,-0.008602801
122432.34,-1.5836138,3.0771387,-0.6214298
124343.85,-2.0110753,2.467202,-0.63760763
122812.984,-0.7265192,1.4861878,0.7022283
131400.06,-3.5465555,2.6490347,0.024645628
133034.9,-3.1825361,2.3033078,-0.029377185
125642.33,-2.5454195,0.13747585,-0.43673855
119982.04,-1.987437,2.626727,0.097665586
118211.29,-3.0659766,2.2353451,0.30167377
118632.5,-1.4578195,0.38106066,0.52611005
115133.695,-1.3691152,3.2906563,0.13030551
118635.98,-1.8445001,2.3733258,0.15478992
134802.31,-2.320578,-0.14172064,0.39937422
125689.95,-0.5313946,2.8189828,0.02884139
119108.51,-2.4873333,1.966861,0.1319719
118857.1,-1.0524327,2.7094903,0.054754388
124104.305,-4.388064,1.2916352,-0.60509884
120822.31,-3.7681608,1.1893953,0.2489502
120438.03,1.111188,2.418507,0.13042471
118249.95,-2.8395123,2.5312517,-0.4913338
121685.57,-1.8681943,2.9262047,-0.10600317
117917.85,-0.9830671,1.2652309,-0.2899319
123362.56,-1.5957557,2.511138,0.049242087
133836.67,-2.3399436,1.6072288,0.38755396
117959.15,-2.4730787,1.7362685,-0.39638594
128349.734,1.537896,1.9639486,-0.19263373
120186.59,-1.6303346,2.8069327,-0.13905999
120551.516,-1.7638665,2.9794307,0.28623348
116159.016,-1.9971547,3.5202024,-0.85664785
115171.99,-1.8868979,0.2191823,-0.07387163
120060.75,-1.416362,2.2798803,-0.09439063
128059.06,-0.9826531,2.9441273,-0.24150482
116531.31,-2.2043648,2.9336083,0.07299105
123518.375,-2.980664,2.201466,-0.12206716
134655.62,-0.1934019,0.8771734,-0.07764871
129329.33,-2.9003556,1.0981475,0.53684145
128087.71,-0.4698832,1.444902,-0.3940097
134023.55,-2.8265686,2.8161473,0.18315303
125351.484,-3.1260002,2.9782248,0.24510548
116591.34,-2.387943,0.3807733,-0.06450894
116909.98,-3.6095707,2.5412319,0.48308977
124507.26,1.4969821,2.6408963,-0.12698704
131656.42,0.29978856,1.4979807,0.048805825
117261.5,-0.801181,2.9123516,0.15731275
127205.31,0.7901966,2.2489052,-0.059845325
123210.01,-0.1756072,2.1508343,-0.028759144
118654.99,-2.5007527,2.2798605,0.4413843
116878.92,-3.8663359,0.5597719,-0.551762
120037.336,-0.02777315,-0.025317933,-0.38537443
122318.914,1.6045315,1.8236796,-1.428168
130246.41,-2.3934982,2.3963583,-0.07760043
126378.664,-0.45438913,2.0789342,-0.044951268
116116.44,-0.106753096,0.03571314,0.14576487
119135.05,-2.2527223,2.8354201,-0.267377
132934.55,-2.3396184,2.0653548,-0.20240764
122742.86,-3.5040596,1.0460501,0.30292237
133909.05,-1.4269756,2.8633292,-0.12692924
126955.52,-1.8245896,2.5121684,-0.060129613
128129.05,-1.7611492,1.0127807,-0.82117397
132489.33,-3.3987932,0.36108264,-0.199768
123296.53,-1.7752188,2.6117737,0.51924366
116785.76,0.23166011,2.5569272,0.9308181
125457.75,3.589939,1.0892074,-0.09422077
130033.28,-1.3230604,1.5806059,0.074570425
123473.75,0.2788856,0.85821134,-0.1686717
125741.95,-0.7308481,1.0523818,0.84002453
129994.53,-1.3525646,2.8955455,1.3255677
132994.1,0.533252,0.8813123,0.080059476
126126.58,-1.0658389,2.581906,0.28284052
115873.984,-2.3706398,2.4791934,-0.23143558
115099.03,-0.47393858,2.4512403,-0.248089
117053.6,-1.2823548,2.151192,0.47175407
122341.27,-1.984088,1.9947007,-0.24750374
123189.81,1.5098863,2.2340608,-0.018152926
120951.21,-3.3939078,2.698854,-0.005258708
125049.46,0.059236597,2.5552616,0.39514032
120527.46,-0.3876352,2.7142522,0.43627188
134206.67,-2.9332216,1.8589271,0.035045635
132017.61,-2.8185601,2.9233634,0.37444222
124593.79,0.69470274,1.4631267,-0.097456396
129753.93,-2.2891345,2.867592,0.044977788
128376.07,-2.8858564,2.0494623,0.12543747
130000.414,0.44049066,2.8343425,-0.08050826
128094.96,-0.73267305,1.2212973,0.09114011
117701.625,-1.1715199,2.1593225,-0.1437972
130309.75,-2.4221919,1.1938607,0.49123636
133335.08,-1.74868,0.24156606,-0.031195248
116628.94,-1.6413748,2.6488566,-0.22506386
119749.52,-2.757493,1.1707717,-0.28175253
130414.445,-0.5271095,1.107996,-0.35735193
118434.53,-2.1591542,0.91208375,0.3861373
129677.78,-0.41777167,0.33937857,-0.16282862
119934.02,-1.2678244,1.8837489,-0.059387308
115345.87,-0.6231196,1.5298649,0.32089558
122761.055,-2.185561,0.50653625,-0.064957716
115963.086,-1.5569932,2.598471,0.27240774
120740.48,-0.98546344,3.1190755,-0.25108534
121216.32,-1.9649512,2.119451,-0.15360838
133487.27,-0.227405,1.9688021,0.62745917
118918.77,-3.6783082,2.7246146,0.03139997
127324.86,-2.1676073,2.5945294,0.26794437
131776.64,2.3665445,0.43038905,-0.3119176
131312.45,-0.92929757,1.2306864,-0.23198389
124492.0,-2.3817902,2.5063255,0.23038277
128536.805,-2.6025052,1.7016406,0.14398345
120699.97,-2.6554658,0.626765,1.0036753
120521.59,0.093322,1.0565026,0.18064928
120497.33,2.7906382,2.8152053,0.58649266
124114.02,-1.7018913,1.4537307,0.5276137
118573.875,-0.11350895,2.957337,-0.2148224
117378.71,-2.1009126,0.32087532,-0.63864017
132712.12,-2.652171,1.4259181,-0.08130897
118438.914,1.4906031,0.096839055,0.20168352
131501.47,0.790001,1.7988417,0.5946774
134007.77,-2.7008555,2.9667926,0.060212456
122860.68,-1.5978751,3.025868,-0.46035698
116275.17,-2.325731,3.079568,-0.27328533
122410.234,-1.035511,2.8294358,0.15047795
120523.95,-3.023799,2.715469,0.0954646
122665.2,-2.4453743,2.1673934,-0.28010702
131254.45,-0.55896044,3.150155,-0.24172294
115698.11,-0.22159798,0.5962091,0.051159386
118443.7,-1.2690547,2.5959988,-0.07538663
115163.67,-3.3259375,1.6605406,-0.032088634
128806.4,0.12703888,1.2126098,-0.055458847
124891.86,-1.8971086,2.2021074,-0.42455384
129028.61,-0.4667247,2.530251,-0.76610166
115959.555,-1.0463226,2.8460152,-0.18503904
117799.695,2.495579,3.0485797,-0.40044668
122415.96,-1.0844406,1.5504172,-0.23001951
118185.72,1.713205,1.5146927,0.19764927
123205.914,0.19164303,2.899562,0.007265402
118207.16,-0.9532464,2.8450332,-0.060879964
115898.98,-1.3290328,2.602587,-0.06924407
115857.875,-1.1879084,1.5129346,0.67152417
133127.22,-2.8556798,1.5801759,0.7927906
132801.4,2.3662963,3.0558796,-0.02284485
119997.86,-2.6556642,1.2599353,-0.4791476
119122.22,-1.359797,1.264389,-0.50035024
115480.76,0.3176363,2.314134,0.5477218
115474.73,-3.0402923,0.6910984,0.11866943
125521.12,-2.1442978,2.1392496,-0.083655976
119459.055,2.7759295,3.0810783,0.058535937
126821.39,-1.541483,2.870868,0.0028956118
130668.48,1.1440182,2.957864,0.2925134
120447.62,-2.1882408,2.6069782,-0.12093388
124193.31,-1.1953228,3.133464,-0.18294443
120215.36,-1.7290969,2.8411183,-0.21991065
125830.57,-2.5612078,1.7335624,-1.4808127
116391.96,-1.9144717,2.130826,-0.48449424
123176.48,-2.7007842,2.4065735,0.20084317
131941.12,-1.7724932,2.5185418,-0.014665199
127805.32,-2.1742725,2.4811838,-1.1092896
130452.08,-1.6630652,1.9828964,-0.06239437
125234.45,-2.2849212,2.5101259,1.1063577
117496.78,-1.50741,2.899373,-0.021845374
123194.414,-3.059874,1.076156,0.30654418
131785.33,0.6384656,2.8903425,0.09620124
131958.14,-4.152152,2.352778,0.42657456
122633.41,-3.0369713,1.9128038,0.15121101
128231.68,-1.0255129,2.074705,-0.060727686
125212.42,-3.6248415,-0.5873753,-0.30879048
122051.34,-2.5281518,3.0499523,0.121319786
119676.43,-2.1293983,1.2580986,0.326306
119069.4,-2.0536928,3.257085,0.2971198
125760.71,-2.5764053,2.484096,-0.19355752
120430.97,-2.4308326,2.7802289,0.11167609
119786.07,-2.022378,2.8390772,-0.22275709
115477.22,-1.9310406,2.8961115,0.30912244
118182.29,-3.783532,2.3647435,-0.146295
115285.89,-0.8606687,2.3895738,0.7301784
115125.805,0.44879222,1.8271013,0.43508467
128688.6,-2.6393404,1.0305175,-0.29116172
115296.85,-2.1066248,2.1282363,-0.08945525
115598.34,-1.1212881,3.0661483,0.012334883
128979.945,-3.2143145,1.1420506,-0.034622185
117842.414,-2.8300512,1.0233171,0.6493945
123457.57,-3.0917041,3.1602147,0.14314252
131706.6,-2.882594,2.2967784,-0.5292813
134894.4,-3.7030613,2.002933,0.1536355
117695.25,-1.5465217,2.9734933,-0.04466221
127809.82,0.8106129,2.1331427,-0.5090532
121027.22,-0.6468811,0.5787628,-0.35645497
121128.11,-3.3945966,2.6927876,-0.27279422
129305.26,-0.6597529,1.5018839,-0.09442102
129581.66,-2.7130032,1.6826048,0.19407393
115242.77,-2.1099186,2.2174864,0.37905338
123953.664,-3.306752,2.406066,-0.12986568
118237.875,-3.8107388,2.009364,-0.54696995
125699.984,-2.2091906,3.069693,-0.3320668
116563.44,-1.0218477,1.4194994,-0.07112739
130866.1,0.759112,0.6594386,-0.77331996
123282.79,-3.2078135,2.632933,0.24298257
121824.984,-2.3100207,0.31965235,-0.37346837
118037.195,-1.8243475,1.3096093,-0.8016947
116178.98,-3.047241,0.5421988,-1.3187561
132080.11,-0.21480495,3.2031329,0.29623356
117604.74,-3.4284675,1.1508198,-0.18006432
117381.52,-1.1361712,3.0232968,-0.3495716
121978.46,2.1066449,1.7915248,-0.039440457
115284.305,-0.7098635,3.21837,-0.0031262594
116588.68,-1.9133914,1.384222,0.08626909
118179.5,-2.0621922,1.2737981,-0.124834634
123198.7,-3.4544108,2.65394,0.4726862
122047.89,-2.1079762,2.622338,0.41407368
134980.64,-0.5688304,1.1834161,0.83621496
121826.84,-2.3518794,1.2422329,0.35274404
130267.664,-1.8110703,0.21078269,-0.07100045
123980.15,4.37375,1.4639884,0.288205
119551.32,-1.2868022,1.6911502,-0.3552922
119455.81,-2.5329146,2.9649272,-0.115894504
124443.93,-1.6583582,0.8748483,0.12910102
118165.414,-1.2777395,2.2810855,0.0465363
122943.34,-1.6328732,1.7402776,-0.2837509
117730.06,2.553698,1.263967,-0.6520753
128227.35,2.6423955,0.5504777,-0.43447497
126666.37,0.13078016,2.3122978,0.22324401
132597.8,-2.0230646,1.6514567,0.17751677
124009.46,-1.0751678,1.7251271,-0.17554732
133301.94,0.23853685,2.4594257,0.17748041
134861.8,-1.675908,2.9186132,-0.118737966
131226.97,1.3350251,1.1093277,-0.32826707
130409.67,0.9948936,2.0132277,-0.48922756
130718.29,-1.8781202,0.52547455,0.2121461
125736.164,-6.059044,2.1788964,-0.26108035
128522.56,0.91007906,0.69307095,0.15113115
119555.65,-2.8221104,2.7922955,-0.55872494
131065.195,-0.54576284,1.3843206,-0.68037105
128636.39,-2.876317,0.7005549,-0.10799705
122611.18,-2.12675,3.2936115,-0.5891207
127771.59,-0.09010457,1.5493146,-0.07697613
124866.016,-0.25084004,2.618778,-0.19943097
124924.695,1.626605,2.450817,-0.18184663
120634.47,-3.6197867,2.238295,-0.53946614
132743.02,-0.39289153,1.9312819,0.8389619
131372.5,-1.509244,1.5731013,-0.47663164
128618.04,0.32271594,0.60210395,0.29163194
118446.26,-2.5687962,2.8452632,-0.108866304
121994.75,2.199891,1.296811,-0.21133377
128456.32,-4.134817,2.003874,-0.42568535
116127.086,-4.9842076,2.056922,0.28037134
121898.1,-1.3162196,2.776244,-0.022532849
125668.19,-3.6514404,2.1244807,-0.2822633
129383.45,-3.5740893,1.6194314,-1.0765042
132995.16,-3.7747362,0.9176474,0.29084465
128714.24,-2.0599606,2.921381,0.025932368
115744.84,-3.2864985,1.6525608,-0.09520475
131832.73,-1.9247745,0.9654551,0.06439928
124036.7,-1.7825023,2.9741871,0.27893618
121553.65,-3.1180491,-0.073069,-0.38024655
128398.18,-3.0462985,0.22319756,0.12794599
131475.34,-4.119587,2.7434933,-0.38237303
123292.25,2.5597997,2.6586287,0.1782242
133790.98,-4.082638,0.23963979,-0.08987601
126227.42,-1.6591313,2.7012236,1.2846364
115958.484,-2.0375633,2.0804183,-0.07592302
125888.77,-2.7293189,2.9095144,-0.42797303
128445.73,-1.267625,1.4056884,-0.8394241
122775.51,-2.4594865,2.1433897,0.2697526
117759.42,-2.5666728,2.970306,0.103081934
127105.12,-3.3971238,1.3493674,-0.19992654
122629.086,-0.91832274,2.9228234,-0.35377362
121553.44,-2.215491,0.07343869,-0.070899725
116843.164,-1.8243258,1.9405243,0.42972255
118979.27,-1.8707095,2.3160324,0.16486274
128385.41,-2.9411962,1.6778433,-0.27947855
128810.055,-3.4467866,3.023978,0.08424928
116429.83,-3.5768013,2.4536014,0.9833783
118754.15,-2.3037486,0.25520712,-0.3872518
126506.19,-3.107041,2.839415,0.55462635
121766.61,-2.0262148,2.057416,-0.16335517
127101.31,-2.087299,2.2084525,0.16176479
129704.9,-3.494102,1.8010768,-0.18080096
126699.36,-2.3220766,2.5766516,1.3412338
121799.164,2.1648822,0.106015146,-0.17457229
119701.87,-0.09075963,1.614649,0.7023678
123657.586,-2.4100165,2.557834,-0.12854198
124704.04,-3.5715187,2.6984508,0.028855098
120889.78,2.72987,2.5646055,-0.42832795
128624.03,-3.5565329,2.5734756,-0.68591136
129619.22,-2.591662,2.8184092,0.40054056
125250.42,-0.02478716,0.031167636,0.2952615
127492.12,-3.0691159,2.8074346,0.14393875
123319.766,-0.9670574,3.0322359,-0.0023717375
115251.57,-1.6531018,2.226314,-0.732096
130460.13,-1.8093903,0.3350355,-0.38833025
117669.56,-4.4371614,0.3807772,0.1376916
120374.84,-1.2434512,0.7979583,-0.095390104
125110.19,-1.6182175,2.6960685,-0.15675043
125344.7,-4.4456434,1.4642011,-0.32406476
125181.48,-2.264733,0.05837247,0.908574
120007.94,-2.0491726,3.4065568,-0.53861004
120425.42,-2.577777,2.9019575,0.46507543
120774.33,-2.3509307,2.709339,0.50007784
122337.6,-2.6033237,1.8794506,0.40932545
123319.49,-1.9500264,2.3537986,-0.11637993
127855.55,-2.036751,2.5339015,0.22061153
115458.81,0.8420109,2.202958,-0.14311689
129958.875,0.54598737,2.824509,-0.10172039
119131.47,-0.034844127,2.4357915,0.038529783
124973.73,0.2869798,0.32214493,0.053297196
119217.984,0.3799519,3.0716217,-0.31154364
116694.25,-0.6262737,2.9406037,-0.25672844
115690.305,-0.65734243,1.4294933,-0.06530637
128401.72,-1.0568255,2.7735896,0.31687683
118298.234,0.362888,1.838983,0.33268246
123665.54,4.2740355,2.2278128,0.40398896
117875.11,-0.7667154,1.6697241,-0.5358905
118827.49,-1.1584766,2.4565098,0.052433014
125220.08,-2.918569,2.3423266,0.22373272
118567.69,-2.7073631,0.25810897,0.8252029
125736.2,-0.60644525,2.5245938,0.08997137
133269.42,-2.2106647,2.6014822,-0.44176212
123413.47,-1.1897337,2.9017985,0.10140482
127678.08,-1.0302002,0.28010887,-0.20008478
117004.78,-2.8283963,2.2224128,-0.090152256
133392.95,-3.1958482,2.7259133,-0.13109758
134993.11,-3.1780748,-0.37585947,-0.44445512
127784.34,-4.4849896,2.878007,0.19304705
117468.41,-2.7357852,2.3246596,0.13068873
132630.52,-2.1855645,0.947286,0.14847721
115230.47,-1.9401344,0.81591505,0.045141686
134899.53,0.29779446,2.910562,0.27518684
116844.086,-1.6226991,2.09265,0.59201986
118087.734,-3.1841135,1.9321656,-0.04738916
117019.56,-1.5498345,2.8048742,0.3505967
121790.75,-2.6969144,3.0347652,-0.21021838
123941.766,-1.796292,1.7906519,-0.5026272
131936.42,-0.8855344,2.5560427,-0.34523338
126133.51,0.03331566,0.76005536,-0.67335236
129196.875,-1.5050384,3.1451733,-0.14183581
129494.49,-0.274615,1.4570057,-0.14580628
120439.5,1.8509965,1.1604521,-0.4791038
125246.32,-1.6755399,2.3672676,0.39058337
124978.83,-2.2576191,3.1641724,0.20443878
123028.35,-0.23172522,2.3022704,-0.5397275
118724.75,-2.162104,0.84505385,-0.2573051
118791.35,-1.5468947,1.7099713,-0.76648515
117126.99,2.22487,2.5363414,-0.27266014
133701.94,0.43424663,0.7240797,0.39709038
116318.76,-2.648129,2.8222718,-0.56001973
121671.16,-1.7466915,2.500438,1.166922
129598.49,-1.4185945,2.252217,-0.18959597
132093.58,-2.1913185,2.491513,0.075194426
124085.555,-0.965032,0.64378613,-0.044014372
130420.24,-1.4276179,3.2699883,-0.080553554
128733.66,-1.4452314,3.1553457,-0.26886278
118116.22,1.5383961,0.7977787,-0.32734984
121877.79,-0.55818206,2.8476176,-0.054693896
123070.945,-2.8796556,2.5048025,0.041448344
117591.234,-0.43846077,2.6429772,0.037847377
122399.1,-2.9619107,2.7715383,1.8046354
122029.77,-0.68391085,0.8097679,-0.25384358
128587.96,1.0329145,2.6834157,0.105536215
121307.28,-1.5521296,2.1181161,-0.22760367
124400.81,-0.34566948,1.9165713,-0.35654855
125637.43,-2.029258,1.3423153,-0.13235095
116741.87,-2.8818011,2.6405573,0.5667201
124284.21,-0.105253905,2.7441256,0.36477467
121198.13,-3.4327023,2.5171816,-0.23051359
126282.89,-3.0367055,1.2029507,-0.9570168
127380.0,0.54807514,2.8359945,0.21998037
128000.664,-1.5536326,2.6123345,0.66867656
124545.92,-1.5472201,2.392968,0.7107331
121050.48,-4.466117,0.64433366,0.23323993
131688.84,-1.4395288,0.858943,-0.6014666
120274.83,2.7591321,0.33292308,-1.0255342
120376.51,-2.1790566,2.9107418,-0.21807411
127451.086,-3.520615,3.1755714,-0.036117222
132545.94,-1.1920564,1.3154049,0.1465033
130907.72,-4.1074805,0.60373026,-0.10409273
115681.29,-2.3082035,1.9470615,0.6591824
132849.25,-0.05871069,2.866066,0.70584595
120073.3,-1.4332211,2.9026444,-0.11443344
118952.33,-0.12968874,0.6352791,-0.28095064
118637.21,-1.3818527,2.8946087,0.17062117
127352.47,0.32599157,3.543785,-0.44661915
131682.34,0.041889615,1.6230443,-0.22117652
122909.14,-2.7062197,2.726417,-0.05469181
126972.516,-2.80384,2.9648123,-0.4317063
118787.18,-4.179934,1.5768622,-0.11251941
126336.81,-0.22106278,0.74727464,-0.029404897
124964.914,0.35341102,2.4699624,0.2519361
128360.78,-3.000471,0.82788795,0.26380342
119155.9,-1.1026169,2.0338414,0.28143516
131853.06,-0.13957453,2.3638496,-0.10030582
121943.92,-4.7930574,1.8533605,0.5228595
133744.11,-3.3062174,2.7789533,0.00074588007
117556.03,-1.8652966,2.702667,0.31597927
118714.95,-2.9457965,2.9735625,0.2108975
126514.69,-4.026722,1.8668581,0.30072138
118977.61,-0.13013543,1.5199537,0.2311516
128618.75,-0.19201946,2.680996,-0.12738875
132855.16,-0.89337337,2.3281584,0.71819305
129748.09,-2.6896846,2.1291406,0.55353624
117645.87,-2.5222743,2.6063588,0.2454583
120550.26,-2.8263447,2.5721579,0.43171495
123870.59,-3.1733344,1.4897417,0.17015809
123701.266,-1.5251093,2.6495485,0.07577313
120939.37,-0.21182688,2.2403774,-0.43901044
126858.914,0.8990113,1.9026861,0.12648463
121940.54,-1.9229293,0.6911893,0.48889115
125969.27,-1.1258029,2.622577,-0.014110334
115884.25,-3.3838878,2.9889562,-0.29305816
131245.8,2.1749609,3.148684,-0.42565167
123589.805,-0.94507164,2.7973244,-0.21179864
129141.59,-4.5107403,1.0426204,0.10483235
129913.46,-3.3945935,2.638656,-0.25327322
117885.375,-1.5620492,2.7096348,1.628473
126807.89,-1.7113487,2.8750114,-0.3771474
121072.93,-0.5761073,1.2257254,-0.15881613
121070.44,-3.0620654,2.538774,0.13956301
121252.91,0.93982947,1.9672318,-0.06998786
115952.23,1.9425999,2.425799,0.32511878
117091.15,0.3079909,1.143917,-0.037959423
127614.53,-1.3109642,1.0032946,-0.042599794
125949.28,-0.06694059,2.6199598,0.026678547
119273.45,-2.7428985,1.1610328,-0.2521584
134952.27,-1.9824748,1.8097391,-0.12127986
129885.43,-1.277093,2.577116,-0.29508778
130152.0,-3.006533,2.0944517,-0.23704652
122444.43,-1.3711318,2.9028566,0.5500211
133789.88,-2.0719357,1.4382794,0.120950274
127608.734,1.4213487,1.9735435,0.017596273
125084.766,-2.1097128,2.772608,0.028943304
118136.91,-3.2313335,2.832078,-0.19506328
121984.266,0.281522,3.0243526,-0.18083344
116279.59,-2.8394525,2.9139466,0.19442795
122432.234,-0.4242723,3.0116272,-0.011229622
118557.9,-2.1847403,2.6929257,-0.31619355
125874.16,-1.0843686,0.3605701,0.4595965
118400.1,-1.4134102,1.1556149,-0.07349645
118412.74,-4.646826,0.78985846,0.5533384
115510.84,2.7286205,1.4883745,0.17932679
125473.96,-0.8184195,0.52162576,-0.17528807
125577.555,-3.3527663,2.8921015,-0.29148087
117552.945,-1.4467393,2.81293,-0.027831487
120676.914,-3.3490114,2.523189,-0.43312147
122373.25,-4.0653424,2.6046085,-0.024051726
133456.4,-1.7572447,2.3028526,0.05899902
125860.4,-2.4888687,2.1464682,-0.55659366
131934.34,-1.1379315,2.878085,-0.0519148
115452.57,-1.155038,2.5312157,-0.4793547
125934.32,-1.43467,1.2641326,0.007978205
131535.39,-4.155125,-0.37421367,0.021109628
126878.336,-2.270432,2.7271912,0.0490913
131530.98,-0.016967792,2.8896348,-0.53244156
130912.27,-2.5274312,0.53629977,-0.2462772
129682.26,-1.9012245,2.979826,-0.5746697
119060.91,3.4697075,2.238425,0.44954276
123474.234,0.64058715,1.7246422,-0.29513398
116897.78,-2.8532014,2.9751546,0.0500878
117149.31,-3.8289337,2.6604881,-0.5333027
116901.42,-2.3981638,2.9542184,-0.007547305
119367.12,-0.7127637,0.20649512,0.12921962
124335.68,-2.9551904,2.4257681,-0.23285404
125932.57,-2.8032885,1.150363,-0.01328042
131550.08,-3.3035827,1.1770087,0.3106136
116745.31,-2.0998182,1.2155929,-0.35018665
123166.195,-0.90545267,2.590334,0.10243826
127516.586,-3.6463256,1.7408961,0.3103728
128710.09,-1.9094414,2.9144049,-0.077997655
118833.33,3.2631361,2.5782273,0.019827655
127221.06,-1.2250025,3.4619875,-0.26151454
125576.91,-3.4366333,0.8553456,-0.11331834
124296.805,-2.9906933,2.5747056,-0.45706356
134782.92,-1.4628181,3.1609986,-0.6757536
132679.1,-1.7833437,1.2739375,-0.023329983
129633.11,0.44295385,1.4107968,0.15181474
124589.0,-1.9762876,3.2417722,0.18434978
121701.87,-1.7483002,2.7420735,-0.41940778
119636.766,-4.4175596,1.1403477,0.16959965
133237.95,-1.1507093,0.7308125,0.047846284
126454.266,0.2760763,0.92212504,-0.14147404
126651.74,-3.9456491,0.27053022,0.67918146
115678.45,-0.30091786,2.553657,0.2538856
130779.46,-1.9435619,2.811992,0.64035815
129278.61,-0.976813,2.7071614,-0.21705168
132186.94,-3.3512168,1.4256483,-0.18504828
125006.6,-4.103489,1.8201933,0.021060755
120974.03,0.36280224,0.85728073,0.7379328
117423.45,0.32206845,0.058606815,0.056339122
119107.24,-3.2798324,2.8494194,-0.5203516
118419.12,-0.4397509,2.0845327,-0.14504908
120831.36,-3.2345214,3.021711,0.8849162
116244.125,-2.8254237,2.664591,-0.3537465
116060.305,-0.022371849,2.6451113,-0.47838804
130637.89,-1.669387,0.40302345,0.1400988
128481.445,-6.322114,1.4647341,-0.48698965
123263.55,-0.7147936,3.171902,1.0501928
118841.945,-2.7199667,0.9413949,-0.2189526
116780.945,-2.5337198,2.7090635,0.07286709
117892.77,-2.0854006,3.1511943,-0.18857743
133368.88,-2.4532394,1.741617,-0.024917996
130797.555,-1.5131685,1.4366593,-0.5297414
128944.664,-3.221859,2.1292207,-0.2844747
123800.445,1.5464635,3.1192212,0.45113108
115941.766,-1.0065403,2.2611485,-0.23146717
126456.65,-2.7818174,1.0764731,-0.3322876
129968.766,-1.8670713,3.1307826,0.45770067
129673.99,-1.5384009,0.42426023,-0.28680444
127241.94,-0.046388574,-0.44722205,0.012828958
132375.33,-3.9428701,2.837169,-0.41693413
131592.1,-2.1024287,1.8252254,0.4698177
134773.39,-1.5459751,1.52381,-0.89909357
131270.05,-2.043015,1.3896242,-0.35234085
134659.34,-1.6076349,1.5409873,0.29919326
130964.93,-2.1206503,2.8313828,0.14093378
118700.336,2.8051295,1.1353533,0.18095383
124581.445,-1.9120692,3.2689433,0.29964918
120026.43,-0.25262302,2.531903,0.89697725
121336.17,-1.0969452,0.77631736,-0.54008
134660.56,-2.6084764,1.0086331,-0.4583199
130748.5,-4.7057424,1.0514596,1.6678977
119573.88,-2.327681,3.1716852,-0.6767269
116987.52,-1.6855434,2.4945276,0.60841906
125601.66,-1.7836726,2.6275115,0.07152492
127331.76,-0.54669064,0.15399687,-0.8453753
134658.92,-2.02327,3.152382,0.00090500904
131033.984,-0.81434315,2.8084438,-0.054787766
122869.63,0.09185243,0.77716196,-0.0037639677
130013.83,-1.7489421,1.6618053,-0.15221824
125274.625,-1.3309119,2.2444315,-0.23528239
117235.49,-0.36491448,0.8270903,-0.034990504
124123.24,-4.3284335,1.6832306,-0.043712206
119568.99,-0.57911915,3.3178709,-0.28992265
127529.24,-1.1963893,0.8990244,0.9898186
115547.164,-1.2146763,3.0251625,0.49398565
133374.5,0.955668,1.2940624,-0.11933842
125625.68,-0.09374872,0.38107872,0.063588135
115071.74,-1.2376835,2.0447352,0.020611975
126817.44,-3.2386467,0.86864215,-0.23988223
132413.23,-2.3387775,1.9634722,-0.26557204
124455.586,-3.3348505,2.324812,0.28860253
120771.42,-3.0489953,2.2667782,-0.012745221
132373.73,-0.99997497,1.4661539,0.23437291
131188.34,-2.1620798,2.6384022,-0.1870666
119497.54,0.22016871,1.3397206,-0.083857715
124084.016,1.2858999,0.9109145,-0.21205164
123184.3,-1.4516002,3.0699432,0.13118042
122082.41,-3.1806254,2.3580794,-0.44976684
129795.4,-2.5225146,2.5942047,-0.46749216
120389.016,-2.639684,0.9101851,0.0625827
124613.27,-3.0698762,1.7985957,-0.3430914
124630.555,-1.9659302,1.2565172,0.05082861
115700.95,2.7328486,1.7389295,-0.13010406
120538.586,1.8263613,1.9783552,-0.110693604
129568.6,-1.7097354,2.9252787,-0.23032793
129918.12,-0.9876098,2.544978,-0.28718796
134339.1,-0.35626715,3.1467984,0.44816664
127541.98,-3.287524,1.9654224,0.0010915536
130251.805,-2.4665024,1.6271269,-0.22940773
134036.73,0.31574896,2.0674622,-0.30992284
128851.61,-3.6704283,2.3035889,-0.39511797
127286.68,-2.3252447,2.2088354,-0.13709979
127945.36,-0.9740347,2.2769704,0.19154814
126501.01,-0.78576857,0.5971122,-0.20024927
120203.82,-3.2009034,2.4856977,-0.14671576
125782.484,-2.570866,0.7558068,-0.05618178
122828.68,-3.0171306,2.8099768,0.08007378
129018.08,-0.51665753,3.0791523,-0.71793145
115375.67,-2.5637581,1.3820709,0.08174434
116731.14,-1.6917093,2.8319423,-0.46716794
123550.266,-1.9252629,3.175185,0.16581751
132952.06,-1.1058687,2.7647479,-0.37703237
126157.49,-0.7223209,1.6258818,0.23296817
133654.25,-3.5622334,2.7341743,0.025225526
116718.12,1.1273077,0.73652464,-0.2516253
130766.02,-0.88878244,2.8257692,-0.48395815
120403.086,-2.3465173,2.5575485,-0.70562905
133936.55,-2.4632635,3.172955,0.00040318645
115669.74,-2.2777493,-0.12185258,0.6652353
117409.15,-1.89565,1.7291839,0.13655266
119234.37,-1.9172304,1.349217,-0.17060031
132053.11,-1.6536887,1.3571892,0.3040154
126511.61,-0.14024612,2.5270197,0.3455004
129185.234,-0.9819099,2.7495384,-0.2708385
123732.37,-2.4367986,2.9528139,-0.118886665
128173.91,-4.2439933,0.10215658,-0.18428959
132759.16,-2.8616261,1.0565435,-0.4720306
134483.97,-1.8024392,1.7301887,-0.2464539
122902.45,-3.7236252,2.1016283,-0.094398074
133306.45,-4.0644345,2.9162846,-0.42982298
131678.66,-1.4000008,-0.15568018,0.11472756
125802.05,-2.157075,3.1162722,0.08608731
117167.5,-2.2934759,2.993487,0.37101468
125762.67,-0.66709495,2.699592,0.2397678
117467.69,-0.40641803,-0.30501664,0.6272994
132696.4,-1.6414158,1.5821468,-0.061640147
124649.61,-2.1432152,1.8262763,0.20198628
125742.0,-1.4654449,0.9045668,-0.6148653
133931.34,0.14495449,2.873884,0.21649802
122586.09,-2.128544,1.6543291,0.08002193
132174.23,0.45830673,1.0164022,0.21340483
129599.91,0.17519598,1.7325288,0.041427482
116650.85,-0.4948622,0.51655257,0.47778192
120779.55,-2.8295925,1.791229,-0.026765859
116354.77,-2.7574031,0.3532348,-0.2258306
116645.09,-2.2929215,2.5371158,-0.008863248
134810.11,0.37205607,-0.15691857,-0.30371502
127441.54,-1.0103215,1.6760082,0.44572726
123599.625,0.1359545,1.677555,-0.08813275
125575.84,-2.5259297,2.383013,-0.33813664
117131.78,-0.6937381,2.857741,0.14641806
132019.12,-2.8958294,1.0082988,0.1817602
124945.055,-1.3737496,2.8271272,-0.006164611
119197.21,-1.150154,1.7440623,-0.45743307
128483.32,-2.7416725,3.7862854,-0.21265717
117965.99,-2.9675934,0.96663594,0.4664736
124973.195,-2.7581806,2.462907,-0.11922876
119653.18,-1.2192785,2.326649,0.27014297
127837.945,-2.8508482,1.2863305,0.39473504
118382.38,-2.7339218,1.940063,-0.11539953
116046.336,-3.7021012,2.7030172,0.14488459
121118.82,2.5811567,2.5929496,0.5185684
118858.36,-2.2116566,2.9867835,-0.31543902
123478.47,-2.3452036,2.7070007,0.04459874
123954.484,-0.5284114,1.0490949,0.33576432
123290.58,-2.0289488,2.598281,-0.15288365
131273.27,-2.9927077,1.526292,0.17264754
124127.09,-0.25718018,2.9332297,-0.34193638
121565.03,-1.0967317,1.4702692,0.30614188
120154.414,-0.14118463,2.072188,1.5153079
134987.56,-0.40516645,1.1573983,-0.043412723
116285.08,2.367012,2.6820927,-0.2772117
121503.76,-1.7652642,3.228816,0.37715575
122813.875,-3.6210861,2.551863,0.06854021
132137.84,-0.5833498,3.223063,-0.054484107
125419.12,-0.85891706,3.1479237,-0.42919928
122089.08,-0.4025686,2.6721835,-0.1286865
133207.5,0.21415609,1.4689107,-0.29110926
134968.28,-2.714866,2.118208,0.19607586
119461.27,-1.1180565,0.42025605,-0.1408706
130367.7,-3.226516,2.8678784,0.37026194
123468.32,-2.3983366,2.879279,0.47985
122316.65,-4.1287804,3.0205026,0.09451996
118813.016,-0.45548055,1.573436,0.093534194
130673.57,-1.1425192,2.1493638,-0.36243573
118265.234,-1.0823989,2.6070127,-0.024333032
115330.66,-0.5380778,2.6567833,-0.34514162
120405.11,-3.3569498,2.8881874,-0.19789898
121671.016,-2.8118603,2.5411303,-1.0391977
127348.586,-1.6933842,2.785355,-0.91934586
125520.58,-1.2124411,1.0296929,-0.3228102
130895.41,-1.0563678,2.7431495,-0.42782137
132552.7,-2.578438,1.9428111,-0.21526283
133046.75,3.3290389,1.6385671,-0.532578
131988.53,-1.6612763,2.5860436,-0.4862959
129576.555,1.5386248,1.9653145,0.0029289871
132212.47,-3.1775546,2.3427398,-0.14019983
124905.695,-1.8401581,2.611357,-0.15872107
133933.53,-0.5276992,0.937527,-0.021840608
115850.9,-2.3187044,2.0583389,0.36944127
120741.12,-2.5795498,1.418395,-0.15852499
116430.47,-3.4159524,2.8132904,0.043171346
116378.55,-0.6709691,2.4696364,-0.21527028
125061.09,-1.4072278,2.041302,-0.32917595
127381.87,-1.2726262,0.4587931,0.9800265
126432.33,-2.3908315,1.9914725,0.5219268
120825.81,-2.7700586,1.6784889,-0.8498047
117575.16,-0.53827757,2.383692,0.04967716
131100.25,-1.2690918,-0.35120854,-0.31439126
132129.11,-2.2707543,3.32811,0.10860317
124245.07,-2.1350145,2.6024191,-0.14133577
122790.914,0.017657636,3.1637857,-0.108599894
123006.16,-3.3552496,2.3180804,-0.12823683
118072.695,-1.0655724,3.1521482,0.14186054
115947.32,-0.33478734,0.45234433,0.089013614
132774.61,-2.5686262,1.297928,0.82051784
126272.32,-0.101767495,2.872796,-0.14411904
122460.28,-0.9146001,0.3538747,-0.17663708
127561.34,-0.17296389,3.2891705,-0.43808994
115415.25,-2.3228862,2.5378344,-0.2981446
132871.2,-2.9792569,2.7762456,0.3837587
132936.69,-0.4880003,1.5447212,0.56648767
116136.125,-0.027174918,0.7020664,-0.105599985
132061.38,-1.9902463,2.8593206,-0.11789792
116397.8,1.7539915,1.6715591,-0.14713177
123241.24,-1.4126986,1.5993019,-0.6270321
134186.8,-2.0037987,1.7465998,-0.13152163
132203.88,-2.10429,3.0202901,0.123445086
127592.11,2.1435897,2.0815666,-0.5843873
128063.35,-0.75486684,1.5432435,-0.39364526
123928.89,-0.2505404,0.9112895,-0.10705658
126931.14,-2.1066782,1.8922551,-0.2872109
120256.68,-1.0569515,-0.57443756,-0.02629622
129036.23,2.0257792,2.8565311,0.19238073
131978.08,-2.467941,2.9370553,-0.06306009
124476.86,0.099564336,2.785164,-0.93755215
131272.08,-4.358813,2.7039933,0.22132136
119281.19,-1.8185867,1.2868943,0.3017542
120295.25,-1.6271199,0.7065849,1.1044171
122134.305,-0.06115321,2.8891118,-0.041538037
128122.19,0.46618053,2.8312461,0.014647916
116905.42,-3.208255,1.8959148,-0.004317045
121240.1,-0.8688989,0.65009356,-0.6897549
128348.18,-0.49876708,2.5935106,0.2951024
124117.586,1.3888273,0.55588746,-0.40323085
129281.68,1.6005949,0.20178097,-0.66516584
127983.05,-2.861392,2.0247185,0.30881134
118794.96,-0.86707705,1.6536409,0.10383288
125090.28,-1.9205467,2.1743426,-0.5979577
131900.55,-1.2067832,3.2048564,-0.8148005
120960.64,1.6280881,0.12171966,0.09256392
121269.95,-4.131542,2.7076204,-0.80090886
115228.92,-0.9484027,3.1374679,-0.30268216
119096.35,-1.2801603,1.3544496,-0.27130544
118541.83,2.196549,3.099062,1.19629
115091.09,-0.41040966,0.33107498,-0.00618547
121478.016,-1.1694694,2.8326514,-0.2762611
134886.02,-2.412616,-1.1039171,-0.08315445
132036.61,-1.8178757,3.13085,0.12645483
118822.664,0.22788475,1.3765099,-0.0663875
132189.89,-4.1363354,2.1896276,-0.07450606
131126.19,-1.0217865,3.0519116,-0.3049836
120978.41,-2.743549,2.7620797,0.0909476
115034.27,-1.4195609,2.2133849,0.034589108
125542.695,-2.2676167,1.8095384,-0.1998747
120419.586,-2.1309664,3.1364105,-0.06610023
115368.96,-3.546021,1.148996,0.26642042
118666.95,-3.9437273,1.1896214,0.12756278
128899.25,-2.602288,0.46268773,0.10700056
118041.17,-2.1090891,2.687395,-0.14970137
117311.234,-2.917378,2.5793896,-0.15979356
122321.97,-1.9367443,2.9161975,-0.5960315
120336.484,1.9090452,1.2300632,-0.4038608
124326.88,0.025946083,1.6074347,-0.22698772
126846.97,-2.1412244,2.9702747,-0.35834396
120758.99,-2.3851898,1.598675,-0.65267575
125065.17,-0.44642478,2.794075,0.11945911
119644.08,0.629365,3.0527406,-0.17492451
131051.516,-2.475148,2.668203,-0.2773485
134905.88,-3.1094453,1.5099716,-0.16605084
119133.12,-2.9449093,0.63177276,0.04090659
120188.03,-0.3218811,1.2514127,0.4919277
132459.28,-0.3276323,2.7074962,0.76255554
122009.266,-3.4452875,0.86243856,-0.17786333
118942.74,-2.3298602,1.313086,-0.6715003
132098.4,-2.637851,1.1358824,0.3912044
132966.45,-1.9205332,2.5606225,-0.35230538
116755.016,-3.069955,2.7373753,-0.022385638
133134.08,0.139247,2.918003,0.026344197
130845.93,-1.7502223,2.0181496,0.061016444
126676.984,-3.4221473,2.1790285,0.44952667
116441.0,-2.4352684,0.8909638,0.008824509
126776.69,-0.33193943,3.1626985,0.17299023
124546.5,-3.646218,2.0213046,-0.2582411
122345.836,-3.473397,1.1237869,-0.011175387
133433.25,-1.9808458,-0.07854022,-0.4920448
123585.516,-3.687152,2.7478933,-0.08350668
133786.81,0.08445323,1.0982904,-0.23514979
122217.22,-1.1300484,2.5533512,0.14000285
134733.25,-1.1515568,2.6612601,-0.6840915
124189.08,-2.1087697,0.70663536,-0.15857624
120167.37,-2.703469,0.7623059,-0.67769384
127248.3,-3.9780214,2.4087343,0.21134926
120515.836,-3.0040884,2.6483264,0.4833699
131710.19,-2.7941601,0.12948306,0.57625
129536.65,-4.355263,1.5408992,0.37049258
117431.234,-4.062052,0.17529842,-0.6609871
121959.64,-2.328364,0.59156156,-0.20106667
118738.164,-2.255367,2.7876492,-0.27470854
128967.96,-1.925783,1.3275148,0.096653596
121964.875,-1.5817908,1.7575443,0.25726068
118805.09,-2.374537,2.3078976,0.14561349
117423.02,-1.7494415,2.7894912,0.106607206
117513.87,0.30214807,2.924065,0.3150376
134943.25,-3.3621254,2.9749503,0.020548206
123389.37,-2.4586816,1.3566046,0.31607524
130312.31,-3.3605433,2.8846827,-0.35477456
117385.47,-2.4065812,1.3006176,0.13232115
118829.93,-2.0868614,2.7346148,-0.45845816
134878.36,-2.1431382,1.1935539,-0.18803328
123166.09,0.70948666,3.043853,-0.06283421
121615.69,-3.2447536,1.0051545,0.3520491
121099.64,-3.114022,2.1444254,-0.72382396
126651.9,-0.85822445,0.6029979,-0.37165716
120978.92,-0.77002996,2.3070426,-0.2941038
120913.39,-2.2743669,0.93948513,-0.47088215
128946.17,-0.72691184,2.0086658,0.38053203
126223.72,-2.3192613,2.0511968,-0.059475515
130721.15,0.9628123,3.256607,-0.25803843
124022.15,-0.60525155,1.7683542,-0.052131146
118883.38,-2.6916056,2.6420074,0.33011016
125115.305,0.6902675,2.4862998,-0.5380394
133184.9,-4.434276,0.47903916,-0.12414031
124210.65,-1.5205421,2.5845275,-0.102442734
132623.69,-2.314717,3.0129583,-0.42059737
117151.336,-2.6630266,2.874512,0.3099896
133330.33,-2.367563,1.2339627,-0.0007002869
117751.01,-1.9080693,0.97456574,0.006417906
116047.3,-1.778687,1.7775959,0.7541425
121193.54,1.149092,2.725017,-0.014179171
116062.64,0.8566591,0.7828695,0.05359579
125403.83,-1.2942355,2.8286784,0.2567189
117192.25,-1.5742108,2.939114,-0.12009086
126677.66,-2.0669572,2.8756871,-1.2862935
122084.45,-1.4090649,0.518484,-0.08962957
128221.23,-4.955654,1.8198305,-0.53434694
118092.484,-0.21430281,2.013061,0.37419367
134116.45,-4.7021527,1.9596778,0.030944634
121308.25,-2.4975457,2.3962395,-0.07232086
116894.29,0.020850612,1.876552,0.19847353
127473.76,-2.057991,2.620559,0.024410808
116202.57,-1.3020235,1.2169242,-0.99677914
115814.58,-0.3690339,3.086317,-0.23806179
128265.63,-1.3999519,2.8323832,-0.027613057
131549.23,-2.7936199,1.6631507,0.59567803
118303.984,-2.1687822,1.8696128,-0.032880705
127025.39,-3.485273,1.4278631,0.1715235
130126.85,-2.8127809,2.296693,-0.17875673
121329.14,-1.9563423,2.6160495,-0.12609217
130799.87,0.8688311,0.6755788,-0.5666918
116732.65,-1.5600632,2.0704715,-0.18926072
115935.89,-0.51499957,1.1843493,-0.27497733
125151.5,-1.8740056,1.3211437,0.24595357
121308.164,-2.0891902,2.4400992,0.17111048
127613.92,-0.0009050959,1.437326,0.43157786
125775.01,-1.0857445,3.0836942,0.23843934
123874.33,0.20698662,1.9196986,0.4944839
120394.516,-3.038812,2.3159714,-0.49639016
120142.11,-2.241897,2.3820176,-0.14873438
123301.43,-1.4529564,1.8429588,-0.10952427
124870.484,-2.6168706,2.3260324,0.6939292
116692.74,-1.4967992,2.6396532,-0.13922717
124813.695,-1.1895157,3.0593977,-0.48172706
120510.0,-4.287834,1.0377332,-0.092823476
116746.445,-1.5525949,2.4104555,-0.46463916
118543.336,-1.01186,2.2149904,0.52716434
125934.15,-0.20555286,2.6739912,-0.43330684
120230.31,-0.2989279,2.74231,-0.18834111
119883.35,-3.3867114,0.92146266,-0.38667965
127956.99,-1.8215878,2.9202526,-0.0909923
126716.3,-1.1342825,2.391961,-0.061743848
116585.43,-3.404411,0.6511203,-0.19941787
115105.48,-3.5952992,0.9988331,0.08443225
117230.47,-1.6457843,2.356779,-0.14950201
133727.67,-0.739483,2.5566335,-1.3359662
119750.01,-2.946679,2.446866,-0.1732319
116804.414,-4.079631,-0.3847489,0.23160753
130376.56,-1.890486,3.252739,-0.15908194
134420.19,-2.9211702,1.3033518,0.025358431
130051.72,-1.0053033,2.6827967,-0.10615843
122150.4,-2.9005513,2.9458373,0.2734805
123403.86,-1.5802244,1.6865772,-0.276512
121338.99,-1.2029978,2.8842766,0.17161588
117078.49,-3.6280913,2.386867,0.10250382
117865.77,-1.1596279,2.0197668,-0.80002207
119291.336,-0.1876617,3.1413643,-0.11606167
125550.23,0.57322913,2.6638381,0.27978012
122785.055,-0.4659174,1.6784984,0.15247689
119719.44,-1.5733397,-0.8689843,0.3150519
117028.59,-2.0001073,2.5137506,0.5882639
130793.9,0.64257294,2.267378,-0.16157377
117934.9,-1.9201093,2.6578777,0.05271253
128758.664,-2.600496,2.036692,-0.0462538
130859.94,-2.4480047,1.6844729,0.6242277
129722.81,-0.45428857,3.197119,0.3254978
120693.62,-1.3281335,2.7799063,-0.12632312
121641.05,-2.561538,2.1030533,-0.23472127
121499.98,1.5422865,1.166964,0.17694402
115038.41,0.72825885,2.23299,0.099395745
120375.305,-2.4831076,3.0110204,-0.014658048
133070.89,-2.6503472,3.0248768,-0.3825232
127382.69,-2.2052004,2.1315067,0.20188735
134512.28,-3.9387562,2.7576172,0.1612868
125191.555,-2.8518429,1.5573223,-0.15512308
129334.836,2.3000376,2.834418,-0.2328883
115090.05,-1.618689,2.3884974,0.11647976
121561.43,-3.0517387,1.412202,-0.15951999
121462.29,-2.9504473,2.6521614,-0.13117208
117624.36,-1.2787029,2.3081663,-0.5620518
124466.266,-3.3830822,2.7844656,-0.22091906
130674.875,-1.4747139,1.9385724,-0.44209528
115428.8,-2.7945783,2.611337,-0.12755533
116315.3,-4.2905455,0.04492889,0.17497845
117937.12,-0.43718576,3.1182299,0.12995984
129818.89,-3.4135153,-0.030531192,0.10277381
116358.164,-2.7779973,2.6148803,-0.49304637
126474.164,-1.6087993,1.4937748,0.25231993
126616.54,-1.3809855,0.1716642,-0.33395132
132442.69,-3.3396344,-0.1158688,-0.8265954
125550.63,-3.642336,2.0952427,0.07610152
116948.08,-3.3359559,2.87503,0.23104908
116348.734,-0.45472527,2.3699865,0.39705163
115846.39,-3.2910795,0.72818804,-0.2364687
119003.125,-3.1106873,1.9690125,-0.18811285
133873.38,-2.0167727,2.3723528,-0.23248005
128264.086,-1.3524268,1.574389,0.11928687
120998.21,-4.1258416,2.6037385,0.12764561
127668.055,-1.5259486,1.703898,-0.82376
125772.91,-2.6837692,1.2553484,0.09052087
117424.164,-0.94326454,2.2333052,-0.015474552
115001.28,-1.6630534,1.9128507,-0.8649529
132166.92,-0.12737365,0.763824,-0.019545157
128039.484,-1.3795142,1.9495163,0.33425587
116923.484,-1.6208456,-0.35615793,-0.073069125
125523.89,-2.5612018,3.0480602,-0.28618163
119896.4,-0.5437136,1.4123626,-0.4615114
120925.85,0.5003551,2.569974,-0.28133327
121199.414,-3.5664442,0.4345375,0.4688677
116827.16,-3.0823598,2.7151701,0.22150789
121386.516,-0.6861729,2.3466363,-0.07255032
119629.13,-0.6454449,0.45553905,-0.24402107
117076.305,-1.5376439,2.8688862,-0.23630391
119591.33,0.34141368,2.2777522,0.2960202
131407.33,0.16316557,2.0360348,-0.65141404
122006.01,-1.2753607,1.2752666,0.58447343
120510.05,-1.790974,1.532864,-0.3489026
126826.45,-2.8441021,1.6379052,-0.74434924
116647.57,-0.58180964,2.9421418,0.5643928
115575.75,-1.0785147,1.5421551,-0.45456785
131105.22,-2.8588603,2.7268353,-0.34852505
121414.82,-3.7476888,1.7510712,-0.19585833
118615.94,-3.6573203,1.2890245,0.5317219
133436.34,-2.8853297,1.7417245,-0.48074576
121902.04,0.89985645,0.6578354,-0.20641835
129207.266,0.2082375,2.9163969,0.10087141
115877.89,-2.744246,2.2262309,-0.4657912
124845.1,-1.4485953,0.49224803,0.058923926
121261.4,-0.8633172,1.2489169,-0.26093018
128223.5,0.8807723,1.7077565,-0.4379481
132718.33,-2.722555,0.8109556,0.114120245
123863.95,-1.1736287,2.7103128,-0.22175166
124902.69,-1.0192795,2.019695,-0.18060847
125527.25,0.4627592,1.0170295,0.6605544
118043.22,-0.031855725,0.77346843,-0.30720633
130325.69,-3.1766098,2.2256823,-0.24625663
119913.195,-2.5047255,2.6099975,-0.077462755
126841.58,1.1222765,0.7949932,0.16699041
133270.28,-2.3600414,0.9999111,0.5964689
132254.6,-2.5242698,2.2704477,-0.07494202
133700.25,-0.5022934,2.6981385,-0.4044023
129523.984,-1.7040094,2.9377952,-0.2263676
133174.06,-1.3485295,3.1407838,-0.22514135
134872.69,-2.8050826,0.7027928,0.1753122
124606.49,-1.8019174,2.739406,0.08177891
126645.98,-1.6432209,3.1244993,0.11316547
130183.98,-2.4862711,2.8320677,-0.26870278
116870.4,-3.100131,1.3099983,0.3123789
120119.11,-2.4871488,2.610178,-0.21822073
125115.94,-4.158035,1.7403821,0.2884619
115845.75,3.547702,0.4338023,-0.67585284
117433.6,-1.6401812,2.6729183,0.15076104
132476.75,0.72837454,2.4281127,0.3010003
116818.445,-2.381933,2.9526942,0.10810612
133640.23,-2.2415512,2.4439416,0.1399808
121321.75,-0.50331974,1.4572122,0.5742302
130930.22,-1.5670083,1.2460289,-0.2960211
126367.76,-2.1034381,1.8068477,-0.07848011
130643.7,-4.139299,1.3652182,0.3292156
115055.516,-2.6244087,2.7998528,-0.5520016
125526.92,-3.0213182,3.1692927,0.10290492
133263.88,-1.9818949,2.8902714,-0.25670996
125658.58,-2.4785578,1.1479708,-0.49894786
133077.7,-1.4272312,2.505468,0.47307718
115389.32,-1.6126925,0.871965,0.0063815503
128878.914,-2.0757456,2.8682547,0.0052646673
132405.45,-1.8321228,2.8812046,-0.41461006
131012.94,-2.7379937,0.9218948,-0.22974476
115919.82,-1.6997488,2.852587,0.046050567
124852.086,-2.3681996,2.544463,-0.42312676
121959.516,-2.10639,2.8877766,-0.36162457
127053.41,-2.3070176,1.8335875,0.056948226
123273.17,2.4561634,3.023596,-0.21002439
129169.945,-2.6397114,2.6671062,-0.32901475
133445.92,-1.5790372,0.9106358,0.6605854
125605.93,0.45481104,2.6095445,-0.36243364
123968.03,-1.8890591,2.4434433,0.053164292
124985.734,-1.4606911,2.93249,-0.08689786
119824.5,-2.1427453,-0.0038092297,0.17869444
125373.52,-2.152962,1.9304786,0.09589252
133055.23,-3.0941164,2.6700716,0.6898937
116404.12,-2.9146268,3.3345237,0.12693162
120202.836,-2.7084165,1.44041,-0.89611274
134477.88,-5.0182734,1.2179208,-1.0731578
127732.76,2.52101,1.8978693,-0.09058941
134953.9,-0.49234083,3.1113074,0.03666732
123663.16,-2.3061912,2.2162523,-0.11933783
130008.9,0.33255008,1.5465193,0.20438334
116107.234,-1.8479424,2.1367989,-0.6729978
116925.48,-1.5192537,1.3654081,0.16114436
123814.19,-1.2129139,2.8684464,-0.08172497
134167.86,1.3924946,2.155382,0.2717307
120062.36,-2.7948163,0.474537,-0.8337264
124831.13,0.52341026,2.5351999,0.062950425
126662.875,-0.09267417,1.5993675,-0.33466473
120767.52,-1.2066747,3.065109,-0.43814835
133888.02,-3.0193503,2.10943,0.02872279
121946.19,-0.6620219,1.3047943,-0.038750302
116841.27,0.19934013,0.4659605,0.33934385
115921.28,-2.9469554,2.7020946,0.06338669
115631.41,-1.7049234,2.9278333,0.18552269
124217.52,-0.90555876,1.7832512,-0.08945376
118433.12,-3.6079988,2.9586546,-0.8231902
126314.05,-1.7553636,3.1471436,1.0541544
119468.95,-1.9829556,0.76201206,-0.8172825
123994.64,-2.8627386,2.8925307,-0.24137041
118879.945,-0.16170323,3.0243669,-0.16071436
132880.6,-2.646015,2.404051,0.042856067
127474.64,-4.2335544,1.9317192,-0.4493318
117139.98,0.1017613,3.1661985,-0.35146207
120813.21,0.9400499,3.2280161,0.039980423
122036.64,-1.5327076,0.6139985,0.010852063
117428.49,-0.33301434,1.1810912,-0.3530778
117589.69,-2.104928,1.1631069,0.12869693
124831.33,-2.0485888,0.7082156,-0.088666454
127031.79,-2.1290438,2.3505437,0.2377629
118785.71,-3.2204373,2.9548507,0.063794345
116742.39,-2.5557804,2.66678,0.24893887
124127.38,-0.6629228,2.6986136,-0.83027446
123450.984,1.1124706,0.50831974,-0.08580183
128402.9,1.4462485,1.7932477,-0.288936
120999.125,0.021897947,3.04769,-0.07005759
126237.32,-1.8240066,2.5326982,0.56942534
117798.81,-1.4349566,2.2185688,-0.21927652
119657.445,-1.4827826,2.0089617,-0.10025903
128200.66,-3.1688936,2.7512906,-0.028395293
132929.69,-2.6183271,1.9205269,0.16689089
125535.13,-2.2979326,2.8499339,-0.60752124
130012.68,-1.6630158,3.0288353,-0.057832375
123978.85,-2.7835326,2.237901,-0.03587674
122294.836,1.6773118,0.24958591,1.1000867
123183.12,-0.42439836,2.357579,-0.2558717
134645.12,-2.8301299,1.1723197,0.030978011
115919.51,-1.9768813,2.4007406,-0.48328796
124047.97,0.84026206,0.4549162,0.34630617
120878.766,-2.0400097,2.8597813,0.09994822
119414.25,-0.88849866,0.27582642,0.001974809
124158.984,-1.1231672,1.2850454,-0.34820798
122845.14,-1.1449243,2.2303586,-0.20808414
123114.61,-3.5043094,0.67932653,0.47450992
118232.9,-1.9091659,1.0887896,0.41084105
131141.8,-2.6626651,2.7383392,-0.33229387
119679.38,-1.4302027,3.4333415,-0.29698005
115087.9,-0.82160836,0.15385531,0.39762855
131174.84,-2.1113534,1.0963576,-0.06995598
124563.55,-2.0300388,1.9180741,1.5679504
118686.266,0.9258308,2.056168,-0.23921412
118139.07,-3.07461,2.9800496,0.1270693
129446.21,-2.6463633,2.8166873,-0.22334711
116782.78,-2.6289833,2.8934934,-0.17891884
132138.81,0.22948658,1.891889,0.07124302
121336.38,0.40231892,0.8143272,-0.0892383
115466.69,-0.06616706,1.5471321,-0.17481694
127112.336,-2.9008598,2.8661814,-0.6832443
117877.64,-2.8967538,2.1746008,0.06787985
133303.3,-0.43463716,3.002739,-0.8558206
126546.805,-2.680876,1.8619694,0.13381052
131091.05,-2.810954,1.4661932,-0.5577058
123453.11,-2.0113022,3.107729,0.005501275
123136.34,-2.8730173,2.0175354,0.07073285
132110.25,-2.3656602,3.1539698,0.032829747
117865.43,-3.266991,1.2378945,-0.32389104
120440.67,1.7625699,2.5274153,-0.4359846
116163.94,1.3518403,2.3992844,0.15043205
129657.09,-1.9896412,2.6230383,0.29237217
125417.45,-0.11156788,2.3841333,1.1231627
122542.83,-1.8153197,1.3987572,-0.10611998
121125.6,-3.2049031,2.6995869,-0.2011513
122508.164,-2.1961453,3.0174818,0.42910987
122903.555,-2.4224336,1.4342517,-0.001332929
115767.49,0.45431647,2.7175038,0.051940724
126677.02,-2.7331207,2.8651383,-0.4748428
131104.28,-1.4114299,2.9520843,0.14842297
127678.766,-3.0937693,1.310217,-0.0056389486
116172.76,1.4454564,1.8432817,0.33468083
127898.15,-3.2543037,2.7864096,0.4287225
131646.39,-2.517831,1.4600496,-0.3196464
116905.586,-1.7809601,2.8354316,-0.25078914
132186.8,-2.7336464,1.0757002,-0.49961865
119667.15,0.24625358,2.9500375,-0.24776419
122705.02,-2.9679885,1.9995397,0.29898167
128146.266,4.030951,0.5268237,-0.645385
116072.13,-1.6794629,0.6916258,-0.013632947
124355.17,-3.0138357,1.1722457,-0.8372183
123422.02,-2.3520803,1.6922289,0.48642495
129371.83,-2.5818572,2.6125526,-0.3764474
120022.52,-5.2830653,1.7957954,-0.1017198
126465.6,-2.4953961,0.95412976,0.15007924
132179.0,-2.1134875,1.853172,-0.67344564
128512.086,-3.2219753,1.9730865,-0.43290216
122053.516,-1.019533,0.9259474,-0.05726648
131417.77,-2.0741413,2.7478247,0.03097205
116787.91,-1.3152885,2.6150513,-0.052352555
131906.6,-3.5242646,2.5446393,-0.16854207
129430.41,1.462731,0.618117,-0.020627175
133153.45,2.8326378,2.719815,0.37450716
124928.586,-1.2287852,1.3009164,0.2832255
124923.766,-1.6211797,1.7092742,0.14268719
123706.375,-2.3669157,2.1537058,-0.46654812
119989.44,-2.0125751,1.6128097,-0.44526416
128992.21,-2.043826,2.8535933,0.034043778
119595.02,-3.2689419,2.7930562,-0.16220403
117654.11,-0.7354672,1.9368029,-0.10106749
118256.8,-2.9967794,0.2511601,0.29974216
119308.63,-3.4343987,2.4479098,-0.1452398
123269.516,-1.2468415,3.1697464,-0.20525141
115039.98,0.29413998,1.235412,-0.2403331
117136.61,0.986249,1.429261,0.5085707
121703.875,-0.82184327,1.1782235,-0.17924275
130995.31,-1.7338655,2.3705108,-0.51998836
115210.29,0.48058835,2.5115595,-0.05653282
116278.07,-2.5393932,0.087622546,-1.0480225
125677.21,-2.7307315,2.9155772,-1.0653805
119020.664,-1.9350568,1.1305008,0.86931974
118257.734,-4.2787185,2.1163259,0.389392
116005.57,-2.7100995,2.38215,-0.29344702
130469.91,-3.6771295,1.7030101,0.6139528
124381.79,-1.6034008,0.7880835,-0.060693715
128449.52,1.0594937,0.18210693,1.0349253
115078.07,-1.6519656,2.8380082,-0.25641584
129378.336,-2.5982711,1.0003334,0.058681957
117325.25,-2.2358365,2.6814356,0.3956338
130186.125,-1.0141455,3.2591498,-0.2712661
122792.336,-1.3635063,1.4911133,-0.1730832
131556.6,-3.1490104,1.5638858,0.09624475
133697.58,0.25511375,2.5581977,-0.089907005
120187.26,-2.9081502,1.8259833,-0.13484217
121919.3,1.2450886,1.6381658,-1.2800952
126081.195,-3.1120138,2.7099965,0.12854198
124947.79,-3.7003427,3.2097828,0.7015638
116583.44,-2.0322795,2.9809954,0.080858104
126832.94,-2.5385153,1.5948863,-0.88478297
134808.61,-0.8252932,0.09579035,-0.15332857
124758.77,-0.6790241,2.7187178,0.11161232
126372.09,0.07847677,2.2292633,0.05374836
124095.48,-3.1559286,2.9412286,-0.16627344
115111.76,-3.4033968,1.4906538,0.5837642
118586.29,-0.6829155,2.9446461,0.7694338
121616.945,-2.133855,1.0414145,0.15095712
119186.61,-1.4862267,2.6918066,-0.11789315
121492.914,0.14972243,2.0819192,0.031304613
127864.46,-1.3797446,0.8153316,-0.673735
120553.93,-1.8732116,1.65996,-0.06443384
134310.5,-1.1190915,2.7433047,-0.41035768
118856.96,-3.2465582,1.1257735,-0.12912427
117793.14,-1.289231,2.0912118,-0.22765999
123903.95,-2.1271052,2.7383933,0.18646614
115766.484,-1.0912305,2.683627,0.052962847
128737.44,-1.7467235,2.047785,0.119448386
134466.5,-1.808747,2.2124183,0.25718498
117247.47,-4.3142996,1.338395,0.25647634
129240.98,0.28869736,1.057753,-0.13623232
132271.53,-1.1124803,1.6278753,-0.15001516
121506.7,-1.1072512,2.5068972,-0.2603631
117605.26,-1.7685512,1.902473,0.1833372
133942.28,-2.112323,0.96672,0.012401038
133408.56,-0.026886651,1.8501683,-0.39849246
117065.47,-3.7896066,1.5287671,0.6086736
116016.11,-1.1989355,2.9233754,-0.03148311
132090.1,-3.6047015,2.5659823,-0.11526395
118172.18,-2.72098,1.9917992,-0.056642182
122517.5,-1.5262324,0.94169986,-0.42752934
115154.78,-0.10798331,2.4406512,0.014529314
123916.84,-1.7149642,2.4423494,-0.032962654
131332.02,-3.1212738,2.3504052,-0.1753581
117164.11,1.1738967,1.1687877,0.08209657
134222.17,0.23285142,2.7805371,-0.014318036
124910.516,-0.6921724,1.2417119,0.202444
123720.97,-3.211974,3.0306613,0.3821859
122067.6,0.38066757,1.3169817,0.105101146
131052.016,0.11972993,2.4741917,0.21465343
124406.02,-3.0782683,2.0991583,-0.3065269
131734.44,1.2581422,1.259586,-0.64736366
130286.414,-1.0742145,1.3832324,1.049098
119313.77,-0.9242162,1.5713915,0.12317927
115474.31,0.07730373,3.1464052,0.03880513
117843.71,-2.145883,2.159759,-0.28734827
123951.29,-1.9835149,2.7762568,-0.19892827
117509.414,-1.6456187,1.5248239,-0.18719473
117280.95,-2.815685,2.9863,0.053153563
131157.34,-0.27712604,2.9680088,0.18842337
121779.21,-3.7293134,1.5274795,-0.020297294
118028.57,-2.9376478,2.2714913,1.4320661
118632.58,-2.1813014,0.034057844,0.33889922
124400.484,-2.4671836,2.7395167,-0.14315444
133856.17,-1.0989469,1.8313644,-0.46508586
129843.07,-1.310927,1.9920568,0.25635657
131762.89,-0.708967,2.0673492,-0.14654888
115882.766,-1.6754041,0.4482901,-0.21151167
121729.3,1.084702,1.7598526,-0.055147443
133981.44,-3.502615,0.8850129,-0.513178
126166.43,0.73707694,2.8164332,-0.061124317
115112.89,-3.2324605,2.7401495,0.1199514
115742.29,-0.5766198,2.710237,-0.25965953
130928.555,-2.4999864,0.4825592,0.25709915
130202.164,-1.7708205,1.0514504,-0.061590977
128319.8,0.5192285,1.3329428,-0.13407066
123059.97,-3.5182688,1.669005,0.46809947
119927.32,-1.6025378,0.78407866,0.22536454
120817.8,0.10774326,1.3932748,0.103077166
130427.65,-2.1326354,1.8180215,0.14673811
121693.32,-2.959316,2.9052067,0.27790752
120790.89,-2.7225673,2.6356533,0.14674824
129783.11,-2.619393,1.2744881,0.24683444
118125.52,-1.3387423,2.142384,-0.57769644
128195.66,-2.521557,1.9627088,0.33526728
115008.57,0.19838408,2.9910405,0.3635821
121030.27,-3.4502156,0.48813337,-0.20298962
130255.7,-4.814539,2.7287226,0.30058965
118271.23,-4.546206,3.260429,0.65153295
128548.125,-2.7188463,1.7206879,-0.090137355
118907.35,1.0519581,1.9965442,-0.34826043
133590.55,-0.911394,2.8294082,-0.41128683
119698.75,-2.2793672,2.8483748,0.044136252
119690.11,-3.0851805,0.25531334,0.11038816
129875.05,-1.52084,2.499155,-0.16112469
130355.65,-3.1781106,2.792703,-0.14217046
126390.28,-2.5008192,1.0752944,-0.5098306
116415.51,-0.7704543,1.1761199,0.32312578
119396.875,-2.0918474,1.0367495,-0.11470789
115648.38,-0.62286025,2.287527,0.2834812
126773.8,-2.738375,2.0172274,0.97931725
132355.94,-0.011475569,2.3221526,0.15257463
123120.85,-1.3801279,2.9563837,0.01175141
127529.69,-1.9256983,0.72019976,-0.05691455
115374.3,-2.5405748,2.6368074,-0.08455055
130641.08,-3.604202,2.3803287,-0.40407896
119413.13,-1.4564415,2.1179106,0.3022781
124755.664,0.39977446,2.5464892,0.36464176
130953.21,-4.015875,2.337024,-0.7062802
129447.766,-0.42978486,2.7476017,-0.37061507
115287.96,0.15174752,2.7777727,-0.22280954
132201.69,-3.2141974,2.8773172,0.0372645
120874.516,-0.7928674,0.2919963,0.22064967
128090.39,-0.5380795,2.8170598,0.2743733
134634.64,-2.3344371,2.7182353,-0.07091671
124282.55,-1.2886086,2.9326851,0.13552995
131427.39,0.013130434,2.5993378,0.35968733
117333.63,-0.95910853,1.7550601,0.27848563
127738.77,1.018037,0.5008719,0.16706192
122488.96,-2.2748418,3.0222576,-0.23930055
117450.55,-1.7417172,3.4902556,-0.09796328
118429.89,-1.8198059,3.2137542,-0.07265343
124513.7,-0.9898656,2.5173502,0.4246823
127170.35,-0.63484037,2.9008439,-0.4311601
122544.914,-2.4501119,2.910156,0.007979993
122292.88,-0.57195,0.8155994,-0.10268322
133901.22,-2.304341,1.3524814,-0.34692124
125233.94,-1.2865431,1.761712,-0.29094118
127493.74,-1.3991277,2.5510104,0.42557806
125502.24,-1.1932329,1.823282,-0.3411008
127060.49,-2.8569448,1.1940352,-0.2554623
127013.65,-2.55504,2.4267335,0.15373324
119372.62,-1.965164,1.8455985,0.1061781
120084.52,-1.9775202,3.0780954,0.09340307
119771.62,-2.4207323,1.9873295,0.13671358
129701.96,-3.2850707,2.6301925,-0.21820761
134424.28,-0.09559817,1.9833931,-0.29858178
117362.19,-0.4017076,1.0942984,-0.67561233
129751.664,2.2330587,2.9121609,0.07822085
129443.73,-0.8833412,-0.22292674,-0.8320192
118233.68,-2.177966,2.6826618,-0.7567482
132301.69,-1.5395513,0.36257443,0.1097886
126330.24,1.0551575,1.3242797,-0.17841463
122030.516,-2.3237913,3.2131772,-0.06635978
132097.98,-2.4238389,3.10546,-0.0068595335
119688.4,-3.2163398,2.3145351,-0.049886353
132616.17,-0.99713427,2.9925337,0.44239327
121407.805,-2.145134,2.4765124,0.2065599
128841.81,-2.2035134,1.08949,-0.19445656
117370.78,-3.1196024,1.0225995,0.14911552
115079.766,-2.2649777,1.8713485,0.116800405
122693.984,-2.6500185,2.3765402,0.13371517
117021.58,-1.89765,2.456753,-0.15323916
122015.32,-2.5200114,2.6218445,-0.08761721
123670.71,-3.7941427,1.2907017,-0.06345434
127630.09,-1.931391,2.918016,0.16889937
133548.42,-0.1433499,1.6968293,-0.33075413
128986.336,-2.8700602,2.2095268,-0.22595188
118521.266,-1.2792029,1.0753134,0.34167594
120183.37,-3.5971818,1.1453997,-0.020554462
133844.34,-3.9991663,1.4270779,-0.11695715
121090.055,-3.2242098,2.0549386,0.8806954
115053.59,0.095379815,0.38890028,0.19444524
117749.38,-2.767734,2.55645,0.073103696
128743.914,-3.2029593,0.050062057,0.07672969
130025.016,-1.5662127,2.6995707,-0.17932768
120983.984,0.12196098,0.4686938,0.08646457
132542.77,-1.7531676,2.294259,-0.28027478
122343.12,-1.8580296,2.4767437,1.0824203
118806.195,-1.3904942,3.4620602,-0.8420831
116026.234,-2.6832595,3.1853817,-0.53839695
126784.445,-2.0447428,2.861594,0.0035607354
119270.74,-1.6221578,2.316143,0.16369101
125655.875,-3.5629172,2.9002829,-0.3535662
116320.64,-0.91626185,0.73595184,2.881089
123692.94,1.7794002,2.6555333,-0.14394352
118063.63,-3.1748986,2.2149997,-0.384692
115911.984,-1.9940038,1.1761699,0.07109402
127333.3,-2.9527478,1.6689043,0.062903345
121292.43,-2.7060812,3.0772386,0.41402182
117806.34,-1.8068755,2.7659242,0.30242828
123077.4,-3.8273795,3.0331113,-0.046510372
118872.3,-0.7846155,2.5030158,0.1511401
117306.81,-4.3218627,1.8609676,0.33831635
115828.266,-3.6304574,3.2939973,-0.10016606
119540.75,-0.43665504,2.5926123,-0.021831667
126901.64,-0.8445664,1.5725199,-0.7011427
117483.52,-1.4252791,3.0215127,-0.19367105
133753.36,-1.2627007,2.7648733,-0.24260917
117142.914,-0.014880699,3.0626588,-0.88115877
127288.72,0.1656081,1.1806009,-0.5317335
116004.484,-2.776007,1.8776933,-0.25854266
124503.17,-0.67158526,1.7642665,0.22756195
116860.64,-4.0061255,0.6985365,0.549825
117897.78,-1.4105145,0.78118515,0.26335406
129539.52,-2.875809,2.638429,-0.16596204
118036.055,-5.2113295,1.8137562,-0.48858362
130333.56,-1.5925475,2.6763294,0.111075334
124282.72,-1.7641693,2.4306326,-0.21713722
128162.52,-2.2345319,2.6663544,-0.35103148
123656.08,-0.6296416,2.1785464,-0.20105177
132004.23,-0.3876342,0.78402805,0.23964146
118332.055,-3.3572934,1.5197767,-0.16841185
120731.7,-1.8770865,-0.23752692,-0.80990237
132866.6,-2.0261016,3.4293215,-0.8677431
125201.54,-3.0643096,1.973784,0.2536198
131947.53,-1.2882153,2.7621639,-0.7573999
118476.445,0.7597953,1.0543592,0.20712192
120662.7,-0.9861361,2.5716543,-0.121763796
118421.16,-2.7287707,1.1994405,0.2569621
115932.11,-3.0116003,0.94492716,0.30484858
126649.44,-2.8268926,2.1727307,0.3332099
125273.87,0.7613148,1.703435,0.1673778
123449.23,-1.5509218,2.5312836,-0.14317648
129466.484,-2.5065887,2.9641638,0.33379993
133641.95,-1.6702577,3.1828334,0.1483008
133284.66,-0.25433022,1.7165288,0.82840395
117717.07,-1.4139385,3.264216,0.24139425
126655.2,-1.1394058,2.409505,0.32694012
122092.914,-1.9095443,2.3682952,-0.23243773
126934.93,-0.6563388,3.1024399,0.38532317
122847.71,-1.7872041,2.7711637,-0.16946615
128081.984,-0.65679824,3.1503685,0.0036090105
120450.34,-0.30605915,1.5429037,0.14836755
117862.24,2.693684,2.0633333,-0.41147578
128956.79,1.0480077,2.6858394,0.30765927
118501.92,-1.9192393,2.9905283,-0.23420633
118653.77,-2.0214694,1.9869518,0.4688427
124003.01,-1.2103646,2.840838,0.003311612
129014.92,-1.5049847,2.9314184,0.23095074
118441.445,-2.867311,2.6195502,-0.12142677
124520.76,-5.1429276,3.0395477,-0.36593923
126049.05,-2.8254662,1.5522504,0.06860398
129265.06,-1.309825,1.8742414,-0.07181755
132640.11,-1.9302361,2.3208237,0.01345713
125283.15,-1.0451554,2.1057818,0.48657155
122468.18,0.6593324,2.20131,0.020349741
126085.31,-1.7272898,0.9342592,-0.9100264
119778.516,-1.4284576,2.1096601,-0.082744114
122073.625,-2.388364,1.3961744,-0.44229943
132400.02,-1.7557138,2.6797342,-0.35888302
131223.55,-2.8920832,2.5913012,-0.040982876
125509.04,-2.5188646,2.7592192,-0.38605684
118612.22,-2.7239833,1.9978434,0.33746827
117888.875,-2.5741832,2.9996452,-0.0038092628
128226.36,-2.0051162,2.319745,-0.464753
131860.56,-0.39951754,1.2387707,0.15897019
121788.875,2.0269308,1.8443881,-0.39736125
122007.1,-1.1532055,3.0619414,0.4055749
123591.14,1.5040913,0.5629099,0.9652978
128983.46,-3.0853453,1.9023923,0.26320505
119476.37,-2.8105035,2.3022802,0.298608
131696.66,-1.6459066,2.6199238,-0.007854239
125698.6,-0.93616533,3.3241255,0.06684164
129605.14,-0.066746004,0.892627,0.17928328
133718.6,-3.4065895,2.9153397,-0.17653011
130668.11,-0.08903175,2.4891803,-0.49494877
130448.164,-0.35170415,2.2865782,-1.8578352
124435.62,-2.980967,2.860936,-0.68354917
128057.79,-2.7002113,2.5857728,-0.29488695
118044.42,-1.0797659,2.4796743,0.0861034
115546.74,-1.2474705,1.0401541,0.24543029
131007.984,-0.061631244,2.4371583,0.09498721
131462.28,-1.370414,0.86946833,-0.3064217
116234.75,-3.4038043,0.8092491,-0.022902362
115578.84,-5.3915586,0.087355085,0.57971925
127198.36,-3.557533,1.3612014,-0.21549585
118908.14,-2.379037,2.99775,0.14274141
128922.91,-1.8757031,3.100369,0.80501676
118921.08,-3.7544425,2.8077812,0.5077262
126776.79,-1.1928654,2.9722326,-0.25589913
129455.59,-2.9254315,2.2202191,-0.07009127
124734.53,-0.34641132,0.8956957,0.32751644
120014.5,0.19948478,2.6150103,-0.1430853
120102.31,-0.7022349,1.9759527,-0.12759703
126126.59,-0.023968855,1.8559375,0.14040156
117753.625,-2.1896574,1.2794632,0.09430898
115014.11,-0.76654494,1.8780206,0.36246404
121396.266,-1.89706,1.102337,-0.727416
118609.984,-1.2364298,1.7728682,-0.23076509
119578.266,-0.8580323,2.9181979,0.44488153
115127.45,-3.0213444,2.2614777,0.17816758
116163.75,0.19035944,2.8473787,-0.21894097
128262.1,-1.3524537,1.5474799,0.37276152
121074.58,-1.3250655,2.2032719,-0.47408172
133960.33,-2.3736873,2.4643035,-0.46374786
133153.52,-0.31174803,1.4374845,0.36618954
124789.6,-2.301673,2.900791,-0.14365834
131913.14,1.0841434,1.5467564,0.16029209
120734.625,-2.4632473,1.9684892,0.3234643
129463.01,-3.2053874,1.2754477,0.4931787
120604.46,-0.051802274,2.4967277,-0.22026019
115704.29,-0.09852699,0.7411695,-0.0026250328
122455.016,-3.2202423,2.4975128,-0.5297286
128654.586,-3.7085176,3.1456854,-0.12947202
121533.27,-2.597822,2.680253,-0.9129715
116455.22,-2.9506316,1.8030485,0.27685142
128986.266,-0.7986648,0.73104924,-0.30546364
133831.16,-0.22066224,2.5295167,-0.44946855
125980.766,-1.1932515,0.4651756,0.34126648
126370.41,-3.1815112,1.3701916,-0.28716084
132062.53,1.1346476,2.9677,-0.18860008
132345.95,-3.2180326,0.46656215,-0.14875285
128982.2,-0.8323638,2.045191,-0.44643676
125875.586,-3.1428642,2.2165296,-0.60420454
130449.13,-3.5301175,1.9419234,-0.28016898
116711.695,-2.4165215,2.882167,0.4716879
120171.58,-2.902252,1.1175163,-0.4415303
125041.75,-1.4117016,0.6581743,-0.3607753
126047.66,-4.337394,2.591385,-0.30096126
118294.07,-3.0555673,2.1022139,-0.63273394
119654.03,-1.7448906,1.5265553,0.05584326
120214.836,-3.9128137,0.4911952,0.16872653
119602.51,-2.9544342,3.199033,-0.7350232
127872.98,0.93424666,1.5386745,-0.4339246
119439.336,-0.09987258,3.1142628,0.27716073
117576.56,2.025684,2.8922474,-0.034996167
131081.34,-0.8300153,1.6429957,0.18778685
124379.6,-3.1423979,2.9859037,0.25424674
120820.44,-2.2278147,1.2829578,-0.25693765
116942.3,-4.335295,2.5165024,-0.28477716
116751.875,-0.76486665,2.5998352,-0.20665377
115204.33,-1.6543707,2.9115493,0.09923781
118634.375,-2.5244305,2.4680476,-0.4513793
131769.72,-2.7671015,2.4870994,0.3952273
120117.48,-2.0872414,2.7136858,0.196651
118340.91,-1.6867265,3.031575,-0.03567917
122601.67,-3.624405,1.6505129,0.11902344
121852.18,-0.1719696,1.6557119,0.025941905
118623.57,-3.2865896,1.9749833,-0.005614215
130621.87,-2.114842,1.125303,-0.20689723
126628.35,-2.5743122,2.9511535,-0.10923224
130212.35,-2.3598275,2.0763526,0.3112662
127100.64,-1.6861688,2.7832453,0.105281726
131342.02,-1.5665308,3.0049891,-0.048317112
125568.73,-0.8579376,3.065018,-0.21557513
134993.81,-2.4242904,1.9655429,0.20921682
128459.92,-1.7342657,1.5662439,0.16437224
133116.55,-2.5462673,0.47885582,-1.2232999
127620.76,-3.1698656,2.2982934,-0.2836162
116319.336,-2.8407614,2.8110247,-0.5834579
119501.54,-1.5847747,0.9492083,0.038820628
120478.52,-3.5903215,2.1932378,-0.09373683
129401.03,0.6655937,1.2024417,0.19784118
119380.414,-1.2264924,2.8654947,0.30407858
134344.19,-1.8487844,2.0432458,-0.046285685
130488.43,0.59882665,3.4773903,-0.13970336
133080.19,-0.14484702,0.6097011,0.3892424
130309.016,-1.4858971,2.4780154,-0.044191085
130580.055,-3.2632737,2.7972012,-0.14248872
125721.26,-4.013583,0.06352105,-0.07070991
118159.86,-1.6378964,2.7750416,-0.87467265
122512.734,-0.55043435,1.8159096,-0.23409042
121970.15,0.23794137,0.5956339,0.37211844
121266.32,-2.5176048,0.593212,0.10077784
124606.414,-1.936172,3.3058755,0.06437842
133408.12,-0.59903055,1.9307681,-0.10880611
132541.7,-2.346428,2.4382591,-0.25316325
125154.87,-3.891918,0.7950978,-0.041076444
124673.305,-3.911225,-0.29704058,-0.062490325
115015.836,-2.6160808,3.0399883,0.21305618
125105.02,-0.020530317,0.90419775,-0.046245158
119128.2,-4.0845594,2.2143886,-0.017030679
134796.98,-1.2792825,1.7468097,-0.11932173
129360.17,-3.052096,1.8646736,-0.2504506
134193.44,-0.91029674,1.439856,0.33762977
117338.62,-1.6536292,2.3951774,0.5943168
128584.23,-1.4216446,0.09402844,0.9481536
128775.58,-2.5490563,1.2919666,-0.06363582
115118.23,-0.91702884,1.6378127,0.15850711
117633.92,0.49302483,3.081945,0.28703508
118771.85,1.6897372,2.3601208,-0.3719927
125287.23,-0.81356275,3.070587,-0.23534974
118189.086,-1.7463343,2.4568937,-0.21769118
131353.69,-3.5815072,0.7907027,0.20078716
126774.08,-2.8995209,2.189539,-0.41078472
117359.83,-0.5175571,2.0472622,-0.15361136
132126.98,-1.030522,1.4611231,0.42848408
127523.55,-0.23829025,1.7148608,0.6938386
134474.97,-0.85987896,2.555163,-0.75085354
124355.16,-1.3242363,2.474451,-0.22180946
122733.95,-1.0007336,2.0912046,-0.16059902
128889.2,-0.2544036,2.7892725,-0.30930153
115313.74,-0.60313,1.5767546,0.16800895
130172.734,-3.4916475,2.3643942,0.027094547
133746.61,-0.5604782,1.9161371,-0.013779262
127823.83,-1.6770046,3.075147,-0.05344351
125744.6,-3.9344099,1.0210874,0.08851954
118083.71,-0.8141017,2.2523162,0.12995805
116487.11,-0.72201717,0.9487888,-0.14894715
118285.586,-1.1182863,1.1309415,-0.1480636
129475.71,-3.2726698,2.9865372,-0.10035737
115678.43,-2.3303387,2.6396039,0.31905398
133643.36,-1.0005611,2.6938696,-0.13597456
129678.61,-3.4874756,2.8767757,-0.9411096
126402.875,-3.39758,2.7875485,-0.32272884
119848.88,-2.4244988,1.6325028,0.03977719
134045.62,-2.7435763,0.6624461,-0.58798057
118385.336,-2.8889368,1.9080144,0.039737854
116639.02,-0.48637503,3.1234603,0.06673376
126247.85,-0.77826744,2.0321708,0.0044237273
117535.24,-0.39923272,2.6678138,-0.13013536
125233.49,-1.8316379,0.34758013,0.5564179
123492.78,-3.8907895,2.899056,-0.44541168
116245.02,-4.558409,3.0808918,-0.46984273
131343.56,-2.8745873,2.4575486,-0.0722848
120103.125,0.034822427,1.4622276,-0.19406082
116712.15,1.2306993,1.5282456,-0.05963971
126240.49,-3.059716,2.8492153,0.88504195
115442.58,-2.2874177,3.0125866,0.27273673
133635.6,-1.3022897,0.286985,0.16213846
116736.58,-2.2451456,3.0400412,0.6405381
116708.39,1.3781886,2.0156925,0.29774618
121758.38,-1.3863813,2.0536149,-0.26518792
130436.05,-0.18069716,1.6420486,-0.515854
131545.9,-3.1035972,3.2070649,-0.40039307
125248.6,0.7132655,2.0914135,0.35917476
121792.88,-3.0159297,2.864381,0.10351045
115878.914,-0.19351006,2.9506445,-0.05545229
115709.05,-1.6659544,2.6398287,0.045220952
132258.36,-2.7977653,3.140823,-0.029887052
132848.45,-1.0788625,2.6918528,-0.61602896
125316.914,-3.9421859,2.744407,0.19378965
119402.016,-0.34370396,2.880741,-0.114198916
126238.93,-2.6089377,2.7589703,1.1575549
131852.05,-3.3697739,1.3237926,-0.19404055
125274.02,-3.2025313,1.6570835,0.8412439
128389.414,-1.7645079,2.9381711,0.15865134
118387.34,-2.564097,1.7895387,-0.114058256
131793.4,-4.071234,2.52593,-0.2927697
124494.234,-2.7566032,2.8483407,-0.8306204
130278.88,0.054476924,1.6832296,-0.18110849
132284.45,-0.22753724,0.54974616,-0.1508111
118406.93,-1.659216,2.3049386,-0.21206416
122300.336,-3.6147492,1.0420196,-0.27778563
116165.55,-2.988995,1.3519504,-0.3893911
134171.5,-2.9267368,1.3434124,0.35895306
116133.5,-3.0576544,1.6769058,-0.3553205
116660.97,-1.8785396,2.9933312,0.14197735
119371.11,-3.0067306,2.8368165,-0.1326552
121470.79,-2.6462011,2.8527274,0.04702203
134521.84,-1.6683445,-0.26224568,-0.2511789
116187.805,-2.9249983,2.13144,-1.0286183
122849.99,-2.2043304,2.400756,-0.031564165
128778.086,-2.0386562,3.2025144,-0.10176748
122296.555,-0.7299306,2.9255698,-0.00084690016
131027.16,-0.99872303,2.4243143,0.21718638
133031.98,-3.6261082,2.741084,0.19281818
130683.29,-1.0269415,0.2350794,-0.19436865
119452.75,1.4139296,1.1701745,-0.582043
124972.09,-1.1649514,1.899931,-0.44055882
119268.484,0.00051488524,2.6644993,0.084506154
115425.055,-5.7526307,1.5726056,0.8397247
117214.97,-1.7156757,2.845468,0.038754474
121131.2,-0.85195076,2.406603,0.1534424
120273.36,-2.3813403,0.30436203,-0.28388438
115375.75,-2.2213748,0.36187556,0.17541769
124074.1,-3.0356221,2.9929576,-0.2697225
128541.055,-0.21068415,2.4600286,0.037719835
133573.97,-1.5530016,2.4327197,0.24843885
133480.92,-3.8375826,0.9481588,-0.42268512
127975.336,-2.3991392,1.4681945,0.24289437
134537.61,-2.6458118,1.9889721,-0.2763803
128562.375,-0.67138416,1.7509385,-0.27897254
131296.7,-0.35521775,1.198899,0.1996798
119573.84,-2.955614,1.8458074,0.108461924
122926.26,-1.8343418,1.2618338,0.3546518
120178.77,1.135873,2.3175044,-0.001652081
118112.266,-3.020851,1.9633675,0.25807837
125080.42,-1.7642179,2.8030107,-0.14738953
126532.78,-1.6778405,2.845646,-0.07056657
122943.71,-3.931802,2.697092,0.5365053
121124.805,-0.35209125,2.888251,0.6231043
124192.5,-3.242902,2.1968858,-0.21399814
126278.04,-0.9200072,1.3283548,-0.16189381
117813.695,-0.022206534,2.1925392,0.22118904
133306.9,-2.131778,1.5348532,-0.44582677
126735.95,-3.8966744,1.6837155,0.05460718
116365.586,-1.5031476,3.2734735,0.004483326
132528.53,-0.4375126,3.1195781,0.3877679
131628.81,-3.3663867,0.78318834,-0.650869
125979.06,-3.0349498,1.4158092,0.6914737
120743.91,-2.5921452,1.6215255,-0.2187285
134190.95,-0.48935002,1.529788,-0.04051562
130121.87,1.2935408,1.6604996,0.1703649
121880.84,-1.1969191,2.80347,-0.011646218
119029.96,-0.19605003,1.0912293,-0.25998464
131749.84,-3.2220387,1.1378392,-0.079833
133027.83,-3.8381777,1.9353852,0.100189
124816.266,-0.8566994,3.243022,-0.12381549
122725.984,-0.05297532,2.2773666,-1.5411422
117821.84,1.5173854,2.2395918,0.2098885
124351.75,1.1822512,1.8149554,0.14121509
120682.64,-0.46136883,2.630982,0.2512072
133471.97,-3.2789633,0.342091,-0.5823446
131242.62,-2.1298697,2.9395473,-0.22405575
117952.734,-0.5677872,2.3094385,0.029024955
127012.26,0.33641532,1.493456,0.0025201389
128742.06,-1.4557885,2.6921985,0.837789
126965.16,-2.432818,2.2141197,0.42920583
134559.1,0.58728844,1.892468,-0.47877094
125750.12,-0.4645129,2.0479014,0.42909676
132767.1,-1.0713226,2.10566,0.5422697
128809.14,0.12843579,3.0999253,-0.9352629
115532.19,-0.058320135,1.6025199,-0.118383944
131252.97,2.8581443,2.4093568,-0.6237405
115252.13,-0.94820124,2.9646726,-0.14131342
116484.664,-0.23852101,1.64642,-0.5929794
121333.41,-1.3761584,1.7225106,0.67126316
122027.2,-2.5390673,2.298644,-0.015833933
129189.52,-1.306,3.1505382,-0.004957435
124863.9,-2.261096,0.9492007,0.16793625
121837.06,-2.971086,2.1533992,-0.1375885
130583.81,-3.2631075,-0.43883127,0.16680625
115299.48,-2.2356381,2.404455,-0.08665767
131183.64,0.8711648,2.5143437,0.012494012
131613.05,-2.9814258,0.52449435,-0.24589397
127767.766,0.3462095,2.1973886,-0.56058174
115467.15,-2.162719,0.88474774,0.23452847
122569.26,-3.499504,1.1127216,-0.4348755
124603.45,1.3402876,2.4725988,-0.1218678
117409.87,-1.2152066,2.9253707,0.13903555
126834.65,-3.492608,2.8502526,0.18237646
116000.26,-1.9258801,1.1782519,0.33253467
124203.016,-4.912389,1.628327,0.21682164
122962.96,1.5719101,2.4720175,0.019812755
115893.94,2.1210291,1.6779581,-0.64509207
129584.72,-3.2893374,0.6628336,0.014256352
119872.8,-1.6687034,1.9009029,-0.0045164037
128625.336,-3.5814385,1.4012786,-0.18974467
117688.836,-1.0002894,2.9000556,-0.41881657
130611.945,0.18189156,1.0498797,-1.0928105
119669.74,-0.89574945,1.5832628,0.11998537
119830.24,-0.9299695,2.9875867,-0.22350654
117076.305,1.3452015,1.0967073,0.0662975
128553.96,0.47472727,2.1019263,1.0515738
118250.36,0.29706293,1.8047149,-0.29125556
117212.31,-2.5792408,2.622229,-0.4575585
120020.58,-2.1321356,2.5890307,-0.051175177
122041.86,-0.96081954,1.4048811,-0.43345523
118108.65,-1.9908221,1.4515507,-0.37097058
116188.695,3.7932,1.747235,-0.40863946
133003.98,-0.80803055,1.786679,-0.21393347
130480.22,-3.7402985,1.7776381,-0.09309405
116439.914,-2.327036,0.6154084,0.049372014
129921.32,-1.6896611,2.7783413,-0.79515105
134345.27,-0.32173127,1.8888394,0.032377392
115612.45,-2.5550141,3.1194737,0.014666988
132398.4,1.9231197,2.430092,0.09121222
124657.9,-2.8896606,2.8054006,-0.34357834
129700.8,-3.175722,2.6602077,-0.21946009
130391.46,-3.252821,1.1956023,0.042176045
127200.79,0.80550057,0.7087685,-0.16244867
125596.08,-3.3917062,2.7904167,-0.18573754
118264.35,-1.8397251,1.6288005,0.095600486
126731.56,-0.79275,2.1382818,-0.15756485
131066.9,-0.5673174,3.1264274,0.1999921
116203.46,-1.0544608,2.7765477,0.24918324
118456.91,-1.2068189,1.4922969,0.13446492
124527.97,-2.892899,1.3926691,-0.21457058
128116.6,-0.500775,2.1315713,0.16334178
126421.086,-2.7400942,2.7717257,0.020144125
125008.62,-1.3271079,2.9820418,0.40425
125144.16,0.5170002,1.9860327,-0.051710673
115560.805,-3.3071842,0.9372186,-0.70448923
117329.69,-1.985054,1.6145899,-0.16912107
132468.08,-1.3863324,2.843767,0.10433113
123625.06,-2.3732953,1.30127,-0.00043179392
117958.03,-1.8096393,0.32940382,0.46886292
127415.44,-0.77699727,2.0598533,-0.30242708
121287.6,-3.2145817,1.97024,0.24556021
132906.94,1.2215677,2.346039,-0.1716141
131294.27,-0.54479784,1.8103207,-0.725873
118474.75,0.34689695,2.5789304,0.101430446
117409.375,-0.8261724,2.0076807,0.1466523
124040.0,-0.69541156,2.9592452,-0.9849091
127333.91,-0.95428485,1.0210717,0.03814239
117582.87,0.3866354,2.4336112,0.5110041
120277.15,-2.655581,1.8986253,-0.43567738
134233.78,-4.3858337,2.7336307,0.33225158
129962.76,-2.27092,0.46513557,0.2391885
117243.18,-2.235336,3.089023,0.32198685
121153.31,-1.6821827,2.94644,0.12646139
129604.875,-2.868089,1.9138057,0.040829707
121720.555,-2.5346975,2.8773258,0.061657727
115965.25,-1.3588196,2.782349,0.2562332
115821.28,-1.253212,1.0489452,-0.88059884
116667.59,-3.182233,1.837549,-1.1600991
122964.195,0.24676916,0.6103407,0.2663346
116577.47,-1.2559656,2.8353355,-0.01305156
121210.76,-0.62732446,2.4343646,-0.015005509
121932.016,-0.3746997,1.7689283,-0.24632844
134258.8,-1.5093063,2.5732605,-0.5796921
132612.6,-4.4395638,2.5284717,-0.20350277
118852.63,-1.499001,-0.66302735,0.06837452
125038.25,-0.93934107,2.1915839,-0.3050873
127019.37,-2.6390524,1.7707447,0.54398733
117382.05,-2.8021376,3.2486272,-0.042747002
131667.53,-0.7426477,1.422093,0.41168317
122827.45,-3.1042337,1.9222249,0.027182754
127174.74,-0.38345826,2.6503813,-0.69579047
115978.74,-0.8714668,0.04732432,-0.31806824
125470.39,1.2343273,2.5051754,0.5719243
123404.57,-2.4966938,2.3150651,-0.3798073
131983.67,-4.2944093,3.136262,-0.1748065
131380.02,-1.6171969,1.1181558,0.3613388
128576.48,-3.208379,2.7953207,-0.20584531
118147.46,-1.8533753,1.4887692,-0.09712651
121193.96,0.7412766,2.3455024,0.33699325
119095.46,-1.0900847,2.8107662,0.66044116
124252.875,-3.8985972,2.8485632,-0.16912793
134309.3,-4.108262,1.6993462,-0.50991374
129132.15,-2.603,2.578909,-0.2261721
120055.65,-1.6267346,2.861686,-0.25585234
117020.74,2.3870227,0.79470587,0.238639
127432.07,0.19998589,1.7746187,0.05403205
127403.516,-0.92164904,1.4315462,-0.18855686
118898.484,-2.1314251,2.5867722,0.13889907
121696.164,-3.77556,1.5697483,-0.12270337
117000.04,0.8533956,0.99848765,0.10978502
119017.63,-1.4744146,1.2630415,-0.14811186
123357.78,-2.077176,1.1573869,-0.15868084
126638.73,-0.43042922,0.8184401,-0.00942318
115164.57,-3.173947,2.866102,0.17497368
115928.63,-1.1032007,1.279084,-0.87801075
123341.82,-1.8734769,2.7951334,-0.31957936
130361.0,-1.7626264,2.9290547,0.38966554
133012.56,-2.5942118,2.9329884,0.2078687
129025.664,-1.7221174,3.178217,-0.7123816
123987.47,-1.2390352,2.7301762,-0.4007423
119319.64,-2.357358,2.8231337,-0.38292462
118712.4,-1.6741116,2.8585448,0.34860966
118039.71,-2.1425025,1.7035197,-0.084619686
118669.53,2.4785028,1.7517695,-0.78671986
124336.26,-3.733229,1.5699092,0.360539
129441.19,-2.5068958,2.835442,-0.5974976
115480.91,-2.8922904,2.6458633,-0.66831446
126762.62,-3.3552642,2.6285603,0.08398049
115246.984,-1.4039601,2.2782671,0.096577905
115774.125,-0.1452455,1.3520956,0.38231403
117498.61,-3.7652817,3.5809014,0.5677208
128460.945,-2.2240295,1.2097949,-0.04804683
132592.19,0.32567576,0.9106603,0.050872713
129352.25,-0.0659518,2.039077,0.08701407
126517.69,-2.7984467,3.3307161,0.05294139
120939.516,-4.1078997,0.18853539,0.08818877
120671.47,-3.8645597,2.7873385,-0.37722787
123837.48,-3.3673315,2.2809317,-0.09619051
128018.305,-0.5125398,2.7848408,0.40808997
125066.63,-2.481144,-0.31260258,0.28204903
120482.516,-2.2030737,1.3668754,0.0750043
123495.19,-1.4973768,1.3973364,-0.2704198
125817.53,-1.9574176,2.182718,-1.2763417
132567.25,-3.8408365,2.603378,0.45160905
130269.33,-2.138134,2.2876673,-0.7016395
116229.98,-4.1215167,2.6425116,0.20886339
131973.81,-1.6806946,1.7075337,-0.24153312
118008.18,0.1624103,1.8361865,-0.39357316
119016.67,3.4465008,2.694485,0.15348114
115115.17,-1.049759,2.9408264,-0.05831453
133582.56,-3.0814495,0.94636947,-0.030540554
123327.88,-4.601813,2.6455433,-0.06112104
133261.34,-0.89938873,2.859179,-0.33338216
115887.32,-2.9875405,2.4820266,-0.35195348
115740.73,0.4911981,1.0169733,-0.18919308
117527.05,2.3605158,2.8373556,0.19552517
116725.41,-2.056821,3.1443086,0.38683698
128083.414,-1.2158017,2.7204547,0.07489523
129961.91,-2.2766023,1.8539678,-0.37755775
115392.8,-1.2753717,2.7695804,0.15777524
116513.28,0.5434595,1.217179,-0.016866187
115975.36,-3.126945,1.507625,0.24629983
117790.83,-3.524547,1.1332468,-0.5314814
126856.67,-1.4438511,3.0209224,-0.26854184
125497.195,-3.7292902,2.3956497,-0.26804212
133777.23,-3.9706929,2.1939256,0.5363545
116854.86,2.0048347,0.9834087,-0.8072675
117049.51,-2.7892134,1.7631994,-0.20216121
115536.875,-2.2894938,0.11093471,-0.6274529
120284.766,-1.5453151,2.3173718,-0.4450359
126270.09,-2.5140963,2.7643814,-0.67494667
118243.53,-2.485736,2.2804477,0.16634913
118169.39,-3.6128342,2.4185958,0.26373312
118445.875,-2.111879,2.1108613,-0.049005184
133916.27,0.96442616,1.9570737,-0.44929126
126363.72,-3.6378255,2.4140692,-0.4762562
130042.984,-0.40915054,2.3221543,-0.02562305
122709.64,-2.8293183,1.3751528,0.27666667
120818.49,-1.117054,2.7871332,0.16162294
121554.98,1.069418,1.2885226,0.12979713
116958.16,-0.87507105,1.3450876,-0.10545188
115051.375,-1.9181824,2.9962118,0.06765933
118477.98,-0.14300825,2.5764766,-0.59614944
117928.88,-2.3685281,1.2079778,-0.76838666
129547.31,-0.75253695,2.897235,-0.13515358
127329.48,-4.4415507,1.8503904,0.99842405
128182.82,-3.5166726,0.5618908,0.17790237
134144.36,-0.34329033,1.6112467,0.7786144
131387.31,0.06604066,2.9645605,0.76999104
125987.07,-1.5883689,3.0389378,-0.43363583
124998.24,-2.4133317,1.102493,0.34376904
117695.67,-1.2396297,2.276739,0.27110788
127411.766,-2.1126657,2.9174404,-0.8314763
117194.2,-3.92467,2.2976005,-0.056272075
130552.29,-1.2221419,1.2550534,-0.21826243
121374.016,1.5869985,1.7100364,0.59910977
118272.984,-2.9340715,-1.1822256,0.14593174
125658.52,-2.260264,2.8348017,0.30923805
124029.61,-2.2933109,2.9863732,0.19437014
120916.49,-2.460479,-0.112030335,-0.21400619
115485.99,-0.78452456,0.643551,-0.23248065
129492.77,-0.56158304,1.4491907,-0.6924958
117108.164,-1.9709551,2.6612747,-0.1826369
130721.42,-3.3495884,2.621926,0.3515646
115753.72,-0.9947238,0.8516462,-0.60176307
128848.3,-0.8206289,2.8133335,0.052701805
124975.234,-1.6706558,2.13428,-0.23981221
121916.12,-1.1445733,2.6959128,-0.8142054
119197.45,-2.9129963,2.616097,-0.11786186
127167.414,-2.0430932,0.6866064,-0.40461564
121163.47,-1.1484472,1.9697024,-0.41007012
119416.53,-2.4883993,2.7805598,-0.5923792
116499.6,-3.406066,1.9340156,-0.26750898
128620.16,-2.676131,1.3237981,-0.16491517
115520.05,-3.6672075,1.3534534,0.4221541
133907.3,-0.8747118,1.672437,-0.14307934
121666.53,-3.2336218,2.7132537,0.7797391
129085.08,0.37724417,2.1019037,-0.0870403
129738.87,0.12485536,2.079949,0.0994905
124741.26,-3.9401772,0.7356863,0.30554292
120605.63,-1.9236122,2.8893685,-0.13385165
132509.28,-3.514577,1.5105809,0.51599073
124183.14,-2.8194926,2.4479797,0.75642157
125640.336,-2.5341294,0.8241891,-0.068131655
120176.85,-3.9445965,2.7261195,0.43553525
127777.93,-1.1883988,3.0549068,0.27243218
117033.48,-2.9250464,2.6681468,0.1746447
123140.18,-4.4475336,2.6063275,0.45712197
117279.66,-3.3658845,2.4404163,0.4094202
130964.56,-2.1472263,1.0559039,0.12421272
131732.52,-0.18691367,-0.24713257,-0.26800397
126707.38,-2.78471,1.2408816,-0.83732617
122100.42,-0.97889876,2.485678,0.2299602
118273.32,-2.4530644,1.6681242,0.36811578
127588.76,-1.2862301,1.5434843,0.55389804
122204.83,1.2510612,0.8084413,0.27749807
124630.54,-1.1601787,2.0942988,0.06364654
118848.766,-3.1121364,3.113189,-1.2752538
124123.305,-2.575835,0.864743,0.57562363
115669.6,-3.6592174,1.0089555,-0.21389265
121513.234,-1.3887298,3.0547059,-0.10668588
124424.76,-2.7952886,2.3552058,-0.26910296
130815.72,-1.3946474,2.8133428,0.07471823
130206.984,-3.5217218,0.28003186,0.1610341
118215.14,-3.735176,3.0178466,0.30739227
133536.78,-1.6084467,2.881588,-0.0012858459
125064.55,0.46950608,2.1137497,0.31146646
115164.945,-3.3324764,2.5999458,0.23732604
132004.25,-1.305905,1.6527364,-0.17338596
120998.71,-2.2120306,3.0397239,-0.2588013
125550.59,1.5473596,0.54097074,-0.15898539
126615.805,-1.558072,2.9097116,-0.3069435
131764.72,0.62774426,0.81768847,-0.13721034
129064.766,-0.54387754,2.8082843,0.10162713
117168.43,-2.1895192,2.5958972,-0.28335068
116290.78,-3.2793972,1.0384984,-1.1840466
116017.945,-0.7085499,2.728735,0.013852866
126259.9,-0.851398,2.5987847,0.15055601
134189.16,-1.1393001,0.3271581,0.005993562
117902.6,-2.519351,2.7812154,-0.1622955
131032.13,-2.3597596,1.4379082,-0.15851903
118007.64,-2.5746572,2.225277,0.20369796
134093.92,1.1605943,2.1915052,0.22435494
134014.95,-1.1220871,2.407722,-1.397185
122877.0,-1.5650358,2.6008344,0.19990687
124784.53,-1.3234462,3.0606575,0.69077164
124606.43,-3.3997107,2.9909558,0.20628694
123099.43,-1.3858888,2.4692154,0.1682116
122658.28,0.7297976,3.0284047,0.17644995
121693.24,-1.0267782,2.7316697,-0.2815219
116300.484,-2.4715686,1.6671811,-0.21080573
125639.8,1.1057748,1.8934665,-0.49409473
126042.195,-2.4447951,1.8154037,0.007798812
119996.22,-2.748311,2.6481996,0.11871651
125721.35,-1.8430212,3.1517441,0.19688283
121648.22,-2.0635026,1.6755115,-0.6051352
121589.53,-1.2344702,2.8247385,-0.25854117
132918.92,-1.4842157,1.844464,0.5268324
124988.125,-1.1325198,1.8455404,0.14494777
117590.04,-1.4265741,2.813673,0.29587775
122936.47,-4.1552486,2.3674917,-0.1806609
122839.734,-0.24842024,3.3221068,-1.1369468
116823.05,-4.1125593,-1.2748705,-0.10344191
127625.22,-1.8578347,2.5606394,0.45383328
115817.625,-1.338912,2.0831766,-0.051890068
124338.78,-1.6430277,2.7626028,0.60615134
132279.78,0.28486377,3.0081112,0.09510343
126875.266,-2.4901175,2.5529447,-0.5146584
134110.03,-0.57044977,2.6303513,0.04053648
119199.22,-3.2370489,2.9663513,-0.5954164
119969.74,-0.61981606,3.0854456,-0.030669587
126059.6,-1.499395,0.9986937,-0.26363
117789.65,-0.58952534,0.76123697,0.35384542
122566.5,-2.3588119,2.794908,-0.29566887
125354.91,-2.2398589,2.993111,0.81572485
134259.97,-1.6081219,2.730859,-0.18631297
118798.79,-2.795799,2.7589867,-0.26529074
117919.625,-1.5694088,0.7241924,0.18636362
118433.66,-0.10938573,-0.121091895,1.5369053
131245.6,-2.3146129,0.2694937,0.30815098
117056.805,-3.5908327,0.28234026,-0.33828774
134354.98,-1.137431,1.973343,0.22263908
115843.76,1.4912368,2.2322829,-0.61656654
128708.66,-1.6757302,1.5828745,-0.18255973
119431.336,-2.4312747,0.7669353,-0.14350934
124844.3,-3.643405,2.7787745,-0.114008196
128843.08,-1.2777526,3.0502403,0.19984907
122891.89,-1.1208762,0.27281055,-0.095594525
118665.195,-1.6993936,0.26855543,-0.26000282
127791.945,-0.38508248,1.8893392,0.83306575
130088.914,-3.729117,2.3236365,-0.72130173
121985.25,-2.795438,1.294772,0.26554433
125908.39,-2.3028529,2.1921685,-0.27075893
127760.69,-3.543675,3.0440226,0.17592607
125087.96,-1.4764884,2.2602549,-0.1307832
133476.78,-2.8248956,2.9000795,-0.14109261
121139.9,-0.9618063,2.9171786,-0.07896167
116864.04,-2.6577811,2.8313296,-0.20349354
126915.03,-2.5583718,1.7594835,-0.36451006
132288.33,0.8217647,3.0860093,-0.2517442
124930.05,0.79590404,3.2030609,0.2666892
118539.375,-4.5918007,2.7557921,0.8480239
127846.27,-1.6255188,2.4991322,0.26083124
115439.45,-3.7729695,1.0702463,2.2205796
122893.805,-0.14397775,1.416923,0.001764425
120088.88,-1.4128826,0.6636604,-0.30102205
130808.89,1.1803122,0.9622337,-0.030056909
120611.8,-1.6039126,2.26252,0.0005730433
128652.82,2.948433,0.75137055,0.2789487
119527.96,-4.5201526,2.6937473,-0.17052284
119651.29,-0.4094684,2.881165,-0.3018928
118357.85,2.0442111,0.91251737,-0.14371884
115406.54,-3.9706395,-0.3392623,-0.1986988
134420.69,-1.6194817,1.1964661,-0.17372002
116194.766,-0.28750914,1.4130838,1.0247847
122736.71,-2.2425628,1.3355218,0.3599299
130083.69,-2.1085124,3.2387507,-0.078756645
132200.0,-1.1995379,1.285142,0.25712478
127152.22,-2.7603595,0.2677968,-0.09043505
132136.6,-3.0359583,0.6168784,-0.09865105
116831.22,-2.8866158,2.8458097,-0.14134203
122324.56,-1.9597079,2.05629,-0.038606964
119551.15,-0.11783742,0.47569558,-0.7202978
134502.9,-2.7244754,0.4837872,0.10152819
119401.36,0.77388763,1.2137005,0.6825577
124767.586,1.2755091,1.6001604,0.53637236
132007.33,-2.1728377,1.8311675,0.24300224
116016.14,-0.5077915,1.7724516,0.53502303
126974.41,-1.7673017,1.6772908,-0.31238607
123297.33,-2.5654707,2.233915,0.08310856
122498.62,-2.9389,3.012068,-0.4881375
124960.11,-1.3415315,0.31052375,-0.307538
134350.88,0.27980483,2.239831,0.109684296
130227.93,1.9412313,1.1821682,-0.2692189
120801.21,-3.0824184,2.7813232,0.31389213
122054.79,-3.3086686,2.2912533,-0.24150363
132021.83,-2.0865564,3.1462085,-0.37511033
134069.17,-3.1636004,2.606214,0.047777146
115493.85,-3.7283337,2.2301707,-0.04267906
133864.97,0.5297012,1.7565535,-0.11194995
116330.22,-2.4926171,2.5054517,0.006953104
131703.03,-1.7432891,3.1625738,-0.28246862
132000.1,-2.8996284,3.081707,-0.39695778
132004.83,-2.4923193,3.0367973,-0.169147
127436.97,0.9541078,1.8849324,-0.16016664
115319.54,-4.5890546,2.5066679,0.26162332
128552.21,-3.3059006,0.6922646,-0.88074607
118593.7,0.56964594,2.067212,0.9571542
124544.72,-0.81098795,2.8201659,0.09674359
116344.07,-2.565762,2.3337698,-0.47853166
121911.34,-2.6639879,1.0571451,-0.2222791
115541.73,-3.4726944,2.8822887,0.21654628
125910.38,-3.1781688,1.2760313,-0.07698388
121491.85,-2.182647,0.37891853,0.09092317
124681.19,-0.86792016,2.3555315,-0.11388334
131584.67,-1.4810076,0.9851118,-0.11135188
121747.37,-1.6887602,1.4819027,-0.036209304
121358.71,-0.57925963,2.8954065,0.107445166
128850.5,0.19212933,3.092042,-0.24609393
124680.71,-2.2089598,1.4487107,-0.43611246
117736.125,-1.4984806,3.0827615,0.5301824
120332.266,-2.4883935,0.27708757,0.3103186
133831.98,-1.9340656,0.73659015,0.60999787
118570.03,-1.5863658,1.0796763,0.9871652
116857.695,-2.2363214,2.4197817,-1.3108292
132675.4,-1.4648533,2.7318685,0.2691292
121890.51,-2.7120814,2.8693895,-0.17582387
116541.38,-0.23482934,2.7493362,-0.50423425
116623.52,2.1680598,2.5703292,0.23062712
131745.03,0.7112101,2.9701946,-1.9986987
121140.93,-0.83061767,0.391132,1.3377199
134854.6,-0.43255284,2.5312915,0.32772145
124702.65,-3.774019,2.285344,-0.012678172
126738.84,-2.5451264,2.1200693,-0.111008584
128316.43,-2.7862067,1.2832568,-0.34198704
116740.375,-2.5280056,1.802972,-0.124081
119300.805,-1.708978,3.254786,-0.6669315
124168.94,-4.440831,2.0328035,0.21147501
129129.13,0.909152,2.648781,0.013539973
118270.98,-2.8121305,2.3330758,-0.2542143
117843.96,-0.44627428,0.1172498,-0.59338826
133216.2,0.77412117,2.4427493,-0.30947673
125288.61,-2.601571,2.8746448,-0.19389603
124074.67,-1.2579087,1.643503,-0.032361
130285.195,-2.3333127,3.0313494,-0.015818736
119416.016,-2.2690158,2.9694614,1.0392809
133259.31,0.13344035,2.5197048,0.28130645
121816.69,-3.1680224,2.729065,0.15843022
134568.48,-1.3145185,1.9046545,-0.19975966
117257.13,-2.2971675,2.478403,0.27127892
128076.92,1.2384243,3.0698397,0.11487536
128595.67,-3.0710342,0.86969453,-0.062718585
121156.914,0.38516065,2.3582737,0.20040154
123511.63,-0.55220735,2.7583067,-0.15675072
128426.195,0.35633054,3.1101348,0.42498267
129128.07,-3.0969505,2.6887784,-0.23900941
116088.0,0.09124903,0.1630224,-0.84376913
115239.65,0.7931075,2.6358917,-0.5898463
115424.914,-0.82098705,1.7886847,-0.13041577
128173.46,-3.0983396,1.2957792,-0.43042254
127376.42,-2.0837848,1.646753,0.18208443
127892.56,0.07702614,1.9608388,-0.42661357
129589.99,-3.5939357,2.2699723,0.85144246
119226.625,-1.4223231,2.8210642,0.21350019
120712.59,-3.725115,1.5842724,0.08035748
117196.06,0.9547422,0.9064628,-0.27840665
132303.31,-2.9558675,1.9951876,-0.49032867
123652.35,-1.9800409,2.8466647,0.8649517
117689.65,-0.22172025,1.9001662,0.21005717
132289.77,-2.4763155,2.615015,0.786972
134861.25,-1.0299295,2.840549,0.6573915
120476.12,-4.3182364,2.4335637,0.03152155
116118.92,-3.098978,2.8132014,0.27940047
117412.28,-3.456564,2.4006298,-0.16714418
119140.945,-1.0357376,1.0585495,0.6293264
131534.11,-4.0423317,2.329317,-0.7066935
134829.4,1.350274,0.5528268,0.6617583
129009.914,-1.0869279,0.798821,0.4945262
121842.88,-0.8971467,0.43373424,-0.28702107
120921.234,-3.5189967,2.4598289,0.028534455
131576.02,-3.8327389,1.6828576,0.46866924
123507.03,-3.1452448,0.94443065,-0.101218276
131671.66,-2.0634599,2.6527605,0.05502437
118775.4,-2.4647331,1.6860664,-0.4936644
119994.21,-0.4445846,1.5097575,-0.48271433
123454.08,-1.8652405,2.9727216,0.78023076
118862.336,-2.6790683,3.1070144,-0.2680439
117293.73,0.0910689,0.63989633,-1.440983
116775.5,-3.1856792,0.584921,0.57967097
124779.586,-2.0884144,2.5565898,-0.24535252
132578.62,-1.9989536,1.4870425,-0.000535496
123202.16,1.2870206,3.160784,-0.51395667
127159.12,-0.26330748,2.4639735,-0.8506218
120014.0,-2.5568209,2.8927615,0.18707465
131629.66,0.6923753,2.2304342,-0.13000603
119264.664,-2.8150675,1.2222983,-0.14536794
129931.0,-4.1337185,0.7198472,-0.08521777
125682.74,-2.5601203,2.8443217,0.16383465
130683.12,-1.6492621,2.7161174,-1.213141
118917.81,-1.842064,0.7258162,-0.28672397
132463.67,0.6129287,-0.37974748,-0.17515457
124586.625,-2.1415203,1.066256,-0.5146718
130964.07,-2.8274453,0.3215719,-0.5420614
124823.484,-2.761413,2.2948296,0.015466209
120412.984,-3.179685,1.0740957,0.19083592
118721.52,-2.910205,1.5063425,-0.07199545
126768.03,-4.356349,3.0346656,0.123746656
125773.23,-1.9832369,2.8801258,-0.27099523
126139.484,-1.8541341,1.7886635,0.027480748
119918.45,-0.112690985,2.043943,-0.07710934
120833.14,-1.5826339,1.9519365,-0.2616546
126855.195,-0.3760842,2.8789012,-0.10574183
117286.53,-1.2564143,0.92935556,-0.3164063
124207.664,-2.2707658,1.7360088,-0.2267666
117983.34,-1.6915687,0.9520824,-0.4092715
115082.375,-0.8295927,2.3433838,-0.017166266
121602.375,-1.9184816,2.3902612,-0.14412738
121612.82,-1.4770769,1.730562,0.46570718
117796.36,-4.680688,0.8780514,-0.38762757
118923.375,-1.2521833,0.8596002,-0.4846596
121101.36,-2.4108524,2.3336945,0.18237884
124073.695,-3.3886404,2.3323162,0.1388639
123234.49,-3.5912566,2.6692705,-0.22093336
122349.6,-1.9373319,1.115889,-0.53178626
115271.3,-2.735101,1.4850928,-0.18602718
129674.95,-1.8485619,2.762375,-0.50114435
121728.03,-1.4128578,2.1179993,0.26391608
116942.695,-0.5454718,2.4879642,-0.415738
118918.04,-4.344957,2.612013,-0.4697325
127646.836,1.7301428,3.1465168,0.0925079
118441.016,0.33498123,2.7640502,-0.20431302
123699.74,-4.6717887,2.6064432,0.018572502
130795.89,-1.8928958,2.9665678,-0.38639924
132580.83,-2.4130588,2.913388,-0.0640101
122200.67,-4.0182505,1.4326282,0.40089935
126203.305,-2.9169536,2.3320944,0.015402438
129774.92,-2.9500415,1.6129744,-0.20792441
122408.28,-1.6357218,1.182082,-0.00011681381
117326.02,-2.3770392,2.323426,-0.19654043
118371.555,-1.7408239,1.5045264,-0.06118243
119629.13,-3.1847687,1.0650597,-0.19317041
118965.64,1.4740798,0.14350094,1.0151023
123986.734,-0.28346172,2.2241209,-0.15404166
132021.64,0.97516197,2.843575,-0.12899195
131764.84,-0.6561735,2.3459044,0.15697661
124037.65,-2.288447,1.3602486,-0.6324065
116965.47,-3.346349,2.131809,-0.20964146
129263.88,-3.117576,3.0931005,0.0042908215
119771.96,-2.4407206,2.0414915,0.033236213
128330.695,-2.7390397,0.5515107,0.06709017
133337.75,-2.3413033,2.2187638,1.4771986
128401.625,-2.570734,2.323117,-0.03538803
132839.77,-1.9884974,1.0477602,0.13807362
126244.68,-0.9120174,1.6025469,-0.1772012
120151.81,-0.3116602,1.1485324,-0.11113672
124945.69,-1.0673591,3.1564045,0.058066897
120936.48,0.19829074,2.7633376,0.19972213
117558.3,-0.6285726,2.0401332,0.16689803
116425.54,-1.4100024,2.4346607,-0.20898767
129584.51,-1.4087849,2.2201786,0.513872
118342.78,-3.7234497,2.7887251,0.19625048
125591.23,-0.9370291,1.4571049,-0.256409
126212.67,-1.5649463,2.3279192,0.6612231
131249.58,-1.172354,2.9642155,-0.04715911
130103.695,-3.3798158,2.3302019,-0.31493452
123776.34,-3.1634073,1.5196375,0.23864973
120020.19,-2.500236,1.5900369,0.056520306
130398.48,-3.3440952,1.270386,0.6937432
122707.57,0.9395319,2.5530968,-0.42697325
120994.734,-2.7444692,2.8573072,0.39883485
129420.01,-1.3563244,0.48721537,-0.34316084
120002.23,0.05426236,2.4643755,0.34527272
119151.516,-3.6692522,2.3355796,0.16126475
115266.336,0.7016777,1.6676463,-0.19192718
123629.81,-3.3419797,0.51315045,0.75853735
124427.555,-1.9182953,1.7678553,-0.026451772
124885.62,0.27418724,2.571412,-0.42930657
129065.31,-1.862728,2.8112752,1.5495033
123578.71,-2.0418699,2.3478293,0.008891855
115035.3,-4.4821477,2.4719143,-0.033062182
115849.81,-1.8829607,2.417788,-0.12175814
119553.49,-3.320478,1.8758976,0.31423065
133700.36,-1.9626356,0.5489163,-0.52323085
115690.414,-1.1279472,1.6466553,-0.43657583
126870.89,-2.6095002,2.2871838,-0.08951246
123466.31,-2.7469985,2.0657518,0.32497692
131786.69,-4.558077,2.2987566,0.077885315
120917.0,0.018951565,1.1124794,-0.2488924
127783.49,-2.5966842,0.9941105,-0.23771551
134876.7,-2.8507967,0.38963306,0.4266538
120642.31,-1.729694,1.2295523,-0.06483286
130467.92,-2.1180456,2.8853433,-0.019141672
118837.63,-2.1166465,2.0631537,-0.13581453
125531.21,-2.269563,3.2960093,-0.17949307
127755.49,-3.3334374,2.515219,-0.12607518
133201.05,-0.6296209,1.6628569,-0.1007978
120442.36,-1.1866864,1.8201222,0.2564245
117027.125,-1.4465299,2.3131733,0.09531322
116494.19,-0.6493264,2.9214454,-0.1539618
117714.76,-2.7641685,2.460673,0.48716515
133397.3,-3.3714705,3.0008297,-0.33384523
132820.67,-1.9178661,2.843923,-0.12519968
130817.61,-3.4300978,2.323855,0.056927364
125638.13,-3.34365,2.9466445,-0.4227331
119991.6,-1.3114733,2.7528555,-0.0818543
132018.62,-2.8844488,2.6738403,0.030551283
116706.34,-1.929919,2.3736048,1.2425131
133681.66,-1.4904009,2.2059474,-0.22476795
122756.85,-2.076623,3.082949,0.25806347
125161.69,-2.9838896,3.1055257,0.12777017
127471.65,-1.144637,1.2856357,0.022151416
128474.76,-4.217105,2.516653,0.123427205
134712.92,1.495156,2.4043531,-0.9310284
120956.87,-2.69092,1.4570416,0.18782023
121615.43,0.3745647,2.1281595,0.26641804
118865.3,-1.7608203,3.0760088,-0.36485484
128418.17,-1.8148336,2.7696347,-0.31870532
117914.17,-2.3641913,2.4148092,0.2465293
115970.14,-4.048904,1.7006534,0.24964036
129765.31,-1.1084015,2.0559442,0.16142328
127947.24,-4.356495,2.9770603,-0.13850603
127394.86,-4.8873982,1.2566656,-0.788082
134121.17,0.644514,2.22722,0.3207007
129510.77,0.4330426,1.3971556,-0.08002849
118401.71,-0.27424198,0.89368236,-0.35637242
122046.766,-0.53674287,2.654419,-0.006459029
127280.83,-1.7873133,1.9035021,0.20836933
129628.805,-3.1956198,2.9523904,0.19541074
120044.055,-1.5385212,1.4242709,-0.0040691136
121083.55,-1.157641,0.25049642,0.3387997
122429.195,-2.7506275,1.2577908,-0.36711094
121146.61,-4.3977222,2.0871632,-0.5539359
115073.21,1.7220368,1.4824598,0.09695755
116572.64,-1.0273213,2.5553904,1.2825284
130240.09,-2.0925958,3.0433297,0.8116668
134999.28,-2.263759,0.032950982,-0.21812983
119169.72,-1.5952111,2.9683814,0.56869286
118869.82,-1.417263,-0.21972369,-0.53732896
133840.73,-2.1445804,1.8534732,-0.24443053
128812.195,-3.488036,2.4494114,0.32680124
129014.75,-2.1918337,2.0770648,-0.023618441
119936.12,-0.80016845,2.087699,-0.10269663
120186.32,-3.4118223,1.9635713,-0.063924275
130371.36,-1.4001762,3.101744,-0.65497476
133958.67,-3.3193634,0.98341775,0.50828284
128156.13,-1.2081704,1.8987702,-0.21317656
130587.93,-1.1670984,2.5371387,0.6256765
124795.05,-0.48651797,3.3011227,-0.21891475
116451.47,-1.8396777,2.087771,-0.14779092
129995.266,-1.9245679,3.1869347,0.16744396
132385.03,-1.5639637,1.449697,-0.60613734
124939.81,-2.1284,0.33822888,-0.11351025
119417.68,-3.5055969,2.6191003,-0.426624
123198.41,-0.08338489,0.57711077,-0.41574514
118773.65,-2.0345027,2.6164522,-0.3244754
117136.87,0.9252825,2.1487765,-0.29082945
131878.17,-1.5328053,1.5125401,0.3068851
116885.53,-1.0589287,1.9366544,0.120788164
132077.56,-2.9830046,2.9108894,0.013636523
125927.71,-1.0102719,2.9360352,0.02259364
134111.11,3.2842035,1.9568281,0.43780535
115158.7,-2.5657475,2.6421947,-0.12224834
126768.2,-2.6912045,1.6885754,0.01026263
125443.09,1.1137773,2.2900631,-0.2877607
126774.82,-1.1919751,0.51861006,0.28536096
116299.266,-4.1837573,1.8285857,0.19875424
120877.01,-3.3691385,2.2517755,1.0706049
117856.96,-1.5895602,1.3691455,-0.24291581
118366.92,-2.535516,1.183455,-0.54366577
115294.86,-1.6821965,1.8889074,-0.7175887
126622.53,-2.5342112,0.10335908,-0.344683
132405.61,0.48530945,2.174592,-0.099491395
125713.74,-1.9938918,1.0946085,-0.51463073
133877.22,-1.749551,2.6114821,0.08621605
126601.16,-2.9710548,1.8020538,-0.3777729
127486.836,-3.8925092,0.66463715,-0.35718864
128035.93,-1.6170661,1.1597544,-0.7136189
117210.68,-3.3780146,2.4221857,-0.57938135
132140.8,-1.6047502,2.3844907,-0.20301794
117411.18,-3.100759,3.028695,-0.38423938
118569.55,-2.2931678,2.6141741,0.8186536
116661.35,-2.248536,1.8939421,0.10661972
130139.95,-3.524606,1.7170614,0.06081619
123900.62,-3.4190514,1.7600937,-0.021390337
130557.83,-1.0550594,0.3731816,0.065275975
123201.42,-2.4218779,2.7661545,0.7019244
115020.27,-0.14956744,0.043891866,-0.09906169
133664.92,-2.1109676,0.7147167,0.27741998
134312.45,0.27128285,2.9002633,0.62073576
121528.25,0.8541381,0.57496774,0.11861459
119951.15,-1.1783553,0.37120333,1.3269916
122734.73,-3.2419198,2.9819436,-0.24204627
123826.86,-2.8139012,2.1268215,0.08144694
118486.125,-3.0213478,0.212481,0.06318167
115962.89,-2.6543102,1.8682151,-0.15134153
124675.24,-0.024262287,2.900937,-0.31775802
122556.55,-2.544496,2.192644,-0.14279863
124363.484,-3.0373435,1.6587188,-0.68006796
115927.41,-2.5460215,2.8632605,0.3508327
131921.9,-1.831257,1.9211866,0.6688684
117552.77,-4.7104387,2.959294,0.02135577
119236.52,-5.174973,2.421791,-0.8343185
123673.37,-1.1613063,1.1336168,-0.19195937
132867.7,-3.2880867,2.02667,-0.11501929
118113.83,-3.7585657,2.5703983,-0.3563575
124795.016,-1.5521991,2.079626,0.021297364
116321.086,-3.3708553,1.9605931,-0.23693089
115469.42,-0.731459,2.4048107,0.24327758
122661.71,2.816771,0.33280492,-0.8912182
124875.89,-4.419841,1.8211087,0.021824218
115044.84,-2.310984,2.862398,-1.044353
116937.96,-1.2724619,1.6696054,-0.42248517
125940.81,-2.5871933,3.3132694,-0.17279206
124018.92,-2.1361578,2.8302722,-0.3039987
134936.45,-0.8160097,2.7274501,-0.22158597
134837.52,-4.383936,2.7388294,-0.50549567
122142.2,-2.4218013,2.0502105,0.5215692
123803.07,-0.0012167823,1.8826084,1.7709556
126271.26,-1.4177659,1.9148173,-0.18665238
121609.29,0.06607923,1.7965202,0.14359011
132019.6,-1.6292742,2.864019,-0.24401183
127917.45,-3.9030786,1.3454964,-0.84384245
124560.68,-0.12930335,1.8672645,0.113262616
134641.6,-1.013052,2.8334882,-0.21375468
117612.125,-2.6605432,2.9980366,-0.34412783
118886.58,-3.6560862,0.68828505,-0.5197249
121648.35,-0.93023986,1.9962645,0.8698073
115900.695,-1.652141,1.3523028,-0.94379693
120712.73,-3.0598578,1.6196398,0.39326474
124350.77,0.41886273,0.43418345,0.096089795
120140.89,-2.6107175,1.7829218,0.28771332
125174.09,-2.9853141,2.2701125,-0.31898725
132002.16,-1.3084725,2.9399643,0.44298926
123266.68,-1.3032799,2.4846554,0.0907986
133944.45,-0.54351455,2.2736979,-0.30692622
129750.05,-3.4655447,0.5844654,-0.11841047
117789.48,1.3426667,2.7465236,0.6883907
121488.06,-1.9196329,2.9053602,-0.22716205
116778.836,-2.6263282,2.5600622,-0.6259635
129889.61,-2.0750573,1.2858506,-0.13438177
126762.875,0.29471686,1.7433281,0.07647282
130882.9,-1.2111963,2.730986,-0.15789652
128462.664,-4.3669157,1.6501638,0.5697692
125534.58,-3.9947915,0.75933963,-0.21318759
118505.086,-1.2931113,2.8272188,-0.04682863
116865.02,-3.7164264,2.021974,-0.07789187
126854.016,-1.8081474,2.8792033,-0.13388592
117441.8,-2.8304474,1.3697183,0.3543252
120863.34,-3.2624698,2.5239835,-0.8156384
118072.35,-0.9035895,2.9740412,-0.39228165
130010.44,-4.1292753,3.4369109,-0.22465055
134906.77,-1.569149,1.2137781,0.09366471
128394.14,-3.3753982,2.3724716,-0.7306996
119379.63,-2.7627552,1.7422312,-0.06885042
125658.59,1.115405,2.8702598,-0.26300153
127600.17,-2.9911633,2.1921644,0.1748968
115646.37,-1.0967145,2.4187217,0.91177267
116277.24,-1.2262689,1.7621939,0.17904906
134379.64,-3.323611,2.69927,-0.21093446
119838.234,-0.7121951,1.3787698,-0.25059363
119476.43,2.395212,0.15746139,-0.18894099
117600.16,-3.1158242,3.0468252,-0.021997055
123811.945,-1.312379,2.0248194,0.08202326
120080.375,-1.8655838,1.9269316,-0.06614195
127627.945,-0.7623807,2.6222718,-0.11165583
116026.34,-1.8634633,2.190168,0.03780089
119384.47,-1.0546716,2.2510245,-0.2181334
125219.37,-1.7695493,1.7678273,0.29306412
130817.2,1.2989246,2.5362687,-0.195951
115441.79,1.6560104,0.4314573,0.33882174
115814.69,-1.1900816,1.0234106,-0.5829552
120471.75,-1.4942018,2.7256684,0.35118434
115195.93,-0.11241649,2.5770423,-0.055095296
118793.01,1.2886248,2.637617,0.34942856
130546.74,-2.7460585,2.300226,-0.118948646
119557.97,-3.5038023,2.4847815,0.08756596
116241.055,0.7147719,2.8941047,-0.09148816
128497.73,-3.2432933,2.6859312,0.07456089
115935.97,-3.7046044,2.143344,-0.0029796462
126511.37,-2.1164865,0.15193872,0.021567943
125058.42,-1.3129879,2.3381796,0.92855865
119181.45,-3.532767,-0.0053800372,0.11899483
120029.62,-2.4081964,2.4376867,-0.7031697
116876.6,-1.7220738,2.6824107,-0.19618195
118318.83,-2.7278812,2.4860523,-0.16852866
131425.42,-0.85083455,3.341857,0.11766817
125543.26,-2.5919094,1.4691327,0.24922794
132126.88,0.96850115,2.532604,0.20117752
125159.18,-1.079798,2.9748003,-1.3138962
120413.37,1.1233869,2.754299,-0.021289019
134001.33,-2.507863,1.1119887,-0.1791313
115786.914,-2.4944956,2.7142808,0.17075825
134873.56,-3.0117207,2.8575177,0.43167382
126615.59,-2.5560706,2.0357103,0.7712945
121677.92,-3.1193242,1.4618107,0.14164717
123798.27,-0.5887694,1.3494027,-0.410476
129932.414,-1.7238809,2.897668,-0.036262047
122554.32,1.45608,0.13760847,0.46985525
120919.14,-3.3220878,1.985352,-0.13236852
119741.01,-1.7664124,1.3230284,-0.12126138
116304.53,-2.3116703,2.464234,0.08381838
116544.086,-2.1589468,2.9173942,0.093037136
116410.89,-2.6760466,2.9842243,0.09224566
134807.72,0.598452,3.0496051,0.024171818
134917.42,-1.9885674,1.3159988,-0.76086646
128890.07,-0.07030474,2.265677,-0.2600979
121782.5,-1.2089956,2.8873909,-0.6292057
121971.875,-2.7261646,2.2619681,-0.09255975
119222.95,-1.4975297,2.4476042,0.008809013
127946.305,0.34486392,2.59485,-0.20801471
115175.74,-2.1959052,2.7389395,0.7646933
127648.18,-2.697951,2.5890007,0.184109
121598.18,-1.005174,2.2536836,-0.1462494
118011.49,-0.13914679,3.1014307,-0.4937264
116970.96,-3.6628666,0.92792344,-0.2832574
122229.484,-0.40772367,1.2417641,0.680669
131855.3,-1.7224326,3.3404813,-0.39985546
133715.44,-2.4119194,1.1566001,-0.2513592
116551.34,-1.4474797,1.739833,-0.35580772
122580.3,-2.1302788,1.1900584,0.26473972
128603.37,-2.8106906,2.948835,0.075579435
134120.34,-2.7613459,1.7400718,0.14007495
132843.89,0.46421123,1.9318104,0.039775997
131233.88,-1.2246464,1.2385852,0.04457073
124486.51,-0.85651964,1.8452086,-0.18765096
127498.47,-0.48876107,1.6247758,0.42063373
126502.22,-0.29408315,2.7494106,-0.08288447
130200.25,-1.6177887,2.979163,0.22222309
127517.55,-2.0887525,1.9048389,-0.26139802
117269.77,-2.029104,2.3971841,-0.27808303
122054.164,0.077221416,1.2208074,0.4357027
134101.2,-1.315902,0.5743311,-0.31443775
130406.984,-0.32271388,0.18732555,0.42392954
126377.06,-0.6867663,2.8148825,0.003965412
128230.63,-2.2526088,3.231475,-0.19490325
120428.2,-0.49565193,2.8436103,0.6474444
126062.64,-2.8356833,1.7137957,0.8538693
127941.86,-1.5682515,2.8765955,-0.22376402
128985.57,-1.5342144,2.279185,-0.16693856
117626.42,-1.9708012,2.8847446,-0.054296967
115500.17,0.2487526,0.55202574,0.3535266
129595.85,-1.0972004,2.5292907,0.25253865
128240.53,-3.2093406,0.86633223,0.44398934
122066.62,-2.535121,2.369866,-0.2751922
133005.25,-2.3609185,0.9365115,-0.19712688
119984.85,-0.6561804,0.092762895,-0.61857086
115037.44,-1.9449298,3.1519966,0.30293727
121106.21,-3.9783041,0.023814235,-0.5895292
129505.11,-1.6817812,3.0879734,0.12548456
116540.75,-2.4741309,2.9370084,-0.32043788
121122.28,-2.7379782,2.895256,-0.084339276
120307.766,-2.2774396,2.5751393,-0.44015864
115897.28,-2.8256586,3.0492754,-0.45058247
117866.266,-2.031503,2.5110579,0.14466348
125930.73,-1.9795822,1.293334,0.426416
121768.164,-2.7326984,2.638694,-0.09613211
122490.12,-2.277919,2.6512117,-0.41972694
125594.06,-2.3891335,2.5258956,0.039449397
115876.38,-2.7928576,2.937142,0.3215762
124285.88,-3.8283973,2.3169475,0.010621415
118409.0,-1.0819994,2.7693098,-0.1534573
128567.19,1.2188545,1.3915963,0.11577411
120045.05,-3.1822805,2.3860893,-0.21672508
123125.625,-2.7430575,2.9343114,0.27239224
119498.555,-3.7036955,2.7264843,0.045707278
119125.31,-0.25872895,1.413605,-0.48489144
132716.08,-3.838763,0.5620412,0.6681193
133244.0,3.0873816,2.9728973,-0.29238647
121633.05,-1.5856119,2.6518595,-0.086159125
117458.125,1.0105426,2.8890092,-0.15501581
119448.92,1.1708893,2.2305582,0.3110588
131834.92,-3.2191596,0.9335844,0.14694493
132969.44,0.22015011,2.608719,-0.06868801
116727.82,-1.6653434,2.3774295,-0.31711674
120986.04,-3.1139686,2.9185522,-0.33127326
133053.52,-2.44863,0.7322108,0.032478113
115928.8,-1.4812831,3.0234919,0.046883762
134412.62,-2.9494324,2.985174,0.27445614
117668.195,-2.4291177,2.5944943,0.041735012
123397.16,1.7806222,2.0172267,-0.12450863
119143.99,-3.4607403,2.7442827,0.07696451
132852.66,-1.0648532,1.7078004,-0.10918516
128359.99,-0.48441744,3.0788453,0.387343
131896.77,-0.79991156,2.184221,0.01045275
115914.75,-3.0474904,1.015249,-0.3416068
129615.31,-1.7061684,2.6950994,-0.11007586
130682.26,-1.2250745,2.9091659,-1.3247106
118573.56,-2.8245924,1.8399341,0.27078962
123974.63,-1.966647,2.6983054,-0.15883043
126784.93,-2.005608,2.0811532,0.01517775
125646.13,-2.8565679,3.1449134,0.009640418
122809.62,-1.3108069,1.6454437,0.27344832
115821.5,-3.3622913,1.271429,-0.1370217
117359.83,-0.44914007,2.7455356,-0.4558832
117446.18,-2.215139,1.2675536,0.6653515
116805.69,-2.6708617,2.2661104,0.20823343
129625.21,-0.41363433,3.456976,0.6932861
122502.945,-0.96752995,2.8338273,0.39050055
129843.03,1.0999165,1.6537977,0.08558728
128412.33,-1.5464927,2.6519215,-0.4313058
133264.17,-1.6107411,2.524544,-0.24943653
116007.89,-2.6227515,2.8891442,0.028591074
117596.664,0.48061866,3.1910658,-0.13113095
123524.266,-1.7803767,2.731575,0.1904962
129526.85,-1.5460116,1.5472423,-0.28414068
117800.53,-3.4724982,1.6603693,-0.23695265
133157.31,-1.8802347,3.2473562,-0.22462343
134360.31,-2.3177752,-0.0325948,-0.7224443
118225.38,-0.49891722,1.3605978,-0.10629789
130319.5,-0.5839091,0.9611484,0.17110035
115951.03,-1.7841675,0.8670594,-0.051646605
124944.99,1.341101,2.5161064,0.054619696
116400.16,-0.66563946,2.868073,-0.16080882
115442.195,-1.9532589,3.1591926,0.21142973
134661.02,-2.3585088,1.8976518,0.36954498
115666.3,-0.49599773,2.7665558,-0.73399603
122476.516,-3.490317,2.698599,-0.0033321737
121182.17,-3.69629,1.0056989,-0.5433094
121307.69,-0.9516136,1.460928,0.01435171
131574.62,-1.5032406,2.641493,0.2575086
123001.38,-1.9289132,2.1575415,-0.06862186
120371.81,-0.9866799,3.0585063,0.3189944
131578.03,-0.8401029,1.0722731,0.55771714
119366.92,-4.253751,1.9349191,0.0055900775
122319.22,-0.8453479,2.73502,-0.3634638
122558.945,-2.0340018,3.0640538,-0.50319755
125742.67,-0.42501244,1.0882657,0.3208801
116595.71,-1.4928045,1.1512504,0.2904507
115477.04,-3.3716228,2.225339,-0.09789385
115146.055,-2.4637141,2.044723,0.104863346
132771.02,-2.9277434,2.7960553,-0.046414122
132446.16,1.1877671,2.26187,0.270882
119252.27,-0.94596916,2.970765,-0.8012662
129503.02,-2.8493218,1.7744248,0.8296788
118815.45,-3.221092,1.7485061,0.07590305
123780.766,-2.3307753,2.765221,-0.6425913
126818.5,-0.6810085,3.0343165,0.124492235
132700.42,-1.938114,0.7905514,-0.43000564
121885.0,2.0968747,1.8826294,0.1065643
130258.86,2.5294135,-0.22791263,0.02498713
123325.445,-2.4409065,2.5462272,-0.037918895
125484.37,0.3230111,2.2766693,0.48175836
134097.31,-2.4914377,1.0983628,-0.19321631
129787.695,-2.643401,1.7199085,0.1301595
116770.92,1.5489982,1.4225552,-0.57004786
126318.65,-0.71972036,1.096061,-0.3163643
126284.61,0.36579445,1.6186858,-0.11088194
121311.74,-2.240484,2.3533843,0.14006424
128094.36,0.8316512,1.056902,-0.21700253
131580.27,-3.4617596,0.8070608,0.09291258
133672.2,-1.5803533,2.326986,-0.40296772
134748.88,-2.5597594,2.4253294,-0.22158985
115168.734,-2.1893666,2.2422626,-0.20020011
117598.38,-1.0430424,2.1579971,-0.0061687827
117440.61,-1.9567363,2.936632,-0.09143512
128359.36,-2.4600549,1.7238079,0.100866646
124361.09,-1.3660011,1.8122517,0.0020928148
134294.12,-0.75566137,1.8998771,-0.08968321
134314.39,-2.34923,2.9262817,-0.2656215
123057.26,-1.0142195,2.8994002,-0.17640555
124761.84,0.069494694,0.08380037,-0.27453393
126003.4,-3.3030255,2.0811844,0.23131132
117007.39,1.3560227,2.8002455,0.047428496
119289.26,-1.0938624,2.9493842,-0.2030829
131087.05,-2.6644735,0.9775076,0.6822788
130677.81,-2.333739,2.5736876,0.28350446
118114.09,-1.2996805,2.0085034,0.21094757
124755.41,-1.7813451,3.030059,-0.23308378
126516.41,-2.8190796,0.6811383,-0.5615541
124267.93,-2.6208649,-0.24210711,0.16298239
118536.0,-0.11698158,2.9124184,0.14442389
134619.55,0.40669975,0.70646435,0.0043063173
118710.54,-1.2706975,1.8351902,-0.79076517
116029.24,-0.41965246,2.281459,-0.3013418
122824.96,0.622074,3.0525413,-0.10919589
133909.0,-2.6089642,-0.42618835,0.019204251
131331.72,-1.2692155,3.1143062,-0.1692501
129865.31,-1.8823829,2.7402704,0.3324268
130696.05,-0.70812833,0.624005,0.049317777
119913.23,0.43617943,0.74612397,0.09784379
126844.516,-0.8853243,3.0249128,-0.21817274
124396.09,-1.3429112,1.7593309,-0.05439769
116413.91,-0.5466786,2.5433846,-0.3616818
122065.95,-2.374155,2.766769,-0.6332855
124021.7,-1.9465272,2.869441,0.18955813
127600.836,-4.4732633,1.0192335,-0.24453363
124900.6,-2.8959417,0.6760985,0.14799207
115606.79,-3.024874,1.2759057,-0.3995819
126032.086,-2.8859282,1.2342091,-0.9687256
117538.164,-4.6539936,2.7825465,-0.08204204
116189.49,-2.2136893,1.2009847,-0.16551742
126724.78,0.4690501,2.9760027,0.21242741
119144.64,0.7954984,2.7958117,-0.13287362
127416.95,-4.1123915,-0.09344212,0.4108327
128678.3,-1.4671466,2.715473,0.1631296
116687.31,2.43534,0.84091413,-0.7517106
117279.81,-1.9353272,1.9631641,-0.0489581
117562.03,-2.3354208,2.9474862,0.006144943
124530.805,-1.4485736,2.7606683,-0.08160011
119789.5,-2.9724078,2.859886,0.083207496
127608.66,-2.498376,1.0829206,0.15364741
129309.98,-2.1746507,2.2261925,0.310852
130952.84,-3.2739873,2.8063123,0.006522204
117663.98,-2.6641667,2.0036018,-0.26179168
122459.18,-3.6601691,1.5577601,0.1354775
119025.13,-1.5068352,2.9742978,-0.4435677
126623.76,0.032998115,0.35196012,0.48964804
124940.22,-0.33481902,3.2504008,-0.4372931
115947.24,-4.3166733,2.411749,-0.100339785
128650.89,-0.44065323,2.6587553,1.4872822
126428.01,-1.3682429,2.4840412,-0.47196177
128251.93,-1.7241099,3.0991094,-0.167705
122138.18,-0.62187904,2.794534,-0.27738184
118276.8,-4.2249527,2.7427661,-0.032692075
116999.83,-2.7870014,1.9584053,0.5855653
128443.81,0.33642188,2.8496737,4.1407433
126434.58,-1.1075253,2.846268,-0.21387537
129396.09,-1.8580799,1.3350667,-0.33950952
130878.78,1.4036642,1.8562583,0.032985896
127234.08,-0.7171628,3.018925,-0.02506729
116467.98,0.7503951,2.2941618,-0.08263117
115091.17,-0.37723073,0.48264104,0.31489578
132801.84,-1.7818038,3.0003529,-0.08051124
120950.18,-2.9287605,2.2620375,-0.17240825
129413.055,-1.5680059,0.19778264,0.794494
127856.625,-0.21823074,0.65234464,-0.6209155
121780.94,-1.0238233,0.9625546,-0.53742373
130560.0,-2.1638825,1.4509202,0.10364931
119603.72,-0.88877624,0.017123442,-0.30415398
116264.96,-2.34079,0.24314348,0.009368647
126558.77,0.7598283,2.054547,-0.10979277
121369.914,0.6687133,3.092954,0.25220788
126518.57,-3.1251724,2.108475,0.27723464
127035.37,1.1881137,1.7274327,-0.1822975
119329.21,-4.009529,3.0352395,-0.2028758
131655.19,-2.0619073,2.3150465,-0.032962654
118829.59,-1.5478104,2.5608156,-0.3537918
132857.97,-0.9905427,2.7951877,-0.013520603
117209.78,-1.1568252,1.5361247,-0.022864815
125077.484,-0.8259713,1.8619353,0.9973823
120119.43,-1.2337749,2.0123067,0.13376224
133514.89,-1.4521971,3.1044354,-0.14315236
119259.766,0.049663175,1.3256371,0.0715422
132262.66,-0.69977725,2.7770958,-0.66237754
124771.31,0.6827457,1.5682347,0.16299908
121350.13,-0.9949473,2.7468045,-0.66447663
119525.195,-3.0238433,1.196469,-0.14936583
127934.484,-2.1727874,0.2870066,0.34679726
118409.98,-0.15782455,2.843043,0.27161506
134742.17,1.5119768,1.6515571,-0.17340414
131417.03,-0.47409564,1.6608877,-0.06180613
117751.86,-2.844716,2.9807167,0.05679148
119686.85,-0.3767713,0.6739058,1.6732193
128452.03,-1.2648153,1.3076142,0.2775362
117585.35,-0.29936495,1.3421125,0.42033395
121245.78,-2.3113353,2.6147573,-0.259338
124548.94,-2.0310175,2.6058614,0.20216389
126074.945,-0.26236346,2.9629436,-0.04219601
124697.875,-2.3341384,2.561369,-0.37698498
126570.76,-1.6259459,2.981676,0.6927366
124794.98,-2.9584355,1.8059361,-0.17551872
121684.125,0.8016604,1.9192909,-0.5018476
121751.305,-3.3710406,0.2242886,0.8434729
133012.84,-2.6833608,2.8354847,0.26549128
131392.08,1.2158865,2.6511323,-0.1387322
130779.016,-2.7103872,2.7141507,-0.21890193
133873.27,-1.4081088,0.37250662,0.2543868
130916.164,-0.75962925,1.4122498,-0.4954187
118861.08,-3.1294923,2.9062965,-0.41916314
121068.484,-2.2343333,2.6746953,0.06154568
116880.62,-1.9476737,2.3058488,0.28781822
120629.99,-0.084315814,2.1737332,0.10668707
133496.03,-0.6252143,1.0688373,-0.22796036
133583.05,-1.5872885,1.5186157,0.492656
122626.74,-2.8072245,2.7108157,0.14265023
123513.08,-1.4156379,1.7920402,0.31410488
122410.81,-4.0627346,2.7586327,-0.16132942
131248.27,-2.0069132,1.9898388,0.049829733
120888.32,-2.6947525,2.9129565,0.046131622
124926.54,-0.6731971,2.7779355,-0.41214624
117586.086,1.8474864,3.2956176,-0.073837355
120549.625,-1.0950699,2.8181899,-0.05607331
116031.61,1.4927094,1.7369336,0.2770749
126417.51,1.3047973,3.0867612,-0.287435
132301.86,-1.3393257,1.427914,-0.0087172305
121173.83,-3.272078,3.4686701,-0.107310474
124331.6,-2.3579698,2.8173008,-0.073213354
121856.39,-3.3064268,1.4260174,0.22610296
125183.05,-0.64773595,0.49172434,0.16014309
117483.21,-3.792015,1.555819,-0.4333736
115917.945,-3.4759681,2.6446328,0.33365035
128758.734,-0.2510935,2.0121207,-0.39215738
132961.12,-2.5619583,-1.4066883,0.712561
115277.04,-1.0801017,2.6019034,-0.2403474
129252.87,-2.065224,2.603787,-0.4086055
129044.34,-1.0941025,3.0640388,-1.0796595
118697.83,-1.1464493,2.8554058,-0.23503119
124075.9,-2.2621522,1.8507948,-0.10061037
118175.38,-1.0521061,0.93066794,-0.3318013
127243.914,-3.94105,3.1056376,0.32675952
121357.2,-4.641542,1.0836204,-0.88581765
117834.78,-0.99246,2.8016903,0.49610677
116895.555,-3.355596,2.1574955,-0.007365826
115189.56,0.54379284,0.09130189,-0.43940976
118175.04,-0.61723375,3.2447934,0.5118057
125858.555,-0.5551341,2.1205213,-0.05971391
118184.66,-4.1956415,2.3849723,-0.0126319835
130115.12,-1.1946597,2.1968994,-0.2563965
115540.24,-2.8889978,0.7937415,-0.040070415
132989.17,-1.8335831,2.072724,-0.0639645
125769.555,-2.8239715,0.23868556,-0.31755328
124848.86,-2.8168309,2.2095685,0.062387813
132483.1,-2.7475727,2.3787503,0.12981322
115948.055,-3.133806,2.197792,-0.10135207
132902.83,-0.87618965,2.3411896,0.04651961
131004.28,-2.4130032,1.7902398,-0.21906523
118341.72,-0.13914128,1.217041,0.23221305
129535.26,-3.5597174,2.7604296,0.02520705
130523.6,-1.7558584,2.9460409,-0.20146479
119737.3,-3.1301012,2.5230722,-0.7513855
128347.24,-3.1636634,2.9899237,-0.12997712
128891.945,-1.7891473,2.728055,-0.11615137
119409.16,0.64629257,0.49016362,0.1036815
123067.99,-2.800173,2.7744246,-0.59518695
126366.375,-0.94075006,1.1200902,-0.30373558
130029.58,-1.1123222,0.20162848,-0.19058233
124218.76,-2.6109476,0.70289433,-0.01786417
134770.3,-2.859559,2.831222,-0.10127936
116813.62,-0.5968405,-0.17370917,0.07197012
117358.65,-0.6997035,2.7073553,-0.533
130722.305,-2.1200519,2.7003832,-0.84787726
125683.19,-1.903614,0.4693425,0.08718214
132628.45,-2.1336172,1.5424405,-0.27058995
127167.32,-0.34256846,2.7480104,0.90348184
120320.61,0.7805753,1.2818952,-0.12605909
119818.14,-1.7421522,2.04471,0.41153714
134929.81,-0.4485074,2.8161268,0.056537587
128300.21,-0.069248445,3.1488645,0.15401156
130938.26,-2.1617947,2.156754,0.21852915
130027.81,-1.8325857,2.9165616,0.27584657
127835.02,-0.4943525,2.821494,0.6270801
123028.17,0.19492693,2.856116,-0.008040486
116784.83,-2.3548594,1.8085401,-0.11948563
128069.016,-1.9189793,2.6426284,-0.28336886
125206.125,-1.8546001,3.1531065,-0.32678187
116855.414,-3.303505,0.84922266,-0.07650024
129581.97,-1.905606,1.8575252,-0.14196752
128478.8,-2.6616738,0.5619743,-0.14999907
134829.84,-1.1543235,3.1747303,-0.30274177
130233.88,-0.5695102,2.7912834,-0.3513804
122768.2,-3.0203094,2.3989234,-0.08605662
115845.805,-1.6095291,2.938077,-0.56351936
133678.83,-1.121004,2.5246658,0.3817681
122541.82,-0.63195187,2.3167932,0.3116792
116945.266,-3.4050627,2.1756725,0.20937476
127302.78,-3.166006,2.9336329,-0.26491377
126941.9,-1.3096339,1.195595,0.073622204
124125.625,-2.4160728,1.6400814,-0.7010524
120655.19,-0.81013936,2.5900004,0.061674416
126390.12,-1.6775205,2.5185158,-0.16169147
117148.945,-1.7603633,1.4084742,0.4318151
117300.98,1.0919434,2.8678029,-0.17087895
120486.695,-1.5304356,0.8382031,0.18932748
124030.586,-2.6804786,2.8478184,-0.058239136
128312.375,-1.8719735,0.30259404,-0.06879887
129533.695,-0.8917537,3.070873,-0.13485737
120910.45,-2.3175497,2.024465,-0.13506359
125902.18,-1.5917468,3.0921757,-0.66607416
116487.73,-3.8187594,1.2019506,0.5237291
119067.69,-1.4945927,2.8282642,-0.16392078
133787.39,-3.704634,0.76450557,0.48614064
121620.21,-1.3905969,1.7045,-0.13767461
116505.516,-2.1739738,1.0104055,0.43079892
117501.3,0.0441496,2.9954388,0.10409273
134166.6,-1.271896,0.93711054,-0.1176479
133415.4,-1.4259238,1.4551291,-0.06058286
120045.9,-1.4455948,0.99079406,-0.3841887
119766.63,1.0017328,1.3533202,-0.19689624
124240.76,1.071211,1.4309949,0.7297714
124585.62,-0.6017975,1.5328852,-0.1667115
127545.21,-3.3278282,2.7248871,-0.41274998
119615.26,-3.5913055,1.986589,0.040085316
115356.09,-2.305675,3.2980661,-0.1404561
118065.78,-1.4767104,1.54558,0.48247412
118175.6,-2.5397687,1.7826056,-0.24937038
116947.18,-0.15682474,2.753308,-0.23394857
121889.57,-1.0101442,2.8908355,-0.6446412
122807.3,-0.33855304,1.0481712,-0.047679108
117050.586,-0.018632302,3.4353046,-0.057933692
127682.4,-2.3706298,2.4080172,0.7830885
120131.09,-1.2099004,2.8863308,0.07194211
129632.23,-1.8188732,2.8348267,0.05841257
133323.39,-1.2666193,2.8824503,-0.07245049
116120.55,-3.7390847,-0.13793121,-0.49107036
116912.27,-2.8587694,0.85640204,-0.33513555
121581.23,-3.2656894,0.7607485,-0.039951812
134228.33,-3.8018389,1.3112686,-0.3481451
120069.28,-4.576443,0.8343909,-0.5606321
115472.04,-2.2494853,2.4254625,-0.28368562
133303.56,-4.5461392,1.5268805,-0.25759622
123387.94,1.485636,1.9360899,0.60738087
125935.54,2.7190814,3.2758112,-0.34818563
131328.44,-3.209821,2.571014,-0.18117942
121287.56,-3.284657,3.0328643,0.42670745
120921.63,-0.5884105,3.0772376,-0.1712854
126260.18,-2.0965724,3.0987885,0.5312475
118208.48,-3.1152587,2.9604197,-0.15880391
131132.23,-1.6394022,2.6031966,-0.34434715
132343.34,0.63756466,2.2848601,0.108019106
117973.68,-1.811163,1.2972767,0.13512528
119921.43,-0.16809504,1.9846894,0.11262133
119102.76,-2.8753865,1.1252599,0.21944578
131955.58,-2.707198,1.1007006,0.24760148
124010.125,1.5144641,1.4006408,0.25398868
133051.81,-1.2319095,1.6425703,0.012564935
134884.05,0.16202766,3.1180706,-0.49588805
130646.72,-1.5888518,1.7128285,-0.051881723
127203.52,-3.0367465,2.2455277,-0.069363266
115462.41,-0.5693976,2.360055,0.43183893
121026.43,-3.5555928,2.6357744,-0.4751065
121109.46,0.89019936,1.1613339,0.22534546
121227.75,-2.5509815,1.0350772,-0.18314976
120026.164,-0.09975652,3.125607,0.2438694
127512.95,1.0630583,0.24358034,-0.49618188
132911.39,-3.5398335,0.39626023,1.1938179
127433.78,-2.584851,1.937824,-0.22016871
122644.91,0.37024656,2.3811185,-0.07451738
127898.98,-1.802184,0.4449803,0.14672798
116597.06,-3.3997588,2.1882138,0.046356905
126509.82,-0.70273256,1.9876325,-0.21506853
117780.0,-0.3142663,2.910073,0.11132744
126257.734,-1.9318672,2.8687499,-0.797653
130463.4,-4.164039,2.7221358,-0.109896764
132106.44,2.50706,0.587977,-0.2272276
124170.97,-2.712049,2.424526,-0.65564317
127415.62,-0.47254753,2.8962877,0.8373783
129579.88,-0.7642178,2.6997683,-0.5073614
126492.77,-2.2826366,2.667924,0.15429287
115875.0,-2.855983,2.4140902,0.059750564
118811.94,-0.7145567,2.5688574,0.19685958
115142.875,-2.659448,1.749447,0.40233806
124589.38,0.21050781,2.2888944,0.42960337
115152.86,-1.2134099,2.9366982,0.13233128
127380.54,-3.17888,1.7327594,0.39725846
119739.305,-0.281843,1.0486763,-0.101736784
115046.016,-2.3581867,1.2996716,-0.09898481
115140.03,-1.4877131,2.7331932,0.1233533
122580.06,0.71683836,1.784869,-0.29048586
132821.88,-3.7894835,0.96113116,0.3326759
115500.81,-1.140716,2.6519036,-0.15800737
128798.42,-0.38024843,1.1871623,0.51839554
125206.15,-2.5848503,0.09394665,0.24985729
119175.63,-4.335268,0.98692906,0.07490656
129080.39,0.921109,-0.36130062,-0.1750157
120635.38,-1.1728476,0.5962545,-0.14774862
127233.86,-2.6084993,1.0423813,-0.17403112
127385.41,-2.6907918,1.2555939,-0.067999646
115443.76,-0.7631611,-0.0074979407,0.83763045
126660.63,-1.8464463,0.8681874,-0.13530675
132486.89,-2.8132346,2.9569404,-0.10924148
124699.71,0.9066929,2.7214086,0.09355624
120106.62,-1.3181465,2.0960624,-0.088760026
134687.16,-2.7645125,1.6652354,0.04530618
121778.945,-1.3177962,2.6134372,-0.41830102
115602.98,-0.20950249,0.0070413216,0.2765284
117336.24,-3.6159377,2.7525172,0.11077615
119126.875,-2.767158,2.7525513,-0.024439715
131541.98,-2.3512118,2.13618,-0.22888355
118455.45,-3.538055,1.7449582,0.122922994
125987.7,-3.4372272,2.7176833,0.22777532
118521.56,-2.6245286,2.9918036,-0.3846691
124223.58,-2.2510922,0.6003469,0.019290669
115290.086,-1.552514,1.0025345,-0.59967387
123793.67,-3.6209567,3.0063808,-0.1753438
120629.46,-2.8149087,2.3965516,0.8155878
119878.016,-0.9717723,2.5434663,0.008168325
132396.75,-2.0513825,1.4608141,-0.19216439
132166.9,0.46604002,1.1845483,-0.2511351
116209.11,-1.2192131,2.6143603,0.31625283
127258.055,-2.1102817,0.73929775,0.5141837
128189.41,-1.0369595,1.3164771,0.7847936
117119.89,-2.3624945,2.7759113,-0.44492802
117140.33,-1.0573108,1.5037965,0.7032445
127157.59,-0.24477403,2.6516857,0.48471385
121066.91,1.9696963,2.2924132,0.5523955
131115.12,-0.03281386,2.8691874,-0.141601
126363.36,-3.1787806,-0.037661497,0.32360438
127503.266,-2.858214,1.530531,1.0048196
130267.28,-4.022039,2.6149967,0.34180647
120935.82,-0.36041105,1.8924094,-0.10053021
118100.11,-0.06377172,2.6160822,0.06307916
119828.29,-1.629351,1.2702253,0.08156495
115964.41,-2.5113122,0.6137376,-0.8457362
128561.63,-1.6994729,1.0704569,-0.1883569
131002.67,-0.05597853,0.16218594,0.46379286
116714.445,-2.2714498,0.4061399,0.023863096
132242.03,-2.586804,1.8508013,0.3090521
131397.72,-2.4159796,1.9076405,0.9368751
116088.3,-2.5532799,1.3423667,-0.42815125
128454.51,0.12697724,2.7183883,0.1993848
133126.66,-1.4791781,0.34752828,0.042107508
116061.25,-3.469705,1.9195256,-0.17429307
126062.56,-2.448217,2.705826,0.40562555
116237.11,-3.116221,2.244735,0.12963979
124748.45,-0.91846466,2.9819293,-0.9790359
120019.625,-2.6487732,2.2759438,-0.24708952
130166.875,0.9732374,1.2566737,-0.17946088
122130.45,-3.1909993,1.2905827,0.18487008
121884.69,-2.249361,0.8207758,0.57660043
121847.21,-0.860844,2.4432647,-0.4604464
134589.73,-1.4852668,2.807317,0.24217261
119568.13,-0.06855378,1.8238224,1.0021394
122043.93,-0.10839281,1.567432,0.51192135
128454.18,-2.1437855,1.7380483,0.113894366
120413.25,-3.4520936,2.4669163,-0.1491644
123310.69,-4.1895156,1.7512808,0.11192939
126459.234,-2.7493935,2.0132947,-0.07559254
126964.164,-1.3348949,2.699053,0.19093367
123345.95,-1.905742,0.6259979,-0.24691401
126155.35,-3.8339732,0.40709588,-0.089999385
117673.27,-4.296654,1.3600652,-0.5432957
117178.95,-1.8724794,1.5187932,-0.04966435
120640.25,0.15739472,3.0618742,-0.07121053
117485.086,0.6342501,3.007609,-0.20702894
125822.5,-1.3465416,2.150587,-0.6222913
134018.06,-0.55282724,0.76300794,-0.15441117
130194.25,-1.8479354,2.5106275,0.122256085
127263.61,0.6453475,3.0599065,-0.21976762
116036.13,0.10295535,1.8853736,-0.20525558
117459.74,-1.4243696,2.820207,0.08244463
128686.72,-2.3964624,2.5550156,0.4843646
124931.97,-2.8309505,2.0510435,0.073088795
115969.26,-3.3245926,2.1742992,-0.092019185
123641.15,1.6556212,2.9112318,0.37757236
121558.66,-1.1109184,2.098414,-0.4830001
131074.28,-3.237964,2.9636185,-0.42450675
122625.62,1.0654263,2.8297179,-0.16042916
126855.65,-2.6672165,3.0207734,-0.40408075
127647.836,-2.58145,0.99549353,-0.3402247
116532.23,1.2674315,0.7649352,0.15674536
127180.88,-3.34897,3.1647935,-0.49098784
127059.08,-0.7352833,2.5323,-0.047516998
132093.17,-1.4350705,1.7895775,0.0059226393
124526.15,-3.3516028,3.144777,-0.018765602
125681.66,-1.5734686,1.4580996,-0.11212934
124127.03,-2.3186111,1.8888363,0.2937906
129064.016,1.8122152,2.7796237,0.23952761
126837.05,-0.7912418,1.1214746,0.14603724
120254.45,-1.380106,2.3540778,0.6088172
116330.51,-3.3422134,0.5157963,-0.16707653
130697.11,-2.7615016,3.4724274,-0.15386584
131136.89,3.220605,1.9123167,-0.032562148
119150.836,-2.4106827,-0.09651237,0.026272679
118355.125,-1.9071473,1.7148446,0.30388072
119759.195,0.845041,2.0132134,-0.3710585
134201.42,-2.0125172,2.438713,-0.36825883
120606.76,-2.1939209,0.66146255,-0.3286944
127078.97,1.2966398,2.8335915,-0.18120028
129279.73,-2.4673421,2.1186197,-0.23534438
119529.46,-3.2959046,2.9618874,-0.06841058
130410.25,-3.2585976,-0.72331566,0.2740771
116954.27,-2.2546885,3.2217515,-1.6382864
119165.125,-1.5662119,1.3544189,-0.19265458
123471.05,-1.6130263,2.6760406,-0.44520605
123833.125,4.266995,2.7325993,-0.095719084
127322.92,-2.5234587,0.42347863,-0.4921378
129194.78,0.7002911,2.4972777,1.2984967
127745.695,-3.3412848,2.459259,-0.5475698
130950.52,-3.3035314,3.1243458,-0.076811045
117857.95,-4.3666677,1.232134,0.36674204
118980.0,-1.0894803,2.9578576,-0.18304755
125335.945,-2.9809515,2.4662938,0.30920467
117110.77,-1.8786908,3.086326,0.029402811
126631.35,-2.3646505,2.7317474,-0.87966883
118088.12,-1.2037041,1.2920935,0.43691853
123129.82,-3.5876575,2.554753,-0.063332155
130274.94,-3.230551,2.560863,0.22254075
124515.266,-1.0509042,2.503688,-0.1058661
121337.0,-1.7095119,1.7177078,0.22176954
129338.72,1.5893598,2.9269977,0.08858808
132869.58,-2.075047,2.2579591,-0.3882158
132266.61,0.2854186,2.9748845,0.6779978
119077.84,-1.3460491,1.3843994,-0.2578954
130260.23,-1.4205979,0.91007704,-0.44114974
120214.5,-1.2313409,0.36279136,-0.43440494
118755.73,-1.564523,2.677593,-0.658908
125713.06,-1.9744116,1.6426129,0.31902894
122434.02,-1.2201612,1.6356559,-0.16004178
125987.45,-4.7725835,1.3417388,0.30148125
132654.7,-1.8875682,0.7440769,0.20628396
125160.82,-1.7187912,1.2328655,-0.06445977
119903.7,-2.8240693,1.4254824,0.32075077
130685.875,-0.5451839,1.3519219,0.15768047
132578.33,-0.38500705,2.611821,-0.0008933873
130723.31,-2.2238047,1.0403929,-0.29241925
126333.95,-2.162138,2.3351638,0.1974073
125383.766,-0.6483252,2.6037526,-0.096753426
128679.055,1.6809356,1.2920487,-0.14305729
129460.445,-1.0110221,3.0927932,-0.2679396
132156.84,-1.1239063,2.7042837,-0.4943212
124633.48,-2.5918622,1.7417994,-0.07859543
116489.94,-2.0477674,3.0233557,-0.16303574
116765.336,-2.9060273,2.9202487,0.1158504
131497.02,-2.8094704,2.9534206,-0.6517451
121020.12,-1.8332477,1.8258569,0.064491056
133235.34,-1.7352504,2.1560273,-1.0032221
127088.85,-1.954434,2.9454775,0.08270805
134148.62,-3.2890844,3.1119251,0.011854516
117270.23,-2.3007138,2.8299997,0.31060943
116283.84,-2.6156998,1.0976284,0.30684516
134259.9,-2.282315,1.6241204,0.0048921746
118949.72,0.4610055,2.9913971,-0.4687348
129619.734,-3.4039423,1.0600084,0.35231254
128603.11,-5.4593415,1.0315346,-0.109967686
120569.19,-0.46665478,1.8947068,0.5301669
121733.93,-1.3375437,1.7155813,0.08660999
118382.984,-1.8209255,2.1971023,-0.32336387
120890.6,-1.7846979,1.5943719,0.29112774
115928.625,-3.2486136,2.1956224,0.30650663
117404.01,-2.9970756,2.7783825,-0.37358308
133278.56,-2.4511492,2.5529904,-0.14159563
126574.625,-0.8664929,0.9588107,-0.7986641
122339.71,-3.0191796,-0.18039152,-0.12175844
130139.914,-1.9123629,2.495272,-0.46193874
123932.6,-2.3777664,2.907128,0.12280559
127038.016,0.9791646,0.8713484,-0.73353535
123506.01,-4.272529,2.8808105,-1.8400861
115697.95,-1.9164125,3.2615716,-0.24710084
115659.555,-2.7754345,0.7844497,-0.13270704
131536.14,-2.0687854,0.9011291,0.063578
119896.59,-3.8822107,2.1163034,-0.74293077
119573.516,-3.2033036,2.6373456,0.5806597
118268.13,-1.4968275,2.4843361,0.044565365
133466.23,-1.3711352,0.97709495,0.30749896
134114.25,-3.1494486,1.9145284,0.0064322096
121114.74,-3.4952984,2.7895417,-0.25347853
123853.836,-1.3015062,2.7050636,-0.26053712
115927.1,-2.3817935,2.2083826,-0.36819565
118465.61,-2.4054759,3.056419,-0.14174701
123636.055,-3.6987522,3.1078181,-0.11934438
119666.58,-0.983376,0.69963753,0.13083653
130230.46,-4.3955054,3.0979571,0.40358427
130980.445,-1.5120295,1.9468243,0.21156442
121050.79,2.2599041,2.4658275,0.008239248
128902.3,-1.5008811,0.24584073,-0.03016687
128806.34,-2.3368518,2.5255132,-0.17219369
131801.22,-0.19947445,0.81397617,-0.25257024
116621.91,-1.0598632,2.9069726,-0.16700621
120965.03,-1.7243351,2.3876193,0.092161626
134459.8,-1.8594509,2.674799,-0.20528032
117092.05,-2.3392575,0.5198533,0.24867545
119903.734,-3.5719457,2.8664138,-0.19570754
116469.14,-5.208121,1.874145,-0.057023022
127172.28,-0.80199486,2.4709187,0.31833702
115306.086,-1.833188,2.3508573,0.46674776
125230.71,-0.46265036,0.87508005,-0.4430575
134863.86,-4.3954263,1.357989,0.8176654
117918.945,-2.3983095,2.7006774,0.38438866
116801.38,-0.26816154,2.9169993,-0.03799846
115532.336,-1.351386,-1.0118618,0.3576097
119769.24,-2.3892062,2.0717118,-0.25769305
125787.96,1.4384753,3.11099,-0.22861417
115747.73,-1.4693267,-0.09319696,0.29470426
133522.25,-0.58842635,1.9819149,-0.5432036
120781.125,-2.927975,2.9641452,-0.18424101
115207.8,-3.1454017,3.1276488,-0.22714625
131946.88,-2.3666453,2.9529705,-0.06724632
131467.89,1.1219267,2.8038857,0.3059011
117206.734,-0.90888226,2.412037,0.8500735
122841.22,-2.7792332,0.53848666,0.012204361
120516.62,-3.0327604,1.0865612,0.26782158
117889.805,-0.38179377,2.9091928,0.3210577
115904.734,0.6603601,1.6649904,0.06521042
120394.33,0.47178537,2.1086295,-0.41729322
119970.38,-3.0287864,1.7342559,-0.020852756
124515.65,-2.0667446,2.5704813,0.16276902
122933.94,0.9636299,3.132346,-0.09880571
126093.56,-1.6481369,1.0821601,-0.2190852
119588.86,-1.4885384,2.6839025,-0.07160627
123519.25,-0.9096372,2.507749,0.20942721
134788.84,-2.8542483,0.2971215,-0.22577101
116758.39,-2.64917,2.1721332,-0.24348916
118038.49,-1.2928265,2.0128188,-0.2524695
120642.766,-2.9481153,0.9578367,0.25928405
124490.984,-2.9783444,2.7511532,-0.50919944
123950.13,-2.159294,1.7398671,0.23791726
120977.13,-3.1428869,2.9794152,0.0905614
131439.9,-3.2338154,1.3839749,0.11893345
120118.7,-2.1426075,2.3038878,-0.010751639
122843.21,-2.1331584,2.9446437,-0.30604532
124421.98,-3.9835348,3.0900111,1.033423
130265.25,-0.6767283,2.178077,-0.2605869
123256.82,-0.12049347,2.6847413,-0.1392981
121064.16,-0.71683115,2.6913233,-0.10382811
123053.4,-2.393268,2.571342,-0.21967642
124851.16,1.2818613,2.8238578,-0.26218742
128597.69,-3.4361248,2.7266061,-0.25809118
115049.27,-1.2036346,1.7921947,0.34514996
126078.29,-0.72547054,2.5428593,-0.1697099
119709.266,-2.611346,2.913734,0.16328098
117958.23,-1.4957478,2.1104867,-0.34226984
127538.03,-0.4061363,2.2204442,-0.037465647
126680.11,-1.9522133,3.0042233,-0.11648274
126343.0,-1.2268162,0.30959734,0.8138862
121796.83,-1.2766781,2.5236049,-0.016147424
128476.79,-3.359244,1.7773517,0.05225362
132958.44,-1.6803178,1.6974132,-0.36526367
117221.15,-1.0682067,1.1651963,0.07857189
121175.5,-4.014961,0.9743174,-0.3224693
120562.01,-3.6275573,2.838397,-0.2321898
122552.55,-1.7823876,1.639667,0.6581204
115663.055,0.11628863,2.5150192,0.35886306
118576.875,-1.3798287,0.56685007,0.5532198
119799.01,-3.0358074,2.5525017,0.7280561
115951.03,-1.4655145,0.07601527,-0.2955187
118745.25,0.32189453,2.8419893,-0.17790118
129514.016,-2.1931727,2.8165677,-0.13436717
126291.336,-2.3933399,1.7155899,0.22790644
132274.95,-3.6929553,2.5242264,0.20805465
123666.34,-1.1984713,2.6032608,0.1934994
129703.484,-1.4510316,2.6154456,0.06952061
116996.81,-1.0051634,0.74862516,0.38501087
129883.266,-1.5168036,1.6218147,-0.09210829
116353.42,-1.1614598,1.3619373,0.04092387
131510.14,-3.5887287,0.8752708,0.3373294
115349.305,-3.1042144,2.774408,0.038455285
124128.0,-3.4329405,3.0096278,0.020243656
116132.11,-2.641215,2.8448272,0.2105721
121936.8,-2.4141698,2.9922085,-0.33857262
134416.0,-2.5933905,2.4297073,-0.18766437
124710.95,-1.1613193,2.8563757,-1.0210719
119028.4,-1.0307782,1.414159,-0.119239785
117092.9,-1.3934857,1.2554176,-0.2164107
115053.02,-3.3738754,1.9780947,-0.1451075
134340.36,-0.4859249,2.1039295,-0.74836206
133741.38,-4.068701,1.1608381,0.08885687
117134.91,-0.09514252,2.7435338,-0.26001504
122310.445,-0.11846286,1.6423229,-0.2404231
117431.02,-1.1131791,0.614882,-0.06660116
127267.766,-3.7229228,2.7980187,-0.05911494
117158.36,-1.112999,-0.015105056,-0.17848018
131200.66,-0.11185959,2.0426817,-0.4584531
116153.0,-3.6093454,2.1828241,-0.017966084
119979.055,-2.3519282,0.8370513,-0.3891554
117352.84,-1.8971496,2.8500845,-0.21356843
123158.2,-0.8227005,2.5544462,0.123999946
133909.73,-1.3964572,1.9689963,-0.16441783
122580.766,-3.6032972,2.697876,0.43992648
121589.32,-2.3246717,2.8164887,-0.13518547
128120.94,-1.5328673,0.6387602,0.102009155
115885.234,-3.0764492,3.1223757,0.064890966
119309.85,-2.6795614,2.8130538,-0.13748926
115486.625,-3.585155,2.932811,-0.015269532
117185.125,-1.9501528,2.9945135,-0.20581521
129368.695,-1.3629787,3.1762743,-0.1042164
126876.94,0.080147825,0.7234024,0.09849878
125179.586,-1.8543831,2.7015615,-0.024122052
117491.305,0.81926024,2.662811,0.08013636
123954.695,-2.3266032,2.6231928,-0.1663831
126689.31,-3.7642732,2.5834048,-0.21601258
116363.38,-1.4253501,2.7959335,0.16378161
124781.63,-2.8446853,1.5885432,-0.0362692
119251.36,-2.784044,2.9742825,0.17335737
116917.945,-2.0708306,2.4827757,0.6492157
123366.81,-2.3810773,-0.8076143,-0.56997246
132334.75,0.9282864,1.4719908,-0.015449521
129351.36,-3.7862356,2.160549,-0.030980393
118372.18,-2.8526568,2.6353164,-0.6097946
120783.95,-1.3474299,2.6438196,0.36028272
119059.84,0.85478693,1.1188513,0.15500568
127062.09,-2.3292878,2.4688177,0.69941765
133206.08,-1.0999936,1.3308339,0.63955355
121194.66,-0.6300673,1.730793,-0.14522699
117190.44,0.8977866,2.3137498,-0.37458256
133064.47,1.3061763,2.77265,-0.24702933
125346.56,-1.9554043,1.332494,-0.57594544
119407.125,-1.9787087,3.0177884,-0.44323036
132002.61,-0.80764896,3.0294185,-0.028022502
118698.03,-1.0843486,2.8289018,-0.5873488
119288.086,0.058233347,0.31292778,0.3059786
131186.25,-3.1295037,2.678907,0.036320455
127012.8,-3.3323169,0.6315671,-0.03725556
124435.29,-3.0009077,2.2938488,-0.15601349
119618.68,1.0827051,1.9962169,0.088005796
130853.21,-1.8173251,0.20078743,-0.027228048
122146.84,-0.8032254,0.20240736,0.029283615
117894.13,-0.55949116,2.0327122,-0.011390241
122793.766,-1.503958,0.7055045,-0.15829553
129674.06,-3.3220732,2.7562287,0.09749692
133987.02,2.486832,1.1940372,0.09848805
116828.95,-3.27911,1.7697514,0.11969691
120054.47,-2.0311615,0.7377252,0.36617288
123531.19,-2.5528457,2.9008753,0.44935265
127275.96,-2.7762492,0.5787866,0.51933485
121493.54,-0.15213463,2.0552218,0.22360459
122228.8,-3.81252,1.7577485,0.30667827
129817.22,-1.3141651,2.941664,-0.2611018
131047.516,-0.67330664,0.37559304,-0.7410957
125486.2,-1.5717971,2.7436087,-0.25609013
127730.08,0.05419141,1.2380415,-0.34144887
131008.06,-2.1265604,2.7146077,-0.18151079
121156.234,-3.6029198,2.6786318,0.21322186
129202.42,-2.4655638,2.9371517,-0.030936887
132481.34,-1.5213377,0.9768345,0.34515712
115431.26,0.05742124,0.97036123,0.27616662
121681.78,-2.0404613,1.967211,0.10953113
116568.84,-2.5056305,0.13149425,-0.2458436
128540.96,-5.0024915,0.8798613,0.34062162
130040.71,3.4613225,1.1932782,0.089928456
125546.03,-1.4853247,2.4107134,-0.033552386
122880.586,1.9285489,2.7611284,0.053554665
116760.23,-1.9971857,2.306607,-0.7567458
131624.14,-3.3813548,0.15393655,0.8538878
118950.51,0.22593233,3.0723553,-0.119748764
119281.11,-3.4483836,2.8691072,-0.14833418
118238.0,-2.6468227,2.6576016,-0.1472903
116914.34,-0.0036555128,1.8537576,0.1634115
115554.375,-2.4706676,0.71475416,-0.49573517
132272.64,-3.983629,0.4307335,0.71103287
118487.266,1.8251083,2.9120407,0.24377047
118280.82,1.0486903,2.0364344,-0.16718978
134516.67,0.17664523,1.9949687,0.1554771
125919.234,-3.5154476,2.2752297,0.42128813
128825.49,-2.5290155,0.9068822,0.021890968
134468.0,-0.913228,2.6649647,0.12997533
121621.18,2.3343887,2.1724598,0.54025525
128349.37,-2.2178273,2.8196075,-0.38956127
122313.27,-3.1690183,2.5666835,0.72414404
121066.555,-2.9918756,1.0759567,0.33346918
128477.0,-1.945246,2.9159474,0.17725691
122436.71,-1.8375293,-0.22370371,-0.0118795475
127513.1,-1.4005649,2.6740103,-0.3080106
115387.61,-2.4386954,3.271334,-0.9298165
122825.43,-2.7061677,3.1123917,0.21028781
115142.26,1.4174109,2.8560402,0.5943412
124209.37,-0.19294247,1.0390596,0.2019237
133516.61,-2.61585,2.8814895,-0.29086402
129488.79,-3.2280314,2.3702316,0.05782552
133864.39,-1.0747356,3.5632286,0.4723584
119823.06,-0.90869594,0.89780426,-0.17649464
121393.28,0.6790055,1.6800696,-0.05095794
129780.445,0.010818444,1.6183114,0.44712543
115489.27,-1.8315328,2.549383,0.3724057
126493.7,-2.2568095,2.036478,-0.023646453
121063.67,-2.8780708,1.2609454,0.26411274
133060.27,-2.8832083,2.2766712,-0.13502395
134662.61,2.3499806,2.3924727,0.025291085
134118.75,-4.698859,2.3298454,-0.09657075
126412.1,-1.1102471,2.0374687,-0.18588176
132736.11,-2.4704888,1.0074412,-0.44987294
124107.79,-1.4657273,1.6356174,-0.080676325
116324.96,-1.3155476,2.9760504,-0.24373321
118246.484,-2.230026,0.7573173,0.12251534
115926.02,-2.6340952,1.6641449,-0.23033747
116228.43,-1.2457072,1.0398178,0.016423367
131849.1,-1.4071373,1.5942734,-0.061731033
121921.79,-2.5037944,2.9048383,0.74238425
129041.2,0.46386543,1.4108945,0.60233104
124066.59,0.07333378,1.6178775,0.47496587
123524.96,-3.153032,2.2120311,0.07503053
121783.53,0.024733433,0.21935797,-0.3590663
118896.3,-0.5274742,0.6716873,0.03299424
121644.02,-2.16364,2.9140558,-0.4060162
119236.91,0.17219621,0.3490605,0.42518052
125752.73,-2.0760865,3.1030767,-0.30492547
124919.89,-1.9998497,1.0982633,0.067121156
117991.914,-2.456406,3.0175717,0.3337624
121924.81,-2.513274,1.0990224,0.2996927
124190.55,-3.7712991,2.7660928,-0.381648
125270.09,-2.4457781,1.5502088,-0.46078968
132328.72,-0.060992375,2.9059808,0.23729683
116255.23,-1.9625703,0.58097744,0.2866447
128867.266,-2.5996854,0.80032367,0.46485907
121342.03,-0.7985453,1.7638663,0.0743511
125453.01,-0.6807172,3.2892985,-0.2721011
124000.88,-2.519755,1.9055696,0.18456315
123528.17,-1.1084973,2.426454,-0.64514035
133517.1,1.6050798,0.26509908,0.44363114
122675.336,-1.9180026,3.2440252,-0.2704529
125037.06,0.5361767,2.1192446,0.048482202
124157.44,-2.287422,1.6837684,0.041081212
116308.3,-1.3214648,2.3133702,0.37946758
121608.82,-2.9378998,2.8097107,-0.16289775
115791.766,-3.8309815,1.9748837,-0.11136647
133203.86,-2.848812,2.509451,0.019862818
131154.95,-1.460252,1.6170148,0.18863614
132359.28,-2.1516836,2.647792,-0.101139605
118802.516,-0.13877241,2.5829425,0.07873937
123415.766,-1.3042986,1.61802,0.08639305
122770.54,-1.7382879,1.7031362,0.11306534
116911.66,-2.821512,2.7338095,-0.3457364
119534.164,-1.1302199,2.9357796,0.13826554
134558.94,-0.32611623,2.855457,0.066849984
127984.055,-3.2231977,1.8843039,0.18776241
129967.82,1.2535348,2.2845974,-0.9136619
126096.6,-1.1807455,3.0182269,0.18998426
125882.97,-3.1741278,2.0424867,-0.19309443
133977.6,-1.8256838,2.633746,-0.7961532
122214.93,-4.875611,1.4282947,0.0041012974
124896.77,-3.2203195,2.9484832,-0.0049431315
121633.7,-1.1969339,1.9257424,0.02041828
131814.56,-2.3046007,3.050865,0.048385058
122128.52,-2.6529715,2.1370814,-0.14659537
132280.86,1.9067192,2.8561823,-0.06096191
130400.02,-2.5131733,0.19046022,-1.0500674
124975.65,0.23908377,2.6588852,-0.41273567
120938.39,-0.7384122,2.8339796,0.6850245
123077.945,-2.6532888,0.67790073,-0.4034496
120134.16,-0.7101476,1.9831058,0.09587523
115691.27,1.074062,1.2073395,0.87744427
121302.914,1.7700132,3.1188505,-0.117189884
122758.21,0.34106168,1.7815715,0.34801605
129936.625,-0.0048144353,1.7174357,0.21553072
123461.79,-3.3468704,2.6036224,-0.15126316
127394.82,-1.8459841,0.77823085,-0.4972031
124470.68,-0.88994414,2.7382557,-0.20795898
134757.4,-0.07851294,2.9803905,-0.050626274
118036.016,-1.3162847,0.6363451,-0.22197515
119299.875,-1.7593756,1.6358465,-0.13153891
133032.34,0.4063705,2.8250263,0.4887469
129712.47,-2.633167,2.9907753,0.02445968
123429.94,0.50755936,1.598469,-0.24934088
128227.945,-0.104884356,3.1675596,-0.39106762
117835.7,-1.2028693,3.023956,0.4534864
115285.16,2.9213448,1.3780068,0.35557678
118132.945,-1.6502236,3.0180118,0.0574274
133631.72,-3.1058447,3.2063262,0.4811981
131902.56,-0.048374414,1.400251,-0.06585111
126750.79,-2.9954336,1.9965276,0.20087297
133866.19,1.7766258,1.8163452,2.3276277
123898.3,-0.13660817,3.0585384,-0.18196404
115646.0,1.1215457,1.4846934,0.14699082
117416.74,-3.4611502,2.054301,-0.5381958
122218.76,-2.048504,2.9175394,0.29613227
116547.7,0.43060282,2.8873446,0.116194285
115121.53,-4.7503433,0.28391686,0.18235321
132918.98,-3.053006,3.1549625,-0.51181793
118100.43,-1.8662874,2.9456377,-0.079774894
119543.945,0.634414,0.712939,0.2644328
118958.51,-2.007328,2.5602307,0.7431859
122205.19,-2.5507224,0.34066495,-0.033902824
131575.61,-2.135768,2.380341,-0.085657604
130014.445,-2.306225,2.4441123,-0.114761226
122851.19,-2.4161224,3.0552862,-0.12935133
122654.25,-3.3695364,0.45807368,-0.12452204
128553.97,0.43047675,0.80536616,0.07036572
124917.52,-2.0880966,1.1470509,0.5250039
116171.45,-1.0977153,0.2553741,0.44142896
125627.984,-1.6815004,2.9699597,0.022166912
120615.18,-2.945774,2.4582722,-0.3297946
121215.26,-2.2853405,1.6230017,0.33729184
119214.14,-2.4817784,2.6894875,-0.40384978
123958.266,-3.1958926,2.912623,-0.061696466
116092.1,-2.6664383,1.5564162,-0.3183114
129839.64,-2.6641092,2.0075254,0.4210563
125514.24,-2.3682606,0.26125196,-0.6450262
128029.2,2.1809695,1.7107793,-0.7396156
134984.16,-2.3999083,1.2451049,0.062794276
119193.21,-1.7773803,2.8158052,-0.90687686
121013.43,-2.6942496,2.5527644,-0.20909256
124734.57,-0.09157311,2.9782665,-0.29276255
120946.914,-1.6861347,0.7933933,-0.09652665
131904.47,-2.8814566,2.5816476,-0.036982004
131241.7,-0.9813302,1.2678378,1.109325
121018.98,0.20999603,1.0312253,0.1560409
122760.22,-2.128302,2.5960379,0.010808555
125856.53,-4.0457244,2.7957299,-0.085640915
116817.38,-1.7268933,2.9393606,-0.30363843
125077.87,0.59789956,2.4433496,-0.219576
124455.51,-1.7135525,0.51034474,-0.56500757
117702.15,-2.9291048,2.6111863,-0.07207442
133812.83,-2.3163257,1.2259172,-0.06169885
126713.24,-1.7196543,1.6922479,0.12129297
128685.76,-4.317675,0.55934733,-0.02111231
115636.96,0.010309069,2.0540044,-0.3916651
122555.27,-3.340203,2.550898,-0.8300298
129122.0,-1.1647695,2.7199724,-0.179623
128730.945,-2.3016913,3.1120355,0.34566906
121091.16,1.9120601,2.9782221,0.8711655
124217.3,-3.6809118,2.3393965,-0.110055596
117586.01,-1.5259871,0.10330405,0.30011287
125568.625,-1.3968685,2.162545,0.11786782
124242.03,-2.3971596,2.6260521,-0.14770511
119363.97,-1.9031986,2.7764268,-0.08620681
133535.22,-1.2596325,0.956761,-0.5434283
120453.414,-1.4517652,1.0431341,-0.057003055
126345.3,-2.094972,0.9989781,-0.23736328
117494.945,1.2574872,2.5755818,-0.074062936
118731.69,-1.9440744,1.3129132,-1.0865431
133894.33,-1.9543083,0.7706771,0.243929
129359.266,0.5304058,2.7810378,-0.32981336
125033.875,-1.5070126,2.439258,-0.2940162
121444.89,1.39621,0.6383375,-0.88871175
134454.03,-2.4476087,1.253964,-0.050226066
123084.016,-3.3563967,1.8788612,0.32234266
119322.33,-2.5659354,2.2618136,-0.18022762
123074.31,1.4539453,3.1942687,0.09676028
124031.15,0.5228007,2.7071457,0.061728653
119758.19,-1.3826418,3.077541,0.35105205
132031.47,-2.773635,3.1984308,0.47247046
120726.53,-0.7934264,1.3454095,-0.29670113
121094.836,0.29694137,1.1875904,-0.41749197
127792.836,-1.9297699,2.6760015,0.02317473
118955.2,-2.620699,2.1484246,0.25066605
131671.52,-0.73103505,2.4735203,0.033568177
127132.89,-2.6484032,1.0870085,-0.27724716
131049.016,0.88609886,2.8868747,0.5959105
133284.17,-0.32809073,2.5025783,-0.09181536
121135.59,0.46198842,1.3447899,-0.058807112
123216.27,-1.0861027,2.9585452,-0.19493812
122949.11,-2.9085994,0.926449,-0.033576522
127291.5,-2.777745,0.19229436,-0.10352058
115027.234,-2.3463995,2.4331913,0.4554657
115133.5,-2.0915112,2.8824456,0.1507968
130774.664,2.971045,2.2365427,0.16848157
118922.586,0.6811167,1.7785734,0.3297824
134533.61,-1.6616166,2.2783933,0.22613217
123303.586,-2.1882737,1.3057243,0.0049052862
128069.76,-2.4451163,1.3523277,0.17430319
126362.13,-0.5961689,1.6632112,0.04584078
118125.89,-2.833079,2.1288276,0.16949238
126245.25,-2.5988762,0.65242577,-1.1182199
132229.34,-1.3864753,2.5583227,-0.1017493
116330.64,-3.4533834,2.999041,0.39027226
115589.49,-4.389795,2.2959695,-0.39090043
117278.53,-0.72321534,2.513026,-0.05436223
123387.43,-2.508971,2.8129861,-0.0140072275
119451.65,-1.8534955,2.894536,-0.15140024
118127.02,-1.4269685,2.891602,0.2569752
119471.77,-1.4215217,2.8668554,-0.31171468
120495.1,-1.4672259,1.2897713,0.39471656
122832.31,0.193322,0.5629919,-0.25299996
121044.836,2.319901,0.10541845,0.0032973082
117626.52,-1.9112308,2.6968007,-0.3332862
117879.07,-0.992957,1.8477682,-0.17324144
128299.0,-1.8886069,1.9181635,0.0570561
116490.65,-1.7815973,1.140319,0.266275
132759.05,-2.9187918,-0.21279714,-0.06150277
127408.62,-2.357143,2.2536645,0.744037
131007.02,-0.13516857,2.1828651,0.1488366
121455.234,-1.6619596,3.2614603,-0.055485368
130585.766,-2.8671644,2.8776724,0.26484582
129987.19,-2.1544483,2.6723797,0.33489716
122976.2,-2.5392785,2.190531,-0.12888885
129486.11,-2.5908482,1.4535669,0.06414658
121907.57,-3.6482031,0.88544744,-0.07903349
128563.516,-3.4413896,1.7122663,-0.31699544
116374.44,-0.7424166,2.221255,-0.03532128
115814.16,-2.3441086,2.9819877,0.08509976
126057.08,-2.5495615,1.8176486,-0.19383077
117711.81,-3.5218122,1.2395322,0.24100746
115361.16,-2.4820004,2.808924,0.6088786
123372.26,1.270591,1.0779682,-0.14230008
126123.48,-1.4083227,2.1499104,0.34252045
132775.9,-3.7544596,1.6129546,0.05637965
119041.914,-3.1773965,0.27578646,0.058518656
115869.3,-4.3208222,2.6461587,-0.71354467
117099.1,0.83429486,2.6246629,0.2645985
132183.69,-2.2891095,2.9814034,-0.43024227
126840.88,-1.900671,2.2901947,-0.16904092
119036.33,-1.1107944,2.242672,-0.22425005
125242.04,-1.597052,1.1263968,0.49130848
124738.65,1.3497828,2.334577,-0.10472448
127146.09,-2.5914469,1.6321692,-0.01560418
118358.55,-1.8359966,2.8873975,-0.11449184
116694.05,-0.90301675,2.9727504,0.034590896
128311.19,-2.3000274,2.9552777,-0.28867048
117707.1,-0.6747445,2.4736125,-0.20931455
127945.65,-4.6053915,2.2338247,-0.11001388
126386.49,2.231579,2.9673638,-0.6493692
132883.28,2.0476537,-1.241259,0.60678846
123500.81,-2.5453644,1.8273723,0.17874153
124877.04,0.6959461,2.0315917,0.42162845
126962.83,-1.769156,2.8694832,-0.07895303
125000.25,-4.609051,0.98387605,0.3050715
124191.95,-3.0199158,2.7017612,-0.058679275
121233.234,-3.055056,2.2461684,-0.18841264
127052.625,-2.3554502,2.8616939,-0.20788896
130761.625,-0.49651706,2.109834,-0.13993251
118258.59,-1.6130613,2.807135,-0.21620181
120893.11,-3.0029907,0.662469,0.1536492
130209.38,-1.6706482,2.1687272,0.12418828
118249.02,-0.9670681,0.97101384,-0.5419371
126278.22,-5.7497125,1.3137515,-0.5473329
123193.97,-3.4316638,1.8774301,-0.24094786
129839.53,1.1920571,0.47954237,0.5357835
126993.414,-1.7856268,0.20599808,-0.020815507
133339.4,-2.6112862,2.0302656,-0.38785404
125978.81,-2.9153018,2.8607223,-0.37560588
130312.375,-1.8102982,2.2449644,-0.031217597
133943.06,-2.9822242,2.5339053,0.20885505
116547.86,-3.489576,0.93135214,-0.21043532
130209.3,-2.4873853,2.8892853,-0.27436167
131885.7,-0.6178871,2.462932,-0.25793147
115106.805,-2.6038537,1.554408,-0.28283903
119860.89,-1.2841665,1.3605964,0.6201654
121330.36,-0.85061723,3.1344268,0.1024782
121511.48,-3.2329512,2.1369593,-0.25843656
128274.72,-2.6513226,2.222068,0.03285776
124128.35,-2.7121758,1.7366928,0.29926297
123096.84,-3.1268082,0.4276405,0.4559532
127280.34,-2.9260738,0.764734,0.088407494
130635.31,-0.2537964,1.2689816,-0.108935736
131828.7,-2.838381,2.6140833,0.2575861
117966.01,-3.3759785,1.822374,-0.45178875
132447.62,-2.7584827,1.9264283,0.011410505
119450.3,-3.2080579,2.9473884,0.07598828
125191.05,0.20233163,2.0915325,0.08259005
133864.1,0.037619684,2.5221965,-0.5932914
121701.484,-2.810354,0.37679294,-0.39752457
125444.69,-0.13573028,2.3860676,-0.28861177
133820.1,-2.7667403,1.1437516,0.025778603
115184.055,-3.485399,1.8449059,0.76164186
125975.14,-0.7004891,2.9704323,-0.3695432
127332.93,-1.3418932,0.56722814,-0.16396904
134717.98,-1.109102,2.5550365,-0.06965321
115770.69,-0.25108835,3.2852626,-0.112991735
128564.94,0.93479705,2.3373098,0.20876983
125466.46,-2.561245,1.1139933,-0.33082148
121163.85,-3.0247407,3.283324,0.36371797
126209.61,-2.6872933,3.027748,-0.18881015
123314.05,-0.3767403,3.0276332,-0.106570855
120919.26,-1.3489703,1.1945722,-0.12589817
120736.88,-2.8505182,1.6849337,0.00522712
117002.24,-2.2808948,3.1438854,-0.13868809
118927.39,-3.468167,3.0803733,0.20664155
133273.27,-1.0030353,2.125808,0.22049293
118894.79,-2.58015,1.486214,0.06933526
116972.37,-2.8582988,0.605563,0.16889699
117149.734,-2.6534653,1.7261877,0.287997
124082.22,-1.9909141,2.538064,-0.14696072
118756.06,0.29358584,2.8033605,0.12939782
116755.84,-2.1647284,3.1015477,0.09757082
134388.66,-1.4942576,1.058868,0.19942473
132332.02,-2.7946305,3.1227574,-0.20714277
124837.516,-3.7061882,2.791169,-0.17274469
121500.11,-1.7751372,1.2503262,0.021589994
118273.06,-1.9000914,3.122478,-0.23933572
130420.14,-0.0144171305,0.3081554,-0.43413794
127962.62,-2.6048067,2.19981,-0.06060998
116328.266,-0.6509413,0.96384287,-0.2811622
120869.06,-2.6031127,2.9423003,0.11586172
119852.46,-2.6253314,2.6543193,-0.8318979
118446.35,-2.656853,1.3413267,-0.29965514
118082.09,-2.0913835,1.3939342,-0.2797381
132986.16,-3.4405437,1.490927,-0.011729955
128527.95,-1.4276135,3.0572681,0.43740603
118323.49,-0.14654632,1.710236,0.846199
122642.44,-1.4756045,2.4519293,-0.43638214
133923.98,-2.7463038,2.345858,-0.25964612
124865.29,-0.2700344,2.2989788,0.092885755
125370.06,-0.30058035,1.3378203,0.0413953
131470.16,-0.5240736,1.6230748,0.19195162
125884.53,-1.2438018,1.9327427,-0.8072803
119037.08,-3.1698084,2.1495633,-0.09014391
124079.7,-2.4784734,3.2163503,-0.6446701
125924.625,-0.8534393,2.4258578,-0.01056867
126674.02,-2.1756067,2.0265377,-0.30910128
119578.69,-3.4538383,2.0946934,0.6170436
121297.12,-1.9221605,2.9401236,-0.0081647495
134389.12,-3.9908826,2.6560583,0.3034063
122137.64,-3.4201715,3.2066224,-0.20018819
120437.85,-1.3945686,1.1467562,0.34626326
132899.53,-2.571972,2.9044154,-0.40622452
130782.914,-2.6347637,2.4655414,0.10013775
132598.5,-2.8387017,2.8547997,-0.11627743
127702.164,-2.5708292,2.2082913,-0.6721893
124117.72,-0.8041026,3.02203,-0.2843868
129490.75,-1.9282115,3.0293498,0.05176312
134489.4,-2.863824,1.3500012,-0.04163727
134898.61,-3.766159,1.2032869,0.24782439
130576.71,-2.222022,1.6370759,-0.59145427
126410.79,-0.43774578,3.1399505,-0.23773846
117940.92,-1.5356275,1.787933,0.08056965
128276.81,-3.8330762,2.2370117,-0.31864932
116760.19,-2.8711255,2.9136744,-0.2145256
130705.016,-1.1154573,0.25775042,0.43405002
130714.19,-1.486411,0.3792895,-0.111874856
117685.586,-2.2572575,3.1390347,0.14944093
121922.74,-2.5424058,2.1073964,0.21609154
124767.6,-1.752898,3.0404668,0.04068786
130637.56,-2.6324215,1.2083687,-0.05647501
131419.47,-1.5130107,3.3123412,-0.32577646
116160.11,-2.6300266,1.8916166,-0.16282117
132807.94,-3.5306947,1.111592,0.48850673
116397.14,-3.0821917,2.421033,-0.2835119
117546.82,0.19276889,0.66975594,-0.041075848
119047.75,-1.9077533,2.395739,0.34433165
124846.0,0.18963653,1.5587482,0.0040863976
130597.1,-1.7717355,2.8760302,-0.05431604
117697.336,-2.7508605,2.8606362,-0.050410822
129799.88,-2.5780323,1.5955408,0.22383165
116150.2,-1.1970544,2.365802,0.33540553
128965.56,-3.1958244,1.9463794,-0.11796497
120222.64,-2.102996,2.1217778,0.033118207
127377.35,-2.0520616,2.304571,0.42430145
123910.51,1.4492372,0.46091032,-0.27726623
120195.484,-2.1681452,1.4504455,0.5687513
116503.83,-0.95617354,1.8116794,0.19447683
131302.12,0.088511005,2.4351888,0.3007935
116691.195,-2.4041433,2.4704897,0.26944864
121124.52,-3.1437728,1.181081,-0.09925747
117848.12,-4.2474,2.6981812,-0.121235155
132761.14,-5.2058244,2.2615612,-0.30389142
116942.37,-2.1059384,2.695587,-0.36483428
131526.77,-1.2241498,2.5052986,0.06497023
116478.95,0.06319312,2.2011983,0.020172732
119795.52,0.58528054,2.674255,-0.3152039
127546.43,-0.7181709,0.5612443,0.32554966
127489.12,-0.40538687,2.8814554,-0.12994613
128235.04,0.7613534,0.7137055,-1.2219446
115231.97,-3.9864533,0.038581055,-0.09040912
116535.2,-0.7534951,0.7725976,0.5286758
131893.86,-0.85510516,2.6052043,-0.23398492
124240.78,0.12322839,0.60364115,-0.25274813
115055.4,-2.0633104,2.387825,0.56446075
128151.586,-3.6444685,2.3968408,-0.087784685
128785.66,-3.2770884,2.7533925,0.5221783
130417.24,-2.3110788,0.06772858,-0.23987597
120563.67,-1.8633621,0.6842477,-0.044242635
117115.12,-1.717435,3.1605196,-0.62708336
116536.164,-2.922912,2.8894963,-0.35782188
127070.02,-1.5057231,3.1455204,0.2436161
125786.3,-1.6677587,2.6752553,-0.40681514
122816.66,-1.074114,2.5368795,-0.28009957
128695.445,0.47442764,2.402691,1.1262356
121488.805,-3.2995768,0.78573084,-0.10393658
134839.38,0.05043361,2.0636468,0.50860524
120405.89,-4.4469147,2.4735885,0.4974096
125587.625,-4.5962152,1.6515442,-0.47039878
116679.09,1.4034046,3.1796682,0.16314152
129867.87,-2.2211976,1.6979322,0.3428399
134721.06,-3.0812302,1.3120905,0.35434487
123569.86,-1.7190465,1.3707392,0.05700544
128418.21,-3.0937045,1.6280217,-0.10332152
125588.87,-3.0770388,1.9344648,0.029089918
130885.195,-2.2433352,2.3907857,0.19837101
117423.375,-1.0060399,3.027172,-0.2760248
133761.56,-1.6863328,2.4983003,-0.008280073
132743.61,-1.938257,2.0603514,0.052423477
126151.914,-1.4601622,2.5600114,-0.20876476
117782.42,0.12447307,1.4793473,0.023484642
131213.08,-2.334909,2.690161,0.9038394
117227.02,-2.6190798,1.111361,0.1699495
123785.67,-1.6724908,0.531144,-0.011270149
117876.55,-1.0372096,3.0319672,-1.5494998
116166.15,-2.443984,2.0183713,-0.01152106
121408.5,-0.9753624,2.7940674,-0.22039728
131872.92,-1.9720314,2.6252787,-0.26042894
133046.06,1.5279765,1.7037243,0.08495851
120766.79,1.2027881,1.5196837,-0.0017179379
129275.07,-0.8530477,0.7948562,0.6703936
131286.83,-0.4215422,1.3188201,0.3287716
121558.71,-1.0435638,1.5931289,-0.44165426
130594.82,-2.0851426,2.5649812,-0.44263914
118462.1,-3.0245535,0.79015666,0.15672927
120064.18,-1.2671236,0.5245427,-0.1762038
123439.09,-1.8232771,1.5146691,0.26185098
115202.34,-0.83489066,-0.2107421,0.20197138
132292.64,-0.6903502,1.4315001,-0.07666681
126568.7,-2.4196877,2.861774,-1.0016272
117216.84,-2.5840974,0.5742811,0.5296192
118764.72,-3.0180876,1.7357607,-1.4054421
126267.586,1.6498435,2.14766,-0.5127063
134561.2,1.532641,1.8109215,-0.13869226
118627.68,-2.668336,2.760887,0.43334916
121585.44,0.3817352,2.2596772,-0.39990613
115487.12,-2.4824538,2.9566057,-0.24294531
120962.17,-0.9992131,2.1276848,0.26741216
120484.7,-3.0796316,-0.31209496,0.020020159
129318.96,-0.9832558,2.872202,-0.20275064
119990.484,-2.9108121,1.9231608,0.084634885
124946.79,0.41310704,2.4228983,-0.0755851
134333.14,-3.9009833,0.7302464,0.6575864
121070.0,-0.91467756,2.9366257,-0.34196797
124137.47,-2.0731652,1.7809508,-0.15346207
121660.81,-0.3102347,2.1181233,-0.71724993
130076.97,-1.4022139,2.7582421,-0.090407036
117172.42,-1.5647913,2.826333,-0.2878346
128778.375,0.23661198,1.7656068,-0.26321697
130352.66,0.27837658,2.5179121,-0.28628862
131624.34,-2.436137,1.8641497,0.2253121
130121.46,0.18345067,1.6206932,0.39605933
116499.76,-3.122802,2.5600924,0.060177293
120090.07,1.6374173,1.6720121,-0.08438159
125095.22,-1.7067474,2.7128284,-0.74733216
132444.53,-1.9872547,2.408318,0.6348816
115743.51,-1.405075,1.505793,0.45005947
130890.24,-2.4010744,0.87523717,-1.8468109
118086.82,0.879892,2.823965,0.17738266
131683.58,-3.4446373,3.0069692,-0.12069459
130959.2,-2.03498,1.6934228,-0.067033246
132404.16,-1.3305165,1.7500328,0.034778036
129907.91,0.5899052,2.5231397,0.35676995
121672.55,-3.3552077,1.088799,0.81004035
131781.2,-1.1082172,2.613238,0.13452809
121699.57,-1.0492214,1.8464242,-0.009820704
131683.0,-1.8721241,1.4718261,-1.1400021
128850.836,-2.3253849,2.571262,0.18984957
122535.13,-2.8682628,3.0550125,0.24700013
122733.28,0.4426811,3.1628513,0.3990184
131463.8,-0.7810323,2.5603104,0.2938657
115756.08,-0.08894393,3.1737382,0.0571747
121208.414,-1.4915798,2.7647243,0.26289693
121406.21,-1.1109266,2.6856058,-0.042528275
123116.42,-1.8857521,2.0465348,0.25309053
122153.61,0.8274729,3.2335207,0.7110901
126392.08,-2.9839716,2.4099383,-0.33656088
124008.75,0.3262764,1.8985982,0.15247451
129192.13,-4.675865,1.7930976,-0.18878692
126996.02,-1.2866954,1.1045156,-0.17760438
122842.03,-1.3576304,1.8308415,0.035995044
133155.77,-2.161629,1.5518162,-0.08689279
127539.97,-3.3444588,2.623179,0.17284422
131161.38,-1.988456,2.998703,-0.13373573
115459.8,-3.4344456,1.2458304,-0.42065847
118227.47,-3.6179445,1.2185183,-0.5728174
134509.89,-0.8364288,2.8857083,-0.15605968
124752.61,0.14167403,1.8771737,-0.18743819
129174.74,-0.12078863,3.1776292,-0.068258606
125569.28,-2.5530238,2.4518976,0.18900087
115265.99,-1.0360045,2.675703,0.17074098
122386.34,-1.6423392,2.1067743,-0.6437794
120026.3,1.1719893,1.4381281,0.33021685
120617.38,-2.7105837,1.6565521,-0.29204854
123657.11,-3.7274528,1.756055,-0.24411346
115098.09,-2.1643312,1.2879087,0.0011642642
123340.91,-1.0865797,2.4011922,0.058860753
118801.49,-2.1419702,2.5193696,0.27615827
122682.266,-1.9438015,2.6924164,-0.008075351
128853.96,-4.069288,2.4233205,-0.10789782
118633.38,-1.8942982,2.7727807,0.13571948
119430.8,-4.4300146,2.5798697,0.52335656
121045.086,-1.4115539,0.88372153,-0.3430363
120764.9,-2.8411589,0.46990833,0.19067262
115436.75,-1.3931768,2.7283428,-0.12857416
131414.19,-1.356911,2.8143008,-0.0313359
133025.75,-0.49254507,0.34880528,-0.57818097
120556.26,-1.9350265,3.1109278,-0.15583856
115171.7,-2.124155,1.961197,-0.13452421
131199.08,-1.7102417,3.0732527,-0.23819916
126061.89,2.2364447,1.4027804,0.65798867
127501.12,-3.4576461,1.6449084,0.62420565
117583.33,-3.171799,2.9453177,0.055635262
119214.1,-1.6959286,0.58975893,0.24738155
118748.12,-0.14446302,3.0299072,-0.20501569
117205.75,0.07991639,3.244321,0.09079562
124528.41,-0.6335389,1.6073704,-0.6383535
128560.58,-0.6461193,1.5230936,0.028824702
116755.83,-2.3903952,2.5172403,-0.17322296
118309.83,0.31021678,2.8551571,0.023456631
119981.55,1.0691004,2.8453095,-0.13181694
130450.0,-3.309366,1.2591404,-0.06953104
118942.195,-2.7607603,1.4385294,0.060913935
130197.26,-0.48867774,1.6029938,-0.74908406
131222.0,-2.0152435,2.0615723,0.036096364
134295.66,-2.6633315,2.7936242,-0.38132855
123923.984,0.37637696,3.1284354,-0.2391453
128375.75,-2.7424934,1.9927917,-0.05592223
123698.52,-3.3273115,0.86843365,-0.3891837
116549.27,-2.238831,2.3127153,-0.11413484
124781.766,-2.9803512,2.4303157,-0.35568824
115187.766,-0.78702426,2.7539124,-0.17664006
125269.79,-0.04966111,2.3370214,-0.24377136
118452.72,-1.2374542,2.1893702,-0.5951354
134424.25,-2.3733308,2.944785,-0.023163106
128179.46,-1.9781587,2.219829,-0.118005194
119569.72,-2.106522,2.5384867,0.55629987
128828.2,2.0164583,0.8408001,-0.8076468
125949.305,-3.4061735,2.694657,0.13394819
129202.48,0.40609843,2.9281979,-0.04244126
124925.36,0.21946785,2.1507254,0.2123553
118476.02,0.7937722,1.2918072,-0.008514296
120846.586,-3.693486,2.5694535,0.5386306
128852.82,-2.7172627,2.3183622,0.1881051
118961.78,-1.1164868,2.6095219,-0.10269603
127847.97,-2.0430803,2.8224516,-0.19719125
123246.2,0.7261276,1.9589003,-0.3433736
129448.61,0.29110232,3.0978634,0.04975881
122343.63,-0.4297084,2.8990386,-0.6231466
132751.38,-2.5301466,2.6018739,-0.04278872
132805.77,-1.0674887,1.391219,-0.07834512
129346.664,-3.237468,1.2863069,-0.43468684
117678.65,3.8237503,2.8148816,-0.19470002
115529.57,-1.9893247,2.0203905,0.571323
117242.86,0.09233528,1.7993718,-0.13326132
124549.98,-2.9860206,2.3757308,0.10191022
129675.54,-3.626533,1.0812335,-0.43766978
120134.16,-2.400199,2.4620507,0.040217627
119429.52,1.244835,3.0684586,-0.17557831
122259.17,-1.4499189,2.7947624,0.020452252
134447.2,-0.96867305,1.2137817,-0.01603359
132690.64,0.91124594,2.6432202,-0.45009524
127829.586,-3.1789558,2.018345,0.009567707
121249.195,-0.2349547,1.3988351,-0.015493922
125728.04,-1.7528387,1.8952392,-0.28420442
130726.34,-1.93614,2.787426,0.037502896
125949.87,-0.69559854,1.4504344,0.0975303
115820.45,-2.5674334,2.4383929,0.37566876
119090.484,-2.7272277,2.9457157,0.09962639
117840.91,4.1421103,1.283827,0.041058566
129964.54,-1.2943494,2.7161083,-0.11049097
118047.42,-2.1632297,3.0152194,0.25908738
121518.625,0.47404122,0.9717246,0.30865577
132861.77,-0.011130475,-0.63577753,0.72378105
117931.68,-0.11325959,-0.2741472,0.30114153
123388.016,-5.0591493,2.8182635,-0.7413708
134393.69,-3.2852993,2.3770983,0.033223696
116688.55,-2.0553577,2.530511,0.069595106
129852.086,-2.7435918,3.1262007,-0.27234545
123949.26,-1.3378495,2.341645,0.30320963
123706.72,-1.3894111,2.1579497,-0.2317294
126767.55,-0.19751652,0.40049928,0.2421005
121082.11,-1.5974705,2.1422985,-0.02193239
122762.85,-0.42889112,2.7766619,0.02070197
115140.18,-2.0308847,1.7698292,0.87304467
119288.61,-2.9970698,2.524299,0.10901202
118011.74,-0.31683144,2.6630604,0.14152262
126324.58,-1.309495,2.61192,0.022336768
123397.97,-3.5846171,2.128044,0.029995821
125607.414,-3.4708347,2.663016,0.32130682
117717.21,-2.4130077,1.7041596,0.16035348
125967.16,-2.6213758,2.42853,-0.23425223
117600.81,-2.1089644,3.278693,-0.12771624
134356.19,0.0640872,0.07579006,1.5196472
126190.16,-2.4090698,3.0465338,0.030756898
133829.97,-1.9268093,3.0633137,-0.08016974
126593.445,-0.7836694,1.0743421,0.30026364
125643.35,-1.3253601,0.43940854,-0.4157523
119284.65,0.6355802,3.0001864,-0.26633787
130625.44,0.06841567,2.2834933,0.04851975
119799.89,-2.7555637,2.3319438,0.3611749
120563.72,-2.4239137,1.5786021,0.11802635
134551.6,1.4277781,2.667204,1.6458962
132942.73,-2.394679,2.2965472,0.2359195
123218.03,-1.5427473,2.233045,0.70126104
115145.15,0.6815038,3.0571156,0.08030562
130387.11,-2.355991,0.87091964,-0.115463
123281.03,-0.57415867,2.3340368,-0.3822291
133444.05,-3.3650856,3.076518,-0.012501462
127123.72,-0.12753862,2.4889233,0.22127427
130704.04,-2.526407,1.6232481,-0.061245006
122430.57,-3.8453543,2.6364696,-0.6905395
128806.28,0.5071041,0.12891899,0.20388988
118586.58,-2.7192523,3.0038717,-0.1692945
116171.164,-0.5492864,2.2735648,0.46206152
129999.8,-2.964965,3.1904662,0.43221736
131630.05,-0.69941354,0.89482975,0.002138706
118688.734,-1.7696832,1.9724207,0.2959749
130947.71,-1.6929935,2.690821,-0.42731625
128003.92,-1.8102696,1.5638735,0.12229423
116117.65,-1.2792201,2.8167832,-0.027958432
121118.664,-0.5328904,1.7102537,0.28182375
125080.49,-1.1737971,2.3986886,0.213201
124592.2,0.673703,1.9595789,-0.31071222
132691.22,-2.5533998,2.5264711,0.24345817
123216.81,2.7823195,1.5727082,-0.4468504
134715.62,-1.191533,3.193307,-0.32638854
131168.5,-2.6071885,2.4561713,0.5402201
124750.83,-3.2685761,2.9576406,-0.18503457
128465.76,-1.8507165,0.89045626,0.62795204
122192.555,-2.8561633,0.5318859,0.21832234
118809.5,-0.99666107,1.0047846,0.4598069
117452.56,1.0163652,2.475912,0.21988323
129985.12,-0.787223,1.8593234,-0.099925876
128942.42,-3.8546367,0.11227044,-0.1336496
122520.48,-2.1121786,0.4820493,-0.01484489
132723.48,-0.5282991,1.6086863,-0.5393341
118030.77,1.3787093,3.227978,0.15249418
132797.67,-2.314886,2.8203413,0.17808475
129873.04,-2.2597926,2.5813,0.011454011
123141.05,0.19124043,1.9125804,0.2964678
126644.555,-1.0277432,1.3873003,-0.22073609
130020.555,0.37857702,0.9302553,0.36199975
125671.18,-1.2441672,1.3734405,-0.23695354
119549.125,-1.3607583,2.1687014,-0.4840395
134206.16,-3.007794,2.475391,-0.13901737
130705.75,-3.4054446,2.2432632,0.6074685
120760.375,-3.1893907,1.007188,-0.24752103
115749.72,-2.8278341,2.0811393,0.080495745
125412.47,-2.7191231,2.0101826,-0.48859462
125358.56,-1.5807575,1.1621383,-0.19477274
120341.3,-2.9819143,1.954785,-0.026820391
119070.86,-2.677055,0.21536787,-0.8976584
123587.32,-2.6430085,3.134706,0.19992475
117228.24,-0.44703782,2.083987,-0.066396736
133856.06,-1.8767883,1.6818,-0.35716718
115843.234,-3.7539775,1.2125394,0.4497889
122889.44,-3.7202976,-0.5578602,-0.067733236
125405.3,-4.4959974,0.11731445,0.08513969
115554.01,0.48618907,1.0820601,0.6394588
123433.625,1.1155351,1.4922787,-0.17079282
124854.44,-4.513057,3.0742629,-0.1592366
123570.055,-1.9364843,2.889291,-0.1821914
123399.49,-1.9842227,2.6073852,0.4650975
123558.54,-2.5357244,2.6945949,0.20298932
130071.7,-2.7894757,2.8501947,-0.11412084
120488.68,-1.4477488,2.3841653,-0.4993731
133373.69,-1.1376456,2.6528172,0.33917278
122507.76,-1.55801,2.8538878,-0.08996511
116186.164,-2.3586004,1.1709923,-0.002782672
124031.016,-2.2066293,-0.5638804,-0.17053774
119619.664,-0.7935707,2.0795438,-0.02565583
116091.266,-3.3958275,2.6370604,0.038034517
117267.46,-0.7014304,1.152379,-0.74512553
134651.81,1.7067088,1.6892424,0.08273607
131153.45,-2.0252154,2.8065605,0.7793338
117833.6,-1.3511442,0.2710553,-0.09810006
131197.08,-2.5690997,0.6285557,0.32513487
128215.92,-2.332318,1.6539174,-0.2579672
124628.984,0.14319389,2.5677798,-0.40856585
115123.414,-3.0616515,2.4819455,0.034445472
125392.83,-0.48451492,0.47814175,0.38676667
120456.12,0.068488345,1.6125699,-0.08084022
133091.05,-0.18005243,2.830311,-0.07811209
121390.33,-4.043618,0.70380354,-0.23756562
132542.48,-1.7935636,2.3058338,0.1782546
119215.164,-0.4140762,2.7491214,-0.055059835
125644.31,0.18483862,2.60698,0.23753463
128035.04,-3.4964461,3.0066705,-0.062780276
128311.12,-0.069400676,1.6874901,1.1341134
134508.53,-2.3557167,2.513267,0.013042322
119556.25,-3.8564837,2.6458654,-0.052866593
125020.17,0.44956574,0.642316,0.5272943
115691.27,-3.06273,2.6181781,-0.21843915
124834.29,-1.3423609,2.8781815,-0.5801701
119849.77,-1.1230676,0.3405062,0.105483174
116836.125,-2.5435317,2.3600218,-0.045247175
126724.89,-0.31340805,2.5757213,-0.7033238
126499.28,-2.1614368,1.7733061,-0.25445297
125188.5,0.55865806,2.2769008,0.084106244
116639.4,1.4573259,2.9019608,0.051890068
124716.875,-0.32832146,1.0674452,0.12809141
117725.21,-2.1800165,1.5058609,-0.83487695
125484.945,-0.8277994,2.9979467,-0.079918526
121541.93,-0.68467957,1.7408888,0.15938738
123818.82,-3.4213066,2.929265,-0.054144394
124917.49,0.08772163,2.865866,-0.1380346
132634.36,-0.34759125,2.732562,0.47150078
131809.6,-2.3128011,3.024304,0.014625864
124042.53,-3.620148,2.3981652,0.039192524
115806.94,-2.136083,1.0953405,0.93425393
132644.33,-2.0034215,3.1777189,-0.088792205
117501.15,-1.3370905,0.85883,-0.22589765
127908.445,-4.1089997,1.7600242,-0.22639471
115407.62,-1.9733725,1.7579817,-0.5135323
121026.03,-3.0807714,0.73454684,-0.5381323
117698.766,-3.4067743,2.8282266,1.2414039
115472.56,-1.5220555,1.5278884,-0.21250698
117537.43,-2.5567732,2.7613766,-0.46550333
118231.65,-1.8667258,3.200164,-0.40118274
134340.44,0.30294573,2.597618,0.61034113
129126.84,-3.2988455,2.8389976,-0.205862
119613.92,-1.0192678,1.1306586,-0.2451013
121531.69,-2.1896334,2.5085976,0.44845688
121680.48,-1.7903469,2.300837,0.035514083
120876.52,1.1114154,1.1745946,-0.5633278
129078.65,-0.5243078,-0.086014904,-0.120603114
124073.17,-3.2156053,2.4635308,-0.060605213
115402.98,-1.0078666,2.759311,0.15306751
115023.77,-1.4819609,0.9026111,0.7287677
120546.664,-2.1970358,2.5421488,0.5767834
129389.32,-2.9048178,0.1344055,0.014276018
123921.9,-1.2229615,2.4400165,-0.04635154
125565.84,-2.4955597,0.73940444,0.066036455
127756.125,-3.1416206,2.752882,-0.54202116
121285.29,0.7780756,1.740408,-0.28681874
115888.66,-3.1891859,0.34931841,-0.034580167
128351.72,-0.4148308,2.6494687,-0.20928149
118688.41,-1.544552,2.96536,-0.071220666
125198.39,0.7869578,2.332354,-0.30249295
121659.234,-2.602099,1.1527613,-0.3185599
133278.11,-1.7557778,0.60133827,-0.29074392
120481.78,-3.0686443,0.972083,0.17893581
134982.7,2.2758143,0.9425909,0.63450253
131167.28,0.53237236,1.0966381,-0.016373899
118666.23,-1.9918439,1.5885619,0.6946021
130791.805,-1.7036288,3.1945884,-0.07307926
121979.14,-3.7803369,2.2645586,-0.2385937
133565.83,-2.8472493,3.0392618,-0.31180856
134951.58,0.33871734,0.56082696,-0.4010674
116425.09,-0.28574407,2.2426012,0.23821406
118555.28,-3.6244843,1.899214,-0.08717022
133236.3,-2.1672528,2.5609052,0.21246138
131701.95,-1.9052706,0.75164956,-0.049427144
120463.445,-4.9470887,2.4566593,-0.0760589
123756.875,-2.1927776,2.3546808,0.13048193
120817.19,-1.1412877,3.0958931,0.16595936
122344.72,3.3375697,2.189056,-0.018948274
125811.44,-1.7208886,2.3298259,0.33692053
120069.74,-0.3962054,2.0984786,-0.26277685
121083.55,-1.5862178,2.1040974,-0.37553197
117406.84,-1.3949487,1.1999366,-0.8139491
122434.01,-2.127093,2.8324358,0.23750484
127236.32,-3.191561,0.46510935,-0.22689474
134752.14,-0.7866802,1.7800865,0.6600657
126759.3,0.12211114,2.8610082,0.68839604
116335.32,-1.3164185,2.1493347,0.38308883
125881.055,-2.0377796,1.4571067,0.118541285
126212.34,-0.75932175,0.64531046,-0.13886361
122917.77,-1.2934358,2.8687532,-0.42680103
119500.43,-3.0066779,0.77927595,0.061725672
131695.0,0.15207332,1.5588256,1.0091947
119464.35,-3.3727055,2.1556451,0.09518746
117460.56,-2.3832717,0.29480442,-0.27089182
121923.65,-1.3361585,2.824905,0.27766317
125044.05,0.3769053,2.5621986,-0.1439188
117354.43,2.774844,1.5763003,-1.1143699
116880.33,-2.0076509,1.7256783,-0.17255963
129695.4,-2.6238687,2.6015904,0.70448416
128124.65,0.44017452,1.9619215,-0.34332028
129387.2,-2.8076742,1.312977,-0.05186861
116823.7,-1.161328,1.2672727,0.0404447
115847.32,-4.536508,2.247945,0.11794947
121422.2,0.18220772,2.7029793,0.27575958
125244.78,-1.787831,2.2853289,0.39583403
118439.32,-2.1908696,1.4541554,-1.1544081
116727.414,-2.6432657,2.8998086,-0.049804106
121207.125,-3.7422316,2.3254087,0.08286361
125948.88,-0.45873484,1.1485832,-0.22603324
117590.57,-3.6658857,1.1968191,-0.11048799
120920.2,0.6368235,2.3178198,0.23851503
128973.55,-5.112817,1.6922915,-0.3832083
125147.945,0.15329286,0.8963326,-0.061084386
117506.445,-2.9111576,1.7207495,0.09500271
123453.305,-2.8895972,2.3039336,-0.9259855
115548.91,-1.5051463,2.7691483,-0.16202404
125337.414,0.69426745,2.6813085,0.50542086
124182.09,-1.446701,1.5613868,-0.5618387
120321.875,-3.5990202,3.10497,-0.24426931
123157.305,-2.338389,1.7042277,0.25907844
120262.09,0.11200183,1.1007503,-0.04142152
119951.57,-0.7048262,2.9111676,-0.05381094
125389.38,0.5399355,3.104094,-0.14734393
124323.92,-3.5023777,0.7513939,0.9682098
124392.66,-0.4952414,3.0431485,-0.0018979264
119427.59,-1.9794885,0.23837088,0.6718776
126761.984,-0.5669692,1.5867823,-0.29060298
129817.61,-2.8654997,2.2197473,0.38705572
119259.65,-2.1589708,2.8426368,0.07989976
124747.586,-3.3521614,2.628346,0.043789387
116472.56,-1.7134792,2.9905434,0.11492363
131355.25,1.5784408,2.8957698,0.19290699
124655.52,-0.42300558,1.8806372,-0.49396986
125266.14,-2.4735117,1.951222,-0.22193165
124763.625,-2.834131,2.4656715,-0.1741992
133295.4,-1.665684,2.198125,-0.025945183
122662.85,0.8280846,0.6283279,0.28173435
131741.61,-1.4625571,2.4593942,0.010249518
129975.54,-3.264411,2.7028387,-0.10816304
132910.94,-2.9547634,1.6833186,0.37742692
118774.88,-2.5274625,2.6316593,0.21092254
125961.54,-2.509877,3.044305,-0.16082253
115820.99,-3.1112738,2.6740687,0.26068702
120737.695,-0.4328001,3.0119739,-0.14456454
123680.375,-2.3601692,2.3889132,-0.079816915
124711.48,-2.172185,2.17665,-0.29666597
115159.516,-0.98685074,0.9172672,0.11839348
116090.79,0.006411785,2.096386,-0.14858359
122393.36,-3.2186918,2.8141751,0.15053576
124878.91,2.1688125,1.7180927,0.030202033
121325.7,-2.9354947,1.713793,-0.10179638
120901.0,-2.5993884,1.596005,-0.06678234
132609.75,-1.5499539,3.2568116,-0.23062831
127813.27,-4.6544857,1.1229593,-0.5354513
117834.85,-0.20777461,0.9893289,-0.03675344
115616.16,-3.539637,1.1744392,-0.037436742
129691.44,-1.5581777,2.9870737,-1.0026755
120492.914,-3.0269182,1.9885098,0.13372232
117469.336,-2.8056622,1.0639482,-0.14076303
121964.49,-4.1750183,-0.58689475,0.375335
116069.375,-0.18151787,1.5792038,-0.20403977
115711.47,-2.7292879,2.8172212,0.14351083
130131.98,-3.1618412,2.5703535,0.10560952
119794.305,-0.5599547,0.2962154,-0.19723506
124017.984,-1.8715647,3.177317,0.09771803
133697.28,-0.57465976,2.7654753,0.16882665
119484.3,-1.3085103,3.2419932,-0.7785304
127616.195,0.9296592,1.5424196,0.17725691
118843.19,-4.332589,2.327353,-0.20252445
129809.53,-0.917107,2.570853,-0.39209032
134770.39,-2.6180456,1.7545656,-1.1400435
116843.94,-1.2645092,3.1273274,0.039828446
132921.55,0.7461493,0.5977348,0.18319774
115414.516,-2.9058058,2.0059128,-0.59208155
118511.35,-1.4701809,2.2995195,0.65788555
121905.31,-1.9466804,0.8321702,0.42606974
116229.48,-1.1506724,2.5049794,0.039887447
121412.766,-0.94904023,1.970878,0.12776957
124081.055,-1.5715448,2.7350707,-0.30300102
128324.4,-1.2900833,1.3036798,0.22823423
116657.586,-1.9767336,2.795049,0.11545347
116026.71,-2.5987604,0.72543806,-0.15008847
117268.42,1.0517355,0.48252663,0.766855
129274.6,-3.7521584,2.4127073,0.85607153
133908.73,-2.460361,2.0662186,0.26267046
121838.15,-2.067624,2.9584248,0.32906243
128348.78,-2.674357,2.9786267,-0.30438313
119879.06,-2.0859098,2.9044144,0.17719613
122665.086,0.12998113,2.4282389,0.31978467
122531.37,-0.963332,0.016930675,0.6673135
133494.27,-1.2021251,2.8644454,-0.13775954
126311.63,-1.567003,1.8947157,-0.0906356
131435.0,-2.7306862,2.0689554,-0.533514
118117.266,-2.5762966,0.6304435,-0.19848306
125585.27,-1.8098594,3.1660874,0.54276913
125883.516,-2.7146966,2.2912872,0.17457199
128207.72,-0.551502,2.269344,0.2897957
121884.22,-0.8774815,2.7255526,-0.056332868
125017.12,-3.1377256,2.2418375,-0.52364385
121237.1,-2.0410116,1.4851422,-0.028361917
118742.766,-1.3213729,1.7396035,-0.012042848
126177.56,-1.3062459,1.354274,-0.5529638
116289.39,0.6239028,2.6762352,0.5451656
125474.74,-0.9608099,2.7052014,0.25309828
126172.86,-1.2172176,3.0533452,-0.32125378
134003.2,0.17915733,-0.18753137,-0.026440747
116614.64,-2.6994464,0.7384622,0.39241543
116425.555,-0.9489603,2.1029353,0.21814533
124774.26,-2.1173582,1.8164512,0.33697298
116324.02,-3.5476556,1.916377,-0.45676705
131606.97,-3.08871,2.330291,0.20338745
117356.555,1.0213053,0.13264804,0.23976721
126590.05,-0.39993528,2.1142476,-0.50216144
128364.41,-2.539816,2.545223,0.049830925
122821.56,-2.1984923,0.03217836,0.007001975
117928.15,-2.1396205,0.72856903,-0.33195624
126410.55,1.3295745,1.5140561,-0.28044763
131479.14,0.52462673,3.151742,-0.6850257
133240.61,-2.447382,0.65279824,-0.39616868
130206.945,-3.9890642,3.0300562,0.7307488
130976.64,-0.8971839,3.0089285,-0.21292119
131416.34,-1.9311823,2.4438426,-0.22652255
134499.53,-1.3416318,1.9604253,0.9887345
120194.97,0.47899514,2.4076846,-0.37123698
118540.57,-2.0216105,1.9897463,-0.47947243
122438.59,-2.6806717,2.8788342,-0.33755168
117044.24,2.7913485,0.37550598,-0.19765821
128057.16,-3.0066547,2.1314602,1.175319
119762.086,-1.427785,0.30626062,-0.906831
117254.36,-2.1107533,2.7707756,-0.15728384
129992.375,0.40562177,1.7417485,-0.75360614
130750.97,-2.4450073,2.7652073,-1.1002753
118630.984,-2.2401958,2.7814283,-0.24090762
120354.766,-3.1625173,2.8173032,0.038241923
122289.25,-0.33222666,1.8279502,0.09455214
124962.89,-2.3114114,2.5102751,-0.74722695
125869.234,-4.069804,1.847553,0.07896167
118715.36,-1.076998,0.64547265,0.54613703
132660.6,-0.021938244,1.6119908,0.27006072
133602.45,-2.4911816,2.9942162,-0.00036742713
116631.86,-2.294006,0.83789414,0.11748877
116757.336,-2.437188,2.0514305,-0.19536008
125345.87,-2.785954,2.9945903,0.0478582
116611.08,0.8555536,2.017023,0.22472861
126989.484,-3.6844954,1.4735501,0.11988465
122757.06,-3.2792234,0.8226971,-0.11386099
122842.09,0.03868975,-0.16041641,0.03521251
120887.0,-2.690711,0.55468565,0.46528938
129639.57,0.78706455,3.0218122,-0.04948257
126852.3,-2.109352,2.8263237,0.016555676
120561.36,-3.185855,3.2026446,0.7057137
116717.016,-0.12984717,1.2869858,0.2244795
116316.11,-1.7746258,2.8918128,-0.12373503
123672.125,-2.4883842,1.4446707,0.30235735
132235.44,-2.161106,2.7071958,-0.12657104
127281.625,-3.4694555,2.5257225,0.051242825
119412.03,-3.0512257,0.17441235,-0.46851996
133801.77,-3.0702348,3.3892617,-0.21495977
117771.65,-0.5873838,3.1440165,-0.19316266
125611.445,-1.4615328,2.3025947,-0.123531505
123952.47,-0.47673136,1.9649458,0.26910177
128138.29,-0.4513067,2.117236,-0.33232337
134164.33,0.5136064,1.856918,0.14509676
125694.2,-1.644968,1.9590509,0.12638211
119677.375,0.13716887,1.4242866,-0.0671882
127022.87,-2.7374814,0.8577988,-0.096946225
134136.14,-1.3402927,1.5854441,-0.44128355
130212.36,-3.676884,2.8631258,0.54389316
129891.0,-1.8885632,2.0314312,-0.23663022
134793.38,-1.8400327,2.684485,-0.47099122
134583.17,2.7834175,0.68743104,0.001391336
127707.16,-1.4910412,2.4294393,-0.5579299
115749.75,-0.33125028,1.2954259,0.9191498
129229.984,-2.608817,3.0607388,-1.7046672
118918.38,-1.6778677,2.7448635,-0.13020895
119692.73,-5.0216923,1.5987107,-0.16536783
126356.305,-1.4811426,1.0908067,-0.42400017
121837.33,-3.4593399,2.5236914,-0.18073988
122150.945,-0.9842594,1.4899507,0.15947023
122516.87,-0.06937863,2.5258608,-0.13021223
124370.266,-3.5662658,2.7373047,0.021606682
123706.45,0.2654607,0.9337112,0.1964877
130153.33,-2.6843321,-0.099210106,-0.29583308
116218.42,-1.9381096,1.9565092,-0.14231856
127905.8,-2.6971014,2.2640157,0.23895368
121051.5,-3.2518725,2.6426854,0.091801055
127714.88,-2.3779213,0.4375844,0.3849507
127143.86,-1.2968085,2.620249,-0.78282243
129118.16,-2.7892857,1.6799681,-0.13092355
129980.79,1.7804741,0.30945125,0.33541864
124555.91,-0.94972354,2.813382,0.06686846
130568.11,2.1233554,1.5842355,-0.4027338
125995.414,-0.1568089,1.5462695,0.036627986
119394.79,-5.0458837,2.901881,0.7486976
123701.16,-1.7721715,2.6341274,0.051649287
131200.06,-1.96755,2.9690254,-0.04211883
117138.484,-2.1512473,2.1175277,0.596215
128092.945,-3.2842283,2.498871,-0.13775449
119507.86,-3.4297018,2.893237,0.06488381
116119.78,0.45777774,0.7490329,-0.11869177
116408.28,-3.4415348,1.0955693,-0.3849668
124331.93,-2.7515419,0.016058635,0.37990028
126916.8,-1.4545748,0.59100276,0.18523721
120927.26,-2.323141,2.6463292,0.3212657
128804.02,-2.9661486,2.2691019,0.06373892
126717.836,-2.3777833,1.5644888,0.10292519
120074.32,-2.3244488,3.003729,-0.2515344
123982.99,-1.3886795,2.3662658,0.772974
130093.15,-3.275182,2.7457328,0.13219719
131850.77,-1.6702656,1.8567314,0.068566434
124155.56,-0.091685735,0.034548294,-0.14898083
126331.93,-1.4518603,3.1999135,-0.09540559
132828.84,-2.7019258,0.08021486,-0.11829127
125868.49,-1.0289015,2.1632023,-0.016674576
125338.21,-1.8381351,1.7106533,-0.29304087
132695.47,-0.5987619,2.7708497,-0.8849305
125567.98,-2.133276,-0.70085305,-0.23572908
127167.586,1.4966838,2.3240185,0.2564811
122227.98,-1.2246089,2.962318,-0.14688145
115526.88,-1.8560017,2.3071158,-0.10494798
133995.77,-1.6492369,0.20277552,-0.18186718
127513.64,-0.53612053,2.7526727,0.25122687
130076.695,-1.5262783,0.67223734,0.26201248
122167.46,-2.0930376,0.81505716,-0.07513184
121095.734,-1.1683352,3.1390712,-0.007971053
120277.78,-1.9507169,1.5592835,0.70538706
127887.766,-2.4284835,2.9344308,0.12013616
116126.46,-2.5268753,1.3170254,-0.28967294
133283.66,-2.2490022,2.7357237,0.9888227
132267.83,-4.350223,1.4298037,-0.22209316
128320.45,0.612275,0.6923837,0.24566214
120070.98,0.84160316,2.4838521,0.059145637
124494.93,-1.509227,1.1545032,-0.22840677
131109.39,-3.2585485,2.2350762,0.36891502
116885.35,-2.1277244,2.195958,0.06251357
131933.11,-0.93428284,3.204785,0.24139306
116798.77,-4.4553633,1.6653515,0.06654722
126341.625,-3.4463768,0.97220063,0.07122633
123663.01,0.029205529,2.6162403,-0.05539478
126741.7,-2.1882071,2.3535795,-0.048785858
130137.5,-4.0186124,1.8363298,-0.110452525
126627.39,-1.8526645,-0.42412743,0.15242444
127835.77,-3.6938505,1.4471169,0.22715609
116408.414,-2.3636782,2.6002152,0.025075337
115507.23,-1.570722,2.7894108,-0.69956696
129131.41,-0.48463234,2.7705655,-0.06326362
117358.72,-2.5440626,1.1613119,-0.00028577665
124023.36,-3.9055715,1.4262834,0.03627635
130071.945,-0.590811,2.5831478,0.2310455
132921.34,-1.1400003,2.9158697,-0.23133487
130973.53,-2.6944396,1.9170233,0.004390352
119260.055,-1.2431234,2.3395362,-0.5112264
115227.58,-1.7239721,2.8388724,-0.8010355
116286.91,-2.8298943,2.6533995,-0.26685223
119220.53,-0.85760486,1.7206328,0.30460662
131807.95,-3.2063773,0.9635614,0.594464
120690.13,-1.0027549,0.8104947,-0.76325995
124982.25,-0.88529813,0.7583925,0.11481755
124139.79,-3.0436256,2.7178721,0.031998344
124677.67,-1.0252411,2.2771127,-0.15255915
131021.23,-1.0400871,1.3950745,0.1693398
115694.23,0.13259172,2.543559,0.0077070296
133477.89,0.30531937,2.5206041,0.5295161
125453.57,-0.23417634,2.4284475,0.5406581
118478.516,-1.9043355,2.8932874,-0.44009098
129325.805,0.12727101,-0.14778621,-0.05658497
124157.94,-1.5144968,3.1643376,0.22645877
132543.64,-1.0748671,1.7223842,0.27920857
121001.6,-1.2346486,2.2083018,-0.36654833
115435.27,-1.2461752,0.92752063,-0.5456689
125408.945,0.38129368,2.6445944,0.22510946
118691.55,-1.737708,2.65779,-0.2993938
127744.59,-3.3407764,1.4000931,-0.037935287
122542.164,-2.6320739,2.9118643,-0.42312914
115099.695,-1.5152614,-0.27308115,-0.07462287
116406.77,-2.3456194,1.9039897,0.15817812
118268.08,-1.0169752,0.50645334,-0.4667886
129634.5,-2.148528,0.5973912,-1.207348
122569.57,-3.4783578,0.68170726,0.042315505
123651.87,1.888443,1.1312809,0.00033107182
116882.71,1.4138311,2.8157308,-0.27945322
127793.97,-2.0728252,2.8249338,-0.31636488
125984.03,-0.4849296,2.4962173,-0.18546577
118830.914,-0.70280594,0.27059004,0.24384913
127948.78,-1.2207205,2.4034562,-0.07739511
115961.27,-0.09506296,0.41654068,-0.44714242
125011.69,-1.2643088,1.7449309,0.365798
119136.08,0.0068199043,1.9252454,-0.044340678
123392.805,-2.2319083,1.0395371,0.10332808
115369.42,-1.843584,1.0587331,0.33858752
115061.47,-2.3576462,3.332337,-0.17722474
126201.66,-0.9316505,2.5219567,-0.15703918
116539.914,0.020103598,0.2248832,0.10450873
124713.16,-0.95285624,0.8910067,-0.12936653
133802.92,-2.8728986,2.7024994,-0.004929126
132743.42,-2.1010056,2.8075047,-0.22998345
119999.625,-3.205001,2.9002752,0.13499177
133923.5,-1.7464982,2.658836,-0.12984958
133102.16,-1.1198295,2.3786328,-0.3904299
119980.31,-2.3144963,2.0051894,-0.16621503
126043.43,-0.09091978,2.3593447,0.12997295
122720.945,-0.8199556,1.5409232,0.022275977
115160.32,-1.4533209,1.1027086,0.043784022
127026.13,-2.002199,0.8055635,-0.07276189
133475.92,0.18516202,2.0402784,-1.3258312
122994.914,-1.4755502,1.891635,-0.07112948
121286.63,-3.8662236,2.8025467,-0.08714162
133526.11,-3.0438747,2.1311054,0.05589988
116313.86,-2.1890998,3.019497,0.15792423
118242.69,0.77254516,2.9694357,0.29500523
123434.15,-1.3122888,2.4023864,-0.2117614
119925.5,-5.090279,1.3151221,0.5974535
118475.92,-3.424852,2.6661704,0.42559534
134748.2,-0.30000967,1.3210778,0.37337717
133455.47,-1.0785013,2.3937087,-0.55278087
115715.35,-0.92427135,2.418575,-0.08208316
134172.53,-2.863451,2.6673238,0.015605074
117731.56,-2.3083303,2.7964358,-0.011145289
130667.58,-3.1446083,1.4744563,0.2996748
118497.86,-2.244696,2.7973423,0.026785824
128124.445,-2.2073295,3.100021,0.11993709
115781.664,-2.60104,2.9837518,0.51173717
117893.71,-0.8405331,2.454439,-0.12385065
122777.9,-1.1356877,1.4905982,-0.1509613
115705.47,-1.1177101,2.7878141,-0.45528036
123512.56,-0.14061843,1.7534083,0.42483723
115207.39,-2.5501697,2.867301,0.044297766
115240.88,-1.0247097,1.0663464,-0.42682993
133302.36,0.45900518,1.9894156,0.36361906
117350.78,3.2332191,1.9360713,-0.048557594
133238.95,-4.190697,2.7026134,0.07417528
122706.68,-3.9319274,2.2258854,0.24361789
123223.66,-3.0494974,2.8359158,0.21533762
125535.96,-3.4707704,2.5220153,-0.11019238
124166.33,-2.4298382,1.457023,-0.36874217
123828.14,-1.4706035,2.333676,-0.06692299
121109.04,-1.4667227,2.3577492,-0.493311
121657.44,-2.0410335,2.0825775,-0.61141306
126341.74,-2.4110773,1.6216265,0.2333788
125518.59,-1.8043662,2.5101197,-0.091314726
133804.92,-4.470667,1.5290946,0.26106068
116957.22,1.1181506,0.33709008,-0.9474873
121906.58,-2.5347412,2.5097313,-0.15881762
119366.305,-3.4596398,2.0499833,-0.22673173
117973.39,-2.0109136,2.6976645,0.060099218
132724.98,-0.6208042,-0.53794885,-0.723987
130658.586,-0.22184183,0.9589122,-0.1486587
133489.48,0.29012594,2.2683635,-0.090923466
121889.77,-2.2207832,2.8721576,0.14540847
129126.016,-1.7307386,1.078934,-0.30063614
129072.6,-2.3690796,0.63583624,0.11797868
118697.05,-4.0980134,1.4660327,0.064527415
121317.72,-4.6660447,1.2638754,-0.25219178
118506.484,1.4195716,1.029658,-0.118632175
123204.81,-0.6700513,3.526332,0.38574156
117543.99,-3.3045733,1.6882942,0.032402422
117063.7,-2.3444917,1.5426697,0.5456418
120864.77,-1.3638241,2.9109087,-0.8109987
122613.62,-0.64500034,2.0983624,-0.34813586
117135.375,0.7363978,2.9636457,-0.2888874
128715.87,-2.5307255,2.4228,0.2772406
127480.37,-3.3947625,3.0188394,0.05135189
134248.8,-3.6682656,3.191517,-0.10460796
133380.97,-3.224907,2.5342216,0.42937213
122922.01,1.9877625,2.013506,0.19461986
128908.62,-0.3889343,3.1579075,0.14808565
125956.43,-3.8515096,2.575597,-0.6800611
119583.625,0.56067765,2.615107,-0.15059207
123251.305,-0.084710844,2.0750005,-0.35350335
122928.52,-1.4175696,2.604606,-0.14054966
131994.31,0.49523383,-0.26246795,1.5552595
118041.945,-1.496107,2.9887135,0.03730026
126585.984,-0.35952592,3.0877578,0.31561154
118833.06,-0.4443487,2.312062,0.10750417
116463.9,-3.0488293,2.913223,-0.13416931
115917.83,-0.25833428,0.6491093,0.10875396
115715.64,-2.0605664,1.0034508,-0.1516428
132723.1,-1.1549481,1.8444413,-0.12684579
126260.14,-1.0278335,1.3340949,-0.13649128
126895.984,1.2949762,1.1808227,-0.023053445
127205.01,-2.7425954,1.3761218,-0.017970555
123910.24,-2.1468658,3.0423307,0.00674272
127276.03,-2.0687282,1.2250836,0.12868263
117805.23,-0.5742245,1.6353701,-0.49565533
134789.03,-3.334872,1.4908574,0.10989706
125255.85,-3.2201478,2.1986308,0.07317283
130448.125,-0.5851352,2.5129228,0.39341015
120538.19,-2.324235,2.8662453,-0.31093246
120338.82,-0.8689895,2.7541254,-0.57365984
117027.45,-2.2361827,0.8899397,-0.12743522
119748.89,-2.0018685,2.253221,0.055961862
120135.42,-2.0156434,2.1091914,-0.1404397
127292.08,-0.66921955,0.38608038,0.21609691
116575.29,-2.439773,2.3344052,0.49662527
125119.58,-1.2137746,2.293734,-0.47295856
123306.56,-1.84225,2.4746606,0.008151041
134921.39,-2.619543,2.9761016,0.0010027513
126315.4,-1.7165437,2.4611435,0.090493456
131848.8,-1.5762941,1.3245454,1.3803933
127316.51,0.34186554,-0.31435174,-0.28625315
131013.984,-3.6031191,-0.41145527,0.009135615
115013.06,-2.7139828,2.3695908,-1.9100641
119588.89,1.4008814,2.761715,0.20775248
126112.72,-2.4599414,0.92283607,-0.020768125
115391.97,-1.3680128,2.4113183,-0.1665774
126422.49,-2.4968781,2.8467953,-0.03651415
134229.22,-3.3838112,0.8826234,1.3643057
130777.6,-3.0092785,3.0181608,0.12253263
131783.69,-1.7199281,1.4278964,-0.13128918
116598.73,-0.58739656,1.2865912,0.65826166
117899.914,-1.3209255,1.4551835,0.34209493
131936.72,-2.2406344,1.2724203,0.44257447
119356.27,-1.9422748,1.0415045,0.61499107
130816.36,0.16911276,1.0831463,0.20618443
122919.21,-2.0300148,1.3842405,0.4400439
116923.6,-1.721981,3.1053908,0.008167133
134856.95,-3.849961,0.63086116,-0.40705562
115787.36,-0.9250211,2.1831799,0.047401674
115643.11,-1.9911342,1.5104192,0.016884662
125497.74,-0.033403136,2.3146143,0.24673253
120123.65,-3.335763,1.1364942,0.26075733
119086.766,-2.3173652,3.156482,-0.04925669
123116.445,-1.5333719,2.8984418,-0.21479677
125427.07,-1.8246186,2.4019458,0.7641951
118413.87,-2.4859202,0.4721156,0.16388948
124870.99,0.6285984,2.2335162,-0.24361223
130932.83,-3.1163723,2.708054,-0.17715321
124044.85,-2.0944939,2.7008755,0.008578366
115399.305,-0.19424364,0.6658501,0.26577616
118661.37,0.80092824,2.7245185,0.19958504
134221.3,0.1389088,1.3028868,-0.10463657
124928.836,-2.487337,1.3270452,-0.02681175
131940.88,-3.2025578,2.7301142,0.12557456
121061.07,-0.32916766,1.3840325,0.54086494
118308.875,-0.65310764,0.9384195,-0.24396089
115834.25,-2.852936,0.6179647,0.10689805
134089.34,-2.3766181,2.693162,-0.07098793
128233.49,0.24521211,2.662253,0.31434092
122259.75,-1.7830303,1.4392214,0.23352362
129441.36,-0.23484276,2.6753888,0.28623527
127818.25,-0.12477649,2.8956873,-0.2756359
132144.33,-2.2150912,2.4041734,0.24513885
132413.72,-0.65486825,2.8433375,0.012668041
117864.64,-2.5906022,2.0577645,-0.26435444
115158.234,-1.7822248,1.8272859,0.4422568
129273.22,-0.36521584,1.8910329,0.031693794
118261.234,0.96887654,-0.408429,0.8017066
117645.58,-0.89287573,2.1833174,-0.1571116
134292.61,-2.9242587,2.2751975,-0.15884355
117806.266,-1.5818111,1.6593188,0.36745185
133912.88,0.39545906,-0.094460726,0.02916978
126730.73,-2.9038363,1.2612882,-0.28127694
124591.3,-0.5877282,0.90712446,-1.2902193
119511.14,-2.716994,2.286342,-0.117220275
130459.95,-2.9099128,1.4425153,-0.001331737
134252.58,-1.3819933,1.9052109,-0.17216389
130913.945,0.41872704,2.3395839,-0.20283467
130682.555,-1.7802593,1.0411359,-0.8390873
120538.18,-1.141608,2.8130188,-0.2483262
121253.35,-2.541909,1.0911347,0.17201519
122571.29,-2.182798,3.0855742,0.0039236927
116571.66,1.6102631,1.110268,-0.20922337
123724.72,-3.523822,1.8083715,0.18826781
123842.65,-4.32577,1.5478956,0.5223106
118346.26,-2.1212387,1.8275261,0.15972114
134076.53,0.7927445,2.3853087,0.454859
115446.7,-1.4795476,-0.2728363,0.026289366
129273.0,-3.5828028,1.9118263,0.0027603223
117407.47,-3.1586297,2.7818913,-0.34589136
126489.02,-0.55476385,1.3455911,-0.48270628
115044.266,-2.304518,1.9007106,-0.24510518
123037.08,-2.3437905,0.60296756,-0.78008324
116499.38,-3.9929452,2.4385836,0.10150137
120202.195,-1.1588651,1.8435731,0.53593194
134786.39,-3.525098,2.4740002,0.04439491
125435.46,-2.719643,2.8930109,-0.48898232
132771.61,-3.9429755,2.6113603,-0.05618953
116308.53,-2.5791533,1.6277031,-0.5947957
131068.945,-2.9667776,3.0922973,-0.077662714
117002.33,-3.1467595,2.5004668,0.39818284
122793.16,-1.7958934,2.0580297,0.08597944
123694.41,0.7331604,1.2086107,0.13045987
128522.93,-1.9919766,1.7756302,1.0111622
128382.55,-3.0859058,2.382062,-0.18921812
119756.91,-2.8202426,1.8364164,-0.32944328
131020.305,-3.2069166,0.14146894,-0.16909365
119475.83,-2.9844663,1.0704486,0.22473755
124894.18,-2.9252017,1.0435073,-0.03732708
117557.08,-2.8706858,1.1126488,-0.19444434
131374.58,-3.2892604,0.8610888,-0.21384259
131372.23,0.67191213,2.736997,0.12410425
123249.82,-2.6176682,1.3863333,-0.75393957
134066.95,-3.0496652,1.3048583,0.2122492
131189.58,-4.296388,1.7138603,-0.035632387
125370.09,-2.4733994,2.9475887,-0.021560492
122626.84,-1.002395,2.1998832,-0.38764903
117641.29,0.6235956,3.3616054,-0.06972444
124024.62,0.7742438,1.8825953,0.12413286
119168.445,-0.032548323,2.3248873,-0.716125
123970.72,-1.8552083,2.6334968,-0.124460354
123998.98,-1.8849539,0.47308818,0.051145677
131186.48,-2.2004304,2.7724977,-0.31364658
115350.734,-1.9469563,3.1431432,0.19522539
121445.31,-1.3571138,2.5808172,-0.52033967
121298.76,1.0982502,2.746541,-0.33991957
130542.55,-2.2144501,1.8962021,-0.119430505
123523.77,0.5744077,2.6271348,0.054620888
115074.06,-0.19794668,0.6101245,0.17747505
132601.7,-4.559969,2.6931286,0.35282272
124874.51,-2.582958,2.1833022,-1.2061125
129625.88,-1.6901443,2.3678057,0.13942891
125697.55,1.5535603,2.965482,-0.5850998
128871.3,-2.1372104,2.6800113,-0.40197748
123183.8,-0.54997355,2.052141,-0.25767308
127161.64,-2.8751712,3.090954,-0.5024019
116279.96,-2.0598078,2.0059147,-0.29661202
129474.92,-3.0270224,1.472747,-0.3091388
130205.18,-1.4304235,2.6122851,-0.7029146
125376.7,0.47048077,2.3106828,0.1835881
130971.33,-4.610264,0.8215166,0.0704426
120079.39,-2.297895,2.8908303,0.88300544
115306.09,-2.818358,2.0513685,-0.3090217
122529.43,-1.7600251,2.9567454,-0.12033223
115995.85,-2.5924132,2.9475012,-0.14566325
129530.63,0.631833,1.2474486,0.9030581
123458.12,-1.8506552,2.8350294,0.10611551
134305.11,-1.7389324,1.8862357,-0.9084244
117373.24,-2.6889765,1.414876,0.52858996
129827.74,0.13802643,2.2320023,-0.1272627
127270.47,-2.4813547,-0.105600215,-0.3039552
122713.46,1.1514862,1.2066602,-0.22050366
122928.52,-1.9057369,0.96805084,0.060515814
119812.7,-1.0692437,3.1009557,-0.03500302
118345.47,-0.6495572,3.2839663,-0.6432043
117894.66,-3.5417645,1.6793785,0.16397768
129490.22,-1.4173285,2.3125095,0.4136398
122692.99,-2.208381,1.7352023,-0.28655443
118520.2,-0.11781331,2.568483,-0.17481843
115363.57,-1.7275777,2.9202447,0.14490962
118056.195,-2.266065,2.2768865,0.35462022
133138.42,-3.4133708,2.8873043,0.20429991
125020.66,-1.2371906,2.7860787,-0.42467216
117078.875,1.1042904,3.2094,-0.6676049
133416.69,-2.3386533,0.8706938,-0.34068927
121213.16,-1.7852122,2.2603378,0.23527941
133156.31,-1.8272339,1.5297602,-0.0031679787
115965.375,-1.0320704,2.696573,-0.26580596
120176.2,-2.9544585,2.1102815,-0.81488454
118955.086,0.025772503,2.876208,0.02630665
118309.65,-1.8983335,0.82819694,-0.071596734
122515.24,-1.2354914,1.1230788,0.026008654
116503.71,-0.52113754,0.2861616,-0.5182758
129966.68,-4.1379952,1.9700106,-0.40131208
128508.26,-4.14588,1.2361774,0.120016955
115474.15,-1.7150168,0.5746206,-0.28078344
133903.19,-0.09212451,1.3291869,-0.77996343
126563.14,-3.0104854,2.89414,-0.33219704
134370.17,-0.72164077,1.2988878,0.16181543
124853.59,-3.6143675,3.0614893,-0.27572232
117088.586,-1.9825906,2.863898,-0.6523482
118991.89,-1.8399504,2.5489125,0.05533786
121271.18,-2.511665,2.415139,-0.47133926
122374.484,-2.2006383,2.9953175,-0.43012753
122688.016,-2.2256658,2.1581066,0.023017984
122728.27,-1.7766708,2.718238,0.14397332
127717.49,-2.4173815,0.6910451,-0.52518535
131317.34,3.0384858,2.4939916,-0.6593034
130833.516,-1.5341014,1.7245897,-0.11988584
119709.44,-1.7843221,3.11761,-0.09106501
128076.5,-2.3452773,2.6644318,-1.0747064
115308.85,-2.9604816,1.5013578,0.0069614477
116271.21,-1.7627411,0.3016819,0.1903216
118964.984,-2.8971486,3.0444973,-0.46126974
127835.17,-2.1900482,1.5354555,-0.49294028
133967.31,-2.7179182,2.7482889,-0.057999846
130350.08,-1.6387929,2.6237025,-0.12381907
123007.805,-1.2185649,2.6132948,0.35404032
130863.54,-0.51732534,1.0705957,0.05345096
134453.62,-3.1031244,2.885313,0.15309374
132568.8,-1.8659898,3.1412003,0.71624124
118169.61,-1.1016802,1.0573976,-0.018562073
122982.91,0.026393464,2.4566104,0.20562479
121034.19,-3.2904823,1.3196373,-0.17750664
121502.87,-1.0933231,1.0439236,-0.12408249
118968.5,-1.4690416,2.0953808,-0.04129458
115782.71,-3.588631,1.2119929,0.08469925
115634.586,-2.0301487,1.6730487,-0.38351524
124047.5,-0.40144342,3.2527425,-0.5309286
127352.05,-3.0566761,2.1841524,-0.28414962
130543.11,-2.8293915,2.9511085,0.1101742
127016.51,0.62952346,1.5414665,-0.18401244
120300.07,-1.6448812,1.4293674,0.44223
129024.086,-3.0833676,2.1441371,-0.4992527
130609.42,-2.3112671,1.7783802,0.14001596
129244.336,-2.6721175,1.500931,-0.25248381
116112.61,-0.7505914,2.7224226,0.30909443
125112.8,-4.6514344,0.8847425,0.26140398
115512.04,-2.7601662,2.865984,0.35004184
118258.74,-0.02721177,2.7709095,-0.10261915
127167.94,0.30471322,2.0697653,-0.0014282872
133656.52,2.3535597,1.9988098,-0.15270159
132386.0,-4.2428217,3.2102506,0.42913967
126277.555,-2.8736138,1.6522889,0.29395512
133541.9,-2.8809025,2.6568882,-0.17179468
118481.39,-1.228005,1.2695235,-0.1850316
120459.73,1.0829979,2.8223736,0.12193425
115610.62,-1.9872496,2.894403,-0.43774605
131007.95,-2.2884572,-0.5726565,-0.9171112
126420.62,2.302133,1.2761074,0.48031366
122845.35,0.06116354,1.4957342,-0.021628138
122003.73,-0.56170636,2.2482831,-0.22913924
115080.76,-0.55101055,2.294328,-0.82611024
126383.34,-3.1894546,0.14481446,0.20610397
118779.75,-2.6275215,2.476206,0.12677547
121184.95,-2.0083249,2.111476,-0.114364296
122265.3,-3.1383955,2.910543,-0.19183928
128645.69,-2.4228144,0.70310074,0.062499862
115920.2,-0.94147056,3.2254078,-0.23496562
118861.2,-3.2718315,2.505058,0.042391196
118236.33,-0.6161296,3.1967456,-0.15103608
119358.95,-0.11396322,0.9476323,0.26120672
130574.2,-2.5301843,-0.21803032,-0.078534044
134343.72,-1.6042969,1.9382368,-0.48270896
129822.38,-3.0276108,2.7452366,-0.3765976
116574.73,-2.6789706,3.0513923,-0.65898603
129070.836,-2.3200197,2.9344697,-0.27685767
116775.75,-1.5892847,3.0568657,0.1196832
130297.14,0.9726588,2.1223683,0.07316389
118212.86,-3.0553806,2.4193845,0.11815449
124698.94,-3.968329,0.81411666,-0.046831015
118871.58,0.29773247,1.3804235,-0.10618346
126896.39,-1.3769064,0.9329616,-0.9446122
117570.34,-3.1712286,1.650693,-0.03206241
129158.99,-2.643214,1.6829016,-0.28650942
123568.164,-2.8946276,2.5153184,0.20123653
125660.266,-1.3698189,1.3961504,-0.6935632
127123.89,-0.008872213,1.2360297,0.2075558
116468.305,-2.1291904,2.978926,-0.49022436
125989.13,-2.3190968,2.991984,0.09076225
123991.23,-4.0180044,2.7096329,0.18518059
132041.86,-2.4689412,2.5357747,-0.0538169
129258.97,-4.666464,0.52958006,-0.5062773
129495.64,1.4339147,1.2274219,0.8067147
128263.65,1.6923712,2.3008876,-0.50995547
118778.33,-3.5073085,2.3705153,-1.9589918
128517.836,0.99247724,0.73433554,0.4837269
117596.375,-1.3693591,1.1951323,-0.8982499
133510.62,-4.0046844,2.0627472,-0.45673308
122053.836,-3.1019096,2.6853037,-0.28733218
131098.12,-2.2745326,2.375057,0.061392512
129811.26,-0.95347375,2.086278,0.27540675
116001.2,-3.4309623,2.3689017,0.17089176
134603.52,-1.1879252,0.74272424,0.028955821
122691.56,-3.3436995,1.7549917,-0.122427136
127620.6,-3.821031,2.6579978,0.007887614
125644.72,-3.4771345,2.4213343,-0.5479658
128571.59,-4.033055,2.2362227,0.6413159
119522.27,-3.2303922,2.937531,0.21845703
122510.05,-2.2386625,2.8473802,1.1274741
119561.65,-0.7128033,0.91153866,0.7122004
134094.39,-2.376915,2.1097958,-0.17291038
128287.69,-0.9777987,2.697709,-0.013836179
128700.74,-3.7599547,0.3664333,-0.3223927
126543.21,-2.0151844,2.00937,0.006521012
129359.02,-2.5529654,1.8532743,-0.14500736
116213.32,3.5690365,2.7456374,0.038519654
116770.03,-3.0729766,1.9288445,0.4679916
116784.27,-0.638656,1.1610844,0.00406375
115447.94,-3.9641078,3.4315174,0.96430546
133653.53,-2.0687358,3.1234558,0.036493886
127498.14,0.4196473,0.8088751,-0.01539171
127779.23,-2.4205115,2.2159965,-0.06679545
120707.805,-1.7406148,2.1459646,-0.0929835
123145.31,-3.225498,2.6572738,-0.25448546
119166.24,-2.2177536,1.2331774,0.11254862
124222.51,-1.5033563,3.0253148,-0.12570865
117758.914,-3.773062,2.0731344,1.0354207
131008.76,-3.4908528,3.2678125,-0.08757341
133070.17,-2.5162413,2.8665216,-0.50517356
129880.5,1.7341999,2.1216607,0.017607596
134585.64,-0.14710805,1.1757629,-0.24063556
129238.055,-5.1215463,2.0752819,-0.01826825
132200.64,-0.2233858,0.24106048,-0.28250498
131136.14,-1.6871614,0.89096487,0.21089572
131347.2,-0.11174904,1.9847246,-0.16483383
127995.25,-0.60468775,2.639765,0.18836495
133716.6,-2.280822,2.9546216,-0.22273175
128869.625,-0.5925082,3.2244804,0.023371404
117378.914,-0.57502073,2.6289842,0.33563203
117866.7,-0.5521963,2.8921912,-0.3609943
131025.21,-3.4815137,2.6493165,-0.3057974
120324.46,-1.3765647,2.981404,0.6922509
124777.484,-3.1112866,2.5705438,0.033026423
123999.19,-2.3531106,2.9858813,-0.036304362
120220.54,-1.2055037,0.34941137,0.36664012
117781.8,-3.4237595,2.8245914,0.23909791
115686.82,2.7011921,1.4600747,0.013247938
130292.05,-1.7905004,1.4603137,-0.37399492
118453.43,0.97784007,0.74165714,-0.20685431
126455.31,-2.5193703,0.14353792,0.17425612
115916.69,-2.8936481,2.0382724,-0.07368061
130783.52,-2.6198037,2.508159,-0.093899235
120355.83,-4.6943336,2.789691,0.23120522
123825.12,-4.3619814,2.1543653,-0.28583297
118192.37,-3.0294902,1.5396676,-0.11382552
118821.48,0.5154635,-0.10441495,0.14449422
132979.33,-3.4951587,1.4940772,-0.061144583
130243.195,-1.1688973,2.241308,-0.049382146
120351.17,-3.572218,0.5194769,-0.077915706
115283.0,-2.1855087,2.1107724,-0.3176725
128648.36,-2.4020405,3.0362513,0.12527178
133190.94,-3.8053014,1.5096165,0.008241632
124104.19,-1.6603577,2.8348835,-0.010520097
124405.7,-1.8742005,2.850826,-0.16622397
133185.69,-3.0361762,1.471294,-0.10002749
122510.74,-3.1209242,0.83215976,-0.13724402
121918.47,-1.627712,2.6111512,0.13042054
117418.59,-2.2454526,1.6156201,-0.32709268
127824.484,-1.890602,3.115501,-0.14028952
130295.68,-3.1147015,2.478429,0.011781805
121178.56,-3.1232114,1.7842062,0.16066161
115781.18,-1.3139775,0.8730504,-0.10847116
121800.54,-3.3288043,2.2575467,0.41114262
128276.734,0.02693728,2.7637248,-0.18365635
132571.62,-1.5979478,3.0027015,-0.11557654
127640.11,-2.144836,1.4044536,0.17944002
117977.02,-1.1814966,1.1830066,-0.23912801
134405.05,-2.8308647,2.685674,0.49939424
125153.164,-1.2465891,1.5666541,-0.15939572
128913.32,-1.5564725,1.0444591,-0.44798633
131552.88,-2.720282,0.6589332,0.86958796
120537.445,-0.48030525,1.7110416,0.06180732
128000.875,-1.1227345,3.267457,-0.49897736
116284.586,-0.28142902,2.7307446,-0.30661482
119070.34,-1.3840152,1.4745136,0.3359717
133578.6,-1.4192362,1.1450204,0.5112026
121327.086,-1.5844065,2.0471456,-0.33761337
119206.234,0.11332813,0.34305435,0.11070463
132166.14,-2.7310748,2.9429233,-0.13755155
120496.01,-1.8395392,0.68789095,-0.13999271
118177.2,-0.9194104,1.9685345,0.10893633
118652.67,-1.8499991,2.7679045,-0.27114156
117392.445,0.9320094,1.4468918,0.05422396
118832.516,-1.8391621,1.6446501,0.50007546
121242.15,-3.2224052,1.4319669,0.034385875
132110.92,-2.2304459,2.2779493,0.11124162
119738.68,0.6186692,0.24535768,0.047998857
129662.57,-1.0530598,2.741178,0.8896799
118671.96,-3.609756,1.2667192,0.5246719
121604.74,1.7542216,1.495005,0.13704376
119135.016,-2.940986,1.2611604,-1.6116122
118593.01,-0.98452497,0.38849962,-0.08625925
122032.63,-1.4946215,1.9869263,-0.81455433
121114.66,-1.5765916,3.0127723,-0.008791432
115307.96,-0.8037923,1.4213388,-0.19997065
120303.32,-1.2353601,1.6384044,-0.5862557
124694.28,-3.5703058,2.6213448,0.051425196
118488.14,-2.3798385,0.26293457,0.22324044
121632.76,-2.4918401,0.016703755,-0.37247574
119048.38,-1.2320752,2.879592,-0.44373336
133091.14,-1.1098958,1.5254291,-0.5163886
117287.305,-0.113405965,-0.16875406,0.051010985
115677.99,0.14239453,2.806237,0.23187333
116852.24,-0.7694479,2.5011072,1.0438318
131134.78,-0.34932327,1.7678913,-0.15391412
125121.375,-3.2529674,2.8721807,0.028609551
116406.0,-2.9533033,1.3797191,-0.013912763
117303.27,-0.19426739,1.4925195,0.26033598
130641.64,1.4571248,1.3676488,-0.23794945
127794.34,0.5826079,0.31475642,-0.5744439
126575.06,-1.5403761,1.5967617,0.3787089
118457.41,-1.1283855,1.8201464,0.19107254
133701.94,-3.434709,2.5379617,-0.18849428
117449.33,-3.007052,2.824838,0.10952874
130287.52,-0.95956147,2.2505817,-0.3624554
125225.586,-1.2126153,0.93344134,-0.12665479
118426.55,-0.5357469,1.918034,-0.016358105
115996.29,-2.995616,2.984979,-0.33981377
126328.734,-2.0140636,2.3387897,-0.5274397
121310.45,0.14244927,2.960557,0.06480157
125441.95,-0.5593227,2.9183245,0.71160024
121633.62,-0.8467868,2.0472705,-0.4331915
117962.98,0.49248824,2.7603006,-0.4776037
129184.945,-1.0887374,0.48336098,-0.27072883
125073.055,-4.696854,1.4305617,-0.12878843
122621.414,-1.2158272,2.3972871,0.084196836
129354.62,-1.2986938,2.1244853,-0.7155591
134994.5,-2.7827425,-0.015428543,0.17360649
120914.47,-4.0276055,2.6796317,-0.2525783
126509.35,-2.2640145,2.804288,-0.036283504
128654.875,-4.6885343,1.1822637,0.56949687
123860.01,-3.5142748,2.5232737,-0.2993038
133920.4,-1.4325488,2.839694,-0.051048234
122439.84,-1.7953614,2.438125,-0.15841325
121397.37,-1.4173175,1.2175583,1.2654104
133905.66,-2.364801,1.7237473,-0.04755663
134938.88,-3.0997295,1.3082834,0.17902581
116816.78,-1.1177335,2.8445275,-0.0650495
116154.41,-2.2609808,1.5039103,-0.021882625
118831.96,-0.640708,1.7548205,-0.10807274
117143.07,-2.5533628,2.4151998,-0.03711759
132671.64,-1.1759431,2.9130394,-0.4207544
120515.1,-0.8364105,2.8076787,0.21412478
118726.695,-1.2431207,3.0526645,-0.14688443
119985.086,2.806817,1.8365899,-0.7162591
130556.88,-2.6859636,1.943333,0.118125886
118605.36,0.037692353,1.4297409,-0.34158713
126070.8,-0.056021232,3.1822746,-0.20129672
120518.56,-2.2058723,2.6898289,0.1295933
118047.125,-3.1496449,1.8135746,0.56012136
126448.68,-1.9888839,2.7951953,0.18683565
118124.016,-1.4244064,2.8285918,-0.55759615
119400.19,-2.0747702,2.0180843,-0.21396238
118932.54,-0.32454678,1.4471604,-0.18799902
119784.69,-3.8917158,2.1956854,0.35069743
128519.38,-3.1129375,1.3238924,0.49003008
119645.45,-2.7400558,1.2818966,-0.032140486
133199.55,-2.7949734,3.1112473,-0.4453622
117323.664,-3.7831576,2.364298,0.29953358
127228.51,-3.2812777,1.7985357,-0.18978669
128008.83,-1.1639909,1.7617979,-0.34244713
132402.6,-2.6403613,1.9989955,-0.2144791
131007.29,-1.2488027,1.1410005,-0.1806764
134929.48,-3.2074757,2.7175224,0.19508891
129178.375,-2.1931067,3.2333324,-0.046238303
123810.22,-3.499161,1.2915256,-0.09526196
126540.086,-1.0623046,1.1069739,-0.35758615
119045.17,-1.3657511,0.4716472,-0.015554713
123967.484,-2.2995045,3.0593987,0.15900476
115037.33,-1.961888,2.9928212,-0.33503214
117443.39,-0.5392557,1.4945033,-0.21553579
125881.76,1.8493757,2.627118,-0.08569664
126029.73,-1.3450507,2.2037616,-0.014256352
119806.67,-0.57576567,1.8329482,-0.14256291
131362.19,-0.21834785,2.6259465,0.39893556
134461.75,-4.0262985,2.60236,-0.07713436
124130.13,-2.0132167,2.9601607,0.030909471
127436.875,-2.6405535,2.8405719,-0.4596567
121808.125,-2.3248122,0.8901645,0.48052347
118663.53,-1.3725483,2.612089,-0.4006839
127982.414,-5.105964,1.5993907,-0.21231239
131545.2,-3.5781155,2.7602317,-0.3804775
128740.14,-2.6190794,2.9836216,0.018561775
115565.8,-0.9561625,2.2040126,0.20425342
121652.64,-3.311172,1.544024,-0.008495821
128476.97,-3.2125397,2.5126734,-0.07983717
129010.66,-1.4216367,2.7254417,-0.1383901
128995.11,0.10757485,1.5422158,0.34323505
116596.72,1.6140536,2.0678225,0.10583242
126085.63,-2.9358542,2.785105,0.47418392
128585.7,-3.155001,3.1894917,0.19956955
119925.21,-2.8801086,2.0034962,-0.31534663
116895.92,-2.9880714,1.0765839,-0.5246558
119144.77,-1.1560289,0.48730427,-0.073555455
132465.88,-2.9259794,2.5911736,-0.040208388
115254.53,-3.4287534,2.665905,-0.042179324
115021.95,-3.1391082,2.006369,-0.121821314
120274.09,-2.0694106,2.4070153,-0.52192473
120065.18,1.9550302,2.2156255,-0.1001455
122877.88,-3.478565,2.2224224,-0.0634749
134648.83,1.1172806,0.37867105,-0.34282976
121351.36,-2.7959142,2.3956747,0.27671435
121217.68,-0.4834235,2.9387794,0.0767875
124216.13,1.2673916,2.2894778,-0.25492826
126957.695,-1.9912791,1.1920468,0.34271
116350.125,-2.683187,2.394936,0.17917839
115553.79,-3.4630904,2.7241938,-0.22490235
117305.57,-1.9798918,3.1734097,-0.16166346
116585.4,-5.2120743,2.1070051,-0.27032742
117480.54,-2.072505,2.1756008,-0.2094433
128260.05,-2.8135965,1.1060685,-0.29977643
117960.72,0.20612182,2.9228053,-0.043431494
120360.31,0.22116955,0.4492105,-0.4162532
129674.1,-0.34433767,2.5304098,0.15302104
131571.8,-1.9145747,1.6675161,-0.119489506
123989.88,-3.1017623,2.4901538,-0.13211523
130286.9,-2.9175098,2.4724972,-0.28261194
118733.62,-2.0015454,0.7141533,0.14712611
133132.42,-0.8800053,2.406589,-0.19581988
120114.83,-2.3156586,2.8056684,0.52410156
133892.23,1.6808888,2.5193148,-0.6746272
123275.1,-1.971833,2.7662098,1.8758031
129440.875,-3.076414,2.4666643,-0.14457557
129419.83,-1.5307056,1.2892655,0.33431786
129680.1,-2.3978467,0.22935645,-0.3093501
133240.89,-1.9661934,3.0832078,0.26574576
121001.23,1.065323,0.966062,0.06753656
128094.586,-2.4395602,2.0191724,-0.009790011
128178.1,-0.75611913,2.7550907,-0.5723859
119589.13,-1.3070738,0.57488686,0.14311689
118134.82,-0.39469793,2.4429047,-0.06575664
121226.27,-3.1952827,0.7381536,-0.57111466
120186.23,-0.8101814,1.5018433,0.2583859
130135.164,1.0456499,2.4693453,1.9749976
130857.51,-3.9703798,1.2899497,-0.1577514
118296.73,-3.0007849,2.7143817,0.27906016
116201.76,-0.44061053,1.5041273,-0.34314802
122766.23,0.06074027,3.1102018,-0.10409273
132912.12,-0.4907531,2.1015997,0.23408863
130695.17,-2.7195792,2.5616782,0.29601902
117384.97,0.054002333,3.1542687,0.123153046
121921.62,-4.582221,2.4042058,-0.094353676
129642.13,-2.6903894,2.8622198,0.22731283
129477.195,-1.9939892,2.981349,0.023983486
126278.43,0.5044839,2.914208,-0.30971575
119295.17,-2.9214654,1.0394927,-0.22279702
125728.91,-3.8548248,2.2573292,-0.5898225
132527.7,2.1313674,1.0364094,0.2918334
129199.81,-2.8074522,2.1692202,0.103581965
124860.28,-1.6737831,1.9608496,0.59226304
130678.07,-0.50581396,1.729378,0.28804886
131406.12,-3.720967,0.81176114,-0.45779034
129692.29,-4.318671,0.5420106,-0.6046989
121160.01,-2.6082988,2.6700077,0.06508049
126791.945,-3.1872566,2.2983098,0.30297896
120261.9,-0.0035594238,1.7676516,-0.20977764
117095.92,-0.65315616,2.889224,-0.059835494
125884.33,-1.7700032,2.716299,-0.5353574
124570.31,-1.5519092,0.74581397,-0.098514274
127139.08,-3.1182916,2.997081,-0.077914216
120300.914,-2.23277,0.9261944,0.22670671
116462.73,-1.7289594,2.7439198,-0.16431174
125712.75,-2.4224045,2.6966193,-0.16892856
115862.73,-1.5420306,1.4822237,-0.1567537
126584.34,-2.7448053,1.7731038,-0.11928836
119532.81,-1.9299934,2.733425,0.06330802
130006.016,-2.7383575,1.930618,-0.21880479
126200.484,-3.2877946,2.1003275,0.12469666
115197.805,-1.888713,-0.76290494,-0.6795906
129983.79,2.398297,1.8829871,0.091711655
123489.0,-2.0575724,0.93159735,-0.21260323
121046.14,-2.2401502,2.7484477,0.16920035
127518.78,-2.1278453,1.3025206,-0.18806666
131428.8,-0.7759217,2.6586847,0.4137262
122588.586,-2.5891702,1.9472836,0.020633431
117616.74,-0.3659935,2.7190733,-0.36727932
117309.664,-2.4558032,2.6503196,-0.10317133
123966.34,1.5210065,1.8640417,-0.34418684
123201.695,-3.2481904,2.5759792,-0.21328802
115821.75,0.054830283,2.4895272,0.5269701
123907.5,-0.61929846,1.6923978,0.0143606495
118820.05,-1.5969001,1.27536,0.08066799
129281.94,-3.2020772,2.9456038,-0.24631861
124374.836,-2.1408014,2.7997277,-0.12528251
129765.0,-2.1645021,2.4632351,-0.015979951
115845.15,-2.5588603,2.611418,0.10960443
127658.29,-3.6104214,0.026015967,0.16845714
119387.945,1.6767834,2.4987338,-0.18252128
117624.75,-2.4371588,2.1906044,0.09641699
124477.32,-3.9739916,2.3004415,0.019927185
116429.15,-1.8961594,0.2204021,-0.6150331
121879.86,-1.7384495,2.7987711,-0.38822237
118288.99,-3.0699956,3.1157684,0.366034
124714.88,-1.0391744,2.4104924,0.26530415
126395.2,-1.3532054,2.4984343,0.16512854
127339.5,-2.1116722,1.7585905,-0.18304993
116058.22,-2.121312,3.067924,0.49875894
122757.11,-1.51134,-0.032284025,0.25975788
118534.35,0.48862675,3.0985384,-0.14392653
121760.01,-2.361276,2.3499663,-0.36461914
119398.52,-0.20161115,2.663037,-0.08936346
122125.95,-1.9321356,0.9771151,-0.38696423
118694.19,-0.53812397,3.0123537,0.37403277
123693.63,-3.327185,3.0258837,-0.2516849
129672.62,-4.46172,2.2921364,-0.29891047
116779.65,1.2104262,1.6460563,0.7779726
133729.67,-2.7577326,2.7328131,0.11816283
122262.32,-2.5467837,1.7212265,-0.012627216
117715.55,0.49047208,1.9513143,-0.7883428
122133.82,-0.006726571,0.8021944,0.67620987
131304.97,-1.5373952,1.8421351,-0.13548405
131487.36,-2.3168113,2.6256702,0.25696686
118743.625,-2.6463711,2.8802094,-0.5669338
125946.33,0.040071156,3.1110284,-0.22418806
129005.28,1.8273683,2.8158166,-0.06643309
133171.45,-0.43271092,2.762361,-0.017698485
132942.89,0.15626164,2.9990752,0.059357807
126693.95,-1.0474256,2.8630693,0.01070545
116202.44,0.1807037,3.3030927,-0.50262064
117368.445,-3.295627,2.8845637,-0.39709038
117383.805,-3.2417326,0.66111374,-0.26202857
120270.984,-2.4389207,2.1713917,0.31037578
132464.11,0.20859429,2.9444275,-1.0367315
121970.77,-0.9674376,3.0012496,-0.09528342
124318.15,-1.5777812,1.5977296,-0.1137111
117694.98,5.3568,1.0850252,1.9169328
120371.266,-0.73118937,2.7155685,-0.3406407
120810.08,-2.0645452,3.304031,0.50130856
126024.26,-0.41909763,1.9505444,-0.3551119
134047.42,1.339454,2.7457218,0.1804669
122912.88,1.0508353,1.2405087,0.11348671
130475.04,1.5043538,0.5390525,-0.15146372
126886.875,-1.1210374,1.185619,-0.14772269
123221.125,-0.5812699,1.8410788,-0.06635948
130607.5,-1.317117,2.875684,0.029213287
125025.57,-2.2223184,1.7535014,0.263779
122213.945,-2.9988678,0.45081955,0.28701422
132901.6,-2.8249636,2.0733044,-0.25540447
132005.3,1.2375323,2.969563,-0.060157623
115075.44,0.2476963,2.941967,-0.11545019
123967.14,-0.4176904,2.0114558,0.20621899
121735.49,-2.5736933,3.161431,-0.10019913
134937.39,-3.7062926,1.4725468,-0.05560546
118440.03,-2.6613195,1.7699335,-0.4811111
117277.52,-0.1083043,2.6538856,-0.44817647
127296.13,-0.8332248,0.1447247,-0.20004456
126655.375,-2.529434,2.2473376,0.22127189
118274.055,-2.9923847,1.2237786,-0.6000645
121240.39,-0.5978981,2.1426988,0.14389585
127348.67,-3.134067,1.9401556,-0.65106833
130497.63,-3.2407396,2.676372,0.110974014
122852.45,-2.6104825,0.5933839,-0.17594753
128834.67,-1.0091337,-0.54837525,0.24249564
129981.98,-2.3226206,3.0250685,-0.041845866
130516.32,-0.167264,1.3252256,-0.17989416
116577.35,-0.72098017,2.263052,0.35044768
122954.49,-1.0916334,0.5655943,-0.10458621
119325.64,2.7615278,2.8030694,-0.56965774
130889.01,-1.6876566,1.5800686,0.47832546
128466.24,-1.7744398,1.8364575,0.080971345
123092.82,-2.8909664,0.97226596,-0.96911633
131408.7,-1.6721771,0.2269962,-0.19151446
118024.28,-3.3753726,1.1595187,0.52892727
126435.586,-2.418368,1.997053,0.5007048
128446.87,-1.8298091,1.077771,0.23766813
131020.11,0.5236493,1.3033445,0.05677181
123898.27,-0.95306355,2.0381732,0.1931883
122232.08,-2.90816,2.8375285,0.3841288
133235.64,-1.011258,1.3779278,0.25542027
129883.65,-1.0782751,3.0781953,-0.4716611
116710.46,-0.054240663,3.0150342,-0.01652826
127695.266,0.9011404,1.5903147,-0.031593964
117127.82,-0.70720917,1.2918736,0.15436499
118318.18,-3.1651168,2.859552,-0.1411248
115800.31,-3.217948,3.2150733,0.003903429
122942.01,-3.0384998,0.5755579,0.23537
128045.81,-1.2119445,1.8324505,-0.027701562
130920.61,1.3900775,2.7004704,0.119795844
127398.266,-2.9954941,3.1345394,-0.3126617
127312.77,2.184567,1.078457,0.16725741
132010.17,-2.191465,1.5217454,0.053168464
121574.73,-0.49731678,0.19175476,-0.30838877
131145.52,-2.5781019,2.6914258,-0.038635574
121128.07,-0.4045238,2.3718724,0.122815125
115478.48,-3.5942154,1.0018696,-0.11968409
131295.34,-4.0523705,2.2709625,-0.7070234
134732.8,-1.7858785,3.2358236,0.29097694
121138.39,-2.5253038,1.6228682,0.041919768
125263.16,-2.9673216,1.8788972,-0.23144273
121439.42,-1.3489794,2.9901915,-0.26249138
134480.56,1.0922726,2.6059177,-0.008692497
129035.875,-1.0428,2.9092677,-0.1787305
133977.48,0.09133237,0.7280231,-0.39831543
116853.734,-2.6656203,0.31502086,-0.00030782825
123425.89,-0.28387704,2.0538116,-0.7191002
132323.02,-1.6622534,3.4471169,-0.25944617
134510.58,-1.7725163,2.7347639,-0.119386695
115760.12,-0.31934664,2.2680109,0.39576313
131350.42,-3.4529595,1.8783246,0.627247
127705.73,1.356343,2.0257235,-0.251122
127843.836,-1.7081308,1.049335,-0.31314236
127593.984,-1.4997429,3.0109549,-0.0030151075
132199.56,-0.3287468,2.0717275,-0.5413933
126384.734,-1.2174218,2.5737705,-1.9488266
134470.2,-1.4078119,2.9874156,-0.37032482
123957.375,-4.1214056,2.8133614,0.73726416
123630.516,-4.0689464,0.7069323,0.28425658
128465.17,-0.31660104,2.4932086,-0.4018595
119632.37,-2.8803256,2.6344864,0.07108031
129795.305,-0.9675286,2.2529197,-0.16329588
123706.4,-1.4286019,2.1815176,0.52737296
115759.88,2.19308,1.2103826,0.30621877
128136.92,-2.3412979,3.0524445,0.02556226
123361.266,-0.5719686,2.8723984,-0.014111824
127099.04,-1.0153313,2.993553,-0.33153638
132231.53,-2.7596917,0.75317425,-0.15859143
128067.74,-1.940599,1.3281237,-0.47838774
119009.37,-1.6815156,1.4943757,-0.21088707
116961.875,-2.8022013,0.75372344,-0.11417001
134855.64,-1.7362316,2.7607126,-0.4246483
129272.48,-3.5188868,1.3939298,0.03352169
129549.84,-2.0608113,1.7442726,-0.062426254
119819.555,-3.6350904,0.21324657,0.30767477
131033.83,-1.2271702,2.8524046,0.28882185
124304.69,-3.1197653,2.0305197,0.55735
127538.89,-1.1793393,2.4111154,0.17574549
131924.67,-2.8509314,1.7089581,0.13220374
130648.61,1.4361554,1.7235082,0.5654733
120013.85,-4.0965,2.8572009,-0.114547566
130223.08,-2.5887568,2.5202508,-0.06345821
123129.41,-2.7596302,0.92500263,-0.74185085
127190.914,-3.9319077,0.47472894,-0.059138186
125141.914,-3.3897846,2.8251507,-0.257761
122669.96,-1.855535,2.318864,-0.60420424
121862.98,-2.689533,2.4670959,0.08768516
123297.75,-1.8470525,0.16507065,-0.40931413
118946.8,-2.5142972,2.9633605,0.18185021
124780.17,-1.0515293,3.2092452,-0.08855917
133350.42,-3.9113653,3.0323799,0.30619076
120639.01,-2.206074,2.7304318,0.08480176
119651.29,-0.4133075,1.7864287,-0.6442222
115637.766,-0.22818714,2.9760857,-0.04769907
115345.71,-4.0429144,0.48167107,0.2153406
130602.48,-2.1745882,2.625404,-0.06408519
120762.24,-0.922168,2.7393978,0.4206224
120246.305,-1.8371818,1.0069194,0.35761863
127840.65,-1.9604404,2.6993299,0.29784334
122402.195,-1.1372885,1.9286379,-0.29065183
118541.89,-2.719433,2.86044,-0.75668293
129881.414,-3.6720545,2.8862228,0.36480984
122083.82,-1.399841,1.6239314,0.100866646
133166.44,-1.6414124,3.034162,0.25149685
116090.87,-0.5049371,1.8806887,0.027142823
123317.7,-1.4669307,0.5548488,-0.48909497
127743.625,-2.5910237,1.3408114,-0.33689818
133923.12,-1.1247607,2.9237652,0.0071670637
130756.04,-2.6275535,2.2984364,-0.23858537
120004.98,-2.6385648,1.2062858,-0.01795476
127436.51,-1.0527842,2.2644837,-0.059541967
117474.88,-3.7708333,0.62017643,-0.23485269
130177.66,0.69759506,1.8432726,-0.2001104
117203.62,-3.0581365,2.2678146,-0.97380555
131331.73,-1.1495241,2.845308,-0.013171949
133996.27,-0.6723423,1.51065,0.21214312
119566.26,-3.319282,2.6073337,0.7509164
119000.65,-1.7398502,2.3333676,0.20269968
126961.36,0.1438789,2.500646,-0.48997435
127585.3,-3.5175016,2.8254437,-0.68423337
133917.44,-5.1094728,2.7370222,0.33878776
127035.18,-1.0778469,0.68820876,0.25426283
119420.63,-1.6077693,0.31500292,0.056525074
127685.37,-1.5511326,2.667399,-0.116709515
121009.31,-0.11699914,1.3488541,-0.7318257
115217.42,-2.5697055,1.0405003,0.0028604486
131924.12,-2.3694901,1.69115,0.10344906
124260.48,-2.2737222,2.3598526,0.022292068
129211.23,0.2932039,3.241996,0.089590535
117026.13,0.4647416,2.9291747,0.070439026
122126.836,-2.484496,2.5337636,-0.023438156
117553.26,-2.040356,1.8656992,-1.1768384
120334.1,-2.7874022,0.48605654,-0.07278246
125144.64,0.2996377,1.8952079,-0.10568998
127304.04,-0.0025885466,2.2300296,0.086480066
126262.79,3.7448194,1.9521912,-0.78920275
134847.95,-0.21256632,0.28630003,-0.9346872
120628.16,-3.3060703,2.5727108,-0.4769788
126705.9,-1.2053404,2.6988158,0.13123406
129377.95,-3.391039,-0.22112711,0.7538708
118748.68,1.0208321,0.998301,-0.07427064
126048.65,0.6755201,2.9086294,-0.299097
117954.836,-0.58297545,2.6243217,-0.013599572
118337.19,-1.6898812,2.8315215,-0.31551263
119766.19,-2.7502573,2.4352038,0.042674292
132660.5,-2.0856957,2.8986847,0.0010331466
117925.88,-0.6468346,1.6641272,-0.12637943
128685.95,-2.2296329,1.7385213,0.25243673
134384.64,-2.3649118,2.404242,0.568967
120122.99,-3.784305,2.250074,-0.33577922
121726.49,-2.431184,2.905685,-0.3065868
115779.32,-2.2632859,2.837201,-1.0595508
128414.77,-1.6496117,2.1928465,0.7818292
131937.92,-2.3985672,1.2893407,0.33607364
123575.734,0.6708562,2.108131,0.009443741
115470.48,4.23714,1.5515155,-0.5443452
118399.16,2.1140468,1.5268677,-0.15680228
131918.12,-2.2214217,2.9560423,-0.14210072
121911.18,-1.7267112,0.1333103,-0.36363217
117263.74,-1.1934336,2.9696937,0.4795967
119204.47,-0.45062616,2.7557464,-0.2239875
117561.62,-2.6390991,1.3303287,-0.29646483
131191.88,-1.265829,2.6986175,0.01496379
133084.75,-2.9877443,2.6106312,-0.42317057
122771.77,-2.3097432,0.86154443,0.1455831
129915.75,1.4684799,2.7322445,-0.2761124
124186.72,-3.2769425,2.5513694,-0.1510948
134573.61,-3.660506,2.028051,0.38117748
133220.1,-1.5557396,1.5560894,0.3235692
121191.375,-0.182849,3.020515,0.020709122
117724.305,-3.1980226,0.5872463,0.010273358
118241.87,-2.0868046,1.2914315,0.073700875
132559.75,-2.1203208,3.4531891,0.24631771
133066.86,-3.3022668,1.3255537,0.404607
125019.15,-2.8144515,1.7925047,0.16918842
129724.88,-0.6644475,3.1187453,0.29610068
124734.17,-2.9819324,2.3791263,0.066277236
121793.41,-3.558255,2.5869358,-0.05182987
128851.51,-0.7002642,3.021445,0.048937537
131032.03,-2.8439996,3.0590272,-0.0886894
124603.22,-2.8850486,0.33772233,-0.18724868
127291.336,-1.7951764,0.48050925,-0.040039126
125982.52,-1.4067426,1.6506113,0.01831146
125758.02,-0.98877215,2.0617232,0.13163695
120186.234,0.5233648,2.1998897,0.027923567
133323.11,0.97255343,1.2279011,-0.45189366
125860.44,-1.3559562,2.5103157,0.06868801
127065.63,-1.6231558,1.809746,-0.05230428
116810.484,0.2711816,2.5629625,0.3305375
128416.56,-2.597218,0.5582859,-0.05537839
121915.016,-4.0661325,1.0748657,0.07277948
124833.02,2.7274358,0.28834233,-0.5763349
134046.75,-3.271297,2.7062902,0.26775664
124915.41,-2.6083612,2.2316418,-0.8599312
121400.26,-1.7173506,2.8471136,-0.5217644
134268.64,-0.37837762,3.0452418,-0.06397076
122965.63,-2.57493,2.3155007,-0.38237154
129683.59,-1.1017046,0.71537685,-0.34513745
120514.086,-0.50366277,1.9434303,0.42808002
129317.016,-1.3388817,2.7456589,-0.1892789
129510.65,0.9416052,2.2421806,-0.5330274
126566.09,-0.6620188,1.6795278,0.08037118
127057.695,-0.7393256,1.9136673,-0.016716594
127822.81,-2.0381,2.244148,-0.22572869
123513.99,0.75644493,0.9722005,-0.9349915
127750.5,-3.1626227,2.5884168,-0.21069963
134430.58,-2.8878353,2.327508,-0.11273427
117581.125,-2.189082,2.830402,-0.12864837
121989.17,1.1064167,2.8106241,-0.47977132
132039.6,-2.2548563,2.08642,-0.24621819
118219.68,-3.3148372,2.223828,0.27870136
122902.02,-2.969514,0.77486604,-0.18142794
125755.89,-3.3572958,0.7185541,-0.060216032
118480.41,-1.4011636,2.2271142,1.0491356
116687.85,-1.2580458,2.4862626,0.075402424
122733.41,-2.0050051,2.7322695,0.28269032
126882.61,-2.8224304,2.5200722,-0.5089417
117209.17,-1.2765297,2.2990096,-0.09840848
116324.39,0.23127508,0.04223397,-0.7006013
121261.51,-3.2150712,2.7309322,-0.56703305
119026.336,-2.8337448,2.8482747,0.20450017
131729.47,-1.9924271,2.1782534,0.13235632
116984.58,-3.9029484,-0.22746958,-0.5292974
121617.945,-4.9141636,2.4373038,-0.22704642
122300.54,-2.9102015,2.4357336,0.22084099
117290.49,-0.8043148,2.9453192,0.18539754
115226.09,-0.7887074,2.6989083,0.42159447
130478.61,-1.1521206,1.8947967,-0.104825795
134243.5,-3.7359881,0.91935563,0.16310278
123901.68,-2.1640701,3.1290243,0.23403081
131519.95,-2.58348,3.0700183,-0.057565372
119510.97,-1.7931151,1.8679627,0.04805309
129764.195,-4.219273,2.4324086,-0.0035565635
124978.414,0.8593352,1.9696857,-0.47392526
118074.22,-0.22880672,2.309197,-0.5320127
115338.0,-4.7785954,2.816271,0.7514868
121849.43,-0.7749119,1.5039196,-0.29514024
126341.555,1.1517824,1.5452626,-0.05968441
131519.08,-1.9137985,1.4471118,0.02596932
125258.88,-2.0020132,3.1374862,-0.005672324
119683.97,-2.2850018,0.08173224,0.1599941
117979.89,-2.2955122,1.6932213,-0.25580138
119996.55,-3.3508172,2.8216214,-0.051730044
118349.33,-0.6491569,2.8286283,-0.054544304
123173.11,-2.7551606,1.9595499,-0.24347694
122718.195,-2.3173337,3.0589876,-0.32517657
125895.766,0.2713917,2.804406,-0.67428154
124531.07,-2.921097,1.5588914,-0.8216326
132833.31,-4.491303,1.180585,0.17371078
131486.58,-2.0419676,2.8128355,-0.058613416
131293.83,-1.8683817,2.3437703,0.65418386
132832.73,-5.0231566,2.46075,-1.4080129
129338.484,-0.8693715,2.7687967,-0.15517822
120511.11,-1.381271,2.468188,-0.19843896
115069.29,-0.08996164,2.713196,0.35710728
123351.17,-1.8173485,2.818579,-0.018524526
125552.375,-2.3710048,2.653554,-0.54569215
128323.21,-1.3842587,2.6960835,0.15309493
122955.02,-0.91183937,1.0655288,-1.0125556
129335.65,-0.7398584,3.099536,0.3687076
121072.72,-1.5686393,2.8378956,0.41804773
132548.53,-1.4520669,3.1899748,1.3445404
123752.47,-4.129019,1.5321836,0.33437926
134399.52,-1.6127324,1.5028994,0.04044291
121250.55,-3.2174788,2.8783453,0.008565254
118187.25,-3.2214112,1.9999865,-0.056073014
134105.05,-2.9438176,2.7667098,-0.25021967
134734.31,-1.8804073,1.845271,0.40884924
130487.52,-2.548659,3.1175146,-0.16176806
117013.49,-1.6840105,2.8823473,-0.6888737
115341.07,-1.3759341,1.2433113,-1.1694412
121501.36,-1.2892133,2.8553722,-0.5304393
122191.56,-0.91884935,3.2441196,-0.077101886
120943.77,-1.8643374,3.0729365,-0.22132641
127415.016,-0.2586494,1.7255702,0.10138754
131774.33,-2.1998453,1.359182,-0.82634866
123658.984,0.07220034,2.5120642,0.7527157
125453.58,2.3954916,2.8923142,-0.2704639
121207.84,-2.6779623,3.0728886,-0.33988857
127370.625,-1.6435963,0.5405859,0.06297486
121911.8,-3.8541765,1.448963,-0.07511397
119734.28,0.9269336,2.12455,0.17362675
121132.88,-1.2851532,2.5678174,-0.5161162
122038.51,-1.9913876,1.0045671,-0.44045454
123943.305,-0.838976,1.6920075,-0.35558215
120932.89,-1.8435949,2.1905782,0.27634126
127108.06,-2.1813664,2.8735292,-0.75929695
126145.01,-2.947584,1.2191256,0.13940567
119931.9,0.60008234,1.7811261,-0.43663037
115229.87,-1.2182553,2.6489677,-0.027364232
120522.49,-2.2861717,2.5741038,-0.75069743
122881.08,-2.6771252,1.468919,-0.5409046
120868.664,-0.24923716,2.8471472,0.06692985
126078.01,-0.9437302,2.81226,-0.1219125
119491.664,-0.6874906,0.17611793,-0.12058881
123421.414,-2.1017215,1.7904997,-0.26136434
132708.52,-0.36967725,2.8646903,0.010322825
127672.734,-2.0360036,2.069927,1.2178004
118338.414,-0.47411492,2.7326274,-0.3277307
116280.95,-1.7019542,2.6793258,-0.10858827
121873.71,-0.59907705,2.2472348,-0.04370416
129527.0,2.3091478,1.6585407,0.2792056
123267.12,-2.3193433,2.951351,0.03810365
122600.17,-3.494402,2.4768612,-0.16031384
133604.3,-2.0814178,2.9485984,0.104286425
131947.53,-0.7064842,1.3078213,0.06967437
129633.63,-0.38205275,2.2958689,0.17192282
120355.09,-2.877639,2.231064,0.3835346
127180.805,-0.102290645,1.7270594,-1.2749897
121853.43,-2.943845,2.6159916,-0.263408
132341.38,-3.1690893,3.0862634,0.26625177
129319.66,-2.2619944,2.5536869,0.47192097
119092.39,-1.8642722,1.9382849,-0.6509015
122112.36,-1.7910057,2.9054122,-0.4710195
131123.31,-2.507573,2.9046013,-0.48957473
117792.57,-1.8197749,2.0585096,-0.07123646
119038.445,-2.470462,1.2196422,0.13159284
132703.72,-1.8701595,1.3438648,0.4524649
129758.95,-1.8872448,2.4719846,0.14912029
123074.96,-3.1406007,3.1181986,-0.21662854
116548.49,-0.8388844,1.9584986,-0.11192998
128831.04,-1.1048476,1.2814506,-0.36628342
132676.39,-1.8607277,2.5930707,-0.27257907
125811.94,-0.53966826,2.8459773,-0.21922138
120536.12,-1.2131068,1.2837512,0.35428587
118528.57,-2.6534653,2.5711832,-0.06748859
131026.35,-1.2587634,2.4955955,-0.114037104
125868.766,-1.721481,1.5275807,0.21277964
122609.22,0.59770733,1.1620643,-0.2576409
134031.38,-5.0082784,1.7107182,-0.23575024
127093.85,-0.8737082,2.062051,-0.22068097
122931.13,-2.5485666,2.737312,-0.42641243
134497.45,-0.84037983,2.9469264,-0.41882342
128833.32,-0.9249309,1.7478447,-0.066454545
116423.57,-0.88376796,2.2690487,-0.4414668
120916.03,-1.3604307,2.570941,-0.1861729
127769.19,-1.2409229,1.4707147,0.14374208
127293.55,-3.253516,1.2647318,-0.05219432
118490.2,-2.3163595,2.2348423,0.3255121
116976.62,2.3367245,3.2532172,-0.4963094
127712.41,-3.4040532,0.80609465,0.112769134
130176.8,-3.1060748,3.0837197,-0.015100271
125538.2,-1.7412819,2.4349976,-0.043239884
131298.36,-1.134949,1.6071883,-0.21196432
117911.53,-2.1745348,2.1056519,-0.18983348
123342.48,-1.6746168,2.62282,0.7176698
128530.04,-0.8311129,3.5981889,0.006259373
122636.71,-1.8138508,0.9351097,-0.31953794
115054.66,-1.5302126,2.493583,-0.30773497
128551.61,-4.2000403,2.1893384,-0.1693979
116743.836,0.47784343,2.4926815,-0.4314578
131124.97,-0.61158067,2.7428164,0.9444716
125841.61,-1.0503658,1.5014218,0.30563888
126680.4,-3.2947054,1.7176923,0.03971342
134394.7,-0.760658,2.9437995,0.12175844
122521.0,-1.557027,2.5546546,0.07501503
125257.984,-0.73802686,1.6501714,0.28839633
131356.72,-0.34522727,2.815405,0.1206648
122197.305,-1.6320914,2.8833134,-0.41846314
124016.81,-2.0478873,2.023778,0.79143655
132887.3,-1.0663283,1.277789,-0.1704394
128999.734,-3.2326396,0.10110703,0.05013011
123887.65,-1.5826962,1.4162067,-0.17167728
123284.99,-2.0875096,1.6183571,0.026664242
124299.26,-3.4550037,-0.5174404,0.73276204
124797.67,-0.4295107,0.97353464,0.6407634
129446.66,-2.9432545,2.3630164,0.095446125
121816.73,-0.9295734,2.7417326,0.18747038
125239.1,-0.6325873,2.0127964,-0.008400761
118931.8,-2.9255998,2.006601,0.20300661
118534.086,-2.7265282,2.8464205,-0.53795475
134527.2,-3.340799,0.44191122,-0.21302757
131714.8,-3.5905492,2.2266245,0.06643696
129044.22,-1.9542525,2.7414622,0.15568629
119152.27,-1.6220902,1.5302801,0.09041836
128851.1,-1.1240791,2.7896001,0.49144077
131377.7,0.039223578,2.550364,-0.058778506
130677.12,-1.1089773,3.0794623,-0.25962734
131052.85,0.09269725,2.0067148,0.04900965
124780.945,0.5589887,0.41925153,-0.16042857
124778.12,-0.76816946,0.48418102,-0.52287084
125454.16,-3.2973208,2.7614017,0.07952309
128661.42,-2.1977892,0.97351664,0.0023377663
118042.39,0.5055157,2.907005,0.2840021
124609.51,-0.34580517,2.8769703,-0.57805824
116030.06,1.0474918,2.053426,-1.0924658
121396.664,-0.78810227,2.615954,-0.26019114
123642.11,-0.39800146,0.9773592,0.3685926
118357.99,-1.0060396,2.6326623,-0.36941743
123572.76,0.53850555,1.975675,-0.22124834
119743.45,-2.5388105,1.2330954,-0.11331268
119177.914,-1.5164747,2.447788,0.061679184
129274.44,-2.2268097,2.2818713,-0.8947154
133770.3,-1.417675,0.37503478,0.6309755
124887.49,-1.2689217,0.3274111,-0.75925463
125559.8,-2.480115,2.1280265,-0.035214297
128368.48,0.72185355,3.0454557,-0.21167944
119222.35,-1.4670609,3.07644,-0.34076408
122005.0,-2.225658,2.8356383,0.32502997
123664.875,-2.6877542,2.3986855,-0.78470933
128466.18,-1.3571237,2.7200181,0.06400533
119569.64,0.69181186,0.14218506,-0.13971618
125510.95,-2.5698416,2.0787697,-0.047324196
128383.2,3.1431324,0.45482042,-0.2893073
130465.18,-0.034241762,0.39934042,-0.01536787
121817.984,-2.7115936,2.1275675,-0.26740858
133408.53,0.59173054,2.9164286,-0.016441246
125413.98,-3.2405322,1.8154724,-0.024988024
133157.7,-1.5840787,1.1452489,-0.58989483
117758.3,-0.9499808,2.7877269,-0.079011135
119129.0,-2.3609107,0.47083393,0.3275963
115201.51,-3.3504653,2.9763305,0.3467746
124664.44,-1.8571155,2.1391182,-0.108490236
121674.59,-1.0905252,2.0127425,0.13533327
126225.44,0.24326208,-0.3296548,-0.16397053
131898.4,-0.6140173,2.6259336,-0.13261348
121121.234,1.5807221,-0.13622911,-0.40553316
122273.9,-3.26239,2.040112,0.060401384
128137.98,-1.2873863,2.6803453,-0.046603348
131685.06,-2.2543411,2.2864473,-0.78160125
125059.66,-1.4683045,1.492942,0.8538074
126522.63,-3.8675694,1.0982031,-0.2551872
118529.62,-3.5018656,2.4190695,-0.024936471
120875.91,-2.6357384,2.7018232,0.016864398
120904.28,-0.28641462,2.8129206,-0.079753436
119299.625,-0.8033718,2.2036161,-0.10466905
125607.66,-0.2883216,1.8804046,-0.1911372
116950.01,-3.1088748,1.9656829,1.5512109
126771.61,-2.774408,0.8705919,1.1444503
122154.055,-1.8248748,2.237692,-0.018751001
126198.64,-2.8696992,0.300319,-0.031500395
122194.46,-2.335926,1.6625303,-0.041126806
123681.695,-1.2262348,2.7088196,0.29449508
129754.625,-0.6059858,3.1718495,-0.07528203
126493.52,0.2611808,1.7506942,0.3043277
119853.81,-3.7152781,3.0204656,0.52801424
132443.72,0.056333955,1.2690109,0.2752202
120499.33,0.20773259,2.0829284,0.59966105
118797.664,-2.4930902,1.8995868,0.0864461
121381.71,-2.3731,1.2587237,-0.50514317
126396.59,-4.544091,1.3474745,-0.24943683
120469.516,-1.3977638,-0.16633806,-0.424058
119540.516,1.5455018,1.8553401,-1.2893248
133783.31,-1.5021578,2.1722064,0.478745
127051.086,-1.0617536,2.7131746,-0.07952517
118756.47,-1.4016205,0.28851157,0.033872727
134761.16,-2.2530727,2.9729173,-0.56691295
117080.77,-0.26556644,-0.11614835,-0.0637726
119439.49,-3.2582605,2.7363763,-0.1287464
117944.79,-2.4749877,1.2088941,-0.1206639
120045.6,-2.1442008,1.266356,-0.57665825
125887.805,-2.4332464,1.0800698,-0.19320409
116335.445,0.34634522,0.9597407,-0.19037016
119151.4,-2.7677448,2.7507634,-0.08189751
121646.83,-1.3088155,2.5387216,-0.025435612
116237.445,-0.24393609,3.280704,-0.16013028
131589.2,-0.99119884,2.0397427,0.045664962
118145.5,-1.5543813,2.9072511,-0.1698172
133494.4,-1.9629856,1.0703797,-0.09465256
128225.87,-1.786051,1.8334806,-0.38974988
119276.37,-0.7699356,2.4935896,-0.5968846
115081.41,-1.7720754,2.611533,0.11184356
121412.414,-1.6366469,2.7463467,-0.18692565
118137.97,-1.7184813,2.9613526,-0.3262425
115205.8,-0.28715166,0.1445995,0.14857912
125796.75,-2.75802,0.5417967,0.1640647
126436.64,1.7573308,0.37826076,0.98779875
126973.09,-2.5169578,2.6417048,0.1863094
123606.24,1.9026868,3.25086,0.11932024
126682.89,-1.7293049,0.45994017,-0.46531233
128368.9,-0.3502518,1.0069029,0.7240028
124510.78,-0.19242552,2.539447,-0.32295385
133834.78,-3.0964482,1.9242058,0.063448675
133244.17,-1.3683231,2.804179,-0.1578241
129955.47,0.053866293,1.4195445,-0.14972253
124159.72,-3.2205386,2.066965,-0.12681034
129572.016,-1.6638073,2.3358934,0.5031168
133143.88,-1.786517,3.0645022,-0.32123172
116023.81,-1.2544856,2.6976416,-0.012389416
118506.02,-1.7638776,3.0047283,-0.04014313
131598.95,-3.577485,2.567345,0.14382373
130318.44,0.807058,1.1660374,0.621504
126539.5,-2.8327012,1.7216065,-0.03868325
119684.51,-1.7539144,2.327318,0.17633075
122062.48,-2.5761154,2.73827,0.18111356
122924.83,-1.4298242,2.3923209,0.2050437
121339.28,-1.4778329,1.9846791,-0.12787269
121412.69,-1.7938749,2.3392668,-0.19015501
125429.55,1.7769027,0.49746045,-0.46792337
119021.27,-2.305067,1.8911479,-0.16791897
120267.81,-0.68827033,0.97756433,-0.050022833
126750.016,-0.73189056,1.0281049,1.1997086
126908.81,-0.92633015,2.1144505,0.5866965
115059.39,-1.8734975,2.119779,0.10243707
125429.65,-1.5393746,0.09350906,-0.15138832
122372.11,-2.774805,1.622711,-0.44743565
124262.38,-3.7145104,1.0709345,0.17251404
116991.93,-2.7959995,1.6439419,0.24373887
125993.016,0.48066068,0.85110927,0.5299828
127706.9,-0.58153135,0.7530584,0.027246524
125238.81,0.5479505,1.675127,0.4515286
129409.59,2.094574,0.9534547,-0.107359044
123383.36,0.7383974,-0.16219506,0.34395263
117220.96,-2.3704083,2.9702544,0.07599424
116480.43,0.36694714,1.8234848,-0.0328366
121057.26,0.29994974,1.2037723,0.1372172
128335.85,-3.4535522,0.85484916,0.019223323
124936.29,-2.342845,2.243875,-0.43975782
133841.58,-1.1217668,2.3838205,-0.12812598
122299.195,-3.6221395,2.4906545,0.054760348
122587.56,-1.6959692,2.7697024,0.27250546
117332.94,1.7323498,1.5249535,-0.24381219
130172.66,-0.8332334,1.9589187,0.00928938
134104.58,-3.1995206,1.4606912,-0.02799151
121874.15,-2.1971152,1.0131992,0.23112954
117615.33,1.3582269,1.6805173,0.20234507
117086.055,-2.8666184,0.702129,-0.014429486
125365.37,-2.0187833,2.902645,-0.12107334
129327.734,2.119675,1.970592,-0.63464886
115736.22,-2.8343844,2.4458835,-0.22622396
120985.58,-2.794272,2.9938343,-0.04534998
133240.88,-3.2450547,3.127307,0.17134471
134477.61,-3.950867,1.2887099,0.5454052
123168.94,-2.3744533,2.8735502,0.15142736
120884.914,0.55506796,2.1980805,-0.032571983
123390.39,-0.8270221,3.4628122,-0.030381128
133855.9,-2.2788556,0.71812403,0.25675884
117365.12,1.3965675,2.368016,0.21296977
121170.03,-0.79788613,0.7487558,0.15590979
119335.336,-1.5493699,2.7995646,-0.3714012
119428.57,-1.5667441,3.0478745,-1.349634
124970.016,-1.8030888,2.713591,-0.0010209288
121414.445,-1.6983473,2.4153445,-0.011473381
119065.86,0.6298506,2.4437456,-0.59127337
128246.56,-0.3838433,0.70995665,-1.0141758
134561.11,-1.0286584,0.2522895,-0.10762426
121621.71,-2.797988,3.0141115,-0.24239463
132074.5,-3.342702,2.960991,-0.14909257
116390.305,-2.5710614,1.0002971,0.084617004
121452.836,-0.09744005,1.7987443,-0.08340953
126316.83,-2.4397373,3.247542,-0.019989168
115209.805,-1.6668829,2.6977718,-0.11048978
133058.22,-2.6417253,2.8204794,-0.27295604
120426.0,-3.7570632,1.6683578,0.22494675
128261.305,-1.9143949,-0.041339308,0.017000284
126606.78,-3.9039996,2.750354,0.12683089
115849.33,-3.9945168,1.698872,0.028394995
130690.82,-0.18475735,1.277238,-0.05007379
123703.96,0.28824514,1.8625797,-0.109687276
123635.266,0.62726074,3.2984152,0.0255563
130416.1,-4.2530403,2.7852519,0.03145659
132920.53,-1.9985802,2.5524096,0.4635956
128076.33,-2.788966,1.3103356,-0.07496825
127549.28,-3.1417496,1.3130863,-0.22546437
119600.88,3.330652,3.2068925,-0.21644527
117799.3,-3.3715215,1.4788616,0.21100776
130804.7,-2.073204,1.2727065,0.34947148
121212.67,-1.3078009,0.9997423,0.15188806
119647.32,-1.9846008,2.213939,-0.022491427
118014.54,1.2384084,2.7976084,0.019471254
132654.9,0.5904831,0.87626207,0.05028447
122496.53,-1.4053574,1.4048028,0.20693836
129642.336,-0.47813344,0.115393065,-0.27866322
121043.2,-3.3817728,1.4867004,-0.15388939
129575.63,-1.0846493,1.3662797,-0.13569951
130363.61,-0.599251,1.7790177,-0.47669274
125476.79,-2.4939573,1.3375527,-0.13829832
127790.88,-3.1808004,1.501982,0.41919026
130038.52,0.74276036,1.0990006,0.6108924
117326.18,-1.8133352,0.5001973,-0.03243848
120897.61,-0.4290554,2.3948581,-0.05731893
129081.77,-1.5148656,2.3134837,0.6697481
120949.164,-0.4787692,2.5891137,-0.1941237
130027.43,-0.6652207,1.2363561,0.39196965
115122.11,-2.2021494,2.7932017,0.13448638
122431.91,-4.1635013,2.9545116,-0.30468976
118364.5,-1.9008684,0.12835014,0.020149488
120635.03,-2.1373806,2.4266205,-1.0203028
126079.95,-3.2975748,1.361193,-0.5420027
122497.52,-0.9614612,3.5295985,-0.114026375
121849.68,-1.2073683,2.5308378,-0.019211104
121709.77,-3.3248787,0.94022053,0.3677856
117155.87,-0.32597744,1.9667189,-0.052917253
116234.51,1.1765747,2.3288121,-0.57588464
133469.06,-1.426769,2.3235621,0.13011539
124087.2,-0.88206625,1.0916078,-0.01831444
119437.71,-2.4266922,2.215786,0.0054285643
132223.92,-4.0229087,1.3628829,-0.12070234
128008.43,-2.0037487,2.5316274,-0.10816512
125905.125,-1.9740599,1.5791773,0.056927364
122791.94,-1.5960299,-0.019876882,0.071699545
128620.78,-3.5006406,2.3403504,-0.12562193
124153.664,-0.5675072,2.1556606,0.08954762
126111.16,-0.8810802,3.0835836,-0.3594823
125033.55,0.21634582,2.5924277,0.067861974
127985.3,0.19745693,0.20401016,0.60439914
127860.375,-1.8494536,0.40314206,0.108560264
130725.34,-2.6252398,2.8963354,-0.18816233
125562.64,-0.3565754,2.900686,0.40121284
125567.72,-1.8781979,1.903737,-0.042394474
132063.19,-1.582336,3.147004,-1.2018541
115139.49,-4.180793,1.9953771,0.02527559
125180.01,-2.877486,1.7391874,0.22413203
129783.03,0.5566281,1.4322181,0.3102566
129742.664,0.6511094,0.8693543,0.11805735
126129.65,1.20422,2.4148474,-0.21082689
116117.414,-1.8103616,3.4673576,0.00036087126
118843.086,-1.3578643,2.8395476,0.223365
123609.55,-3.590612,1.0920644,-0.29635307
119466.46,1.2964792,1.8722467,-0.10294307
127637.34,0.03313829,2.221323,-0.18362416
129107.016,-1.8710712,-0.03858088,0.33624768
117966.805,-2.3660333,2.5745943,-0.20482141
122468.22,-1.4887652,-0.23833261,0.51583165
134062.92,-2.7176745,2.9167087,-0.09621078
117990.13,-2.5397243,1.8979503,-0.037764236
125044.414,-1.0331043,2.938037,-0.8579072
132741.7,-1.7174363,1.1814836,-0.13036689
117613.945,-2.1594555,0.89130247,-0.014696489
126397.62,-0.61502576,1.642874,0.39969844
123389.19,-1.9601494,2.8978448,-0.43891242
125394.89,0.737617,3.0308816,0.6740351
119920.516,-1.8655856,3.0144942,-0.32598534
131133.17,-1.6405517,0.5576749,0.42694882
127449.67,-3.3654697,2.0990694,0.4817214
115493.14,-2.9977713,2.96098,0.019483173
123419.29,-1.1425127,0.8147279,0.22964494
120766.42,-2.6356559,2.206221,-0.39047164
130924.74,-2.256195,1.9866359,-0.6098912
116110.46,-4.3128066,2.7119706,0.22584252
126340.9,-0.8666934,0.9693747,0.7912983
124519.94,-0.8481575,2.413407,0.85958785
133507.75,1.6977563,3.010115,0.3533585
117144.92,-1.0788,1.0275116,-0.0070821354
117710.92,-4.0217137,2.777749,-0.019344307
120243.01,-2.6299007,2.8425705,-0.47209826
115035.35,-0.17363375,1.1796863,-0.008313746
129756.0,-1.891979,3.0460467,-0.94841194
130818.79,-2.4425232,0.37998086,-0.36490402
115322.23,-4.827999,1.714798,-0.4634594
132526.64,0.8368827,1.4108528,0.49633443
121076.766,-2.6545677,0.6856916,-0.64774394
128091.96,-0.81212074,2.8966703,0.6761902
127701.85,-5.4323506,-0.2424732,-1.4492112
124021.37,-2.8998237,1.8630681,-0.768423
115860.85,-0.86103207,2.9100537,-0.422644
128059.914,-1.1481547,2.6994638,-0.27402166
133665.75,-3.3964474,2.5230968,-0.5450297
121780.4,0.6921452,3.2082238,-0.55415547
117679.85,-0.7611729,1.1173698,-0.8646639
128698.74,-1.3560402,2.8923552,0.0518853
128760.58,-3.4557326,2.520514,0.8733421
124422.71,-1.5648344,2.5477085,-0.08054908
129061.96,-2.5396485,2.5926208,-0.5436574
120799.125,-0.62034714,2.5491848,-0.03962432
121538.67,2.1823008,2.0684836,0.11216361
133408.3,-0.88679975,2.8116024,-0.27451873
116700.99,-0.99075663,2.6554103,0.013099537
116469.414,-3.117166,2.604912,0.25548103
124973.11,-1.6763027,2.143159,0.22227135
129565.29,3.1103823,2.9654396,0.29699048
123543.67,-2.4802058,3.101741,-0.25185087
127032.85,-2.2298157,3.6489837,-0.21634008
134592.75,-1.5036318,1.5407779,0.020249614
119838.7,-2.669106,2.406067,-0.11766638
120167.945,-0.35369378,2.6839924,0.17092274
127299.07,-3.6602037,2.7404017,-0.4782143
117347.1,-0.77518296,1.1213423,-0.33769384
120639.13,-1.6547908,0.03333506,0.28161576
125680.82,0.15285479,-0.23774643,1.806154
134306.67,-1.7045615,2.9050286,0.037142918
129376.16,0.061237246,1.5193605,-0.1622964
133605.69,-1.6898484,1.9421101,0.33351862
123681.67,-0.05164178,1.9477888,-0.1158343
124276.69,-2.7022643,2.2017715,-0.38472003
115950.1,0.030199137,0.33445832,0.09792544
133673.23,-3.4500282,2.6968987,-0.43620512
121339.17,-2.8963187,2.3063245,-0.14691035
127579.055,-1.100507,0.89473784,-0.6935927
130151.03,-2.909637,2.8002558,0.18703054
123694.01,0.73792833,2.9624677,-0.16624066
129377.78,-4.70653,1.2028337,0.198551
131482.17,-3.6288984,2.7892885,-0.093735635
122248.5,-3.0068932,1.7916573,-0.20330311
134373.1,-0.88715893,3.0386138,-0.5095529
121191.66,-2.162686,1.2378559,-0.20031662
131710.67,-0.9927569,0.3709218,1.4702541
128230.0,-2.4682302,1.837462,0.07885677
120824.66,-3.3627777,2.3802547,0.041921556
121736.96,-0.60782564,2.1621861,-0.059962735
121661.914,-1.9452401,1.8335617,0.25829232
125264.99,-2.2405212,1.688408,-0.03187259
130619.664,-1.7485877,2.8329096,-0.1281689
132541.72,1.7567184,1.3993,-0.24142703
126812.1,-1.1434891,1.0356513,0.04562682
127310.17,-3.5353796,2.2897718,0.08290235
122019.18,-2.6505911,2.2314708,-0.08751381
130878.625,-0.39803246,2.1169708,0.74462104
133229.58,-3.114862,2.883959,-0.060054816
123063.836,-0.74366957,2.4270256,-0.78213316
115027.01,-1.6880004,2.3514345,0.4679761
134770.12,-0.8845129,2.9557517,-0.16403908
121340.91,-2.8459618,2.290758,0.5576981
117272.43,-1.1035444,2.7151062,-0.18652037
118477.47,-1.9522213,2.9249017,-0.11440542
120794.31,-0.033324957,1.8632509,-0.45336634
130732.46,-1.2434375,0.7410925,0.75379926
129165.16,1.4411321,1.7574662,-0.19750981
130400.18,-2.0341902,1.6573005,-0.33271733
127531.29,-2.3303933,2.9573576,-0.04678572
128544.24,-2.6393704,2.4043865,0.49458224
124762.15,1.3168535,1.462033,1.1069816
128352.5,0.16011897,0.6196179,-0.1665315
132275.02,0.79094255,2.0541635,0.29069802
117270.664,-3.4113753,3.1048532,0.027708415
117760.02,-2.8904572,1.7661407,-0.19273385
125758.0,-2.5277426,3.0717292,-0.4254657
130066.32,-3.0027611,0.76306826,0.25714087
122564.22,-1.5392113,0.76405245,0.4952712
116394.67,-1.7361103,2.728896,-0.09923602
127886.766,-1.8024416,2.7181602,-0.007632233
116175.984,-2.3431566,2.830416,0.21122769
130225.77,-1.198224,1.4244416,-0.82920015
122404.79,0.53325474,2.8843892,-0.25597572
118387.89,-3.3239102,2.867555,0.22240664
131064.88,-4.073354,2.4534905,0.07960235
128566.52,-1.8479578,2.0641549,0.42907414
132266.62,-1.8365374,1.1862309,-0.335767
132839.77,-2.979822,0.5399919,0.15094818
120200.23,-3.1263194,0.4588177,0.2517734
131168.95,-2.0885417,2.5440328,-0.04511457
122788.055,-1.5205742,2.4912155,-0.30437538
118505.32,-3.161752,2.9331894,0.94135934
126267.16,-2.4475725,1.5306118,0.4262271
134062.94,1.776893,3.2793589,-0.8915257
117278.19,-1.2481104,2.585042,0.3343411
120128.52,-1.9781325,2.5528805,-0.7728393
125805.33,-3.0178285,0.7653355,-0.52616817
128740.53,0.43800682,1.577904,0.5504633
128401.95,-1.4137363,3.020349,0.42937332
126077.48,-3.6284165,1.2030933,0.18585347
129727.984,-3.9609916,0.7790463,0.059866782
115710.516,-3.2098722,3.3713415,-0.31726393
123630.305,-1.2718601,2.010519,-0.33283505
126715.27,-1.2682784,2.300333,0.3125595
130278.05,-2.2759736,2.8404381,0.029005883
120141.37,-2.5172238,2.7940567,-0.22471343
120853.27,-2.7516382,2.513391,0.02874782
126576.73,-3.2818995,1.3563677,0.084016845
126810.266,-2.5460317,2.690057,0.20905173
131676.55,-2.9085808,2.177329,0.72883445
116520.14,-1.6714641,-0.08068168,0.66937923
115629.09,-1.116829,2.798314,-0.4173093
124501.875,-2.1764102,2.857114,-0.09449135
115399.08,0.17498659,0.80230045,0.031672336
122459.055,-2.3209267,0.4940356,-0.19397709
118362.086,-2.6651783,0.81247914,0.22233513
126717.03,-2.844204,2.7281308,0.25213337
122578.64,-1.5384402,1.7955992,0.8423006
115267.03,-1.5804924,2.9150257,-0.16560653
123766.445,-3.7245653,0.5673338,0.5097412
120538.01,-3.3222785,0.8109307,0.03589015
134410.86,-3.3215566,1.452296,0.024158109
116630.83,0.37399712,1.565241,-0.7460964
126728.664,0.25324672,3.314915,-0.35400963
126627.62,-1.2700524,0.619404,-0.04237481
132184.61,-1.0658971,2.1466732,-0.0771442
131647.45,-1.5673691,2.8139944,0.048717618
130139.53,-1.8071438,2.950698,0.05996214
126801.93,-1.4163545,2.5248117,-0.24359763
117736.48,-1.4247973,1.5715286,-0.5367431
115546.25,-1.486485,0.9993647,-0.475243
125918.45,-0.07314745,2.9737475,-0.24167378
119878.766,-1.1502284,1.3553295,-0.053763557
123435.93,-1.9082476,2.8336093,-0.33784133
125995.63,-2.784456,2.3034291,0.853417
121265.67,-1.6355995,1.8700521,0.18353447
123455.12,-3.0652554,3.0320911,0.05785651
120434.05,1.1727195,1.1950643,-0.064892456
128197.445,-2.2604477,2.8281138,-0.4139956
131429.36,-4.0454793,0.31798366,-0.5989804
131490.16,-3.2150736,2.9770482,-0.728959
128947.74,-2.1105094,2.3481345,-0.2650833
129949.484,-4.2854915,2.130631,0.079356216
126830.69,-2.9449685,2.403066,0.38850933
125815.75,0.4860954,-0.28919607,-0.53879654
118670.59,-1.3979809,2.9998875,-0.045577057
127599.98,-0.9547749,2.1806207,-0.7590925
122882.13,-2.5296698,2.6016834,-0.04759269
123772.74,-3.009074,1.680375,-0.2232151
118436.75,-3.4012976,2.4470167,0.005022696
118351.336,-2.4346905,2.4541903,-0.2098128
131566.61,-0.9589353,2.4412987,0.18817483
127335.0,-0.012441969,1.3343589,0.9068164
125690.94,0.5089198,0.7818984,0.30820817
117258.86,-1.6666594,1.9797999,-0.04708729
133307.44,-0.575714,2.0704856,-0.42119575
123224.75,-0.5140414,2.219789,0.19164707
132895.84,-1.2835424,1.2426473,-0.26843634
131622.94,0.31832236,2.3079429,-0.8906207
129623.25,-0.95297366,2.3136468,-0.012780683
115704.18,-1.1964358,1.9068033,-0.64241546
125413.45,-1.756362,1.8254117,0.016978232
125960.36,0.308543,1.5254202,0.90083444
126109.08,-2.5699162,1.7735536,0.08508068
123466.54,-3.9114993,1.9994768,-0.270702
131107.38,-2.5818157,2.059139,1.0756463
128726.93,2.8377852,2.0808456,-0.54045254
121274.15,-1.7874211,2.0721912,0.062204845
115414.44,-1.0765309,1.7993068,0.51068527
131742.5,-0.40083867,1.5302367,-0.39163917
124622.59,-2.1690538,2.523062,-0.53413326
116844.37,-1.9241322,1.358899,-0.07719218
124604.81,-1.3146039,3.2369754,-0.27343938
130153.42,-3.7048454,1.4074711,0.07388802
115570.43,-1.1732712,2.8258517,-0.06682614
124910.86,-1.993169,0.7798363,0.2772251
132513.67,1.9627951,0.6002768,0.7054091
123660.69,-2.4336355,0.3848269,-0.04269485
116861.52,-2.5130775,0.325914,-0.3175068
123390.83,-3.6991723,1.9203064,0.13639532
127929.05,1.4149084,1.3025154,0.30249265
123626.305,0.65003,1.1323287,-0.32085416
120608.336,2.0730922,2.529849,0.048538823
120828.37,0.05808181,3.164987,0.1585959
124520.14,-1.5010918,2.6996756,-0.048284333
130428.19,-3.2080786,2.5084488,-0.061010186
116821.73,-2.6845942,0.8717072,-0.15447524
120910.586,-2.374062,3.0418875,0.37088117
120860.914,-3.6501436,2.112635,0.11842209
123524.875,-2.5058055,2.871514,-0.068990774
134200.0,0.36891165,2.0688677,0.010098733
127040.14,-2.9481347,0.9683827,0.9771288
119555.03,1.4265169,1.1145505,-0.0924635
121099.164,-2.001078,1.3999176,0.29601783
121168.14,-2.0881214,0.33318663,0.026949126
123569.21,-1.5054327,2.7647672,-0.329527
117378.22,-2.3403945,1.0275491,-0.19228001
132476.48,0.5376948,2.4289603,-0.9858043
128256.4,-0.24571632,2.901152,0.35496113
127869.016,0.25835115,0.22621757,0.40903223
116950.24,-2.104558,2.3537905,0.037088685
121022.195,-3.2774377,2.835784,0.1192827
129094.78,-1.8655752,1.7383682,0.18798591
130895.41,-1.0523603,3.103449,0.10927902
115170.7,-0.18833813,2.3852623,-0.6379989
115724.96,-2.140311,3.0686326,0.035173174
126034.805,-2.2153003,2.9228945,-0.6127093
128530.15,-0.80696154,0.7159347,0.59224814
131522.75,-2.4996595,2.935798,-0.36400765
115253.31,-0.8300966,2.0029314,0.13520573
120503.65,-2.5507863,2.8890805,0.2072441
131246.48,-3.350592,2.3449392,-0.47354472
127034.445,-3.5843003,1.1339839,0.15753028
122781.87,-1.8232472,0.7863451,0.47727233
116336.28,-2.577829,2.302807,-0.018368078
121757.43,-1.93695,2.0914397,0.23226014
115493.12,0.23647559,2.5284684,-0.11606614
117090.75,-2.0983715,2.6357348,-0.21646285
117510.484,-0.20088445,1.56665,-0.17076242
116859.38,-1.2624737,1.5526767,0.2592769
116483.12,0.3490653,0.6657401,-0.6864731
126833.42,-0.33666295,0.87149626,-0.37458614
127977.875,1.3979437,2.92004,-0.13055344
128440.836,-3.2462099,2.527465,-0.25398928
118540.71,-0.8657015,0.65887713,-0.32656494
131415.66,-3.8277512,1.701618,-0.15741913
133711.6,-2.7055573,3.1132135,0.26473674
115152.71,-1.1712413,0.5293245,-0.101525806
122973.42,-1.9136868,2.7818,-0.016440054
134000.94,-3.0375335,1.4298226,0.18109329
128144.586,-0.59732264,2.7652836,-0.24989425
125835.63,-2.9569337,2.6786149,-0.013090895
116230.02,-3.6269355,1.8948821,-0.3272715
119140.81,-3.7589173,2.4539282,-0.30583405
117978.625,2.492799,1.8101857,-0.28137705
124604.055,-1.9140464,2.0211122,0.06308751
119476.41,-1.7897007,2.6667087,0.22389781
115743.02,-1.9891734,1.3724033,0.2666618
120044.02,-2.865166,1.1813341,-0.08528601
118746.234,-2.5818024,2.8671374,-0.0683033
127849.88,-2.4781833,1.685304,-0.6730955
125267.14,-2.0180488,2.4691243,0.41713586
120536.516,-2.256142,1.1874145,0.0021565857
128793.81,-2.4940972,2.597374,0.21463555
127498.836,-2.618694,2.5648665,-0.29525346
119069.65,-1.9359791,1.0232139,0.46964368
118067.61,-0.25691155,0.71836066,1.3941034
118660.59,-2.6728108,2.7964487,0.05157479
121724.516,-3.1777718,0.20466606,-0.0035357038
132341.66,-1.2893708,1.8140377,-0.02622619
126087.625,-2.5916471,1.7023606,0.036268007
130347.23,0.11965967,1.3674335,0.198135
121802.41,-1.168389,2.5235615,-0.1311542
124477.75,-0.42313507,2.1357665,-0.9070554
117509.65,-3.0862715,1.9315411,-0.41625112
118758.8,-0.45474318,2.6778774,-0.09384232
115632.15,-4.5689535,2.246174,-0.7644564
120841.375,-0.74281955,1.0400832,-0.2560937
123933.39,-3.7761552,2.6820867,0.6910523
126828.664,-3.1200657,2.946888,-0.15947798
116495.72,1.4352716,2.7505345,0.5874373
128188.23,1.7563692,2.7972517,-0.13541105
127423.51,-1.4198592,2.639784,0.49631178
116393.36,-2.3232281,2.5747237,0.11701019
130295.16,-0.12735471,-0.55115753,-0.06329938
131672.27,-2.5526643,1.0214547,-0.626173
127859.766,-0.36135197,1.9617254,-0.286825
116576.17,1.394935,3.0277448,-0.3733897
119865.84,-2.2935112,2.6619043,-0.035809692
126789.54,-0.40515682,2.395043,-0.35668114
133005.97,-2.5866218,2.75284,-0.42460003
116581.74,-2.4875083,2.2846189,0.0836217
122190.72,-1.776811,1.9339622,-0.22757953
124595.23,0.83666986,2.8825743,0.09238215
125396.83,-3.2715948,2.428366,-0.3709351
126892.484,-3.3192756,1.437557,0.076059796
127288.195,0.57437325,1.1562843,-0.014322804
120672.1,-1.3532557,1.4563309,0.37751454
130886.79,0.06379996,3.1196396,0.37165835
121841.164,-2.9749734,3.3848279,-0.14143114
122706.04,-1.5613097,2.6085308,-0.5803343
121773.96,-1.8539436,2.531831,0.1834105
124304.08,-1.4989542,2.902783,0.63853264
118304.61,-2.1651812,2.4227781,-0.52699864
127613.86,-3.5018353,1.6842532,-0.019160148
121189.77,-1.2287341,2.92191,0.23823492
121320.12,-2.4989777,0.6364326,0.0206382
115817.75,-3.5279117,0.76257634,-0.2824877
117089.11,-3.055238,2.9041784,-0.10719158
120862.42,-2.5508106,2.3171241,-0.7807558
134772.22,1.4000411,1.3838636,-0.016276455
122030.766,-2.4512393,3.236965,0.36518234
120662.09,-1.0025804,3.285996,-0.03932573
127313.57,-2.2590191,2.3793352,-0.001171416
128603.33,-1.8257923,3.079985,-0.031004531
124627.75,-2.8488188,1.4838232,-0.29074064
128033.4,-0.9751547,2.9809809,-0.10299164
126413.164,-0.59870404,1.7718198,-0.023955772
125366.02,-3.6343899,0.6796285,0.4464174
128806.94,0.48732904,2.3777244,0.76748616
123902.2,-2.9111493,2.8763065,-0.123663515
126724.57,0.6297053,2.2677224,0.12861648
120317.37,-0.99030095,0.45205382,-0.0057390747
126470.76,0.122054316,2.0173216,0.87358344
119489.49,0.095634334,1.5719115,-0.72059137
134233.72,1.9241984,2.3944173,-0.6272753
120398.41,0.98514074,0.9313971,-0.21851306
116401.49,-2.8582516,2.9377882,0.00069879694
117020.57,-0.12093328,1.6005396,0.017120674
133087.7,-3.4416926,2.3434813,-0.35482672
119378.24,-2.225877,2.496067,-0.3934319
132033.94,-1.8690023,2.736954,-0.023090694
122128.016,0.73709214,2.9174252,-0.11548476
130374.4,-2.3549795,0.90109986,0.5900805
119579.51,1.4031138,1.1583273,-0.2328445
120025.33,-0.39586374,2.4049616,-0.16279763
119928.13,-2.4111648,2.8693573,-0.5085981
117956.41,-1.3898605,2.3223162,-0.07257416
116660.69,-0.9928072,0.6321809,0.32267642
121551.266,-1.3088131,1.9774297,0.039231263
127800.625,-2.691578,2.25632,0.07949091
121279.22,-0.054269936,2.7285023,-0.32583812
120257.68,-2.7656894,2.7799804,-0.69926894
115996.45,-2.6191049,2.4757333,-0.12731364
126235.47,-1.0296692,1.514709,0.68916607
129393.93,-1.0318303,2.9086611,-0.21367869
121034.24,0.9644303,1.7825679,-0.100277804
130096.86,-0.7513853,1.7299206,0.31744662
129382.516,-1.5483257,3.1085145,-0.113147885
116740.46,-2.204793,2.4139225,-0.26371822
132673.73,-3.4318595,2.5489821,-0.41041103
121661.63,-3.4204814,3.043964,0.0026274167
123847.37,-3.822397,1.667893,0.06985675
134390.08,-2.5441544,2.8212562,-0.2371383
122320.08,-3.3588681,2.3237782,-0.17998596
119924.46,-1.2686166,2.771338,-0.8508757
122001.734,-0.9557613,1.3187555,-0.03031229
129820.14,0.040449657,2.879924,-0.015307079
127240.086,-2.4952123,1.6112167,-0.26101452
115526.39,-1.7124373,2.6578553,0.17610785
117365.29,-1.4979002,2.9473255,0.07285576
117656.59,-1.0585169,2.4811742,0.25662476
118760.58,-0.77922004,3.267871,0.3531833
122181.23,-1.9765797,3.018745,-0.5426255
116099.71,-2.9799724,2.0628536,-0.020867953
123926.79,-0.8285516,2.7935035,0.13563782
130612.52,-1.1386282,0.85792613,0.3642216
117218.31,-3.6618679,0.74843925,0.17592429
118912.836,-3.513771,2.0568647,0.016856054
115749.555,-1.3663852,2.6747904,0.09979267
121329.76,-3.1990995,2.709019,0.076459706
125406.22,-0.572904,0.93510073,-0.022891335
123970.15,-3.3343816,2.9376502,-0.09652814
131642.94,-0.4207456,1.0091659,-0.2380591
132978.56,-1.2107204,2.343511,0.10522749
115203.97,-1.8144273,3.0386708,-0.30960965
118785.92,-2.5894926,0.22398853,-0.013618047
122170.445,-1.0429701,1.7098815,-0.055370044
115757.484,-3.4219809,2.8534255,-0.1843608
122409.41,-0.15721425,0.25003037,-0.19254552
119525.85,-2.21971,0.97464937,0.18145625
123191.82,-2.56879,2.832882,-0.04147844
120422.51,-0.4193332,2.6557376,0.2639578
133472.7,-2.6147768,2.548738,0.28807747
122864.45,-2.1638758,1.7841481,0.5096274
132374.98,-3.245098,1.7570212,-0.19179755
132764.8,-0.9099651,-0.8324094,-0.10262481
122952.93,-1.9531081,1.4401041,0.33051306
117540.13,-0.955576,2.2397106,0.46976647
132560.3,-1.1054351,1.6730622,0.002517755
122110.39,-2.9220073,2.7289844,-0.42290446
115964.945,-0.35428753,3.2078838,0.09540738
126229.875,-0.5933834,2.8542955,0.36955452
133461.1,-2.0831904,2.7064767,-0.28216943
130301.47,2.8783395,3.189617,-0.33265027
127971.48,-1.2791023,2.3166006,-0.027631234
124208.64,-1.7894018,2.000234,-0.22569472
117002.21,-1.5175458,2.526653,0.90238404
131704.92,-2.543189,1.8357265,-0.1372911
130128.19,-3.8460307,1.2090964,-0.6854188
116972.56,-0.47888595,-0.75299025,-0.07943727
134298.67,-0.9322174,0.41066405,0.30368522
124233.14,-3.1050103,2.5715585,-0.020665616
125677.445,-2.7516458,1.5696083,-0.01633248
115733.84,0.30816552,2.436734,0.80433136
118500.02,-1.5696154,0.28331724,0.52222896
131108.33,-2.429461,1.0743691,0.04123617
124430.11,0.4997951,2.1808703,0.18955038
127169.71,-2.4118109,2.4196284,-0.3034078
119608.664,-2.759655,0.9666678,-0.22467439
124954.734,-0.5329124,2.6751332,0.06134543
132977.47,-0.10722734,2.2570095,0.71511
131294.08,-2.5912917,2.44772,0.043840643
124464.96,-2.5454547,2.5380447,0.5854974
132206.81,-0.53708726,2.9545603,0.006794571
131731.4,-2.886399,3.1122773,-0.48700693
124336.72,1.5872334,2.7701638,0.052716106
117664.836,0.71531886,2.489126,0.23989654
121948.09,-0.50586355,1.216457,0.22391033
115428.14,1.6153251,2.0604043,-0.17196633
130565.97,-0.13848484,1.6895674,0.43932512
116566.18,-2.3892539,2.6646204,-0.042561054
128418.055,-0.59074175,1.8958131,-0.059770826
127817.05,-2.5346007,1.7983559,0.49542674
118355.98,-3.8489385,2.1021,-0.37751067
116625.055,-1.1445516,1.0746324,-0.42755017
132185.88,-0.6133502,0.17708342,0.051665977
118298.71,-0.7765743,0.32232863,0.43356133
131761.52,-2.3875773,2.0687072,-0.17250063
118541.26,-0.96809405,2.4317362,-0.28564942
129891.54,0.33795586,1.1742644,-1.1086773
125019.44,-1.163911,2.4409533,1.0135956
117766.86,0.08438538,0.6502327,-0.17478564
128276.66,-2.1112564,2.8038743,-0.040350232
124571.6,-0.20136799,3.1682959,0.28439724
123816.34,-2.0323064,2.9853127,0.0155949425
133236.25,0.5910114,3.3345451,-0.45373586
123593.055,-2.6840074,2.1381695,-0.053579696
121057.234,-2.793048,1.2354239,-0.18589309
122455.5,-2.197547,3.0379977,0.25711524
134049.1,-2.048291,2.9941704,-0.10661823
132983.67,-1.2786856,0.5150162,0.16552666
118391.016,-2.9249666,1.8733895,0.11064146
125234.29,-2.8721306,1.8675202,0.31292364
116468.66,-1.8041347,2.111957,-0.045422696
117980.625,4.3649316,0.38536143,-0.107737795
120725.04,-2.8929226,0.56979686,-0.036449783
117307.21,0.39217964,2.4682045,0.66648924
118626.336,-3.1931577,2.1306822,0.40950423
131382.7,-2.6043837,2.0976048,-0.6673442
122501.63,-0.64527035,2.0924544,0.20323429
120385.91,-3.2521603,2.7686431,-0.504284
123603.48,-0.9887546,1.7700338,0.27996486
117394.98,-1.8508716,2.2187297,0.7623338
127970.414,-0.73708695,2.5694017,-0.03193904
123647.5,-2.5527427,2.7493157,-0.12648016
129281.68,-1.8203328,0.04469626,0.2418335
128463.305,-0.71387094,0.055494376,0.32913098
123215.82,-1.0867753,2.8497028,-0.080215625
134648.64,-2.3319864,2.7495751,-0.29763207
126179.88,0.7309204,1.5784267,-0.30846983
134664.36,-3.6520658,1.2976534,0.0876488
115775.87,-2.2233632,1.9309074,-0.48799536
128821.42,-4.144626,2.289935,-0.48838484
122896.67,-0.41822696,3.1700158,0.063032076
119203.68,-1.5460316,2.6120942,-0.03140742
129049.44,-2.0580523,1.5878366,-0.2347755
123034.74,-1.1967871,0.28499052,-0.36868644
121838.74,-4.425912,3.1816444,0.003313996
121396.11,-0.7992162,2.9928956,0.78397536
133350.14,-2.211787,2.968606,0.12201709
115855.96,-2.8669715,2.709319,-0.35545787
126262.22,-2.2821438,2.268918,0.51315564
115090.28,-0.75941986,2.111186,0.57823104
122926.69,-1.6890371,2.261214,0.29546773
122232.64,-1.4499506,2.765696,0.31859687
123358.56,-1.7221919,3.054266,-0.4086028
123118.07,0.15504417,2.4410949,-0.59619564
116501.99,-1.5391152,2.5634668,0.04790171
118372.54,-0.9191924,2.5883932,-0.18895349
128215.08,-2.2494416,2.8985271,0.1116004
124478.26,-1.2722297,1.9698741,-0.16762365
124549.18,-2.218512,2.7307658,-0.20293629
126149.42,1.5109767,1.7971221,0.4237877
121910.66,-3.0262222,2.5700333,-0.19736916
133210.6,-1.7848412,3.038028,0.67596847
119525.445,-2.848016,3.443067,0.6320083
117200.86,-2.4040682,1.38756,-0.07449414
123697.42,-1.491641,0.8275656,0.14006424
131905.1,-2.011409,3.1757698,-0.060379036
122287.93,-2.3222888,0.6504749,-0.8239257
133508.95,-0.98297065,2.4615371,-0.40361318
116493.61,-2.1744003,1.8238873,-0.18626142
115871.45,-1.3071575,3.3708954,0.44688407
124003.305,-4.075108,2.761113,-0.22727796
122886.47,-2.682439,2.7853208,-0.6466693
132031.52,-3.020406,2.5244193,0.3224523
122497.79,-2.5066965,3.0457325,0.1726535
116429.484,-1.6017376,3.231553,-0.25420862
125913.95,-1.982151,0.98432934,-0.123604216
131114.16,-1.0754496,2.2540822,-0.19354649
124728.64,-1.8969312,1.9108713,-0.648311
116299.83,-1.3968109,2.697108,-0.23177083
117112.95,-1.755822,2.542744,-0.21482925
122685.89,0.22742738,2.0129912,0.17066409
120803.85,-1.5696009,3.0141778,0.45832288
121274.48,-2.4186363,2.3598096,-0.1428922
128100.6,-2.813627,2.1029296,-0.18523602
131728.17,-2.7278852,2.5410783,0.2746695
123051.42,-2.0092857,2.763134,0.11130002
120514.445,-0.96434176,1.2298503,-0.27408722
132703.19,-2.631016,2.4085448,-0.2103924
128245.04,-3.825604,1.9717802,-0.048691098
131579.97,-2.7955017,2.8366566,-0.5400851
126177.23,1.965454,1.3056833,-0.022973284
116764.234,-2.1892276,2.6215863,-0.53998256
128770.76,-1.3346386,0.35442343,0.32763442
125522.95,-3.5584526,2.6425111,-0.31875688
122311.18,-2.8051631,1.7776494,-0.11280311
120316.5,-1.7889472,2.9522812,-0.23073797
127956.21,-1.6546975,0.82869464,0.12524855
126660.38,-1.8181151,2.2191498,0.30237463
133040.52,-3.6547222,1.6220173,0.1814491
124694.82,-3.5690727,1.5016791,-0.3186544
118431.28,0.034515906,1.5003636,0.01986997
129844.83,0.3810085,1.9945238,-0.32459995
119263.58,-3.321111,2.2149804,0.22006322
117565.836,-2.193811,1.7993735,-0.70892125
118965.61,-4.3376465,0.4912604,0.28953883
133929.28,-2.1548073,2.78602,0.741231
127276.79,-0.29813954,2.6637626,-0.22205472
121531.63,-3.1266475,2.5598812,0.17014617
116567.66,-1.5902407,1.3135529,0.63892835
131772.72,-2.0051455,2.111942,-0.4705764
116217.414,0.118032016,0.11576934,-0.16214323
130282.516,-3.4843302,2.7142599,-0.02314612
124245.4,-1.2541485,-0.29226282,0.86666703
133930.67,-3.7901647,2.7685168,-0.1404108
124044.97,-1.6095126,2.2627664,-0.019178921
122470.0,-1.1744442,1.7364129,-0.26762998
133495.05,-2.462639,1.6580333,-0.25763583
125217.125,-0.57513577,0.6743714,0.12806459
115451.9,-2.295419,0.2312668,0.23089889
118505.984,-2.0813634,2.524694,-0.035144866
117984.18,2.289842,1.2323482,-0.452048
124290.33,0.66859,2.8232944,-0.36290893
120311.57,-3.9935944,1.0898407,-0.11458661
131834.67,-3.1771896,2.155897,0.20912445
126617.805,-2.3246813,-0.15283512,0.5650359
122840.445,0.025610287,1.549246,-0.34812036
122099.664,-0.7998968,2.5975223,0.11617283
115778.43,-3.3125184,2.3494174,0.11177741
116347.805,-0.3515409,1.5843333,0.15993808
126378.08,0.17680022,3.0532367,0.13614978
126047.836,-1.1582431,2.928599,-0.5364278
124218.61,-2.5519338,1.7323424,0.15314738
130407.67,-1.2742659,1.2649721,-0.3045345
115377.93,0.09055953,-0.017066862,-0.070163086
129418.734,-3.6062374,1.8366575,-0.049652427
120098.305,-1.2740947,2.8924012,0.66920936
126939.16,-3.5583224,2.4460955,-0.0016714507
119788.72,-1.5627862,0.09357261,-0.22697192
128974.26,-0.5826479,2.1072474,0.30342478
125533.03,-3.3764234,0.8376947,-0.23833922
119233.13,-2.1315532,2.306221,0.43071488
134239.66,-1.9851253,2.065107,-0.4940259
125285.67,-3.2609537,2.9266427,-0.24089065
128593.85,-3.0084789,1.944067,-0.56315404
129708.65,-2.18013,2.6515257,0.34466302
120439.94,-1.9974943,0.75572354,-0.66219634
116531.56,-3.7833717,1.6661209,0.057127617
127396.42,-1.9592608,1.727061,-0.11930743
128660.13,-3.2221768,2.9750135,0.6760418
129811.695,-2.9169085,2.7806818,-0.02511646
131803.12,-3.8055832,2.9036899,0.018164845
134601.17,-3.9912944,2.489175,0.15640566
120715.07,-1.5517342,0.9736085,0.5967526
119662.34,0.13637225,3.2581239,-0.070622295
115092.22,-3.1510217,2.9533257,0.17070998
125493.76,-3.4333766,2.718093,-0.2630054
116977.3,-0.21136951,2.1896906,-0.28168726
131181.12,0.28882545,2.421674,-0.11170351
118235.18,-2.9250317,2.598465,0.10177553
130303.29,-1.0821103,1.0867152,0.34390733
122820.72,-3.0011725,0.9287159,-0.91020817
115484.14,-1.5793135,2.6461713,-0.11592132
115628.23,0.14377731,1.8754631,-0.06810544
131951.2,-3.2787015,2.7461963,-0.09456257
132490.61,-1.97767,1.4299412,0.49539635
118806.12,-1.8037604,1.4504551,-0.043880872
119978.91,-2.1522498,2.1388602,-0.013209795
126042.66,-1.7135625,2.776582,0.5832439
119373.836,-3.6424186,1.8939679,0.12561806
115223.25,-3.9098759,2.8747797,-0.12145389
125814.26,-2.8812077,1.5717424,0.101550244
128767.98,-0.62862974,2.06052,0.17820692
117921.24,-1.8157295,3.117645,0.24252962
120466.53,-0.34783956,1.8757999,0.041285638
130406.5,-1.6467049,1.5749995,0.2947448
126574.05,-2.277379,2.886337,-1.3062636
132340.64,-1.4120973,2.6513646,0.44085205
130455.92,-1.1376532,2.5993958,-0.18741584
126332.484,-3.2579746,1.5567248,-0.36017275
131478.8,-3.5272834,2.9141695,-0.43822077
115423.04,-1.5795401,3.2436998,-0.20540816
119547.45,-1.3906492,1.559042,-0.06159962
121916.34,-1.8984152,2.4441068,0.22603682
127314.65,1.0574106,2.9007235,0.12311729
123676.06,-1.228841,0.2316707,-0.24769743
131661.36,-2.5092897,2.8062959,-0.038687423
132421.9,-2.0659049,2.4028661,-0.39217705
127466.29,-2.051177,0.4537432,0.28011447
134939.7,-0.37338823,1.7367039,-0.011488877
117430.72,-1.2306577,1.2438674,0.020244848
116954.85,-1.4864495,1.5844911,-0.07499715
133979.55,-3.028634,1.5016198,0.21190712
120787.58,-3.1185114,2.380935,-0.26714545
119667.08,-3.2732954,0.2706815,0.92253023
122229.01,0.12119709,1.0033861,-0.8267304
130504.61,-1.7274951,1.7119688,-0.3644603
115993.02,-0.9648908,2.6180277,-0.06783873
127861.445,-2.48972,3.0722578,-0.5060508
118377.18,-1.8445052,1.0806855,-0.1500253
125904.16,-1.441329,3.1911223,-0.19552338
118095.56,-2.0557714,0.9562942,-0.088790715
121847.71,-2.3481996,2.4748588,-0.23478712
124862.79,-2.4470308,2.5597181,-0.3345175
119187.87,-0.2972558,0.7514669,0.041924536
118764.72,3.076729,2.1708703,-0.5065491
128097.74,-2.5130832,1.0360602,0.42095855
128457.08,0.40790585,2.6230276,-0.3910724
118879.484,-2.1208115,2.3183453,0.3269431
134558.84,-2.846004,2.46126,0.36174586
129987.484,3.6248171,0.86293536,0.053949803
131699.66,-3.1800358,1.5925741,-0.402232
122787.31,-3.3298526,0.46173257,0.13300772
116399.06,-1.680161,1.2934712,0.1450038
125503.46,-3.2016823,2.2727106,-0.20996776
117370.78,-0.11638886,3.0981693,0.27518326
133727.73,-5.5285316,0.93203,-0.48818758
124860.06,-0.7569147,2.6915228,-0.21673104
120128.37,-1.0002306,2.9126549,-0.2850847
129081.45,-0.9474129,2.7338638,-0.14440124
115806.87,-2.1843383,2.1922767,0.08697832
118052.266,-3.1964664,2.7950013,0.6006885
123100.4,-0.53081775,2.7953897,-0.26131758
133262.69,-0.88096344,2.5080562,0.2086548
117950.766,-2.6986263,2.8875842,0.100892864
118976.72,-3.4581342,2.0445437,-0.16355513
123231.37,-1.4613379,1.6559845,-0.01745383
132085.89,-4.9747825,0.7468922,-0.86310416
128842.41,-1.2257316,2.4930642,0.4439047
120687.25,-1.7396208,1.1559948,-0.18318462
129635.0,-2.0876465,1.0196915,-0.31505758
118883.055,-2.9393651,0.6370195,0.5162846
125185.63,-2.3637981,2.9768662,-0.70510846
115260.86,-1.0465199,1.7841417,-0.30020195
129310.125,-0.7828942,0.64490485,0.79323107
129296.51,-2.0963156,3.155932,-0.30778503
120946.125,-2.9233716,0.41673678,-0.20047456
129858.69,-0.41832134,2.908638,0.085098565
127669.5,-0.18594417,0.16197778,0.18200397
127397.484,0.46038213,2.31652,-0.10097869
123552.89,-1.4088671,3.190296,-0.52824336
126650.83,-2.250783,2.62801,-0.09909834
129895.04,-0.99309134,1.1482915,0.051167134
128071.49,-2.2414153,1.3121045,0.06862007
123999.625,-1.7503631,0.53863037,-0.23209654
117912.3,-3.147549,1.8202325,-0.22728571
117747.164,-1.3027395,2.5164785,-0.062071644
130016.73,-2.5635247,2.9939294,-0.10882905
118368.46,-2.8123455,2.9274418,-0.04741598
128951.14,-0.47638488,1.7588294,0.5116233
129058.05,-1.1964387,1.8787662,-0.062299013
124968.38,-0.40602332,2.947177,-0.33769384
122883.664,-0.643838,3.0090637,-0.31406406
124186.54,-0.88649905,2.0128977,0.045437295
116344.2,-0.31004012,1.7222983,-0.08138317
117850.12,-0.98168635,2.743608,0.0022197606
120425.016,-2.602477,2.5658133,0.059126563
132900.73,-0.8771798,2.709314,-0.34320584
127692.734,0.30691463,3.208031,-0.37779555
122035.36,-1.0711521,2.4057622,0.5025524
116512.76,-1.027144,0.23248331,0.45029074
116745.35,-1.6629801,2.7653065,0.14775905
121778.46,-3.6769114,1.9106098,0.43363047
125614.625,-2.7782164,0.5143976,0.21759285
134535.05,-0.74548906,2.7219985,0.102959156
134267.17,-3.6464095,1.9177083,1.0780267
130602.17,0.79721415,2.4639163,-0.32279232
124830.83,0.021849731,2.780357,-0.20166326
133868.72,-3.8546598,1.5704352,-0.33900115
115972.07,0.46919683,3.011916,0.51710826
131977.72,-3.3751736,2.9546766,0.5008014
133232.58,-1.9896753,2.6837919,0.36557388
117357.01,-3.224307,1.8497094,0.061306093
134336.55,-1.1759785,2.2655096,-0.12572207
122666.59,-3.3331437,0.6132068,0.2215216
116314.93,-2.2229593,2.4458895,0.40229276
116994.695,1.4063947,2.1681669,0.6057103
119282.9,-1.01268,2.5029666,-0.024936471
118072.195,-1.9375045,2.2940009,-0.7398346
125816.6,-4.0864334,2.683211,0.9552798
134084.75,-3.193737,2.0081642,-0.2203183
126329.72,0.16812915,0.92491597,-0.1495035
115519.41,-4.039385,2.8918374,-0.2734802
122335.81,-1.4698492,1.3628125,-0.34949204
123549.22,0.7752797,1.3654943,-0.72356147
125975.6,-2.9902377,1.0304989,-0.27895913
126697.49,-2.2173054,2.4619813,-0.1933659
134714.1,-2.6377718,2.9688513,-0.19075339
124987.61,-3.2901654,1.5866759,-0.41178033
123528.63,-0.4956826,2.5526788,-0.17199075
127300.305,-1.0022457,1.7143068,0.20026745
118704.625,-4.022506,-1.1830928,0.86896217
117913.88,-0.6792283,2.6623454,0.00045026958
124675.36,-2.2345057,2.9337096,-0.05660136
126607.92,-1.9905211,1.193631,-0.25292456
121344.58,-3.1359704,2.5357497,0.2023832
117677.484,-2.9552739,2.3317926,0.5609396
132701.19,2.9083428,2.771615,-0.58949137
128906.94,-2.4100382,2.5306575,-0.07870092
115093.72,-3.510896,2.0554352,0.3404619
115288.35,-2.1893415,2.4917922,2.243511
132414.9,-4.3867903,2.3691332,-0.09504502
128829.11,3.0366328,2.9121776,-0.439197
124073.94,0.6692058,1.2873646,-0.15264168
126486.68,-1.0125887,2.9036963,0.08858689
117520.47,-2.8562074,2.22527,0.6210028
126415.63,-0.9953007,0.5715256,-0.36738095
119430.3,-4.0975976,0.2889704,0.060413305
124065.46,-2.7446828,2.692271,0.33444718
134444.64,-1.2716304,0.35739985,-0.100044176
117563.0,-0.13008377,1.344269,-0.065846935
119414.984,-2.448062,1.3186266,0.43222213
121331.57,-1.6490493,0.71584475,-0.67540616
129595.0,-3.2261536,2.9429867,0.65659106
123165.2,-1.1433865,3.0381851,-0.07407843
119911.85,-2.9531388,2.9346902,0.0017590611
118108.7,-1.3233796,2.1058571,-0.05364108
129684.09,-2.6459205,0.62702,0.6180813
116735.766,0.24362509,0.86424816,-0.20888366
122078.83,-2.9140217,3.008475,-0.30989066
116334.18,-0.4542004,0.22074181,-0.2264236
134721.1,-2.3891659,2.0448034,-0.25353038
121516.98,-3.663286,2.0120018,0.099439844
129728.44,-1.6928847,2.8713844,-0.4482897
118581.875,-1.4084374,1.5433373,0.14493167
120671.8,0.3101479,2.7047346,0.14577976
133523.23,-3.6393485,2.7355049,0.27969965
133337.03,-2.7512822,0.62768507,-0.1153301
130748.65,1.4939252,1.5462406,-0.071497805
125433.766,-2.552564,0.46214765,-0.42680252
127229.3,0.078840464,2.8228476,-0.16170846
122888.7,-3.5318005,2.4538147,0.19893542
127217.555,-0.57625437,1.6114688,-0.62150997
120146.96,0.43112218,2.7155147,0.21676084
121305.734,-1.7808186,1.4582379,0.17639035
129216.04,-0.34513256,1.5733641,0.098004706
126898.82,0.3150419,0.39000207,-0.056545038
119549.62,1.1534086,2.4091988,0.2998995
119108.95,-3.0723474,1.8760792,-0.000800115
129352.03,-0.13083939,3.2149692,-0.1961453
133560.89,-1.2211459,2.6171703,0.18899372
133463.5,-0.42806628,2.71276,0.012010666
126607.88,0.29791912,2.846376,-0.36949342
120391.0,-0.9392736,2.0795856,0.8347756
131626.6,-4.0684733,2.1544852,0.047830787
126058.305,0.14966352,2.91238,0.43877742
126219.59,-2.464713,1.2992423,-0.72293866
123615.53,0.2925633,0.92504996,-0.21221018
123165.57,1.3641583,2.0713346,0.48041856
130601.23,-2.1731937,2.7165215,-0.4016494
127022.48,-2.2214818,1.9028262,-0.021856997
122908.4,-0.13154577,2.2184718,0.2592781
124237.586,-2.0960124,2.9926615,0.21334523
120314.37,-2.8193452,1.9200096,0.1732042
131325.97,-1.7153461,3.0379832,-1.3300117
131862.4,3.1230688,2.95312,0.52309793
132542.36,-4.792174,1.0144558,-0.81450725
126511.4,-1.6812328,2.3100998,-0.1898877
133128.02,-2.2144866,1.0588617,0.35899657
130773.97,-1.500236,2.505599,0.16003463
117196.37,-2.5839922,2.6691835,0.056261048
117589.67,-0.27042875,3.0722506,0.142686
120326.26,-1.750692,1.8697748,-0.5074496
125866.8,-1.5593019,3.0713725,-0.61766076
126106.15,-1.6758174,1.5010893,0.2791454
127798.44,-1.714741,2.0297585,-0.2350443
123610.234,-0.30149648,2.8620377,0.25547212
127064.09,-1.1968677,2.1049273,-1.1697813
126045.59,-1.6880679,2.283216,0.11315891
132256.81,-1.9662853,0.47810137,-0.08196754
130665.01,0.8253734,1.4128983,-0.71771926
124656.3,-1.847519,2.9695754,-0.21931794
133208.12,-1.6118828,2.192005,-0.12588537
132647.22,-1.8193512,1.332525,0.21494666
128294.69,-0.17943113,0.9454937,-0.063341096
122347.4,-1.4918811,1.8982126,0.07943191
122320.84,-1.4239111,2.946444,-0.14527616
127287.78,-1.4441198,2.7664034,0.57983965
115291.734,-1.2317818,0.94251245,-0.07458056
120194.6,-2.0492976,2.9256718,-0.13151477
119149.945,-1.1972022,1.340765,0.45312706
116319.414,-0.7140559,3.2111585,0.090464845
121180.68,-2.9714587,2.1012876,-0.3005509
121060.27,-0.46366534,1.5761122,-0.79987127
129889.16,-4.0444307,1.0148774,-0.17977437
124305.5,-1.1321937,3.2367816,-0.074091844
129066.98,1.8530202,2.812307,-0.14035895
131164.0,1.8808675,2.7743454,-0.06193963
134967.1,-3.377211,2.5144994,0.55279547
117937.21,-0.42781967,2.8654253,-0.021445764
121831.805,-1.5958263,2.3242676,0.04926295
115960.305,-1.9334105,2.1931846,-0.1536629
131312.23,-3.5445242,0.33079162,0.7345655
123461.9,-1.4165236,3.0816581,-0.68227047
115204.734,-0.0039124386,0.3448697,0.10676455
134062.34,-3.8815727,0.46400708,0.09729548
124108.266,-2.6327007,1.2078255,-0.24724954
117903.91,0.1874847,1.4399949,-0.12896454
120905.29,-0.32224444,2.3035746,0.004634111
120287.445,-2.2211719,1.5899318,-0.053502515
115041.484,-0.9790086,-0.082567014,0.27514094
122511.73,-1.08406,2.4221883,-0.074958116
128367.15,-3.0617507,2.6633484,-0.3970874
122565.98,-1.131211,1.4727176,0.098726444
125604.15,-3.446779,2.6717665,-0.07679525
127214.94,-0.76528335,0.43171808,-0.20367084
116308.32,-1.2987049,2.9142787,0.093752325
122788.55,-0.87056106,3.016312,1.0839247
121359.66,0.055211537,2.1801333,0.07416217
116837.27,-3.4377284,2.9702215,0.07405966
134627.17,-3.9867463,2.0176017,0.5052141
122417.21,-2.4410694,2.8024592,-0.08870519
121973.82,-1.7833041,3.4210835,-0.34070805
131657.4,-1.2936087,0.99958086,-0.07421283
130866.11,-0.0014733638,2.9749353,0.059291653
120488.82,-1.4217496,3.0685227,0.9234618
116382.516,-1.6540961,3.0670667,-0.12764919
127253.36,-3.3065999,2.7386227,0.06543153
126462.04,-0.49629185,3.2221925,-0.16346782
118889.28,-2.368005,2.9466712,0.5035191
130270.84,-1.1143804,2.6893203,0.43100333
119630.195,-1.4085903,0.19961715,-0.86174774
130997.625,2.1375413,1.149344,-0.018911025
123068.93,-2.7545125,2.4398448,0.26084197
132200.83,-2.6288536,2.6480267,0.14547938
119886.19,-2.4011774,2.2486176,0.2754723
123883.69,-1.8782885,2.3905394,0.88805705
129283.055,-0.6564242,0.2881964,-0.06382623
116238.51,-0.57278794,1.8172734,0.117602006
126563.39,-0.2651607,3.0802746,-0.11992934
127197.49,1.108302,2.4207137,0.083125845
132728.5,-1.9331354,0.47176376,-0.89967495
118253.33,-4.0120764,1.5423535,0.42507622
133403.08,-1.9352204,2.8260005,0.32528505
130462.93,-1.7769036,1.165031,-0.8763143
122486.734,-2.2942064,2.8424096,-0.08073146
120094.016,-2.0075152,3.080494,-0.10269156
123526.43,-0.67166346,2.9385698,-0.12333989
121749.125,-1.8599972,2.9340458,-0.08530269
124853.88,-4.1737885,0.5563117,-0.004661229
134766.89,-0.71277815,2.9562185,0.17138225
116842.14,-4.1735806,2.7109466,-0.060374565
125086.586,-2.8663287,2.6190002,0.37436354
134352.95,-2.4725373,2.4635909,-0.3262151
118295.56,-1.7738123,2.38927,-0.1594738
124838.79,-2.7049644,2.3224912,0.5442371
120951.25,-0.9703,2.0184839,0.113589816
130707.14,-0.8713246,0.8122032,0.41206282
120451.16,-2.778795,2.5913484,0.20973355
118669.72,-0.62666804,1.7791977,0.04434604
119323.86,-1.0753789,2.338082,0.32861602
116459.44,-1.4382112,0.77729005,0.71013296
130837.91,-2.2770748,-0.71572053,0.14096895
131798.73,0.7745702,2.7792988,-0.13429148
121586.15,-4.1633334,0.2626427,0.28966877
117226.04,-4.0009427,1.9000713,0.19312988
124429.65,-1.7684661,2.761314,-0.13523166
117649.22,-2.0429392,2.0814703,-0.18888913
117376.445,1.4022721,2.3752253,-0.84818125
124539.734,-2.319949,2.457583,-0.04386627
124504.77,-2.2989163,3.1485102,-0.2539711
132610.86,0.09729815,3.3650823,0.17475139
121006.68,-4.7214847,2.2480512,0.24155457
121732.75,-3.8887177,1.0064764,-0.31483796
131948.8,-2.2424512,1.3440964,-0.067130096
117822.62,-2.2743027,0.4804263,-0.33295333
125827.34,-1.3835214,1.8926742,-0.1626832
118197.38,-2.854741,2.7686954,-0.34598166
115978.48,-1.6889199,2.4278593,0.9455199
133319.11,-3.2174644,2.7289581,-0.13926561
128261.54,-1.0869699,1.9306967,0.8619891
133538.97,0.5429112,1.2847788,-0.60929936
129356.94,-1.8496295,0.99112016,-0.011772567
124485.33,0.097055,0.06875437,-1.2051622
118846.61,-2.6358757,3.00762,-0.22455817
119489.055,-3.5254877,0.4350173,-0.45820427
127611.68,-0.0542627,1.8721071,-0.16142417
120361.414,-0.90429896,3.0593352,0.13211493
126251.945,-1.1106429,1.9753118,0.08279507
117952.73,-1.4777867,2.5859108,-0.033238
121553.68,-2.2472343,2.8156855,-0.13249011
126985.7,-1.3999888,2.5707989,-0.018259013
120318.29,-0.41027707,-0.6774652,0.40635085
118072.18,-1.7236195,0.515643,0.07710099
130636.88,-1.5326545,2.888027,-0.042569697
123114.03,-3.8591278,0.67589253,0.5571176
132875.48,-0.31640816,1.9497371,-0.283317
116145.44,-4.107662,2.707808,-0.3371506
133186.28,-4.13975,3.2394927,-0.09768615
120132.195,-2.3044374,0.2400128,-0.08345512
133977.86,0.114564545,1.8043545,-0.055632878
121353.06,-1.7330351,2.2800257,-0.31606093
122509.79,-3.0194287,3.3247654,-0.20079133
117165.37,-1.955562,2.5966897,-0.16746274
124699.34,-3.424194,0.39918193,-0.02517159
120383.46,-1.5972773,2.9849384,-0.957184
117733.54,-0.24643922,1.2984073,-0.4092146
130338.66,-1.5089595,2.788831,-0.3585299
133060.39,-2.9010067,2.8368087,-0.26432046
131033.56,-1.7299454,2.2088804,0.021672836
121694.8,-1.2073376,2.9611015,-0.28698292
122777.82,-2.3373756,2.9355698,0.53898877
122868.195,-2.452504,0.99293923,0.40580374
131892.78,-1.6099087,1.2747335,-0.2114187
123844.484,-1.8621167,0.9593044,-0.2549366
132692.92,0.9649841,3.2561233,-0.121068574
122691.47,-4.7751055,2.5739844,-0.31857988
127123.39,-4.6671686,3.1729057,0.15388522
121037.14,-1.0161734,2.8215945,-0.38678336
129903.52,-0.8843462,2.021292,-0.0063454933
118018.33,-0.7760918,2.4737701,0.0043980996
124864.7,0.7051327,-0.05872147,0.19587085
134352.31,-2.3024042,0.7643938,0.15358543
119156.6,-1.3170437,1.3865412,0.45563674
120490.055,-0.7835241,2.5372221,0.3737586
132872.17,-3.5487087,2.1089268,0.015457865
115089.27,-1.1690481,2.758312,-0.12863943
120504.22,-2.6852686,1.1943189,0.06177752
130084.89,-1.7581284,2.9222908,0.06748352
126711.6,-0.34338298,2.4237394,-0.18863256
133289.73,-1.6455777,2.8796208,-0.5790836
123446.945,-2.1997285,2.7405815,-0.6701811
120416.375,-1.5907946,0.9708271,0.25631425
117590.87,-1.9505633,0.77773064,-0.28243434
123699.73,-2.0209565,0.98117334,0.4585279
118933.34,0.68351924,2.7005527,-0.3453365
133392.22,-2.6589117,2.455667,0.023024539
116400.82,-0.89121604,2.715279,-0.11783325
132055.64,-1.864479,2.629059,-0.38952222
133259.9,-3.310411,2.5965805,0.10783673
124877.33,-1.5801438,3.0028646,0.19727975
123796.59,-3.069209,3.0843227,-0.39766133
115432.32,-3.2119653,2.7202427,-0.1653437
119520.58,-0.69259053,0.32862172,-0.1876459
129951.11,-3.875006,2.58915,0.21218663
123930.67,-0.37372437,1.8379344,-0.049307052
119768.0,-1.3071162,3.040074,0.11240022
118740.08,-2.4596026,1.3355565,0.98033637
123946.164,-2.0301442,2.7860773,0.15758511
119869.586,-2.6297014,3.160645,-0.3233591
116953.16,-3.0024073,2.1135948,-0.45312676
118588.086,-3.036286,-0.4518407,-0.08639663
129246.39,-2.4474013,1.4732826,-0.25194266
122345.68,5.0416923,1.584508,-0.8932425
130153.5,-0.7731468,1.1846961,0.2733589
127351.7,-2.4998314,2.897416,-0.5811401
126979.375,-2.3181577,2.6048603,-0.34219623
118468.3,-4.833926,-0.5876242,0.41731527
121043.75,-3.3132498,0.3041446,-0.14762138
127562.51,2.904333,2.6128116,0.19642332
130295.445,-0.48607093,3.118941,0.025630798
126157.695,-3.1671,2.7337635,-0.12820643
120553.85,-2.5702293,0.965455,0.21063885
122574.48,-1.0136241,1.8042817,0.27590498
117665.914,-2.1069884,2.149807,0.02975683
121810.01,0.4687498,1.7304902,-0.10327652
116061.875,-1.5000373,0.40999392,0.6185217
120907.51,-2.1449213,0.125634,-0.024967166
133344.62,-0.9591678,2.6772144,0.61543983
128890.664,0.8075835,1.7376726,-0.22851762
123424.51,-4.3376384,0.9640938,0.2673019
134363.28,-3.516315,2.5764596,-0.39990553
125372.91,0.04128415,1.8653378,-0.010520097
122603.96,1.1173681,3.1598637,0.0917504
119183.51,-3.06588,2.6593838,0.35493013
115175.78,-3.758795,1.4646795,0.11376205
123504.03,-1.4033237,2.612289,0.56355363
132296.56,-2.817385,2.4844,-0.066993915
117690.34,0.2512478,2.7187865,-0.90411985
133956.77,-0.7540485,2.0728693,0.06942525
118029.305,-0.49963257,1.1469718,-0.36363694
125523.36,-0.73616874,2.483481,0.5171964
130245.37,-1.3692076,2.6823418,0.09234102
134393.34,-3.8645687,3.140985,-0.2511214
124100.61,-2.0147889,2.5533626,0.07402092
119189.49,-3.6280742,0.59636164,-0.7012393
126268.125,-3.3197112,2.7439888,0.06846392
120676.6,-3.04174,3.0149097,-0.23903593
116533.04,-1.77986,3.1788175,-0.019577637
128653.42,1.67172,1.3375262,-0.46753955
117313.13,-3.0554638,2.649402,-0.06806997
129584.234,0.40073603,1.1806091,-0.46804017
116055.2,-3.193205,0.92563933,0.096089795
132812.56,-2.074669,2.923986,-0.9065497
119570.25,-4.138328,-0.32586816,0.95690507
116893.06,-2.402634,2.725152,0.10916042
121117.66,-3.054421,2.3665204,0.6283293
132724.23,0.1334431,0.43845582,-0.24832352
121236.555,-0.05515299,1.7445462,-0.08463965
119903.8,-1.1104628,3.0006292,0.10800838
127572.66,-3.2697778,2.7270865,0.010484338
125407.125,-2.4752092,2.871721,0.055279456
131224.3,-4.3416224,0.5565862,0.10677587
116922.63,2.372717,1.1996073,0.5897384
116133.984,-1.451045,2.830368,0.32823342
133892.73,-2.6010983,2.6725082,0.05948237
123394.68,-0.8398784,2.4346876,-0.012334287
124148.89,-1.7047974,3.1207547,-0.3529425
117491.85,-2.5759542,2.8019814,-0.29475552
127959.51,-1.8539053,2.6575572,-0.07125017
128599.36,-1.6791265,2.8060272,0.10826585
124812.63,-3.054939,2.8628047,0.519218
120067.38,0.5649641,0.61314255,-0.044755187
132353.95,-3.455566,1.9428039,-0.17196186
133793.89,-2.8275902,1.3081174,0.2381205
129998.96,-0.64719796,1.4365222,-0.16887195
116002.94,2.1391056,1.1776174,0.19583806
132692.72,-2.039435,0.25570568,0.47260633
134879.9,-1.3468254,3.2919807,0.55246764
123175.01,-0.6652276,1.8830274,0.41128683
118271.0,-1.2398471,2.5214012,-0.075364575
115947.47,-3.9906645,0.529948,-0.16832244
123766.68,-1.02937,2.4113183,1.2301689
126653.37,-1.4840249,2.0917966,-0.03145808
121705.6,-1.5252874,2.9832115,0.22838323
115651.69,-3.8134265,3.105568,-0.3683074
119256.51,-2.8629203,2.7035189,-0.119642675
130836.625,-0.9388396,2.4159737,0.188626
115732.164,0.33037102,2.8488731,0.08428862
124660.1,-3.1510959,3.058725,0.45316756
115595.58,-2.8625944,2.5552084,-0.3324247
127542.23,-1.7409058,2.450278,-0.15147564
121675.51,-0.9826931,1.7326107,-0.80442494
116900.69,-0.6239176,1.2646202,0.09194528
121911.375,0.17917868,2.618492,-0.3265727
124576.92,-1.2074513,1.7883457,-0.7413672
116533.266,-1.7822888,1.5827373,-0.21021213
123772.07,-2.6328557,3.1055768,0.8044476
115231.08,0.31288972,2.8845878,-0.30826896
123355.02,-1.8874986,2.3183954,-0.7984561
126403.69,-2.2572858,2.6594203,-0.111213006
125009.86,-1.6015792,2.1513894,0.2098587
127228.98,-4.5452895,1.6422946,-0.23219606
130371.49,0.7347267,3.1884637,-0.085878715
127718.555,-1.8484375,1.8429903,0.0008668658
124358.6,0.11599038,2.0477157,-0.22601148
129162.734,-2.6426961,2.8332343,0.07609079
132946.98,-2.3415496,1.0066199,1.4297566
130561.31,-2.6331427,1.4309137,-0.36981198
115958.85,-1.1135975,0.15904126,-0.1868884
128075.42,-0.9710498,2.7805943,0.23380196
133018.69,-0.78737,1.6498624,0.033798825
115071.82,-0.999925,2.616086,0.007541345
120724.62,3.9292476,-0.096525714,-0.068601
115112.3,-1.0401628,1.7227207,0.024132483
128633.79,-0.9262024,3.004065,0.018256629
126164.125,0.7900051,1.1179096,0.053386595
124328.06,-2.7894478,2.2199786,0.045767475
132873.58,-3.5088859,0.2777827,-0.34816715
129870.73,-4.141595,1.0213968,0.2589473
126531.38,-0.59828216,1.2057627,0.50808436
131531.36,-0.068979464,2.9139535,-0.3009413
128619.234,-2.6082878,1.703264,0.31327647
128224.93,-2.3042688,1.2034442,0.3539694
115584.46,-0.62709093,2.667254,0.48015156
123209.945,-0.7795142,1.5744634,-0.20481128
124564.35,-2.2676413,3.2314634,-0.15365635
117085.94,-2.4060073,2.4966521,0.24542552
120589.375,0.49041077,3.1890888,-0.19019195
122164.74,2.315966,3.137162,-0.12403094
129291.766,-1.5913215,0.8513125,-0.45058575
127739.7,-1.890063,2.852974,-0.1196984
122731.695,-0.90217084,1.5388122,-0.25658184
131832.19,-2.218114,0.12842074,-0.17845486
115300.54,2.417278,1.7973081,-0.3805955
134013.28,-1.266773,1.0496627,1.5350983
127950.06,-1.5484947,2.3283145,0.32341722
116844.17,-0.13609812,2.2237198,-0.031038502
118225.234,-0.9848146,2.8622699,0.3094687
120880.9,-2.149284,2.1343029,0.54255515
132805.08,-4.098669,0.39829826,-0.258711
124301.625,-1.4718908,1.0665182,-0.29074988
127067.44,-0.57468903,0.3690899,0.31861475
121271.89,-0.3594164,1.7848114,-0.16646564
120850.63,-2.6246772,3.0810091,-0.017254176
118351.3,2.4193492,0.018246476,0.6271111
131866.12,0.56272477,0.14511415,-0.009462813
123168.18,-0.6437092,2.7303157,-0.25532818
122252.086,0.5338457,0.17243598,0.06169885
116653.56,-3.6239355,2.7926333,-0.3725404
124016.91,-0.6358151,2.8246796,-0.053209588
118617.09,-3.3261576,2.1274312,-0.52260417
120649.53,-1.8895929,2.720832,-0.12832624
119213.84,-2.7085478,2.620305,-0.7520816
134656.02,-1.116671,2.0097961,0.08620353
124571.445,-2.5042582,0.29222646,-0.026697619
134649.47,-2.666873,1.1951549,-0.33554858
131615.3,-2.6848748,3.072624,0.48260704
116049.47,-3.7571044,2.7237358,-0.29696098
115511.72,-3.497796,3.52122,-0.41135508
121178.42,-2.9465344,2.715843,-0.13891904
131202.5,-1.6847513,2.6395082,-0.13306524
118646.664,-0.21057944,2.127534,-0.22432454
116564.266,-0.0022155563,0.5621733,0.15217294
122141.69,-1.405324,2.029326,-1.1530182
118394.07,-0.76490176,2.056843,0.16448547
125366.18,-1.8650193,3.0660822,-0.6027316
122684.8,-2.381909,0.6035456,-0.12694056
133026.94,-3.4124148,2.2703338,-0.32493848
115257.195,-3.1945145,0.78661823,0.06788402
120537.08,-1.7411652,2.963738,-0.0060761063
126053.33,-2.9760883,1.7346348,0.61723256
121327.016,-3.1501708,0.25406998,-0.7317941
132148.11,-3.5891926,1.8887608,-0.22286378
119608.625,-2.959618,2.739167,-0.1881057
125162.836,-2.2316294,2.136808,-0.049789205
119161.234,-0.05142722,3.2147686,-0.17619397
116466.375,-3.5806406,2.1822767,0.058853004
129990.87,-0.8016921,2.42437,-0.15443888
118047.82,-1.2119275,3.1629531,-0.039851986
124899.7,-2.0152397,2.6125546,0.13469616
126505.586,-2.7797492,2.460457,-0.012423984
127205.086,-2.4556127,2.4317315,-0.30974612
125653.75,-1.1768427,2.6780949,-0.058161657
118083.56,-1.1495042,2.708239,-0.17489442
118699.695,-1.1325144,1.0615473,0.26562837
127753.945,-3.4241583,0.9499799,0.2020286
129964.46,-3.5481942,2.8903053,0.22213726
130639.27,-1.2216401,2.5532143,0.4861621
123426.44,0.9605385,1.9551475,0.22540864
128771.88,-1.1804299,2.5064828,-0.009435696
125412.67,-1.8870202,3.0176678,-0.19027033
123147.81,-2.3113532,0.7667527,0.031307593
126826.69,-2.5670416,2.6933327,-0.081189774
124365.0,-2.3401423,2.567397,0.11087568
131440.62,2.6247487,1.1864992,-0.9875288
125280.69,0.29896373,2.722863,-0.023695324
124694.51,-0.38296783,2.7862086,-0.6655682
120687.875,-3.3162556,2.6168265,0.18874282
133169.9,-2.5220277,2.6882644,-0.07785879
132746.9,-4.6150055,2.239592,0.46302164
122816.79,-1.5781004,1.0351267,0.2772549
126135.93,-3.467501,2.579818,0.109282
124428.016,-1.7338086,1.7813404,-0.1963974
125500.42,-2.9724915,1.8713466,0.7286414
116092.51,-4.492036,1.030098,-0.31139314
127061.17,-2.00073,2.3780813,0.13505077
125040.31,-4.1712203,1.5461518,-0.2189982
124526.01,-2.6055808,2.6945822,0.36735532
115133.125,-1.5138286,2.1793709,-0.11916469
129248.11,-3.6924005,2.6648333,-0.5560868
121485.414,1.281446,2.1921778,-0.08073295
115484.33,-2.5576549,2.6182406,-0.26881808
119319.61,0.25886467,2.7003434,0.12156116
120675.0,0.077488676,2.971627,-0.4227778
133011.67,-1.9713453,2.6685095,0.4007408
125675.7,-2.0541902,2.0418956,-0.12068714
132728.8,-0.8305481,0.5199253,0.32359782
123517.336,-3.9624493,2.7448187,-0.1267415
116676.42,-1.8729413,2.7460713,0.26279622
131872.45,-1.2235539,3.1593661,0.16044883
124588.945,-0.872405,2.8926191,-0.4725825
116933.48,-0.9891224,2.8810365,-0.043669295
129138.55,-2.5276778,2.6068182,-0.15949912
133226.9,-1.3304379,1.3075154,0.09495145
128717.88,-2.4110157,1.9330791,-0.057852935
116512.56,-2.5236354,2.6507041,0.10679733
116182.266,-1.8164424,3.1509285,0.5008109
128690.555,-1.7326593,3.0147314,-0.11519809
129184.19,-2.4010746,2.5299847,-0.41829953
122919.36,-3.5003262,2.450964,-0.27788487
133598.44,-0.8645047,1.8218254,0.13119473
130664.23,-1.586423,2.1648207,0.08351264
133295.8,-4.13587,3.002159,-0.5722339
131859.05,-0.07658186,2.997409,0.19367939
119943.29,-0.5176725,2.364949,-0.047784
127358.79,-1.4433246,2.9161246,-0.5265648
116016.24,-5.20702,2.4308014,-0.35982588
126037.836,-1.7321441,0.1771232,-0.04966286
115140.95,-0.46657348,1.4804233,-1.4631109
122676.48,-1.8850764,2.1087618,-0.047098316
123805.484,0.011639506,3.2131658,0.02957386
125386.445,-3.765097,2.992462,0.53948224
122494.13,0.36362123,3.1207411,-0.120789655
124426.23,-1.9098381,2.610799,0.8719093
129644.766,-2.1105144,2.7686925,-0.08025467
119297.164,-0.5801606,2.6909783,-0.16629578
120701.54,-0.39093634,2.0772638,-0.36541626
128478.16,-1.9106377,2.5792925,-0.09879975
127411.695,-2.494633,2.524003,0.0228076
131824.19,-0.49605247,2.063972,-0.11122552
130391.67,0.47474933,2.1326196,0.6144505
132407.66,-2.0686362,2.8541079,-0.38960716
131255.28,-0.5540916,2.5610485,0.6362577
117509.86,-3.1091723,1.56135,0.0035696751
134213.19,-2.4819744,0.8106614,0.2188027
131004.195,-1.6033487,2.7520897,0.07263704
122791.47,-2.3666778,0.841375,-0.46824846
133338.05,-3.0581641,1.4166467,-0.21800616
128672.555,0.069357276,2.3979127,0.04150675
126840.74,0.30109075,2.499034,-0.36200035
133427.77,0.446256,0.5708164,-0.15669501
116508.445,-3.860035,2.301926,-0.38315794
132453.52,-1.5475038,1.4389035,-0.06477326
123258.52,-2.811496,2.8821716,0.052646376
123983.99,-1.2379211,1.591278,0.22279523
115208.836,-2.4671175,2.655249,-0.2717897
126804.58,-3.0159879,2.678068,-1.2931292
117173.08,-1.1567287,3.3650239,-0.17366162
129934.305,-1.8847189,1.8874294,-0.16975878
130071.164,-2.0530348,2.7436697,-0.026053354
115449.33,-0.11364085,2.6845596,-0.09272275
117400.99,-0.58230865,1.8229638,-0.17292944
119055.46,-4.438263,0.5940731,-0.16506507
133612.77,-0.3735005,1.7523551,0.01736026
121006.21,-2.5567298,2.7245185,0.18826662
123953.65,-3.8588164,2.1459136,-0.13175078
130323.12,-4.62461,2.5056522,0.025660599
117391.92,-0.9897358,1.1272079,0.37518123
127527.1,-3.6213078,1.7549628,-0.11642225
133362.97,-2.4761484,1.7580884,-0.17989387
128220.445,-1.1900513,2.4257033,-0.014135663
124358.195,-1.6522174,2.7876987,-0.09214554
118295.13,1.4113617,2.9296367,-0.20999786
121717.79,-2.504002,3.0230942,0.1873178
116099.266,-1.6040686,2.6009524,0.031939935
129681.04,-0.891132,-0.44704038,0.5833923
128057.15,-3.8896015,0.78230876,0.39592522
119632.5,-4.0478106,2.739333,-0.20989417
120528.07,-3.2302835,3.235564,0.008326858
132179.39,-2.2929964,1.0647442,-0.19251184
132953.45,-3.462331,2.5754223,-0.114703715
127844.414,-2.278775,2.7112312,-0.19278362
132596.77,-0.016166363,2.8886204,-0.01745681
127449.945,-0.22073835,0.66480213,0.07869049
125022.016,-2.4819024,2.5428915,0.43395707
120614.12,-1.9670751,2.684774,0.0010879777
130491.445,-3.609406,2.468567,0.34382865
118448.58,-2.144631,3.042266,-0.04009694
118766.625,0.35954487,0.958717,-0.33914387
129580.6,-2.0020285,3.2154305,-0.16290967
116285.086,-0.14043657,1.3020574,0.052736968
120817.23,-0.13837875,2.7025573,0.07519025
118449.586,-1.310366,2.024917,-0.03449047
130895.06,-1.6969559,3.2053225,0.05968441
126137.61,0.25485164,2.2573755,0.0009354045
120827.5,-2.6252193,2.647399,0.059036568
128618.57,-3.2423427,1.9363402,-0.51910657
125735.266,-1.5758299,0.78008336,-0.039629683
131904.19,-1.0047305,2.1348274,0.5521053
129420.56,-1.0526017,2.68543,-0.1064901
133106.6,-1.7286023,1.046851,-0.111646295
129417.96,-1.4076903,0.72485125,0.07098555
119434.68,-0.3279385,2.7159226,-0.68509483
125252.97,-3.5755525,2.9144256,-0.31105253
125303.266,-4.9334607,2.3931825,-0.102881975
131832.36,-0.5364973,2.4655957,-0.19344278
125965.25,-2.90048,2.4201806,0.19494706
131749.23,0.83631104,0.41868702,0.103900224
125933.11,-0.5150347,1.7312522,0.012105428
124880.79,-3.6581118,3.3276546,0.18366142
125364.82,-2.8188157,2.0422294,-0.2340937
124231.41,-0.41978437,2.7136152,-0.101291284
132938.53,-0.78911,2.5568538,1.2113577
128104.33,-1.1986924,3.2435226,0.07012017
115321.58,-1.2984599,2.8729577,0.21750285
115548.73,-2.9086294,1.9997451,0.13636076
120006.91,-2.9326437,2.8492723,0.14188558
128406.44,0.3567738,1.4210316,-0.17165045
120694.984,-1.7996027,2.8712924,-0.037405156
134143.0,-4.046575,1.0199159,1.044264
124829.4,-0.8387907,2.439206,-0.10733491
122006.21,2.650467,2.838578,-0.04051443
132728.95,-0.9602871,1.5941393,0.38742346
127544.28,-1.6551331,3.0249798,-0.30665326
116794.29,-1.8014476,2.4334953,-0.11558727
130674.45,-1.8537755,2.3724318,-0.24582335
132552.08,0.004889515,1.8300554,-0.31755298
126821.69,-1.7678778,1.2153631,0.31323653
119239.99,-3.096254,0.4700029,-0.3169248
124677.445,-1.848785,1.7865318,0.19559966
117104.836,-0.8144437,0.35472903,0.11573418
118357.49,-3.380421,1.5673189,-0.6768294
116421.38,1.9501411,0.8523482,-0.14332011
123190.46,-1.5884212,2.2391472,-0.43206272
124697.26,-3.4512036,2.608446,-0.40214646
117610.39,2.2278697,1.07441,-0.15593453
123823.36,1.009318,2.8208044,0.6663915
134241.02,0.3733772,0.6098084,0.9148938
120738.15,-2.2675831,2.4649506,-0.36497968
117286.98,0.20714884,0.20404866,-0.17713146
115852.69,-2.2670038,2.4064445,0.2933317
120214.945,-3.3169897,2.4080234,-0.49210948
115018.71,-3.775695,3.097752,0.05229951
116108.77,-0.23196492,1.1115665,0.23654112
122324.21,-1.838965,2.557819,-0.37710807
115468.27,-3.0398865,1.5429331,0.11269583
123925.914,-2.36666,1.3014836,0.073472016
115070.836,-2.7310412,3.3314085,-0.04763858
127671.48,-0.62887114,1.4740801,-0.7484541
129061.54,0.19966836,1.7492235,0.41269755
134687.6,-1.0589023,3.096844,-1.6080947
117976.51,-0.46521655,0.98968047,0.4286629
130820.11,-0.5460222,2.9276242,-0.29595077
125357.33,-1.171047,2.734916,0.013004774
116253.81,-1.2119075,1.9476093,0.072981514
121110.12,0.034815885,3.343162,-0.59378994
129056.2,0.039065152,2.0992498,0.6526409
125916.91,-4.4918275,0.18430804,-0.68372047
134991.0,-2.9597864,0.05006042,0.07271213
115414.766,-2.4089348,0.952819,0.16887076
118300.35,-3.444205,2.665903,-0.19542414
118437.1,-0.97923076,3.087427,-0.056882665
119699.3,-2.6512625,1.2309275,0.053250708
118440.36,-3.1210558,2.4674838,-0.10681938
133530.5,-0.7612025,2.973486,0.6367006
116135.45,-1.4319006,2.7099981,-0.27163294
115475.805,0.94170094,2.6817431,0.040641375
127609.84,-1.7996706,1.4537344,0.16546588
128960.49,-2.353045,1.7118483,-0.024418557
133792.36,0.35133874,0.58283395,-0.2260395
115100.62,-2.8819625,1.787601,-0.27648816
127045.125,0.25999188,3.0651038,-0.20746252
123438.83,4.8995366,2.1008086,-0.008479431
134004.22,-2.1147451,2.2615004,-0.14192878
130826.914,-0.27468213,2.9339283,0.25595546
116967.57,-1.9388121,2.2901857,-0.11010358
120857.53,0.07830492,2.5585635,-0.16461092
120969.39,-2.0949597,1.4416752,0.029305665
125324.39,-1.4957075,2.94915,0.14592221
122592.016,0.70273566,2.6921554,-0.14940844
119824.25,-2.5230014,2.4473217,1.0065092
122304.734,3.403535,2.028435,0.17049542
116310.23,-0.4050979,2.829912,0.20628396
133958.52,-3.2943645,2.7186656,-0.049405985
127223.234,-1.3619527,3.4183047,0.60298544
122540.1,-0.8896335,3.0269237,0.35770446
119469.836,-5.2996664,2.4048069,-0.2367801
131119.97,-1.8645282,3.072906,-0.29104578
117283.27,-3.43548,2.1902285,-0.1791021
121802.336,2.0873444,2.3557818,0.026214272
130154.49,0.33865878,2.227637,0.5844591
120928.33,-0.9953475,0.39947125,0.05307966
125516.21,-1.3000852,1.3939333,0.09139697
119160.25,-2.3956738,1.6389847,0.2405104
115163.914,-3.906801,1.6239425,-0.17916021
117715.95,-2.4032004,0.24158287,0.33621132
117253.85,-2.4388013,2.7500286,-0.075961165
116409.48,-2.3918777,2.7316604,-0.29293567
130270.02,-0.7900264,3.4311934,-0.14445548
115421.664,0.04787124,3.2312756,-0.1895754
127912.3,0.5230693,0.15440108,0.09093031
128832.1,-2.1651177,2.4102237,0.21987846
115258.76,-3.7710855,2.346403,-0.7891065
124910.96,-2.6441712,1.3573292,-0.12035846
131865.73,-1.4206338,1.7172501,-0.8601603
122771.6,-1.1059259,1.1594036,-0.3737446
125121.26,-1.5560979,2.540052,0.015065108
119153.984,-1.1408658,1.3347944,-0.043514933
124356.57,-2.108851,3.3921907,0.055381965
123787.31,-2.321962,3.00102,0.33113945
132835.92,0.34233323,1.7565639,-0.10851109
119850.8,-3.1583858,2.5670693,0.015455481
130180.89,-2.6967235,1.8273034,-0.17230424
115012.47,-0.71321696,0.8400979,0.34986302
123645.06,-1.1719401,1.658666,-0.43905365
129258.29,4.307483,1.5770495,-0.061566245
122668.625,-2.083452,2.0046198,0.12999023
121589.67,-0.23080187,2.0100882,-0.053814515
119343.99,-2.6587555,1.888023,-0.5856392
126661.766,-2.0538933,2.692796,-0.22041574
125494.68,-0.5253128,2.731796,-0.09907987
133546.72,-0.4185321,1.751942,-1.2979525
120852.99,0.8262537,1.89029,-0.012715124
117699.75,0.67613107,2.823586,0.3912789
131176.1,-0.84155804,2.2979407,-0.11961645
120125.5,-0.23166977,2.9530718,-0.20950796
129420.43,0.5629039,1.5238509,-0.113891385
132008.1,-0.9562717,1.2313272,-0.14733708
132857.64,-0.18336871,3.1944394,-0.022135025
133366.12,-1.0644834,2.9548273,-0.85266185
121914.734,-3.34514,-0.14659564,-0.008277987
118869.02,-3.076928,2.5548923,-0.18252724
128948.414,-0.4553886,1.6190634,-0.5497747
122120.4,-1.4472135,2.9130523,-0.04567122
132438.19,-1.7939649,2.37761,0.97246814
128573.18,-2.8625665,2.710849,0.13017678
125381.02,-4.418893,1.5649662,0.0879909
123079.01,-2.0855792,2.7558546,0.05158194
121765.664,-4.4050093,1.5506464,-0.6931866
124708.445,-3.9774315,2.6367178,0.061026577
125535.12,-1.7246999,1.2946448,0.60190254
123600.5,-0.78077435,1.3693831,-0.19539763
122362.66,-0.55450106,1.524711,-0.26042655
124780.625,-1.5153702,1.0325698,-0.1551365
119351.24,-0.6966459,2.5514262,0.14088133
125449.766,1.6313758,1.2434822,0.33816138
115455.44,-2.4206467,1.8220847,-0.11282247
119793.516,-2.856416,2.8310325,0.106934406
117011.91,-1.5260075,0.17497458,-0.28442705
119189.75,-0.51927775,3.1760478,-0.08820069
120718.336,1.1613934,0.59672934,-0.10912228
133732.27,-1.1889702,3.0302825,0.23325484
116639.195,-1.5807163,3.3395293,-0.43035907
122874.016,-1.4567033,1.907675,-0.17920521
116093.95,-1.5237882,1.8633615,0.025800059
118103.336,-1.2228417,2.6573884,0.021192469
118172.46,0.2237674,0.536995,-0.049143452
126393.58,-0.18702732,2.664658,-0.2515028
115837.96,-0.05397926,1.4638581,-0.3313275
125258.67,-1.8892182,-0.3359471,0.14453594
128864.32,-2.4491255,0.05497903,-0.15673314
127044.32,-0.19073346,1.9907557,-0.103013396
128291.04,-1.7375238,2.6178427,-0.40314177
115567.555,-2.7225132,2.183841,-0.17531131
116608.12,1.5511156,2.7942004,-0.016273476
117812.31,-2.79244,1.014708,0.21680018
127669.43,-0.05592101,2.909014,0.2869713
117030.85,-1.9407333,3.3506222,1.0443772
121204.91,-0.9559972,2.3684833,0.01487022
126078.33,-2.4613698,2.5914593,0.10607439
121380.44,-2.3404357,1.7024028,-0.15808903
116317.54,-0.5329344,2.8409624,-0.43401426
125055.74,0.4080257,2.6371698,-0.22558655
115164.25,-2.7591498,3.221229,-0.09438825
126249.09,-0.99280304,2.7200038,-0.042613797
119099.14,-1.421127,2.1462662,-0.006728714
117270.164,-0.7980948,2.3422732,-0.48392507
123143.12,-2.7538505,2.5270543,-0.34269807
119437.14,-2.6830475,2.237393,0.017640973
123041.61,-0.96404284,1.1216947,0.12545237
123137.97,-2.7766457,2.0203514,-0.13977964
127453.36,-0.9566585,2.8882034,0.58842963
123289.71,-3.0453293,1.6194065,-0.15500121
129533.21,0.3826286,1.5581679,0.11068496
129041.58,0.20673107,1.8895452,0.3566287
115861.914,-2.434244,2.6247246,0.05293007
134070.77,-0.24009185,2.466351,-0.13890265
117891.52,1.6371225,2.4431021,0.962002
128658.484,-3.0697048,2.2329905,-1.1097268
122217.42,-4.528429,2.1339612,0.12451548
125494.65,1.5469917,2.2492595,-0.017128123
126660.15,-4.2359967,0.996827,0.17564477
134726.0,-2.8303292,3.054381,0.10311352
126832.47,-3.387011,-0.0066441023,-0.82507384
120306.75,-2.7595227,1.8873165,0.005730135
117988.734,-0.9118817,1.8814583,-0.23659028
116824.47,-1.9309208,2.639518,0.4875752
116397.55,-1.2825408,1.646524,-0.08645682
116067.65,-1.4681641,3.0907845,0.015556799
115815.14,-0.2986214,2.3216033,-0.28256488
121906.086,-3.9291093,1.8185105,-0.9224307
128512.66,-4.916097,1.8742608,-0.23817323
120895.695,-3.0828323,2.6645434,0.7815187
115986.266,-2.3208725,2.8372738,-0.4141747
115375.016,-2.8926892,2.7853274,-0.42767683
133432.16,-3.143315,1.670615,-0.8016768
125615.62,-3.7290275,2.850203,0.26167336
130046.33,-1.8828901,0.83829063,-0.083160706
127293.33,1.4760547,0.91786593,0.24858665
115129.65,-0.30308005,1.9328252,-0.24226977
116159.82,-4.0019326,2.736159,-1.995975
119989.71,0.8534369,0.9401544,-0.47018424
122815.09,-3.1676145,3.1742842,-0.051041678
134895.92,-3.4871712,1.526567,-0.18981023
120810.836,-1.8509328,3.0627942,-0.08767741
133247.4,-0.52731377,1.1969322,-0.036383927
131831.08,-2.3937654,2.650356,0.52050954
122996.555,-0.0040167933,1.7428905,-0.31044045
131154.52,-1.2828202,2.659602,0.20151307
122618.68,-2.179923,2.821378,-0.28547835
115149.48,-2.6218007,2.799302,-0.045192048
120498.63,-1.2176491,2.5165508,-0.070981376
129608.56,-0.7178227,2.497943,0.053807363
123416.234,-2.0734673,0.7298181,-0.19479747
120371.5,-2.3464453,2.4217303,0.47740287
125027.56,-3.1964126,1.8936315,0.14459553
127553.46,-2.2399178,0.50703835,0.1480791
126541.71,-2.9872422,2.069314,-0.23220888
126330.91,-2.5128303,1.7216848,0.16090536
124866.875,-2.972182,2.7769008,0.86465675
133675.47,-3.177424,1.8563268,-0.29229856
117912.55,-0.7782781,2.3452065,0.31089193
128466.02,-1.0464761,2.7266457,0.04929692
115136.84,-0.61764807,2.9872148,0.01516881
128414.98,-0.9355947,1.634409,-0.14531578
131189.67,-0.8174383,1.535792,0.2565419
133199.66,-2.2286577,2.7153625,-0.44047838
133079.34,-0.9345924,2.7490149,0.12768316
120488.82,-1.5648701,2.5723917,-0.22573107
129773.62,-0.87395173,0.2069776,-0.19726844
130058.375,-1.42175,2.5576055,0.08739789
119652.46,-1.6990128,2.7977827,0.18285027
118056.11,-1.8365704,2.7613008,-0.20695892
127745.4,-2.7693481,2.6196082,-0.19150731
122023.59,0.2934832,2.016195,-0.7412829
122364.57,-0.027484883,1.909565,-0.084890865
117165.93,0.65464437,2.8679805,-0.07479511
129525.28,-1.4846083,1.4041084,0.14454547
120565.01,-2.6291618,0.3851711,-0.73155934
134644.27,-3.4414215,3.1611357,0.045409285
128603.516,-1.7533433,2.6313016,-0.03154748
122044.195,-2.9069874,1.7243948,-0.6547244
116543.39,-3.0308864,0.5147864,0.59677464
126878.94,0.09238556,2.5918722,0.5470054
116960.81,-2.4683657,0.78055865,0.30943415
119224.125,0.741393,0.57805634,0.022258097
130536.92,-1.2648212,2.9295022,-0.44002393
115980.31,-2.831632,1.5740507,0.09846421
120856.74,-0.53901833,1.5692922,0.0010629462
115956.984,-3.1719663,2.8299303,-0.31007183
124033.22,-0.7262657,2.4349904,0.46014184
119105.58,-2.6812243,2.620963,0.53411955
122334.26,-2.755063,2.9726374,-0.011238562
116703.54,-1.0878488,1.8915958,0.05834105
120527.46,-1.6238843,2.9127643,0.16953588
134575.48,0.15369685,2.1182873,-0.8920553
134499.8,-3.1933258,1.9905143,-0.07932433
116106.19,-2.740554,1.9903785,-0.23870128
126932.04,-1.9568707,1.7013919,0.071173884
118604.22,-2.0461464,2.1426294,0.06488322
123230.2,-1.7568504,0.50063163,-0.4630583
117942.53,-1.7916415,1.7346615,0.19345827
127854.95,-2.2478366,1.664575,-0.85737467
120100.15,-5.3891664,2.6160545,-0.353537
134304.02,-2.9724686,2.6746109,0.039506014
128119.83,-2.7142656,1.6535271,0.7680702
119836.08,-1.9798077,1.0193926,0.3412015
129011.41,-3.094483,2.1293118,-0.37556654
121512.2,-3.8209023,1.8843439,0.41710845
126013.06,-1.0883379,1.3221883,0.8859997
127902.19,2.571654,1.5923175,0.48554763
132944.33,-1.7715651,2.7933636,0.27999943
132575.62,-0.3048062,2.7301245,-0.16424172
130494.945,-0.6902672,0.59102464,0.001981365
124942.58,1.3006837,2.6066656,-0.045859255
117245.484,-1.7749571,2.9149752,0.16792433
130100.56,-3.5764909,2.4271955,0.35038096
127283.69,-3.7584705,1.2440504,0.5073757
133820.16,-3.5699162,2.2864904,-0.4664289
130436.055,-0.8596114,2.7088652,-0.28549415
121454.67,-3.079181,0.22574286,-0.58493656
117071.766,-0.77031684,2.2586434,-0.24046779
117292.125,-1.56636,3.1691582,0.106846794
122854.24,-3.727043,2.7377946,-0.37531802
120722.445,0.52981687,2.6657543,-0.6431572
119918.25,-3.8551989,2.3604288,-0.07122752
132673.9,0.21244647,3.3031137,-0.11107623
133924.05,-2.8407876,2.152227,-0.29318628
132752.86,-1.1820786,2.9929807,0.5856046
117107.875,-2.0864754,0.76076895,-0.0028372048
134301.92,-3.9597743,1.0350626,0.3644153
134438.55,1.2063547,1.9114091,-0.41916314
134558.52,-6.763275,0.9615855,1.6305305
116510.67,-3.6281314,2.8282757,0.11724263
131926.6,-3.0878496,2.7289941,-0.3189631
132096.47,-3.2413476,1.9763428,0.057153244
124502.36,-2.6652906,3.0929456,-0.42815718
120346.266,-1.1261228,2.1646006,0.3171498
116154.49,-2.6847365,2.1725929,0.22200197
124939.39,-1.7429695,2.9354475,-0.23676103
116823.86,-2.9832911,2.9892154,-0.2920399
132712.02,-0.9295331,1.6469755,-0.08719585
123765.03,-1.2013243,2.9249694,0.5118337
122256.12,-3.321218,1.381912,0.18668903
118757.33,0.29070866,2.8533933,-0.1186879
115151.14,0.4911712,2.7768602,-0.30378476
121910.51,-1.6936821,2.6292593,-0.17019534
117669.49,-2.9298377,1.1281834,0.061177958
131204.28,-1.974767,2.803041,-0.03887337
130901.63,-2.0458808,0.6753317,-0.87503886
128143.336,0.23910959,1.9256817,-0.02820249
125229.19,-4.1236315,2.3886163,-0.17106697
132028.11,-3.1307063,2.9439187,-0.17079937
124759.51,-0.66385716,2.500805,-0.09818052
118521.734,-2.5039055,2.1954775,-0.15419394
128897.164,-0.009439103,3.02775,-0.21006818
127305.76,-0.8826593,3.2159371,-0.21701026
134956.61,-0.635948,2.0647178,-0.4409945
122206.04,0.40613422,1.3078173,0.3026375
117670.57,-0.40671247,1.6479602,0.29753283
116344.05,0.09798524,1.9458736,-0.4678587
118343.01,-1.4369513,2.2836127,-0.63600326
129632.414,-2.1643753,2.9021287,0.23328345
124218.84,-3.0054073,1.8240718,-0.4101947
133715.05,-2.3949146,1.7438185,-0.6541162
119997.07,-0.2816529,0.13535498,-0.063060686
118372.7,-1.6491622,2.346539,-0.2874505
127793.45,0.57732,1.5427655,0.06310419
129367.625,-2.223182,1.9711626,0.34478104
125331.67,-3.61505,3.02498,-0.23289455
133807.27,0.08333564,2.8474956,0.17276971
129057.97,-2.5431285,2.5524557,0.11780703
116951.016,-4.944738,2.6036615,0.7159897
126771.18,-0.70118105,1.6263337,-0.40183863
123736.945,-1.899664,2.7997746,-0.4118867
120357.12,-2.695798,0.77604073,-0.5253004
118647.49,-3.9143138,2.5934725,-0.060168352
120489.016,-1.1131268,2.9336164,-0.51796556
116028.086,-3.298648,2.8383334,-0.37942082
120719.336,-1.0134687,1.1200349,-0.067275815
121216.61,-2.2585893,2.347251,0.06976854
115847.39,-3.0783613,3.0556204,-0.47095636
125823.31,-1.2698568,1.6370143,0.6668433
120152.43,-1.5422293,2.9810863,-0.34454474
123870.46,0.03163117,-0.03660944,0.16988751
123763.29,-2.886093,2.3937142,-0.32734567
128919.99,-3.1680574,0.66120666,0.33809048
121823.48,-0.2696249,2.8410056,0.13136816
121697.03,-0.8359325,1.0806508,-0.6487243
123143.71,-0.5732326,2.907545,-0.33546454
116102.28,-0.899956,2.8826618,-0.18332826
132230.05,-1.450235,0.6175483,0.1837067
122890.836,-2.8891652,2.8780246,0.07274848
118988.32,-2.8533645,0.027843947,-0.025709767
119004.9,-2.7005622,2.9052863,0.32969955
133974.03,1.3021255,0.41690493,-0.6976914
122574.945,-2.3149745,1.9830562,-0.06784141
118455.805,-0.87274283,2.6733236,-0.28474888
120275.13,-1.7928909,2.3757799,-0.28845236
132194.39,-1.7260134,3.073202,0.021591187
134814.78,-4.058045,-0.02526606,0.71928257
118808.76,-3.0807543,1.6553327,-0.15716793
115611.31,-2.301816,2.9137297,0.33670837
123585.555,-2.1437483,1.9360739,-0.26956487
125390.85,-3.2633219,2.808334,-0.25399494
126674.21,-2.6271677,1.7837216,0.0010253988
115907.266,-0.1903987,3.1426733,-0.38016608
134643.47,-0.9065717,3.2332308,-0.16592866
127934.805,-1.1550274,1.1001184,-0.7011603
129723.77,-4.0823526,2.6195552,0.4641582
134703.11,-2.8053114,2.2519672,0.15965141
123394.3,3.360093,1.280862,0.41126
128787.53,-2.697278,2.4672918,0.50658727
119066.625,-2.4402702,3.4473786,0.3436868
132702.12,-1.6395426,2.4684184,-0.17852607
126402.72,-0.27644378,2.7905931,-0.27937037
131155.3,-4.8280654,2.5955546,0.16195014
116363.21,0.34574836,1.0394242,0.09684372
128503.37,-1.6564206,2.3567853,-0.45906934
130734.0,-3.4061542,1.8644178,-0.15760538
127032.32,-0.7181802,2.047094,1.0096543
129449.81,-0.22202815,2.6319933,0.16123614
119189.586,-2.476497,3.0176184,-0.6018194
118380.836,-1.1868638,2.6677063,0.023404185
115209.11,-4.524408,-0.014717405,0.11183641
123009.18,-5.623054,2.8205218,0.44913688
134805.38,-2.5982435,2.7580287,-0.15999529
115430.1,-1.6920761,0.87513435,0.5640155
120830.02,0.4740171,2.4391012,-0.07483355
117878.45,-2.7884872,-0.044587165,0.40617326
115718.23,-1.2660505,2.7674088,-0.20841253
122292.96,-4.2029834,0.659761,0.09183145
131238.0,-1.1155266,2.7841625,0.010747169
127058.22,-1.682004,3.1315677,-0.06830002
119353.82,0.9787252,3.1117048,-0.40141368
122379.64,-2.8253865,0.61587447,-0.08410058
132268.67,-1.6319302,1.4520017,-0.15869157
133735.92,-0.41650254,2.2971032,-0.52936894
120710.195,0.13209681,2.2311254,0.3298211
116886.2,-0.7053614,2.688824,-0.49525362
124167.625,-2.1462843,2.373604,-0.13689297
134507.23,-3.1846619,0.36669508,-0.15064542
118986.84,-3.1879935,2.8832698,0.26609382
119981.26,0.17633665,1.6487968,-0.090310186
117848.21,-1.0861288,3.2253711,-0.2368418
119976.164,-2.6155624,2.7793179,-0.16139229
129244.92,-4.1320257,1.6155686,-0.1785827
121182.15,-1.6920385,1.0799108,-0.8408369
115125.555,-2.460622,3.1250222,0.11313149
132081.83,-2.4852467,2.926977,-0.05512301
121675.72,-2.2526429,2.4856107,1.4467543
134890.02,-1.3324127,2.411948,0.2048065
120170.57,-1.6824734,2.3678944,-0.39807197
118998.08,-2.9118938,2.0194163,0.09831462
120522.24,-1.3548858,1.1942637,-0.67796504
129916.484,-3.9586112,0.79778427,0.43263218
131573.22,-3.2605143,2.8351278,-0.38629523
128077.14,-1.5118126,3.1496644,0.05903478
129049.0,0.29011422,1.5110693,-0.0011618802
123221.125,-1.354807,3.0114505,-0.23201309
127455.98,-2.696487,2.5495749,0.005601997
118022.79,-2.9954998,0.6195597,0.21206506
119652.93,-3.6400766,2.0018768,-0.639544
118578.49,-3.6330094,2.933846,0.083039425
126721.36,0.00074391445,0.28284308,0.3021291
125463.43,-1.2191039,1.9186187,-0.1334276
117479.59,-3.6004431,1.6981403,-0.114841685
116899.97,2.0033894,2.4414256,-0.18460368
123386.76,-3.5698228,3.5991695,-0.17566206
123568.23,-3.4140851,1.1185198,-0.21655701
119213.96,-0.6283449,2.9890192,-0.18099913
120719.49,-2.3166826,2.2703042,-0.058599114
115863.086,-2.336087,1.7616117,-0.005828771
127851.49,-0.3593909,1.8819772,-0.1429524
134486.2,-2.1435044,2.5781527,0.4241018
129966.01,0.48279735,3.2175686,-0.14878653
118058.03,-1.3719043,2.0342898,1.0269016
124987.4,-2.248953,1.8824444,-0.29887977
117697.664,-1.6765273,0.77073187,0.48609
129524.28,-2.611239,2.7732327,-1.127872
125442.42,-2.4873965,1.4900194,-0.051287223
131525.0,1.979974,1.0944016,-0.27135342
120197.77,1.2747769,2.7876508,-0.00617951
129231.97,-0.6106095,2.0541158,-0.0937261
128445.2,0.19059502,0.36619872,-0.14710495
118988.52,-0.37962195,1.956523,-0.44710964
115752.42,-2.135719,2.6686463,0.32085922
121777.54,-2.3670528,1.748594,0.10143283
134364.5,-1.5022398,2.72785,-0.12383874
132507.98,-1.6263946,2.101987,0.16621503
119999.51,-2.912272,2.1616096,-0.8479744
117096.695,0.32933125,2.526623,1.3620428
130189.31,-1.0761577,1.8166268,-0.92609155
125670.7,-1.3165199,1.915444,-0.32737726
128704.93,-1.6943784,2.4429214,0.10100849
129250.81,-4.13735,2.9067996,-0.21909504
123432.56,-1.8421032,1.2929069,0.43714917
130833.945,-1.0843124,1.923324,0.41357067
118706.91,0.71316904,3.0309756,-0.21507569
118486.44,-3.2556443,2.0500104,-0.014015869
117311.91,-1.1573803,2.3816047,0.1873482
115202.84,-1.6271,3.1716344,-0.65054595
129009.99,0.7602513,3.1300519,-1.3466767
122443.71,-3.5118072,2.9442663,-0.51157475
120542.53,-1.0807014,2.3750327,-0.31893688
119608.79,-2.8632033,0.37076044,0.33436018
126306.805,-2.1469464,1.3981593,0.6553025
116581.914,-2.720353,3.0080662,0.43418294
119104.76,-1.9251103,1.6014776,-0.040346656
124233.65,-1.6351942,2.4442596,-0.06488411
115715.83,-1.8792918,2.6095514,-0.1926677
115458.78,-1.3146625,1.8558867,0.2226373
133367.69,-2.6135242,2.053441,-0.44732895
127089.836,-0.9294178,2.5051692,-0.27230135
115035.18,-2.2393034,2.9459727,-0.029267224
126536.766,-2.3243752,3.0125177,-0.53860795
117198.164,1.0391035,1.0882995,-0.41889405
129550.625,-2.3719132,2.9429798,-0.412067
133168.36,0.5891489,2.3068063,0.25979242
134282.23,-3.5969117,2.4609346,0.06544762
116171.695,0.7084666,2.2952874,-0.0017405854
119900.766,0.7224253,2.429007,0.5712032
118606.5,-0.2213445,2.3313496,0.16194597
123929.78,-2.9351165,1.9433702,-0.2743441
120152.62,-1.8416212,2.22719,-0.26386362
119396.44,-2.3259194,1.6466743,-0.11155064
124233.56,-1.6542077,2.910119,-0.07325448
118923.31,-4.734669,3.183287,-0.19380276
121781.73,-1.5292721,3.1157897,-0.9499696
118130.43,-1.1883286,2.4244437,-0.34960377
117949.21,-2.772267,2.538733,0.2556968
127969.39,0.40339276,2.295893,-0.105628595
133506.66,-1.856281,1.522397,-0.09205972
117781.45,-0.45105565,3.3779204,-0.5504026
115689.69,-2.0027857,1.4384475,-0.08914116
129980.445,-2.7949665,2.5910609,0.71625257
116747.11,0.92875546,1.2213598,-0.51542634
126617.53,-2.0858524,1.6304338,0.1980313
119125.8,-1.7517483,1.0137225,0.546
116818.6,-1.9058385,2.1137514,-0.064330444
119529.43,-1.5285758,1.4807594,-0.25573495
118775.48,-0.8744811,2.920352,-0.23858745
124526.7,-2.7604456,2.2742534,-0.13981272
124602.805,-1.1262052,2.748928,-0.3365588
131817.16,-2.97824,1.6293713,0.33335176
132854.16,-3.1816154,1.2318219,0.6276874
133149.27,-1.6381254,2.7691894,0.049557365
131099.38,-2.234341,2.6161385,0.8473999
125557.17,-2.7253046,2.7726135,-0.354057
133105.34,-1.6354883,3.414263,0.689405
130244.555,-1.0479826,0.36684313,-0.28635088
118012.24,-2.6955051,2.6471412,-0.4978697
115011.93,-3.0344152,1.1258491,0.07525164
116233.84,-2.6269143,2.5540354,-0.44160956
130773.61,0.3355526,2.462253,-0.35403973
120706.8,-1.5383974,0.8974456,0.42817894
128768.0,-0.3943139,2.0024176,-0.1633084
123308.36,0.39133516,0.3015577,0.20180987
122732.72,-2.8136187,2.0098958,0.079441436
115604.08,-1.338798,3.163161,0.29014376
134804.88,-3.600918,2.617652,0.3326032
115896.72,-4.64162,1.9646946,0.8121859
116914.46,-2.0843563,2.0141373,-0.59839547
118166.43,-2.459406,2.8793492,0.12490049
129081.414,-2.3238297,2.7493823,-0.41563308
115464.195,-2.0279403,2.4688401,-0.48140642
121850.7,-2.6243086,2.7915964,0.1518815
118013.766,-1.0108272,2.1104512,-0.21901159
122716.19,-2.173542,1.9536463,-0.20895429
129619.5,-3.3858464,2.153366,0.3814886
132081.78,-2.2694855,3.115399,0.18886499
128379.336,-2.4650779,1.5584402,-0.29099542
122039.98,-2.1799207,2.2051797,-0.008167431
126291.164,2.6155145,1.8989187,-0.22757864
125772.74,-0.5742623,1.8193626,-0.56476766
131985.66,-4.1405535,2.2465646,-0.3099759
129814.766,-4.6713634,2.4900954,-0.092911385
126987.13,-3.1769955,1.9633633,-0.15730053
119827.02,-2.6726637,0.23971051,-0.419749
117602.04,-2.888247,2.966681,-0.13409719
117275.11,-2.304413,2.6008453,-0.34498128
132718.92,-1.4434578,1.501039,-0.021429673
118756.945,-0.83056533,1.3810304,0.28145364
116213.9,-0.81055915,2.1989837,-0.7979456
133145.73,-1.6580199,2.910997,-0.5381156
122030.875,0.75388116,3.1229858,-0.04341004
127288.984,-1.7571073,2.8053896,-0.19977993
117878.9,-0.21356268,3.0233138,0.49652576
125864.98,-0.9291818,1.1187038,0.3876404
125513.8,-0.14171605,3.037452,-0.23686594
120091.17,3.028549,0.7799114,0.18596014
130578.01,-1.5244157,2.2135744,-0.28758278
115555.73,-4.757698,3.0126033,-0.56025845
126174.29,-2.5585454,2.64069,-0.15917313
134778.05,-2.6220706,2.670849,-0.33835182
125801.195,-3.039001,2.1589909,-0.6040725
134384.75,-2.309607,2.882974,-0.0055191545
117424.664,-1.6751255,0.6864669,0.22294602
134394.25,-1.6247917,1.4834267,0.026447304
134178.66,-0.6671142,0.7889269,0.22264862
121364.086,0.16518861,2.6706705,0.4058997
117310.27,-0.16451082,2.8613417,-0.33350164
129092.43,-0.024161031,2.8466432,0.06522353
116760.19,-1.8903872,2.3741014,0.15785033
122830.22,0.10880851,0.12094438,0.32940453
118520.45,-1.887322,0.77036786,-0.017387975
128202.01,-3.4637995,1.3777577,0.02382078
127576.42,0.52393514,1.833204,-0.19533356
122795.2,-2.846138,2.661976,0.09522203
131006.305,-2.2742188,2.7546384,-0.008106939
122631.58,-0.39000368,1.8030553,-0.022430338
129507.305,-1.8613138,2.6377254,-0.18018083
121041.41,-1.3018564,1.7005091,-0.13943726
126948.125,-2.878236,2.8950415,-0.049360987
117941.016,0.14674746,2.805873,0.010003971
127795.125,0.70850927,2.8443608,0.08710645
127221.88,-3.004496,3.125648,-0.69393665
126549.516,0.5513608,1.5256015,0.4217494
129839.14,-3.3377547,0.5741799,-0.21881194
126729.57,-2.2121344,0.5218778,-0.25341207
123016.89,-2.0707102,2.6318867,0.25469851
121648.234,-2.6451614,2.9565134,0.7090482
115552.79,-4.751238,1.5697002,0.27567673
126903.59,-1.70493,0.32475922,-0.5742281
131733.16,-3.755648,3.0259569,-0.45570767
118705.17,2.3667495,2.4667761,-0.38350004
117626.62,-2.8223705,2.3096533,-0.08090906
128477.195,0.10109419,2.3331487,0.9771967
123189.09,-1.7165895,2.888514,0.21208173
134305.39,-1.1006304,1.854871,-0.06045949
121751.59,-3.8003786,0.77517635,0.17141324
117095.14,-1.018567,0.6899628,0.4956735
115807.29,-3.5511527,2.6911628,-0.4573696
118076.695,-3.7487264,2.1342368,0.24445227
131908.6,-1.849901,2.8605506,0.01646449
127143.45,-3.403957,2.5671232,-0.1782245
129448.49,-1.0411564,3.0657344,-0.1888644
133136.9,-2.9114735,0.98359376,-0.39204684
117528.79,-3.0774548,2.5212834,-0.15424162
122586.51,-1.7131127,3.158012,-0.060772385
119685.3,-0.47006714,2.5738473,0.4927466
120765.03,0.43300125,1.422332,0.22694987
129505.664,-3.3017077,2.517834,-0.77545154
116718.02,0.48316243,0.6897601,0.12100212
121376.47,-1.5128086,2.7530437,-0.23203097
122536.35,-2.2192848,2.6035945,-0.30624858
133489.06,-0.7807441,2.7071133,0.09464511
131117.56,-2.996875,2.7521377,-0.18554057
122546.53,-1.0309741,0.25462008,0.06793528
126003.29,-1.1559738,2.9471154,-0.6839586
119577.98,-1.7184117,2.9470406,-0.074408315
133531.78,-2.268702,2.133761,-0.3258557
116268.92,-2.3529277,2.7626145,0.9813502
115264.75,-1.700037,2.1091316,-0.019152995
118213.33,-1.3735106,2.9934611,-0.13857813
130235.8,-2.4027934,2.6538491,-0.0909032
128214.92,-0.3663658,3.0817657,-0.24531259
128757.48,-0.82117134,3.1889837,0.26136047
125115.58,-2.4715183,1.6871188,0.05773195
118371.38,-3.6614,2.0208511,0.2736629
117216.336,0.415055,0.74033886,0.10477156
117856.195,-4.008143,3.21554,0.728872
134929.28,-2.611597,2.8301208,-0.37223288
127761.445,-0.41994762,0.85276675,-0.17112687
119410.42,1.2595253,2.0973158,0.25793296
118262.23,-2.0745215,2.5963638,-0.040762357
122125.31,-1.9569151,2.808863,0.6163559
128048.18,-2.9811187,2.842175,-0.028656336
134128.73,-3.1801755,2.2999742,-0.1923542
116749.33,-0.65399927,1.9397342,-0.06828661
127781.01,-0.24354346,1.0574536,-0.053460497
122670.92,-2.7155628,3.1656518,-0.17246903
121855.5,-4.2043824,0.3296116,-0.03334796
122334.26,-0.38841012,2.686233,-0.19933651
115379.17,-2.9049962,2.8373275,-0.36739495
121111.51,-1.4769611,2.8692014,-0.12407326
118533.67,-2.4227138,1.5764363,0.18630761
119498.27,1.5927459,2.283886,0.4497412
122938.516,-3.4309444,2.2810717,0.15105247
122972.98,-3.2223248,3.1231842,-0.45452523
124733.8,-3.1409583,1.7091085,-0.14674973
120563.02,-2.5924501,2.0846896,-0.5671933
115919.12,-1.7357769,1.4000381,-0.0751837
117380.09,-3.398415,0.7658311,-0.8024945
123235.555,0.25440323,2.4918015,-0.47042948
117516.67,-1.1213446,1.8267503,-0.07976059
128715.31,-0.62862456,2.666446,-0.35898733
120997.62,-0.92210776,0.8479415,0.5900996
118811.76,-0.95934135,2.9684763,-0.04405043
129379.945,-3.3410878,2.170176,0.061380595
118627.4,-1.1035498,1.2559334,-0.06349605
117874.53,-2.144242,1.5060345,0.0032257896
117310.56,-2.2289464,2.632357,-1.1545985
133391.06,-0.26322138,2.212263,0.33922046
129521.945,-0.15610597,2.3115249,0.19858319
115480.38,0.46416506,3.1975677,-0.12701267
127347.86,0.226669,1.2023598,-0.0004541435
122444.625,-0.29375526,2.2182813,-0.064589396
129337.24,-2.0675302,1.0848336,-0.07301996
133675.72,-1.7741436,2.8585653,-0.59323984
124021.26,-1.8757128,1.3332897,0.34997806
131994.11,-2.5745537,1.5143979,-0.34281904
118612.47,-1.5365425,2.1506839,-0.102106296
116305.67,-2.1361504,0.96893764,0.2220419
119286.11,-2.0674555,2.115343,0.18178762
132612.44,-1.303698,2.6405363,-1.1059061
126306.766,-0.62050456,3.1594412,-0.48118353
115743.53,1.645964,2.065447,0.064101875
116399.08,0.58251154,-0.06673776,-0.4457612
132370.88,-0.6098676,1.3320248,-0.05049307
122786.875,-5.0239844,2.4674993,-0.1868872
127818.45,-0.6316257,2.4778507,0.03151559
117407.21,-2.5397713,1.5075864,0.447961
130924.875,-3.4646754,0.22674537,0.41797918
129624.94,-2.9365258,2.6196473,0.43874225
125867.76,0.5199855,1.6672786,0.65281427
123125.56,-2.8808105,2.8439066,-0.2702276
128962.24,-0.7010178,2.1821628,0.44339812
122589.15,1.0835896,0.10168931,-0.24584182
125396.92,-1.3972318,0.9692057,-0.052677665
134140.16,0.38253286,0.72389644,0.1117345
120445.836,-1.4253318,1.4146695,0.012778299
120555.38,-1.6242005,1.5204175,-0.5442293
132597.7,-3.821782,2.9535706,0.31306252
120406.51,-1.4278897,1.1054015,-0.46774456
121596.51,-3.0789533,2.9138927,0.33853447
121080.766,-1.8175083,2.7753353,0.19154575
126126.38,-3.2994478,1.6328709,-0.23139118
116108.195,-3.06384,3.206794,0.19079064
121911.36,-3.3130574,0.36358058,0.39565524
129898.945,-1.5599431,2.72635,-0.20369051
127293.7,-1.8723179,1.2056316,-0.12567855
125702.14,-2.9332302,2.828055,-0.26659563
134140.7,-2.5047534,0.29195708,0.12566514
130300.57,-3.9839575,1.4386221,0.1009614
121346.875,0.9140928,2.3197315,0.72082496
122048.984,0.083112806,1.180715,0.2656802
130606.34,-0.8794305,2.4461548,0.07782154
124921.16,-0.8877221,-0.07356562,-0.1088958
118493.71,-2.477374,2.8490782,-0.82612306
118009.63,0.8719087,0.93515724,0.80186456
128839.49,-3.087349,-0.43928176,-0.5588242
123782.016,-0.9031359,1.6779804,0.21280706
125853.086,-3.271253,1.6992365,-0.13413414
134239.9,-1.4045645,1.9690704,0.21080036
127586.125,-1.9645829,3.075288,-0.047854625
115554.55,0.42774287,2.841753,0.005709871
119846.69,-2.5950499,2.750819,0.074846365
117278.74,-0.90000147,2.8770413,0.30982688
117158.234,-2.8622236,0.9673559,0.08175269
120768.41,-0.48675698,2.3836603,0.4252437
125573.64,-1.5616114,1.8238546,-0.09473213
117560.15,-4.492644,2.5022633,0.40444905
128851.05,-0.86768043,1.3423458,0.00073813216
124616.96,-2.7915857,0.7375052,0.22537825
115314.89,-1.0871775,2.6459222,-0.4013353
122130.31,-3.68635,1.3571085,0.18680227
124359.22,-3.198717,1.140185,-0.31652015
133640.22,-2.5809097,2.2446108,-0.22389543
121033.45,0.0073213577,0.14908014,-0.23410383
127281.97,-2.7661011,1.1980226,0.30336815
128251.32,1.6837184,2.6744378,-0.01283909
126527.83,0.63618493,1.8304377,-0.35305724
130725.24,-2.0236695,2.7355917,-0.56795084
118776.77,2.334527,1.7991422,0.21420406
119219.44,-2.7344978,0.26556098,0.12795374
125092.15,-1.6612175,0.6821465,1.4178834
122508.92,0.634113,1.7374493,0.47478408
115847.805,-2.5283206,3.0807517,-0.16101295
127157.555,-0.9439792,2.171506,-0.22958206
119850.7,-2.1898844,3.2533715,-0.5434477
133550.98,-4.0024085,2.893993,-0.27678555
126425.555,-1.5196381,2.5836232,-0.56272733
121365.92,-1.3569775,3.3525705,-0.7106771
119678.73,-3.3353949,0.11747393,-0.32195854
125929.15,-0.6255645,3.159002,-0.1174402
125863.68,-1.8975335,2.8491473,-0.07632561
115257.71,-0.9655238,2.6040657,-0.018011378
118239.92,-3.284056,1.512126,-0.078944385
125491.55,-3.3519235,2.5728812,0.044006325
130895.5,-0.073965415,1.6048748,-0.8491467
119685.7,-1.0654945,0.4399716,-0.34339446
128602.03,-2.1776252,2.5690255,0.15912694
126280.77,0.16835989,2.97324,-0.11942663
119683.17,-1.1207852,2.8118427,-0.06081023
131552.97,-2.1090028,0.94520336,0.081513695
127570.57,-2.194575,1.9453162,-0.04914971
134989.64,-2.0689604,0.6420716,-0.44721186
118121.984,-2.2440999,2.2092345,-0.35232654
123903.01,-1.8839271,2.7746642,0.22025631
132384.3,-2.6451814,2.3050013,-0.14607866
133553.56,-3.0007484,1.7209535,-0.3111929
124350.62,-4.1679287,0.1323862,0.4666417
133227.47,-1.9439045,3.075004,0.024195062
119768.375,-2.9763756,2.7717898,0.27286366
116560.516,-1.3651395,1.9940652,-0.12080694
125344.9,-0.6264273,3.3593037,0.03670904
134765.95,-1.4163314,1.7844746,0.2174671
128881.695,-4.359864,2.974111,0.32207388
116872.21,-6.2280607,2.3884683,0.2581803
130942.695,-1.6161438,2.9500942,-0.023793662
117973.36,-1.7140161,2.4768841,0.23016761
123321.914,-2.911459,1.4657422,-0.09138952
116169.336,-2.3407056,3.2001278,0.09697841
119099.78,-3.353122,2.3579879,-0.17560454
120405.88,-3.2494416,2.2841856,0.8420688
121014.06,-2.8985813,2.8957734,-0.4546063
117039.22,-3.4381566,2.7545538,-0.119712405
124738.49,-1.1783508,2.5637228,-0.06412721
132969.08,-1.5126959,0.31873125,-0.24220003
118599.51,-1.1461859,2.8747628,-0.17976514
132220.5,-3.7695625,2.8363695,-0.14502643
126319.555,-1.5425073,2.1666992,-0.3807892
123578.586,-0.75926113,2.8998778,-0.3221576
133679.5,-3.8878005,-0.016037337,-0.742541
134961.83,-1.0593779,2.6894562,-0.12766796
117797.82,-0.4316722,2.327807,-0.32042655
131732.83,-1.0990771,1.9835631,0.3221722
121473.71,-3.3239763,2.9589121,-0.055933256
130970.18,-2.7679367,1.6250008,0.22953944
131062.93,1.8251944,2.003681,0.33344892
120026.664,-1.2292517,2.82498,-0.07760758
128203.016,-1.1677259,2.9053159,-0.06321654
118613.65,-1.7228045,2.3296819,-0.8561514
120927.42,0.8454612,1.783935,-0.32257628
127012.31,-1.5224143,2.608114,0.3187977
121447.38,-2.054231,0.9396813,0.44113752
131870.77,-0.5842118,2.2371573,-0.06843352
116085.36,-3.7617445,2.1494827,0.09266882
123674.67,-0.058540557,-0.14805773,0.48021474
118047.75,-2.3354843,2.5625196,0.049400024
124001.195,-2.5946333,0.8978745,0.19551265
123272.586,0.15323983,0.5412936,1.4819343
127620.1,-2.63645,2.216233,0.08526246
116391.92,0.3179559,0.19975126,-0.14083903
133027.9,1.8777478,3.180512,-0.5698896
119009.25,-2.8098903,1.0977196,0.410226
131824.58,-3.129919,3.0096047,0.1213323
125010.74,-1.3548067,2.7972765,0.40378395
133503.05,-2.0569487,1.2301843,0.3401669
116357.56,-1.3007189,1.5729688,-0.010561518
125375.164,-2.797215,1.5750736,0.5715053
116816.73,-0.67647964,2.710437,-0.2566468
128672.734,-1.6482929,-0.39718774,0.25015888
119927.34,-1.7663363,2.7584,-0.6427573
117462.45,-0.07623332,1.9601411,-0.51408625
126742.23,-1.5474374,2.640227,0.33965138
120988.51,0.18898284,1.319959,-0.12701595
117573.65,-3.128933,2.7822702,0.100879155
124985.234,-3.9506712,2.9454021,0.12207252
122568.65,0.1310822,0.88275313,0.36727485
126670.27,-2.4793897,2.6962123,-0.012739262
118101.24,-1.3028432,2.2250593,-0.33800107
131468.06,-1.211009,1.7716265,0.13949983
125732.53,-3.1811407,1.9997227,-0.43228084
115583.805,-4.1571965,2.405747,-0.016221624
124654.54,-2.7065516,2.8231955,-0.26072305
127600.055,-1.4110893,2.1176245,-0.09839329
128885.99,-2.7270422,0.92776316,0.09465763
127263.03,-2.3806581,2.35883,0.31197125
123358.016,-2.5202389,1.9913392,-0.86547804
120157.8,-0.04235697,2.6340628,-0.21250698
123896.04,-3.0743783,0.8481515,-0.25267723
127524.82,-0.95865667,0.61153466,0.20773877
128180.66,-3.6600645,2.0061703,0.36429313
132068.27,-2.470673,1.2164183,-0.44926623
131933.1,-3.747956,1.422182,0.6328129
129850.625,0.2690814,2.0968442,-0.0025341446
120032.28,-3.5109124,2.6277776,-0.09180761
118744.305,-0.27165517,3.2394483,0.07022626
134125.95,-2.513787,3.214281,0.41401467
128370.2,-1.4359119,2.596012,-0.91000193
124595.8,0.8854245,0.98141736,0.20060001
124721.35,-3.256657,1.7250618,-0.19252764
115875.266,-2.972158,3.0229151,0.6263184
117607.85,-2.8053656,0.790256,-0.24759611
118219.53,2.6001012,1.8742772,0.30687317
118743.92,-2.2858813,1.8459874,-0.14063877
117176.42,-1.9863415,2.4134731,-0.40614972
120995.22,-0.11615191,2.43052,-0.959711
125164.65,-3.569271,2.1528115,0.1777957
126451.9,-1.3775587,2.206771,-0.37016422
119189.78,-2.7807627,1.2168602,0.5981931
116635.39,-7.465166,2.4180908,-0.039844535
125927.195,-2.5191023,1.6061628,0.626437
119647.53,-0.920363,1.3628805,0.45207214
126777.46,-2.5616887,0.6036265,-0.073240176
129837.055,-1.747435,1.2366046,-0.107716344
123897.14,-1.0873511,0.8127075,-0.23043521
117434.0,-1.4535189,2.9080608,0.20422958
131411.0,-3.3502045,3.1451576,0.29039228
132180.19,-3.0935185,2.6432002,0.876415
124382.78,-0.852953,1.0976306,-0.21794775
115371.016,-3.2457585,3.1881819,0.13805993
130016.234,-1.3557613,2.6616874,-0.06533141
117919.05,-1.4518971,2.8008428,-0.22691262
122813.984,-1.4949732,1.1879218,0.082116835
129821.84,-1.9623873,2.8060799,-0.048058156
116013.67,-0.07332482,2.5812793,-0.11419206
119503.3,-1.2166094,2.633053,0.1684631
133002.73,-3.2063434,0.38796812,-0.47269276
116832.9,-2.2845519,0.82885337,0.0025588782
124148.37,-2.8160691,3.0860162,-0.15209903
123031.65,-2.9850407,2.3409004,-0.6295278
121772.586,-0.90663606,0.55964416,-0.03581178
133483.84,-1.2035182,2.3625665,0.07976446
130701.05,-3.6897123,2.6274161,-0.09631031
118508.1,-2.8969378,0.9388279,-0.11162007
126367.586,1.133761,3.252512,-0.22481534
116583.15,-1.29388,2.3836744,-0.63984466
128906.42,-2.8790698,2.2204137,0.07764036
117475.77,-1.9462992,-0.071002334,-0.418158
120940.96,-1.1623963,2.8986607,-0.05878566
118846.01,-2.419703,1.4068017,-0.11021532
132366.94,-2.483307,1.7388972,-1.2076445
115411.21,-0.45445698,3.0515287,-0.08956252
124799.82,-0.833572,0.4865451,-0.14667495
121407.43,-1.3838252,1.6770097,-0.45430502
123297.8,-1.9188033,3.2115738,0.18117674
128102.73,-2.4082735,1.0954003,-0.73350406
119889.336,-1.3286618,1.0957174,0.13105944
126268.86,-2.1129265,2.404311,-0.18136299
123240.74,-0.9962671,0.85771173,0.14686744
115300.99,-0.84383005,1.2590789,-0.20814374
122198.37,-2.9335897,2.7857776,-0.13388652
119031.71,-2.2422988,0.22890712,0.14675719
128521.79,-2.8626459,0.7004414,0.4938724
127551.76,-1.5780857,1.0726117,0.48594993
125531.734,-0.70017606,2.5376813,-0.50359416
120392.44,-2.2361193,1.5751821,0.44549063
134219.84,-0.12433497,0.5969796,-0.3879339
118972.625,-0.12381836,1.5660281,0.017418668
134731.66,-0.53749675,2.0027173,-0.0086624
120616.45,0.056876734,2.5363805,-0.08779333
116175.03,-3.1283596,0.22154899,-0.28877655
121706.64,-2.8831837,2.8849432,-0.11162931
115332.51,-1.0904039,1.7595816,-0.024944518
116257.27,-2.5366242,2.5736012,0.31608835
127605.4,-0.58346796,2.8739107,-0.08196158
121665.74,-3.6305544,2.2459636,0.047565572
119584.82,-2.7175243,1.401155,-0.36826003
127473.6,-1.4357042,-0.43354285,0.08918049
132831.4,-3.2867565,1.2678983,0.43208984
127483.336,-2.9684968,2.204717,0.20449421
134221.89,-1.3685442,1.8738703,-0.70776117
126984.11,-0.035745777,3.0658388,1.1944609
134081.48,-2.9950683,0.97670186,-0.21401155
130811.47,-0.6287561,1.6910084,0.07789187
128364.28,-0.28389016,1.3906687,0.2180756
127647.086,-0.43146175,0.8332445,-0.11004695
132903.72,-1.9756973,2.916111,0.2049704
124852.36,-2.8351455,1.33029,-0.2402443
125464.625,-1.5729065,1.0445598,-0.69840866
119878.94,-1.4926206,0.72829354,-0.290108
116437.36,-0.38031384,2.525893,0.036572557
120734.69,-3.313979,0.8708885,0.63818395
122402.0,-4.3255615,-0.34682894,0.13882458
120270.24,-4.1397357,2.198211,0.009409769
129040.74,-1.0794598,2.7717173,-0.07694812
120321.75,-0.029394263,2.9210734,0.24906702
129250.01,-1.475233,2.8218868,0.8367907
120173.02,-2.167632,2.7728112,0.9253743
115170.2,-2.4112825,1.0775801,-0.17496504
115489.35,0.18784183,1.9271878,0.8275344
117965.64,-1.6189779,2.5306025,-0.16505106
116730.12,-0.39481124,3.1430724,-0.31768978
118195.75,-0.8360734,0.09810378,-0.1583301
130672.555,-2.8182616,3.0440784,-1.2686812
126705.52,-3.245191,2.9173026,-0.06483584
116479.25,-4.257896,2.90557,0.09075152
125771.69,-1.9144335,1.5985264,-0.1538414
117523.52,-3.5482638,-0.116823696,0.56911063
118051.23,-0.74707127,2.8514345,-0.1852834
126868.82,-0.106191374,2.28491,-0.34180975
119978.4,-2.6739402,2.5176787,-0.05633823
132248.2,-3.9541125,2.755921,-0.025665067
121971.26,-0.35140967,1.3874972,-0.37304044
120254.84,-2.4801304,1.358974,-0.23255396
121669.305,-3.4082847,2.9073644,-0.41329175
131045.23,0.65814835,0.746813,-0.21391858
134890.73,-1.3953764,0.56492025,-0.8045712
124588.91,-3.0138922,2.3750932,0.44394702
133871.98,-3.1867826,1.8305668,-0.18800439
116776.76,-3.598983,2.8467362,0.21659695
123261.19,-0.4244717,1.5910927,-0.2190393
119259.98,-2.3981504,3.101831,-0.44966048
129250.836,-3.39294,0.7331858,0.21623102
130418.07,1.2720734,2.9153888,0.4719555
125002.84,-3.090122,2.4566026,0.10049534
129108.0,-1.6016743,0.95406467,-0.8619402
121920.88,0.5437377,2.853253,0.0718396
123517.81,-0.3343148,1.6655794,0.47175407
132394.69,0.1314607,2.239725,0.35409755
126742.75,-0.87453306,2.4149082,-0.12032836
126253.13,-1.9391328,2.6505866,-0.5500095
118239.414,-0.8932656,2.0338533,0.0442924
121387.26,0.08555842,0.57628286,-0.036181886
130265.3,-1.8600706,3.212062,1.9388462
128769.055,-1.2535396,1.5052483,1.2842013
134592.42,-0.78692955,0.1755949,0.5694933
128236.914,-4.152254,2.569045,0.15680854
124222.8,0.2504567,1.0444258,0.16583717
122512.28,-3.2680864,3.2104425,0.06673734
130270.14,-3.134724,1.5597123,-0.3132121
124814.7,-1.2021888,0.32064644,-0.17797837
115089.32,-1.5643381,2.9808116,-0.02012267
130509.88,-2.2806826,1.7757413,0.22629368
115088.02,-1.2249715,2.7003279,0.104443766
128487.164,-2.8619277,1.845067,-0.09731604
126829.59,-2.9319222,2.707234,0.15341558
127155.61,-1.2005818,2.2688758,-0.12278413
122443.66,-2.826169,1.186952,-0.1525213
131961.39,-1.8437703,2.4929826,0.552184
122927.15,-4.549279,1.6504667,-0.12126794
116772.52,-0.9111381,0.89599794,0.12740067
116327.336,-0.5904917,2.3574996,0.18613298
117363.34,-2.4683397,3.2441766,-0.19489521
119288.7,-0.5635441,1.7425548,-0.072373904
134510.7,-2.8829978,-0.027128782,-0.61150867
118191.76,-0.51635754,1.2068338,0.12884176
121785.17,1.6299293,1.652145,-0.007881356
115563.82,-3.6659997,2.6220853,0.16334178
116199.234,-2.5615232,1.2745177,0.39868644
117949.836,-2.26916,2.3133986,0.13105944
126342.16,-2.928071,0.46497393,0.08555688
123063.08,-3.5529215,2.3091083,0.005937539
126180.75,-0.53680867,2.0920696,-0.16769695
122522.76,-0.12850088,1.0378178,-0.20885058
124578.55,-0.12994635,3.1482563,-0.018854704
118205.49,-2.5972924,1.4974742,-0.026132025
122227.32,-1.6153282,2.4685056,0.30396473
126100.5,-1.3581691,0.91927075,-0.20207895
121548.06,-1.1991566,1.8855305,0.21195836
128373.1,-2.2922394,0.87052405,0.29403913
119477.84,-2.8853092,1.4929845,0.48813483
127132.18,-1.5228455,0.95218503,0.025651658
127696.14,-0.26028016,2.4423926,-0.032506127
120125.016,-1.7578123,2.5789614,0.33457652
131640.92,-2.0444183,2.9882996,-0.3486177
128573.91,-2.3533711,1.4683155,-0.31715217
120189.2,-0.9279809,0.9578232,-0.1784328
128052.086,-1.7353919,1.5839735,0.5917177
134698.83,0.49989638,0.9356541,-0.038734507
128335.375,-0.22777042,1.3795371,-0.14324592
117323.89,-0.19224024,2.9194696,-0.398243
134646.17,-0.21986115,2.8267493,0.12047527
121950.34,0.2825976,1.55609,0.71426076
128240.98,-2.6144664,2.9471803,0.35617277
119628.28,-1.6557614,2.8967943,-0.06085821
125965.62,-0.79145813,1.8572235,0.10235602
124645.47,-1.8893343,2.3464944,0.38111252
115734.95,2.915996,2.0646834,0.2786048
123938.63,-5.046198,1.3758521,0.03388584
123052.164,-0.7380468,1.4843112,-0.6105158
118844.09,-2.335041,2.5377305,0.18571936
128176.33,-2.1004376,0.7155443,0.27558017
128125.51,-0.34655115,1.676458,0.11729388
127592.39,-3.5602174,1.3675358,-0.1771261
123080.9,-3.444288,1.9529186,-0.18574171
132469.28,-2.0654309,2.2696002,-0.20788538
116195.11,-1.7578998,0.8649264,-0.35316154
132848.33,-1.4440513,2.5806274,-0.1406912
125517.45,-3.666075,3.0588393,0.18061234
121599.76,-1.1516922,2.799282,-0.35024536
118222.43,1.0173798,2.6083853,0.12198372
120025.836,-1.8085799,0.9384405,-0.2651772
125693.1,-1.4106153,0.8732061,-0.34451434
123108.484,-1.9519498,1.4015908,0.31424555
116620.72,-1.6164182,1.0470285,0.16514046
119698.02,-1.2525077,2.8057425,-0.0065311436
115824.23,-1.6054173,1.0846514,0.5651056
126556.625,-1.7039164,2.553731,-0.075381264
117708.6,1.212335,2.838745,-1.2343707
124270.75,-1.7829776,1.6948367,-0.20382908
115945.484,1.8854687,2.795996,-0.15822133
125703.016,-0.91184586,1.5074816,-1.0951942
124567.99,-0.60519886,1.6955012,-0.4093043
124188.61,-3.3201308,2.5056453,0.23771462
126242.81,1.2559435,1.0496359,0.16518994
121352.89,-4.534555,2.666614,-0.11769528
126777.234,-1.3517435,2.2484422,-0.14908929
121766.48,-1.1738095,1.7028123,-0.40390462
115432.82,-1.5035492,2.609199,-0.17946655
120903.05,-1.9977956,1.1740478,0.05845131
125320.93,-0.697272,0.29370028,-0.23288384
123258.66,-1.1522394,1.452953,0.18553223
128329.21,-1.8250718,2.7494895,0.39740744
122453.11,-2.6010244,1.6375238,0.40458196
123582.43,3.8177376,2.5765495,-1.4677343
115050.27,-1.3659685,1.954362,-1.0391265
130527.02,-1.5700176,1.8075563,-0.124996744
117678.63,-0.56230974,2.77781,-0.15982185
129128.164,-0.15442011,2.644904,-0.05221935
118072.87,-1.5263937,0.9780301,0.5988338
127151.14,-3.5750537,2.7375722,-0.13301457
132047.39,-1.6572536,0.990059,-0.22291294
122639.25,-1.0248998,2.012741,-0.14709005
119412.99,-2.653541,1.4181669,0.35245976
129568.12,-2.8710248,1.790642,-0.5255722
122490.836,-1.175204,2.5166507,0.274241
122335.28,-2.3579273,1.014526,-0.14517036
131806.48,-0.27362412,2.4915621,-0.22402506
116356.04,-4.003181,1.8297572,0.8005176
126382.82,0.13758112,3.1185184,-0.25152844
115685.94,-2.4720294,1.0618265,0.06233656
133274.1,-1.7830957,0.2858681,0.015988294
120485.92,0.48732078,2.6588962,0.17501362
117228.15,-2.7475433,2.2584932,0.14567308
120310.945,-1.5105455,2.2526078,-0.64716405
117558.48,-2.102105,2.1393614,0.7965775
134899.03,-0.98174316,2.9803715,-0.009840074
115029.21,-3.9895675,1.9702677,-0.22126116
116622.39,-2.289981,2.967151,0.5381746
132702.97,-2.7710924,2.6882486,0.31029832
134654.23,-2.2004256,2.1174645,-0.8314116
116081.85,-2.2113016,0.9818688,-0.34578678
129588.445,-2.2636747,2.7505574,-0.08400254
118856.1,-0.9390425,2.8154755,0.019326428
122045.78,-1.7154708,1.0769303,-0.3257255
116271.516,1.1927507,1.0241698,-0.034626953
126222.5,-3.2080932,2.585532,-0.013273863
116700.28,-1.0390731,2.493428,1.0304763
132685.58,-2.2612622,1.0583658,-0.3869395
127419.89,-0.866194,0.14523864,0.16612028
119548.305,-2.436392,2.579203,0.31105283
122105.83,-1.9326884,0.611159,-0.38668233
116842.43,-1.0890236,1.7623028,-0.19219418
117075.65,-3.3083115,2.6125355,0.3797054
128305.65,-3.4758203,1.3176094,0.16868243
118963.96,0.35850027,1.6336684,-0.06383547
130270.53,-2.5656185,3.2158027,0.22687715
115984.35,-1.9314771,2.8210561,-0.07557258
115646.91,-1.6914985,1.5967484,0.53743625
127216.945,-3.4023082,0.770662,-0.3420851
117993.914,0.5862724,1.9685479,-0.0512315
124556.51,-1.8699936,1.0919248,0.08381004
128970.625,0.5516205,2.7302067,0.18904617
119050.766,-0.7134463,2.067444,-0.17171004
129849.72,-3.2013614,2.338836,-0.09884296
116644.34,-1.7238612,2.8534296,-1.0142571
122794.484,-1.4507905,2.9155805,-0.06699332
128662.82,-2.0178568,0.6861647,0.10176599
118086.805,-1.8595581,2.7611175,-0.40987286
121922.1,-0.55686885,2.631564,-0.15191428
120258.74,-2.774678,3.1625557,0.61493325
120341.3,-2.9056878,2.6937232,0.5719905
133540.56,0.29052132,2.8737514,-0.3917253
118490.85,-2.129356,1.4399346,0.34944764
115513.44,-3.193309,1.991509,0.6576448
120637.29,-0.9161265,2.1613424,0.04889403
123495.805,-1.0806277,0.5931415,-0.15033819
128814.695,-0.92205024,1.9662564,-0.12333393
129659.7,0.7995506,3.019497,-0.14680696
116697.45,3.086765,0.6810993,-0.04606547
130099.555,1.745028,1.2397448,-0.66536164
116529.734,-1.0071279,0.7392307,-0.56138456
125536.01,-3.761719,1.646858,0.38607055
129072.44,-3.0469956,2.0966845,0.6509685
123429.375,-2.4835603,1.3108615,0.030449368
118651.016,-0.69804937,2.847808,-0.1572752
128018.92,-3.2160904,0.5264765,0.009536715
115467.086,-3.1557746,0.97290725,-0.5169643
117476.42,-1.6266096,2.4603043,0.12172685
119498.6,-3.0412214,1.2279088,-0.3141648
116950.08,-0.08056938,2.6975534,-0.31516665
125250.67,2.0065649,2.510859,0.010357988
119035.766,-3.2820594,2.5602639,-0.25002745
117962.9,-1.1139271,2.3067,0.046237707
125696.59,-3.5131655,0.9338913,-0.2329774
125568.45,-2.4550364,2.3667464,-0.01802002
116349.46,-2.5572338,2.7587492,-0.42481846
124301.68,-0.009389165,1.237378,0.18801333
127757.59,-2.5581758,1.7959778,0.16571738
115873.04,-1.3337542,1.1081645,0.74729997
132028.58,-0.75974536,1.2533702,0.2372116
126659.53,-0.73943925,2.6780546,0.07136758
115663.3,-1.8214979,1.5428405,0.12584037
127613.836,-3.2429764,2.9381883,-0.034000568
127718.0,0.16893952,0.798033,0.24855566
121714.99,-1.3753583,3.1148598,-0.16277796
132309.69,-4.532086,1.2135879,0.38684294
119905.81,-1.3819206,2.1010413,-0.17800309
119662.664,-2.814912,1.3593751,0.06972801
120096.84,-2.6766863,1.3699863,-0.5708059
128267.71,-3.0229793,0.08575405,-0.47671747
115304.95,-1.6064973,1.2538575,-0.13004924
126049.09,-0.95787525,2.523356,0.038706794
116272.96,-1.3842763,2.4527347,0.025904953
128639.72,0.68847936,1.8809118,1.2229825
122339.65,-4.150086,1.0427606,-0.8319289
128759.53,-2.3122213,2.8208196,-0.007967179
119761.89,1.4056274,2.017376,0.31894732
116072.21,-2.2149649,2.2594807,0.083112136
117205.59,-2.996167,1.2431656,-0.3377752
119665.36,-2.4836972,2.7116666,0.3021857
117534.81,-1.466827,3.012215,-0.706461
118269.65,-0.4387738,-0.09797442,0.02624705
122351.23,-0.7617522,2.8091097,-0.08446443
125383.45,-1.9025594,2.712581,-0.5187049
130700.89,-1.16046,3.0443013,-0.34140924
123617.14,-3.6051617,2.2694073,-0.37092587
119808.34,-1.7578804,3.493806,-0.35248867
120640.75,-0.9947,2.5922983,-0.11643179
126419.83,-2.6329548,3.055112,0.40005603
132365.98,0.7768385,3.1428766,0.050573528
119678.65,-2.4607742,0.033072457,-0.043287862
124518.43,0.30210814,1.7000288,0.006349367
119914.29,-4.005471,2.5260763,-0.032732304
129669.375,-1.6550316,2.669365,-0.22840469
125935.055,-1.6274905,2.3139837,-0.3322575
128002.45,-4.5153594,2.732278,0.083539456
120135.086,-2.5898628,1.2033634,0.5900334
127254.95,-2.242246,-0.006807593,0.13513838
120777.914,-0.31807473,2.711872,0.0056204726
116340.13,-0.04376249,0.50455225,-1.2173129
115073.29,-2.2482972,1.3101103,-0.29674822
123937.516,-1.1534683,2.8379793,-0.622488
123825.56,0.65798235,0.1360332,0.3121727
122921.91,-3.2714446,1.2800837,0.35358974
115854.05,-1.104239,0.8125011,0.05535455
130782.7,-1.5609312,3.204541,-0.1734712
117817.49,0.7374792,3.0237582,0.6333618
118348.27,-2.4526255,1.6675036,0.2425767
127127.484,-3.1866462,2.115266,0.013524476
131085.53,-1.119884,2.6485043,-0.015441177
126594.55,-3.7056954,1.5960741,0.19503288
122211.71,-2.4767609,2.9437273,0.06417697
118001.44,-0.39172158,0.4467198,0.19946405
129415.8,-2.2358506,2.551154,-0.09192383
121997.54,-0.66881144,3.1108737,-0.08570528
119999.78,-2.6729457,2.3820565,0.13117565
123414.6,-0.86588645,1.4240842,0.009301896
129800.82,-3.5413241,2.2021928,-0.1402186
121037.086,-2.016749,0.018890476,-0.24234605
119348.07,-2.366794,2.8811283,-0.2737463
134057.66,-1.2783656,2.7982059,-0.6113624
134448.77,-2.534578,0.70597744,0.77584606
131671.77,-4.7117076,3.0021205,0.2633195
117393.63,-4.6555176,2.4375575,0.084231995
115379.66,-1.4768372,2.729853,0.06316022
127497.86,0.8252047,2.384717,0.59714717
115527.414,-3.8236616,0.9007292,-0.1233381
131437.03,-1.9292343,1.1376045,0.6224046
116954.6,-2.458189,2.2197435,-0.039099254
119076.3,-1.8434168,1.4081652,0.12824517
118518.21,-0.9067377,2.5136082,-0.16973375
127542.75,0.8376528,2.233012,-0.04066283
116947.61,0.5097464,2.1264994,-0.27419987
129943.06,-4.1277995,0.6659545,0.32860768
117365.984,-3.0870478,2.305181,0.43739653
120344.96,-0.5350016,2.0115492,0.1310207
127107.24,-1.7587253,2.508023,-0.36336368
121451.734,-4.05174,-0.705633,0.20671843
119097.7,-2.2705483,2.4908366,-0.38292283
120246.86,-1.9281708,2.2779875,0.23893163
122938.45,-3.0523167,1.5749279,0.13083355
123304.9,-2.863832,2.826151,0.52270156
119082.91,-2.122435,2.7224758,-0.6693247
126458.984,-1.7184496,2.1265159,-0.26910713
119279.64,0.7806965,2.7198923,-0.15635172
123475.336,0.62530315,2.715771,-0.031548075
132489.36,-1.5310637,1.5725347,-0.28508797
121657.15,-0.6654242,2.4897227,0.27506346
123941.625,-0.7488594,1.7498217,-0.5338594
133145.64,-2.393679,2.4545026,0.017997373
115866.72,-2.5951483,3.349178,-0.18884324
132116.25,-0.6993818,0.5106722,0.87590724
127159.2,-2.3325047,2.1601188,-0.45907083
131233.52,-3.492031,3.1374562,0.9399069
121298.836,-2.3462098,1.7157918,-0.071496315
119048.734,-4.687369,2.0488856,-0.105434
115151.72,-2.1196606,0.33301094,0.09127778
119195.62,-2.1575055,1.5260882,0.11213321
127166.08,-2.3062832,2.1471634,0.18274002
124081.62,-0.89494663,1.9811928,0.12849371
126650.016,-1.4234176,2.6198199,-0.09408905
134194.47,0.6554647,1.9201018,-0.23185605
126521.15,-1.552887,2.7486587,0.045920644
131977.38,-4.6687293,2.362293,-0.09179241
127263.914,0.45828402,2.5473392,0.6787636
132876.45,-1.5645027,1.9428649,-0.056694333
118180.086,-0.9508849,3.2070322,0.3184252
127340.805,-2.8168733,2.6572413,-0.49738935
123339.88,2.178677,3.4064133,-0.5494096
130691.91,-3.1142132,2.6238425,-0.0668628
124622.99,-1.6496836,1.845088,0.32108572
121863.23,-2.3416991,3.1736832,0.13713495
134831.86,-0.7447097,1.1510589,-0.13232413
134392.67,-0.3713218,2.8854992,-0.438514
121906.0,-0.62319845,3.139122,-0.043868057
124024.31,-0.94947726,1.9237474,-0.23557025
117325.85,-1.1630359,1.9301727,0.2897653
118448.516,-2.3561113,2.353544,-0.3063609
123735.695,-1.4681114,2.7509675,-0.107813485
130613.75,1.4300388,2.0814857,0.32976094
125315.92,0.9580802,1.3825593,0.063133396
130666.69,-2.0824585,1.8370401,-0.2604799
123378.18,-3.0547552,1.8486274,-0.2542822
128515.35,-2.4933677,2.8892844,0.1666197
123532.58,-1.7490665,1.8772389,0.3012989
125582.76,-2.319275,1.5090506,-0.28830424
123409.14,-1.169793,2.5037966,0.9706641
127595.766,-1.5036347,2.574732,-0.28907934
134894.64,-2.8135972,2.7748036,-0.51877016
120961.27,-1.5300859,2.649196,0.36819685
134564.48,-1.1199577,2.3271627,-0.27451962
117456.27,-1.1400782,1.6524826,-0.05620771
118178.42,-0.65201485,2.5703804,-0.7036414
117640.65,-0.9530353,2.9688227,0.05816583
126921.31,-0.4253489,2.6746447,0.10455641
117369.086,-2.395019,1.9391271,0.24026546
124151.99,-0.32491702,1.1386251,0.06563596
129958.32,-3.5600777,0.8237371,-0.01960416
125523.984,-0.8267221,2.00618,0.3034075
133909.56,-1.6072344,3.0243433,-0.1572597
120231.26,-0.6527622,2.1783314,-0.18550481
120542.06,-4.5338864,0.2778003,-0.63304985
133374.12,-0.626409,0.63546234,-0.2658891
119349.02,-1.939127,-0.7924132,-1.6120417
121433.05,-2.349222,2.4002652,-0.17548177
121422.93,-3.2630525,0.45694444,-0.4301329
132799.08,-2.429399,2.9818127,-0.0053567477
134415.0,-3.3477912,2.3885987,0.30167556
123501.234,-1.0179023,2.474165,-0.313286
122127.83,0.49122772,0.77173626,-0.59133774
115514.71,-2.257522,-0.06971669,0.98337233
134965.17,-2.4752781,2.5092096,-0.09074288
126815.42,-3.062012,2.048918,-0.22699815
118485.8,-4.3366094,1.7775959,0.37509304
118911.234,-3.3824286,2.7081306,0.094700545
122167.664,-2.3980947,2.8420486,-0.41188908
122887.85,-2.0306914,2.64543,0.2239741
118926.21,-5.439369,1.2149771,-0.35773218
133205.72,-3.2804146,2.9264674,-0.3838612
122506.625,-4.0989113,1.7336488,0.00077210355
118724.516,-3.7085605,2.6171582,-0.60843694
129224.18,-0.24451984,2.89108,0.31237593
126849.37,-2.304579,3.0120955,-0.22099446
115287.28,1.0791357,1.449594,0.11396648
119925.89,-3.0914652,3.0554628,0.056398723
125509.52,-1.8258119,2.26,0.06295996
126671.01,-3.1264355,3.3357303,0.2066785
118337.5,1.1642036,3.0318408,-0.20210786
121254.65,-0.89480126,2.6519842,-0.58717537
130209.96,-1.4372486,1.8179425,0.18699597
128505.94,0.20956965,2.9026334,-0.23815148
134190.23,-3.504355,1.9207293,-0.33483964
127096.58,-3.966717,-0.08989124,0.6876135
131625.05,-1.3082248,2.7568855,-0.35537505
125980.4,-2.2668858,1.5533086,0.051167134
125436.625,-2.732861,2.6445193,-0.5304462
126813.89,0.59884113,2.2814791,-0.15118031
133834.66,-1.8138528,0.6943716,0.31991282
116307.625,-3.8647044,2.3954232,-0.17090309
131457.88,-1.7944611,1.7772028,0.15994166
125038.21,-1.4871225,2.7096033,0.2545656
121301.305,-2.9208763,2.8132517,-0.5248731
121316.24,-1.684794,2.8483675,-0.11039382
120706.66,-0.5928867,2.503993,-1.0135068
127119.016,-2.528735,1.0540733,0.18147056
131668.25,-1.7794833,2.9843018,-0.13131064
130332.45,-2.5841904,0.20172901,0.20166743
120064.945,-0.9640442,1.6376842,0.54281086
126154.63,-2.1780417,1.9844649,-0.6523241
122954.81,1.9754114,2.705256,-0.24964036
121134.32,-0.6773379,1.7942841,-0.17982176
122636.945,-2.6129396,1.6327735,-0.082219936
119302.46,-2.30854,0.5182721,-0.43269864
124869.29,-0.5243357,2.7619028,-0.3585728
131587.14,-2.161578,2.2836583,0.86499465
132731.69,-0.6738928,1.9152472,0.25480103
123893.516,-1.0153571,0.7569018,-0.08083277
134846.34,-2.7747922,2.2608716,-0.012673703
120630.2,-0.9325753,0.31128025,0.4866246
120924.69,1.2493771,2.666665,0.33449247
122617.43,-2.4652925,2.8491557,-0.06662172
125960.22,-3.4103565,3.1312103,-0.121165425
119112.664,-1.1106088,2.576498,-0.3352634
127925.71,0.26351723,-0.10924507,-0.37042198
124743.234,-1.5900923,1.3137438,-0.03376843
118482.0,-1.2745999,2.378965,-0.6052273
127551.53,-3.9789302,-0.46029964,-0.024923062
134638.69,-1.344831,0.008951538,0.5766922
119265.65,-0.50046945,2.9085348,0.30149257
130638.95,-3.3242333,1.6265397,-0.521017
134738.33,-1.2188642,-0.04201942,-0.49789086
134691.97,-2.0263023,1.3672853,-0.22403757
116599.96,0.19460216,2.1587083,0.45333922
119432.71,0.40840593,1.3163602,-0.09523157
119907.64,-2.740525,1.0252657,0.27527323
116328.914,-0.26473883,2.9044633,0.1429369
120019.74,-1.5871503,0.46186912,-0.71674156
117486.28,-4.0383024,1.1423175,0.10304319
118224.5,1.1051844,2.336734,-0.5073343
118031.28,-1.5978383,3.010654,0.014749234
115598.88,-2.128575,1.7235856,-0.33893797
133725.55,-2.4378936,0.31331888,-0.08655844
116866.64,-3.1126509,2.905583,0.06581475
125529.23,0.7146507,2.172323,-0.5768046
118932.37,-2.647464,0.8940413,-0.03815729
117806.555,-0.70863396,1.217634,-0.5215701
133004.48,-3.6628466,2.7398746,0.36069334
125340.914,-1.855098,0.39843246,0.021966062
125508.93,-0.7413913,1.3818661,0.18177153
115875.71,-2.8728075,2.3124137,-0.41079068
122777.25,-0.56347764,2.9874449,0.0029248153
134225.66,-1.0664021,-0.13580555,0.29840058
130302.77,-2.2256052,2.7277572,0.11954553
116207.52,-2.1440012,2.9566395,-0.11087449
125781.59,-3.6451623,2.898536,-0.31112823
119776.586,-0.49379146,1.1802384,0.61717236
124959.78,-2.7272806,1.8807858,-0.08108935
115094.086,0.40951768,2.2879665,-0.92401785
119195.41,-2.5165412,0.7137586,-0.6262886
134192.45,-3.3779707,2.6379473,-0.04764335
125573.88,-1.5094423,1.8644164,-0.33361727
125788.33,-2.6145773,2.3345323,0.014697979
116965.47,-2.4426813,2.0399888,0.008267259
134508.66,0.122702144,1.6886683,0.33088437
122559.87,-3.368974,2.3364408,0.10789096
134978.0,-3.732508,0.8333837,-0.5135603
131708.66,1.3431379,2.4928513,0.079070136
117580.586,-1.7922927,0.7304196,-0.53553325
133592.67,-1.669967,0.5205055,0.16947033
129522.6,-0.21035248,2.2649846,-0.47888955
115312.18,0.26372594,2.046833,0.15527625
132481.6,0.30481273,2.2254312,-0.5828202
122489.11,0.18745334,2.0336857,0.07303993
118473.31,-0.8407559,1.4674487,-0.28735512
115025.375,-1.993128,2.729191,-0.014758769
118719.43,-0.46186858,2.4083145,0.9654754
124871.375,-2.2463894,0.63799655,-0.05317621
121827.67,-3.4236133,1.4756805,0.044577282
126194.35,-3.824991,3.0553815,0.30046868
118813.12,-2.3272598,2.819698,-0.013267308
131861.33,-1.9682935,3.045828,0.4169386
118959.33,0.5564456,1.9403147,-0.0785713
117813.69,-2.8038428,2.9292755,0.27891055
128102.125,-2.6538944,2.6528924,-0.7704476
133601.22,-1.1048493,1.1098322,-0.6025948
116819.0,-1.0133479,0.3636279,-0.17102794
131062.69,-0.7715519,2.6581771,0.6386786
120779.02,-2.6326978,1.6249356,-0.4101804
127955.836,-1.4865456,3.1794708,-0.47564438
118184.66,-1.2214148,1.5914094,0.32933718
123582.31,0.16441473,2.2096515,-0.48086795
119340.6,-1.501386,3.328337,0.11040306
132844.39,-3.0848055,0.9074703,-0.706383
117523.97,-0.46539217,1.0653551,0.43302912
124361.125,0.07380871,2.416078,-0.15401037
116587.63,-3.2797568,2.7941937,-0.47746277
121235.86,0.37209257,3.0420146,-0.17587362
130670.28,-0.37560207,2.2596254,0.10173321
120420.69,-2.4471526,1.2345546,-0.3118756
127131.5,-0.49078688,2.8720765,0.027684577
115598.24,-3.189127,2.15339,-0.22692692
122426.86,-2.1954932,1.8472201,0.24437599
118758.4,-0.2465515,2.1014702,-0.238878
129489.55,-2.4555068,2.0478175,0.1773481
118714.836,-2.9519696,2.7380004,-0.51137394
119051.94,-3.2193716,1.0710478,0.23594871
126878.35,-1.381879,2.022352,-0.20086373
132920.23,-3.4566667,2.4858973,0.11443254
119936.08,-3.2339344,1.9621189,0.013420179
116152.83,-0.61467963,1.6996703,-0.03415791
126209.16,-2.338096,3.007489,0.4520346
133363.17,2.973018,2.5725675,0.56593937
119868.45,-2.7620578,1.727605,-0.117874674
122699.02,-2.7224517,2.0986753,-0.14609534
116971.81,-4.111944,1.8757423,-0.09072023
120754.55,-2.2488925,2.6161184,-0.19707295
130121.125,-2.319241,2.1278756,-0.027453927
116629.52,-1.4124428,1.9594411,-0.08494212
124326.55,1.5645729,2.821151,-0.45849153
120779.016,-1.9817684,1.4138074,-0.64459085
122373.19,-1.8354074,2.405321,-0.15504351
121612.73,-2.940243,2.3277423,-0.22272132
120204.83,-2.1566286,1.2717285,0.28322434
129769.72,-2.6092412,0.7977833,0.5399775
116517.7,0.12048073,2.7241907,-0.13435824
117265.8,0.033546753,2.3384974,-0.068216585
125632.72,-3.8334389,2.4309394,-0.058348797
128429.86,0.70523536,2.7295444,-0.2363665
134052.73,-1.6478108,1.3828777,-0.5141205
118060.66,-2.4338646,2.9798758,-0.21702635
126983.586,-4.0112233,2.0432405,0.03582876
121103.32,-1.9350533,2.4975305,0.3263197
133375.98,-2.4830737,2.2793126,-1.1532851
127954.42,-2.493068,2.6756961,-0.06671261
128855.766,-3.2652113,2.8646803,-0.08919599
125555.625,-3.9618974,1.506224,-0.507421
118126.09,-0.85712755,1.4347936,0.91645294
122932.734,-1.6183052,0.7748558,-0.04291418
123687.97,-2.2614896,1.4644446,-0.21714675
127033.88,-1.4812707,2.5270596,-0.11670594
115936.05,-1.3274295,3.1456838,-0.35674253
123022.125,-1.4171897,2.6808965,0.11369053
121637.9,-1.9221516,2.4452872,0.18885545
128520.72,-3.157792,2.7572212,-0.18266104
129295.234,-1.8056574,2.8361723,-0.2564659
127597.02,-2.8411226,2.7325795,-0.66209114
120471.58,1.5526179,2.1579173,0.31184432
119696.32,-1.5936403,0.8395782,0.40070805
122097.23,-1.2495761,1.6105562,-0.13692248
134745.03,-2.5498152,3.112282,0.08863516
117425.96,-2.1521232,3.233848,-0.62775624
117162.98,-2.4201138,1.6181734,-0.13765316
116658.44,-1.3984241,2.876038,-0.1975852
121102.664,-0.16136985,2.6085112,-0.034184728
119519.98,-3.1288877,1.044399,-0.09896067
122429.41,-1.2265757,-0.17897505,-0.22922684
131609.9,-2.3606837,2.5239713,-0.101980545
120080.94,-0.5348676,3.1111207,-0.3227664
117520.73,-0.3977366,1.2858577,0.70616186
115228.26,-1.8507035,1.5149088,0.74985915
120959.08,-1.8592488,2.27573,-0.5536772
130493.766,-2.017392,1.9856658,0.41348305
120576.73,-0.4193363,3.1044943,-0.24077591
117582.25,-1.064233,1.3063302,0.35883743
129816.766,-0.8902648,0.39182833,-0.2725913
131674.98,-1.3268871,2.6803112,-0.16751815
125858.68,-1.5993462,1.2691107,-0.023776975
129716.82,0.29300448,2.6552074,0.11600416
119393.11,-3.1129646,1.9428967,-0.43356937
134943.25,-2.83462,0.8652804,0.68950754
126069.6,-2.1550944,1.9048359,-0.02455474
124852.84,-2.5168293,0.04996852,-0.80862486
117973.06,-0.9114364,0.10513413,-0.015222151
133069.97,-1.8663949,1.3816411,-0.37667686
125994.6,-1.627601,2.2666943,-0.6481969
128701.805,-2.4853017,2.1341639,-0.5666784
134476.33,-2.6865046,3.1643362,-0.12670723
115647.84,-0.55607224,1.2270709,0.8304213
118023.93,-0.1810333,2.699528,0.10415471
117131.195,-2.0556712,1.0953666,0.06295698
123504.24,-1.3826617,1.1521081,0.21904586
120384.18,-0.5948653,1.4684439,0.063426025
120364.31,-2.2712734,0.37514722,-0.0948406
115441.69,-3.0774949,1.5826821,0.23854782
118647.94,-0.45350057,3.208983,-0.7090387
132640.48,-2.281235,1.1313498,-0.13961515
126695.03,0.037473656,0.5423875,-0.50831085
128329.09,0.7334304,2.1286047,-0.33195683
123510.336,-0.88077575,0.8084639,0.478928
133099.83,-3.4355636,3.0882926,-0.37603858
125616.586,-0.42070255,2.4437215,-0.0034349817
122850.32,-1.3181709,1.1960076,0.343508
116320.96,-2.8797083,0.4002699,-0.37938654
116095.67,-1.2884051,2.2569182,0.2500665
115208.93,-2.4813883,2.222051,-0.29470664
124585.19,-2.295835,2.9093678,-0.19955853
119991.5,-2.690583,0.362821,-0.3095277
118256.34,-3.0506678,2.1804132,0.12698168
131838.75,-3.2682924,1.1184583,0.15539008
127522.96,-2.9575675,2.616731,-0.30531377
134645.3,-0.76269585,3.0046594,-0.03024554
131040.74,-0.7174221,3.0778334,0.1473341
123077.25,-3.0119803,2.5424426,0.10924744
118492.69,-0.95625794,0.849076,1.6040453
131862.33,-2.0319574,0.9613671,0.34563628
131078.97,-0.7396366,0.8273595,0.011757966
130826.984,-6.869548,1.0305781,-0.13621594
118291.914,-0.4090424,2.6067972,-0.30859646
120659.695,-1.8971133,2.2394953,-0.22445863
125731.25,-1.3515916,2.235475,-0.5607579
116239.26,-2.1330066,2.7481675,-0.86538744
120172.33,0.28994477,2.613102,-0.21010782
122660.375,-2.7461412,2.5356607,0.25762007
116667.984,-3.280781,2.404926,0.6372787
131206.02,-1.9979968,2.7775605,0.07846938
116381.56,-1.9407753,2.9210942,-0.17679562
122452.53,-0.2247727,1.6828871,0.6804676
133517.03,-1.3629639,1.6336786,-0.0041954634
122175.55,0.37368715,2.1947446,-0.265471
117295.31,-3.1178763,1.699496,-0.6127948
118411.3,-3.3335502,0.7733144,0.2633928
119254.836,-4.111191,2.5738308,0.2645967
129339.45,-3.5547118,1.7569059,0.35023612
116250.234,-0.36788842,0.5715074,0.2308828
116216.11,-1.8256315,3.0558145,-0.5391023
134944.39,-0.8131915,2.724486,0.3566734
126073.85,0.722417,2.2029543,-0.26652175
115737.23,0.8083047,2.669691,0.40670666
124165.28,-2.2507582,1.2742732,-0.40153885
131011.77,-1.2518069,2.1493347,-1.0453802
129209.8,-1.921648,2.8447828,0.07327593
115690.26,-3.6132462,3.0447843,0.17414348
119202.89,-0.42096326,1.153507,-0.39223307
123429.05,-4.513746,1.4471545,-1.2399038
126798.47,-3.0169587,2.7985055,-0.22053048
117509.94,-1.6655635,2.5098684,-0.0064575393
126215.16,-0.21192952,0.9499118,-0.40911564
123152.086,-2.1799355,1.995208,-0.13501829
130733.0,-1.5381619,1.4091271,0.47381678
125337.34,1.2465426,0.6182051,-0.6243213
117095.266,-1.3176794,2.712282,-0.24689136
119674.61,-2.8161123,1.0859427,-0.47703633
134226.22,-1.6851274,2.4227185,-0.1691616
132273.84,-1.9882267,0.99740905,0.1875264
120698.46,-1.5031514,2.96089,-0.13963214
126473.234,0.087512925,2.8663838,0.04549332
121630.7,-0.6713053,0.8755098,-0.060806654
122987.2,-1.4620801,2.7474627,-0.31124297
126521.32,-4.104252,1.7919657,-0.47221747
131901.81,-2.7788155,1.5540411,-0.5054736
125810.63,1.0629556,1.2690374,0.08891886
124957.88,0.27865553,0.34869578,-0.14386575
117602.85,-1.6133093,3.0387137,0.34454146
123790.54,-0.8916968,2.6831312,-0.26050106
121670.65,-3.39121,2.5394237,0.013470838
115336.914,-2.1624708,2.7108386,-0.048391018
134637.42,-0.03924493,1.6111159,-0.13239862
119878.54,-1.0617856,2.9594898,-0.60773075
121925.33,-3.1989071,1.3629496,0.15548247
120019.39,0.038002662,1.079667,-0.49032182
123913.93,-1.6010426,2.9113548,-0.4891346
130523.29,-1.3408513,1.949018,-0.40617386
133141.86,-1.2855017,2.72981,0.09985227
124835.19,-0.9075921,2.7148848,-0.19291385
133561.98,0.68304396,1.2624935,-0.65667063
129801.06,-2.7643914,2.0033484,-0.47640935
127701.6,-0.6510257,2.0354595,-0.39500502
131741.16,1.5190598,-0.18747388,0.41140783
127199.125,-1.0421952,-0.23684819,-0.08125295
119426.01,-1.5640281,2.4832864,0.1987298
134428.42,-3.618898,1.9135095,-0.33423024
134096.17,0.059112955,1.216768,0.010556452
115253.27,-2.2745743,2.1256056,-0.28537527
116038.31,-1.9472818,1.487351,0.07396371
133299.67,-1.5626736,2.016199,-0.2131709
120482.87,-2.3753836,2.767507,0.14277777
126527.54,-3.2920146,1.7859964,-0.21403062
120083.875,-0.9069436,1.7068881,1.0603205
122689.79,-2.441561,0.3313968,-0.106389076
129234.46,-3.4539652,1.039785,-0.07366601
134319.45,-1.9902842,-0.00158011,1.0420141
116250.01,-4.244559,2.2387114,0.26864287
122219.586,-1.0386833,2.28823,0.07284623
125953.375,-3.6448798,3.1052096,-0.24350347
118744.28,-1.517789,2.4055088,-0.24525984
133793.38,-3.9080415,2.4416482,0.054413483
125005.97,-0.07662491,2.8024004,-0.042600688
115720.164,0.17447066,2.2827077,-0.34848243
131845.02,-1.6853423,2.983776,-0.16675887
132743.6,-0.4446528,1.9658006,-0.13029002
134392.61,-0.4898115,2.2969122,0.8652921
131775.98,-3.123463,2.7564714,-0.047272943
122250.664,-1.8876994,3.1281636,-0.31531802
132016.86,-2.5323064,2.8445837,-0.17743392
128624.195,-3.187083,0.9863907,0.23935896
130502.96,-3.213129,1.9861335,0.12202246
118485.53,-2.1986701,0.98644096,0.06495593
122115.766,-3.4830713,1.4410185,0.2502882
133382.72,-0.1300266,1.8889632,0.06205108
116340.83,-3.3051,2.6070764,0.26479635
118816.24,0.27547187,-0.034922767,-0.08406483
115800.27,-0.7966611,2.499866,-0.38807514
131622.86,-2.0630317,0.8560268,0.046951704
121796.92,0.57516056,0.8887446,0.18866771
134340.52,-3.212379,0.7503818,0.16994235
118101.4,-0.26205143,1.232406,0.26425758
133708.52,-2.7188096,2.920175,1.0284446
123756.086,-2.4449964,1.0615462,-0.11121271
129350.375,-2.8531258,2.684316,0.04659113
132417.75,1.8276025,0.425622,0.33032772
116847.11,0.42570883,0.5908629,-0.09039333
118606.68,-2.94325,2.7965255,-0.017717259
124724.87,0.60685956,2.8510835,-0.15920709
125117.3,-2.6273584,2.7946172,-0.6108605
122916.27,-1.6118542,2.9749463,0.18839356
130267.805,-2.3084416,2.931013,0.70702606
119547.71,-3.3895218,0.8926889,-0.5443035
128740.84,-1.1884271,1.1849041,0.31709558
115684.055,-3.2569242,2.7491605,-0.21680883
130840.62,-0.42889628,1.4350256,-0.7288249
126319.89,-1.3311216,2.9026737,0.035136223
117584.66,-2.390819,2.7889435,0.039037567
120272.625,-1.3954533,2.4760146,-0.27435094
132866.42,-0.08169765,2.8890495,0.08563615
132158.12,-1.8762311,2.8579607,0.036320455
128220.98,-0.5061215,1.8108182,-0.51219875
115344.79,0.17189074,2.4698505,-0.13775478
125076.09,-3.2306929,2.8982806,-0.15193783
127236.94,-2.2386122,2.9037187,-0.5554112
115742.52,-2.4213486,0.60809624,0.06370555
118606.8,-1.091286,2.5974975,0.16745052
133118.83,-1.0943085,2.8355143,0.11863128
124204.19,-3.0510404,2.6540985,0.2816974
125338.734,-3.4825273,2.6073947,0.5710923
119594.766,-3.5365272,2.150832,-0.2846574
132398.78,-2.5980353,1.1469153,0.41859424
119392.14,-2.959536,1.963024,-0.1774971
123791.19,-1.6523556,1.2624675,-0.09590146
133242.12,-0.007542466,2.8296053,-0.20028175
118704.22,0.07322322,2.685046,0.14812855
123247.46,-1.1819546,2.733214,-0.40073633
122280.55,-0.62991023,2.4823112,0.41070336
122445.6,-0.5696652,2.1897056,0.15653856
115436.07,-3.344724,2.7970045,0.040369008
115929.15,-1.2918032,2.5925367,-0.31919017
116095.27,0.7520985,0.29231492,-0.32969418
117391.15,-2.3605294,2.8307335,-0.028714146
128305.97,-0.79978067,1.6513015,-0.2021925
121219.63,-1.6209699,0.32769245,0.04387044
132849.02,-1.1952732,2.2434285,0.57702833
126857.19,-2.2451248,1.2389821,-1.3077891
119465.93,-1.103865,0.5949233,0.22936064
132064.83,-3.8753486,2.5901992,-0.4449182
116039.47,-1.2829707,1.5278562,0.29324052
128092.51,-1.4777963,1.0002888,0.03038798
118822.625,-0.8346934,-0.37499726,0.07637329
119696.164,-0.4482143,1.7033383,-0.2076738
121787.695,-2.4400618,2.2409198,0.14387499
128047.65,-1.8751131,3.007624,0.37622243
123957.69,-2.9847708,2.9855611,-0.14619786
120184.375,-0.5958975,2.9790368,0.026724437
130069.484,-1.7955257,2.369983,-0.10475547
128979.63,-1.2551224,3.0415266,-0.12605819
130522.484,-2.7063656,0.3834092,-0.30681238
124207.09,-3.2654562,1.8440565,0.03936417
126165.84,-3.0451026,2.1044192,-0.36368462
120285.26,-1.3426642,3.2026494,0.18098542
120541.55,-1.7016656,2.1576636,-0.5707362
118085.266,-1.6286533,2.412483,-0.1175001
117613.98,-2.085727,3.326008,0.013370711
125526.94,-0.06951501,2.5879488,0.07090747
134938.97,-1.1216139,2.9879255,1.5557207
119390.21,-1.63804,2.2546477,-0.44792524
129525.61,-2.3632932,2.6143205,0.5423651
116575.0,0.9835861,2.9271193,0.20657301
131001.2,-3.0610433,0.43700147,0.4186616
126559.664,1.4058574,3.1571066,0.09602244
121435.984,-2.3772767,1.9461646,0.6372453
115360.94,-1.8258253,2.3663917,-0.05410327
126522.17,-2.2812116,2.9419513,-0.03954505
132597.77,-1.8919376,2.5443761,0.37922084
117253.72,-2.8733478,1.0006771,0.056832604
120680.06,-2.3882153,0.7072584,0.095899075
120400.95,-2.1836557,1.8979298,-0.24633977
122772.06,-0.24108993,1.6940981,-0.031766802
123591.53,-4.1477294,3.0273724,-0.12773293
116396.31,-3.8881955,1.2903934,0.0933101
115778.96,-1.2119296,1.3303132,-0.4228067
123121.27,-0.23828027,0.32394898,-1.2577817
132383.9,-1.224208,1.2853218,-0.03964309
116091.734,-3.012159,2.2783003,-0.46306515
130718.54,-2.2192314,2.4488537,-0.1156272
128715.67,-2.6319678,1.5593582,-0.30920705
115116.08,-2.4861813,-0.18208364,-0.29971713
129880.445,-0.8573672,0.60028064,0.6010008
115372.195,-0.5476395,2.1066914,0.1763534
118881.3,0.0882348,0.57484484,-0.11855768
129355.664,0.22341232,1.0616864,0.33592585
116085.73,-4.0349464,3.0065746,-0.39985338
119474.01,-2.710208,1.2775934,-0.12034803
133078.22,-1.4560018,0.71514636,0.19289984
116788.195,-2.8220901,1.3556818,-0.06764592
129587.58,-0.445509,2.2067971,-0.90987563
133076.34,-0.8308243,1.4938267,-0.37534097
124689.04,-3.783376,2.6451364,-0.073756
118599.914,-0.85943055,1.9837487,-0.036755227
122458.71,-1.5412223,0.93636864,-0.24677603
122314.32,-2.307957,2.2032373,-0.2673895
125972.3,-1.5235691,0.6415745,0.21084744
130052.45,-1.2922989,2.6864302,-0.24036022
115903.16,-2.0440538,2.6970093,-0.3143153
117674.45,-1.4632026,1.928443,0.32333675
118534.875,-1.226447,3.1391509,0.10125761
127039.99,-3.7506642,1.1067703,0.5913172
134324.17,0.25423723,0.49456945,-0.08956699
129411.22,-2.6401494,1.6457587,-0.13251574
115114.03,-3.6107326,1.996971,-0.20057796
119439.9,-1.802103,0.78073376,0.03173432
123269.73,-0.31568766,2.3346844,-0.29584798
121495.414,-0.9728961,3.0625124,-0.18768434
129146.37,-2.8457227,1.3872472,-0.127811
115066.78,-2.3790295,2.2069838,-0.6090076
117571.15,-1.66106,2.774635,-0.038752984
127923.83,-3.3837936,0.37094378,0.36358806
125032.586,-0.030232545,3.0561798,-0.18911023
123734.05,-1.4513264,0.38254017,0.019081477
119169.57,0.8243994,3.0531833,0.19780602
118713.984,-1.431012,2.6454666,-0.11143204
116530.75,0.61819047,2.3123317,0.42652628
129981.76,-1.429921,1.9801189,0.1093273
118272.17,-4.861487,0.2280696,0.21213359
122279.734,-0.6731096,2.5896592,-0.23797388
115617.01,-4.4683833,1.8148661,-1.2404772
118486.125,-2.642665,3.1764975,0.08942187
122857.18,-2.033085,2.3298826,0.25800326
118964.42,-1.871532,3.1498773,-0.7434067
127040.99,-0.1318361,1.3060108,0.19836326
118997.016,-2.2327344,3.0222368,0.023653904
130722.83,-2.1431258,1.192988,-0.538079
117565.3,-0.91509604,3.0205085,0.090294994
119681.95,-2.6573284,0.8394342,0.31206483
122197.5,-0.83727777,0.78227025,-0.3466763
126355.24,-3.9054027,0.6065475,0.11554406
123765.336,1.3829966,2.3337686,0.20728701
115526.09,-1.3239152,2.8974984,-0.3012679
116407.93,-1.3544264,1.0733482,-0.34059152
130541.03,-3.635232,2.319079,0.096952185
119896.69,-3.0056014,2.0890436,0.016308341
131346.92,-1.1059228,2.5921054,-0.07492116
121207.234,-2.413276,2.3959112,-0.13017112
115213.914,-0.3836136,2.849953,0.08019358
131251.88,-2.4047847,2.8854754,-0.048936345
126268.05,-2.3263168,1.2244349,-0.30971694
121926.24,-2.74883,1.9726135,0.31575936
127077.35,-2.8262658,1.2979832,-0.33511707
117700.24,-1.6225542,2.4913998,1.3579288
115030.266,1.9897482,0.28557992,0.24096395
118900.555,-1.0392787,0.78780925,-0.10027721
123145.36,-1.2227825,0.22910115,-0.38030288
115917.2,0.098206006,2.3421807,-0.22613098
116045.555,-1.7039908,2.506951,-0.32416162
124953.086,-3.4290137,2.611583,-0.6607964
122315.555,-1.8379643,2.6811318,-0.34948578
123692.09,-2.0098388,1.7079887,0.18592915
126760.79,-1.4261563,2.8763475,1.1540451
131900.62,2.5445101,1.5200058,-0.07280332
122540.89,0.40179196,1.6682516,-0.106484435
120946.95,-2.5644054,2.5687828,-0.43315187
123447.64,-1.9448895,2.4587753,0.42158315
133085.03,-1.3111616,2.9221318,0.038398072
117197.53,-1.3583099,0.7833708,0.1059093
126574.25,-1.9663732,0.42779595,0.038814668
120095.164,-1.4667468,2.2982965,-0.021058371
124815.36,-1.7574706,1.20298,-3.158741e-05
119835.016,-2.685525,2.088693,-0.3506393
127612.56,-0.15728107,2.8750362,-0.0038813774
122941.375,-1.8977567,0.9208463,-0.2799595
124614.59,-1.6377858,1.9851431,-0.24457565
117759.7,-3.0210688,2.3488712,-0.34576622
130098.555,-3.0154233,2.8964853,-0.32709685
124485.445,-0.088992484,2.6140924,-0.27494127
124830.164,-2.7371683,2.081166,-0.059342608
128507.695,-2.2296119,1.5086203,0.2621454
130084.46,-1.4187691,2.6476135,-0.10090002
120722.74,1.6738733,1.1347381,-0.9273741
127074.29,-2.8580303,1.5045726,-0.21181682
121044.914,-3.7136898,0.2650983,0.22425897
127708.37,-3.1273746,1.7044067,0.102653414
124844.01,-1.3659471,2.8799827,-0.19901587
126902.95,-1.7413807,0.090882055,-0.08933962
116289.1,-2.121662,0.5389043,0.15723407
129869.7,-3.162328,2.645816,-0.375765
119770.11,-0.21068415,3.1585443,0.6096629
118502.93,-0.41097966,3.1568778,-0.19157286
116806.63,-3.555372,2.3773901,0.09780683
128573.37,2.024669,2.9442763,0.4942169
122764.51,-4.409338,1.6029834,-0.19607943
122484.45,-1.6053886,2.9627607,-0.040481947
130243.69,-2.99178,3.0064046,-0.4620484
134429.97,-0.2396751,1.5053642,-0.68408793
131783.73,-0.2938021,2.5160747,0.12774275
116814.41,-2.581886,1.862041,0.35697973
116338.695,-0.33782154,2.2062047,-0.6524266
119400.24,-2.6245344,1.8629749,0.11389496
133505.7,-2.5711625,2.5203447,-0.6514623
130882.59,1.6952347,1.5604148,-0.5333033
132574.2,0.40291888,2.8073394,-0.33600658
133332.0,-3.0302231,1.6214077,-0.0035169302
126302.02,-2.6655765,1.8182501,-0.071326755
117630.74,-1.9747161,2.3844082,-0.13785401
123183.02,-2.667249,2.9575121,-0.004289034
120538.02,-2.7380729,3.021942,-0.5840607
131831.73,-4.4089046,1.932188,-0.04610242
123374.39,-5.654642,0.89298373,0.22179039
119133.81,0.9517962,3.0767832,0.78993344
121959.16,-2.1291838,3.0728257,-0.08775042
126652.88,-2.181576,3.1583602,0.14861906
119062.055,-3.6869204,1.8395642,0.01713021
115247.805,-0.21190782,2.9201062,0.14561349
127502.92,-2.7954025,1.6539423,0.22209434
117012.805,-0.31199908,0.8582512,-0.48116267
125447.984,-3.150386,2.9425223,0.06819274
117655.7,0.6250531,2.623588,-0.6213342
131091.83,-0.048622042,2.2182906,0.081148945
115746.586,-0.29788986,0.98680454,-0.58303505
122783.6,-2.4036014,1.9285151,-0.18026607
116278.78,-0.6683682,2.5690584,0.47065747
115673.29,-3.5310187,2.178795,-0.32765737
115295.16,-3.2185245,2.8930476,-0.11352991
116410.33,0.37158215,1.0200878,0.6963918
131476.44,-0.58169353,3.0246613,-0.058846448
122920.59,-1.0556456,0.6471094,0.14963879
118435.805,-3.192289,0.996367,-0.20329417
133826.3,-0.2189602,2.77834,-0.17584501
120133.12,-2.3756006,1.5279739,-0.011733232
117237.305,-1.3478558,3.0063808,-0.5186149
124566.27,-2.6659212,2.7808292,-0.29787046
128390.3,2.936542,1.2029477,0.0721823
129366.82,-3.1714098,3.0804327,-0.89168215
117995.38,-1.6849755,1.6020194,1.0215907
124530.61,-1.3524295,2.23836,0.17369469
119833.27,-3.3751135,1.9018061,0.33296734
131045.875,-1.8108089,2.6354563,0.15314381
121508.42,-2.0761898,2.3339598,0.2405271
127531.25,-0.52892387,3.0265214,-0.2221754
116018.25,1.2020738,1.1746639,-0.5070584
128830.16,-1.5995548,1.2855695,-0.2186552
123963.945,-0.48150688,0.8461632,-0.63472337
120642.51,-1.6197748,2.884716,-0.020251999
133341.94,-1.5422376,0.99042004,0.18320847
123532.71,-0.9568028,1.975501,-1.0057195
121016.61,-3.0858536,0.6696679,-0.009750973
117330.336,-1.6356206,3.0630755,-0.39285082
133568.34,0.6256758,2.4151206,-0.09777972
127675.14,-1.8756152,0.95870715,0.1927562
129737.69,-2.2684371,3.1133206,-0.21067312
123136.91,-1.028842,2.4251733,-0.66045666
119283.8,-1.8380827,2.4427578,-0.11384221
131804.66,-2.137383,0.9145153,0.06882628
122215.875,-1.3934116,2.579082,0.3531696
133698.19,0.8974305,3.1354187,-0.10261349
121464.125,-1.1391579,0.87314767,-0.32340887
125192.28,-0.59009326,1.8521425,-0.20090963
121354.54,-1.3980705,2.468446,-0.20377395
126579.516,-0.6166097,2.5078802,0.26280934
122015.625,-3.3235292,1.1538484,-0.25450543
133775.89,-3.0009587,2.8818922,0.0066425935
134113.92,-0.86844707,1.527831,-0.41780874
134085.89,-2.1108975,2.9050694,-0.06343318
115652.2,-1.5105747,1.9504427,0.02979974
121504.05,-1.8669032,2.443859,-0.78027934
119028.69,2.2480497,2.0788958,0.32037708
123579.12,-1.4633472,2.582052,0.056553084
134033.7,-2.5334938,2.1765025,-0.07913331
127979.164,-3.4379919,2.4151495,0.14528987
125996.04,-2.4648588,0.25979257,0.2965691
131594.6,-0.9606842,2.028677,-0.71188635
125261.53,-2.6354141,1.286894,-0.38193884
119252.68,-2.8581748,2.231928,-0.52068657
117431.805,-3.035014,2.7374506,0.0073536085
124686.445,-1.7059449,3.178918,-0.3185933
117459.62,0.16098514,1.9407742,0.0714987
115356.53,-1.0548173,2.786222,-0.07555947
121998.09,-1.3323287,2.627361,-0.3462883
120058.586,-0.46595252,1.0735543,-0.119890906
130647.96,-1.4970496,0.34123597,-0.6229353
123274.83,0.4261855,2.2692919,0.009393082
122434.51,-1.7459689,1.1249423,0.2728124
131152.81,-2.26677,2.6156745,-0.086465165
125032.91,-2.0370815,0.94849044,-0.39168328
130802.21,-2.1481373,2.776283,-0.20917927
117299.02,-2.4861906,2.3718157,-0.06738131
118129.34,-0.13964342,2.2666063,-0.15702906
131912.22,-2.9397504,2.6724336,0.034847766
121200.86,-0.20110694,2.5329487,0.037926644
129579.13,-0.90124786,2.4152544,0.04170402
125456.1,1.3531166,0.7499983,-0.11587603
124354.234,0.6773916,0.39282253,-0.059903137
130760.516,-4.4572935,2.6096337,0.012016625
117867.13,-4.0731864,2.4565454,-0.5542866
123235.32,-3.940249,0.27051315,0.032389313
116927.53,-2.1639283,2.697892,-0.33050352
130486.055,-3.3104212,3.0165827,0.007906686
131273.31,0.9231424,-0.09306939,-0.12672183
131270.34,0.48896083,2.946209,0.19138603
121171.13,-3.1320086,2.2535276,0.09455512
122195.164,-1.9478348,2.6418388,-0.45996124
115350.21,-3.5222952,2.5251017,0.026536105
128102.46,1.4668336,2.5336092,-0.12952507
120811.32,-0.64315814,2.810982,0.13107911
121268.76,1.6006707,1.1773312,-0.25390795
118507.37,-0.22837415,1.7710729,-0.06429438
128464.45,0.39850292,2.8762083,-0.66231346
127034.445,-1.6004716,2.9559019,-0.01912707
124643.51,2.8892062,3.3057663,-0.52661216
124026.48,-2.9006505,1.9108942,-0.2670471
119660.1,-0.8602017,0.7251492,0.22194535
125918.54,-1.5552365,3.324638,0.012295548
119168.55,-2.7887044,1.6887351,0.21975987
124060.98,1.0864667,0.23065487,0.36572528
116195.02,0.2982811,2.735854,0.24689405
121019.26,-1.7599486,2.9296725,-0.0463128
130964.85,-1.9701123,1.2004136,-0.07983479
118290.75,0.27258918,3.0103688,-0.07585776
120887.54,-1.0412105,2.696847,-0.15066479
130521.54,-0.7045569,1.0911902,-0.08388722
117047.34,-1.8420345,2.9610095,-0.25932458
115160.83,-0.51431626,2.3390744,-0.015374427
129272.945,-2.3320174,2.7475944,-0.0016595309
122710.836,-1.43323,2.9624903,-0.09339622
115348.58,-0.18356673,2.7723374,0.0014837142
124250.85,0.44864067,2.578751,0.36709902
117136.53,-0.09506916,0.62364227,0.14272174
122720.73,-3.2341502,1.9165941,-0.054230813
116400.51,-1.3264542,0.9465779,0.087493844
125788.33,1.5599813,2.785456,-0.20108634
117130.06,-0.054480713,1.7394121,-0.2242995
131709.11,1.0589797,2.253789,-0.2855755
120920.91,-3.6869867,1.7620257,-0.32301402
131387.36,0.86364365,2.9345474,-0.23396763
125540.16,-2.2170002,1.5952541,0.6338994
124903.664,-1.20202,1.3420722,1.0322071
133463.66,-2.6654782,3.0148158,-1.0858142
129884.55,-1.2782313,2.9945366,-1.269205
127297.2,-0.41886893,2.7987583,-1.1739019
115169.055,-0.24099866,1.9244076,-0.12755026
120586.23,-1.8841187,1.3336958,-0.3563054
126203.05,3.8150973,1.4583646,-0.42885658
125827.67,0.12759063,1.2524402,0.3038366
134590.73,-1.1132365,2.2760313,-0.88061464
126994.45,-0.31683075,2.689472,0.27411285
129490.34,0.075335115,2.9870877,0.12493088
125372.19,-3.5142508,1.2965676,-0.36769652
120612.66,1.653202,1.2463434,-0.048904758
134412.67,0.9672248,1.6528523,0.9259596
119484.73,-1.3172083,1.4868189,-0.4898453
127076.87,-3.3458016,1.162721,0.036386013
125449.945,-1.007714,1.2951047,0.22062583
115378.19,-3.16971,1.9489098,-0.22017974
118602.85,-1.7265207,3.2468202,-0.2976115
119367.15,-2.237818,3.0971544,-0.14721699
116962.44,-0.31426182,2.3181894,0.08178606
132766.1,-2.2372172,2.0328531,0.02028597
119471.59,-1.3871883,2.1485062,-0.8129765
130663.19,-2.6836417,2.7046273,0.2999585
132094.48,1.8778298,2.4735787,-0.07044946
134897.16,-0.93914855,2.6441863,-0.23679382
124818.36,-0.7600677,2.5564623,-0.428156
123484.305,-1.8285155,1.0556719,-0.23985898
116645.67,-0.6656181,0.6024654,-0.021823026
124758.11,-1.1105137,3.1532702,0.20537269
130501.02,-1.0149528,1.3116868,0.58499074
128811.445,-2.4846525,2.6429086,-0.06512936
123973.0,0.5659925,2.637347,-0.40208477
128100.836,-2.4477875,2.2619605,0.72543794
132451.77,-1.7720349,1.0943913,0.00045622946
127786.36,-1.8124976,1.4412988,-0.2801791
120399.97,0.9476957,0.56062645,-0.63031274
119748.266,-1.752098,2.8946218,-0.18410215
117199.25,-0.27062437,2.7797139,-0.15017548
119573.76,-2.4221535,0.36956078,0.08448827
129333.29,-2.4620383,2.9640949,-0.5028087
122574.38,-0.118294105,2.902095,0.17478773
128471.82,-2.5913208,0.7799934,-0.011346138
116222.67,-2.233481,2.793634,-0.17125203
121690.484,-3.222698,2.7158287,0.129489
120019.57,-0.9653802,0.9515959,-0.14154169
131603.55,-4.5756273,1.8496017,0.2080618
121020.71,-0.9674697,-0.11226928,-0.42773792
128562.85,-1.3886609,1.2021503,-0.44676277
123721.51,-1.3504027,1.4911675,-0.360224
117136.21,-3.769096,2.135652,-0.21294473
126491.13,0.9896132,2.314666,-0.79885185
117158.64,-2.031687,2.7229986,0.00094911223
126213.16,-3.1566298,2.1201684,-0.21862689
132329.84,-2.586293,2.2866046,-0.14463905
125838.54,-1.7099948,3.2472272,0.13998556
134454.58,-1.2901918,2.1291595,-0.8880833
128393.95,-3.2895794,1.0613033,0.49120536
118585.03,-3.1426544,1.5731786,-0.29084912
119542.195,-0.9106577,2.6051881,0.10530557
132688.0,-2.9699678,1.8393059,0.06632373
130922.02,-0.558563,0.6693228,-0.0049112462
122412.44,-3.399413,3.3066225,-0.3767594
116966.35,-0.8326018,0.65478086,-0.19171323
127578.64,-1.0092732,2.4551024,-0.20774503
124991.71,-3.707124,3.162603,0.20373432
123086.83,-1.8275808,2.758777,0.458898
121814.02,0.0865052,2.4478292,0.13606931
115947.39,-2.1897206,2.0712402,0.014411308
128272.984,-2.4191585,2.745165,0.19926322
132007.62,-2.8617303,2.4152892,-0.18153195
115178.414,-0.15967813,0.61967593,-0.587873
132377.53,1.8098807,-0.12634327,0.45734605
130858.55,-2.833655,0.75851804,-0.5811115
117931.625,-3.616185,0.56078655,0.05920285
119205.805,-3.1654992,1.835467,-0.038724672
132329.73,0.13451971,2.4638112,0.05257784
126358.83,-1.7693137,1.5854917,0.3052044
116617.19,-0.39804795,2.0356908,-0.8409945
123504.12,-0.27556348,2.7853625,-0.90343773
122950.45,-3.1711454,2.0912704,0.08835982
117733.21,-3.3948398,3.0490065,0.014645532
122823.58,-0.5581766,1.4100862,-0.55021095
131908.88,-2.1279511,2.4625351,0.11819979
131991.69,-2.1739395,2.192051,-0.3146809
117994.37,-2.6809647,1.0764797,0.4640396
130268.055,-1.0897496,0.8411388,-0.11349833
115673.74,-2.5086071,3.0103083,0.19999866
131494.62,-3.9731417,2.6131213,-0.30488047
132885.55,3.1935852,2.9262931,0.21969192
128089.77,-2.2453141,0.66365606,-0.194287
128860.11,0.25930068,1.5402365,-0.2515955
131862.53,-1.762324,2.7932026,-0.23275211
122773.63,-2.1680367,2.2020857,0.18507928
125331.59,-0.22124739,1.3703053,-0.30032653
119614.695,-1.3250587,1.2057807,-0.49841923
124869.61,0.54654187,0.5903842,-0.2789937
128367.96,-2.5234628,2.649144,-0.34207764
133860.72,-2.7167475,2.829473,0.4237609
127130.25,1.9838706,2.3949316,0.0655841
121397.24,0.25442734,1.8882072,0.37718853
117890.41,-1.5191157,2.6483693,-0.3084576
120804.49,-2.3135705,-0.44063812,0.5323787
133222.44,-0.5987406,2.756003,-0.31698322
125027.44,0.68943614,2.6978602,-0.29935893
127832.57,-0.43221602,0.44418392,0.10677051
126287.9,-1.5541478,2.170126,0.35697377
133155.11,-3.560175,1.4699777,-0.38312578
123956.94,-0.3403753,1.690683,-0.32251847
123162.516,-0.83087116,3.0071952,0.2896503
118133.8,-2.2305968,1.8764846,-0.22770886
122405.87,-2.264699,1.1508025,-0.12715273
117451.125,0.5656157,0.61813885,0.015384558
120795.2,-0.48452663,3.0323608,0.028411683
117346.68,-2.1761043,2.18748,-0.19766656
131217.81,-0.385192,3.209637,-0.04405162
122301.79,-2.352937,2.3549995,-0.5057481
127874.734,-0.8101721,0.5512181,-0.7887966
115037.11,-0.9187006,2.9471047,0.088572584
121671.586,-3.1344314,3.0609424,-0.38636318
131581.72,-1.5273649,2.874167,-0.5824778
129072.92,-1.3248465,1.2360266,0.2778223
128336.14,-2.8052342,1.6023322,-0.3551879
115299.08,-0.17725587,3.184985,-0.2071994
132650.14,-0.25533518,1.9444003,0.29592603
127653.63,0.4442192,1.4443066,0.1374246
119645.664,1.2054875,2.4375916,0.54993945
118064.38,-2.7126312,1.9027075,0.43109512
117813.46,-2.4023657,2.9563472,-0.13920005
126327.87,0.81581753,1.6054431,0.89040524
127113.26,-3.6960604,1.3307147,0.5983421
119929.72,-1.3095108,2.6052506,0.38037944
131484.97,-1.7148712,1.0502294,0.0946618
116437.48,-2.2536523,2.6525357,-0.18577926
131741.39,-0.94397986,1.978743,0.041392915
117043.44,-1.3296916,2.7656138,-0.1654027
132542.42,-2.624628,2.8406687,0.13937289
131173.11,2.1485877,2.2134435,-0.32579073
127362.09,0.4781603,3.2414565,-0.28057545
115970.84,0.60287344,1.3376098,-0.7764391
120932.83,-0.18675007,0.97607267,0.8219285
120652.43,-0.60587144,2.6902316,0.74045265
118557.3,-2.2640939,2.744912,0.46502537
118642.72,-3.626624,2.2631307,0.19667363
124091.88,-0.81743383,0.5548266,-0.26535776
115528.875,-2.0654674,1.8755248,0.16197874
128819.95,-0.79506886,2.2625194,0.29086134
115944.86,-0.97827226,3.103182,-0.2805087
117769.68,-2.1028776,3.186847,0.035132054
117458.125,0.9491711,2.6647298,-0.18963411
122485.84,-3.0731945,2.845538,-0.19891545
120199.734,-2.563753,0.2568004,-0.37147418
122104.055,-3.8897626,2.767792,0.02116863
133524.31,-2.6203775,-0.34389585,0.36963257
125640.49,-1.7702949,2.8052692,-0.19191407
122091.375,-1.9179285,1.9996293,-0.21539544
127612.91,-2.2868474,0.75302655,-0.44878945
126066.33,-2.1538696,2.6392605,-0.040468834
126755.33,-2.4626546,1.9893256,0.065086454
116384.14,-4.306151,2.3465886,-1.3447758
122256.29,-3.5830803,2.7701712,-0.07795266
121517.67,-4.7286453,1.105937,-0.37056828
117592.12,-2.7485604,2.140559,-0.2939563
119812.805,-1.4214125,2.3267057,0.06475568
130249.83,-0.7271998,0.3431585,0.3785116
115294.87,-2.7722335,0.921382,-0.09401634
121342.73,-1.4361874,2.8703418,-0.022292068
122066.79,-1.6594882,2.2602558,-0.24056852
123529.08,-4.1930547,1.5474637,-0.03131534
126600.945,-0.19015211,1.7956173,-0.12872405
117074.45,0.289091,0.83988005,-0.4408142
117526.06,-1.294805,1.2445325,0.73480034
119353.336,-0.21555644,2.8697395,-0.07372889
116840.42,-2.6018708,2.0070586,-0.7745483
133132.1,-1.2200855,0.4259118,0.3553366
118447.01,0.37432224,-0.09501339,-0.19724818
123357.48,-2.4899707,2.2368488,-0.36539808
132279.05,0.40478486,2.7979562,-0.20435534
116202.92,-0.9033215,2.789802,0.052272692
128407.76,-3.5982063,0.6210006,-0.5534263
124430.83,0.49830177,1.148842,0.053955168
116994.59,1.6947601,2.3401256,0.45281714
116953.875,-1.6333761,3.1103914,-0.86299604
128188.71,1.5325247,2.9064343,-0.37140566
131227.47,-1.4327106,1.7064377,-0.00016151297
134627.16,2.092394,1.9612641,-0.14337882
118797.78,-1.3359866,1.0533036,-0.24147114
115349.03,-1.4480715,2.3616765,-0.19577816
127141.79,-3.201862,1.2589915,0.35537654
127958.46,-0.5515051,0.65524983,0.2752059
117202.28,-2.6620898,3.0693629,-0.44773334
115612.1,0.3184064,3.0321686,1.083669
128594.14,-2.8421314,2.9717767,-0.14346197
119428.34,-1.6072192,1.8020703,-0.13263434
120745.914,-0.47791955,1.3532898,-0.26872274
119431.92,-0.62499696,1.9601879,-0.35079068
127208.13,-2.5320487,1.0923529,-0.37751812
116350.37,-2.4229577,2.951664,0.0794766
128902.945,1.1567439,1.6289747,0.4894484
132300.14,-4.1600027,2.5795329,0.2989602
125662.02,-1.3300009,1.6881168,-0.76966655
126245.92,-1.7582538,2.8722112,-0.0507261
134010.67,-2.834968,2.528905,-0.21452947
131833.52,-2.1008863,2.2092266,-0.35332692
131400.47,-2.2632282,2.7813478,-1.1491863
121345.195,-2.990288,2.3471272,-0.37804854
123407.914,0.4044928,3.2053027,-0.43965888
117006.96,-2.4730928,2.7077217,0.05339017
131461.89,-1.8667655,1.8941338,-0.073931225
118565.52,-5.006102,3.1379147,-0.11534917
115289.81,-2.6569223,2.3541014,0.008060452
129137.0,0.48262724,0.83107877,0.32213882
118435.06,-2.722248,1.3130487,0.14808565
120054.32,-2.1758525,3.2080789,-0.6095038
120063.195,-0.16425906,3.106113,-0.38121116
116830.12,-0.30717742,3.0636384,0.36562514
116929.73,-2.2919297,2.7966557,-0.014727481
119263.24,-1.0135486,2.148547,-0.03163926
118292.18,-0.19007014,0.23098361,-0.22633362
119243.266,-2.076903,1.5765705,-0.09942882
125909.7,2.2505708,1.0090566,-0.09686517
116027.01,0.15233198,2.6636384,-0.16400301
134170.11,-2.679381,1.0556453,-0.07598023
116295.48,-4.23263,2.81454,0.9523887
132059.38,-0.19751893,2.9498076,-0.22970155
128140.43,-1.9219432,1.9143913,0.05038162
121744.25,-2.0021834,1.0284013,-0.09256362
117208.93,-0.41183722,1.8654997,-0.2162179
120730.086,-2.3573585,2.5620103,-0.06820198
132178.5,-2.528743,3.1662369,-0.13184197
128792.87,0.5931454,2.295273,-0.41647372
126121.31,-1.570298,1.1668178,-0.34572628
126292.484,-4.889655,0.61888635,0.8496521
118875.34,0.15751044,2.4799783,0.7439011
131391.25,-3.4387968,0.6107827,0.24780591
117045.23,-0.40217426,1.8211845,0.16128978
125438.805,-2.5416367,0.47919962,-1.042335
119540.766,-2.7661865,2.602623,-0.085393876
117511.52,-3.0236251,2.7883446,0.37323654
128737.98,-0.9911458,0.2648926,0.14787944
129500.91,-2.740853,2.9203732,-0.24830653
123536.664,-2.4868503,2.7836568,-0.061039686
116776.43,-2.6360812,1.4066579,-0.03721831
119980.0,-1.578635,2.7601917,-0.207481
121754.09,-2.852931,3.0603206,0.6451892
115689.24,-0.2602316,2.8588204,-0.23241003
128979.38,-1.3092339,1.0507934,-0.95067936
116547.305,-0.3473798,1.6492767,-0.31814182
117735.31,-2.7906773,2.2066772,0.05198602
130972.8,-2.7744937,2.0145583,0.093584254
115346.09,-1.0588003,3.300729,-0.10418719
120821.83,-3.5854354,1.923255,-0.14154378
124217.89,-2.3621948,2.6032307,0.37113565
122322.24,-1.239172,2.8825648,-0.4132527
121547.59,-2.6329265,1.1467642,-0.16411567
131180.98,-1.5051831,2.2160032,0.43179482
121740.016,-2.7808714,2.9177377,-0.2630966
115569.76,-3.8924806,-0.42603385,-0.25779885
125350.41,-3.1882823,3.118985,-0.44782573
121179.77,-0.22066396,1.9728011,-0.12798473
115510.29,-3.2925324,1.7890712,0.13166794
129123.17,-3.137745,2.3633156,0.49891686
118566.625,-2.4921505,1.156207,0.020172136
119991.836,-2.502607,1.9382725,-0.8122866
133093.73,0.15707444,1.7228931,0.12100153
129636.99,-0.48191604,0.9076574,0.30736962
126633.375,-0.09339364,1.255549,0.22112766
121153.1,-3.9953215,1.779604,-0.5192642
124985.52,-1.7599345,0.8119055,-0.70343727
124589.016,0.647312,1.8709296,0.057347536
132778.31,-0.086440794,2.8836422,-0.15470888
134183.0,-2.9822187,1.9725058,0.18840846
127665.23,-1.4713442,2.9168324,0.024832768
117286.84,-2.375263,2.404943,0.09565889
123344.54,-2.9918923,2.3405323,-0.04737128
120852.875,-1.0825757,2.383238,-0.11555151
118816.555,-1.163977,1.3511564,0.38975674
130295.08,-3.3317368,2.5368385,-0.17412142
129683.84,-2.2060635,2.676909,-0.6946542
129933.266,-3.3319452,1.0376359,0.42771825
129700.58,1.1651949,1.235745,0.11864916
130116.99,0.41401628,3.1411693,-0.006776989
117561.945,-1.7088138,0.8701518,-0.59649634
117684.47,-2.4956577,0.9534735,-0.5078808
129587.69,-1.5988302,-0.032504044,-0.8243488
115173.54,-1.6904922,2.685129,0.2147774
122772.01,0.86256224,2.8710198,0.27509087
120107.45,-2.278308,2.6162508,-0.12327523
133387.16,-2.0771396,3.1800609,-0.087619
129687.84,-2.7931414,2.3047996,-0.35661322
126118.13,-4.389717,3.2300684,-0.8033435
131828.5,-3.3785336,2.006434,0.11841136
131737.25,-3.3952603,0.12921765,-0.18333332
120208.09,-1.2923533,2.5409284,-0.2186242
115787.92,-3.1285293,0.3387812,0.21907626
120967.305,-0.5685721,2.6800888,0.18014926
128705.92,-2.8214881,2.7975345,0.23599996
125435.76,-1.5991395,2.873365,-0.11095793
119523.32,-0.42610487,1.8645201,0.06899733
123491.86,-1.1993915,3.0337036,-0.3271353
120416.83,-0.3605774,2.8352928,-0.31077212
122122.24,-0.68656653,2.88759,-0.09825263
123928.42,-3.749784,2.062955,-0.12916538
124711.74,-1.2954599,3.0534503,-0.21568538
119629.1,-0.38437027,0.8577918,0.24848354
129376.27,-1.1892791,0.7372791,-0.07160001
117422.75,-0.60119134,2.1592813,-0.015204569
117160.016,-2.4819973,0.75318146,-0.23708704
117849.29,-0.28796205,0.3425845,-0.32993615
134430.89,1.0638813,1.711395,-0.34639886
121059.92,-2.815748,1.5953492,-0.03204662
126750.695,-1.9222314,3.1491282,0.3873716
133384.52,0.42310238,3.139838,-0.09534093
121768.45,-3.8104014,0.643734,-0.4638024
123457.26,-0.44860312,1.068872,-0.40185592
131605.98,-2.206567,3.1394217,0.32761002
128280.23,-0.587369,2.081856,-0.058697153
125470.695,-3.8561444,1.2511902,-0.33118504
120853.164,-1.4024792,1.7765965,-0.6315333
118700.98,-2.7487402,0.66268426,0.27021807
132503.98,-4.066405,1.5846853,0.03239289
122758.19,1.0688958,0.9882946,-0.22444344
132941.08,-2.0002947,2.8798227,0.1397424
123060.086,-1.5096899,1.5440984,0.29329595
121297.56,-0.5927689,2.6333792,0.107414775
133522.66,-1.5527588,2.1516478,-0.042689487
118722.31,-3.6912494,2.789759,0.21682641
128055.69,-3.448936,-0.73749053,-1.6642941
130180.81,-1.9508191,2.8025315,0.2158913
119346.48,0.08146104,2.1823957,0.36335325
120202.09,-0.11232074,0.5728769,-0.39042425
134016.31,-0.65404236,3.0156837,0.09050061
125568.71,-0.32366753,1.645262,0.50642097
134411.36,-4.4007564,0.6720709,-0.04156903
117719.04,-3.6089122,0.7766895,0.018003333
115479.0,0.80431443,3.18832,-0.292916
133316.92,-0.60928863,2.5005724,-0.2963659
117574.83,0.13343793,2.2520196,0.142953
123754.65,-2.4239838,0.9105744,0.09707735
121201.555,-2.029536,3.1234038,0.2689677
122644.51,-0.25714573,2.8174899,-0.16896582
133365.97,-1.9979461,0.5741118,-0.36965582
122879.08,-1.7063792,2.974111,0.85488194
130121.83,-1.6080123,0.15247998,-0.5656739
116320.555,-2.7431026,1.3034056,-0.042792298
117104.49,-0.19809753,2.5387902,-0.017344765
129658.234,-4.457719,2.6259758,-0.04527042
129234.76,0.299948,0.9269906,-0.2235131
116659.74,-4.6500883,2.9569309,-0.6131709
115464.41,-2.0747814,2.4157138,0.12744178
116524.48,-1.3060148,3.2213957,-0.037027594
129147.24,-2.168197,3.0286033,0.36259454
122053.92,-2.5189614,2.7598748,0.09830985
133673.44,-2.607742,2.9223707,0.27298704
122555.0,-3.2962594,2.3650508,-0.18500686
122253.36,-1.0792587,1.8704491,0.05372929
126431.64,-1.6098398,1.5961933,-0.48026064
118743.79,-2.830208,1.834659,0.22968724
123594.21,-1.2563857,2.1268735,-0.17391938
122827.79,-2.0178027,3.3333166,-0.050579786
122824.56,-3.139655,-0.1481217,-0.0034600133
131464.8,-1.130587,0.9731075,-0.1453736
122475.3,0.22177984,2.912015,-0.21255793
133630.78,0.5885889,2.8237772,-0.03959154
126600.305,0.2990698,1.8232852,0.15346445
119895.734,-1.7573125,1.6564806,0.25583625
119160.8,0.3444327,2.3933506,0.3230644
127483.96,-4.5510163,-0.7621756,-0.12490466
118391.83,-1.7834291,2.897709,0.24187998
118074.79,-2.8037117,2.417039,-0.48996094
132968.38,-3.64369,2.9745007,-0.24561565
124611.54,-1.8714335,2.213318,0.8602983
124134.94,-3.7674465,1.2085799,-0.24514392
117850.61,1.577486,2.0217144,-0.6940168
120986.91,-3.1993005,2.6224666,-0.10274162
120151.305,-0.07908086,2.8952227,-0.2549977
130179.53,1.1947689,1.0158437,0.09658625
132285.08,-2.9548151,0.087895766,0.14455858
129830.23,-2.7246857,0.81222373,-0.16392823
130371.73,-1.5087322,3.0748632,0.14177889
132983.88,1.5530354,1.6500901,0.11332698
127666.81,-2.8224604,2.5957985,0.24500953
127270.74,1.4987833,3.2405405,-0.28719094
125910.305,-3.0459704,1.2439982,-0.0014026598
120871.76,-1.221565,2.4494007,-0.07406949
123753.79,-0.61400735,0.16329977,-0.35866192
133038.81,-1.6559329,2.6014297,-0.057339787
125475.195,-1.052258,3.1553252,0.16165334
127902.125,0.7012203,2.9513602,-0.007425425
121616.484,-2.4624848,0.7152314,-0.36895016
124443.35,-0.63333946,-0.033542324,-0.2782076
115887.52,-0.7113327,3.2363756,0.14120197
125869.25,-2.115344,1.7719408,0.3983819
134615.92,-1.1881456,1.8907883,-0.005781688
133452.55,-3.8057106,0.77576566,0.60603154
118109.23,-1.7514673,3.1809692,-0.4328661
116468.79,-0.05791374,2.2995098,0.55567765
123058.13,-0.38484037,1.139048,0.33725548
120031.86,-1.1222631,2.2914786,-0.949986
120417.984,0.7424614,1.6663042,-0.25397885
128082.43,-1.8235103,1.4929847,-0.09225162
121411.1,-1.3950989,2.30062,-0.38714066
119935.7,-1.0877262,1.961464,0.014887503
127099.67,1.1835207,2.1797783,-0.4601317
132146.62,-3.5845163,3.0327065,0.09011858
116577.2,-2.9098754,2.8808343,-0.31274277
127124.89,0.053553227,0.3244596,-0.23204468
125203.28,-0.76365125,0.6390176,0.46076941
119738.82,-3.3613698,2.3449378,-0.03226624
123551.02,-3.4627984,1.6760921,-0.29810557
134791.17,-2.6268778,-0.43951565,0.06969881
130014.92,-2.397901,-0.031076223,0.8551471
130822.64,-3.3463173,0.6026824,-0.30270392
120235.74,-1.8294574,1.5635148,0.6095789
116558.65,-1.8659861,0.43698683,0.22688013
118272.33,-1.7095984,2.0671887,-0.8226154
119987.914,-1.7747997,2.0505066,0.272577
126186.89,-4.4771814,2.6902115,0.07942356
122961.766,-0.08051978,0.6396373,-0.2570789
128891.69,-2.262195,2.7641668,-0.3125404
118331.73,-2.425793,2.6579313,-0.1341407
130539.26,-1.3211087,2.3955014,-0.08552649
122023.83,0.16719855,0.6719704,0.121565334
124705.22,-1.4084914,2.914931,-0.1802157
127027.47,-0.5234585,1.2049537,-0.3417114
134152.39,-2.364624,3.2311504,0.032970402
128704.945,-3.145266,0.28588626,-0.38101506
122342.07,-2.3480587,1.1884168,-0.44022626
123348.02,-0.20091578,2.2870722,0.12515378
115885.53,-1.6871862,2.8444433,0.029926686
117634.7,-2.8019817,0.64583343,0.17380019
132904.78,-2.9992874,2.0808794,0.26304713
126892.695,-2.4515235,2.274694,0.15325406
126190.766,-0.83854896,2.8349187,-0.6482988
127577.13,0.5864708,0.5154316,-0.24752729
124480.125,-4.8653812,2.3071554,0.06792157
123008.81,-2.9207273,2.535542,0.5967621
123381.52,-2.107594,2.9908512,0.4715437
120406.02,-2.4514368,2.6430683,-0.037298173
131508.0,-2.9097865,2.7160625,0.084086575
118691.39,-3.0143254,2.6107242,0.26912442
127612.33,0.52413285,0.88893247,-0.7367566
117941.734,-1.0985163,2.3657205,0.80643636
120080.664,-0.8206282,2.6676657,-0.3868653
118670.2,-3.9359503,3.148944,-0.44986758
123661.94,0.06784327,2.483828,-0.85101277
119536.805,0.13413706,0.013102964,0.1809586
121703.99,-2.4011712,1.9818443,0.55047226
120617.09,-3.7118003,1.9059162,0.05709007
115637.25,-2.3196297,1.3069082,-0.10098882
128854.086,0.7745985,1.2603443,-0.16240875
125674.414,-0.42649373,0.3894484,-1.1280147
122064.37,-1.8542956,2.0235825,-0.2865866
122221.586,-2.2681084,2.7620325,0.13286349
129558.47,-0.5448529,2.8806741,-0.20858417
128921.375,-1.9933094,0.9984419,-0.0029525287
132337.81,0.42181703,2.9582171,0.03780506
115233.13,-1.9815149,1.6481721,0.14371943
121260.99,-0.890158,2.4741178,-0.74664825
130202.164,-1.9396464,2.8426616,-0.14370185
119235.59,-0.27295426,1.6147395,0.23703639
116156.695,-1.1333846,2.747017,-0.5729634
120678.88,0.8440822,1.2495537,0.015410186
117724.67,2.0250394,1.7913285,-0.287983
122788.78,-3.438294,1.9403255,0.07901888
119689.57,-3.3482673,3.0281296,-0.3113383
122824.54,-1.6651223,1.969135,-0.12279456
115773.7,-2.6177344,1.9738165,0.49379018
126404.52,-2.8579261,2.8854806,-0.06324366
134233.12,-2.238328,2.6473064,0.80921966
125545.766,0.49688077,2.2502162,-0.26463842
129205.51,-0.86871815,1.4230449,-0.814102
131257.88,-3.2311034,1.2772602,-0.8856767
130571.055,-1.3809532,2.647942,-0.009725942
133273.84,-3.1250653,1.435156,-0.14030561
115781.93,1.4207826,2.844117,-0.30194733
119539.766,-2.7219992,2.6410513,-0.560436
134533.9,2.0899577,1.948644,0.18002051
125827.305,-1.4745744,1.4021504,0.42446652
122045.65,-1.5430641,2.239435,-0.011453713
126370.22,-3.0239136,2.0224662,0.1841394
118772.14,-1.9879763,2.672328,-0.5570115
128157.68,-1.576227,0.445518,-0.3793791
118253.78,-2.8034236,2.7588735,-0.055890344
127165.67,-3.2597132,1.4473463,-0.31953257
121038.28,-3.4736168,2.9910612,-0.27023506
128594.01,-0.178919,0.6155802,-0.05245119
123863.414,-1.1155685,1.4470456,0.04154966
118853.72,-1.912655,2.8279424,-0.34130076
120930.3,-4.124968,2.5496957,-0.119771704
128986.51,0.93477017,1.7009418,0.09532454
117520.7,-1.180792,2.505772,0.91378826
121052.55,-3.1980975,0.8299632,-1.2739202
123819.63,-0.2024873,1.0828577,0.37334797
123075.375,-1.4325002,0.62972355,0.052680347
132086.02,2.5281625,3.2428167,2.1300828
133496.44,-3.0947003,2.6655984,0.73845494
115192.016,-0.053020436,1.0651969,-1.4715644
130984.33,0.32135314,2.5270517,-0.90305394
131700.0,-3.9160695,0.7888426,1.1059268
125349.46,-3.4041972,1.4490101,0.9915076
126529.516,-2.0644305,3.4064834,0.17824984
128519.99,-3.4240026,2.4084506,0.70544904
120752.52,-1.4823807,2.6479,-0.21993509
123051.23,-1.2786928,2.6029525,0.08226643
116472.76,-2.3830714,1.0624577,-0.18105158
118600.6,-0.24617644,3.1582654,-0.42765328
116735.11,-1.9935557,2.867813,0.24716581
130756.69,-1.6608031,1.7567534,-0.075614296
118185.53,-2.616584,2.5572624,-0.0070189605
130684.87,0.66089326,1.7481089,0.0622561
118083.27,-2.9497168,1.3855382,-0.016836684
133111.73,-1.341693,2.1475396,-0.15597475
117257.586,-2.8329525,0.7059743,0.18883996
131873.75,-2.424268,3.0605292,-0.044602614
121017.055,0.80524915,2.9488227,0.059277944
128492.64,-3.076693,2.2860513,0.29241866
124380.22,-2.9759986,1.5939587,-0.2421324
126764.78,-2.9476035,0.9311673,-0.65970093
127321.3,-0.43260035,1.4882917,-0.43312505
129916.49,-0.90166116,2.1479905,-0.44554576
118703.85,-0.29881114,2.3462598,-0.14216122
132963.77,-1.9866503,1.6795876,-0.11324444
130807.99,-0.6714169,1.1661757,-0.11822422
117957.16,-0.23312177,2.5624356,-0.11910748
124988.09,-1.4359553,2.7154238,-0.051821828
125777.64,-0.26089767,1.088629,-0.13064106
117708.92,1.8695186,2.3935118,-0.5795446
115442.586,-1.826944,0.4957775,-0.79238176
117248.53,0.16149177,1.5165101,0.52926403
119189.78,-3.2932022,1.099224,-0.07948435
126869.234,-0.83770895,2.3774734,-0.056654103
123713.586,-1.8886765,0.53038996,0.29528415
134394.33,-1.3057944,2.717725,0.12920949
119667.23,-2.6018126,2.798424,-0.7020749
130387.84,-2.5606897,2.8893757,0.3377603
117902.695,-2.9282153,1.5001581,-0.22811204
127144.086,-4.3576136,2.4997704,-0.21145536
115000.5,-1.455812,2.354002,-0.05465009
123159.89,-1.1159353,3.242797,-0.41837582
129480.555,-1.9356446,2.9384086,0.06670635
132653.97,-0.28006485,3.0166264,-0.16170757
120135.46,-1.1554717,2.5476747,-0.15880063
124542.016,-3.2463634,0.7400862,0.36146158
118648.84,0.30569613,3.0315459,0.107778326
124343.38,-4.2008796,1.2194543,-0.6201824
129842.55,1.0525814,2.2138948,-0.23481663
115628.125,-2.6903148,2.7670035,1.0079187
116314.73,-1.7017679,3.0540113,0.042935334
115516.12,-1.058788,3.0388412,-0.43873033
131222.73,-0.8291429,2.2980022,0.4998484
127327.95,2.8019154,0.554197,0.5947835
117708.4,-2.68135,2.7415223,-0.094166234
124781.055,0.50756973,1.5622177,0.25467885
127475.26,-1.764754,2.819579,0.44487795
134191.8,-1.2766615,1.4979106,0.18507808
124258.52,-1.7391028,3.0577495,-0.007540153
126244.07,-1.6427287,0.8514213,-0.27775493
118799.76,-0.5477948,1.933469,-0.08845488
115950.81,-2.8722725,1.1800636,0.95152867
121496.336,-2.2521176,3.0233946,-0.17190553
124943.85,-0.63405687,-0.09768667,0.15951075
128578.53,0.016626831,0.012274595,0.31028223
122453.76,-1.8009663,2.9718904,-0.27440518
118483.88,-0.3383416,2.5441296,0.10314511
119823.914,-2.1204555,1.4324799,-0.07741538
134795.56,-3.0436275,2.0410037,-0.18680704
115977.0,-2.9067895,2.1787078,-0.43426192
128091.24,-2.3159733,2.946688,-0.02965849
121163.79,-2.3341434,2.7970476,0.06639346
131383.81,-2.9340935,2.7408965,0.19063568
120976.836,-3.5765936,1.4333514,0.37274662
123362.81,0.17921244,0.39352548,0.22928734
119411.27,-1.1021374,0.88023746,0.21221823
121241.04,-1.1781638,2.6347222,-0.13269632
134105.34,-0.24785714,3.2686045,-0.65912104
119955.484,-5.372386,1.6944522,0.10162176
119933.914,-2.1088212,3.2712448,0.10615068
134720.56,-0.8337759,2.018862,-0.031821333
132178.11,-1.0888644,2.9322813,0.13321513
131398.19,1.1338967,2.603802,-0.12496307
119931.305,-1.2847754,0.07570158,0.20687875
128307.93,-1.1245527,0.75415754,-0.33834884
129790.92,-3.273127,0.5887182,0.08424928
122561.86,-1.1325988,2.782114,-0.08339344
119646.22,-3.9527266,2.6387076,0.08512598
119651.75,-1.5648949,2.8504324,0.10767879
125762.58,-3.8564417,1.8092747,0.11817118
116051.664,-3.3751955,1.6062878,0.16031533
119034.89,-2.7291107,1.2371732,-0.20929965
119753.98,-1.14025,-0.19482799,-0.06648226
123784.54,-2.2485492,2.6623144,-0.5981466
118457.3,-3.7375863,0.40517622,0.19175494
115317.09,0.84772253,0.7938735,0.42962542
127566.0,-3.048724,2.954664,0.007883443
123226.336,-1.467821,3.0277436,-0.15498124
130887.4,-2.3749523,0.65749454,0.1510066
125083.59,-3.7177107,1.0647713,-0.25960737
117439.51,-1.9990069,0.73438084,-0.042704985
115074.84,1.0543799,2.7207737,-0.37226507
117967.13,-1.0903836,1.9837202,0.38178003
129808.78,-1.0941228,2.1083632,0.40819067
128320.64,-2.1845849,1.3984915,-1.207089
121783.086,-4.085837,2.931682,0.35908714
125335.0,0.5652127,3.0416572,-0.21445228
127117.11,-2.9163175,2.3744183,0.08993263
115633.71,-1.1944883,3.128298,-0.119607806
117986.5,-1.7024643,2.7377,-0.21042518
132680.55,-1.1460667,1.6710732,0.70733654
116121.59,-3.7065706,2.8749018,-0.10593583
121337.086,-2.6454194,2.365588,0.21015848
118858.19,-1.1365552,-0.42511925,0.23670383
130313.71,-4.5942645,1.4273292,0.3034671
128839.47,-1.645032,2.7674959,0.3204933
120378.19,-0.9216198,2.7779706,-0.20453264
129372.19,0.08053941,1.0700363,0.45632213
116520.84,-0.37531206,3.0022113,0.28834984
122161.34,-1.9541258,2.185921,-0.144631
120927.766,-3.4118674,2.8662233,0.066056125
130851.82,-1.7866228,0.35001734,-0.7105284
118278.71,-3.2200668,2.9598722,-0.4766814
115583.19,-1.1665801,3.031214,-0.036048982
118426.99,1.1872472,3.022257,-0.6365185
133794.02,-1.9875062,2.8644192,0.23450164
131659.6,-2.7345939,0.14125438,-0.10279199
125993.836,-2.449004,2.9570613,-0.23091856
115452.45,-2.3704286,1.8549527,-0.028313642
115417.414,2.033471,2.9857686,0.19056773
115197.64,-2.6563578,2.2331853,0.039147824
123456.664,-3.1485608,1.4334089,0.18716106
130200.68,-1.123661,1.4195251,-0.029041642
120080.375,-1.6143249,1.8608459,-0.023238499
124351.6,-1.1886007,1.5731823,-0.1544213
134138.5,-2.1271882,1.4574989,-0.26231793
133211.94,1.2892255,2.3793797,0.18046275
130653.5,-3.0493355,0.8241955,0.27799273
123677.85,-1.4451089,2.8090324,-0.19705835
131333.25,-1.2428396,0.23309109,-0.82668096
121739.41,-2.7546244,2.4848728,0.09183324
122561.22,-4.4828672,0.74660575,0.19198857
120347.41,-0.16816978,3.1782303,-0.31629455
118824.016,-1.3565999,1.8692604,-0.038351584
128232.4,-1.0974979,2.0922134,0.103517
120499.76,-0.69610864,2.0566363,-0.2767358
116211.0,-1.8495427,1.0357393,-0.072932646
117092.164,-2.6319315,2.053953,0.17233405
116962.53,-1.8460788,2.7053986,0.24164815
121161.26,0.91292936,1.070094,-0.062437877
124212.29,-2.3624566,3.163723,-0.33547735
117524.09,-5.4102235,0.70371747,-0.20338894
119334.85,1.3066667,2.6782432,-0.12931855
125652.22,-2.039647,1.063575,0.20550261
118666.7,-2.8576992,2.7675498,-0.28912163
118894.69,-3.379438,2.4935157,0.06843591
131822.62,-1.2795138,2.5874767,-0.42156407
130273.05,-2.2938356,2.911924,-0.045239426
132944.4,-2.1798267,2.8338416,0.050190903
129942.37,-1.3276871,3.1050897,0.014609773
125010.01,-2.4632866,0.74166733,-0.09107008
120915.53,-2.7745261,2.8155637,0.119941264
122421.13,-0.124627024,2.4804535,0.17826593
125669.11,-3.8829453,2.2287738,-0.29087415
123263.99,-1.1948894,3.1990793,0.04850068
118448.84,-1.3969077,2.6996706,-0.34562227
132406.81,-4.1862273,2.8731105,-0.22444701
134350.4,-1.7127789,1.220884,-0.1444662
115328.2,-2.145419,2.8718722,-0.16051649
121164.77,-0.7989073,0.82975245,0.03590207
132184.98,-2.5569925,1.4084194,-0.12682493
122058.13,-1.3889416,1.3504872,-0.32097486
115264.5,-0.69827217,1.7727714,-0.107457384
126530.04,-1.2774065,1.5822585,-0.2628457
124611.48,-1.6077844,2.6916606,-0.25721776
129629.66,-3.191364,1.2920359,0.16729318
123136.695,-1.9644669,2.772888,0.44068697
124539.71,-1.0772381,1.2682766,0.4471326
130572.39,-1.1654187,1.5619963,-0.8706023
121219.38,-1.7268676,3.0963027,0.032148533
130559.305,-2.1516542,2.5141475,-0.31710303
127196.695,-3.50972,0.56901884,0.31638217
131506.92,-1.7937957,3.1642733,-0.17643982
131350.34,1.6312635,0.23025677,-0.460323
130457.72,-0.066261075,2.8005502,-0.14186978
125452.8,-2.1404417,0.66569096,-0.10111517
132005.33,-2.214159,1.8507833,-0.8633816
116010.33,-0.742044,0.37794742,0.62586606
118189.266,-1.645566,2.5116005,0.3941301
130955.26,-2.3138335,2.7463636,-0.28149864
122367.13,-2.5201235,2.6881728,0.09420945
119003.625,0.3296939,1.5381523,-0.157603
129259.78,-0.21089113,2.7971754,0.06903666
128992.52,-3.0417404,2.185976,0.017199345
119877.67,-2.3009083,0.2636707,-0.034805153
124481.445,-2.670406,1.7039638,-0.3404637
116100.66,-3.5207486,1.1718061,-0.35407043
129769.5,-3.0052009,2.7060757,-1.2200643
123881.016,-4.0443807,0.7175789,0.03442521
134042.08,-1.0160166,2.864797,-0.2765737
120474.24,-1.5321668,1.5428061,-0.23890719
120806.14,0.74869376,2.7782626,0.57056665
124157.13,-1.3983246,-0.0678602,0.0113157425
120370.73,1.6880559,2.47772,-0.058492728
118891.734,-2.856977,2.257659,-0.33277306
117904.234,-1.0091906,2.9756691,-0.2680308
130214.29,-1.2005287,2.200491,-0.1450303
127915.055,-3.751672,1.068815,-0.5062699
121910.05,-2.2447405,1.573055,-0.43009147
118784.64,2.278197,0.9946745,0.20661116
122476.55,-1.8540972,1.214621,-0.5942229
128896.55,-2.0489893,3.3185868,-0.16892797
120309.93,-3.1387107,1.7968229,-0.0002789228
118859.57,-3.925031,1.491537,0.7083765
122861.24,-2.4860864,2.3996508,-0.5033409
116638.945,-1.504508,0.79546165,0.18113919
123268.39,-0.36353308,1.7374218,0.24240148
134148.38,-3.5706446,1.6451976,0.40619949
119407.39,-2.5088148,0.76930326,0.06848419
117733.12,-0.3497486,2.4425058,-0.14462385
118014.27,-1.7549554,1.8473709,-0.73242766
126819.34,-1.8019074,0.7211027,0.025468688
120535.67,-4.3806143,1.6806229,0.3464367
123344.336,-1.456665,2.032299,-0.65623766
127499.81,-0.5886943,1.2015827,0.07686677
128736.19,-4.2293897,2.0927732,0.22606781
118469.86,-3.784127,2.1983953,0.27532986
125160.14,0.15177198,2.4786918,-0.06435398
128889.89,-1.6498094,1.1853646,0.2004242
127142.75,-0.76335883,2.306275,-0.29134646
131118.56,-3.976257,2.1194313,0.10516909
128521.55,0.5744697,1.8973416,-0.29555863
129844.26,-3.1558373,1.93265,-0.19464311
129886.016,-1.082092,2.5220826,-0.3364959
126562.54,1.6428114,0.33764523,-0.18483461
131898.12,-0.07224098,2.1488678,-0.31400567
131708.02,-4.292717,1.7575874,-0.2422936
115313.086,-0.8988394,2.4396508,0.048600804
117022.67,0.33036688,0.97813654,0.27888733
126863.234,-2.8609216,0.6062888,0.032677174
123483.65,0.8195516,1.4982557,-0.07628508
131694.14,-0.7145773,2.8910913,-0.13889043
117380.445,-3.626588,2.6245406,0.23695473
131580.14,-2.8949523,2.497765,0.088001624
117191.93,-1.9212338,2.8828363,-0.3104625
124262.89,-1.007102,0.38460898,0.33834615
118977.2,1.4537152,2.4099183,-0.010349346
133211.06,-0.77487606,-0.03087927,0.22214441
119513.29,-2.802361,3.0759068,-0.20837975
128326.03,-2.7224314,-0.33698586,-0.39582837
129298.67,-2.7596023,1.1190466,-0.2635382
126998.26,-1.5711676,1.8592749,-0.0113622295
132899.14,-0.6258573,2.896686,0.15365814
128940.75,-0.719783,1.884294,-0.8638745
121038.92,-2.3517106,2.8084998,-0.15343525
119710.71,-1.8512845,2.727426,-0.22784445
124769.34,-2.46791,2.895713,-0.362453
125230.71,-0.058879793,1.5440361,0.23087089
119231.53,-3.0039546,1.9292755,0.015199802
117204.086,-2.5323334,1.6042545,-0.044607084
123884.586,-2.1153204,0.36022016,0.12504055
118764.64,-2.1443672,2.8704123,-0.14148626
127113.94,-0.51746273,3.3595493,-0.45155275
132262.03,-2.7897813,0.9394952,0.35785583
129015.51,-2.3294685,1.965127,0.12718968
117355.83,-3.818023,2.732951,0.181405
125988.2,-2.4312103,1.68192,-0.19629906
117824.55,0.6788002,0.7269659,0.2821444
119680.74,-0.44354314,2.5833018,-0.1258353
121132.87,-2.5850198,1.5201206,0.31741443
117044.17,-3.2326286,1.3886784,-0.09836528
116180.58,-0.9346541,1.1121058,-0.63806146
116588.945,-2.9216337,2.7553153,-0.16652226
127057.69,0.2728878,1.3303653,0.39247862
124698.24,-1.685865,2.2930107,-0.3134362
120848.586,-1.3326931,0.96393555,-0.32641086
118591.586,-0.57093674,1.9880108,0.24420255
115956.38,-2.6051912,3.0208087,0.11911105
130855.14,-2.6103132,2.7361014,-0.84360254
132552.11,0.0052594063,2.8194218,-0.062425658
117549.14,0.9786501,1.8503878,-0.15140441
116892.62,1.504931,2.408398,-0.8949017
117686.19,-2.7427368,0.6811108,0.6698918
119859.25,-1.2488143,2.6297777,-0.019726634
118277.6,-2.4703283,3.0695467,0.17599997
131633.84,-0.18555534,0.4994417,-0.09817188
119798.43,1.2407022,0.68526775,-0.8423724
123749.805,-1.5220621,-0.35597968,0.06750855
123162.555,-4.142545,0.66894704,-0.19389036
128028.3,-2.7559993,1.8863467,-0.19705209
122662.52,-2.6502702,3.3899772,-0.22695822
120867.234,-0.48690578,0.6907701,-0.17460774
116775.65,-2.1859312,2.8757973,0.28330716
115688.21,1.0057485,-0.1574054,-0.4969489
134796.86,1.0760857,2.4569688,0.5442865
126277.15,-2.8900814,2.9455216,0.24197714
132702.06,-2.0911942,0.39652595,0.33956972
121274.07,-1.544665,1.0354469,0.017600445
118089.8,-2.6986573,2.635192,0.06893833
120832.56,-0.9406106,1.9271468,-0.049003396
124405.09,-1.5297005,2.5689523,-0.109928355
129525.05,-1.3900117,2.5054178,0.018806726
123188.805,2.2512832,0.6849455,-0.5622785
118659.13,-2.0872254,3.0353653,-0.09041538
134181.52,-4.927091,2.393807,-0.27663657
129872.016,-1.8609712,2.9139159,0.2303035
118253.04,0.18233515,1.8201077,-0.19558804
123614.766,-3.8721023,1.6807336,0.0039040248
129136.555,-1.7128338,2.8721218,-0.23595884
132655.58,-4.3154144,2.8934102,-0.67065436
130102.516,3.5007417,2.961068,0.06349397
118936.2,0.99297804,1.9941772,0.086848386
127333.92,-0.60160017,2.8061285,0.005783774
127449.77,-2.4010713,1.291936,0.04343835
117595.89,-0.8519687,2.9564948,-0.024746947
118723.76,0.19259876,1.9498864,1.1339066
116317.74,-3.6372435,1.948795,-0.4170128
115265.016,-2.3087254,1.2399392,0.031230114
131696.86,-3.2649295,2.7706583,0.10183691
125883.48,-0.70158327,3.168813,0.23990488
122553.78,-2.6797464,1.1527151,0.3857964
125826.98,1.2743595,0.09258524,-0.05007826
116300.18,0.30146787,2.906082,0.7123804
117607.55,-0.99995565,2.1343307,-0.3772687
126677.46,-2.848021,2.2542322,-0.026806088
122048.26,1.7474264,2.5090895,-0.05435925
117174.28,-0.63309324,0.5647108,0.00022409181
133440.34,-0.5830853,1.6152825,0.35394377
121380.51,1.356883,2.3620594,-0.063880466
133143.11,-0.44930708,2.1365173,0.26354715
118251.74,-2.1227856,2.234874,-0.04592422
124797.195,-0.44245377,2.7701268,-0.96774316
129104.125,-1.6023768,0.09137791,-0.4707397
121348.76,-2.180365,1.7243277,0.067596756
121515.06,-0.53717995,2.4699216,0.292278
125273.266,0.1754653,1.508035,0.4069993
123720.58,1.4168047,1.5179396,-1.6413941
118142.1,-3.5678494,2.815693,-0.7183671
118258.63,-3.139065,2.7984173,-0.029369734
124702.35,1.6529692,1.9580921,-0.08569604
116783.09,0.88781744,2.4149234,0.1916715
118312.22,-4.530889,2.8812459,0.14712611
123221.04,-1.2807568,1.4038509,-0.22066547
120211.39,-0.6168811,2.926755,-0.62650794
133422.03,-3.0089912,3.1193697,-0.8121048
133077.77,-0.8747776,2.8450692,-0.0879763
115994.125,-2.1554174,2.7804449,-0.11763121
128304.51,-3.0917456,2.4303656,0.69821197
134044.42,-1.1519691,2.7613046,-0.33508816
121769.086,-2.9721637,2.8969278,-0.17362139
128296.305,-0.4107272,1.2420743,-0.12360541
133693.9,-3.4708035,2.9751723,-0.3361076
126946.56,-0.1296574,3.0310133,-0.20437053
124066.555,-0.76377386,2.666165,-0.21230792
119250.555,-3.0065413,3.1609752,-0.05273041
118751.336,-2.855758,2.0603936,-0.46123904
132871.97,-3.0266685,2.8248792,0.18841025
122928.83,0.027538955,2.3518298,-0.1385838
116265.875,-0.31498027,2.338304,-0.06255886
125932.9,-1.4286374,2.238141,0.010958745
133983.25,0.022989366,1.4260554,0.42689043
122187.08,-2.2853882,2.8755999,0.00063443015
130582.375,-3.0301015,2.0444047,-0.022236641
120633.42,-2.5651977,0.6512012,-0.013214563
116160.41,-2.5498767,-0.33288977,0.18944786
123866.41,0.21007764,2.8119667,-0.1363557
126664.07,-3.714594,1.5859272,0.92608887
127498.266,-0.14988223,2.779691,0.46621495
116867.63,-2.8073413,2.9032695,0.22937077
126372.29,-1.3754209,2.761954,0.33983314
120591.37,-2.0328348,2.3279815,-0.11228072
126355.78,0.21332057,1.2622249,0.28010732
117042.33,-2.8778238,3.0740137,-0.12859562
120322.43,-3.0257158,0.71107405,-0.06930397
120419.86,-3.1914032,0.78547215,-0.10623501
126935.41,-1.9117203,2.7281902,-0.07430282
131740.92,-2.411673,3.3304644,-0.38249224
128641.65,-1.1779644,3.0960863,0.04510414
125831.43,0.80292165,2.561376,-0.6780991
128389.93,-3.1005886,2.143713,-0.021654956
120558.96,-2.886923,2.138655,-0.035111193
120256.47,-0.58674735,2.9533293,-0.5122792
122325.625,-2.9813867,0.06656667,-0.98995864
118641.21,-2.9634788,2.0629725,-0.100801975
119394.37,-2.6550992,1.318715,-0.04219571
117144.125,-2.4266155,2.6375773,-0.25460494
121043.07,-2.6755726,2.973745,-0.19887492
125156.125,-0.27908605,3.1040573,0.2326505
131262.0,-3.4676971,2.336742,-0.06925838
117465.85,-0.5266849,1.1876031,-0.66007346
129129.54,-0.66530854,2.1462252,0.10121887
129338.39,-2.0626493,2.6477907,0.14609146
117401.914,-1.0659237,0.6834227,0.4214389
127827.234,-1.5681268,0.39684272,-0.20841491
116840.86,-1.716118,1.99928,-0.1037551
127740.06,-0.1258073,2.746309,-0.42881247
126471.375,-2.8991125,1.4126124,-0.02551607
134547.62,-1.583022,3.1533747,-0.1950749
119307.82,-1.7088562,2.8612897,-0.14852609
124395.75,-1.1127734,0.02069266,1.3590194
118820.945,-1.4875665,3.1478717,0.5363968
133946.45,4.371411,1.8755084,-0.5302158
119599.58,-0.3002294,2.509484,-0.32685876
117702.04,0.43736967,1.062975,0.58728176
129002.34,-1.9180659,2.907076,-0.45349982
126337.15,-2.8126774,-0.59222734,-0.2763046
124679.48,-2.6381328,2.0315087,-0.27567613
134309.8,-2.3757348,1.6989865,0.19965835
121423.016,-2.128252,1.442707,-0.7516084
117267.79,-2.5261703,1.2847749,-0.119860806
130961.01,-1.6040304,2.3048124,-0.34681126
134910.55,-2.4658794,2.1362011,0.16759117
118793.59,-0.890863,1.6320084,-0.07190695
115008.14,0.89831007,1.9282277,-0.69070876
125379.03,-2.1166704,1.9995805,0.62050515
121019.3,-2.862351,1.7415833,-0.18644826
118150.195,-4.242703,1.7156134,0.11458631
116367.09,-4.143809,1.1454159,-2.17497
129091.38,-1.7178148,0.6515641,-0.13150106
132223.75,1.0260739,0.995472,-0.24859887
126362.5,-3.1837904,2.7334776,-0.45167848
123501.18,0.23535076,2.6534696,0.46081948
133288.06,-1.108478,1.3855132,0.19383793
133755.58,-2.1623046,2.4854553,-1.062283
115303.88,-2.5465577,1.0880696,-0.07396341
124877.6,-1.7503704,2.051027,0.3158446
121485.78,-3.270062,2.203459,-0.22993936
133408.52,-0.78266275,2.861611,-0.27551582
119375.72,-3.7889514,1.4788954,0.15312175
124976.28,-2.5173254,2.8123918,0.91361606
117380.95,-1.9397463,0.93601775,0.15750286
126111.25,-1.9967221,0.33695653,-0.45285466
123268.18,-2.7183166,2.5578806,-0.220304
120899.08,-0.736704,2.550591,0.06671112
129492.484,-3.2838333,2.008235,0.09107753
132932.73,0.051277056,2.3011398,0.037331846
127579.99,-2.526075,1.3804352,-0.47734416
125120.72,-0.9933035,2.5928888,-1.0737382
119914.22,0.5558704,1.6223646,0.029171567
124864.766,-2.1705036,2.889908,0.28207585
134152.4,-5.193652,0.33073333,-0.72623205
115386.99,-3.1221375,0.9013787,0.31698948
132512.81,-0.5069835,1.6590424,-0.14828739
127744.43,-2.533308,2.4300082,0.6242301
121703.73,0.5178557,2.4210794,-0.20922099
115729.91,-1.1888041,0.91455257,0.2029649
131862.62,-0.09787365,0.85071695,0.029032107
126350.42,-1.4139678,1.7579252,-0.23865211
115210.73,0.22411077,3.0007663,-0.04555113
129690.96,-0.27317503,3.134843,-1.0900981
128912.6,1.3043909,2.6694427,-0.34597242
120226.77,-1.1287117,2.6175919,-0.04273836
117149.06,-1.2198093,2.5014117,0.06608056
120183.984,-2.017044,2.8190882,0.32418367
116228.15,-3.3121488,2.9155521,-0.2791141
124920.27,-1.78629,1.3703102,-1.1281204
119193.99,2.475169,3.4006076,-0.2793054
122215.98,-1.0696377,0.8386319,-0.087540925
115424.86,-0.09663311,2.2484372,-0.9239988
131044.32,1.169823,2.808743,0.40556297
129506.79,-3.1407135,2.305846,0.109776676
120204.9,-1.8420503,2.396486,-0.9561971
126135.734,-0.85970473,2.7928805,0.24567704
126493.91,-3.4788811,2.629976,-1.3791995
121863.266,0.18836224,2.0642722,-0.022033708
132930.61,0.548401,3.087937,-0.24270245
123612.87,-1.2185549,1.4217396,-0.0974102
117947.78,-3.2967305,2.4461896,-0.12230436
123392.71,0.64311504,1.412162,-0.19147155
117571.516,-2.294206,2.3715413,-0.24913108
119298.734,-1.7761346,2.6665747,0.27913168
120896.74,-0.06746202,-0.069943726,0.7195132
124349.9,-1.4829242,2.7355695,-0.19404353
120991.53,-2.0376053,2.4827206,-0.1208275
119509.25,-2.889147,3.3769438,-0.75398964
133906.77,-2.1172328,1.084457,-0.03608623
124216.016,-0.75191015,1.1729461,0.08387917
119880.234,2.6114044,2.822341,-0.22943425
132336.75,-1.8576549,1.0325607,0.23549457
123070.92,-2.9550912,1.3157877,-0.2596333
115195.84,-2.0804842,1.3633926,0.24127446
128513.305,-1.1670233,2.859134,-0.08268689
121561.336,-1.9281993,1.0239105,-0.7404464
127521.875,-3.1419137,2.976171,-0.28582403
124333.914,-2.7446,1.7669842,-0.06250433
134739.88,-3.242506,2.1470351,0.044247106
115681.49,-0.5710411,2.464053,0.33069962
115775.48,-1.881153,1.2324626,0.40774727
122920.07,-4.26319,2.6256914,-0.1543471
115277.78,-1.6629294,2.3083744,0.3593512
131544.05,-0.11802306,2.5887702,-0.11110573
133413.72,0.82067364,3.1322768,0.082745604
128347.8,-2.281216,0.0011789993,0.5992945
134909.02,-4.0799036,2.577711,0.084121145
126198.84,-2.0765872,3.011318,0.60394144
119031.47,-3.3165817,2.9882631,0.020744286
116628.7,-2.214813,3.2329552,-0.059548225
123870.47,-2.4203942,2.7321754,-0.26758528
133323.89,-2.3795698,2.1701539,-0.1546004
127405.39,-2.586793,0.07272881,0.2013301
115571.57,-1.7642806,2.2007513,0.40588123
118735.44,-0.60219324,1.2805309,0.01484638
126753.516,-4.69633,-0.67626053,0.24355948
133081.17,-2.1778312,2.8939304,-0.14307785
132061.77,-3.0168972,0.9670668,0.21479051
124233.875,-0.92970467,2.6152697,-0.8422967
118916.664,2.4558382,0.7132035,0.737788
131625.55,-0.37770155,1.1494594,0.2146886
128916.14,-0.33075848,1.7969384,-0.73927706
121493.88,0.1808511,2.940887,-0.34048903
122820.445,-0.829166,1.3052293,-0.09350469
119027.22,0.90711516,1.5680097,0.15507838
132489.67,-3.4386775,2.752411,0.38522008
129796.33,0.3460707,1.4881358,0.1819855
128140.57,-0.7334766,-0.16979203,-0.12429467
127995.75,-2.4130228,2.7803087,0.25668734
125521.125,-2.8253486,3.0745862,-0.7458735
115758.12,-1.3159895,1.2617294,0.057432763
133822.39,-0.75598514,2.1972997,-0.15234876
123952.3,0.19049892,1.0604016,0.3125863
130627.89,-2.399508,2.6620033,-0.33795965
124210.32,-0.86938626,2.4014359,-0.026121596
134683.7,-1.9140849,3.1160202,-0.21158797
118695.984,-3.576412,0.7117651,0.24297363
117955.78,-1.8989921,2.8118575,0.36415187
115673.234,0.0696879,1.752447,-0.20704682
117264.945,-2.3483841,1.0811073,-0.10522809
125897.68,-1.5396827,3.1452394,-0.19839723
132674.22,-2.6721654,2.852944,-0.50698835
117196.35,-2.269643,1.0643512,0.11529255
122338.99,-2.3235526,2.9318714,-0.59401286
126931.55,-4.7319355,0.55884236,1.0780588
115267.086,-2.1128507,1.3521514,-0.06982724
115541.03,-3.4634507,1.3455095,-0.31960946
128102.61,-0.6568909,1.2524251,0.055355147
133768.38,-2.274278,3.1646724,-0.18156025
123254.58,-0.78830785,2.4203353,0.28337273
126114.19,-1.2834917,2.695714,-0.9190938
123642.98,-2.0750604,2.8270411,-0.19110829
123227.11,-1.4235902,2.9911213,-0.020674555
121368.68,-1.126263,3.235027,0.36299863
122681.15,-1.8081257,2.6013224,-0.3339236
122715.016,-2.0979214,0.8410429,-0.0740984
116278.74,-1.2850347,2.5501084,-0.0012480007
134132.16,-3.01195,1.9489077,-0.8021664
121560.89,-2.565864,1.6885238,-0.05151668
134497.8,-1.1921197,1.7164322,-0.41812134
134013.92,-1.9334419,2.30467,0.22136903
129692.17,-0.1338953,1.0866517,-0.2862293
118516.63,-1.8640795,2.9749124,-0.15041566
126506.305,-4.011692,1.7506623,-0.15434502
128849.484,-1.7183477,3.0933177,-0.052761402
120576.05,-2.26183,2.5511773,-0.5141989
122249.49,-3.0898182,1.797905,0.037626266
116371.9,-2.9723644,1.4103731,-0.061991483
123243.52,-4.4411087,2.7770424,-0.090756886
132004.69,-1.3705336,1.9581796,0.09267776
119147.71,-1.6172937,1.7885284,0.45036104
115161.29,0.5002897,2.5379667,-0.7240481
118755.94,0.5936027,2.518697,-0.024243336
115157.88,-3.3698123,1.2624316,1.1953328
121642.26,0.023402309,1.5047681,-0.35464168
121409.234,-4.349641,2.8895695,-0.47594658
118377.24,-2.4846401,2.5861757,0.11113076
121291.445,-2.4025037,1.9571989,-0.32166114
123600.695,-0.43819556,2.4210932,0.23250389
133309.17,-1.8120674,0.28730857,0.13897417
129598.67,-0.70701385,0.53276986,-0.18951075
133976.61,-1.039754,0.5729494,-0.07535802
117618.55,-3.0245185,3.0779283,-0.012092912
131888.28,0.075587906,2.7610297,0.45302692
123697.92,-2.4574094,2.5982766,-0.5455932
128561.8,-1.9684076,2.80328,-1.2277659
129555.06,-1.1318597,1.6352819,-0.046255887
118944.04,-1.3623291,1.5558857,0.44320145
131287.61,-2.5854418,2.8589697,0.25785786
122677.07,-0.24399257,1.9742302,0.008782194
127948.84,-1.2670261,1.62845,-0.045203965
132528.83,0.14423846,3.0777895,-0.35094684
125218.01,-3.3741727,0.21152751,-0.39528573
123123.71,-3.672027,2.9571369,-0.121740855
130631.484,1.0365032,1.8316343,-0.19580409
120434.76,1.421793,1.2706404,0.11701615
129366.4,1.1087139,3.1192932,0.15986
118103.58,-3.4881015,-0.1806853,0.113468826
117399.75,-1.077715,2.7922983,0.063881956
133448.53,-2.361604,1.2480743,-0.06466568
127597.85,-0.85229105,2.6983044,-0.38078114
128375.766,-3.220962,1.4110738,0.123318136
123914.07,-4.0796723,0.06673195,0.29786003
116960.38,-0.10098466,3.1649332,-0.054202802
126587.5,-1.3813131,2.8526776,0.023246247
133750.11,-3.8927362,1.3113719,0.058290392
133197.61,-2.7127297,2.7374394,-0.16582495
118176.06,-1.033914,0.5004839,-0.4343218
121857.914,-2.973737,2.6346934,0.2790071
133671.95,-1.600868,1.421661,0.39138797
119052.6,1.6502856,0.703654,-0.2434537
124379.586,-1.1064419,1.5002692,-0.088045135
131924.4,-3.1233847,1.5767913,-0.38668442
123280.34,-3.0656288,2.8291473,-0.0921521
125234.66,-4.9999046,1.1879683,-0.28954896
122028.19,-3.9778564,0.33741787,-0.09872883
117636.42,-2.9279203,1.9011493,-0.0075687603
123682.47,-0.09985501,0.96710557,0.04104009
121093.29,-2.2994454,0.6734502,0.8768477
126371.164,-2.7400208,0.6984941,-0.0020058004
116990.555,-2.4705198,2.426723,0.15465404
121063.484,-1.1561027,1.8426249,0.5442883
121229.29,-1.6762131,0.39356223,-0.19557434
124107.13,4.707905,1.4183041,1.0561891
118549.62,0.80281556,0.60431755,0.07335341
130680.58,-1.0713521,2.5855105,0.14842953
115846.95,-1.0857666,1.5472279,-0.08599582
127889.21,-1.0574265,3.0721555,0.27315867
115148.67,-2.329531,2.679074,0.23610903
116955.86,0.07773561,1.7367882,-0.055745818
115171.26,-4.6534266,2.750388,-0.05252867
119985.69,-2.7244043,1.4947568,-0.5282693
118165.81,-2.4218986,2.0046427,-0.28152367
130179.25,-1.1917189,2.738769,-0.18594703
119285.19,0.41409275,2.9496746,-0.045275483
126721.84,-1.6440685,3.0550935,-0.11613766
129086.98,0.96608686,0.6929988,-0.6090064
130993.266,-0.37653643,2.101391,0.23034939
128390.28,-2.5978997,2.7723374,-0.05802011
132563.61,-2.3780544,2.1200397,0.09673286
122750.11,-0.069507435,0.66985375,-0.019192927
125287.71,0.4360809,1.895463,-0.62209165
125676.945,0.04261252,1.6489044,-0.38792855
118485.805,-3.7292588,2.496109,0.30086738
117250.445,-2.9451256,0.5610419,0.16373095
121397.38,1.5231879,2.400267,0.6245042
125603.375,0.8139433,1.0474497,-0.62781316
120512.38,-1.5644776,1.1142812,-0.052261367
124162.016,-1.0023015,1.0485609,0.19613367
116961.17,-4.423804,2.4644527,0.32544717
124812.46,-2.6822898,2.4430778,0.13730241
122083.375,-1.6834091,0.88584346,0.8390858
118002.44,-2.9030967,0.91295713,0.76395965
125124.62,0.7983328,2.7369037,0.9577699
132821.42,-0.091722235,1.1095836,-0.42889622
130582.75,-1.9541936,2.2947097,-0.20871887
124381.12,-1.4602834,2.4744713,0.09246678
119052.64,-0.30199552,1.744702,-0.14191478
127190.05,-0.8610307,1.1703445,-0.06699898
131607.75,-0.677654,1.9804077,-0.038223743
126403.125,-3.4423347,2.7352085,0.40374282
128985.375,-3.1635492,2.660331,0.13568431
128751.44,-0.7218002,1.6025392,-0.24309401
125182.93,-3.0980358,2.3196,0.032762997
115573.586,-3.0101569,1.7185957,-0.26642907
134314.7,0.14943622,-0.033783514,-0.42684424
128977.445,0.21358025,2.5178366,0.18915345
129954.04,-2.4890468,3.1477354,-0.026580805
133537.67,-2.3810194,2.730613,0.15132128
122093.62,0.82706374,0.799835,-0.81370926
126680.62,-0.7510357,2.52151,0.38896886
119339.516,0.33307323,2.7730386,0.088528484
119749.06,0.93725747,1.6873612,-0.013447892
120410.06,-2.4520366,1.8612084,0.02171992
126787.766,-0.032348223,2.0513384,-0.09464422
118400.32,-0.1333842,-0.567432,0.273645
133468.38,-2.0374825,1.2576628,0.06027086
126850.734,-0.46196052,1.8902318,0.09060789
128145.85,-1.5956771,0.60096574,-0.8445192
116408.875,-0.13861123,2.8699641,-0.051786065
118934.24,-2.9903784,2.8981555,-0.16647607
115990.19,-2.566841,2.0906725,-0.5729658
119530.77,-0.5004488,2.528429,0.27237913
133464.8,-1.8843253,2.8310003,0.071884304
115404.234,1.5080334,2.091943,-0.2613313
123789.97,-2.8411515,2.812387,0.18054618
124224.02,0.87401164,2.6780572,-0.14454994
119810.25,-0.9683903,2.6543193,0.49712056
122452.945,-3.9707246,0.39406905,-0.35847
124642.734,-0.1309162,1.2077576,-0.039408274
123605.12,0.083512664,2.7782388,0.05308264
119824.695,-0.5903081,1.3969105,-0.60971653
134216.06,-1.1279454,2.0648386,0.11434851
121619.83,-0.7759847,2.7057009,0.6424256
115047.76,-3.6034915,0.5207762,-0.36416796
121171.95,-0.614472,0.3539047,0.19224305
120931.555,-1.7442685,2.9963927,0.18654004
128206.88,-3.1982067,2.0845778,0.65164256
130327.45,-1.4514073,2.4666467,0.051839408
132428.55,-0.41491586,2.8058362,0.13037822
125260.07,-0.18141903,2.1658413,0.10469766
119103.164,-2.862028,0.8358389,0.12047646
115826.484,1.2746949,2.8997288,-0.1067565
118261.22,-1.2401218,2.709484,0.21234815
121039.87,-0.96378314,2.9597232,-0.27045557
119517.97,-1.7680669,3.4977036,-0.013379949
134941.81,-2.725002,3.0477555,0.07632263
116475.94,0.058795072,3.3630326,-0.077105165
117257.055,-1.5452439,1.6005343,0.33981168
128250.62,-1.9292423,2.9194763,0.27039984
116391.96,1.066153,1.1818095,-0.23705605
124641.36,-3.3562891,1.1586435,-0.9930411
115234.67,-0.21811606,2.3888168,0.6989331
123977.34,-2.5602481,2.7222116,-0.7499104
115554.95,-1.0524688,2.1818779,-0.3162588
116889.99,1.6850038,2.5222,-0.74855185
125720.836,2.135187,2.908067,-0.43840075
122024.41,-1.7605435,1.3950043,-0.15704514
129269.12,-3.0029979,1.3588628,0.32114294
121182.89,-2.9034443,2.6837912,-0.18519162
133555.62,-0.36468372,1.6820472,0.8076659
132202.58,2.4569974,0.819824,-0.72075164
130280.836,0.41531193,0.87486714,-0.32050493
128615.71,-1.7437575,0.573228,0.37349162
126599.42,-1.4910553,-0.317916,-1.1470095
117894.65,0.28977636,1.6174779,-0.29729563
124022.375,-1.2385076,2.034849,-0.3155776
116091.92,-1.8872058,2.0210848,-0.19485319
120223.414,-2.0386062,1.0531709,-0.61519575
130813.266,-1.1650448,1.7278483,-0.100041494
118063.41,-0.45167524,1.9582236,-0.28599867
120636.234,-2.411212,1.4958022,-0.16058323
127921.88,1.161268,0.85421544,0.12556681
121415.1,-4.459536,2.2959375,-0.64016145
122213.72,-1.9389441,3.0424304,-0.50589174
115019.21,-2.2575872,2.7130754,0.13871014
122803.48,-3.3709397,0.8943868,0.29596597
122127.5,-4.6303406,1.2755747,-0.28296953
126867.61,-1.2777137,1.0737361,1.1774877
119046.65,-2.0589747,3.1803775,-0.31228563
116561.51,-2.2400062,2.0713444,0.094312556
131110.83,-0.6486176,3.0232837,0.39007202
127457.85,-0.96857417,0.87739486,1.3336511
121850.57,-2.4986954,1.4625261,-0.04428823
117770.18,-2.9772644,0.30783647,-0.16344935
122333.78,-2.0002074,0.48164988,0.0109951
127310.54,-2.1312318,2.4430785,0.09188092
134811.6,-1.4955332,0.6526355,-0.035028648
118782.805,-0.24882181,1.3589044,-0.087793924
121008.71,-0.3945736,2.9144883,0.02019538
117529.36,-1.926363,1.4672004,-0.18433636
116477.414,-1.6446588,2.1767876,0.34668285
128746.664,-2.7285414,0.6623605,0.014763538
124505.734,-4.42113,2.8940637,-0.31010938
120577.09,0.119346604,2.8989916,-0.14832494
117579.21,-0.8612514,1.9875876,-0.23085271
125803.9,-0.30913776,3.4488206,0.0602059
127047.336,-0.9297859,2.4952173,-0.13288406
130038.09,-1.6581473,2.7982132,0.35840952
131933.58,-2.415752,2.1631527,-0.9244255
133468.67,-2.2921567,2.0525172,0.0010897656
122632.25,-1.3326789,2.8266816,0.65406406
129328.28,-2.211848,1.2989068,0.48532295
123552.82,-1.655854,2.586376,0.564931
119737.51,-0.4390156,0.68483126,-0.048073057
125531.83,-1.4611589,1.4147822,0.043396033
128667.1,-0.24020445,-0.21661693,0.98945266
117434.7,-0.97378814,0.07682188,-0.24751537
116971.98,0.6459936,2.8388026,-0.3221844
131144.23,-0.18374825,2.0536468,-0.16455998
121061.57,-3.0132408,1.1231879,0.059427537
116004.52,-1.6245586,2.9090805,0.24995624
132555.23,-1.0031352,1.9038492,0.07890326
132429.28,-2.2796988,1.0132118,0.13389039
126595.7,-0.7284751,2.9298077,-0.6317655
126491.23,-3.2306812,2.6561878,-0.2528286
123278.945,-0.736912,-0.05767699,0.7898327
132896.84,-2.3697088,2.9316835,-0.18290481
117120.1,-2.2121356,2.8453681,-0.031332325
127451.68,-1.6989387,2.975139,-0.55123276
120663.38,-2.5091472,3.264114,-0.21283716
127164.766,-2.9593177,2.9303215,0.04143106
117881.28,-2.6063952,2.6237538,0.0407266
124537.48,-2.4892337,2.9753704,0.3141758
119516.23,-2.098314,3.492411,0.3069614
131927.28,-2.6510794,1.8468411,0.31208807
117503.0,-1.7767421,2.849605,-0.13718024
126302.3,-0.24086262,1.8413512,-0.22531776
130230.195,-1.1345063,1.9733473,-0.1500241
122324.234,3.0997534,2.7676766,0.34092796
130028.914,-2.7664342,2.3368447,0.1754618
132365.22,-0.54184866,1.9699492,-0.17187692
120328.89,4.1558437,2.167956,-0.028412875
126889.56,-2.4697304,1.5949442,-0.08268421
115506.77,-3.5676973,2.801845,-0.07585508
133844.48,-1.2761997,2.2993438,-0.0487945
123118.64,-0.632059,2.608826,-0.22361591
125467.8,0.050886847,1.0329559,-0.11925975
119133.56,-0.26663306,2.7528026,0.0048462832
116372.195,-2.0405357,2.5250525,-0.018959299
128195.98,-3.7033155,0.47343078,-0.12780593
122979.04,0.29676813,1.2614602,0.101000145
126124.06,-1.5673822,2.8957274,0.0202371
126940.64,-0.5849348,2.6091456,0.04801316
130027.664,-1.9566964,1.439679,-0.20259956
123139.91,-0.4944386,3.004578,-0.111732416
116415.37,-3.585732,1.5154727,-0.012258597
133137.03,-3.6454117,2.0761428,-0.12503041
115531.82,-2.5188284,1.9729638,0.7682293
125554.63,-0.9294653,2.5854383,0.48734874
134381.4,-4.372125,1.9925967,-1.2867622
119972.68,-2.8201828,3.3958302,-0.27929348
129213.414,-2.5331569,1.3960578,-0.004962799
124666.63,-3.1594012,2.2909405,0.92383784
122877.79,-3.5837207,2.603233,0.09521011
120096.94,-1.3739759,2.6777902,-0.5142254
132188.34,-3.2933671,2.5203295,0.19255535
120369.26,-2.5267458,2.8241775,0.32300124
131302.33,-1.61665,1.7934706,0.122618444
120650.375,2.0994246,2.0243797,-0.14438397
132590.17,-0.6003455,2.9712517,0.5557146
119325.62,0.42058408,1.8742994,0.1451802
116961.08,-1.4396333,2.9377441,-0.16699488
118570.38,-1.3060768,2.2024896,-0.21652305
134382.3,-1.5303543,-0.3748147,-1.0824689
132993.23,-1.785975,2.8415036,-0.082437776
118653.7,-2.050974,2.2331877,-0.02351176
116436.82,-0.5960222,1.373333,-0.53765553
124493.41,-0.6323379,2.7629158,-0.29287785
124782.734,0.034099523,3.008601,-0.35244486
125912.22,-1.9965172,2.8830247,0.34213603
118856.266,-0.3284823,1.9980872,-0.037898634
122000.305,-1.0967169,2.835121,-0.50056267
124145.305,1.4582475,2.3931246,0.3919339
116392.695,-2.2810345,3.1307838,0.19883648
126728.77,-2.713215,2.9644372,0.033892397
117955.016,-3.4783366,2.2864811,0.14998387
116221.34,-0.35000038,2.1445115,0.13377416
122609.63,-1.1634364,2.3718405,-0.09869307
131446.72,-3.9340854,1.0175918,-0.11303376
123244.54,-1.8076986,2.5454357,0.5870916
131588.31,-3.166657,0.59253836,0.019808583
116232.98,-1.2044736,2.9115572,0.37465677
119784.82,-2.2074096,0.76989985,0.8970243
126383.49,1.3395346,1.4674417,0.12611869
123976.53,-4.1322813,0.34560624,-0.34271148
122803.35,-2.1018493,3.2234666,0.60023856
120897.67,-2.2332091,2.451447,0.07094443
129976.695,-0.31332952,0.59545875,0.047036335
116307.51,-0.20746465,2.750648,-0.1894577
130495.29,-0.60028726,1.8400337,-0.64946365
133372.94,-3.1649919,0.30727398,0.0018973305
115482.48,-0.8122791,2.523919,-0.13468245
117905.945,-2.2668355,2.621645,-0.30524164
117112.99,0.81705743,2.5352714,-0.07479511
130360.32,-2.5217404,2.2211351,0.32689303
130162.766,-2.6645968,1.3401636,-0.28689653
125416.09,0.041635443,0.6378951,0.13482013
127967.48,-2.4621398,2.8812253,-0.22805364
128366.93,-2.5356634,2.1678183,0.20744316
130945.234,-4.042353,2.6539712,-0.09290304
134376.34,-3.6870975,3.0191422,-0.19678032
118046.086,1.3511887,2.6253955,0.47853523
129282.36,-2.3456845,3.1786697,-0.29540575
125020.13,0.20198104,2.5958903,0.02268721
119746.555,-2.8619096,1.7454056,0.025747612
120594.91,-2.7298238,2.938748,-0.910491
130444.01,-2.7100413,2.2903666,-0.55729425
134017.25,2.1093023,2.01089,-0.14985514
125565.33,-0.11690615,1.230303,-0.42782405
124397.16,-2.5088656,2.77346,0.025489548
126456.51,1.8432729,0.64083195,-0.13132703
123471.49,-2.8640049,2.1859696,-0.18236722
132832.38,0.17841858,2.352797,-0.3346388
115207.75,-1.2496012,3.0308385,0.2655014
118638.04,-2.0144558,3.2670982,-1.0186341
126336.195,-2.395472,2.9124098,0.1474551
119018.55,-2.0946426,2.9146073,0.17504342
116858.125,-3.0220609,2.0479252,-0.21906225
118416.016,-3.4920564,3.2309253,-0.23644903
129721.07,-2.6049516,1.4882365,0.35819972
131879.42,-0.8412553,0.7102551,0.091438696
126278.64,-1.9323132,0.3587258,0.26121983
125895.375,-2.607387,2.522786,-0.07739511
129411.016,0.8923822,2.3419683,-0.010411032
132858.1,0.099671446,2.5385299,0.659965
120877.82,-4.180004,2.4440088,-0.14854784
121754.82,-4.434762,0.9280678,-1.1136999
129830.35,-1.1072457,2.7861297,-0.10559015
134827.73,0.5531324,2.3322322,-0.14245445
115406.45,-0.37002718,2.047207,0.057821944
119541.66,-1.5650834,1.1835147,-0.098502055
130614.44,-0.7965154,1.6894244,-0.3706118
116444.695,0.22217624,2.933389,-0.25744066
118576.77,1.2510151,0.43909043,-0.370593
123170.27,1.0033611,2.5751405,-0.84125704
124111.05,-0.052773498,2.9088867,-0.23013215
115446.58,-3.428793,2.1520348,-0.019426554
130389.35,-3.839126,2.8943653,-0.10135982
133339.47,-1.1061825,2.3003032,0.85652566
128352.88,-1.0276785,2.253826,-0.7210404
125190.97,-2.4631984,2.741745,0.6870652
116556.83,-0.019524999,2.826358,0.21232252
116715.91,-0.84651536,2.934974,-0.034097712
115254.01,-2.5330253,2.0434594,0.105022475
127576.38,-0.94345534,2.8829093,-0.015035011
126105.445,-3.0276043,2.3519201,-0.27865696
133341.89,1.350513,0.16988094,-0.21960461
117541.016,-1.9288065,2.1658874,-0.064142406
118913.16,-2.9621482,0.6421625,-0.48674318
127624.98,-1.6703042,2.798581,0.078750685
118750.78,-1.952223,2.896392,0.2279857
130882.92,0.27022898,1.226486,0.52638716
121282.6,-1.8843794,2.9108574,-0.10291029
134299.88,-3.113469,1.5852765,0.49870232
132561.6,-4.1196475,0.4930875,0.06262264
134276.58,-4.8707476,3.199138,-0.23165967
124300.36,-1.9312118,2.5095859,-0.27035007
116693.28,-1.9430026,2.884046,0.016591435
120741.47,-0.41496855,0.52180487,0.008823913
120158.42,-5.2551475,2.4365535,0.015054977
125163.234,-1.2215171,2.1182342,-0.3449628
120239.73,-2.9553416,2.6767294,-0.41342792
124359.18,-0.8300897,2.8327901,0.13604191
119041.08,-2.9547272,2.5928395,-0.3837456
127466.85,-1.6846669,2.8044052,0.2737046
118136.09,0.5163727,2.0975623,0.017970555
129353.76,-1.3870753,0.4525438,-0.23418488
120765.875,-1.2808905,0.82965076,-0.79973894
121383.78,-1.7168068,0.37008056,0.16727649
125698.43,-0.3467881,2.000304,0.086972356
129726.305,-3.753171,1.6567818,-0.13116582
122668.06,-2.7730827,2.1920528,-0.21482687
116149.1,-2.7086332,1.3681778,-0.13319576
119624.49,-3.6970575,-1.0099716,-1.8777356
131133.11,0.47368234,1.7229464,-0.22244896
118036.94,1.3196591,1.5027184,0.46031645
129637.33,2.196701,1.7045908,-0.60771585
128365.13,-1.7674025,2.8613384,-0.23736715
115029.945,0.7789153,2.2851565,0.17376144
131928.98,-1.472426,2.208992,-0.015489751
117689.836,-0.91053575,1.2910997,-0.41373694
134438.66,0.30148408,2.2028692,-0.52135706
132178.1,-2.739887,2.3791683,0.05870937
134106.47,-2.0177147,2.8671312,0.50873935
115902.53,-3.3908887,2.4627717,0.11700423
123569.57,-2.5195735,1.5992763,1.4249476
116315.87,-4.3831935,0.82404685,-2.299085
130516.22,-1.3519046,1.1476634,0.028139912
122638.86,-4.325446,0.4584798,-0.020014795
133192.78,-0.75378436,1.4004421,0.75083184
120623.11,-0.7618593,1.2537047,-0.09396956
128807.02,-3.2111259,1.1693704,0.06224001
116338.99,-1.9554238,1.848831,0.3399154
121847.32,1.0368166,0.7974868,-0.015369062
130295.516,-1.3753821,2.9882464,0.08118471
122369.01,-1.4262985,2.3059754,0.2473315
132305.14,-2.8559065,2.7954524,-0.16509993
125560.22,-1.3760674,2.8248587,0.0911258
125366.06,-4.6132216,0.75675964,0.10926651
129882.43,-1.3996637,2.0180101,-0.16973971
128401.195,0.05935783,2.9363208,0.0038277383
127078.9,0.14354897,2.8069904,-0.77975756
118351.34,0.6082096,1.5680164,0.10688911
124895.86,-3.3644943,2.9140396,-0.028308576
115761.02,-0.34582376,2.6253955,-0.35908714
132820.9,-0.14387581,2.2412014,0.013001795
125529.59,-2.0082698,2.7333033,0.30978933
132037.45,0.77876717,2.9074857,-0.11517425
130842.586,-1.5202019,1.2327093,-0.108969405
117863.04,-2.9780502,3.2065349,-0.5006151
130591.08,1.0248107,2.051008,0.48396826
124836.77,-1.8363693,2.4202712,-0.035760224
121731.29,-2.746005,3.0290902,0.31455785
120518.86,-0.4608729,1.4220954,-0.35001978
118469.7,-2.366299,1.9133129,0.25519437
134684.36,-1.0956268,2.3347425,-0.17781328
121761.664,-1.2260846,2.540758,-0.15260682
115787.555,-2.0571742,1.2115754,0.32917386
131718.44,0.08279871,2.9864254,-0.14786752
123745.69,-1.1724023,0.53005177,-0.22180171
132460.52,-3.311769,3.049578,-0.29441878
121736.234,1.1640328,1.6445577,0.22201866
116602.33,-2.1622233,2.277625,0.2544643
122425.08,-1.5535161,3.2803576,0.07455254
122224.234,-1.8639792,0.91113037,-0.017851952
134030.08,-0.8568458,-0.023230292,0.039003
117996.484,-2.1600606,2.8421102,-0.08259154
125812.31,-3.5897799,1.0372747,0.059717786
126608.95,0.5495423,1.8339806,-0.47208723
118102.88,-1.5508677,2.8662398,1.3334818
123732.695,-2.6540825,2.0324066,-1.7435639
118395.695,1.2742045,2.9398246,0.20590848
118295.875,-3.5032027,1.6409333,0.017475286
123897.195,-1.4221047,2.4861796,-0.14260642
128056.3,-4.758293,2.8455408,-0.15257671
132756.38,-1.656561,1.9666104,-0.030118296
120807.56,-2.6155744,2.689013,-0.042216275
115705.22,-2.3239512,1.935322,-0.13045332
126820.0,-2.6988528,2.8249996,-0.09274868
134153.77,-3.909458,2.412204,-0.3644445
129899.84,-1.1414864,1.877401,0.30245808
127564.03,-2.5415745,1.2139357,0.015200398
132015.38,-2.7835922,0.6151665,0.31170484
120750.74,-2.0727644,3.0850294,-0.003519016
131297.64,-2.5921075,2.8548992,0.16466665
127921.95,-1.2094417,1.0536885,-0.20662874
127982.94,0.7666124,2.066727,-0.17774086
117774.305,-0.5087011,0.6291069,0.6272249
117763.9,-2.8755043,1.8521273,1.2282577
126262.06,-3.4878793,2.4862676,0.06272395
127542.38,-3.0202537,1.4551917,-0.52566904
119565.836,-0.8284448,3.1748176,-0.36223665
127802.23,-0.9292666,1.8464864,-0.12920949
120152.984,0.106444515,2.8940568,0.18090557
132372.64,-2.592161,2.3848386,0.086481854
129871.375,3.9379368,-0.2159617,1.1018758
116983.0,-1.8754165,2.8436387,0.493817
123155.04,-3.9013855,0.13313748,-0.29614866
122694.56,0.247822,2.7493548,0.08235225
119920.69,0.4873318,0.5842715,0.18553223
115190.92,-3.5144358,1.7226151,-0.41076088
131079.03,-4.5678325,1.5334065,-0.37257588
126568.664,-2.1667082,2.4677818,0.112438954
130683.734,-2.8092382,2.9365776,0.05854309
129706.91,-2.9226148,2.2132924,-0.041080914
125195.336,-2.9440722,2.3772488,-0.02936437
134128.61,-2.9197063,3.1186526,-0.30130872
119246.92,-2.9146307,1.7937669,0.42022964
123857.22,-2.7102075,0.8239561,0.112697616
131582.69,-3.2450945,1.5051459,0.062756136
119782.33,-2.7062278,2.5327246,-0.34103614
126871.55,-4.3054466,0.6600077,0.49777913
117610.12,-2.9951792,1.7781729,-0.09062457
125472.7,-2.7961578,0.38663346,-0.48950204
118277.65,-3.3465436,2.7447271,-0.53772914
129743.03,-0.8670667,1.9426585,-0.6092332
119266.32,-3.6520424,1.9992937,0.155166
133573.94,-1.6401057,3.06957,0.026981905
116917.24,-0.23756838,2.3790028,0.031226538
122677.54,-1.1114047,0.5475532,-0.49054918
127742.06,-2.8827755,2.9784489,0.38937768
122890.68,0.71238244,-1.7451831,-0.047012493
119363.34,-2.5518951,1.8483922,0.08796766
118560.08,-0.8238105,2.878264,0.6293145
131749.58,-3.3647504,1.879716,0.2077918
125704.39,-3.015172,2.5007772,-0.073782824
127073.8,0.0861477,2.5111167,-0.5354528
115796.06,-0.11543072,3.0646408,-0.14674497
125971.72,-0.9338461,1.524962,-0.23359545
129073.04,-1.319262,2.462622,-0.19784088
118196.16,1.3633889,2.0625114,-0.36917457
124754.56,-2.4089289,1.4430497,0.19333908
129513.51,-1.8314836,2.240846,-0.38135597
121844.72,-1.4587057,2.3173993,0.052303683
128645.23,-1.6676309,1.104187,0.09557426
133608.97,-1.6578622,2.772133,0.5779563
128086.39,-2.3354611,2.2297158,0.051468108
125079.93,-2.1673324,2.4865606,0.4888107
121206.25,-1.522954,2.5389268,0.47562683
124257.75,-2.8169355,2.1475792,0.07083417
128396.83,-2.0062838,0.5867563,0.18617111
116705.555,-1.1647338,0.788024,0.21666132
116694.66,-1.0232109,1.6147426,-0.45102558
125242.57,-0.51339155,1.4514158,0.33793968
124874.14,-0.7361295,2.849765,0.18506259
124523.62,-2.0051844,1.202716,-0.44593912
134083.84,1.5472522,0.80834395,-0.3182053
130510.85,0.008032898,0.84274614,-0.31384295
131964.33,-1.9096098,2.9312859,0.0100570135
126835.695,-3.5846426,2.2575314,-0.06474733
116807.42,0.867065,2.5817926,-0.1525636
119322.414,-2.1148868,0.47139746,-0.2002147
123787.6,-3.7886953,2.3666697,-0.10973079
117891.76,-3.5167181,2.3394754,0.5970786
128520.32,1.9474002,2.010075,0.24808066
116352.21,-0.32755655,2.520851,-0.5364111
119256.64,-2.5665722,0.87389255,-1.1108705
126655.0,-2.315969,3.174857,-0.33700666
119578.21,-2.6802053,0.7750855,0.012438585
133708.03,-2.2884183,1.6727853,0.5035197
118081.39,1.2818434,0.93729717,0.1859065
119440.79,0.058002252,0.888701,-0.2830029
115360.9,-3.1346095,1.0561285,-0.22985055
128964.44,-3.6842997,2.522569,0.49365488
121417.31,-0.91274893,2.1383371,0.43743584
131071.58,-1.1326845,2.9393482,-0.1976445
125331.016,0.87822163,1.8474201,-0.08558847
119389.48,-0.7014166,0.5822429,0.12668845
119601.73,-0.8609101,1.3966793,-0.17808862
116552.984,-2.6444583,1.8088465,0.19961782
128121.18,-4.075837,1.2677158,-1.877901
124102.375,-3.215001,3.207222,-0.18474016
133670.16,-2.2453916,3.0223308,-0.23549189
134662.48,-2.790712,1.2195072,0.24304277
120869.51,-3.603596,1.7474316,0.09086237
119206.55,-1.0485653,1.9439696,0.07901829
124813.695,-1.7367929,1.825149,-0.043219622
118824.74,-0.9704653,2.9171393,0.31311497
124284.67,0.025379537,2.8229697,0.14490902
119613.28,-2.0047271,0.9038879,-0.54407734
118152.68,-1.3203104,1.207083,-0.8659107
126942.85,-1.6674391,2.8156066,0.11254445
125578.336,-3.6618593,2.5517278,-0.18531528
127431.984,-2.632043,2.7798178,-0.42297536
129627.875,0.011479357,0.4302727,-1.0476435
125865.92,-0.27944216,1.1067903,0.5818285
115408.586,0.975941,1.7394044,0.1546594
118476.95,-3.355723,1.4390913,-0.12223135
121316.48,-2.8188927,2.5796533,0.15279932
131730.73,-1.6883086,2.6996932,-0.17353675
126631.1,2.1144388,2.055059,-0.38356113
119100.59,0.28766966,2.0558202,-0.43719983
121800.53,-2.8539448,2.5383568,0.80986154
117948.28,-2.5786333,2.3160102,-0.049706064
120884.73,-1.6463594,2.7810535,-0.16443065
129801.98,-1.7664958,1.5996808,-0.21909682
120030.45,-1.4422435,2.737522,0.02482979
121357.555,-1.6320945,2.9704142,0.14936285
115515.51,-1.1785386,0.9691781,-0.031236371
120793.15,-0.18820553,0.9193535,0.37994975
116328.875,-3.0713375,2.705696,-1.9667632e-05
117583.984,-0.48912305,3.1572063,0.13589232
133763.7,1.9970165,2.4360394,-0.27359495
117768.66,-0.31087703,2.1113384,0.05388067
134946.44,-5.283263,2.2729614,-0.014874689
115101.31,-1.3910074,-0.080144115,-0.39161354
116763.5,-2.6629267,1.7814269,-0.08072937
130249.016,-2.0415316,2.626988,-0.49261636
134175.31,-3.2989883,2.787328,-0.11149283
120671.55,0.072955616,1.2572638,-0.37369722
130733.734,-3.147294,0.89572734,-0.24477142
115272.34,-1.6856833,1.355876,1.4461744
120113.85,-2.3982193,2.643498,0.34512553
132790.72,1.4274833,0.99102014,0.08446324
119424.164,-2.4662385,2.824197,0.2637975
121924.03,-0.11002322,2.7636025,-0.07703871
117373.78,-2.3819294,3.1242456,-1.1572121
125031.66,-1.6794037,2.2608502,-0.00024435544
129115.18,-1.1680855,3.0518224,-0.087723896
129784.234,-0.32410043,2.8578434,-0.07654821
126206.02,-1.5210984,0.76478,1.171883
124732.05,3.018219,1.0033051,0.3236878
126574.53,-1.5982977,3.0988786,0.26004753
115628.53,-2.631972,2.5521817,0.10057341
123483.414,-0.18677557,1.2000096,0.099733666
128143.41,-0.33163086,3.0201418,-0.40365103
120199.57,-2.5011585,0.9822011,0.04682595
127823.18,-2.120046,2.1720853,-0.2912943
125863.08,1.6748163,1.3742502,0.14985156
120179.055,-0.7020444,-0.40967885,-0.4522399
118101.45,-4.2493114,1.9413807,-0.22949415
130454.734,-1.3771093,2.5582483,0.372308
127317.24,-2.4977963,2.594203,-0.061500087
117668.79,-1.1389922,2.2372806,-0.28899768
129969.484,-2.7554865,2.6717384,-0.44310698
127219.29,-2.7283466,1.621554,-0.073122166
134933.14,-2.5353055,1.6568103,-0.41911933
119309.91,-0.9708056,2.5330956,-0.40189943
122886.18,-1.5498513,2.8973882,-0.30293638
122999.23,-0.38709587,2.16898,-0.7580755
117880.05,-1.5928124,1.3944325,-0.441946
132302.81,-2.8846798,2.158285,-0.004485412
116601.44,-0.2763098,2.262705,-0.085033305
121285.4,-1.2414137,2.141451,-0.0077079237
115619.77,-1.0917137,2.3281143,0.030344473
119636.71,-0.7886495,1.4832568,-0.018902382
119388.195,-2.766979,2.6128807,-0.23344615
134070.06,-0.7853539,1.3292216,-0.71489966
120511.14,-1.2851373,0.90710616,0.025592059
132852.08,-2.4811997,1.645825,0.5245378
124330.125,1.1894286,2.9348378,-0.6138268
118835.67,-3.9439223,2.8188794,-0.15666431
125333.59,-2.81167,1.9267322,-0.085754454
119980.57,0.3293602,2.6766973,0.2805519
121489.29,-2.135753,0.65248525,-0.54870903
117841.234,-1.6028976,1.2517891,-0.23636173
117504.625,-1.0643752,2.5758214,0.24434082
127228.52,-2.578645,2.9098046,0.1525216
126260.07,-4.7217035,1.5746287,-0.32191116
130868.555,-0.4091798,1.1231138,-0.033326503
134784.5,-4.252353,1.1805192,0.48257425
126903.94,-3.740696,3.026894,0.38961428
129905.3,-2.3655112,0.04138957,0.0114563955
130060.87,-2.887773,2.5696592,-0.5910988
132105.73,-1.1155896,2.3018157,-0.16619655
127656.86,-0.99462116,2.5365434,-0.078712545
123024.76,-0.5902947,2.8065372,-0.25402892
115173.01,-2.3443582,2.458471,-0.31115416
118087.97,-0.64577526,2.7529938,0.20561227
115480.305,-3.6049604,1.3044362,-0.09058017
131691.86,-1.6765703,0.7201347,-0.12680021
129024.43,-0.30431437,1.5444103,-0.19046791
121858.125,-3.8958337,3.4882033,0.41684443
126730.4,-3.6302266,2.4782765,-0.45056877
124679.24,0.9857379,1.1405628,-0.27415785
126531.875,-2.1655538,3.275648,-0.6676246
128731.66,-4.2923336,2.804698,0.07870182
122704.61,-4.479934,2.4774518,-0.21260293
121918.875,-2.0557714,1.0858622,-0.038794108
133978.52,-0.8813475,2.2344456,-0.3008173
129532.3,-2.4319053,2.5510623,0.5048654
132085.58,0.94757926,2.2175741,0.4723876
127875.65,-2.9221923,2.7759106,0.017224971
124590.45,-1.799831,1.924583,0.26390594
131110.42,0.325497,0.2794477,0.13351372
130346.3,-0.23706108,2.6859057,-0.5500789
128466.45,-3.3414598,3.0579154,-0.6526677
128236.01,-0.4109056,2.6333797,-0.4482417
116812.57,1.6176113,2.6291163,0.009476521
132250.78,-1.128762,1.5395554,-0.020676045
121505.38,-3.0186818,2.0148418,-0.20835473
115138.1,-0.6187333,2.729962,0.24541062
132870.03,-3.6028416,2.1719542,0.07655149
126596.734,1.2849334,1.5490036,-0.13716802
119673.72,-2.098719,1.2539247,-0.01198921
119194.555,-2.0773768,2.7661493,0.3180992
117661.695,-1.8840963,2.6231618,-0.13260245
131680.97,-0.7984647,2.90429,0.024232013
133827.28,-2.3440313,1.242096,-0.109286174
123243.44,-0.66310984,2.3018708,0.33823112
118423.24,-0.24383794,1.6028869,-0.27823025
134371.16,-2.4944339,2.878242,0.12855628
133829.31,-2.3267179,2.835245,0.58966035
126846.52,1.1342363,2.5022457,0.45756418
117983.07,-1.1442169,2.016891,-0.056571558
119999.7,-3.663657,0.9571907,0.16285068
120574.2,-2.166157,1.5981392,0.2152983
125022.69,0.13273224,2.1430988,0.08165554
125691.55,-4.496799,2.7375984,-0.06487815
117603.56,-3.4763675,1.8231814,0.24573961
124253.19,-2.3313432,2.9206913,-0.028316027
119299.375,-1.9197711,2.9663918,-0.42144397
130698.88,-4.995023,1.7954034,-1.6319098
123864.72,-2.3125434,3.005371,0.23254383
124866.836,0.58657616,1.3659253,-0.23733647
126216.29,-0.998151,0.9337727,-0.11453356
122517.5,-2.4883785,2.7562587,-0.14524546
127429.36,-0.939617,1.3827403,-0.21411435
132177.4,-3.0742354,2.3706021,0.41096023
131748.44,-1.8929874,1.138044,0.46120328
121724.04,-0.002625398,0.925052,-0.0863263
121239.96,-3.7628722,1.972669,0.5312481
119927.766,-2.422838,2.508501,-0.4144596
116030.055,1.2154092,2.349379,0.14610219
131064.445,-1.2814687,2.2335198,-0.46470204
118544.89,-3.4257288,1.4234048,-0.33181083
119079.13,-0.45096025,2.5228434,-0.049344897
127084.69,-2.5453498,2.2699807,0.23949187
128511.13,-2.2854807,3.3226373,-0.21002498
130343.22,-2.5316417,2.4101532,0.5538003
120742.3,-0.047131114,2.7121236,-0.5153891
125647.29,-0.27622506,2.1600046,0.8325657
122177.66,-2.8212833,2.071264,0.35078144
116956.44,-0.6946449,2.1491022,0.40345794
120086.16,-1.7896287,1.5592152,-0.36633706
123741.02,-2.745663,2.4870946,0.12917015
115775.53,-0.009680876,2.2487886,-0.26202708
119140.19,-1.3314807,1.9873954,0.7260953
116967.82,-5.400968,0.25876093,0.020587541
121635.03,-3.0596216,2.5338306,-0.2961969
120302.46,-1.5954068,0.21285744,-0.27407798
123956.01,-2.3549082,2.7367117,-0.0120649
120881.375,-2.3084278,2.566844,-0.17499752
132489.14,-1.930255,2.4576724,-0.2757843
130521.305,1.3999873,2.6227295,0.11664306
131336.02,-0.6560199,1.0798064,1.3610898
115079.555,-2.053307,2.1575718,-0.4314113
117939.48,-3.8501182,2.1480234,0.120451435
128313.664,-2.2261639,2.5417292,0.022940505
133848.77,-0.46465516,2.5313413,-0.16503975
115288.21,-1.0982536,1.8678839,0.046530936
115286.47,-2.1664958,2.9275444,-0.23036996
130108.89,-2.7588274,2.3875496,-0.2026815
132309.47,-2.0590904,3.230018,-0.1267257
116360.555,0.95353746,0.82980496,0.31599954
119044.85,-2.5094879,2.4680822,-0.20133904
129572.07,0.58377135,1.12648,0.0014759664
127981.08,-2.8764405,2.956241,-0.36356363
121881.266,-1.6393942,0.70945597,-0.024212047
125378.97,-3.3865106,2.3214102,0.12900446
122376.06,-0.5052856,2.668941,-0.12916419
122198.04,-2.39822,2.794379,0.06833995
130996.66,-0.48394355,2.8058898,0.2694987
130561.336,-1.9553092,1.4391409,-0.22845533
118095.81,-3.8489048,1.6224089,-0.289054
117813.0,-1.9047271,3.0209548,-0.06565413
119420.11,-2.5092103,1.6323845,-0.22545186
131672.78,-1.9121108,0.84784466,-0.26589626
121332.07,-2.5023246,0.7825548,-0.752944
126067.805,-1.5596834,2.7563286,0.10440861
129406.125,-1.2154619,2.390204,0.09643129
126720.77,-1.0776589,0.6844558,0.39715117
126706.36,0.66754234,1.9230851,-0.23797536
134893.62,-2.6787245,2.8825326,0.67656505
120965.664,-1.4032854,3.0482364,-0.031000657
115323.695,1.232774,2.7634861,0.76750576
123207.96,-0.768434,2.4696107,-0.17825192
123293.48,1.6567976,-0.4150271,-0.6578152
116226.38,-1.5105134,2.6632385,0.7974566
134688.4,-0.9564315,2.351982,-0.04161939
116200.25,-3.0042248,2.936686,0.4399384
117107.09,-2.990007,1.0249338,-0.011122046
119859.58,0.8935084,3.1706705,0.5387879
120427.51,-2.8606226,2.5094032,-0.25452003
121247.07,-1.7867048,2.8877585,0.22173199
120713.35,-1.8722233,0.86162764,-0.09689885
129850.695,-3.0009425,2.4692616,-0.6597623
128589.08,-2.3549442,2.5806365,0.03628589
128378.56,1.1043462,2.7220936,-0.3192763
131197.19,-1.3643153,1.2303965,0.0753756
119201.28,-3.7959726,2.938858,0.36319768
131215.2,-2.591325,1.9076668,-0.71499085
130953.1,-0.21607271,0.63776445,-0.32571477
134329.03,0.23833193,1.6934676,0.22135472
132128.98,-2.664468,0.74304986,-0.07257714
121497.69,-1.8751534,3.1297889,-0.09042492
122254.79,-1.1883761,0.41150013,-0.8052691
119749.984,-2.7758453,3.2108536,0.07655089
126339.06,-1.8904674,2.0291133,0.28614408
126204.12,1.419325,1.0035515,-0.093267485
120549.78,-1.3563093,2.7206619,-0.21250728
120535.24,-2.1592739,1.9847674,-0.3272405
115451.44,-3.1707265,2.9297357,-0.20768096
121206.734,-0.06445089,2.0785582,-0.2886848
125045.414,-2.63475,2.4490747,-0.4373417
120588.24,-0.30954176,1.7933023,-0.20314696
115735.31,-2.5092099,2.6424062,-0.4291346
126977.41,-0.28499946,2.749232,0.07956302
119952.33,-3.7920833,1.3109269,-1.4691423
132794.22,-1.9299103,2.0335128,0.04832784
130739.07,0.15980867,2.4939768,-0.04890297
117445.09,-0.87699175,2.6258397,-0.059963033
121588.78,-2.4956834,2.9649193,0.2597227
119987.37,-3.348477,2.6843045,0.19275561
128277.35,-2.5328214,1.813524,0.57983965
118266.94,-1.5394545,3.0412657,-0.46796298
125233.086,-2.9505186,2.8712754,-0.63522875
125336.35,-0.3574674,0.8843369,-0.66781324
128739.3,-2.082101,2.7730782,-0.10395803
117012.05,-1.9394046,3.038727,-0.3280126
124061.63,-2.508346,2.1807492,-0.1272761
122849.72,-3.0060956,2.0415204,0.67454344
121668.04,1.5315576,1.924438,-0.5222537
121652.76,-2.407504,2.7048426,0.02704806
120583.0,-3.5449657,2.8000293,-0.06500331
120912.74,-0.47911292,1.7652228,0.377682
129474.11,0.5330667,2.8402853,-0.08037595
116347.375,-2.9593034,2.771664,-0.020050257
123289.27,-1.5741601,2.2102406,-1.0801469
116719.66,-4.0237417,1.4468449,-0.06250671
133733.61,-2.0094714,2.6581514,-0.18172415
132516.36,-3.0561755,2.3364534,0.09634189
128326.11,-2.9982321,2.1547847,-0.17463158
118358.05,-4.6791215,0.72630274,-0.07621028
122795.88,-1.1773579,0.9347625,0.16088153
130464.445,-3.0643625,3.2204924,0.19062078
119112.09,-2.4347506,0.4008873,-0.123075865
116139.86,-2.717371,2.0599504,-0.21272033
117897.11,-1.7066506,2.815436,-0.27115408
124575.89,-3.0191257,2.668357,0.30214518
118377.94,0.34492797,2.9480886,0.2032462
115377.01,-2.5759408,2.4050252,-0.2028284
130866.28,-0.58200043,1.569859,-0.67912006
129462.47,-3.285052,3.0468402,-0.024291612
118002.484,-3.6529167,2.66457,-0.47785223
115750.195,-2.519217,3.0075233,-0.041953743
121748.41,-1.0599555,2.6584778,0.0885547
128256.71,-3.07756,1.1546649,-0.042640023
129275.9,-4.5819197,0.85291094,0.75580114
118545.43,0.18819588,1.3850025,0.24205759
127879.414,0.4390793,2.0447195,-0.8149686
124924.17,-2.857752,3.0508084,0.065354645
132481.92,-2.3193164,2.1042254,-0.5747818
128771.13,-0.94446415,2.8790393,-0.21495798
134444.44,-0.42622027,1.5699615,-0.31454623
123462.96,-3.688125,2.025972,-0.29990306
117770.82,-3.293945,2.2555563,0.107395105
134889.38,-4.8446007,1.1873473,-1.065735
122502.77,-0.87470627,2.7799165,-0.17514443
133164.84,-3.1371458,2.1701062,0.08475111
118656.8,-2.1556082,2.667459,0.020594096
133050.42,-2.307688,1.9793768,0.24570325
126758.836,1.7397283,2.2207704,-0.21094668
131489.69,-2.3221447,2.0421984,-0.13559105
133802.58,-0.27294564,3.1544921,-0.13708965
116514.38,-2.2952912,3.1039293,0.08459257
126910.84,-2.0175622,2.0547504,0.15473568
124671.0,-2.2354388,2.7849376,0.07365797
116397.766,-3.1245883,1.5845417,-0.49582517
125192.32,-1.9078137,2.3052874,0.08267349
133626.97,-2.7011776,0.95629853,0.28867346
130915.18,-2.3287175,1.4631406,0.084589
132453.06,-2.2189174,1.2157633,0.1179596
120079.64,-2.5951564,2.4491916,0.013365944
118508.914,-2.5732553,2.6287415,-0.27513975
127160.07,-0.8625564,2.0099602,-0.29866818
118929.195,-0.36807027,-0.13976772,0.26784542
121621.35,2.6947863,0.045723166,-0.31154454
119628.09,-3.3635974,3.2165322,-0.18985225
132108.6,-0.09651016,1.2583516,-0.17720626
115244.99,0.29295936,2.9988022,-0.07177315
115871.305,-2.436795,2.966564,0.47229642
127235.875,-2.3783028,0.80066305,0.3193931
132315.97,0.7205765,2.902033,0.5307808
131500.97,-0.989316,2.4431393,0.16769546
118421.07,-1.3854084,2.2855146,-0.020393547
125764.24,-4.9106107,1.7790029,-0.06641312
125402.36,-1.5982753,2.8918817,-0.014429784
132716.34,-2.8066425,2.529666,-0.7147086
116889.72,-2.4157999,2.9878352,-0.08052524
118769.18,-1.1235429,2.868148,-0.298445
120171.81,-1.9215995,2.7276292,0.0030940762
134026.34,-2.806904,2.705049,0.14027044
120096.47,-0.039542496,1.1216183,0.13099626
119068.09,-2.6348865,2.025041,-0.14063907
127420.04,0.64187586,1.9061371,0.10012523
134851.48,-3.0900736,1.1044759,0.0066485535
133665.95,-3.56189,0.8232276,0.021727072
116391.23,-2.6720345,2.9029157,0.40036654
125990.234,-2.1048973,2.7315352,0.21757855
130240.21,-1.6943678,1.3812824,-0.19875513
128295.44,-0.7999615,2.5291932,-0.02562603
132535.6,-0.3771202,-0.68998104,-0.20919834
117445.91,-1.6053894,1.0874757,-0.10853255
122085.81,-2.3182826,2.3088672,0.12905453
124231.64,0.7913531,2.9670491,0.23094597
117261.914,-1.4503562,2.63847,-0.3077919
120463.67,-3.4570572,3.0804267,-0.24175215
123636.01,-1.2557458,0.58119327,0.30147886
128019.0,0.8472011,1.5690427,0.64732224
134465.2,-0.15091096,1.8849993,0.09585438
121412.28,-2.7421877,2.7720459,-0.6199688
119681.14,-3.7172096,2.9788904,0.20073172
132825.52,-1.7653385,1.1237684,0.09348055
121020.9,-4.0114336,1.9962549,0.903613
119626.33,-2.9063056,2.0661016,0.2321016
123069.49,-1.5916442,2.6301613,0.24533017
130120.914,-0.8783611,2.2166312,0.13061722
125190.57,-0.59492147,1.1414142,-0.7144357
133522.86,-0.6907893,1.2841008,-0.035935447
129978.516,-4.329509,0.6022022,-0.018052502
123941.19,-3.7592,2.013896,-0.0972621
116501.51,-1.01159,1.2110012,-0.47329888
129313.18,-2.2804565,2.9665108,0.33376718
127331.51,-3.1650321,2.4803872,-0.04103681
120577.78,-3.1891787,2.0279493,-0.04448252
120497.41,1.6336923,2.61731,0.08260137
126006.11,-1.1676282,2.484418,0.037952866
126080.96,-0.5526523,2.472145,-0.036009945
121768.2,0.7135844,2.8269513,-0.075609826
115011.42,-0.3766921,2.8547764,0.04052754
133836.23,1.8556604,1.4495322,-0.10109163
117780.586,-1.048919,1.7131212,-0.23509227
121437.2,-0.16384268,2.9557996,0.20037174
127498.266,-4.128949,0.31881097,0.2549834
124171.086,-2.4188716,1.2403041,-0.25835162
115665.87,0.24978615,1.832753,0.22819668
121298.38,-0.5492937,1.8703415,-0.2938672
119480.484,-4.46154,2.7322195,1.2399026
118768.016,-1.9095674,2.9037833,-0.16431203
119818.72,-2.6969805,2.8077738,-0.10655446
127795.695,-0.70613945,2.2581058,-0.059895985
118218.97,-2.985548,1.7852094,-0.029222526
116133.88,-2.4835222,2.3390892,-0.006476611
120622.85,-2.3266258,2.4990172,-0.6397857
134172.77,-0.68234175,2.444048,-0.46048126
116172.945,-2.4665844,2.4917297,-0.055395674
124869.44,-3.0569117,2.170407,-0.06404526
116995.37,-1.7616616,2.9745042,0.054161977
120526.86,-2.0729156,0.76311505,0.78207296
119955.77,-2.5469656,1.3171474,0.83478874
125844.836,-3.9575312,0.21385556,-0.33719617
119405.96,-2.7848265,2.0772395,0.06884476
133092.28,-2.284597,2.4268713,0.052258387
115284.055,-1.0182642,1.7109002,0.17555358
122401.63,-4.145392,2.8803427,0.50261796
115696.375,-1.5571524,0.77621895,-0.5007537
118819.27,-2.2864354,2.379121,-0.22579603
118990.65,0.6470771,2.060339,0.27720544
115159.01,-2.3691883,2.2124398,1.4013411
124326.83,-3.4594028,2.250423,0.13368179
129453.08,-2.6924992,2.4613047,-0.2015077
129577.984,-1.4590511,2.8113008,-0.025249962
129356.33,-2.9531906,2.4848678,-0.063687965
115539.086,0.8169038,1.2353793,-0.43978226
116841.44,-2.5313826,2.9266648,0.45071924
123064.28,-4.046786,2.7664704,0.1011408
115535.69,-1.0636547,2.7611704,0.2878081
122649.8,-1.9159616,2.9342546,-0.10973793
121011.74,-3.4049535,2.8015485,0.32413837
119355.83,-0.015677309,0.8220559,0.02320572
120083.836,0.87943256,2.8843613,-0.17812617
131202.72,-2.7572606,2.7652726,0.15072706
117974.18,-3.0529044,0.58130753,-0.8149179
115092.08,1.6796097,2.9931056,0.5035108
124194.1,-2.357384,1.7647511,0.06359469
118459.87,-3.2214828,2.9786541,-0.12679157
121663.195,-0.57031614,1.7378023,-0.12942822
115313.14,-0.72227997,2.4120562,-0.015399458
118285.95,-1.6527905,0.3691809,-0.022689892
123910.16,-2.279064,3.0687478,0.6037799
124626.19,-1.9125248,2.1645555,-0.68861234
129469.66,-3.2765703,1.5052853,0.120404944
118605.42,-2.0355256,1.9282598,-0.06751391
116010.67,-1.8162808,1.9847358,-0.9377
116406.03,-1.0967592,1.5425755,-0.0015135136
118668.29,0.34835583,1.4500533,0.52640086
126371.68,-3.9568782,2.532133,0.01357454
128604.76,-0.48143318,2.6141124,0.11458512
129200.26,-1.2628037,2.728367,0.1207828
122709.914,-3.535565,1.3700913,0.96409214
129237.734,-3.4230237,1.5931573,0.2137219
127604.76,-2.3605256,1.950772,-0.23129195
126802.555,-1.0913025,1.2177683,-0.22101085
121054.34,-0.68230695,3.172988,0.13324136
133337.72,-1.2608323,2.8399558,-0.07862374
120745.05,-2.70791,1.9145993,-0.39147228
120548.64,-2.2367566,1.5497334,-0.013827835
120667.54,-2.7692268,2.7387118,-0.60362464
120457.94,-1.0075667,2.7666435,0.07478438
132335.27,-2.5787556,3.1604757,-0.12618127
119358.94,-2.953482,2.809341,-0.17387527
134152.48,0.55265576,1.7843859,0.15076342
121704.32,-2.0702784,3.0475354,-0.16594356
117590.15,-2.1036088,2.7070134,-0.17215376
123224.016,-0.79802006,2.6336277,-0.20891406
122790.7,-0.21547964,2.7560425,-0.1568598
132004.22,-2.0123532,1.1897355,0.7062143
119281.18,-1.4086024,0.67384756,0.11924157
129020.74,0.7445774,0.05985548,-0.023006063
116190.96,0.43959108,-0.6183098,-1.1225536
116119.7,-0.51205766,0.63416654,0.25734708
119231.3,0.6285798,1.4042751,-0.05307698
121676.6,2.3773386,3.0110579,0.51361156
122274.5,-1.3926058,2.2596776,-0.20085241
119651.73,0.3507956,2.0285237,-0.038235366
122440.3,1.8452339,2.1001854,0.33712378
128751.51,-2.5703378,1.2619972,0.17691661
115551.18,-2.1140022,2.2576022,0.09795464
119389.164,-2.4871986,2.7199755,0.13684767
122219.125,-3.2590384,1.9908787,0.113381214
131250.58,-1.9683745,1.3917702,0.12727967
134980.19,-0.56319004,2.777966,-0.27289018
132574.31,-1.7055861,2.671657,-0.18857028
115146.984,-2.270215,1.2750688,0.31777856
130140.83,-3.1564176,2.896825,0.24117255
124260.31,-2.9294386,1.9851452,-0.17030112
128721.46,-1.3308065,2.8951652,0.78192693
131311.17,-2.2387881,2.4326591,0.40005067
132273.33,-4.034238,1.1327652,0.060918704
120160.77,-0.76547486,2.5912352,0.267613
117354.53,-0.8479629,2.288382,0.039756928
120255.77,-2.6147397,2.2690187,0.17914918
133714.81,-0.60500354,2.3133538,0.2996909
117971.63,-3.211434,2.999809,0.052595716
134431.47,-3.0130353,2.6969743,0.5506809
115652.266,-1.535178,2.261635,0.17528956
125787.26,-2.5784707,-0.23961963,-1.0221152
116981.195,-1.8373833,1.8405671,0.37066424
127396.97,-1.3117433,3.1600409,0.6033341
123007.47,-1.3937646,2.4500124,0.55242175
134370.14,-0.4574323,0.6594073,-0.10765317
117147.1,-0.4070655,2.8354504,0.27465042
127494.22,1.0705379,2.6166117,0.46737415
115198.375,-1.9646223,0.8966821,0.30649948
133206.88,-3.0005147,2.3987985,-0.0018198519
117026.66,-2.7801647,1.5670079,0.01908863
116082.3,-2.5392685,2.3921382,0.24590649
130952.15,-1.9454998,2.1909742,0.0024372963
119824.13,-1.3877579,2.7982912,-0.20436725
115685.41,1.8539702,0.8597041,-0.009538801
121673.78,-2.2553995,2.9918978,0.029068463
123963.91,-2.2273915,1.8372934,-0.21019842
125516.54,-1.2060437,2.7693913,0.0568332
127353.37,-1.6961304,2.9733086,-0.18043563
124258.016,-3.087889,1.8031511,-0.31351635
117785.03,-4.770692,0.021820737,-0.06134662
134149.17,-2.4708743,2.7882953,0.21184155
116287.0,-3.6568575,2.7436616,0.5644816
123790.54,-3.066203,1.9560825,0.25543815
122485.77,-1.6374573,2.5159569,0.020400995
122763.234,-0.9848115,1.9825178,0.08997495
120209.266,0.4273723,1.5127952,0.5099808
132953.61,-1.3289773,3.1598518,-0.09537401
119628.37,3.0854352,3.305606,-0.17605242
123256.06,-0.60611355,0.54883707,0.77819425
130648.41,-1.1595054,0.79431427,-0.31307712
119063.83,-2.579761,2.2393596,0.03696472
126224.445,-3.2271683,2.5674405,0.23534259
119639.87,-1.687533,1.2272764,-0.521948
134536.5,-3.7260613,2.5441601,0.092372015
125961.695,-1.844243,2.4565394,0.1815975
134934.34,0.85891706,0.96128684,0.47184944
115014.11,-1.0223082,1.9365388,-0.21135165
126278.695,-1.3015304,2.4062564,-0.246945
133748.47,-0.78697294,1.3711274,0.57461995
130631.51,-2.7750514,2.3093922,-0.7985112
116430.5,-3.6955168,2.8156135,-0.80488086
117318.195,-2.966064,2.981145,-0.17446262
129749.31,-3.4886315,2.7357268,-0.08886223
131877.44,-0.79505646,1.2987247,0.21942969
134149.84,-2.2157574,0.91090816,0.027462868
118140.73,-0.6160707,2.2645874,-0.5643931
115724.125,-2.8412137,2.9598165,0.18860097
117489.76,-2.9034092,2.050519,-0.035179134
118548.484,-3.3102918,2.4189737,0.16358672
121840.1,-2.4579964,2.2041922,0.157957
119199.45,-1.4006741,2.7233763,0.5161284
120741.82,0.49728236,1.9030386,0.60497665
134206.81,-1.0574392,0.8389525,0.2082829
116909.96,0.8698409,1.7290969,-0.5246731
117411.375,-2.1862242,3.277371,-0.15840967
128182.14,-0.17888835,1.6959169,-0.109519206
132578.2,-3.9896197,2.001608,0.053071912
117365.47,-1.5804796,0.90434486,-0.18796237
117463.516,-0.894916,1.8207927,-0.077687144
123658.56,-0.92329526,0.1904453,0.0014199434
128600.42,-0.71117806,1.7257271,-0.43027267
115694.98,-0.5650839,-0.18115386,-0.39922163
123724.836,-1.056117,2.9119444,0.15144345
118861.0,-2.4668374,-0.982748,0.17562868
115020.9,-3.203859,1.1442891,-0.18078755
134598.66,-3.9078019,1.8278064,0.15066747
119889.94,-1.7865301,2.6468878,-0.20917241
119051.555,-2.8381736,2.336409,-0.028455488
134792.89,-1.8849012,1.4758728,-0.25855398
128434.58,-2.2802713,3.0677788,-0.03659312
117956.84,-0.08824444,3.2029376,-0.2188608
120784.664,-2.9176717,2.2917693,0.07004806
119430.94,-2.064482,3.0244598,0.037917107
121314.82,-2.0690825,2.7184649,0.06536955
129697.11,-2.2799692,1.0616274,0.5480013
125226.61,-0.79643446,2.0756977,0.20734303
122694.26,-0.024345288,1.8106788,-0.20937029
134507.61,-2.8917572,2.486285,0.047174603
120401.67,-1.2240233,3.0174356,0.1020318
115691.19,-1.8580331,2.4733849,-0.24659605
116636.23,-1.9426647,2.754707,-0.24375646
115427.74,0.8204877,1.8385019,-0.052253917
122745.766,-0.9349296,2.545619,-0.1410938
133027.08,-1.7584261,3.1990263,0.10533239
118002.56,0.68656033,3.0042205,-0.23171182
116720.31,0.630649,0.96925324,0.28350565
117126.91,-2.677003,2.9230847,-0.2124748
117332.74,-0.26073167,0.9639607,-0.08226434
121874.56,-2.226311,3.0311623,0.25203803
134000.28,-1.4610304,2.465115,-0.5289565
119941.945,2.0180473,3.191237,-0.33889207
119442.65,-2.419686,0.28767392,-0.025136724
123251.08,-2.8357499,3.1003644,0.08775966
122125.99,-0.9748062,3.0189302,-0.31220192
120858.05,-0.24808583,3.1881125,-0.022415439
130100.695,-2.7243319,1.9334524,0.64014536
120803.6,-3.2930605,2.8261964,-0.17108247
125017.125,2.001113,2.7538555,-0.36486736
117720.875,0.378836,3.3118718,-0.29111403
115331.29,-0.49357277,1.4833556,-0.3636891
134196.33,2.4542003,1.2556186,1.1650316
132187.75,0.48797584,2.844359,0.0153714465
125790.52,-3.8838084,2.9297466,-0.06719595
128355.35,-1.0390404,2.6757271,0.072235934
128442.31,-2.167404,2.8032787,0.1691473
119417.59,-0.71742314,0.8216922,0.047988724
125013.93,-5.2370996,0.7014543,-0.39306834
117017.945,-1.2267776,2.848313,-0.23878084
125005.74,-1.6044909,2.6930177,-0.049529057
124722.15,-4.200757,2.8517177,-0.09404734
129407.305,-4.754174,2.7645996,0.23979463
126237.305,-2.9958646,2.8434103,-0.53209853
126552.3,-0.7954157,0.87202567,-0.18578403
132859.44,-0.6069987,2.848272,-0.17462532
125415.96,-0.9622764,2.5526843,-0.67196816
121529.01,-2.6552055,-0.0841784,-0.3878597
130495.195,-3.6986895,2.0652156,0.3570119
121608.13,-2.5267997,1.6314665,0.12013675
119089.49,-0.31969276,3.1513917,-0.0064331037
129034.31,-2.1025596,1.3510002,-0.024018351
120072.35,-2.4941154,2.6679919,0.14716782
116174.836,-4.0106215,1.6370622,0.27206802
128209.35,-2.3882723,1.6565905,0.20788896
131152.55,-2.7920907,1.9416705,-0.17430647
122391.45,-0.75281215,2.2317863,0.34776992
118903.27,-1.0766191,1.8119297,0.17811276
116344.32,-2.4396088,0.8080123,-0.034001164
118478.25,1.8736736,-0.26818743,-0.18131024
132277.98,-2.1082718,3.1362748,0.0430593
133841.78,-4.4051394,2.9083292,-0.10165305
124290.16,-2.6501217,2.3266628,-0.1801129
127696.16,-3.377311,1.6276785,0.013604339
131740.98,0.88780916,0.9715266,-0.01107824
124937.99,-0.3044263,2.8132167,-0.13490148
118363.04,-3.5152752,0.95597607,-0.52878577
132462.73,0.5808763,2.7356358,0.31006885
131086.17,-1.9357615,2.3943744,0.26949453
127277.5,-1.2565018,1.1696584,-0.3708916
124040.16,-0.9103849,1.7482401,-0.34315607
125109.99,-0.5698712,2.9923434,-0.28449854
117870.73,-2.483441,1.0567857,-0.13951324
122278.08,-2.9937396,2.2091734,0.34670132
128159.97,-0.43263102,1.3613551,0.20440838
130800.414,-0.26241478,2.315262,0.2529809
134289.73,-1.766463,1.8247235,-0.018968537
117240.54,0.8634763,1.2688106,-0.41764933
123661.945,-0.68875694,2.7026827,-0.0182164
133800.25,-0.10919217,0.9398511,-0.25412816
126468.46,-0.89907086,2.706576,-0.2547444
116272.04,-1.4138603,3.0290504,-0.17961822
130425.84,-1.0883988,2.891331,-0.30921748
131215.06,-3.0538561,0.009173534,-0.121147245
118696.49,-4.072025,0.8218361,-1.2218221
134963.2,-1.8855475,0.95343167,0.41177616
115147.97,-3.165971,2.480887,0.15022466
120209.04,-0.96242756,-0.044168644,0.40486804
128133.555,-1.5360638,2.6636682,0.43082574
115313.84,-2.5044703,3.1139758,-0.16251156
124198.484,-3.324429,2.5835361,0.043605227
120361.73,-2.4169543,-0.29927424,-0.8640441
118952.08,-1.240975,2.168944,0.04158244
119881.48,-1.34169,1.7635455,0.6498355
123238.44,-3.5016804,2.457588,-0.018759942
118102.87,-2.4595609,1.3404717,-0.67428184
122503.92,-2.1297014,3.1405387,0.41329414
127242.266,-0.6642288,2.7602046,-0.31021458
129698.25,0.5172103,0.2921131,0.06721175
118402.23,-0.18597792,1.3530536,0.18025951
116131.375,-1.7099204,2.1590931,0.19031206
122127.94,-2.589648,2.4701443,-0.08611473
116907.875,-1.8071941,1.3427303,-0.18616487
120925.31,-0.7768464,2.615359,-0.79818493
118638.06,-1.6845139,2.7878954,-0.8877602
117588.82,-3.5761669,0.27959928,0.24145982
122548.234,1.1937957,0.087421425,0.037529714
134544.12,-1.3766344,2.8221672,-0.16167746
132629.1,-2.1738453,1.5888228,-0.47036543
123064.6,-3.672211,2.997175,-0.09676773
123397.89,-4.538301,0.5850294,-0.12576824
115246.984,-3.431296,-0.6019609,0.09575246
117231.97,-3.107693,2.1898985,-0.14556074
131446.28,-3.1607254,2.6321275,0.005879728
118677.49,-1.0497473,2.8721218,-0.20103449
122526.18,-2.577976,1.3274784,0.20563492
117377.74,-1.9436438,1.7254694,-0.25193462
131258.83,0.27207464,-0.25048488,-0.41409096
125976.67,-0.43612948,2.3212168,-0.06812152
125503.98,-3.9690607,0.8196283,-1.6856477
115567.53,-3.2586477,0.50734544,0.5914978
125815.945,-1.3455149,0.34280667,-0.24057299
125262.54,-1.9468496,2.5839972,-0.073279805
121090.47,-2.8288786,2.6769044,-0.97649735
132794.34,-2.2598403,2.0923336,0.507455
115021.57,-2.2136493,2.8960147,0.22472146
119055.945,-2.8698232,1.4693483,0.070042096
133456.83,-0.629799,2.6625464,-0.057984352
130145.266,0.42621097,2.727087,0.7965608
117011.25,-3.619041,1.6520786,-0.06382027
134024.44,0.6617653,0.7701295,-0.9371114
126142.13,-1.7376673,3.039206,-0.30609986
117646.94,-1.496224,2.6889787,-0.043014303
128757.97,-0.9629838,2.8482924,-1.0978168
127117.68,-0.63807505,2.8839617,0.40209788
127895.24,-0.84398055,2.4803894,0.08423438
134624.61,-3.259207,2.2269056,0.20987777
123541.32,-3.0219195,0.9956575,-0.47502336
118886.62,-3.9113836,2.82286,-0.050737128
126078.82,-0.35819754,2.3537006,-0.1551219
126035.76,-3.6873019,2.8372707,-0.15800796
133413.1,-3.7777338,2.4471478,0.3179216
122491.26,-1.5083612,2.1025083,0.5275345
125281.484,-2.0922518,2.871103,0.103680305
132700.1,1.7088586,1.8735086,-0.42790627
118039.086,-1.7229595,3.2367494,-0.446005
118885.4,-0.81666,1.2664704,-0.23335019
131547.1,-1.966275,1.3057287,-0.1099665
134738.62,-2.191248,0.8562723,-0.22743084
127111.695,-1.8846855,1.3630099,0.35299674
125918.69,2.1839762,2.4692576,-0.12694146
116751.586,-3.2560577,1.7434055,0.023867268
119893.23,-2.8702672,2.3127048,-0.24997233
118512.125,-0.8326858,0.48915184,-0.28860253
126858.08,-3.005249,1.451941,-0.7209832
123505.984,-0.16337153,2.704107,0.87027335
125573.37,-1.9752399,0.53347343,-0.048638053
117654.16,0.6637173,0.5642691,0.12429795
115536.59,-2.0453732,1.2177006,0.13904509
116543.48,-2.3757489,1.7293311,0.77557844
124601.06,-2.3964982,2.123117,-0.28207943
125112.055,0.25248078,1.4719554,0.3146109
116892.53,-2.3029785,2.0609694,0.06060104
119041.336,-1.163777,2.6162755,-0.01005016
115280.35,-1.196741,3.2721837,-0.07927367
116507.77,-1.5142627,1.4160557,1.0081297
125005.64,-0.59129006,2.1746898,-0.32350186
124498.234,-2.7493927,2.8958797,-0.17476478
120092.586,-3.3306506,2.0943081,-0.43133977
127678.484,-3.7093499,-0.6608587,0.55274004
118687.04,-2.14126,1.0541496,0.04859663
124240.33,-2.5353198,0.038024303,-0.27777013
128031.04,-3.3683012,-0.5064431,-0.28874528
127687.58,-0.7651022,2.1355004,0.19156006
129803.68,-2.2299871,2.4773567,-0.65751636
134158.33,1.9184874,0.59734243,0.0076063075
118112.875,-4.1223516,2.4188738,0.12213272
120423.305,-4.615351,1.475694,0.22978202
129870.47,-2.1886678,3.178949,0.057951868
128376.07,-2.350151,2.040594,-0.2968954
122910.28,-3.3673851,2.2220807,-0.35088187
124167.875,-2.6958177,0.26658234,-1.6348827
129436.49,-0.99960124,0.71857655,-0.19430816
127800.71,-1.6731176,2.3853505,-0.13028257
128257.88,-2.4826493,2.6972148,-0.53520215
120723.766,-2.0641167,0.8863555,-0.1328915
117421.09,-1.6192275,1.9459109,-0.08354184
122275.91,0.02495695,2.5378654,-0.058799665
130411.37,-3.390076,2.7306125,-0.21399039
122160.7,-2.833829,0.18935278,0.012111983
127376.53,-2.225705,1.9406126,-0.5637828
126834.15,-0.58299816,2.500997,0.2838102
122168.93,-2.6312153,2.6797402,0.076668896
133073.25,0.15823129,2.043776,-0.74285954
128901.586,-2.9643958,2.8988113,-0.7517276
132366.08,-0.0017995152,2.765558,-0.0018743849
119526.6,-4.42895,2.725363,-0.24120057
115843.836,-1.1835737,2.9997993,-0.03110436
133149.83,0.3972658,0.87233585,0.19677436
130330.52,-2.7003074,2.954775,-0.13345113
119036.62,-2.6215963,0.19684742,-0.20595318
115627.86,-1.1732553,1.2786041,0.1124336
127228.164,-3.7580192,1.3185681,-0.097956724
115691.66,-0.9016477,3.0734465,0.055253826
130713.42,-1.9568269,1.0165421,-0.067384884
125047.984,-1.4998289,3.0690475,-0.8063074
133417.03,-0.5378694,3.0861259,-0.4236411
117882.58,0.57529277,3.0936115,-0.11352485
134425.69,-1.613434,3.1165776,0.2724858
117985.3,-1.0737386,1.1892713,0.9785311
119911.99,-2.7827885,2.6037788,-0.48605812
125352.125,-1.1047522,2.2301667,0.010720945
133698.9,-2.5336776,0.71767235,0.23881958
115291.89,-2.4215782,2.0415187,-0.16821636
134204.23,-3.7236493,0.5431024,-0.2171822
134558.72,0.7274977,2.802105,-0.24977833
123680.75,-3.0387874,2.6563487,0.04190189
132260.36,-0.6792965,2.9113395,-0.38920695
125072.83,-0.19857211,2.691599,-0.019210508
122069.9,-1.9407556,1.3987489,-0.1010073
131571.61,-1.5667306,1.0524893,0.3605986
119470.49,0.95946395,2.322024,0.2762757
118351.805,-2.4610436,1.9768132,-0.2047162
119872.445,-1.257213,2.868759,-0.43480188
128194.22,0.24572837,2.8155856,-0.11022784
127039.46,-0.7279761,2.9184113,0.11519779
117362.11,-0.044154767,0.11588927,-0.43210682
118252.03,-2.2969801,3.060974,0.15141365
133107.66,-2.2324405,2.117763,-0.5818514
120905.81,-4.41845,1.2035716,-1.0141021
127562.26,0.85980356,3.051114,1.8780375
131956.9,-0.41808575,2.2827084,-0.14118499
118995.5,-1.396686,2.8333004,0.213617
122555.02,-2.329405,2.8962455,0.5338144
132630.45,-0.3635565,1.1406441,0.43139848
128925.46,-2.543119,2.0842686,0.50224906
121871.91,-1.7981693,2.3797948,-0.9378355
128781.93,-0.017457193,0.94375336,-0.27658442
127324.08,-0.7359804,2.33289,-0.13128918
121484.9,-0.90594965,2.8344488,0.57213587
124723.766,-1.7009803,1.1399804,-0.05362648
130173.586,-2.875344,0.53279763,0.10776223
126151.12,-2.8360806,1.8045853,0.378008
118644.234,0.5191162,1.6343857,-0.36284098
120459.96,-2.3040063,1.5756202,0.488018
119815.93,-0.8273568,1.8896201,0.061249476
132004.7,-0.3128143,1.8624074,0.19142953
127239.66,-3.0811489,0.35940728,-0.054919478
118850.6,-0.66011727,1.3272668,-0.0010215249
118753.7,-0.8940801,3.056299,0.3271487
115090.07,-1.7104497,2.0881996,-0.2711043
117112.57,0.0025537617,2.6702225,-0.046378065
123290.17,1.3492428,0.6187303,-0.31843773
120040.11,-1.3378712,1.1302906,-0.25433198
123344.68,-1.2673402,2.556347,-0.05768427
120049.086,-2.4338717,2.7406275,-0.14166029
134101.34,-2.0285127,2.020343,-0.25743738
119394.27,-2.187857,2.434686,0.06293017
129684.68,0.09661175,0.27609897,-0.09626531
120964.66,-1.4883393,0.74289733,-0.17638767
122072.65,2.7485223,2.0970442,-0.2623811
133805.47,-3.011595,1.9086063,0.24357021
117222.54,-1.2267101,2.6583757,0.1958625
133667.58,1.308997,2.3924358,0.055160854
132067.69,-2.4088748,2.7202797,-0.1101
118410.21,-1.3736696,-0.39140844,0.3014258
117751.664,-0.29292595,2.3719718,-0.29245055
119740.23,-3.256284,3.0919468,-0.49217206
125939.71,-4.403773,1.818041,-0.13148825
119544.04,-0.8981413,2.2223222,0.029310433
133607.42,-1.2652669,1.9840149,-0.3990339
121030.94,-0.681614,2.9875014,0.35005435
119242.56,-0.80670357,3.1367486,-0.45441526
115327.836,-3.8537393,1.9663316,-0.18809885
115936.44,-0.041993625,0.8435617,-0.39659333
130093.72,-2.7723134,2.6618695,-0.20380822
115601.07,-2.0954409,1.5464644,0.11267497
126856.51,-2.770085,1.3211957,0.0020016285
126072.17,-1.3728063,1.3401033,0.41630208
122269.26,-2.231446,1.3287328,1.8235617
134155.42,-2.9928222,1.751101,0.1537231
116057.66,-1.3768716,2.7220042,-0.1705741
133595.08,-2.4329777,2.0020099,0.24878332
130645.305,-2.9213412,-0.11295504,0.17021054
132283.77,-3.2805607,2.6787376,0.020989833
118321.11,-1.3362876,2.83243,-0.0923002
132246.5,-0.029461423,1.4936666,-0.081536934
126632.68,0.41926777,2.6867077,0.3888425
121786.75,-3.047183,2.0982912,-0.07190754
121491.41,-0.49102795,2.7589912,0.74839896
128295.516,-3.2935255,3.0783734,0.2998846
117766.266,-1.7953186,1.3453511,-0.5813835
125101.5,-2.6541755,0.6400839,-0.118645586
130932.92,1.8029652,2.6231816,-0.07248327
128719.81,-1.0924256,2.9860458,0.123287745
131762.11,0.090515785,1.5037998,-0.106681705
134290.53,-1.7920041,2.47114,0.001973021
120933.08,-3.2066262,2.8280828,0.24675697
118571.93,2.6758158,2.3222756,0.5740609
129001.69,-2.0000072,1.0327452,0.523179
131759.67,-1.6591448,2.3146007,-1.0223569
115923.14,-2.8408988,3.0604632,-0.1682113
118683.836,-2.1397238,1.7922661,0.20307039
121890.914,1.7300442,0.94953555,0.3840293
115490.625,-2.3116949,3.045225,0.06663543
118764.27,-0.5847505,1.5630845,-0.3894218
115188.1,-0.765977,1.5550683,1.7293084
134096.22,-1.2659785,2.9487371,0.017547403
121501.34,-2.1403964,2.2516127,-0.03469847
123875.76,-0.8471835,1.4417212,0.64017993
115406.17,-1.8725777,2.6483917,-0.061134152
118053.586,-4.040389,1.8573723,-0.025634672
116603.58,0.16046406,3.0383863,-0.4562801
133609.69,0.34061396,0.6244533,-0.0924778
116004.56,-0.32602015,2.5514934,0.39399123
127659.39,-0.7464627,1.3869973,-0.32753402
121803.664,-2.465226,0.9634863,-0.3752888
118995.29,-0.8405899,3.0976162,-0.024317537
117017.45,1.7083303,0.36153078,0.12320252
116021.79,-0.7360041,2.2129996,-0.3636754
118594.33,-0.7609301,1.7406347,-0.45443642
125901.45,-3.24611,2.4301383,-0.6406737
130549.06,-3.5279117,2.4907036,-0.5712264
126110.14,-2.3809853,3.083894,-0.4031772
123058.66,-2.318968,2.954317,0.18835422
126051.12,-3.691331,2.3852441,0.12400948
127969.72,-3.9567776,-0.18432191,-0.3958534
126475.555,-1.4219787,0.695313,0.27155307
126948.3,-0.8681216,2.916343,-0.084102966
129550.41,-4.377549,2.5689616,-0.25950783
122968.766,-0.13316172,1.5891193,0.16571559
116177.52,1.1167957,1.2755158,-0.06250761
115359.67,-1.8783199,0.9513465,0.04289421
122599.97,-1.4991201,2.677056,0.24189429
124668.1,-0.9259265,0.18935686,0.8743189
127796.8,0.0607599,0.9757909,0.27935994
115983.58,-2.2898984,2.8098214,-0.11186383
119565.8,-2.4437716,1.1964984,0.022470865
123962.37,-2.212897,2.8897886,0.3585448
127465.23,-2.327201,2.940991,-0.59682024
128939.7,0.0771825,2.1328518,0.015601498
115404.125,-0.59539676,2.747428,0.4460008
132944.72,-1.6499237,1.6596769,-0.02315238
128707.11,-1.6415495,2.447772,-0.1523884
126424.14,-0.46094143,2.7646172,-0.039677065
115790.71,-1.0683523,1.2672158,-0.24532987
115973.26,-3.594884,3.0285983,0.061725076
129675.74,-3.6997902,3.0652418,0.4283059
124127.07,-2.3436368,2.6399813,-0.2388628
127893.734,-1.262396,2.7826638,0.21080275
124918.8,-1.8131853,1.7115003,-0.15821716
125082.66,-3.0078802,1.8766283,0.13722911
130267.73,-2.3233137,1.9745485,-0.56866753
119034.02,-1.8714105,2.5864632,-0.24422073
118331.36,2.1133373,1.2106292,-0.16583657
122186.23,-0.85761833,2.6083927,0.029977346
129120.8,-2.7715337,1.1238487,0.035177942
134741.9,-1.7170644,2.680833,0.26176038
132328.75,-0.93758154,2.7051497,-0.18925269
124792.44,-1.9803047,2.3577209,-0.12067761
127807.93,-3.5750248,2.0211146,1.2517831
115898.555,-1.9187202,1.3660347,0.022907129
120335.305,0.07989056,1.393063,-0.14113285
123982.46,-1.1606746,2.6253242,-0.62027836
118226.625,0.39247513,1.3163996,0.0547228
116938.81,-2.8566175,2.3134272,-0.18520801
134279.83,-1.1945144,1.5033829,-0.15429883
130034.39,-3.1225832,2.25644,-0.2969288
123419.945,0.30773982,2.4191003,0.2587733
121987.664,-0.027832387,2.5515106,0.03066452
133649.22,-0.9083726,1.7527648,-0.042218957
134188.27,-3.148983,2.2486637,-0.07140185
118495.7,-3.1609607,3.0750487,-0.10195283
119315.7,-1.7651037,0.66852903,-0.3324852
122430.47,-2.0703301,3.0422075,-0.11409551
119841.914,-0.53102577,2.9848506,-0.026250925
127712.77,0.5430365,3.3392575,-0.19154009
119842.805,-1.4444491,2.3386245,-0.21101551
120149.875,-2.8242788,0.29310292,0.8768429
117694.38,-2.6123898,0.6590665,0.14966144
130745.8,-3.0739565,2.382338,0.4249308
132055.66,-0.26858687,0.83522546,0.2018051
120554.016,-1.2071372,2.77197,-0.14741665
130242.64,0.39168024,2.2143364,-0.119118206
123927.52,-1.5182931,2.904364,0.0004866249
120338.48,-0.26553404,1.9044958,-0.38421613
130326.6,-1.1374121,2.1403441,0.0657474
117524.05,-1.8921257,1.1207876,0.107073866
115145.266,1.1454585,2.908104,1.0839485
116340.84,-2.25923,2.8089304,-0.053833883
124333.99,-3.657793,2.8966975,0.15598845
118601.45,-3.5408611,-0.4129443,0.32058448
119062.375,-2.2960474,3.0211725,-0.16721718
124142.15,-1.251378,2.161498,-0.515966
115210.44,-0.91854286,1.1334572,0.21891177
129872.87,-0.74433184,2.837567,0.02728109
124648.12,-1.9029734,2.4338377,0.19461212
121151.81,-1.2875068,3.1137218,-0.5043138
134053.27,-1.0889784,2.6410303,0.22877061
116582.55,-1.9797434,2.5057516,-0.0832063
121860.984,-2.5211616,2.5623198,0.043575425
130111.04,-2.771805,2.117271,-0.022670224
132220.19,-1.9754127,2.8894417,-0.012056855
117571.59,-2.5716202,2.9713514,1.0450357
129108.78,-1.0455221,2.8636596,0.020737134
124837.06,-0.39327207,1.139166,0.3508476
121226.14,-1.4694813,2.5016367,-0.19646266
130917.98,-3.158067,0.93666613,0.04144
133312.84,-1.2945248,0.83277434,-0.15484893
132547.9,-1.9365102,1.0105321,0.09802854
125736.77,-4.742546,1.4868736,0.048746224
119805.766,-3.5939422,2.4495738,-0.9709657
116285.28,-2.8026412,2.7253194,-0.35660696
124026.1,0.5540458,2.087964,0.061776925
134713.97,-3.9100583,0.6235177,0.3657378
119077.086,-1.2446105,3.1424298,-0.28105196
134608.95,1.3281081,0.35995454,-0.5331031
128504.99,-0.76567256,3.085236,-0.22560324
126170.58,1.3533618,2.7360554,-0.3148183
126890.195,0.20972979,1.4377238,-0.15147296
133369.47,-1.6793276,3.2944114,-0.19877301
126879.1,-1.8917524,2.7154984,0.10871045
125480.59,-1.2604686,0.6116983,-0.06138
129624.1,-3.8325539,0.8215104,0.82669824
118954.02,-2.532784,1.0481424,-0.37483317
115541.56,-0.52740985,2.7280662,1.2278428
119949.86,0.5412835,1.633676,-0.23258017
126844.27,-1.6978056,2.8794653,-0.9325372
128892.99,-2.2240682,2.112861,0.36717352
115973.52,-2.4265976,1.1608372,-0.14625208
131731.5,-0.863238,2.562336,-0.8817458
127872.07,-1.7558296,1.0754846,0.022868985
120684.51,1.0774467,3.0329072,0.34655768
118922.734,-1.3664461,2.5105884,0.0809785
125785.13,-2.7403882,2.805683,0.13620164
116507.25,0.51688033,3.1958663,-0.31158835
122397.66,0.7560103,2.698284,0.08125384
120280.98,1.5695565,2.9443877,-0.4555119
132823.11,-1.0206147,1.0593008,-0.039231263
119727.8,-2.318388,0.44309118,-0.021446956
123194.195,-3.6488414,0.3946476,0.15143988
121025.37,-0.5979167,2.839132,0.09985704
118914.055,-1.5787349,0.16281764,0.06995032
119644.44,-3.09653,2.9302905,-0.10786683
116340.88,0.85514516,0.31028128,0.06683151
115556.88,-2.939304,2.8417034,-0.022211015
134822.36,-1.1202556,2.5764914,0.13771187
133859.5,0.20014295,2.1075454,0.3283359
117166.51,-0.960201,2.5705318,0.9297077
120530.78,-1.0897899,1.7246938,-0.4662242
122620.52,-2.3357658,2.3402715,0.1516723
115048.67,-2.6416738,2.6489573,0.49700016
122399.97,-1.7729888,3.1252496,-0.08449751
117859.75,-4.0746107,1.5443492,0.22143698
115835.445,-1.0520077,0.9816014,-0.3419021
130614.87,-1.222456,0.69587237,-0.52432925
121194.39,-1.1081598,0.9905959,-0.16728036
118427.234,-0.64746314,2.9842362,-0.29172015
123010.125,-0.22267735,2.7546852,-0.3381262
127911.6,-0.9543723,1.3418491,0.32828763
120852.055,-3.4754918,2.5063186,-0.22115657
126848.766,0.6779943,3.3806438,-0.20059197
117175.69,-1.3374817,2.5761352,0.07917801
118115.14,-1.3827103,1.410959,-0.11420755
130116.86,-0.5750882,1.5887748,-0.6427442
132547.27,-0.5899462,2.8261182,-0.038646
133349.86,-0.44643098,2.901022,-0.22104928
123957.19,-0.64417,2.8904045,0.25191823
126675.8,-0.9948133,2.3507948,-0.32581487
117278.49,-1.320714,2.4004772,0.75676966
126650.5,-3.925089,0.27604854,0.094929405
119504.99,-1.4458163,2.7794402,0.072761
117989.18,-1.7012393,0.34253213,-0.23638318
115558.14,-0.14023028,2.2158322,0.11555181
130661.04,-2.2678761,2.1673071,-0.6524442
116563.94,1.9644841,0.15242577,0.15892191
127348.7,-1.2470255,3.0117943,-0.26763594
119126.33,-1.1083082,2.6436763,-0.17801769
117198.84,-3.2154317,0.27731165,0.16765673
126902.02,-0.50723565,2.523222,0.28389063
132428.66,-1.143992,2.894522,-0.23395632
127092.77,-1.8631389,2.2298672,0.14331475
123883.57,-3.6377077,1.1486123,-0.43643162
127338.07,-1.3558725,3.0916092,-0.14580628
120184.72,-1.3764524,2.1534433,0.087619595
131197.92,-2.9086945,1.5647244,0.41462496
131545.73,0.3025152,0.4045873,0.008974698
116692.47,-0.46226704,2.635478,-0.10252826
132040.55,-3.374243,2.6158357,-0.0065433616
134958.78,1.1299767,0.88231,0.31813914
127372.305,-1.3467748,2.9315746,-0.18930393
129227.06,-2.0554032,2.8714628,0.15301687
134659.23,1.8434135,1.7274055,-0.6081795
120149.695,-2.375617,2.069124,-0.118392885
130343.8,1.7235302,2.836873,-0.30168986
127918.98,-3.6355035,0.5989551,-0.17543527
126866.21,-1.4342718,0.1557825,0.45325577
119481.07,-1.1285846,0.8040421,0.14324443
115140.18,-2.4881954,2.9332395,0.076917425
131565.95,-2.467213,1.7613189,0.8277239
118396.95,-1.0231214,1.961701,0.13020776
133201.64,-3.2931414,2.8056722,-0.45066917
122860.94,-0.9157442,1.1122396,0.47986907
125472.24,-4.559443,2.17453,-0.075935535
118412.18,1.0481793,2.7662127,0.06779165
122332.93,-1.0267658,0.79325485,0.37194026
122645.7,-3.4274294,1.2419611,-0.5668921
130725.87,-2.9509783,1.3916109,0.2969261
128703.305,-2.7044806,2.6533577,-0.655518
132792.7,-3.9495401,2.5254617,0.09863169
118265.56,-3.1529717,3.1433861,-1.0690562
122418.03,-0.4842597,2.5038092,-1.2362192
122849.78,-1.7242814,2.584783,0.45693123
115571.24,-0.15474178,2.871789,0.5232231
119531.586,-3.7930589,0.59709674,1.4931204
117104.93,-1.0615535,3.0662038,-0.86719745
130780.81,-2.458763,3.1872551,0.41141617
123786.12,-0.39065322,1.1955726,-0.2981768
122620.44,0.2101634,2.5271063,-0.00024018351
120433.62,0.4726395,2.2124064,0.12110106
128203.6,-3.9469044,2.0779834,0.22614469
119751.73,-0.8797622,2.5499146,-0.01576003
128398.15,-1.9300361,2.7204912,0.020221604
122800.15,-2.557704,1.2051842,0.0022340643
123779.16,-0.47497043,1.0358084,0.014346941
127755.914,-1.5652077,3.1436436,0.4535937
132036.6,-3.769684,1.0603544,0.06810812
130511.42,1.1739552,0.12508047,-0.17869265
132847.28,-2.2808986,2.7433894,-0.15601766
132057.72,-2.2538376,2.957508,-0.4470554
128883.49,-2.2273717,2.787362,-0.46130878
116559.49,-2.3246977,2.762689,0.54693985
126679.59,-1.3999164,2.5023656,-0.1202929
119583.37,-2.1948025,2.9635637,0.32017446
130440.91,-1.1789056,2.63888,-0.070825525
130389.805,-2.5526066,0.93027467,0.42740715
125451.43,-1.187597,2.0394397,-0.090043485
127527.41,-0.2426642,2.728723,-0.009557575
132871.3,-2.2324662,1.9554108,-0.6531579
121681.83,-0.97513026,2.7864556,-0.46976468
118158.836,-2.0330842,1.4923065,-0.08695835
128447.08,-1.1228176,2.1066976,0.22898339
120937.26,-0.15717259,2.9164767,0.015472168
115713.59,-0.50465465,1.4806073,-0.45523268
123100.09,-1.6730077,2.4066432,0.16898161
118832.65,-0.7266866,-0.31320253,0.02759339
127112.16,-2.7215993,1.7039032,-0.25910586
126723.06,-2.8188753,2.973774,0.25820592
123688.414,-2.2830098,2.34715,-0.2725314
123481.36,-2.0411038,2.1926734,0.45361218
133488.81,0.44524348,1.3804256,0.19999449
133535.77,-2.9772027,0.1567236,0.11804841
133000.08,-2.4169066,2.4959896,-0.04057045
115105.766,0.13291994,2.6290221,0.38978654
127882.03,0.2134139,1.6573001,0.20617549
117422.266,-2.6227639,2.8209386,-0.67599916
115684.43,2.3722258,2.605268,-0.8156843
133228.36,-1.7709221,1.736369,-0.21787237
124422.586,-0.823401,2.9290373,0.48317024
115261.63,-2.3738515,1.467349,0.09084569
132113.14,0.026015308,2.0560367,0.10083923
119264.836,-2.0817182,2.5219657,-0.27400795
122573.42,-3.2564988,2.5740266,-1.1209489
118333.91,-1.6482712,1.7891736,0.16579904
119637.25,-0.06905558,2.5275745,-0.06762805
127693.99,-3.2453883,2.4752078,-0.52874404
126616.01,-3.5897288,2.8323364,-0.21421091
121995.125,-1.7289625,0.8535118,-0.6511789
123410.03,-2.1628783,3.0244682,-0.25837994
117213.88,-1.7807816,2.9708836,-0.035868395
128406.17,-2.3637998,3.2607143,-0.13167658
131070.03,-1.6765971,2.5038886,0.3679662
127685.55,-1.6033425,-0.556248,-0.3469716
115423.91,-0.54279995,1.7566098,0.6317801
122258.766,-2.9182034,1.4253306,-0.2716702
120089.57,-2.7489786,2.4172497,-0.4469803
116125.44,-1.5485392,0.4737672,-0.69349265
124965.984,-3.8869495,2.0657823,-0.033054136
121130.07,-0.20863321,1.9140501,0.41328818
130750.64,3.268843,2.566953,-0.33651528
134900.83,-1.6509979,1.673504,0.4983346
131299.66,-2.4133759,1.2391071,-0.0337282
131229.73,-1.2480322,2.1169224,0.14920849
118896.56,-2.7315204,0.21795261,0.08104763
131965.8,-0.36671054,3.091575,-0.12478308
122019.71,-0.08968956,2.1373508,-0.62656426
122152.66,-1.2684774,0.30850488,-1.2293605
117105.38,-2.2936645,2.7749805,0.17653339
118658.61,-3.9013567,2.9216585,-0.61350614
117551.555,2.6454883,2.4051692,0.74149865
128684.89,-2.652456,3.092954,0.220394
115377.99,-0.7656271,2.808001,-0.3533281
117655.58,0.3342924,2.1601174,0.3886482
127316.58,-1.4613239,1.6268226,-0.046212677
121507.18,-1.0917609,2.9241579,-0.013278035
127279.75,-1.42645,1.9995673,0.027263807
119006.76,1.1875764,2.3980598,-0.032118138
115913.055,-1.069283,2.6359475,-0.24844988
120284.85,-0.6252635,1.306118,-0.03631509
118621.89,-3.2219567,1.7430803,0.37817073
128173.945,-3.9578238,1.7481507,0.13957433
123031.164,-1.6367419,2.9857566,-0.0042428444
120574.88,-2.6545358,2.707932,-0.22301456
128121.55,0.5869619,-0.19781525,0.3197954
131692.44,-2.0877304,2.9885726,0.14527914
117347.07,-1.6660818,2.0404787,-0.12953699
132350.44,1.0687264,0.05544361,-0.30693814
119576.29,-3.3522995,2.0663974,-0.10343565
119541.41,-1.6858351,2.4182167,0.25161248
120203.086,-1.7594771,1.1220828,-0.7273943
132895.77,-1.1513609,2.3630984,0.0029575946
131372.27,0.56903636,0.28066772,0.5015166
121042.766,-2.086443,2.0106041,-0.16357689
130062.9,-1.0730525,2.5146928,0.004703842
118235.02,-2.121271,2.085664,1.001628
116855.266,-2.9444196,3.054071,-0.033675753
119107.29,-2.8655186,-0.4533609,0.037843205
121174.24,2.1858096,2.7514753,-0.112761386
122429.22,-3.7265236,1.3052665,0.21123663
120868.85,-3.741134,2.698708,-0.11767353
128053.46,-1.78607,1.4444846,-0.13538095
115070.76,-1.4241802,1.8823494,0.0744262
124312.76,-1.2244928,2.638315,-0.19270495
116352.17,-3.3859975,2.0609448,0.1278566
124608.77,0.34579208,2.8160326,0.23433179
116837.04,-2.2010252,2.0926218,-0.19823363
121478.984,-2.193764,0.4844472,0.47307658
116064.81,-2.2151213,2.6629133,-0.37626982
129227.05,-1.0569767,3.0387888,0.33616006
126809.97,-2.3954659,2.7044437,-0.41575766
119499.21,0.08409884,2.0857325,0.13807362
123572.07,-1.9309033,0.5422883,0.29868844
129885.2,-2.9278162,2.1043825,-0.04026441
124528.8,-3.9813604,2.150816,0.6331055
118711.06,-2.3891234,1.1195176,-0.24242562
133744.3,-2.347671,0.76757705,0.042720184
115986.23,1.3578061,2.3181386,0.23978211
115149.64,-2.7139614,1.546483,0.43617412
115508.12,-1.9115732,2.460313,0.036089808
124408.27,-3.853923,2.1400046,-0.640452
121250.55,0.66401356,3.1804893,-0.07246062
116559.96,-0.69937396,2.909809,0.072143555
115890.664,-3.984137,2.3941023,-0.014013188
115129.15,-0.57307863,0.84856325,0.10516968
123507.51,-2.5298595,2.182462,0.44726014
119068.97,-1.4978944,2.9959528,0.25644177
123578.43,-1.3622354,1.8129079,-0.008596543
122603.586,-1.9306002,3.1886446,0.15283747
128096.18,-1.770403,0.61696064,0.20884193
119186.61,-1.7647221,2.7868605,0.7759951
120306.1,1.0857799,2.3622441,-0.0010975135
121650.87,0.18805124,1.1955112,0.17429784
127488.12,0.45432818,1.2023996,-0.030841231
118248.73,-2.7556386,2.93728,0.3193633
122398.85,-2.6350822,3.0157733,0.25286108
126298.48,-2.621972,2.6041102,0.26937354
115251.61,-3.002609,1.6180441,-0.25971198
130337.44,-4.669054,1.5060179,-0.17520314
126816.68,1.1023686,2.437332,0.88686687
120288.97,-0.3429411,0.87777984,0.22778724
115996.55,-3.1000314,3.2317874,-0.11688891
134751.58,-0.7862673,0.3549656,0.20151664
130445.62,-1.1110008,2.7702394,-0.716918
117089.27,-1.0752215,2.8256843,-0.32669994
126335.914,-1.9616845,0.27573603,0.2115537
121504.62,-3.282042,2.8326066,-0.21872224
117021.13,-1.3935966,2.8509438,0.52869487
121304.79,-2.3961859,0.046210825,-0.31395292
125628.29,-1.270796,1.80281,-0.41706046
119582.73,-2.7809896,3.05101,0.023166385
117887.87,-0.33732903,1.017239,-0.31820977
124740.47,-0.9148315,2.2310188,-0.2094445
129337.58,-2.4313161,0.6470125,0.05671102
124242.086,0.28680554,1.8912629,0.16936721
120948.64,-2.7430787,2.683289,0.40032542
120993.984,-1.5894582,0.66602606,0.15238571
126608.87,-2.3515325,2.0011716,-0.12873359
118507.85,0.5502518,1.64359,0.32918102
134238.9,-2.0742793,2.7897055,0.08004756
126846.92,-1.0950658,1.1556232,-0.80330294
120535.98,-0.30030516,2.6395764,-0.56458354
132426.61,-2.3799882,2.1278226,0.06006048
121394.14,-2.5747757,2.501753,-0.9776929
125060.664,-1.6595901,2.9479854,-0.11190644
124364.19,-0.9736958,3.401165,-0.3328842
119722.25,-1.8786387,0.86438787,-0.24357855
122862.52,-0.85343343,2.127254,-0.33263537
118683.016,-1.0927718,2.9877102,-0.0086114425
130139.234,-3.1026301,2.674896,0.20744732
117885.96,-2.618056,2.1489751,-0.66029036
117557.56,-0.2650185,1.763308,-0.060557533
120735.7,-3.3269858,0.97428364,0.22122838
119084.01,-0.9343996,2.6996965,-0.25166583
125874.58,-2.7614317,-0.38888747,0.120238066
132970.31,-1.6617929,1.3364655,-0.18006045
117754.11,-2.614161,2.7307491,0.23543139
122728.09,-0.9168687,0.63828486,-0.15164578
121090.266,0.13189499,2.8356636,0.34671563
118171.25,1.7345222,2.1313732,0.30880538
122089.805,-1.8466126,2.80154,-0.05299801
134873.16,1.0434415,0.4192712,-0.36207008
129955.336,-2.0652666,1.4351052,0.1614042
115461.02,-1.6413949,1.0172961,0.30421266
121635.2,1.9971427,2.209471,0.32940334
128730.93,-1.2768967,3.1173916,-0.29035294
124487.59,-1.5326283,1.9400928,0.044673834
118976.55,-1.8656241,2.7385936,-0.24337412
134179.16,-3.5368903,1.5985457,0.24636301
129806.87,-3.9764452,2.1552382,-0.23717824
129386.06,-1.5535021,2.0763416,-0.22307684
119150.69,-2.5258615,1.8268116,-0.10205504
129522.5,-3.77075,1.9957424,-0.30461287
129793.26,-1.6284087,2.9945276,0.06060879
118432.63,-0.45039093,1.6224568,0.14447455
125990.836,-1.3279502,1.9028205,-0.49034894
127776.56,-1.4551421,1.7992036,-0.57659894
115968.97,-2.6340759,2.531816,-0.5783237
115740.57,1.8488818,1.8682823,-0.5031454
121226.39,-3.3713007,3.136068,0.14493048
131218.53,-0.70088726,0.63747334,-0.2476438
125836.53,-4.83888,2.943862,0.20958693
118984.81,-1.4373598,2.4303362,-0.5345856
118392.234,-2.6138604,1.4411113,-0.78271335
117257.06,-2.348199,2.2666638,-0.2027876
115338.79,-1.6808698,1.5115035,-0.011058871
124041.36,-2.9257052,3.0861225,-1.1397604
134878.5,-4.2177157,2.7441869,-0.2616981
134946.05,-2.724935,2.991387,0.180424
126102.51,-1.438298,2.5223846,0.3062587
127896.97,0.46989596,0.84018254,0.2803314
116638.02,-0.5159336,0.6667365,-0.2960822
126503.82,-4.9226975,0.6808692,0.15502653
128838.42,-2.0249157,2.537848,0.5260731
121583.875,-3.5673845,2.1510446,0.015282048
118186.03,-1.4738919,1.9555902,0.23721637
131555.7,-3.6939898,2.7409534,-0.17285852
122032.516,-2.5519464,2.3051496,-0.33645806
120717.984,-3.5190039,2.3935893,-0.019595815
123387.766,-2.662541,2.98088,-0.4117991
123670.41,0.9112446,2.5754035,0.2493817
128816.3,-1.8400848,1.9583026,-0.06387421
125777.92,-1.8771468,2.9400754,0.1903478
121453.03,-3.128636,2.2037265,-0.013487525
133479.47,-1.6051503,2.1893535,-0.11831004
130654.734,-2.848528,0.99677646,0.29490036
132025.5,-2.61857,-0.33371514,-0.50460947
121058.79,0.6198395,2.6688733,0.13187535
120289.125,-4.708409,2.994688,1.266339
117644.61,-4.3339233,2.7059948,0.592803
124531.4,-2.5154798,0.87832767,-0.78355783
122576.88,-0.8420891,2.8815773,-0.059288375
118743.18,-1.1338874,1.8383671,-0.06602365
118115.77,-0.71544766,3.0726938,0.11084171
122866.38,-2.3826602,0.880868,0.38018933
124672.47,-0.89763814,2.8152099,-0.6738029
133537.28,-2.754853,2.1896598,-0.0627612
116799.12,-1.8470913,2.7465463,-0.33947703
121829.81,0.117452726,1.5101376,0.5241832
128203.23,-2.9094865,2.9616232,0.1266384
120862.71,-1.6326662,2.2163668,-0.13674845
118835.86,-1.9290386,3.0010822,0.12411259
115350.984,-0.5066095,0.8644742,-0.38775957
121810.695,-1.7818445,0.71170413,-0.25423068
126205.445,-0.53291136,2.5184371,-0.18629748
119216.05,1.7484975,2.2150686,-0.1570964
127808.55,-0.61459076,2.2466564,-0.10316895
120835.32,-2.4666505,3.1596909,0.09256273
133349.19,-2.617741,2.41143,0.145328
132278.52,0.050649207,2.830984,-0.05476184
122676.7,0.36917478,2.6141586,-0.21124497
128121.14,-1.8750132,2.5913136,0.4865203
130071.516,0.17305413,1.624843,-0.5445151
123053.555,-2.9134724,2.3659666,0.11695715
124816.39,-2.6879752,1.9916611,0.13984431
133468.98,-2.0455422,2.574242,-0.107820936
115443.4,-3.7330341,2.4921105,-0.17076749
131478.38,-3.0274293,1.7539022,0.15906376
125592.33,-2.1691973,1.6944814,0.6326192
117457.0,-0.8920688,0.6318154,-0.07862702
127794.53,-3.8783855,2.220098,0.37051702
129396.95,-3.7968621,2.8544705,0.65336084
118511.74,-3.5270424,1.7851533,0.082731895
121893.59,0.80356705,0.5871059,0.0028771362
115070.61,-5.5986996,0.87110764,-0.08234957
121035.28,-2.325481,2.0704703,-0.023990339
133977.77,-2.1580133,3.1073375,0.19723387
125741.55,-3.4950209,1.4444681,-0.12026638
124819.81,-0.042714808,0.8594588,-0.10165245
131034.336,-1.2701206,2.9478362,0.528078
129412.99,-1.1213515,3.2062154,0.23986614
133476.58,2.182281,1.851835,-0.58751386
124424.16,-3.7973874,0.57516533,-0.05900498
126581.016,-2.1181424,2.6242387,-0.09850563
120917.16,-1.7032561,2.651598,-0.82327217
124503.86,-2.506152,3.1197293,-0.054466825
118702.25,2.829815,2.0000334,0.0738612
130395.88,-1.8258957,0.9715465,0.14448051
128239.45,-3.2944326,1.8518151,0.30564246
125500.516,0.531935,2.7440357,0.16027898
120534.125,-3.0576005,2.987971,-0.2263974
130119.55,-0.106113195,3.1478338,0.15986894
115450.78,-2.291764,2.661786,-0.27471182
126566.99,-1.3200889,3.032442,0.1685948
134136.98,0.90678173,3.1870215,0.1435913
120755.19,-3.8496273,0.5851513,0.25213635
115126.12,-3.1462073,1.5456868,0.10059606
129215.55,-3.1014915,2.205797,-0.19021013
126472.65,-2.1108155,2.5598776,-0.052739948
123139.91,0.8566743,2.794949,0.4154987
134416.16,-3.6743352,1.186853,-1.4680895
133834.75,-4.3428125,1.0346184,0.16946198
129195.04,-2.1525285,2.314319,0.11273159
115693.6,-1.621047,0.83242315,0.6240948
124680.055,-1.1276462,3.3492625,-0.39312527
126221.65,-2.2306013,2.3280556,-0.2894679
125945.17,-0.6475689,0.16909496,-0.50159585
127508.27,-1.300755,1.4574848,-0.278505
116881.61,-2.0508785,2.526422,0.14582625
115998.49,-2.2607374,2.574874,0.17583132
120384.55,-1.3754703,2.671193,-0.061497707
129241.62,-1.5172796,2.2530127,-0.31571138
130599.92,-1.8911489,0.42000476,-0.15492342
119847.055,-3.079407,2.8071556,-0.00021038407
119340.85,-0.7537672,2.6139464,-0.10789454
128825.7,-1.5815624,2.6961298,-0.6723231
128223.76,0.5264231,0.9026724,0.42061526
117821.58,-1.4034865,3.3506901,-0.23226371
119440.41,-2.166587,2.0588644,-0.32530114
131642.36,-1.6508133,1.7532198,-0.13289061
127782.336,-1.731757,2.9323282,0.38051832
122956.45,-1.2989745,0.53932315,-0.38675803
115916.1,-0.7059176,2.012676,-0.004230627
127610.87,2.1788466,2.6627429,0.36284068
119821.195,-3.1466405,0.097191796,0.5050752
115332.8,-1.0420536,3.0706055,0.0457931
133340.72,-2.9862018,1.4885337,-0.40428784
124144.7,-3.7285569,1.9084567,0.3233159
123181.484,-1.7311392,2.4168508,-0.5033263
115535.55,-1.8971403,2.605837,-0.054737404
121036.945,-4.3080773,2.068464,-0.030903213
117218.875,-0.38400793,1.2862548,-0.25962198
118414.51,-2.4017575,1.9004091,0.025243405
128480.516,-1.6085496,3.1217606,0.035137415
128722.6,-2.7082803,-0.4735875,-0.49165893
119970.78,-3.0560617,2.3805714,-0.106465064
118155.86,-3.0400422,2.548326,-0.24890462
132438.5,-1.6477312,2.0090864,0.8453932
122748.445,-3.2736495,2.0813227,0.32763204
120966.48,-0.7160431,2.738296,-0.30214548
125572.63,-1.6171932,1.1133802,-0.03881884
134496.06,-3.0729263,2.5013714,0.43683746
131492.47,-0.5830681,2.9434571,0.40415046
117490.09,-0.7190663,1.7827497,-0.35401112
132283.11,-2.0575445,2.598797,-0.029586675
133031.73,-3.5515718,0.14623895,0.8076045
115873.01,-4.384799,0.21800888,-0.37498575
128463.96,-1.2589495,2.7153986,0.43896574
134987.44,-0.7107434,2.1653855,0.055850413
117731.57,-1.521084,0.82892793,-0.12403124
134607.66,-3.6120696,2.6398585,-0.6160364
117991.13,-2.4357872,2.5217388,0.16015561
127424.68,-1.2537231,1.8902144,-0.4493169
115035.3,1.7762793,0.9897472,-0.042416528
118914.08,-2.097131,0.9021151,-0.38370538
115742.336,-1.6601945,1.2446722,0.036684602
122971.3,-2.4906971,2.450057,-0.14309394
129210.57,-0.39501235,2.0011191,0.03125455
118915.445,-1.3599638,3.1169348,0.354029
118554.8,-1.68322,0.9193697,0.26426533
123090.47,-2.8467288,2.872455,-0.6790706
121570.04,-1.1862264,2.423199,0.04111578
122742.87,-1.1404939,0.31777725,0.02090103
117477.72,-3.2412248,1.4934436,-0.1058661
131696.19,-2.1669962,0.17611231,0.37236458
128651.664,-3.1535108,2.7709413,-0.026920816
124807.516,-1.247447,3.0212126,0.73672414
128690.336,-2.6764398,-0.5160339,-0.754664
124691.51,-0.44352832,3.041195,-0.31772286
130087.445,-1.9721719,2.3662436,0.1137108
128727.875,-2.9818897,1.842013,-0.10933326
133997.84,-1.7685385,2.805703,-0.71513057
123380.875,1.2312663,1.7564214,-0.1789984
116103.27,-1.8295243,2.1835797,0.08243569
127140.51,-0.42065227,2.1844099,-0.161153
120622.875,-2.2218041,1.0904747,-0.012659697
122406.57,-1.4325261,2.6744423,-0.06302999
118575.15,0.48627517,2.7485003,-0.12881316
116372.0,-3.4927278,2.3976827,0.5068703
133784.1,-2.5216777,3.0502756,0.12369957
125284.734,-3.0779514,1.3276926,-0.14757071
126876.83,-2.959466,2.877322,-0.32545462
130700.57,-2.649926,2.579873,-0.118656315
125064.96,-1.4406792,2.8112519,-0.01559822
123599.57,-2.5830767,2.3329043,0.11128095
123603.65,-3.1319008,2.2386253,-0.6137374
127219.695,-4.027568,0.31626004,-1.0379083
124626.57,-3.398757,3.2679524,-0.08006156
124656.61,-3.0765252,2.6306105,0.12748648
119202.8,0.3878284,3.1207802,-0.23132831
119486.305,-2.294127,2.251392,-0.24832948
116473.125,0.30953315,1.2298585,-0.25332922
121996.625,1.0797522,2.8800051,0.065939315
124625.53,-1.6733319,2.51247,0.30035722
123137.08,-1.7496984,2.7492862,-0.16267069
126690.1,-1.1394007,2.671139,0.7041808
125055.04,-4.1466937,2.7343678,0.4160786
120324.734,-1.2795893,0.37017235,0.0012834619
122534.086,-3.3215086,1.4116678,0.010538572
128850.836,2.106002,2.8536415,0.17950022
126322.375,0.17979379,1.5628177,-0.03495415
119814.58,-1.6015996,2.9666703,-0.2723237
116053.59,-1.0838836,2.6246798,0.06278236
125864.9,-2.176043,2.566134,-0.20374505
120103.375,-3.6336732,2.7819986,-0.016128352
130308.914,-3.9823248,2.947754,-0.28518602
117052.98,-1.6730374,2.9823966,-0.46206778
115304.9,1.5793011,3.3399315,-0.48148033
115277.26,0.47764233,2.8166218,0.32238618
128604.31,-2.450748,0.5756095,-0.74155945
130661.79,-0.057915803,2.1986704,-0.15728384
119518.74,-0.830317,2.472992,0.5814035
118594.46,-2.2513127,2.736006,0.063460596
116342.6,3.4942594,1.8376867,0.9034115
134935.05,-1.2658858,3.2428331,0.5402159
133745.94,-2.647073,1.292569,-0.2040496
119497.945,-1.9161193,3.0985804,0.086223796
126755.61,-1.8970786,1.8946731,-0.31373748
122999.32,-2.7526538,1.3431073,0.011698367
118539.01,-3.63722,1.07882,-0.8331459
128059.06,-3.8650918,1.4971665,-0.067895345
127200.46,-1.5824552,2.979988,0.034443684
122961.09,-0.37272146,2.1198885,0.00025240128
132339.66,-1.2749773,2.5929825,-0.13965657
117561.234,-2.4974682,3.0762792,-1.3877964
120399.086,-1.1859411,1.3070935,0.3700289
117645.27,-0.6766577,2.9820514,0.19876437
125021.49,-0.028651038,2.7254748,0.79260886
122440.42,-1.7981665,0.42922977,0.5018557
118372.195,-3.0959542,1.0259806,-0.06680349
130267.74,-1.9346373,2.6131718,-0.042479403
124768.94,-2.1822836,1.339609,-0.5686237
123965.62,-2.6588073,2.6805077,-0.05562364
118834.97,-0.81368256,2.2133605,-0.4752901
119179.37,-3.125072,2.3487408,-0.28106567
115375.9,-2.6227224,2.598857,0.14785619
116266.32,-2.544851,1.3589988,-0.39043438
126195.016,-4.2701054,3.115457,0.23948233
129614.17,-2.991449,1.2562418,-0.103084914
121052.586,0.42264706,2.5759768,-0.43055576
128492.5,-0.53739727,1.6934676,0.01723272
127599.25,-3.6665716,2.5252848,-0.36367926
120095.86,-0.76012594,2.0368555,-0.38682598
118009.414,-1.7110362,1.8183205,-0.31157017
119511.73,-4.4301124,1.761946,-0.09293343
128159.664,-3.1009963,0.06369331,-0.5088246
132020.27,-1.1700947,2.982279,-0.22489251
129845.23,-3.8275912,1.6200886,-0.4482262
123555.87,-0.09137301,2.870779,-0.09343943
129439.164,-1.4753538,2.8211734,0.124701425
131809.05,-1.7608751,2.5519886,1.3831694
122010.45,-0.92196554,2.174205,0.091206856
118610.66,0.0009977408,0.9056338,-0.66487324
117600.65,-1.0544463,2.9893682,-0.3121614
116401.95,-0.5502604,1.1278403,0.0015588088
128015.83,-2.217677,1.6733423,0.42052883
130900.125,-3.0857213,2.3212562,0.72019917
129447.15,-1.1342794,2.9279535,-0.12068059
120662.63,1.5863283,0.33349243,0.16925398
122042.875,-3.1477857,3.1185598,0.08458006
127056.61,-2.1903448,1.2430593,0.3024253
129418.96,-0.55659163,2.6494737,0.21185407
131649.8,-2.9006925,2.7149959,-0.44327086
121665.28,-1.5115477,2.2778304,-0.28185028
121387.2,-2.3482175,1.9309204,0.10075281
120921.83,-3.2362385,2.5140316,0.5093246
116587.56,0.4801069,3.051741,-0.25668555
121006.625,0.73749095,0.2193324,0.17861815
125310.36,-3.7024033,0.46092442,0.08565403
116656.08,-1.145,0.8648914,-0.050710604
123076.69,-0.5029685,2.0273366,-0.22466157
127842.29,-3.8843064,2.6740012,0.2956787
120368.27,1.2911644,2.6413853,-0.5238325
118157.664,0.12600808,3.0546458,0.1996512
121223.65,-0.035062823,2.0929203,0.15329936
127696.08,-4.783526,2.993385,-0.12721948
125230.78,-2.295073,1.0938678,-0.77173734
131718.89,-2.7062125,0.7877773,-0.30450797
122927.73,-4.3155584,2.6951878,0.20398702
123345.86,-2.5129097,2.2287078,-0.30085665
122907.59,-2.6764998,2.1207132,-0.22989018
126278.234,-3.1371155,1.3257595,-0.23913099
128117.375,-1.1532964,1.9897311,-0.1016313
115077.35,-2.3637066,2.8778064,-0.13789216
118999.01,-1.98186,3.0207758,-0.080833666
115823.01,-0.26757637,1.4692807,-0.320122
125666.71,0.06898532,2.579925,-0.3990515
134060.2,1.7539206,2.2065377,0.29980356
118553.125,-0.37987956,2.6056042,0.49828213
126025.234,-0.15920113,0.6342674,-1.4214084
116878.875,0.12089746,3.1782172,-0.34492108
116072.19,-0.90799266,1.641453,-0.4572933
134172.48,-3.2869942,2.8391588,-0.022420207
127962.99,-3.735659,0.25565282,-0.86110437
130194.57,-3.4840739,1.755307,0.67927563
127647.82,-3.6822615,0.8357262,-0.27915344
128133.016,-1.5428255,2.8102126,-0.022729525
127954.016,-3.4481866,1.6618538,0.1376779
116859.766,-2.6053195,2.6824462,0.075311236
126471.1,-2.4041183,0.6818598,0.04557497
121642.7,-1.3260567,0.83141226,-0.71508616
115255.98,-2.2545993,3.038158,0.08421174
117936.305,-1.983747,1.4972328,-0.114691794
123040.0,-3.4234707,0.3731777,0.24173754
117823.69,-1.4857824,3.3233948,0.04357364
127498.125,-2.0754964,2.271825,-0.34417075
118297.07,-3.673621,2.436912,-0.22877061
116907.64,-3.4485896,2.0742373,-0.72096145
128242.734,-2.6548502,0.5519044,0.25959098
122080.664,-4.521099,1.6601263,0.70316523
127115.555,-0.39950824,1.4004902,0.13025723
117126.16,-2.3001304,2.7050567,-0.19560383
124960.414,-2.7340736,1.2504005,0.15580966
128635.33,-1.4713236,1.6664312,-0.058612224
118975.88,2.0157557,-0.128491,-0.35619244
122531.2,-2.107792,0.54650396,-0.33611566
122623.66,-0.12533787,1.462663,0.58317
124106.76,-1.8826835,0.568497,0.45049456
132237.73,0.32853708,2.0152054,0.43875477
118419.55,-1.697102,1.0058892,0.4623893
120866.07,-2.2520576,2.3394864,-0.08618446
133697.36,-2.075618,2.4750853,-0.011469508
123569.766,-0.61958325,3.0681334,-0.25623944
129419.875,-1.6964414,1.0205289,-0.22961335
130207.21,-3.5316036,3.0105753,0.044312067
132979.73,-2.3752403,2.846226,-0.3351433
129510.03,-0.23668602,1.967876,-0.103134975
116798.04,-1.3376739,2.385984,-0.888746
127516.08,-3.140409,2.7730606,-0.4145198
120285.49,-2.7788916,2.6242738,-0.41566527
118711.914,-1.6868907,0.8680029,-0.4237135
131788.73,-1.4949123,2.3560886,-0.30829728
130865.41,0.8088206,2.2405696,1.1262189
130662.98,-1.7315749,1.6403878,-0.18431462
125831.17,-3.4512208,2.5067532,-0.14408715
116890.96,-2.5431306,2.7597597,-0.592089
119745.99,-4.0329466,1.8451644,0.35160512
115468.29,0.6416217,1.2714576,-0.57786155
127629.28,-3.2789454,2.6228056,-0.32993764
134669.95,-2.5416307,3.0112967,0.11677537
120472.29,-3.5333257,1.5891663,0.6790867
128771.67,-1.460012,3.2377415,0.22893332
128165.58,-3.6010768,0.078434184,-0.06669056
115533.58,-0.98325753,3.351981,-0.26788864
119578.32,-3.3148265,1.0310332,-0.15229124
115902.5,-2.5703697,2.736868,-0.13837431
118526.33,3.8885603,0.6202913,-0.8090316
125500.445,-1.0570776,1.2081935,0.15636691
116176.06,-1.9367633,0.21887955,0.154303
126050.31,1.8415178,1.993144,-0.15061502
117260.04,-2.3981473,1.2134951,0.9551928
125719.63,-1.7124104,2.2347078,-0.08710228
130852.19,-2.8925686,0.18970881,-0.044853225
128700.39,-2.1873329,2.837488,0.17306355
129848.375,-3.4032428,2.1253917,-0.33328858
128168.91,1.3579955,0.44249392,0.21569999
131557.31,-1.2404143,2.1616619,-0.30067816
128899.92,-3.9819963,2.1122193,0.034113508
118218.43,-1.8271161,3.2658114,0.21897674
129393.73,-1.9487655,1.3290045,0.106287755
133794.56,-5.3469176,1.389961,-0.33641186
132738.95,-1.7311323,-0.6492652,0.9697487
125758.055,-1.2272866,2.2488134,0.7973523
132887.97,-4.2764378,0.6253907,-0.26209474
123001.75,-0.73835576,2.173406,-0.089294925
126361.16,-0.2799481,3.212336,0.11853771
130645.96,-2.3974075,0.53857076,-0.25955522
119068.586,-1.3600584,0.7833031,-0.66341394
130768.305,-0.64710844,2.9217513,-0.05615675
127567.44,-2.3789716,1.9015951,0.32617307
123525.05,-1.552736,1.8869113,1.2891432
122924.0,1.0675782,0.51495755,0.11877968
116723.04,-0.7645043,1.4113744,0.32119834
130279.17,-1.5334421,1.1588829,-1.5100588
120180.02,-2.3056235,2.67818,-0.32206285
115755.78,-1.8494089,2.8212025,-0.0016395653
116233.29,-0.9859463,2.4379094,0.08082533
133932.81,-2.311767,-0.11885607,-0.5648639
121912.84,0.263344,1.5440818,-0.008522939
118418.016,-2.2794988,1.6489162,-0.2007797
122210.625,-3.1561153,2.9845154,0.3560154
118387.97,-1.699812,3.0675259,-0.5883632
134310.84,-2.1963794,2.7365162,-0.6429289
116231.734,3.161204,1.1461406,0.1697558
123582.8,-1.7223675,2.8875782,-0.14317767
126947.81,-3.1350856,1.804913,0.11459882
127202.516,-1.5534277,2.337069,0.104907446
134090.1,-1.2537425,2.1352444,-0.17947578
125140.85,-1.8380356,3.3641338,-0.19563721
118747.83,-4.6979904,2.8516924,-0.89454705
122532.06,-2.3557339,1.3466276,-0.016363172
123194.78,-2.198648,1.9919046,1.7714072
127898.305,-3.420077,1.217151,0.22583239
117170.805,-2.3470926,0.39867678,-0.2185485
115473.29,-1.0502095,2.082263,-0.00083200046
124473.28,-1.2518523,0.6890933,0.08995766
117413.38,-1.3665212,1.491513,0.4864184
128147.94,-1.6035082,2.6828728,0.12758839
126049.86,-2.0140078,2.6395807,-0.81523764
125538.03,-3.0457869,-0.6630098,0.08596752
120981.99,-0.6026368,1.8442366,-0.68017375
133529.86,-2.2048817,2.942717,0.052670218
121683.82,-1.4649311,0.8492123,0.051981848
118481.74,-1.7470971,2.587214,0.22963242
116583.97,-2.4738424,0.8718163,0.26320386
120453.77,-0.3151783,2.8186243,0.16057935
130691.29,-2.4556777,2.7580106,-0.26605448
116081.77,0.1801754,0.357817,-0.196145
122640.055,-1.0316374,2.9122825,-0.055585198
120993.125,-2.1040668,2.919185,0.21130575
119281.34,-0.015300874,2.6472979,-0.415482
124246.04,-3.4780576,2.681386,-0.33100238
130374.69,-2.5390868,2.8285685,0.11821171
134294.97,0.32606837,1.5846771,-0.21628793
123715.05,-1.128265,0.90991116,-0.34295106
123481.016,-2.631958,2.0030568,0.17727777
117298.055,-3.263472,3.0023682,-0.27702367
119237.71,-2.113084,2.3717458,-0.183454
130942.77,-1.5995294,1.9230474,0.6062676
134825.89,-3.9608078,2.7528675,-0.18224713
116433.69,-3.111058,2.2220418,0.021724092
127264.62,-2.03635,2.6646345,-0.10579279
132544.72,-1.9953032,1.3962591,-0.12788282
115305.43,-1.4279265,3.1133342,-0.2252364
130740.87,-2.396645,1.2354715,0.05305642
122005.96,-3.8554084,2.7988513,-0.35836333
120229.234,-2.6757877,2.5632567,-0.4512783
128447.14,-1.5978928,2.5072498,-0.031259317
122786.55,-2.97923,2.1383817,0.6068546
117720.14,-0.43380406,0.73402786,-0.29196212
115850.85,-2.298801,2.6165142,0.033616453
116097.914,-1.0283109,2.853244,0.08183552
119439.016,-1.4201523,2.828466,-0.204836
120492.266,0.36352378,2.7710576,-0.25624332
126843.56,0.7821182,3.0611465,-0.12574768
127810.375,-2.5727203,1.1877844,-0.001600528
128498.914,-1.4696323,2.309495,0.09994465
134671.48,-0.7040296,2.6179926,0.6905559
122511.375,-1.2944497,2.820395,-0.0788678
115509.8,2.3220446,1.4481496,-0.09780743
120971.37,0.9230928,2.6308584,0.04912885
120246.14,-4.029942,1.0838847,-0.27135313
125111.25,-3.8226595,2.780332,0.06455364
118658.67,-2.1913092,2.8986242,-0.057640467
117957.914,-1.5478613,1.0942727,-0.49700493
122790.87,1.0493474,-0.21137235,0.256086
117379.96,-0.66038007,1.7214613,-0.37507367
125178.914,-2.2064466,1.5477234,-0.0942321
117532.63,-1.2502867,2.612414,-0.11168384
123948.31,-2.6528387,2.1584036,0.2742946
131280.53,-1.8502764,1.365998,-0.16567715
129453.02,0.15147613,2.9467742,-0.070775464
126807.695,-0.75516444,-0.25771973,-0.22669092
122538.086,-1.8326552,0.94440603,0.33487153
125015.0,-0.9862204,2.7931035,0.4231643
117400.32,0.456697,2.8205473,-0.31530222
115560.48,0.26883587,2.3736467,0.14181942
130488.0,0.41040966,1.9051152,0.6254161
123862.64,-0.501057,-0.2663776,-0.24954976
122183.52,-0.7029464,2.2266839,-0.01511398
119287.04,-3.4915662,2.7989035,0.39508548
123527.87,-2.1991756,0.73140484,-0.5725701
129515.875,-2.7161684,2.5625255,0.36574674
117929.63,-4.39368,0.33915758,-0.17941916
131418.08,-0.75266266,1.9108795,-0.38531125
133500.73,-3.0125241,2.8292077,-0.1346163
132827.14,-1.7496471,2.3445387,-0.40623972
117692.64,-3.3193123,2.5535288,0.32582143
125641.49,-1.894034,1.3943732,-0.013882368
134336.73,-2.972192,2.0817237,0.658655
117664.87,-3.1414883,2.6312187,0.29568288
115013.23,-2.9120793,2.3560884,0.16285723
130658.99,-1.7631485,2.911142,-0.8813811
119566.69,-3.169271,2.9996395,-0.15020052
117623.31,0.8456954,2.514638,0.027856221
132869.75,-4.9823847,0.50634027,0.076818496
116601.18,-1.9891869,3.0508747,0.041267756
125120.16,0.40420488,2.682399,-0.40528196
115010.28,2.4852057,1.1067089,-0.11962837
134027.2,2.6210465,2.8798194,-0.36775967
123275.3,2.1776686,1.4099997,-0.15221764
127929.42,-2.7608824,3.0792284,0.1237246
118756.06,-1.075182,1.3515985,-0.28841123
117982.83,-3.7905967,2.630457,0.3776802
118369.49,-1.6926671,1.9154174,0.45889086
133429.31,-1.0800587,0.61670476,-0.23696278
132276.8,-0.35075772,0.7896865,-0.57882166
132585.66,-3.0223873,3.0624268,-0.5923703
116211.13,-2.682123,2.5734391,0.19599362
116103.43,-1.9661893,3.071112,0.0600128
121725.17,1.1246123,0.48230028,-0.07045661
122306.195,-1.162025,1.7105803,0.33182186
126145.266,-0.5046736,0.7168851,0.58518744
116357.34,-0.30903584,1.7870241,-0.13729824
126330.69,-0.60885644,1.3286041,-0.36040905
127686.02,-1.6246316,1.2317196,0.35112116
133722.81,-1.4400803,1.9777141,-0.5639851
122826.68,1.0067962,2.2191744,0.27015966
117808.14,0.40386254,2.785342,0.710863
117948.13,1.0250504,0.330647,0.31912252
134873.1,-3.910075,1.8725152,-0.43213692
116640.86,-0.37998462,2.8306,-0.0077880844
115516.49,-0.97660226,3.061549,-0.6630567
115959.95,0.3265922,3.021787,-0.14190793
115132.92,-1.1681509,2.9378712,-0.012810185
121985.36,-0.41993865,1.030623,0.16354738
115729.09,-0.2078342,2.785088,0.1484331
127893.81,-3.98056,2.7685845,-0.20705219
126692.73,0.23166357,0.33983198,0.35343838
131433.42,-0.22504376,0.90918535,-0.19328395
118034.945,-2.9919157,1.2845175,-0.44999453
131127.47,-3.168007,1.7260767,-0.01679139
129688.18,0.43382645,2.6517098,-0.6058915
128635.05,-2.8551655,2.925537,-0.22599807
131784.08,-0.8562397,2.6087594,-0.021400768
119430.57,-3.1325967,0.7118907,0.2462766
119566.305,-1.7527268,2.6069252,0.34690872
116008.55,0.3181581,0.20920958,0.011080923
115114.734,1.8619975,0.39421496,0.57853323
118268.0,-3.494628,2.686957,0.6578307
130216.65,-2.801926,1.2038935,-0.11261626
132496.11,-2.4875386,1.8326906,0.09661903
128015.06,-0.9426432,2.5561512,0.24786192
121936.12,-0.39198402,0.25397584,0.0045232573
117418.695,-3.1233304,2.9943202,0.028316325
125191.8,-0.4793509,1.576307,0.18687439
117219.93,-2.4631977,0.1931863,0.23526749
115567.414,-1.8539467,1.7958462,-0.57012326
117931.06,-2.2658782,2.5485647,-0.16256192
124003.2,-2.771494,0.41554275,0.004474386
130892.21,-2.4428866,1.1246918,-0.4367463
118696.51,-0.06859373,2.8556488,-0.25400478
131598.92,-2.2911048,2.9558632,0.33667022
130697.14,-2.0762975,2.8478923,0.04099539
128039.89,-1.6255549,0.7822847,-0.24560015
127307.516,0.6148677,0.5787846,0.16449381
131782.75,-2.5811236,2.6702456,-0.054749623
117051.92,-2.47131,2.5876434,-0.48694316
125264.48,2.114985,1.8164089,0.73088527
125932.45,-2.274567,1.9407103,-0.3451124
116335.47,0.4964716,2.8060417,0.31499588
116298.4,-1.6047075,2.1702397,-0.25741115
120242.625,-1.7343549,2.403923,-0.024098512
122518.73,-1.2198168,1.884932,0.17258437
117623.2,-4.1262307,1.3372536,0.44741985
121192.99,-0.24632005,2.7716074,-0.03526287
125091.05,-2.7286494,1.2948595,0.12428543
133120.1,-1.3738501,2.140703,-0.18518208
131645.02,1.8432984,2.6300225,-0.191032
124116.555,-2.1989646,1.7551377,0.14413126
134431.94,-0.962263,2.5944586,0.12089068
118896.94,-0.7149059,2.830165,0.50343746
134878.1,-3.1366384,2.6717145,0.16296987
116987.766,-0.19092357,2.2754016,0.10253541
128264.86,-1.4341934,1.4358323,0.17605719
130386.67,0.11852382,1.9416108,-0.15642561
127821.24,-3.0884013,1.2456601,-0.17984173
118273.52,-2.3801033,0.09223815,-0.20201162
126097.41,-2.5803974,2.6997037,0.44586015
128450.02,1.4829593,1.2623148,-0.34512374
117999.93,-2.119368,0.8002323,-0.06388285
130520.92,0.0081637725,1.0965726,0.26870188
118252.88,0.3361825,3.311036,0.2215222
128381.35,-1.5703324,1.6254171,0.7471611
120226.414,-2.6621733,1.9405975,-0.035737876
116936.83,-2.1940393,3.254017,-0.2442854
119685.55,-0.879726,1.488354,0.16797619
115187.73,-2.3899972,2.5053215,-0.15045887
115521.75,-2.2838182,1.9513931,0.0698335
120375.47,-1.06135,1.8021828,-0.0033503512
120181.03,2.5505,2.6360068,-0.3496738
121023.625,-3.4304676,2.7384958,-0.10484278
116423.336,-1.7684926,1.9270283,0.61259997
131480.4,1.0048834,1.6037488,-0.010381232
126931.445,-1.9124594,2.7260978,-0.18333451
117917.555,-0.06935177,2.0390706,0.41796073
127659.32,-2.0606663,1.8994876,0.13658127
123031.53,-2.9560115,0.60108215,-0.1486423
121712.945,-3.4855323,2.0494912,0.17651252
119840.85,-0.94732714,3.3551133,-0.13448787
121526.93,0.64084476,2.8157473,0.26521653
126519.516,1.0408792,2.536588,0.07329083
123035.46,0.52084035,2.4573486,-0.038319997
117937.19,0.3230555,2.4986374,0.07922748
131310.98,-2.4912665,1.8600653,0.062206037
120286.305,-2.8425405,2.410206,0.32397625
125940.53,0.78118354,1.6468616,-0.2364392
124018.3,-0.8499939,1.6334652,-0.34914905
129897.31,-3.0023189,-0.5650816,1.6040852
119258.516,-2.2305944,1.3882895,-0.60537565
130673.414,-1.2043114,-0.031379737,-0.07362191
130384.914,-3.9816773,2.5984282,-0.37430006
120641.49,1.5217834,1.025585,0.07505377
120099.164,-3.2535856,1.2807955,-0.01630089
117086.086,-0.83620703,1.444835,0.23244667
134911.67,-4.341974,0.33261785,0.66304505
132242.84,-1.3518696,1.0886271,-0.2017172
126599.414,-3.0105546,2.353154,0.22387338
127942.63,-1.4371755,2.1073058,0.10096915
119138.05,-0.55774814,2.5744078,-1.1992363
122277.38,-2.082595,2.3302014,-0.2141379
122015.05,-5.03597,2.8433568,-1.0971124
116044.016,-2.0874803,1.8077686,-1.2682768
133486.64,0.70819175,3.3818374,-0.11462445
123464.94,-2.5377798,1.7114074,-0.007625975
118950.03,1.4661751,0.7743312,-1.2039979
126870.78,-0.12246795,2.67026,-0.3901975
122479.26,-0.3096382,0.42050287,0.064202
132275.75,-3.9124823,2.8795657,-0.24706599
115711.31,2.369075,1.0536109,-0.25093603
128984.266,-1.3460684,2.5783496,-0.4131946
115354.445,0.6171573,0.58572215,0.7822452
118448.016,-2.5540035,0.63124484,0.0011350608
134703.39,-2.3558795,1.3754978,-0.14195828
125132.26,-1.3893894,1.985868,-0.09287175
126156.28,-0.33497572,2.294695,0.20885266
121888.75,-1.4069557,2.1956353,0.39183614
117401.664,-2.6321557,0.11801241,0.009444337
129699.27,-2.2775176,0.33480668,0.22272311
116001.73,-3.3612912,1.6908311,-0.19189589
122224.16,-0.97716224,0.60490865,0.7723679
130801.875,-1.4208486,-0.8216057,0.39435658
115491.445,-0.17200163,2.0502245,0.3354383
132012.33,-3.298456,2.2833748,0.033726115
118119.336,-2.5991635,2.9297345,0.42562515
132503.05,-1.1098962,1.7873473,-0.78253037
126185.1,-1.0228255,2.9346216,-0.553086
124895.07,-3.6977997,2.8775847,-0.20769079
125560.76,0.45345476,2.5094223,0.51265204
124423.2,-0.10047219,2.276758,-0.33527473
125632.85,1.3026325,-0.75442195,-0.036453955
125341.055,-0.8032337,1.4419038,0.1711689
120866.53,-2.9764814,2.211509,0.64749867
123678.83,0.79498935,2.9062984,-0.39054283
129128.57,-0.54587543,2.9766126,-0.24832858
119194.484,-1.0564897,1.7911377,0.6782511
118016.88,-3.3632534,2.9304314,-0.5109252
117525.445,-3.3745656,2.8007436,-0.17926987
129717.664,0.057242494,2.5131214,-1.2250497
128381.1,-2.8116424,2.8933027,0.7587865
132815.08,-1.5649873,1.9145433,0.12082154
122135.0,-2.6350718,3.3146524,0.26258165
125854.984,-1.4358433,2.3869429,-0.6275786
129011.76,-2.3883882,0.65910506,0.19533207
117263.69,-2.296375,0.6703546,-0.08264458
118397.055,0.59111685,2.9942532,-0.49058107
117316.18,-0.88685274,3.2562146,0.6974789
124914.06,-1.2762114,0.11609109,-0.19826701
125385.52,-3.019516,2.5038273,-0.85611296
130403.695,-3.2661119,2.6824374,-0.80197066
131446.66,-1.5961477,1.5901343,-0.58348054
131207.48,0.39671132,2.277662,-0.13850513
122572.766,-3.4153469,1.6845886,-0.0320791
125208.11,-3.434031,2.568463,-0.44399023
133302.2,-2.3684995,2.271722,-0.19798511
125062.484,-1.8771627,2.6312952,-0.42500085
128875.016,-0.64460325,2.2060964,0.11255577
134701.81,-1.0513822,0.9164541,-0.62488925
127342.62,2.37746,2.3923607,-0.028667064
116650.28,-3.5184832,0.6877695,-0.30682132
118503.99,-3.934259,2.8791118,0.3247451
133320.36,-0.7609862,2.4108996,-0.06908703
118634.586,-4.1808147,2.5210102,0.10432755
119813.92,-2.262209,1.1415488,-0.4237132
125807.42,-2.6283672,2.5395355,0.008098595
115658.0,-2.1810224,1.443529,-0.12139607
131237.56,-1.409627,2.5488734,-0.38201693
123380.266,-0.7002745,2.1723602,0.5016155
119313.81,-0.69420546,1.0081695,0.18323708
120633.42,-0.5746501,-0.5423294,-0.32959643
117141.09,-0.016255219,-0.010077315,-0.5396643
130364.81,-1.6095984,2.6131594,-0.28671622
125421.7,-2.6703374,2.5987163,-0.4525096
118530.02,-4.044064,1.7507795,-0.05562364
121794.76,-3.113335,2.17208,0.12258805
127630.88,-2.5133893,0.64133245,-0.07444973
123054.164,-1.7701902,1.7014854,-0.333153
129397.36,-3.229181,2.909236,-0.29682
118849.14,-3.5114205,-0.12773608,-0.027987637
122456.98,-2.088069,2.197597,0.011315146
128585.0,0.62807906,0.8131553,-0.13137442
117979.484,-2.3491635,3.1947162,-0.8075023
134142.73,0.56553996,0.84515214,0.060708914
130802.54,-2.6927447,2.6943178,0.6849953
120805.12,-2.5961802,2.616734,-0.037399493
117573.81,-2.6680748,1.8787252,-0.24285771
127244.164,-3.2883987,2.6441686,0.14517245
118613.0,-0.6498892,2.6334443,-0.21148872
117947.42,-3.0228012,3.1120992,0.00032451592
126127.67,-4.0576797,2.4143968,-0.17187305
118836.57,-1.231147,1.1742104,0.35035414
133884.98,-1.3181937,1.4860288,0.1758337
126005.164,-1.8742725,2.7972307,-1.0666102
115435.18,-1.3571131,0.6360487,0.093987145
131631.1,-0.5236169,2.142121,-0.41727713
123771.97,2.9618556,0.70503896,-0.08051482
115224.35,-2.2000015,1.8951463,-1.4193245
125409.445,-2.1533413,2.8812428,-0.022958683
121272.08,-2.4042516,2.9997504,-0.05556255
127705.86,0.1546333,1.8231797,0.122449785
126497.33,-2.7836292,1.6409038,0.18695544
130385.32,-4.2637324,1.2541125,-0.051706206
123053.26,-2.2751918,2.6557982,-0.19526888
121435.555,-1.4541165,1.8159513,-0.4330482
126534.58,-0.9245706,2.823516,0.3597469
125898.74,-3.1876345,1.5601156,-0.1967547
123466.07,-2.3997293,2.5733898,-0.24739556
119838.1,-3.0598075,1.9339055,-0.14442031
130078.586,0.5138847,3.0103161,-0.11997554
133854.28,-1.1667289,1.761359,0.27338156
122458.516,-0.32570708,2.8182254,0.8929513
129687.85,1.3598752,1.4708401,0.50350124
123905.46,-1.755969,2.7354288,0.6150006
131620.03,-4.0603695,2.6556988,0.24581233
126593.89,-3.780863,1.4099483,-0.30994877
121444.72,-2.3076453,2.8687038,0.088458754
120523.44,-1.8755695,2.6452916,-0.52602094
133793.7,-1.918574,2.9672313,-0.2345696
127726.34,-0.27991813,3.2622867,-0.8916863
126918.87,-2.657746,2.8134897,-0.88928986
118544.37,-0.15283895,2.6944466,0.14876984
130536.86,-3.43421,0.574604,0.91275126
130471.45,-3.3527453,0.17686948,0.7981307
128447.61,0.31957427,2.871056,-0.10407366
126652.26,-4.8180594,1.0271927,-0.630139
115699.38,-0.816682,-0.59862703,-0.0065531954
115060.69,-4.027402,2.1342807,-0.6072378
132780.61,-3.1391191,2.7866259,0.20548712
121438.19,-1.7043,2.5180266,0.25274068
131667.56,-2.1494117,2.782106,0.28038386
130397.914,-1.4273521,2.1282232,0.21399665
127055.12,-1.6792126,2.8326697,0.46679485
131166.31,-4.985934,1.3173391,-0.23641805
116669.93,-1.5542397,2.2463036,0.046725824
123873.5,1.7804121,2.025466,-1.4535722
118348.016,-3.5112321,0.64207643,0.3252469
127006.82,-0.33999267,2.9638493,-0.18636332
116913.766,4.2601304,2.2162342,0.13077396
121718.27,0.028688233,2.6387243,0.12305114
124144.64,-1.4723827,2.772185,-0.12937309
129525.46,-3.4990427,0.93821627,-0.22170278
128270.625,-3.9507408,0.89257765,0.26132295
115361.64,-0.8465712,2.86096,-0.10949656
120963.84,-2.1618032,1.426233,0.14486551
123964.15,1.093423,2.7464232,0.19739717
116989.516,-1.0293162,2.0956724,0.23010087
117279.34,-2.5534673,2.515849,0.33194345
126337.24,-3.3356304,2.4424183,-0.21649146
123658.695,-3.0191479,2.0585742,-0.09436232
131561.17,-2.3215964,2.46395,0.1583444
122995.27,-1.3958483,2.3504379,-0.23937385
123809.5,-3.4724336,0.37837133,0.59019494
118742.414,-0.98148143,2.424941,0.0023324024
133910.81,0.10031652,1.5816863,-0.097347625
118444.484,-1.5044019,2.9338808,-0.0544111
121522.94,-4.5443954,3.386808,-0.6765129
134565.08,-0.18901454,0.62030125,0.27714345
117187.92,-1.5813916,1.0916147,0.5464005
121721.56,-2.421929,2.303314,-0.31867614
120885.45,0.2431047,1.8703663,0.1347808
119854.9,-1.5769316,1.9126201,0.19444703
133965.34,-2.5527964,2.6511586,-0.09728028
127561.234,-0.20957758,3.249559,0.26033598
126071.45,-2.3722422,2.509396,-0.45043406
120297.77,3.2052975,2.625323,-0.26530772
124228.09,2.0587497,2.8638482,-0.057422332
119834.53,2.7610807,0.42480865,0.18921782
128517.95,-2.0939004,3.0823562,-0.22759622
128673.99,0.09215343,3.142588,-0.13190067
131091.16,-0.6517214,1.8823406,0.023081753
120304.63,-1.12233,0.79363143,-0.32929933
120257.32,-4.0605283,2.6719592,-0.0077123935
124801.43,-4.1766806,2.9057565,0.20417595
119146.24,-2.655143,2.657116,-0.065807
120766.58,-1.7066479,2.4240408,0.25503823
119926.1,-2.9758043,3.084295,0.06084301
127987.5,-3.3116066,2.7651227,-0.2604206
122677.734,-0.82279277,1.2405962,0.03131236
120286.37,-0.4082351,2.2172194,-0.531856
117635.48,-2.7840822,0.28511456,0.15740095
127852.18,-4.4108224,2.4738455,-0.2374953
134943.98,-2.0389848,1.3739892,-0.25386295
116480.06,-1.7601504,2.9056554,-0.19048162
133501.5,-3.262372,1.8380692,-0.30919096
133803.3,-1.3803715,0.8924349,0.26908448
115859.75,-2.148975,2.9786537,-0.17509466
129243.6,-1.6887226,1.63511,0.00448571
120281.375,-5.4284034,2.5925508,0.27657726
121258.46,-0.2558618,2.14461,0.8752761
125883.96,-1.2553184,0.23678243,0.076244555
117523.97,2.2207391,3.1081717,0.63239515
120978.234,-2.7761378,2.1407166,-0.5862611
122597.516,-0.97911537,2.7202952,0.10440801
115330.59,-1.27147,2.2612112,0.12448091
128202.07,-2.4632053,2.6516163,0.025573583
123921.08,-0.5524081,2.5268908,0.43755504
129411.76,-2.168856,0.7801378,0.41641116
115246.55,-2.022502,1.0926784,-0.13107255
123425.6,-3.0815642,1.5130932,0.27448237
123353.53,-0.9430569,2.1496654,0.081960686
120398.16,-5.388739,0.5985805,0.029201368
122771.695,-0.53545344,2.6711185,0.78169745
115021.78,-1.7808543,3.1409955,-0.25124475
115981.484,-1.3848646,0.4583969,0.37871486
126869.27,-2.9260435,1.2743217,0.05245268
126994.9,-0.83713484,0.7687099,-0.1258046
132882.3,-0.5231668,2.1292808,0.23057349
120675.46,-2.5807822,1.5932641,-0.13850036
116605.18,-1.7853367,2.017792,0.20631376
134654.62,-1.3232327,1.9524103,-0.21002916
115114.62,-1.2414365,1.0777522,-0.09828005
115527.0,0.4466886,1.2023096,0.37807417
118346.24,-3.3921018,2.4877212,-0.47777984
125455.0,-1.8256383,2.1999712,0.22986068
121988.4,-2.692997,2.1628954,0.31940264
123021.74,-0.48658168,1.0382487,-0.113382705
121069.67,-3.3372624,1.447816,1.1363031
125370.85,-4.5176272,3.1307664,-0.2740127
122142.71,-2.2281554,0.7877051,-0.03205824
133495.55,-3.6226108,0.7329529,0.009484269
116954.445,-0.79851604,2.4214768,-0.2839407
119806.914,-1.3315283,1.7484257,0.33879134
119950.67,-1.6572102,0.8389682,-0.080454916
129557.83,-2.738619,2.706694,-0.4252756
129838.77,-2.246534,0.4434488,-0.032378286
123318.84,2.9620142,0.63434476,-0.12882477
132381.56,-4.1911545,1.0592769,-0.1284943
116140.766,-3.3333542,2.7488167,-0.2821599
121732.87,-2.6520543,2.5823739,-0.2570768
126478.94,-2.1326532,2.328101,-0.049980816
117215.99,0.30712405,1.3531424,0.2001709
117674.164,-1.0192024,2.873331,0.09670724
128332.84,-2.2941847,2.0837297,0.34501287
117107.21,-1.058418,1.202785,-0.4184563
122009.68,-3.5628276,2.949478,0.099166885
125492.945,-3.026691,2.540001,0.5985298
131410.72,-1.8880624,3.4427726,0.22853878
115290.14,-3.713159,2.9150035,0.24977744
127130.67,-3.2829654,1.8595893,-0.33519486
130137.92,0.1971387,2.2601926,-0.103013396
129308.3,-1.1085058,2.342699,-0.25733992
129041.016,-1.7506531,2.8872497,0.31143963
128813.266,-1.8296851,2.5690818,0.3268543
134745.97,-2.4824257,2.1568656,0.3055763
123825.39,-1.6107897,1.879552,-0.46157727
124192.11,-2.6546645,1.1810261,-0.0828797
121246.42,-2.6868804,2.5389135,0.1206058
123893.88,-1.6524606,2.6631527,-0.070640475
123085.33,-2.4953744,0.16663739,-0.41519475
125986.664,-1.5816178,2.622206,-0.19582912
128463.1,-2.8610601,2.9673529,-0.10457756
124097.64,-0.06520892,1.7318231,-0.22633749
129572.81,-4.002313,2.1792693,0.18093655
129876.83,-2.9962714,1.4576386,-0.12269026
117982.71,-2.5702255,2.521353,-0.0011547284
118469.39,-1.9795629,2.3355944,0.24380325
121540.43,-1.4128271,2.7094963,-0.44097662
118382.45,-3.1102154,2.115386,0.14060718
118837.13,-0.2679583,0.21002479,-0.5164372
128299.16,-1.4407946,2.9748414,0.124010675
134108.61,-2.4032693,2.678106,-0.38471407
132851.5,-3.1956642,2.123371,-0.40053013
116392.445,-1.7905252,2.0063396,0.35758585
116567.125,-3.407294,0.2764413,0.8093925
127437.38,-2.2220259,2.4655476,-0.36449337
121597.28,-3.1222296,2.9959965,-0.15525718
126441.4,-2.8441067,3.0400023,0.13576119
129189.164,1.0666606,0.65098935,-0.056063477
122831.49,-2.7828836,1.9519951,-0.06159038
120152.81,-2.459102,1.7552916,-0.46291855
119315.16,-1.7212082,2.6477468,-0.3533734
130917.69,-2.6326528,2.87757,-0.15031435
116217.516,-2.642021,2.3889713,-0.048976872
132023.25,-2.3478189,2.9757442,0.06493507
122818.82,-0.9567976,1.5381216,-0.1800834
119805.61,0.17923033,1.7668622,0.378992
119865.32,-3.3942409,2.2713628,-0.2753823
117289.14,-1.3893015,1.9216794,0.42490458
126617.64,-0.8059001,1.2167218,-0.28398004
123963.7,-1.4101442,2.8010576,-0.14827517
125707.66,2.2925794,-0.04382641,-0.62096286
132278.53,-2.9709668,1.5927576,-0.5007364
131522.84,-2.1252203,2.2089937,-0.24832828
115512.28,-2.3021905,1.6282972,-0.31436864
126738.32,-3.1757753,2.9396176,-0.090147786
121900.88,-1.2608877,1.2281543,0.3196434
126263.32,-3.1649227,2.9387968,-0.31393772
122779.41,-3.1593852,3.282604,0.0142343
130914.555,-3.6516824,1.065546,0.57672024
130888.29,1.6610545,2.9500453,0.35197285
120051.25,-2.418765,2.4733589,0.032733794
133624.8,-0.5112004,2.8928504,0.26371047
116098.48,-0.2827674,2.5952115,0.4525668
131959.83,-3.5255797,1.9349866,0.30956107
122150.45,-1.5622871,2.2809324,0.5096238
133917.36,-3.3968472,3.0636737,-0.48187605
125502.48,-0.1280945,1.6538583,0.070163086
134052.34,-2.0704148,2.837742,0.08309068
115907.67,-1.1750721,1.6186816,0.13136816
115582.22,0.13649005,2.8127706,-0.1610341
124391.086,-0.3955548,1.8689302,0.27072585
119042.65,1.004331,2.5681646,-1.1331718
130945.09,-2.3432162,0.7769109,-0.122503124
116852.46,-3.4344828,2.4134033,0.3717841
119806.12,-2.3035338,2.08193,-0.61936533
119463.28,3.172918,3.1352608,0.28411952
120229.695,0.4436826,1.0767293,-0.42585817
121371.76,-0.63461584,1.7202905,0.34868595
120436.88,-3.3082092,3.0398188,0.11970406
131999.98,-3.3041744,2.5206146,-0.16410732
124243.06,-3.7480447,0.3513029,0.2938979
117079.89,-2.2288182,2.5784454,-0.019605054
116722.6,0.28883442,1.0017637,0.079194106
116890.21,-2.7370474,0.52775955,0.9120456
128905.26,-0.42309856,2.544434,0.07575942
117624.7,-0.68892884,2.4759722,0.059622426
123359.95,-0.4428898,3.024807,-0.08381332
120044.88,-0.2990295,1.8952826,-0.034086093
130288.55,-2.886131,1.3943137,0.38183427
117399.445,-2.6501122,2.6451137,-0.28745854
133340.62,-2.7866209,2.7671592,-0.2664547
128171.36,1.0194765,0.385528,-0.26164833
133657.45,-2.3602393,2.4396431,0.094053894
120232.5,1.6370137,1.4706401,0.73451364
121591.445,0.63681793,2.923364,0.05742144
120023.14,-1.9050959,1.9054826,-0.24122737
134011.72,-2.013667,1.2753879,0.48518232
130802.42,-3.2574244,3.0115623,0.18272929
131445.19,-0.33055666,2.4584618,0.28004295
121370.0,-1.8070707,2.1750894,-0.2921442
124661.28,-1.0933359,0.23276417,-0.13814455
132855.61,-1.5015237,2.5077703,-0.02147467
129969.445,-1.3851298,1.9674,0.27403596
121011.23,-1.7421336,2.79928,0.0090342965
118966.055,-1.5650045,2.8184361,-0.020209683
117465.12,-2.4746559,1.634115,0.30119398
119925.14,-2.3687992,0.6861396,-0.70001423
122573.87,-0.06287007,1.386864,-0.51388544
119362.59,-1.4913114,-0.16488442,-0.16611908
121440.914,-0.090050496,2.1008692,-0.116118595
120791.625,-2.4241457,2.671199,0.27988082
128558.99,-1.2082359,2.9161963,-0.11320897
115123.68,-3.7634706,0.46705344,-0.21484445
132703.62,-1.1198837,2.311577,-0.08030622
123146.086,-2.4155352,2.5843735,0.01622967
119138.64,-2.3506231,1.005258,0.11380735
117288.234,-2.1761904,1.513139,0.085752964
127159.52,-1.6104983,2.905988,-0.055996727
134710.25,-1.4922146,0.59312266,0.09269564
130940.71,1.2790881,3.0002582,0.12878396
131811.69,-2.1282277,0.97600245,0.22447473
121259.15,0.15028036,2.9508748,-0.29108065
123810.586,-2.4007807,1.4523022,-0.70158285
116396.95,0.9777677,0.91650087,0.34797496
121759.59,-1.8133507,1.7894496,-0.14943616
123159.875,-1.5245231,1.81904,0.16588426
131034.81,-2.7456765,0.19617184,-0.081592664
120085.15,-1.3377255,2.887049,-0.26431003
134659.78,1.0345174,0.81803197,0.44670585
123797.0,-2.7296994,2.2482588,-0.17923678
129866.86,-2.8971348,2.3683531,-0.5708035
115743.125,0.062472627,2.8201842,-0.117109425
127896.6,-3.7963376,1.42996,-1.2845386
123207.57,-0.8987726,-0.28619105,0.027285263
119318.46,-1.8928459,0.46750623,-0.23681676
118362.44,-1.519894,3.0619147,0.3145966
127607.37,-1.9812092,1.8265486,-0.0140307695
119486.12,-1.7748978,-0.30200547,0.32680303
123537.72,-1.3778645,2.836204,-0.56119204
127098.766,-3.0062904,2.7901864,-0.39630875
117995.195,0.8647058,1.7552007,0.28814483
117294.88,-0.2114074,0.45542178,-0.1225073
117798.37,-2.0214927,2.7994595,0.4036868
118675.93,-3.9462726,2.7480288,0.14131163
115310.79,0.646856,2.2244372,-0.33717236
123858.97,0.79437286,2.79868,-0.10614174
117202.15,-2.8714578,1.3307472,0.14328615
133439.89,-2.5835154,2.0158186,0.2561235
124715.984,-1.2565153,0.9884576,0.029824771
129791.87,-3.68746,2.5760076,0.06890793
115707.0,0.8751509,2.8034077,-0.47411984
119873.72,-3.7759898,2.589064,0.27391678
122268.89,-1.5439011,0.63162345,0.13697463
116026.555,-2.8036842,2.0574148,-0.07600199
133703.05,-1.7524127,2.3170059,0.15068059
118205.25,-2.1194966,1.4035261,0.16566435
125974.336,-1.3744408,0.9180927,0.1349125
120215.84,1.5247053,2.6504686,0.126757
121526.55,-2.2702854,3.2811317,-0.1970351
130753.41,-2.0742934,-0.0719648,0.0861183
116756.66,-1.7080007,2.7267358,-0.44823992
128242.62,-2.8578448,2.3220954,-0.31947625
121914.64,-1.095924,1.86089,-0.61103755
121145.57,-0.97998154,1.5592858,0.14963223
122091.28,-0.6856215,2.8626668,-0.08551397
118537.8,0.9122957,1.9458325,0.022759324
130534.31,-1.8160557,-0.08021315,1.1238564
129843.9,-2.4416325,2.79387,-0.7220521
129403.27,-1.5730608,2.4715164,-0.01651962
123496.5,-1.1326298,1.8926536,-0.07622578
118592.68,-1.880593,1.5348952,-0.28469434
131292.81,-3.6254926,2.7889326,0.14770064
115756.33,-2.3756316,2.763868,0.07884068
125650.734,-4.7446504,3.0057049,-0.17999847
124077.75,-3.5183551,1.6505175,-0.016989555
128598.18,-1.172902,0.42213902,0.5901443
131841.44,-1.9628757,3.0053916,-0.08026927
128425.48,-1.0333295,1.9503762,0.7409158
131743.84,-1.6615918,1.3590848,-0.4193151
118535.1,-2.225251,0.93769413,0.29645827
133633.17,-0.65664846,2.7428558,-0.11540758
122741.53,-0.0051636617,3.1016254,0.18379909
123672.7,-1.5406874,1.2372879,-0.08490517
118736.85,-0.2734192,2.4507055,0.014398197
125809.086,-2.729427,2.4231522,0.12637734
120830.65,-0.95946777,1.0383363,-0.09148071
134517.81,-2.7208955,2.7897093,-0.020476092
122403.48,-0.5672289,2.7455018,0.15018055
126293.14,-2.8076513,2.5461607,-0.33056968
119548.71,0.27795744,3.0239754,-0.025008287
123244.8,-2.2596047,1.154377,0.31003013
128675.016,-3.0368547,2.2341273,-0.14418788
134216.31,-2.7954516,2.1118517,-0.1862632
127160.42,-2.8280993,3.0368123,-0.32268357
119661.27,-3.406243,1.3150539,-0.25823662
131173.67,-3.08144,2.2200131,0.31113866
126759.14,0.37482715,2.8546853,-0.49135408
124928.7,-0.4652861,0.75462043,-0.21292566
130712.7,-2.6651819,-0.42615023,0.3334346
128593.086,0.12495834,1.356727,0.22768174
126053.38,-3.502646,2.4278078,0.23723842
123879.414,-0.42264086,2.8420603,-0.15605879
120341.695,-3.9172943,2.5730524,-0.14001149
124213.99,-0.17926271,2.5270321,-0.22953497
126441.91,-2.4651632,1.7471912,-0.12788402
125388.19,-1.2123288,0.55799925,-0.35176066
119436.08,0.13365869,3.1691902,0.15318194
118911.836,-4.060398,2.8638735,-0.2258899
117775.11,-3.8552077,-0.20696525,-0.39493915
132731.67,-1.544118,1.7141287,0.026711922
128168.59,2.385081,0.8740433,0.07962202
118269.914,-2.5224302,2.5231814,0.7790835
120032.805,-3.139277,3.0781028,0.28193104
125794.68,-0.9225641,2.5136614,0.03227846
121372.69,-3.3762674,2.7327313,-0.23206972
116103.39,-2.871074,2.9065716,-0.5101471
122749.086,-4.2287188,3.1636374,0.28647366
115676.35,-2.100289,0.94431907,-0.37357533
131384.77,-0.3768264,3.1669872,0.49788758
122928.56,-2.8502393,1.1376451,-0.27455986
116977.45,-2.7904618,2.244041,-0.025359921
119551.42,-2.173735,1.4610585,-0.055986
120475.27,-3.509739,2.1888223,0.28468332
132004.97,-1.185594,2.9209712,0.38152912
115279.83,-1.6187987,-0.006963343,0.34232318
117086.83,-2.1168957,1.899926,-0.18955664
125163.6,-1.1863104,0.8634606,-0.2947886
118927.55,-1.8083285,1.6027255,0.055631686
116646.2,-2.1384583,2.3399858,-0.48035568
133793.08,-2.6352506,3.1281714,-0.52726537
122390.39,-1.1231909,0.37916514,0.24395701
115973.484,-1.021045,1.0631341,0.04134762
117183.17,-2.9493961,1.4221139,-0.04171773
121783.04,-2.9862654,0.7749338,0.35555592
131168.62,-1.8475466,2.9541082,-0.089013316
118986.53,-3.561615,0.6806747,-0.02009436
123664.2,-0.84981585,2.435889,-0.80829346
132552.73,-1.0060619,2.2815115,-0.053086516
128999.84,-0.7402775,1.6683245,0.8116489
133871.3,1.3074954,0.6166982,-0.40087283
124299.414,5.050693,2.5074122,-0.5364582
122702.37,-3.1255217,2.5277228,-0.33437657
125091.88,-2.1715734,2.9341621,-0.0077329553
122347.4,-0.7145615,-0.101937324,0.29411662
127829.7,0.16239445,2.573979,-1.3509065
115867.17,-0.72002685,1.7278513,-0.11634716
115790.4,-1.6347816,2.0232458,-0.8952792
134020.05,-1.378584,3.1838522,-0.08275127
131435.0,-1.5206989,2.9149723,0.02104228
124433.98,-2.087934,1.8939976,0.050599154
126170.17,-1.8284907,0.6092538,0.25419253
117375.305,-0.6048923,2.983336,-0.019187562
118036.945,-1.4118718,1.0570395,0.15819839
123520.84,1.3688312,1.5419099,0.13895749
117192.22,-0.31343663,1.9523221,0.5961906
132857.27,0.63901114,2.6029618,-0.16196266
130564.6,0.2346499,2.8811798,-0.16393836
128990.53,-0.17203262,2.8712459,0.019488538
117083.555,-2.9201458,2.913049,0.7020543
116425.91,-2.0832422,2.486174,0.44841218
122955.79,1.609683,1.0488657,-0.8205229
131690.22,-1.7817898,2.2844877,-0.7651531
121974.555,0.8469359,2.1302364,-0.3593512
118348.805,-2.903332,0.6790158,0.14258765
123207.59,-0.19365539,2.738251,0.14072816
126705.664,0.78991073,2.9375627,-0.07993432
128589.49,1.5005494,1.3947635,0.2965858
117127.9,-0.9686582,2.8459873,0.40647542
115764.83,-1.9937974,2.0814087,-0.07532673
132288.16,-1.0082145,0.26862305,0.07477127
128072.37,0.7979209,2.4561355,-0.8533249
132173.64,-1.4415109,1.3766744,-0.4910781
115165.72,-0.65417355,2.2122638,-0.67976433
123641.8,-0.9082551,2.552159,-0.14547282
119221.48,-2.7689445,2.769195,-0.1576745
125892.516,-3.3378031,0.82173824,-0.56892884
117100.72,-3.0642738,-0.28929093,-0.25958025
121898.26,-1.8271909,2.8656144,-0.35119507
133161.27,-3.056606,2.254667,-0.5877499
119870.23,-0.27180672,1.9440206,-0.1047808
132771.92,-1.3320477,1.5930597,0.396461
120977.83,-3.226111,1.6786263,-0.057962894
126023.72,-1.4291413,2.0735996,-0.034295283
123304.21,-1.6411648,0.9297002,-0.0065546855
123533.81,-2.5649571,2.1426501,-0.15393439
115208.164,-1.4719566,0.800749,-0.9072318
122290.99,-3.5557222,1.8791016,0.08458542
116818.055,-2.9067974,2.5779667,0.0085527375
115969.45,-3.0462303,0.7268891,0.1922824
126596.39,0.44306132,2.8601437,-0.27586296
122811.14,-1.184247,0.4597141,0.09860427
129592.7,-2.2568233,2.6226554,-0.25113988
124633.36,-1.0164503,2.6406486,0.30632904
124127.516,-2.0609348,1.6202575,-0.5029112
119297.016,-2.4357855,1.619483,-0.3158276
126833.414,-1.6382784,0.95974493,-0.052355833
132715.62,-0.79119295,2.2547803,0.13181515
119208.59,-2.0832262,0.62116086,-0.10884544
115474.8,-1.0189927,2.7274356,-0.32543197
131034.64,-1.5412357,2.548713,0.1059844
127784.68,-0.18111837,-0.98851025,0.024758866
118351.78,-1.390392,1.7284857,0.12651323
116305.53,-1.8718991,2.22782,-0.11484526
122744.22,1.9841324,2.652858,-0.24185674
123540.695,-2.143108,2.6528718,-0.5359561
129744.49,-2.3353472,2.7171829,0.23593262
126614.82,0.09788674,1.9825697,-0.27903453
118009.984,-0.89609796,1.5300834,-0.23881094
116784.76,-1.9839058,1.4454439,-0.036855057
132764.8,-2.4287233,2.83718,0.44479096
131205.69,-1.3349024,2.4888508,-1.4937515
133087.88,-1.846802,1.8787365,0.8916312
133580.64,-2.2198193,2.6801744,-0.13462733
134665.67,-2.3084943,2.9273894,-0.16736618
115228.36,-2.270051,2.8517065,0.19648889
127560.74,-3.370396,0.9434315,0.0019444136
126240.125,-0.28677177,3.0519643,-0.1646288
128831.43,-1.2428547,3.2242572,0.4764004
131172.62,-0.48871976,3.1389651,-0.41839013
115538.06,-1.2117168,2.8367026,-0.28905162
125831.16,-1.6541433,0.098996885,0.15604627
120038.48,-1.7284418,3.3825858,-0.26686594
134307.56,0.06263725,3.041616,-0.031435132
115344.9,-2.6099942,2.8057795,0.09373623
117057.26,-1.2864802,2.6965475,-0.21001276
124629.195,-1.2336109,2.9100363,-0.078253336
125853.61,-3.516892,0.98380363,-0.24975538
124201.83,-0.9100071,2.905996,-0.16696896
125973.555,-1.6903698,1.1133814,-0.26065037
122408.08,-2.4689746,2.7673035,-0.059267513
118124.78,-3.5321236,0.75778127,0.071563065
124754.734,-1.5629288,2.3652124,0.57773995
131923.14,-0.58484316,1.5259764,0.012560167
117090.695,-1.291473,1.8558272,-0.9435266
127614.36,-3.222959,2.5151126,-0.57086194
119080.37,0.3877568,0.6305267,0.5251076
131053.64,-0.5631253,0.41119668,-0.64364856
115402.59,-1.5569509,0.97331,0.044938453
124005.51,-1.615685,2.0114417,-0.1340647
120891.625,-1.9263568,1.0318607,0.31819814
117586.98,-1.4629667,1.1758358,0.012489244
125852.48,0.17154357,2.7125766,-0.93264925
118172.625,0.060206786,2.5954685,-0.25310007
121308.96,-4.1407456,1.2915859,-0.16240756
122584.38,-5.559883,2.1714604,-0.021693397
119922.86,-4.0407653,2.954534,0.15356517
118884.7,-1.2847267,2.7835133,-0.16278452
120896.63,-3.2592916,2.8994923,0.05323462
125339.734,-1.9301721,1.2292591,0.36842093
125783.8,-4.461539,2.410089,-0.12728563
134918.89,-1.2079875,2.8183608,-0.019230772
127950.87,0.05130392,2.746,-0.19464311
130586.94,-1.5481114,1.367351,0.45807374
120896.48,-1.4207492,2.9604015,-0.054588705
121106.31,-1.9018965,1.6635755,0.39208883
119767.16,-0.19048996,0.8289297,-0.10734445
132434.62,-2.5226004,2.8728213,-0.6510838
126090.82,-2.7634144,2.4703681,-0.07853911
119136.52,-0.6344164,2.242152,0.0008442182
125238.28,-2.6914384,2.0365999,-0.46663514
123570.39,-1.2193553,0.41613424,0.39767742
131039.65,1.2347744,3.0929663,0.5323489
116820.95,-3.8953671,2.2699814,1.1873913
134950.17,0.09346768,2.7658098,-0.66560423
132801.22,-1.9036281,2.6499696,-0.2679071
120689.695,0.87998223,-0.11860847,0.41566855
134493.94,-3.97612,-0.47540763,0.3060626
116965.125,0.80765516,0.79464674,0.48559174
118066.71,-2.3899832,1.0387236,-0.21583825
122170.516,1.4912891,3.2270255,-0.2787115
127334.84,-0.5780222,2.8771698,0.35283285
131934.23,-0.86746967,-0.2635652,-0.21467102
116720.48,-0.69196993,2.9267182,0.213943
121120.33,0.92403436,2.2698274,0.6491245
127933.91,-1.5340859,2.281407,-0.042070556
119393.49,-2.8586383,2.8565946,0.12298439
121947.92,0.026909728,2.4624884,-0.18968001
127823.47,-0.017598743,1.3509665,-0.16929868
124591.14,3.101248,2.020523,0.5211365
127994.48,-0.9565882,2.138904,0.087027185
116618.234,-1.7241333,2.3439913,-0.46125275
122057.95,0.44794843,2.1928089,0.72385675
115654.77,-1.8888831,2.037018,-0.043136183
118022.586,-3.273809,0.24118422,-0.35042894
134036.55,-3.0759008,0.67695343,0.2091167
126013.195,-2.7554965,2.7642899,0.028501676
115837.07,-2.4864323,2.628245,-0.1863523
116198.33,0.15191767,1.8948224,0.09815132
125874.945,-0.101936944,2.792515,-0.28133118
118466.69,-4.7637978,2.6455238,-0.20804213
129726.555,-0.8682597,2.1372795,0.103717856
117886.19,-3.6659305,0.9224748,-0.63585484
121699.03,1.7785565,2.5807614,-0.14459404
121545.3,-0.5766367,3.0076413,0.79391706
126008.52,-2.986149,3.0049994,-0.1736184
131930.98,-1.6884571,2.93855,0.4720783
131212.2,-2.5576963,0.74954134,-0.29057467
120989.91,-1.1070428,2.120889,0.5969338
122045.7,-3.35318,1.8660299,-0.19840617
125352.24,-1.4006524,1.9142948,0.5231224
118328.88,-3.0030715,2.3536386,-0.72866607
119281.414,-1.1356928,3.2899656,0.5289219
130228.516,-2.4089355,2.8486505,-1.4266375
117283.84,0.45391282,0.80215997,-0.050299075
119051.78,-0.8643986,2.6796954,-0.9253648
134015.95,-2.8002567,0.6024931,0.031396393
129316.64,-1.3051903,2.686808,-0.16793446
123787.836,-0.56460077,2.4573987,0.121516466
134576.48,-3.4655766,3.2841914,0.028445654
128747.01,-1.9826742,1.1095712,-0.9451102
131767.75,-1.2809883,0.70901495,0.35077667
116611.66,-1.9031081,1.7518064,-0.17468254
131926.05,-3.037309,3.0183434,-0.8141434
118897.09,-0.6037768,2.5264153,0.5157947
128717.55,-1.6980791,2.831495,-0.3055149
133057.92,-3.1402223,2.8902156,0.14152679
134636.7,-2.648237,2.853934,-0.25672665
128031.01,-1.6424156,1.6699184,-0.3454286
115811.77,-2.7312098,1.391126,0.0138034
121175.695,1.1280074,3.2250788,-0.20353138
134727.98,-0.3984795,2.5109603,-0.16919528
124674.43,-1.8450015,1.2855179,-1.5295311
134029.69,-0.7317714,2.9326913,0.18515019
125649.98,-3.374876,1.6472093,-0.15126018
116102.21,0.14082403,1.8633959,-0.32323307
124910.44,-1.3915095,2.6935003,-0.06412631
122470.266,-1.3534253,2.567724,-0.4741553
117729.234,-2.654609,2.3455877,0.082653224
127996.64,0.190916,-0.20504798,0.5756266
121189.82,-2.0857813,2.0508106,0.15961863
115894.49,-1.7636623,1.456545,-0.56558716
130055.15,-3.0390255,2.9468367,-0.12174205
133345.31,0.17924377,2.9422934,-0.11729269
129729.61,-4.312515,2.8298185,-0.39890337
117656.58,-0.19906427,2.2390988,0.21328862
125772.664,0.4940594,2.089024,0.02504494
120536.41,-2.1929333,2.9756377,0.669232
120110.02,-2.9370613,2.952488,-0.14235224
128346.02,-1.680087,3.2964487,-1.1650363
127580.73,-4.006278,1.6700435,-0.21876396
121289.03,-2.77608,0.35473362,-0.018982245
120086.97,-2.2188168,1.370981,0.054160785
128330.97,-1.3229918,2.9298298,0.0038778014
124476.19,-3.6644964,2.740558,-0.0690611
130626.79,-1.0155386,0.38913822,0.56583273
118677.8,-1.0477126,3.3005257,-0.2861417
115883.09,-1.0100281,2.0354464,0.16339958
118649.0,-2.0288548,2.0885696,-0.32824266
125856.664,-2.8483555,-0.26545438,-1.1530194
133706.23,-0.13586874,2.9282024,-0.033238895
131701.88,-2.2983747,1.205902,0.22242393
133160.36,-0.6571902,0.7693619,-0.24209693
120203.08,-0.8363568,1.5424595,-0.07315495
119613.97,-1.0708566,0.907219,0.16117953
120606.18,-2.6853936,2.4859273,-0.23097816
127645.33,-1.353501,1.9351918,0.09281662
119153.26,0.82686746,0.8704841,0.02532148
132645.02,2.2694263,-0.040748272,0.21809645
127650.914,-1.2294205,2.9549763,0.26525468
131905.89,-1.068537,1.9296234,0.24409409
132206.42,-1.3145874,2.916631,0.4901743
119018.08,-0.69316775,0.65245855,0.032754056
116063.164,2.7095482,2.4324715,0.16574122
121185.05,-3.0152442,2.7449882,-0.26390952
120890.04,-2.9219446,1.6557589,-0.13291892
126234.17,-2.3360105,2.5722165,-0.07104723
116991.54,-2.6294715,0.6759971,0.12637615
123022.74,1.7983474,1.2261186,-0.14981967
121014.43,-1.8864795,2.5757208,-0.18656507
132071.56,-1.1829393,-0.03837834,0.11769319
125368.336,-4.2078204,2.528693,0.06943717
125035.04,-3.2361276,2.3959687,-0.060154643
125553.945,-1.1900761,2.57594,-0.11329867
129445.11,0.112989925,2.404163,-0.29800725
118091.1,-1.6566348,2.6460268,0.26113877
127340.74,-0.6242582,0.9743383,-0.003786615
121746.46,-1.5600237,2.3906028,0.014193772
134332.83,-1.7938473,2.6192307,0.5139656
133079.92,0.33761007,3.0026066,-0.859317
120841.05,-3.0154352,2.8845122,-0.53498346
115856.61,-0.5783979,-0.18833967,0.070455715
122372.73,-2.3036463,1.5126442,-0.038305096
130170.36,-0.6961916,0.9897589,0.15236604
118284.55,0.67484576,3.0144854,-0.38894054
129618.555,-3.4413896,2.595813,0.7169028
119548.71,-2.6600816,2.2791953,0.1871688
119084.625,-0.26134574,0.9868905,-0.39227033
132650.0,-2.8863764,1.1676425,-0.097027875
120881.11,-2.5796814,0.37583604,-0.444917
132803.39,-1.255419,2.8622959,-0.3623192
122780.22,-3.276724,0.08838313,0.53862226
122973.13,-2.454481,3.054702,-0.2612401
129733.0,-2.011619,2.6122642,0.09352108
134690.14,-1.9169405,2.5311606,-0.78107226
126118.53,-2.5234172,2.8965662,0.7828418
122730.55,0.44315568,0.79127043,-0.029164119
127608.87,-1.2153971,2.9889438,-0.041484103
127094.555,-1.4207581,1.8280027,-0.18169823
124878.42,-1.7449715,1.6396657,0.059966907
121786.42,-2.116066,3.3183072,-0.363462
128910.03,-3.644838,1.3297393,-0.5586901
117641.71,2.921723,1.6027527,-0.009408578
125604.13,-3.425893,1.1577332,0.45080805
121866.66,-0.2648573,0.38844344,0.021263989
121225.81,-0.24222647,2.8687816,-0.21901248
130515.58,-4.3019786,0.008604712,-0.15753415
115005.23,-0.57289296,1.1128763,0.016873337
134768.9,-2.4873066,2.8008125,-0.32354417
119054.95,-3.173964,1.5230029,0.008171901
133948.88,0.66292727,0.11001834,0.18719026
132612.62,-2.0759754,1.2265829,0.10533239
124122.49,-1.8731883,0.6950965,0.1079458
116433.04,-0.8009055,1.788551,-0.10418094
115943.6,-1.0623591,1.8532645,-0.37403008
131037.34,-1.7010255,2.7717493,-0.3122442
125058.19,-2.5358727,2.3918667,-0.047945812
129749.56,-2.8130562,0.7354622,-0.8921333
132156.17,0.4999818,1.9659114,-0.81043696
117936.66,-2.6567192,1.2351675,-0.086685985
130320.59,-4.8340473,2.7947857,-0.6124754
118845.14,-2.4379687,2.3175168,-1.6453542
117155.555,-1.531095,3.01137,0.02665292
126953.03,-1.9392172,0.6760592,-0.5371266
117515.414,0.17747387,2.6172209,0.1205748
121046.44,-2.9576461,0.84701526,-0.57553154
129689.82,-1.6112983,0.78890777,-0.17544511
132017.47,-0.30883434,2.8726358,-0.19865917
133619.03,-1.2779603,2.705686,0.38038003
127748.22,-4.2625756,2.5353944,-0.20086671
120712.125,-0.9152765,2.7803965,-0.42130274
130670.03,-2.4160783,0.45956486,0.22894822
123422.49,-1.5593438,2.2036126,-0.16511871
124623.57,-3.4266477,0.5271525,0.38280514
128600.87,-1.6586705,0.34645608,0.29781413
127503.91,-1.6690172,0.7937866,0.5449391
120765.72,-2.8234317,2.7709687,-0.8570549
126005.664,-1.4181726,2.4983637,0.12130727
123447.83,-0.17282785,2.1143923,-0.31604663
119146.3,-1.1887753,3.0871847,0.56525755
129921.87,0.57208365,1.0737281,-0.07353668
121777.79,-0.60621244,2.3060565,0.20855705
126234.77,-1.4279397,1.6207821,-0.05700246
127499.62,1.8852882,2.6935077,-0.35441968
117470.875,-2.5052981,2.8924336,-0.30008128
120053.164,-2.8069677,2.094606,0.0022871073
120368.695,-2.0449195,0.94669753,0.1583158
125996.445,-5.292311,2.4960787,0.11416673
123454.48,-2.6395407,2.3943264,0.08225987
129950.984,-0.51013935,2.2416353,-0.15732735
130402.9,-2.267215,2.30929,-0.14536823
134382.97,-0.8631181,2.9429615,-0.24889418
122447.96,-3.5998833,0.60026634,0.36092043
115935.195,-1.5951172,3.238224,0.6412974
115769.625,0.6376404,2.3865285,0.28135413
115641.38,-2.6873312,1.6821651,0.83623344
126983.305,-1.9058137,2.1662111,-0.29413837
125177.37,-2.9235058,2.9560072,0.28696713
130898.9,-1.1030202,0.94952136,-0.06711728
117320.07,-0.08761728,2.6409826,-0.5862635
127379.805,-0.15758175,2.8412077,-0.06850534
129746.87,-2.7010953,1.119918,0.30225903
121272.56,-2.693108,2.8691006,-0.16266145
124222.92,-0.45878857,1.3850472,-0.39899904
119628.21,-3.4261398,3.079517,-0.13263851
124693.914,-1.3710711,3.1369426,0.20058571
123614.95,-0.3854441,1.7440219,0.38290823
133462.5,-1.2483053,2.4523003,0.4665487
122034.336,-1.7006859,2.8666787,-0.11777753
121958.94,-0.51682526,2.4927688,-0.40004173
117752.66,1.2218777,2.8063602,-0.317879
131370.61,0.22050622,3.058387,0.1220314
133077.8,-3.425598,3.1149623,-0.4218877
125395.23,-0.4014524,0.40209192,-0.026036965
116244.13,-0.18372448,2.1700733,0.21438226
127520.445,2.004232,1.1242154,-0.25224274
123693.48,-0.61984086,2.803453,0.3974748
134593.69,-3.0849016,-1.1898122,-0.4428358
131810.64,-2.8346415,1.8276615,0.043950304
132517.0,-1.1951574,2.2971897,-0.0629102
123668.65,-1.0747745,1.8217221,0.06764444
120597.03,-2.0293725,2.0239065,0.6935197
124496.61,2.9216719,-0.11882327,0.12953669
123012.984,-3.181012,2.6267307,0.63009995
134549.84,-0.78491825,1.230417,0.07659082
116792.41,-1.3171729,1.7671626,-0.17660849
130727.16,-1.6537855,1.1517763,-0.01884308
129985.52,-0.4938958,0.7267577,-0.041794017
132289.05,-1.4541336,1.5692059,-0.14811097
116758.61,-1.386612,2.7829583,-0.30271465
128107.63,-0.7518106,0.23633927,-0.3642684
116852.24,-3.2773373,-0.42177844,-0.6207123
115161.91,-3.718864,2.5391772,-0.59298205
119134.234,-4.6403813,1.1632559,1.2083528
132583.66,-0.7942523,0.49231428,-0.7620978
115012.06,-1.8834757,0.47767007,0.6542071
116191.12,-3.9111986,1.8212006,0.28855962
124786.29,-1.5657698,2.6974819,-1.0793635
130190.125,-1.4035069,2.9634597,-0.1923539
132569.0,-3.0153756,0.9120009,-0.25927153
119005.945,-2.8220015,0.6806565,0.042394772
120803.39,-2.971158,2.866237,-0.21931109
128795.5,-0.64956677,2.986883,-0.22617717
131831.33,-0.6816474,2.1696384,0.8193258
122940.51,-1.7848645,2.5339699,-0.10195551
118823.05,-3.7297885,1.178021,-0.04509013
125130.984,-2.3731883,1.7193569,0.08237966
129002.34,-2.3561451,2.3006823,-0.22223143
132354.55,-2.485627,2.6796958,0.2962127
127773.67,-1.0999057,0.310919,0.81942356
121984.28,-0.20033753,2.8011436,-0.18853123
119162.586,-2.0623837,2.821401,-0.25926676
118491.625,0.1841202,2.8571103,0.18214701
116466.39,0.94085646,2.997811,-0.05800968
127344.82,-3.6250882,2.1070762,-0.06403006
128438.75,-0.60747194,2.6166348,0.022902958
118391.67,1.8873333,2.762514,1.2326244
120389.82,-1.8634564,1.7205403,0.044552848
121503.15,-3.3639367,1.1218196,0.1316149
125924.95,-1.45769,2.7613387,0.071534455
122050.055,-1.4801053,1.645927,0.04734923
131168.6,-2.0762992,1.9365782,-0.47709653
126339.234,-1.6248707,3.1273527,0.14439528
124542.21,-0.48735625,1.9167831,0.042871565
133069.08,-2.0258808,3.3793814,0.15713991
127167.086,-2.5048249,2.4853575,0.13621415
121609.92,-3.8301785,1.144194,0.10527159
130389.11,-0.82485545,0.0358455,0.7003992
131896.67,0.11549478,2.7457514,-0.095820405
116010.44,-0.48738554,2.824703,0.4730271
120188.6,-5.0811763,0.3351885,0.39713746
132181.72,-1.1861423,3.000868,0.39391258
131043.555,-3.0514936,2.5628674,-0.47756436
126945.03,-1.330307,2.1137433,-0.13251515
131963.02,0.50524706,1.7548298,-0.09640358
116430.8,0.84186214,0.4406437,0.70733714
115657.266,-2.9060218,2.536949,0.29094774
129001.43,-1.931311,2.1956017,-0.23096386
118335.766,-1.8980829,3.039481,-0.20001803
120381.4,1.3761952,2.0282679,0.6184484
120776.98,-2.8304203,2.8875313,0.11155809
121762.65,-1.4038323,2.8891346,-0.13150524
116829.13,-2.332954,2.411304,-0.22676124
134185.1,-0.90766895,2.6907928,0.26236233
119861.336,0.048421595,2.8936825,-0.10415054
132615.69,-1.6422428,1.7319117,-0.1254321
115198.984,-1.73944,1.4188979,-0.0131263565
127449.984,-1.9134626,1.62035,-0.124662094
117961.08,-3.7043417,1.8310835,0.002133342
118605.9,1.4758949,-0.48198196,0.25392613
125060.63,-0.1906911,3.0130327,-0.18696825
134535.67,-2.0004816,3.1783454,-0.07271094
115974.99,-4.037177,2.8902552,0.11519541
134968.05,-2.6478481,2.6475194,0.7732976
118933.34,-1.4176419,1.9553427,-0.09050389
127340.31,-1.6170179,2.8382752,-0.16299759
117016.69,-2.620296,1.269711,-0.12449939
122052.81,-2.9185102,1.0743637,0.587302
133803.77,-1.8870984,0.77979505,0.018493831
121710.55,-2.499608,3.0589447,-0.088979945
128123.62,-3.460822,2.6449897,-0.07735935
119184.0,-1.0947162,2.5914657,-0.042013936
119013.48,-0.50425243,0.9450515,-0.20397122
130205.7,-2.616694,1.9787874,-0.0990006
123304.984,-2.342758,1.1808739,-0.07092774
127815.8,-0.587422,2.1638434,-0.124566734
131329.8,-0.91138333,0.48025486,-1.0754935
127340.516,-2.0995631,2.6001341,-0.6180887
126925.51,-1.51975,2.6707225,0.13315254
133260.72,-2.3283763,1.9459609,0.1983442
120296.84,-2.7311137,2.892322,-0.28517023
117819.28,0.3974986,2.0273695,0.1701414
127607.19,0.6620725,3.2003465,0.22437163
122470.46,-0.0647209,1.9584794,-0.064565256
132227.7,-0.96450984,2.1166322,0.036269795
128735.05,-3.9719596,1.0404358,-0.21842663
133409.6,-0.4576875,2.4966133,-0.2170651
121622.45,-0.92418176,1.7936227,-0.37111032
133453.6,1.2044013,2.8306706,0.005665172
115010.49,-3.9355047,0.20266448,-0.054434046
128569.47,0.040241636,2.3637693,0.012775319
123483.35,-3.7739468,1.7263898,0.030076278
127115.6,-1.9534446,2.593151,-0.08580422
121915.42,-3.471741,2.7686458,-0.68314296
126109.65,-2.5034928,1.3747199,-0.17380644
129793.234,-0.92712784,2.7701633,-0.090646625
122476.22,-0.91841197,2.9804914,-0.39424542
125503.34,-1.1259981,2.1299067,-0.008994068
115524.61,-1.8380938,2.599329,-0.023333857
127614.125,-1.2082096,2.729949,0.010965897
127158.484,-2.4462628,-0.02848104,-0.04329293
128970.39,0.39304546,2.4906788,0.015236753
116708.57,-0.98459345,1.4729898,0.23885654
116554.89,-3.2884138,1.3179038,-0.16626897
133530.25,-2.8025062,2.0822797,0.19114286
134946.77,-0.9480091,1.2179679,0.04002572
129443.805,-0.5450692,2.0345838,-0.5361984
117159.94,-1.9854215,2.9907334,-0.24439804
117894.37,-2.4937153,1.9897751,0.11078151
133541.3,-0.74086577,2.431011,0.3254823
130011.55,-1.983061,2.6678643,-0.08226702
134488.4,1.1855168,-0.20893319,0.27944875
127485.78,-1.8659551,2.2627258,-0.38959375
127343.78,-0.2352526,3.1373773,-0.09803808
119198.59,-0.14309986,2.4917533,-0.24404134
121920.32,-0.35272118,2.5521748,0.1947331
134096.6,-3.1695347,0.7647675,-0.37138182
120674.84,-2.686617,1.7648535,-0.018995654
124138.29,-1.2315817,1.7717335,-0.113953665
129680.92,-1.793741,2.2070615,0.72903055
132618.16,-1.8136282,2.7437518,-0.15365218
123580.7,-3.945647,1.5252295,0.38251665
116490.54,-3.16378,2.8636262,0.15486562
115712.53,-0.07870374,1.2914876,0.23770031
122506.74,-0.9224966,3.1796632,-0.08889859
117299.67,-3.7592769,2.213364,-0.03140861
128881.25,-0.6631625,2.274919,-0.38320234
125834.58,-1.1756717,2.5115304,-1.0697529
125052.56,-1.3030956,2.645886,-0.3663928
123958.21,-1.0522835,0.2057895,-0.39557597
128775.59,-3.6911037,1.7712435,-0.34113538
120560.58,-0.7962003,2.6060631,-0.13997573
129852.36,-1.4061639,2.7423787,-0.05313181
115126.266,-2.706473,1.3350581,0.325381
124847.47,-2.5437353,2.663181,-0.54460776
119379.38,-1.3999571,2.3194878,0.670539
116648.305,0.6635693,2.8722928,-0.36139005
128470.6,-3.3063426,1.8764095,0.06430034
122418.76,-3.4840255,0.50597256,0.12666997
126915.38,-3.7398336,2.3921232,-0.27207994
131153.34,-3.3454218,2.8712404,0.38364965
120941.14,-1.1841985,2.0339153,0.14931875
120574.65,0.6797866,2.05548,-0.27076846
130850.93,-2.534984,1.3350201,-0.027775167
118660.14,1.2701013,1.8332639,-0.018512307
131991.58,-2.5616713,2.202603,0.062585086
119779.41,-1.2883106,1.9864988,-0.013132018
120334.86,-2.7289786,2.612295,0.055617977
121010.66,-3.0937467,1.7030069,0.044587415
123262.63,1.8134247,0.05211841,0.17516857
127493.47,-3.3569825,1.7043339,-0.14908244
115127.52,3.064907,2.4306247,-0.47823665
127984.734,-3.0823696,1.0176994,0.2756666
126146.16,-5.08867,1.2038507,0.07605741
120374.67,-1.8020128,3.123579,-0.10768207
115095.36,0.28830197,3.1208413,-0.8459394
133811.73,-2.3631303,0.4547088,-0.21527684
117314.63,-1.0714172,1.6441312,0.732079
116792.01,-1.1231544,2.3557932,-0.19875662
128977.08,-0.33351853,2.738057,0.2362765
124060.64,3.039638,2.0350037,0.06207194
120117.195,0.38899043,2.2813535,-0.026947636
130741.07,-1.8023428,2.578503,0.05907352
129328.11,-3.9161885,2.0504777,-0.06611632
131805.95,-3.7970386,2.951848,0.3593643
115767.266,0.32065228,2.3277867,0.20038784
120451.32,-2.0381541,2.8378372,0.16238879
121566.5,1.1182235,1.0313483,0.16892141
121944.06,-2.9034986,2.6707292,-0.18811494
125512.97,-3.1738908,1.2478263,-0.1949694
133215.69,-0.30473387,2.9476786,-0.2011659
121304.05,-2.3035989,2.5564148,0.27814293
116867.05,-2.1946633,1.9604079,0.018994462
121767.95,-0.77456474,0.18047644,0.17157654
122204.71,-3.2691705,1.2073513,-0.97427875
129374.03,-2.0118127,1.6932167,-0.37280712
121043.04,-2.8716311,1.9924228,-0.011157507
120746.38,-1.5591176,3.106494,-0.09722068
132045.34,-0.80413777,2.783392,-0.31844696
126416.8,-0.5122364,0.8998855,-0.045707874
128976.23,-0.27269801,0.16180979,0.88848674
127817.586,-2.128454,2.7509582,0.22410044
120238.24,0.72633153,2.0556,0.039320663
128441.83,-0.7390552,2.8966498,-0.10688732
122683.16,-2.1649601,1.9558554,0.0035464317
125649.4,-1.9337167,2.5056696,0.15646704
120970.2,-2.8114169,0.33301243,0.08798852
127701.98,-2.2743707,1.435434,0.06790548
128506.74,-0.5088261,1.9047585,0.10163368
115513.24,-1.8431906,3.1703398,-0.20786452
119489.625,-1.9422892,2.927438,0.20744555
130763.45,-3.4938092,2.0776002,0.2798832
121246.67,-1.5366348,2.9613788,0.21543775
126484.04,-1.652953,2.6413007,0.24280734
129305.51,-2.1794775,1.4900322,-0.20565876
120333.04,-1.6690544,0.6816588,0.0680658
131933.45,-2.0493827,1.1312217,-0.61778116
132157.19,-0.5811439,1.1367581,0.17752154
117446.01,-2.267626,1.7760037,0.05061942
123042.91,-2.3894875,2.4213142,0.5111561
116417.28,-2.1851315,2.7191954,-0.39740923
129120.234,0.015531969,2.3099382,0.43660325
117216.59,-1.9121597,2.3877544,0.23852278
121037.336,-1.7748528,0.8333081,0.010362756
123074.17,-3.5295117,0.9033935,-0.045592252
115489.484,-3.8879933,-0.24982089,1.2605126
115805.19,-3.34208,1.4845777,0.036394358
125908.555,-0.7947689,2.745897,0.12169466
117946.914,-2.2610095,1.9887612,0.12059745
116568.33,-3.6831317,1.4483005,0.0062617566
128315.27,-1.7664421,0.043720827,-0.9262465
116818.64,-1.7912809,2.6753926,0.28616732
123941.84,-2.489313,1.8723085,0.29913425
128217.19,0.058721714,1.952232,0.12185796
132146.52,-2.7921855,2.150461,-0.3846554
119454.02,-3.0148194,2.3168764,0.60365653
117596.664,-0.059317533,2.812057,0.20274617
130183.555,-4.438278,2.200502,-0.070657454
124987.48,-2.859679,2.5101314,-0.19159938
115512.195,-2.0531466,2.50597,0.028616106
128586.05,-0.43365148,2.8079622,-0.7121837
133975.94,-0.43570346,2.1691835,-0.16922477
119251.32,-1.4103754,2.7926211,0.5805137
118247.7,-3.3969069,2.5230153,0.3446076
121312.945,-1.9229568,2.8829792,-0.37953135
128924.49,-0.9163417,1.9625707,-0.103786096
120257.74,-2.495829,2.0285175,0.2011239
118585.96,-0.9706737,1.5182979,0.36565435
131848.08,-3.1592076,1.7965102,-0.33865637
115008.195,-0.7889195,3.1226926,-0.47488868
123843.56,-1.6013285,1.8927553,-0.22332478
128895.59,-2.522381,2.938869,-0.095197596
119267.44,-4.974356,0.6958712,-0.2775678
116281.45,1.3955777,2.8123946,-0.07969205
125606.36,0.42358178,3.0224323,-0.077374846
131540.27,-3.9591608,1.8220854,0.13049564
116525.41,-1.0385947,0.8305842,0.30898356
133664.62,-2.2517705,1.1479176,-1.209459
123025.664,1.1287934,0.6137503,-0.38092628
120712.79,0.33930212,2.5369666,-1.4593272
129403.016,0.27208602,0.90912956,0.7207266
134326.78,0.24239556,0.43937483,-0.50756705
121750.98,-3.063328,2.6696508,0.0664769
126269.73,-2.2102861,2.7244802,-0.48180127
127031.17,-0.955337,0.76415336,0.016328605
132795.61,-2.0116224,2.5926507,0.19026616
126663.914,-2.038089,1.7184131,0.103804864
127369.52,-2.7067587,1.340434,-0.2482669
116130.27,-2.8508186,2.762646,0.022298625
131620.05,-2.0877597,1.7451113,-0.22858526
122882.95,-2.5099359,2.0730536,-0.017531607
134045.97,-5.0758996,0.8008812,0.38279918
129270.586,-1.7051755,2.9849823,-0.14458242
119595.99,-3.8590374,2.4139454,0.066290945
115033.086,-2.720044,1.2235487,-0.3161393
115958.125,0.85485035,3.064887,-0.012693371
129378.31,-3.198925,1.9594864,0.22319931
117126.51,-1.6209978,1.6447798,-0.9431017
117746.6,-0.57811725,1.3913987,0.2018796
127200.52,-0.22111513,1.309796,0.15923779
128585.52,-1.1225885,2.7222116,-0.18664254
129587.48,-1.2836037,3.0430596,0.10789454
123122.8,-3.1924882,1.4662014,-0.5406024
119434.98,-2.461608,0.6882104,0.19872145
134535.36,-4.2967043,0.5761726,0.16638668
125074.68,-2.756545,1.063847,0.60369766
124623.91,-1.9184338,2.3793585,-0.75210094
126875.47,-1.7297516,0.9810786,0.5713009
115984.35,-0.64114887,2.4364502,-0.10588755
118779.97,-1.7983893,2.9315312,-0.11804036
116652.44,-2.0678902,0.7121789,-0.36696285
133595.17,-0.25103566,2.5845153,-0.12836199
131626.77,-0.91958946,0.9727655,-0.008907054
127120.95,-4.217409,2.3891523,0.3011302
126030.98,-3.7435734,2.7573423,-0.18276058
119157.81,-3.1864438,2.7738936,0.10943517
116119.45,-0.60483414,3.0265765,-0.01539916
127696.55,-1.8918054,1.264383,0.3647538
124272.71,-2.1916025,2.093581,-0.3358296
124387.27,-4.932517,2.084152,-0.17111734
127463.82,-0.2613368,1.2968954,0.14645442
121713.02,-0.99557036,2.5246103,0.19028583
130591.6,-2.685576,2.9697735,-0.44408917
133046.23,1.9451988,2.6162248,0.15036114
130809.15,-2.4147341,1.7579577,0.13135326
130717.69,-1.7787873,2.3479772,-0.12569137
126361.46,-2.6117537,2.614826,-0.7712438
118249.914,-4.083669,0.12720057,-1.0793275
122579.93,-1.2026,2.8489733,0.17833565
130039.65,-2.4713323,2.334941,-0.35751852
120745.33,-0.22493218,1.0138324,-0.856742
125716.0,0.47542572,2.2453096,-0.039858244
122419.94,-4.298945,3.1372387,0.4444596
133209.17,-2.1423516,1.9941671,0.17901509
121733.33,0.83881414,2.912063,-0.47127998
119638.12,-0.5773902,0.039673373,0.1754606
116766.86,-1.8092415,2.885256,-0.07743683
129320.95,-4.0242147,2.435329,0.40403426
121287.12,-3.4728312,2.024249,-0.0033887925
117843.88,-3.8530567,2.8230672,0.18646733
128493.86,-0.5405895,1.9910985,-0.71846634
115137.32,-2.6502452,3.1060722,-0.50995845
118240.62,-3.6232877,2.7112007,-0.034131385
125867.06,-2.1762521,1.3220559,0.17000552
118652.81,-3.4224052,0.68337256,-0.07719784
123203.15,-0.8654869,3.0225368,0.08034079
127958.586,-1.6519264,2.7417796,0.46069014
117986.5,0.07877778,2.885412,-0.2964958
119437.75,-3.1972072,1.2071667,0.27559805
120818.914,-2.1468194,3.074651,-0.3557973
116923.16,-2.715546,2.8858511,0.0058910516
118866.95,0.4221525,2.333935,-0.09947799
119604.7,-2.512857,2.0416136,-0.24319743
123195.836,-1.1342146,1.8207629,-0.14277658
125011.09,0.1297404,1.3605474,0.5308863
127622.49,-0.7681402,2.7650707,-0.16052781
131577.61,-3.3597925,2.8447487,-0.2952383
133874.73,-2.3752964,2.8275023,0.11923502
117303.09,-3.1769278,1.9084153,-0.5049247
127171.95,-1.0657979,3.106529,0.13640605
133499.95,-1.3838813,2.5886168,0.3762892
118976.25,-2.9040697,1.1380304,0.11208375
121667.95,-2.6993065,0.95170623,0.10274937
120157.2,-1.5792521,1.6137764,0.59943277
134772.58,0.16722025,2.435252,-0.21072079
127508.625,-1.0775028,2.88643,0.34680083
126540.65,0.683584,2.0305598,0.7932406
117002.41,-2.7669365,2.777448,-0.7238943
123952.61,-0.5372505,-0.05714108,-0.10588695
130220.02,-1.9434358,2.895058,-0.26772952
129844.38,-0.3469362,2.0462723,0.36707282
117247.71,-3.7110932,1.791469,0.10777892
115518.96,-2.1618495,3.154452,0.13994086
124561.09,-2.8600075,1.4217871,0.28384832
126839.79,0.08210542,2.4750774,-0.21142526
132956.78,-2.45739,3.404031,0.3279646
130514.17,-2.2383459,1.5839858,0.25980136
128680.84,-1.064628,2.7354567,0.28939044
126730.61,-2.5281022,2.5063503,-0.33505628
122613.66,-2.5007446,2.747168,0.0006719774
122641.94,-2.9125865,1.8559312,-0.087651186
120818.375,-1.5078598,1.8006232,-0.24937098
116576.43,-3.2806869,2.4307,0.0302515
119469.8,-3.8688874,0.844571,-0.19948104
117930.58,-3.3173277,0.47567186,-0.071637265
126709.234,-1.3673588,0.7235995,-0.1553299
118355.65,-2.5660732,2.1667757,0.70450324
124693.445,-2.9359071,2.1911974,1.0944635
120460.74,-0.6317576,0.8213899,-0.36293188
128678.164,-2.8457158,3.0611777,-0.35506096
125852.805,-0.517844,2.3375134,-0.5249336
125070.46,-1.307629,2.68215,0.23495638
131318.86,-2.4475555,3.1429923,0.05683856
120091.81,-2.919993,0.75447905,-0.09775558
131424.56,-4.685452,1.6871282,-0.20002966
129562.26,-2.6033823,1.2291514,0.20644905
117371.984,-3.6744733,2.0070505,-0.2744493
126453.91,-0.7374093,2.0566854,-0.15246229
134932.48,-0.31329095,2.6711962,0.014404752
120799.45,-0.5650715,2.097428,0.06497917
115288.5,-2.6410308,3.2650018,0.7658728
116514.305,0.19706672,2.5894985,0.18930066
123456.78,0.2857272,2.8591914,0.5099498
134777.19,-1.5101229,3.1136677,0.0011857199
117273.18,-3.3765776,2.6560233,0.2555329
133542.44,-3.3304236,2.1196687,-0.18911292
134058.81,-0.7971312,3.194173,0.021501191
133372.52,0.36632517,3.1875968,0.40168902
133586.48,-3.0925033,1.1141032,-0.0005018226
115994.54,-0.013922221,3.2935145,-0.067822635
128596.1,-0.61039245,1.0205914,-0.30057594
118943.13,-3.3557267,2.1590822,0.08355376
119345.51,-0.9735598,1.2959805,0.30875233
130457.055,-2.0774293,2.0295615,-0.95960134
132186.95,1.616503,1.4767329,-0.005914295
131901.92,-1.0027894,-0.07441881,0.36702752
120442.59,-1.366515,2.5215561,-0.92567855
122557.836,-2.2447174,0.8073506,0.09233566
123161.45,-1.4834825,2.3118443,-0.16490504
134278.94,-1.2418236,1.6822586,-0.38474476
122698.17,-1.8591189,1.1160434,-0.18247598
116247.9,-2.02351,1.8739767,0.51998925
116722.8,-2.60719,1.9942774,-0.28442287
116160.805,-1.8010992,1.5507748,-0.32286385
134771.19,0.05102564,1.9528291,0.47820923
132163.58,0.1423253,2.596314,-0.087608576
134178.14,-1.0905259,2.567945,-0.077817075
131008.65,-0.2280201,2.4413686,-0.62297434
117615.41,-2.1900587,2.5838263,-1.0806544
123538.57,-2.4996796,2.647228,-0.12405806
128797.93,-1.6680273,-0.48493138,0.36446714
117481.7,-4.641383,0.8234841,-0.24343581
123647.6,-2.3841207,0.95933264,0.08136112
117231.73,-3.1895306,0.4057772,0.39168596
127934.19,-3.2653725,2.218013,0.061679184
124564.15,-2.703248,1.6037064,1.1382347
117967.81,-2.1849463,3.003004,-0.0576947
117668.59,-3.0468683,2.9922388,-0.103772685
125690.45,-3.7252266,1.970197,-0.41415474
118099.14,-2.8469768,2.4948719,0.0037043686
133684.61,-0.81098,2.3546722,-0.00096281996
117612.36,-3.3125339,1.7671003,0.3580716
119760.695,-4.7637587,0.9314061,-0.049227785
124327.266,-1.543185,1.7357794,0.7517371
124777.19,-2.0895085,2.6151533,0.006941184
125741.055,1.9887289,0.93615294,0.31913206
122187.734,1.3715699,3.283726,1.0814614
120360.336,-0.41368014,1.937493,-0.14040871
118836.44,-0.32130423,2.1441045,0.17365476
115760.62,-0.3814404,1.6480186,0.124922544
118787.47,-1.0766857,2.6389709,0.038960684
125323.59,-1.3531032,2.884118,-0.48596662
126183.22,-2.2487895,0.50334847,-0.32503593
129325.45,-3.8136415,2.2541914,-0.0009795077
129050.17,-2.7147124,2.7691839,0.05017958
122740.06,-3.2709348,2.9072957,-0.0032251936
115383.62,-0.9720785,2.8000295,-0.062753156
132709.16,-3.1839452,2.8371964,-0.0667585
127973.83,-0.19547178,2.940289,0.24667054
126844.555,2.365649,2.6891756,-1.3983048
128463.99,-3.3520212,2.7451658,0.46337208
129395.07,-1.1569523,0.77629364,-0.4714394
119001.24,2.203016,2.7924232,-0.14422394
119758.375,0.34562713,1.5542527,0.20720118
128461.46,-0.7783515,0.4619934,-1.3420116
131464.64,-2.1785283,1.6764421,0.58034444
129481.41,-3.1555514,1.7196834,0.26086402
115182.47,-2.2155645,2.7086964,-0.82756835
130750.93,-3.692726,2.0866036,0.16631456
128811.71,-1.977387,2.2482884,-0.3657232
132984.12,-0.7935325,2.0630858,-0.28224126
121877.414,1.0172999,0.9080693,-0.8292225
116135.97,0.69051415,2.264034,-0.39525414
121913.31,-1.3437299,2.8556406,-0.2808374
121163.016,-2.2050683,3.00219,-0.19245642
129016.97,-3.8291445,2.3120875,-0.64762473
120749.41,-2.6688724,1.7799089,-0.12213689
133641.1,0.15273528,1.6823809,-0.28133327
128913.65,-3.5824156,2.5450137,0.019739449
128476.73,-3.2946944,3.1536582,-0.108128764
132752.8,-1.0518808,2.5027883,-0.11808774
124094.164,0.25080144,1.3652129,-0.8962871
127298.67,-4.038738,2.6727145,1.0667679
123035.16,-2.6066499,2.9606915,0.37091455
129372.93,0.17711157,1.6609617,0.002515967
115302.78,-0.93439543,3.0356216,0.040863678
115509.63,-0.040761,2.5341477,-1.0254227
128625.53,-2.2192826,2.4229133,1.2086586
120540.93,-0.2480438,3.2169735,0.2553422
118406.63,-1.1057354,2.3324232,-0.10884008
132709.42,-1.0098404,1.3574231,-1.2812023
127072.69,-0.15974632,2.629028,-0.21878095
115055.05,-2.9233873,2.380036,0.084486485
123223.54,-0.10101015,2.9785516,-0.8066071
120271.23,1.499849,1.14793,-0.11727422
121898.93,0.22542605,2.271892,-0.08899455
116197.15,0.25485682,2.6974988,-0.3859704
115387.25,-3.3211303,2.7181654,0.4837239
127627.586,-2.2842162,1.2420192,-0.1481521
123673.2,-1.4321792,1.3531885,0.073809944
122155.37,-1.3894644,2.2542374,-0.25647277
129434.55,-2.2998388,3.0130606,0.03165267
122473.92,-3.680122,-0.5101074,0.035075434
116074.07,-1.4010781,1.7098364,-0.12476371
133344.53,-1.8585342,1.751251,-0.7523018
120417.305,-1.5053315,2.9152975,-0.023999875
124509.95,-2.7716396,2.250351,-0.32758975
122942.414,-0.73268443,2.7643468,0.10526445
131715.39,-2.2369473,2.6352787,0.30543324
119580.98,-4.189938,2.3046246,0.8412618
116582.67,-0.12287744,2.9152758,0.60093707
130863.62,-0.22785169,2.668747,-0.56306314
125869.37,-2.2505434,2.5325494,-0.25718588
118623.53,-0.22686498,1.9353544,-0.10514882
126578.0,-3.8867226,1.1391637,0.34816566
120183.39,-1.2572281,2.9073796,0.88738775
116902.734,-1.602795,3.348852,0.26797774
130567.305,-1.9246502,2.32365,-0.4458968
116297.555,1.2157859,1.071982,-0.061820433
130951.74,-1.4568683,2.6680357,-0.14278314
125717.49,0.449543,0.94368184,-0.08180275
115542.35,-4.176051,2.4531229,0.2968206
131688.06,-0.21080744,1.2092779,1.0384215
124830.414,-4.983199,2.3013108,-0.10346456
128669.586,-1.005189,2.609342,-0.09122861
133523.33,-4.1398134,1.7623832,0.2674664
123912.23,-2.9176068,2.3556213,0.31897235
117550.2,-1.2691245,1.5185677,-0.16098821
132883.25,-0.53519684,2.9133196,0.37486595
118631.836,-2.4413319,2.386445,-0.1453742
117747.586,-1.2748338,2.9367766,0.45552054
134910.03,-4.191013,1.0487493,-0.7374483
134395.86,-1.7772378,0.4428543,0.12222926
118748.48,-4.339024,3.1514416,0.80098844
129453.93,-0.63874143,2.5290453,-0.31497237
130760.33,-1.2585297,2.9071023,-0.040702164
118314.27,-2.7295375,1.3845173,0.00084660214
133830.28,-0.42055824,2.7408893,-0.20148982
132440.28,-2.9715621,2.5059114,-0.010416693
125373.6,-3.5487874,1.9351977,0.07366273
115279.42,-0.9285898,1.7239301,0.08664635
127291.91,-1.778996,3.1509535,0.26070908
125747.13,-2.114212,2.3033185,-0.4027019
127537.086,-3.4723756,2.162001,0.09219381
119076.95,0.25379398,2.8000329,0.41874862
119528.734,-1.2617725,2.4528306,0.36198604
117697.266,-2.7097077,3.1269374,0.033142045
120192.78,0.2483183,2.3935053,-0.18646882
119777.086,-2.73874,2.4909892,-0.1802306
131686.14,-0.9447927,3.15174,-0.3998632
120689.24,0.119193345,2.5775654,-0.18377733
128441.61,-1.1179508,2.1125557,-0.34003517
125355.484,-0.6878288,0.6752331,0.26630718
122649.414,-3.0016837,2.8348708,0.0629695
129155.36,-3.8451986,2.3540804,-0.71751636
121653.586,1.260706,1.6686455,-0.12773561
134917.33,-1.7792449,1.8205361,0.3007929
118578.94,-2.6357408,2.717443,-0.0530144
124047.1,-3.1081586,2.7270734,-0.0033977325
125351.664,-4.028047,3.1157866,-0.5307498
122255.836,-2.6892142,2.4668756,1.1821567
118635.4,-3.0906608,2.7707512,-0.24372844
120545.98,-0.5268991,1.9955716,0.9170257
127567.44,2.0760815,1.3212805,-0.28661966
116671.49,-3.9006464,0.96687347,-0.04293772
132102.98,6.756739,2.6415267,-0.38096473
123632.836,-1.5408889,2.919984,-0.13154547
132568.64,-0.12713842,1.939099,-0.18021898
118201.75,-0.7800563,2.7532754,-0.6073588
121313.97,-3.7879806,0.5176563,0.11064742
120690.945,-1.0286938,0.58252966,0.6184162
119404.914,-0.9754471,2.5316477,-0.021321502
115117.32,-2.5794175,2.843515,-0.26310316
123675.695,-2.6260831,0.46370718,0.72048587
119220.61,0.5953282,1.8861842,0.26799682
133397.81,-1.8614113,2.7048676,0.22305985
130661.7,-2.547075,0.59412825,0.040200938
123509.33,-0.98903805,1.639602,-0.4755565
119466.99,-2.663702,-0.45198554,-0.1395955
118897.48,-3.7474883,2.9591565,-0.088477224
118438.41,-0.9237144,2.502879,0.2771208
132706.44,0.17879467,2.521648,-0.08364435
121097.266,-2.6480374,1.3216258,0.072678156
120839.016,-2.8747904,3.012954,0.0051341457
116685.47,-3.4208572,2.5286336,0.0068130465
130166.35,-1.4782513,2.6503801,0.012495204
118658.94,-0.2574185,2.7607932,0.13689059
120508.414,-2.4746144,3.1569414,-0.4088084
117307.664,-1.8235881,2.2371125,0.12960999
127566.86,-3.1071541,0.4734734,-0.20178781
125455.47,-0.3621038,1.3687781,0.07371876
115866.97,0.66845083,2.5222383,-0.08667347
124321.08,-1.9512038,2.410701,1.1456691
127953.5,-0.13740651,2.5853703,-0.15706034
115960.805,-2.7995465,2.931908,0.17943764
120263.305,2.7378423,0.7917907,0.2294411
122833.81,-1.349684,3.2005873,0.25206843
119864.62,-1.2504158,2.4627612,-0.08976576
118410.04,-2.1017632,0.81743085,-0.08781002
118405.83,-1.3471798,2.5070343,0.42740417
128546.664,-3.041311,2.9420586,0.10000604
131404.34,-1.1315669,1.4633392,-0.092128254
119325.43,-2.4186046,3.0031874,0.4017832
122370.84,-0.4454181,1.5560964,0.08200359
123272.15,-3.205194,2.6795163,-0.15638807
115012.04,-2.2436383,2.71836,-0.16760339
118546.39,-0.6904373,2.110965,0.5022395
123189.11,-2.4491286,3.0503366,-0.6106067
118898.016,-1.1862687,2.5371523,-0.9427074
120713.5,-0.4714816,3.1650949,-0.40695488
122354.086,-4.037994,2.703708,-0.24715687
118389.44,-2.5454624,1.3840632,0.18020885
117907.37,0.5918132,2.731749,0.14711657
125639.13,-1.9545105,0.85653144,-0.1403065
128614.9,-2.0652835,2.8961513,0.33777103
121734.3,-0.19704984,2.2679954,0.19344456
124354.41,-2.7008946,1.5310558,-0.25714415
115474.555,-4.6647997,2.8238194,0.12117377
118910.75,-1.2012182,3.1534722,-0.46757084
119652.836,-2.5764601,2.9672327,0.092790395
120248.945,-4.3765097,2.7625802,-0.96404356
120098.29,0.31766146,1.6743003,0.17730698
116319.64,-2.7762802,1.821352,-0.532131
122578.25,-0.70523673,0.9255135,1.0575354
119500.555,-2.187507,2.991566,-0.23684478
132937.4,-1.7810355,2.7969978,-0.039046805
119568.54,-1.5193753,1.7431988,-0.055926103
124490.56,-2.5320225,2.5903974,0.06477654
121520.63,-2.166268,3.1685631,0.016518725
129715.58,-2.4489229,2.3660204,-0.13400035
121965.95,-3.1484554,0.6699375,0.42267737
121396.84,-0.95050186,2.8162227,0.0612012
121896.23,0.764223,1.5055008,0.5907468
132834.28,-3.932198,-0.123845056,-0.02516831
116785.18,-3.3483672,2.7719405,-0.47966045
124654.4,-1.1962936,2.8294253,0.10188876
123200.37,-2.266636,1.6131293,0.06774277
129735.01,-2.8043506,2.5875378,0.2650288
134604.56,-0.7670247,1.1911789,0.4395802
123084.4,-4.6710086,1.8294076,-0.0059223413
123823.59,-1.7042384,0.24818154,-0.36987543
128128.805,-1.6087508,2.5306747,0.0048933662
115423.06,-0.04911316,2.6905873,0.35098648
119397.15,1.7865123,2.054874,-1.5143796
124336.51,-2.8100183,2.9279652,-0.20533216
122901.81,0.037883844,1.093883,0.19292547
132317.73,-1.8427178,2.6873012,-0.3541193
121227.5,-0.283948,2.0293183,-0.2520857
122279.85,-1.9078919,2.811223,-0.04811001
117675.695,0.06229939,3.0076904,-0.49642056
118883.79,-1.2801259,2.1573346,0.28904358
131819.45,-1.569895,2.630307,-0.10642811
127722.2,-3.391396,3.2018812,0.13590305
116865.414,2.1165023,3.0574849,-0.16111456
117695.72,-1.6095771,1.872069,-0.002888162
125514.92,2.2419014,1.1668937,-0.6967217
117076.62,0.17193757,1.4152926,-0.2923686
130694.695,-0.6820207,2.5903797,-0.25610504
134416.66,-1.171056,2.0895634,1.0223674
119462.55,-2.4858093,2.759482,-0.30439982
119675.58,-1.423877,2.4950902,0.0886298
125300.15,-0.81966627,1.0655323,-0.1511085
121407.586,-2.4052272,1.8073409,0.12575454
118563.62,-5.2054954,2.9441907,-0.09371239
125181.984,-1.8938942,1.3576603,-0.27025533
126404.25,-1.5931774,1.4238656,-0.13807958
133619.1,-2.0403223,2.4153535,0.0017972044
124676.13,-2.0154452,2.0318196,0.099315286
117501.266,-1.2773561,1.5887345,0.23580389
123328.71,-2.1405053,1.7597287,0.12191161
117373.914,-3.430334,-0.2792125,-0.07521975
132887.97,-2.1624515,1.0937729,-0.008236864
116622.59,-1.0044384,1.7293699,0.022915473
124605.875,-3.8789659,0.9251092,-1.0174161
133108.86,-2.708958,2.8595848,-0.32431746
116250.37,-3.199228,2.2790184,-0.65974593
129261.1,-2.6615353,2.2522192,0.32460263
120077.84,-3.3460147,2.523203,0.6132818
126476.414,-1.4482884,3.0270746,-0.14285792
125513.95,-0.25232476,2.4917078,0.13678928
124473.15,-3.3542619,1.2059168,0.18984063
129558.35,-3.6935716,2.8269694,-0.21656238
123870.43,-2.2836528,3.0254476,0.026767349
122739.84,-4.1205297,1.3595015,-0.3245919
119165.64,-3.082222,0.9278622,0.5316736
133171.38,-2.697639,3.108526,0.35281736
131451.62,-3.029491,2.7518349,0.0036739733
122130.57,-0.80981183,2.7201397,-0.08583878
132383.6,-0.45744538,2.7613056,0.14669164
130336.22,-0.051877353,1.8139479,0.6449812
123083.41,-3.6703272,2.7034082,-0.17964147
125950.89,0.47382355,3.0483487,-0.042761307
125744.35,-0.87363726,1.6995682,0.044745352
127927.695,0.2395246,1.5261781,-0.18225309
130240.44,-1.8277464,1.4702754,0.24385032
118560.25,-0.6402541,2.374552,-0.15696827
121038.555,-1.3172579,2.1474745,0.41744578
119457.37,-1.9425813,0.9755921,0.091578156
133929.4,-1.3180807,2.1405308,0.098338455
122658.07,-1.1342195,1.7645911,-0.15490912
130373.86,-2.9303024,1.6020299,0.15528162
120150.48,-3.2051733,1.9405417,-0.036268305
122678.47,-3.2818308,2.9136443,0.039275963
134769.08,-0.16809264,2.4750943,0.06247483
122197.21,-1.7408324,3.0676794,-0.39921626
122409.47,-1.5629662,3.0226626,0.100362435
121406.58,-0.98626316,2.9024243,-0.4557953
118381.95,-1.5365112,2.7958388,0.2929926
120704.49,-0.6951436,-0.66500163,0.06628856
118448.83,-3.2687435,2.2408953,-0.16399944
117221.79,-1.8206111,3.045973,-0.18422283
129345.19,-2.0537174,1.9608506,0.5977509
121701.16,-0.46794215,2.746466,-0.26777273
116955.4,-0.8872991,1.4602568,1.6058965
132118.95,-2.7536893,2.2383733,0.0115505615
134204.78,0.327374,1.5751687,-0.44722825
127116.914,-0.89219517,0.65440065,-1.1221013
121056.39,-1.6683686,0.48443034,0.43669862
133221.9,-1.2344241,1.0508881,0.124425486
125784.766,-1.6006831,1.6258938,0.4105222
118505.516,5.054602,1.4061797,0.17944121
134377.44,0.89041907,2.4872499,-0.32601812
124817.445,-2.7884877,1.4069536,-0.06532455
128519.72,-1.6738712,2.5183384,-0.057157118
119115.39,-1.9693453,2.9930649,0.048585903
123391.43,-2.214984,1.9933205,0.07100283
123787.336,-0.89843714,2.801961,-0.12916777
128980.04,-1.3897878,2.9511635,-0.38770446
128137.29,-2.408681,1.3537303,-0.83087164
119852.83,-0.063558534,2.6466994,0.13741149
134302.05,-0.11113806,3.054174,-0.704896
116203.945,-2.2851877,2.8717306,-0.33024755
128235.41,0.75087106,2.7906296,0.11087091
124674.02,1.5086257,3.410088,-0.4656002
119782.92,-0.23515618,2.1434324,0.7189589
117792.6,0.2924865,1.4057577,-0.23610248
131477.84,0.8186782,0.6686523,0.12595181
133253.1,-1.5224271,2.0845394,0.6834058
134782.47,-3.0748856,1.7476453,0.08713566
120494.984,-2.6436276,0.65249085,0.3169579
115017.38,-3.7894158,-0.025431994,-0.16157436
129835.76,-3.7488077,2.218767,0.012887365
131467.23,-3.7747886,2.04933,-0.30002108
121507.36,1.2333361,1.9808007,-0.06552689
131447.53,0.8131994,0.74727803,-0.19265816
133389.89,-1.9714452,1.985206,-0.13312067
128829.59,-2.395175,2.0228217,-0.18231001
132109.17,-1.7230357,3.0883384,-0.15695843
131301.39,1.6187905,2.7501056,-0.1567397
121530.73,-2.1791542,3.1303074,-0.27644345
127442.83,-1.6415433,3.4353478,-0.26408923
117096.695,-3.3942385,2.9272337,-0.05150774
122482.96,-2.408619,2.5374277,-0.47019318
124381.81,-1.3251272,3.3382452,-0.32060474
133065.23,-2.3546073,1.4675468,-0.23118289
121658.53,-2.4201417,2.8335423,0.43758306
119674.9,-1.8536812,1.6008424,-0.34147093
121375.47,-0.2604689,0.6471674,0.15584184
127606.625,-1.4552357,2.807321,-0.77094823
126580.805,-1.1071066,2.416996,-0.5026108
125626.11,-3.5687525,2.1351526,0.103012204
125729.18,-3.531079,1.7781303,0.08083963
131999.86,-2.9712222,1.3056182,0.13581185
129830.836,-2.9495804,2.5303872,-0.35852364
129320.36,-3.8384504,0.8775944,-0.18682641
133335.19,-1.8836217,2.7667837,0.048807614
134721.86,-0.36699986,1.7572813,-0.39629176
122872.27,-2.1967442,2.5673342,0.3934936
129679.945,-2.5214105,2.3744688,0.7684004
125291.3,-0.7344209,3.1636167,-0.13108596
122001.72,-0.7805646,1.4486388,0.27315927
128319.64,-3.0052018,3.0739737,0.6397294
115380.836,-2.8848636,2.107469,-0.21783333
130027.695,-3.2954602,1.1248559,-0.25613603
132888.38,-1.9604322,0.9447826,-0.015434025
126612.33,-0.09307885,0.13585721,-0.12720518
119198.88,0.025264505,0.5333527,0.470782
129250.21,3.603004,2.4910717,-0.24112457
116581.97,-1.8685157,1.9950863,0.30329365
115073.17,-3.232853,1.9096483,0.3551429
115974.43,-2.1555362,2.7196538,-0.10071616
132167.19,-2.9815683,3.1613069,-0.23591205
130326.17,-3.33724,2.5642667,-0.30392152
120574.83,-2.4592643,2.8359885,-0.50186193
125005.17,-1.3493677,2.9441586,0.09276358
121311.22,-1.6802179,0.96361506,-0.3521257
120107.57,-3.6971087,2.4327831,-0.1719106
117139.23,0.23412262,2.9712508,-0.3207466
131993.11,-2.6034074,2.445169,0.01607829
126991.71,1.8896966,1.9463762,-0.4921491
124400.93,-1.9479551,1.3147866,-0.07674757
121575.85,-1.2220392,1.7847527,-0.24946663
123502.97,-1.1373388,1.1886475,-0.6413412
115875.9,-2.070714,0.21239106,0.5723701
115138.37,-3.3813686,3.019924,-0.22147453
126129.4,-1.6069636,3.1308064,-0.038944
117454.195,-1.3054069,2.345295,-0.4985068
116530.945,-2.2742662,0.5231571,-0.021904675
118589.75,-3.346645,0.78236586,-0.609963
121552.72,-2.231464,2.8914783,-0.23006988
122379.45,-2.1393044,1.8978775,0.0109986765
118011.414,-0.93888783,2.5438237,0.31923458
123023.48,-0.8425995,1.0582713,0.06245397
115723.125,0.08091792,1.7370209,0.41040954
115356.03,0.8771526,2.620374,-1.4985154
115248.7,-2.0514753,3.3258047,-0.5153754
126010.67,0.12572877,1.15883,-0.07247999
123300.055,-0.76375663,1.3580589,0.09264557
128569.14,-1.9919276,0.115828946,-0.019667929
115667.4,-1.9068042,0.48550686,0.5879934
117065.77,-1.6148401,1.2946949,-0.67064244
115803.76,-0.8150674,0.45487416,-0.1038296
123389.85,-2.73908,3.1042483,0.21349363
122169.44,-2.5383341,1.2794232,0.35908714
131454.44,0.71378624,0.14556366,-0.21679392
130400.125,-3.4519234,2.4480395,-0.259619
123292.45,-2.6543186,3.0130775,-0.18769835
131728.03,0.61641955,2.8276124,0.14357819
115997.414,-1.4614867,2.842282,0.35085475
117724.586,-2.033154,2.4732115,-0.47153118
117776.17,-2.257566,2.4751341,-0.29160362
134068.53,-1.264276,3.1518552,0.16907518
131464.38,-1.5414623,3.0173388,-0.026853172
120605.07,-0.13394351,2.059985,0.12303564
120350.55,-1.3286811,2.5214195,-0.025943693
117809.32,-3.617889,2.8445287,-0.027873207
127923.27,-2.2777433,2.4335754,-0.29214987
122897.67,-0.45946944,2.300223,0.100784995
121683.86,-0.05636908,1.5277604,0.11250631
130577.16,-2.4445615,2.9685457,-0.2805224
117648.555,-3.958306,-0.13551353,0.051587306
116156.12,-1.0004512,0.0059909215,-0.43061894
128996.75,-0.65809256,1.3087084,0.25490293
119600.48,-1.990923,1.3210112,-0.10662926
130189.44,-1.8797158,1.9304404,-0.3291289
118314.54,-2.1983137,1.9449662,-0.2557734
133941.89,-3.0763686,0.9822675,-0.52371836
133379.67,-2.6726604,2.394624,0.12275612
115445.96,-1.4641255,2.0334826,0.00865942
115914.055,-1.3551941,0.7202035,-0.3277006
116799.016,-2.828836,2.220334,-0.5318885
125323.766,-0.4190556,2.8809705,-0.4023461
123351.13,-0.5149066,2.0779848,-0.13346067
123442.63,-0.94744563,2.6749287,-0.06704964
116954.18,-3.8081594,2.715956,0.37277403
132962.89,-2.1510901,0.07315407,-0.03683807
119326.56,-1.4427228,2.8953857,0.26536313
129175.82,-1.17031,2.7700627,0.12336105
127055.16,-3.740899,1.5942619,0.35590875
125488.734,-4.950632,-0.1397181,-0.20489709
120915.73,-2.8337219,2.1411903,-0.006027235
120690.0,-2.3446846,1.9364879,0.3510681
131202.8,-2.344654,0.39186224,0.058674805
116213.9,0.231003,1.9139874,0.6264996
134618.25,-2.4242802,2.1780884,-0.19595547
118492.89,-0.5498151,2.148978,0.26288262
115970.914,-1.5498345,2.739037,-0.008253849
117828.86,-3.7258196,1.6822618,-0.25424615
134890.61,-2.1990135,1.4002781,-0.1944816
123481.75,-0.9558026,2.8988953,-0.17716245
118564.72,-0.5923298,0.7000185,0.11703284
132134.34,-1.9118756,2.6575544,0.42018077
116047.766,-0.5595707,1.9714562,-0.25078288
123755.625,-1.4336509,2.7571769,0.23448436
126501.625,1.1288313,1.0848858,-0.50285727
117271.81,-2.3392525,2.3116689,-0.18324153
125556.625,-0.20842622,1.8071856,-0.16778815
130215.625,-1.7726741,2.1332257,0.18417574
125762.08,-1.2820442,1.72257,-0.00056380546
115363.15,-1.781693,1.8702099,-0.08765685
131823.44,-2.4859686,3.0188518,-0.076420076
117753.664,0.55186224,2.6606667,-0.11241929
120892.92,-2.8648834,1.1575252,0.27888376
127320.3,0.47664768,2.9320943,-0.31418177
123822.88,-1.8385326,2.610068,0.40885282
119390.63,-2.2634964,2.9437456,-0.12268043
122753.086,0.67362934,2.46319,0.16044526
131218.7,-0.9352902,2.8531284,-0.030610882
122567.62,-2.9430695,2.630329,-0.045508217
131926.03,-1.708737,0.42254102,-0.05136649
134552.86,-1.613413,3.0395331,-0.2555448
130723.08,0.76058537,2.7301867,0.06784946
126041.69,-2.056599,2.423307,0.43487966
133374.98,-0.88562185,2.0411208,-0.36227748
122165.14,-0.4610227,2.6461434,-0.6325292
125453.32,-1.6561251,2.887236,-0.693883
128464.98,-1.1230335,3.0865777,0.15205553
115409.914,-2.0810635,2.338203,-0.012711548
124976.336,-4.35593,1.5552186,-1.1521007
128835.52,-2.2083037,1.7205133,0.2898541
124958.68,-3.4134634,1.1658095,-0.081000246
129065.34,-2.7994866,0.9738209,-0.4128227
134194.78,-4.6958957,3.015178,-0.410279
133123.16,-1.180221,3.252428,-0.5373826
132041.88,-0.65599996,2.8463144,-0.5916423
125028.29,-2.0496464,2.8362753,0.02047192
128266.37,-1.2716056,0.3359439,0.52605104
132623.38,1.6856085,3.0366223,-0.16761501
123367.81,-2.1978374,2.6305528,0.55659664
123962.37,-0.20890632,2.4863224,-0.05912239
123047.67,-1.0185708,1.7139908,0.25272757
119251.38,-2.166046,1.3606669,0.20597881
125446.15,-3.1086318,2.265762,0.0523162
132835.86,-1.974237,2.8449628,0.04559881
125877.85,-2.2351704,2.6375997,-0.48394623
133170.89,-1.2228421,3.0986836,-0.5712148
120932.88,-1.2474195,2.567051,0.5812015
125888.81,-1.6381141,2.8407555,-0.2837667
121917.87,-0.41361678,2.857215,-0.1646446
134333.19,-2.6843348,2.2031863,-0.097173296
116566.555,0.32385764,2.83016,-0.3233898
125520.02,0.9314219,2.5755136,-0.20869085
125128.74,-2.2452054,0.41320378,-0.018288812
117430.664,-2.0201867,1.9020107,-0.17483899
130508.26,0.356977,1.9931344,0.049300496
125318.086,-2.3829987,3.299911,-0.7327391
116903.42,-1.1773599,2.586767,-0.2700473
130225.555,-0.14822839,2.8012304,-0.09364415
122301.19,-2.6395407,1.0167863,0.06403036
121492.375,-0.31445745,2.7310362,0.07215667
130791.92,-2.7358694,2.240751,-0.5951467
115563.65,-2.2026608,2.622831,0.42732012
129935.125,-2.354364,2.7515366,0.62012607
129880.555,-2.1256475,2.1719327,-0.06853693
119813.12,-0.29737327,2.07532,0.098953515
133411.69,-1.4868507,1.7358874,0.09477266
117191.516,-2.471188,1.3909142,0.26357874
126284.0,-2.7817323,2.9736311,-0.38917118
120701.28,-0.119487464,0.08511054,0.21766853
119375.27,0.19675125,0.4555752,0.25916308
124392.0,-3.4177337,1.5119733,-0.077657945
120510.984,-0.94436353,2.6859365,0.90624785
119005.96,-1.8606985,2.5667882,-0.09376484
115769.27,-3.1981652,0.68089,-0.041051116
124468.836,-1.7449061,1.2221375,-0.53605384
120113.89,-2.6997,2.7922876,0.23015688
124323.21,-2.6043513,0.88928324,-0.29724616
126612.29,-2.0557692,2.250659,-0.118653335
133371.11,-2.3710954,2.1645749,-1.6179527
118218.305,-1.9748431,2.8777938,0.28761795
118996.35,-1.037283,2.5919259,-0.41643053
125453.82,-1.6631396,2.6561625,-0.19729525
121191.3,-0.008049085,0.9395232,0.044156514
118224.5,-2.7929447,2.7516208,0.1726535
131510.81,1.2888913,3.2127364,0.23848344
121053.95,-0.6578494,2.7345257,0.028219178
124186.836,-2.2897031,2.0228546,0.056582287
133673.66,-2.0361066,2.4785557,-1.021668
121257.914,-1.623193,2.4203882,-0.4120649
131291.98,-3.0905988,1.1591208,-0.13158362
122901.85,-2.9171627,2.163098,-0.18219617
119620.984,-1.5431802,1.9109048,-0.4626611
125865.28,-1.4431844,2.2974617,-0.7992303
128575.5,-0.818611,1.5233239,-0.18606026
120485.945,-1.2033285,3.0773373,0.042476423
134043.4,-1.6570243,1.1857698,0.012235353
123803.95,-2.4952946,1.5670074,1.4508398
130976.266,-3.0973427,2.3881547,-0.193649
116928.016,-0.011166293,2.018196,-0.14804572
117335.06,-3.3086874,2.9482336,0.09814536
129077.85,1.1178144,1.8142359,0.11586589
128909.63,-1.3915694,2.9135993,-0.12464302
125273.12,-1.1361933,2.488597,0.75456923
125743.12,-4.0291786,1.8092301,0.40148044
130699.71,-0.8015068,2.9183016,0.03255559
132347.05,-4.5241747,2.121287,0.6458204
115192.42,-2.6099348,3.0681798,0.021043472
125918.38,-0.9894427,1.7760317,0.017204111
118804.03,-3.97795,3.052056,0.30772722
116054.664,-0.8981468,2.2076538,-0.28668165
121004.38,-1.9579638,1.6022991,-0.00020949008
127645.87,-3.1100473,2.9790156,-0.20232719
117080.12,0.97714436,0.24469355,0.08483216
127019.484,0.18541104,1.4616069,0.10812042
117203.75,2.3241413,0.8266556,-0.0881247
123987.97,-2.974164,2.2781625,0.5539487
116436.17,-3.4408984,3.1260235,-0.3176734
133675.42,-2.781101,1.3222028,-0.22431232
115059.836,-3.8472989,-0.77887875,-0.27747542
120811.805,-2.3464913,0.5756847,-0.1048404
131488.45,-3.5875266,2.3237572,-0.038861454
130448.83,-0.528026,0.51225626,0.22771989
129555.414,1.0667268,2.641966,-0.36119637
117471.0,0.4345793,2.7206852,0.2712807
122574.516,-1.7332861,2.406255,0.08743961
125786.375,-0.8123118,2.984524,-0.14074008
131340.42,-1.4919679,2.8997662,-0.41179344
123720.97,-0.72446626,2.0714486,0.012827766
129952.98,-3.4066067,1.6616399,0.5551937
128967.1,-0.053896602,0.6664642,-0.49135646
117840.9,-0.7023665,0.17027579,0.09648612
132174.69,1.7350609,3.020821,0.32210007
126666.04,0.09095491,2.9974847,-0.66252357
118975.48,0.81595737,0.18322827,-0.7521054
125014.836,0.7600081,2.4093637,-0.32701105
115027.21,-0.9184185,1.2924166,-0.051536944
115939.45,-0.70598894,2.2815976,-0.2069777
132310.39,-0.57301456,3.02201,0.2290555
119527.32,-0.7386726,1.6573972,0.0015862243
128464.86,-0.28478423,2.7715662,-0.039878804
133123.22,-1.6021602,1.3918514,-0.11241691
128896.26,-2.699776,0.29681405,-0.09722277
131114.31,-2.5132544,2.3953023,1.0673448
132491.1,-3.425779,3.2927127,0.4522867
125819.97,-0.12533064,2.4459708,-0.015733212
126824.26,-2.6716092,3.123384,0.112688676
120940.35,0.016873425,3.2718751,-0.31272042
115721.24,-2.613042,2.7784636,-0.55153555
116294.62,-3.463314,2.9722912,-0.22461925
119087.68,-1.9434396,2.8056045,-0.63622165
119234.375,-1.1424118,2.6385107,-0.101221256
134784.89,-4.311673,2.7460542,-0.2282548
121579.47,3.7492657,1.9500835,0.24730408
124141.2,-4.127347,0.5896968,0.1330262
120676.18,0.3664037,2.0222332,-0.30960876
127397.3,0.6408558,2.4844618,-0.23431152
122137.086,-1.4119272,1.7091557,-0.28510407
128760.23,-2.8823254,1.1313821,-0.501985
126496.16,-3.3697784,3.0975995,-0.13000305
124582.83,0.7961734,3.1038332,-0.3804313
126355.375,0.3264882,2.9599407,-0.15505633
125618.664,-1.7079952,2.9440577,-0.08427938
132291.44,-0.9103804,0.93277776,-0.46660027
118501.28,1.2906884,1.1495533,0.9180287
119652.234,-2.6244535,2.9344316,0.16113602
122149.72,-2.9828227,3.0149384,-0.60284567
133914.52,-2.882134,2.0988564,-0.17597644
125490.94,-1.2051524,0.34131548,-0.34396067
127327.445,-2.6020331,1.0399064,-0.42682338
130832.23,-0.6679711,2.2444575,0.09288933
130097.36,-3.0661974,2.4242487,0.06082394
123415.87,-1.5015917,0.92724764,-0.10857308
119544.84,-1.7427849,1.279711,-0.43228054
128340.95,-0.572376,2.7400348,-0.34154063
119160.91,-2.895074,2.5930934,0.53230834
122205.555,-2.9614296,0.6121114,-0.41669217
116437.77,-1.9085176,2.4820883,0.034636784
123905.29,-0.9247855,2.927202,0.05141983
124837.94,-0.48540312,2.8164194,0.09901133
122116.445,-1.1168405,1.3748392,-0.004797114
119781.36,-2.6983023,1.9332303,-0.46875805
123975.82,-2.0018964,2.350628,-0.2567806
123684.54,-2.2522829,2.6872513,-0.21304187
132630.6,-3.2393537,1.919293,0.36207604
131487.61,-0.8255508,0.6237147,-0.12089276
124093.96,1.1436359,1.7001747,-0.16473132
125473.84,0.12083925,0.7833589,-0.26492688
134116.7,-1.5672486,1.075078,-0.045074042
119113.62,-2.489645,1.8745409,-0.37439752
123081.266,-0.45761138,1.983191,-0.044278394
123108.85,-3.8326316,2.7546854,-0.5022857
118167.766,-3.612846,0.07023405,-0.025721686
125000.805,-1.9957303,0.28034794,0.24663478
126962.37,-3.7556784,2.9454415,-0.08682813
126186.26,-0.73442954,0.9600166,-0.23770538
118295.75,0.09128381,2.045349,-0.28630203
116605.74,-3.6493425,0.20642528,0.20822926
129567.3,-2.9926043,0.88568777,-0.1202187
115596.66,-2.3610342,1.2760034,-0.9872233
115627.41,1.3318716,1.8482652,-0.42329094
132789.33,-2.123898,0.86171436,-0.008965461
121040.305,-2.3971102,2.8683193,-0.38391635
132575.78,-0.62604225,2.9352584,-0.05390838
115180.62,-1.8486156,1.3261983,0.36652985
119400.94,-2.564313,3.2108502,0.19298387
132911.95,-2.0099814,2.810844,0.13767134
120067.46,-3.1134903,1.3481641,-0.06692001
126554.67,-3.5634627,1.6785765,-0.023014408
127579.34,-1.1425176,2.8895712,0.16350745
121082.72,0.4987323,2.0383184,-0.28460464
116186.78,-2.4952567,2.3236017,-0.1001145
123494.86,-2.5021083,0.7773783,-0.18942045
129708.484,-1.6913195,2.2975578,-0.003581595
120465.31,3.0300114,1.1918675,-0.0798038
126858.984,-5.373339,2.6874912,0.15014717
128753.83,-0.811643,2.57872,0.5639524
123848.77,2.2980533,1.72213,0.35337043
123736.055,0.99450165,1.7628428,0.058614608
128470.586,1.7067667,1.826659,-1.4041101
116960.516,-3.293183,2.9868197,-0.018868113
118041.59,-1.0156401,2.4625387,0.020558337
117659.54,-3.016305,2.6401656,0.19349642
132215.66,-2.7075965,1.9949303,0.0329555
124521.39,-0.5617501,3.1500638,-1.0326985
134274.81,-3.6989684,3.004025,-0.051397484
117741.72,-1.4780523,3.1419623,0.1265466
123055.23,-1.9284621,2.840563,0.41298124
118482.0,-0.8521254,1.5348266,-0.26892477
117516.875,-4.666591,0.90659434,-0.1768442
124262.83,0.79532546,1.9352623,-0.03814388
121661.625,-3.0117276,2.7087653,0.09755593
129349.37,-1.0624231,3.2214193,-0.06990204
121116.61,-0.57967705,1.8419553,0.090852834
117016.555,-0.6324743,1.2949355,0.36143416
126650.734,-2.024331,1.1782533,0.09575544
131066.02,-2.9939187,2.0120766,0.2669127
134523.48,-1.2667154,2.6196222,-0.67379427
134384.67,-1.1829989,1.0081701,0.26808444
115326.484,-4.5502596,2.6790185,0.4898048
119964.52,-3.1455653,2.8095138,0.27139097
126149.54,-2.0811193,1.756822,-0.5343844
124499.96,-1.4670485,1.827354,0.61876786
127353.07,-3.0546224,1.809144,-0.013849291
132181.12,-0.7417526,2.89963,-0.043538474
116420.8,0.012770187,2.6500752,-0.21629687
125285.52,-0.50663847,2.7110264,0.059496075
118900.86,-1.8341964,2.5683763,-0.37865764
122550.32,-1.0719432,0.17275545,0.044616617
124422.11,-1.7080861,3.3139203,0.5631013
131854.81,-2.1996555,2.268939,-0.84317195
131654.95,-0.21455559,1.3944205,0.19418539
117706.72,-2.2387185,2.9908144,-0.24580696
116959.15,-2.3501482,1.9296029,-0.113916114
120252.91,-1.7232434,2.8653364,-0.26891643
118973.45,-0.5234079,1.5204631,-0.31295553
129255.59,-2.6006756,2.419925,-0.67918414
132603.16,1.1112342,1.9353704,-0.15972263
118471.65,-0.4319577,1.8387023,-0.21958017
131940.64,-3.4326906,2.629346,-1.3377726
122763.8,-2.0811405,1.5789121,0.64891297
116644.61,-2.2096105,2.4064138,0.27745634
131603.4,-2.71185,2.2619314,-0.04397027
118367.03,-2.958693,3.0606685,-0.15664464
126400.93,-0.45972946,2.541282,0.6961868
120014.734,-2.8516073,1.2971224,0.5590206
117740.164,0.40968367,1.588566,0.049470354
123079.695,-1.4975996,2.2668715,-1.7534817
121799.805,-2.127427,2.8058455,0.09946488
125588.98,-2.818846,1.6006262,-0.22395651
127623.266,-0.9188952,1.9271055,-0.6378702
117103.02,-3.0437205,2.5254734,-0.85376656
129239.49,0.20915258,2.023085,-0.22381556
131121.66,-0.10954726,1.5872597,-0.0623303
123008.58,-1.3917805,1.5043837,-2.6516743
120654.22,-2.6644413,1.0280257,0.15110672
131438.5,-0.60862535,2.5489268,-0.15786284
132428.45,-0.28836843,2.6316164,-0.02471804
132653.08,-1.6735516,0.06862079,-0.32108483
133210.73,-1.174052,2.8925765,-0.16088273
117918.17,-2.3715162,1.6525817,-0.27160016
120839.07,-3.2833362,1.0593444,-0.12398058
125123.41,-1.0064356,2.9187453,0.1127298
116384.06,-2.1542385,1.9288757,0.101054974
129858.97,-1.8013391,2.1131094,-0.35105294
132219.36,-1.862376,3.172667,0.3225727
115177.945,-0.17259675,1.2986087,-0.04818093
